model_code,source_file,source_sheet,source_row,entry_type,category,path,path_root,leaf_name,is_multi_instance,param_name,name_zh,importance,northbound_index,northbound_mapping,access,data_type,value_range,default_value,description,source,remark,revision_note,revision_time
CMCC_NR_V1.7,NR v1.7.xlsx,SL,13,parameter,5G邻区参数管理,Device.Services.FAPService.{i}.CellConfig.{i}.NR.RAN.NeighborList.NRCell.{i}.Blacklisted,Device,Blacklisted,Y,Blacklisted,禁止切换标识,A,,,RW,boolean,,,"邻小区是否可以被UE作为切换目标，
1=禁止向该小区切换；
0=允许向该小区切换",3GPP TS38.331,,,
CMCC_5G_EXT_PICO_V1.9.4,中国移动5G扩展型皮基站网管南向接口数据模型规范v1.9.4.xlsx,SL,3,parameter,5G邻区参数管理,Device.Services.FAPService.{i}.CellConfig.{i}.NR.RAN.NeighborList.NRCell.{i}.CID,Device,CID,Y,CID,邻区CID,A,AI,Tci,RW,unsignedLong[1:68719476735],,,邻区CID（36bit）,3GPP TS38.331,,,
CMCC_5G_EXT_PICO_V1.9.4,中国移动5G扩展型皮基站网管南向接口数据模型规范v1.9.4.xlsx,SL,13,parameter,5G邻区参数管理,Device.Services.FAPService.{i}.CellConfig.{i}.NR.RAN.NeighborList.NRCell.{i}.CIO,Device,CIO,Y,CIO,小区独立偏移量,A,,,RW,"int[-24:-8, -6:6, 8:24]",,,邻区的小区独立偏移量，-6到6区间的步长为1dB，其他区间步长为2dB,3GPP TS38.331,,,
CMCC_5G_EXT_PICO_V1.9.4,中国移动5G扩展型皮基站网管南向接口数据模型规范v1.9.4.xlsx,SL,5,parameter,5G邻区参数管理,Device.Services.FAPService.{i}.CellConfig.{i}.NR.RAN.NeighborList.NRCell.{i}.NRCarrierARFCN,Device,NRCarrierARFCN,Y,NRCarrierARFCN,NR邻区载频的ARFCN,A,,,RW,unsignedInt[0:3279165],,,NR邻区载频的ARFCN,3GPP TS38.331,,,
CMCC_5G_EXT_PICO_V1.9.4,中国移动5G扩展型皮基站网管南向接口数据模型规范v1.9.4.xlsx,SL,14,parameter,5G邻区参数管理,Device.Services.FAPService.{i}.CellConfig.{i}.NR.RAN.NeighborList.NRCell.{i}.NoHOEnable,Device,NoHOEnable,Y,NoHOEnable,禁止切换标识,A,,,RW,boolean,,,"邻小区是否可以被UE作为切换目标，
1=禁止向该小区切换；
0=允许向该小区切换",<<5G NR扩展型皮基站设备规范—SON分册>>,,,
CMCC_5G_EXT_PICO_V1.9.4,中国移动5G扩展型皮基站网管南向接口数据模型规范v1.9.4.xlsx,SL,15,parameter,5G邻区参数管理,Device.Services.FAPService.{i}.CellConfig.{i}.NR.RAN.NeighborList.NRCell.{i}.NoRemoveEnable,Device,NoRemoveEnable,Y,NoRemoveEnable,禁止删除标识,A,,,RW,boolean,,,"该标志位被设置后， 该邻区不允许被删除，
1=禁止删除该邻区；
0=允许删除该邻区",<<5G NR扩展型皮基站设备规范—SON分册>>,,,
CMCC_5G_EXT_PICO_V1.9.4,中国移动5G扩展型皮基站网管南向接口数据模型规范v1.9.4.xlsx,SL,16,parameter,5G邻区参数管理,Device.Services.FAPService.{i}.CellConfig.{i}.NR.RAN.NeighborList.NRCell.{i}.NoXnEnable,Device,NoXnEnable,Y,NoXnEnable,禁止建立Xn标识,A,,,RW,boolean,,,该参数表示是否允许本小区与该邻区是否可建立Xn连接。1=禁止向该小区建立Xn连接；0=允许向该小区建立Xn连接,<<5G NR扩展型皮基站设备规范—SON分册>>,,,
CMCC_5G_EXT_PICO_V1.9.4,中国移动5G扩展型皮基站网管南向接口数据模型规范v1.9.4.xlsx,SL,2,parameter,5G邻区参数管理,Device.Services.FAPService.{i}.CellConfig.{i}.NR.RAN.NeighborList.NRCell.{i}.PLMNID,Device,PLMNID,Y,PLMNID,邻区PLMN ID,A,AI,PlmnIdList,RW,string(6),,,邻区PLMN ID，由MCC和MNC组成,3GPP TS38.331,,,
CMCC_5G_EXT_PICO_V1.9.4,中国移动5G扩展型皮基站网管南向接口数据模型规范v1.9.4.xlsx,SL,8,parameter,5G邻区参数管理,Device.Services.FAPService.{i}.CellConfig.{i}.NR.RAN.NeighborList.NRCell.{i}.PhyCellID,Device,PhyCellID,Y,PhyCellID,邻区物理小区ID,A,AI,nRPCI,RW,unsignedInt[0:1007],,,NR邻区PCI,3GPP TS38.331,,,
CMCC_5G_EXT_PICO_V1.9.4,中国移动5G扩展型皮基站网管南向接口数据模型规范v1.9.4.xlsx,SL,12,parameter,5G邻区参数管理,Device.Services.FAPService.{i}.CellConfig.{i}.NR.RAN.NeighborList.NRCell.{i}.QQualMinOffsetCell,Device,QQualMinOffsetCell,Y,QQualMinOffsetCell,小区专用最低接入信号质量偏移值,A,,,RW,"unsignedInt[1:8, 0x0000000F]",,,"取值范围：(1..8, 0x0000000F)
0x0000000F代表这个参数不存在",3GPP TS38.331,,,
CMCC_5G_EXT_PICO_V1.9.4,中国移动5G扩展型皮基站网管南向接口数据模型规范v1.9.4.xlsx,SL,11,parameter,5G邻区参数管理,Device.Services.FAPService.{i}.CellConfig.{i}.NR.RAN.NeighborList.NRCell.{i}.QRxLevMinOffsetCell,Device,QRxLevMinOffsetCell,Y,QRxLevMinOffsetCell,小区专用最小接收电平偏移量,A,,,RW,"unsignedInt[1:8,0x0000000F]",,,"取值范围：(1..8,0x0000000F)
0x0000000F代表这个参数不存在",3GPP TS38.331,,,
CMCC_5G_EXT_PICO_V1.9.4,中国移动5G扩展型皮基站网管南向接口数据模型规范v1.9.4.xlsx,SL,10,parameter,5G邻区参数管理,Device.Services.FAPService.{i}.CellConfig.{i}.NR.RAN.NeighborList.NRCell.{i}.Qoffset,Device,Qoffset,Y,Qoffset,小区特定偏移量,A,AI,QOffsetCell,RW,"int[-24:-8, -6:6, 8:24]",,,邻区的小区特定偏移量，-6到6区间的步长为1dB，其他区间步长为2dB,3GPP TS38.331,,,20221118-修订
CMCC_5G_EXT_PICO_V1.9.4,中国移动5G扩展型皮基站网管南向接口数据模型规范v1.9.4.xlsx,SL,9,parameter,5G邻区参数管理,Device.Services.FAPService.{i}.CellConfig.{i}.NR.RAN.NeighborList.NRCell.{i}.TAC,Device,TAC,Y,TAC,邻区TAC,A,AI,nTAC,RW,unsignedInt[0:16777215],,,TAC（24bit）,3GPP TS38.331,,,
CMCC_5G_EXT_PICO_V1.9.4,中国移动5G扩展型皮基站网管南向接口数据模型规范v1.9.4.xlsx,SL,4,parameter,5G邻区参数管理,Device.Services.FAPService.{i}.CellConfig.{i}.NR.RAN.NeighborList.NRCell.{i}.gNBIdLength,Device,gNBIdLength,Y,gNBIdLength,邻区gNBId长度,A,,,RW,unsignedInt[22:32],,,邻区gNBIdLength,3GPP TS38.331,,,20231020-增加gnbIDlength
CMCC_5G_EXT_PICO_V1.9.4,中国移动5G扩展型皮基站网管南向接口数据模型规范v1.9.4.xlsx,SL,6,parameter,5G邻区参数管理,Device.Services.FAPService.{i}.CellConfig.{i}.NR.RAN.NeighborList.NRCell.{i}.ssbFrequency,Device,ssbFrequency,Y,ssbFrequency,SSB频点号,A,AI,ssbFrequency,RW,unsignedInt[0:3279165],,,NR邻区载频的SSB ARFCN,3GPP TS38.331,,,
CMCC_5G_EXT_PICO_V1.9.4,中国移动5G扩展型皮基站网管南向接口数据模型规范v1.9.4.xlsx,SL,7,parameter,5G邻区参数管理,Device.Services.FAPService.{i}.CellConfig.{i}.NR.RAN.NeighborList.NRCell.{i}.ssbSubcarrierSpacing,Device,ssbSubcarrierSpacing,Y,ssbSubcarrierSpacing,SSB子载波间隔,A,,,RW,unsignedInt[0:4],,,"子载波间隔，取值范围：{0, 1, 2, 3, 4}
0代表kHz15，1代表kHz30，2代表kHz60，3代表kHz120，4代表kHz240.",3GPP TS38.331,,,
CMCC_TD_LTE_V2.3,中国移动TD-LTE皮站_飞站基站设备网络管理南向接口数据配置模型规范V2.3.xlsx,SJ,8,parameter,A1事件测量控制参数,Device.Services.FAPService.{i}.CellConfig.LTE.RAN.Mobility.ConnMode.EUTRA.A1MeasureCtrl.1.A1ThresholdRSRP,Device,A1ThresholdRSRP,Y,A1ThresholdRSRP,A1事件RSRP门限,B,AT,A1ThresholdInterFCo,RW,unsignedInt[0:97],,,"用于EUTRA测量中,触发量为RSRP时,A1事件触发条件的绝对门限",NRM数据配置要求,,,
CMCC_TD_LTE_V2.3,中国移动TD-LTE皮站_飞站基站设备网络管理南向接口数据配置模型规范V2.3.xlsx,SJ,9,parameter,A1事件测量控制参数,Device.Services.FAPService.{i}.CellConfig.LTE.RAN.Mobility.ConnMode.EUTRA.A1MeasureCtrl.1.A1ThresholdRSRQ,Device,A1ThresholdRSRQ,Y,A1ThresholdRSRQ,A1事件RSRQ门限,B,,A1ThresholdInterFCov,RW,unsignedInt[0:34],,,"用于EUTRA测量中,触发量为RSRQ时,A1事件触发条件的绝对门限",,,,
CMCC_TD_LTE_V2.3,中国移动TD-LTE皮站_飞站基站设备网络管理南向接口数据配置模型规范V2.3.xlsx,SJ,7,parameter,A1事件测量控制参数,Device.Services.FAPService.{i}.CellConfig.LTE.RAN.Mobility.ConnMode.EUTRA.A1MeasureCtrl.1.Enable,Device,Enable,Y,Enable,使能开关,B,,,RW,boolean,,,是否启用该表项,,参数路径中最后一个多实例节点（{i}）序号1～10为系统保留段，若厂商对A1测量事件有其它用途，则从A1MeasureCtrl.11.开始定义,新增使能开关,
CMCC_TD_LTE_V2.3,中国移动TD-LTE皮站_飞站基站设备网络管理南向接口数据配置模型规范V2.3.xlsx,SJ,10,parameter,A1事件测量控制参数,Device.Services.FAPService.{i}.CellConfig.LTE.RAN.Mobility.ConnMode.EUTRA.A1MeasureCtrl.1.Hysteresis,Device,Hysteresis,Y,Hysteresis,迟滞值,B,,A1HysteresisInterFCov,RW,unsignedInt[0:30],,,进入和离开上报触发事件条件的滞后值,,,,
CMCC_TD_LTE_V2.3,中国移动TD-LTE皮站_飞站基站设备网络管理南向接口数据配置模型规范V2.3.xlsx,SJ,11,parameter,A1事件测量控制参数,Device.Services.FAPService.{i}.CellConfig.LTE.RAN.Mobility.ConnMode.EUTRA.A1MeasureCtrl.1.MaxReportCells,Device,MaxReportCells,Y,MaxReportCells,最大上报小区数,B,,,RW,unsignedInt[1:8],,,测量报告中包含小区的最大数目,,,,
CMCC_TD_LTE_V2.3,中国移动TD-LTE皮站_飞站基站设备网络管理南向接口数据配置模型规范V2.3.xlsx,SJ,12,parameter,A1事件测量控制参数,Device.Services.FAPService.{i}.CellConfig.LTE.RAN.Mobility.ConnMode.EUTRA.A1MeasureCtrl.1.MeasurePurpose,Device,MeasurePurpose,Y,MeasurePurpose,测量目的,B,,,R,unsignedInt[1:100],,,"用于表明当前配置事件的使用目的，本字段取值固定为：
(1=异频测量)",,,对测量目的增加描述,
CMCC_TD_LTE_V2.3,中国移动TD-LTE皮站_飞站基站设备网络管理南向接口数据配置模型规范V2.3.xlsx,SJ,13,parameter,A1事件测量控制参数,Device.Services.FAPService.{i}.CellConfig.LTE.RAN.Mobility.ConnMode.EUTRA.A1MeasureCtrl.1.ReportAmount,Device,ReportAmount,Y,ReportAmount,上报次数,B,,,RW,"unsignedInt[0:2, 4, 8, 16, 32, 64]",,,测量报告发送的次数，0表示无限次,,,,
CMCC_TD_LTE_V2.3,中国移动TD-LTE皮站_飞站基站设备网络管理南向接口数据配置模型规范V2.3.xlsx,SJ,14,parameter,A1事件测量控制参数,Device.Services.FAPService.{i}.CellConfig.LTE.RAN.Mobility.ConnMode.EUTRA.A1MeasureCtrl.1.ReportInterval,Device,ReportInterval,Y,ReportInterval,上报间隔,B,,,RW,"unsignedInt[120, 240, 480, 640, 1024, 2048, 5120, 10240, 60000, 360000, 720000, 1800000, 3600000]",,,连续测量报告之间的间隔，单位ms,,,,
CMCC_TD_LTE_V2.3,中国移动TD-LTE皮站_飞站基站设备网络管理南向接口数据配置模型规范V2.3.xlsx,SJ,15,parameter,A1事件测量控制参数,Device.Services.FAPService.{i}.CellConfig.LTE.RAN.Mobility.ConnMode.EUTRA.A1MeasureCtrl.1.ReportQuantity,Device,ReportQuantity,Y,ReportQuantity,上报量,B,,A1ReportQuantityInterFCov,RW,string,,,"测量报告中的上报量(sameAsTriggerQuantity, both)",,,,
CMCC_TD_LTE_V2.3,中国移动TD-LTE皮站_飞站基站设备网络管理南向接口数据配置模型规范V2.3.xlsx,SJ,16,parameter,A1事件测量控制参数,Device.Services.FAPService.{i}.CellConfig.LTE.RAN.Mobility.ConnMode.EUTRA.A1MeasureCtrl.1.TimeToTrigger,Device,TimeToTrigger,Y,TimeToTrigger,触发时间,B,,,RW,"unsignedInt[0,40, 64, 80,100,128, 160,256,320, 480, 512, 640, 1024,1280,2560,5120]",,,"为了满足触发RAT测量报告,触发条件持续的时间，单位ms",,,,
CMCC_TD_LTE_V2.3,中国移动TD-LTE皮站_飞站基站设备网络管理南向接口数据配置模型规范V2.3.xlsx,SJ,17,parameter,A1事件测量控制参数,Device.Services.FAPService.{i}.CellConfig.LTE.RAN.Mobility.ConnMode.EUTRA.A1MeasureCtrl.1.TriggerQuantity,Device,TriggerQuantity,Y,TriggerQuantity,触发量,B,,A1TriggerQuantityInterFCov,RW,string,,,"用来评估触发条件的事件触发量(RSRP, RSRQ)",,,,
CMCC_TD_LTE_V2.3,中国移动TD-LTE皮站_飞站基站设备网络管理南向接口数据配置模型规范V2.3.xlsx,SJ,19,parameter,A1事件测量控制参数,Device.Services.FAPService.{i}.CellConfig.LTE.RAN.Mobility.ConnMode.EUTRA.A1MeasureCtrl.2.A1ThresholdRSRP,Device,A1ThresholdRSRP,Y,A1ThresholdRSRP,A1事件RSRP门限,B,,A1ThresholdUtraCov,RW,unsignedInt[0:97],,,"用于EUTRA测量中,触发量为RSRP时,A1事件触发条件的绝对门限",,,,
CMCC_TD_LTE_V2.3,中国移动TD-LTE皮站_飞站基站设备网络管理南向接口数据配置模型规范V2.3.xlsx,SJ,20,parameter,A1事件测量控制参数,Device.Services.FAPService.{i}.CellConfig.LTE.RAN.Mobility.ConnMode.EUTRA.A1MeasureCtrl.2.A1ThresholdRSRQ,Device,A1ThresholdRSRQ,Y,A1ThresholdRSRQ,A1事件RSRQ门限,B,,A1ThresholdUtraCov,RW,unsignedInt[0:34],,,"用于EUTRA测量中,触发量为RSRQ时,A1事件触发条件的绝对门限",,,,
CMCC_TD_LTE_V2.3,中国移动TD-LTE皮站_飞站基站设备网络管理南向接口数据配置模型规范V2.3.xlsx,SJ,18,parameter,A1事件测量控制参数,Device.Services.FAPService.{i}.CellConfig.LTE.RAN.Mobility.ConnMode.EUTRA.A1MeasureCtrl.2.Enable,Device,Enable,Y,Enable,使能开关,B,,,RW,boolean,,,是否启用该表项,,,新增使能开关,
CMCC_TD_LTE_V2.3,中国移动TD-LTE皮站_飞站基站设备网络管理南向接口数据配置模型规范V2.3.xlsx,SJ,21,parameter,A1事件测量控制参数,Device.Services.FAPService.{i}.CellConfig.LTE.RAN.Mobility.ConnMode.EUTRA.A1MeasureCtrl.2.Hysteresis,Device,Hysteresis,Y,Hysteresis,迟滞值,B,,A1HysteresisUtraCov,RW,unsignedInt[0:30],,,进入和离开上报触发事件条件的滞后值,,,,
CMCC_TD_LTE_V2.3,中国移动TD-LTE皮站_飞站基站设备网络管理南向接口数据配置模型规范V2.3.xlsx,SJ,22,parameter,A1事件测量控制参数,Device.Services.FAPService.{i}.CellConfig.LTE.RAN.Mobility.ConnMode.EUTRA.A1MeasureCtrl.2.MaxReportCells,Device,MaxReportCells,Y,MaxReportCells,最大上报小区数,B,,,RW,unsignedInt[1:8],,,测量报告中包含小区的最大数目,,,,
CMCC_TD_LTE_V2.3,中国移动TD-LTE皮站_飞站基站设备网络管理南向接口数据配置模型规范V2.3.xlsx,SJ,23,parameter,A1事件测量控制参数,Device.Services.FAPService.{i}.CellConfig.LTE.RAN.Mobility.ConnMode.EUTRA.A1MeasureCtrl.2.MeasurePurpose,Device,MeasurePurpose,Y,MeasurePurpose,测量目的,B,,,R,unsignedInt[1:100],,,"用于表明当前配置事件的使用目的，本字段取值固定为：
(2=异系统UTRA测量)",,,对测量目的增加描述,
CMCC_TD_LTE_V2.3,中国移动TD-LTE皮站_飞站基站设备网络管理南向接口数据配置模型规范V2.3.xlsx,SJ,24,parameter,A1事件测量控制参数,Device.Services.FAPService.{i}.CellConfig.LTE.RAN.Mobility.ConnMode.EUTRA.A1MeasureCtrl.2.ReportAmount,Device,ReportAmount,Y,ReportAmount,上报次数,B,,,RW,"unsignedInt[0:2, 4, 8, 16, 32, 64]",,,测量报告发送的次数，0表示无限次,,,,
CMCC_TD_LTE_V2.3,中国移动TD-LTE皮站_飞站基站设备网络管理南向接口数据配置模型规范V2.3.xlsx,SJ,25,parameter,A1事件测量控制参数,Device.Services.FAPService.{i}.CellConfig.LTE.RAN.Mobility.ConnMode.EUTRA.A1MeasureCtrl.2.ReportInterval,Device,ReportInterval,Y,ReportInterval,上报间隔,B,,,RW,"unsignedInt[120, 240, 480, 640, 1024, 2048, 5120, 10240, 60000, 360000, 720000, 1800000, 3600000]",,,连续测量报告之间的间隔，单位ms,,,,
CMCC_TD_LTE_V2.3,中国移动TD-LTE皮站_飞站基站设备网络管理南向接口数据配置模型规范V2.3.xlsx,SJ,26,parameter,A1事件测量控制参数,Device.Services.FAPService.{i}.CellConfig.LTE.RAN.Mobility.ConnMode.EUTRA.A1MeasureCtrl.2.ReportQuantity,Device,ReportQuantity,Y,ReportQuantity,上报量,B,,A1ReportQuantityUtraCov,RW,string,,,"测量报告中的上报量(sameAsTriggerQuantity, both)",,,,
CMCC_TD_LTE_V2.3,中国移动TD-LTE皮站_飞站基站设备网络管理南向接口数据配置模型规范V2.3.xlsx,SJ,27,parameter,A1事件测量控制参数,Device.Services.FAPService.{i}.CellConfig.LTE.RAN.Mobility.ConnMode.EUTRA.A1MeasureCtrl.2.TimeToTrigger,Device,TimeToTrigger,Y,TimeToTrigger,触发时间,B,,,RW,"unsignedInt[0,40, 64, 80,100,128, 160,256,320, 480, 512, 640, 1024,1280,2560,5120]",,,"为了满足触发RAT测量报告,触发条件持续的时间，单位ms",,,,
CMCC_TD_LTE_V2.3,中国移动TD-LTE皮站_飞站基站设备网络管理南向接口数据配置模型规范V2.3.xlsx,SJ,28,parameter,A1事件测量控制参数,Device.Services.FAPService.{i}.CellConfig.LTE.RAN.Mobility.ConnMode.EUTRA.A1MeasureCtrl.2.TriggerQuantity,Device,TriggerQuantity,Y,TriggerQuantity,触发量,B,,A1TriggerQuantityUtraCov,RW,string,,,"用来评估触发条件的事件触发量(RSRP,RSRQ)",,,,
CMCC_TD_LTE_V2.3,中国移动TD-LTE皮站_飞站基站设备网络管理南向接口数据配置模型规范V2.3.xlsx,SJ,30,parameter,A1事件测量控制参数,Device.Services.FAPService.{i}.CellConfig.LTE.RAN.Mobility.ConnMode.EUTRA.A1MeasureCtrl.3.A1ThresholdRSRP,Device,A1ThresholdRSRP,Y,A1ThresholdRSRP,A1事件RSRP门限,B,,A1ThresholdGeranCov,RW,unsignedInt[0:97],,,"用于EUTRA测量中,触发量为RSRP时,A1事件触发条件的绝对门限",,,,
CMCC_TD_LTE_V2.3,中国移动TD-LTE皮站_飞站基站设备网络管理南向接口数据配置模型规范V2.3.xlsx,SJ,31,parameter,A1事件测量控制参数,Device.Services.FAPService.{i}.CellConfig.LTE.RAN.Mobility.ConnMode.EUTRA.A1MeasureCtrl.3.A1ThresholdRSRQ,Device,A1ThresholdRSRQ,Y,A1ThresholdRSRQ,A1事件RSRQ门限,B,,A1ThresholdGeranCov,RW,unsignedInt[0:34],,,"用于EUTRA测量中,触发量为RSRQ时,A1事件触发条件的绝对门限",,,,
CMCC_TD_LTE_V2.3,中国移动TD-LTE皮站_飞站基站设备网络管理南向接口数据配置模型规范V2.3.xlsx,SJ,29,parameter,A1事件测量控制参数,Device.Services.FAPService.{i}.CellConfig.LTE.RAN.Mobility.ConnMode.EUTRA.A1MeasureCtrl.3.Enable,Device,Enable,Y,Enable,使能开关,B,,,RW,boolean,,,是否启用该表项,,,新增使能开关,
CMCC_TD_LTE_V2.3,中国移动TD-LTE皮站_飞站基站设备网络管理南向接口数据配置模型规范V2.3.xlsx,SJ,32,parameter,A1事件测量控制参数,Device.Services.FAPService.{i}.CellConfig.LTE.RAN.Mobility.ConnMode.EUTRA.A1MeasureCtrl.3.Hysteresis,Device,Hysteresis,Y,Hysteresis,迟滞值,B,,A1HysteresisGeranCov,RW,unsignedInt[0:30],,,进入和离开上报触发事件条件的滞后值,,,,
CMCC_TD_LTE_V2.3,中国移动TD-LTE皮站_飞站基站设备网络管理南向接口数据配置模型规范V2.3.xlsx,SJ,33,parameter,A1事件测量控制参数,Device.Services.FAPService.{i}.CellConfig.LTE.RAN.Mobility.ConnMode.EUTRA.A1MeasureCtrl.3.MaxReportCells,Device,MaxReportCells,Y,MaxReportCells,最大上报小区数,B,,,RW,unsignedInt[1:8],,,测量报告中包含小区的最大数目,,,,
CMCC_TD_LTE_V2.3,中国移动TD-LTE皮站_飞站基站设备网络管理南向接口数据配置模型规范V2.3.xlsx,SJ,34,parameter,A1事件测量控制参数,Device.Services.FAPService.{i}.CellConfig.LTE.RAN.Mobility.ConnMode.EUTRA.A1MeasureCtrl.3.MeasurePurpose,Device,MeasurePurpose,Y,MeasurePurpose,测量目的,B,,,R,unsignedInt[1:100],,,"用于表明当前配置事件的使用目的，本字段取值固定为：
(3=异系统GERAN)",,,对测量目的增加描述,
CMCC_TD_LTE_V2.3,中国移动TD-LTE皮站_飞站基站设备网络管理南向接口数据配置模型规范V2.3.xlsx,SJ,35,parameter,A1事件测量控制参数,Device.Services.FAPService.{i}.CellConfig.LTE.RAN.Mobility.ConnMode.EUTRA.A1MeasureCtrl.3.ReportAmount,Device,ReportAmount,Y,ReportAmount,上报次数,B,,,RW,"unsignedInt[0:2, 4, 8, 16, 32, 64]",,,测量报告发送的次数，0表示无限次,,,,
CMCC_TD_LTE_V2.3,中国移动TD-LTE皮站_飞站基站设备网络管理南向接口数据配置模型规范V2.3.xlsx,SJ,36,parameter,A1事件测量控制参数,Device.Services.FAPService.{i}.CellConfig.LTE.RAN.Mobility.ConnMode.EUTRA.A1MeasureCtrl.3.ReportInterval,Device,ReportInterval,Y,ReportInterval,上报间隔,B,,,RW,"unsignedInt[120, 240, 480, 640, 1024, 2048, 5120, 10240, 60000, 360000, 720000, 1800000, 3600000]",,,连续测量报告之间的间隔,,,,
CMCC_TD_LTE_V2.3,中国移动TD-LTE皮站_飞站基站设备网络管理南向接口数据配置模型规范V2.3.xlsx,SJ,37,parameter,A1事件测量控制参数,Device.Services.FAPService.{i}.CellConfig.LTE.RAN.Mobility.ConnMode.EUTRA.A1MeasureCtrl.3.ReportQuantity,Device,ReportQuantity,Y,ReportQuantity,上报量,B,,A1ReportQuantityGeranCov,RW,string,,,"测量报告中的上报量(sameAsTriggerQuantity, both)",,,,
CMCC_TD_LTE_V2.3,中国移动TD-LTE皮站_飞站基站设备网络管理南向接口数据配置模型规范V2.3.xlsx,SJ,38,parameter,A1事件测量控制参数,Device.Services.FAPService.{i}.CellConfig.LTE.RAN.Mobility.ConnMode.EUTRA.A1MeasureCtrl.3.TimeToTrigger,Device,TimeToTrigger,Y,TimeToTrigger,触发时间,B,,,RW,"unsignedInt[0,40, 64, 80,100,128, 160,256,320, 480, 512, 640, 1024,1280,2560,5120]",,,"为了满足触发RAT测量报告,触发条件持续的时间",,,,
CMCC_TD_LTE_V2.3,中国移动TD-LTE皮站_飞站基站设备网络管理南向接口数据配置模型规范V2.3.xlsx,SJ,39,parameter,A1事件测量控制参数,Device.Services.FAPService.{i}.CellConfig.LTE.RAN.Mobility.ConnMode.EUTRA.A1MeasureCtrl.3.TriggerQuantity,Device,TriggerQuantity,Y,TriggerQuantity,触发量,B,,A1TriggerQuantityGeranCov,RW,string,,,"用来评估触发条件的事件触发量(RSRP,RSRQ)",,,,
CMCC_TD_LTE_V2.3,中国移动TD-LTE皮站_飞站基站设备网络管理南向接口数据配置模型规范V2.3.xlsx,SJ,8,parameter,A1事件测量控制参数,Device.Services.FAPService.{i}.CellConfig.LTE.RAN.Mobility.ConnMode.EUTRA.A1MeasureCtrl.{i}.A1ThresholdRSRP,Device,A1ThresholdRSRP,Y,A1ThresholdRSRP,A1事件RSRP门限,B,AT,A1ThresholdInterFCo,RW,unsignedInt[0:97],,,"用于EUTRA测量中,触发量为RSRP时,A1事件触发条件的绝对门限",NRM数据配置要求,,,
CMCC_TD_LTE_V2.3,中国移动TD-LTE皮站_飞站基站设备网络管理南向接口数据配置模型规范V2.3.xlsx,SJ,9,parameter,A1事件测量控制参数,Device.Services.FAPService.{i}.CellConfig.LTE.RAN.Mobility.ConnMode.EUTRA.A1MeasureCtrl.{i}.A1ThresholdRSRQ,Device,A1ThresholdRSRQ,Y,A1ThresholdRSRQ,A1事件RSRQ门限,B,,A1ThresholdInterFCov,RW,unsignedInt[0:34],,,"用于EUTRA测量中,触发量为RSRQ时,A1事件触发条件的绝对门限",,,,
CMCC_TD_LTE_V2.3,中国移动TD-LTE皮站_飞站基站设备网络管理南向接口数据配置模型规范V2.3.xlsx,SJ,7,parameter,A1事件测量控制参数,Device.Services.FAPService.{i}.CellConfig.LTE.RAN.Mobility.ConnMode.EUTRA.A1MeasureCtrl.{i}.Enable,Device,Enable,Y,Enable,使能开关,B,,,RW,boolean,,,是否启用该表项,,参数路径中最后一个多实例节点（{i}）序号1～10为系统保留段，若厂商对A1测量事件有其它用途，则从A1MeasureCtrl.11.开始定义,新增使能开关,
CMCC_TD_LTE_V2.3,中国移动TD-LTE皮站_飞站基站设备网络管理南向接口数据配置模型规范V2.3.xlsx,SJ,10,parameter,A1事件测量控制参数,Device.Services.FAPService.{i}.CellConfig.LTE.RAN.Mobility.ConnMode.EUTRA.A1MeasureCtrl.{i}.Hysteresis,Device,Hysteresis,Y,Hysteresis,迟滞值,B,,A1HysteresisInterFCov,RW,unsignedInt[0:30],,,进入和离开上报触发事件条件的滞后值,,,,
CMCC_TD_LTE_V2.3,中国移动TD-LTE皮站_飞站基站设备网络管理南向接口数据配置模型规范V2.3.xlsx,SJ,11,parameter,A1事件测量控制参数,Device.Services.FAPService.{i}.CellConfig.LTE.RAN.Mobility.ConnMode.EUTRA.A1MeasureCtrl.{i}.MaxReportCells,Device,MaxReportCells,Y,MaxReportCells,最大上报小区数,B,,,RW,unsignedInt[1:8],,,测量报告中包含小区的最大数目,,,,
CMCC_TD_LTE_V2.3,中国移动TD-LTE皮站_飞站基站设备网络管理南向接口数据配置模型规范V2.3.xlsx,SJ,12,parameter,A1事件测量控制参数,Device.Services.FAPService.{i}.CellConfig.LTE.RAN.Mobility.ConnMode.EUTRA.A1MeasureCtrl.{i}.MeasurePurpose,Device,MeasurePurpose,Y,MeasurePurpose,测量目的,B,,,R,unsignedInt[1:100],,,"用于表明当前配置事件的使用目的，本字段取值固定为：
(1=异频测量)",,,对测量目的增加描述,
CMCC_TD_LTE_V2.3,中国移动TD-LTE皮站_飞站基站设备网络管理南向接口数据配置模型规范V2.3.xlsx,SJ,13,parameter,A1事件测量控制参数,Device.Services.FAPService.{i}.CellConfig.LTE.RAN.Mobility.ConnMode.EUTRA.A1MeasureCtrl.{i}.ReportAmount,Device,ReportAmount,Y,ReportAmount,上报次数,B,,,RW,"unsignedInt[0:2, 4, 8, 16, 32, 64]",,,测量报告发送的次数，0表示无限次,,,,
CMCC_TD_LTE_V2.3,中国移动TD-LTE皮站_飞站基站设备网络管理南向接口数据配置模型规范V2.3.xlsx,SJ,14,parameter,A1事件测量控制参数,Device.Services.FAPService.{i}.CellConfig.LTE.RAN.Mobility.ConnMode.EUTRA.A1MeasureCtrl.{i}.ReportInterval,Device,ReportInterval,Y,ReportInterval,上报间隔,B,,,RW,"unsignedInt[120, 240, 480, 640, 1024, 2048, 5120, 10240, 60000, 360000, 720000, 1800000, 3600000]",,,连续测量报告之间的间隔，单位ms,,,,
CMCC_TD_LTE_V2.3,中国移动TD-LTE皮站_飞站基站设备网络管理南向接口数据配置模型规范V2.3.xlsx,SJ,15,parameter,A1事件测量控制参数,Device.Services.FAPService.{i}.CellConfig.LTE.RAN.Mobility.ConnMode.EUTRA.A1MeasureCtrl.{i}.ReportQuantity,Device,ReportQuantity,Y,ReportQuantity,上报量,B,,A1ReportQuantityInterFCov,RW,string,,,"测量报告中的上报量(sameAsTriggerQuantity, both)",,,,
CMCC_TD_LTE_V2.3,中国移动TD-LTE皮站_飞站基站设备网络管理南向接口数据配置模型规范V2.3.xlsx,SJ,16,parameter,A1事件测量控制参数,Device.Services.FAPService.{i}.CellConfig.LTE.RAN.Mobility.ConnMode.EUTRA.A1MeasureCtrl.{i}.TimeToTrigger,Device,TimeToTrigger,Y,TimeToTrigger,触发时间,B,,,RW,"unsignedInt[0,40, 64, 80,100,128, 160,256,320, 480, 512, 640, 1024,1280,2560,5120]",,,"为了满足触发RAT测量报告,触发条件持续的时间，单位ms",,,,
CMCC_TD_LTE_V2.3,中国移动TD-LTE皮站_飞站基站设备网络管理南向接口数据配置模型规范V2.3.xlsx,SJ,17,parameter,A1事件测量控制参数,Device.Services.FAPService.{i}.CellConfig.LTE.RAN.Mobility.ConnMode.EUTRA.A1MeasureCtrl.{i}.TriggerQuantity,Device,TriggerQuantity,Y,TriggerQuantity,触发量,B,,A1TriggerQuantityInterFCov,RW,string,,,"用来评估触发条件的事件触发量(RSRP, RSRQ)",,,,
CMCC_5G_EXT_PICO_V1.9.4,中国移动5G扩展型皮基站网管南向接口数据模型规范v1.9.4.xlsx,SM,5,parameter,A1事件测量控制参数,Device.Services.FAPService.{i}.CellConfig.{i}.NR.RAN.Mobility.ConnMode.NR.A1MeasureCtrl.1.A1ThresholdRSRP,Device,A1ThresholdRSRP,Y,A1ThresholdRSRP,A1事件RSRP门限,B,AK,rsrpThreshold,RW,unsignedInt[0:127],,,用于NR测量中，触发量为RSRP时，A1事件触发条件的绝对门限,3GPP TS38.331,,,
CMCC_5G_EXT_PICO_V1.9.4,中国移动5G扩展型皮基站网管南向接口数据模型规范v1.9.4.xlsx,SM,6,parameter,A1事件测量控制参数,Device.Services.FAPService.{i}.CellConfig.{i}.NR.RAN.Mobility.ConnMode.NR.A1MeasureCtrl.1.A1ThresholdRSRQ,Device,A1ThresholdRSRQ,Y,A1ThresholdRSRQ,A1事件RSRQ门限,B,AK,rsrqThreshold,RW,unsignedInt[0:127],,,用于NR测量中，触发量为RSRQ时，A1事件触发条件的绝对门限,3GPP TS38.331,,,
CMCC_5G_EXT_PICO_V1.9.4,中国移动5G扩展型皮基站网管南向接口数据模型规范v1.9.4.xlsx,SM,7,parameter,A1事件测量控制参数,Device.Services.FAPService.{i}.CellConfig.{i}.NR.RAN.Mobility.ConnMode.NR.A1MeasureCtrl.1.A1ThresholdSINR,Device,A1ThresholdSINR,Y,A1ThresholdSINR,A1事件SINR门限,B,AK,sinrThreshold,RW,unsignedInt[0:127],,,用于NR测量中，触发量为SINR时，A1事件触发条件的绝对门限,3GPP TS38.331,,,
CMCC_5G_EXT_PICO_V1.9.4,中国移动5G扩展型皮基站网管南向接口数据模型规范v1.9.4.xlsx,SM,3,parameter,A1事件测量控制参数,Device.Services.FAPService.{i}.CellConfig.{i}.NR.RAN.Mobility.ConnMode.NR.A1MeasureCtrl.1.Enable,Device,Enable,Y,Enable,使能开关,B,,,RW,boolean,,,是否启用该表项，（0：不启用，1：启用）,3GPP TS38.331,参数路径中最后一个多实例节点（{i}）序号1～10为系统保留段，若厂商对A1测量事件有其它用途，则从A1MeasureCtrl.11.开始定义,,
CMCC_5G_EXT_PICO_V1.9.4,中国移动5G扩展型皮基站网管南向接口数据模型规范v1.9.4.xlsx,SM,11,parameter,A1事件测量控制参数,Device.Services.FAPService.{i}.CellConfig.{i}.NR.RAN.Mobility.ConnMode.NR.A1MeasureCtrl.1.Hysteresis,Device,Hysteresis,Y,Hysteresis,迟滞值,B,,,RW,unsignedInt[0:30],,,进入和离开上报触发事件条件的滞后值,3GPP TS38.331,,,
CMCC_5G_EXT_PICO_V1.9.4,中国移动5G扩展型皮基站网管南向接口数据模型规范v1.9.4.xlsx,SM,19,parameter,A1事件测量控制参数,Device.Services.FAPService.{i}.CellConfig.{i}.NR.RAN.Mobility.ConnMode.NR.A1MeasureCtrl.1.IncludeBeamMeasurements,Device,IncludeBeamMeasurements,Y,IncludeBeamMeasurements,波束赋形测量指示,B,AK,includeBeamMeasurements,RW,boolean,,,指示是否使用波束赋形功能（0：不启用，1：启用）,3GPP TS38.331,,,
CMCC_5G_EXT_PICO_V1.9.4,中国移动5G扩展型皮基站网管南向接口数据模型规范v1.9.4.xlsx,SM,9,parameter,A1事件测量控制参数,Device.Services.FAPService.{i}.CellConfig.{i}.NR.RAN.Mobility.ConnMode.NR.A1MeasureCtrl.1.MaxNrofRSIndexToReport,Device,MaxNrofRSIndexToReport,Y,MaxNrofRSIndexToReport,RS测量上报资源最大个数,B,AK,maxNrofRSIndexToReport,RW,"unsignedInt[1:32,0x0000FFFF]",,,"该参数用于指示RS测量上报资源最大个数,1~32协议规定，0x0000FFFF表示不携带该值",3GPP TS38.331,,,
CMCC_5G_EXT_PICO_V1.9.4,中国移动5G扩展型皮基站网管南向接口数据模型规范v1.9.4.xlsx,SM,12,parameter,A1事件测量控制参数,Device.Services.FAPService.{i}.CellConfig.{i}.NR.RAN.Mobility.ConnMode.NR.A1MeasureCtrl.1.MaxReportCells,Device,MaxReportCells,Y,MaxReportCells,最大上报小区数,B,AK,maxRptCellNum,RW,unsignedInt[1:8],,,测量报告中包含小区的最大数目,3GPP TS38.331,,,
CMCC_5G_EXT_PICO_V1.9.4,中国移动5G扩展型皮基站网管南向接口数据模型规范v1.9.4.xlsx,SM,13,parameter,A1事件测量控制参数,Device.Services.FAPService.{i}.CellConfig.{i}.NR.RAN.Mobility.ConnMode.NR.A1MeasureCtrl.1.MeasurePurpose,Device,MeasurePurpose,Y,MeasurePurpose,测量目的,B,,,R,unsignedInt[1:100],,,"用于表明当前配置事件的使用目的，本字段取值固定为：
(1=异频测量)",3GPP TS38.331,,,
CMCC_5G_EXT_PICO_V1.9.4,中国移动5G扩展型皮基站网管南向接口数据模型规范v1.9.4.xlsx,SM,14,parameter,A1事件测量控制参数,Device.Services.FAPService.{i}.CellConfig.{i}.NR.RAN.Mobility.ConnMode.NR.A1MeasureCtrl.1.ReportAmount,Device,ReportAmount,Y,ReportAmount,上报次数,B,AK,rptAmount,RW,"unsignedInt[0:2, 4, 8, 16, 32, 64]",,,测量报告发送的次数，0表示无限次,3GPP TS38.331,,,
CMCC_5G_EXT_PICO_V1.9.4,中国移动5G扩展型皮基站网管南向接口数据模型规范v1.9.4.xlsx,SM,15,parameter,A1事件测量控制参数,Device.Services.FAPService.{i}.CellConfig.{i}.NR.RAN.Mobility.ConnMode.NR.A1MeasureCtrl.1.ReportInterval,Device,ReportInterval,Y,ReportInterval,上报间隔,B,AK,rptInterval,RW,"unsignedInt[120, 240, 480, 640, 1024, 2048, 5120, 10240, 60000, 360000, 720000, 1800000]",,,连续测量报告之间的间隔，单位ms,3GPP TS38.331,,,
CMCC_5G_EXT_PICO_V1.9.4,中国移动5G扩展型皮基站网管南向接口数据模型规范v1.9.4.xlsx,SM,10,parameter,A1事件测量控制参数,Device.Services.FAPService.{i}.CellConfig.{i}.NR.RAN.Mobility.ConnMode.NR.A1MeasureCtrl.1.ReportOnLeave,Device,ReportOnLeave,Y,ReportOnLeave,A1事件离开上报指示,B,,,RW,boolean,,,"某小区的离开状态满足时,UE是否触发测量上报过程；
0:代表不满足条件的小区离开测量列表时不进行上报；
1:代表都会触发测量结果的填写以及上报消息的发送",3GPP TS38.331,,,
CMCC_5G_EXT_PICO_V1.9.4,中国移动5G扩展型皮基站网管南向接口数据模型规范v1.9.4.xlsx,SM,16,parameter,A1事件测量控制参数,Device.Services.FAPService.{i}.CellConfig.{i}.NR.RAN.Mobility.ConnMode.NR.A1MeasureCtrl.1.ReportQuantityCell,Device,ReportQuantityCell,Y,ReportQuantityCell,上报量,B,AK,rptQuantityCell,RW,string,,,"测量报告中的上报量
{rsrp,rsrq,sinr}",3GPP TS38.331,,,
CMCC_5G_EXT_PICO_V1.9.4,中国移动5G扩展型皮基站网管南向接口数据模型规范v1.9.4.xlsx,SM,8,parameter,A1事件测量控制参数,Device.Services.FAPService.{i}.CellConfig.{i}.NR.RAN.Mobility.ConnMode.NR.A1MeasureCtrl.1.RptQuantityRsIndex,Device,RptQuantityRsIndex,Y,RptQuantityRsIndex,A1事件RS测量上报量,B,AK,rptQuantityRsIndex,RW,string,,,"该参数用于指示RS测量上报量:{rsrp,rsrq,sinr,NULL}",3GPP TS38.331,,,
CMCC_5G_EXT_PICO_V1.9.4,中国移动5G扩展型皮基站网管南向接口数据模型规范v1.9.4.xlsx,SM,18,parameter,A1事件测量控制参数,Device.Services.FAPService.{i}.CellConfig.{i}.NR.RAN.Mobility.ConnMode.NR.A1MeasureCtrl.1.RsType,Device,RsType,Y,RsType,测量类型指示,B,,,RW,string,,,"用来指示测量参考信号的类型，是ssb还是csi-rs,{ssb,csi-rs}",3GPP TS38.331,,,
CMCC_5G_EXT_PICO_V1.9.4,中国移动5G扩展型皮基站网管南向接口数据模型规范v1.9.4.xlsx,SM,17,parameter,A1事件测量控制参数,Device.Services.FAPService.{i}.CellConfig.{i}.NR.RAN.Mobility.ConnMode.NR.A1MeasureCtrl.1.TimeToTrigger,Device,TimeToTrigger,Y,TimeToTrigger,触发时间,B,,,RW,"unsignedInt[0,40, 64, 80,100,128, 160,256,320, 480, 512, 640, 1024,1280,2560,5120]",,,"为了满足触发RAT测量报告,触发条件持续的时间，单位ms",3GPP TS38.331,,,
CMCC_5G_EXT_PICO_V1.9.4,中国移动5G扩展型皮基站网管南向接口数据模型规范v1.9.4.xlsx,SM,4,parameter,A1事件测量控制参数,Device.Services.FAPService.{i}.CellConfig.{i}.NR.RAN.Mobility.ConnMode.NR.A1MeasureCtrl.1.TriggerQuantity,Device,TriggerQuantity,Y,TriggerQuantity,控制门限信号类型,B,,,RW,string,,,"TriggerQuantity取值范围为{rsrp,rsrq,sinr}，三选一",,,,20231020-添加用于控制门限信号类型的参数-A1MeasureCtrl.1.TriggerQuantity
CMCC_5G_EXT_PICO_V1.9.4,中国移动5G扩展型皮基站网管南向接口数据模型规范v1.9.4.xlsx,SM,22,parameter,A1事件测量控制参数,Device.Services.FAPService.{i}.CellConfig.{i}.NR.RAN.Mobility.ConnMode.NR.A1MeasureCtrl.2.A1ThresholdRSRP,Device,A1ThresholdRSRP,Y,A1ThresholdRSRP,A1事件RSRP门限,B,AK,rsrpThreshold,RW,unsignedInt[0:127],,,"用于NR测量中,触发量为RSRP时,A1事件触发条件的绝对门限",3GPP TS38.331,,,
CMCC_5G_EXT_PICO_V1.9.4,中国移动5G扩展型皮基站网管南向接口数据模型规范v1.9.4.xlsx,SM,23,parameter,A1事件测量控制参数,Device.Services.FAPService.{i}.CellConfig.{i}.NR.RAN.Mobility.ConnMode.NR.A1MeasureCtrl.2.A1ThresholdRSRQ,Device,A1ThresholdRSRQ,Y,A1ThresholdRSRQ,A1事件RSRQ门限,B,AK,rsrqThreshold,RW,unsignedInt[0:127],,,"用于NR测量中,触发量为RSRQ时,A1事件触发条件的绝对门限",3GPP TS38.331,,,
CMCC_5G_EXT_PICO_V1.9.4,中国移动5G扩展型皮基站网管南向接口数据模型规范v1.9.4.xlsx,SM,24,parameter,A1事件测量控制参数,Device.Services.FAPService.{i}.CellConfig.{i}.NR.RAN.Mobility.ConnMode.NR.A1MeasureCtrl.2.A1ThresholdSINR,Device,A1ThresholdSINR,Y,A1ThresholdSINR,A1事件SINR门限,B,AK,sinrThreshold,RW,unsignedInt[0:127],,,用于NR测量中，触发量为SINR时，A1事件触发条件的绝对门限,3GPP TS38.331,,,
CMCC_5G_EXT_PICO_V1.9.4,中国移动5G扩展型皮基站网管南向接口数据模型规范v1.9.4.xlsx,SM,20,parameter,A1事件测量控制参数,Device.Services.FAPService.{i}.CellConfig.{i}.NR.RAN.Mobility.ConnMode.NR.A1MeasureCtrl.2.Enable,Device,Enable,Y,Enable,使能开关,B,,,RW,boolean,,,是否启用该表项（0：不启用，1：启用）,3GPP TS38.331,,,
CMCC_5G_EXT_PICO_V1.9.4,中国移动5G扩展型皮基站网管南向接口数据模型规范v1.9.4.xlsx,SM,28,parameter,A1事件测量控制参数,Device.Services.FAPService.{i}.CellConfig.{i}.NR.RAN.Mobility.ConnMode.NR.A1MeasureCtrl.2.Hysteresis,Device,Hysteresis,Y,Hysteresis,迟滞值,B,,,RW,unsignedInt[0:30],,,进入和离开上报触发事件条件的滞后值,3GPP TS38.331,,,
CMCC_5G_EXT_PICO_V1.9.4,中国移动5G扩展型皮基站网管南向接口数据模型规范v1.9.4.xlsx,SM,36,parameter,A1事件测量控制参数,Device.Services.FAPService.{i}.CellConfig.{i}.NR.RAN.Mobility.ConnMode.NR.A1MeasureCtrl.2.IncludeBeamMeasurements,Device,IncludeBeamMeasurements,Y,IncludeBeamMeasurements,波束赋形测量指示,B,AK,includeBeamMeasurements,RW,boolean,,,指示是否使用波束赋形功能（0：不启用，1：启用）,3GPP TS38.331,,,
CMCC_5G_EXT_PICO_V1.9.4,中国移动5G扩展型皮基站网管南向接口数据模型规范v1.9.4.xlsx,SM,26,parameter,A1事件测量控制参数,Device.Services.FAPService.{i}.CellConfig.{i}.NR.RAN.Mobility.ConnMode.NR.A1MeasureCtrl.2.MaxNrofRSIndexToReport,Device,MaxNrofRSIndexToReport,Y,MaxNrofRSIndexToReport,RS测量上报资源最大个数,B,AK,maxNrofRSIndexToReport,RW,"unsignedInt[1:32,0x0000FFFF]",,,"该参数用于指示RS测量上报资源最大个数,1~32协议规定，0x0000FFFF表示不携带该值",3GPP TS38.331,,,
CMCC_5G_EXT_PICO_V1.9.4,中国移动5G扩展型皮基站网管南向接口数据模型规范v1.9.4.xlsx,SM,29,parameter,A1事件测量控制参数,Device.Services.FAPService.{i}.CellConfig.{i}.NR.RAN.Mobility.ConnMode.NR.A1MeasureCtrl.2.MaxReportCells,Device,MaxReportCells,Y,MaxReportCells,最大上报小区数,B,AK,maxRptCellNum,RW,unsignedInt[1:8],,,测量报告中包含小区的最大数目,3GPP TS38.331,,,
CMCC_5G_EXT_PICO_V1.9.4,中国移动5G扩展型皮基站网管南向接口数据模型规范v1.9.4.xlsx,SM,30,parameter,A1事件测量控制参数,Device.Services.FAPService.{i}.CellConfig.{i}.NR.RAN.Mobility.ConnMode.NR.A1MeasureCtrl.2.MeasurePurpose,Device,MeasurePurpose,Y,MeasurePurpose,测量目的,B,,,R,unsignedInt[1:100],,,"用于表明当前配置事件的使用目的，本字段取值固定为：
(2=异系统EUTRA测量)",3GPP TS38.331,,,
CMCC_5G_EXT_PICO_V1.9.4,中国移动5G扩展型皮基站网管南向接口数据模型规范v1.9.4.xlsx,SM,31,parameter,A1事件测量控制参数,Device.Services.FAPService.{i}.CellConfig.{i}.NR.RAN.Mobility.ConnMode.NR.A1MeasureCtrl.2.ReportAmount,Device,ReportAmount,Y,ReportAmount,上报次数,B,AK,rptAmount,RW,"unsignedInt[0:2, 4, 8, 16, 32, 64]",,,测量报告发送的次数，0表示无限次,3GPP TS38.331,,,
CMCC_5G_EXT_PICO_V1.9.4,中国移动5G扩展型皮基站网管南向接口数据模型规范v1.9.4.xlsx,SM,32,parameter,A1事件测量控制参数,Device.Services.FAPService.{i}.CellConfig.{i}.NR.RAN.Mobility.ConnMode.NR.A1MeasureCtrl.2.ReportInterval,Device,ReportInterval,Y,ReportInterval,上报间隔,B,AK,rptInterval,RW,"unsignedInt[120, 240, 480, 640, 1024, 2048, 5120, 10240, 60000, 360000, 720000, 1800000]",,,连续测量报告之间的间隔，单位ms,3GPP TS38.331,,,
CMCC_5G_EXT_PICO_V1.9.4,中国移动5G扩展型皮基站网管南向接口数据模型规范v1.9.4.xlsx,SM,27,parameter,A1事件测量控制参数,Device.Services.FAPService.{i}.CellConfig.{i}.NR.RAN.Mobility.ConnMode.NR.A1MeasureCtrl.2.ReportOnLeave,Device,ReportOnLeave,Y,ReportOnLeave,A1事件离开上报指示,B,,,RW,boolean,,,"某小区的离开状态满足时,UE是否触发测量上报过程；
0:代表不满足条件的小区离开测量列表时不进行上报；
1:代表都会触发测量结果的填写以及上报消息的发送",3GPP TS38.331,,,
CMCC_5G_EXT_PICO_V1.9.4,中国移动5G扩展型皮基站网管南向接口数据模型规范v1.9.4.xlsx,SM,33,parameter,A1事件测量控制参数,Device.Services.FAPService.{i}.CellConfig.{i}.NR.RAN.Mobility.ConnMode.NR.A1MeasureCtrl.2.ReportQuantityCell,Device,ReportQuantityCell,Y,ReportQuantityCell,上报量,B,AK,rptQuantityCell,RW,string,,,"测量报告中的上报量
{rsrp,rsrq,sinr}",3GPP TS38.331,,,
CMCC_5G_EXT_PICO_V1.9.4,中国移动5G扩展型皮基站网管南向接口数据模型规范v1.9.4.xlsx,SM,25,parameter,A1事件测量控制参数,Device.Services.FAPService.{i}.CellConfig.{i}.NR.RAN.Mobility.ConnMode.NR.A1MeasureCtrl.2.RptQuantityRsIndex,Device,RptQuantityRsIndex,Y,RptQuantityRsIndex,A1事件RS测量上报量,B,AK,rptQuantityRsIndex,RW,string,,,"该参数用于指示RS测量上报量:{rsrp,rsrq,sinr,NULL}",3GPP TS38.331,,,
CMCC_5G_EXT_PICO_V1.9.4,中国移动5G扩展型皮基站网管南向接口数据模型规范v1.9.4.xlsx,SM,35,parameter,A1事件测量控制参数,Device.Services.FAPService.{i}.CellConfig.{i}.NR.RAN.Mobility.ConnMode.NR.A1MeasureCtrl.2.RsType,Device,RsType,Y,RsType,测量类型指示,B,,,RW,string,,,"用来指示测量参考信号的类型，是ssb还是csi-rs,{ssb,csi-rs}",3GPP TS38.331,,,
CMCC_5G_EXT_PICO_V1.9.4,中国移动5G扩展型皮基站网管南向接口数据模型规范v1.9.4.xlsx,SM,34,parameter,A1事件测量控制参数,Device.Services.FAPService.{i}.CellConfig.{i}.NR.RAN.Mobility.ConnMode.NR.A1MeasureCtrl.2.TimeToTrigger,Device,TimeToTrigger,Y,TimeToTrigger,触发时间,B,,,RW,"unsignedInt[0,40, 64, 80,100,128, 160,256,320, 480, 512, 640, 1024,1280,2560,5120]",,,"为了满足触发RAT测量报告,触发条件持续的时间，单位ms",3GPP TS38.331,,,
CMCC_5G_EXT_PICO_V1.9.4,中国移动5G扩展型皮基站网管南向接口数据模型规范v1.9.4.xlsx,SM,21,parameter,A1事件测量控制参数,Device.Services.FAPService.{i}.CellConfig.{i}.NR.RAN.Mobility.ConnMode.NR.A1MeasureCtrl.2.TriggerQuantity,Device,TriggerQuantity,Y,TriggerQuantity,控制门限信号类型,B,,,RW,string,,,"TriggerQuantity取值范围为{rsrp,rsrq,sinr}，三选一",,,,20231020-添加用于控制门限信号类型的参数-A1MeasureCtrl.2.TriggerQuantity
CMCC_5G_EXT_PICO_V1.9.4,中国移动5G扩展型皮基站网管南向接口数据模型规范v1.9.4.xlsx,SM,5,parameter,A1事件测量控制参数,Device.Services.FAPService.{i}.CellConfig.{i}.NR.RAN.Mobility.ConnMode.NR.A1MeasureCtrl.{i}.A1ThresholdRSRP,Device,A1ThresholdRSRP,Y,A1ThresholdRSRP,A1事件RSRP门限,B,AK,rsrpThreshold,RW,unsignedInt[0:127],,,用于NR测量中，触发量为RSRP时，A1事件触发条件的绝对门限,3GPP TS38.331,,,
CMCC_5G_EXT_PICO_V1.9.4,中国移动5G扩展型皮基站网管南向接口数据模型规范v1.9.4.xlsx,SM,6,parameter,A1事件测量控制参数,Device.Services.FAPService.{i}.CellConfig.{i}.NR.RAN.Mobility.ConnMode.NR.A1MeasureCtrl.{i}.A1ThresholdRSRQ,Device,A1ThresholdRSRQ,Y,A1ThresholdRSRQ,A1事件RSRQ门限,B,AK,rsrqThreshold,RW,unsignedInt[0:127],,,用于NR测量中，触发量为RSRQ时，A1事件触发条件的绝对门限,3GPP TS38.331,,,
CMCC_5G_EXT_PICO_V1.9.4,中国移动5G扩展型皮基站网管南向接口数据模型规范v1.9.4.xlsx,SM,7,parameter,A1事件测量控制参数,Device.Services.FAPService.{i}.CellConfig.{i}.NR.RAN.Mobility.ConnMode.NR.A1MeasureCtrl.{i}.A1ThresholdSINR,Device,A1ThresholdSINR,Y,A1ThresholdSINR,A1事件SINR门限,B,AK,sinrThreshold,RW,unsignedInt[0:127],,,用于NR测量中，触发量为SINR时，A1事件触发条件的绝对门限,3GPP TS38.331,,,
CMCC_5G_EXT_PICO_V1.9.4,中国移动5G扩展型皮基站网管南向接口数据模型规范v1.9.4.xlsx,SM,3,parameter,A1事件测量控制参数,Device.Services.FAPService.{i}.CellConfig.{i}.NR.RAN.Mobility.ConnMode.NR.A1MeasureCtrl.{i}.Enable,Device,Enable,Y,Enable,使能开关,B,,,RW,boolean,,,是否启用该表项，（0：不启用，1：启用）,3GPP TS38.331,参数路径中最后一个多实例节点（{i}）序号1～10为系统保留段，若厂商对A1测量事件有其它用途，则从A1MeasureCtrl.11.开始定义,,
CMCC_5G_EXT_PICO_V1.9.4,中国移动5G扩展型皮基站网管南向接口数据模型规范v1.9.4.xlsx,SM,11,parameter,A1事件测量控制参数,Device.Services.FAPService.{i}.CellConfig.{i}.NR.RAN.Mobility.ConnMode.NR.A1MeasureCtrl.{i}.Hysteresis,Device,Hysteresis,Y,Hysteresis,迟滞值,B,,,RW,unsignedInt[0:30],,,进入和离开上报触发事件条件的滞后值,3GPP TS38.331,,,
CMCC_5G_EXT_PICO_V1.9.4,中国移动5G扩展型皮基站网管南向接口数据模型规范v1.9.4.xlsx,SM,19,parameter,A1事件测量控制参数,Device.Services.FAPService.{i}.CellConfig.{i}.NR.RAN.Mobility.ConnMode.NR.A1MeasureCtrl.{i}.IncludeBeamMeasurements,Device,IncludeBeamMeasurements,Y,IncludeBeamMeasurements,波束赋形测量指示,B,AK,includeBeamMeasurements,RW,boolean,,,指示是否使用波束赋形功能（0：不启用，1：启用）,3GPP TS38.331,,,
CMCC_5G_EXT_PICO_V1.9.4,中国移动5G扩展型皮基站网管南向接口数据模型规范v1.9.4.xlsx,SM,9,parameter,A1事件测量控制参数,Device.Services.FAPService.{i}.CellConfig.{i}.NR.RAN.Mobility.ConnMode.NR.A1MeasureCtrl.{i}.MaxNrofRSIndexToReport,Device,MaxNrofRSIndexToReport,Y,MaxNrofRSIndexToReport,RS测量上报资源最大个数,B,AK,maxNrofRSIndexToReport,RW,"unsignedInt[1:32,0x0000FFFF]",,,"该参数用于指示RS测量上报资源最大个数,1~32协议规定，0x0000FFFF表示不携带该值",3GPP TS38.331,,,
CMCC_5G_EXT_PICO_V1.9.4,中国移动5G扩展型皮基站网管南向接口数据模型规范v1.9.4.xlsx,SM,12,parameter,A1事件测量控制参数,Device.Services.FAPService.{i}.CellConfig.{i}.NR.RAN.Mobility.ConnMode.NR.A1MeasureCtrl.{i}.MaxReportCells,Device,MaxReportCells,Y,MaxReportCells,最大上报小区数,B,AK,maxRptCellNum,RW,unsignedInt[1:8],,,测量报告中包含小区的最大数目,3GPP TS38.331,,,
CMCC_5G_EXT_PICO_V1.9.4,中国移动5G扩展型皮基站网管南向接口数据模型规范v1.9.4.xlsx,SM,13,parameter,A1事件测量控制参数,Device.Services.FAPService.{i}.CellConfig.{i}.NR.RAN.Mobility.ConnMode.NR.A1MeasureCtrl.{i}.MeasurePurpose,Device,MeasurePurpose,Y,MeasurePurpose,测量目的,B,,,R,unsignedInt[1:100],,,"用于表明当前配置事件的使用目的，本字段取值固定为：
(1=异频测量)",3GPP TS38.331,,,
CMCC_5G_EXT_PICO_V1.9.4,中国移动5G扩展型皮基站网管南向接口数据模型规范v1.9.4.xlsx,SM,14,parameter,A1事件测量控制参数,Device.Services.FAPService.{i}.CellConfig.{i}.NR.RAN.Mobility.ConnMode.NR.A1MeasureCtrl.{i}.ReportAmount,Device,ReportAmount,Y,ReportAmount,上报次数,B,AK,rptAmount,RW,"unsignedInt[0:2, 4, 8, 16, 32, 64]",,,测量报告发送的次数，0表示无限次,3GPP TS38.331,,,
CMCC_5G_EXT_PICO_V1.9.4,中国移动5G扩展型皮基站网管南向接口数据模型规范v1.9.4.xlsx,SM,15,parameter,A1事件测量控制参数,Device.Services.FAPService.{i}.CellConfig.{i}.NR.RAN.Mobility.ConnMode.NR.A1MeasureCtrl.{i}.ReportInterval,Device,ReportInterval,Y,ReportInterval,上报间隔,B,AK,rptInterval,RW,"unsignedInt[120, 240, 480, 640, 1024, 2048, 5120, 10240, 60000, 360000, 720000, 1800000]",,,连续测量报告之间的间隔，单位ms,3GPP TS38.331,,,
CMCC_5G_EXT_PICO_V1.9.4,中国移动5G扩展型皮基站网管南向接口数据模型规范v1.9.4.xlsx,SM,10,parameter,A1事件测量控制参数,Device.Services.FAPService.{i}.CellConfig.{i}.NR.RAN.Mobility.ConnMode.NR.A1MeasureCtrl.{i}.ReportOnLeave,Device,ReportOnLeave,Y,ReportOnLeave,A1事件离开上报指示,B,,,RW,boolean,,,"某小区的离开状态满足时,UE是否触发测量上报过程；
0:代表不满足条件的小区离开测量列表时不进行上报；
1:代表都会触发测量结果的填写以及上报消息的发送",3GPP TS38.331,,,
CMCC_5G_EXT_PICO_V1.9.4,中国移动5G扩展型皮基站网管南向接口数据模型规范v1.9.4.xlsx,SM,16,parameter,A1事件测量控制参数,Device.Services.FAPService.{i}.CellConfig.{i}.NR.RAN.Mobility.ConnMode.NR.A1MeasureCtrl.{i}.ReportQuantityCell,Device,ReportQuantityCell,Y,ReportQuantityCell,上报量,B,AK,rptQuantityCell,RW,string,,,"测量报告中的上报量
{rsrp,rsrq,sinr}",3GPP TS38.331,,,
CMCC_5G_EXT_PICO_V1.9.4,中国移动5G扩展型皮基站网管南向接口数据模型规范v1.9.4.xlsx,SM,8,parameter,A1事件测量控制参数,Device.Services.FAPService.{i}.CellConfig.{i}.NR.RAN.Mobility.ConnMode.NR.A1MeasureCtrl.{i}.RptQuantityRsIndex,Device,RptQuantityRsIndex,Y,RptQuantityRsIndex,A1事件RS测量上报量,B,AK,rptQuantityRsIndex,RW,string,,,"该参数用于指示RS测量上报量:{rsrp,rsrq,sinr,NULL}",3GPP TS38.331,,,
CMCC_5G_EXT_PICO_V1.9.4,中国移动5G扩展型皮基站网管南向接口数据模型规范v1.9.4.xlsx,SM,18,parameter,A1事件测量控制参数,Device.Services.FAPService.{i}.CellConfig.{i}.NR.RAN.Mobility.ConnMode.NR.A1MeasureCtrl.{i}.RsType,Device,RsType,Y,RsType,测量类型指示,B,,,RW,string,,,"用来指示测量参考信号的类型，是ssb还是csi-rs,{ssb,csi-rs}",3GPP TS38.331,,,
CMCC_5G_EXT_PICO_V1.9.4,中国移动5G扩展型皮基站网管南向接口数据模型规范v1.9.4.xlsx,SM,17,parameter,A1事件测量控制参数,Device.Services.FAPService.{i}.CellConfig.{i}.NR.RAN.Mobility.ConnMode.NR.A1MeasureCtrl.{i}.TimeToTrigger,Device,TimeToTrigger,Y,TimeToTrigger,触发时间,B,,,RW,"unsignedInt[0,40, 64, 80,100,128, 160,256,320, 480, 512, 640, 1024,1280,2560,5120]",,,"为了满足触发RAT测量报告,触发条件持续的时间，单位ms",3GPP TS38.331,,,
CMCC_5G_EXT_PICO_V1.9.4,中国移动5G扩展型皮基站网管南向接口数据模型规范v1.9.4.xlsx,SM,4,parameter,A1事件测量控制参数,Device.Services.FAPService.{i}.CellConfig.{i}.NR.RAN.Mobility.ConnMode.NR.A1MeasureCtrl.{i}.TriggerQuantity,Device,TriggerQuantity,Y,TriggerQuantity,控制门限信号类型,B,,,RW,string,,,"TriggerQuantity取值范围为{rsrp,rsrq,sinr}，三选一",,,,20231020-添加用于控制门限信号类型的参数-A1MeasureCtrl.1.TriggerQuantity
CMCC_TD_LTE_V2.3,中国移动TD-LTE皮站_飞站基站设备网络管理南向接口数据配置模型规范V2.3.xlsx,SJ,8,parameter,A1事件测量控制参数,InternetGatewayDevice.Services.FAPService.{i}.CellConfig.LTE.RAN.Mobility.ConnMode.EUTRA.A1MeasureCtrl.1.A1ThresholdRSRP,InternetGatewayDevice,A1ThresholdRSRP,Y,A1ThresholdRSRP,A1事件RSRP门限,B,AT,A1ThresholdInterFCo,RW,unsignedInt[0:97],,,"用于EUTRA测量中,触发量为RSRP时,A1事件触发条件的绝对门限",NRM数据配置要求,,,
CMCC_TD_LTE_V2.3,中国移动TD-LTE皮站_飞站基站设备网络管理南向接口数据配置模型规范V2.3.xlsx,SJ,9,parameter,A1事件测量控制参数,InternetGatewayDevice.Services.FAPService.{i}.CellConfig.LTE.RAN.Mobility.ConnMode.EUTRA.A1MeasureCtrl.1.A1ThresholdRSRQ,InternetGatewayDevice,A1ThresholdRSRQ,Y,A1ThresholdRSRQ,A1事件RSRQ门限,B,,A1ThresholdInterFCov,RW,unsignedInt[0:34],,,"用于EUTRA测量中,触发量为RSRQ时,A1事件触发条件的绝对门限",,,,
CMCC_TD_LTE_V2.3,中国移动TD-LTE皮站_飞站基站设备网络管理南向接口数据配置模型规范V2.3.xlsx,SJ,7,parameter,A1事件测量控制参数,InternetGatewayDevice.Services.FAPService.{i}.CellConfig.LTE.RAN.Mobility.ConnMode.EUTRA.A1MeasureCtrl.1.Enable,InternetGatewayDevice,Enable,Y,Enable,使能开关,B,,,RW,boolean,,,是否启用该表项,,参数路径中最后一个多实例节点（{i}）序号1～10为系统保留段，若厂商对A1测量事件有其它用途，则从A1MeasureCtrl.11.开始定义,新增使能开关,
CMCC_TD_LTE_V2.3,中国移动TD-LTE皮站_飞站基站设备网络管理南向接口数据配置模型规范V2.3.xlsx,SJ,10,parameter,A1事件测量控制参数,InternetGatewayDevice.Services.FAPService.{i}.CellConfig.LTE.RAN.Mobility.ConnMode.EUTRA.A1MeasureCtrl.1.Hysteresis,InternetGatewayDevice,Hysteresis,Y,Hysteresis,迟滞值,B,,A1HysteresisInterFCov,RW,unsignedInt[0:30],,,进入和离开上报触发事件条件的滞后值,,,,
CMCC_TD_LTE_V2.3,中国移动TD-LTE皮站_飞站基站设备网络管理南向接口数据配置模型规范V2.3.xlsx,SJ,11,parameter,A1事件测量控制参数,InternetGatewayDevice.Services.FAPService.{i}.CellConfig.LTE.RAN.Mobility.ConnMode.EUTRA.A1MeasureCtrl.1.MaxReportCells,InternetGatewayDevice,MaxReportCells,Y,MaxReportCells,最大上报小区数,B,,,RW,unsignedInt[1:8],,,测量报告中包含小区的最大数目,,,,
CMCC_TD_LTE_V2.3,中国移动TD-LTE皮站_飞站基站设备网络管理南向接口数据配置模型规范V2.3.xlsx,SJ,12,parameter,A1事件测量控制参数,InternetGatewayDevice.Services.FAPService.{i}.CellConfig.LTE.RAN.Mobility.ConnMode.EUTRA.A1MeasureCtrl.1.MeasurePurpose,InternetGatewayDevice,MeasurePurpose,Y,MeasurePurpose,测量目的,B,,,R,unsignedInt[1:100],,,"用于表明当前配置事件的使用目的，本字段取值固定为：
(1=异频测量)",,,对测量目的增加描述,
CMCC_TD_LTE_V2.3,中国移动TD-LTE皮站_飞站基站设备网络管理南向接口数据配置模型规范V2.3.xlsx,SJ,13,parameter,A1事件测量控制参数,InternetGatewayDevice.Services.FAPService.{i}.CellConfig.LTE.RAN.Mobility.ConnMode.EUTRA.A1MeasureCtrl.1.ReportAmount,InternetGatewayDevice,ReportAmount,Y,ReportAmount,上报次数,B,,,RW,"unsignedInt[0:2, 4, 8, 16, 32, 64]",,,测量报告发送的次数，0表示无限次,,,,
CMCC_TD_LTE_V2.3,中国移动TD-LTE皮站_飞站基站设备网络管理南向接口数据配置模型规范V2.3.xlsx,SJ,14,parameter,A1事件测量控制参数,InternetGatewayDevice.Services.FAPService.{i}.CellConfig.LTE.RAN.Mobility.ConnMode.EUTRA.A1MeasureCtrl.1.ReportInterval,InternetGatewayDevice,ReportInterval,Y,ReportInterval,上报间隔,B,,,RW,"unsignedInt[120, 240, 480, 640, 1024, 2048, 5120, 10240, 60000, 360000, 720000, 1800000, 3600000]",,,连续测量报告之间的间隔，单位ms,,,,
CMCC_TD_LTE_V2.3,中国移动TD-LTE皮站_飞站基站设备网络管理南向接口数据配置模型规范V2.3.xlsx,SJ,15,parameter,A1事件测量控制参数,InternetGatewayDevice.Services.FAPService.{i}.CellConfig.LTE.RAN.Mobility.ConnMode.EUTRA.A1MeasureCtrl.1.ReportQuantity,InternetGatewayDevice,ReportQuantity,Y,ReportQuantity,上报量,B,,A1ReportQuantityInterFCov,RW,string,,,"测量报告中的上报量(sameAsTriggerQuantity, both)",,,,
CMCC_TD_LTE_V2.3,中国移动TD-LTE皮站_飞站基站设备网络管理南向接口数据配置模型规范V2.3.xlsx,SJ,16,parameter,A1事件测量控制参数,InternetGatewayDevice.Services.FAPService.{i}.CellConfig.LTE.RAN.Mobility.ConnMode.EUTRA.A1MeasureCtrl.1.TimeToTrigger,InternetGatewayDevice,TimeToTrigger,Y,TimeToTrigger,触发时间,B,,,RW,"unsignedInt[0,40, 64, 80,100,128, 160,256,320, 480, 512, 640, 1024,1280,2560,5120]",,,"为了满足触发RAT测量报告,触发条件持续的时间，单位ms",,,,
CMCC_TD_LTE_V2.3,中国移动TD-LTE皮站_飞站基站设备网络管理南向接口数据配置模型规范V2.3.xlsx,SJ,17,parameter,A1事件测量控制参数,InternetGatewayDevice.Services.FAPService.{i}.CellConfig.LTE.RAN.Mobility.ConnMode.EUTRA.A1MeasureCtrl.1.TriggerQuantity,InternetGatewayDevice,TriggerQuantity,Y,TriggerQuantity,触发量,B,,A1TriggerQuantityInterFCov,RW,string,,,"用来评估触发条件的事件触发量(RSRP, RSRQ)",,,,
CMCC_TD_LTE_V2.3,中国移动TD-LTE皮站_飞站基站设备网络管理南向接口数据配置模型规范V2.3.xlsx,SJ,19,parameter,A1事件测量控制参数,InternetGatewayDevice.Services.FAPService.{i}.CellConfig.LTE.RAN.Mobility.ConnMode.EUTRA.A1MeasureCtrl.2.A1ThresholdRSRP,InternetGatewayDevice,A1ThresholdRSRP,Y,A1ThresholdRSRP,A1事件RSRP门限,B,,A1ThresholdUtraCov,RW,unsignedInt[0:97],,,"用于EUTRA测量中,触发量为RSRP时,A1事件触发条件的绝对门限",,,,
CMCC_TD_LTE_V2.3,中国移动TD-LTE皮站_飞站基站设备网络管理南向接口数据配置模型规范V2.3.xlsx,SJ,20,parameter,A1事件测量控制参数,InternetGatewayDevice.Services.FAPService.{i}.CellConfig.LTE.RAN.Mobility.ConnMode.EUTRA.A1MeasureCtrl.2.A1ThresholdRSRQ,InternetGatewayDevice,A1ThresholdRSRQ,Y,A1ThresholdRSRQ,A1事件RSRQ门限,B,,A1ThresholdUtraCov,RW,unsignedInt[0:34],,,"用于EUTRA测量中,触发量为RSRQ时,A1事件触发条件的绝对门限",,,,
CMCC_TD_LTE_V2.3,中国移动TD-LTE皮站_飞站基站设备网络管理南向接口数据配置模型规范V2.3.xlsx,SJ,18,parameter,A1事件测量控制参数,InternetGatewayDevice.Services.FAPService.{i}.CellConfig.LTE.RAN.Mobility.ConnMode.EUTRA.A1MeasureCtrl.2.Enable,InternetGatewayDevice,Enable,Y,Enable,使能开关,B,,,RW,boolean,,,是否启用该表项,,,新增使能开关,
CMCC_TD_LTE_V2.3,中国移动TD-LTE皮站_飞站基站设备网络管理南向接口数据配置模型规范V2.3.xlsx,SJ,21,parameter,A1事件测量控制参数,InternetGatewayDevice.Services.FAPService.{i}.CellConfig.LTE.RAN.Mobility.ConnMode.EUTRA.A1MeasureCtrl.2.Hysteresis,InternetGatewayDevice,Hysteresis,Y,Hysteresis,迟滞值,B,,A1HysteresisUtraCov,RW,unsignedInt[0:30],,,进入和离开上报触发事件条件的滞后值,,,,
CMCC_TD_LTE_V2.3,中国移动TD-LTE皮站_飞站基站设备网络管理南向接口数据配置模型规范V2.3.xlsx,SJ,22,parameter,A1事件测量控制参数,InternetGatewayDevice.Services.FAPService.{i}.CellConfig.LTE.RAN.Mobility.ConnMode.EUTRA.A1MeasureCtrl.2.MaxReportCells,InternetGatewayDevice,MaxReportCells,Y,MaxReportCells,最大上报小区数,B,,,RW,unsignedInt[1:8],,,测量报告中包含小区的最大数目,,,,
CMCC_TD_LTE_V2.3,中国移动TD-LTE皮站_飞站基站设备网络管理南向接口数据配置模型规范V2.3.xlsx,SJ,23,parameter,A1事件测量控制参数,InternetGatewayDevice.Services.FAPService.{i}.CellConfig.LTE.RAN.Mobility.ConnMode.EUTRA.A1MeasureCtrl.2.MeasurePurpose,InternetGatewayDevice,MeasurePurpose,Y,MeasurePurpose,测量目的,B,,,R,unsignedInt[1:100],,,"用于表明当前配置事件的使用目的，本字段取值固定为：
(2=异系统UTRA测量)",,,对测量目的增加描述,
CMCC_TD_LTE_V2.3,中国移动TD-LTE皮站_飞站基站设备网络管理南向接口数据配置模型规范V2.3.xlsx,SJ,24,parameter,A1事件测量控制参数,InternetGatewayDevice.Services.FAPService.{i}.CellConfig.LTE.RAN.Mobility.ConnMode.EUTRA.A1MeasureCtrl.2.ReportAmount,InternetGatewayDevice,ReportAmount,Y,ReportAmount,上报次数,B,,,RW,"unsignedInt[0:2, 4, 8, 16, 32, 64]",,,测量报告发送的次数，0表示无限次,,,,
CMCC_TD_LTE_V2.3,中国移动TD-LTE皮站_飞站基站设备网络管理南向接口数据配置模型规范V2.3.xlsx,SJ,25,parameter,A1事件测量控制参数,InternetGatewayDevice.Services.FAPService.{i}.CellConfig.LTE.RAN.Mobility.ConnMode.EUTRA.A1MeasureCtrl.2.ReportInterval,InternetGatewayDevice,ReportInterval,Y,ReportInterval,上报间隔,B,,,RW,"unsignedInt[120, 240, 480, 640, 1024, 2048, 5120, 10240, 60000, 360000, 720000, 1800000, 3600000]",,,连续测量报告之间的间隔，单位ms,,,,
CMCC_TD_LTE_V2.3,中国移动TD-LTE皮站_飞站基站设备网络管理南向接口数据配置模型规范V2.3.xlsx,SJ,26,parameter,A1事件测量控制参数,InternetGatewayDevice.Services.FAPService.{i}.CellConfig.LTE.RAN.Mobility.ConnMode.EUTRA.A1MeasureCtrl.2.ReportQuantity,InternetGatewayDevice,ReportQuantity,Y,ReportQuantity,上报量,B,,A1ReportQuantityUtraCov,RW,string,,,"测量报告中的上报量(sameAsTriggerQuantity, both)",,,,
CMCC_TD_LTE_V2.3,中国移动TD-LTE皮站_飞站基站设备网络管理南向接口数据配置模型规范V2.3.xlsx,SJ,27,parameter,A1事件测量控制参数,InternetGatewayDevice.Services.FAPService.{i}.CellConfig.LTE.RAN.Mobility.ConnMode.EUTRA.A1MeasureCtrl.2.TimeToTrigger,InternetGatewayDevice,TimeToTrigger,Y,TimeToTrigger,触发时间,B,,,RW,"unsignedInt[0,40, 64, 80,100,128, 160,256,320, 480, 512, 640, 1024,1280,2560,5120]",,,"为了满足触发RAT测量报告,触发条件持续的时间，单位ms",,,,
CMCC_TD_LTE_V2.3,中国移动TD-LTE皮站_飞站基站设备网络管理南向接口数据配置模型规范V2.3.xlsx,SJ,28,parameter,A1事件测量控制参数,InternetGatewayDevice.Services.FAPService.{i}.CellConfig.LTE.RAN.Mobility.ConnMode.EUTRA.A1MeasureCtrl.2.TriggerQuantity,InternetGatewayDevice,TriggerQuantity,Y,TriggerQuantity,触发量,B,,A1TriggerQuantityUtraCov,RW,string,,,"用来评估触发条件的事件触发量(RSRP,RSRQ)",,,,
CMCC_TD_LTE_V2.3,中国移动TD-LTE皮站_飞站基站设备网络管理南向接口数据配置模型规范V2.3.xlsx,SJ,30,parameter,A1事件测量控制参数,InternetGatewayDevice.Services.FAPService.{i}.CellConfig.LTE.RAN.Mobility.ConnMode.EUTRA.A1MeasureCtrl.3.A1ThresholdRSRP,InternetGatewayDevice,A1ThresholdRSRP,Y,A1ThresholdRSRP,A1事件RSRP门限,B,,A1ThresholdGeranCov,RW,unsignedInt[0:97],,,"用于EUTRA测量中,触发量为RSRP时,A1事件触发条件的绝对门限",,,,
CMCC_TD_LTE_V2.3,中国移动TD-LTE皮站_飞站基站设备网络管理南向接口数据配置模型规范V2.3.xlsx,SJ,31,parameter,A1事件测量控制参数,InternetGatewayDevice.Services.FAPService.{i}.CellConfig.LTE.RAN.Mobility.ConnMode.EUTRA.A1MeasureCtrl.3.A1ThresholdRSRQ,InternetGatewayDevice,A1ThresholdRSRQ,Y,A1ThresholdRSRQ,A1事件RSRQ门限,B,,A1ThresholdGeranCov,RW,unsignedInt[0:34],,,"用于EUTRA测量中,触发量为RSRQ时,A1事件触发条件的绝对门限",,,,
CMCC_TD_LTE_V2.3,中国移动TD-LTE皮站_飞站基站设备网络管理南向接口数据配置模型规范V2.3.xlsx,SJ,29,parameter,A1事件测量控制参数,InternetGatewayDevice.Services.FAPService.{i}.CellConfig.LTE.RAN.Mobility.ConnMode.EUTRA.A1MeasureCtrl.3.Enable,InternetGatewayDevice,Enable,Y,Enable,使能开关,B,,,RW,boolean,,,是否启用该表项,,,新增使能开关,
CMCC_TD_LTE_V2.3,中国移动TD-LTE皮站_飞站基站设备网络管理南向接口数据配置模型规范V2.3.xlsx,SJ,32,parameter,A1事件测量控制参数,InternetGatewayDevice.Services.FAPService.{i}.CellConfig.LTE.RAN.Mobility.ConnMode.EUTRA.A1MeasureCtrl.3.Hysteresis,InternetGatewayDevice,Hysteresis,Y,Hysteresis,迟滞值,B,,A1HysteresisGeranCov,RW,unsignedInt[0:30],,,进入和离开上报触发事件条件的滞后值,,,,
CMCC_TD_LTE_V2.3,中国移动TD-LTE皮站_飞站基站设备网络管理南向接口数据配置模型规范V2.3.xlsx,SJ,33,parameter,A1事件测量控制参数,InternetGatewayDevice.Services.FAPService.{i}.CellConfig.LTE.RAN.Mobility.ConnMode.EUTRA.A1MeasureCtrl.3.MaxReportCells,InternetGatewayDevice,MaxReportCells,Y,MaxReportCells,最大上报小区数,B,,,RW,unsignedInt[1:8],,,测量报告中包含小区的最大数目,,,,
CMCC_TD_LTE_V2.3,中国移动TD-LTE皮站_飞站基站设备网络管理南向接口数据配置模型规范V2.3.xlsx,SJ,34,parameter,A1事件测量控制参数,InternetGatewayDevice.Services.FAPService.{i}.CellConfig.LTE.RAN.Mobility.ConnMode.EUTRA.A1MeasureCtrl.3.MeasurePurpose,InternetGatewayDevice,MeasurePurpose,Y,MeasurePurpose,测量目的,B,,,R,unsignedInt[1:100],,,"用于表明当前配置事件的使用目的，本字段取值固定为：
(3=异系统GERAN)",,,对测量目的增加描述,
CMCC_TD_LTE_V2.3,中国移动TD-LTE皮站_飞站基站设备网络管理南向接口数据配置模型规范V2.3.xlsx,SJ,35,parameter,A1事件测量控制参数,InternetGatewayDevice.Services.FAPService.{i}.CellConfig.LTE.RAN.Mobility.ConnMode.EUTRA.A1MeasureCtrl.3.ReportAmount,InternetGatewayDevice,ReportAmount,Y,ReportAmount,上报次数,B,,,RW,"unsignedInt[0:2, 4, 8, 16, 32, 64]",,,测量报告发送的次数，0表示无限次,,,,
CMCC_TD_LTE_V2.3,中国移动TD-LTE皮站_飞站基站设备网络管理南向接口数据配置模型规范V2.3.xlsx,SJ,36,parameter,A1事件测量控制参数,InternetGatewayDevice.Services.FAPService.{i}.CellConfig.LTE.RAN.Mobility.ConnMode.EUTRA.A1MeasureCtrl.3.ReportInterval,InternetGatewayDevice,ReportInterval,Y,ReportInterval,上报间隔,B,,,RW,"unsignedInt[120, 240, 480, 640, 1024, 2048, 5120, 10240, 60000, 360000, 720000, 1800000, 3600000]",,,连续测量报告之间的间隔,,,,
CMCC_TD_LTE_V2.3,中国移动TD-LTE皮站_飞站基站设备网络管理南向接口数据配置模型规范V2.3.xlsx,SJ,37,parameter,A1事件测量控制参数,InternetGatewayDevice.Services.FAPService.{i}.CellConfig.LTE.RAN.Mobility.ConnMode.EUTRA.A1MeasureCtrl.3.ReportQuantity,InternetGatewayDevice,ReportQuantity,Y,ReportQuantity,上报量,B,,A1ReportQuantityGeranCov,RW,string,,,"测量报告中的上报量(sameAsTriggerQuantity, both)",,,,
CMCC_TD_LTE_V2.3,中国移动TD-LTE皮站_飞站基站设备网络管理南向接口数据配置模型规范V2.3.xlsx,SJ,38,parameter,A1事件测量控制参数,InternetGatewayDevice.Services.FAPService.{i}.CellConfig.LTE.RAN.Mobility.ConnMode.EUTRA.A1MeasureCtrl.3.TimeToTrigger,InternetGatewayDevice,TimeToTrigger,Y,TimeToTrigger,触发时间,B,,,RW,"unsignedInt[0,40, 64, 80,100,128, 160,256,320, 480, 512, 640, 1024,1280,2560,5120]",,,"为了满足触发RAT测量报告,触发条件持续的时间",,,,
CMCC_TD_LTE_V2.3,中国移动TD-LTE皮站_飞站基站设备网络管理南向接口数据配置模型规范V2.3.xlsx,SJ,39,parameter,A1事件测量控制参数,InternetGatewayDevice.Services.FAPService.{i}.CellConfig.LTE.RAN.Mobility.ConnMode.EUTRA.A1MeasureCtrl.3.TriggerQuantity,InternetGatewayDevice,TriggerQuantity,Y,TriggerQuantity,触发量,B,,A1TriggerQuantityGeranCov,RW,string,,,"用来评估触发条件的事件触发量(RSRP,RSRQ)",,,,
CMCC_TD_LTE_V2.3,中国移动TD-LTE皮站_飞站基站设备网络管理南向接口数据配置模型规范V2.3.xlsx,SJ,41,parameter,A1事件测量控制参数,InternetGatewayDevice.Services.FAPService.{i}.CellConfig.LTE.RAN.Mobility.ConnMode.EUTRA.A1MeasureCtrl.{i}.A1ThresholdRSRP,InternetGatewayDevice,A1ThresholdRSRP,Y,A1ThresholdRSRP,A1事件RSRP门限,CB,,,RW,unsignedInt[0:97],,,"用于EUTRA测量中,触发量为RSRP时,A1事件触发条件的绝对门限",,,,
CMCC_TD_LTE_V2.3,中国移动TD-LTE皮站_飞站基站设备网络管理南向接口数据配置模型规范V2.3.xlsx,SJ,42,parameter,A1事件测量控制参数,InternetGatewayDevice.Services.FAPService.{i}.CellConfig.LTE.RAN.Mobility.ConnMode.EUTRA.A1MeasureCtrl.{i}.A1ThresholdRSRQ,InternetGatewayDevice,A1ThresholdRSRQ,Y,A1ThresholdRSRQ,A1事件RSRQ门限,CB,,,RW,unsignedInt[0:34],,,"用于EUTRA测量中,触发量为RSRQ时,A1事件触发条件的绝对门限",,,,
CMCC_TD_LTE_V2.3,中国移动TD-LTE皮站_飞站基站设备网络管理南向接口数据配置模型规范V2.3.xlsx,SJ,40,parameter,A1事件测量控制参数,InternetGatewayDevice.Services.FAPService.{i}.CellConfig.LTE.RAN.Mobility.ConnMode.EUTRA.A1MeasureCtrl.{i}.Enable,InternetGatewayDevice,Enable,Y,Enable,使能开关,CB,,,RW,boolean,,,是否启用该表项,,,新增使能开关,
CMCC_TD_LTE_V2.3,中国移动TD-LTE皮站_飞站基站设备网络管理南向接口数据配置模型规范V2.3.xlsx,SJ,43,parameter,A1事件测量控制参数,InternetGatewayDevice.Services.FAPService.{i}.CellConfig.LTE.RAN.Mobility.ConnMode.EUTRA.A1MeasureCtrl.{i}.Hysteresis,InternetGatewayDevice,Hysteresis,Y,Hysteresis,迟滞值,CB,,,RW,unsignedInt[0:30],,,进入和离开上报触发事件条件的滞后值,,,,
CMCC_TD_LTE_V2.3,中国移动TD-LTE皮站_飞站基站设备网络管理南向接口数据配置模型规范V2.3.xlsx,SJ,44,parameter,A1事件测量控制参数,InternetGatewayDevice.Services.FAPService.{i}.CellConfig.LTE.RAN.Mobility.ConnMode.EUTRA.A1MeasureCtrl.{i}.MaxReportCells,InternetGatewayDevice,MaxReportCells,Y,MaxReportCells,最大上报小区数,CB,,,RW,unsignedInt[1:8],,,测量报告中包含小区的最大数目,,,,
CMCC_TD_LTE_V2.3,中国移动TD-LTE皮站_飞站基站设备网络管理南向接口数据配置模型规范V2.3.xlsx,SJ,45,parameter,A1事件测量控制参数,InternetGatewayDevice.Services.FAPService.{i}.CellConfig.LTE.RAN.Mobility.ConnMode.EUTRA.A1MeasureCtrl.{i}.MeasurePurpose,InternetGatewayDevice,MeasurePurpose,Y,MeasurePurpose,测量目的,CB,,,R,unsignedInt[1:100],,,用于表明当前配置事件的使用目的，厂家自定义测量事件从10开始定义,,,对测量目的增加描述，属性改为只读,
CMCC_TD_LTE_V2.3,中国移动TD-LTE皮站_飞站基站设备网络管理南向接口数据配置模型规范V2.3.xlsx,SJ,46,parameter,A1事件测量控制参数,InternetGatewayDevice.Services.FAPService.{i}.CellConfig.LTE.RAN.Mobility.ConnMode.EUTRA.A1MeasureCtrl.{i}.ReportAmount,InternetGatewayDevice,ReportAmount,Y,ReportAmount,上报次数,CB,,,RW,"unsignedInt[0:2, 4, 8, 16, 32, 64]",,,测量报告发送的次数，0表示无限次,,,,
CMCC_TD_LTE_V2.3,中国移动TD-LTE皮站_飞站基站设备网络管理南向接口数据配置模型规范V2.3.xlsx,SJ,47,parameter,A1事件测量控制参数,InternetGatewayDevice.Services.FAPService.{i}.CellConfig.LTE.RAN.Mobility.ConnMode.EUTRA.A1MeasureCtrl.{i}.ReportInterval,InternetGatewayDevice,ReportInterval,Y,ReportInterval,上报间隔,CB,,,RW,"unsignedInt[120, 240, 480, 640, 1024, 2048, 5120, 10240, 60000, 360000, 720000, 1800000, 3600000]",,,连续测量报告之间的间隔，单位ms,,,,
CMCC_TD_LTE_V2.3,中国移动TD-LTE皮站_飞站基站设备网络管理南向接口数据配置模型规范V2.3.xlsx,SJ,48,parameter,A1事件测量控制参数,InternetGatewayDevice.Services.FAPService.{i}.CellConfig.LTE.RAN.Mobility.ConnMode.EUTRA.A1MeasureCtrl.{i}.ReportQuantity,InternetGatewayDevice,ReportQuantity,Y,ReportQuantity,上报量,CB,,,RW,string,,,"测量报告中的上报量(sameAsTriggerQuantity, both)",,,,
CMCC_TD_LTE_V2.3,中国移动TD-LTE皮站_飞站基站设备网络管理南向接口数据配置模型规范V2.3.xlsx,SJ,49,parameter,A1事件测量控制参数,InternetGatewayDevice.Services.FAPService.{i}.CellConfig.LTE.RAN.Mobility.ConnMode.EUTRA.A1MeasureCtrl.{i}.TimeToTrigger,InternetGatewayDevice,TimeToTrigger,Y,TimeToTrigger,触发时间,CB,,,RW,"unsignedInt[0,40, 64, 80,100,128, 160,256,320, 480, 512, 640, 1024,1280,2560,5120]",,,"为了满足触发RAT测量报告,触发条件持续的时间，单位ms",,,,
CMCC_TD_LTE_V2.3,中国移动TD-LTE皮站_飞站基站设备网络管理南向接口数据配置模型规范V2.3.xlsx,SJ,50,parameter,A1事件测量控制参数,InternetGatewayDevice.Services.FAPService.{i}.CellConfig.LTE.RAN.Mobility.ConnMode.EUTRA.A1MeasureCtrl.{i}.TriggerQuantity,InternetGatewayDevice,TriggerQuantity,Y,TriggerQuantity,触发量,CB,,,RW,string,,,"用来评估触发条件的事件触发量(RSRP, RSRQ)",,,,
CMCC_TD_LTE_V2.3,中国移动TD-LTE皮站_飞站基站设备网络管理南向接口数据配置模型规范V2.3.xlsx,SJ,52,parameter,A2事件测量控制参数,Device.Services.FAPService.{i}.CellConfig.LTE.RAN.Mobility.ConnMode.EUTRA.A2MeasureCtrl.1.A2ThresholdRSRP,Device,A2ThresholdRSRP,Y,A2ThresholdRSRP,A2事件RSRP门限,A,,A2ThresholdInterFCov,RW,unsignedInt[0:97],,,"用于EUTRA测量中,触发量为RSRP时,A2事件触发条件的绝对门限",NRM数据配置要求,,,
CMCC_TD_LTE_V2.3,中国移动TD-LTE皮站_飞站基站设备网络管理南向接口数据配置模型规范V2.3.xlsx,SJ,53,parameter,A2事件测量控制参数,Device.Services.FAPService.{i}.CellConfig.LTE.RAN.Mobility.ConnMode.EUTRA.A2MeasureCtrl.1.A2ThresholdRSRQ,Device,A2ThresholdRSRQ,Y,A2ThresholdRSRQ,A2事件RSRQ门限,A,,A2ThresholdInterFCov,RW,unsignedInt[0:34],,,"用于EUTRA测量中,触发量为RSRQ时,A2事件触发条件的绝对门限",,,,
CMCC_TD_LTE_V2.3,中国移动TD-LTE皮站_飞站基站设备网络管理南向接口数据配置模型规范V2.3.xlsx,SJ,51,parameter,A2事件测量控制参数,Device.Services.FAPService.{i}.CellConfig.LTE.RAN.Mobility.ConnMode.EUTRA.A2MeasureCtrl.1.Enable,Device,Enable,Y,Enable,使能开关,A,,,RW,boolean,,,是否启用该表项,,参数路径中最后一个多实例节点（{i}）序号1～10为系统保留段，若厂商对A2测量事件有其它用途，则从A2MeasureCtrl.11.开始定义,新增使能开关,
CMCC_TD_LTE_V2.3,中国移动TD-LTE皮站_飞站基站设备网络管理南向接口数据配置模型规范V2.3.xlsx,SJ,54,parameter,A2事件测量控制参数,Device.Services.FAPService.{i}.CellConfig.LTE.RAN.Mobility.ConnMode.EUTRA.A2MeasureCtrl.1.Hysteresis,Device,Hysteresis,Y,Hysteresis,迟滞值,A,,A2HysteresisInterFCov,RW,unsignedInt[0:30],,,进入和离开上报触发事件条件的滞后值,,,,
CMCC_TD_LTE_V2.3,中国移动TD-LTE皮站_飞站基站设备网络管理南向接口数据配置模型规范V2.3.xlsx,SJ,55,parameter,A2事件测量控制参数,Device.Services.FAPService.{i}.CellConfig.LTE.RAN.Mobility.ConnMode.EUTRA.A2MeasureCtrl.1.MaxReportCells,Device,MaxReportCells,Y,MaxReportCells,最大上报小区数,A,,,RW,unsignedInt[1:8],,,测量报告中包含小区的最大数目,,,,
CMCC_TD_LTE_V2.3,中国移动TD-LTE皮站_飞站基站设备网络管理南向接口数据配置模型规范V2.3.xlsx,SJ,56,parameter,A2事件测量控制参数,Device.Services.FAPService.{i}.CellConfig.LTE.RAN.Mobility.ConnMode.EUTRA.A2MeasureCtrl.1.MeasurePurpose,Device,MeasurePurpose,Y,MeasurePurpose,测量目的,A,,,R,unsignedInt[1:100],,,"用于表明当前配置事件的使用目的，本字段取值固定为：
(1=异频测量)",,,对测量目的增加描述,
CMCC_TD_LTE_V2.3,中国移动TD-LTE皮站_飞站基站设备网络管理南向接口数据配置模型规范V2.3.xlsx,SJ,57,parameter,A2事件测量控制参数,Device.Services.FAPService.{i}.CellConfig.LTE.RAN.Mobility.ConnMode.EUTRA.A2MeasureCtrl.1.ReportAmount,Device,ReportAmount,Y,ReportAmount,上报次数,A,,,RW,"unsignedInt[0:2, 4, 8, 16, 32, 64]",,,测量报告发送的次数，0表示无限次,,,,
CMCC_TD_LTE_V2.3,中国移动TD-LTE皮站_飞站基站设备网络管理南向接口数据配置模型规范V2.3.xlsx,SJ,58,parameter,A2事件测量控制参数,Device.Services.FAPService.{i}.CellConfig.LTE.RAN.Mobility.ConnMode.EUTRA.A2MeasureCtrl.1.ReportInterval,Device,ReportInterval,Y,ReportInterval,上报间隔,A,,,RW,"unsignedInt[120, 240, 480, 640, 1024, 2048, 5120, 10240, 60000, 360000, 720000, 1800000, 3600000]",,,连续测量报告之间的上报间隔,,,,
CMCC_TD_LTE_V2.3,中国移动TD-LTE皮站_飞站基站设备网络管理南向接口数据配置模型规范V2.3.xlsx,SJ,59,parameter,A2事件测量控制参数,Device.Services.FAPService.{i}.CellConfig.LTE.RAN.Mobility.ConnMode.EUTRA.A2MeasureCtrl.1.ReportQuantity,Device,ReportQuantity,Y,ReportQuantity,上报量,A,,A2ReportQuantityInterFCov,RW,string,,,"测量报告中的上报量(sameAsTriggerQuantity, both)",,,,
CMCC_TD_LTE_V2.3,中国移动TD-LTE皮站_飞站基站设备网络管理南向接口数据配置模型规范V2.3.xlsx,SJ,60,parameter,A2事件测量控制参数,Device.Services.FAPService.{i}.CellConfig.LTE.RAN.Mobility.ConnMode.EUTRA.A2MeasureCtrl.1.TimeToTrigger,Device,TimeToTrigger,Y,TimeToTrigger,触发时间,A,,A2TimeToTriggerInterFCov,RW,"unsignedInt[0,40, 64, 80,100,128, 160,256,320, 480, 512, 640, 1024,1280,2560,5120]",,,为了满足触发RAT测量报告触发条件持续的时间，单位ms,,,,
CMCC_TD_LTE_V2.3,中国移动TD-LTE皮站_飞站基站设备网络管理南向接口数据配置模型规范V2.3.xlsx,SJ,61,parameter,A2事件测量控制参数,Device.Services.FAPService.{i}.CellConfig.LTE.RAN.Mobility.ConnMode.EUTRA.A2MeasureCtrl.1.TriggerQuantity,Device,TriggerQuantity,Y,TriggerQuantity,触发量,A,,A2TriggerQuantityInterFCov,RW,string,,,用来评估触发条件测量报告的数量,,,,
CMCC_TD_LTE_V2.3,中国移动TD-LTE皮站_飞站基站设备网络管理南向接口数据配置模型规范V2.3.xlsx,SJ,63,parameter,A2事件测量控制参数,Device.Services.FAPService.{i}.CellConfig.LTE.RAN.Mobility.ConnMode.EUTRA.A2MeasureCtrl.2.A2ThresholdRSRP,Device,A2ThresholdRSRP,Y,A2ThresholdRSRP,A2事件RSRP门限,A,,A2ThresholdUtraCov,RW,unsignedInt[0:97],,,"用于EUTRA测量中,触发量为RSRP时,A2事件触发条件的绝对门限",,,,
CMCC_TD_LTE_V2.3,中国移动TD-LTE皮站_飞站基站设备网络管理南向接口数据配置模型规范V2.3.xlsx,SJ,64,parameter,A2事件测量控制参数,Device.Services.FAPService.{i}.CellConfig.LTE.RAN.Mobility.ConnMode.EUTRA.A2MeasureCtrl.2.A2ThresholdRSRQ,Device,A2ThresholdRSRQ,Y,A2ThresholdRSRQ,A2事件RSRQ门限,A,,A2ThresholdUtraCov,RW,unsignedInt[0:34],,,"用于EUTRA测量中,触发量为RSRQ时,A2事件触发条件的绝对门限",,,,
CMCC_TD_LTE_V2.3,中国移动TD-LTE皮站_飞站基站设备网络管理南向接口数据配置模型规范V2.3.xlsx,SJ,62,parameter,A2事件测量控制参数,Device.Services.FAPService.{i}.CellConfig.LTE.RAN.Mobility.ConnMode.EUTRA.A2MeasureCtrl.2.Enable,Device,Enable,Y,Enable,使能开关,A,,,RW,boolean,,,是否启用该表项,,,新增使能开关,
CMCC_TD_LTE_V2.3,中国移动TD-LTE皮站_飞站基站设备网络管理南向接口数据配置模型规范V2.3.xlsx,SJ,65,parameter,A2事件测量控制参数,Device.Services.FAPService.{i}.CellConfig.LTE.RAN.Mobility.ConnMode.EUTRA.A2MeasureCtrl.2.Hysteresis,Device,Hysteresis,Y,Hysteresis,迟滞值,A,,A2HysteresisUtraCov,RW,unsignedInt[0:30],,,进入和离开上报触发事件条件的滞后值,,,,
CMCC_TD_LTE_V2.3,中国移动TD-LTE皮站_飞站基站设备网络管理南向接口数据配置模型规范V2.3.xlsx,SJ,66,parameter,A2事件测量控制参数,Device.Services.FAPService.{i}.CellConfig.LTE.RAN.Mobility.ConnMode.EUTRA.A2MeasureCtrl.2.MaxReportCells,Device,MaxReportCells,Y,MaxReportCells,最大上报小区数,A,,,RW,unsignedInt[1:8],,,测量报告中包含小区的最大数目,,,,
CMCC_TD_LTE_V2.3,中国移动TD-LTE皮站_飞站基站设备网络管理南向接口数据配置模型规范V2.3.xlsx,SJ,67,parameter,A2事件测量控制参数,Device.Services.FAPService.{i}.CellConfig.LTE.RAN.Mobility.ConnMode.EUTRA.A2MeasureCtrl.2.MeasurePurpose,Device,MeasurePurpose,Y,MeasurePurpose,测量目的,A,,,R,unsignedInt[1:100],,,"用于表明当前配置事件的使用目的，本字段取值固定为：
(2=异系统UTRA测量)",,,对测量目的增加描述,
CMCC_TD_LTE_V2.3,中国移动TD-LTE皮站_飞站基站设备网络管理南向接口数据配置模型规范V2.3.xlsx,SJ,68,parameter,A2事件测量控制参数,Device.Services.FAPService.{i}.CellConfig.LTE.RAN.Mobility.ConnMode.EUTRA.A2MeasureCtrl.2.ReportAmount,Device,ReportAmount,Y,ReportAmount,上报次数,A,,,RW,"unsignedInt[0:2, 4, 8, 16, 32, 64]",,,测量报告发送的次数，0表示无限次,,,,
CMCC_TD_LTE_V2.3,中国移动TD-LTE皮站_飞站基站设备网络管理南向接口数据配置模型规范V2.3.xlsx,SJ,69,parameter,A2事件测量控制参数,Device.Services.FAPService.{i}.CellConfig.LTE.RAN.Mobility.ConnMode.EUTRA.A2MeasureCtrl.2.ReportInterval,Device,ReportInterval,Y,ReportInterval,上报间隔,A,,,RW,"unsignedInt[120, 240, 480, 640, 1024, 2048, 5120, 10240, 60000, 360000, 720000, 1800000, 3600000]",,,连续测量报告之间的上报间隔,,,,
CMCC_TD_LTE_V2.3,中国移动TD-LTE皮站_飞站基站设备网络管理南向接口数据配置模型规范V2.3.xlsx,SJ,70,parameter,A2事件测量控制参数,Device.Services.FAPService.{i}.CellConfig.LTE.RAN.Mobility.ConnMode.EUTRA.A2MeasureCtrl.2.ReportQuantity,Device,ReportQuantity,Y,ReportQuantity,上报量,A,,A2ReportQuantityUtraCov,RW,string,,,"测量报告中的上报量（sameAsTriggerQuantity,both）",,,,
CMCC_TD_LTE_V2.3,中国移动TD-LTE皮站_飞站基站设备网络管理南向接口数据配置模型规范V2.3.xlsx,SJ,71,parameter,A2事件测量控制参数,Device.Services.FAPService.{i}.CellConfig.LTE.RAN.Mobility.ConnMode.EUTRA.A2MeasureCtrl.2.TimeToTrigger,Device,TimeToTrigger,Y,TimeToTrigger,触发时间,A,,A2TimeToTriggerUtraCov,RW,"unsignedInt[0,40, 64, 80,100,128, 160,256,320, 480, 512, 640, 1024,1280,2560,5120]",,,为了满足触发RAT测量报告触发条件持续的时间，单位ms,,,,
CMCC_TD_LTE_V2.3,中国移动TD-LTE皮站_飞站基站设备网络管理南向接口数据配置模型规范V2.3.xlsx,SJ,72,parameter,A2事件测量控制参数,Device.Services.FAPService.{i}.CellConfig.LTE.RAN.Mobility.ConnMode.EUTRA.A2MeasureCtrl.2.TriggerQuantity,Device,TriggerQuantity,Y,TriggerQuantity,触发量,A,,A2TriggerQuantityUtraCov,RW,string,,,"用来评估触发条件测量报告的数量（RSRP, RSRQ）",,,,
CMCC_TD_LTE_V2.3,中国移动TD-LTE皮站_飞站基站设备网络管理南向接口数据配置模型规范V2.3.xlsx,SJ,74,parameter,A2事件测量控制参数,Device.Services.FAPService.{i}.CellConfig.LTE.RAN.Mobility.ConnMode.EUTRA.A2MeasureCtrl.3.A2ThresholdRSRP,Device,A2ThresholdRSRP,Y,A2ThresholdRSRP,A2事件RSRP门限,A,,A2ThresholdGeranCov,RW,unsignedInt[0:97],,,"用于EUTRA测量中,触发量为RSRP时,A2事件触发条件的绝对门限",,,,
CMCC_TD_LTE_V2.3,中国移动TD-LTE皮站_飞站基站设备网络管理南向接口数据配置模型规范V2.3.xlsx,SJ,75,parameter,A2事件测量控制参数,Device.Services.FAPService.{i}.CellConfig.LTE.RAN.Mobility.ConnMode.EUTRA.A2MeasureCtrl.3.A2ThresholdRSRQ,Device,A2ThresholdRSRQ,Y,A2ThresholdRSRQ,A2事件RSRQ门限,A,,A2ThresholdGeranCov,RW,unsignedInt[0:34],,,"用于EUTRA测量中,触发量为RSRQ时,A2事件触发条件的绝对门限",,,,
CMCC_TD_LTE_V2.3,中国移动TD-LTE皮站_飞站基站设备网络管理南向接口数据配置模型规范V2.3.xlsx,SJ,73,parameter,A2事件测量控制参数,Device.Services.FAPService.{i}.CellConfig.LTE.RAN.Mobility.ConnMode.EUTRA.A2MeasureCtrl.3.Enable,Device,Enable,Y,Enable,使能开关,A,,,RW,boolean,,,是否启用该表项,,,新增使能开关,
CMCC_TD_LTE_V2.3,中国移动TD-LTE皮站_飞站基站设备网络管理南向接口数据配置模型规范V2.3.xlsx,SJ,76,parameter,A2事件测量控制参数,Device.Services.FAPService.{i}.CellConfig.LTE.RAN.Mobility.ConnMode.EUTRA.A2MeasureCtrl.3.Hysteresis,Device,Hysteresis,Y,Hysteresis,迟滞值,A,,A2HysteresisGeranCov,RW,unsignedInt[0:30],,,进入和离开上报触发事件条件的滞后值,,,,
CMCC_TD_LTE_V2.3,中国移动TD-LTE皮站_飞站基站设备网络管理南向接口数据配置模型规范V2.3.xlsx,SJ,77,parameter,A2事件测量控制参数,Device.Services.FAPService.{i}.CellConfig.LTE.RAN.Mobility.ConnMode.EUTRA.A2MeasureCtrl.3.MaxReportCells,Device,MaxReportCells,Y,MaxReportCells,最大上报小区数,A,,,RW,unsignedInt[1:8],,,测量报告中包含小区的最大数目,,,,
CMCC_TD_LTE_V2.3,中国移动TD-LTE皮站_飞站基站设备网络管理南向接口数据配置模型规范V2.3.xlsx,SJ,78,parameter,A2事件测量控制参数,Device.Services.FAPService.{i}.CellConfig.LTE.RAN.Mobility.ConnMode.EUTRA.A2MeasureCtrl.3.MeasurePurpose,Device,MeasurePurpose,Y,MeasurePurpose,测量目的,A,,,R,unsignedInt[1:100],,,"用于表明当前配置事件的使用目的，本字段取值固定为：
(3=异系统GERAN测量)",,,对测量目的增加描述,
CMCC_TD_LTE_V2.3,中国移动TD-LTE皮站_飞站基站设备网络管理南向接口数据配置模型规范V2.3.xlsx,SJ,79,parameter,A2事件测量控制参数,Device.Services.FAPService.{i}.CellConfig.LTE.RAN.Mobility.ConnMode.EUTRA.A2MeasureCtrl.3.ReportAmount,Device,ReportAmount,Y,ReportAmount,上报次数,A,,,RW,"unsignedInt[0:2, 4, 8, 16, 32, 64]",,,测量报告发送的次数，0表示无限次,,,,
CMCC_TD_LTE_V2.3,中国移动TD-LTE皮站_飞站基站设备网络管理南向接口数据配置模型规范V2.3.xlsx,SJ,80,parameter,A2事件测量控制参数,Device.Services.FAPService.{i}.CellConfig.LTE.RAN.Mobility.ConnMode.EUTRA.A2MeasureCtrl.3.ReportInterval,Device,ReportInterval,Y,ReportInterval,上报间隔,A,,,RW,"unsignedInt[120, 240, 480, 640, 1024, 2048, 5120, 10240, 60000, 360000, 720000, 1800000, 3600000]",,,连续测量报告之间的上报间隔,,,,
CMCC_TD_LTE_V2.3,中国移动TD-LTE皮站_飞站基站设备网络管理南向接口数据配置模型规范V2.3.xlsx,SJ,81,parameter,A2事件测量控制参数,Device.Services.FAPService.{i}.CellConfig.LTE.RAN.Mobility.ConnMode.EUTRA.A2MeasureCtrl.3.ReportQuantity,Device,ReportQuantity,Y,ReportQuantity,上报量,A,,A2ReportQuantityGeranCov,RW,string,,,"测量报告中的上报量（sameAsTriggerQuantity,both）",,,,
CMCC_TD_LTE_V2.3,中国移动TD-LTE皮站_飞站基站设备网络管理南向接口数据配置模型规范V2.3.xlsx,SJ,82,parameter,A2事件测量控制参数,Device.Services.FAPService.{i}.CellConfig.LTE.RAN.Mobility.ConnMode.EUTRA.A2MeasureCtrl.3.TimeToTrigger,Device,TimeToTrigger,Y,TimeToTrigger,触发时间,A,,A2TimeToTriggerGeranCov,RW,"unsignedInt[0,40, 64, 80,100,128, 160,256,320, 480, 512, 640, 1024,1280,2560,5120]",,,为了满足触发RAT测量报告触发条件持续的时间，单位ms,,,,
CMCC_TD_LTE_V2.3,中国移动TD-LTE皮站_飞站基站设备网络管理南向接口数据配置模型规范V2.3.xlsx,SJ,83,parameter,A2事件测量控制参数,Device.Services.FAPService.{i}.CellConfig.LTE.RAN.Mobility.ConnMode.EUTRA.A2MeasureCtrl.3.TriggerQuantity,Device,TriggerQuantity,Y,TriggerQuantity,触发量,A,,A2TriggerQuantityGeranCov,RW,string,,,"用来评估触发条件测量报告的数量（RSRP, RSRQ）",,,,
CMCC_TD_LTE_V2.3,中国移动TD-LTE皮站_飞站基站设备网络管理南向接口数据配置模型规范V2.3.xlsx,SJ,85,parameter,A2事件测量控制参数,Device.Services.FAPService.{i}.CellConfig.LTE.RAN.Mobility.ConnMode.EUTRA.A2MeasureCtrl.4.A2ThresholdRSRP,Device,A2ThresholdRSRP,Y,A2ThresholdRSRP,A2事件RSRP门限,A,,A2ThresholdBlindUtraCov,RW,unsignedInt[0:97],,,"用于EUTRA测量中,触发量为RSRP时,A2事件触发条件的绝对门限",,,,
CMCC_TD_LTE_V2.3,中国移动TD-LTE皮站_飞站基站设备网络管理南向接口数据配置模型规范V2.3.xlsx,SJ,86,parameter,A2事件测量控制参数,Device.Services.FAPService.{i}.CellConfig.LTE.RAN.Mobility.ConnMode.EUTRA.A2MeasureCtrl.4.A2ThresholdRSRQ,Device,A2ThresholdRSRQ,Y,A2ThresholdRSRQ,A2事件RSRQ门限,A,,A2ThresholdBlindUtraCov,RW,unsignedInt[0:34],,,"用于EUTRA测量中,触发量为RSRQ时,A2事件触发条件的绝对门限",,,,
CMCC_TD_LTE_V2.3,中国移动TD-LTE皮站_飞站基站设备网络管理南向接口数据配置模型规范V2.3.xlsx,SJ,84,parameter,A2事件测量控制参数,Device.Services.FAPService.{i}.CellConfig.LTE.RAN.Mobility.ConnMode.EUTRA.A2MeasureCtrl.4.Enable,Device,Enable,Y,Enable,使能开关,A,,,RW,boolean,,,是否启用该表项,,,新增使能开关,
CMCC_TD_LTE_V2.3,中国移动TD-LTE皮站_飞站基站设备网络管理南向接口数据配置模型规范V2.3.xlsx,SJ,87,parameter,A2事件测量控制参数,Device.Services.FAPService.{i}.CellConfig.LTE.RAN.Mobility.ConnMode.EUTRA.A2MeasureCtrl.4.Hysteresis,Device,Hysteresis,Y,Hysteresis,迟滞值,A,,A2HysteresisBlindUtraCov,RW,unsignedInt[0:30],,,进入和离开上报触发事件条件的滞后值,,,,
CMCC_TD_LTE_V2.3,中国移动TD-LTE皮站_飞站基站设备网络管理南向接口数据配置模型规范V2.3.xlsx,SJ,88,parameter,A2事件测量控制参数,Device.Services.FAPService.{i}.CellConfig.LTE.RAN.Mobility.ConnMode.EUTRA.A2MeasureCtrl.4.MaxReportCells,Device,MaxReportCells,Y,MaxReportCells,最大上报小区数,A,,,RW,unsignedInt[1:8],,,测量报告中包含小区的最大数目,,,对测量目的增加描述,
CMCC_TD_LTE_V2.3,中国移动TD-LTE皮站_飞站基站设备网络管理南向接口数据配置模型规范V2.3.xlsx,SJ,89,parameter,A2事件测量控制参数,Device.Services.FAPService.{i}.CellConfig.LTE.RAN.Mobility.ConnMode.EUTRA.A2MeasureCtrl.4.MeasurePurpose,Device,MeasurePurpose,Y,MeasurePurpose,测量目的,A,,,R,unsignedInt[1:100],,,"用于表明当前配置事件的使用目的，本字段取值固定为：
(4=异系统UTRA盲重定向)",,,,
CMCC_TD_LTE_V2.3,中国移动TD-LTE皮站_飞站基站设备网络管理南向接口数据配置模型规范V2.3.xlsx,SJ,90,parameter,A2事件测量控制参数,Device.Services.FAPService.{i}.CellConfig.LTE.RAN.Mobility.ConnMode.EUTRA.A2MeasureCtrl.4.ReportAmount,Device,ReportAmount,Y,ReportAmount,上报次数,A,,,RW,"unsignedInt[0:2, 4, 8, 16, 32, 64]",,,测量报告发送的次数，0表示无限次,,,,
CMCC_TD_LTE_V2.3,中国移动TD-LTE皮站_飞站基站设备网络管理南向接口数据配置模型规范V2.3.xlsx,SJ,91,parameter,A2事件测量控制参数,Device.Services.FAPService.{i}.CellConfig.LTE.RAN.Mobility.ConnMode.EUTRA.A2MeasureCtrl.4.ReportInterval,Device,ReportInterval,Y,ReportInterval,上报间隔,A,,,RW,"unsignedInt[120, 240, 480, 640, 1024, 2048, 5120, 10240, 60000, 360000, 720000, 1800000, 3600000]",,,连续测量报告之间的上报间隔,,,,
CMCC_TD_LTE_V2.3,中国移动TD-LTE皮站_飞站基站设备网络管理南向接口数据配置模型规范V2.3.xlsx,SJ,92,parameter,A2事件测量控制参数,Device.Services.FAPService.{i}.CellConfig.LTE.RAN.Mobility.ConnMode.EUTRA.A2MeasureCtrl.4.ReportQuantity,Device,ReportQuantity,Y,ReportQuantity,上报量,A,,A2ReportQuantityBlindUtraCov,RW,string,,,"测量报告中的上报量（sameAsTriggerQuantity,both）",,,,
CMCC_TD_LTE_V2.3,中国移动TD-LTE皮站_飞站基站设备网络管理南向接口数据配置模型规范V2.3.xlsx,SJ,93,parameter,A2事件测量控制参数,Device.Services.FAPService.{i}.CellConfig.LTE.RAN.Mobility.ConnMode.EUTRA.A2MeasureCtrl.4.TimeToTrigger,Device,TimeToTrigger,Y,TimeToTrigger,触发时间,A,,A2TimeToTriggerBlindUtraCov,RW,"unsignedInt[0,40, 64, 80,100,128, 160,256,320, 480, 512, 640, 1024,1280,2560,5120]",,,为了满足触发RAT测量报告触发条件持续的时间，单位ms,,,,
CMCC_TD_LTE_V2.3,中国移动TD-LTE皮站_飞站基站设备网络管理南向接口数据配置模型规范V2.3.xlsx,SJ,94,parameter,A2事件测量控制参数,Device.Services.FAPService.{i}.CellConfig.LTE.RAN.Mobility.ConnMode.EUTRA.A2MeasureCtrl.4.TriggerQuantity,Device,TriggerQuantity,Y,TriggerQuantity,触发量,A,,A2TriggerQuantityBlindUtraCov,RW,string,,,"用来评估触发条件测量报告的数量（RSRP, RSRQ）",,,,
CMCC_TD_LTE_V2.3,中国移动TD-LTE皮站_飞站基站设备网络管理南向接口数据配置模型规范V2.3.xlsx,SJ,96,parameter,A2事件测量控制参数,Device.Services.FAPService.{i}.CellConfig.LTE.RAN.Mobility.ConnMode.EUTRA.A2MeasureCtrl.5.A2ThresholdRSRP,Device,A2ThresholdRSRP,Y,A2ThresholdRSRP,A2事件RSRP门限,A,,A2ThresholdBlindGeranCov,RW,unsignedInt[0:97],,,"用于EUTRA测量中,触发量为RSRP时,A2事件触发条件的绝对门限",,,,
CMCC_TD_LTE_V2.3,中国移动TD-LTE皮站_飞站基站设备网络管理南向接口数据配置模型规范V2.3.xlsx,SJ,97,parameter,A2事件测量控制参数,Device.Services.FAPService.{i}.CellConfig.LTE.RAN.Mobility.ConnMode.EUTRA.A2MeasureCtrl.5.A2ThresholdRSRQ,Device,A2ThresholdRSRQ,Y,A2ThresholdRSRQ,A2事件RSRQ门限,A,,A2ThresholdBlindGeranCov,RW,unsignedInt[0:34],,,"用于EUTRA测量中,触发量为RSRQ时,A2事件触发条件的绝对门限",,,,
CMCC_TD_LTE_V2.3,中国移动TD-LTE皮站_飞站基站设备网络管理南向接口数据配置模型规范V2.3.xlsx,SJ,95,parameter,A2事件测量控制参数,Device.Services.FAPService.{i}.CellConfig.LTE.RAN.Mobility.ConnMode.EUTRA.A2MeasureCtrl.5.Enable,Device,Enable,Y,Enable,使能开关,A,,,RW,boolean,,,是否启用该表项,,,新增使能开关,
CMCC_TD_LTE_V2.3,中国移动TD-LTE皮站_飞站基站设备网络管理南向接口数据配置模型规范V2.3.xlsx,SJ,98,parameter,A2事件测量控制参数,Device.Services.FAPService.{i}.CellConfig.LTE.RAN.Mobility.ConnMode.EUTRA.A2MeasureCtrl.5.Hysteresis,Device,Hysteresis,Y,Hysteresis,迟滞值,A,,A2HysteresisBlindGeranCov,RW,unsignedInt[0:30],,,进入和离开上报触发事件条件的滞后值,,,,
CMCC_TD_LTE_V2.3,中国移动TD-LTE皮站_飞站基站设备网络管理南向接口数据配置模型规范V2.3.xlsx,SJ,99,parameter,A2事件测量控制参数,Device.Services.FAPService.{i}.CellConfig.LTE.RAN.Mobility.ConnMode.EUTRA.A2MeasureCtrl.5.MaxReportCells,Device,MaxReportCells,Y,MaxReportCells,最大上报小区数,A,,,RW,unsignedInt[1:8],,,测量报告中包含小区的最大数目,,,,
CMCC_TD_LTE_V2.3,中国移动TD-LTE皮站_飞站基站设备网络管理南向接口数据配置模型规范V2.3.xlsx,SJ,100,parameter,A2事件测量控制参数,Device.Services.FAPService.{i}.CellConfig.LTE.RAN.Mobility.ConnMode.EUTRA.A2MeasureCtrl.5.MeasurePurpose,Device,MeasurePurpose,Y,MeasurePurpose,测量目的,A,,,R,unsignedInt[1:100],,,"用于表明当前配置事件的使用目的，本字段取值固定为：
(5=异系统GERAN盲重定向)",,,对测量目的增加描述,
CMCC_TD_LTE_V2.3,中国移动TD-LTE皮站_飞站基站设备网络管理南向接口数据配置模型规范V2.3.xlsx,SJ,101,parameter,A2事件测量控制参数,Device.Services.FAPService.{i}.CellConfig.LTE.RAN.Mobility.ConnMode.EUTRA.A2MeasureCtrl.5.ReportAmount,Device,ReportAmount,Y,ReportAmount,上报次数,A,,,RW,"unsignedInt[0:2, 4, 8, 16, 32, 64]",,,测量报告发送的次数，0表示无限次,,,,
CMCC_TD_LTE_V2.3,中国移动TD-LTE皮站_飞站基站设备网络管理南向接口数据配置模型规范V2.3.xlsx,SJ,102,parameter,A2事件测量控制参数,Device.Services.FAPService.{i}.CellConfig.LTE.RAN.Mobility.ConnMode.EUTRA.A2MeasureCtrl.5.ReportInterval,Device,ReportInterval,Y,ReportInterval,上报间隔,A,,,RW,"unsignedInt[120, 240, 480, 640, 1024, 2048, 5120, 10240, 60000, 360000, 720000, 1800000, 3600000]",,,连续测量报告之间的上报间隔,,,,
CMCC_TD_LTE_V2.3,中国移动TD-LTE皮站_飞站基站设备网络管理南向接口数据配置模型规范V2.3.xlsx,SJ,103,parameter,A2事件测量控制参数,Device.Services.FAPService.{i}.CellConfig.LTE.RAN.Mobility.ConnMode.EUTRA.A2MeasureCtrl.5.ReportQuantity,Device,ReportQuantity,Y,ReportQuantity,上报量,A,,A2ReportQuantityBlindGeranCov,RW,string,,,"测量报告中的上报量（sameAsTriggerQuantity,both）",,,,
CMCC_TD_LTE_V2.3,中国移动TD-LTE皮站_飞站基站设备网络管理南向接口数据配置模型规范V2.3.xlsx,SJ,104,parameter,A2事件测量控制参数,Device.Services.FAPService.{i}.CellConfig.LTE.RAN.Mobility.ConnMode.EUTRA.A2MeasureCtrl.5.TimeToTrigger,Device,TimeToTrigger,Y,TimeToTrigger,触发时间,A,,A2TimeToTriggerBlindGeranCov,RW,"unsignedInt[0,40, 64, 80,100,128, 160,256,320, 480, 512, 640, 1024,1280,2560,5120]",,,为了满足触发RAT测量报告触发条件持续的时间，单位ms,,,,
CMCC_TD_LTE_V2.3,中国移动TD-LTE皮站_飞站基站设备网络管理南向接口数据配置模型规范V2.3.xlsx,SJ,105,parameter,A2事件测量控制参数,Device.Services.FAPService.{i}.CellConfig.LTE.RAN.Mobility.ConnMode.EUTRA.A2MeasureCtrl.5.TriggerQuantity,Device,TriggerQuantity,Y,TriggerQuantity,触发量,A,,A2TriggerQuantityBlindGeranCov,RW,string,,,"用来评估触发条件测量报告的数量（RSRP, RSRQ）",,,,
CMCC_TD_LTE_V2.3,中国移动TD-LTE皮站_飞站基站设备网络管理南向接口数据配置模型规范V2.3.xlsx,SJ,52,parameter,A2事件测量控制参数,Device.Services.FAPService.{i}.CellConfig.LTE.RAN.Mobility.ConnMode.EUTRA.A2MeasureCtrl.{i}.A2ThresholdRSRP,Device,A2ThresholdRSRP,Y,A2ThresholdRSRP,A2事件RSRP门限,A,,A2ThresholdInterFCov,RW,unsignedInt[0:97],,,"用于EUTRA测量中,触发量为RSRP时,A2事件触发条件的绝对门限",NRM数据配置要求,,,
CMCC_TD_LTE_V2.3,中国移动TD-LTE皮站_飞站基站设备网络管理南向接口数据配置模型规范V2.3.xlsx,SJ,53,parameter,A2事件测量控制参数,Device.Services.FAPService.{i}.CellConfig.LTE.RAN.Mobility.ConnMode.EUTRA.A2MeasureCtrl.{i}.A2ThresholdRSRQ,Device,A2ThresholdRSRQ,Y,A2ThresholdRSRQ,A2事件RSRQ门限,A,,A2ThresholdInterFCov,RW,unsignedInt[0:34],,,"用于EUTRA测量中,触发量为RSRQ时,A2事件触发条件的绝对门限",,,,
CMCC_TD_LTE_V2.3,中国移动TD-LTE皮站_飞站基站设备网络管理南向接口数据配置模型规范V2.3.xlsx,SJ,51,parameter,A2事件测量控制参数,Device.Services.FAPService.{i}.CellConfig.LTE.RAN.Mobility.ConnMode.EUTRA.A2MeasureCtrl.{i}.Enable,Device,Enable,Y,Enable,使能开关,A,,,RW,boolean,,,是否启用该表项,,参数路径中最后一个多实例节点（{i}）序号1～10为系统保留段，若厂商对A2测量事件有其它用途，则从A2MeasureCtrl.11.开始定义,新增使能开关,
CMCC_TD_LTE_V2.3,中国移动TD-LTE皮站_飞站基站设备网络管理南向接口数据配置模型规范V2.3.xlsx,SJ,54,parameter,A2事件测量控制参数,Device.Services.FAPService.{i}.CellConfig.LTE.RAN.Mobility.ConnMode.EUTRA.A2MeasureCtrl.{i}.Hysteresis,Device,Hysteresis,Y,Hysteresis,迟滞值,A,,A2HysteresisInterFCov,RW,unsignedInt[0:30],,,进入和离开上报触发事件条件的滞后值,,,,
CMCC_TD_LTE_V2.3,中国移动TD-LTE皮站_飞站基站设备网络管理南向接口数据配置模型规范V2.3.xlsx,SJ,55,parameter,A2事件测量控制参数,Device.Services.FAPService.{i}.CellConfig.LTE.RAN.Mobility.ConnMode.EUTRA.A2MeasureCtrl.{i}.MaxReportCells,Device,MaxReportCells,Y,MaxReportCells,最大上报小区数,A,,,RW,unsignedInt[1:8],,,测量报告中包含小区的最大数目,,,,
CMCC_TD_LTE_V2.3,中国移动TD-LTE皮站_飞站基站设备网络管理南向接口数据配置模型规范V2.3.xlsx,SJ,56,parameter,A2事件测量控制参数,Device.Services.FAPService.{i}.CellConfig.LTE.RAN.Mobility.ConnMode.EUTRA.A2MeasureCtrl.{i}.MeasurePurpose,Device,MeasurePurpose,Y,MeasurePurpose,测量目的,A,,,R,unsignedInt[1:100],,,"用于表明当前配置事件的使用目的，本字段取值固定为：
(1=异频测量)",,,对测量目的增加描述,
CMCC_TD_LTE_V2.3,中国移动TD-LTE皮站_飞站基站设备网络管理南向接口数据配置模型规范V2.3.xlsx,SJ,57,parameter,A2事件测量控制参数,Device.Services.FAPService.{i}.CellConfig.LTE.RAN.Mobility.ConnMode.EUTRA.A2MeasureCtrl.{i}.ReportAmount,Device,ReportAmount,Y,ReportAmount,上报次数,A,,,RW,"unsignedInt[0:2, 4, 8, 16, 32, 64]",,,测量报告发送的次数，0表示无限次,,,,
CMCC_TD_LTE_V2.3,中国移动TD-LTE皮站_飞站基站设备网络管理南向接口数据配置模型规范V2.3.xlsx,SJ,58,parameter,A2事件测量控制参数,Device.Services.FAPService.{i}.CellConfig.LTE.RAN.Mobility.ConnMode.EUTRA.A2MeasureCtrl.{i}.ReportInterval,Device,ReportInterval,Y,ReportInterval,上报间隔,A,,,RW,"unsignedInt[120, 240, 480, 640, 1024, 2048, 5120, 10240, 60000, 360000, 720000, 1800000, 3600000]",,,连续测量报告之间的上报间隔,,,,
CMCC_TD_LTE_V2.3,中国移动TD-LTE皮站_飞站基站设备网络管理南向接口数据配置模型规范V2.3.xlsx,SJ,59,parameter,A2事件测量控制参数,Device.Services.FAPService.{i}.CellConfig.LTE.RAN.Mobility.ConnMode.EUTRA.A2MeasureCtrl.{i}.ReportQuantity,Device,ReportQuantity,Y,ReportQuantity,上报量,A,,A2ReportQuantityInterFCov,RW,string,,,"测量报告中的上报量(sameAsTriggerQuantity, both)",,,,
CMCC_TD_LTE_V2.3,中国移动TD-LTE皮站_飞站基站设备网络管理南向接口数据配置模型规范V2.3.xlsx,SJ,60,parameter,A2事件测量控制参数,Device.Services.FAPService.{i}.CellConfig.LTE.RAN.Mobility.ConnMode.EUTRA.A2MeasureCtrl.{i}.TimeToTrigger,Device,TimeToTrigger,Y,TimeToTrigger,触发时间,A,,A2TimeToTriggerInterFCov,RW,"unsignedInt[0,40, 64, 80,100,128, 160,256,320, 480, 512, 640, 1024,1280,2560,5120]",,,为了满足触发RAT测量报告触发条件持续的时间，单位ms,,,,
CMCC_TD_LTE_V2.3,中国移动TD-LTE皮站_飞站基站设备网络管理南向接口数据配置模型规范V2.3.xlsx,SJ,61,parameter,A2事件测量控制参数,Device.Services.FAPService.{i}.CellConfig.LTE.RAN.Mobility.ConnMode.EUTRA.A2MeasureCtrl.{i}.TriggerQuantity,Device,TriggerQuantity,Y,TriggerQuantity,触发量,A,,A2TriggerQuantityInterFCov,RW,string,,,用来评估触发条件测量报告的数量,,,,
CMCC_5G_EXT_PICO_V1.9.4,中国移动5G扩展型皮基站网管南向接口数据模型规范v1.9.4.xlsx,SM,56,parameter,A2事件测量控制参数,Device.Services.FAPService.{i}.CellConfig.{i}.NR.RAN.Mobility.ConnMode.NR.A2MeasureCtrl.1.A2ThresholdRSRP,Device,A2ThresholdRSRP,Y,A2ThresholdRSRP,A2事件RSRP门限,A,AK,rsrpThreshold,RW,unsignedInt[0:127],,,"用于NR测量中,触发量为RSRP时,A2事件触发条件的绝对门限",3GPP TS38.331,,,
CMCC_5G_EXT_PICO_V1.9.4,中国移动5G扩展型皮基站网管南向接口数据模型规范v1.9.4.xlsx,SM,57,parameter,A2事件测量控制参数,Device.Services.FAPService.{i}.CellConfig.{i}.NR.RAN.Mobility.ConnMode.NR.A2MeasureCtrl.1.A2ThresholdRSRQ,Device,A2ThresholdRSRQ,Y,A2ThresholdRSRQ,A2事件RSRQ门限,A,AK,rsrqThreshold,RW,unsignedInt[0:127],,,"用于NR测量中,触发量为RSRQ时,A2事件触发条件的绝对门限",3GPP TS38.331,,,
CMCC_5G_EXT_PICO_V1.9.4,中国移动5G扩展型皮基站网管南向接口数据模型规范v1.9.4.xlsx,SM,58,parameter,A2事件测量控制参数,Device.Services.FAPService.{i}.CellConfig.{i}.NR.RAN.Mobility.ConnMode.NR.A2MeasureCtrl.1.A2ThresholdSINR,Device,A2ThresholdSINR,Y,A2ThresholdSINR,A2事件SINR门限,A,AK,sinrThreshold,RW,unsignedInt[0:127],,,用于NR测量中，触发量为SINR时，A2事件触发条件的绝对门限,3GPP TS38.331,,,
CMCC_5G_EXT_PICO_V1.9.4,中国移动5G扩展型皮基站网管南向接口数据模型规范v1.9.4.xlsx,SM,54,parameter,A2事件测量控制参数,Device.Services.FAPService.{i}.CellConfig.{i}.NR.RAN.Mobility.ConnMode.NR.A2MeasureCtrl.1.Enable,Device,Enable,Y,Enable,使能开关,A,,,RW,boolean,,,是否启用该表项,3GPP TS38.331,参数路径中最后一个多实例节点（{i}）序号1～10为系统保留段，若厂商对A2测量事件有其它用途，则从A2MeasureCtrl.11.开始定义,,
CMCC_5G_EXT_PICO_V1.9.4,中国移动5G扩展型皮基站网管南向接口数据模型规范v1.9.4.xlsx,SM,62,parameter,A2事件测量控制参数,Device.Services.FAPService.{i}.CellConfig.{i}.NR.RAN.Mobility.ConnMode.NR.A2MeasureCtrl.1.Hysteresis,Device,Hysteresis,Y,Hysteresis,迟滞值,A,,,RW,unsignedInt[0:30],,,进入和离开上报触发事件条件的滞后值,3GPP TS38.331,,,
CMCC_5G_EXT_PICO_V1.9.4,中国移动5G扩展型皮基站网管南向接口数据模型规范v1.9.4.xlsx,SM,70,parameter,A2事件测量控制参数,Device.Services.FAPService.{i}.CellConfig.{i}.NR.RAN.Mobility.ConnMode.NR.A2MeasureCtrl.1.IncludeBeamMeasurements,Device,IncludeBeamMeasurements,Y,IncludeBeamMeasurements,波束赋形测量指示,B,AK,includeBeamMeasurements,RW,boolean,,,指示是否使用波束赋形功能,3GPP TS38.331,,,
CMCC_5G_EXT_PICO_V1.9.4,中国移动5G扩展型皮基站网管南向接口数据模型规范v1.9.4.xlsx,SM,60,parameter,A2事件测量控制参数,Device.Services.FAPService.{i}.CellConfig.{i}.NR.RAN.Mobility.ConnMode.NR.A2MeasureCtrl.1.MaxNrofRSIndexToReport,Device,MaxNrofRSIndexToReport,Y,MaxNrofRSIndexToReport,RS测量上报资源最大个数,B,AK,maxNrofRSIndexToReport,RW,"unsignedInt[1:32,0x0000FFFF]",,,"该参数用于指示RS测量上报资源最大个数,1~32协议规定，0x0000FFFF表示不携带该值",3GPP TS38.331,,,
CMCC_5G_EXT_PICO_V1.9.4,中国移动5G扩展型皮基站网管南向接口数据模型规范v1.9.4.xlsx,SM,63,parameter,A2事件测量控制参数,Device.Services.FAPService.{i}.CellConfig.{i}.NR.RAN.Mobility.ConnMode.NR.A2MeasureCtrl.1.MaxReportCells,Device,MaxReportCells,Y,MaxReportCells,最大上报小区数,A,AK,maxRptCellNum,RW,unsignedInt[1:8],,,测量报告中包含小区的最大数目,3GPP TS38.331,,,
CMCC_5G_EXT_PICO_V1.9.4,中国移动5G扩展型皮基站网管南向接口数据模型规范v1.9.4.xlsx,SM,64,parameter,A2事件测量控制参数,Device.Services.FAPService.{i}.CellConfig.{i}.NR.RAN.Mobility.ConnMode.NR.A2MeasureCtrl.1.MeasurePurpose,Device,MeasurePurpose,Y,MeasurePurpose,测量目的,A,,,R,unsignedInt[1:100],,,"用于表明当前配置事件的使用目的，本字段取值固定为：
(1=异频测量)",3GPP TS38.331,,,
CMCC_5G_EXT_PICO_V1.9.4,中国移动5G扩展型皮基站网管南向接口数据模型规范v1.9.4.xlsx,SM,65,parameter,A2事件测量控制参数,Device.Services.FAPService.{i}.CellConfig.{i}.NR.RAN.Mobility.ConnMode.NR.A2MeasureCtrl.1.ReportAmount,Device,ReportAmount,Y,ReportAmount,上报次数,A,AK,rptAmount,RW,"unsignedInt[0:2, 4, 8, 16, 32, 64]",,,测量报告发送的次数，0表示无限次,3GPP TS38.331,,,
CMCC_5G_EXT_PICO_V1.9.4,中国移动5G扩展型皮基站网管南向接口数据模型规范v1.9.4.xlsx,SM,66,parameter,A2事件测量控制参数,Device.Services.FAPService.{i}.CellConfig.{i}.NR.RAN.Mobility.ConnMode.NR.A2MeasureCtrl.1.ReportInterval,Device,ReportInterval,Y,ReportInterval,上报间隔,A,AK,rptInterval,RW,"unsignedInt[120, 240, 480, 640, 1024, 2048, 5120, 10240, 60000, 360000, 720000, 1800000]",,,连续测量报告之间的间隔，单位ms,3GPP TS38.331,,,
CMCC_5G_EXT_PICO_V1.9.4,中国移动5G扩展型皮基站网管南向接口数据模型规范v1.9.4.xlsx,SM,61,parameter,A2事件测量控制参数,Device.Services.FAPService.{i}.CellConfig.{i}.NR.RAN.Mobility.ConnMode.NR.A2MeasureCtrl.1.ReportOnLeave,Device,ReportOnLeave,Y,ReportOnLeave,A2事件离开上报指示,A,,,RW,boolean,,,"某小区的离开状态满足时,UE是否触发测量上报过程；
0:代表不满足条件的小区离开测量列表时不进行上报；
1:代表都会触发测量结果的填写以及上报消息的发送",3GPP TS38.331,,,
CMCC_5G_EXT_PICO_V1.9.4,中国移动5G扩展型皮基站网管南向接口数据模型规范v1.9.4.xlsx,SM,67,parameter,A2事件测量控制参数,Device.Services.FAPService.{i}.CellConfig.{i}.NR.RAN.Mobility.ConnMode.NR.A2MeasureCtrl.1.ReportQuantityCell,Device,ReportQuantityCell,Y,ReportQuantityCell,上报量,A,AK,rptQuantityCell,RW,string,,,"测量报告中的上报量
{rsrp,rsrq,sinr}",3GPP TS38.331,,,
CMCC_5G_EXT_PICO_V1.9.4,中国移动5G扩展型皮基站网管南向接口数据模型规范v1.9.4.xlsx,SM,59,parameter,A2事件测量控制参数,Device.Services.FAPService.{i}.CellConfig.{i}.NR.RAN.Mobility.ConnMode.NR.A2MeasureCtrl.1.RptQuantityRsIndex,Device,RptQuantityRsIndex,Y,RptQuantityRsIndex,A2事件RS测量上报量,A,AK,rptQuantityRsIndex,RW,string,,,"该参数用于指示RS测量上报量:{rsrp,rsrq,sinr,NULL}",,,,
CMCC_5G_EXT_PICO_V1.9.4,中国移动5G扩展型皮基站网管南向接口数据模型规范v1.9.4.xlsx,SM,69,parameter,A2事件测量控制参数,Device.Services.FAPService.{i}.CellConfig.{i}.NR.RAN.Mobility.ConnMode.NR.A2MeasureCtrl.1.RsType,Device,RsType,Y,RsType,测量类型指示,B,,,RW,string,,,"用来指示测量参考信号的类型，是ssb还是csi-rs,{ssb,csi-rs}",3GPP TS38.331,,,
CMCC_5G_EXT_PICO_V1.9.4,中国移动5G扩展型皮基站网管南向接口数据模型规范v1.9.4.xlsx,SM,68,parameter,A2事件测量控制参数,Device.Services.FAPService.{i}.CellConfig.{i}.NR.RAN.Mobility.ConnMode.NR.A2MeasureCtrl.1.TimeToTrigger,Device,TimeToTrigger,Y,TimeToTrigger,触发时间,A,,,RW,"unsignedInt[0,40, 64, 80,100,128, 160,256,320, 480, 512, 640, 1024,1280,2560,5120]",,,为了满足触发RAT测量报告触发条件持续的时间，单位ms,3GPP TS38.331,,,
CMCC_5G_EXT_PICO_V1.9.4,中国移动5G扩展型皮基站网管南向接口数据模型规范v1.9.4.xlsx,SM,55,parameter,A2事件测量控制参数,Device.Services.FAPService.{i}.CellConfig.{i}.NR.RAN.Mobility.ConnMode.NR.A2MeasureCtrl.1.TriggerQuantity,Device,TriggerQuantity,Y,TriggerQuantity,控制门限信号类型,B,,,RW,string,,,"TriggerQuantity取值范围为{rsrp,rsrq,sinr}，三选一",,,,20231020-添加用于控制门限信号类型的参数-A2MeasureCtrl.1.TriggerQuantity
CMCC_5G_EXT_PICO_V1.9.4,中国移动5G扩展型皮基站网管南向接口数据模型规范v1.9.4.xlsx,SM,73,parameter,A2事件测量控制参数,Device.Services.FAPService.{i}.CellConfig.{i}.NR.RAN.Mobility.ConnMode.NR.A2MeasureCtrl.2.A2ThresholdRSRP,Device,A2ThresholdRSRP,Y,A2ThresholdRSRP,A2事件RSRP门限,A,AK,rsrpThreshold,RW,unsignedInt[0:127],,,"用于NR测量中,触发量为RSRP时,A2事件触发条件的绝对门限",3GPP TS38.331,,,
CMCC_5G_EXT_PICO_V1.9.4,中国移动5G扩展型皮基站网管南向接口数据模型规范v1.9.4.xlsx,SM,74,parameter,A2事件测量控制参数,Device.Services.FAPService.{i}.CellConfig.{i}.NR.RAN.Mobility.ConnMode.NR.A2MeasureCtrl.2.A2ThresholdRSRQ,Device,A2ThresholdRSRQ,Y,A2ThresholdRSRQ,A2事件RSRQ门限,A,,,RW,unsignedInt[0:127],,,"用于NR测量中,触发量为RSRQ时,A2事件触发条件的绝对门限",3GPP TS38.331,,,
CMCC_5G_EXT_PICO_V1.9.4,中国移动5G扩展型皮基站网管南向接口数据模型规范v1.9.4.xlsx,SM,75,parameter,A2事件测量控制参数,Device.Services.FAPService.{i}.CellConfig.{i}.NR.RAN.Mobility.ConnMode.NR.A2MeasureCtrl.2.A2ThresholdSINR,Device,A2ThresholdSINR,Y,A2ThresholdSINR,A2事件SINR门限,A,,,RW,unsignedInt[0:127],,,用于NR测量中，触发量为SINR时，A2事件触发条件的绝对门限,3GPP TS38.331,,,
CMCC_5G_EXT_PICO_V1.9.4,中国移动5G扩展型皮基站网管南向接口数据模型规范v1.9.4.xlsx,SM,71,parameter,A2事件测量控制参数,Device.Services.FAPService.{i}.CellConfig.{i}.NR.RAN.Mobility.ConnMode.NR.A2MeasureCtrl.2.Enable,Device,Enable,Y,Enable,使能开关,A,,,RW,boolean,,,是否启用该表项,3GPP TS38.331,,,
CMCC_5G_EXT_PICO_V1.9.4,中国移动5G扩展型皮基站网管南向接口数据模型规范v1.9.4.xlsx,SM,79,parameter,A2事件测量控制参数,Device.Services.FAPService.{i}.CellConfig.{i}.NR.RAN.Mobility.ConnMode.NR.A2MeasureCtrl.2.Hysteresis,Device,Hysteresis,Y,Hysteresis,迟滞值,A,,,RW,unsignedInt[0:30],,,进入和离开上报触发事件条件的滞后值,3GPP TS38.331,,,
CMCC_5G_EXT_PICO_V1.9.4,中国移动5G扩展型皮基站网管南向接口数据模型规范v1.9.4.xlsx,SM,87,parameter,A2事件测量控制参数,Device.Services.FAPService.{i}.CellConfig.{i}.NR.RAN.Mobility.ConnMode.NR.A2MeasureCtrl.2.IncludeBeamMeasurements,Device,IncludeBeamMeasurements,Y,IncludeBeamMeasurements,波束赋形测量指示,B,,includeBeamMeasurements,RW,boolean,,,指示是否使用波束赋形功能（0：不启用，1：启用）,3GPP TS38.331,,,
CMCC_5G_EXT_PICO_V1.9.4,中国移动5G扩展型皮基站网管南向接口数据模型规范v1.9.4.xlsx,SM,77,parameter,A2事件测量控制参数,Device.Services.FAPService.{i}.CellConfig.{i}.NR.RAN.Mobility.ConnMode.NR.A2MeasureCtrl.2.MaxNrofRSIndexToReport,Device,MaxNrofRSIndexToReport,Y,MaxNrofRSIndexToReport,RS测量上报资源最大个数,A,AK,maxNrofRSIndexToReport,RW,"unsignedInt[1:32,0x0000FFFF]",,,"该参数用于指示RS测量上报资源最大个数,1~32协议规定，0x0000FFFF表示不携带该值",3GPP TS38.331,,,
CMCC_5G_EXT_PICO_V1.9.4,中国移动5G扩展型皮基站网管南向接口数据模型规范v1.9.4.xlsx,SM,80,parameter,A2事件测量控制参数,Device.Services.FAPService.{i}.CellConfig.{i}.NR.RAN.Mobility.ConnMode.NR.A2MeasureCtrl.2.MaxReportCells,Device,MaxReportCells,Y,MaxReportCells,最大上报小区数,A,AK,maxRptCellNum,RW,unsignedInt[1:8],,,测量报告中包含小区的最大数目,3GPP TS38.331,,,
CMCC_5G_EXT_PICO_V1.9.4,中国移动5G扩展型皮基站网管南向接口数据模型规范v1.9.4.xlsx,SM,81,parameter,A2事件测量控制参数,Device.Services.FAPService.{i}.CellConfig.{i}.NR.RAN.Mobility.ConnMode.NR.A2MeasureCtrl.2.MeasurePurpose,Device,MeasurePurpose,Y,MeasurePurpose,测量目的,A,,,R,unsignedInt[1:100],,,"用于表明当前配置事件的使用目的，本字段取值固定为：
(2=异系统EUTRA测量)",3GPP TS38.331,,,
CMCC_5G_EXT_PICO_V1.9.4,中国移动5G扩展型皮基站网管南向接口数据模型规范v1.9.4.xlsx,SM,82,parameter,A2事件测量控制参数,Device.Services.FAPService.{i}.CellConfig.{i}.NR.RAN.Mobility.ConnMode.NR.A2MeasureCtrl.2.ReportAmount,Device,ReportAmount,Y,ReportAmount,上报次数,A,AK,rptAmount,RW,"unsignedInt[0:2, 4, 8, 16, 32, 64]",,,测量报告发送的次数，0表示无限次,3GPP TS38.331,,,
CMCC_5G_EXT_PICO_V1.9.4,中国移动5G扩展型皮基站网管南向接口数据模型规范v1.9.4.xlsx,SM,83,parameter,A2事件测量控制参数,Device.Services.FAPService.{i}.CellConfig.{i}.NR.RAN.Mobility.ConnMode.NR.A2MeasureCtrl.2.ReportInterval,Device,ReportInterval,Y,ReportInterval,上报间隔,A,AK,rptInterval,RW,"unsignedInt[120, 240, 480, 640, 1024, 2048, 5120, 10240, 60000, 360000, 720000, 1800000]",,,连续测量报告之间的间隔，单位ms,3GPP TS38.331,,,
CMCC_5G_EXT_PICO_V1.9.4,中国移动5G扩展型皮基站网管南向接口数据模型规范v1.9.4.xlsx,SM,78,parameter,A2事件测量控制参数,Device.Services.FAPService.{i}.CellConfig.{i}.NR.RAN.Mobility.ConnMode.NR.A2MeasureCtrl.2.ReportOnLeave,Device,ReportOnLeave,Y,ReportOnLeave,A2事件离开上报指示,A,,,RW,boolean,,,"某小区的离开状态满足时,UE是否触发测量上报过程；
0:代表不满足条件的小区离开测量列表时不进行上报；
1:代表都会触发测量结果的填写以及上报消息的发送",3GPP TS38.331,,,
CMCC_5G_EXT_PICO_V1.9.4,中国移动5G扩展型皮基站网管南向接口数据模型规范v1.9.4.xlsx,SM,84,parameter,A2事件测量控制参数,Device.Services.FAPService.{i}.CellConfig.{i}.NR.RAN.Mobility.ConnMode.NR.A2MeasureCtrl.2.ReportQuantityCell,Device,ReportQuantityCell,Y,ReportQuantityCell,上报量,A,AK,rptQuantityCell,RW,string,,,"测量报告中的上报量
{rsrp,rsrq,sinr}",3GPP TS38.331,,,
CMCC_5G_EXT_PICO_V1.9.4,中国移动5G扩展型皮基站网管南向接口数据模型规范v1.9.4.xlsx,SM,76,parameter,A2事件测量控制参数,Device.Services.FAPService.{i}.CellConfig.{i}.NR.RAN.Mobility.ConnMode.NR.A2MeasureCtrl.2.RptQuantityRsIndex,Device,RptQuantityRsIndex,Y,RptQuantityRsIndex,A2事件RS测量上报量,A,AK,rptQuantityRsIndex,RW,string,,,"该参数用于指示RS测量上报量:{rsrp,rsrq,sinr,NULL}",,,,
CMCC_5G_EXT_PICO_V1.9.4,中国移动5G扩展型皮基站网管南向接口数据模型规范v1.9.4.xlsx,SM,86,parameter,A2事件测量控制参数,Device.Services.FAPService.{i}.CellConfig.{i}.NR.RAN.Mobility.ConnMode.NR.A2MeasureCtrl.2.RsType,Device,RsType,Y,RsType,测量类型指示,B,,,RW,string,,,"用来指示测量参考信号的类型，是ssb还是csi-rs,{ssb,csi-rs}",3GPP TS38.331,,,
CMCC_5G_EXT_PICO_V1.9.4,中国移动5G扩展型皮基站网管南向接口数据模型规范v1.9.4.xlsx,SM,85,parameter,A2事件测量控制参数,Device.Services.FAPService.{i}.CellConfig.{i}.NR.RAN.Mobility.ConnMode.NR.A2MeasureCtrl.2.TimeToTrigger,Device,TimeToTrigger,Y,TimeToTrigger,触发时间,A,,,RW,"unsignedInt[0,40, 64, 80,100,128, 160,256,320, 480, 512, 640, 1024,1280,2560,5120]",,,为了满足触发RAT测量报告触发条件持续的时间，单位ms,3GPP TS38.331,,,
CMCC_5G_EXT_PICO_V1.9.4,中国移动5G扩展型皮基站网管南向接口数据模型规范v1.9.4.xlsx,SM,72,parameter,A2事件测量控制参数,Device.Services.FAPService.{i}.CellConfig.{i}.NR.RAN.Mobility.ConnMode.NR.A2MeasureCtrl.2.TriggerQuantity,Device,TriggerQuantity,Y,TriggerQuantity,控制门限信号类型,B,,,RW,string,,,"TriggerQuantity取值范围为{rsrp,rsrq,sinr}，三选一",,,,20231020-添加用于控制门限信号类型的参数-A2MeasureCtrl.2.TriggerQuantity
CMCC_5G_EXT_PICO_V1.9.4,中国移动5G扩展型皮基站网管南向接口数据模型规范v1.9.4.xlsx,SM,56,parameter,A2事件测量控制参数,Device.Services.FAPService.{i}.CellConfig.{i}.NR.RAN.Mobility.ConnMode.NR.A2MeasureCtrl.{i}.A2ThresholdRSRP,Device,A2ThresholdRSRP,Y,A2ThresholdRSRP,A2事件RSRP门限,A,AK,rsrpThreshold,RW,unsignedInt[0:127],,,"用于NR测量中,触发量为RSRP时,A2事件触发条件的绝对门限",3GPP TS38.331,,,
CMCC_5G_EXT_PICO_V1.9.4,中国移动5G扩展型皮基站网管南向接口数据模型规范v1.9.4.xlsx,SM,57,parameter,A2事件测量控制参数,Device.Services.FAPService.{i}.CellConfig.{i}.NR.RAN.Mobility.ConnMode.NR.A2MeasureCtrl.{i}.A2ThresholdRSRQ,Device,A2ThresholdRSRQ,Y,A2ThresholdRSRQ,A2事件RSRQ门限,A,AK,rsrqThreshold,RW,unsignedInt[0:127],,,"用于NR测量中,触发量为RSRQ时,A2事件触发条件的绝对门限",3GPP TS38.331,,,
CMCC_5G_EXT_PICO_V1.9.4,中国移动5G扩展型皮基站网管南向接口数据模型规范v1.9.4.xlsx,SM,58,parameter,A2事件测量控制参数,Device.Services.FAPService.{i}.CellConfig.{i}.NR.RAN.Mobility.ConnMode.NR.A2MeasureCtrl.{i}.A2ThresholdSINR,Device,A2ThresholdSINR,Y,A2ThresholdSINR,A2事件SINR门限,A,AK,sinrThreshold,RW,unsignedInt[0:127],,,用于NR测量中，触发量为SINR时，A2事件触发条件的绝对门限,3GPP TS38.331,,,
CMCC_5G_EXT_PICO_V1.9.4,中国移动5G扩展型皮基站网管南向接口数据模型规范v1.9.4.xlsx,SM,54,parameter,A2事件测量控制参数,Device.Services.FAPService.{i}.CellConfig.{i}.NR.RAN.Mobility.ConnMode.NR.A2MeasureCtrl.{i}.Enable,Device,Enable,Y,Enable,使能开关,A,,,RW,boolean,,,是否启用该表项,3GPP TS38.331,参数路径中最后一个多实例节点（{i}）序号1～10为系统保留段，若厂商对A2测量事件有其它用途，则从A2MeasureCtrl.11.开始定义,,
CMCC_5G_EXT_PICO_V1.9.4,中国移动5G扩展型皮基站网管南向接口数据模型规范v1.9.4.xlsx,SM,62,parameter,A2事件测量控制参数,Device.Services.FAPService.{i}.CellConfig.{i}.NR.RAN.Mobility.ConnMode.NR.A2MeasureCtrl.{i}.Hysteresis,Device,Hysteresis,Y,Hysteresis,迟滞值,A,,,RW,unsignedInt[0:30],,,进入和离开上报触发事件条件的滞后值,3GPP TS38.331,,,
CMCC_5G_EXT_PICO_V1.9.4,中国移动5G扩展型皮基站网管南向接口数据模型规范v1.9.4.xlsx,SM,70,parameter,A2事件测量控制参数,Device.Services.FAPService.{i}.CellConfig.{i}.NR.RAN.Mobility.ConnMode.NR.A2MeasureCtrl.{i}.IncludeBeamMeasurements,Device,IncludeBeamMeasurements,Y,IncludeBeamMeasurements,波束赋形测量指示,B,AK,includeBeamMeasurements,RW,boolean,,,指示是否使用波束赋形功能,3GPP TS38.331,,,
CMCC_5G_EXT_PICO_V1.9.4,中国移动5G扩展型皮基站网管南向接口数据模型规范v1.9.4.xlsx,SM,60,parameter,A2事件测量控制参数,Device.Services.FAPService.{i}.CellConfig.{i}.NR.RAN.Mobility.ConnMode.NR.A2MeasureCtrl.{i}.MaxNrofRSIndexToReport,Device,MaxNrofRSIndexToReport,Y,MaxNrofRSIndexToReport,RS测量上报资源最大个数,B,AK,maxNrofRSIndexToReport,RW,"unsignedInt[1:32,0x0000FFFF]",,,"该参数用于指示RS测量上报资源最大个数,1~32协议规定，0x0000FFFF表示不携带该值",3GPP TS38.331,,,
CMCC_5G_EXT_PICO_V1.9.4,中国移动5G扩展型皮基站网管南向接口数据模型规范v1.9.4.xlsx,SM,63,parameter,A2事件测量控制参数,Device.Services.FAPService.{i}.CellConfig.{i}.NR.RAN.Mobility.ConnMode.NR.A2MeasureCtrl.{i}.MaxReportCells,Device,MaxReportCells,Y,MaxReportCells,最大上报小区数,A,AK,maxRptCellNum,RW,unsignedInt[1:8],,,测量报告中包含小区的最大数目,3GPP TS38.331,,,
CMCC_5G_EXT_PICO_V1.9.4,中国移动5G扩展型皮基站网管南向接口数据模型规范v1.9.4.xlsx,SM,64,parameter,A2事件测量控制参数,Device.Services.FAPService.{i}.CellConfig.{i}.NR.RAN.Mobility.ConnMode.NR.A2MeasureCtrl.{i}.MeasurePurpose,Device,MeasurePurpose,Y,MeasurePurpose,测量目的,A,,,R,unsignedInt[1:100],,,"用于表明当前配置事件的使用目的，本字段取值固定为：
(1=异频测量)",3GPP TS38.331,,,
CMCC_5G_EXT_PICO_V1.9.4,中国移动5G扩展型皮基站网管南向接口数据模型规范v1.9.4.xlsx,SM,65,parameter,A2事件测量控制参数,Device.Services.FAPService.{i}.CellConfig.{i}.NR.RAN.Mobility.ConnMode.NR.A2MeasureCtrl.{i}.ReportAmount,Device,ReportAmount,Y,ReportAmount,上报次数,A,AK,rptAmount,RW,"unsignedInt[0:2, 4, 8, 16, 32, 64]",,,测量报告发送的次数，0表示无限次,3GPP TS38.331,,,
CMCC_5G_EXT_PICO_V1.9.4,中国移动5G扩展型皮基站网管南向接口数据模型规范v1.9.4.xlsx,SM,66,parameter,A2事件测量控制参数,Device.Services.FAPService.{i}.CellConfig.{i}.NR.RAN.Mobility.ConnMode.NR.A2MeasureCtrl.{i}.ReportInterval,Device,ReportInterval,Y,ReportInterval,上报间隔,A,AK,rptInterval,RW,"unsignedInt[120, 240, 480, 640, 1024, 2048, 5120, 10240, 60000, 360000, 720000, 1800000]",,,连续测量报告之间的间隔，单位ms,3GPP TS38.331,,,
CMCC_5G_EXT_PICO_V1.9.4,中国移动5G扩展型皮基站网管南向接口数据模型规范v1.9.4.xlsx,SM,61,parameter,A2事件测量控制参数,Device.Services.FAPService.{i}.CellConfig.{i}.NR.RAN.Mobility.ConnMode.NR.A2MeasureCtrl.{i}.ReportOnLeave,Device,ReportOnLeave,Y,ReportOnLeave,A2事件离开上报指示,A,,,RW,boolean,,,"某小区的离开状态满足时,UE是否触发测量上报过程；
0:代表不满足条件的小区离开测量列表时不进行上报；
1:代表都会触发测量结果的填写以及上报消息的发送",3GPP TS38.331,,,
CMCC_5G_EXT_PICO_V1.9.4,中国移动5G扩展型皮基站网管南向接口数据模型规范v1.9.4.xlsx,SM,67,parameter,A2事件测量控制参数,Device.Services.FAPService.{i}.CellConfig.{i}.NR.RAN.Mobility.ConnMode.NR.A2MeasureCtrl.{i}.ReportQuantityCell,Device,ReportQuantityCell,Y,ReportQuantityCell,上报量,A,AK,rptQuantityCell,RW,string,,,"测量报告中的上报量
{rsrp,rsrq,sinr}",3GPP TS38.331,,,
CMCC_5G_EXT_PICO_V1.9.4,中国移动5G扩展型皮基站网管南向接口数据模型规范v1.9.4.xlsx,SM,59,parameter,A2事件测量控制参数,Device.Services.FAPService.{i}.CellConfig.{i}.NR.RAN.Mobility.ConnMode.NR.A2MeasureCtrl.{i}.RptQuantityRsIndex,Device,RptQuantityRsIndex,Y,RptQuantityRsIndex,A2事件RS测量上报量,A,AK,rptQuantityRsIndex,RW,string,,,"该参数用于指示RS测量上报量:{rsrp,rsrq,sinr,NULL}",,,,
CMCC_5G_EXT_PICO_V1.9.4,中国移动5G扩展型皮基站网管南向接口数据模型规范v1.9.4.xlsx,SM,69,parameter,A2事件测量控制参数,Device.Services.FAPService.{i}.CellConfig.{i}.NR.RAN.Mobility.ConnMode.NR.A2MeasureCtrl.{i}.RsType,Device,RsType,Y,RsType,测量类型指示,B,,,RW,string,,,"用来指示测量参考信号的类型，是ssb还是csi-rs,{ssb,csi-rs}",3GPP TS38.331,,,
CMCC_5G_EXT_PICO_V1.9.4,中国移动5G扩展型皮基站网管南向接口数据模型规范v1.9.4.xlsx,SM,68,parameter,A2事件测量控制参数,Device.Services.FAPService.{i}.CellConfig.{i}.NR.RAN.Mobility.ConnMode.NR.A2MeasureCtrl.{i}.TimeToTrigger,Device,TimeToTrigger,Y,TimeToTrigger,触发时间,A,,,RW,"unsignedInt[0,40, 64, 80,100,128, 160,256,320, 480, 512, 640, 1024,1280,2560,5120]",,,为了满足触发RAT测量报告触发条件持续的时间，单位ms,3GPP TS38.331,,,
CMCC_5G_EXT_PICO_V1.9.4,中国移动5G扩展型皮基站网管南向接口数据模型规范v1.9.4.xlsx,SM,55,parameter,A2事件测量控制参数,Device.Services.FAPService.{i}.CellConfig.{i}.NR.RAN.Mobility.ConnMode.NR.A2MeasureCtrl.{i}.TriggerQuantity,Device,TriggerQuantity,Y,TriggerQuantity,控制门限信号类型,B,,,RW,string,,,"TriggerQuantity取值范围为{rsrp,rsrq,sinr}，三选一",,,,20231020-添加用于控制门限信号类型的参数-A2MeasureCtrl.1.TriggerQuantity
CMCC_TD_LTE_V2.3,中国移动TD-LTE皮站_飞站基站设备网络管理南向接口数据配置模型规范V2.3.xlsx,SJ,52,parameter,A2事件测量控制参数,InternetGatewayDevice.Services.FAPService.{i}.CellConfig.LTE.RAN.Mobility.ConnMode.EUTRA.A2MeasureCtrl.1.A2ThresholdRSRP,InternetGatewayDevice,A2ThresholdRSRP,Y,A2ThresholdRSRP,A2事件RSRP门限,A,,A2ThresholdInterFCov,RW,unsignedInt[0:97],,,"用于EUTRA测量中,触发量为RSRP时,A2事件触发条件的绝对门限",NRM数据配置要求,,,
CMCC_TD_LTE_V2.3,中国移动TD-LTE皮站_飞站基站设备网络管理南向接口数据配置模型规范V2.3.xlsx,SJ,53,parameter,A2事件测量控制参数,InternetGatewayDevice.Services.FAPService.{i}.CellConfig.LTE.RAN.Mobility.ConnMode.EUTRA.A2MeasureCtrl.1.A2ThresholdRSRQ,InternetGatewayDevice,A2ThresholdRSRQ,Y,A2ThresholdRSRQ,A2事件RSRQ门限,A,,A2ThresholdInterFCov,RW,unsignedInt[0:34],,,"用于EUTRA测量中,触发量为RSRQ时,A2事件触发条件的绝对门限",,,,
CMCC_TD_LTE_V2.3,中国移动TD-LTE皮站_飞站基站设备网络管理南向接口数据配置模型规范V2.3.xlsx,SJ,51,parameter,A2事件测量控制参数,InternetGatewayDevice.Services.FAPService.{i}.CellConfig.LTE.RAN.Mobility.ConnMode.EUTRA.A2MeasureCtrl.1.Enable,InternetGatewayDevice,Enable,Y,Enable,使能开关,A,,,RW,boolean,,,是否启用该表项,,参数路径中最后一个多实例节点（{i}）序号1～10为系统保留段，若厂商对A2测量事件有其它用途，则从A2MeasureCtrl.11.开始定义,新增使能开关,
CMCC_TD_LTE_V2.3,中国移动TD-LTE皮站_飞站基站设备网络管理南向接口数据配置模型规范V2.3.xlsx,SJ,54,parameter,A2事件测量控制参数,InternetGatewayDevice.Services.FAPService.{i}.CellConfig.LTE.RAN.Mobility.ConnMode.EUTRA.A2MeasureCtrl.1.Hysteresis,InternetGatewayDevice,Hysteresis,Y,Hysteresis,迟滞值,A,,A2HysteresisInterFCov,RW,unsignedInt[0:30],,,进入和离开上报触发事件条件的滞后值,,,,
CMCC_TD_LTE_V2.3,中国移动TD-LTE皮站_飞站基站设备网络管理南向接口数据配置模型规范V2.3.xlsx,SJ,55,parameter,A2事件测量控制参数,InternetGatewayDevice.Services.FAPService.{i}.CellConfig.LTE.RAN.Mobility.ConnMode.EUTRA.A2MeasureCtrl.1.MaxReportCells,InternetGatewayDevice,MaxReportCells,Y,MaxReportCells,最大上报小区数,A,,,RW,unsignedInt[1:8],,,测量报告中包含小区的最大数目,,,,
CMCC_TD_LTE_V2.3,中国移动TD-LTE皮站_飞站基站设备网络管理南向接口数据配置模型规范V2.3.xlsx,SJ,56,parameter,A2事件测量控制参数,InternetGatewayDevice.Services.FAPService.{i}.CellConfig.LTE.RAN.Mobility.ConnMode.EUTRA.A2MeasureCtrl.1.MeasurePurpose,InternetGatewayDevice,MeasurePurpose,Y,MeasurePurpose,测量目的,A,,,R,unsignedInt[1:100],,,"用于表明当前配置事件的使用目的，本字段取值固定为：
(1=异频测量)",,,对测量目的增加描述,
CMCC_TD_LTE_V2.3,中国移动TD-LTE皮站_飞站基站设备网络管理南向接口数据配置模型规范V2.3.xlsx,SJ,57,parameter,A2事件测量控制参数,InternetGatewayDevice.Services.FAPService.{i}.CellConfig.LTE.RAN.Mobility.ConnMode.EUTRA.A2MeasureCtrl.1.ReportAmount,InternetGatewayDevice,ReportAmount,Y,ReportAmount,上报次数,A,,,RW,"unsignedInt[0:2, 4, 8, 16, 32, 64]",,,测量报告发送的次数，0表示无限次,,,,
CMCC_TD_LTE_V2.3,中国移动TD-LTE皮站_飞站基站设备网络管理南向接口数据配置模型规范V2.3.xlsx,SJ,58,parameter,A2事件测量控制参数,InternetGatewayDevice.Services.FAPService.{i}.CellConfig.LTE.RAN.Mobility.ConnMode.EUTRA.A2MeasureCtrl.1.ReportInterval,InternetGatewayDevice,ReportInterval,Y,ReportInterval,上报间隔,A,,,RW,"unsignedInt[120, 240, 480, 640, 1024, 2048, 5120, 10240, 60000, 360000, 720000, 1800000, 3600000]",,,连续测量报告之间的上报间隔,,,,
CMCC_TD_LTE_V2.3,中国移动TD-LTE皮站_飞站基站设备网络管理南向接口数据配置模型规范V2.3.xlsx,SJ,59,parameter,A2事件测量控制参数,InternetGatewayDevice.Services.FAPService.{i}.CellConfig.LTE.RAN.Mobility.ConnMode.EUTRA.A2MeasureCtrl.1.ReportQuantity,InternetGatewayDevice,ReportQuantity,Y,ReportQuantity,上报量,A,,A2ReportQuantityInterFCov,RW,string,,,"测量报告中的上报量(sameAsTriggerQuantity, both)",,,,
CMCC_TD_LTE_V2.3,中国移动TD-LTE皮站_飞站基站设备网络管理南向接口数据配置模型规范V2.3.xlsx,SJ,60,parameter,A2事件测量控制参数,InternetGatewayDevice.Services.FAPService.{i}.CellConfig.LTE.RAN.Mobility.ConnMode.EUTRA.A2MeasureCtrl.1.TimeToTrigger,InternetGatewayDevice,TimeToTrigger,Y,TimeToTrigger,触发时间,A,,A2TimeToTriggerInterFCov,RW,"unsignedInt[0,40, 64, 80,100,128, 160,256,320, 480, 512, 640, 1024,1280,2560,5120]",,,为了满足触发RAT测量报告触发条件持续的时间，单位ms,,,,
CMCC_TD_LTE_V2.3,中国移动TD-LTE皮站_飞站基站设备网络管理南向接口数据配置模型规范V2.3.xlsx,SJ,61,parameter,A2事件测量控制参数,InternetGatewayDevice.Services.FAPService.{i}.CellConfig.LTE.RAN.Mobility.ConnMode.EUTRA.A2MeasureCtrl.1.TriggerQuantity,InternetGatewayDevice,TriggerQuantity,Y,TriggerQuantity,触发量,A,,A2TriggerQuantityInterFCov,RW,string,,,用来评估触发条件测量报告的数量,,,,
CMCC_TD_LTE_V2.3,中国移动TD-LTE皮站_飞站基站设备网络管理南向接口数据配置模型规范V2.3.xlsx,SJ,63,parameter,A2事件测量控制参数,InternetGatewayDevice.Services.FAPService.{i}.CellConfig.LTE.RAN.Mobility.ConnMode.EUTRA.A2MeasureCtrl.2.A2ThresholdRSRP,InternetGatewayDevice,A2ThresholdRSRP,Y,A2ThresholdRSRP,A2事件RSRP门限,A,,A2ThresholdUtraCov,RW,unsignedInt[0:97],,,"用于EUTRA测量中,触发量为RSRP时,A2事件触发条件的绝对门限",,,,
CMCC_TD_LTE_V2.3,中国移动TD-LTE皮站_飞站基站设备网络管理南向接口数据配置模型规范V2.3.xlsx,SJ,64,parameter,A2事件测量控制参数,InternetGatewayDevice.Services.FAPService.{i}.CellConfig.LTE.RAN.Mobility.ConnMode.EUTRA.A2MeasureCtrl.2.A2ThresholdRSRQ,InternetGatewayDevice,A2ThresholdRSRQ,Y,A2ThresholdRSRQ,A2事件RSRQ门限,A,,A2ThresholdUtraCov,RW,unsignedInt[0:34],,,"用于EUTRA测量中,触发量为RSRQ时,A2事件触发条件的绝对门限",,,,
CMCC_TD_LTE_V2.3,中国移动TD-LTE皮站_飞站基站设备网络管理南向接口数据配置模型规范V2.3.xlsx,SJ,62,parameter,A2事件测量控制参数,InternetGatewayDevice.Services.FAPService.{i}.CellConfig.LTE.RAN.Mobility.ConnMode.EUTRA.A2MeasureCtrl.2.Enable,InternetGatewayDevice,Enable,Y,Enable,使能开关,A,,,RW,boolean,,,是否启用该表项,,,新增使能开关,
CMCC_TD_LTE_V2.3,中国移动TD-LTE皮站_飞站基站设备网络管理南向接口数据配置模型规范V2.3.xlsx,SJ,65,parameter,A2事件测量控制参数,InternetGatewayDevice.Services.FAPService.{i}.CellConfig.LTE.RAN.Mobility.ConnMode.EUTRA.A2MeasureCtrl.2.Hysteresis,InternetGatewayDevice,Hysteresis,Y,Hysteresis,迟滞值,A,,A2HysteresisUtraCov,RW,unsignedInt[0:30],,,进入和离开上报触发事件条件的滞后值,,,,
CMCC_TD_LTE_V2.3,中国移动TD-LTE皮站_飞站基站设备网络管理南向接口数据配置模型规范V2.3.xlsx,SJ,66,parameter,A2事件测量控制参数,InternetGatewayDevice.Services.FAPService.{i}.CellConfig.LTE.RAN.Mobility.ConnMode.EUTRA.A2MeasureCtrl.2.MaxReportCells,InternetGatewayDevice,MaxReportCells,Y,MaxReportCells,最大上报小区数,A,,,RW,unsignedInt[1:8],,,测量报告中包含小区的最大数目,,,,
CMCC_TD_LTE_V2.3,中国移动TD-LTE皮站_飞站基站设备网络管理南向接口数据配置模型规范V2.3.xlsx,SJ,67,parameter,A2事件测量控制参数,InternetGatewayDevice.Services.FAPService.{i}.CellConfig.LTE.RAN.Mobility.ConnMode.EUTRA.A2MeasureCtrl.2.MeasurePurpose,InternetGatewayDevice,MeasurePurpose,Y,MeasurePurpose,测量目的,A,,,R,unsignedInt[1:100],,,"用于表明当前配置事件的使用目的，本字段取值固定为：
(2=异系统UTRA测量)",,,对测量目的增加描述,
CMCC_TD_LTE_V2.3,中国移动TD-LTE皮站_飞站基站设备网络管理南向接口数据配置模型规范V2.3.xlsx,SJ,68,parameter,A2事件测量控制参数,InternetGatewayDevice.Services.FAPService.{i}.CellConfig.LTE.RAN.Mobility.ConnMode.EUTRA.A2MeasureCtrl.2.ReportAmount,InternetGatewayDevice,ReportAmount,Y,ReportAmount,上报次数,A,,,RW,"unsignedInt[0:2, 4, 8, 16, 32, 64]",,,测量报告发送的次数，0表示无限次,,,,
CMCC_TD_LTE_V2.3,中国移动TD-LTE皮站_飞站基站设备网络管理南向接口数据配置模型规范V2.3.xlsx,SJ,69,parameter,A2事件测量控制参数,InternetGatewayDevice.Services.FAPService.{i}.CellConfig.LTE.RAN.Mobility.ConnMode.EUTRA.A2MeasureCtrl.2.ReportInterval,InternetGatewayDevice,ReportInterval,Y,ReportInterval,上报间隔,A,,,RW,"unsignedInt[120, 240, 480, 640, 1024, 2048, 5120, 10240, 60000, 360000, 720000, 1800000, 3600000]",,,连续测量报告之间的上报间隔,,,,
CMCC_TD_LTE_V2.3,中国移动TD-LTE皮站_飞站基站设备网络管理南向接口数据配置模型规范V2.3.xlsx,SJ,70,parameter,A2事件测量控制参数,InternetGatewayDevice.Services.FAPService.{i}.CellConfig.LTE.RAN.Mobility.ConnMode.EUTRA.A2MeasureCtrl.2.ReportQuantity,InternetGatewayDevice,ReportQuantity,Y,ReportQuantity,上报量,A,,A2ReportQuantityUtraCov,RW,string,,,"测量报告中的上报量（sameAsTriggerQuantity,both）",,,,
CMCC_TD_LTE_V2.3,中国移动TD-LTE皮站_飞站基站设备网络管理南向接口数据配置模型规范V2.3.xlsx,SJ,71,parameter,A2事件测量控制参数,InternetGatewayDevice.Services.FAPService.{i}.CellConfig.LTE.RAN.Mobility.ConnMode.EUTRA.A2MeasureCtrl.2.TimeToTrigger,InternetGatewayDevice,TimeToTrigger,Y,TimeToTrigger,触发时间,A,,A2TimeToTriggerUtraCov,RW,"unsignedInt[0,40, 64, 80,100,128, 160,256,320, 480, 512, 640, 1024,1280,2560,5120]",,,为了满足触发RAT测量报告触发条件持续的时间，单位ms,,,,
CMCC_TD_LTE_V2.3,中国移动TD-LTE皮站_飞站基站设备网络管理南向接口数据配置模型规范V2.3.xlsx,SJ,72,parameter,A2事件测量控制参数,InternetGatewayDevice.Services.FAPService.{i}.CellConfig.LTE.RAN.Mobility.ConnMode.EUTRA.A2MeasureCtrl.2.TriggerQuantity,InternetGatewayDevice,TriggerQuantity,Y,TriggerQuantity,触发量,A,,A2TriggerQuantityUtraCov,RW,string,,,"用来评估触发条件测量报告的数量（RSRP, RSRQ）",,,,
CMCC_TD_LTE_V2.3,中国移动TD-LTE皮站_飞站基站设备网络管理南向接口数据配置模型规范V2.3.xlsx,SJ,74,parameter,A2事件测量控制参数,InternetGatewayDevice.Services.FAPService.{i}.CellConfig.LTE.RAN.Mobility.ConnMode.EUTRA.A2MeasureCtrl.3.A2ThresholdRSRP,InternetGatewayDevice,A2ThresholdRSRP,Y,A2ThresholdRSRP,A2事件RSRP门限,A,,A2ThresholdGeranCov,RW,unsignedInt[0:97],,,"用于EUTRA测量中,触发量为RSRP时,A2事件触发条件的绝对门限",,,,
CMCC_TD_LTE_V2.3,中国移动TD-LTE皮站_飞站基站设备网络管理南向接口数据配置模型规范V2.3.xlsx,SJ,75,parameter,A2事件测量控制参数,InternetGatewayDevice.Services.FAPService.{i}.CellConfig.LTE.RAN.Mobility.ConnMode.EUTRA.A2MeasureCtrl.3.A2ThresholdRSRQ,InternetGatewayDevice,A2ThresholdRSRQ,Y,A2ThresholdRSRQ,A2事件RSRQ门限,A,,A2ThresholdGeranCov,RW,unsignedInt[0:34],,,"用于EUTRA测量中,触发量为RSRQ时,A2事件触发条件的绝对门限",,,,
CMCC_TD_LTE_V2.3,中国移动TD-LTE皮站_飞站基站设备网络管理南向接口数据配置模型规范V2.3.xlsx,SJ,73,parameter,A2事件测量控制参数,InternetGatewayDevice.Services.FAPService.{i}.CellConfig.LTE.RAN.Mobility.ConnMode.EUTRA.A2MeasureCtrl.3.Enable,InternetGatewayDevice,Enable,Y,Enable,使能开关,A,,,RW,boolean,,,是否启用该表项,,,新增使能开关,
CMCC_TD_LTE_V2.3,中国移动TD-LTE皮站_飞站基站设备网络管理南向接口数据配置模型规范V2.3.xlsx,SJ,76,parameter,A2事件测量控制参数,InternetGatewayDevice.Services.FAPService.{i}.CellConfig.LTE.RAN.Mobility.ConnMode.EUTRA.A2MeasureCtrl.3.Hysteresis,InternetGatewayDevice,Hysteresis,Y,Hysteresis,迟滞值,A,,A2HysteresisGeranCov,RW,unsignedInt[0:30],,,进入和离开上报触发事件条件的滞后值,,,,
CMCC_TD_LTE_V2.3,中国移动TD-LTE皮站_飞站基站设备网络管理南向接口数据配置模型规范V2.3.xlsx,SJ,77,parameter,A2事件测量控制参数,InternetGatewayDevice.Services.FAPService.{i}.CellConfig.LTE.RAN.Mobility.ConnMode.EUTRA.A2MeasureCtrl.3.MaxReportCells,InternetGatewayDevice,MaxReportCells,Y,MaxReportCells,最大上报小区数,A,,,RW,unsignedInt[1:8],,,测量报告中包含小区的最大数目,,,,
CMCC_TD_LTE_V2.3,中国移动TD-LTE皮站_飞站基站设备网络管理南向接口数据配置模型规范V2.3.xlsx,SJ,78,parameter,A2事件测量控制参数,InternetGatewayDevice.Services.FAPService.{i}.CellConfig.LTE.RAN.Mobility.ConnMode.EUTRA.A2MeasureCtrl.3.MeasurePurpose,InternetGatewayDevice,MeasurePurpose,Y,MeasurePurpose,测量目的,A,,,R,unsignedInt[1:100],,,"用于表明当前配置事件的使用目的，本字段取值固定为：
(3=异系统GERAN测量)",,,对测量目的增加描述,
CMCC_TD_LTE_V2.3,中国移动TD-LTE皮站_飞站基站设备网络管理南向接口数据配置模型规范V2.3.xlsx,SJ,79,parameter,A2事件测量控制参数,InternetGatewayDevice.Services.FAPService.{i}.CellConfig.LTE.RAN.Mobility.ConnMode.EUTRA.A2MeasureCtrl.3.ReportAmount,InternetGatewayDevice,ReportAmount,Y,ReportAmount,上报次数,A,,,RW,"unsignedInt[0:2, 4, 8, 16, 32, 64]",,,测量报告发送的次数，0表示无限次,,,,
CMCC_TD_LTE_V2.3,中国移动TD-LTE皮站_飞站基站设备网络管理南向接口数据配置模型规范V2.3.xlsx,SJ,80,parameter,A2事件测量控制参数,InternetGatewayDevice.Services.FAPService.{i}.CellConfig.LTE.RAN.Mobility.ConnMode.EUTRA.A2MeasureCtrl.3.ReportInterval,InternetGatewayDevice,ReportInterval,Y,ReportInterval,上报间隔,A,,,RW,"unsignedInt[120, 240, 480, 640, 1024, 2048, 5120, 10240, 60000, 360000, 720000, 1800000, 3600000]",,,连续测量报告之间的上报间隔,,,,
CMCC_TD_LTE_V2.3,中国移动TD-LTE皮站_飞站基站设备网络管理南向接口数据配置模型规范V2.3.xlsx,SJ,81,parameter,A2事件测量控制参数,InternetGatewayDevice.Services.FAPService.{i}.CellConfig.LTE.RAN.Mobility.ConnMode.EUTRA.A2MeasureCtrl.3.ReportQuantity,InternetGatewayDevice,ReportQuantity,Y,ReportQuantity,上报量,A,,A2ReportQuantityGeranCov,RW,string,,,"测量报告中的上报量（sameAsTriggerQuantity,both）",,,,
CMCC_TD_LTE_V2.3,中国移动TD-LTE皮站_飞站基站设备网络管理南向接口数据配置模型规范V2.3.xlsx,SJ,82,parameter,A2事件测量控制参数,InternetGatewayDevice.Services.FAPService.{i}.CellConfig.LTE.RAN.Mobility.ConnMode.EUTRA.A2MeasureCtrl.3.TimeToTrigger,InternetGatewayDevice,TimeToTrigger,Y,TimeToTrigger,触发时间,A,,A2TimeToTriggerGeranCov,RW,"unsignedInt[0,40, 64, 80,100,128, 160,256,320, 480, 512, 640, 1024,1280,2560,5120]",,,为了满足触发RAT测量报告触发条件持续的时间，单位ms,,,,
CMCC_TD_LTE_V2.3,中国移动TD-LTE皮站_飞站基站设备网络管理南向接口数据配置模型规范V2.3.xlsx,SJ,83,parameter,A2事件测量控制参数,InternetGatewayDevice.Services.FAPService.{i}.CellConfig.LTE.RAN.Mobility.ConnMode.EUTRA.A2MeasureCtrl.3.TriggerQuantity,InternetGatewayDevice,TriggerQuantity,Y,TriggerQuantity,触发量,A,,A2TriggerQuantityGeranCov,RW,string,,,"用来评估触发条件测量报告的数量（RSRP, RSRQ）",,,,
CMCC_TD_LTE_V2.3,中国移动TD-LTE皮站_飞站基站设备网络管理南向接口数据配置模型规范V2.3.xlsx,SJ,85,parameter,A2事件测量控制参数,InternetGatewayDevice.Services.FAPService.{i}.CellConfig.LTE.RAN.Mobility.ConnMode.EUTRA.A2MeasureCtrl.4.A2ThresholdRSRP,InternetGatewayDevice,A2ThresholdRSRP,Y,A2ThresholdRSRP,A2事件RSRP门限,A,,A2ThresholdBlindUtraCov,RW,unsignedInt[0:97],,,"用于EUTRA测量中,触发量为RSRP时,A2事件触发条件的绝对门限",,,,
CMCC_TD_LTE_V2.3,中国移动TD-LTE皮站_飞站基站设备网络管理南向接口数据配置模型规范V2.3.xlsx,SJ,86,parameter,A2事件测量控制参数,InternetGatewayDevice.Services.FAPService.{i}.CellConfig.LTE.RAN.Mobility.ConnMode.EUTRA.A2MeasureCtrl.4.A2ThresholdRSRQ,InternetGatewayDevice,A2ThresholdRSRQ,Y,A2ThresholdRSRQ,A2事件RSRQ门限,A,,A2ThresholdBlindUtraCov,RW,unsignedInt[0:34],,,"用于EUTRA测量中,触发量为RSRQ时,A2事件触发条件的绝对门限",,,,
CMCC_TD_LTE_V2.3,中国移动TD-LTE皮站_飞站基站设备网络管理南向接口数据配置模型规范V2.3.xlsx,SJ,84,parameter,A2事件测量控制参数,InternetGatewayDevice.Services.FAPService.{i}.CellConfig.LTE.RAN.Mobility.ConnMode.EUTRA.A2MeasureCtrl.4.Enable,InternetGatewayDevice,Enable,Y,Enable,使能开关,A,,,RW,boolean,,,是否启用该表项,,,新增使能开关,
CMCC_TD_LTE_V2.3,中国移动TD-LTE皮站_飞站基站设备网络管理南向接口数据配置模型规范V2.3.xlsx,SJ,87,parameter,A2事件测量控制参数,InternetGatewayDevice.Services.FAPService.{i}.CellConfig.LTE.RAN.Mobility.ConnMode.EUTRA.A2MeasureCtrl.4.Hysteresis,InternetGatewayDevice,Hysteresis,Y,Hysteresis,迟滞值,A,,A2HysteresisBlindUtraCov,RW,unsignedInt[0:30],,,进入和离开上报触发事件条件的滞后值,,,,
CMCC_TD_LTE_V2.3,中国移动TD-LTE皮站_飞站基站设备网络管理南向接口数据配置模型规范V2.3.xlsx,SJ,88,parameter,A2事件测量控制参数,InternetGatewayDevice.Services.FAPService.{i}.CellConfig.LTE.RAN.Mobility.ConnMode.EUTRA.A2MeasureCtrl.4.MaxReportCells,InternetGatewayDevice,MaxReportCells,Y,MaxReportCells,最大上报小区数,A,,,RW,unsignedInt[1:8],,,测量报告中包含小区的最大数目,,,对测量目的增加描述,
CMCC_TD_LTE_V2.3,中国移动TD-LTE皮站_飞站基站设备网络管理南向接口数据配置模型规范V2.3.xlsx,SJ,89,parameter,A2事件测量控制参数,InternetGatewayDevice.Services.FAPService.{i}.CellConfig.LTE.RAN.Mobility.ConnMode.EUTRA.A2MeasureCtrl.4.MeasurePurpose,InternetGatewayDevice,MeasurePurpose,Y,MeasurePurpose,测量目的,A,,,R,unsignedInt[1:100],,,"用于表明当前配置事件的使用目的，本字段取值固定为：
(4=异系统UTRA盲重定向)",,,,
CMCC_TD_LTE_V2.3,中国移动TD-LTE皮站_飞站基站设备网络管理南向接口数据配置模型规范V2.3.xlsx,SJ,90,parameter,A2事件测量控制参数,InternetGatewayDevice.Services.FAPService.{i}.CellConfig.LTE.RAN.Mobility.ConnMode.EUTRA.A2MeasureCtrl.4.ReportAmount,InternetGatewayDevice,ReportAmount,Y,ReportAmount,上报次数,A,,,RW,"unsignedInt[0:2, 4, 8, 16, 32, 64]",,,测量报告发送的次数，0表示无限次,,,,
CMCC_TD_LTE_V2.3,中国移动TD-LTE皮站_飞站基站设备网络管理南向接口数据配置模型规范V2.3.xlsx,SJ,91,parameter,A2事件测量控制参数,InternetGatewayDevice.Services.FAPService.{i}.CellConfig.LTE.RAN.Mobility.ConnMode.EUTRA.A2MeasureCtrl.4.ReportInterval,InternetGatewayDevice,ReportInterval,Y,ReportInterval,上报间隔,A,,,RW,"unsignedInt[120, 240, 480, 640, 1024, 2048, 5120, 10240, 60000, 360000, 720000, 1800000, 3600000]",,,连续测量报告之间的上报间隔,,,,
CMCC_TD_LTE_V2.3,中国移动TD-LTE皮站_飞站基站设备网络管理南向接口数据配置模型规范V2.3.xlsx,SJ,92,parameter,A2事件测量控制参数,InternetGatewayDevice.Services.FAPService.{i}.CellConfig.LTE.RAN.Mobility.ConnMode.EUTRA.A2MeasureCtrl.4.ReportQuantity,InternetGatewayDevice,ReportQuantity,Y,ReportQuantity,上报量,A,,A2ReportQuantityBlindUtraCov,RW,string,,,"测量报告中的上报量（sameAsTriggerQuantity,both）",,,,
CMCC_TD_LTE_V2.3,中国移动TD-LTE皮站_飞站基站设备网络管理南向接口数据配置模型规范V2.3.xlsx,SJ,93,parameter,A2事件测量控制参数,InternetGatewayDevice.Services.FAPService.{i}.CellConfig.LTE.RAN.Mobility.ConnMode.EUTRA.A2MeasureCtrl.4.TimeToTrigger,InternetGatewayDevice,TimeToTrigger,Y,TimeToTrigger,触发时间,A,,A2TimeToTriggerBlindUtraCov,RW,"unsignedInt[0,40, 64, 80,100,128, 160,256,320, 480, 512, 640, 1024,1280,2560,5120]",,,为了满足触发RAT测量报告触发条件持续的时间，单位ms,,,,
CMCC_TD_LTE_V2.3,中国移动TD-LTE皮站_飞站基站设备网络管理南向接口数据配置模型规范V2.3.xlsx,SJ,94,parameter,A2事件测量控制参数,InternetGatewayDevice.Services.FAPService.{i}.CellConfig.LTE.RAN.Mobility.ConnMode.EUTRA.A2MeasureCtrl.4.TriggerQuantity,InternetGatewayDevice,TriggerQuantity,Y,TriggerQuantity,触发量,A,,A2TriggerQuantityBlindUtraCov,RW,string,,,"用来评估触发条件测量报告的数量（RSRP, RSRQ）",,,,
CMCC_TD_LTE_V2.3,中国移动TD-LTE皮站_飞站基站设备网络管理南向接口数据配置模型规范V2.3.xlsx,SJ,96,parameter,A2事件测量控制参数,InternetGatewayDevice.Services.FAPService.{i}.CellConfig.LTE.RAN.Mobility.ConnMode.EUTRA.A2MeasureCtrl.5.A2ThresholdRSRP,InternetGatewayDevice,A2ThresholdRSRP,Y,A2ThresholdRSRP,A2事件RSRP门限,A,,A2ThresholdBlindGeranCov,RW,unsignedInt[0:97],,,"用于EUTRA测量中,触发量为RSRP时,A2事件触发条件的绝对门限",,,,
CMCC_TD_LTE_V2.3,中国移动TD-LTE皮站_飞站基站设备网络管理南向接口数据配置模型规范V2.3.xlsx,SJ,97,parameter,A2事件测量控制参数,InternetGatewayDevice.Services.FAPService.{i}.CellConfig.LTE.RAN.Mobility.ConnMode.EUTRA.A2MeasureCtrl.5.A2ThresholdRSRQ,InternetGatewayDevice,A2ThresholdRSRQ,Y,A2ThresholdRSRQ,A2事件RSRQ门限,A,,A2ThresholdBlindGeranCov,RW,unsignedInt[0:34],,,"用于EUTRA测量中,触发量为RSRQ时,A2事件触发条件的绝对门限",,,,
CMCC_TD_LTE_V2.3,中国移动TD-LTE皮站_飞站基站设备网络管理南向接口数据配置模型规范V2.3.xlsx,SJ,95,parameter,A2事件测量控制参数,InternetGatewayDevice.Services.FAPService.{i}.CellConfig.LTE.RAN.Mobility.ConnMode.EUTRA.A2MeasureCtrl.5.Enable,InternetGatewayDevice,Enable,Y,Enable,使能开关,A,,,RW,boolean,,,是否启用该表项,,,新增使能开关,
CMCC_TD_LTE_V2.3,中国移动TD-LTE皮站_飞站基站设备网络管理南向接口数据配置模型规范V2.3.xlsx,SJ,98,parameter,A2事件测量控制参数,InternetGatewayDevice.Services.FAPService.{i}.CellConfig.LTE.RAN.Mobility.ConnMode.EUTRA.A2MeasureCtrl.5.Hysteresis,InternetGatewayDevice,Hysteresis,Y,Hysteresis,迟滞值,A,,A2HysteresisBlindGeranCov,RW,unsignedInt[0:30],,,进入和离开上报触发事件条件的滞后值,,,,
CMCC_TD_LTE_V2.3,中国移动TD-LTE皮站_飞站基站设备网络管理南向接口数据配置模型规范V2.3.xlsx,SJ,99,parameter,A2事件测量控制参数,InternetGatewayDevice.Services.FAPService.{i}.CellConfig.LTE.RAN.Mobility.ConnMode.EUTRA.A2MeasureCtrl.5.MaxReportCells,InternetGatewayDevice,MaxReportCells,Y,MaxReportCells,最大上报小区数,A,,,RW,unsignedInt[1:8],,,测量报告中包含小区的最大数目,,,,
CMCC_TD_LTE_V2.3,中国移动TD-LTE皮站_飞站基站设备网络管理南向接口数据配置模型规范V2.3.xlsx,SJ,100,parameter,A2事件测量控制参数,InternetGatewayDevice.Services.FAPService.{i}.CellConfig.LTE.RAN.Mobility.ConnMode.EUTRA.A2MeasureCtrl.5.MeasurePurpose,InternetGatewayDevice,MeasurePurpose,Y,MeasurePurpose,测量目的,A,,,R,unsignedInt[1:100],,,"用于表明当前配置事件的使用目的，本字段取值固定为：
(5=异系统GERAN盲重定向)",,,对测量目的增加描述,
CMCC_TD_LTE_V2.3,中国移动TD-LTE皮站_飞站基站设备网络管理南向接口数据配置模型规范V2.3.xlsx,SJ,101,parameter,A2事件测量控制参数,InternetGatewayDevice.Services.FAPService.{i}.CellConfig.LTE.RAN.Mobility.ConnMode.EUTRA.A2MeasureCtrl.5.ReportAmount,InternetGatewayDevice,ReportAmount,Y,ReportAmount,上报次数,A,,,RW,"unsignedInt[0:2, 4, 8, 16, 32, 64]",,,测量报告发送的次数，0表示无限次,,,,
CMCC_TD_LTE_V2.3,中国移动TD-LTE皮站_飞站基站设备网络管理南向接口数据配置模型规范V2.3.xlsx,SJ,102,parameter,A2事件测量控制参数,InternetGatewayDevice.Services.FAPService.{i}.CellConfig.LTE.RAN.Mobility.ConnMode.EUTRA.A2MeasureCtrl.5.ReportInterval,InternetGatewayDevice,ReportInterval,Y,ReportInterval,上报间隔,A,,,RW,"unsignedInt[120, 240, 480, 640, 1024, 2048, 5120, 10240, 60000, 360000, 720000, 1800000, 3600000]",,,连续测量报告之间的上报间隔,,,,
CMCC_TD_LTE_V2.3,中国移动TD-LTE皮站_飞站基站设备网络管理南向接口数据配置模型规范V2.3.xlsx,SJ,103,parameter,A2事件测量控制参数,InternetGatewayDevice.Services.FAPService.{i}.CellConfig.LTE.RAN.Mobility.ConnMode.EUTRA.A2MeasureCtrl.5.ReportQuantity,InternetGatewayDevice,ReportQuantity,Y,ReportQuantity,上报量,A,,A2ReportQuantityBlindGeranCov,RW,string,,,"测量报告中的上报量（sameAsTriggerQuantity,both）",,,,
CMCC_TD_LTE_V2.3,中国移动TD-LTE皮站_飞站基站设备网络管理南向接口数据配置模型规范V2.3.xlsx,SJ,104,parameter,A2事件测量控制参数,InternetGatewayDevice.Services.FAPService.{i}.CellConfig.LTE.RAN.Mobility.ConnMode.EUTRA.A2MeasureCtrl.5.TimeToTrigger,InternetGatewayDevice,TimeToTrigger,Y,TimeToTrigger,触发时间,A,,A2TimeToTriggerBlindGeranCov,RW,"unsignedInt[0,40, 64, 80,100,128, 160,256,320, 480, 512, 640, 1024,1280,2560,5120]",,,为了满足触发RAT测量报告触发条件持续的时间，单位ms,,,,
CMCC_TD_LTE_V2.3,中国移动TD-LTE皮站_飞站基站设备网络管理南向接口数据配置模型规范V2.3.xlsx,SJ,105,parameter,A2事件测量控制参数,InternetGatewayDevice.Services.FAPService.{i}.CellConfig.LTE.RAN.Mobility.ConnMode.EUTRA.A2MeasureCtrl.5.TriggerQuantity,InternetGatewayDevice,TriggerQuantity,Y,TriggerQuantity,触发量,A,,A2TriggerQuantityBlindGeranCov,RW,string,,,"用来评估触发条件测量报告的数量（RSRP, RSRQ）",,,,
CMCC_TD_LTE_V2.3,中国移动TD-LTE皮站_飞站基站设备网络管理南向接口数据配置模型规范V2.3.xlsx,SJ,107,parameter,A2事件测量控制参数,InternetGatewayDevice.Services.FAPService.{i}.CellConfig.LTE.RAN.Mobility.ConnMode.EUTRA.A2MeasureCtrl.{i}.A2ThresholdRSRP,InternetGatewayDevice,A2ThresholdRSRP,Y,A2ThresholdRSRP,A2事件RSRP门限,CA,,,RW,unsignedInt[0:97],,,"用于EUTRA测量中,触发量为RSRP时,A2事件触发条件的绝对门限",,,,
CMCC_TD_LTE_V2.3,中国移动TD-LTE皮站_飞站基站设备网络管理南向接口数据配置模型规范V2.3.xlsx,SJ,108,parameter,A2事件测量控制参数,InternetGatewayDevice.Services.FAPService.{i}.CellConfig.LTE.RAN.Mobility.ConnMode.EUTRA.A2MeasureCtrl.{i}.A2ThresholdRSRQ,InternetGatewayDevice,A2ThresholdRSRQ,Y,A2ThresholdRSRQ,A2事件RSRQ门限,CA,,,RW,unsignedInt[0:34],,,"用于EUTRA测量中,触发量为RSRQ时,A2事件触发条件的绝对门限",,,,
CMCC_TD_LTE_V2.3,中国移动TD-LTE皮站_飞站基站设备网络管理南向接口数据配置模型规范V2.3.xlsx,SJ,106,parameter,A2事件测量控制参数,InternetGatewayDevice.Services.FAPService.{i}.CellConfig.LTE.RAN.Mobility.ConnMode.EUTRA.A2MeasureCtrl.{i}.Enable,InternetGatewayDevice,Enable,Y,Enable,使能开关,CA,,,RW,boolean,,,是否启用该表项,,,新增使能开关,
CMCC_TD_LTE_V2.3,中国移动TD-LTE皮站_飞站基站设备网络管理南向接口数据配置模型规范V2.3.xlsx,SJ,109,parameter,A2事件测量控制参数,InternetGatewayDevice.Services.FAPService.{i}.CellConfig.LTE.RAN.Mobility.ConnMode.EUTRA.A2MeasureCtrl.{i}.Hysteresis,InternetGatewayDevice,Hysteresis,Y,Hysteresis,迟滞值,CA,,,RW,unsignedInt[0:30],,,进入和离开上报触发事件条件的滞后值,,,,
CMCC_TD_LTE_V2.3,中国移动TD-LTE皮站_飞站基站设备网络管理南向接口数据配置模型规范V2.3.xlsx,SJ,110,parameter,A2事件测量控制参数,InternetGatewayDevice.Services.FAPService.{i}.CellConfig.LTE.RAN.Mobility.ConnMode.EUTRA.A2MeasureCtrl.{i}.MaxReportCells,InternetGatewayDevice,MaxReportCells,Y,MaxReportCells,最大上报小区数,CA,,,RW,unsignedInt[1:8],,,测量报告中包含小区的最大数目,,,,
CMCC_TD_LTE_V2.3,中国移动TD-LTE皮站_飞站基站设备网络管理南向接口数据配置模型规范V2.3.xlsx,SJ,111,parameter,A2事件测量控制参数,InternetGatewayDevice.Services.FAPService.{i}.CellConfig.LTE.RAN.Mobility.ConnMode.EUTRA.A2MeasureCtrl.{i}.MeasurePurpose,InternetGatewayDevice,MeasurePurpose,Y,MeasurePurpose,测量目的,CA,,,R,unsignedInt[1:100],,,用于表明当前配置事件的使用目的，厂家自定义测量事件从10开始定义,,,对测量目的增加描述,
CMCC_TD_LTE_V2.3,中国移动TD-LTE皮站_飞站基站设备网络管理南向接口数据配置模型规范V2.3.xlsx,SJ,112,parameter,A2事件测量控制参数,InternetGatewayDevice.Services.FAPService.{i}.CellConfig.LTE.RAN.Mobility.ConnMode.EUTRA.A2MeasureCtrl.{i}.ReportAmount,InternetGatewayDevice,ReportAmount,Y,ReportAmount,上报次数,CA,,,RW,"unsignedInt[0:2, 4, 8, 16, 32, 64]",,,测量报告发送的次数，0表示无限次,,,,
CMCC_TD_LTE_V2.3,中国移动TD-LTE皮站_飞站基站设备网络管理南向接口数据配置模型规范V2.3.xlsx,SJ,113,parameter,A2事件测量控制参数,InternetGatewayDevice.Services.FAPService.{i}.CellConfig.LTE.RAN.Mobility.ConnMode.EUTRA.A2MeasureCtrl.{i}.ReportInterval,InternetGatewayDevice,ReportInterval,Y,ReportInterval,上报间隔,CA,,,RW,"unsignedInt[120, 240, 480, 640, 1024, 2048, 5120, 10240, 60000, 360000, 720000, 1800000, 3600000]",,,连续测量报告之间的上报间隔,,,,
CMCC_TD_LTE_V2.3,中国移动TD-LTE皮站_飞站基站设备网络管理南向接口数据配置模型规范V2.3.xlsx,SJ,114,parameter,A2事件测量控制参数,InternetGatewayDevice.Services.FAPService.{i}.CellConfig.LTE.RAN.Mobility.ConnMode.EUTRA.A2MeasureCtrl.{i}.ReportQuantity,InternetGatewayDevice,ReportQuantity,Y,ReportQuantity,上报量,CA,,,RW,string,,,"测量报告中的上报量(sameAsTriggerQuantity, both)",,,,
CMCC_TD_LTE_V2.3,中国移动TD-LTE皮站_飞站基站设备网络管理南向接口数据配置模型规范V2.3.xlsx,SJ,115,parameter,A2事件测量控制参数,InternetGatewayDevice.Services.FAPService.{i}.CellConfig.LTE.RAN.Mobility.ConnMode.EUTRA.A2MeasureCtrl.{i}.TimeToTrigger,InternetGatewayDevice,TimeToTrigger,Y,TimeToTrigger,触发时间,CA,,,RW,"unsignedInt[0,40, 64, 80,100,128, 160,256,320, 480, 512, 640, 1024,1280,2560,5120]",,,为了满足触发RAT测量报告触发条件持续的时间，单位ms,,,,
CMCC_TD_LTE_V2.3,中国移动TD-LTE皮站_飞站基站设备网络管理南向接口数据配置模型规范V2.3.xlsx,SJ,116,parameter,A2事件测量控制参数,InternetGatewayDevice.Services.FAPService.{i}.CellConfig.LTE.RAN.Mobility.ConnMode.EUTRA.A2MeasureCtrl.{i}.TriggerQuantity,InternetGatewayDevice,TriggerQuantity,Y,TriggerQuantity,触发量,CA,,,RW,string,,,用来评估触发条件测量报告的数量,,,,
CMCC_TD_LTE_V2.3,中国移动TD-LTE皮站_飞站基站设备网络管理南向接口数据配置模型规范V2.3.xlsx,SJ,118,parameter,A3事件测量控制参数,Device.Services.FAPService.{i}.CellConfig.LTE.RAN.Mobility.ConnMode.EUTRA.A3MeasureCtrl.1.A3Offset,Device,A3Offset,Y,A3Offset,A3事件门限,A,,A3OffsetIntraFCov,RW,int[-30:30],,,"用于EUTRA测量中,A3事件触发条件的相对门限值",NRM数据配置要求,,,
CMCC_TD_LTE_V2.3,中国移动TD-LTE皮站_飞站基站设备网络管理南向接口数据配置模型规范V2.3.xlsx,SJ,117,parameter,A3事件测量控制参数,Device.Services.FAPService.{i}.CellConfig.LTE.RAN.Mobility.ConnMode.EUTRA.A3MeasureCtrl.1.Enable,Device,Enable,Y,Enable,使能开关,A,,,RW,boolean,,,是否启用该表项,,参数路径中最后一个多实例节点（{i}）序号1～10为系统保留段，若厂商对A3测量事件有其它用途，则从A3MeasureCtrl.11.开始定义,新增使能开关,
CMCC_TD_LTE_V2.3,中国移动TD-LTE皮站_飞站基站设备网络管理南向接口数据配置模型规范V2.3.xlsx,SJ,119,parameter,A3事件测量控制参数,Device.Services.FAPService.{i}.CellConfig.LTE.RAN.Mobility.ConnMode.EUTRA.A3MeasureCtrl.1.Hysteresis,Device,Hysteresis,Y,Hysteresis,迟滞值,A,,A3HysteresisIntraFCov,RW,unsignedInt[0:30],,,进入和离开上报触发事件条件的滞后值,,,,
CMCC_TD_LTE_V2.3,中国移动TD-LTE皮站_飞站基站设备网络管理南向接口数据配置模型规范V2.3.xlsx,SJ,120,parameter,A3事件测量控制参数,Device.Services.FAPService.{i}.CellConfig.LTE.RAN.Mobility.ConnMode.EUTRA.A3MeasureCtrl.1.MaxReportCells,Device,MaxReportCells,Y,MaxReportCells,最大上报小区数,A,,,RW,unsignedInt[1:8],,,测量报告中包含小区的最大数目,,,,
CMCC_TD_LTE_V2.3,中国移动TD-LTE皮站_飞站基站设备网络管理南向接口数据配置模型规范V2.3.xlsx,SJ,121,parameter,A3事件测量控制参数,Device.Services.FAPService.{i}.CellConfig.LTE.RAN.Mobility.ConnMode.EUTRA.A3MeasureCtrl.1.MeasurePurpose,Device,MeasurePurpose,Y,MeasurePurpose,测量目的,A,,,R,unsignedInt[1:100],,,"用于表明当前配置事件的使用目的，本字段取值固定为：
(1=同频测量)",,,对测量目的增加描述,
CMCC_TD_LTE_V2.3,中国移动TD-LTE皮站_飞站基站设备网络管理南向接口数据配置模型规范V2.3.xlsx,SJ,122,parameter,A3事件测量控制参数,Device.Services.FAPService.{i}.CellConfig.LTE.RAN.Mobility.ConnMode.EUTRA.A3MeasureCtrl.1.ReportAmount,Device,ReportAmount,Y,ReportAmount,上报次数,A,,,RW,"unsignedInt[0:2, 4, 8, 16, 32, 64]",,,测量报告发送的次数，0表示无限次,,,,
CMCC_TD_LTE_V2.3,中国移动TD-LTE皮站_飞站基站设备网络管理南向接口数据配置模型规范V2.3.xlsx,SJ,124,parameter,A3事件测量控制参数,Device.Services.FAPService.{i}.CellConfig.LTE.RAN.Mobility.ConnMode.EUTRA.A3MeasureCtrl.1.ReportInterval,Device,ReportInterval,Y,ReportInterval,上报间隔,A,,,RW,"unsignedInt[120, 240, 480, 640, 1024, 2048, 5120, 10240, 60000, 360000, 720000, 1800000, 3600000]",,,为了满足触发RAT测量报告触发条件持续的时间,,,,
CMCC_TD_LTE_V2.3,中国移动TD-LTE皮站_飞站基站设备网络管理南向接口数据配置模型规范V2.3.xlsx,SJ,123,parameter,A3事件测量控制参数,Device.Services.FAPService.{i}.CellConfig.LTE.RAN.Mobility.ConnMode.EUTRA.A3MeasureCtrl.1.ReportOnLeave,Device,ReportOnLeave,Y,ReportOnLeave,A3事件离开上报指示,A,,,RW,boolean,,,"某小区的离开状态满足时,UE是否触发测量上报过程；
0:代表不满足条件的小区离开测量列表时不进行上报；
1:代表都会触发测量结果的填写以及上报消息的发送",,,,
CMCC_TD_LTE_V2.3,中国移动TD-LTE皮站_飞站基站设备网络管理南向接口数据配置模型规范V2.3.xlsx,SJ,125,parameter,A3事件测量控制参数,Device.Services.FAPService.{i}.CellConfig.LTE.RAN.Mobility.ConnMode.EUTRA.A3MeasureCtrl.1.ReportQuantity,Device,ReportQuantity,Y,ReportQuantity,上报量,A,,A3ReportQuantityIntraFCov,RW,string,,,测量报告中的上报量,,,,
CMCC_TD_LTE_V2.3,中国移动TD-LTE皮站_飞站基站设备网络管理南向接口数据配置模型规范V2.3.xlsx,SJ,126,parameter,A3事件测量控制参数,Device.Services.FAPService.{i}.CellConfig.LTE.RAN.Mobility.ConnMode.EUTRA.A3MeasureCtrl.1.TimeToTrigger,Device,TimeToTrigger,Y,TimeToTrigger,触发时间,A,,A3TimeToTriggerIntraFCov,RW,"unsignedInt[0,40, 64, 80,100,128, 160,256,320, 480, 512, 640, 1024,1280,2560,5120]",,,为了满足触发RAT测量报告触发条件持续的时间，单位ms,,,,
CMCC_TD_LTE_V2.3,中国移动TD-LTE皮站_飞站基站设备网络管理南向接口数据配置模型规范V2.3.xlsx,SJ,127,parameter,A3事件测量控制参数,Device.Services.FAPService.{i}.CellConfig.LTE.RAN.Mobility.ConnMode.EUTRA.A3MeasureCtrl.1.TriggerQuantity,Device,TriggerQuantity,Y,TriggerQuantity,触发量,A,,A3TriggerQuantityIntraFCov,RW,string,,,"用来评估触发条件测量报告的数量（RSRP, RSRQ）",,,,
CMCC_TD_LTE_V2.3,中国移动TD-LTE皮站_飞站基站设备网络管理南向接口数据配置模型规范V2.3.xlsx,SJ,129,parameter,A3事件测量控制参数,Device.Services.FAPService.{i}.CellConfig.LTE.RAN.Mobility.ConnMode.EUTRA.A3MeasureCtrl.2.A3Offset,Device,A3Offset,Y,A3Offset,A3事件门限,A,,A3OffsetInterFCov,RW,int[-30:30],,,"用于EUTRA测量中,A3事件触发条件的相对门限值",,,,
CMCC_TD_LTE_V2.3,中国移动TD-LTE皮站_飞站基站设备网络管理南向接口数据配置模型规范V2.3.xlsx,SJ,128,parameter,A3事件测量控制参数,Device.Services.FAPService.{i}.CellConfig.LTE.RAN.Mobility.ConnMode.EUTRA.A3MeasureCtrl.2.Enable,Device,Enable,Y,Enable,使能开关,A,,,RW,boolean,,,是否启用该表项,,,新增使能开关,
CMCC_TD_LTE_V2.3,中国移动TD-LTE皮站_飞站基站设备网络管理南向接口数据配置模型规范V2.3.xlsx,SJ,130,parameter,A3事件测量控制参数,Device.Services.FAPService.{i}.CellConfig.LTE.RAN.Mobility.ConnMode.EUTRA.A3MeasureCtrl.2.Hysteresis,Device,Hysteresis,Y,Hysteresis,迟滞值,A,,A3HysteresisInterFCov,RW,unsignedInt[0:30],,,进入和离开上报触发事件条件的滞后值,,,,
CMCC_TD_LTE_V2.3,中国移动TD-LTE皮站_飞站基站设备网络管理南向接口数据配置模型规范V2.3.xlsx,SJ,131,parameter,A3事件测量控制参数,Device.Services.FAPService.{i}.CellConfig.LTE.RAN.Mobility.ConnMode.EUTRA.A3MeasureCtrl.2.MaxReportCells,Device,MaxReportCells,Y,MaxReportCells,最大上报小区数,A,,,RW,unsignedInt[1:8],,,测量报告中包含小区的最大数目,,,,
CMCC_TD_LTE_V2.3,中国移动TD-LTE皮站_飞站基站设备网络管理南向接口数据配置模型规范V2.3.xlsx,SJ,132,parameter,A3事件测量控制参数,Device.Services.FAPService.{i}.CellConfig.LTE.RAN.Mobility.ConnMode.EUTRA.A3MeasureCtrl.2.MeasurePurpose,Device,MeasurePurpose,Y,MeasurePurpose,测量目的,A,,,R,unsignedInt[1:100],,,"用于表明当前配置事件的使用目的，本字段取值固定为：
(2=异频测量)",,,对测量目的增加描述,
CMCC_TD_LTE_V2.3,中国移动TD-LTE皮站_飞站基站设备网络管理南向接口数据配置模型规范V2.3.xlsx,SJ,133,parameter,A3事件测量控制参数,Device.Services.FAPService.{i}.CellConfig.LTE.RAN.Mobility.ConnMode.EUTRA.A3MeasureCtrl.2.ReportAmount,Device,ReportAmount,Y,ReportAmount,上报次数,A,,,RW,"unsignedInt[0:2, 4, 8, 16, 32, 64]",,,测量报告发送的次数，0表示无限次,,,,
CMCC_TD_LTE_V2.3,中国移动TD-LTE皮站_飞站基站设备网络管理南向接口数据配置模型规范V2.3.xlsx,SJ,135,parameter,A3事件测量控制参数,Device.Services.FAPService.{i}.CellConfig.LTE.RAN.Mobility.ConnMode.EUTRA.A3MeasureCtrl.2.ReportInterval,Device,ReportInterval,Y,ReportInterval,上报间隔,A,,,RW,"unsignedInt[120, 240, 480, 640, 1024, 2048, 5120, 10240, 60000, 360000, 720000, 1800000, 3600000]",,,为了满足触发RAT测量报告触发条件持续的时间,,,,
CMCC_TD_LTE_V2.3,中国移动TD-LTE皮站_飞站基站设备网络管理南向接口数据配置模型规范V2.3.xlsx,SJ,134,parameter,A3事件测量控制参数,Device.Services.FAPService.{i}.CellConfig.LTE.RAN.Mobility.ConnMode.EUTRA.A3MeasureCtrl.2.ReportOnLeave,Device,ReportOnLeave,Y,ReportOnLeave,A3事件离开上报指示,A,,,RW,boolean,,,"某小区的离开状态满足时,UE是否触发测量上报过程；
0:代表不满足条件的小区离开测量列表时不进行上报；
1:代表都会触发测量结果的填写以及上报消息的发送",,,,
CMCC_TD_LTE_V2.3,中国移动TD-LTE皮站_飞站基站设备网络管理南向接口数据配置模型规范V2.3.xlsx,SJ,136,parameter,A3事件测量控制参数,Device.Services.FAPService.{i}.CellConfig.LTE.RAN.Mobility.ConnMode.EUTRA.A3MeasureCtrl.2.ReportQuantity,Device,ReportQuantity,Y,ReportQuantity,上报量,A,,A3ReportQuantityInterFCov,RW,string,,,"测量报告中的上报量{sameAsTriggerQuantity, both}",,,,
CMCC_TD_LTE_V2.3,中国移动TD-LTE皮站_飞站基站设备网络管理南向接口数据配置模型规范V2.3.xlsx,SJ,137,parameter,A3事件测量控制参数,Device.Services.FAPService.{i}.CellConfig.LTE.RAN.Mobility.ConnMode.EUTRA.A3MeasureCtrl.2.TimeToTrigger,Device,TimeToTrigger,Y,TimeToTrigger,触发时间,A,,A3TimeToTriggerInterFCov,RW,"unsignedInt[0,40, 64, 80,100,128, 160,256,320, 480, 512, 640, 1024,1280,2560,5120]",,,为了满足触发RAT测量报告触发条件持续的时间，单位ms,,,,
CMCC_TD_LTE_V2.3,中国移动TD-LTE皮站_飞站基站设备网络管理南向接口数据配置模型规范V2.3.xlsx,SJ,138,parameter,A3事件测量控制参数,Device.Services.FAPService.{i}.CellConfig.LTE.RAN.Mobility.ConnMode.EUTRA.A3MeasureCtrl.2.TriggerQuantity,Device,TriggerQuantity,Y,TriggerQuantity,触发量,A,,A3TriggerQuantityInterFCov,RW,string,,,"用来评估触发条件的事件触发量{RSRP, RSRQ}",,,,
CMCC_TD_LTE_V2.3,中国移动TD-LTE皮站_飞站基站设备网络管理南向接口数据配置模型规范V2.3.xlsx,SJ,118,parameter,A3事件测量控制参数,Device.Services.FAPService.{i}.CellConfig.LTE.RAN.Mobility.ConnMode.EUTRA.A3MeasureCtrl.{i}.A3Offset,Device,A3Offset,Y,A3Offset,A3事件门限,A,,A3OffsetIntraFCov,RW,int[-30:30],,,"用于EUTRA测量中,A3事件触发条件的相对门限值",NRM数据配置要求,,,
CMCC_TD_LTE_V2.3,中国移动TD-LTE皮站_飞站基站设备网络管理南向接口数据配置模型规范V2.3.xlsx,SJ,117,parameter,A3事件测量控制参数,Device.Services.FAPService.{i}.CellConfig.LTE.RAN.Mobility.ConnMode.EUTRA.A3MeasureCtrl.{i}.Enable,Device,Enable,Y,Enable,使能开关,A,,,RW,boolean,,,是否启用该表项,,参数路径中最后一个多实例节点（{i}）序号1～10为系统保留段，若厂商对A3测量事件有其它用途，则从A3MeasureCtrl.11.开始定义,新增使能开关,
CMCC_TD_LTE_V2.3,中国移动TD-LTE皮站_飞站基站设备网络管理南向接口数据配置模型规范V2.3.xlsx,SJ,119,parameter,A3事件测量控制参数,Device.Services.FAPService.{i}.CellConfig.LTE.RAN.Mobility.ConnMode.EUTRA.A3MeasureCtrl.{i}.Hysteresis,Device,Hysteresis,Y,Hysteresis,迟滞值,A,,A3HysteresisIntraFCov,RW,unsignedInt[0:30],,,进入和离开上报触发事件条件的滞后值,,,,
CMCC_TD_LTE_V2.3,中国移动TD-LTE皮站_飞站基站设备网络管理南向接口数据配置模型规范V2.3.xlsx,SJ,120,parameter,A3事件测量控制参数,Device.Services.FAPService.{i}.CellConfig.LTE.RAN.Mobility.ConnMode.EUTRA.A3MeasureCtrl.{i}.MaxReportCells,Device,MaxReportCells,Y,MaxReportCells,最大上报小区数,A,,,RW,unsignedInt[1:8],,,测量报告中包含小区的最大数目,,,,
CMCC_TD_LTE_V2.3,中国移动TD-LTE皮站_飞站基站设备网络管理南向接口数据配置模型规范V2.3.xlsx,SJ,121,parameter,A3事件测量控制参数,Device.Services.FAPService.{i}.CellConfig.LTE.RAN.Mobility.ConnMode.EUTRA.A3MeasureCtrl.{i}.MeasurePurpose,Device,MeasurePurpose,Y,MeasurePurpose,测量目的,A,,,R,unsignedInt[1:100],,,"用于表明当前配置事件的使用目的，本字段取值固定为：
(1=同频测量)",,,对测量目的增加描述,
CMCC_TD_LTE_V2.3,中国移动TD-LTE皮站_飞站基站设备网络管理南向接口数据配置模型规范V2.3.xlsx,SJ,122,parameter,A3事件测量控制参数,Device.Services.FAPService.{i}.CellConfig.LTE.RAN.Mobility.ConnMode.EUTRA.A3MeasureCtrl.{i}.ReportAmount,Device,ReportAmount,Y,ReportAmount,上报次数,A,,,RW,"unsignedInt[0:2, 4, 8, 16, 32, 64]",,,测量报告发送的次数，0表示无限次,,,,
CMCC_TD_LTE_V2.3,中国移动TD-LTE皮站_飞站基站设备网络管理南向接口数据配置模型规范V2.3.xlsx,SJ,124,parameter,A3事件测量控制参数,Device.Services.FAPService.{i}.CellConfig.LTE.RAN.Mobility.ConnMode.EUTRA.A3MeasureCtrl.{i}.ReportInterval,Device,ReportInterval,Y,ReportInterval,上报间隔,A,,,RW,"unsignedInt[120, 240, 480, 640, 1024, 2048, 5120, 10240, 60000, 360000, 720000, 1800000, 3600000]",,,为了满足触发RAT测量报告触发条件持续的时间,,,,
CMCC_TD_LTE_V2.3,中国移动TD-LTE皮站_飞站基站设备网络管理南向接口数据配置模型规范V2.3.xlsx,SJ,123,parameter,A3事件测量控制参数,Device.Services.FAPService.{i}.CellConfig.LTE.RAN.Mobility.ConnMode.EUTRA.A3MeasureCtrl.{i}.ReportOnLeave,Device,ReportOnLeave,Y,ReportOnLeave,A3事件离开上报指示,A,,,RW,boolean,,,"某小区的离开状态满足时,UE是否触发测量上报过程；
0:代表不满足条件的小区离开测量列表时不进行上报；
1:代表都会触发测量结果的填写以及上报消息的发送",,,,
CMCC_TD_LTE_V2.3,中国移动TD-LTE皮站_飞站基站设备网络管理南向接口数据配置模型规范V2.3.xlsx,SJ,125,parameter,A3事件测量控制参数,Device.Services.FAPService.{i}.CellConfig.LTE.RAN.Mobility.ConnMode.EUTRA.A3MeasureCtrl.{i}.ReportQuantity,Device,ReportQuantity,Y,ReportQuantity,上报量,A,,A3ReportQuantityIntraFCov,RW,string,,,测量报告中的上报量,,,,
CMCC_TD_LTE_V2.3,中国移动TD-LTE皮站_飞站基站设备网络管理南向接口数据配置模型规范V2.3.xlsx,SJ,126,parameter,A3事件测量控制参数,Device.Services.FAPService.{i}.CellConfig.LTE.RAN.Mobility.ConnMode.EUTRA.A3MeasureCtrl.{i}.TimeToTrigger,Device,TimeToTrigger,Y,TimeToTrigger,触发时间,A,,A3TimeToTriggerIntraFCov,RW,"unsignedInt[0,40, 64, 80,100,128, 160,256,320, 480, 512, 640, 1024,1280,2560,5120]",,,为了满足触发RAT测量报告触发条件持续的时间，单位ms,,,,
CMCC_TD_LTE_V2.3,中国移动TD-LTE皮站_飞站基站设备网络管理南向接口数据配置模型规范V2.3.xlsx,SJ,127,parameter,A3事件测量控制参数,Device.Services.FAPService.{i}.CellConfig.LTE.RAN.Mobility.ConnMode.EUTRA.A3MeasureCtrl.{i}.TriggerQuantity,Device,TriggerQuantity,Y,TriggerQuantity,触发量,A,,A3TriggerQuantityIntraFCov,RW,string,,,"用来评估触发条件测量报告的数量（RSRP, RSRQ）",,,,
CMCC_5G_EXT_PICO_V1.9.4,中国移动5G扩展型皮基站网管南向接口数据模型规范v1.9.4.xlsx,SM,107,parameter,A3事件测量控制参数,Device.Services.FAPService.{i}.CellConfig.{i}.NR.RAN.Mobility.ConnMode.NR.A3MeasureCtrl.1.A3OffsetRSRP,Device,A3OffsetRSRP,Y,A3OffsetRSRP,A3事件RSRP门限,A,AK,eventOffset,RW,int[-30:30],,,用于NR测量中，A3事件RSRP触发条件的相对门限值,3GPP TS38.331,,,
CMCC_5G_EXT_PICO_V1.9.4,中国移动5G扩展型皮基站网管南向接口数据模型规范v1.9.4.xlsx,SM,108,parameter,A3事件测量控制参数,Device.Services.FAPService.{i}.CellConfig.{i}.NR.RAN.Mobility.ConnMode.NR.A3MeasureCtrl.1.A3OffsetRSRQ,Device,A3OffsetRSRQ,Y,A3OffsetRSRQ,A3事件RSRQ门限,A,AK,eventOffset,RW,int[-30:30],,,用于NR测量中，A3事件RSRQ触发条件的相对门限值,3GPP TS38.331,,,
CMCC_5G_EXT_PICO_V1.9.4,中国移动5G扩展型皮基站网管南向接口数据模型规范v1.9.4.xlsx,SM,109,parameter,A3事件测量控制参数,Device.Services.FAPService.{i}.CellConfig.{i}.NR.RAN.Mobility.ConnMode.NR.A3MeasureCtrl.1.A3OffsetSINR,Device,A3OffsetSINR,Y,A3OffsetSINR,A3事件SINR门限,A,AK,eventOffset,RW,int[-30:30],,,用于NR测量中，A3事件SINR触发条件的相对门限值,3GPP TS38.331,,,
CMCC_5G_EXT_PICO_V1.9.4,中国移动5G扩展型皮基站网管南向接口数据模型规范v1.9.4.xlsx,SM,105,parameter,A3事件测量控制参数,Device.Services.FAPService.{i}.CellConfig.{i}.NR.RAN.Mobility.ConnMode.NR.A3MeasureCtrl.1.Enable,Device,Enable,Y,Enable,使能开关,A,,,RW,boolean,,,是否启用该表项,3GPP TS38.331,参数路径中最后一个多实例节点（{i}）序号1～10为系统保留段，若厂商对A3测量事件有其它用途，则从A3MeasureCtrl.11.开始定义,,
CMCC_5G_EXT_PICO_V1.9.4,中国移动5G扩展型皮基站网管南向接口数据模型规范v1.9.4.xlsx,SM,112,parameter,A3事件测量控制参数,Device.Services.FAPService.{i}.CellConfig.{i}.NR.RAN.Mobility.ConnMode.NR.A3MeasureCtrl.1.Hysteresis,Device,Hysteresis,Y,Hysteresis,迟滞值,A,,,RW,unsignedInt[0:30],,,进入和离开上报触发事件条件的滞后值,3GPP TS38.331,,,
CMCC_5G_EXT_PICO_V1.9.4,中国移动5G扩展型皮基站网管南向接口数据模型规范v1.9.4.xlsx,SM,122,parameter,A3事件测量控制参数,Device.Services.FAPService.{i}.CellConfig.{i}.NR.RAN.Mobility.ConnMode.NR.A3MeasureCtrl.1.IncludeBeamMeasurements,Device,IncludeBeamMeasurements,Y,IncludeBeamMeasurements,波束赋形测量指示,B,AK,includeBeamMeasurements,RW,boolean,,,指示是否使用波束赋形功能（0：不启用，1：启用）,3GPP TS38.331,,,
CMCC_5G_EXT_PICO_V1.9.4,中国移动5G扩展型皮基站网管南向接口数据模型规范v1.9.4.xlsx,SM,111,parameter,A3事件测量控制参数,Device.Services.FAPService.{i}.CellConfig.{i}.NR.RAN.Mobility.ConnMode.NR.A3MeasureCtrl.1.MaxNrofRSIndexToReport,Device,MaxNrofRSIndexToReport,Y,MaxNrofRSIndexToReport,RS测量上报资源最大个数,A,AK,maxNrofRSIndexToReport,RW,"unsignedInt[1:32,0x0000FFFF]",,,"该参数用于指示RS测量上报资源最大个数,1~32协议规定，0x0000FFFF表示不携带该值",3GPP TS38.331,,,
CMCC_5G_EXT_PICO_V1.9.4,中国移动5G扩展型皮基站网管南向接口数据模型规范v1.9.4.xlsx,SM,113,parameter,A3事件测量控制参数,Device.Services.FAPService.{i}.CellConfig.{i}.NR.RAN.Mobility.ConnMode.NR.A3MeasureCtrl.1.MaxReportCells,Device,MaxReportCells,Y,MaxReportCells,最大上报小区数,A,AK,maxRptCellNum,RW,unsignedInt[1:8],,,测量报告中包含小区的最大数目,3GPP TS38.331,,,
CMCC_5G_EXT_PICO_V1.9.4,中国移动5G扩展型皮基站网管南向接口数据模型规范v1.9.4.xlsx,SM,114,parameter,A3事件测量控制参数,Device.Services.FAPService.{i}.CellConfig.{i}.NR.RAN.Mobility.ConnMode.NR.A3MeasureCtrl.1.MeasurePurpose,Device,MeasurePurpose,Y,MeasurePurpose,测量目的,A,,,R,unsignedInt[1:100],,,"用于表明当前配置事件的使用目的，本字段取值固定为：
(1=同频测量)",3GPP TS38.331,,,
CMCC_5G_EXT_PICO_V1.9.4,中国移动5G扩展型皮基站网管南向接口数据模型规范v1.9.4.xlsx,SM,115,parameter,A3事件测量控制参数,Device.Services.FAPService.{i}.CellConfig.{i}.NR.RAN.Mobility.ConnMode.NR.A3MeasureCtrl.1.ReportAmount,Device,ReportAmount,Y,ReportAmount,上报次数,A,AK,rptAmount,RW,"unsignedInt[0:2, 4, 8, 16, 32, 64]",,,测量报告发送的次数，0表示无限次,3GPP TS38.331,,,
CMCC_5G_EXT_PICO_V1.9.4,中国移动5G扩展型皮基站网管南向接口数据模型规范v1.9.4.xlsx,SM,117,parameter,A3事件测量控制参数,Device.Services.FAPService.{i}.CellConfig.{i}.NR.RAN.Mobility.ConnMode.NR.A3MeasureCtrl.1.ReportInterval,Device,ReportInterval,Y,ReportInterval,上报间隔,A,AK,rptInterval,RW,"unsignedInt[120, 240, 480, 640, 1024, 2048, 5120, 10240, 60000, 360000, 720000, 1800000]",,,为了满足触发RAT测量报告触发条件持续的时间,3GPP TS38.331,,,
CMCC_5G_EXT_PICO_V1.9.4,中国移动5G扩展型皮基站网管南向接口数据模型规范v1.9.4.xlsx,SM,116,parameter,A3事件测量控制参数,Device.Services.FAPService.{i}.CellConfig.{i}.NR.RAN.Mobility.ConnMode.NR.A3MeasureCtrl.1.ReportOnLeave,Device,ReportOnLeave,Y,ReportOnLeave,A3事件离开上报指示,A,,,RW,boolean,,,"某小区的离开状态满足时,UE是否触发测量上报过程；
0:代表不满足条件的小区离开测量列表时不进行上报；
1:代表都会触发测量结果的填写以及上报消息的发送",3GPP TS38.331,,,
CMCC_5G_EXT_PICO_V1.9.4,中国移动5G扩展型皮基站网管南向接口数据模型规范v1.9.4.xlsx,SM,118,parameter,A3事件测量控制参数,Device.Services.FAPService.{i}.CellConfig.{i}.NR.RAN.Mobility.ConnMode.NR.A3MeasureCtrl.1.ReportQuantityCell,Device,ReportQuantityCell,Y,ReportQuantityCell,上报量,A,AK,rptQuantityCell,RW,string,,,"测量报告中的上报量
{rsrp,rsrq,sinr}",3GPP TS38.331,,,
CMCC_5G_EXT_PICO_V1.9.4,中国移动5G扩展型皮基站网管南向接口数据模型规范v1.9.4.xlsx,SM,110,parameter,A3事件测量控制参数,Device.Services.FAPService.{i}.CellConfig.{i}.NR.RAN.Mobility.ConnMode.NR.A3MeasureCtrl.1.RptQuantityRsIndex,Device,RptQuantityRsIndex,Y,RptQuantityRsIndex,A3事件RS测量上报量,A,AK,rptQuantityRsIndex,RW,string,,,"该参数用于指示RS测量上报量:{rsrp,rsrq,sinr,NULL}",,,,
CMCC_5G_EXT_PICO_V1.9.4,中国移动5G扩展型皮基站网管南向接口数据模型规范v1.9.4.xlsx,SM,121,parameter,A3事件测量控制参数,Device.Services.FAPService.{i}.CellConfig.{i}.NR.RAN.Mobility.ConnMode.NR.A3MeasureCtrl.1.RsType,Device,RsType,Y,RsType,测量类型指示,B,,,RW,string,,,"用来指示测量参考信号的类型，是ssb还是csi-rs,{ssb,csi-rs}",3GPP TS38.331,,,
CMCC_5G_EXT_PICO_V1.9.4,中国移动5G扩展型皮基站网管南向接口数据模型规范v1.9.4.xlsx,SM,119,parameter,A3事件测量控制参数,Device.Services.FAPService.{i}.CellConfig.{i}.NR.RAN.Mobility.ConnMode.NR.A3MeasureCtrl.1.TimeToTrigger,Device,TimeToTrigger,Y,TimeToTrigger,触发时间,A,,,RW,"unsignedInt[0,40, 64, 80,100,128, 160,256,320, 480, 512, 640, 1024,1280,2560,5120]",,,为了满足触发RAT测量报告触发条件持续的时间，单位ms,3GPP TS38.331,,,
CMCC_5G_EXT_PICO_V1.9.4,中国移动5G扩展型皮基站网管南向接口数据模型规范v1.9.4.xlsx,SM,106,parameter,A3事件测量控制参数,Device.Services.FAPService.{i}.CellConfig.{i}.NR.RAN.Mobility.ConnMode.NR.A3MeasureCtrl.1.TriggerQuantity,Device,TriggerQuantity,Y,TriggerQuantity,控制门限信号类型,B,,,RW,string,,,"TriggerQuantity取值范围为{rsrp,rsrq,sinr}，三选一",,,,20231020-添加用于控制门限信号类型的参数-A3MeasureCtrl.1.TriggerQuantity
CMCC_5G_EXT_PICO_V1.9.4,中国移动5G扩展型皮基站网管南向接口数据模型规范v1.9.4.xlsx,SM,120,parameter,A3事件测量控制参数,Device.Services.FAPService.{i}.CellConfig.{i}.NR.RAN.Mobility.ConnMode.NR.A3MeasureCtrl.1.UseWhiteCellList,Device,UseWhiteCellList,Y,UseWhiteCellList,小区测量白名单指示,B,,,RW,boolean,,,"指示是否使用小区测量白名单。
1：表示当相关小区包含在whiteCellsToAddModList中时，考虑任何邻区，关联measObjectNRto是否适合；
0：表示当相关小区没有包含在blackCellsToAddModList中时，考虑任何邻区，关联measObjectNRto是否适合；",3GPP TS38.331,,,
CMCC_5G_EXT_PICO_V1.9.4,中国移动5G扩展型皮基站网管南向接口数据模型规范v1.9.4.xlsx,SM,125,parameter,A3事件测量控制参数,Device.Services.FAPService.{i}.CellConfig.{i}.NR.RAN.Mobility.ConnMode.NR.A3MeasureCtrl.2.A3OffsetRSRP,Device,A3OffsetRSRP,Y,A3OffsetRSRP,A3事件RSRP门限,A,AK,eventOffset,RW,int[-30:30],,,用于NR测量中，A3事件RSRP触发条件的相对门限值,3GPP TS38.331,,,
CMCC_5G_EXT_PICO_V1.9.4,中国移动5G扩展型皮基站网管南向接口数据模型规范v1.9.4.xlsx,SM,126,parameter,A3事件测量控制参数,Device.Services.FAPService.{i}.CellConfig.{i}.NR.RAN.Mobility.ConnMode.NR.A3MeasureCtrl.2.A3OffsetRSRQ,Device,A3OffsetRSRQ,Y,A3OffsetRSRQ,A3事件RSRQ门限,A,AK,eventOffset,RW,int[-30:30],,,用于NR测量中，A3事件RSRQ触发条件的相对门限值,3GPP TS38.331,,,
CMCC_5G_EXT_PICO_V1.9.4,中国移动5G扩展型皮基站网管南向接口数据模型规范v1.9.4.xlsx,SM,127,parameter,A3事件测量控制参数,Device.Services.FAPService.{i}.CellConfig.{i}.NR.RAN.Mobility.ConnMode.NR.A3MeasureCtrl.2.A3OffsetSINR,Device,A3OffsetSINR,Y,A3OffsetSINR,A3事件SINR门限,A,AK,eventOffset,RW,int[-30:30],,,用于NR测量中，A3事件SINR触发条件的相对门限值,3GPP TS38.331,,,
CMCC_5G_EXT_PICO_V1.9.4,中国移动5G扩展型皮基站网管南向接口数据模型规范v1.9.4.xlsx,SM,123,parameter,A3事件测量控制参数,Device.Services.FAPService.{i}.CellConfig.{i}.NR.RAN.Mobility.ConnMode.NR.A3MeasureCtrl.2.Enable,Device,Enable,Y,Enable,使能开关,A,,,RW,boolean,,,是否启用该表项（0：不启用，1：启用）,3GPP TS38.331,,,
CMCC_5G_EXT_PICO_V1.9.4,中国移动5G扩展型皮基站网管南向接口数据模型规范v1.9.4.xlsx,SM,130,parameter,A3事件测量控制参数,Device.Services.FAPService.{i}.CellConfig.{i}.NR.RAN.Mobility.ConnMode.NR.A3MeasureCtrl.2.Hysteresis,Device,Hysteresis,Y,Hysteresis,迟滞值,A,,,RW,unsignedInt[0:30],,,进入和离开上报触发事件条件的滞后值,3GPP TS38.331,,,
CMCC_5G_EXT_PICO_V1.9.4,中国移动5G扩展型皮基站网管南向接口数据模型规范v1.9.4.xlsx,SM,140,parameter,A3事件测量控制参数,Device.Services.FAPService.{i}.CellConfig.{i}.NR.RAN.Mobility.ConnMode.NR.A3MeasureCtrl.2.IncludeBeamMeasurements,Device,IncludeBeamMeasurements,Y,IncludeBeamMeasurements,波束赋形测量指示,B,AK,includeBeamMeasurements,RW,boolean,,,指示是否使用波束赋形功能（0：不启用，1：启用）,3GPP TS38.331,,,
CMCC_5G_EXT_PICO_V1.9.4,中国移动5G扩展型皮基站网管南向接口数据模型规范v1.9.4.xlsx,SM,129,parameter,A3事件测量控制参数,Device.Services.FAPService.{i}.CellConfig.{i}.NR.RAN.Mobility.ConnMode.NR.A3MeasureCtrl.2.MaxNrofRSIndexToReport,Device,MaxNrofRSIndexToReport,Y,MaxNrofRSIndexToReport,RS测量上报资源最大个数,A,AK,maxNrofRSIndexToReport,RW,"unsignedInt[1:32,0x0000FFFF]",,,"该参数用于指示RS测量上报资源最大个数,1~32协议规定，0x0000FFFF表示不携带该值",3GPP TS38.331,,,
CMCC_5G_EXT_PICO_V1.9.4,中国移动5G扩展型皮基站网管南向接口数据模型规范v1.9.4.xlsx,SM,131,parameter,A3事件测量控制参数,Device.Services.FAPService.{i}.CellConfig.{i}.NR.RAN.Mobility.ConnMode.NR.A3MeasureCtrl.2.MaxReportCells,Device,MaxReportCells,Y,MaxReportCells,最大上报小区数,A,AK,maxRptCellNum,RW,unsignedInt[1:8],,,测量报告中包含小区的最大数目,3GPP TS38.331,,,
CMCC_5G_EXT_PICO_V1.9.4,中国移动5G扩展型皮基站网管南向接口数据模型规范v1.9.4.xlsx,SM,132,parameter,A3事件测量控制参数,Device.Services.FAPService.{i}.CellConfig.{i}.NR.RAN.Mobility.ConnMode.NR.A3MeasureCtrl.2.MeasurePurpose,Device,MeasurePurpose,Y,MeasurePurpose,测量目的,A,,,R,unsignedInt[1:100],,,"用于表明当前配置事件的使用目的，本字段取值固定为：
(2=异频测量)",3GPP TS38.331,,,
CMCC_5G_EXT_PICO_V1.9.4,中国移动5G扩展型皮基站网管南向接口数据模型规范v1.9.4.xlsx,SM,133,parameter,A3事件测量控制参数,Device.Services.FAPService.{i}.CellConfig.{i}.NR.RAN.Mobility.ConnMode.NR.A3MeasureCtrl.2.ReportAmount,Device,ReportAmount,Y,ReportAmount,上报次数,A,AK,rptAmount,RW,"unsignedInt[0:2, 4, 8, 16, 32, 64]",,,测量报告发送的次数，0表示无限次,3GPP TS38.331,,,
CMCC_5G_EXT_PICO_V1.9.4,中国移动5G扩展型皮基站网管南向接口数据模型规范v1.9.4.xlsx,SM,135,parameter,A3事件测量控制参数,Device.Services.FAPService.{i}.CellConfig.{i}.NR.RAN.Mobility.ConnMode.NR.A3MeasureCtrl.2.ReportInterval,Device,ReportInterval,Y,ReportInterval,上报间隔,A,AK,rptInterval,RW,"unsignedInt[120, 240, 480, 640, 1024, 2048, 5120, 10240, 60000, 360000, 720000, 1800000]",,,为了满足触发RAT测量报告触发条件持续的时间,3GPP TS38.331,,,
CMCC_5G_EXT_PICO_V1.9.4,中国移动5G扩展型皮基站网管南向接口数据模型规范v1.9.4.xlsx,SM,134,parameter,A3事件测量控制参数,Device.Services.FAPService.{i}.CellConfig.{i}.NR.RAN.Mobility.ConnMode.NR.A3MeasureCtrl.2.ReportOnLeave,Device,ReportOnLeave,Y,ReportOnLeave,A3事件离开上报指示,A,,,RW,boolean,,,"某小区的离开状态满足时,UE是否触发测量上报过程；
0:代表不满足条件的小区离开测量列表时不进行上报；
1:代表都会触发测量结果的填写以及上报消息的发送",3GPP TS38.331,,,
CMCC_5G_EXT_PICO_V1.9.4,中国移动5G扩展型皮基站网管南向接口数据模型规范v1.9.4.xlsx,SM,136,parameter,A3事件测量控制参数,Device.Services.FAPService.{i}.CellConfig.{i}.NR.RAN.Mobility.ConnMode.NR.A3MeasureCtrl.2.ReportQuantityCell,Device,ReportQuantityCell,Y,ReportQuantityCell,上报量,A,AK,rptQuantityCell,RW,string,,,"测量报告中的上报量
{rsrp,rsrq,sinr}",3GPP TS38.331,,,
CMCC_5G_EXT_PICO_V1.9.4,中国移动5G扩展型皮基站网管南向接口数据模型规范v1.9.4.xlsx,SM,128,parameter,A3事件测量控制参数,Device.Services.FAPService.{i}.CellConfig.{i}.NR.RAN.Mobility.ConnMode.NR.A3MeasureCtrl.2.RptQuantityRsIndex,Device,RptQuantityRsIndex,Y,RptQuantityRsIndex,A3事件RS测量上报量,A,AK,rptQuantityRsIndex,RW,string,,,"该参数用于指示RS测量上报量:{rsrp,rsrq,sinr,NULL}",,,,
CMCC_5G_EXT_PICO_V1.9.4,中国移动5G扩展型皮基站网管南向接口数据模型规范v1.9.4.xlsx,SM,139,parameter,A3事件测量控制参数,Device.Services.FAPService.{i}.CellConfig.{i}.NR.RAN.Mobility.ConnMode.NR.A3MeasureCtrl.2.RsType,Device,RsType,Y,RsType,测量类型指示,B,,,RW,string,,,"用来指示测量参考信号的类型，是ssb还是csi-rs,{ssb,csi-rs}",3GPP TS38.331,,,
CMCC_5G_EXT_PICO_V1.9.4,中国移动5G扩展型皮基站网管南向接口数据模型规范v1.9.4.xlsx,SM,137,parameter,A3事件测量控制参数,Device.Services.FAPService.{i}.CellConfig.{i}.NR.RAN.Mobility.ConnMode.NR.A3MeasureCtrl.2.TimeToTrigger,Device,TimeToTrigger,Y,TimeToTrigger,触发时间,A,,,RW,"unsignedInt[0,40, 64, 80,100,128, 160,256,320, 480, 512, 640, 1024,1280,2560,5120]",,,为了满足触发RAT测量报告触发条件持续的时间，单位ms,3GPP TS38.331,,,
CMCC_5G_EXT_PICO_V1.9.4,中国移动5G扩展型皮基站网管南向接口数据模型规范v1.9.4.xlsx,SM,124,parameter,A3事件测量控制参数,Device.Services.FAPService.{i}.CellConfig.{i}.NR.RAN.Mobility.ConnMode.NR.A3MeasureCtrl.2.TriggerQuantity,Device,TriggerQuantity,Y,TriggerQuantity,控制门限信号类型,B,,,RW,string,,,"TriggerQuantity取值范围为{rsrp,rsrq,sinr}，三选一",,,,20231020-添加用于控制门限信号类型的参数-A3MeasureCtrl.2.TriggerQuantity
CMCC_5G_EXT_PICO_V1.9.4,中国移动5G扩展型皮基站网管南向接口数据模型规范v1.9.4.xlsx,SM,138,parameter,A3事件测量控制参数,Device.Services.FAPService.{i}.CellConfig.{i}.NR.RAN.Mobility.ConnMode.NR.A3MeasureCtrl.2.UseWhiteCellList,Device,UseWhiteCellList,Y,UseWhiteCellList,小区测量白名单指示,B,,,RW,boolean,,,"指示是否使用小区测量白名单。
1：表示当相关小区包含在whiteCellsToAddModList中时，考虑任何邻区，关联measObjectNRto是否适合；
0：表示当相关小区没有包含在blackCellsToAddModList中时，考虑任何邻区，关联measObjectNRto是否适合；",3GPP TS38.331,,,
CMCC_5G_EXT_PICO_V1.9.4,中国移动5G扩展型皮基站网管南向接口数据模型规范v1.9.4.xlsx,SM,107,parameter,A3事件测量控制参数,Device.Services.FAPService.{i}.CellConfig.{i}.NR.RAN.Mobility.ConnMode.NR.A3MeasureCtrl.{i}.A3OffsetRSRP,Device,A3OffsetRSRP,Y,A3OffsetRSRP,A3事件RSRP门限,A,AK,eventOffset,RW,int[-30:30],,,用于NR测量中，A3事件RSRP触发条件的相对门限值,3GPP TS38.331,,,
CMCC_5G_EXT_PICO_V1.9.4,中国移动5G扩展型皮基站网管南向接口数据模型规范v1.9.4.xlsx,SM,108,parameter,A3事件测量控制参数,Device.Services.FAPService.{i}.CellConfig.{i}.NR.RAN.Mobility.ConnMode.NR.A3MeasureCtrl.{i}.A3OffsetRSRQ,Device,A3OffsetRSRQ,Y,A3OffsetRSRQ,A3事件RSRQ门限,A,AK,eventOffset,RW,int[-30:30],,,用于NR测量中，A3事件RSRQ触发条件的相对门限值,3GPP TS38.331,,,
CMCC_5G_EXT_PICO_V1.9.4,中国移动5G扩展型皮基站网管南向接口数据模型规范v1.9.4.xlsx,SM,109,parameter,A3事件测量控制参数,Device.Services.FAPService.{i}.CellConfig.{i}.NR.RAN.Mobility.ConnMode.NR.A3MeasureCtrl.{i}.A3OffsetSINR,Device,A3OffsetSINR,Y,A3OffsetSINR,A3事件SINR门限,A,AK,eventOffset,RW,int[-30:30],,,用于NR测量中，A3事件SINR触发条件的相对门限值,3GPP TS38.331,,,
CMCC_5G_EXT_PICO_V1.9.4,中国移动5G扩展型皮基站网管南向接口数据模型规范v1.9.4.xlsx,SM,105,parameter,A3事件测量控制参数,Device.Services.FAPService.{i}.CellConfig.{i}.NR.RAN.Mobility.ConnMode.NR.A3MeasureCtrl.{i}.Enable,Device,Enable,Y,Enable,使能开关,A,,,RW,boolean,,,是否启用该表项,3GPP TS38.331,参数路径中最后一个多实例节点（{i}）序号1～10为系统保留段，若厂商对A3测量事件有其它用途，则从A3MeasureCtrl.11.开始定义,,
CMCC_5G_EXT_PICO_V1.9.4,中国移动5G扩展型皮基站网管南向接口数据模型规范v1.9.4.xlsx,SM,112,parameter,A3事件测量控制参数,Device.Services.FAPService.{i}.CellConfig.{i}.NR.RAN.Mobility.ConnMode.NR.A3MeasureCtrl.{i}.Hysteresis,Device,Hysteresis,Y,Hysteresis,迟滞值,A,,,RW,unsignedInt[0:30],,,进入和离开上报触发事件条件的滞后值,3GPP TS38.331,,,
CMCC_5G_EXT_PICO_V1.9.4,中国移动5G扩展型皮基站网管南向接口数据模型规范v1.9.4.xlsx,SM,122,parameter,A3事件测量控制参数,Device.Services.FAPService.{i}.CellConfig.{i}.NR.RAN.Mobility.ConnMode.NR.A3MeasureCtrl.{i}.IncludeBeamMeasurements,Device,IncludeBeamMeasurements,Y,IncludeBeamMeasurements,波束赋形测量指示,B,AK,includeBeamMeasurements,RW,boolean,,,指示是否使用波束赋形功能（0：不启用，1：启用）,3GPP TS38.331,,,
CMCC_5G_EXT_PICO_V1.9.4,中国移动5G扩展型皮基站网管南向接口数据模型规范v1.9.4.xlsx,SM,111,parameter,A3事件测量控制参数,Device.Services.FAPService.{i}.CellConfig.{i}.NR.RAN.Mobility.ConnMode.NR.A3MeasureCtrl.{i}.MaxNrofRSIndexToReport,Device,MaxNrofRSIndexToReport,Y,MaxNrofRSIndexToReport,RS测量上报资源最大个数,A,AK,maxNrofRSIndexToReport,RW,"unsignedInt[1:32,0x0000FFFF]",,,"该参数用于指示RS测量上报资源最大个数,1~32协议规定，0x0000FFFF表示不携带该值",3GPP TS38.331,,,
CMCC_5G_EXT_PICO_V1.9.4,中国移动5G扩展型皮基站网管南向接口数据模型规范v1.9.4.xlsx,SM,113,parameter,A3事件测量控制参数,Device.Services.FAPService.{i}.CellConfig.{i}.NR.RAN.Mobility.ConnMode.NR.A3MeasureCtrl.{i}.MaxReportCells,Device,MaxReportCells,Y,MaxReportCells,最大上报小区数,A,AK,maxRptCellNum,RW,unsignedInt[1:8],,,测量报告中包含小区的最大数目,3GPP TS38.331,,,
CMCC_5G_EXT_PICO_V1.9.4,中国移动5G扩展型皮基站网管南向接口数据模型规范v1.9.4.xlsx,SM,114,parameter,A3事件测量控制参数,Device.Services.FAPService.{i}.CellConfig.{i}.NR.RAN.Mobility.ConnMode.NR.A3MeasureCtrl.{i}.MeasurePurpose,Device,MeasurePurpose,Y,MeasurePurpose,测量目的,A,,,R,unsignedInt[1:100],,,"用于表明当前配置事件的使用目的，本字段取值固定为：
(1=同频测量)",3GPP TS38.331,,,
CMCC_5G_EXT_PICO_V1.9.4,中国移动5G扩展型皮基站网管南向接口数据模型规范v1.9.4.xlsx,SM,115,parameter,A3事件测量控制参数,Device.Services.FAPService.{i}.CellConfig.{i}.NR.RAN.Mobility.ConnMode.NR.A3MeasureCtrl.{i}.ReportAmount,Device,ReportAmount,Y,ReportAmount,上报次数,A,AK,rptAmount,RW,"unsignedInt[0:2, 4, 8, 16, 32, 64]",,,测量报告发送的次数，0表示无限次,3GPP TS38.331,,,
CMCC_5G_EXT_PICO_V1.9.4,中国移动5G扩展型皮基站网管南向接口数据模型规范v1.9.4.xlsx,SM,117,parameter,A3事件测量控制参数,Device.Services.FAPService.{i}.CellConfig.{i}.NR.RAN.Mobility.ConnMode.NR.A3MeasureCtrl.{i}.ReportInterval,Device,ReportInterval,Y,ReportInterval,上报间隔,A,AK,rptInterval,RW,"unsignedInt[120, 240, 480, 640, 1024, 2048, 5120, 10240, 60000, 360000, 720000, 1800000]",,,为了满足触发RAT测量报告触发条件持续的时间,3GPP TS38.331,,,
CMCC_5G_EXT_PICO_V1.9.4,中国移动5G扩展型皮基站网管南向接口数据模型规范v1.9.4.xlsx,SM,116,parameter,A3事件测量控制参数,Device.Services.FAPService.{i}.CellConfig.{i}.NR.RAN.Mobility.ConnMode.NR.A3MeasureCtrl.{i}.ReportOnLeave,Device,ReportOnLeave,Y,ReportOnLeave,A3事件离开上报指示,A,,,RW,boolean,,,"某小区的离开状态满足时,UE是否触发测量上报过程；
0:代表不满足条件的小区离开测量列表时不进行上报；
1:代表都会触发测量结果的填写以及上报消息的发送",3GPP TS38.331,,,
CMCC_5G_EXT_PICO_V1.9.4,中国移动5G扩展型皮基站网管南向接口数据模型规范v1.9.4.xlsx,SM,118,parameter,A3事件测量控制参数,Device.Services.FAPService.{i}.CellConfig.{i}.NR.RAN.Mobility.ConnMode.NR.A3MeasureCtrl.{i}.ReportQuantityCell,Device,ReportQuantityCell,Y,ReportQuantityCell,上报量,A,AK,rptQuantityCell,RW,string,,,"测量报告中的上报量
{rsrp,rsrq,sinr}",3GPP TS38.331,,,
CMCC_5G_EXT_PICO_V1.9.4,中国移动5G扩展型皮基站网管南向接口数据模型规范v1.9.4.xlsx,SM,110,parameter,A3事件测量控制参数,Device.Services.FAPService.{i}.CellConfig.{i}.NR.RAN.Mobility.ConnMode.NR.A3MeasureCtrl.{i}.RptQuantityRsIndex,Device,RptQuantityRsIndex,Y,RptQuantityRsIndex,A3事件RS测量上报量,A,AK,rptQuantityRsIndex,RW,string,,,"该参数用于指示RS测量上报量:{rsrp,rsrq,sinr,NULL}",,,,
CMCC_5G_EXT_PICO_V1.9.4,中国移动5G扩展型皮基站网管南向接口数据模型规范v1.9.4.xlsx,SM,121,parameter,A3事件测量控制参数,Device.Services.FAPService.{i}.CellConfig.{i}.NR.RAN.Mobility.ConnMode.NR.A3MeasureCtrl.{i}.RsType,Device,RsType,Y,RsType,测量类型指示,B,,,RW,string,,,"用来指示测量参考信号的类型，是ssb还是csi-rs,{ssb,csi-rs}",3GPP TS38.331,,,
CMCC_5G_EXT_PICO_V1.9.4,中国移动5G扩展型皮基站网管南向接口数据模型规范v1.9.4.xlsx,SM,119,parameter,A3事件测量控制参数,Device.Services.FAPService.{i}.CellConfig.{i}.NR.RAN.Mobility.ConnMode.NR.A3MeasureCtrl.{i}.TimeToTrigger,Device,TimeToTrigger,Y,TimeToTrigger,触发时间,A,,,RW,"unsignedInt[0,40, 64, 80,100,128, 160,256,320, 480, 512, 640, 1024,1280,2560,5120]",,,为了满足触发RAT测量报告触发条件持续的时间，单位ms,3GPP TS38.331,,,
CMCC_5G_EXT_PICO_V1.9.4,中国移动5G扩展型皮基站网管南向接口数据模型规范v1.9.4.xlsx,SM,106,parameter,A3事件测量控制参数,Device.Services.FAPService.{i}.CellConfig.{i}.NR.RAN.Mobility.ConnMode.NR.A3MeasureCtrl.{i}.TriggerQuantity,Device,TriggerQuantity,Y,TriggerQuantity,控制门限信号类型,B,,,RW,string,,,"TriggerQuantity取值范围为{rsrp,rsrq,sinr}，三选一",,,,20231020-添加用于控制门限信号类型的参数-A3MeasureCtrl.1.TriggerQuantity
CMCC_5G_EXT_PICO_V1.9.4,中国移动5G扩展型皮基站网管南向接口数据模型规范v1.9.4.xlsx,SM,120,parameter,A3事件测量控制参数,Device.Services.FAPService.{i}.CellConfig.{i}.NR.RAN.Mobility.ConnMode.NR.A3MeasureCtrl.{i}.UseWhiteCellList,Device,UseWhiteCellList,Y,UseWhiteCellList,小区测量白名单指示,B,,,RW,boolean,,,"指示是否使用小区测量白名单。
1：表示当相关小区包含在whiteCellsToAddModList中时，考虑任何邻区，关联measObjectNRto是否适合；
0：表示当相关小区没有包含在blackCellsToAddModList中时，考虑任何邻区，关联measObjectNRto是否适合；",3GPP TS38.331,,,
CMCC_TD_LTE_V2.3,中国移动TD-LTE皮站_飞站基站设备网络管理南向接口数据配置模型规范V2.3.xlsx,SJ,118,parameter,A3事件测量控制参数,InternetGatewayDevice.Services.FAPService.{i}.CellConfig.LTE.RAN.Mobility.ConnMode.EUTRA.A3MeasureCtrl.1.A3Offset,InternetGatewayDevice,A3Offset,Y,A3Offset,A3事件门限,A,,A3OffsetIntraFCov,RW,int[-30:30],,,"用于EUTRA测量中,A3事件触发条件的相对门限值",NRM数据配置要求,,,
CMCC_TD_LTE_V2.3,中国移动TD-LTE皮站_飞站基站设备网络管理南向接口数据配置模型规范V2.3.xlsx,SJ,117,parameter,A3事件测量控制参数,InternetGatewayDevice.Services.FAPService.{i}.CellConfig.LTE.RAN.Mobility.ConnMode.EUTRA.A3MeasureCtrl.1.Enable,InternetGatewayDevice,Enable,Y,Enable,使能开关,A,,,RW,boolean,,,是否启用该表项,,参数路径中最后一个多实例节点（{i}）序号1～10为系统保留段，若厂商对A3测量事件有其它用途，则从A3MeasureCtrl.11.开始定义,新增使能开关,
CMCC_TD_LTE_V2.3,中国移动TD-LTE皮站_飞站基站设备网络管理南向接口数据配置模型规范V2.3.xlsx,SJ,119,parameter,A3事件测量控制参数,InternetGatewayDevice.Services.FAPService.{i}.CellConfig.LTE.RAN.Mobility.ConnMode.EUTRA.A3MeasureCtrl.1.Hysteresis,InternetGatewayDevice,Hysteresis,Y,Hysteresis,迟滞值,A,,A3HysteresisIntraFCov,RW,unsignedInt[0:30],,,进入和离开上报触发事件条件的滞后值,,,,
CMCC_TD_LTE_V2.3,中国移动TD-LTE皮站_飞站基站设备网络管理南向接口数据配置模型规范V2.3.xlsx,SJ,120,parameter,A3事件测量控制参数,InternetGatewayDevice.Services.FAPService.{i}.CellConfig.LTE.RAN.Mobility.ConnMode.EUTRA.A3MeasureCtrl.1.MaxReportCells,InternetGatewayDevice,MaxReportCells,Y,MaxReportCells,最大上报小区数,A,,,RW,unsignedInt[1:8],,,测量报告中包含小区的最大数目,,,,
CMCC_TD_LTE_V2.3,中国移动TD-LTE皮站_飞站基站设备网络管理南向接口数据配置模型规范V2.3.xlsx,SJ,121,parameter,A3事件测量控制参数,InternetGatewayDevice.Services.FAPService.{i}.CellConfig.LTE.RAN.Mobility.ConnMode.EUTRA.A3MeasureCtrl.1.MeasurePurpose,InternetGatewayDevice,MeasurePurpose,Y,MeasurePurpose,测量目的,A,,,R,unsignedInt[1:100],,,"用于表明当前配置事件的使用目的，本字段取值固定为：
(1=同频测量)",,,对测量目的增加描述,
CMCC_TD_LTE_V2.3,中国移动TD-LTE皮站_飞站基站设备网络管理南向接口数据配置模型规范V2.3.xlsx,SJ,122,parameter,A3事件测量控制参数,InternetGatewayDevice.Services.FAPService.{i}.CellConfig.LTE.RAN.Mobility.ConnMode.EUTRA.A3MeasureCtrl.1.ReportAmount,InternetGatewayDevice,ReportAmount,Y,ReportAmount,上报次数,A,,,RW,"unsignedInt[0:2, 4, 8, 16, 32, 64]",,,测量报告发送的次数，0表示无限次,,,,
CMCC_TD_LTE_V2.3,中国移动TD-LTE皮站_飞站基站设备网络管理南向接口数据配置模型规范V2.3.xlsx,SJ,124,parameter,A3事件测量控制参数,InternetGatewayDevice.Services.FAPService.{i}.CellConfig.LTE.RAN.Mobility.ConnMode.EUTRA.A3MeasureCtrl.1.ReportInterval,InternetGatewayDevice,ReportInterval,Y,ReportInterval,上报间隔,A,,,RW,"unsignedInt[120, 240, 480, 640, 1024, 2048, 5120, 10240, 60000, 360000, 720000, 1800000, 3600000]",,,为了满足触发RAT测量报告触发条件持续的时间,,,,
CMCC_TD_LTE_V2.3,中国移动TD-LTE皮站_飞站基站设备网络管理南向接口数据配置模型规范V2.3.xlsx,SJ,123,parameter,A3事件测量控制参数,InternetGatewayDevice.Services.FAPService.{i}.CellConfig.LTE.RAN.Mobility.ConnMode.EUTRA.A3MeasureCtrl.1.ReportOnLeave,InternetGatewayDevice,ReportOnLeave,Y,ReportOnLeave,A3事件离开上报指示,A,,,RW,boolean,,,"某小区的离开状态满足时,UE是否触发测量上报过程；
0:代表不满足条件的小区离开测量列表时不进行上报；
1:代表都会触发测量结果的填写以及上报消息的发送",,,,
CMCC_TD_LTE_V2.3,中国移动TD-LTE皮站_飞站基站设备网络管理南向接口数据配置模型规范V2.3.xlsx,SJ,125,parameter,A3事件测量控制参数,InternetGatewayDevice.Services.FAPService.{i}.CellConfig.LTE.RAN.Mobility.ConnMode.EUTRA.A3MeasureCtrl.1.ReportQuantity,InternetGatewayDevice,ReportQuantity,Y,ReportQuantity,上报量,A,,A3ReportQuantityIntraFCov,RW,string,,,测量报告中的上报量,,,,
CMCC_TD_LTE_V2.3,中国移动TD-LTE皮站_飞站基站设备网络管理南向接口数据配置模型规范V2.3.xlsx,SJ,126,parameter,A3事件测量控制参数,InternetGatewayDevice.Services.FAPService.{i}.CellConfig.LTE.RAN.Mobility.ConnMode.EUTRA.A3MeasureCtrl.1.TimeToTrigger,InternetGatewayDevice,TimeToTrigger,Y,TimeToTrigger,触发时间,A,,A3TimeToTriggerIntraFCov,RW,"unsignedInt[0,40, 64, 80,100,128, 160,256,320, 480, 512, 640, 1024,1280,2560,5120]",,,为了满足触发RAT测量报告触发条件持续的时间，单位ms,,,,
CMCC_TD_LTE_V2.3,中国移动TD-LTE皮站_飞站基站设备网络管理南向接口数据配置模型规范V2.3.xlsx,SJ,127,parameter,A3事件测量控制参数,InternetGatewayDevice.Services.FAPService.{i}.CellConfig.LTE.RAN.Mobility.ConnMode.EUTRA.A3MeasureCtrl.1.TriggerQuantity,InternetGatewayDevice,TriggerQuantity,Y,TriggerQuantity,触发量,A,,A3TriggerQuantityIntraFCov,RW,string,,,"用来评估触发条件测量报告的数量（RSRP, RSRQ）",,,,
CMCC_TD_LTE_V2.3,中国移动TD-LTE皮站_飞站基站设备网络管理南向接口数据配置模型规范V2.3.xlsx,SJ,129,parameter,A3事件测量控制参数,InternetGatewayDevice.Services.FAPService.{i}.CellConfig.LTE.RAN.Mobility.ConnMode.EUTRA.A3MeasureCtrl.2.A3Offset,InternetGatewayDevice,A3Offset,Y,A3Offset,A3事件门限,A,,A3OffsetInterFCov,RW,int[-30:30],,,"用于EUTRA测量中,A3事件触发条件的相对门限值",,,,
CMCC_TD_LTE_V2.3,中国移动TD-LTE皮站_飞站基站设备网络管理南向接口数据配置模型规范V2.3.xlsx,SJ,128,parameter,A3事件测量控制参数,InternetGatewayDevice.Services.FAPService.{i}.CellConfig.LTE.RAN.Mobility.ConnMode.EUTRA.A3MeasureCtrl.2.Enable,InternetGatewayDevice,Enable,Y,Enable,使能开关,A,,,RW,boolean,,,是否启用该表项,,,新增使能开关,
CMCC_TD_LTE_V2.3,中国移动TD-LTE皮站_飞站基站设备网络管理南向接口数据配置模型规范V2.3.xlsx,SJ,130,parameter,A3事件测量控制参数,InternetGatewayDevice.Services.FAPService.{i}.CellConfig.LTE.RAN.Mobility.ConnMode.EUTRA.A3MeasureCtrl.2.Hysteresis,InternetGatewayDevice,Hysteresis,Y,Hysteresis,迟滞值,A,,A3HysteresisInterFCov,RW,unsignedInt[0:30],,,进入和离开上报触发事件条件的滞后值,,,,
CMCC_TD_LTE_V2.3,中国移动TD-LTE皮站_飞站基站设备网络管理南向接口数据配置模型规范V2.3.xlsx,SJ,131,parameter,A3事件测量控制参数,InternetGatewayDevice.Services.FAPService.{i}.CellConfig.LTE.RAN.Mobility.ConnMode.EUTRA.A3MeasureCtrl.2.MaxReportCells,InternetGatewayDevice,MaxReportCells,Y,MaxReportCells,最大上报小区数,A,,,RW,unsignedInt[1:8],,,测量报告中包含小区的最大数目,,,,
CMCC_TD_LTE_V2.3,中国移动TD-LTE皮站_飞站基站设备网络管理南向接口数据配置模型规范V2.3.xlsx,SJ,132,parameter,A3事件测量控制参数,InternetGatewayDevice.Services.FAPService.{i}.CellConfig.LTE.RAN.Mobility.ConnMode.EUTRA.A3MeasureCtrl.2.MeasurePurpose,InternetGatewayDevice,MeasurePurpose,Y,MeasurePurpose,测量目的,A,,,R,unsignedInt[1:100],,,"用于表明当前配置事件的使用目的，本字段取值固定为：
(2=异频测量)",,,对测量目的增加描述,
CMCC_TD_LTE_V2.3,中国移动TD-LTE皮站_飞站基站设备网络管理南向接口数据配置模型规范V2.3.xlsx,SJ,133,parameter,A3事件测量控制参数,InternetGatewayDevice.Services.FAPService.{i}.CellConfig.LTE.RAN.Mobility.ConnMode.EUTRA.A3MeasureCtrl.2.ReportAmount,InternetGatewayDevice,ReportAmount,Y,ReportAmount,上报次数,A,,,RW,"unsignedInt[0:2, 4, 8, 16, 32, 64]",,,测量报告发送的次数，0表示无限次,,,,
CMCC_TD_LTE_V2.3,中国移动TD-LTE皮站_飞站基站设备网络管理南向接口数据配置模型规范V2.3.xlsx,SJ,135,parameter,A3事件测量控制参数,InternetGatewayDevice.Services.FAPService.{i}.CellConfig.LTE.RAN.Mobility.ConnMode.EUTRA.A3MeasureCtrl.2.ReportInterval,InternetGatewayDevice,ReportInterval,Y,ReportInterval,上报间隔,A,,,RW,"unsignedInt[120, 240, 480, 640, 1024, 2048, 5120, 10240, 60000, 360000, 720000, 1800000, 3600000]",,,为了满足触发RAT测量报告触发条件持续的时间,,,,
CMCC_TD_LTE_V2.3,中国移动TD-LTE皮站_飞站基站设备网络管理南向接口数据配置模型规范V2.3.xlsx,SJ,134,parameter,A3事件测量控制参数,InternetGatewayDevice.Services.FAPService.{i}.CellConfig.LTE.RAN.Mobility.ConnMode.EUTRA.A3MeasureCtrl.2.ReportOnLeave,InternetGatewayDevice,ReportOnLeave,Y,ReportOnLeave,A3事件离开上报指示,A,,,RW,boolean,,,"某小区的离开状态满足时,UE是否触发测量上报过程；
0:代表不满足条件的小区离开测量列表时不进行上报；
1:代表都会触发测量结果的填写以及上报消息的发送",,,,
CMCC_TD_LTE_V2.3,中国移动TD-LTE皮站_飞站基站设备网络管理南向接口数据配置模型规范V2.3.xlsx,SJ,136,parameter,A3事件测量控制参数,InternetGatewayDevice.Services.FAPService.{i}.CellConfig.LTE.RAN.Mobility.ConnMode.EUTRA.A3MeasureCtrl.2.ReportQuantity,InternetGatewayDevice,ReportQuantity,Y,ReportQuantity,上报量,A,,A3ReportQuantityInterFCov,RW,string,,,"测量报告中的上报量{sameAsTriggerQuantity, both}",,,,
CMCC_TD_LTE_V2.3,中国移动TD-LTE皮站_飞站基站设备网络管理南向接口数据配置模型规范V2.3.xlsx,SJ,137,parameter,A3事件测量控制参数,InternetGatewayDevice.Services.FAPService.{i}.CellConfig.LTE.RAN.Mobility.ConnMode.EUTRA.A3MeasureCtrl.2.TimeToTrigger,InternetGatewayDevice,TimeToTrigger,Y,TimeToTrigger,触发时间,A,,A3TimeToTriggerInterFCov,RW,"unsignedInt[0,40, 64, 80,100,128, 160,256,320, 480, 512, 640, 1024,1280,2560,5120]",,,为了满足触发RAT测量报告触发条件持续的时间，单位ms,,,,
CMCC_TD_LTE_V2.3,中国移动TD-LTE皮站_飞站基站设备网络管理南向接口数据配置模型规范V2.3.xlsx,SJ,138,parameter,A3事件测量控制参数,InternetGatewayDevice.Services.FAPService.{i}.CellConfig.LTE.RAN.Mobility.ConnMode.EUTRA.A3MeasureCtrl.2.TriggerQuantity,InternetGatewayDevice,TriggerQuantity,Y,TriggerQuantity,触发量,A,,A3TriggerQuantityInterFCov,RW,string,,,"用来评估触发条件的事件触发量{RSRP, RSRQ}",,,,
CMCC_TD_LTE_V2.3,中国移动TD-LTE皮站_飞站基站设备网络管理南向接口数据配置模型规范V2.3.xlsx,SJ,140,parameter,A3事件测量控制参数,InternetGatewayDevice.Services.FAPService.{i}.CellConfig.LTE.RAN.Mobility.ConnMode.EUTRA.A3MeasureCtrl.{i}.A3Offset,InternetGatewayDevice,A3Offset,Y,A3Offset,A3事件门限,CA,,,RW,int[-30:30],,,"用于EUTRA测量中,A3事件触发条件的相对门限值",,,,
CMCC_TD_LTE_V2.3,中国移动TD-LTE皮站_飞站基站设备网络管理南向接口数据配置模型规范V2.3.xlsx,SJ,139,parameter,A3事件测量控制参数,InternetGatewayDevice.Services.FAPService.{i}.CellConfig.LTE.RAN.Mobility.ConnMode.EUTRA.A3MeasureCtrl.{i}.Enable,InternetGatewayDevice,Enable,Y,Enable,使能开关,CA,,,RW,boolean,,,是否启用该表项,,,新增使能开关,
CMCC_TD_LTE_V2.3,中国移动TD-LTE皮站_飞站基站设备网络管理南向接口数据配置模型规范V2.3.xlsx,SJ,141,parameter,A3事件测量控制参数,InternetGatewayDevice.Services.FAPService.{i}.CellConfig.LTE.RAN.Mobility.ConnMode.EUTRA.A3MeasureCtrl.{i}.Hysteresis,InternetGatewayDevice,Hysteresis,Y,Hysteresis,迟滞值,CA,,,RW,unsignedInt[0:30],,,进入和离开上报触发事件条件的滞后值,,,,
CMCC_TD_LTE_V2.3,中国移动TD-LTE皮站_飞站基站设备网络管理南向接口数据配置模型规范V2.3.xlsx,SJ,142,parameter,A3事件测量控制参数,InternetGatewayDevice.Services.FAPService.{i}.CellConfig.LTE.RAN.Mobility.ConnMode.EUTRA.A3MeasureCtrl.{i}.MaxReportCells,InternetGatewayDevice,MaxReportCells,Y,MaxReportCells,最大上报小区数,CA,,,RW,unsignedInt[1:8],,,测量报告中包含小区的最大数目,,,,
CMCC_TD_LTE_V2.3,中国移动TD-LTE皮站_飞站基站设备网络管理南向接口数据配置模型规范V2.3.xlsx,SJ,143,parameter,A3事件测量控制参数,InternetGatewayDevice.Services.FAPService.{i}.CellConfig.LTE.RAN.Mobility.ConnMode.EUTRA.A3MeasureCtrl.{i}.MeasurePurpose,InternetGatewayDevice,MeasurePurpose,Y,MeasurePurpose,测量目的,CA,,,R,unsignedInt[1:100],,,用于表明当前配置事件的使用目的，厂家自定义测量事件从10开始定义,,,对测量目的增加描述,
CMCC_TD_LTE_V2.3,中国移动TD-LTE皮站_飞站基站设备网络管理南向接口数据配置模型规范V2.3.xlsx,SJ,144,parameter,A3事件测量控制参数,InternetGatewayDevice.Services.FAPService.{i}.CellConfig.LTE.RAN.Mobility.ConnMode.EUTRA.A3MeasureCtrl.{i}.ReportAmount,InternetGatewayDevice,ReportAmount,Y,ReportAmount,上报次数,CA,,,RW,"unsignedInt[0:2, 4, 8, 16, 32, 64]",,,测量报告发送的次数，0表示无限次,,,,
CMCC_TD_LTE_V2.3,中国移动TD-LTE皮站_飞站基站设备网络管理南向接口数据配置模型规范V2.3.xlsx,SJ,146,parameter,A3事件测量控制参数,InternetGatewayDevice.Services.FAPService.{i}.CellConfig.LTE.RAN.Mobility.ConnMode.EUTRA.A3MeasureCtrl.{i}.ReportInterval,InternetGatewayDevice,ReportInterval,Y,ReportInterval,上报间隔,CA,,,RW,"unsignedInt[120, 240, 480, 640, 1024, 2048, 5120, 10240, 60000, 360000, 720000, 1800000, 3600000]",,,为了满足触发RAT测量报告触发条件持续的时间,,,,
CMCC_TD_LTE_V2.3,中国移动TD-LTE皮站_飞站基站设备网络管理南向接口数据配置模型规范V2.3.xlsx,SJ,145,parameter,A3事件测量控制参数,InternetGatewayDevice.Services.FAPService.{i}.CellConfig.LTE.RAN.Mobility.ConnMode.EUTRA.A3MeasureCtrl.{i}.ReportOnLeave,InternetGatewayDevice,ReportOnLeave,Y,ReportOnLeave,A3事件离开上报指示,CA,,,RW,boolean,,,"某小区的离开状态满足时,UE是否触发测量上报过程；
0:代表不满足条件的小区离开测量列表时不进行上报；
1:代表都会触发测量结果的填写以及上报消息的发送",,,,
CMCC_TD_LTE_V2.3,中国移动TD-LTE皮站_飞站基站设备网络管理南向接口数据配置模型规范V2.3.xlsx,SJ,147,parameter,A3事件测量控制参数,InternetGatewayDevice.Services.FAPService.{i}.CellConfig.LTE.RAN.Mobility.ConnMode.EUTRA.A3MeasureCtrl.{i}.ReportQuantity,InternetGatewayDevice,ReportQuantity,Y,ReportQuantity,上报量,CA,,,RW,string,,,测量报告中的上报量,,,,
CMCC_TD_LTE_V2.3,中国移动TD-LTE皮站_飞站基站设备网络管理南向接口数据配置模型规范V2.3.xlsx,SJ,148,parameter,A3事件测量控制参数,InternetGatewayDevice.Services.FAPService.{i}.CellConfig.LTE.RAN.Mobility.ConnMode.EUTRA.A3MeasureCtrl.{i}.TimeToTrigger,InternetGatewayDevice,TimeToTrigger,Y,TimeToTrigger,触发时间,CA,,,RW,"unsignedInt[0,40, 64, 80,100,128, 160,256,320, 480, 512, 640, 1024,1280,2560,5120]",,,为了满足触发RAT测量报告触发条件持续的时间，单位ms,,,,
CMCC_TD_LTE_V2.3,中国移动TD-LTE皮站_飞站基站设备网络管理南向接口数据配置模型规范V2.3.xlsx,SJ,149,parameter,A3事件测量控制参数,InternetGatewayDevice.Services.FAPService.{i}.CellConfig.LTE.RAN.Mobility.ConnMode.EUTRA.A3MeasureCtrl.{i}.TriggerQuantity,InternetGatewayDevice,TriggerQuantity,Y,TriggerQuantity,触发量,CA,,,RW,string,,,"用来评估触发条件测量报告的数量（RSRP, RSRQ）",,,,
CMCC_TD_LTE_V2.3,中国移动TD-LTE皮站_飞站基站设备网络管理南向接口数据配置模型规范V2.3.xlsx,SJ,151,parameter,A4事件测量控制参数,Device.Services.FAPService.{i}.CellConfig.LTE.RAN.Mobility.ConnMode.EUTRA.A4MeasureCtrl.1.A4ThresholdRSRP,Device,A4ThresholdRSRP,Y,A4ThresholdRSRP,A4事件RSRP门限,A,,A4ThresholdInterFCov,RW,unsignedInt[0:97],,,"用于EUTRA测量中,触发量为RSRP时,A4事件触发条件的绝对门",NRM数据配置要求,,,
CMCC_TD_LTE_V2.3,中国移动TD-LTE皮站_飞站基站设备网络管理南向接口数据配置模型规范V2.3.xlsx,SJ,152,parameter,A4事件测量控制参数,Device.Services.FAPService.{i}.CellConfig.LTE.RAN.Mobility.ConnMode.EUTRA.A4MeasureCtrl.1.A4ThresholdRSRQ,Device,A4ThresholdRSRQ,Y,A4ThresholdRSRQ,A4事件RSRQ门限,A,,A4ThresholdInterFCov,RW,unsignedInt[0:34],,,"用于EUTRA测量中,触发量为RSRQ时,A4事件触发条件的绝对门限",,,,
CMCC_TD_LTE_V2.3,中国移动TD-LTE皮站_飞站基站设备网络管理南向接口数据配置模型规范V2.3.xlsx,SJ,150,parameter,A4事件测量控制参数,Device.Services.FAPService.{i}.CellConfig.LTE.RAN.Mobility.ConnMode.EUTRA.A4MeasureCtrl.1.Enable,Device,Enable,Y,Enable,使能开关,A,,,RW,boolean,,,是否启用该表项,,参数路径中最后一个多实例节点（{i}）序号1～10为系统保留段，若厂商对A4测量事件有其它用途，则从A4MeasureCtrl.11.开始定义,新增使能开关,
CMCC_TD_LTE_V2.3,中国移动TD-LTE皮站_飞站基站设备网络管理南向接口数据配置模型规范V2.3.xlsx,SJ,153,parameter,A4事件测量控制参数,Device.Services.FAPService.{i}.CellConfig.LTE.RAN.Mobility.ConnMode.EUTRA.A4MeasureCtrl.1.Hysteresis,Device,Hysteresis,Y,Hysteresis,迟滞值,A,,A4HysteresisInterFCov,RW,unsignedInt[0:34],,,进入和离开上报触发事件条件的滞后值；,,,,
CMCC_TD_LTE_V2.3,中国移动TD-LTE皮站_飞站基站设备网络管理南向接口数据配置模型规范V2.3.xlsx,SJ,154,parameter,A4事件测量控制参数,Device.Services.FAPService.{i}.CellConfig.LTE.RAN.Mobility.ConnMode.EUTRA.A4MeasureCtrl.1.MaxReportCells,Device,MaxReportCells,Y,MaxReportCells,最大上报小区数,A,,,RW,unsignedInt[1:8],,,测量报告中包含小区的最大数目,,,,
CMCC_TD_LTE_V2.3,中国移动TD-LTE皮站_飞站基站设备网络管理南向接口数据配置模型规范V2.3.xlsx,SJ,155,parameter,A4事件测量控制参数,Device.Services.FAPService.{i}.CellConfig.LTE.RAN.Mobility.ConnMode.EUTRA.A4MeasureCtrl.1.MeasurePurpose,Device,MeasurePurpose,Y,MeasurePurpose,测量目的,A,,,R,unsignedInt[1:100],,,"用于表明当前配置事件的使用目的，本字段取值固定为：
(1=异频测量)",,,对测量目的增加描述,
CMCC_TD_LTE_V2.3,中国移动TD-LTE皮站_飞站基站设备网络管理南向接口数据配置模型规范V2.3.xlsx,SJ,156,parameter,A4事件测量控制参数,Device.Services.FAPService.{i}.CellConfig.LTE.RAN.Mobility.ConnMode.EUTRA.A4MeasureCtrl.1.ReportAmount,Device,ReportAmount,Y,ReportAmount,上报次数,A,,,RW,"unsignedInt[0:2, 4, 8, 16, 32, 64]",,,测量报告发送的次数，0表示无限次,,,,
CMCC_TD_LTE_V2.3,中国移动TD-LTE皮站_飞站基站设备网络管理南向接口数据配置模型规范V2.3.xlsx,SJ,157,parameter,A4事件测量控制参数,Device.Services.FAPService.{i}.CellConfig.LTE.RAN.Mobility.ConnMode.EUTRA.A4MeasureCtrl.1.ReportInterval,Device,ReportInterval,Y,ReportInterval,上报间隔,A,,,RW,"unsignedInt[120, 240, 480, 640, 1024, 2048, 5120, 10240, 60000, 360000, 720000, 1800000, 3600000]",,,连续测量报告之间的间隔,,,,
CMCC_TD_LTE_V2.3,中国移动TD-LTE皮站_飞站基站设备网络管理南向接口数据配置模型规范V2.3.xlsx,SJ,158,parameter,A4事件测量控制参数,Device.Services.FAPService.{i}.CellConfig.LTE.RAN.Mobility.ConnMode.EUTRA.A4MeasureCtrl.1.ReportQuantity,Device,ReportQuantity,Y,ReportQuantity,上报量,A,,A4ReportQuantityInterFCov,RW,string,,,"测量报告中的上报量{sameAsTriggerQuantity, both}",,,,
CMCC_TD_LTE_V2.3,中国移动TD-LTE皮站_飞站基站设备网络管理南向接口数据配置模型规范V2.3.xlsx,SJ,159,parameter,A4事件测量控制参数,Device.Services.FAPService.{i}.CellConfig.LTE.RAN.Mobility.ConnMode.EUTRA.A4MeasureCtrl.1.TimeToTrigger,Device,TimeToTrigger,Y,TimeToTrigger,触发时间,A,,A4TimeToTriggerInterFCov,RW,"unsignedInt[0,40, 64, 80,100,128, 160,256,320, 480, 512, 640, 1024,1280,2560,5120]",,,为了满足触发RAT测量报告触发条件持续的时间，单位ms,,,,
CMCC_TD_LTE_V2.3,中国移动TD-LTE皮站_飞站基站设备网络管理南向接口数据配置模型规范V2.3.xlsx,SJ,160,parameter,A4事件测量控制参数,Device.Services.FAPService.{i}.CellConfig.LTE.RAN.Mobility.ConnMode.EUTRA.A4MeasureCtrl.1.TriggerQuantity,Device,TriggerQuantity,Y,TriggerQuantity,触发量,A,,A4TriggerQuantityInterFCov,RW,string,,,"用来评估触发条件测量报告的数量{RSRP, RSRQ}",,,,
CMCC_TD_LTE_V2.3,中国移动TD-LTE皮站_飞站基站设备网络管理南向接口数据配置模型规范V2.3.xlsx,SJ,151,parameter,A4事件测量控制参数,Device.Services.FAPService.{i}.CellConfig.LTE.RAN.Mobility.ConnMode.EUTRA.A4MeasureCtrl.{i}.A4ThresholdRSRP,Device,A4ThresholdRSRP,Y,A4ThresholdRSRP,A4事件RSRP门限,A,,A4ThresholdInterFCov,RW,unsignedInt[0:97],,,"用于EUTRA测量中,触发量为RSRP时,A4事件触发条件的绝对门",NRM数据配置要求,,,
CMCC_TD_LTE_V2.3,中国移动TD-LTE皮站_飞站基站设备网络管理南向接口数据配置模型规范V2.3.xlsx,SJ,152,parameter,A4事件测量控制参数,Device.Services.FAPService.{i}.CellConfig.LTE.RAN.Mobility.ConnMode.EUTRA.A4MeasureCtrl.{i}.A4ThresholdRSRQ,Device,A4ThresholdRSRQ,Y,A4ThresholdRSRQ,A4事件RSRQ门限,A,,A4ThresholdInterFCov,RW,unsignedInt[0:34],,,"用于EUTRA测量中,触发量为RSRQ时,A4事件触发条件的绝对门限",,,,
CMCC_TD_LTE_V2.3,中国移动TD-LTE皮站_飞站基站设备网络管理南向接口数据配置模型规范V2.3.xlsx,SJ,150,parameter,A4事件测量控制参数,Device.Services.FAPService.{i}.CellConfig.LTE.RAN.Mobility.ConnMode.EUTRA.A4MeasureCtrl.{i}.Enable,Device,Enable,Y,Enable,使能开关,A,,,RW,boolean,,,是否启用该表项,,参数路径中最后一个多实例节点（{i}）序号1～10为系统保留段，若厂商对A4测量事件有其它用途，则从A4MeasureCtrl.11.开始定义,新增使能开关,
CMCC_TD_LTE_V2.3,中国移动TD-LTE皮站_飞站基站设备网络管理南向接口数据配置模型规范V2.3.xlsx,SJ,153,parameter,A4事件测量控制参数,Device.Services.FAPService.{i}.CellConfig.LTE.RAN.Mobility.ConnMode.EUTRA.A4MeasureCtrl.{i}.Hysteresis,Device,Hysteresis,Y,Hysteresis,迟滞值,A,,A4HysteresisInterFCov,RW,unsignedInt[0:34],,,进入和离开上报触发事件条件的滞后值；,,,,
CMCC_TD_LTE_V2.3,中国移动TD-LTE皮站_飞站基站设备网络管理南向接口数据配置模型规范V2.3.xlsx,SJ,154,parameter,A4事件测量控制参数,Device.Services.FAPService.{i}.CellConfig.LTE.RAN.Mobility.ConnMode.EUTRA.A4MeasureCtrl.{i}.MaxReportCells,Device,MaxReportCells,Y,MaxReportCells,最大上报小区数,A,,,RW,unsignedInt[1:8],,,测量报告中包含小区的最大数目,,,,
CMCC_TD_LTE_V2.3,中国移动TD-LTE皮站_飞站基站设备网络管理南向接口数据配置模型规范V2.3.xlsx,SJ,155,parameter,A4事件测量控制参数,Device.Services.FAPService.{i}.CellConfig.LTE.RAN.Mobility.ConnMode.EUTRA.A4MeasureCtrl.{i}.MeasurePurpose,Device,MeasurePurpose,Y,MeasurePurpose,测量目的,A,,,R,unsignedInt[1:100],,,"用于表明当前配置事件的使用目的，本字段取值固定为：
(1=异频测量)",,,对测量目的增加描述,
CMCC_TD_LTE_V2.3,中国移动TD-LTE皮站_飞站基站设备网络管理南向接口数据配置模型规范V2.3.xlsx,SJ,156,parameter,A4事件测量控制参数,Device.Services.FAPService.{i}.CellConfig.LTE.RAN.Mobility.ConnMode.EUTRA.A4MeasureCtrl.{i}.ReportAmount,Device,ReportAmount,Y,ReportAmount,上报次数,A,,,RW,"unsignedInt[0:2, 4, 8, 16, 32, 64]",,,测量报告发送的次数，0表示无限次,,,,
CMCC_TD_LTE_V2.3,中国移动TD-LTE皮站_飞站基站设备网络管理南向接口数据配置模型规范V2.3.xlsx,SJ,157,parameter,A4事件测量控制参数,Device.Services.FAPService.{i}.CellConfig.LTE.RAN.Mobility.ConnMode.EUTRA.A4MeasureCtrl.{i}.ReportInterval,Device,ReportInterval,Y,ReportInterval,上报间隔,A,,,RW,"unsignedInt[120, 240, 480, 640, 1024, 2048, 5120, 10240, 60000, 360000, 720000, 1800000, 3600000]",,,连续测量报告之间的间隔,,,,
CMCC_TD_LTE_V2.3,中国移动TD-LTE皮站_飞站基站设备网络管理南向接口数据配置模型规范V2.3.xlsx,SJ,158,parameter,A4事件测量控制参数,Device.Services.FAPService.{i}.CellConfig.LTE.RAN.Mobility.ConnMode.EUTRA.A4MeasureCtrl.{i}.ReportQuantity,Device,ReportQuantity,Y,ReportQuantity,上报量,A,,A4ReportQuantityInterFCov,RW,string,,,"测量报告中的上报量{sameAsTriggerQuantity, both}",,,,
CMCC_TD_LTE_V2.3,中国移动TD-LTE皮站_飞站基站设备网络管理南向接口数据配置模型规范V2.3.xlsx,SJ,159,parameter,A4事件测量控制参数,Device.Services.FAPService.{i}.CellConfig.LTE.RAN.Mobility.ConnMode.EUTRA.A4MeasureCtrl.{i}.TimeToTrigger,Device,TimeToTrigger,Y,TimeToTrigger,触发时间,A,,A4TimeToTriggerInterFCov,RW,"unsignedInt[0,40, 64, 80,100,128, 160,256,320, 480, 512, 640, 1024,1280,2560,5120]",,,为了满足触发RAT测量报告触发条件持续的时间，单位ms,,,,
CMCC_TD_LTE_V2.3,中国移动TD-LTE皮站_飞站基站设备网络管理南向接口数据配置模型规范V2.3.xlsx,SJ,160,parameter,A4事件测量控制参数,Device.Services.FAPService.{i}.CellConfig.LTE.RAN.Mobility.ConnMode.EUTRA.A4MeasureCtrl.{i}.TriggerQuantity,Device,TriggerQuantity,Y,TriggerQuantity,触发量,A,,A4TriggerQuantityInterFCov,RW,string,,,"用来评估触发条件测量报告的数量{RSRP, RSRQ}",,,,
CMCC_5G_EXT_PICO_V1.9.4,中国移动5G扩展型皮基站网管南向接口数据模型规范v1.9.4.xlsx,SM,161,parameter,A4事件测量控制参数,Device.Services.FAPService.{i}.CellConfig.{i}.NR.RAN.Mobility.ConnMode.NR.A4MeasureCtrl.1.A4ThresholdRSRP,Device,A4ThresholdRSRP,Y,A4ThresholdRSRP,A4事件RSRP门限,A,AK,rsrpThreshold,RW,unsignedInt[0:127],,,"用于NR测量中,触发量为RSRP时,A4事件触发条件的绝对门",3GPP TS38.331,,,
CMCC_5G_EXT_PICO_V1.9.4,中国移动5G扩展型皮基站网管南向接口数据模型规范v1.9.4.xlsx,SM,162,parameter,A4事件测量控制参数,Device.Services.FAPService.{i}.CellConfig.{i}.NR.RAN.Mobility.ConnMode.NR.A4MeasureCtrl.1.A4ThresholdRSRQ,Device,A4ThresholdRSRQ,Y,A4ThresholdRSRQ,A4事件RSRQ门限,A,AK,rsrqThreshold,RW,unsignedInt[0:127],,,"用于NR测量中,触发量为RSRQ时,A4事件触发条件的绝对门限",3GPP TS38.331,,,
CMCC_5G_EXT_PICO_V1.9.4,中国移动5G扩展型皮基站网管南向接口数据模型规范v1.9.4.xlsx,SM,163,parameter,A4事件测量控制参数,Device.Services.FAPService.{i}.CellConfig.{i}.NR.RAN.Mobility.ConnMode.NR.A4MeasureCtrl.1.A4ThresholdSINR,Device,A4ThresholdSINR,Y,A4ThresholdSINR,A4事件SINR门限,A,AK,sinrThreshold,RW,unsignedInt[0:127],,,"用于NR测量中,触发量为SINR时,A4事件触发条件的绝对门限",3GPP TS38.331,,,
CMCC_5G_EXT_PICO_V1.9.4,中国移动5G扩展型皮基站网管南向接口数据模型规范v1.9.4.xlsx,SM,159,parameter,A4事件测量控制参数,Device.Services.FAPService.{i}.CellConfig.{i}.NR.RAN.Mobility.ConnMode.NR.A4MeasureCtrl.1.Enable,Device,Enable,Y,Enable,使能开关,A,,,RW,boolean,,,是否启用该表项（0：不启用，1：启用）,3GPP TS38.331,参数路径中最后一个多实例节点（{i}）序号1～10为系统保留段，若厂商对A4测量事件有其它用途，则从A4MeasureCtrl.11.开始定义,,
CMCC_5G_EXT_PICO_V1.9.4,中国移动5G扩展型皮基站网管南向接口数据模型规范v1.9.4.xlsx,SM,167,parameter,A4事件测量控制参数,Device.Services.FAPService.{i}.CellConfig.{i}.NR.RAN.Mobility.ConnMode.NR.A4MeasureCtrl.1.Hysteresis,Device,Hysteresis,Y,Hysteresis,迟滞值,A,,,RW,unsignedInt[0:30],,,进入和离开上报触发事件条件的滞后值；,3GPP TS38.331,,,20221128-修改
CMCC_5G_EXT_PICO_V1.9.4,中国移动5G扩展型皮基站网管南向接口数据模型规范v1.9.4.xlsx,SM,176,parameter,A4事件测量控制参数,Device.Services.FAPService.{i}.CellConfig.{i}.NR.RAN.Mobility.ConnMode.NR.A4MeasureCtrl.1.IncludeBeamMeasurements,Device,IncludeBeamMeasurements,Y,IncludeBeamMeasurements,波束赋形测量指示,B,AK,includeBeamMeasurements,RW,boolean,,,指示是否使用波束赋形功能（0：不启用，1：启用）,3GPP TS38.331,,,
CMCC_5G_EXT_PICO_V1.9.4,中国移动5G扩展型皮基站网管南向接口数据模型规范v1.9.4.xlsx,SM,165,parameter,A4事件测量控制参数,Device.Services.FAPService.{i}.CellConfig.{i}.NR.RAN.Mobility.ConnMode.NR.A4MeasureCtrl.1.MaxNrofRSIndexToReport,Device,MaxNrofRSIndexToReport,Y,MaxNrofRSIndexToReport,RS测量上报资源最大个数,A,AK,maxNrofRSIndexToReport,RW,"unsignedInt[1:32,0x0000FFFF]",,,"该参数用于指示RS测量上报资源最大个数,1~32协议规定，0x0000FFFF表示不携带该值",3GPP TS38.331,,,
CMCC_5G_EXT_PICO_V1.9.4,中国移动5G扩展型皮基站网管南向接口数据模型规范v1.9.4.xlsx,SM,168,parameter,A4事件测量控制参数,Device.Services.FAPService.{i}.CellConfig.{i}.NR.RAN.Mobility.ConnMode.NR.A4MeasureCtrl.1.MaxReportCells,Device,MaxReportCells,Y,MaxReportCells,最大上报小区数,A,AK,maxRptCellNum,RW,unsignedInt[1:8],,,测量报告中包含小区的最大数目,3GPP TS38.331,,,
CMCC_5G_EXT_PICO_V1.9.4,中国移动5G扩展型皮基站网管南向接口数据模型规范v1.9.4.xlsx,SM,169,parameter,A4事件测量控制参数,Device.Services.FAPService.{i}.CellConfig.{i}.NR.RAN.Mobility.ConnMode.NR.A4MeasureCtrl.1.MeasurePurpose,Device,MeasurePurpose,Y,MeasurePurpose,测量目的,A,,,R,unsignedInt[1:100],,,"用于表明当前配置事件的使用目的，本字段取值固定为：
(1=异频测量)",3GPP TS38.331,,,
CMCC_5G_EXT_PICO_V1.9.4,中国移动5G扩展型皮基站网管南向接口数据模型规范v1.9.4.xlsx,SM,170,parameter,A4事件测量控制参数,Device.Services.FAPService.{i}.CellConfig.{i}.NR.RAN.Mobility.ConnMode.NR.A4MeasureCtrl.1.ReportAmount,Device,ReportAmount,Y,ReportAmount,上报次数,A,AK,rptAmount,RW,"unsignedInt[0:2, 4, 8, 16, 32, 64]",,,测量报告发送的次数，0表示无限次,3GPP TS38.331,,,
CMCC_5G_EXT_PICO_V1.9.4,中国移动5G扩展型皮基站网管南向接口数据模型规范v1.9.4.xlsx,SM,171,parameter,A4事件测量控制参数,Device.Services.FAPService.{i}.CellConfig.{i}.NR.RAN.Mobility.ConnMode.NR.A4MeasureCtrl.1.ReportInterval,Device,ReportInterval,Y,ReportInterval,上报间隔,A,AK,rptInterval,RW,"unsignedInt[120, 240, 480, 640, 1024, 2048, 5120, 10240, 60000, 360000, 720000, 1800000]",,,连续测量报告之间的间隔,3GPP TS38.331,,,
CMCC_5G_EXT_PICO_V1.9.4,中国移动5G扩展型皮基站网管南向接口数据模型规范v1.9.4.xlsx,SM,166,parameter,A4事件测量控制参数,Device.Services.FAPService.{i}.CellConfig.{i}.NR.RAN.Mobility.ConnMode.NR.A4MeasureCtrl.1.ReportOnLeave,Device,ReportOnLeave,Y,ReportOnLeave,A4事件离开上报指示,CA,,,RW,boolean,,,"某小区的离开状态满足时,UE是否触发测量上报过程；
0:代表不满足条件的小区离开测量列表时不进行上报；
1:代表都会触发测量结果的填写以及上报消息的发送",3GPP TS38.331,,,
CMCC_5G_EXT_PICO_V1.9.4,中国移动5G扩展型皮基站网管南向接口数据模型规范v1.9.4.xlsx,SM,172,parameter,A4事件测量控制参数,Device.Services.FAPService.{i}.CellConfig.{i}.NR.RAN.Mobility.ConnMode.NR.A4MeasureCtrl.1.ReportQuantityCell,Device,ReportQuantityCell,Y,ReportQuantityCell,上报量,A,AK,rptQuantityCell,RW,string,,,"测量报告中的上报量
{rsrp,rsrq,sinr}",3GPP TS38.331,,,
CMCC_5G_EXT_PICO_V1.9.4,中国移动5G扩展型皮基站网管南向接口数据模型规范v1.9.4.xlsx,SM,164,parameter,A4事件测量控制参数,Device.Services.FAPService.{i}.CellConfig.{i}.NR.RAN.Mobility.ConnMode.NR.A4MeasureCtrl.1.RptQuantityRsIndex,Device,RptQuantityRsIndex,Y,RptQuantityRsIndex,A4事件RS测量上报量,A,AK,rptQuantityRsIndex,RW,string,,,"该参数用于指示RS测量上报量:{rsrp,rsrq,sinr,NULL}",,,,
CMCC_5G_EXT_PICO_V1.9.4,中国移动5G扩展型皮基站网管南向接口数据模型规范v1.9.4.xlsx,SM,175,parameter,A4事件测量控制参数,Device.Services.FAPService.{i}.CellConfig.{i}.NR.RAN.Mobility.ConnMode.NR.A4MeasureCtrl.1.RsType,Device,RsType,Y,RsType,测量类型指示,B,,,RW,string,,,"用来指示测量参考信号的类型，是ssb还是csi-rs,{ssb,csi-rs}",3GPP TS38.331,,,
CMCC_5G_EXT_PICO_V1.9.4,中国移动5G扩展型皮基站网管南向接口数据模型规范v1.9.4.xlsx,SM,173,parameter,A4事件测量控制参数,Device.Services.FAPService.{i}.CellConfig.{i}.NR.RAN.Mobility.ConnMode.NR.A4MeasureCtrl.1.TimeToTrigger,Device,TimeToTrigger,Y,TimeToTrigger,触发时间,A,,,RW,"unsignedInt[0,40, 64, 80,100,128, 160,256,320, 480, 512, 640, 1024,1280,2560,5120]",,,为了满足触发RAT测量报告触发条件持续的时间，单位ms,3GPP TS38.331,,,
CMCC_5G_EXT_PICO_V1.9.4,中国移动5G扩展型皮基站网管南向接口数据模型规范v1.9.4.xlsx,SM,160,parameter,A4事件测量控制参数,Device.Services.FAPService.{i}.CellConfig.{i}.NR.RAN.Mobility.ConnMode.NR.A4MeasureCtrl.1.TriggerQuantity,Device,TriggerQuantity,Y,TriggerQuantity,控制门限信号类型,B,,,RW,string,,,"TriggerQuantity取值范围为{rsrp,rsrq,sinr}，三选一",,,,20231020-添加用于控制门限信号类型的参数-A4MeasureCtrl.1.TriggerQuantity
CMCC_5G_EXT_PICO_V1.9.4,中国移动5G扩展型皮基站网管南向接口数据模型规范v1.9.4.xlsx,SM,174,parameter,A4事件测量控制参数,Device.Services.FAPService.{i}.CellConfig.{i}.NR.RAN.Mobility.ConnMode.NR.A4MeasureCtrl.1.UseWhiteCellList,Device,UseWhiteCellList,Y,UseWhiteCellList,小区测量白名单指示,B,,,RW,boolean,,,"指示是否使用小区测量白名单。
1：表示当相关小区包含在whiteCellsToAddModList中时，考虑任何邻区，关联measObjectNRto是否适合；
0：表示当相关小区没有包含在blackCellsToAddModList中时，考虑任何邻区，关联measObjectNRto是否适合；",3GPP TS38.331,,,
CMCC_5G_EXT_PICO_V1.9.4,中国移动5G扩展型皮基站网管南向接口数据模型规范v1.9.4.xlsx,SM,161,parameter,A4事件测量控制参数,Device.Services.FAPService.{i}.CellConfig.{i}.NR.RAN.Mobility.ConnMode.NR.A4MeasureCtrl.{i}.A4ThresholdRSRP,Device,A4ThresholdRSRP,Y,A4ThresholdRSRP,A4事件RSRP门限,A,AK,rsrpThreshold,RW,unsignedInt[0:127],,,"用于NR测量中,触发量为RSRP时,A4事件触发条件的绝对门",3GPP TS38.331,,,
CMCC_5G_EXT_PICO_V1.9.4,中国移动5G扩展型皮基站网管南向接口数据模型规范v1.9.4.xlsx,SM,162,parameter,A4事件测量控制参数,Device.Services.FAPService.{i}.CellConfig.{i}.NR.RAN.Mobility.ConnMode.NR.A4MeasureCtrl.{i}.A4ThresholdRSRQ,Device,A4ThresholdRSRQ,Y,A4ThresholdRSRQ,A4事件RSRQ门限,A,AK,rsrqThreshold,RW,unsignedInt[0:127],,,"用于NR测量中,触发量为RSRQ时,A4事件触发条件的绝对门限",3GPP TS38.331,,,
CMCC_5G_EXT_PICO_V1.9.4,中国移动5G扩展型皮基站网管南向接口数据模型规范v1.9.4.xlsx,SM,163,parameter,A4事件测量控制参数,Device.Services.FAPService.{i}.CellConfig.{i}.NR.RAN.Mobility.ConnMode.NR.A4MeasureCtrl.{i}.A4ThresholdSINR,Device,A4ThresholdSINR,Y,A4ThresholdSINR,A4事件SINR门限,A,AK,sinrThreshold,RW,unsignedInt[0:127],,,"用于NR测量中,触发量为SINR时,A4事件触发条件的绝对门限",3GPP TS38.331,,,
CMCC_5G_EXT_PICO_V1.9.4,中国移动5G扩展型皮基站网管南向接口数据模型规范v1.9.4.xlsx,SM,159,parameter,A4事件测量控制参数,Device.Services.FAPService.{i}.CellConfig.{i}.NR.RAN.Mobility.ConnMode.NR.A4MeasureCtrl.{i}.Enable,Device,Enable,Y,Enable,使能开关,A,,,RW,boolean,,,是否启用该表项（0：不启用，1：启用）,3GPP TS38.331,参数路径中最后一个多实例节点（{i}）序号1～10为系统保留段，若厂商对A4测量事件有其它用途，则从A4MeasureCtrl.11.开始定义,,
CMCC_5G_EXT_PICO_V1.9.4,中国移动5G扩展型皮基站网管南向接口数据模型规范v1.9.4.xlsx,SM,167,parameter,A4事件测量控制参数,Device.Services.FAPService.{i}.CellConfig.{i}.NR.RAN.Mobility.ConnMode.NR.A4MeasureCtrl.{i}.Hysteresis,Device,Hysteresis,Y,Hysteresis,迟滞值,A,,,RW,unsignedInt[0:30],,,进入和离开上报触发事件条件的滞后值；,3GPP TS38.331,,,20221128-修改
CMCC_5G_EXT_PICO_V1.9.4,中国移动5G扩展型皮基站网管南向接口数据模型规范v1.9.4.xlsx,SM,176,parameter,A4事件测量控制参数,Device.Services.FAPService.{i}.CellConfig.{i}.NR.RAN.Mobility.ConnMode.NR.A4MeasureCtrl.{i}.IncludeBeamMeasurements,Device,IncludeBeamMeasurements,Y,IncludeBeamMeasurements,波束赋形测量指示,B,AK,includeBeamMeasurements,RW,boolean,,,指示是否使用波束赋形功能（0：不启用，1：启用）,3GPP TS38.331,,,
CMCC_5G_EXT_PICO_V1.9.4,中国移动5G扩展型皮基站网管南向接口数据模型规范v1.9.4.xlsx,SM,165,parameter,A4事件测量控制参数,Device.Services.FAPService.{i}.CellConfig.{i}.NR.RAN.Mobility.ConnMode.NR.A4MeasureCtrl.{i}.MaxNrofRSIndexToReport,Device,MaxNrofRSIndexToReport,Y,MaxNrofRSIndexToReport,RS测量上报资源最大个数,A,AK,maxNrofRSIndexToReport,RW,"unsignedInt[1:32,0x0000FFFF]",,,"该参数用于指示RS测量上报资源最大个数,1~32协议规定，0x0000FFFF表示不携带该值",3GPP TS38.331,,,
CMCC_5G_EXT_PICO_V1.9.4,中国移动5G扩展型皮基站网管南向接口数据模型规范v1.9.4.xlsx,SM,168,parameter,A4事件测量控制参数,Device.Services.FAPService.{i}.CellConfig.{i}.NR.RAN.Mobility.ConnMode.NR.A4MeasureCtrl.{i}.MaxReportCells,Device,MaxReportCells,Y,MaxReportCells,最大上报小区数,A,AK,maxRptCellNum,RW,unsignedInt[1:8],,,测量报告中包含小区的最大数目,3GPP TS38.331,,,
CMCC_5G_EXT_PICO_V1.9.4,中国移动5G扩展型皮基站网管南向接口数据模型规范v1.9.4.xlsx,SM,169,parameter,A4事件测量控制参数,Device.Services.FAPService.{i}.CellConfig.{i}.NR.RAN.Mobility.ConnMode.NR.A4MeasureCtrl.{i}.MeasurePurpose,Device,MeasurePurpose,Y,MeasurePurpose,测量目的,A,,,R,unsignedInt[1:100],,,"用于表明当前配置事件的使用目的，本字段取值固定为：
(1=异频测量)",3GPP TS38.331,,,
CMCC_5G_EXT_PICO_V1.9.4,中国移动5G扩展型皮基站网管南向接口数据模型规范v1.9.4.xlsx,SM,170,parameter,A4事件测量控制参数,Device.Services.FAPService.{i}.CellConfig.{i}.NR.RAN.Mobility.ConnMode.NR.A4MeasureCtrl.{i}.ReportAmount,Device,ReportAmount,Y,ReportAmount,上报次数,A,AK,rptAmount,RW,"unsignedInt[0:2, 4, 8, 16, 32, 64]",,,测量报告发送的次数，0表示无限次,3GPP TS38.331,,,
CMCC_5G_EXT_PICO_V1.9.4,中国移动5G扩展型皮基站网管南向接口数据模型规范v1.9.4.xlsx,SM,171,parameter,A4事件测量控制参数,Device.Services.FAPService.{i}.CellConfig.{i}.NR.RAN.Mobility.ConnMode.NR.A4MeasureCtrl.{i}.ReportInterval,Device,ReportInterval,Y,ReportInterval,上报间隔,A,AK,rptInterval,RW,"unsignedInt[120, 240, 480, 640, 1024, 2048, 5120, 10240, 60000, 360000, 720000, 1800000]",,,连续测量报告之间的间隔,3GPP TS38.331,,,
CMCC_5G_EXT_PICO_V1.9.4,中国移动5G扩展型皮基站网管南向接口数据模型规范v1.9.4.xlsx,SM,166,parameter,A4事件测量控制参数,Device.Services.FAPService.{i}.CellConfig.{i}.NR.RAN.Mobility.ConnMode.NR.A4MeasureCtrl.{i}.ReportOnLeave,Device,ReportOnLeave,Y,ReportOnLeave,A4事件离开上报指示,CA,,,RW,boolean,,,"某小区的离开状态满足时,UE是否触发测量上报过程；
0:代表不满足条件的小区离开测量列表时不进行上报；
1:代表都会触发测量结果的填写以及上报消息的发送",3GPP TS38.331,,,
CMCC_5G_EXT_PICO_V1.9.4,中国移动5G扩展型皮基站网管南向接口数据模型规范v1.9.4.xlsx,SM,172,parameter,A4事件测量控制参数,Device.Services.FAPService.{i}.CellConfig.{i}.NR.RAN.Mobility.ConnMode.NR.A4MeasureCtrl.{i}.ReportQuantityCell,Device,ReportQuantityCell,Y,ReportQuantityCell,上报量,A,AK,rptQuantityCell,RW,string,,,"测量报告中的上报量
{rsrp,rsrq,sinr}",3GPP TS38.331,,,
CMCC_5G_EXT_PICO_V1.9.4,中国移动5G扩展型皮基站网管南向接口数据模型规范v1.9.4.xlsx,SM,164,parameter,A4事件测量控制参数,Device.Services.FAPService.{i}.CellConfig.{i}.NR.RAN.Mobility.ConnMode.NR.A4MeasureCtrl.{i}.RptQuantityRsIndex,Device,RptQuantityRsIndex,Y,RptQuantityRsIndex,A4事件RS测量上报量,A,AK,rptQuantityRsIndex,RW,string,,,"该参数用于指示RS测量上报量:{rsrp,rsrq,sinr,NULL}",,,,
CMCC_5G_EXT_PICO_V1.9.4,中国移动5G扩展型皮基站网管南向接口数据模型规范v1.9.4.xlsx,SM,175,parameter,A4事件测量控制参数,Device.Services.FAPService.{i}.CellConfig.{i}.NR.RAN.Mobility.ConnMode.NR.A4MeasureCtrl.{i}.RsType,Device,RsType,Y,RsType,测量类型指示,B,,,RW,string,,,"用来指示测量参考信号的类型，是ssb还是csi-rs,{ssb,csi-rs}",3GPP TS38.331,,,
CMCC_5G_EXT_PICO_V1.9.4,中国移动5G扩展型皮基站网管南向接口数据模型规范v1.9.4.xlsx,SM,173,parameter,A4事件测量控制参数,Device.Services.FAPService.{i}.CellConfig.{i}.NR.RAN.Mobility.ConnMode.NR.A4MeasureCtrl.{i}.TimeToTrigger,Device,TimeToTrigger,Y,TimeToTrigger,触发时间,A,,,RW,"unsignedInt[0,40, 64, 80,100,128, 160,256,320, 480, 512, 640, 1024,1280,2560,5120]",,,为了满足触发RAT测量报告触发条件持续的时间，单位ms,3GPP TS38.331,,,
CMCC_5G_EXT_PICO_V1.9.4,中国移动5G扩展型皮基站网管南向接口数据模型规范v1.9.4.xlsx,SM,160,parameter,A4事件测量控制参数,Device.Services.FAPService.{i}.CellConfig.{i}.NR.RAN.Mobility.ConnMode.NR.A4MeasureCtrl.{i}.TriggerQuantity,Device,TriggerQuantity,Y,TriggerQuantity,控制门限信号类型,B,,,RW,string,,,"TriggerQuantity取值范围为{rsrp,rsrq,sinr}，三选一",,,,20231020-添加用于控制门限信号类型的参数-A4MeasureCtrl.1.TriggerQuantity
CMCC_5G_EXT_PICO_V1.9.4,中国移动5G扩展型皮基站网管南向接口数据模型规范v1.9.4.xlsx,SM,174,parameter,A4事件测量控制参数,Device.Services.FAPService.{i}.CellConfig.{i}.NR.RAN.Mobility.ConnMode.NR.A4MeasureCtrl.{i}.UseWhiteCellList,Device,UseWhiteCellList,Y,UseWhiteCellList,小区测量白名单指示,B,,,RW,boolean,,,"指示是否使用小区测量白名单。
1：表示当相关小区包含在whiteCellsToAddModList中时，考虑任何邻区，关联measObjectNRto是否适合；
0：表示当相关小区没有包含在blackCellsToAddModList中时，考虑任何邻区，关联measObjectNRto是否适合；",3GPP TS38.331,,,
CMCC_TD_LTE_V2.3,中国移动TD-LTE皮站_飞站基站设备网络管理南向接口数据配置模型规范V2.3.xlsx,SJ,151,parameter,A4事件测量控制参数,InternetGatewayDevice.Services.FAPService.{i}.CellConfig.LTE.RAN.Mobility.ConnMode.EUTRA.A4MeasureCtrl.1.A4ThresholdRSRP,InternetGatewayDevice,A4ThresholdRSRP,Y,A4ThresholdRSRP,A4事件RSRP门限,A,,A4ThresholdInterFCov,RW,unsignedInt[0:97],,,"用于EUTRA测量中,触发量为RSRP时,A4事件触发条件的绝对门",NRM数据配置要求,,,
CMCC_TD_LTE_V2.3,中国移动TD-LTE皮站_飞站基站设备网络管理南向接口数据配置模型规范V2.3.xlsx,SJ,152,parameter,A4事件测量控制参数,InternetGatewayDevice.Services.FAPService.{i}.CellConfig.LTE.RAN.Mobility.ConnMode.EUTRA.A4MeasureCtrl.1.A4ThresholdRSRQ,InternetGatewayDevice,A4ThresholdRSRQ,Y,A4ThresholdRSRQ,A4事件RSRQ门限,A,,A4ThresholdInterFCov,RW,unsignedInt[0:34],,,"用于EUTRA测量中,触发量为RSRQ时,A4事件触发条件的绝对门限",,,,
CMCC_TD_LTE_V2.3,中国移动TD-LTE皮站_飞站基站设备网络管理南向接口数据配置模型规范V2.3.xlsx,SJ,150,parameter,A4事件测量控制参数,InternetGatewayDevice.Services.FAPService.{i}.CellConfig.LTE.RAN.Mobility.ConnMode.EUTRA.A4MeasureCtrl.1.Enable,InternetGatewayDevice,Enable,Y,Enable,使能开关,A,,,RW,boolean,,,是否启用该表项,,参数路径中最后一个多实例节点（{i}）序号1～10为系统保留段，若厂商对A4测量事件有其它用途，则从A4MeasureCtrl.11.开始定义,新增使能开关,
CMCC_TD_LTE_V2.3,中国移动TD-LTE皮站_飞站基站设备网络管理南向接口数据配置模型规范V2.3.xlsx,SJ,153,parameter,A4事件测量控制参数,InternetGatewayDevice.Services.FAPService.{i}.CellConfig.LTE.RAN.Mobility.ConnMode.EUTRA.A4MeasureCtrl.1.Hysteresis,InternetGatewayDevice,Hysteresis,Y,Hysteresis,迟滞值,A,,A4HysteresisInterFCov,RW,unsignedInt[0:34],,,进入和离开上报触发事件条件的滞后值；,,,,
CMCC_TD_LTE_V2.3,中国移动TD-LTE皮站_飞站基站设备网络管理南向接口数据配置模型规范V2.3.xlsx,SJ,154,parameter,A4事件测量控制参数,InternetGatewayDevice.Services.FAPService.{i}.CellConfig.LTE.RAN.Mobility.ConnMode.EUTRA.A4MeasureCtrl.1.MaxReportCells,InternetGatewayDevice,MaxReportCells,Y,MaxReportCells,最大上报小区数,A,,,RW,unsignedInt[1:8],,,测量报告中包含小区的最大数目,,,,
CMCC_TD_LTE_V2.3,中国移动TD-LTE皮站_飞站基站设备网络管理南向接口数据配置模型规范V2.3.xlsx,SJ,155,parameter,A4事件测量控制参数,InternetGatewayDevice.Services.FAPService.{i}.CellConfig.LTE.RAN.Mobility.ConnMode.EUTRA.A4MeasureCtrl.1.MeasurePurpose,InternetGatewayDevice,MeasurePurpose,Y,MeasurePurpose,测量目的,A,,,R,unsignedInt[1:100],,,"用于表明当前配置事件的使用目的，本字段取值固定为：
(1=异频测量)",,,对测量目的增加描述,
CMCC_TD_LTE_V2.3,中国移动TD-LTE皮站_飞站基站设备网络管理南向接口数据配置模型规范V2.3.xlsx,SJ,156,parameter,A4事件测量控制参数,InternetGatewayDevice.Services.FAPService.{i}.CellConfig.LTE.RAN.Mobility.ConnMode.EUTRA.A4MeasureCtrl.1.ReportAmount,InternetGatewayDevice,ReportAmount,Y,ReportAmount,上报次数,A,,,RW,"unsignedInt[0:2, 4, 8, 16, 32, 64]",,,测量报告发送的次数，0表示无限次,,,,
CMCC_TD_LTE_V2.3,中国移动TD-LTE皮站_飞站基站设备网络管理南向接口数据配置模型规范V2.3.xlsx,SJ,157,parameter,A4事件测量控制参数,InternetGatewayDevice.Services.FAPService.{i}.CellConfig.LTE.RAN.Mobility.ConnMode.EUTRA.A4MeasureCtrl.1.ReportInterval,InternetGatewayDevice,ReportInterval,Y,ReportInterval,上报间隔,A,,,RW,"unsignedInt[120, 240, 480, 640, 1024, 2048, 5120, 10240, 60000, 360000, 720000, 1800000, 3600000]",,,连续测量报告之间的间隔,,,,
CMCC_TD_LTE_V2.3,中国移动TD-LTE皮站_飞站基站设备网络管理南向接口数据配置模型规范V2.3.xlsx,SJ,158,parameter,A4事件测量控制参数,InternetGatewayDevice.Services.FAPService.{i}.CellConfig.LTE.RAN.Mobility.ConnMode.EUTRA.A4MeasureCtrl.1.ReportQuantity,InternetGatewayDevice,ReportQuantity,Y,ReportQuantity,上报量,A,,A4ReportQuantityInterFCov,RW,string,,,"测量报告中的上报量{sameAsTriggerQuantity, both}",,,,
CMCC_TD_LTE_V2.3,中国移动TD-LTE皮站_飞站基站设备网络管理南向接口数据配置模型规范V2.3.xlsx,SJ,159,parameter,A4事件测量控制参数,InternetGatewayDevice.Services.FAPService.{i}.CellConfig.LTE.RAN.Mobility.ConnMode.EUTRA.A4MeasureCtrl.1.TimeToTrigger,InternetGatewayDevice,TimeToTrigger,Y,TimeToTrigger,触发时间,A,,A4TimeToTriggerInterFCov,RW,"unsignedInt[0,40, 64, 80,100,128, 160,256,320, 480, 512, 640, 1024,1280,2560,5120]",,,为了满足触发RAT测量报告触发条件持续的时间，单位ms,,,,
CMCC_TD_LTE_V2.3,中国移动TD-LTE皮站_飞站基站设备网络管理南向接口数据配置模型规范V2.3.xlsx,SJ,160,parameter,A4事件测量控制参数,InternetGatewayDevice.Services.FAPService.{i}.CellConfig.LTE.RAN.Mobility.ConnMode.EUTRA.A4MeasureCtrl.1.TriggerQuantity,InternetGatewayDevice,TriggerQuantity,Y,TriggerQuantity,触发量,A,,A4TriggerQuantityInterFCov,RW,string,,,"用来评估触发条件测量报告的数量{RSRP, RSRQ}",,,,
CMCC_TD_LTE_V2.3,中国移动TD-LTE皮站_飞站基站设备网络管理南向接口数据配置模型规范V2.3.xlsx,SJ,162,parameter,A4事件测量控制参数,InternetGatewayDevice.Services.FAPService.{i}.CellConfig.LTE.RAN.Mobility.ConnMode.EUTRA.A4MeasureCtrl.{i}.A4ThresholdRSRP,InternetGatewayDevice,A4ThresholdRSRP,Y,A4ThresholdRSRP,A4事件RSRP门限,CA,,,RW,unsignedInt[0:97],,,"用于EUTRA测量中,触发量为RSRP时,A4事件触发条件的绝对门",,,,
CMCC_TD_LTE_V2.3,中国移动TD-LTE皮站_飞站基站设备网络管理南向接口数据配置模型规范V2.3.xlsx,SJ,163,parameter,A4事件测量控制参数,InternetGatewayDevice.Services.FAPService.{i}.CellConfig.LTE.RAN.Mobility.ConnMode.EUTRA.A4MeasureCtrl.{i}.A4ThresholdRSRQ,InternetGatewayDevice,A4ThresholdRSRQ,Y,A4ThresholdRSRQ,A4事件RSRQ门限,CA,,,RW,unsignedInt[0:34],,,"用于EUTRA测量中,触发量为RSRQ时,A4事件触发条件的绝对门限",,,,
CMCC_TD_LTE_V2.3,中国移动TD-LTE皮站_飞站基站设备网络管理南向接口数据配置模型规范V2.3.xlsx,SJ,161,parameter,A4事件测量控制参数,InternetGatewayDevice.Services.FAPService.{i}.CellConfig.LTE.RAN.Mobility.ConnMode.EUTRA.A4MeasureCtrl.{i}.Enable,InternetGatewayDevice,Enable,Y,Enable,使能开关,CA,,,RW,boolean,,,是否启用该表项,,,新增使能开关,
CMCC_TD_LTE_V2.3,中国移动TD-LTE皮站_飞站基站设备网络管理南向接口数据配置模型规范V2.3.xlsx,SJ,164,parameter,A4事件测量控制参数,InternetGatewayDevice.Services.FAPService.{i}.CellConfig.LTE.RAN.Mobility.ConnMode.EUTRA.A4MeasureCtrl.{i}.Hysteresis,InternetGatewayDevice,Hysteresis,Y,Hysteresis,迟滞值,CA,,,RW,unsignedInt[0:34],,,进入和离开上报触发事件条件的滞后值；,,,,
CMCC_TD_LTE_V2.3,中国移动TD-LTE皮站_飞站基站设备网络管理南向接口数据配置模型规范V2.3.xlsx,SJ,165,parameter,A4事件测量控制参数,InternetGatewayDevice.Services.FAPService.{i}.CellConfig.LTE.RAN.Mobility.ConnMode.EUTRA.A4MeasureCtrl.{i}.MaxReportCells,InternetGatewayDevice,MaxReportCells,Y,MaxReportCells,最大上报小区数,CA,,,RW,unsignedInt[1:8],,,测量报告中包含小区的最大数目,,,,
CMCC_TD_LTE_V2.3,中国移动TD-LTE皮站_飞站基站设备网络管理南向接口数据配置模型规范V2.3.xlsx,SJ,166,parameter,A4事件测量控制参数,InternetGatewayDevice.Services.FAPService.{i}.CellConfig.LTE.RAN.Mobility.ConnMode.EUTRA.A4MeasureCtrl.{i}.MeasurePurpose,InternetGatewayDevice,MeasurePurpose,Y,MeasurePurpose,测量目的,CA,,,R,unsignedInt[1:100],,,用于表明当前配置事件的使用目的，厂家自定义测量事件从10开始定义,,,对测量目的增加描述,
CMCC_TD_LTE_V2.3,中国移动TD-LTE皮站_飞站基站设备网络管理南向接口数据配置模型规范V2.3.xlsx,SJ,167,parameter,A4事件测量控制参数,InternetGatewayDevice.Services.FAPService.{i}.CellConfig.LTE.RAN.Mobility.ConnMode.EUTRA.A4MeasureCtrl.{i}.ReportAmount,InternetGatewayDevice,ReportAmount,Y,ReportAmount,上报次数,CA,,,RW,"unsignedInt[0:2, 4, 8, 16, 32, 64]",,,测量报告发送的次数，0表示无限次,,,,
CMCC_TD_LTE_V2.3,中国移动TD-LTE皮站_飞站基站设备网络管理南向接口数据配置模型规范V2.3.xlsx,SJ,168,parameter,A4事件测量控制参数,InternetGatewayDevice.Services.FAPService.{i}.CellConfig.LTE.RAN.Mobility.ConnMode.EUTRA.A4MeasureCtrl.{i}.ReportInterval,InternetGatewayDevice,ReportInterval,Y,ReportInterval,上报间隔,CA,,,RW,"unsignedInt[120, 240, 480, 640, 1024, 2048, 5120, 10240, 60000, 360000, 720000, 1800000, 3600000]",,,连续测量报告之间的间隔,,,,
CMCC_TD_LTE_V2.3,中国移动TD-LTE皮站_飞站基站设备网络管理南向接口数据配置模型规范V2.3.xlsx,SJ,169,parameter,A4事件测量控制参数,InternetGatewayDevice.Services.FAPService.{i}.CellConfig.LTE.RAN.Mobility.ConnMode.EUTRA.A4MeasureCtrl.{i}.ReportQuantity,InternetGatewayDevice,ReportQuantity,Y,ReportQuantity,上报量,CA,,,RW,string,,,"测量报告中的上报量{sameAsTriggerQuantity, both}",,,,
CMCC_TD_LTE_V2.3,中国移动TD-LTE皮站_飞站基站设备网络管理南向接口数据配置模型规范V2.3.xlsx,SJ,170,parameter,A4事件测量控制参数,InternetGatewayDevice.Services.FAPService.{i}.CellConfig.LTE.RAN.Mobility.ConnMode.EUTRA.A4MeasureCtrl.{i}.TimeToTrigger,InternetGatewayDevice,TimeToTrigger,Y,TimeToTrigger,触发时间,CA,,,RW,"unsignedInt[0,40, 64, 80,100,128, 160,256,320, 480, 512, 640, 1024,1280,2560,5120]",,,为了满足触发RAT测量报告触发条件持续的时间，单位ms,,,,
CMCC_TD_LTE_V2.3,中国移动TD-LTE皮站_飞站基站设备网络管理南向接口数据配置模型规范V2.3.xlsx,SJ,171,parameter,A4事件测量控制参数,InternetGatewayDevice.Services.FAPService.{i}.CellConfig.LTE.RAN.Mobility.ConnMode.EUTRA.A4MeasureCtrl.{i}.TriggerQuantity,InternetGatewayDevice,TriggerQuantity,Y,TriggerQuantity,触发量,CA,,,RW,string,,,"用来评估触发条件测量报告的数量{RSRP, RSRQ}",,,,
CMCC_TD_LTE_V2.3,中国移动TD-LTE皮站_飞站基站设备网络管理南向接口数据配置模型规范V2.3.xlsx,SJ,173,parameter,A5事件测量控制参数,Device.Services.FAPService.{i}.CellConfig.LTE.RAN.Mobility.ConnMode.EUTRA.A5MeasureCtrl.1.A5Threshold1RSRP,Device,A5Threshold1RSRP,Y,A5Threshold1RSRP,A5事件RSRP门限1,A,,A5Threshold1InterFCov,RW,unsignedInt[0:97],,,"用于EUTRA测量中,触发量为RSRP时,A5事件触发条件的绝对门限1;",NRM数据配置要求,,,
CMCC_TD_LTE_V2.3,中国移动TD-LTE皮站_飞站基站设备网络管理南向接口数据配置模型规范V2.3.xlsx,SJ,174,parameter,A5事件测量控制参数,Device.Services.FAPService.{i}.CellConfig.LTE.RAN.Mobility.ConnMode.EUTRA.A5MeasureCtrl.1.A5Threshold1RSRQ,Device,A5Threshold1RSRQ,Y,A5Threshold1RSRQ,A5事件RSRQ门限1,A,,A5Threshold1InterFCov,RW,unsignedInt[0:34],,,"用于EUTRA测量中,触发量为RSRQ时,A5事件触发条件的绝对门限1;",,,,
CMCC_TD_LTE_V2.3,中国移动TD-LTE皮站_飞站基站设备网络管理南向接口数据配置模型规范V2.3.xlsx,SJ,175,parameter,A5事件测量控制参数,Device.Services.FAPService.{i}.CellConfig.LTE.RAN.Mobility.ConnMode.EUTRA.A5MeasureCtrl.1.A5Threshold2RSRP,Device,A5Threshold2RSRP,Y,A5Threshold2RSRP,A5事件RSRP门限2,A,,A5Threshold2InterFCov,RW,unsignedInt[0:97],,,"用于EUTRA测量中,触发量为RSRP时,A5事件触发条件的绝对门限2;",,,,
CMCC_TD_LTE_V2.3,中国移动TD-LTE皮站_飞站基站设备网络管理南向接口数据配置模型规范V2.3.xlsx,SJ,176,parameter,A5事件测量控制参数,Device.Services.FAPService.{i}.CellConfig.LTE.RAN.Mobility.ConnMode.EUTRA.A5MeasureCtrl.1.A5Threshold2RSRQ,Device,A5Threshold2RSRQ,Y,A5Threshold2RSRQ,A5事件RSRQ门限2,A,,A5Threshold2InterFCov,RW,unsignedInt[0:34],,,"用于EUTRA测量中,触发量为RSRQ时,A5事件触发条件的绝对门限2",,,,
CMCC_TD_LTE_V2.3,中国移动TD-LTE皮站_飞站基站设备网络管理南向接口数据配置模型规范V2.3.xlsx,SJ,172,parameter,A5事件测量控制参数,Device.Services.FAPService.{i}.CellConfig.LTE.RAN.Mobility.ConnMode.EUTRA.A5MeasureCtrl.1.Enable,Device,Enable,Y,Enable,使能开关,A,,,RW,boolean,,,是否启用该表项,,参数路径中最后一个多实例节点（{i}）序号1～10为系统保留段，若厂商对A5测量事件有其它用途，则从A5MeasureCtrl.11.开始定义,新增使能开关,
CMCC_TD_LTE_V2.3,中国移动TD-LTE皮站_飞站基站设备网络管理南向接口数据配置模型规范V2.3.xlsx,SJ,177,parameter,A5事件测量控制参数,Device.Services.FAPService.{i}.CellConfig.LTE.RAN.Mobility.ConnMode.EUTRA.A5MeasureCtrl.1.Hysteresis,Device,Hysteresis,Y,Hysteresis,迟滞值,A,,A5HysteresisInterFCov,RW,unsignedInt[0:30],,,进入和离开上报触发事件条件的滞后值,,,,
CMCC_TD_LTE_V2.3,中国移动TD-LTE皮站_飞站基站设备网络管理南向接口数据配置模型规范V2.3.xlsx,SJ,178,parameter,A5事件测量控制参数,Device.Services.FAPService.{i}.CellConfig.LTE.RAN.Mobility.ConnMode.EUTRA.A5MeasureCtrl.1.MaxReportCells,Device,MaxReportCells,Y,MaxReportCells,最大上报小区数,A,,,RW,unsignedInt[1:8],,,测量报告中包含小区的最大数目,,,,
CMCC_TD_LTE_V2.3,中国移动TD-LTE皮站_飞站基站设备网络管理南向接口数据配置模型规范V2.3.xlsx,SJ,179,parameter,A5事件测量控制参数,Device.Services.FAPService.{i}.CellConfig.LTE.RAN.Mobility.ConnMode.EUTRA.A5MeasureCtrl.1.MeasurePurpose,Device,MeasurePurpose,Y,MeasurePurpose,测量目的,A,,,R,unsignedInt[1:100],,,"用于表明当前配置事件的使用目的，本字段取值固定为：
(1=异频测量)",,,对测量目的增加描述,
CMCC_TD_LTE_V2.3,中国移动TD-LTE皮站_飞站基站设备网络管理南向接口数据配置模型规范V2.3.xlsx,SJ,180,parameter,A5事件测量控制参数,Device.Services.FAPService.{i}.CellConfig.LTE.RAN.Mobility.ConnMode.EUTRA.A5MeasureCtrl.1.ReportAmount,Device,ReportAmount,Y,ReportAmount,上报次数,A,,,RW,"unsignedInt[0:2, 4, 8, 16, 32, 64]",,,测量报告发送的次数，0表示无限次,,,,
CMCC_TD_LTE_V2.3,中国移动TD-LTE皮站_飞站基站设备网络管理南向接口数据配置模型规范V2.3.xlsx,SJ,181,parameter,A5事件测量控制参数,Device.Services.FAPService.{i}.CellConfig.LTE.RAN.Mobility.ConnMode.EUTRA.A5MeasureCtrl.1.ReportInterval,Device,ReportInterval,Y,ReportInterval,上报间隔,A,,,RW,"unsignedInt[120, 240, 480, 640, 1024, 2048, 5120, 10240, 60000, 360000, 720000, 1800000, 3600000]",,,连续测量报告之间的间隔,,,,
CMCC_TD_LTE_V2.3,中国移动TD-LTE皮站_飞站基站设备网络管理南向接口数据配置模型规范V2.3.xlsx,SJ,182,parameter,A5事件测量控制参数,Device.Services.FAPService.{i}.CellConfig.LTE.RAN.Mobility.ConnMode.EUTRA.A5MeasureCtrl.1.ReportQuantity,Device,ReportQuantity,Y,ReportQuantity,上报量,A,,A5ReportQuantityInterFCov,RW,string,,,"测量报告中的上报量{sameAsTriggerQuantity, both}",,,,
CMCC_TD_LTE_V2.3,中国移动TD-LTE皮站_飞站基站设备网络管理南向接口数据配置模型规范V2.3.xlsx,SJ,183,parameter,A5事件测量控制参数,Device.Services.FAPService.{i}.CellConfig.LTE.RAN.Mobility.ConnMode.EUTRA.A5MeasureCtrl.1.TimeToTrigger,Device,TimeToTrigger,Y,TimeToTrigger,触发时间,A,,A5TimeToTriggerInterFCov,RW,"unsignedInt[0,40, 64, 80,100,128, 160,256,320, 480, 512, 640, 1024,1280,2560,5120]",,,为了满足触发RAT测量报告触发条件持续的时间，单位ms,,,,
CMCC_TD_LTE_V2.3,中国移动TD-LTE皮站_飞站基站设备网络管理南向接口数据配置模型规范V2.3.xlsx,SJ,184,parameter,A5事件测量控制参数,Device.Services.FAPService.{i}.CellConfig.LTE.RAN.Mobility.ConnMode.EUTRA.A5MeasureCtrl.1.TriggerQuantity,Device,TriggerQuantity,Y,TriggerQuantity,触发量,A,,A5TriggerQuantityInterFCov,RW,string,,,"用来评估触发条件的事件触发量{RSRP, RSRQ}",,,,
CMCC_TD_LTE_V2.3,中国移动TD-LTE皮站_飞站基站设备网络管理南向接口数据配置模型规范V2.3.xlsx,SJ,173,parameter,A5事件测量控制参数,Device.Services.FAPService.{i}.CellConfig.LTE.RAN.Mobility.ConnMode.EUTRA.A5MeasureCtrl.{i}.A5Threshold1RSRP,Device,A5Threshold1RSRP,Y,A5Threshold1RSRP,A5事件RSRP门限1,A,,A5Threshold1InterFCov,RW,unsignedInt[0:97],,,"用于EUTRA测量中,触发量为RSRP时,A5事件触发条件的绝对门限1;",NRM数据配置要求,,,
CMCC_TD_LTE_V2.3,中国移动TD-LTE皮站_飞站基站设备网络管理南向接口数据配置模型规范V2.3.xlsx,SJ,174,parameter,A5事件测量控制参数,Device.Services.FAPService.{i}.CellConfig.LTE.RAN.Mobility.ConnMode.EUTRA.A5MeasureCtrl.{i}.A5Threshold1RSRQ,Device,A5Threshold1RSRQ,Y,A5Threshold1RSRQ,A5事件RSRQ门限1,A,,A5Threshold1InterFCov,RW,unsignedInt[0:34],,,"用于EUTRA测量中,触发量为RSRQ时,A5事件触发条件的绝对门限1;",,,,
CMCC_TD_LTE_V2.3,中国移动TD-LTE皮站_飞站基站设备网络管理南向接口数据配置模型规范V2.3.xlsx,SJ,175,parameter,A5事件测量控制参数,Device.Services.FAPService.{i}.CellConfig.LTE.RAN.Mobility.ConnMode.EUTRA.A5MeasureCtrl.{i}.A5Threshold2RSRP,Device,A5Threshold2RSRP,Y,A5Threshold2RSRP,A5事件RSRP门限2,A,,A5Threshold2InterFCov,RW,unsignedInt[0:97],,,"用于EUTRA测量中,触发量为RSRP时,A5事件触发条件的绝对门限2;",,,,
CMCC_TD_LTE_V2.3,中国移动TD-LTE皮站_飞站基站设备网络管理南向接口数据配置模型规范V2.3.xlsx,SJ,176,parameter,A5事件测量控制参数,Device.Services.FAPService.{i}.CellConfig.LTE.RAN.Mobility.ConnMode.EUTRA.A5MeasureCtrl.{i}.A5Threshold2RSRQ,Device,A5Threshold2RSRQ,Y,A5Threshold2RSRQ,A5事件RSRQ门限2,A,,A5Threshold2InterFCov,RW,unsignedInt[0:34],,,"用于EUTRA测量中,触发量为RSRQ时,A5事件触发条件的绝对门限2",,,,
CMCC_TD_LTE_V2.3,中国移动TD-LTE皮站_飞站基站设备网络管理南向接口数据配置模型规范V2.3.xlsx,SJ,172,parameter,A5事件测量控制参数,Device.Services.FAPService.{i}.CellConfig.LTE.RAN.Mobility.ConnMode.EUTRA.A5MeasureCtrl.{i}.Enable,Device,Enable,Y,Enable,使能开关,A,,,RW,boolean,,,是否启用该表项,,参数路径中最后一个多实例节点（{i}）序号1～10为系统保留段，若厂商对A5测量事件有其它用途，则从A5MeasureCtrl.11.开始定义,新增使能开关,
CMCC_TD_LTE_V2.3,中国移动TD-LTE皮站_飞站基站设备网络管理南向接口数据配置模型规范V2.3.xlsx,SJ,177,parameter,A5事件测量控制参数,Device.Services.FAPService.{i}.CellConfig.LTE.RAN.Mobility.ConnMode.EUTRA.A5MeasureCtrl.{i}.Hysteresis,Device,Hysteresis,Y,Hysteresis,迟滞值,A,,A5HysteresisInterFCov,RW,unsignedInt[0:30],,,进入和离开上报触发事件条件的滞后值,,,,
CMCC_TD_LTE_V2.3,中国移动TD-LTE皮站_飞站基站设备网络管理南向接口数据配置模型规范V2.3.xlsx,SJ,178,parameter,A5事件测量控制参数,Device.Services.FAPService.{i}.CellConfig.LTE.RAN.Mobility.ConnMode.EUTRA.A5MeasureCtrl.{i}.MaxReportCells,Device,MaxReportCells,Y,MaxReportCells,最大上报小区数,A,,,RW,unsignedInt[1:8],,,测量报告中包含小区的最大数目,,,,
CMCC_TD_LTE_V2.3,中国移动TD-LTE皮站_飞站基站设备网络管理南向接口数据配置模型规范V2.3.xlsx,SJ,179,parameter,A5事件测量控制参数,Device.Services.FAPService.{i}.CellConfig.LTE.RAN.Mobility.ConnMode.EUTRA.A5MeasureCtrl.{i}.MeasurePurpose,Device,MeasurePurpose,Y,MeasurePurpose,测量目的,A,,,R,unsignedInt[1:100],,,"用于表明当前配置事件的使用目的，本字段取值固定为：
(1=异频测量)",,,对测量目的增加描述,
CMCC_TD_LTE_V2.3,中国移动TD-LTE皮站_飞站基站设备网络管理南向接口数据配置模型规范V2.3.xlsx,SJ,180,parameter,A5事件测量控制参数,Device.Services.FAPService.{i}.CellConfig.LTE.RAN.Mobility.ConnMode.EUTRA.A5MeasureCtrl.{i}.ReportAmount,Device,ReportAmount,Y,ReportAmount,上报次数,A,,,RW,"unsignedInt[0:2, 4, 8, 16, 32, 64]",,,测量报告发送的次数，0表示无限次,,,,
CMCC_TD_LTE_V2.3,中国移动TD-LTE皮站_飞站基站设备网络管理南向接口数据配置模型规范V2.3.xlsx,SJ,181,parameter,A5事件测量控制参数,Device.Services.FAPService.{i}.CellConfig.LTE.RAN.Mobility.ConnMode.EUTRA.A5MeasureCtrl.{i}.ReportInterval,Device,ReportInterval,Y,ReportInterval,上报间隔,A,,,RW,"unsignedInt[120, 240, 480, 640, 1024, 2048, 5120, 10240, 60000, 360000, 720000, 1800000, 3600000]",,,连续测量报告之间的间隔,,,,
CMCC_TD_LTE_V2.3,中国移动TD-LTE皮站_飞站基站设备网络管理南向接口数据配置模型规范V2.3.xlsx,SJ,182,parameter,A5事件测量控制参数,Device.Services.FAPService.{i}.CellConfig.LTE.RAN.Mobility.ConnMode.EUTRA.A5MeasureCtrl.{i}.ReportQuantity,Device,ReportQuantity,Y,ReportQuantity,上报量,A,,A5ReportQuantityInterFCov,RW,string,,,"测量报告中的上报量{sameAsTriggerQuantity, both}",,,,
CMCC_TD_LTE_V2.3,中国移动TD-LTE皮站_飞站基站设备网络管理南向接口数据配置模型规范V2.3.xlsx,SJ,183,parameter,A5事件测量控制参数,Device.Services.FAPService.{i}.CellConfig.LTE.RAN.Mobility.ConnMode.EUTRA.A5MeasureCtrl.{i}.TimeToTrigger,Device,TimeToTrigger,Y,TimeToTrigger,触发时间,A,,A5TimeToTriggerInterFCov,RW,"unsignedInt[0,40, 64, 80,100,128, 160,256,320, 480, 512, 640, 1024,1280,2560,5120]",,,为了满足触发RAT测量报告触发条件持续的时间，单位ms,,,,
CMCC_TD_LTE_V2.3,中国移动TD-LTE皮站_飞站基站设备网络管理南向接口数据配置模型规范V2.3.xlsx,SJ,184,parameter,A5事件测量控制参数,Device.Services.FAPService.{i}.CellConfig.LTE.RAN.Mobility.ConnMode.EUTRA.A5MeasureCtrl.{i}.TriggerQuantity,Device,TriggerQuantity,Y,TriggerQuantity,触发量,A,,A5TriggerQuantityInterFCov,RW,string,,,"用来评估触发条件的事件触发量{RSRP, RSRQ}",,,,
CMCC_5G_EXT_PICO_V1.9.4,中国移动5G扩展型皮基站网管南向接口数据模型规范v1.9.4.xlsx,SM,197,parameter,A5事件测量控制参数,Device.Services.FAPService.{i}.CellConfig.{i}.NR.RAN.Mobility.ConnMode.NR.A5MeasureCtrl.1.A5Threshold1RSRP,Device,A5Threshold1RSRP,Y,A5Threshold1RSRP,A5事件RSRP门限1,A,AK,rsrpThreshold,RW,unsignedInt[0:127],,,"用于NR测量中,触发量为RSRP时,A5事件触发条件的绝对门限1;",3GPP TS38.331,,,
CMCC_5G_EXT_PICO_V1.9.4,中国移动5G扩展型皮基站网管南向接口数据模型规范v1.9.4.xlsx,SM,198,parameter,A5事件测量控制参数,Device.Services.FAPService.{i}.CellConfig.{i}.NR.RAN.Mobility.ConnMode.NR.A5MeasureCtrl.1.A5Threshold1RSRQ,Device,A5Threshold1RSRQ,Y,A5Threshold1RSRQ,A5事件RSRQ门限1,A,AK,rsrqThreshold,RW,unsignedInt[0:127],,,"用于NR测量中,触发量为RSRQ时,A5事件触发条件的绝对门限1;",3GPP TS38.331,,,
CMCC_5G_EXT_PICO_V1.9.4,中国移动5G扩展型皮基站网管南向接口数据模型规范v1.9.4.xlsx,SM,199,parameter,A5事件测量控制参数,Device.Services.FAPService.{i}.CellConfig.{i}.NR.RAN.Mobility.ConnMode.NR.A5MeasureCtrl.1.A5Threshold1SINR,Device,A5Threshold1SINR,Y,A5Threshold1SINR,A5事件SINR门限1,A,AK,sinrThreshold,RW,unsignedInt[0:127],,,"用于NR测量中,触发量为SINR时,A5事件触发条件的绝对门限1;",3GPP TS38.331,,,
CMCC_5G_EXT_PICO_V1.9.4,中国移动5G扩展型皮基站网管南向接口数据模型规范v1.9.4.xlsx,SM,201,parameter,A5事件测量控制参数,Device.Services.FAPService.{i}.CellConfig.{i}.NR.RAN.Mobility.ConnMode.NR.A5MeasureCtrl.1.A5Threshold2RSRP,Device,A5Threshold2RSRP,Y,A5Threshold2RSRP,A5事件RSRP门限2,A,AK,A5Thrd2RSRP,RW,unsignedInt[0:127],,,"用于NR测量中,触发量为RSRP时,A5事件触发条件的绝对门限2;",3GPP TS38.331,,,
CMCC_5G_EXT_PICO_V1.9.4,中国移动5G扩展型皮基站网管南向接口数据模型规范v1.9.4.xlsx,SM,202,parameter,A5事件测量控制参数,Device.Services.FAPService.{i}.CellConfig.{i}.NR.RAN.Mobility.ConnMode.NR.A5MeasureCtrl.1.A5Threshold2RSRQ,Device,A5Threshold2RSRQ,Y,A5Threshold2RSRQ,A5事件RSRQ门限2,A,AK,A5Thrd2RSRQ,RW,unsignedInt[0:127],,,"用于NR测量中,触发量为RSRQ时,A5事件触发条件的绝对门限2",3GPP TS38.331,,,
CMCC_5G_EXT_PICO_V1.9.4,中国移动5G扩展型皮基站网管南向接口数据模型规范v1.9.4.xlsx,SM,203,parameter,A5事件测量控制参数,Device.Services.FAPService.{i}.CellConfig.{i}.NR.RAN.Mobility.ConnMode.NR.A5MeasureCtrl.1.A5Threshold2SINR,Device,A5Threshold2SINR,Y,A5Threshold2SINR,A5事件SINR门限2,A,AK,A5Thrd2Sinr,RW,unsignedInt[0:127],,,"用于NR测量中,触发量为SINR时,A5事件触发条件的绝对门限2;",3GPP TS38.331,,,
CMCC_5G_EXT_PICO_V1.9.4,中国移动5G扩展型皮基站网管南向接口数据模型规范v1.9.4.xlsx,SM,195,parameter,A5事件测量控制参数,Device.Services.FAPService.{i}.CellConfig.{i}.NR.RAN.Mobility.ConnMode.NR.A5MeasureCtrl.1.Enable,Device,Enable,Y,Enable,使能开关,A,,,RW,boolean,,,是否启用该表项,3GPP TS38.331,参数路径中最后一个多实例节点（{i}）序号1～10为系统保留段，若厂商对A5测量事件有其它用途，则从A5MeasureCtrl.11.开始定义,,
CMCC_5G_EXT_PICO_V1.9.4,中国移动5G扩展型皮基站网管南向接口数据模型规范v1.9.4.xlsx,SM,207,parameter,A5事件测量控制参数,Device.Services.FAPService.{i}.CellConfig.{i}.NR.RAN.Mobility.ConnMode.NR.A5MeasureCtrl.1.Hysteresis,Device,Hysteresis,Y,Hysteresis,迟滞值,A,,,RW,unsignedInt[0:30],,,进入和离开上报触发事件条件的滞后值,3GPP TS38.331,,,
CMCC_5G_EXT_PICO_V1.9.4,中国移动5G扩展型皮基站网管南向接口数据模型规范v1.9.4.xlsx,SM,216,parameter,A5事件测量控制参数,Device.Services.FAPService.{i}.CellConfig.{i}.NR.RAN.Mobility.ConnMode.NR.A5MeasureCtrl.1.IncludeBeamMeasurements,Device,IncludeBeamMeasurements,Y,IncludeBeamMeasurements,波束赋形测量指示,B,AK,includeBeamMeasurements,RW,boolean,,,指示是否使用波束赋形功能（0：不启用，1：启用）,3GPP TS38.331,,,
CMCC_5G_EXT_PICO_V1.9.4,中国移动5G扩展型皮基站网管南向接口数据模型规范v1.9.4.xlsx,SM,205,parameter,A5事件测量控制参数,Device.Services.FAPService.{i}.CellConfig.{i}.NR.RAN.Mobility.ConnMode.NR.A5MeasureCtrl.1.MaxNrofRSIndexToReport,Device,MaxNrofRSIndexToReport,Y,MaxNrofRSIndexToReport,RS测量上报资源最大个数,A,AK,maxNrofRSIndexToReport,RW,"unsignedInt[1:32,0x0000FFFF]",,,"该参数用于指示RS测量上报资源最大个数,1~32协议规定，0x0000FFFF表示不携带该值",3GPP TS38.331,,,
CMCC_5G_EXT_PICO_V1.9.4,中国移动5G扩展型皮基站网管南向接口数据模型规范v1.9.4.xlsx,SM,208,parameter,A5事件测量控制参数,Device.Services.FAPService.{i}.CellConfig.{i}.NR.RAN.Mobility.ConnMode.NR.A5MeasureCtrl.1.MaxReportCells,Device,MaxReportCells,Y,MaxReportCells,最大上报小区数,A,AK,maxRptCellNum,RW,unsignedInt[1:8],,,测量报告中包含小区的最大数目,3GPP TS38.331,,,
CMCC_5G_EXT_PICO_V1.9.4,中国移动5G扩展型皮基站网管南向接口数据模型规范v1.9.4.xlsx,SM,209,parameter,A5事件测量控制参数,Device.Services.FAPService.{i}.CellConfig.{i}.NR.RAN.Mobility.ConnMode.NR.A5MeasureCtrl.1.MeasurePurpose,Device,MeasurePurpose,Y,MeasurePurpose,测量目的,A,,,R,unsignedInt[1:100],,,"用于表明当前配置事件的使用目的，本字段取值固定为：
(1=异频测量)",3GPP TS38.331,,,
CMCC_5G_EXT_PICO_V1.9.4,中国移动5G扩展型皮基站网管南向接口数据模型规范v1.9.4.xlsx,SM,210,parameter,A5事件测量控制参数,Device.Services.FAPService.{i}.CellConfig.{i}.NR.RAN.Mobility.ConnMode.NR.A5MeasureCtrl.1.ReportAmount,Device,ReportAmount,Y,ReportAmount,上报次数,A,AK,rptAmount,RW,"unsignedInt[0:2, 4, 8, 16, 32, 64]",,,测量报告发送的次数，0表示无限次,3GPP TS38.331,,,
CMCC_5G_EXT_PICO_V1.9.4,中国移动5G扩展型皮基站网管南向接口数据模型规范v1.9.4.xlsx,SM,211,parameter,A5事件测量控制参数,Device.Services.FAPService.{i}.CellConfig.{i}.NR.RAN.Mobility.ConnMode.NR.A5MeasureCtrl.1.ReportInterval,Device,ReportInterval,Y,ReportInterval,上报间隔,A,AK,rptInterval,RW,"unsignedInt[120, 240, 480, 640, 1024, 2048, 5120, 10240, 60000, 360000, 720000, 1800000]",,,连续测量报告之间的间隔,3GPP TS38.331,,,
CMCC_5G_EXT_PICO_V1.9.4,中国移动5G扩展型皮基站网管南向接口数据模型规范v1.9.4.xlsx,SM,206,parameter,A5事件测量控制参数,Device.Services.FAPService.{i}.CellConfig.{i}.NR.RAN.Mobility.ConnMode.NR.A5MeasureCtrl.1.ReportOnLeave,Device,ReportOnLeave,Y,ReportOnLeave,A5事件离开上报指示,CA,,,RW,boolean,,,"某小区的离开状态满足时,UE是否触发测量上报过程；
0:代表不满足条件的小区离开测量列表时不进行上报；
1:代表都会触发测量结果的填写以及上报消息的发送",3GPP TS38.331,,,
CMCC_5G_EXT_PICO_V1.9.4,中国移动5G扩展型皮基站网管南向接口数据模型规范v1.9.4.xlsx,SM,212,parameter,A5事件测量控制参数,Device.Services.FAPService.{i}.CellConfig.{i}.NR.RAN.Mobility.ConnMode.NR.A5MeasureCtrl.1.ReportQuantityCell,Device,ReportQuantityCell,Y,ReportQuantityCell,上报量,A,AK,rptQuantityCell,RW,string,,,"测量报告中的上报量
{rsrp,rsrq,sinr}",3GPP TS38.331,,,
CMCC_5G_EXT_PICO_V1.9.4,中国移动5G扩展型皮基站网管南向接口数据模型规范v1.9.4.xlsx,SM,204,parameter,A5事件测量控制参数,Device.Services.FAPService.{i}.CellConfig.{i}.NR.RAN.Mobility.ConnMode.NR.A5MeasureCtrl.1.RptQuantityRsIndex,Device,RptQuantityRsIndex,Y,RptQuantityRsIndex,A5事件RS测量上报量,A,AK,rptQuantityRsIndex,RW,string,,,"该参数用于指示RS测量上报量:{rsrp,rsrq,sinr,NULL}",,,,
CMCC_5G_EXT_PICO_V1.9.4,中国移动5G扩展型皮基站网管南向接口数据模型规范v1.9.4.xlsx,SM,215,parameter,A5事件测量控制参数,Device.Services.FAPService.{i}.CellConfig.{i}.NR.RAN.Mobility.ConnMode.NR.A5MeasureCtrl.1.RsType,Device,RsType,Y,RsType,测量类型指示,B,,,RW,string,,,"用来指示测量参考信号的类型，是ssb还是csi-rs,{ssb,csi-rs}",3GPP TS38.331,,,
CMCC_5G_EXT_PICO_V1.9.4,中国移动5G扩展型皮基站网管南向接口数据模型规范v1.9.4.xlsx,SM,213,parameter,A5事件测量控制参数,Device.Services.FAPService.{i}.CellConfig.{i}.NR.RAN.Mobility.ConnMode.NR.A5MeasureCtrl.1.TimeToTrigger,Device,TimeToTrigger,Y,TimeToTrigger,触发时间,A,,,RW,"unsignedInt[0,40, 64, 80,100,128, 160,256,320, 480, 512, 640, 1024,1280,2560,5120]",,,为了满足触发RAT测量报告触发条件持续的时间，单位ms,3GPP TS38.331,,,
CMCC_5G_EXT_PICO_V1.9.4,中国移动5G扩展型皮基站网管南向接口数据模型规范v1.9.4.xlsx,SM,196,parameter,A5事件测量控制参数,Device.Services.FAPService.{i}.CellConfig.{i}.NR.RAN.Mobility.ConnMode.NR.A5MeasureCtrl.1.TriggerQuantity1,Device,TriggerQuantity1,Y,TriggerQuantity1,控制门限信号类型,B,,,RW,string,,,"TriggerQuantity取值范围为{rsrp,rsrq,sinr}，三选一",,,,20231020-添加用于控制门限信号类型的参数-A5MeasureCtrl.1.TriggerQuantity1
CMCC_5G_EXT_PICO_V1.9.4,中国移动5G扩展型皮基站网管南向接口数据模型规范v1.9.4.xlsx,SM,200,parameter,A5事件测量控制参数,Device.Services.FAPService.{i}.CellConfig.{i}.NR.RAN.Mobility.ConnMode.NR.A5MeasureCtrl.1.TriggerQuantity2,Device,TriggerQuantity2,Y,TriggerQuantity2,控制门限信号类型,B,,,RW,string,,,"TriggerQuantity取值范围为{rsrp,rsrq,sinr}，三选一",,,,20231020-添加用于控制门限信号类型的参数-A5MeasureCtrl.1.TriggerQuantity2
CMCC_5G_EXT_PICO_V1.9.4,中国移动5G扩展型皮基站网管南向接口数据模型规范v1.9.4.xlsx,SM,214,parameter,A5事件测量控制参数,Device.Services.FAPService.{i}.CellConfig.{i}.NR.RAN.Mobility.ConnMode.NR.A5MeasureCtrl.1.UseWhiteCellList,Device,UseWhiteCellList,Y,UseWhiteCellList,小区测量白名单指示,B,,,RW,boolean,,,"指示是否使用小区测量白名单。
1：表示当相关小区包含在whiteCellsToAddModList中时，考虑任何邻区，关联measObjectNRto是否适合；
0：表示当相关小区没有包含在blackCellsToAddModList中时，考虑任何邻区，关联measObjectNRto是否适合；",3GPP TS38.331,,,
CMCC_5G_EXT_PICO_V1.9.4,中国移动5G扩展型皮基站网管南向接口数据模型规范v1.9.4.xlsx,SM,197,parameter,A5事件测量控制参数,Device.Services.FAPService.{i}.CellConfig.{i}.NR.RAN.Mobility.ConnMode.NR.A5MeasureCtrl.{i}.A5Threshold1RSRP,Device,A5Threshold1RSRP,Y,A5Threshold1RSRP,A5事件RSRP门限1,A,AK,rsrpThreshold,RW,unsignedInt[0:127],,,"用于NR测量中,触发量为RSRP时,A5事件触发条件的绝对门限1;",3GPP TS38.331,,,
CMCC_5G_EXT_PICO_V1.9.4,中国移动5G扩展型皮基站网管南向接口数据模型规范v1.9.4.xlsx,SM,198,parameter,A5事件测量控制参数,Device.Services.FAPService.{i}.CellConfig.{i}.NR.RAN.Mobility.ConnMode.NR.A5MeasureCtrl.{i}.A5Threshold1RSRQ,Device,A5Threshold1RSRQ,Y,A5Threshold1RSRQ,A5事件RSRQ门限1,A,AK,rsrqThreshold,RW,unsignedInt[0:127],,,"用于NR测量中,触发量为RSRQ时,A5事件触发条件的绝对门限1;",3GPP TS38.331,,,
CMCC_5G_EXT_PICO_V1.9.4,中国移动5G扩展型皮基站网管南向接口数据模型规范v1.9.4.xlsx,SM,199,parameter,A5事件测量控制参数,Device.Services.FAPService.{i}.CellConfig.{i}.NR.RAN.Mobility.ConnMode.NR.A5MeasureCtrl.{i}.A5Threshold1SINR,Device,A5Threshold1SINR,Y,A5Threshold1SINR,A5事件SINR门限1,A,AK,sinrThreshold,RW,unsignedInt[0:127],,,"用于NR测量中,触发量为SINR时,A5事件触发条件的绝对门限1;",3GPP TS38.331,,,
CMCC_5G_EXT_PICO_V1.9.4,中国移动5G扩展型皮基站网管南向接口数据模型规范v1.9.4.xlsx,SM,201,parameter,A5事件测量控制参数,Device.Services.FAPService.{i}.CellConfig.{i}.NR.RAN.Mobility.ConnMode.NR.A5MeasureCtrl.{i}.A5Threshold2RSRP,Device,A5Threshold2RSRP,Y,A5Threshold2RSRP,A5事件RSRP门限2,A,AK,A5Thrd2RSRP,RW,unsignedInt[0:127],,,"用于NR测量中,触发量为RSRP时,A5事件触发条件的绝对门限2;",3GPP TS38.331,,,
CMCC_5G_EXT_PICO_V1.9.4,中国移动5G扩展型皮基站网管南向接口数据模型规范v1.9.4.xlsx,SM,202,parameter,A5事件测量控制参数,Device.Services.FAPService.{i}.CellConfig.{i}.NR.RAN.Mobility.ConnMode.NR.A5MeasureCtrl.{i}.A5Threshold2RSRQ,Device,A5Threshold2RSRQ,Y,A5Threshold2RSRQ,A5事件RSRQ门限2,A,AK,A5Thrd2RSRQ,RW,unsignedInt[0:127],,,"用于NR测量中,触发量为RSRQ时,A5事件触发条件的绝对门限2",3GPP TS38.331,,,
CMCC_5G_EXT_PICO_V1.9.4,中国移动5G扩展型皮基站网管南向接口数据模型规范v1.9.4.xlsx,SM,203,parameter,A5事件测量控制参数,Device.Services.FAPService.{i}.CellConfig.{i}.NR.RAN.Mobility.ConnMode.NR.A5MeasureCtrl.{i}.A5Threshold2SINR,Device,A5Threshold2SINR,Y,A5Threshold2SINR,A5事件SINR门限2,A,AK,A5Thrd2Sinr,RW,unsignedInt[0:127],,,"用于NR测量中,触发量为SINR时,A5事件触发条件的绝对门限2;",3GPP TS38.331,,,
CMCC_5G_EXT_PICO_V1.9.4,中国移动5G扩展型皮基站网管南向接口数据模型规范v1.9.4.xlsx,SM,195,parameter,A5事件测量控制参数,Device.Services.FAPService.{i}.CellConfig.{i}.NR.RAN.Mobility.ConnMode.NR.A5MeasureCtrl.{i}.Enable,Device,Enable,Y,Enable,使能开关,A,,,RW,boolean,,,是否启用该表项,3GPP TS38.331,参数路径中最后一个多实例节点（{i}）序号1～10为系统保留段，若厂商对A5测量事件有其它用途，则从A5MeasureCtrl.11.开始定义,,
CMCC_5G_EXT_PICO_V1.9.4,中国移动5G扩展型皮基站网管南向接口数据模型规范v1.9.4.xlsx,SM,207,parameter,A5事件测量控制参数,Device.Services.FAPService.{i}.CellConfig.{i}.NR.RAN.Mobility.ConnMode.NR.A5MeasureCtrl.{i}.Hysteresis,Device,Hysteresis,Y,Hysteresis,迟滞值,A,,,RW,unsignedInt[0:30],,,进入和离开上报触发事件条件的滞后值,3GPP TS38.331,,,
CMCC_5G_EXT_PICO_V1.9.4,中国移动5G扩展型皮基站网管南向接口数据模型规范v1.9.4.xlsx,SM,216,parameter,A5事件测量控制参数,Device.Services.FAPService.{i}.CellConfig.{i}.NR.RAN.Mobility.ConnMode.NR.A5MeasureCtrl.{i}.IncludeBeamMeasurements,Device,IncludeBeamMeasurements,Y,IncludeBeamMeasurements,波束赋形测量指示,B,AK,includeBeamMeasurements,RW,boolean,,,指示是否使用波束赋形功能（0：不启用，1：启用）,3GPP TS38.331,,,
CMCC_5G_EXT_PICO_V1.9.4,中国移动5G扩展型皮基站网管南向接口数据模型规范v1.9.4.xlsx,SM,205,parameter,A5事件测量控制参数,Device.Services.FAPService.{i}.CellConfig.{i}.NR.RAN.Mobility.ConnMode.NR.A5MeasureCtrl.{i}.MaxNrofRSIndexToReport,Device,MaxNrofRSIndexToReport,Y,MaxNrofRSIndexToReport,RS测量上报资源最大个数,A,AK,maxNrofRSIndexToReport,RW,"unsignedInt[1:32,0x0000FFFF]",,,"该参数用于指示RS测量上报资源最大个数,1~32协议规定，0x0000FFFF表示不携带该值",3GPP TS38.331,,,
CMCC_5G_EXT_PICO_V1.9.4,中国移动5G扩展型皮基站网管南向接口数据模型规范v1.9.4.xlsx,SM,208,parameter,A5事件测量控制参数,Device.Services.FAPService.{i}.CellConfig.{i}.NR.RAN.Mobility.ConnMode.NR.A5MeasureCtrl.{i}.MaxReportCells,Device,MaxReportCells,Y,MaxReportCells,最大上报小区数,A,AK,maxRptCellNum,RW,unsignedInt[1:8],,,测量报告中包含小区的最大数目,3GPP TS38.331,,,
CMCC_5G_EXT_PICO_V1.9.4,中国移动5G扩展型皮基站网管南向接口数据模型规范v1.9.4.xlsx,SM,209,parameter,A5事件测量控制参数,Device.Services.FAPService.{i}.CellConfig.{i}.NR.RAN.Mobility.ConnMode.NR.A5MeasureCtrl.{i}.MeasurePurpose,Device,MeasurePurpose,Y,MeasurePurpose,测量目的,A,,,R,unsignedInt[1:100],,,"用于表明当前配置事件的使用目的，本字段取值固定为：
(1=异频测量)",3GPP TS38.331,,,
CMCC_5G_EXT_PICO_V1.9.4,中国移动5G扩展型皮基站网管南向接口数据模型规范v1.9.4.xlsx,SM,210,parameter,A5事件测量控制参数,Device.Services.FAPService.{i}.CellConfig.{i}.NR.RAN.Mobility.ConnMode.NR.A5MeasureCtrl.{i}.ReportAmount,Device,ReportAmount,Y,ReportAmount,上报次数,A,AK,rptAmount,RW,"unsignedInt[0:2, 4, 8, 16, 32, 64]",,,测量报告发送的次数，0表示无限次,3GPP TS38.331,,,
CMCC_5G_EXT_PICO_V1.9.4,中国移动5G扩展型皮基站网管南向接口数据模型规范v1.9.4.xlsx,SM,211,parameter,A5事件测量控制参数,Device.Services.FAPService.{i}.CellConfig.{i}.NR.RAN.Mobility.ConnMode.NR.A5MeasureCtrl.{i}.ReportInterval,Device,ReportInterval,Y,ReportInterval,上报间隔,A,AK,rptInterval,RW,"unsignedInt[120, 240, 480, 640, 1024, 2048, 5120, 10240, 60000, 360000, 720000, 1800000]",,,连续测量报告之间的间隔,3GPP TS38.331,,,
CMCC_5G_EXT_PICO_V1.9.4,中国移动5G扩展型皮基站网管南向接口数据模型规范v1.9.4.xlsx,SM,206,parameter,A5事件测量控制参数,Device.Services.FAPService.{i}.CellConfig.{i}.NR.RAN.Mobility.ConnMode.NR.A5MeasureCtrl.{i}.ReportOnLeave,Device,ReportOnLeave,Y,ReportOnLeave,A5事件离开上报指示,CA,,,RW,boolean,,,"某小区的离开状态满足时,UE是否触发测量上报过程；
0:代表不满足条件的小区离开测量列表时不进行上报；
1:代表都会触发测量结果的填写以及上报消息的发送",3GPP TS38.331,,,
CMCC_5G_EXT_PICO_V1.9.4,中国移动5G扩展型皮基站网管南向接口数据模型规范v1.9.4.xlsx,SM,212,parameter,A5事件测量控制参数,Device.Services.FAPService.{i}.CellConfig.{i}.NR.RAN.Mobility.ConnMode.NR.A5MeasureCtrl.{i}.ReportQuantityCell,Device,ReportQuantityCell,Y,ReportQuantityCell,上报量,A,AK,rptQuantityCell,RW,string,,,"测量报告中的上报量
{rsrp,rsrq,sinr}",3GPP TS38.331,,,
CMCC_5G_EXT_PICO_V1.9.4,中国移动5G扩展型皮基站网管南向接口数据模型规范v1.9.4.xlsx,SM,204,parameter,A5事件测量控制参数,Device.Services.FAPService.{i}.CellConfig.{i}.NR.RAN.Mobility.ConnMode.NR.A5MeasureCtrl.{i}.RptQuantityRsIndex,Device,RptQuantityRsIndex,Y,RptQuantityRsIndex,A5事件RS测量上报量,A,AK,rptQuantityRsIndex,RW,string,,,"该参数用于指示RS测量上报量:{rsrp,rsrq,sinr,NULL}",,,,
CMCC_5G_EXT_PICO_V1.9.4,中国移动5G扩展型皮基站网管南向接口数据模型规范v1.9.4.xlsx,SM,215,parameter,A5事件测量控制参数,Device.Services.FAPService.{i}.CellConfig.{i}.NR.RAN.Mobility.ConnMode.NR.A5MeasureCtrl.{i}.RsType,Device,RsType,Y,RsType,测量类型指示,B,,,RW,string,,,"用来指示测量参考信号的类型，是ssb还是csi-rs,{ssb,csi-rs}",3GPP TS38.331,,,
CMCC_5G_EXT_PICO_V1.9.4,中国移动5G扩展型皮基站网管南向接口数据模型规范v1.9.4.xlsx,SM,213,parameter,A5事件测量控制参数,Device.Services.FAPService.{i}.CellConfig.{i}.NR.RAN.Mobility.ConnMode.NR.A5MeasureCtrl.{i}.TimeToTrigger,Device,TimeToTrigger,Y,TimeToTrigger,触发时间,A,,,RW,"unsignedInt[0,40, 64, 80,100,128, 160,256,320, 480, 512, 640, 1024,1280,2560,5120]",,,为了满足触发RAT测量报告触发条件持续的时间，单位ms,3GPP TS38.331,,,
CMCC_5G_EXT_PICO_V1.9.4,中国移动5G扩展型皮基站网管南向接口数据模型规范v1.9.4.xlsx,SM,196,parameter,A5事件测量控制参数,Device.Services.FAPService.{i}.CellConfig.{i}.NR.RAN.Mobility.ConnMode.NR.A5MeasureCtrl.{i}.TriggerQuantity1,Device,TriggerQuantity1,Y,TriggerQuantity1,控制门限信号类型,B,,,RW,string,,,"TriggerQuantity取值范围为{rsrp,rsrq,sinr}，三选一",,,,20231020-添加用于控制门限信号类型的参数-A5MeasureCtrl.1.TriggerQuantity1
CMCC_5G_EXT_PICO_V1.9.4,中国移动5G扩展型皮基站网管南向接口数据模型规范v1.9.4.xlsx,SM,200,parameter,A5事件测量控制参数,Device.Services.FAPService.{i}.CellConfig.{i}.NR.RAN.Mobility.ConnMode.NR.A5MeasureCtrl.{i}.TriggerQuantity2,Device,TriggerQuantity2,Y,TriggerQuantity2,控制门限信号类型,B,,,RW,string,,,"TriggerQuantity取值范围为{rsrp,rsrq,sinr}，三选一",,,,20231020-添加用于控制门限信号类型的参数-A5MeasureCtrl.1.TriggerQuantity2
CMCC_5G_EXT_PICO_V1.9.4,中国移动5G扩展型皮基站网管南向接口数据模型规范v1.9.4.xlsx,SM,214,parameter,A5事件测量控制参数,Device.Services.FAPService.{i}.CellConfig.{i}.NR.RAN.Mobility.ConnMode.NR.A5MeasureCtrl.{i}.UseWhiteCellList,Device,UseWhiteCellList,Y,UseWhiteCellList,小区测量白名单指示,B,,,RW,boolean,,,"指示是否使用小区测量白名单。
1：表示当相关小区包含在whiteCellsToAddModList中时，考虑任何邻区，关联measObjectNRto是否适合；
0：表示当相关小区没有包含在blackCellsToAddModList中时，考虑任何邻区，关联measObjectNRto是否适合；",3GPP TS38.331,,,
CMCC_TD_LTE_V2.3,中国移动TD-LTE皮站_飞站基站设备网络管理南向接口数据配置模型规范V2.3.xlsx,SJ,173,parameter,A5事件测量控制参数,InternetGatewayDevice.Services.FAPService.{i}.CellConfig.LTE.RAN.Mobility.ConnMode.EUTRA.A5MeasureCtrl.1.A5Threshold1RSRP,InternetGatewayDevice,A5Threshold1RSRP,Y,A5Threshold1RSRP,A5事件RSRP门限1,A,,A5Threshold1InterFCov,RW,unsignedInt[0:97],,,"用于EUTRA测量中,触发量为RSRP时,A5事件触发条件的绝对门限1;",NRM数据配置要求,,,
CMCC_TD_LTE_V2.3,中国移动TD-LTE皮站_飞站基站设备网络管理南向接口数据配置模型规范V2.3.xlsx,SJ,174,parameter,A5事件测量控制参数,InternetGatewayDevice.Services.FAPService.{i}.CellConfig.LTE.RAN.Mobility.ConnMode.EUTRA.A5MeasureCtrl.1.A5Threshold1RSRQ,InternetGatewayDevice,A5Threshold1RSRQ,Y,A5Threshold1RSRQ,A5事件RSRQ门限1,A,,A5Threshold1InterFCov,RW,unsignedInt[0:34],,,"用于EUTRA测量中,触发量为RSRQ时,A5事件触发条件的绝对门限1;",,,,
CMCC_TD_LTE_V2.3,中国移动TD-LTE皮站_飞站基站设备网络管理南向接口数据配置模型规范V2.3.xlsx,SJ,175,parameter,A5事件测量控制参数,InternetGatewayDevice.Services.FAPService.{i}.CellConfig.LTE.RAN.Mobility.ConnMode.EUTRA.A5MeasureCtrl.1.A5Threshold2RSRP,InternetGatewayDevice,A5Threshold2RSRP,Y,A5Threshold2RSRP,A5事件RSRP门限2,A,,A5Threshold2InterFCov,RW,unsignedInt[0:97],,,"用于EUTRA测量中,触发量为RSRP时,A5事件触发条件的绝对门限2;",,,,
CMCC_TD_LTE_V2.3,中国移动TD-LTE皮站_飞站基站设备网络管理南向接口数据配置模型规范V2.3.xlsx,SJ,176,parameter,A5事件测量控制参数,InternetGatewayDevice.Services.FAPService.{i}.CellConfig.LTE.RAN.Mobility.ConnMode.EUTRA.A5MeasureCtrl.1.A5Threshold2RSRQ,InternetGatewayDevice,A5Threshold2RSRQ,Y,A5Threshold2RSRQ,A5事件RSRQ门限2,A,,A5Threshold2InterFCov,RW,unsignedInt[0:34],,,"用于EUTRA测量中,触发量为RSRQ时,A5事件触发条件的绝对门限2",,,,
CMCC_TD_LTE_V2.3,中国移动TD-LTE皮站_飞站基站设备网络管理南向接口数据配置模型规范V2.3.xlsx,SJ,172,parameter,A5事件测量控制参数,InternetGatewayDevice.Services.FAPService.{i}.CellConfig.LTE.RAN.Mobility.ConnMode.EUTRA.A5MeasureCtrl.1.Enable,InternetGatewayDevice,Enable,Y,Enable,使能开关,A,,,RW,boolean,,,是否启用该表项,,参数路径中最后一个多实例节点（{i}）序号1～10为系统保留段，若厂商对A5测量事件有其它用途，则从A5MeasureCtrl.11.开始定义,新增使能开关,
CMCC_TD_LTE_V2.3,中国移动TD-LTE皮站_飞站基站设备网络管理南向接口数据配置模型规范V2.3.xlsx,SJ,177,parameter,A5事件测量控制参数,InternetGatewayDevice.Services.FAPService.{i}.CellConfig.LTE.RAN.Mobility.ConnMode.EUTRA.A5MeasureCtrl.1.Hysteresis,InternetGatewayDevice,Hysteresis,Y,Hysteresis,迟滞值,A,,A5HysteresisInterFCov,RW,unsignedInt[0:30],,,进入和离开上报触发事件条件的滞后值,,,,
CMCC_TD_LTE_V2.3,中国移动TD-LTE皮站_飞站基站设备网络管理南向接口数据配置模型规范V2.3.xlsx,SJ,178,parameter,A5事件测量控制参数,InternetGatewayDevice.Services.FAPService.{i}.CellConfig.LTE.RAN.Mobility.ConnMode.EUTRA.A5MeasureCtrl.1.MaxReportCells,InternetGatewayDevice,MaxReportCells,Y,MaxReportCells,最大上报小区数,A,,,RW,unsignedInt[1:8],,,测量报告中包含小区的最大数目,,,,
CMCC_TD_LTE_V2.3,中国移动TD-LTE皮站_飞站基站设备网络管理南向接口数据配置模型规范V2.3.xlsx,SJ,179,parameter,A5事件测量控制参数,InternetGatewayDevice.Services.FAPService.{i}.CellConfig.LTE.RAN.Mobility.ConnMode.EUTRA.A5MeasureCtrl.1.MeasurePurpose,InternetGatewayDevice,MeasurePurpose,Y,MeasurePurpose,测量目的,A,,,R,unsignedInt[1:100],,,"用于表明当前配置事件的使用目的，本字段取值固定为：
(1=异频测量)",,,对测量目的增加描述,
CMCC_TD_LTE_V2.3,中国移动TD-LTE皮站_飞站基站设备网络管理南向接口数据配置模型规范V2.3.xlsx,SJ,180,parameter,A5事件测量控制参数,InternetGatewayDevice.Services.FAPService.{i}.CellConfig.LTE.RAN.Mobility.ConnMode.EUTRA.A5MeasureCtrl.1.ReportAmount,InternetGatewayDevice,ReportAmount,Y,ReportAmount,上报次数,A,,,RW,"unsignedInt[0:2, 4, 8, 16, 32, 64]",,,测量报告发送的次数，0表示无限次,,,,
CMCC_TD_LTE_V2.3,中国移动TD-LTE皮站_飞站基站设备网络管理南向接口数据配置模型规范V2.3.xlsx,SJ,181,parameter,A5事件测量控制参数,InternetGatewayDevice.Services.FAPService.{i}.CellConfig.LTE.RAN.Mobility.ConnMode.EUTRA.A5MeasureCtrl.1.ReportInterval,InternetGatewayDevice,ReportInterval,Y,ReportInterval,上报间隔,A,,,RW,"unsignedInt[120, 240, 480, 640, 1024, 2048, 5120, 10240, 60000, 360000, 720000, 1800000, 3600000]",,,连续测量报告之间的间隔,,,,
CMCC_TD_LTE_V2.3,中国移动TD-LTE皮站_飞站基站设备网络管理南向接口数据配置模型规范V2.3.xlsx,SJ,182,parameter,A5事件测量控制参数,InternetGatewayDevice.Services.FAPService.{i}.CellConfig.LTE.RAN.Mobility.ConnMode.EUTRA.A5MeasureCtrl.1.ReportQuantity,InternetGatewayDevice,ReportQuantity,Y,ReportQuantity,上报量,A,,A5ReportQuantityInterFCov,RW,string,,,"测量报告中的上报量{sameAsTriggerQuantity, both}",,,,
CMCC_TD_LTE_V2.3,中国移动TD-LTE皮站_飞站基站设备网络管理南向接口数据配置模型规范V2.3.xlsx,SJ,183,parameter,A5事件测量控制参数,InternetGatewayDevice.Services.FAPService.{i}.CellConfig.LTE.RAN.Mobility.ConnMode.EUTRA.A5MeasureCtrl.1.TimeToTrigger,InternetGatewayDevice,TimeToTrigger,Y,TimeToTrigger,触发时间,A,,A5TimeToTriggerInterFCov,RW,"unsignedInt[0,40, 64, 80,100,128, 160,256,320, 480, 512, 640, 1024,1280,2560,5120]",,,为了满足触发RAT测量报告触发条件持续的时间，单位ms,,,,
CMCC_TD_LTE_V2.3,中国移动TD-LTE皮站_飞站基站设备网络管理南向接口数据配置模型规范V2.3.xlsx,SJ,184,parameter,A5事件测量控制参数,InternetGatewayDevice.Services.FAPService.{i}.CellConfig.LTE.RAN.Mobility.ConnMode.EUTRA.A5MeasureCtrl.1.TriggerQuantity,InternetGatewayDevice,TriggerQuantity,Y,TriggerQuantity,触发量,A,,A5TriggerQuantityInterFCov,RW,string,,,"用来评估触发条件的事件触发量{RSRP, RSRQ}",,,,
CMCC_TD_LTE_V2.3,中国移动TD-LTE皮站_飞站基站设备网络管理南向接口数据配置模型规范V2.3.xlsx,SJ,186,parameter,A5事件测量控制参数,InternetGatewayDevice.Services.FAPService.{i}.CellConfig.LTE.RAN.Mobility.ConnMode.EUTRA.A5MeasureCtrl.{i}.A5Threshold1RSRP,InternetGatewayDevice,A5Threshold1RSRP,Y,A5Threshold1RSRP,A5事件RSRP门限1,CA,,,RW,unsignedInt[0:97],,,"用于EUTRA测量中,触发量为RSRP时,A5事件触发条件的绝对门限1;",NRM数据配置要求,,,
CMCC_TD_LTE_V2.3,中国移动TD-LTE皮站_飞站基站设备网络管理南向接口数据配置模型规范V2.3.xlsx,SJ,187,parameter,A5事件测量控制参数,InternetGatewayDevice.Services.FAPService.{i}.CellConfig.LTE.RAN.Mobility.ConnMode.EUTRA.A5MeasureCtrl.{i}.A5Threshold1RSRQ,InternetGatewayDevice,A5Threshold1RSRQ,Y,A5Threshold1RSRQ,A5事件RSRQ门限1,CA,,,RW,unsignedInt[0:34],,,"用于EUTRA测量中,触发量为RSRQ时,A5事件触发条件的绝对门限1;",,,,
CMCC_TD_LTE_V2.3,中国移动TD-LTE皮站_飞站基站设备网络管理南向接口数据配置模型规范V2.3.xlsx,SJ,188,parameter,A5事件测量控制参数,InternetGatewayDevice.Services.FAPService.{i}.CellConfig.LTE.RAN.Mobility.ConnMode.EUTRA.A5MeasureCtrl.{i}.A5Threshold2RSRP,InternetGatewayDevice,A5Threshold2RSRP,Y,A5Threshold2RSRP,A5事件RSRP门限2,CA,,,RW,unsignedInt[0:97],,,"用于EUTRA测量中,触发量为RSRP时,A5事件触发条件的绝对门限2;",,,,
CMCC_TD_LTE_V2.3,中国移动TD-LTE皮站_飞站基站设备网络管理南向接口数据配置模型规范V2.3.xlsx,SJ,189,parameter,A5事件测量控制参数,InternetGatewayDevice.Services.FAPService.{i}.CellConfig.LTE.RAN.Mobility.ConnMode.EUTRA.A5MeasureCtrl.{i}.A5Threshold2RSRQ,InternetGatewayDevice,A5Threshold2RSRQ,Y,A5Threshold2RSRQ,A5事件RSRQ门限2,CA,,,RW,unsignedInt[0:34],,,"用于EUTRA测量中,触发量为RSRQ时,A5事件触发条件的绝对门限2",,,,
CMCC_TD_LTE_V2.3,中国移动TD-LTE皮站_飞站基站设备网络管理南向接口数据配置模型规范V2.3.xlsx,SJ,185,parameter,A5事件测量控制参数,InternetGatewayDevice.Services.FAPService.{i}.CellConfig.LTE.RAN.Mobility.ConnMode.EUTRA.A5MeasureCtrl.{i}.Enable,InternetGatewayDevice,Enable,Y,Enable,使能开关,CA,,,RW,boolean,,,是否启用该表项,,,新增使能开关,
CMCC_TD_LTE_V2.3,中国移动TD-LTE皮站_飞站基站设备网络管理南向接口数据配置模型规范V2.3.xlsx,SJ,190,parameter,A5事件测量控制参数,InternetGatewayDevice.Services.FAPService.{i}.CellConfig.LTE.RAN.Mobility.ConnMode.EUTRA.A5MeasureCtrl.{i}.Hysteresis,InternetGatewayDevice,Hysteresis,Y,Hysteresis,迟滞值,CA,,,RW,unsignedInt[0:30],,,进入和离开上报触发事件条件的滞后值,,,,
CMCC_TD_LTE_V2.3,中国移动TD-LTE皮站_飞站基站设备网络管理南向接口数据配置模型规范V2.3.xlsx,SJ,191,parameter,A5事件测量控制参数,InternetGatewayDevice.Services.FAPService.{i}.CellConfig.LTE.RAN.Mobility.ConnMode.EUTRA.A5MeasureCtrl.{i}.MaxReportCells,InternetGatewayDevice,MaxReportCells,Y,MaxReportCells,最大上报小区数,CA,,,RW,unsignedInt[1:8],,,测量报告中包含小区的最大数目,,,,
CMCC_TD_LTE_V2.3,中国移动TD-LTE皮站_飞站基站设备网络管理南向接口数据配置模型规范V2.3.xlsx,SJ,192,parameter,A5事件测量控制参数,InternetGatewayDevice.Services.FAPService.{i}.CellConfig.LTE.RAN.Mobility.ConnMode.EUTRA.A5MeasureCtrl.{i}.MeasurePurpose,InternetGatewayDevice,MeasurePurpose,Y,MeasurePurpose,测量目的,CA,,,R,unsignedInt[1:100],,,用于表明当前配置事件的使用目的，厂家自定义测量事件从10开始定义,,,对测量目的增加描述,
CMCC_TD_LTE_V2.3,中国移动TD-LTE皮站_飞站基站设备网络管理南向接口数据配置模型规范V2.3.xlsx,SJ,193,parameter,A5事件测量控制参数,InternetGatewayDevice.Services.FAPService.{i}.CellConfig.LTE.RAN.Mobility.ConnMode.EUTRA.A5MeasureCtrl.{i}.ReportAmount,InternetGatewayDevice,ReportAmount,Y,ReportAmount,上报次数,CA,,,RW,"unsignedInt[0:2, 4, 8, 16, 32, 64]",,,测量报告发送的次数，0表示无限次,,,,
CMCC_TD_LTE_V2.3,中国移动TD-LTE皮站_飞站基站设备网络管理南向接口数据配置模型规范V2.3.xlsx,SJ,194,parameter,A5事件测量控制参数,InternetGatewayDevice.Services.FAPService.{i}.CellConfig.LTE.RAN.Mobility.ConnMode.EUTRA.A5MeasureCtrl.{i}.ReportInterval,InternetGatewayDevice,ReportInterval,Y,ReportInterval,上报间隔,CA,,,RW,"unsignedInt[120, 240, 480, 640, 1024, 2048, 5120, 10240, 60000, 360000, 720000, 1800000, 3600000]",,,连续测量报告之间的间隔,,,,
CMCC_TD_LTE_V2.3,中国移动TD-LTE皮站_飞站基站设备网络管理南向接口数据配置模型规范V2.3.xlsx,SJ,195,parameter,A5事件测量控制参数,InternetGatewayDevice.Services.FAPService.{i}.CellConfig.LTE.RAN.Mobility.ConnMode.EUTRA.A5MeasureCtrl.{i}.ReportQuantity,InternetGatewayDevice,ReportQuantity,Y,ReportQuantity,上报量,CA,,,RW,string,,,"测量报告中的上报量{sameAsTriggerQuantity, both}",,,,
CMCC_TD_LTE_V2.3,中国移动TD-LTE皮站_飞站基站设备网络管理南向接口数据配置模型规范V2.3.xlsx,SJ,196,parameter,A5事件测量控制参数,InternetGatewayDevice.Services.FAPService.{i}.CellConfig.LTE.RAN.Mobility.ConnMode.EUTRA.A5MeasureCtrl.{i}.TimeToTrigger,InternetGatewayDevice,TimeToTrigger,Y,TimeToTrigger,触发时间,CA,,,RW,"unsignedInt[0,40, 64, 80,100,128, 160,256,320, 480, 512, 640, 1024,1280,2560,5120]",,,为了满足触发RAT测量报告触发条件持续的时间，单位ms,,,,
CMCC_TD_LTE_V2.3,中国移动TD-LTE皮站_飞站基站设备网络管理南向接口数据配置模型规范V2.3.xlsx,SJ,197,parameter,A5事件测量控制参数,InternetGatewayDevice.Services.FAPService.{i}.CellConfig.LTE.RAN.Mobility.ConnMode.EUTRA.A5MeasureCtrl.{i}.TriggerQuantity,InternetGatewayDevice,TriggerQuantity,Y,TriggerQuantity,触发量,CA,,,RW,string,,,"用来评估触发条件的事件触发量{RSRP, RSRQ}",,,,
CMCC_5G_EXT_PICO_V1.9.4,中国移动5G扩展型皮基站网管南向接口数据模型规范v1.9.4.xlsx,SF,8,parameter,AMF地址,Device.Services.FAPService.{i}.FAPControl.NR.AMFPoolConfigParam.{i}.AmfIP1,Device,AmfIP1,Y,AmfIP1,AmfIP1,A,,,RW,string(64),,,核心网相关参数，初始化网管通过TR069协议报文ParameterList字段下发扩展型皮基站,NRM数据配置要求,,,20221118-修订
CMCC_5G_EXT_PICO_V1.9.4,中国移动5G扩展型皮基站网管南向接口数据模型规范v1.9.4.xlsx,SF,9,parameter,AMF地址,Device.Services.FAPService.{i}.FAPControl.NR.AMFPoolConfigParam.{i}.AmfIP2,Device,AmfIP2,Y,AmfIP2,AmfIP2,A,,,RW,string(64),,,核心网相关参数，初始化网管通过TR070协议报文ParameterList字段下发扩展型皮基站,NRM数据配置要求,,,20221118-修订
CMCC_5G_EXT_PICO_V1.9.4,中国移动5G扩展型皮基站网管南向接口数据模型规范v1.9.4.xlsx,SF,2,parameter,AMF地址,Device.Services.FAPService.{i}.FAPControl.NR.AMFPoolConfigParam.{i}.AmfName,Device,AmfName,Y,AMFName,AMFName,A,,,R,string(150),,,,NRM数据配置要求,修正参数类型为string(6),,
CMCC_5G_EXT_PICO_V1.9.4,中国移动5G扩展型皮基站网管南向接口数据模型规范v1.9.4.xlsx,SF,6,parameter,AMF地址,Device.Services.FAPService.{i}.FAPControl.NR.AMFPoolConfigParam.{i}.GUAMI.{i}.AmfPointer,Device,AmfPointer,Y,AMFPointer,AMFPointer,A,,,R,string(6),,,核心网相关参数，初始化网管通过TR069协议报文ParameterList字段下发扩展型皮基站,,,,
CMCC_5G_EXT_PICO_V1.9.4,中国移动5G扩展型皮基站网管南向接口数据模型规范v1.9.4.xlsx,SF,4,parameter,AMF地址,Device.Services.FAPService.{i}.FAPControl.NR.AMFPoolConfigParam.{i}.GUAMI.{i}.AmfRegionID,Device,AmfRegionID,Y,AMFRegionID,AMFRegionID,A,,,R,string(8),,,核心网相关参数，初始化网管通过TR069协议报文ParameterList字段下发扩展型皮基站,NRM数据配置要求,,,
CMCC_5G_EXT_PICO_V1.9.4,中国移动5G扩展型皮基站网管南向接口数据模型规范v1.9.4.xlsx,SF,5,parameter,AMF地址,Device.Services.FAPService.{i}.FAPControl.NR.AMFPoolConfigParam.{i}.GUAMI.{i}.AmfSetID,Device,AmfSetID,Y,AMFSetID,AMFSetID,A,,,R,string(10),,,核心网相关参数，初始化网管通过TR069协议报文ParameterList字段下发扩展型皮基站,NRM数据配置要求,,,
CMCC_5G_EXT_PICO_V1.9.4,中国移动5G扩展型皮基站网管南向接口数据模型规范v1.9.4.xlsx,SF,3,parameter,AMF地址,Device.Services.FAPService.{i}.FAPControl.NR.AMFPoolConfigParam.{i}.PLMNID,Device,PLMNID,Y,PLMNID,AMFPLMN标识,A,,,RW,string(6),,,核心网相关参数，初始化网管通过TR069协议报文ParameterList字段下发扩展型皮基站,NRM数据配置要求,修正参数类型为string(6),,
CMCC_5G_EXT_PICO_V1.9.4,中国移动5G扩展型皮基站网管南向接口数据模型规范v1.9.4.xlsx,SF,7,parameter,AMF地址,Device.Services.FAPService.{i}.FAPControl.NR.AMFPoolConfigParam.{i}.RelativeAmfCapacity,Device,RelativeAmfCapacity,Y,RelativeAMFCapacity,RelativeAMFCapacity,A,,,R,unsignedInt[0:255],,,,NRM数据配置要求,,,
CMCC_TD_LTE_V2.3,中国移动TD-LTE皮站_飞站基站设备网络管理南向接口数据配置模型规范V2.3.xlsx,SJ,199,parameter,B1事件测量控制参数,Device.Services.FAPService.{i}.CellConfig.LTE.RAN.Mobility.ConnMode.IRAT.B1MeasureCtrl.1.B1ThresholdCDMA2000,Device,B1ThresholdCDMA2000,Y,B1ThresholdCDMA2000,B1事件门限(CDMA2000),A,,,RW,int[-5:91],,,"CDMA2000测量中,B1事件触发条
件的绝对门限",NRM数据配置要求,,,
CMCC_TD_LTE_V2.3,中国移动TD-LTE皮站_飞站基站设备网络管理南向接口数据配置模型规范V2.3.xlsx,SJ,200,parameter,B1事件测量控制参数,Device.Services.FAPService.{i}.CellConfig.LTE.RAN.Mobility.ConnMode.IRAT.B1MeasureCtrl.1.B1ThresholdGERAN,Device,B1ThresholdGERAN,Y,B1ThresholdGERAN,B1事件门限(GERAN),A,,,RW,unsignedInt[0:63],,,"GERAN测量中,B1事件触发条件的绝对门限",,,,
CMCC_TD_LTE_V2.3,中国移动TD-LTE皮站_飞站基站设备网络管理南向接口数据配置模型规范V2.3.xlsx,SJ,201,parameter,B1事件测量控制参数,Device.Services.FAPService.{i}.CellConfig.LTE.RAN.Mobility.ConnMode.IRAT.B1MeasureCtrl.1.B1ThresholdUTRAEcN0,Device,B1ThresholdUTRAEcN0,Y,B1ThresholdUTRAEcN0,B1事件EcN0门限(UTRA),A,,,RW,unsignedInt[0:49],,,UTRA测量中)B1事件触发条件的EcN0绝对门限,,,,
CMCC_TD_LTE_V2.3,中国移动TD-LTE皮站_飞站基站设备网络管理南向接口数据配置模型规范V2.3.xlsx,SJ,202,parameter,B1事件测量控制参数,Device.Services.FAPService.{i}.CellConfig.LTE.RAN.Mobility.ConnMode.IRAT.B1MeasureCtrl.1.B1ThresholdUTRARSCP,Device,B1ThresholdUTRARSCP,Y,B1ThresholdUTRARSCP,B1事件RSCP门限(UTRA),A,,B1ThresholdUtraCov,RW,int[-5:91],,,"UTRA测量中(FDD和TDD均适用),B1事件触发条件的RSCP绝对门限;",,,,
CMCC_TD_LTE_V2.3,中国移动TD-LTE皮站_飞站基站设备网络管理南向接口数据配置模型规范V2.3.xlsx,SJ,198,parameter,B1事件测量控制参数,Device.Services.FAPService.{i}.CellConfig.LTE.RAN.Mobility.ConnMode.IRAT.B1MeasureCtrl.1.Enable,Device,Enable,Y,Enable,使能开关,A,,,RW,boolean,,,是否启用该表项,,参数路径中最后一个多实例节点（{i}）序号1～10为系统保留段，若厂商对B1测量事件有其它用途，则从B1MeasureCtrl.11.开始定义,新增使能开关,
CMCC_TD_LTE_V2.3,中国移动TD-LTE皮站_飞站基站设备网络管理南向接口数据配置模型规范V2.3.xlsx,SJ,203,parameter,B1事件测量控制参数,Device.Services.FAPService.{i}.CellConfig.LTE.RAN.Mobility.ConnMode.IRAT.B1MeasureCtrl.1.Hysteresis,Device,Hysteresis,Y,Hysteresis,迟滞值,A,,B1HysteresisUtraCov,RW,unsignedInt[0:30],,,进入和离开IRAT上报触发事件条件的滞后值;,,,,
CMCC_TD_LTE_V2.3,中国移动TD-LTE皮站_飞站基站设备网络管理南向接口数据配置模型规范V2.3.xlsx,SJ,204,parameter,B1事件测量控制参数,Device.Services.FAPService.{i}.CellConfig.LTE.RAN.Mobility.ConnMode.IRAT.B1MeasureCtrl.1.MaxReportCells,Device,MaxReportCells,Y,MaxReportCells,最大上报小区数,A,,,RW,unsignedInt[1:8],,,测量报告中包含IRAT小区的最大数目,,,,
CMCC_TD_LTE_V2.3,中国移动TD-LTE皮站_飞站基站设备网络管理南向接口数据配置模型规范V2.3.xlsx,SJ,205,parameter,B1事件测量控制参数,Device.Services.FAPService.{i}.CellConfig.LTE.RAN.Mobility.ConnMode.IRAT.B1MeasureCtrl.1.MeasurePurpose,Device,MeasurePurpose,Y,MeasurePurpose,测量目的,A,,,R,unsignedInt[1:100],,,"用于表明当前配置事件的使用目的，本字段取值固定为：
(1=异系统UTRA测量)",,,对测量目的增加描述,
CMCC_TD_LTE_V2.3,中国移动TD-LTE皮站_飞站基站设备网络管理南向接口数据配置模型规范V2.3.xlsx,SJ,206,parameter,B1事件测量控制参数,Device.Services.FAPService.{i}.CellConfig.LTE.RAN.Mobility.ConnMode.IRAT.B1MeasureCtrl.1.ReportAmount,Device,ReportAmount,Y,ReportAmount,上报次数,A,,,RW,"unsignedInt[0:2, 4, 8, 16, 32, 64]",,,测量报告发送的次数，0表示无限次,,,,
CMCC_TD_LTE_V2.3,中国移动TD-LTE皮站_飞站基站设备网络管理南向接口数据配置模型规范V2.3.xlsx,SJ,207,parameter,B1事件测量控制参数,Device.Services.FAPService.{i}.CellConfig.LTE.RAN.Mobility.ConnMode.IRAT.B1MeasureCtrl.1.ReportInterval,Device,ReportInterval,Y,ReportInterval,上报间隔,A,,,RW,"unsignedInt[120, 240, 480, 640, 1024, 2048, 5120, 10240, 60000, 360000, 720000, 1800000, 3600000]",,,连续IRAT测量报告之间的间隔，单位ms,,,,
CMCC_TD_LTE_V2.3,中国移动TD-LTE皮站_飞站基站设备网络管理南向接口数据配置模型规范V2.3.xlsx,SJ,208,parameter,B1事件测量控制参数,Device.Services.FAPService.{i}.CellConfig.LTE.RAN.Mobility.ConnMode.IRAT.B1MeasureCtrl.1.TimeToTrigger,Device,TimeToTrigger,Y,TimeToTrigger,触发时间,A,,B1TimeToTriggerUtraCov,RW,"unsignedInt[0,40, 64, 80,100,128, 160,256,320, 480, 512, 640, 1024,1280,2560,5120]",,,满足触发IRAT测量报告触发条件持续的时间，单位ms,,,,
CMCC_TD_LTE_V2.3,中国移动TD-LTE皮站_飞站基站设备网络管理南向接口数据配置模型规范V2.3.xlsx,SJ,210,parameter,B1事件测量控制参数,Device.Services.FAPService.{i}.CellConfig.LTE.RAN.Mobility.ConnMode.IRAT.B1MeasureCtrl.2.B1ThresholdCDMA2000,Device,B1ThresholdCDMA2000,Y,B1ThresholdCDMA2000,B1事件门限(CDMA2000),A,,,RW,int[-5:91],,,"CDMA2000测量中,B1事件触发条
件的绝对门限",,,,
CMCC_TD_LTE_V2.3,中国移动TD-LTE皮站_飞站基站设备网络管理南向接口数据配置模型规范V2.3.xlsx,SJ,211,parameter,B1事件测量控制参数,Device.Services.FAPService.{i}.CellConfig.LTE.RAN.Mobility.ConnMode.IRAT.B1MeasureCtrl.2.B1ThresholdGERAN,Device,B1ThresholdGERAN,Y,B1ThresholdGERAN,B1事件门限(GERAN),A,,B1ThresholdGeranCov,RW,unsignedInt[0:63],,,"GERAN测量中,B1事件触发条件的绝对门限",,,,
CMCC_TD_LTE_V2.3,中国移动TD-LTE皮站_飞站基站设备网络管理南向接口数据配置模型规范V2.3.xlsx,SJ,212,parameter,B1事件测量控制参数,Device.Services.FAPService.{i}.CellConfig.LTE.RAN.Mobility.ConnMode.IRAT.B1MeasureCtrl.2.B1ThresholdUTRAEcN0,Device,B1ThresholdUTRAEcN0,Y,B1ThresholdUTRAEcN0,B1事件EcN0门限(UTRA),A,,,RW,unsignedInt[0:49],,,UTRA测量中)B1事件触发条件的EcN0绝对门限,,,,
CMCC_TD_LTE_V2.3,中国移动TD-LTE皮站_飞站基站设备网络管理南向接口数据配置模型规范V2.3.xlsx,SJ,213,parameter,B1事件测量控制参数,Device.Services.FAPService.{i}.CellConfig.LTE.RAN.Mobility.ConnMode.IRAT.B1MeasureCtrl.2.B1ThresholdUTRARSCP,Device,B1ThresholdUTRARSCP,Y,B1ThresholdUTRARSCP,B1事件RSCP门限(UTRA),A,,,RW,int[-5:91],,,"UTRA测量中(FDD和TDD均适用),B1事件触发条件的RSCP绝对门限;",,,,
CMCC_TD_LTE_V2.3,中国移动TD-LTE皮站_飞站基站设备网络管理南向接口数据配置模型规范V2.3.xlsx,SJ,209,parameter,B1事件测量控制参数,Device.Services.FAPService.{i}.CellConfig.LTE.RAN.Mobility.ConnMode.IRAT.B1MeasureCtrl.2.Enable,Device,Enable,Y,Enable,使能开关,A,,,RW,boolean,,,是否启用该表项,,,新增使能开关,
CMCC_TD_LTE_V2.3,中国移动TD-LTE皮站_飞站基站设备网络管理南向接口数据配置模型规范V2.3.xlsx,SJ,214,parameter,B1事件测量控制参数,Device.Services.FAPService.{i}.CellConfig.LTE.RAN.Mobility.ConnMode.IRAT.B1MeasureCtrl.2.Hysteresis,Device,Hysteresis,Y,Hysteresis,迟滞值,A,,B1HysteresisGeranCov,RW,unsignedInt[0:30],,,进入和离开IRAT上报触发事件条件的滞后值;,,,,
CMCC_TD_LTE_V2.3,中国移动TD-LTE皮站_飞站基站设备网络管理南向接口数据配置模型规范V2.3.xlsx,SJ,215,parameter,B1事件测量控制参数,Device.Services.FAPService.{i}.CellConfig.LTE.RAN.Mobility.ConnMode.IRAT.B1MeasureCtrl.2.MaxReportCells,Device,MaxReportCells,Y,MaxReportCells,最大上报小区数,A,,,RW,unsignedInt[1:8],,,测量报告中包含IRAT小区的最大数目,,,,
CMCC_TD_LTE_V2.3,中国移动TD-LTE皮站_飞站基站设备网络管理南向接口数据配置模型规范V2.3.xlsx,SJ,216,parameter,B1事件测量控制参数,Device.Services.FAPService.{i}.CellConfig.LTE.RAN.Mobility.ConnMode.IRAT.B1MeasureCtrl.2.MeasurePurpose,Device,MeasurePurpose,Y,MeasurePurpose,测量目的,A,,,R,unsignedInt[1:100],,,"用于表明当前配置事件的使用目的，本字段取值固定为：
(2=异系统GERAN测量)",,,对测量目的增加描述,
CMCC_TD_LTE_V2.3,中国移动TD-LTE皮站_飞站基站设备网络管理南向接口数据配置模型规范V2.3.xlsx,SJ,217,parameter,B1事件测量控制参数,Device.Services.FAPService.{i}.CellConfig.LTE.RAN.Mobility.ConnMode.IRAT.B1MeasureCtrl.2.ReportAmount,Device,ReportAmount,Y,ReportAmount,上报次数,A,,,RW,"unsignedInt[0:2, 4, 8, 16, 32, 64]",,,测量报告发送的次数，0表示无限次,,,,
CMCC_TD_LTE_V2.3,中国移动TD-LTE皮站_飞站基站设备网络管理南向接口数据配置模型规范V2.3.xlsx,SJ,218,parameter,B1事件测量控制参数,Device.Services.FAPService.{i}.CellConfig.LTE.RAN.Mobility.ConnMode.IRAT.B1MeasureCtrl.2.ReportInterval,Device,ReportInterval,Y,ReportInterval,上报间隔,A,,,RW,"unsignedInt[120, 240, 480, 640, 1024, 2048, 5120, 10240, 60000, 360000, 720000, 1800000, 3600000]",,,连续IRAT测量报告之间的间隔,,,,
CMCC_TD_LTE_V2.3,中国移动TD-LTE皮站_飞站基站设备网络管理南向接口数据配置模型规范V2.3.xlsx,SJ,219,parameter,B1事件测量控制参数,Device.Services.FAPService.{i}.CellConfig.LTE.RAN.Mobility.ConnMode.IRAT.B1MeasureCtrl.2.TimeToTrigger,Device,TimeToTrigger,Y,TimeToTrigger,触发时间,A,,B1TimeToTriggerGeranCov,RW,"unsignedInt[0,40, 64, 80,100,128, 160,256,320, 480, 512, 640, 1024,1280,2560,5120]",,,满足触发IRAT测量报告触发条件持续的时间，单位ms,,,,
CMCC_TD_LTE_V2.3,中国移动TD-LTE皮站_飞站基站设备网络管理南向接口数据配置模型规范V2.3.xlsx,SJ,199,parameter,B1事件测量控制参数,Device.Services.FAPService.{i}.CellConfig.LTE.RAN.Mobility.ConnMode.IRAT.B1MeasureCtrl.{i}.B1ThresholdCDMA2000,Device,B1ThresholdCDMA2000,Y,B1ThresholdCDMA2000,B1事件门限(CDMA2000),A,,,RW,int[-5:91],,,"CDMA2000测量中,B1事件触发条
件的绝对门限",NRM数据配置要求,,,
CMCC_TD_LTE_V2.3,中国移动TD-LTE皮站_飞站基站设备网络管理南向接口数据配置模型规范V2.3.xlsx,SJ,200,parameter,B1事件测量控制参数,Device.Services.FAPService.{i}.CellConfig.LTE.RAN.Mobility.ConnMode.IRAT.B1MeasureCtrl.{i}.B1ThresholdGERAN,Device,B1ThresholdGERAN,Y,B1ThresholdGERAN,B1事件门限(GERAN),A,,,RW,unsignedInt[0:63],,,"GERAN测量中,B1事件触发条件的绝对门限",,,,
CMCC_TD_LTE_V2.3,中国移动TD-LTE皮站_飞站基站设备网络管理南向接口数据配置模型规范V2.3.xlsx,SJ,201,parameter,B1事件测量控制参数,Device.Services.FAPService.{i}.CellConfig.LTE.RAN.Mobility.ConnMode.IRAT.B1MeasureCtrl.{i}.B1ThresholdUTRAEcN0,Device,B1ThresholdUTRAEcN0,Y,B1ThresholdUTRAEcN0,B1事件EcN0门限(UTRA),A,,,RW,unsignedInt[0:49],,,UTRA测量中)B1事件触发条件的EcN0绝对门限,,,,
CMCC_TD_LTE_V2.3,中国移动TD-LTE皮站_飞站基站设备网络管理南向接口数据配置模型规范V2.3.xlsx,SJ,202,parameter,B1事件测量控制参数,Device.Services.FAPService.{i}.CellConfig.LTE.RAN.Mobility.ConnMode.IRAT.B1MeasureCtrl.{i}.B1ThresholdUTRARSCP,Device,B1ThresholdUTRARSCP,Y,B1ThresholdUTRARSCP,B1事件RSCP门限(UTRA),A,,B1ThresholdUtraCov,RW,int[-5:91],,,"UTRA测量中(FDD和TDD均适用),B1事件触发条件的RSCP绝对门限;",,,,
CMCC_TD_LTE_V2.3,中国移动TD-LTE皮站_飞站基站设备网络管理南向接口数据配置模型规范V2.3.xlsx,SJ,198,parameter,B1事件测量控制参数,Device.Services.FAPService.{i}.CellConfig.LTE.RAN.Mobility.ConnMode.IRAT.B1MeasureCtrl.{i}.Enable,Device,Enable,Y,Enable,使能开关,A,,,RW,boolean,,,是否启用该表项,,参数路径中最后一个多实例节点（{i}）序号1～10为系统保留段，若厂商对B1测量事件有其它用途，则从B1MeasureCtrl.11.开始定义,新增使能开关,
CMCC_TD_LTE_V2.3,中国移动TD-LTE皮站_飞站基站设备网络管理南向接口数据配置模型规范V2.3.xlsx,SJ,203,parameter,B1事件测量控制参数,Device.Services.FAPService.{i}.CellConfig.LTE.RAN.Mobility.ConnMode.IRAT.B1MeasureCtrl.{i}.Hysteresis,Device,Hysteresis,Y,Hysteresis,迟滞值,A,,B1HysteresisUtraCov,RW,unsignedInt[0:30],,,进入和离开IRAT上报触发事件条件的滞后值;,,,,
CMCC_TD_LTE_V2.3,中国移动TD-LTE皮站_飞站基站设备网络管理南向接口数据配置模型规范V2.3.xlsx,SJ,204,parameter,B1事件测量控制参数,Device.Services.FAPService.{i}.CellConfig.LTE.RAN.Mobility.ConnMode.IRAT.B1MeasureCtrl.{i}.MaxReportCells,Device,MaxReportCells,Y,MaxReportCells,最大上报小区数,A,,,RW,unsignedInt[1:8],,,测量报告中包含IRAT小区的最大数目,,,,
CMCC_TD_LTE_V2.3,中国移动TD-LTE皮站_飞站基站设备网络管理南向接口数据配置模型规范V2.3.xlsx,SJ,205,parameter,B1事件测量控制参数,Device.Services.FAPService.{i}.CellConfig.LTE.RAN.Mobility.ConnMode.IRAT.B1MeasureCtrl.{i}.MeasurePurpose,Device,MeasurePurpose,Y,MeasurePurpose,测量目的,A,,,R,unsignedInt[1:100],,,"用于表明当前配置事件的使用目的，本字段取值固定为：
(1=异系统UTRA测量)",,,对测量目的增加描述,
CMCC_TD_LTE_V2.3,中国移动TD-LTE皮站_飞站基站设备网络管理南向接口数据配置模型规范V2.3.xlsx,SJ,206,parameter,B1事件测量控制参数,Device.Services.FAPService.{i}.CellConfig.LTE.RAN.Mobility.ConnMode.IRAT.B1MeasureCtrl.{i}.ReportAmount,Device,ReportAmount,Y,ReportAmount,上报次数,A,,,RW,"unsignedInt[0:2, 4, 8, 16, 32, 64]",,,测量报告发送的次数，0表示无限次,,,,
CMCC_TD_LTE_V2.3,中国移动TD-LTE皮站_飞站基站设备网络管理南向接口数据配置模型规范V2.3.xlsx,SJ,207,parameter,B1事件测量控制参数,Device.Services.FAPService.{i}.CellConfig.LTE.RAN.Mobility.ConnMode.IRAT.B1MeasureCtrl.{i}.ReportInterval,Device,ReportInterval,Y,ReportInterval,上报间隔,A,,,RW,"unsignedInt[120, 240, 480, 640, 1024, 2048, 5120, 10240, 60000, 360000, 720000, 1800000, 3600000]",,,连续IRAT测量报告之间的间隔，单位ms,,,,
CMCC_TD_LTE_V2.3,中国移动TD-LTE皮站_飞站基站设备网络管理南向接口数据配置模型规范V2.3.xlsx,SJ,208,parameter,B1事件测量控制参数,Device.Services.FAPService.{i}.CellConfig.LTE.RAN.Mobility.ConnMode.IRAT.B1MeasureCtrl.{i}.TimeToTrigger,Device,TimeToTrigger,Y,TimeToTrigger,触发时间,A,,B1TimeToTriggerUtraCov,RW,"unsignedInt[0,40, 64, 80,100,128, 160,256,320, 480, 512, 640, 1024,1280,2560,5120]",,,满足触发IRAT测量报告触发条件持续的时间，单位ms,,,,
CMCC_5G_EXT_PICO_V1.9.4,中国移动5G扩展型皮基站网管南向接口数据模型规范v1.9.4.xlsx,SM,241,parameter,B1事件测量控制参数,Device.Services.FAPService.{i}.CellConfig.{i}.NR.RAN.Mobility.ConnMode.IRAT.B1MeasureCtrl.1.B1ThresholdEUTRARsrp,Device,B1ThresholdEUTRARsrp,Y,B1ThresholdEUTRARsrp,B1事件RSRP门限(EUTRA-rsrp),A,AK,rsrpThreshold,RW,unsignedInt[0:97],,,"NR测量中,B1事件触发条
件的RSRP绝对门限",3GPP TS38.331,,,
CMCC_5G_EXT_PICO_V1.9.4,中国移动5G扩展型皮基站网管南向接口数据模型规范v1.9.4.xlsx,SM,242,parameter,B1事件测量控制参数,Device.Services.FAPService.{i}.CellConfig.{i}.NR.RAN.Mobility.ConnMode.IRAT.B1MeasureCtrl.1.B1ThresholdEUTRARsrq,Device,B1ThresholdEUTRARsrq,Y,B1ThresholdEUTRARsrq,B1事件RSRQ门限(EUTRA-rsrq),A,AK,rsrqThreshold,RW,unsignedInt[0:34],,,"NR测量中,B1事件触发条
件的RSRQ绝对门限",3GPP TS38.331,,,
CMCC_5G_EXT_PICO_V1.9.4,中国移动5G扩展型皮基站网管南向接口数据模型规范v1.9.4.xlsx,SM,243,parameter,B1事件测量控制参数,Device.Services.FAPService.{i}.CellConfig.{i}.NR.RAN.Mobility.ConnMode.IRAT.B1MeasureCtrl.1.B1ThresholdEUTRASinr,Device,B1ThresholdEUTRASinr,Y,B1ThresholdEUTRASinr,B1事件SINR门限(EUTRA-sinr),A,AK,sinrThreshold,RW,unsignedInt[0:127],,,"NR测量中,B1事件触发条
件的SINR绝对门限",3GPP TS38.331,,,
CMCC_5G_EXT_PICO_V1.9.4,中国移动5G扩展型皮基站网管南向接口数据模型规范v1.9.4.xlsx,SM,239,parameter,B1事件测量控制参数,Device.Services.FAPService.{i}.CellConfig.{i}.NR.RAN.Mobility.ConnMode.IRAT.B1MeasureCtrl.1.Enable,Device,Enable,Y,Enable,使能开关,A,,,RW,boolean,,,是否启用该表项（0：不启用，1：启用）,3GPP TS38.331,参数路径中最后一个多实例节点（{i}）序号1～10为系统保留段，若厂商对B1测量事件有其它用途，则从B1MeasureCtrl.11.开始定义,,
CMCC_5G_EXT_PICO_V1.9.4,中国移动5G扩展型皮基站网管南向接口数据模型规范v1.9.4.xlsx,SM,244,parameter,B1事件测量控制参数,Device.Services.FAPService.{i}.CellConfig.{i}.NR.RAN.Mobility.ConnMode.IRAT.B1MeasureCtrl.1.Hysteresis,Device,Hysteresis,Y,Hysteresis,迟滞值,A,,,RW,unsignedInt[0:30],,,进入和离开IRAT上报触发事件条件的滞后值;,3GPP TS38.331,,,
CMCC_5G_EXT_PICO_V1.9.4,中国移动5G扩展型皮基站网管南向接口数据模型规范v1.9.4.xlsx,SM,245,parameter,B1事件测量控制参数,Device.Services.FAPService.{i}.CellConfig.{i}.NR.RAN.Mobility.ConnMode.IRAT.B1MeasureCtrl.1.MaxReportCells,Device,MaxReportCells,Y,MaxReportCells,最大上报小区数,A,AK,maxRptCellNum,RW,unsignedInt[1:8],,,测量报告中包含IRAT小区的最大数目,3GPP TS38.331,,,
CMCC_5G_EXT_PICO_V1.9.4,中国移动5G扩展型皮基站网管南向接口数据模型规范v1.9.4.xlsx,SM,246,parameter,B1事件测量控制参数,Device.Services.FAPService.{i}.CellConfig.{i}.NR.RAN.Mobility.ConnMode.IRAT.B1MeasureCtrl.1.MeasurePurpose,Device,MeasurePurpose,Y,MeasurePurpose,测量目的,A,,,R,unsignedInt[1:100],,,"用于表明当前配置事件的使用目的，本字段取值固定为：
(1=异系统EUTRA测量)",3GPP TS38.331,,,
CMCC_5G_EXT_PICO_V1.9.4,中国移动5G扩展型皮基站网管南向接口数据模型规范v1.9.4.xlsx,SM,247,parameter,B1事件测量控制参数,Device.Services.FAPService.{i}.CellConfig.{i}.NR.RAN.Mobility.ConnMode.IRAT.B1MeasureCtrl.1.ReportAmount,Device,ReportAmount,Y,ReportAmount,上报次数,A,AK,rptAmount,RW,"unsignedInt[0:2, 4, 8, 16, 32, 64]",,,测量报告发送的次数，0表示无限次,3GPP TS38.331,,,
CMCC_5G_EXT_PICO_V1.9.4,中国移动5G扩展型皮基站网管南向接口数据模型规范v1.9.4.xlsx,SM,248,parameter,B1事件测量控制参数,Device.Services.FAPService.{i}.CellConfig.{i}.NR.RAN.Mobility.ConnMode.IRAT.B1MeasureCtrl.1.ReportInterval,Device,ReportInterval,Y,ReportInterval,上报间隔,A,AK,rptInterval,RW,"unsignedInt[120, 240, 480, 640, 1024, 2048, 5120, 10240, 20480，40960，60000, 360000, 720000, 1800000]",,,连续IRAT测量报告之间的间隔，单位ms,3GPP TS38.331,,,20221128-修改
CMCC_5G_EXT_PICO_V1.9.4,中国移动5G扩展型皮基站网管南向接口数据模型规范v1.9.4.xlsx,SM,251,parameter,B1事件测量控制参数,Device.Services.FAPService.{i}.CellConfig.{i}.NR.RAN.Mobility.ConnMode.IRAT.B1MeasureCtrl.1.ReportOnLeave,Device,ReportOnLeave,Y,ReportOnLeave,B1事件离开上报指示,A,,,RW,boolean,,,"某小区的离开状态满足时,UE是否触发测量上报过程；
0:代表不满足条件的小区离开测量列表时不进行上报；
1:代表都会触发测量结果的填写以及上报消息的发送",3GPP TS38.331,,,
CMCC_5G_EXT_PICO_V1.9.4,中国移动5G扩展型皮基站网管南向接口数据模型规范v1.9.4.xlsx,SM,250,parameter,B1事件测量控制参数,Device.Services.FAPService.{i}.CellConfig.{i}.NR.RAN.Mobility.ConnMode.IRAT.B1MeasureCtrl.1.ReportQuantity,Device,ReportQuantity,Y,ReportQuantity,上报量,A,,,RW,string,,,"测量报告中的上报量
{rsrp,rsrq,sinr}",3GPP TS38.331,,,
CMCC_5G_EXT_PICO_V1.9.4,中国移动5G扩展型皮基站网管南向接口数据模型规范v1.9.4.xlsx,SM,249,parameter,B1事件测量控制参数,Device.Services.FAPService.{i}.CellConfig.{i}.NR.RAN.Mobility.ConnMode.IRAT.B1MeasureCtrl.1.TimeToTrigger,Device,TimeToTrigger,Y,TimeToTrigger,触发时间,A,,,RW,"unsignedInt[0,40, 64, 80,100,128, 160,256,320, 480, 512, 640, 1024,1280,2560,5120]",,,满足触发IRAT测量报告触发条件持续的时间，单位ms,3GPP TS38.331,,,
CMCC_5G_EXT_PICO_V1.9.4,中国移动5G扩展型皮基站网管南向接口数据模型规范v1.9.4.xlsx,SM,240,parameter,B1事件测量控制参数,Device.Services.FAPService.{i}.CellConfig.{i}.NR.RAN.Mobility.ConnMode.IRAT.B1MeasureCtrl.1.TriggerQuantity,Device,TriggerQuantity,Y,TriggerQuantity,控制门限信号类型,B,,,RW,string,,,"TriggerQuantity取值范围为{rsrp,rsrq,sinr}，三选一",,,,20231020-添加用于控制门限信号类型的参数-B1MeasureCtrl.1.TriggerQuantity
CMCC_5G_EXT_PICO_V1.9.4,中国移动5G扩展型皮基站网管南向接口数据模型规范v1.9.4.xlsx,SM,241,parameter,B1事件测量控制参数,Device.Services.FAPService.{i}.CellConfig.{i}.NR.RAN.Mobility.ConnMode.IRAT.B1MeasureCtrl.{i}.B1ThresholdEUTRARsrp,Device,B1ThresholdEUTRARsrp,Y,B1ThresholdEUTRARsrp,B1事件RSRP门限(EUTRA-rsrp),A,AK,rsrpThreshold,RW,unsignedInt[0:97],,,"NR测量中,B1事件触发条
件的RSRP绝对门限",3GPP TS38.331,,,
CMCC_5G_EXT_PICO_V1.9.4,中国移动5G扩展型皮基站网管南向接口数据模型规范v1.9.4.xlsx,SM,242,parameter,B1事件测量控制参数,Device.Services.FAPService.{i}.CellConfig.{i}.NR.RAN.Mobility.ConnMode.IRAT.B1MeasureCtrl.{i}.B1ThresholdEUTRARsrq,Device,B1ThresholdEUTRARsrq,Y,B1ThresholdEUTRARsrq,B1事件RSRQ门限(EUTRA-rsrq),A,AK,rsrqThreshold,RW,unsignedInt[0:34],,,"NR测量中,B1事件触发条
件的RSRQ绝对门限",3GPP TS38.331,,,
CMCC_5G_EXT_PICO_V1.9.4,中国移动5G扩展型皮基站网管南向接口数据模型规范v1.9.4.xlsx,SM,243,parameter,B1事件测量控制参数,Device.Services.FAPService.{i}.CellConfig.{i}.NR.RAN.Mobility.ConnMode.IRAT.B1MeasureCtrl.{i}.B1ThresholdEUTRASinr,Device,B1ThresholdEUTRASinr,Y,B1ThresholdEUTRASinr,B1事件SINR门限(EUTRA-sinr),A,AK,sinrThreshold,RW,unsignedInt[0:127],,,"NR测量中,B1事件触发条
件的SINR绝对门限",3GPP TS38.331,,,
CMCC_5G_EXT_PICO_V1.9.4,中国移动5G扩展型皮基站网管南向接口数据模型规范v1.9.4.xlsx,SM,239,parameter,B1事件测量控制参数,Device.Services.FAPService.{i}.CellConfig.{i}.NR.RAN.Mobility.ConnMode.IRAT.B1MeasureCtrl.{i}.Enable,Device,Enable,Y,Enable,使能开关,A,,,RW,boolean,,,是否启用该表项（0：不启用，1：启用）,3GPP TS38.331,参数路径中最后一个多实例节点（{i}）序号1～10为系统保留段，若厂商对B1测量事件有其它用途，则从B1MeasureCtrl.11.开始定义,,
CMCC_5G_EXT_PICO_V1.9.4,中国移动5G扩展型皮基站网管南向接口数据模型规范v1.9.4.xlsx,SM,244,parameter,B1事件测量控制参数,Device.Services.FAPService.{i}.CellConfig.{i}.NR.RAN.Mobility.ConnMode.IRAT.B1MeasureCtrl.{i}.Hysteresis,Device,Hysteresis,Y,Hysteresis,迟滞值,A,,,RW,unsignedInt[0:30],,,进入和离开IRAT上报触发事件条件的滞后值;,3GPP TS38.331,,,
CMCC_5G_EXT_PICO_V1.9.4,中国移动5G扩展型皮基站网管南向接口数据模型规范v1.9.4.xlsx,SM,245,parameter,B1事件测量控制参数,Device.Services.FAPService.{i}.CellConfig.{i}.NR.RAN.Mobility.ConnMode.IRAT.B1MeasureCtrl.{i}.MaxReportCells,Device,MaxReportCells,Y,MaxReportCells,最大上报小区数,A,AK,maxRptCellNum,RW,unsignedInt[1:8],,,测量报告中包含IRAT小区的最大数目,3GPP TS38.331,,,
CMCC_5G_EXT_PICO_V1.9.4,中国移动5G扩展型皮基站网管南向接口数据模型规范v1.9.4.xlsx,SM,246,parameter,B1事件测量控制参数,Device.Services.FAPService.{i}.CellConfig.{i}.NR.RAN.Mobility.ConnMode.IRAT.B1MeasureCtrl.{i}.MeasurePurpose,Device,MeasurePurpose,Y,MeasurePurpose,测量目的,A,,,R,unsignedInt[1:100],,,"用于表明当前配置事件的使用目的，本字段取值固定为：
(1=异系统EUTRA测量)",3GPP TS38.331,,,
CMCC_5G_EXT_PICO_V1.9.4,中国移动5G扩展型皮基站网管南向接口数据模型规范v1.9.4.xlsx,SM,247,parameter,B1事件测量控制参数,Device.Services.FAPService.{i}.CellConfig.{i}.NR.RAN.Mobility.ConnMode.IRAT.B1MeasureCtrl.{i}.ReportAmount,Device,ReportAmount,Y,ReportAmount,上报次数,A,AK,rptAmount,RW,"unsignedInt[0:2, 4, 8, 16, 32, 64]",,,测量报告发送的次数，0表示无限次,3GPP TS38.331,,,
CMCC_5G_EXT_PICO_V1.9.4,中国移动5G扩展型皮基站网管南向接口数据模型规范v1.9.4.xlsx,SM,248,parameter,B1事件测量控制参数,Device.Services.FAPService.{i}.CellConfig.{i}.NR.RAN.Mobility.ConnMode.IRAT.B1MeasureCtrl.{i}.ReportInterval,Device,ReportInterval,Y,ReportInterval,上报间隔,A,AK,rptInterval,RW,"unsignedInt[120, 240, 480, 640, 1024, 2048, 5120, 10240, 20480，40960，60000, 360000, 720000, 1800000]",,,连续IRAT测量报告之间的间隔，单位ms,3GPP TS38.331,,,20221128-修改
CMCC_5G_EXT_PICO_V1.9.4,中国移动5G扩展型皮基站网管南向接口数据模型规范v1.9.4.xlsx,SM,251,parameter,B1事件测量控制参数,Device.Services.FAPService.{i}.CellConfig.{i}.NR.RAN.Mobility.ConnMode.IRAT.B1MeasureCtrl.{i}.ReportOnLeave,Device,ReportOnLeave,Y,ReportOnLeave,B1事件离开上报指示,A,,,RW,boolean,,,"某小区的离开状态满足时,UE是否触发测量上报过程；
0:代表不满足条件的小区离开测量列表时不进行上报；
1:代表都会触发测量结果的填写以及上报消息的发送",3GPP TS38.331,,,
CMCC_5G_EXT_PICO_V1.9.4,中国移动5G扩展型皮基站网管南向接口数据模型规范v1.9.4.xlsx,SM,250,parameter,B1事件测量控制参数,Device.Services.FAPService.{i}.CellConfig.{i}.NR.RAN.Mobility.ConnMode.IRAT.B1MeasureCtrl.{i}.ReportQuantity,Device,ReportQuantity,Y,ReportQuantity,上报量,A,,,RW,string,,,"测量报告中的上报量
{rsrp,rsrq,sinr}",3GPP TS38.331,,,
CMCC_5G_EXT_PICO_V1.9.4,中国移动5G扩展型皮基站网管南向接口数据模型规范v1.9.4.xlsx,SM,249,parameter,B1事件测量控制参数,Device.Services.FAPService.{i}.CellConfig.{i}.NR.RAN.Mobility.ConnMode.IRAT.B1MeasureCtrl.{i}.TimeToTrigger,Device,TimeToTrigger,Y,TimeToTrigger,触发时间,A,,,RW,"unsignedInt[0,40, 64, 80,100,128, 160,256,320, 480, 512, 640, 1024,1280,2560,5120]",,,满足触发IRAT测量报告触发条件持续的时间，单位ms,3GPP TS38.331,,,
CMCC_5G_EXT_PICO_V1.9.4,中国移动5G扩展型皮基站网管南向接口数据模型规范v1.9.4.xlsx,SM,240,parameter,B1事件测量控制参数,Device.Services.FAPService.{i}.CellConfig.{i}.NR.RAN.Mobility.ConnMode.IRAT.B1MeasureCtrl.{i}.TriggerQuantity,Device,TriggerQuantity,Y,TriggerQuantity,控制门限信号类型,B,,,RW,string,,,"TriggerQuantity取值范围为{rsrp,rsrq,sinr}，三选一",,,,20231020-添加用于控制门限信号类型的参数-B1MeasureCtrl.1.TriggerQuantity
CMCC_TD_LTE_V2.3,中国移动TD-LTE皮站_飞站基站设备网络管理南向接口数据配置模型规范V2.3.xlsx,SJ,199,parameter,B1事件测量控制参数,InternetGatewayDevice.Services.FAPService.{i}.CellConfig.LTE.RAN.Mobility.ConnMode.IRAT.B1MeasureCtrl.1.B1ThresholdCDMA2000,InternetGatewayDevice,B1ThresholdCDMA2000,Y,B1ThresholdCDMA2000,B1事件门限(CDMA2000),A,,,RW,int[-5:91],,,"CDMA2000测量中,B1事件触发条
件的绝对门限",NRM数据配置要求,,,
CMCC_TD_LTE_V2.3,中国移动TD-LTE皮站_飞站基站设备网络管理南向接口数据配置模型规范V2.3.xlsx,SJ,200,parameter,B1事件测量控制参数,InternetGatewayDevice.Services.FAPService.{i}.CellConfig.LTE.RAN.Mobility.ConnMode.IRAT.B1MeasureCtrl.1.B1ThresholdGERAN,InternetGatewayDevice,B1ThresholdGERAN,Y,B1ThresholdGERAN,B1事件门限(GERAN),A,,,RW,unsignedInt[0:63],,,"GERAN测量中,B1事件触发条件的绝对门限",,,,
CMCC_TD_LTE_V2.3,中国移动TD-LTE皮站_飞站基站设备网络管理南向接口数据配置模型规范V2.3.xlsx,SJ,201,parameter,B1事件测量控制参数,InternetGatewayDevice.Services.FAPService.{i}.CellConfig.LTE.RAN.Mobility.ConnMode.IRAT.B1MeasureCtrl.1.B1ThresholdUTRAEcN0,InternetGatewayDevice,B1ThresholdUTRAEcN0,Y,B1ThresholdUTRAEcN0,B1事件EcN0门限(UTRA),A,,,RW,unsignedInt[0:49],,,UTRA测量中)B1事件触发条件的EcN0绝对门限,,,,
CMCC_TD_LTE_V2.3,中国移动TD-LTE皮站_飞站基站设备网络管理南向接口数据配置模型规范V2.3.xlsx,SJ,202,parameter,B1事件测量控制参数,InternetGatewayDevice.Services.FAPService.{i}.CellConfig.LTE.RAN.Mobility.ConnMode.IRAT.B1MeasureCtrl.1.B1ThresholdUTRARSCP,InternetGatewayDevice,B1ThresholdUTRARSCP,Y,B1ThresholdUTRARSCP,B1事件RSCP门限(UTRA),A,,B1ThresholdUtraCov,RW,int[-5:91],,,"UTRA测量中(FDD和TDD均适用),B1事件触发条件的RSCP绝对门限;",,,,
CMCC_TD_LTE_V2.3,中国移动TD-LTE皮站_飞站基站设备网络管理南向接口数据配置模型规范V2.3.xlsx,SJ,198,parameter,B1事件测量控制参数,InternetGatewayDevice.Services.FAPService.{i}.CellConfig.LTE.RAN.Mobility.ConnMode.IRAT.B1MeasureCtrl.1.Enable,InternetGatewayDevice,Enable,Y,Enable,使能开关,A,,,RW,boolean,,,是否启用该表项,,参数路径中最后一个多实例节点（{i}）序号1～10为系统保留段，若厂商对B1测量事件有其它用途，则从B1MeasureCtrl.11.开始定义,新增使能开关,
CMCC_TD_LTE_V2.3,中国移动TD-LTE皮站_飞站基站设备网络管理南向接口数据配置模型规范V2.3.xlsx,SJ,203,parameter,B1事件测量控制参数,InternetGatewayDevice.Services.FAPService.{i}.CellConfig.LTE.RAN.Mobility.ConnMode.IRAT.B1MeasureCtrl.1.Hysteresis,InternetGatewayDevice,Hysteresis,Y,Hysteresis,迟滞值,A,,B1HysteresisUtraCov,RW,unsignedInt[0:30],,,进入和离开IRAT上报触发事件条件的滞后值;,,,,
CMCC_TD_LTE_V2.3,中国移动TD-LTE皮站_飞站基站设备网络管理南向接口数据配置模型规范V2.3.xlsx,SJ,204,parameter,B1事件测量控制参数,InternetGatewayDevice.Services.FAPService.{i}.CellConfig.LTE.RAN.Mobility.ConnMode.IRAT.B1MeasureCtrl.1.MaxReportCells,InternetGatewayDevice,MaxReportCells,Y,MaxReportCells,最大上报小区数,A,,,RW,unsignedInt[1:8],,,测量报告中包含IRAT小区的最大数目,,,,
CMCC_TD_LTE_V2.3,中国移动TD-LTE皮站_飞站基站设备网络管理南向接口数据配置模型规范V2.3.xlsx,SJ,205,parameter,B1事件测量控制参数,InternetGatewayDevice.Services.FAPService.{i}.CellConfig.LTE.RAN.Mobility.ConnMode.IRAT.B1MeasureCtrl.1.MeasurePurpose,InternetGatewayDevice,MeasurePurpose,Y,MeasurePurpose,测量目的,A,,,R,unsignedInt[1:100],,,"用于表明当前配置事件的使用目的，本字段取值固定为：
(1=异系统UTRA测量)",,,对测量目的增加描述,
CMCC_TD_LTE_V2.3,中国移动TD-LTE皮站_飞站基站设备网络管理南向接口数据配置模型规范V2.3.xlsx,SJ,206,parameter,B1事件测量控制参数,InternetGatewayDevice.Services.FAPService.{i}.CellConfig.LTE.RAN.Mobility.ConnMode.IRAT.B1MeasureCtrl.1.ReportAmount,InternetGatewayDevice,ReportAmount,Y,ReportAmount,上报次数,A,,,RW,"unsignedInt[0:2, 4, 8, 16, 32, 64]",,,测量报告发送的次数，0表示无限次,,,,
CMCC_TD_LTE_V2.3,中国移动TD-LTE皮站_飞站基站设备网络管理南向接口数据配置模型规范V2.3.xlsx,SJ,207,parameter,B1事件测量控制参数,InternetGatewayDevice.Services.FAPService.{i}.CellConfig.LTE.RAN.Mobility.ConnMode.IRAT.B1MeasureCtrl.1.ReportInterval,InternetGatewayDevice,ReportInterval,Y,ReportInterval,上报间隔,A,,,RW,"unsignedInt[120, 240, 480, 640, 1024, 2048, 5120, 10240, 60000, 360000, 720000, 1800000, 3600000]",,,连续IRAT测量报告之间的间隔，单位ms,,,,
CMCC_TD_LTE_V2.3,中国移动TD-LTE皮站_飞站基站设备网络管理南向接口数据配置模型规范V2.3.xlsx,SJ,208,parameter,B1事件测量控制参数,InternetGatewayDevice.Services.FAPService.{i}.CellConfig.LTE.RAN.Mobility.ConnMode.IRAT.B1MeasureCtrl.1.TimeToTrigger,InternetGatewayDevice,TimeToTrigger,Y,TimeToTrigger,触发时间,A,,B1TimeToTriggerUtraCov,RW,"unsignedInt[0,40, 64, 80,100,128, 160,256,320, 480, 512, 640, 1024,1280,2560,5120]",,,满足触发IRAT测量报告触发条件持续的时间，单位ms,,,,
CMCC_TD_LTE_V2.3,中国移动TD-LTE皮站_飞站基站设备网络管理南向接口数据配置模型规范V2.3.xlsx,SJ,210,parameter,B1事件测量控制参数,InternetGatewayDevice.Services.FAPService.{i}.CellConfig.LTE.RAN.Mobility.ConnMode.IRAT.B1MeasureCtrl.2.B1ThresholdCDMA2000,InternetGatewayDevice,B1ThresholdCDMA2000,Y,B1ThresholdCDMA2000,B1事件门限(CDMA2000),A,,,RW,int[-5:91],,,"CDMA2000测量中,B1事件触发条
件的绝对门限",,,,
CMCC_TD_LTE_V2.3,中国移动TD-LTE皮站_飞站基站设备网络管理南向接口数据配置模型规范V2.3.xlsx,SJ,211,parameter,B1事件测量控制参数,InternetGatewayDevice.Services.FAPService.{i}.CellConfig.LTE.RAN.Mobility.ConnMode.IRAT.B1MeasureCtrl.2.B1ThresholdGERAN,InternetGatewayDevice,B1ThresholdGERAN,Y,B1ThresholdGERAN,B1事件门限(GERAN),A,,B1ThresholdGeranCov,RW,unsignedInt[0:63],,,"GERAN测量中,B1事件触发条件的绝对门限",,,,
CMCC_TD_LTE_V2.3,中国移动TD-LTE皮站_飞站基站设备网络管理南向接口数据配置模型规范V2.3.xlsx,SJ,212,parameter,B1事件测量控制参数,InternetGatewayDevice.Services.FAPService.{i}.CellConfig.LTE.RAN.Mobility.ConnMode.IRAT.B1MeasureCtrl.2.B1ThresholdUTRAEcN0,InternetGatewayDevice,B1ThresholdUTRAEcN0,Y,B1ThresholdUTRAEcN0,B1事件EcN0门限(UTRA),A,,,RW,unsignedInt[0:49],,,UTRA测量中)B1事件触发条件的EcN0绝对门限,,,,
CMCC_TD_LTE_V2.3,中国移动TD-LTE皮站_飞站基站设备网络管理南向接口数据配置模型规范V2.3.xlsx,SJ,213,parameter,B1事件测量控制参数,InternetGatewayDevice.Services.FAPService.{i}.CellConfig.LTE.RAN.Mobility.ConnMode.IRAT.B1MeasureCtrl.2.B1ThresholdUTRARSCP,InternetGatewayDevice,B1ThresholdUTRARSCP,Y,B1ThresholdUTRARSCP,B1事件RSCP门限(UTRA),A,,,RW,int[-5:91],,,"UTRA测量中(FDD和TDD均适用),B1事件触发条件的RSCP绝对门限;",,,,
CMCC_TD_LTE_V2.3,中国移动TD-LTE皮站_飞站基站设备网络管理南向接口数据配置模型规范V2.3.xlsx,SJ,209,parameter,B1事件测量控制参数,InternetGatewayDevice.Services.FAPService.{i}.CellConfig.LTE.RAN.Mobility.ConnMode.IRAT.B1MeasureCtrl.2.Enable,InternetGatewayDevice,Enable,Y,Enable,使能开关,A,,,RW,boolean,,,是否启用该表项,,,新增使能开关,
CMCC_TD_LTE_V2.3,中国移动TD-LTE皮站_飞站基站设备网络管理南向接口数据配置模型规范V2.3.xlsx,SJ,214,parameter,B1事件测量控制参数,InternetGatewayDevice.Services.FAPService.{i}.CellConfig.LTE.RAN.Mobility.ConnMode.IRAT.B1MeasureCtrl.2.Hysteresis,InternetGatewayDevice,Hysteresis,Y,Hysteresis,迟滞值,A,,B1HysteresisGeranCov,RW,unsignedInt[0:30],,,进入和离开IRAT上报触发事件条件的滞后值;,,,,
CMCC_TD_LTE_V2.3,中国移动TD-LTE皮站_飞站基站设备网络管理南向接口数据配置模型规范V2.3.xlsx,SJ,215,parameter,B1事件测量控制参数,InternetGatewayDevice.Services.FAPService.{i}.CellConfig.LTE.RAN.Mobility.ConnMode.IRAT.B1MeasureCtrl.2.MaxReportCells,InternetGatewayDevice,MaxReportCells,Y,MaxReportCells,最大上报小区数,A,,,RW,unsignedInt[1:8],,,测量报告中包含IRAT小区的最大数目,,,,
CMCC_TD_LTE_V2.3,中国移动TD-LTE皮站_飞站基站设备网络管理南向接口数据配置模型规范V2.3.xlsx,SJ,216,parameter,B1事件测量控制参数,InternetGatewayDevice.Services.FAPService.{i}.CellConfig.LTE.RAN.Mobility.ConnMode.IRAT.B1MeasureCtrl.2.MeasurePurpose,InternetGatewayDevice,MeasurePurpose,Y,MeasurePurpose,测量目的,A,,,R,unsignedInt[1:100],,,"用于表明当前配置事件的使用目的，本字段取值固定为：
(2=异系统GERAN测量)",,,对测量目的增加描述,
CMCC_TD_LTE_V2.3,中国移动TD-LTE皮站_飞站基站设备网络管理南向接口数据配置模型规范V2.3.xlsx,SJ,217,parameter,B1事件测量控制参数,InternetGatewayDevice.Services.FAPService.{i}.CellConfig.LTE.RAN.Mobility.ConnMode.IRAT.B1MeasureCtrl.2.ReportAmount,InternetGatewayDevice,ReportAmount,Y,ReportAmount,上报次数,A,,,RW,"unsignedInt[0:2, 4, 8, 16, 32, 64]",,,测量报告发送的次数，0表示无限次,,,,
CMCC_TD_LTE_V2.3,中国移动TD-LTE皮站_飞站基站设备网络管理南向接口数据配置模型规范V2.3.xlsx,SJ,218,parameter,B1事件测量控制参数,InternetGatewayDevice.Services.FAPService.{i}.CellConfig.LTE.RAN.Mobility.ConnMode.IRAT.B1MeasureCtrl.2.ReportInterval,InternetGatewayDevice,ReportInterval,Y,ReportInterval,上报间隔,A,,,RW,"unsignedInt[120, 240, 480, 640, 1024, 2048, 5120, 10240, 60000, 360000, 720000, 1800000, 3600000]",,,连续IRAT测量报告之间的间隔,,,,
CMCC_TD_LTE_V2.3,中国移动TD-LTE皮站_飞站基站设备网络管理南向接口数据配置模型规范V2.3.xlsx,SJ,219,parameter,B1事件测量控制参数,InternetGatewayDevice.Services.FAPService.{i}.CellConfig.LTE.RAN.Mobility.ConnMode.IRAT.B1MeasureCtrl.2.TimeToTrigger,InternetGatewayDevice,TimeToTrigger,Y,TimeToTrigger,触发时间,A,,B1TimeToTriggerGeranCov,RW,"unsignedInt[0,40, 64, 80,100,128, 160,256,320, 480, 512, 640, 1024,1280,2560,5120]",,,满足触发IRAT测量报告触发条件持续的时间，单位ms,,,,
CMCC_TD_LTE_V2.3,中国移动TD-LTE皮站_飞站基站设备网络管理南向接口数据配置模型规范V2.3.xlsx,SJ,221,parameter,B1事件测量控制参数,InternetGatewayDevice.Services.FAPService.{i}.CellConfig.LTE.RAN.Mobility.ConnMode.IRAT.B1MeasureCtrl.{i}.B1ThresholdCDMA2000,InternetGatewayDevice,B1ThresholdCDMA2000,Y,B1ThresholdCDMA2000,B1事件门限(CDMA2000),CA,,,RW,int[-5:91],,,"CDMA2000测量中,B1事件触发条
件的绝对门限",,,,
CMCC_TD_LTE_V2.3,中国移动TD-LTE皮站_飞站基站设备网络管理南向接口数据配置模型规范V2.3.xlsx,SJ,222,parameter,B1事件测量控制参数,InternetGatewayDevice.Services.FAPService.{i}.CellConfig.LTE.RAN.Mobility.ConnMode.IRAT.B1MeasureCtrl.{i}.B1ThresholdGERAN,InternetGatewayDevice,B1ThresholdGERAN,Y,B1ThresholdGERAN,B1事件门限(GERAN),CA,,,RW,unsignedInt[0:63],,,"GERAN测量中,B1事件触发条件的绝对门限",,,,
CMCC_TD_LTE_V2.3,中国移动TD-LTE皮站_飞站基站设备网络管理南向接口数据配置模型规范V2.3.xlsx,SJ,223,parameter,B1事件测量控制参数,InternetGatewayDevice.Services.FAPService.{i}.CellConfig.LTE.RAN.Mobility.ConnMode.IRAT.B1MeasureCtrl.{i}.B1ThresholdUTRAEcN0,InternetGatewayDevice,B1ThresholdUTRAEcN0,Y,B1ThresholdUTRAEcN0,B1事件EcN0门限(UTRA),CA,,,RW,unsignedInt[0:49],,,UTRA测量中)B1事件触发条件的EcN0绝对门限,,,,
CMCC_TD_LTE_V2.3,中国移动TD-LTE皮站_飞站基站设备网络管理南向接口数据配置模型规范V2.3.xlsx,SJ,224,parameter,B1事件测量控制参数,InternetGatewayDevice.Services.FAPService.{i}.CellConfig.LTE.RAN.Mobility.ConnMode.IRAT.B1MeasureCtrl.{i}.B1ThresholdUTRARSCP,InternetGatewayDevice,B1ThresholdUTRARSCP,Y,B1ThresholdUTRARSCP,B1事件RSCP门限(UTRA),CA,,,RW,int[-5:91],,,"UTRA测量中(FDD和TDD均适用),B1事件触发条件的RSCP绝对门限;",,,,
CMCC_TD_LTE_V2.3,中国移动TD-LTE皮站_飞站基站设备网络管理南向接口数据配置模型规范V2.3.xlsx,SJ,220,parameter,B1事件测量控制参数,InternetGatewayDevice.Services.FAPService.{i}.CellConfig.LTE.RAN.Mobility.ConnMode.IRAT.B1MeasureCtrl.{i}.Enable,InternetGatewayDevice,Enable,Y,Enable,使能开关,CA,,,RW,boolean,,,是否启用该表项,,,新增使能开关,
CMCC_TD_LTE_V2.3,中国移动TD-LTE皮站_飞站基站设备网络管理南向接口数据配置模型规范V2.3.xlsx,SJ,225,parameter,B1事件测量控制参数,InternetGatewayDevice.Services.FAPService.{i}.CellConfig.LTE.RAN.Mobility.ConnMode.IRAT.B1MeasureCtrl.{i}.Hysteresis,InternetGatewayDevice,Hysteresis,Y,Hysteresis,迟滞值,CA,,,RW,unsignedInt[0:30],,,进入和离开IRAT上报触发事件条件的滞后值;,,,,
CMCC_TD_LTE_V2.3,中国移动TD-LTE皮站_飞站基站设备网络管理南向接口数据配置模型规范V2.3.xlsx,SJ,226,parameter,B1事件测量控制参数,InternetGatewayDevice.Services.FAPService.{i}.CellConfig.LTE.RAN.Mobility.ConnMode.IRAT.B1MeasureCtrl.{i}.MaxReportCells,InternetGatewayDevice,MaxReportCells,Y,MaxReportCells,最大上报小区数,CA,,,RW,unsignedInt[1:8],,,测量报告中包含IRAT小区的最大数目,,,,
CMCC_TD_LTE_V2.3,中国移动TD-LTE皮站_飞站基站设备网络管理南向接口数据配置模型规范V2.3.xlsx,SJ,227,parameter,B1事件测量控制参数,InternetGatewayDevice.Services.FAPService.{i}.CellConfig.LTE.RAN.Mobility.ConnMode.IRAT.B1MeasureCtrl.{i}.MeasurePurpose,InternetGatewayDevice,MeasurePurpose,Y,MeasurePurpose,测量目的,CA,,,R,unsignedInt[1:100],,,用于表明当前配置事件的使用目的，厂家自定义测量事件从10开始定义,,,对测量目的增加描述,
CMCC_TD_LTE_V2.3,中国移动TD-LTE皮站_飞站基站设备网络管理南向接口数据配置模型规范V2.3.xlsx,SJ,228,parameter,B1事件测量控制参数,InternetGatewayDevice.Services.FAPService.{i}.CellConfig.LTE.RAN.Mobility.ConnMode.IRAT.B1MeasureCtrl.{i}.ReportAmount,InternetGatewayDevice,ReportAmount,Y,ReportAmount,上报次数,CA,,,RW,"unsignedInt[0:2, 4, 8, 16, 32, 64]",,,测量报告发送的次数，0表示无限次,,,,
CMCC_TD_LTE_V2.3,中国移动TD-LTE皮站_飞站基站设备网络管理南向接口数据配置模型规范V2.3.xlsx,SJ,229,parameter,B1事件测量控制参数,InternetGatewayDevice.Services.FAPService.{i}.CellConfig.LTE.RAN.Mobility.ConnMode.IRAT.B1MeasureCtrl.{i}.ReportInterval,InternetGatewayDevice,ReportInterval,Y,ReportInterval,上报间隔,CA,,,RW,"unsignedInt[120, 240, 480, 640, 1024, 2048, 5120, 10240, 60000, 360000, 720000, 1800000, 3600000]",,,连续IRAT测量报告之间的间隔，单位ms,,,,
CMCC_TD_LTE_V2.3,中国移动TD-LTE皮站_飞站基站设备网络管理南向接口数据配置模型规范V2.3.xlsx,SJ,230,parameter,B1事件测量控制参数,InternetGatewayDevice.Services.FAPService.{i}.CellConfig.LTE.RAN.Mobility.ConnMode.IRAT.B1MeasureCtrl.{i}.TimeToTrigger,InternetGatewayDevice,TimeToTrigger,Y,TimeToTrigger,触发时间,CA,,,RW,"unsignedInt[0,40, 64, 80,100,128, 160,256,320, 480, 512, 640, 1024,1280,2560,5120]",,,满足触发IRAT测量报告触发条件持续的时间，单位ms,,,,
CMCC_TD_LTE_V2.3,中国移动TD-LTE皮站_飞站基站设备网络管理南向接口数据配置模型规范V2.3.xlsx,SJ,232,parameter,B2事件测量控制参数,Device.Services.FAPService.{i}.CellConfig.LTE.RAN.Mobility.ConnMode.IRAT.B2MeasureCtrl.1.B2Threshold1EutraRSRP,Device,B2Threshold1EutraRSRP,Y,B2Threshold1EutraRSRP,B2事件RSRP门限(EUTRA),A,,B2Threshold1UtraCov,RW,unsignedInt[0:97],,,"LTE触发量为RSRP时,B2事件触发条件的绝对门限",NRM数据配置要求,,,
CMCC_TD_LTE_V2.3,中国移动TD-LTE皮站_飞站基站设备网络管理南向接口数据配置模型规范V2.3.xlsx,SJ,233,parameter,B2事件测量控制参数,Device.Services.FAPService.{i}.CellConfig.LTE.RAN.Mobility.ConnMode.IRAT.B2MeasureCtrl.1.B2Threshold1EutraRSRQ,Device,B2Threshold1EutraRSRQ,Y,B2Threshold1EutraRSRQ,B2事件RSRQ门限(EUTRA),A,,B2Threshold1UtraCov,RW,unsignedInt[0:34],,,"LTE触发量为RSRQ时,B2事件触发条件的绝对门限;",,,,
CMCC_TD_LTE_V2.3,中国移动TD-LTE皮站_飞站基站设备网络管理南向接口数据配置模型规范V2.3.xlsx,SJ,234,parameter,B2事件测量控制参数,Device.Services.FAPService.{i}.CellConfig.LTE.RAN.Mobility.ConnMode.IRAT.B2MeasureCtrl.1.B2Threshold2CDMA2000,Device,B2Threshold2CDMA2000,Y,B2Threshold2CDMA2000,B2事件门限(CDMA2000),A,,,RW,unsignedInt[0:63],,,"测量对象为CDMA2000时,B2事件触发条件的绝对门限2",,,,
CMCC_TD_LTE_V2.3,中国移动TD-LTE皮站_飞站基站设备网络管理南向接口数据配置模型规范V2.3.xlsx,SJ,235,parameter,B2事件测量控制参数,Device.Services.FAPService.{i}.CellConfig.LTE.RAN.Mobility.ConnMode.IRAT.B2MeasureCtrl.1.B2Threshold2GERAN,Device,B2Threshold2GERAN,Y,B2Threshold2GERAN,B2事件门限(GERAN),A,,,RW,unsignedInt[0:63],,,"测量对象为GERAN时,B2事件触发条件的绝对门限2;
实际值=IE值-110",,,北向映射关系调整,
CMCC_TD_LTE_V2.3,中国移动TD-LTE皮站_飞站基站设备网络管理南向接口数据配置模型规范V2.3.xlsx,SJ,236,parameter,B2事件测量控制参数,Device.Services.FAPService.{i}.CellConfig.LTE.RAN.Mobility.ConnMode.IRAT.B2MeasureCtrl.1.B2Threshold2UTRAEcN0,Device,B2Threshold2UTRAEcN0,Y,B2Threshold2UTRAEcN0,B2事件EcN0门限(UTRA),A,,B2Threshold2UtraCov,RW,unsignedInt[0:49],,,"测量对象为UTRA(FDD制式适用)时,B2事件触发条件的EcN0绝对门限2;",,,北向映射关系调整,
CMCC_TD_LTE_V2.3,中国移动TD-LTE皮站_飞站基站设备网络管理南向接口数据配置模型规范V2.3.xlsx,SJ,237,parameter,B2事件测量控制参数,Device.Services.FAPService.{i}.CellConfig.LTE.RAN.Mobility.ConnMode.IRAT.B2MeasureCtrl.1.B2Threshold2UTRARSCP,Device,B2Threshold2UTRARSCP,Y,B2Threshold2UTRARSCP,B2触发RSCP门限(UTRA),A,,B2Threshold2UtraCov,RW,int[-5:91],,,"测量对象为UTRA(FDD和TDD均适用)时,B2事件触发条件的RSCP绝对门限2;",,,北向映射关系调整,
CMCC_TD_LTE_V2.3,中国移动TD-LTE皮站_飞站基站设备网络管理南向接口数据配置模型规范V2.3.xlsx,SJ,231,parameter,B2事件测量控制参数,Device.Services.FAPService.{i}.CellConfig.LTE.RAN.Mobility.ConnMode.IRAT.B2MeasureCtrl.1.Enable,Device,Enable,Y,Enable,使能开关,A,,,RW,boolean,,,是否启用该表项,,参数路径中最后一个多实例节点（{i}）序号1～10为系统保留段，若厂商对B2测量事件有其它用途，则从B2MeasureCtrl.11.开始定义,新增使能开关,
CMCC_TD_LTE_V2.3,中国移动TD-LTE皮站_飞站基站设备网络管理南向接口数据配置模型规范V2.3.xlsx,SJ,238,parameter,B2事件测量控制参数,Device.Services.FAPService.{i}.CellConfig.LTE.RAN.Mobility.ConnMode.IRAT.B2MeasureCtrl.1.Hysteresis,Device,Hysteresis,Y,Hysteresis,迟滞值,A,,B2HysteresisUtraCov,RW,unsignedInt[0:30],,,进入和离开IRAT上报触发事件条件的;,,,北向映射关系调整,
CMCC_TD_LTE_V2.3,中国移动TD-LTE皮站_飞站基站设备网络管理南向接口数据配置模型规范V2.3.xlsx,SJ,239,parameter,B2事件测量控制参数,Device.Services.FAPService.{i}.CellConfig.LTE.RAN.Mobility.ConnMode.IRAT.B2MeasureCtrl.1.MaxReportCells,Device,MaxReportCells,Y,MaxReportCells,最大上报小区数,A,,,RW,unsignedInt[1:8],,,测量报告中包含IRAT小区的最大数目,,,,
CMCC_TD_LTE_V2.3,中国移动TD-LTE皮站_飞站基站设备网络管理南向接口数据配置模型规范V2.3.xlsx,SJ,240,parameter,B2事件测量控制参数,Device.Services.FAPService.{i}.CellConfig.LTE.RAN.Mobility.ConnMode.IRAT.B2MeasureCtrl.1.MeasurePurpose,Device,MeasurePurpose,Y,MeasurePurpose,测量目的,A,,,R,unsignedInt[1:100],,,"用于表明当前配置事件的使用目的，本字段取值固定为：
(1=异系统UTRA测量)",,,对测量目的增加描述,
CMCC_TD_LTE_V2.3,中国移动TD-LTE皮站_飞站基站设备网络管理南向接口数据配置模型规范V2.3.xlsx,SJ,241,parameter,B2事件测量控制参数,Device.Services.FAPService.{i}.CellConfig.LTE.RAN.Mobility.ConnMode.IRAT.B2MeasureCtrl.1.ReportAmount,Device,ReportAmount,Y,ReportAmount,上报次数,A,,,RW,"unsignedInt[0:2, 4, 8, 16, 32, 64]",,,测量报告发送的次数，0表示无限次,,,,
CMCC_TD_LTE_V2.3,中国移动TD-LTE皮站_飞站基站设备网络管理南向接口数据配置模型规范V2.3.xlsx,SJ,242,parameter,B2事件测量控制参数,Device.Services.FAPService.{i}.CellConfig.LTE.RAN.Mobility.ConnMode.IRAT.B2MeasureCtrl.1.ReportInterval,Device,ReportInterval,Y,ReportInterval,上报间隔,A,,,RW,"unsignedInt[120, 240, 480, 640, 1024, 2048, 5120, 10240, 60000, 360000, 720000, 1800000, 3600000]",,,连续IRAT测量报告之间的间隔,,,,
CMCC_TD_LTE_V2.3,中国移动TD-LTE皮站_飞站基站设备网络管理南向接口数据配置模型规范V2.3.xlsx,SJ,243,parameter,B2事件测量控制参数,Device.Services.FAPService.{i}.CellConfig.LTE.RAN.Mobility.ConnMode.IRAT.B2MeasureCtrl.1.TimeToTrigger,Device,TimeToTrigger,Y,TimeToTrigger,触发时间,A,,B2TimeToTriggerUtraCov,RW,"unsignedInt[0,40, 64, 80,100,128, 160,256,320, 480, 512, 640, 1024,1280,2560,5120]",,,满足触发IRAT测量报告触发条件持续的时间，单位ms,,,,
CMCC_TD_LTE_V2.3,中国移动TD-LTE皮站_飞站基站设备网络管理南向接口数据配置模型规范V2.3.xlsx,SJ,245,parameter,B2事件测量控制参数,Device.Services.FAPService.{i}.CellConfig.LTE.RAN.Mobility.ConnMode.IRAT.B2MeasureCtrl.2.B2Threshold1EutraRSRP,Device,B2Threshold1EutraRSRP,Y,B2Threshold1EutraRSRP,B2事件RSRP门限(EUTRA),A,,B2Threshold1GeranCov,RW,unsignedInt[0:97],,,"LTE触发量为RSRP时,B2事件触发条件的绝对门限",,,更正参数类型和取值范围,
CMCC_TD_LTE_V2.3,中国移动TD-LTE皮站_飞站基站设备网络管理南向接口数据配置模型规范V2.3.xlsx,SJ,246,parameter,B2事件测量控制参数,Device.Services.FAPService.{i}.CellConfig.LTE.RAN.Mobility.ConnMode.IRAT.B2MeasureCtrl.2.B2Threshold1EutraRSRQ,Device,B2Threshold1EutraRSRQ,Y,B2Threshold1EutraRSRQ,B2事件RSRQ门限(EUTRA),A,,B2Threshold2GeranCov,RW,unsignedInt[0:34],,,"LTE触发量为RSRQ时,B2事件触发条件的绝对门限;",,,,
CMCC_TD_LTE_V2.3,中国移动TD-LTE皮站_飞站基站设备网络管理南向接口数据配置模型规范V2.3.xlsx,SJ,247,parameter,B2事件测量控制参数,Device.Services.FAPService.{i}.CellConfig.LTE.RAN.Mobility.ConnMode.IRAT.B2MeasureCtrl.2.B2Threshold2CDMA2000,Device,B2Threshold2CDMA2000,Y,B2Threshold2CDMA2000,B2事件门限(CDMA2000),A,,,RW,unsignedInt[0:63],,,"测量对象为CDMA2000时,B2事件触发条件的绝对门限2",,,,
CMCC_TD_LTE_V2.3,中国移动TD-LTE皮站_飞站基站设备网络管理南向接口数据配置模型规范V2.3.xlsx,SJ,248,parameter,B2事件测量控制参数,Device.Services.FAPService.{i}.CellConfig.LTE.RAN.Mobility.ConnMode.IRAT.B2MeasureCtrl.2.B2Threshold2GERAN,Device,B2Threshold2GERAN,Y,B2Threshold2GERAN,B2事件门限(GERAN),A,,B2Threshold2GeranCov,RW,unsignedInt[0:63],,,"测量对象为GERAN时,B2事件触发条件的绝对门限2;
实际值=IE值-110",,,,
CMCC_TD_LTE_V2.3,中国移动TD-LTE皮站_飞站基站设备网络管理南向接口数据配置模型规范V2.3.xlsx,SJ,249,parameter,B2事件测量控制参数,Device.Services.FAPService.{i}.CellConfig.LTE.RAN.Mobility.ConnMode.IRAT.B2MeasureCtrl.2.B2Threshold2UTRAEcN0,Device,B2Threshold2UTRAEcN0,Y,B2Threshold2UTRAEcN0,B2事件EcN0门限(UTRA),A,,,RW,unsignedInt[0:49],,,"测量对象为UTRA(FDD制式适用)时,B2事件触发条件的EcN0绝对门限2;",,,,
CMCC_TD_LTE_V2.3,中国移动TD-LTE皮站_飞站基站设备网络管理南向接口数据配置模型规范V2.3.xlsx,SJ,250,parameter,B2事件测量控制参数,Device.Services.FAPService.{i}.CellConfig.LTE.RAN.Mobility.ConnMode.IRAT.B2MeasureCtrl.2.B2Threshold2UTRARSCP,Device,B2Threshold2UTRARSCP,Y,B2Threshold2UTRARSCP,B2触发RSCP门限(UTRA),A,,,RW,int[-5:91],,,"测量对象为UTRA(FDD和TDD均适用)时,B2事件触发条件的RSCP绝对门限2;",,,,
CMCC_TD_LTE_V2.3,中国移动TD-LTE皮站_飞站基站设备网络管理南向接口数据配置模型规范V2.3.xlsx,SJ,244,parameter,B2事件测量控制参数,Device.Services.FAPService.{i}.CellConfig.LTE.RAN.Mobility.ConnMode.IRAT.B2MeasureCtrl.2.Enable,Device,Enable,Y,Enable,使能开关,A,,,RW,boolean,,,是否启用该表项,,,新增使能开关,
CMCC_TD_LTE_V2.3,中国移动TD-LTE皮站_飞站基站设备网络管理南向接口数据配置模型规范V2.3.xlsx,SJ,251,parameter,B2事件测量控制参数,Device.Services.FAPService.{i}.CellConfig.LTE.RAN.Mobility.ConnMode.IRAT.B2MeasureCtrl.2.Hysteresis,Device,Hysteresis,Y,Hysteresis,迟滞值,A,,B2HysteresisGeranCov,RW,unsignedInt[0:30],,,进入和离开IRAT上报触发事件条件的;,,,,
CMCC_TD_LTE_V2.3,中国移动TD-LTE皮站_飞站基站设备网络管理南向接口数据配置模型规范V2.3.xlsx,SJ,252,parameter,B2事件测量控制参数,Device.Services.FAPService.{i}.CellConfig.LTE.RAN.Mobility.ConnMode.IRAT.B2MeasureCtrl.2.MaxReportCells,Device,MaxReportCells,Y,MaxReportCells,最大上报小区数,A,,,RW,unsignedInt[1:8],,,测量报告中包含IRAT小区的最大数目,,,,
CMCC_TD_LTE_V2.3,中国移动TD-LTE皮站_飞站基站设备网络管理南向接口数据配置模型规范V2.3.xlsx,SJ,253,parameter,B2事件测量控制参数,Device.Services.FAPService.{i}.CellConfig.LTE.RAN.Mobility.ConnMode.IRAT.B2MeasureCtrl.2.MeasurePurpose,Device,MeasurePurpose,Y,MeasurePurpose,测量目的,A,,,R,unsignedInt[1:100],,,"用于表明当前配置事件的使用目的，本字段取值固定为：
(2=异系统GERAN测量)",,,对测量目的增加描述,
CMCC_TD_LTE_V2.3,中国移动TD-LTE皮站_飞站基站设备网络管理南向接口数据配置模型规范V2.3.xlsx,SJ,254,parameter,B2事件测量控制参数,Device.Services.FAPService.{i}.CellConfig.LTE.RAN.Mobility.ConnMode.IRAT.B2MeasureCtrl.2.ReportAmount,Device,ReportAmount,Y,ReportAmount,上报次数,A,,,RW,"unsignedInt[0:2, 4, 8, 16, 32, 64]",,,测量报告发送的次数，0表示无限次,,,,
CMCC_TD_LTE_V2.3,中国移动TD-LTE皮站_飞站基站设备网络管理南向接口数据配置模型规范V2.3.xlsx,SJ,255,parameter,B2事件测量控制参数,Device.Services.FAPService.{i}.CellConfig.LTE.RAN.Mobility.ConnMode.IRAT.B2MeasureCtrl.2.ReportInterval,Device,ReportInterval,Y,ReportInterval,上报间隔,A,,,RW,"unsignedInt[120, 240, 480, 640, 1024, 2048, 5120, 10240, 60000, 360000, 720000, 1800000, 3600000]",,,连续IRAT测量报告之间的间隔,,,,
CMCC_TD_LTE_V2.3,中国移动TD-LTE皮站_飞站基站设备网络管理南向接口数据配置模型规范V2.3.xlsx,SJ,256,parameter,B2事件测量控制参数,Device.Services.FAPService.{i}.CellConfig.LTE.RAN.Mobility.ConnMode.IRAT.B2MeasureCtrl.2.TimeToTrigger,Device,TimeToTrigger,Y,TimeToTrigger,触发时间,A,,B2TimeToTriggerGeranCov,RW,"unsignedInt[0,40, 64, 80,100,128, 160,256,320, 480, 512, 640, 1024,1280,2560,5120]",,,满足触发IRAT测量报告触发条件持续的时间，单位ms,,,,
CMCC_TD_LTE_V2.3,中国移动TD-LTE皮站_飞站基站设备网络管理南向接口数据配置模型规范V2.3.xlsx,SJ,232,parameter,B2事件测量控制参数,Device.Services.FAPService.{i}.CellConfig.LTE.RAN.Mobility.ConnMode.IRAT.B2MeasureCtrl.{i}.B2Threshold1EutraRSRP,Device,B2Threshold1EutraRSRP,Y,B2Threshold1EutraRSRP,B2事件RSRP门限(EUTRA),A,,B2Threshold1UtraCov,RW,unsignedInt[0:97],,,"LTE触发量为RSRP时,B2事件触发条件的绝对门限",NRM数据配置要求,,,
CMCC_TD_LTE_V2.3,中国移动TD-LTE皮站_飞站基站设备网络管理南向接口数据配置模型规范V2.3.xlsx,SJ,233,parameter,B2事件测量控制参数,Device.Services.FAPService.{i}.CellConfig.LTE.RAN.Mobility.ConnMode.IRAT.B2MeasureCtrl.{i}.B2Threshold1EutraRSRQ,Device,B2Threshold1EutraRSRQ,Y,B2Threshold1EutraRSRQ,B2事件RSRQ门限(EUTRA),A,,B2Threshold1UtraCov,RW,unsignedInt[0:34],,,"LTE触发量为RSRQ时,B2事件触发条件的绝对门限;",,,,
CMCC_TD_LTE_V2.3,中国移动TD-LTE皮站_飞站基站设备网络管理南向接口数据配置模型规范V2.3.xlsx,SJ,234,parameter,B2事件测量控制参数,Device.Services.FAPService.{i}.CellConfig.LTE.RAN.Mobility.ConnMode.IRAT.B2MeasureCtrl.{i}.B2Threshold2CDMA2000,Device,B2Threshold2CDMA2000,Y,B2Threshold2CDMA2000,B2事件门限(CDMA2000),A,,,RW,unsignedInt[0:63],,,"测量对象为CDMA2000时,B2事件触发条件的绝对门限2",,,,
CMCC_TD_LTE_V2.3,中国移动TD-LTE皮站_飞站基站设备网络管理南向接口数据配置模型规范V2.3.xlsx,SJ,235,parameter,B2事件测量控制参数,Device.Services.FAPService.{i}.CellConfig.LTE.RAN.Mobility.ConnMode.IRAT.B2MeasureCtrl.{i}.B2Threshold2GERAN,Device,B2Threshold2GERAN,Y,B2Threshold2GERAN,B2事件门限(GERAN),A,,,RW,unsignedInt[0:63],,,"测量对象为GERAN时,B2事件触发条件的绝对门限2;
实际值=IE值-110",,,北向映射关系调整,
CMCC_TD_LTE_V2.3,中国移动TD-LTE皮站_飞站基站设备网络管理南向接口数据配置模型规范V2.3.xlsx,SJ,236,parameter,B2事件测量控制参数,Device.Services.FAPService.{i}.CellConfig.LTE.RAN.Mobility.ConnMode.IRAT.B2MeasureCtrl.{i}.B2Threshold2UTRAEcN0,Device,B2Threshold2UTRAEcN0,Y,B2Threshold2UTRAEcN0,B2事件EcN0门限(UTRA),A,,B2Threshold2UtraCov,RW,unsignedInt[0:49],,,"测量对象为UTRA(FDD制式适用)时,B2事件触发条件的EcN0绝对门限2;",,,北向映射关系调整,
CMCC_TD_LTE_V2.3,中国移动TD-LTE皮站_飞站基站设备网络管理南向接口数据配置模型规范V2.3.xlsx,SJ,237,parameter,B2事件测量控制参数,Device.Services.FAPService.{i}.CellConfig.LTE.RAN.Mobility.ConnMode.IRAT.B2MeasureCtrl.{i}.B2Threshold2UTRARSCP,Device,B2Threshold2UTRARSCP,Y,B2Threshold2UTRARSCP,B2触发RSCP门限(UTRA),A,,B2Threshold2UtraCov,RW,int[-5:91],,,"测量对象为UTRA(FDD和TDD均适用)时,B2事件触发条件的RSCP绝对门限2;",,,北向映射关系调整,
CMCC_TD_LTE_V2.3,中国移动TD-LTE皮站_飞站基站设备网络管理南向接口数据配置模型规范V2.3.xlsx,SJ,231,parameter,B2事件测量控制参数,Device.Services.FAPService.{i}.CellConfig.LTE.RAN.Mobility.ConnMode.IRAT.B2MeasureCtrl.{i}.Enable,Device,Enable,Y,Enable,使能开关,A,,,RW,boolean,,,是否启用该表项,,参数路径中最后一个多实例节点（{i}）序号1～10为系统保留段，若厂商对B2测量事件有其它用途，则从B2MeasureCtrl.11.开始定义,新增使能开关,
CMCC_TD_LTE_V2.3,中国移动TD-LTE皮站_飞站基站设备网络管理南向接口数据配置模型规范V2.3.xlsx,SJ,238,parameter,B2事件测量控制参数,Device.Services.FAPService.{i}.CellConfig.LTE.RAN.Mobility.ConnMode.IRAT.B2MeasureCtrl.{i}.Hysteresis,Device,Hysteresis,Y,Hysteresis,迟滞值,A,,B2HysteresisUtraCov,RW,unsignedInt[0:30],,,进入和离开IRAT上报触发事件条件的;,,,北向映射关系调整,
CMCC_TD_LTE_V2.3,中国移动TD-LTE皮站_飞站基站设备网络管理南向接口数据配置模型规范V2.3.xlsx,SJ,239,parameter,B2事件测量控制参数,Device.Services.FAPService.{i}.CellConfig.LTE.RAN.Mobility.ConnMode.IRAT.B2MeasureCtrl.{i}.MaxReportCells,Device,MaxReportCells,Y,MaxReportCells,最大上报小区数,A,,,RW,unsignedInt[1:8],,,测量报告中包含IRAT小区的最大数目,,,,
CMCC_TD_LTE_V2.3,中国移动TD-LTE皮站_飞站基站设备网络管理南向接口数据配置模型规范V2.3.xlsx,SJ,240,parameter,B2事件测量控制参数,Device.Services.FAPService.{i}.CellConfig.LTE.RAN.Mobility.ConnMode.IRAT.B2MeasureCtrl.{i}.MeasurePurpose,Device,MeasurePurpose,Y,MeasurePurpose,测量目的,A,,,R,unsignedInt[1:100],,,"用于表明当前配置事件的使用目的，本字段取值固定为：
(1=异系统UTRA测量)",,,对测量目的增加描述,
CMCC_TD_LTE_V2.3,中国移动TD-LTE皮站_飞站基站设备网络管理南向接口数据配置模型规范V2.3.xlsx,SJ,241,parameter,B2事件测量控制参数,Device.Services.FAPService.{i}.CellConfig.LTE.RAN.Mobility.ConnMode.IRAT.B2MeasureCtrl.{i}.ReportAmount,Device,ReportAmount,Y,ReportAmount,上报次数,A,,,RW,"unsignedInt[0:2, 4, 8, 16, 32, 64]",,,测量报告发送的次数，0表示无限次,,,,
CMCC_TD_LTE_V2.3,中国移动TD-LTE皮站_飞站基站设备网络管理南向接口数据配置模型规范V2.3.xlsx,SJ,242,parameter,B2事件测量控制参数,Device.Services.FAPService.{i}.CellConfig.LTE.RAN.Mobility.ConnMode.IRAT.B2MeasureCtrl.{i}.ReportInterval,Device,ReportInterval,Y,ReportInterval,上报间隔,A,,,RW,"unsignedInt[120, 240, 480, 640, 1024, 2048, 5120, 10240, 60000, 360000, 720000, 1800000, 3600000]",,,连续IRAT测量报告之间的间隔,,,,
CMCC_TD_LTE_V2.3,中国移动TD-LTE皮站_飞站基站设备网络管理南向接口数据配置模型规范V2.3.xlsx,SJ,243,parameter,B2事件测量控制参数,Device.Services.FAPService.{i}.CellConfig.LTE.RAN.Mobility.ConnMode.IRAT.B2MeasureCtrl.{i}.TimeToTrigger,Device,TimeToTrigger,Y,TimeToTrigger,触发时间,A,,B2TimeToTriggerUtraCov,RW,"unsignedInt[0,40, 64, 80,100,128, 160,256,320, 480, 512, 640, 1024,1280,2560,5120]",,,满足触发IRAT测量报告触发条件持续的时间，单位ms,,,,
CMCC_5G_EXT_PICO_V1.9.4,中国移动5G扩展型皮基站网管南向接口数据模型规范v1.9.4.xlsx,SM,267,parameter,B2事件测量控制参数,Device.Services.FAPService.{i}.CellConfig.{i}.NR.RAN.Mobility.ConnMode.IRAT.B2MeasureCtrl.1.B2Threshold1RSRP,Device,B2Threshold1RSRP,Y,B2Threshold1RSRP,B2事件RSRP门限(NR-rsrp),A,AK,rsrpThreshold,RW,unsignedInt[0:127],,,"NR触发量为RSRP时,B2事件触发条件的绝对门限1",3GPP TS38.331,,,
CMCC_5G_EXT_PICO_V1.9.4,中国移动5G扩展型皮基站网管南向接口数据模型规范v1.9.4.xlsx,SM,268,parameter,B2事件测量控制参数,Device.Services.FAPService.{i}.CellConfig.{i}.NR.RAN.Mobility.ConnMode.IRAT.B2MeasureCtrl.1.B2Threshold1RSRQ,Device,B2Threshold1RSRQ,Y,B2Threshold1RSRQ,B2事件RSRQ门限(NR-rsrq),A,AK,rsrqThreshold,RW,unsignedInt[0:127],,,"NR触发量为RSRQ时,B2事件触发条件的绝对门限1",3GPP TS38.331,,,
CMCC_5G_EXT_PICO_V1.9.4,中国移动5G扩展型皮基站网管南向接口数据模型规范v1.9.4.xlsx,SM,269,parameter,B2事件测量控制参数,Device.Services.FAPService.{i}.CellConfig.{i}.NR.RAN.Mobility.ConnMode.IRAT.B2MeasureCtrl.1.B2Threshold1SINR,Device,B2Threshold1SINR,Y,B2Threshold1SINR,B2事件RSRQ门限(NR-sinr),A,AK,sinrThreshold,RW,unsignedInt[0:127],,,"NR触发量为SINR时,B2事件触发条件的绝对门限1",3GPP TS38.331,,,
CMCC_5G_EXT_PICO_V1.9.4,中国移动5G扩展型皮基站网管南向接口数据模型规范v1.9.4.xlsx,SM,270,parameter,B2事件测量控制参数,Device.Services.FAPService.{i}.CellConfig.{i}.NR.RAN.Mobility.ConnMode.IRAT.B2MeasureCtrl.1.B2Threshold2EUTRARSRP,Device,B2Threshold2EUTRARSRP,Y,B2Threshold2EUTRARSRP,B2事件门限(EUTRA-RSRP),A,AK,A5Thrd2RSRP,RW,unsignedInt[0:97],,,"测量对象为EUTRA RSRP时,B2事件触发条件的绝对门限2",3GPP TS38.331,,,
CMCC_5G_EXT_PICO_V1.9.4,中国移动5G扩展型皮基站网管南向接口数据模型规范v1.9.4.xlsx,SM,271,parameter,B2事件测量控制参数,Device.Services.FAPService.{i}.CellConfig.{i}.NR.RAN.Mobility.ConnMode.IRAT.B2MeasureCtrl.1.B2Threshold2EUTRARSRQ,Device,B2Threshold2EUTRARSRQ,Y,B2Threshold2EUTRARSRQ,B2事件门限(EUTRA-RSRQ),A,AK,A5Thrd2RSRQ,RW,unsignedInt[0:34],,,"测量对象为EUTRA RSRQ时,B2事件触发条件的绝对门限2",3GPP TS38.331,,,
CMCC_5G_EXT_PICO_V1.9.4,中国移动5G扩展型皮基站网管南向接口数据模型规范v1.9.4.xlsx,SM,272,parameter,B2事件测量控制参数,Device.Services.FAPService.{i}.CellConfig.{i}.NR.RAN.Mobility.ConnMode.IRAT.B2MeasureCtrl.1.B2Threshold2EUTRASINR,Device,B2Threshold2EUTRASINR,Y,B2Threshold2EUTRASINR,B2事件门限(EUTRA-SINR),A,AK,A5Thrd2Sinr,RW,unsignedInt[0:127],,,"测量对象为EUTRA SINR时,B2事件触发条件的绝对门限2",3GPP TS38.331,,,
CMCC_5G_EXT_PICO_V1.9.4,中国移动5G扩展型皮基站网管南向接口数据模型规范v1.9.4.xlsx,SM,265,parameter,B2事件测量控制参数,Device.Services.FAPService.{i}.CellConfig.{i}.NR.RAN.Mobility.ConnMode.IRAT.B2MeasureCtrl.1.Enable,Device,Enable,Y,Enable,使能开关,A,,,RW,boolean,,,是否启用该表项（0：不启用，1：启用）,3GPP TS38.331,参数路径中最后一个多实例节点（{i}）序号1～10为系统保留段，若厂商对B2测量事件有其它用途，则从B2MeasureCtrl.11.开始定义,,
CMCC_5G_EXT_PICO_V1.9.4,中国移动5G扩展型皮基站网管南向接口数据模型规范v1.9.4.xlsx,SM,273,parameter,B2事件测量控制参数,Device.Services.FAPService.{i}.CellConfig.{i}.NR.RAN.Mobility.ConnMode.IRAT.B2MeasureCtrl.1.Hysteresis,Device,Hysteresis,Y,Hysteresis,迟滞值,A,,,RW,unsignedInt[0:30],,,进入和离开IRAT上报触发事件条件的;,3GPP TS38.331,,,
CMCC_5G_EXT_PICO_V1.9.4,中国移动5G扩展型皮基站网管南向接口数据模型规范v1.9.4.xlsx,SM,274,parameter,B2事件测量控制参数,Device.Services.FAPService.{i}.CellConfig.{i}.NR.RAN.Mobility.ConnMode.IRAT.B2MeasureCtrl.1.MaxReportCells,Device,MaxReportCells,Y,MaxReportCells,最大上报小区数,A,AK,maxRptCellNum,RW,unsignedInt[1:8],,,测量报告中包含IRAT小区的最大数目,3GPP TS38.331,,,
CMCC_5G_EXT_PICO_V1.9.4,中国移动5G扩展型皮基站网管南向接口数据模型规范v1.9.4.xlsx,SM,275,parameter,B2事件测量控制参数,Device.Services.FAPService.{i}.CellConfig.{i}.NR.RAN.Mobility.ConnMode.IRAT.B2MeasureCtrl.1.MeasurePurpose,Device,MeasurePurpose,Y,MeasurePurpose,测量目的,A,,,R,unsignedInt[1:100],,,"用于表明当前配置事件的使用目的，本字段取值固定为：
(1=异系统EUTRA测量)",3GPP TS38.331,,,
CMCC_5G_EXT_PICO_V1.9.4,中国移动5G扩展型皮基站网管南向接口数据模型规范v1.9.4.xlsx,SM,276,parameter,B2事件测量控制参数,Device.Services.FAPService.{i}.CellConfig.{i}.NR.RAN.Mobility.ConnMode.IRAT.B2MeasureCtrl.1.ReportAmount,Device,ReportAmount,Y,ReportAmount,上报次数,A,AK,rptAmount,RW,"unsignedInt[0:2, 4, 8, 16, 32, 64]",,,测量报告发送的次数，0表示无限次,3GPP TS38.331,,,
CMCC_5G_EXT_PICO_V1.9.4,中国移动5G扩展型皮基站网管南向接口数据模型规范v1.9.4.xlsx,SM,277,parameter,B2事件测量控制参数,Device.Services.FAPService.{i}.CellConfig.{i}.NR.RAN.Mobility.ConnMode.IRAT.B2MeasureCtrl.1.ReportInterval,Device,ReportInterval,Y,ReportInterval,上报间隔,A,AK,rptInterval,RW,"unsignedInt[120, 240, 480, 640, 1024, 2048, 5120, 10240, 20480，40960，60000, 360000, 720000, 1800000]",,,连续IRAT测量报告之间的间隔,3GPP TS38.331,,,20221128-修改
CMCC_5G_EXT_PICO_V1.9.4,中国移动5G扩展型皮基站网管南向接口数据模型规范v1.9.4.xlsx,SM,280,parameter,B2事件测量控制参数,Device.Services.FAPService.{i}.CellConfig.{i}.NR.RAN.Mobility.ConnMode.IRAT.B2MeasureCtrl.1.ReportOnLeave,Device,ReportOnLeave,Y,ReportOnLeave,B2事件离开上报指示,A,,,RW,boolean,,,"某小区的离开状态满足时,UE是否触发测量上报过程；
0:代表不满足条件的小区离开测量列表时不进行上报；
1:代表都会触发测量结果的填写以及上报消息的发送",3GPP TS38.331,,,
CMCC_5G_EXT_PICO_V1.9.4,中国移动5G扩展型皮基站网管南向接口数据模型规范v1.9.4.xlsx,SM,279,parameter,B2事件测量控制参数,Device.Services.FAPService.{i}.CellConfig.{i}.NR.RAN.Mobility.ConnMode.IRAT.B2MeasureCtrl.1.ReportQuantity,Device,ReportQuantity,Y,ReportQuantity,上报量,A,,,RW,string,,,"测量报告中的上报量
{rsrp,rsrq,sinr}",3GPP TS38.331,,,
CMCC_5G_EXT_PICO_V1.9.4,中国移动5G扩展型皮基站网管南向接口数据模型规范v1.9.4.xlsx,SM,278,parameter,B2事件测量控制参数,Device.Services.FAPService.{i}.CellConfig.{i}.NR.RAN.Mobility.ConnMode.IRAT.B2MeasureCtrl.1.TimeToTrigger,Device,TimeToTrigger,Y,TimeToTrigger,触发时间,A,,,RW,"unsignedInt[0,40, 64, 80,100,128, 160,256,320, 480, 512, 640, 1024,1280,2560,5120]",,,满足触发IRAT测量报告触发条件持续的时间，单位ms,3GPP TS38.331,,,
CMCC_5G_EXT_PICO_V1.9.4,中国移动5G扩展型皮基站网管南向接口数据模型规范v1.9.4.xlsx,SM,266,parameter,B2事件测量控制参数,Device.Services.FAPService.{i}.CellConfig.{i}.NR.RAN.Mobility.ConnMode.IRAT.B2MeasureCtrl.1.TriggerQuantity,Device,TriggerQuantity,Y,TriggerQuantity,控制门限信号类型,B,,,RW,string,,,"TriggerQuantity取值范围为{rsrp,rsrq,sinr}，三选一",,,,20231020-添加用于控制门限信号类型的参数-B2MeasureCtrl.1.TriggerQuantity
CMCC_5G_EXT_PICO_V1.9.4,中国移动5G扩展型皮基站网管南向接口数据模型规范v1.9.4.xlsx,SM,267,parameter,B2事件测量控制参数,Device.Services.FAPService.{i}.CellConfig.{i}.NR.RAN.Mobility.ConnMode.IRAT.B2MeasureCtrl.{i}.B2Threshold1RSRP,Device,B2Threshold1RSRP,Y,B2Threshold1RSRP,B2事件RSRP门限(NR-rsrp),A,AK,rsrpThreshold,RW,unsignedInt[0:127],,,"NR触发量为RSRP时,B2事件触发条件的绝对门限1",3GPP TS38.331,,,
CMCC_5G_EXT_PICO_V1.9.4,中国移动5G扩展型皮基站网管南向接口数据模型规范v1.9.4.xlsx,SM,268,parameter,B2事件测量控制参数,Device.Services.FAPService.{i}.CellConfig.{i}.NR.RAN.Mobility.ConnMode.IRAT.B2MeasureCtrl.{i}.B2Threshold1RSRQ,Device,B2Threshold1RSRQ,Y,B2Threshold1RSRQ,B2事件RSRQ门限(NR-rsrq),A,AK,rsrqThreshold,RW,unsignedInt[0:127],,,"NR触发量为RSRQ时,B2事件触发条件的绝对门限1",3GPP TS38.331,,,
CMCC_5G_EXT_PICO_V1.9.4,中国移动5G扩展型皮基站网管南向接口数据模型规范v1.9.4.xlsx,SM,269,parameter,B2事件测量控制参数,Device.Services.FAPService.{i}.CellConfig.{i}.NR.RAN.Mobility.ConnMode.IRAT.B2MeasureCtrl.{i}.B2Threshold1SINR,Device,B2Threshold1SINR,Y,B2Threshold1SINR,B2事件RSRQ门限(NR-sinr),A,AK,sinrThreshold,RW,unsignedInt[0:127],,,"NR触发量为SINR时,B2事件触发条件的绝对门限1",3GPP TS38.331,,,
CMCC_5G_EXT_PICO_V1.9.4,中国移动5G扩展型皮基站网管南向接口数据模型规范v1.9.4.xlsx,SM,270,parameter,B2事件测量控制参数,Device.Services.FAPService.{i}.CellConfig.{i}.NR.RAN.Mobility.ConnMode.IRAT.B2MeasureCtrl.{i}.B2Threshold2EUTRARSRP,Device,B2Threshold2EUTRARSRP,Y,B2Threshold2EUTRARSRP,B2事件门限(EUTRA-RSRP),A,AK,A5Thrd2RSRP,RW,unsignedInt[0:97],,,"测量对象为EUTRA RSRP时,B2事件触发条件的绝对门限2",3GPP TS38.331,,,
CMCC_5G_EXT_PICO_V1.9.4,中国移动5G扩展型皮基站网管南向接口数据模型规范v1.9.4.xlsx,SM,271,parameter,B2事件测量控制参数,Device.Services.FAPService.{i}.CellConfig.{i}.NR.RAN.Mobility.ConnMode.IRAT.B2MeasureCtrl.{i}.B2Threshold2EUTRARSRQ,Device,B2Threshold2EUTRARSRQ,Y,B2Threshold2EUTRARSRQ,B2事件门限(EUTRA-RSRQ),A,AK,A5Thrd2RSRQ,RW,unsignedInt[0:34],,,"测量对象为EUTRA RSRQ时,B2事件触发条件的绝对门限2",3GPP TS38.331,,,
CMCC_5G_EXT_PICO_V1.9.4,中国移动5G扩展型皮基站网管南向接口数据模型规范v1.9.4.xlsx,SM,272,parameter,B2事件测量控制参数,Device.Services.FAPService.{i}.CellConfig.{i}.NR.RAN.Mobility.ConnMode.IRAT.B2MeasureCtrl.{i}.B2Threshold2EUTRASINR,Device,B2Threshold2EUTRASINR,Y,B2Threshold2EUTRASINR,B2事件门限(EUTRA-SINR),A,AK,A5Thrd2Sinr,RW,unsignedInt[0:127],,,"测量对象为EUTRA SINR时,B2事件触发条件的绝对门限2",3GPP TS38.331,,,
CMCC_5G_EXT_PICO_V1.9.4,中国移动5G扩展型皮基站网管南向接口数据模型规范v1.9.4.xlsx,SM,265,parameter,B2事件测量控制参数,Device.Services.FAPService.{i}.CellConfig.{i}.NR.RAN.Mobility.ConnMode.IRAT.B2MeasureCtrl.{i}.Enable,Device,Enable,Y,Enable,使能开关,A,,,RW,boolean,,,是否启用该表项（0：不启用，1：启用）,3GPP TS38.331,参数路径中最后一个多实例节点（{i}）序号1～10为系统保留段，若厂商对B2测量事件有其它用途，则从B2MeasureCtrl.11.开始定义,,
CMCC_5G_EXT_PICO_V1.9.4,中国移动5G扩展型皮基站网管南向接口数据模型规范v1.9.4.xlsx,SM,273,parameter,B2事件测量控制参数,Device.Services.FAPService.{i}.CellConfig.{i}.NR.RAN.Mobility.ConnMode.IRAT.B2MeasureCtrl.{i}.Hysteresis,Device,Hysteresis,Y,Hysteresis,迟滞值,A,,,RW,unsignedInt[0:30],,,进入和离开IRAT上报触发事件条件的;,3GPP TS38.331,,,
CMCC_5G_EXT_PICO_V1.9.4,中国移动5G扩展型皮基站网管南向接口数据模型规范v1.9.4.xlsx,SM,274,parameter,B2事件测量控制参数,Device.Services.FAPService.{i}.CellConfig.{i}.NR.RAN.Mobility.ConnMode.IRAT.B2MeasureCtrl.{i}.MaxReportCells,Device,MaxReportCells,Y,MaxReportCells,最大上报小区数,A,AK,maxRptCellNum,RW,unsignedInt[1:8],,,测量报告中包含IRAT小区的最大数目,3GPP TS38.331,,,
CMCC_5G_EXT_PICO_V1.9.4,中国移动5G扩展型皮基站网管南向接口数据模型规范v1.9.4.xlsx,SM,275,parameter,B2事件测量控制参数,Device.Services.FAPService.{i}.CellConfig.{i}.NR.RAN.Mobility.ConnMode.IRAT.B2MeasureCtrl.{i}.MeasurePurpose,Device,MeasurePurpose,Y,MeasurePurpose,测量目的,A,,,R,unsignedInt[1:100],,,"用于表明当前配置事件的使用目的，本字段取值固定为：
(1=异系统EUTRA测量)",3GPP TS38.331,,,
CMCC_5G_EXT_PICO_V1.9.4,中国移动5G扩展型皮基站网管南向接口数据模型规范v1.9.4.xlsx,SM,276,parameter,B2事件测量控制参数,Device.Services.FAPService.{i}.CellConfig.{i}.NR.RAN.Mobility.ConnMode.IRAT.B2MeasureCtrl.{i}.ReportAmount,Device,ReportAmount,Y,ReportAmount,上报次数,A,AK,rptAmount,RW,"unsignedInt[0:2, 4, 8, 16, 32, 64]",,,测量报告发送的次数，0表示无限次,3GPP TS38.331,,,
CMCC_5G_EXT_PICO_V1.9.4,中国移动5G扩展型皮基站网管南向接口数据模型规范v1.9.4.xlsx,SM,277,parameter,B2事件测量控制参数,Device.Services.FAPService.{i}.CellConfig.{i}.NR.RAN.Mobility.ConnMode.IRAT.B2MeasureCtrl.{i}.ReportInterval,Device,ReportInterval,Y,ReportInterval,上报间隔,A,AK,rptInterval,RW,"unsignedInt[120, 240, 480, 640, 1024, 2048, 5120, 10240, 20480，40960，60000, 360000, 720000, 1800000]",,,连续IRAT测量报告之间的间隔,3GPP TS38.331,,,20221128-修改
CMCC_5G_EXT_PICO_V1.9.4,中国移动5G扩展型皮基站网管南向接口数据模型规范v1.9.4.xlsx,SM,280,parameter,B2事件测量控制参数,Device.Services.FAPService.{i}.CellConfig.{i}.NR.RAN.Mobility.ConnMode.IRAT.B2MeasureCtrl.{i}.ReportOnLeave,Device,ReportOnLeave,Y,ReportOnLeave,B2事件离开上报指示,A,,,RW,boolean,,,"某小区的离开状态满足时,UE是否触发测量上报过程；
0:代表不满足条件的小区离开测量列表时不进行上报；
1:代表都会触发测量结果的填写以及上报消息的发送",3GPP TS38.331,,,
CMCC_5G_EXT_PICO_V1.9.4,中国移动5G扩展型皮基站网管南向接口数据模型规范v1.9.4.xlsx,SM,279,parameter,B2事件测量控制参数,Device.Services.FAPService.{i}.CellConfig.{i}.NR.RAN.Mobility.ConnMode.IRAT.B2MeasureCtrl.{i}.ReportQuantity,Device,ReportQuantity,Y,ReportQuantity,上报量,A,,,RW,string,,,"测量报告中的上报量
{rsrp,rsrq,sinr}",3GPP TS38.331,,,
CMCC_5G_EXT_PICO_V1.9.4,中国移动5G扩展型皮基站网管南向接口数据模型规范v1.9.4.xlsx,SM,278,parameter,B2事件测量控制参数,Device.Services.FAPService.{i}.CellConfig.{i}.NR.RAN.Mobility.ConnMode.IRAT.B2MeasureCtrl.{i}.TimeToTrigger,Device,TimeToTrigger,Y,TimeToTrigger,触发时间,A,,,RW,"unsignedInt[0,40, 64, 80,100,128, 160,256,320, 480, 512, 640, 1024,1280,2560,5120]",,,满足触发IRAT测量报告触发条件持续的时间，单位ms,3GPP TS38.331,,,
CMCC_5G_EXT_PICO_V1.9.4,中国移动5G扩展型皮基站网管南向接口数据模型规范v1.9.4.xlsx,SM,266,parameter,B2事件测量控制参数,Device.Services.FAPService.{i}.CellConfig.{i}.NR.RAN.Mobility.ConnMode.IRAT.B2MeasureCtrl.{i}.TriggerQuantity,Device,TriggerQuantity,Y,TriggerQuantity,控制门限信号类型,B,,,RW,string,,,"TriggerQuantity取值范围为{rsrp,rsrq,sinr}，三选一",,,,20231020-添加用于控制门限信号类型的参数-B2MeasureCtrl.1.TriggerQuantity
CMCC_TD_LTE_V2.3,中国移动TD-LTE皮站_飞站基站设备网络管理南向接口数据配置模型规范V2.3.xlsx,SJ,232,parameter,B2事件测量控制参数,InternetGatewayDevice.Services.FAPService.{i}.CellConfig.LTE.RAN.Mobility.ConnMode.IRAT.B2MeasureCtrl.1.B2Threshold1EutraRSRP,InternetGatewayDevice,B2Threshold1EutraRSRP,Y,B2Threshold1EutraRSRP,B2事件RSRP门限(EUTRA),A,,B2Threshold1UtraCov,RW,unsignedInt[0:97],,,"LTE触发量为RSRP时,B2事件触发条件的绝对门限",NRM数据配置要求,,,
CMCC_TD_LTE_V2.3,中国移动TD-LTE皮站_飞站基站设备网络管理南向接口数据配置模型规范V2.3.xlsx,SJ,233,parameter,B2事件测量控制参数,InternetGatewayDevice.Services.FAPService.{i}.CellConfig.LTE.RAN.Mobility.ConnMode.IRAT.B2MeasureCtrl.1.B2Threshold1EutraRSRQ,InternetGatewayDevice,B2Threshold1EutraRSRQ,Y,B2Threshold1EutraRSRQ,B2事件RSRQ门限(EUTRA),A,,B2Threshold1UtraCov,RW,unsignedInt[0:34],,,"LTE触发量为RSRQ时,B2事件触发条件的绝对门限;",,,,
CMCC_TD_LTE_V2.3,中国移动TD-LTE皮站_飞站基站设备网络管理南向接口数据配置模型规范V2.3.xlsx,SJ,234,parameter,B2事件测量控制参数,InternetGatewayDevice.Services.FAPService.{i}.CellConfig.LTE.RAN.Mobility.ConnMode.IRAT.B2MeasureCtrl.1.B2Threshold2CDMA2000,InternetGatewayDevice,B2Threshold2CDMA2000,Y,B2Threshold2CDMA2000,B2事件门限(CDMA2000),A,,,RW,unsignedInt[0:63],,,"测量对象为CDMA2000时,B2事件触发条件的绝对门限2",,,,
CMCC_TD_LTE_V2.3,中国移动TD-LTE皮站_飞站基站设备网络管理南向接口数据配置模型规范V2.3.xlsx,SJ,235,parameter,B2事件测量控制参数,InternetGatewayDevice.Services.FAPService.{i}.CellConfig.LTE.RAN.Mobility.ConnMode.IRAT.B2MeasureCtrl.1.B2Threshold2GERAN,InternetGatewayDevice,B2Threshold2GERAN,Y,B2Threshold2GERAN,B2事件门限(GERAN),A,,,RW,unsignedInt[0:63],,,"测量对象为GERAN时,B2事件触发条件的绝对门限2;
实际值=IE值-110",,,北向映射关系调整,
CMCC_TD_LTE_V2.3,中国移动TD-LTE皮站_飞站基站设备网络管理南向接口数据配置模型规范V2.3.xlsx,SJ,236,parameter,B2事件测量控制参数,InternetGatewayDevice.Services.FAPService.{i}.CellConfig.LTE.RAN.Mobility.ConnMode.IRAT.B2MeasureCtrl.1.B2Threshold2UTRAEcN0,InternetGatewayDevice,B2Threshold2UTRAEcN0,Y,B2Threshold2UTRAEcN0,B2事件EcN0门限(UTRA),A,,B2Threshold2UtraCov,RW,unsignedInt[0:49],,,"测量对象为UTRA(FDD制式适用)时,B2事件触发条件的EcN0绝对门限2;",,,北向映射关系调整,
CMCC_TD_LTE_V2.3,中国移动TD-LTE皮站_飞站基站设备网络管理南向接口数据配置模型规范V2.3.xlsx,SJ,237,parameter,B2事件测量控制参数,InternetGatewayDevice.Services.FAPService.{i}.CellConfig.LTE.RAN.Mobility.ConnMode.IRAT.B2MeasureCtrl.1.B2Threshold2UTRARSCP,InternetGatewayDevice,B2Threshold2UTRARSCP,Y,B2Threshold2UTRARSCP,B2触发RSCP门限(UTRA),A,,B2Threshold2UtraCov,RW,int[-5:91],,,"测量对象为UTRA(FDD和TDD均适用)时,B2事件触发条件的RSCP绝对门限2;",,,北向映射关系调整,
CMCC_TD_LTE_V2.3,中国移动TD-LTE皮站_飞站基站设备网络管理南向接口数据配置模型规范V2.3.xlsx,SJ,231,parameter,B2事件测量控制参数,InternetGatewayDevice.Services.FAPService.{i}.CellConfig.LTE.RAN.Mobility.ConnMode.IRAT.B2MeasureCtrl.1.Enable,InternetGatewayDevice,Enable,Y,Enable,使能开关,A,,,RW,boolean,,,是否启用该表项,,参数路径中最后一个多实例节点（{i}）序号1～10为系统保留段，若厂商对B2测量事件有其它用途，则从B2MeasureCtrl.11.开始定义,新增使能开关,
CMCC_TD_LTE_V2.3,中国移动TD-LTE皮站_飞站基站设备网络管理南向接口数据配置模型规范V2.3.xlsx,SJ,238,parameter,B2事件测量控制参数,InternetGatewayDevice.Services.FAPService.{i}.CellConfig.LTE.RAN.Mobility.ConnMode.IRAT.B2MeasureCtrl.1.Hysteresis,InternetGatewayDevice,Hysteresis,Y,Hysteresis,迟滞值,A,,B2HysteresisUtraCov,RW,unsignedInt[0:30],,,进入和离开IRAT上报触发事件条件的;,,,北向映射关系调整,
CMCC_TD_LTE_V2.3,中国移动TD-LTE皮站_飞站基站设备网络管理南向接口数据配置模型规范V2.3.xlsx,SJ,239,parameter,B2事件测量控制参数,InternetGatewayDevice.Services.FAPService.{i}.CellConfig.LTE.RAN.Mobility.ConnMode.IRAT.B2MeasureCtrl.1.MaxReportCells,InternetGatewayDevice,MaxReportCells,Y,MaxReportCells,最大上报小区数,A,,,RW,unsignedInt[1:8],,,测量报告中包含IRAT小区的最大数目,,,,
CMCC_TD_LTE_V2.3,中国移动TD-LTE皮站_飞站基站设备网络管理南向接口数据配置模型规范V2.3.xlsx,SJ,240,parameter,B2事件测量控制参数,InternetGatewayDevice.Services.FAPService.{i}.CellConfig.LTE.RAN.Mobility.ConnMode.IRAT.B2MeasureCtrl.1.MeasurePurpose,InternetGatewayDevice,MeasurePurpose,Y,MeasurePurpose,测量目的,A,,,R,unsignedInt[1:100],,,"用于表明当前配置事件的使用目的，本字段取值固定为：
(1=异系统UTRA测量)",,,对测量目的增加描述,
CMCC_TD_LTE_V2.3,中国移动TD-LTE皮站_飞站基站设备网络管理南向接口数据配置模型规范V2.3.xlsx,SJ,241,parameter,B2事件测量控制参数,InternetGatewayDevice.Services.FAPService.{i}.CellConfig.LTE.RAN.Mobility.ConnMode.IRAT.B2MeasureCtrl.1.ReportAmount,InternetGatewayDevice,ReportAmount,Y,ReportAmount,上报次数,A,,,RW,"unsignedInt[0:2, 4, 8, 16, 32, 64]",,,测量报告发送的次数，0表示无限次,,,,
CMCC_TD_LTE_V2.3,中国移动TD-LTE皮站_飞站基站设备网络管理南向接口数据配置模型规范V2.3.xlsx,SJ,242,parameter,B2事件测量控制参数,InternetGatewayDevice.Services.FAPService.{i}.CellConfig.LTE.RAN.Mobility.ConnMode.IRAT.B2MeasureCtrl.1.ReportInterval,InternetGatewayDevice,ReportInterval,Y,ReportInterval,上报间隔,A,,,RW,"unsignedInt[120, 240, 480, 640, 1024, 2048, 5120, 10240, 60000, 360000, 720000, 1800000, 3600000]",,,连续IRAT测量报告之间的间隔,,,,
CMCC_TD_LTE_V2.3,中国移动TD-LTE皮站_飞站基站设备网络管理南向接口数据配置模型规范V2.3.xlsx,SJ,243,parameter,B2事件测量控制参数,InternetGatewayDevice.Services.FAPService.{i}.CellConfig.LTE.RAN.Mobility.ConnMode.IRAT.B2MeasureCtrl.1.TimeToTrigger,InternetGatewayDevice,TimeToTrigger,Y,TimeToTrigger,触发时间,A,,B2TimeToTriggerUtraCov,RW,"unsignedInt[0,40, 64, 80,100,128, 160,256,320, 480, 512, 640, 1024,1280,2560,5120]",,,满足触发IRAT测量报告触发条件持续的时间，单位ms,,,,
CMCC_TD_LTE_V2.3,中国移动TD-LTE皮站_飞站基站设备网络管理南向接口数据配置模型规范V2.3.xlsx,SJ,245,parameter,B2事件测量控制参数,InternetGatewayDevice.Services.FAPService.{i}.CellConfig.LTE.RAN.Mobility.ConnMode.IRAT.B2MeasureCtrl.2.B2Threshold1EutraRSRP,InternetGatewayDevice,B2Threshold1EutraRSRP,Y,B2Threshold1EutraRSRP,B2事件RSRP门限(EUTRA),A,,B2Threshold1GeranCov,RW,unsignedInt[0:97],,,"LTE触发量为RSRP时,B2事件触发条件的绝对门限",,,更正参数类型和取值范围,
CMCC_TD_LTE_V2.3,中国移动TD-LTE皮站_飞站基站设备网络管理南向接口数据配置模型规范V2.3.xlsx,SJ,246,parameter,B2事件测量控制参数,InternetGatewayDevice.Services.FAPService.{i}.CellConfig.LTE.RAN.Mobility.ConnMode.IRAT.B2MeasureCtrl.2.B2Threshold1EutraRSRQ,InternetGatewayDevice,B2Threshold1EutraRSRQ,Y,B2Threshold1EutraRSRQ,B2事件RSRQ门限(EUTRA),A,,B2Threshold2GeranCov,RW,unsignedInt[0:34],,,"LTE触发量为RSRQ时,B2事件触发条件的绝对门限;",,,,
CMCC_TD_LTE_V2.3,中国移动TD-LTE皮站_飞站基站设备网络管理南向接口数据配置模型规范V2.3.xlsx,SJ,247,parameter,B2事件测量控制参数,InternetGatewayDevice.Services.FAPService.{i}.CellConfig.LTE.RAN.Mobility.ConnMode.IRAT.B2MeasureCtrl.2.B2Threshold2CDMA2000,InternetGatewayDevice,B2Threshold2CDMA2000,Y,B2Threshold2CDMA2000,B2事件门限(CDMA2000),A,,,RW,unsignedInt[0:63],,,"测量对象为CDMA2000时,B2事件触发条件的绝对门限2",,,,
CMCC_TD_LTE_V2.3,中国移动TD-LTE皮站_飞站基站设备网络管理南向接口数据配置模型规范V2.3.xlsx,SJ,248,parameter,B2事件测量控制参数,InternetGatewayDevice.Services.FAPService.{i}.CellConfig.LTE.RAN.Mobility.ConnMode.IRAT.B2MeasureCtrl.2.B2Threshold2GERAN,InternetGatewayDevice,B2Threshold2GERAN,Y,B2Threshold2GERAN,B2事件门限(GERAN),A,,B2Threshold2GeranCov,RW,unsignedInt[0:63],,,"测量对象为GERAN时,B2事件触发条件的绝对门限2;
实际值=IE值-110",,,,
CMCC_TD_LTE_V2.3,中国移动TD-LTE皮站_飞站基站设备网络管理南向接口数据配置模型规范V2.3.xlsx,SJ,249,parameter,B2事件测量控制参数,InternetGatewayDevice.Services.FAPService.{i}.CellConfig.LTE.RAN.Mobility.ConnMode.IRAT.B2MeasureCtrl.2.B2Threshold2UTRAEcN0,InternetGatewayDevice,B2Threshold2UTRAEcN0,Y,B2Threshold2UTRAEcN0,B2事件EcN0门限(UTRA),A,,,RW,unsignedInt[0:49],,,"测量对象为UTRA(FDD制式适用)时,B2事件触发条件的EcN0绝对门限2;",,,,
CMCC_TD_LTE_V2.3,中国移动TD-LTE皮站_飞站基站设备网络管理南向接口数据配置模型规范V2.3.xlsx,SJ,250,parameter,B2事件测量控制参数,InternetGatewayDevice.Services.FAPService.{i}.CellConfig.LTE.RAN.Mobility.ConnMode.IRAT.B2MeasureCtrl.2.B2Threshold2UTRARSCP,InternetGatewayDevice,B2Threshold2UTRARSCP,Y,B2Threshold2UTRARSCP,B2触发RSCP门限(UTRA),A,,,RW,int[-5:91],,,"测量对象为UTRA(FDD和TDD均适用)时,B2事件触发条件的RSCP绝对门限2;",,,,
CMCC_TD_LTE_V2.3,中国移动TD-LTE皮站_飞站基站设备网络管理南向接口数据配置模型规范V2.3.xlsx,SJ,244,parameter,B2事件测量控制参数,InternetGatewayDevice.Services.FAPService.{i}.CellConfig.LTE.RAN.Mobility.ConnMode.IRAT.B2MeasureCtrl.2.Enable,InternetGatewayDevice,Enable,Y,Enable,使能开关,A,,,RW,boolean,,,是否启用该表项,,,新增使能开关,
CMCC_TD_LTE_V2.3,中国移动TD-LTE皮站_飞站基站设备网络管理南向接口数据配置模型规范V2.3.xlsx,SJ,251,parameter,B2事件测量控制参数,InternetGatewayDevice.Services.FAPService.{i}.CellConfig.LTE.RAN.Mobility.ConnMode.IRAT.B2MeasureCtrl.2.Hysteresis,InternetGatewayDevice,Hysteresis,Y,Hysteresis,迟滞值,A,,B2HysteresisGeranCov,RW,unsignedInt[0:30],,,进入和离开IRAT上报触发事件条件的;,,,,
CMCC_TD_LTE_V2.3,中国移动TD-LTE皮站_飞站基站设备网络管理南向接口数据配置模型规范V2.3.xlsx,SJ,252,parameter,B2事件测量控制参数,InternetGatewayDevice.Services.FAPService.{i}.CellConfig.LTE.RAN.Mobility.ConnMode.IRAT.B2MeasureCtrl.2.MaxReportCells,InternetGatewayDevice,MaxReportCells,Y,MaxReportCells,最大上报小区数,A,,,RW,unsignedInt[1:8],,,测量报告中包含IRAT小区的最大数目,,,,
CMCC_TD_LTE_V2.3,中国移动TD-LTE皮站_飞站基站设备网络管理南向接口数据配置模型规范V2.3.xlsx,SJ,253,parameter,B2事件测量控制参数,InternetGatewayDevice.Services.FAPService.{i}.CellConfig.LTE.RAN.Mobility.ConnMode.IRAT.B2MeasureCtrl.2.MeasurePurpose,InternetGatewayDevice,MeasurePurpose,Y,MeasurePurpose,测量目的,A,,,R,unsignedInt[1:100],,,"用于表明当前配置事件的使用目的，本字段取值固定为：
(2=异系统GERAN测量)",,,对测量目的增加描述,
CMCC_TD_LTE_V2.3,中国移动TD-LTE皮站_飞站基站设备网络管理南向接口数据配置模型规范V2.3.xlsx,SJ,254,parameter,B2事件测量控制参数,InternetGatewayDevice.Services.FAPService.{i}.CellConfig.LTE.RAN.Mobility.ConnMode.IRAT.B2MeasureCtrl.2.ReportAmount,InternetGatewayDevice,ReportAmount,Y,ReportAmount,上报次数,A,,,RW,"unsignedInt[0:2, 4, 8, 16, 32, 64]",,,测量报告发送的次数，0表示无限次,,,,
CMCC_TD_LTE_V2.3,中国移动TD-LTE皮站_飞站基站设备网络管理南向接口数据配置模型规范V2.3.xlsx,SJ,255,parameter,B2事件测量控制参数,InternetGatewayDevice.Services.FAPService.{i}.CellConfig.LTE.RAN.Mobility.ConnMode.IRAT.B2MeasureCtrl.2.ReportInterval,InternetGatewayDevice,ReportInterval,Y,ReportInterval,上报间隔,A,,,RW,"unsignedInt[120, 240, 480, 640, 1024, 2048, 5120, 10240, 60000, 360000, 720000, 1800000, 3600000]",,,连续IRAT测量报告之间的间隔,,,,
CMCC_TD_LTE_V2.3,中国移动TD-LTE皮站_飞站基站设备网络管理南向接口数据配置模型规范V2.3.xlsx,SJ,256,parameter,B2事件测量控制参数,InternetGatewayDevice.Services.FAPService.{i}.CellConfig.LTE.RAN.Mobility.ConnMode.IRAT.B2MeasureCtrl.2.TimeToTrigger,InternetGatewayDevice,TimeToTrigger,Y,TimeToTrigger,触发时间,A,,B2TimeToTriggerGeranCov,RW,"unsignedInt[0,40, 64, 80,100,128, 160,256,320, 480, 512, 640, 1024,1280,2560,5120]",,,满足触发IRAT测量报告触发条件持续的时间，单位ms,,,,
CMCC_TD_LTE_V2.3,中国移动TD-LTE皮站_飞站基站设备网络管理南向接口数据配置模型规范V2.3.xlsx,SJ,258,parameter,B2事件测量控制参数,InternetGatewayDevice.Services.FAPService.{i}.CellConfig.LTE.RAN.Mobility.ConnMode.IRAT.B2MeasureCtrl.{i}.B2Threshold1EutraRSRP,InternetGatewayDevice,B2Threshold1EutraRSRP,Y,B2Threshold1EutraRSRP,B2事件RSRP门限(EUTRA),CA,,,RW,unsignedInt[0:97],,,"LTE触发量为RSRP时,B2事件触发条件的绝对门限",,,,
CMCC_TD_LTE_V2.3,中国移动TD-LTE皮站_飞站基站设备网络管理南向接口数据配置模型规范V2.3.xlsx,SJ,259,parameter,B2事件测量控制参数,InternetGatewayDevice.Services.FAPService.{i}.CellConfig.LTE.RAN.Mobility.ConnMode.IRAT.B2MeasureCtrl.{i}.B2Threshold1EutraRSRQ,InternetGatewayDevice,B2Threshold1EutraRSRQ,Y,B2Threshold1EutraRSRQ,B2事件RSRQ门限(EUTRA),CA,,,RW,unsignedInt[0:34],,,"LTE触发量为RSRQ时,B2事件触发条件的绝对门限;",,,,
CMCC_TD_LTE_V2.3,中国移动TD-LTE皮站_飞站基站设备网络管理南向接口数据配置模型规范V2.3.xlsx,SJ,260,parameter,B2事件测量控制参数,InternetGatewayDevice.Services.FAPService.{i}.CellConfig.LTE.RAN.Mobility.ConnMode.IRAT.B2MeasureCtrl.{i}.B2Threshold2CDMA2000,InternetGatewayDevice,B2Threshold2CDMA2000,Y,B2Threshold2CDMA2000,B2事件门限(CDMA2000),CA,,,RW,unsignedInt[0:63],,,"测量对象为CDMA2000时,B2事件触发条件的绝对门限2",,,,
CMCC_TD_LTE_V2.3,中国移动TD-LTE皮站_飞站基站设备网络管理南向接口数据配置模型规范V2.3.xlsx,SJ,261,parameter,B2事件测量控制参数,InternetGatewayDevice.Services.FAPService.{i}.CellConfig.LTE.RAN.Mobility.ConnMode.IRAT.B2MeasureCtrl.{i}.B2Threshold2GERAN,InternetGatewayDevice,B2Threshold2GERAN,Y,B2Threshold2GERAN,B2事件门限(GERAN),CA,,,RW,unsignedInt[0:63],,,"测量对象为GERAN时,B2事件触发条件的绝对门限2;
实际值=IE值-110",,,,
CMCC_TD_LTE_V2.3,中国移动TD-LTE皮站_飞站基站设备网络管理南向接口数据配置模型规范V2.3.xlsx,SJ,262,parameter,B2事件测量控制参数,InternetGatewayDevice.Services.FAPService.{i}.CellConfig.LTE.RAN.Mobility.ConnMode.IRAT.B2MeasureCtrl.{i}.B2Threshold2UTRAEcN0,InternetGatewayDevice,B2Threshold2UTRAEcN0,Y,B2Threshold2UTRAEcN0,B2事件EcN0门限(UTRA),CA,,,RW,unsignedInt[0:49],,,"测量对象为UTRA(FDD制式适用)时,B2事件触发条件的EcN0绝对门限2;",,,,
CMCC_TD_LTE_V2.3,中国移动TD-LTE皮站_飞站基站设备网络管理南向接口数据配置模型规范V2.3.xlsx,SJ,263,parameter,B2事件测量控制参数,InternetGatewayDevice.Services.FAPService.{i}.CellConfig.LTE.RAN.Mobility.ConnMode.IRAT.B2MeasureCtrl.{i}.B2Threshold2UTRARSCP,InternetGatewayDevice,B2Threshold2UTRARSCP,Y,B2Threshold2UTRARSCP,B2触发RSCP门限(UTRA),CA,,,RW,int[-5:91],,,"测量对象为UTRA(FDD和TDD均适用)时,B2事件触发条件的RSCP绝对门限2;",,,,
CMCC_TD_LTE_V2.3,中国移动TD-LTE皮站_飞站基站设备网络管理南向接口数据配置模型规范V2.3.xlsx,SJ,257,parameter,B2事件测量控制参数,InternetGatewayDevice.Services.FAPService.{i}.CellConfig.LTE.RAN.Mobility.ConnMode.IRAT.B2MeasureCtrl.{i}.Enable,InternetGatewayDevice,Enable,Y,Enable,使能开关,CA,,,RW,boolean,,,是否启用该表项,,,新增使能开关,
CMCC_TD_LTE_V2.3,中国移动TD-LTE皮站_飞站基站设备网络管理南向接口数据配置模型规范V2.3.xlsx,SJ,264,parameter,B2事件测量控制参数,InternetGatewayDevice.Services.FAPService.{i}.CellConfig.LTE.RAN.Mobility.ConnMode.IRAT.B2MeasureCtrl.{i}.Hysteresis,InternetGatewayDevice,Hysteresis,Y,Hysteresis,迟滞值,CA,,,RW,unsignedInt[0:30],,,进入和离开IRAT上报触发事件条件的;,,,,
CMCC_TD_LTE_V2.3,中国移动TD-LTE皮站_飞站基站设备网络管理南向接口数据配置模型规范V2.3.xlsx,SJ,265,parameter,B2事件测量控制参数,InternetGatewayDevice.Services.FAPService.{i}.CellConfig.LTE.RAN.Mobility.ConnMode.IRAT.B2MeasureCtrl.{i}.MaxReportCells,InternetGatewayDevice,MaxReportCells,Y,MaxReportCells,最大上报小区数,CA,,,RW,unsignedInt[1:8],,,测量报告中包含IRAT小区的最大数目,,,,
CMCC_TD_LTE_V2.3,中国移动TD-LTE皮站_飞站基站设备网络管理南向接口数据配置模型规范V2.3.xlsx,SJ,266,parameter,B2事件测量控制参数,InternetGatewayDevice.Services.FAPService.{i}.CellConfig.LTE.RAN.Mobility.ConnMode.IRAT.B2MeasureCtrl.{i}.MeasurePurpose,InternetGatewayDevice,MeasurePurpose,Y,MeasurePurpose,测量目的,CA,,,R,unsignedInt[1:100],,,用于表明当前配置事件的使用目的，厂家自定义测量事件从10开始定义,,,对测量目的增加描述,
CMCC_TD_LTE_V2.3,中国移动TD-LTE皮站_飞站基站设备网络管理南向接口数据配置模型规范V2.3.xlsx,SJ,267,parameter,B2事件测量控制参数,InternetGatewayDevice.Services.FAPService.{i}.CellConfig.LTE.RAN.Mobility.ConnMode.IRAT.B2MeasureCtrl.{i}.ReportAmount,InternetGatewayDevice,ReportAmount,Y,ReportAmount,上报次数,CA,,,RW,"unsignedInt[0:2, 4, 8, 16, 32, 64]",,,测量报告发送的次数，0表示无限次,,,,
CMCC_TD_LTE_V2.3,中国移动TD-LTE皮站_飞站基站设备网络管理南向接口数据配置模型规范V2.3.xlsx,SJ,268,parameter,B2事件测量控制参数,InternetGatewayDevice.Services.FAPService.{i}.CellConfig.LTE.RAN.Mobility.ConnMode.IRAT.B2MeasureCtrl.{i}.ReportInterval,InternetGatewayDevice,ReportInterval,Y,ReportInterval,上报间隔,CA,,,RW,"unsignedInt[120, 240, 480, 640, 1024, 2048, 5120, 10240, 60000, 360000, 720000, 1800000, 3600000]",,,连续IRAT测量报告之间的间隔,,,,
CMCC_TD_LTE_V2.3,中国移动TD-LTE皮站_飞站基站设备网络管理南向接口数据配置模型规范V2.3.xlsx,SJ,269,parameter,B2事件测量控制参数,InternetGatewayDevice.Services.FAPService.{i}.CellConfig.LTE.RAN.Mobility.ConnMode.IRAT.B2MeasureCtrl.{i}.TimeToTrigger,InternetGatewayDevice,TimeToTrigger,Y,TimeToTrigger,触发时间,CA,,,RW,"unsignedInt[0,40, 64, 80,100,128, 160,256,320, 480, 512, 640, 1024,1280,2560,5120]",,,满足触发IRAT测量报告触发条件持续的时间，单位ms,,,,
CMCC_5G_EXT_PICO_V1.9.4,中国移动5G扩展型皮基站网管南向接口数据模型规范v1.9.4.xlsx,SJ,2,parameter,CN参数管理,Device.Services.FAPService.{i}.CellConfig.{i}.NR.CN.EmergencyAreaID,Device,EmergencyAreaID,Y,EmergencyAreaID,EmergencyAreaID,A,,,RW,unsignedInt[0:7],,,突发事件区域ID(3bit),TR系列规范(TR098/TR181/TR196),修正参数类型,,
CMCC_5G_EXT_PICO_V1.9.4,中国移动5G扩展型皮基站网管南向接口数据模型规范v1.9.4.xlsx,SH,16,parameter,DNS分流规则参数管理,Device.Services.FAPService.{i}.FAPControl.LocalBreakout.DnsRules.Enable,Device,Enable,Y,Enable,DNS规则开关,CB,,,RW,boolean,,,"0:关闭
1:开启",,,,
CMCC_5G_EXT_PICO_V1.9.4,中国移动5G扩展型皮基站网管南向接口数据模型规范v1.9.4.xlsx,SH,18,parameter,DNS分流规则参数管理,Device.Services.FAPService.{i}.FAPControl.LocalBreakout.DnsRules.RuleList.{i}.DomainIpList.{i}.DomainIp,Device,DomainIp,Y,DomainIp,IP地址,CB,,,RW,string(40),,,,,,,
CMCC_5G_EXT_PICO_V1.9.4,中国移动5G扩展型皮基站网管南向接口数据模型规范v1.9.4.xlsx,SH,17,parameter,DNS分流规则参数管理,Device.Services.FAPService.{i}.FAPControl.LocalBreakout.DnsRules.RuleList.{i}.DomainName,Device,DomainName,Y,DomainName,域名,CB,,,RW,string(128),,,,,,,
CMCC_5G_EXT_PICO_V1.9.4,中国移动5G扩展型皮基站网管南向接口数据模型规范v1.9.4.xlsx,SJ,96,parameter,DRX参数管理,Device.Services.FAPService.{i}.CellConfig.{i}.NR.RAN.Drx.{i}.DrxAlgoSwitch,Device,DrxAlgoSwitch,Y,DrxAlgoSwitch,DRX算法开关,A,AM,DrxAlgoSwitch,RW,boolean,,,"{0:关闭,1:开启}",,《5G SA gNB网元统计数据需求规范-NRM(V1.4.2)》,,
CMCC_5G_EXT_PICO_V1.9.4,中国移动5G扩展型皮基站网管南向接口数据模型规范v1.9.4.xlsx,SJ,100,parameter,DRX参数管理,Device.Services.FAPService.{i}.CellConfig.{i}.NR.RAN.Drx.{i}.DrxInactivityTimer,Device,DrxInactivityTimer,Y,DrxInactivityTimer,DRX非激活定时器,A,AM,DrxInactivityTimer,RW,string,,,"新传调度之后的持续监听PDCCH时间，字符串取值ms0, ms1, ms2, ms3, ms4, ms5, ms6, ms8, ms10, ms20, ms30, ms40, ms50, ms60, ms80, ms100, ms200, ms300, ms500, ms750, ms1280, ms1920, ms2560, spare9, spare8, spare7, spare6, spare5, spare4, spare3, spare2, spare1",,《5G SA gNB网元统计数据需求规范-NRM(V1.4.2)》,,
CMCC_5G_EXT_PICO_V1.9.4,中国移动5G扩展型皮基站网管南向接口数据模型规范v1.9.4.xlsx,SJ,98,parameter,DRX参数管理,Device.Services.FAPService.{i}.CellConfig.{i}.NR.RAN.Drx.{i}.DrxLongCycle,Device,DrxLongCycle,Y,DrxLongCycle,DRX长周期的长度,A,AH,DrxLongCycle,RW,string,,,"字符串取值：ms10, ms20, ms32, ms40, ms60, ms64, ms70, ms80, ms128, ms160, ms256, ms320, ms512, ms640, ms1024, ms1280, ms2048, ms2560, ms5120, ms10240, spare12, spare11, spare10, spare9, spare8, spare7 spare6, spare5, spare4, spare3, spare2, spare1",,《5G SA gNB网元统计数据需求规范-NRM(V1.4.2)》,,
CMCC_5G_EXT_PICO_V1.9.4,中国移动5G扩展型皮基站网管南向接口数据模型规范v1.9.4.xlsx,SJ,99,parameter,DRX参数管理,Device.Services.FAPService.{i}.CellConfig.{i}.NR.RAN.Drx.{i}.DrxonDurationTimer,Device,DrxonDurationTimer,Y,DrxonDurationTimer,DRX持续时间定时器,A,AM,DrxonDurationTimer,RW,string,,,"DRX周期内终端持续监听PDCCH的时间,字符串取值 ms1_32, ms2_32, ms3_32, ms4_32, ms5_32, ms6_32, ms7_32, ms8_32, ms9_32, ms10_32, ms11_32, ms12_32, ms13_32, ms14_32, ms15_32, ms16_32, ms17_32, ms18_32, ms19_32, ms20_32,ms21_32, ms22_32, ms23_32, ms24_32, ms25_32, ms26_32,ms27_32, ms28_32, ms29_32, ms30_32, ms31_32, ms1, ms2, ms3, ms4, ms5, ms6, ms8, ms10, ms20, ms30, ms40, ms50, ms60, ms80, ms100, ms200, ms300, ms400, ms500, ms600, ms800, ms1000, ms1200, ms1600, spare8, spare7 spare6, spare5, spare4, spare3, spare2, spare1
注：ms1_32 表示 1/32ms  ... ms31_32表示 31/32ms",,《5G SA gNB网元统计数据需求规范-NRM(V1.4.2)》,,
CMCC_5G_EXT_PICO_V1.9.4,中国移动5G扩展型皮基站网管南向接口数据模型规范v1.9.4.xlsx,SJ,97,parameter,DRX参数管理,Device.Services.FAPService.{i}.CellConfig.{i}.NR.RAN.Drx.{i}.PLMNList.{i}.PLMNID,Device,PLMNID,Y,PLMNID,小区PLMNID,A,AH,DrxLongCycle,RW,string(6),,,由MCC和MNC组成,,《5G SA gNB网元统计数据需求规范-NRM(V1.4.2)》,,
CMCC_5G_EXT_PICO_V1.9.4,中国移动5G扩展型皮基站网管南向接口数据模型规范v1.9.4.xlsx,SJ,95,parameter,DRX参数管理,Device.Services.FAPService.{i}.CellConfig.{i}.NR.RAN.Drx.{i}.QCI,Device,QCI,Y,QCI,DrxLongCycle中的QCI,A,AH,DrxLongCycle,RW,unsignedInt[0:255],,,DrxLongCycle中的QCI,,"《5G SA gNB网元统计数据需求规范-NRM(V1.4.2)》
20231020-模型名称暂不改（和目前北向对齐）,数组后续版本优化",,20221118-修订
CMCC_TD_LTE_V2.3,中国移动TD-LTE皮站_飞站基站设备网络管理南向接口数据配置模型规范V2.3.xlsx,SF,3,parameter,EPC参数管理,Device.Services.FAPService.{i}.CellConfig.LTE.EPC.EAID,Device,EAID,Y,EAID,EPCEAID,A,,,RW,unsignedInt[0:16777216],,,突发事件区域ID,TR系列规范(TR098/TR181/TR196),修正参数类型,,
CMCC_TD_LTE_V2.3,中国移动TD-LTE皮站_飞站基站设备网络管理南向接口数据配置模型规范V2.3.xlsx,SF,4,parameter,EPC参数管理,Device.Services.FAPService.{i}.CellConfig.LTE.EPC.TAC,Device,TAC,Y,TAC,TAC,A,,Tac,RW,unsignedInt[0:65535],,,跟踪区代码,TR系列规范(TR098/TR181/TR196)/NRM数据配置要求,,,
CMCC_TD_LTE_V2.3,中国移动TD-LTE皮站_飞站基站设备网络管理南向接口数据配置模型规范V2.3.xlsx,SF,3,parameter,EPC参数管理,InternetGatewayDevice.Services.FAPService.{i}.CellConfig.LTE.EPC.EAID,InternetGatewayDevice,EAID,Y,EAID,EPCEAID,A,,,RW,unsignedInt[0:16777216],,,突发事件区域ID,TR系列规范(TR098/TR181/TR196),修正参数类型,,
CMCC_TD_LTE_V2.3,中国移动TD-LTE皮站_飞站基站设备网络管理南向接口数据配置模型规范V2.3.xlsx,SF,4,parameter,EPC参数管理,InternetGatewayDevice.Services.FAPService.{i}.CellConfig.LTE.EPC.TAC,InternetGatewayDevice,TAC,Y,TAC,TAC,A,,Tac,RW,unsignedInt[0:65535],,,跟踪区代码,TR系列规范(TR098/TR181/TR196)/NRM数据配置要求,,,
CMCC_5G_EXT_PICO_V1.9.4,中国移动5G扩展型皮基站网管南向接口数据模型规范v1.9.4.xlsx,SQ,2,parameter,GPS 经纬度信息,Device.FAP.GPS.LockedLatitude,Device,LockedLatitude,N,LockedLatitude,纬度,CB,AA,Latitude,R,int[-90000000:90000000],,,,TR系列规范(TR098/TR181/TR262),,,
CMCC_5G_EXT_PICO_V1.9.4,中国移动5G扩展型皮基站网管南向接口数据模型规范v1.9.4.xlsx,SQ,3,parameter,GPS 经纬度信息,Device.FAP.GPS.LockedLongitude,Device,LockedLongitude,N,LockedLongitude,经度,CB,AA,Longitude,R,int[-180000000:180000000],,,,TR系列规范(TR098/TR181/TR262),,,
CMCC_5G_EXT_PICO_V1.9.4,中国移动5G扩展型皮基站网管南向接口数据模型规范v1.9.4.xlsx,SQ,4,parameter,GPS 经纬度信息,Device.FAP.GPS.NumberOfSatellites,Device,NumberOfSatellites,N,NumberOfSatellites,星个数,CB,,,R,unsignedInt,,,,TR系列规范(TR098/TR181/TR262),,,
CMCC_TD_LTE_V2.3,中国移动TD-LTE皮站_飞站基站设备网络管理南向接口数据配置模型规范V2.3.xlsx,SO,2,parameter,GPS 经纬度信息,InternetGatewayDevice.FAP.GPS.LockedLatitude,InternetGatewayDevice,LockedLatitude,N,LockedLatitude,纬度,CB,,,R,int[-90000000:90000000],,,,TR系列规范(TR098/TR181/TR262),,,
CMCC_TD_LTE_V2.3,中国移动TD-LTE皮站_飞站基站设备网络管理南向接口数据配置模型规范V2.3.xlsx,SO,3,parameter,GPS 经纬度信息,InternetGatewayDevice.FAP.GPS.LockedLongitude,InternetGatewayDevice,LockedLongitude,N,LockedLongitude,经度,CB,,,R,int[-180000000:180000000],,,,TR系列规范(TR098/TR181/TR262),,,
CMCC_TD_LTE_V2.3,中国移动TD-LTE皮站_飞站基站设备网络管理南向接口数据配置模型规范V2.3.xlsx,SO,4,parameter,GPS 经纬度信息,InternetGatewayDevice.FAP.GPS.NumberOfSatellites,InternetGatewayDevice,NumberOfSatellites,N,NumberOfSatellites,星个数,CB,,,R,unsignedInt,,,,TR系列规范(TR098/TR181/TR262),,,
CMCC_TD_LTE_V2.3,中国移动TD-LTE皮站_飞站基站设备网络管理南向接口数据配置模型规范V2.3.xlsx,SI,39,parameter,GSM邻区参数管理,Device.Services.FAPService.{i}.CellConfig.LTE.RAN.NeighborList.InterRATCell.GSM.{i}.BCCHARFCN,Device,BCCHARFCN,Y,BCCHARFCN,BCCH ARFCN,A,,BcchFrequency,RW,unsignedInt[0:1023],,,BCCH载频的ARFCN,TR系列规范(TR098/TR181/TR196)/NRM数据配置要求,,,
CMCC_TD_LTE_V2.3,中国移动TD-LTE皮站_飞站基站设备网络管理南向接口数据配置模型规范V2.3.xlsx,SI,36,parameter,GSM邻区参数管理,Device.Services.FAPService.{i}.CellConfig.LTE.RAN.NeighborList.InterRATCell.GSM.{i}.BSIC,Device,BSIC,Y,BSIC,BSIC,A,,,RW,unsignedInt[0:255],,,小区的BSIC,TR系列规范(TR098/TR181/TR196),,,
CMCC_TD_LTE_V2.3,中国移动TD-LTE皮站_飞站基站设备网络管理南向接口数据配置模型规范V2.3.xlsx,SI,38,parameter,GSM邻区参数管理,Device.Services.FAPService.{i}.CellConfig.LTE.RAN.NeighborList.InterRATCell.GSM.{i}.BandIndicator,Device,BandIndicator,Y,BandIndicator,频段指示,A,,,RW,string,,,"指示频段是DCS1800还是PCS1900
0=DCS 1800
1=PCS 1900",TR系列规范(TR098/TR181/TR196),,,
CMCC_TD_LTE_V2.3,中国移动TD-LTE皮站_飞站基站设备网络管理南向接口数据配置模型规范V2.3.xlsx,SI,37,parameter,GSM邻区参数管理,Device.Services.FAPService.{i}.CellConfig.LTE.RAN.NeighborList.InterRATCell.GSM.{i}.CI,Device,CI,Y,CI,CI,A,,AdjacentCellId,RW,unsignedInt[0:65535],,,小区ID,TR系列规范(TR098/TR181/TR196)/NRM数据配置要求,,,
CMCC_TD_LTE_V2.3,中国移动TD-LTE皮站_飞站基站设备网络管理南向接口数据配置模型规范V2.3.xlsx,SI,35,parameter,GSM邻区参数管理,Device.Services.FAPService.{i}.CellConfig.LTE.RAN.NeighborList.InterRATCell.GSM.{i}.LAC,Device,LAC,Y,LAC,LAC,A,,AdjacentCellId,RW,unsignedInt[0:65535],,,位置区代码,TR系列规范(TR098/TR181/TR196)/NRM数据配置要求,,,
CMCC_TD_LTE_V2.3,中国移动TD-LTE皮站_飞站基站设备网络管理南向接口数据配置模型规范V2.3.xlsx,SI,34,parameter,GSM邻区参数管理,Device.Services.FAPService.{i}.CellConfig.LTE.RAN.NeighborList.InterRATCell.GSM.{i}.PLMNID,Device,PLMNID,Y,PLMNID,PLMN ID,A,,AdjacentCellId,RW,string(6),,,由MCC和MNC组成,TR系列规范(TR098/TR181/TR196)/NRM数据配置要求,,,
CMCC_TD_LTE_V2.3,中国移动TD-LTE皮站_飞站基站设备网络管理南向接口数据配置模型规范V2.3.xlsx,SI,40,parameter,GSM邻区参数管理,Device.Services.FAPService.{i}.CellConfig.LTE.RAN.NeighborList.InterRATCell.GSM.{i}.RAC,Device,RAC,Y,RAC,RAC,A,,RAC,RW,unsignedInt[0:255],,,,NRM数据配置要求,,,
CMCC_TD_LTE_V2.3,中国移动TD-LTE皮站_飞站基站设备网络管理南向接口数据配置模型规范V2.3.xlsx,SI,39,parameter,GSM邻区参数管理,InternetGatewayDevice.Services.FAPService.{i}.CellConfig.LTE.RAN.NeighborList.InterRATCell.GSM.{i}.BCCHARFCN,InternetGatewayDevice,BCCHARFCN,Y,BCCHARFCN,BCCH ARFCN,A,,BcchFrequency,RW,unsignedInt[0:1023],,,BCCH载频的ARFCN,TR系列规范(TR098/TR181/TR196)/NRM数据配置要求,,,
CMCC_TD_LTE_V2.3,中国移动TD-LTE皮站_飞站基站设备网络管理南向接口数据配置模型规范V2.3.xlsx,SI,36,parameter,GSM邻区参数管理,InternetGatewayDevice.Services.FAPService.{i}.CellConfig.LTE.RAN.NeighborList.InterRATCell.GSM.{i}.BSIC,InternetGatewayDevice,BSIC,Y,BSIC,BSIC,A,,,RW,unsignedInt[0:255],,,小区的BSIC,TR系列规范(TR098/TR181/TR196),,,
CMCC_TD_LTE_V2.3,中国移动TD-LTE皮站_飞站基站设备网络管理南向接口数据配置模型规范V2.3.xlsx,SI,38,parameter,GSM邻区参数管理,InternetGatewayDevice.Services.FAPService.{i}.CellConfig.LTE.RAN.NeighborList.InterRATCell.GSM.{i}.BandIndicator,InternetGatewayDevice,BandIndicator,Y,BandIndicator,频段指示,A,,,RW,string,,,"指示频段是DCS1800还是PCS1900
0=DCS 1800
1=PCS 1900",TR系列规范(TR098/TR181/TR196),,,
CMCC_TD_LTE_V2.3,中国移动TD-LTE皮站_飞站基站设备网络管理南向接口数据配置模型规范V2.3.xlsx,SI,37,parameter,GSM邻区参数管理,InternetGatewayDevice.Services.FAPService.{i}.CellConfig.LTE.RAN.NeighborList.InterRATCell.GSM.{i}.CI,InternetGatewayDevice,CI,Y,CI,CI,A,,AdjacentCellId,RW,unsignedInt[0:65535],,,小区ID,TR系列规范(TR098/TR181/TR196)/NRM数据配置要求,,,
CMCC_TD_LTE_V2.3,中国移动TD-LTE皮站_飞站基站设备网络管理南向接口数据配置模型规范V2.3.xlsx,SI,35,parameter,GSM邻区参数管理,InternetGatewayDevice.Services.FAPService.{i}.CellConfig.LTE.RAN.NeighborList.InterRATCell.GSM.{i}.LAC,InternetGatewayDevice,LAC,Y,LAC,LAC,A,,AdjacentCellId,RW,unsignedInt[0:65535],,,位置区代码,TR系列规范(TR098/TR181/TR196)/NRM数据配置要求,,,
CMCC_TD_LTE_V2.3,中国移动TD-LTE皮站_飞站基站设备网络管理南向接口数据配置模型规范V2.3.xlsx,SI,34,parameter,GSM邻区参数管理,InternetGatewayDevice.Services.FAPService.{i}.CellConfig.LTE.RAN.NeighborList.InterRATCell.GSM.{i}.PLMNID,InternetGatewayDevice,PLMNID,Y,PLMNID,PLMN ID,A,,AdjacentCellId,RW,string(6),,,由MCC和MNC组成,TR系列规范(TR098/TR181/TR196)/NRM数据配置要求,,,
CMCC_TD_LTE_V2.3,中国移动TD-LTE皮站_飞站基站设备网络管理南向接口数据配置模型规范V2.3.xlsx,SI,40,parameter,GSM邻区参数管理,InternetGatewayDevice.Services.FAPService.{i}.CellConfig.LTE.RAN.NeighborList.InterRATCell.GSM.{i}.RAC,InternetGatewayDevice,RAC,Y,RAC,RAC,A,,RAC,RW,unsignedInt[0:255],,,,NRM数据配置要求,,,
CMCC_TD_LTE_V2.3,中国移动TD-LTE皮站_飞站基站设备网络管理南向接口数据配置模型规范V2.3.xlsx,SM,5,parameter,IPsec参数管理,Device.IPsec.AHSupported,Device,AHSupported,N,AHSupported,AH是否支持,A,,,R,boolean,,,,TR系列规范(TR181),,,
CMCC_TD_LTE_V2.3,中国移动TD-LTE皮站_飞站基站设备网络管理南向接口数据配置模型规范V2.3.xlsx,SM,7,parameter,IPsec参数管理,Device.IPsec.ESPSupportedEncryptionAlgorithms,Device,ESPSupportedEncryptionAlgorithms,N,ESPSupportedEncryptionAlgorithms,ESP加密算法,A,,,R,string,,,,TR系列规范(TR181),,,
CMCC_TD_LTE_V2.3,中国移动TD-LTE皮站_飞站基站设备网络管理南向接口数据配置模型规范V2.3.xlsx,SM,2,parameter,IPsec参数管理,Device.IPsec.Enable,Device,Enable,N,Enable,开关,A,AX,,RW,boolean,,,,TR系列规范(TR181),,,
CMCC_TD_LTE_V2.3,中国移动TD-LTE皮站_飞站基站设备网络管理南向接口数据配置模型规范V2.3.xlsx,SM,6,parameter,IPsec参数管理,Device.IPsec.IKEv2SupportedEncryptionAlgorithms,Device,IKEv2SupportedEncryptionAlgorithms,N,IKEv2SupportedEncryptionAlgorithms,IKE2加密算法,A,,,R,string,,,,TR系列规范(TR181),,,
CMCC_TD_LTE_V2.3,中国移动TD-LTE皮站_飞站基站设备网络管理南向接口数据配置模型规范V2.3.xlsx,SM,8,parameter,IPsec参数管理,Device.IPsec.IKEv2SupportedPseudoRandomFunctions,Device,IKEv2SupportedPseudoRandomFunctions,N,IKEv2SupportedPseudoRandomFunctions,随机函数,A,,,R,string,,,,TR系列规范(TR181),,,
CMCC_TD_LTE_V2.3,中国移动TD-LTE皮站_飞站基站设备网络管理南向接口数据配置模型规范V2.3.xlsx,SM,3,parameter,IPsec参数管理,Device.IPsec.MyKeyMode,Device,MyKeyMode,N,MyKeyMode,鉴权方式,A,,AuthenticationMethod,RW,string,,,（SIM，CERT，OTHER）,NRM数据配置要求,V2.2工信部要求删除PSK,V2.2工信部要求，K列删除PSK,
CMCC_TD_LTE_V2.3,中国移动TD-LTE皮站_飞站基站设备网络管理南向接口数据配置模型规范V2.3.xlsx,SM,4,parameter,IPsec参数管理,Device.IPsec.Status,Device,Status,N,Status,状态,A,,,R,string,,,"Disabled
Enabled
Error (OPTIONAL)",TR系列规范(TR181),参考TR系列规范(TR181/TR098)规范修改其读写权限,按照修读写权限,
CMCC_TD_LTE_V2.3,中国移动TD-LTE皮站_飞站基站设备网络管理南向接口数据配置模型规范V2.3.xlsx,SM,10,parameter,IPsec参数管理,Device.IPsec.SupportedDiffieHellmanGroupTransforms,Device,SupportedDiffieHellmanGroupTransforms,N,SupportedDiffieHellmanGroupTransforms,Diffie-Hellman交换,A,,,R,string,,,,TR系列规范(TR181),,,
CMCC_TD_LTE_V2.3,中国移动TD-LTE皮站_飞站基站设备网络管理南向接口数据配置模型规范V2.3.xlsx,SM,9,parameter,IPsec参数管理,Device.IPsec.SupportedIntegrityAlgorithms,Device,SupportedIntegrityAlgorithms,N,SupportedIntegrityAlgorithms,完整性算法,A,,,R,string,,,,TR系列规范(TR181),,,
CMCC_TD_LTE_V2.3,中国移动TD-LTE皮站_飞站基站设备网络管理南向接口数据配置模型规范V2.3.xlsx,SM,5,parameter,IPsec参数管理,InternetGatewayDevice.IPsec.AHSupported,InternetGatewayDevice,AHSupported,N,AHSupported,AH是否支持,A,,,R,boolean,,,,TR系列规范(TR181),,,
CMCC_TD_LTE_V2.3,中国移动TD-LTE皮站_飞站基站设备网络管理南向接口数据配置模型规范V2.3.xlsx,SM,7,parameter,IPsec参数管理,InternetGatewayDevice.IPsec.ESPSupportedEncryptionAlgorithms,InternetGatewayDevice,ESPSupportedEncryptionAlgorithms,N,ESPSupportedEncryptionAlgorithms,ESP加密算法,A,,,R,string,,,,TR系列规范(TR181),,,
CMCC_TD_LTE_V2.3,中国移动TD-LTE皮站_飞站基站设备网络管理南向接口数据配置模型规范V2.3.xlsx,SM,2,parameter,IPsec参数管理,InternetGatewayDevice.IPsec.Enable,InternetGatewayDevice,Enable,N,Enable,开关,A,AX,,RW,boolean,,,,TR系列规范(TR181),,,
CMCC_TD_LTE_V2.3,中国移动TD-LTE皮站_飞站基站设备网络管理南向接口数据配置模型规范V2.3.xlsx,SM,6,parameter,IPsec参数管理,InternetGatewayDevice.IPsec.IKEv2SupportedEncryptionAlgorithms,InternetGatewayDevice,IKEv2SupportedEncryptionAlgorithms,N,IKEv2SupportedEncryptionAlgorithms,IKE2加密算法,A,,,R,string,,,,TR系列规范(TR181),,,
CMCC_TD_LTE_V2.3,中国移动TD-LTE皮站_飞站基站设备网络管理南向接口数据配置模型规范V2.3.xlsx,SM,8,parameter,IPsec参数管理,InternetGatewayDevice.IPsec.IKEv2SupportedPseudoRandomFunctions,InternetGatewayDevice,IKEv2SupportedPseudoRandomFunctions,N,IKEv2SupportedPseudoRandomFunctions,随机函数,A,,,R,string,,,,TR系列规范(TR181),,,
CMCC_TD_LTE_V2.3,中国移动TD-LTE皮站_飞站基站设备网络管理南向接口数据配置模型规范V2.3.xlsx,SM,3,parameter,IPsec参数管理,InternetGatewayDevice.IPsec.MyKeyMode,InternetGatewayDevice,MyKeyMode,N,MyKeyMode,鉴权方式,A,,AuthenticationMethod,RW,string,,,（SIM，CERT，OTHER）,NRM数据配置要求,V2.2工信部要求删除PSK,V2.2工信部要求，K列删除PSK,
CMCC_TD_LTE_V2.3,中国移动TD-LTE皮站_飞站基站设备网络管理南向接口数据配置模型规范V2.3.xlsx,SM,4,parameter,IPsec参数管理,InternetGatewayDevice.IPsec.Status,InternetGatewayDevice,Status,N,Status,状态,A,,,R,string,,,"Disabled
Enabled
Error (OPTIONAL)",TR系列规范(TR181),参考TR系列规范(TR181/TR098)规范修改其读写权限,按照修读写权限,
CMCC_TD_LTE_V2.3,中国移动TD-LTE皮站_飞站基站设备网络管理南向接口数据配置模型规范V2.3.xlsx,SM,10,parameter,IPsec参数管理,InternetGatewayDevice.IPsec.SupportedDiffieHellmanGroupTransforms,InternetGatewayDevice,SupportedDiffieHellmanGroupTransforms,N,SupportedDiffieHellmanGroupTransforms,Diffie-Hellman交换,A,,,R,string,,,,TR系列规范(TR181),,,
CMCC_TD_LTE_V2.3,中国移动TD-LTE皮站_飞站基站设备网络管理南向接口数据配置模型规范V2.3.xlsx,SM,9,parameter,IPsec参数管理,InternetGatewayDevice.IPsec.SupportedIntegrityAlgorithms,InternetGatewayDevice,SupportedIntegrityAlgorithms,N,SupportedIntegrityAlgorithms,完整性算法,A,,,R,string,,,,TR系列规范(TR181),,,
CMCC_5G_EXT_PICO_V1.9.4,中国移动5G扩展型皮基站网管南向接口数据模型规范v1.9.4.xlsx,SH,3,parameter,IP五元组分流规则参数管理,Device.Services.FAPService.{i}.FAPControl.LocalBreakout.IpRules.Enable,Device,Enable,Y,Enable,IP五元组规则开关,CB,,,RW,boolean,,,"0:关闭
1:开启",,,,
CMCC_5G_EXT_PICO_V1.9.4,中国移动5G扩展型皮基站网管南向接口数据模型规范v1.9.4.xlsx,SH,4,parameter,IP五元组分流规则参数管理,Device.Services.FAPService.{i}.FAPControl.LocalBreakout.IpRules.RuleList.{i}.IPversion,Device,IPversion,Y,Ipversion,IP版本,CB,,,RW,unsignedInt[1:2],,,"1:IPv4
2:IPv6",,,,
CMCC_5G_EXT_PICO_V1.9.4,中国移动5G扩展型皮基站网管南向接口数据模型规范v1.9.4.xlsx,SH,15,parameter,IP五元组分流规则参数管理,Device.Services.FAPService.{i}.FAPControl.LocalBreakout.IpRules.RuleList.{i}.ProtocolType,Device,ProtocolType,Y,ProtocolType,传输协议,CB,,,RW,string,,,,,,,
CMCC_5G_EXT_PICO_V1.9.4,中国移动5G扩展型皮基站网管南向接口数据模型规范v1.9.4.xlsx,SH,5,parameter,IP五元组分流规则参数管理,Device.Services.FAPService.{i}.FAPControl.LocalBreakout.IpRules.RuleList.{i}.SourceIP,Device,SourceIP,Y,SourceIP,源端IP地址,CB,,,RW,string(15),,,,,,,
CMCC_5G_EXT_PICO_V1.9.4,中国移动5G扩展型皮基站网管南向接口数据模型规范v1.9.4.xlsx,SH,7,parameter,IP五元组分流规则参数管理,Device.Services.FAPService.{i}.FAPControl.LocalBreakout.IpRules.RuleList.{i}.SourceIPv6,Device,SourceIPv6,Y,SourceIPv6,源端IPv6地址,CB,,,RW,string(64),,,,,,,
CMCC_5G_EXT_PICO_V1.9.4,中国移动5G扩展型皮基站网管南向接口数据模型规范v1.9.4.xlsx,SH,6,parameter,IP五元组分流规则参数管理,Device.Services.FAPService.{i}.FAPControl.LocalBreakout.IpRules.RuleList.{i}.SourceMask,Device,SourceMask,Y,SourceMask,源端子网掩码,CB,,,RW,string(15),,,,,,,
CMCC_5G_EXT_PICO_V1.9.4,中国移动5G扩展型皮基站网管南向接口数据模型规范v1.9.4.xlsx,SH,9,parameter,IP五元组分流规则参数管理,Device.Services.FAPService.{i}.FAPControl.LocalBreakout.IpRules.RuleList.{i}.SourcePort,Device,SourcePort,Y,SourcePort,源端端口,CB,,,RW,string,,,,,,,
CMCC_5G_EXT_PICO_V1.9.4,中国移动5G扩展型皮基站网管南向接口数据模型规范v1.9.4.xlsx,SH,8,parameter,IP五元组分流规则参数管理,Device.Services.FAPService.{i}.FAPControl.LocalBreakout.IpRules.RuleList.{i}.SourcePrefixLength,Device,SourcePrefixLength,Y,SourcePrefixLength,源端前缀长度,CB,,,RW,unsignedInt[1:128],,,,,,,
CMCC_5G_EXT_PICO_V1.9.4,中国移动5G扩展型皮基站网管南向接口数据模型规范v1.9.4.xlsx,SH,10,parameter,IP五元组分流规则参数管理,Device.Services.FAPService.{i}.FAPControl.LocalBreakout.IpRules.RuleList.{i}.TargetIP,Device,TargetIP,Y,TargetIP,目的端IP地址,CB,,,RW,string(15),,,,,,,
CMCC_5G_EXT_PICO_V1.9.4,中国移动5G扩展型皮基站网管南向接口数据模型规范v1.9.4.xlsx,SH,12,parameter,IP五元组分流规则参数管理,Device.Services.FAPService.{i}.FAPControl.LocalBreakout.IpRules.RuleList.{i}.TargetIPv6,Device,TargetIPv6,Y,TargetIPv6,目的端IPv6地址,CB,,,RW,string(64),,,,,,,
CMCC_5G_EXT_PICO_V1.9.4,中国移动5G扩展型皮基站网管南向接口数据模型规范v1.9.4.xlsx,SH,11,parameter,IP五元组分流规则参数管理,Device.Services.FAPService.{i}.FAPControl.LocalBreakout.IpRules.RuleList.{i}.TargetMask,Device,TargetMask,Y,TargetMask,目的端子网掩码,CB,,,RW,string(15),,,,,,,
CMCC_5G_EXT_PICO_V1.9.4,中国移动5G扩展型皮基站网管南向接口数据模型规范v1.9.4.xlsx,SH,14,parameter,IP五元组分流规则参数管理,Device.Services.FAPService.{i}.FAPControl.LocalBreakout.IpRules.RuleList.{i}.TargetPort,Device,TargetPort,Y,TargetPort,目的端端口,CB,,,RW,string,,,,,,,
CMCC_5G_EXT_PICO_V1.9.4,中国移动5G扩展型皮基站网管南向接口数据模型规范v1.9.4.xlsx,SH,13,parameter,IP五元组分流规则参数管理,Device.Services.FAPService.{i}.FAPControl.LocalBreakout.IpRules.RuleList.{i}.TargetPrefixLength,Device,TargetPrefixLength,Y,TargetPrefixLength,目的端前缀长度,CB,,,RW,unsignedInt[1:128],,,,,,,
CMCC_TD_LTE_V2.3,中国移动TD-LTE皮站_飞站基站设备网络管理南向接口数据配置模型规范V2.3.xlsx,SI,21,parameter,LTE邻区参数管理,Device.Services.FAPService.{i}.CellConfig.LTE.RAN.NeighborList.LTECell.{i}.Blacklisted,Device,Blacklisted,Y,Blacklisted,禁止切换标识,A,,,RW,boolean,,,"邻小区是否可以被UE作为切换目标，
1=禁止向该小区切换；
0=允许向该小区切换",TR系列规范(TR098/TR181/TR196),,,
CMCC_TD_LTE_V2.3,中国移动TD-LTE皮站_飞站基站设备网络管理南向接口数据配置模型规范V2.3.xlsx,SI,15,parameter,LTE邻区参数管理,Device.Services.FAPService.{i}.CellConfig.LTE.RAN.NeighborList.LTECell.{i}.CID,Device,CID,Y,CID,邻区CID,A,,Tci,RW,unsignedInt[1:268435455],,,邻区CID（28bit）,TR系列规范(TR098/TR181/TR196)/NRM数据配置要求,,,
CMCC_TD_LTE_V2.3,中国移动TD-LTE皮站_飞站基站设备网络管理南向接口数据配置模型规范V2.3.xlsx,SI,19,parameter,LTE邻区参数管理,Device.Services.FAPService.{i}.CellConfig.LTE.RAN.NeighborList.LTECell.{i}.CIO,Device,CIO,Y,CIO,小区独立偏移量,A,,,RW,"int[-24:-8, -6:6, 8:24]",,,邻区的小区独立偏移量,TR系列规范(TR098/TR181/TR196),,,
CMCC_TD_LTE_V2.3,中国移动TD-LTE皮站_飞站基站设备网络管理南向接口数据配置模型规范V2.3.xlsx,SI,16,parameter,LTE邻区参数管理,Device.Services.FAPService.{i}.CellConfig.LTE.RAN.NeighborList.LTECell.{i}.EUTRACarrierARFCN,Device,EUTRACarrierARFCN,Y,EUTRACarrierARFCN,邻区EARFCN,A,,Earfcn,RW,unsignedInt[0:65535],,,邻区载频的EARFCN,TR系列规范(TR098/TR181/TR196)/NRM数据配置要求,,,
CMCC_TD_LTE_V2.3,中国移动TD-LTE皮站_飞站基站设备网络管理南向接口数据配置模型规范V2.3.xlsx,SI,23,parameter,LTE邻区参数管理,Device.Services.FAPService.{i}.CellConfig.LTE.RAN.NeighborList.LTECell.{i}.EnbType,Device,EnbType,Y,EnbType,邻区基站类型,A,,,RW,unsignedInt,,,"基站类型
0=宏站小区
1=微站小区",,,,
CMCC_TD_LTE_V2.3,中国移动TD-LTE皮站_飞站基站设备网络管理南向接口数据配置模型规范V2.3.xlsx,SI,14,parameter,LTE邻区参数管理,Device.Services.FAPService.{i}.CellConfig.LTE.RAN.NeighborList.LTECell.{i}.PLMNID,Device,PLMNID,Y,PLMNID,邻区PLMN ID,A,AK、AL、AM,Tci,RW,string(6),,,邻区PLMN ID，由MCC和MNC组成,TR系列规范(TR098/TR181/TR196)/NRM数据配置要求,,,
CMCC_TD_LTE_V2.3,中国移动TD-LTE皮站_飞站基站设备网络管理南向接口数据配置模型规范V2.3.xlsx,SI,17,parameter,LTE邻区参数管理,Device.Services.FAPService.{i}.CellConfig.LTE.RAN.NeighborList.LTECell.{i}.PhyCellID,Device,PhyCellID,Y,PhyCellID,邻区PCI,A,,Pci,RW,unsignedInt[0:503],,,邻区PCI,TR系列规范(TR098/TR181/TR196)/NRM数据配置要求,,,
CMCC_TD_LTE_V2.3,中国移动TD-LTE皮站_飞站基站设备网络管理南向接口数据配置模型规范V2.3.xlsx,SI,18,parameter,LTE邻区参数管理,Device.Services.FAPService.{i}.CellConfig.LTE.RAN.NeighborList.LTECell.{i}.QOffset,Device,QOffset,Y,QOffset,小区特定偏移量,A,,QOffsetCell,RW,"int[-24:-8, -6:6, 8:24]",,,邻区的小区特定偏移量,TR系列规范(TR098/TR181/TR196)/NRM数据配置要求,,,
CMCC_TD_LTE_V2.3,中国移动TD-LTE皮站_飞站基站设备网络管理南向接口数据配置模型规范V2.3.xlsx,SI,20,parameter,LTE邻区参数管理,Device.Services.FAPService.{i}.CellConfig.LTE.RAN.NeighborList.LTECell.{i}.RSTxPower,Device,RSTxPower,Y,RSTxPower,参考信号发射功率,A,,,RW,int[-60:50],,,参考信号发射功率,TR系列规范(TR098/TR181/TR196),,,
CMCC_TD_LTE_V2.3,中国移动TD-LTE皮站_飞站基站设备网络管理南向接口数据配置模型规范V2.3.xlsx,SI,22,parameter,LTE邻区参数管理,Device.Services.FAPService.{i}.CellConfig.LTE.RAN.NeighborList.LTECell.{i}.TAC,Device,TAC,Y,TAC,邻区TAC,A,,,RW,unsignedInt[0:65535],,,TAC,NRM数据配置要求,,,
CMCC_5G_EXT_PICO_V1.9.4,中国移动5G扩展型皮基站网管南向接口数据模型规范v1.9.4.xlsx,SL,26,parameter,LTE邻区参数管理,Device.Services.FAPService.{i}.CellConfig.{i}.NR.RAN.NeighborList.LTECell.{i}.Blacklisted,Device,Blacklisted,Y,Blacklisted,禁止切换标识,A,,,RW,boolean,,,"邻小区是否可以被UE作为切换目标，
1=禁止向该小区切换；
0=允许向该小区切换",3GPP TS38.331,,,
CMCC_5G_EXT_PICO_V1.9.4,中国移动5G扩展型皮基站网管南向接口数据模型规范v1.9.4.xlsx,SL,19,parameter,LTE邻区参数管理,Device.Services.FAPService.{i}.CellConfig.{i}.NR.RAN.NeighborList.LTECell.{i}.CID,Device,CID,Y,CID,邻区CID,A,AJ,Tci,RW,unsignedInt[1:268435455],,,邻区CID（28bit）,3GPP TS38.331,20231020-可以根据EnbType确定enbID长度，不需要增加长度参数,,
CMCC_5G_EXT_PICO_V1.9.4,中国移动5G扩展型皮基站网管南向接口数据模型规范v1.9.4.xlsx,SL,25,parameter,LTE邻区参数管理,Device.Services.FAPService.{i}.CellConfig.{i}.NR.RAN.NeighborList.LTECell.{i}.CIO,Device,CIO,Y,CIO,小区独立偏移量,A,,,RW,"int[-24:-8, -6:6, 8:24]",,,邻区的小区独立偏移量，-6到6区间的步长为1dB，其他区间步长为2dB,3GPP TS38.331,,,
CMCC_5G_EXT_PICO_V1.9.4,中国移动5G扩展型皮基站网管南向接口数据模型规范v1.9.4.xlsx,SL,20,parameter,LTE邻区参数管理,Device.Services.FAPService.{i}.CellConfig.{i}.NR.RAN.NeighborList.LTECell.{i}.EUTRACarrierARFCN,Device,EUTRACarrierARFCN,Y,EUTRACarrierARFCN,邻区EARFCN,A,AJ,DlEarfcn,RW,unsignedInt[0:65535],,,邻区载频的EARFCN,3GPP TS38.331,,,
CMCC_5G_EXT_PICO_V1.9.4,中国移动5G扩展型皮基站网管南向接口数据模型规范v1.9.4.xlsx,SL,28,parameter,LTE邻区参数管理,Device.Services.FAPService.{i}.CellConfig.{i}.NR.RAN.NeighborList.LTECell.{i}.EnbType,Device,EnbType,Y,EnbType,邻区基站类型,A,,,RW,unsignedInt,,,"基站类型
0 = macroNgENBID
1 = shortMacroNgENBID
2 = longMacroNgENBID",3GPP TS38.331,,,"20231020-修改基站类型与3gpp38413 9.3.1.8 Global保持一致。基站类型定义如下：
0 = macroNgENBID
1 = shortMacroNgENBID
2 = longMacroNgENBID"
CMCC_5G_EXT_PICO_V1.9.4,中国移动5G扩展型皮基站网管南向接口数据模型规范v1.9.4.xlsx,SL,29,parameter,LTE邻区参数管理,Device.Services.FAPService.{i}.CellConfig.{i}.NR.RAN.NeighborList.LTECell.{i}.NoHOEnable,Device,NoHOEnable,Y,NoHOEnable,禁止切换标识,A,,,RW,boolean,,,"邻小区是否可以被UE作为切换目标，
1=禁止向该小区切换；
0=允许向该小区切换",<<5G NR扩展型皮基站设备规范—SON分册>>,,,
CMCC_5G_EXT_PICO_V1.9.4,中国移动5G扩展型皮基站网管南向接口数据模型规范v1.9.4.xlsx,SL,30,parameter,LTE邻区参数管理,Device.Services.FAPService.{i}.CellConfig.{i}.NR.RAN.NeighborList.LTECell.{i}.NoRemoveEnable,Device,NoRemoveEnable,Y,NoRemoveEnable,禁止删除标识,A,,,RW,boolean,,,"该标志位被设置后， 该邻区不允许被删除，
1=禁止删除该邻区；
0=允许删除该邻区",<<5G NR扩展型皮基站设备规范—SON分册>>,,,20231020-将参数名称修改为NoRemoveEnable
CMCC_5G_EXT_PICO_V1.9.4,中国移动5G扩展型皮基站网管南向接口数据模型规范v1.9.4.xlsx,SL,18,parameter,LTE邻区参数管理,Device.Services.FAPService.{i}.CellConfig.{i}.NR.RAN.NeighborList.LTECell.{i}.PLMNID,Device,PLMNID,Y,PLMNID,邻区PLMN ID,A,AJ,Tci,RW,string(6),,,邻区PLMN ID，由MCC和MNC组成,3GPP TS38.331,,,
CMCC_5G_EXT_PICO_V1.9.4,中国移动5G扩展型皮基站网管南向接口数据模型规范v1.9.4.xlsx,SL,21,parameter,LTE邻区参数管理,Device.Services.FAPService.{i}.CellConfig.{i}.NR.RAN.NeighborList.LTECell.{i}.PhyCellID,Device,PhyCellID,Y,PhyCellID,邻区PCI,A,AJ,Pci,RW,unsignedInt[0:503],,,4G邻区PCI,3GPP TS38.331,,,
CMCC_5G_EXT_PICO_V1.9.4,中国移动5G扩展型皮基站网管南向接口数据模型规范v1.9.4.xlsx,SL,24,parameter,LTE邻区参数管理,Device.Services.FAPService.{i}.CellConfig.{i}.NR.RAN.NeighborList.LTECell.{i}.QQualMinOffsetCell,Device,QQualMinOffsetCell,Y,QQualMinOffsetCell,小区专用最低接入信号质量偏移值,A,,,RW,"unsignedInt[1:8, 0x0000000F]",,,"取值范围：(1..8, 0x0000000F)
0x0000000F代表这个参数不存在",3GPP TS38.331,,,
CMCC_5G_EXT_PICO_V1.9.4,中国移动5G扩展型皮基站网管南向接口数据模型规范v1.9.4.xlsx,SL,23,parameter,LTE邻区参数管理,Device.Services.FAPService.{i}.CellConfig.{i}.NR.RAN.NeighborList.LTECell.{i}.QRxLevMinOffsetCell,Device,QRxLevMinOffsetCell,Y,QRxLevMinOffsetCell,小区专用最小接收电平偏移量,A,,,RW,"unsignedInt[1:8, 0x0000000F]",,,"取值范围：(1..8,0x0000000F)
0x0000000F代表这个参数不存在",3GPP TS38.331,,,
CMCC_5G_EXT_PICO_V1.9.4,中国移动5G扩展型皮基站网管南向接口数据模型规范v1.9.4.xlsx,SL,22,parameter,LTE邻区参数管理,Device.Services.FAPService.{i}.CellConfig.{i}.NR.RAN.NeighborList.LTECell.{i}.Qoffset,Device,Qoffset,Y,Qoffset,小区特定偏移量,A,,,RW,"int[-24:-8, -6:6, 8:24]",,,邻区的小区特定偏移量，-6到6区间的步长为1dB，其他区间步长为2dB,3GPP TS38.331,,,
CMCC_5G_EXT_PICO_V1.9.4,中国移动5G扩展型皮基站网管南向接口数据模型规范v1.9.4.xlsx,SL,27,parameter,LTE邻区参数管理,Device.Services.FAPService.{i}.CellConfig.{i}.NR.RAN.NeighborList.LTECell.{i}.TAC,Device,TAC,Y,TAC,邻区TAC,A,AJ,Tac,RW,unsignedInt[0:65535],,,TAC（16bit）,3GPP TS38.331,,,
CMCC_5G_EXT_PICO_V1.9.4,中国移动5G扩展型皮基站网管南向接口数据模型规范v1.9.4.xlsx,SL,17,parameter,LTE邻区参数管理,Device.Services.FAPService.{i}.CellConfig.{i}.NR.RAN.NeighborList.LTECell.{i}.TcRAT,Device,TcRAT,Y,TcRAT,LTE小区制式,B,AJ,TcRAT,RW,"unsignedInt[1,2]",,,"改参数用于指示该邻区关系对应的LTE邻区制式，{1:TDD,2:FDD}。",5G SA gNB网元统计数据需求规范-NRM(V1.4.2),,,
CMCC_TD_LTE_V2.3,中国移动TD-LTE皮站_飞站基站设备网络管理南向接口数据配置模型规范V2.3.xlsx,SI,21,parameter,LTE邻区参数管理,InternetGatewayDevice.Services.FAPService.{i}.CellConfig.LTE.RAN.NeighborList.LTECell.{i}.Blacklisted,InternetGatewayDevice,Blacklisted,Y,Blacklisted,禁止切换标识,A,,,RW,boolean,,,"邻小区是否可以被UE作为切换目标，
1=禁止向该小区切换；
0=允许向该小区切换",TR系列规范(TR098/TR181/TR196),,,
CMCC_TD_LTE_V2.3,中国移动TD-LTE皮站_飞站基站设备网络管理南向接口数据配置模型规范V2.3.xlsx,SI,15,parameter,LTE邻区参数管理,InternetGatewayDevice.Services.FAPService.{i}.CellConfig.LTE.RAN.NeighborList.LTECell.{i}.CID,InternetGatewayDevice,CID,Y,CID,邻区CID,A,,Tci,RW,unsignedInt[1:268435455],,,邻区CID（28bit）,TR系列规范(TR098/TR181/TR196)/NRM数据配置要求,,,
CMCC_TD_LTE_V2.3,中国移动TD-LTE皮站_飞站基站设备网络管理南向接口数据配置模型规范V2.3.xlsx,SI,19,parameter,LTE邻区参数管理,InternetGatewayDevice.Services.FAPService.{i}.CellConfig.LTE.RAN.NeighborList.LTECell.{i}.CIO,InternetGatewayDevice,CIO,Y,CIO,小区独立偏移量,A,,,RW,"int[-24:-8, -6:6, 8:24]",,,邻区的小区独立偏移量,TR系列规范(TR098/TR181/TR196),,,
CMCC_TD_LTE_V2.3,中国移动TD-LTE皮站_飞站基站设备网络管理南向接口数据配置模型规范V2.3.xlsx,SI,16,parameter,LTE邻区参数管理,InternetGatewayDevice.Services.FAPService.{i}.CellConfig.LTE.RAN.NeighborList.LTECell.{i}.EUTRACarrierARFCN,InternetGatewayDevice,EUTRACarrierARFCN,Y,EUTRACarrierARFCN,邻区EARFCN,A,,Earfcn,RW,unsignedInt[0:65535],,,邻区载频的EARFCN,TR系列规范(TR098/TR181/TR196)/NRM数据配置要求,,,
CMCC_TD_LTE_V2.3,中国移动TD-LTE皮站_飞站基站设备网络管理南向接口数据配置模型规范V2.3.xlsx,SI,23,parameter,LTE邻区参数管理,InternetGatewayDevice.Services.FAPService.{i}.CellConfig.LTE.RAN.NeighborList.LTECell.{i}.EnbType,InternetGatewayDevice,EnbType,Y,EnbType,邻区基站类型,A,,,RW,unsignedInt,,,"基站类型
0=宏站小区
1=微站小区",,,,
CMCC_TD_LTE_V2.3,中国移动TD-LTE皮站_飞站基站设备网络管理南向接口数据配置模型规范V2.3.xlsx,SI,14,parameter,LTE邻区参数管理,InternetGatewayDevice.Services.FAPService.{i}.CellConfig.LTE.RAN.NeighborList.LTECell.{i}.PLMNID,InternetGatewayDevice,PLMNID,Y,PLMNID,邻区PLMN ID,A,AK、AL、AM,Tci,RW,string(6),,,邻区PLMN ID，由MCC和MNC组成,TR系列规范(TR098/TR181/TR196)/NRM数据配置要求,,,
CMCC_TD_LTE_V2.3,中国移动TD-LTE皮站_飞站基站设备网络管理南向接口数据配置模型规范V2.3.xlsx,SI,17,parameter,LTE邻区参数管理,InternetGatewayDevice.Services.FAPService.{i}.CellConfig.LTE.RAN.NeighborList.LTECell.{i}.PhyCellID,InternetGatewayDevice,PhyCellID,Y,PhyCellID,邻区PCI,A,,Pci,RW,unsignedInt[0:503],,,邻区PCI,TR系列规范(TR098/TR181/TR196)/NRM数据配置要求,,,
CMCC_TD_LTE_V2.3,中国移动TD-LTE皮站_飞站基站设备网络管理南向接口数据配置模型规范V2.3.xlsx,SI,18,parameter,LTE邻区参数管理,InternetGatewayDevice.Services.FAPService.{i}.CellConfig.LTE.RAN.NeighborList.LTECell.{i}.QOffset,InternetGatewayDevice,QOffset,Y,QOffset,小区特定偏移量,A,,QOffsetCell,RW,"int[-24:-8, -6:6, 8:24]",,,邻区的小区特定偏移量,TR系列规范(TR098/TR181/TR196)/NRM数据配置要求,,,
CMCC_TD_LTE_V2.3,中国移动TD-LTE皮站_飞站基站设备网络管理南向接口数据配置模型规范V2.3.xlsx,SI,20,parameter,LTE邻区参数管理,InternetGatewayDevice.Services.FAPService.{i}.CellConfig.LTE.RAN.NeighborList.LTECell.{i}.RSTxPower,InternetGatewayDevice,RSTxPower,Y,RSTxPower,参考信号发射功率,A,,,RW,int[-60:50],,,参考信号发射功率,TR系列规范(TR098/TR181/TR196),,,
CMCC_TD_LTE_V2.3,中国移动TD-LTE皮站_飞站基站设备网络管理南向接口数据配置模型规范V2.3.xlsx,SI,22,parameter,LTE邻区参数管理,InternetGatewayDevice.Services.FAPService.{i}.CellConfig.LTE.RAN.NeighborList.LTECell.{i}.TAC,InternetGatewayDevice,TAC,Y,TAC,邻区TAC,A,,,RW,unsignedInt[0:65535],,,TAC,NRM数据配置要求,,,
CMCC_TD_LTE_V2.3,中国移动TD-LTE皮站_飞站基站设备网络管理南向接口数据配置模型规范V2.3.xlsx,SH,53,parameter,MAC层参数管理,Device.Services.FAPService.{i}.CellConfig.LTE.RAN.MAC.DRX.DRXEnabled,Device,DRXEnabled,Y,DRXEnabled,DRX功能开关,A,,DrxSwitch,RW,Boolean,,,"指示DRX操作是否使能;(0=false,1=true)",TR系列规范(TR098/TR181/TR196)/NRM数据配置要求,,,
CMCC_TD_LTE_V2.3,中国移动TD-LTE皮站_飞站基站设备网络管理南向接口数据配置模型规范V2.3.xlsx,SH,56,parameter,MAC层参数管理,Device.Services.FAPService.{i}.CellConfig.LTE.RAN.MAC.DrxInitialParam.{i}.DRXInactivityTimer,Device,DRXInactivityTimer,Y,DRXInactivityTimer,DRX非激活定时器,A,,DrxInactivityTimer,RW,string(64),,,,,,,
CMCC_TD_LTE_V2.3,中国移动TD-LTE皮站_飞站基站设备网络管理南向接口数据配置模型规范V2.3.xlsx,SH,57,parameter,MAC层参数管理,Device.Services.FAPService.{i}.CellConfig.LTE.RAN.MAC.DrxInitialParam.{i}.DRXRetransmissionTimer,Device,DRXRetransmissionTimer,Y,DRXRetransmissionTimer,DRX等待重传定时器,A,,DrxRetransmissionTimer,RW,string(32),,,,,,,
CMCC_TD_LTE_V2.3,中国移动TD-LTE皮站_飞站基站设备网络管理南向接口数据配置模型规范V2.3.xlsx,SH,54,parameter,MAC层参数管理,Device.Services.FAPService.{i}.CellConfig.LTE.RAN.MAC.DrxInitialParam.{i}.DRXShortCycleTimer,Device,DRXShortCycleTimer,Y,DRXShortCycleTimer,DRX短周期定时器,A,,DrxShortCycleTimer,RW,string(64),,,实例号即为QCI值即，实例1~9，设备固定生成9个实例,NRM数据配置要求,,根据北向要求重新定义模型,
CMCC_TD_LTE_V2.3,中国移动TD-LTE皮站_飞站基站设备网络管理南向接口数据配置模型规范V2.3.xlsx,SH,58,parameter,MAC层参数管理,Device.Services.FAPService.{i}.CellConfig.LTE.RAN.MAC.DrxInitialParam.{i}.LongDRXCycle,Device,LongDRXCycle,Y,LongDRXCycle,DRX长周期,A,,LongDrxCycle,RW,string(128),,,"DRX长周期，以子帧数目表示。
表示子帧数目",,,,
CMCC_TD_LTE_V2.3,中国移动TD-LTE皮站_飞站基站设备网络管理南向接口数据配置模型规范V2.3.xlsx,SH,55,parameter,MAC层参数管理,Device.Services.FAPService.{i}.CellConfig.LTE.RAN.MAC.DrxInitialParam.{i}.ONDurationTimer,Device,ONDurationTimer,Y,ONDurationTimer,DRX持续时间定时器,A,,OnDurationTimer,RW,string(64),,,,,,,
CMCC_TD_LTE_V2.3,中国移动TD-LTE皮站_飞站基站设备网络管理南向接口数据配置模型规范V2.3.xlsx,SH,59,parameter,MAC层参数管理,Device.Services.FAPService.{i}.CellConfig.LTE.RAN.MAC.DrxInitialParam.{i}.ShortDRXCycle,Device,ShortDRXCycle,Y,ShortDRXCycle,DRX短周期,A,,ShortDrxCycle,RW,string(64),,,"DRX短周期，以子帧数目表示。
表示子帧数目",,,,
CMCC_TD_LTE_V2.3,中国移动TD-LTE皮站_飞站基站设备网络管理南向接口数据配置模型规范V2.3.xlsx,SH,51,parameter,MAC层参数管理,Device.Services.FAPService.{i}.CellConfig.LTE.RAN.MAC.RACH.ContentionResolutionTimer,Device,ContentionResolutionTimer,Y,ContentionReslutionTimer,冲突解决定时器,A,,,RW,string(32),,,"冲突解决定时器
表示子帧个数",TR系列规范(TR098/TR181/TR196),,,
CMCC_TD_LTE_V2.3,中国移动TD-LTE皮站_飞站基站设备网络管理南向接口数据配置模型规范V2.3.xlsx,SH,52,parameter,MAC层参数管理,Device.Services.FAPService.{i}.CellConfig.LTE.RAN.MAC.RACH.MaxHARQMsg3Tx,Device,MaxHARQMsg3Tx,Y,MaxHARQMsg3Tx,Msg3HARQ最大传输次数,A,,,RW,string(32),,,通过RRC的Msg3HARQ最大传输数目,TR系列规范(TR098/TR181/TR196),,,
CMCC_TD_LTE_V2.3,中国移动TD-LTE皮站_飞站基站设备网络管理南向接口数据配置模型规范V2.3.xlsx,SH,46,parameter,MAC层参数管理,Device.Services.FAPService.{i}.CellConfig.LTE.RAN.MAC.RACH.MessagePowerOffsetGroupB,Device,MessagePowerOffsetGroupB,Y,MessagePowerOffsetGroupB,组B功率补偿信息,A,,,RW,string(32),,,"前导码选择门限，选定组A或组B时的约束条件之一
单位：dB",TR系列规范(TR098/TR181/TR196),,,
CMCC_TD_LTE_V2.3,中国移动TD-LTE皮站_飞站基站设备网络管理南向接口数据配置模型规范V2.3.xlsx,SH,45,parameter,MAC层参数管理,Device.Services.FAPService.{i}.CellConfig.LTE.RAN.MAC.RACH.MessageSizeGroupA,Device,MessageSizeGroupA,Y,MessageSizeGroupA,组A信息大小,A,,,RW,string(32),,,"前导码选择门限，选定组A或组B时的约束条件之一
单位：bit",TR系列规范(TR098/TR181/TR196),,,
CMCC_TD_LTE_V2.3,中国移动TD-LTE皮站_飞站基站设备网络管理南向接口数据配置模型规范V2.3.xlsx,SH,43,parameter,MAC层参数管理,Device.Services.FAPService.{i}.CellConfig.LTE.RAN.MAC.RACH.NumberOfRaPreambles,Device,NumberOfRaPreambles,Y,NumberOfRaPreambles,竞争随机接入前导码数,A,AR、AJ、AV,,RW,string(64),,,非专用随机接入前导码数目,TR系列规范(TR098/TR181/TR196),,,
CMCC_TD_LTE_V2.3,中国移动TD-LTE皮站_飞站基站设备网络管理南向接口数据配置模型规范V2.3.xlsx,SH,47,parameter,MAC层参数管理,Device.Services.FAPService.{i}.CellConfig.LTE.RAN.MAC.RACH.PowerRampingStep,Device,PowerRampingStep,Y,PowerRampingStep,功率增加补偿,A,,,RW,string(16),,,"随机接入失败后的前导码传输之间的功率增长因子
单位：dB",TR系列规范(TR098/TR181/TR196),,,
CMCC_TD_LTE_V2.3,中国移动TD-LTE皮站_飞站基站设备网络管理南向接口数据配置模型规范V2.3.xlsx,SH,48,parameter,MAC层参数管理,Device.Services.FAPService.{i}.CellConfig.LTE.RAN.MAC.RACH.PreambleInitialReceivedTargetPower,Device,PreambleInitialReceivedTargetPower,Y,PreambleInitialReceivedTargetPower,前导码初始接收目标功率,A,,PreambleInitialReceivedTargetPower,RW,string(128),,,"代表随机接入功率传输中传输功率计算的基准
单位：dBm",TR系列规范(TR098/TR181/TR196)/NRM数据配置要求,,修正参数类型,
CMCC_TD_LTE_V2.3,中国移动TD-LTE皮站_飞站基站设备网络管理南向接口数据配置模型规范V2.3.xlsx,SH,49,parameter,MAC层参数管理,Device.Services.FAPService.{i}.CellConfig.LTE.RAN.MAC.RACH.PreambleTransMax,Device,PreambleTransMax,Y,PreambleTransMax,最大随机接入次数,A,,,RW,string(64),,,随机接入前导码传输的最大数目,TR系列规范(TR098/TR181/TR196),,,
CMCC_TD_LTE_V2.3,中国移动TD-LTE皮站_飞站基站设备网络管理南向接口数据配置模型规范V2.3.xlsx,SH,50,parameter,MAC层参数管理,Device.Services.FAPService.{i}.CellConfig.LTE.RAN.MAC.RACH.ResponseWindowSize,Device,ResponseWindowSize,Y,ResponseWindowSize,随机接入响应窗口大小,A,,,RW,string(32),,,"随机接入回复窗口的持续时间
表示子帧个数",TR系列规范(TR098/TR181/TR196),,,
CMCC_TD_LTE_V2.3,中国移动TD-LTE皮站_飞站基站设备网络管理南向接口数据配置模型规范V2.3.xlsx,SH,44,parameter,MAC层参数管理,Device.Services.FAPService.{i}.CellConfig.LTE.RAN.MAC.RACH.SizeOfRaGroupA,Device,SizeOfRaGroupA,Y,SizeOfRaGroupA,随机接入前导码组A大小,A,,,RW,string(64),,,"A类无线接入前导中非专用随机接入前导码的数目
0x0FFFFFFF:暂不使用此参数",TR系列规范(TR098/TR181/TR196),,,
CMCC_TD_LTE_V2.3,中国移动TD-LTE皮站_飞站基站设备网络管理南向接口数据配置模型规范V2.3.xlsx,SH,60,parameter,MAC层参数管理,Device.Services.FAPService.{i}.CellConfig.LTE.RAN.MAC.ULSCH.MaxHARQTx,Device,MaxHARQTx,Y,MaxHARQTx,上行HARQ最大传输次数,A,,,RW,"unsignedInt[1:8, 10, 12, 16, 20, 24, 28]",,,"ULHARQ传输的最大数目
spare为预留值",TR系列规范(TR098/TR181/TR196),,,
CMCC_TD_LTE_V2.3,中国移动TD-LTE皮站_飞站基站设备网络管理南向接口数据配置模型规范V2.3.xlsx,SH,64,parameter,MAC层参数管理,Device.Services.FAPService.{i}.CellConfig.LTE.RAN.MAC.ULSCH.MaxUePerUlSf,Device,MaxUePerUlSf,Y,MaxUePerUlSf,上行单帧最大调度用户数,A,,,RW,unsignedInt[0:65535],,,,TR系列规范(TR098/TR181/TR196),,,
CMCC_TD_LTE_V2.3,中国移动TD-LTE皮站_飞站基站设备网络管理南向接口数据配置模型规范V2.3.xlsx,SH,61,parameter,MAC层参数管理,Device.Services.FAPService.{i}.CellConfig.LTE.RAN.MAC.ULSCH.PeriodicBSRTimer,Device,PeriodicBSRTimer,Y,PeriodicBSRTimer,周期性BSR定时器,A,,,RW,"unsignedInt[0, 5, 10, 16, 20, 32, 40, 64, 80, 128, 160, 320, 640, 1280, 2560]",,,周期性BSR上报定时器,TR系列规范(TR098/TR181/TR196),,,
CMCC_TD_LTE_V2.3,中国移动TD-LTE皮站_飞站基站设备网络管理南向接口数据配置模型规范V2.3.xlsx,SH,62,parameter,MAC层参数管理,Device.Services.FAPService.{i}.CellConfig.LTE.RAN.MAC.ULSCH.RetxBSRTimer,Device,RetxBSRTimer,Y,RetxBSRTimer,重传BSR定时器,A,,,RW,"unsignedInt[320, 640, 1280, 2560, 5120, 10240]",,,"一般BSR上报定时器，该定时器到
期后，如果缓冲区数据存在，UE
传输一般BSR",TR系列规范(TR098/TR181/TR196),,,
CMCC_TD_LTE_V2.3,中国移动TD-LTE皮站_飞站基站设备网络管理南向接口数据配置模型规范V2.3.xlsx,SH,63,parameter,MAC层参数管理,Device.Services.FAPService.{i}.CellConfig.LTE.RAN.MAC.ULSCH.TTIBundling,Device,TTIBundling,Y,TTIBundling,TTI绑定功能开关,A,,,RW,Boolean,,,"指示系统是否支持tti绑定功能
(0=false,1=true)",TR系列规范(TR098/TR181/TR196),,,
CMCC_TD_LTE_V2.3,中国移动TD-LTE皮站_飞站基站设备网络管理南向接口数据配置模型规范V2.3.xlsx,SH,53,parameter,MAC层参数管理,InternetGatewayDevice.Services.FAPService.{i}.CellConfig.LTE.RAN.MAC.DRX.DRXEnabled,InternetGatewayDevice,DRXEnabled,Y,DRXEnabled,DRX功能开关,A,,DrxSwitch,RW,Boolean,,,"指示DRX操作是否使能;(0=false,1=true)",TR系列规范(TR098/TR181/TR196)/NRM数据配置要求,,,
CMCC_TD_LTE_V2.3,中国移动TD-LTE皮站_飞站基站设备网络管理南向接口数据配置模型规范V2.3.xlsx,SH,56,parameter,MAC层参数管理,InternetGatewayDevice.Services.FAPService.{i}.CellConfig.LTE.RAN.MAC.DrxInitialParam.{i}.DRXInactivityTimer,InternetGatewayDevice,DRXInactivityTimer,Y,DRXInactivityTimer,DRX非激活定时器,A,,DrxInactivityTimer,RW,string(64),,,,,,,
CMCC_TD_LTE_V2.3,中国移动TD-LTE皮站_飞站基站设备网络管理南向接口数据配置模型规范V2.3.xlsx,SH,57,parameter,MAC层参数管理,InternetGatewayDevice.Services.FAPService.{i}.CellConfig.LTE.RAN.MAC.DrxInitialParam.{i}.DRXRetransmissionTimer,InternetGatewayDevice,DRXRetransmissionTimer,Y,DRXRetransmissionTimer,DRX等待重传定时器,A,,DrxRetransmissionTimer,RW,string(32),,,,,,,
CMCC_TD_LTE_V2.3,中国移动TD-LTE皮站_飞站基站设备网络管理南向接口数据配置模型规范V2.3.xlsx,SH,54,parameter,MAC层参数管理,InternetGatewayDevice.Services.FAPService.{i}.CellConfig.LTE.RAN.MAC.DrxInitialParam.{i}.DRXShortCycleTimer,InternetGatewayDevice,DRXShortCycleTimer,Y,DRXShortCycleTimer,DRX短周期定时器,A,,DrxShortCycleTimer,RW,string(64),,,实例号即为QCI值即，实例1~9，设备固定生成9个实例,NRM数据配置要求,,根据北向要求重新定义模型,
CMCC_TD_LTE_V2.3,中国移动TD-LTE皮站_飞站基站设备网络管理南向接口数据配置模型规范V2.3.xlsx,SH,58,parameter,MAC层参数管理,InternetGatewayDevice.Services.FAPService.{i}.CellConfig.LTE.RAN.MAC.DrxInitialParam.{i}.LongDRXCycle,InternetGatewayDevice,LongDRXCycle,Y,LongDRXCycle,DRX长周期,A,,LongDrxCycle,RW,string(128),,,"DRX长周期，以子帧数目表示。
表示子帧数目",,,,
CMCC_TD_LTE_V2.3,中国移动TD-LTE皮站_飞站基站设备网络管理南向接口数据配置模型规范V2.3.xlsx,SH,55,parameter,MAC层参数管理,InternetGatewayDevice.Services.FAPService.{i}.CellConfig.LTE.RAN.MAC.DrxInitialParam.{i}.ONDurationTimer,InternetGatewayDevice,ONDurationTimer,Y,ONDurationTimer,DRX持续时间定时器,A,,OnDurationTimer,RW,string(64),,,,,,,
CMCC_TD_LTE_V2.3,中国移动TD-LTE皮站_飞站基站设备网络管理南向接口数据配置模型规范V2.3.xlsx,SH,59,parameter,MAC层参数管理,InternetGatewayDevice.Services.FAPService.{i}.CellConfig.LTE.RAN.MAC.DrxInitialParam.{i}.ShortDRXCycle,InternetGatewayDevice,ShortDRXCycle,Y,ShortDRXCycle,DRX短周期,A,,ShortDrxCycle,RW,string(64),,,"DRX短周期，以子帧数目表示。
表示子帧数目",,,,
CMCC_TD_LTE_V2.3,中国移动TD-LTE皮站_飞站基站设备网络管理南向接口数据配置模型规范V2.3.xlsx,SH,51,parameter,MAC层参数管理,InternetGatewayDevice.Services.FAPService.{i}.CellConfig.LTE.RAN.MAC.RACH.ContentionResolutionTimer,InternetGatewayDevice,ContentionResolutionTimer,Y,ContentionReslutionTimer,冲突解决定时器,A,,,RW,string(32),,,"冲突解决定时器
表示子帧个数",TR系列规范(TR098/TR181/TR196),,,
CMCC_TD_LTE_V2.3,中国移动TD-LTE皮站_飞站基站设备网络管理南向接口数据配置模型规范V2.3.xlsx,SH,52,parameter,MAC层参数管理,InternetGatewayDevice.Services.FAPService.{i}.CellConfig.LTE.RAN.MAC.RACH.MaxHARQMsg3Tx,InternetGatewayDevice,MaxHARQMsg3Tx,Y,MaxHARQMsg3Tx,Msg3HARQ最大传输次数,A,,,RW,string(32),,,通过RRC的Msg3HARQ最大传输数目,TR系列规范(TR098/TR181/TR196),,,
CMCC_TD_LTE_V2.3,中国移动TD-LTE皮站_飞站基站设备网络管理南向接口数据配置模型规范V2.3.xlsx,SH,46,parameter,MAC层参数管理,InternetGatewayDevice.Services.FAPService.{i}.CellConfig.LTE.RAN.MAC.RACH.MessagePowerOffsetGroupB,InternetGatewayDevice,MessagePowerOffsetGroupB,Y,MessagePowerOffsetGroupB,组B功率补偿信息,A,,,RW,string(32),,,"前导码选择门限，选定组A或组B时的约束条件之一
单位：dB",TR系列规范(TR098/TR181/TR196),,,
CMCC_TD_LTE_V2.3,中国移动TD-LTE皮站_飞站基站设备网络管理南向接口数据配置模型规范V2.3.xlsx,SH,45,parameter,MAC层参数管理,InternetGatewayDevice.Services.FAPService.{i}.CellConfig.LTE.RAN.MAC.RACH.MessageSizeGroupA,InternetGatewayDevice,MessageSizeGroupA,Y,MessageSizeGroupA,组A信息大小,A,,,RW,string(32),,,"前导码选择门限，选定组A或组B时的约束条件之一
单位：bit",TR系列规范(TR098/TR181/TR196),,,
CMCC_TD_LTE_V2.3,中国移动TD-LTE皮站_飞站基站设备网络管理南向接口数据配置模型规范V2.3.xlsx,SH,43,parameter,MAC层参数管理,InternetGatewayDevice.Services.FAPService.{i}.CellConfig.LTE.RAN.MAC.RACH.NumberOfRaPreambles,InternetGatewayDevice,NumberOfRaPreambles,Y,NumberOfRaPreambles,竞争随机接入前导码数,A,AR、AJ、AV,,RW,string(64),,,非专用随机接入前导码数目,TR系列规范(TR098/TR181/TR196),,,
CMCC_TD_LTE_V2.3,中国移动TD-LTE皮站_飞站基站设备网络管理南向接口数据配置模型规范V2.3.xlsx,SH,47,parameter,MAC层参数管理,InternetGatewayDevice.Services.FAPService.{i}.CellConfig.LTE.RAN.MAC.RACH.PowerRampingStep,InternetGatewayDevice,PowerRampingStep,Y,PowerRampingStep,功率增加补偿,A,,,RW,string(16),,,"随机接入失败后的前导码传输之间的功率增长因子
单位：dB",TR系列规范(TR098/TR181/TR196),,,
CMCC_TD_LTE_V2.3,中国移动TD-LTE皮站_飞站基站设备网络管理南向接口数据配置模型规范V2.3.xlsx,SH,48,parameter,MAC层参数管理,InternetGatewayDevice.Services.FAPService.{i}.CellConfig.LTE.RAN.MAC.RACH.PreambleInitialReceivedTargetPower,InternetGatewayDevice,PreambleInitialReceivedTargetPower,Y,PreambleInitialReceivedTargetPower,前导码初始接收目标功率,A,,PreambleInitialReceivedTargetPower,RW,string(128),,,"代表随机接入功率传输中传输功率计算的基准
单位：dBm",TR系列规范(TR098/TR181/TR196)/NRM数据配置要求,,修正参数类型,
CMCC_TD_LTE_V2.3,中国移动TD-LTE皮站_飞站基站设备网络管理南向接口数据配置模型规范V2.3.xlsx,SH,49,parameter,MAC层参数管理,InternetGatewayDevice.Services.FAPService.{i}.CellConfig.LTE.RAN.MAC.RACH.PreambleTransMax,InternetGatewayDevice,PreambleTransMax,Y,PreambleTransMax,最大随机接入次数,A,,,RW,string(64),,,随机接入前导码传输的最大数目,TR系列规范(TR098/TR181/TR196),,,
CMCC_TD_LTE_V2.3,中国移动TD-LTE皮站_飞站基站设备网络管理南向接口数据配置模型规范V2.3.xlsx,SH,50,parameter,MAC层参数管理,InternetGatewayDevice.Services.FAPService.{i}.CellConfig.LTE.RAN.MAC.RACH.ResponseWindowSize,InternetGatewayDevice,ResponseWindowSize,Y,ResponseWindowSize,随机接入响应窗口大小,A,,,RW,string(32),,,"随机接入回复窗口的持续时间
表示子帧个数",TR系列规范(TR098/TR181/TR196),,,
CMCC_TD_LTE_V2.3,中国移动TD-LTE皮站_飞站基站设备网络管理南向接口数据配置模型规范V2.3.xlsx,SH,44,parameter,MAC层参数管理,InternetGatewayDevice.Services.FAPService.{i}.CellConfig.LTE.RAN.MAC.RACH.SizeOfRaGroupA,InternetGatewayDevice,SizeOfRaGroupA,Y,SizeOfRaGroupA,随机接入前导码组A大小,A,,,RW,string(64),,,"A类无线接入前导中非专用随机接入前导码的数目
0x0FFFFFFF:暂不使用此参数",TR系列规范(TR098/TR181/TR196),,,
CMCC_TD_LTE_V2.3,中国移动TD-LTE皮站_飞站基站设备网络管理南向接口数据配置模型规范V2.3.xlsx,SH,60,parameter,MAC层参数管理,InternetGatewayDevice.Services.FAPService.{i}.CellConfig.LTE.RAN.MAC.ULSCH.MaxHARQTx,InternetGatewayDevice,MaxHARQTx,Y,MaxHARQTx,上行HARQ最大传输次数,A,,,RW,"unsignedInt[1:8, 10, 12, 16, 20, 24, 28]",,,"ULHARQ传输的最大数目
spare为预留值",TR系列规范(TR098/TR181/TR196),,,
CMCC_TD_LTE_V2.3,中国移动TD-LTE皮站_飞站基站设备网络管理南向接口数据配置模型规范V2.3.xlsx,SH,64,parameter,MAC层参数管理,InternetGatewayDevice.Services.FAPService.{i}.CellConfig.LTE.RAN.MAC.ULSCH.MaxUePerUlSf,InternetGatewayDevice,MaxUePerUlSf,Y,MaxUePerUlSf,上行单帧最大调度用户数,A,,,RW,unsignedInt[0:65535],,,,TR系列规范(TR098/TR181/TR196),,,
CMCC_TD_LTE_V2.3,中国移动TD-LTE皮站_飞站基站设备网络管理南向接口数据配置模型规范V2.3.xlsx,SH,61,parameter,MAC层参数管理,InternetGatewayDevice.Services.FAPService.{i}.CellConfig.LTE.RAN.MAC.ULSCH.PeriodicBSRTimer,InternetGatewayDevice,PeriodicBSRTimer,Y,PeriodicBSRTimer,周期性BSR定时器,A,,,RW,"unsignedInt[0, 5, 10, 16, 20, 32, 40, 64, 80, 128, 160, 320, 640, 1280, 2560]",,,周期性BSR上报定时器,TR系列规范(TR098/TR181/TR196),,,
CMCC_TD_LTE_V2.3,中国移动TD-LTE皮站_飞站基站设备网络管理南向接口数据配置模型规范V2.3.xlsx,SH,62,parameter,MAC层参数管理,InternetGatewayDevice.Services.FAPService.{i}.CellConfig.LTE.RAN.MAC.ULSCH.RetxBSRTimer,InternetGatewayDevice,RetxBSRTimer,Y,RetxBSRTimer,重传BSR定时器,A,,,RW,"unsignedInt[320, 640, 1280, 2560, 5120, 10240]",,,"一般BSR上报定时器，该定时器到
期后，如果缓冲区数据存在，UE
传输一般BSR",TR系列规范(TR098/TR181/TR196),,,
CMCC_TD_LTE_V2.3,中国移动TD-LTE皮站_飞站基站设备网络管理南向接口数据配置模型规范V2.3.xlsx,SH,63,parameter,MAC层参数管理,InternetGatewayDevice.Services.FAPService.{i}.CellConfig.LTE.RAN.MAC.ULSCH.TTIBundling,InternetGatewayDevice,TTIBundling,Y,TTIBundling,TTI绑定功能开关,A,,,RW,Boolean,,,"指示系统是否支持tti绑定功能
(0=false,1=true)",TR系列规范(TR098/TR181/TR196),,,
CMCC_TD_LTE_V2.3,中国移动TD-LTE皮站_飞站基站设备网络管理南向接口数据配置模型规范V2.3.xlsx,SF,7,parameter,MME地址,Device.Services.FAPControl.LTE.MmePoolConfigParam.{i}.MMECode,Device,MMECode,Y,MMECode,MME代码,CA,,GlobalUniqueMmeId,R,unsignedInt[0:255],,,,NRM数据配置要求,,,
CMCC_TD_LTE_V2.3,中国移动TD-LTE皮站_飞站基站设备网络管理南向接口数据配置模型规范V2.3.xlsx,SF,6,parameter,MME地址,Device.Services.FAPControl.LTE.MmePoolConfigParam.{i}.MMEGroupID,Device,MMEGroupID,Y,MMEGroupID,MMEGroup标识,CA,,GlobalUniqueMmeId,R,unsignedInt[0:65535],,,,NRM数据配置要求,,,
CMCC_TD_LTE_V2.3,中国移动TD-LTE皮站_飞站基站设备网络管理南向接口数据配置模型规范V2.3.xlsx,SF,8,parameter,MME地址,Device.Services.FAPControl.LTE.MmePoolConfigParam.{i}.MMEIp1,Device,MMEIp1,Y,MMEIp1,MMEIP1,CA,,FarEndIpAddrList,RW,string(64),,,,NRM数据配置要求,,V2.2修改MMEIp1网管读写权限为RW,
CMCC_TD_LTE_V2.3,中国移动TD-LTE皮站_飞站基站设备网络管理南向接口数据配置模型规范V2.3.xlsx,SF,9,parameter,MME地址,Device.Services.FAPControl.LTE.MmePoolConfigParam.{i}.MMEIp2,Device,MMEIp2,Y,MMEIp2,MMEIP2,CA,,FarEndIpAddrList,RW,string(64),,,,NRM数据配置要求,,V2.2修改MMEIp2网管读写权限为RW,
CMCC_TD_LTE_V2.3,中国移动TD-LTE皮站_飞站基站设备网络管理南向接口数据配置模型规范V2.3.xlsx,SF,5,parameter,MME地址,Device.Services.FAPControl.LTE.MmePoolConfigParam.{i}.PLMNID,Device,PLMNID,Y,PLMNIDList,MMEPLMN标识,CA,AN,GlobalUniqueMmeId,R,string(64),,,,NRM数据配置要求,修正参数类型为string(64),V2.2修改PLMNID为PLMNIDList，北向目前支持PLMN数为6个，每个PLMN占6个字符，预留1个字符，共需要（6+1）*6个字符，修正参数类型为string(64),
CMCC_LTE_V2.1,LTE V2.1.xlsx,SF,7,parameter,MME地址,Device.Services.FAPService.{i}.CellConfig.LTE.MmePoolConfigParam.{i}.MMECode,Device,MMECode,Y,MMECode,MME代码,CA,,GlobalUniqueMmeId,R,unsignedInt[0:255],,,,NRM数据配置要求,,,
CMCC_LTE_V2.1,LTE V2.1.xlsx,SF,6,parameter,MME地址,Device.Services.FAPService.{i}.CellConfig.LTE.MmePoolConfigParam.{i}.MMEGroupID,Device,MMEGroupID,Y,MMEGroupID,MMEGroup标识,CA,,GlobalUniqueMmeId,R,unsignedInt[0:65535],,,,NRM数据配置要求,,,
CMCC_LTE_V2.1,LTE V2.1.xlsx,SF,8,parameter,MME地址,Device.Services.FAPService.{i}.CellConfig.LTE.MmePoolConfigParam.{i}.MMEIp1,Device,MMEIp1,Y,MMEIp1,MMEIP1,CA,,FarEndIpAddrList,R,string(64),,,,NRM数据配置要求,,,
CMCC_LTE_V2.1,LTE V2.1.xlsx,SF,9,parameter,MME地址,Device.Services.FAPService.{i}.CellConfig.LTE.MmePoolConfigParam.{i}.MMEIp2,Device,MMEIp2,Y,MMEIp2,MMEIP2,CA,,FarEndIpAddrList,R,string(64),,,,NRM数据配置要求,,,
CMCC_LTE_V2.1,LTE V2.1.xlsx,SF,5,parameter,MME地址,Device.Services.FAPService.{i}.CellConfig.LTE.MmePoolConfigParam.{i}.PLMNID,Device,PLMNID,Y,PLMNID,MMEPLMN标识,CA,AN,GlobalUniqueMmeId,R,string(6),,,,NRM数据配置要求,修正参数类型为string(6),,
CMCC_TD_LTE_V2.3,中国移动TD-LTE皮站_飞站基站设备网络管理南向接口数据配置模型规范V2.3.xlsx,SF,7,parameter,MME地址,InternetGatewayDevice.Services.FAPControl.LTE.MmePoolConfigParam.{i}.MMECode,InternetGatewayDevice,MMECode,Y,MMECode,MME代码,CA,,GlobalUniqueMmeId,R,unsignedInt[0:255],,,,NRM数据配置要求,,,
CMCC_TD_LTE_V2.3,中国移动TD-LTE皮站_飞站基站设备网络管理南向接口数据配置模型规范V2.3.xlsx,SF,6,parameter,MME地址,InternetGatewayDevice.Services.FAPControl.LTE.MmePoolConfigParam.{i}.MMEGroupID,InternetGatewayDevice,MMEGroupID,Y,MMEGroupID,MMEGroup标识,CA,,GlobalUniqueMmeId,R,unsignedInt[0:65535],,,,NRM数据配置要求,,,
CMCC_TD_LTE_V2.3,中国移动TD-LTE皮站_飞站基站设备网络管理南向接口数据配置模型规范V2.3.xlsx,SF,8,parameter,MME地址,InternetGatewayDevice.Services.FAPControl.LTE.MmePoolConfigParam.{i}.MMEIp1,InternetGatewayDevice,MMEIp1,Y,MMEIp1,MMEIP1,CA,,FarEndIpAddrList,RW,string(64),,,,NRM数据配置要求,,V2.2修改MMEIp1网管读写权限为RW,
CMCC_TD_LTE_V2.3,中国移动TD-LTE皮站_飞站基站设备网络管理南向接口数据配置模型规范V2.3.xlsx,SF,9,parameter,MME地址,InternetGatewayDevice.Services.FAPControl.LTE.MmePoolConfigParam.{i}.MMEIp2,InternetGatewayDevice,MMEIp2,Y,MMEIp2,MMEIP2,CA,,FarEndIpAddrList,RW,string(64),,,,NRM数据配置要求,,V2.2修改MMEIp2网管读写权限为RW,
CMCC_TD_LTE_V2.3,中国移动TD-LTE皮站_飞站基站设备网络管理南向接口数据配置模型规范V2.3.xlsx,SF,5,parameter,MME地址,InternetGatewayDevice.Services.FAPControl.LTE.MmePoolConfigParam.{i}.PLMNIDList,InternetGatewayDevice,PLMNIDList,Y,PLMNIDList,MMEPLMN标识,CA,AN,GlobalUniqueMmeId,R,string(64),,,,NRM数据配置要求,修正参数类型为string(64),V2.2修改PLMNID为PLMNIDList，北向目前支持PLMN数为6个，每个PLMN占6个字符，预留1个字符，共需要（6+1）*6个字符，修正参数类型为string(64),
CMCC_LTE_V2.1,LTE V2.1.xlsx,SF,7,parameter,MME地址,InternetGatewayDevice.Services.FAPService.{i}.CellConfig.LTE.MmePoolConfigParam.{i}.MMECode,InternetGatewayDevice,MMECode,Y,MMECode,MME代码,CA,,GlobalUniqueMmeId,R,unsignedInt[0:255],,,,NRM数据配置要求,,,
CMCC_LTE_V2.1,LTE V2.1.xlsx,SF,6,parameter,MME地址,InternetGatewayDevice.Services.FAPService.{i}.CellConfig.LTE.MmePoolConfigParam.{i}.MMEGroupID,InternetGatewayDevice,MMEGroupID,Y,MMEGroupID,MMEGroup标识,CA,,GlobalUniqueMmeId,R,unsignedInt[0:65535],,,,NRM数据配置要求,,,
CMCC_LTE_V2.1,LTE V2.1.xlsx,SF,8,parameter,MME地址,InternetGatewayDevice.Services.FAPService.{i}.CellConfig.LTE.MmePoolConfigParam.{i}.MMEIp1,InternetGatewayDevice,MMEIp1,Y,MMEIp1,MMEIP1,CA,,FarEndIpAddrList,R,string(64),,,,NRM数据配置要求,,,
CMCC_LTE_V2.1,LTE V2.1.xlsx,SF,9,parameter,MME地址,InternetGatewayDevice.Services.FAPService.{i}.CellConfig.LTE.MmePoolConfigParam.{i}.MMEIp2,InternetGatewayDevice,MMEIp2,Y,MMEIp2,MMEIP2,CA,,FarEndIpAddrList,R,string(64),,,,NRM数据配置要求,,,
CMCC_LTE_V2.1,LTE V2.1.xlsx,SF,5,parameter,MME地址,InternetGatewayDevice.Services.FAPService.{i}.CellConfig.LTE.MmePoolConfigParam.{i}.PLMNID,InternetGatewayDevice,PLMNID,Y,PLMNID,MMEPLMN标识,CA,AN,GlobalUniqueMmeId,R,string(6),,,,NRM数据配置要求,修正参数类型为string(6),,
CMCC_TD_LTE_V2.3,中国移动TD-LTE皮站_飞站基站设备网络管理南向接口数据配置模型规范V2.3.xlsx,SP,14,parameter,MR参数管理,Device.FAP.MRMgmt.Config.{i}.MRECGIList,Device,MRECGIList,Y,MRECGIList,MR小区列表,B,,,RW,string,,,"ECGI列表，表示哪些小区需要执行MR任务
all代表基站下所有小区都采集,NCGI由PLMN和ECI组成，PLMN与ECI之间使用“-”分割，NCGI之间使用“,”分割，例如，“46000-107909121，46000-107909122”",,,,
CMCC_5G_EXT_PICO_V1.9.4,中国移动5G扩展型皮基站网管南向接口数据模型规范v1.9.4.xlsx,SR,9,parameter,MR参数管理,Device.FAP.MRMgmt.Config.{i}.MRNCGIList,Device,MRNCGIList,Y,MRNCGIList,MR小区列表,B,,,RW,string,,,"NCGI列表，表示哪些小区需要执行MR任务
all代表基站下所有小区都采集,NCGI由PLMN和NCI组成，PLMN与NCI之间使用“-”分割，NCGI之间使用“,”分割，例如，“46000-107909121，46000-107909122”",,,,
CMCC_5G_EXT_PICO_V1.9.4,中国移动5G扩展型皮基站网管南向接口数据模型规范v1.9.4.xlsx,SR,16,parameter,MR参数管理,Device.FAP.MRMgmt.Config.{i}.MeasureItems,Device,MeasureItems,Y,MeasureItems,测量项,B,,,RW,string,,,"all代表所有测量项都采集，取值范围""MR.NRScArfcn,MR.NRScPci,MR.NRScSSRSRP,MR.NRScSSRSRQ,MR.NRScSSSINR,MR.NRScTadv,MR.NRScPHR,MR.hAOA,MR.vAOA,MR.NRUEPlrUL,MR.NRUEPlrDL,MR.NRNcArfcn,MR.NRNcPci,MR.NRNcSSRSRP,MR.NRNcSSRSRQ,MR.NRNcSSSINR,MR.LteNcEarfcn,MR.LteNcPci,MR.LteNcRSRP,MR.LteNcRSRQ,MR.PLMN,MR.NRScSSBIndexId,MR.NRNcSSBIndexId""，多个测量项用"",""隔开",,根据《5G NR数字蜂窝移动通信网无线操作维护中心（OMC-R）测量报告技术要求V1.2.0》,,
CMCC_5G_EXT_PICO_V1.9.4,中国移动5G扩展型皮基站网管南向接口数据模型规范v1.9.4.xlsx,SR,7,parameter,MR参数管理,Device.FAP.MRMgmt.Config.{i}.MeasureType,Device,MeasureType,Y,MeasureType,MR文件类型,B,,,RW,string,,,"MR文件类型，可以选择一种或多种，如开启多种测量类型，需要“,”进行分隔，举例：MRO,MRE,MRS",,,,20221118-修订
CMCC_5G_EXT_PICO_V1.9.4,中国移动5G扩展型皮基站网管南向接口数据模型规范v1.9.4.xlsx,SR,3,parameter,MR参数管理,Device.FAP.MRMgmt.Config.{i}.MrEnable,Device,MrEnable,Y,MrEnable,MR开关,B,,,RW,boolean,,,"开启或关闭NanoCell基站周期性上传MR数据文件到指定文件服务器的能力，(0=false,1=true)。",南向接口规范,,,
CMCC_5G_EXT_PICO_V1.9.4,中国移动5G扩展型皮基站网管南向接口数据模型规范v1.9.4.xlsx,SR,6,parameter,MR参数管理,Device.FAP.MRMgmt.Config.{i}.MrPassword,Device,MrPassword,Y,MrPassword,密码,B,,,RW,string(256),,,密码用于 NanoCell基站到文件服务器的鉴权，如果不需要鉴权，此字符串为空当为读时，该参数返回一个空字符串，而不是一个实际的值。,,,,
CMCC_5G_EXT_PICO_V1.9.4,中国移动5G扩展型皮基站网管南向接口数据模型规范v1.9.4.xlsx,SR,4,parameter,MR参数管理,Device.FAP.MRMgmt.Config.{i}.MrUrl,Device,MrUrl,Y,MrUrl,Url地址,B,,,RW,string(256),,,"MRUrl详细说明了目标文件位置。该参数只用于详细描述目标文件位置，不用于指示任何要上载的本地文件的名字和位置,URL地址为完整URL地址格式",,根据《中国移动Nanocell基站设备网络管理南向接口技术规范v1.3.0》修正参数为MrUrl,,20221118-修订
CMCC_5G_EXT_PICO_V1.9.4,中国移动5G扩展型皮基站网管南向接口数据模型规范v1.9.4.xlsx,SR,5,parameter,MR参数管理,Device.FAP.MRMgmt.Config.{i}.MrUsername,Device,MrUsername,Y,MrUsername,用户名,B,,,RW,string(256),,,用户名用于NanoCell基站到文件服务器的鉴权，如果不需要鉴权，此字符串为空,,,,
CMCC_5G_EXT_PICO_V1.9.4,中国移动5G扩展型皮基站网管南向接口数据模型规范v1.9.4.xlsx,SR,8,parameter,MR参数管理,Device.FAP.MRMgmt.Config.{i}.OmcName,Device,OmcName,Y,OmcName,OMC-R名称,B,,,RW,string,,,OMC-R名称，用与基站生成的MR文件命名,,根据《中国移动Nanocell基站设备网络管理南向接口技术规范v1.3.0》修正参数为OmcName,,
CMCC_5G_EXT_PICO_V1.9.4,中国移动5G扩展型皮基站网管南向接口数据模型规范v1.9.4.xlsx,SR,14,parameter,MR参数管理,Device.FAP.MRMgmt.Config.{i}.PrbNum,Device,PrbNum,Y,PrbNum,子帧的PRB,B,,,RW,string,,,"需要开启接收干扰功率测量的上行子帧的PRB索引。可以选择273个PRB中的任意多个，例如0..7,50,273表示选择0号到7号，50号及273号共10个位置上的PRB，其中”..”表示连续区间，“,”表示分隔;单个PRB索引可配置范围为为0~272。",,,,20221118-修订
CMCC_5G_EXT_PICO_V1.9.4,中国移动5G扩展型皮基站网管南向接口数据模型规范v1.9.4.xlsx,SR,12,parameter,MR参数管理,Device.FAP.MRMgmt.Config.{i}.SampleBeginTime,Device,SampleBeginTime,Y,SampleBeginTime,绝对时间参考,B,,,RW,dateTime,,,是UTC中的一个绝对时间参考，用于决定NanoCell基站何时开始测量任务，当任务开始后，将周期文件上载;参考时间，或未知的时间，值定义为0001-01-01T00:00:00Z，表明没有指定精确的时间参考。,,,,
CMCC_5G_EXT_PICO_V1.9.4,中国移动5G扩展型皮基站网管南向接口数据模型规范v1.9.4.xlsx,SR,13,parameter,MR参数管理,Device.FAP.MRMgmt.Config.{i}.SampleEndTime,Device,SampleEndTime,Y,SampleEndTime,绝对时间参考,B,,,RW,dateTime,,,是UTC中的一个绝对时间参考，用于决定NanoCell基站何时结束测量任务，当结束后将不再上载MR文件;参考时间，或未知的时间，值定义为0001-01-01T00:00:00Z，表明没有指定精确的时间参考,,,,
CMCC_5G_EXT_PICO_V1.9.4,中国移动5G扩展型皮基站网管南向接口数据模型规范v1.9.4.xlsx,SR,10,parameter,MR参数管理,Device.FAP.MRMgmt.Config.{i}.SamplePeriod,Device,SamplePeriod,Y,SamplePeriod,MR采样周期,B,,,RW,unsignedInt,,,"MR采样周期（[2048,5120,10240,60000,360000,720000,1800000,3600000],(单位毫秒)",,,,
CMCC_5G_EXT_PICO_V1.9.4,中国移动5G扩展型皮基站网管南向接口数据模型规范v1.9.4.xlsx,SR,15,parameter,MR参数管理,Device.FAP.MRMgmt.Config.{i}.SubFrameNum,Device,SubFrameNum,Y,SubFrameNum,子帧数,B,,,RW,string,,,"需要开启接收干扰功率测量的上行子帧。如选择多个，需要用“,”进行分隔；{2,3,4,7,8,9}",,,,
CMCC_5G_EXT_PICO_V1.9.4,中国移动5G扩展型皮基站网管南向接口数据模型规范v1.9.4.xlsx,SR,11,parameter,MR参数管理,Device.FAP.MRMgmt.Config.{i}.UploadPeriod,Device,UploadPeriod,Y,UploadPeriod,MR采集周期,B,,,RW,unsignedInt,,,MR采集周期[1:] (1及1的倍数，单位分钟),,,,
CMCC_5G_EXT_PICO_V1.9.4,中国移动5G扩展型皮基站网管南向接口数据模型规范v1.9.4.xlsx,SR,2,parameter,MR参数管理,Device.FAP.MRMgmt.Config.{i}.UserLabel,Device,UserLabel,Y,UserLabel,用户友好名,A,AA,UserLabel,RW,string,,,字段必须与OMC系统内配置资源名称保持一致。且要求UserLabel与告警、性能数据中同一资源对象使用的网元用户友好名保持一致，即用户有好名在OMC内部以及北向接口交互过程中全局唯一。OMC系统内配置资源命名建议参考《中国移动网络资源命名规范-无线分册》，基站命名要求。默认不填写为空字符串,5G SA gNB网元统计数据需求规范-NRM(V1.4.2),,,
CMCC_TD_LTE_V2.3,中国移动TD-LTE皮站_飞站基站设备网络管理南向接口数据配置模型规范V2.3.xlsx,SP,14,parameter,MR参数管理,InternetGatewayDevice.FAP.MRMgmt.Config.{i}.MRECGIList,InternetGatewayDevice,MRECGIList,Y,MRECGIList,MR小区列表,B,,,RW,string,,,"ECGI列表，表示哪些小区需要执行MR任务
all代表基站下所有小区都采集,NCGI由PLMN和ECI组成，PLMN与ECI之间使用“-”分割，NCGI之间使用“,”分割，例如，“46000-107909121，46000-107909122”",,,,
CMCC_TD_LTE_V2.3,中国移动TD-LTE皮站_飞站基站设备网络管理南向接口数据配置模型规范V2.3.xlsx,SP,15,parameter,MR参数管理,InternetGatewayDevice.FAP.MRMgmt.Config.{i}.MeasureItems,InternetGatewayDevice,MeasureItems,Y,MeasureItems,测量项,B,,,RW,string,,,"all代表所有测量项都采集，取值范围""MR.RSRP,MR.RSRQ,MR.ReceivedIPower,MR.PowerHeadRoom,MR.SinrUL,MR.RIPPRB,MR.RsrpRsrq,MR.RipRsrp,MR.RipRsrq,MR.SinrULRip,MR.LteScRSRP,MR.LteNcRSRP,MR.LteScRSRQ,MR.LteNcRSRQ,MR.LteScPHR,MR.LteScRIP,MR.LteScSinrUL,MR.LteScEarfcn,MR.LteScPci,MR.LteNcEarfcn,MR.LteNcPci,MR.GsmNcellBcch,MR.GsmNcellCarrierRSSI,MR.GsmNcellNcc,MR.GsmNcellBcc""，多个测量项用"",""隔开",,根据《LTE数字蜂窝移动通信网无线操作维护中心（OMC-R）测量报告技术要求-扩展型皮基站分册-V2.1.0》,,
CMCC_TD_LTE_V2.3,中国移动TD-LTE皮站_飞站基站设备网络管理南向接口数据配置模型规范V2.3.xlsx,SP,6,parameter,MR参数管理,InternetGatewayDevice.FAP.MRMgmt.Config.{i}.MeasureType,InternetGatewayDevice,MeasureType,Y,MeasureType,MR文件类型,B,,,RW,string,,,"MR文件类型，可以选择一种或多种，如开启多种测量类型，需要“,”进行分隔（{MRO,MRE,MRS}）。",,,,
CMCC_TD_LTE_V2.3,中国移动TD-LTE皮站_飞站基站设备网络管理南向接口数据配置模型规范V2.3.xlsx,SP,2,parameter,MR参数管理,InternetGatewayDevice.FAP.MRMgmt.Config.{i}.MrEnable,InternetGatewayDevice,MrEnable,Y,MrEnable,MR开关,B,,,RW,boolean,,,"开启或关闭NanoCell基站周期性上传MR数据文件到指定文件服务器的能力，(0=false,1=true)。",南向接口规范,,,
CMCC_TD_LTE_V2.3,中国移动TD-LTE皮站_飞站基站设备网络管理南向接口数据配置模型规范V2.3.xlsx,SP,5,parameter,MR参数管理,InternetGatewayDevice.FAP.MRMgmt.Config.{i}.MrPassword,InternetGatewayDevice,MrPassword,Y,MrPassword,密码,B,,,RW,string(256),,,密码用于 NanoCell基站到文件服务器的鉴权，如果不需要鉴权，此字符串为空当为读时，该参数返回一个空字符串，而不是一个实际的值。,,,,
CMCC_TD_LTE_V2.3,中国移动TD-LTE皮站_飞站基站设备网络管理南向接口数据配置模型规范V2.3.xlsx,SP,3,parameter,MR参数管理,InternetGatewayDevice.FAP.MRMgmt.Config.{i}.MrUrl,InternetGatewayDevice,MrUrl,Y,MrUrl,Url地址,B,,,RW,string(256),,,MRUrl详细说明了目标文件位置。该参数只用于详细描述目标文件位置，不用于指示任何要上载的本地文件的名字和位置。,,根据《中国移动Nanocell基站设备网络管理南向接口技术规范v1.3.0》修正参数为MrUrl,,
CMCC_TD_LTE_V2.3,中国移动TD-LTE皮站_飞站基站设备网络管理南向接口数据配置模型规范V2.3.xlsx,SP,4,parameter,MR参数管理,InternetGatewayDevice.FAP.MRMgmt.Config.{i}.MrUsername,InternetGatewayDevice,MrUsername,Y,MrUsername,用户名,B,,,RW,string(256),,,用户名用于NanoCell基站到文件服务器的鉴权，如果不需要鉴权，此字符串为空,,,,
CMCC_TD_LTE_V2.3,中国移动TD-LTE皮站_飞站基站设备网络管理南向接口数据配置模型规范V2.3.xlsx,SP,7,parameter,MR参数管理,InternetGatewayDevice.FAP.MRMgmt.Config.{i}.OmcName,InternetGatewayDevice,OmcName,Y,OmcName,OMC-R名称,B,,,RW,string,,,OMC-R名称，用与基站生成的MR文件命名,,根据《中国移动Nanocell基站设备网络管理南向接口技术规范v1.3.0》修正参数为OmcName,,
CMCC_TD_LTE_V2.3,中国移动TD-LTE皮站_飞站基站设备网络管理南向接口数据配置模型规范V2.3.xlsx,SP,12,parameter,MR参数管理,InternetGatewayDevice.FAP.MRMgmt.Config.{i}.PrbNum,InternetGatewayDevice,PrbNum,Y,PrbNum,子帧的PRB,B,,,RW,string,,,"需要开启接收干扰功率测量的上行子帧的PRB索引。可以选择100个PRB中的任意多个，例如{0..7,50,99}表示选择0号到7号，50号及99号共10个位置上的PRB，其中”..”表示连续区间，“,”表示分隔;{0,1,2,…99 }",,,,
CMCC_TD_LTE_V2.3,中国移动TD-LTE皮站_飞站基站设备网络管理南向接口数据配置模型规范V2.3.xlsx,SP,10,parameter,MR参数管理,InternetGatewayDevice.FAP.MRMgmt.Config.{i}.SampleBeginTime,InternetGatewayDevice,SampleBeginTime,Y,SampleBeginTime,绝对时间参考,B,,,RW,dateTime,,,是UTC中的一个绝对时间参考，用于决定NanoCell基站何时开始测量任务，当任务开始后，将周期文件上载;参考时间，或未知的时间，值定义为0001-01-01T00:00:00Z，表明没有指定精确的时间参考。,,,,
CMCC_TD_LTE_V2.3,中国移动TD-LTE皮站_飞站基站设备网络管理南向接口数据配置模型规范V2.3.xlsx,SP,11,parameter,MR参数管理,InternetGatewayDevice.FAP.MRMgmt.Config.{i}.SampleEndTime,InternetGatewayDevice,SampleEndTime,Y,SampleEndTime,绝对时间参考,B,,,RW,dateTime,,,是UTC中的一个绝对时间参考，用于决定NanoCell基站何时结束测量任务，当结束后将不再上载MR文件;参考时间，或未知的时间，值定义为0001-01-01T00:00:00Z，表明没有指定精确的时间参考。,,,,
CMCC_TD_LTE_V2.3,中国移动TD-LTE皮站_飞站基站设备网络管理南向接口数据配置模型规范V2.3.xlsx,SP,8,parameter,MR参数管理,InternetGatewayDevice.FAP.MRMgmt.Config.{i}.SamplePeriod,InternetGatewayDevice,SamplePeriod,Y,SamplePeriod,MR采样周期,B,,,RW,unsignedInt,,,"MR采样周期（[2048,5120,10240,60000,360000,720000,1800000,3600000],(单位毫秒)",,,,
CMCC_TD_LTE_V2.3,中国移动TD-LTE皮站_飞站基站设备网络管理南向接口数据配置模型规范V2.3.xlsx,SP,13,parameter,MR参数管理,InternetGatewayDevice.FAP.MRMgmt.Config.{i}.SubFrameNum,InternetGatewayDevice,SubFrameNum,Y,SubFrameNum,子帧数,B,,,RW,string,,,"需要开启接收干扰功率测量的上行子帧。如选择多个，需要用“,”进行分隔；{2,3,4,7,8,9}",,,,
CMCC_TD_LTE_V2.3,中国移动TD-LTE皮站_飞站基站设备网络管理南向接口数据配置模型规范V2.3.xlsx,SP,9,parameter,MR参数管理,InternetGatewayDevice.FAP.MRMgmt.Config.{i}.UploadPeriod,InternetGatewayDevice,UploadPeriod,Y,UploadPeriod,MR采集周期,B,,,RW,unsignedInt,,,MR采集周期[1:] (1及1的倍数，单位分钟),,,,
CMCC_TD_LTE_V2.3,中国移动TD-LTE皮站_飞站基站设备网络管理南向接口数据配置模型规范V2.3.xlsx,SF,2,parameter,NNSF参数管理,Device.Services.FAPService.{i}.Capabilities.LTE.NNSFSupported,Device,NNSFSupported,Y,NNSFSupported,负载均衡参数,A,,IsLbAllowed,RW,boolean,,,"(0=false,1=true)",TR系列规范(TR098/TR181/TR196)/NRM数据配置要求,,,
CMCC_5G_EXT_PICO_V1.9.4,中国移动5G扩展型皮基站网管南向接口数据模型规范v1.9.4.xlsx,SI,2,parameter,NNSF参数管理,Device.Services.FAPService.{i}.Capabilities.NR.NNSFSupported,Device,NNSFSupported,Y,NNSFSupported,负载均衡参数,A,,,RW,boolean,,,"(0=false,1=true)",TR系列规范(TR098/TR181/TR196)/NRM数据配置要求,,,
CMCC_TD_LTE_V2.3,中国移动TD-LTE皮站_飞站基站设备网络管理南向接口数据配置模型规范V2.3.xlsx,SF,2,parameter,NNSF参数管理,InternetGatewayDevice.Services.FAPService.{i}.Capabilities.LTE.NNSFSupported,InternetGatewayDevice,NNSFSupported,Y,NNSFSupported,负载均衡参数,A,,IsLbAllowed,RW,boolean,,,"(0=false,1=true)",TR系列规范(TR098/TR181/TR196)/NRM数据配置要求,,,
CMCC_TD_LTE_V2.3,中国移动TD-LTE皮站_飞站基站设备网络管理南向接口数据配置模型规范V2.3.xlsx,SI,3,parameter,NR邻区参数管理,Device.Services.FAPService.{i}.CellConfig.LTE.RAN.NeighborList.InterRATCell.NR.{i}.CID,Device,CID,Y,CID,邻区CID,,,,RW,unsignedLong[1:68719476735],,,邻区CID（36bit）,3GPP TS38.331,,,
CMCC_TD_LTE_V2.3,中国移动TD-LTE皮站_飞站基站设备网络管理南向接口数据配置模型规范V2.3.xlsx,SI,4,parameter,NR邻区参数管理,Device.Services.FAPService.{i}.CellConfig.LTE.RAN.NeighborList.InterRATCell.NR.{i}.GnbIdLen,Device,GnbIdLen,Y,GnbIdLen,邻区GnbId长度,,,,RW,unsignedInt[22:32],,,对端5g基站的GnbI长度；默认值24，取值范围[22:32],3GPP TS38.331,,,
CMCC_TD_LTE_V2.3,中国移动TD-LTE皮站_飞站基站设备网络管理南向接口数据配置模型规范V2.3.xlsx,SI,12,parameter,NR邻区参数管理,Device.Services.FAPService.{i}.CellConfig.LTE.RAN.NeighborList.InterRATCell.NR.{i}.NRband,Device,NRband,Y,NRband_r15,Nr频段,,,,RW,unsignedInt[1:1024],,,"多频带信息列表字段；对应36.331 中6.3.4 中FreqBandIndicatorNR定义的FreqBandIndicatorNR-r15，
取值范围：[1~1024] 和0xFFFF表示不配置
默认值：41",3GPP TS38.331,,,
CMCC_TD_LTE_V2.3,中国移动TD-LTE皮站_飞站基站设备网络管理南向接口数据配置模型规范V2.3.xlsx,SI,13,parameter,NR邻区参数管理,Device.Services.FAPService.{i}.CellConfig.LTE.RAN.NeighborList.InterRATCell.NR.{i}.NeighType,Device,NeighType,Y,NeighType,邻区类型,,,,RW,unsignedInt[0，1，2],,,"邻区类型：
取值范围：[0,1,2]
0：both; 1:SA邻区，2:NSA邻区默认值：0",3GPP TS38.331,,,
CMCC_TD_LTE_V2.3,中国移动TD-LTE皮站_飞站基站设备网络管理南向接口数据配置模型规范V2.3.xlsx,SI,2,parameter,NR邻区参数管理,Device.Services.FAPService.{i}.CellConfig.LTE.RAN.NeighborList.InterRATCell.NR.{i}.PLMNID,Device,PLMNID,Y,PLMNID,邻区PLMN ID,,,,RW,string(6),,,邻区PLMN ID，由MCC和MNC组成,3GPP TS38.331,,"V2.2增加NR邻区PLMNID参数管理,用于快速返回/SIB24",
CMCC_TD_LTE_V2.3,中国移动TD-LTE皮站_飞站基站设备网络管理南向接口数据配置模型规范V2.3.xlsx,SI,9,parameter,NR邻区参数管理,Device.Services.FAPService.{i}.CellConfig.LTE.RAN.NeighborList.InterRATCell.NR.{i}.PhyCellID,Device,PhyCellID,Y,PhyCellID,邻区物理小区ID,,,,RW,unsignedInt[0:1007],,,NR邻区PCI,3GPP TS38.331,,,
CMCC_TD_LTE_V2.3,中国移动TD-LTE皮站_飞站基站设备网络管理南向接口数据配置模型规范V2.3.xlsx,SI,11,parameter,NR邻区参数管理,Device.Services.FAPService.{i}.CellConfig.LTE.RAN.NeighborList.InterRATCell.NR.{i}.Qoffset,Device,Qoffset,Y,QOffset,小区特定偏移量,,,,RW,"int[-24:-8, -6:6, 8:24]",,,邻区的小区特定偏移量，-6到6区间的步长为1dB，其他区间步长为2dB,3GPP TS38.331,,,
CMCC_TD_LTE_V2.3,中国移动TD-LTE皮站_飞站基站设备网络管理南向接口数据配置模型规范V2.3.xlsx,SI,5,parameter,NR邻区参数管理,Device.Services.FAPService.{i}.CellConfig.LTE.RAN.NeighborList.InterRATCell.NR.{i}.SsbFrequency,Device,SsbFrequency,Y,SsbFrequency,SSB频点号,,,,RW,unsignedInt[0:3279165],,,NR邻区载频的SSB ARFCN,3GPP TS38.331,,,
CMCC_TD_LTE_V2.3,中国移动TD-LTE皮站_飞站基站设备网络管理南向接口数据配置模型规范V2.3.xlsx,SI,7,parameter,NR邻区参数管理,Device.Services.FAPService.{i}.CellConfig.LTE.RAN.NeighborList.InterRATCell.NR.{i}.SsbOffset,Device,SsbOffset,Y,SsbOffset_r15,SSB偏移,,,,RW,unsignedInt[0..159],,,"SSB偏移，对应36.331 中6.3.5 中MTC-SSB-NR IE 定义的periodicityAndOffset-r15，
取值范围[0..159]；
默认值：0
当ssbPeriodicity_r15=5时，对应取值(0..4)
当ssbPeriodicity_r15=10时，对应取值(0..9),
当ssbPeriodicity_r15=20时，对应取值(0..19),
当ssbPeriodicity_r15=40时，对应取值(0..39),
当ssbPeriodicity_r15=80时，对应取值(0..79),
当ssbPeriodicity_r15=160时，对应取值(0..159)",3GPP TS38.331,,,
CMCC_TD_LTE_V2.3,中国移动TD-LTE皮站_飞站基站设备网络管理南向接口数据配置模型规范V2.3.xlsx,SI,6,parameter,NR邻区参数管理,Device.Services.FAPService.{i}.CellConfig.LTE.RAN.NeighborList.InterRATCell.NR.{i}.SsbPeriodicity,Device,SsbPeriodicity,Y,SsbPeriodicity_r15,SSB周期,,,,RW,"unsignedInt[5,10,20,40,80,160]",,,"SSB周期，对应36.331 中6.3.5 中
MTC-SSB-NR IE 定义的periodicityAndOffsetType-r15，
取值范围[5,10,20,40,80,160],分别表示：[sf5-r15,sf10-r15,sf20-r15,sf40-r15,sf80-r15,,sf160-r15]",3GPP TS38.331,,,
CMCC_TD_LTE_V2.3,中国移动TD-LTE皮站_飞站基站设备网络管理南向接口数据配置模型规范V2.3.xlsx,SI,8,parameter,NR邻区参数管理,Device.Services.FAPService.{i}.CellConfig.LTE.RAN.NeighborList.InterRATCell.NR.{i}.Ssb_Duration,Device,Ssb_Duration,Y,Ssb_Duration_r15,ssb_Duration_r15,,,,RW,"unsignedInt[1,2,3,4,5]",,,"对应36.331 中6.3.5 中MTC-SSB-NR IE 定义的ssb-Duration-r15，
取值范围[1,2,3,4,5]；
分别表示[sf1, sf2, sf3, sf4, sf5]
默认值：4",3GPP TS38.331,,,
CMCC_TD_LTE_V2.3,中国移动TD-LTE皮站_飞站基站设备网络管理南向接口数据配置模型规范V2.3.xlsx,SI,10,parameter,NR邻区参数管理,Device.Services.FAPService.{i}.CellConfig.LTE.RAN.NeighborList.InterRATCell.NR.{i}.TAC,Device,TAC,Y,TAC,邻区TAC,,,,RW,unsignedInt[0:16777215],,,TAC（24bit）,3GPP TS38.331,,,
CMCC_TD_LTE_V2.3,中国移动TD-LTE皮站_飞站基站设备网络管理南向接口数据配置模型规范V2.3.xlsx,SI,3,parameter,NR邻区参数管理,InternetGatewayDevice.Services.FAPService.{i}.CellConfig.LTE.RAN.NeighborList.InterRATCell.NR.{i}.CID,InternetGatewayDevice,CID,Y,CID,邻区CID,,,,RW,unsignedLong[1:68719476735],,,邻区CID（36bit）,3GPP TS38.331,,,
CMCC_TD_LTE_V2.3,中国移动TD-LTE皮站_飞站基站设备网络管理南向接口数据配置模型规范V2.3.xlsx,SI,4,parameter,NR邻区参数管理,InternetGatewayDevice.Services.FAPService.{i}.CellConfig.LTE.RAN.NeighborList.InterRATCell.NR.{i}.GnbIdLen,InternetGatewayDevice,GnbIdLen,Y,GnbIdLen,邻区GnbId长度,,,,RW,unsignedInt[22:32],,,对端5g基站的GnbI长度；默认值24，取值范围[22:32],3GPP TS38.331,,,
CMCC_TD_LTE_V2.3,中国移动TD-LTE皮站_飞站基站设备网络管理南向接口数据配置模型规范V2.3.xlsx,SI,12,parameter,NR邻区参数管理,InternetGatewayDevice.Services.FAPService.{i}.CellConfig.LTE.RAN.NeighborList.InterRATCell.NR.{i}.NRband,InternetGatewayDevice,NRband,Y,NRband_r15,Nr频段,,,,RW,unsignedInt[1:1024],,,"多频带信息列表字段；对应36.331 中6.3.4 中FreqBandIndicatorNR定义的FreqBandIndicatorNR-r15，
取值范围：[1~1024] 和0xFFFF表示不配置
默认值：41",3GPP TS38.331,,,
CMCC_TD_LTE_V2.3,中国移动TD-LTE皮站_飞站基站设备网络管理南向接口数据配置模型规范V2.3.xlsx,SI,13,parameter,NR邻区参数管理,InternetGatewayDevice.Services.FAPService.{i}.CellConfig.LTE.RAN.NeighborList.InterRATCell.NR.{i}.NeighType,InternetGatewayDevice,NeighType,Y,NeighType,邻区类型,,,,RW,unsignedInt[0，1，2],,,"邻区类型：
取值范围：[0,1,2]
0：both; 1:SA邻区，2:NSA邻区默认值：0",3GPP TS38.331,,,
CMCC_TD_LTE_V2.3,中国移动TD-LTE皮站_飞站基站设备网络管理南向接口数据配置模型规范V2.3.xlsx,SI,2,parameter,NR邻区参数管理,InternetGatewayDevice.Services.FAPService.{i}.CellConfig.LTE.RAN.NeighborList.InterRATCell.NR.{i}.PLMNID,InternetGatewayDevice,PLMNID,Y,PLMNID,邻区PLMN ID,,,,RW,string(6),,,邻区PLMN ID，由MCC和MNC组成,3GPP TS38.331,,"V2.2增加NR邻区PLMNID参数管理,用于快速返回/SIB24",
CMCC_TD_LTE_V2.3,中国移动TD-LTE皮站_飞站基站设备网络管理南向接口数据配置模型规范V2.3.xlsx,SI,9,parameter,NR邻区参数管理,InternetGatewayDevice.Services.FAPService.{i}.CellConfig.LTE.RAN.NeighborList.InterRATCell.NR.{i}.PhyCellID,InternetGatewayDevice,PhyCellID,Y,PhyCellID,邻区物理小区ID,,,,RW,unsignedInt[0:1007],,,NR邻区PCI,3GPP TS38.331,,,
CMCC_TD_LTE_V2.3,中国移动TD-LTE皮站_飞站基站设备网络管理南向接口数据配置模型规范V2.3.xlsx,SI,11,parameter,NR邻区参数管理,InternetGatewayDevice.Services.FAPService.{i}.CellConfig.LTE.RAN.NeighborList.InterRATCell.NR.{i}.Qoffset,InternetGatewayDevice,Qoffset,Y,QOffset,小区特定偏移量,,,,RW,"int[-24:-8, -6:6, 8:24]",,,邻区的小区特定偏移量，-6到6区间的步长为1dB，其他区间步长为2dB,3GPP TS38.331,,,
CMCC_TD_LTE_V2.3,中国移动TD-LTE皮站_飞站基站设备网络管理南向接口数据配置模型规范V2.3.xlsx,SI,5,parameter,NR邻区参数管理,InternetGatewayDevice.Services.FAPService.{i}.CellConfig.LTE.RAN.NeighborList.InterRATCell.NR.{i}.SsbFrequency,InternetGatewayDevice,SsbFrequency,Y,SsbFrequency,SSB频点号,,,,RW,unsignedInt[0:3279165],,,NR邻区载频的SSB ARFCN,3GPP TS38.331,,,
CMCC_TD_LTE_V2.3,中国移动TD-LTE皮站_飞站基站设备网络管理南向接口数据配置模型规范V2.3.xlsx,SI,7,parameter,NR邻区参数管理,InternetGatewayDevice.Services.FAPService.{i}.CellConfig.LTE.RAN.NeighborList.InterRATCell.NR.{i}.SsbOffset,InternetGatewayDevice,SsbOffset,Y,SsbOffset_r15,SSB偏移,,,,RW,unsignedInt[0..159],,,"SSB偏移，对应36.331 中6.3.5 中MTC-SSB-NR IE 定义的periodicityAndOffset-r15，
取值范围[0..159]；
默认值：0
当ssbPeriodicity_r15=5时，对应取值(0..4)
当ssbPeriodicity_r15=10时，对应取值(0..9),
当ssbPeriodicity_r15=20时，对应取值(0..19),
当ssbPeriodicity_r15=40时，对应取值(0..39),
当ssbPeriodicity_r15=80时，对应取值(0..79),
当ssbPeriodicity_r15=160时，对应取值(0..159)",3GPP TS38.331,,,
CMCC_TD_LTE_V2.3,中国移动TD-LTE皮站_飞站基站设备网络管理南向接口数据配置模型规范V2.3.xlsx,SI,6,parameter,NR邻区参数管理,InternetGatewayDevice.Services.FAPService.{i}.CellConfig.LTE.RAN.NeighborList.InterRATCell.NR.{i}.SsbPeriodicity,InternetGatewayDevice,SsbPeriodicity,Y,SsbPeriodicity_r15,SSB周期,,,,RW,"unsignedInt[5,10,20,40,80,160]",,,"SSB周期，对应36.331 中6.3.5 中
MTC-SSB-NR IE 定义的periodicityAndOffsetType-r15，
取值范围[5,10,20,40,80,160],分别表示：[sf5-r15,sf10-r15,sf20-r15,sf40-r15,sf80-r15,,sf160-r15]",3GPP TS38.331,,,
CMCC_TD_LTE_V2.3,中国移动TD-LTE皮站_飞站基站设备网络管理南向接口数据配置模型规范V2.3.xlsx,SI,8,parameter,NR邻区参数管理,InternetGatewayDevice.Services.FAPService.{i}.CellConfig.LTE.RAN.NeighborList.InterRATCell.NR.{i}.Ssb_Duration,InternetGatewayDevice,Ssb_Duration,Y,Ssb_Duration_r15,ssb_Duration_r15,,,,RW,"unsignedInt[1,2,3,4,5]",,,"对应36.331 中6.3.5 中MTC-SSB-NR IE 定义的ssb-Duration-r15，
取值范围[1,2,3,4,5]；
分别表示[sf1, sf2, sf3, sf4, sf5]
默认值：4",3GPP TS38.331,,,
CMCC_TD_LTE_V2.3,中国移动TD-LTE皮站_飞站基站设备网络管理南向接口数据配置模型规范V2.3.xlsx,SI,10,parameter,NR邻区参数管理,InternetGatewayDevice.Services.FAPService.{i}.CellConfig.LTE.RAN.NeighborList.InterRATCell.NR.{i}.TAC,InternetGatewayDevice,TAC,Y,TAC,邻区TAC,,,,RW,unsignedInt[0:16777215],,,TAC（24bit）,3GPP TS38.331,,,
CMCC_5G_EXT_PICO_V1.9.4,中国移动5G扩展型皮基站网管南向接口数据模型规范v1.9.4.xlsx,SH,21,parameter,NSSAI分流规则参数管理,Device.Services.FAPService.{i}.FAPControl.LocalBreakout.NssaiRules.Enable,Device,Enable,Y,Enable,NSSAI规则开关,CB,,,RW,boolean,,,"0:关闭
1:开启",,,,
CMCC_5G_EXT_PICO_V1.9.4,中国移动5G扩展型皮基站网管南向接口数据模型规范v1.9.4.xlsx,SH,22,parameter,NSSAI分流规则参数管理,Device.Services.FAPService.{i}.FAPControl.LocalBreakout.NssaiRules.RuleList.{i}.SNSSAI,Device,SNSSAI,Y,SNSSAI,SNSSAI,CB,,SNSSAI,RW,unsignedInt[0:‭4294967295‬],,,由SST和SD组成,TR系列规范(TR098/TR181/TR196)/NRM数据配置要求,,,
CMCC_5G_EXT_PICO_V1.9.4,中国移动5G扩展型皮基站网管南向接口数据模型规范v1.9.4.xlsx,SK,138,parameter,PDCP参数管理,Device.Services.FAPService.{i}.CellConfig.{i}.NR.RAN.PDCP.{i}.DiscardTimer,Device,DiscardTimer,Y,DiscardTimer,PDCP层SDU丢弃时间,A,AF,DiscardTimer,RW,"unsignedInt[10,20,30,40,50,60,75,100,150,200,250,300,500,750,1500,0x0000FFFF]",,,"PDCP SDU的丢弃时间，参考TS38.331的 6.3.2节PDCP-Config： discardTimer参数
         取值范围: 

取值范围说明：List of structure 
{
  QCI: Integer,
  DiscardTimer: ENUMERATED 
}
DiscardTimer::= ENUMERATED {ms10, ms20, ms30, ms40, ms50, ms60, ms75, ms100, ms150, ms200,ms250, ms300, ms500, ms750, ms1500, infinity} 
无效值为十六进制或十进制都可以",《5G SA gNB网元统计数据需求规范-NRM(V1.4.2)》,,,20231020：描述增加取值范围无效值说明
CMCC_5G_EXT_PICO_V1.9.4,中国移动5G扩展型皮基站网管南向接口数据模型规范v1.9.4.xlsx,SK,137,parameter,PDCP参数管理,Device.Services.FAPService.{i}.CellConfig.{i}.NR.RAN.PDCP.{i}.PdcpSnSizeDL,Device,PdcpSnSizeDL,Y,PdcpSnSizeDL,PDCP层DL SN号长度中的SN长度,A,AF,PdcpSnSizeDL,RW,"unsignedInt[12,18]",,,"PDCP层UL SN号长度，参考TS38.331的 6.3.2节PDCP-Config：pdcp-SN-SizeUL参数
         
取值范围说明：List of structure 
{
  QCI: Integer, //  QCI or  mapped 5QI 
  PdcpSnSize: ENUMERATED 
}
PdcpSnSize::=ENUMERATED {len12bits, len18bits}",《5G SA gNB网元统计数据需求规范-NRM(V1.4.2)》,,,
CMCC_5G_EXT_PICO_V1.9.4,中国移动5G扩展型皮基站网管南向接口数据模型规范v1.9.4.xlsx,SK,136,parameter,PDCP参数管理,Device.Services.FAPService.{i}.CellConfig.{i}.NR.RAN.PDCP.{i}.PdcpSnSizeUL,Device,PdcpSnSizeUL,Y,PdcpSnSizeUL,PDCP层UL SN号长度中的SN长度,A,AF,PdcpSnSizeUL,RW,"unsignedInt[12,18]",,,"PDCP层UL SN号长度，参考TS38.331的 6.3.2节PDCP-Config：pdcp-SN-SizeUL参数
         
取值范围说明：List of structure 
{
  QCI: Integer, //  QCI or  mapped 5QI 
  PdcpSnSize: ENUMERATED 
}
PdcpSnSize::=ENUMERATED {len12bits, len18bits},12对应len12bits",《5G SA gNB网元统计数据需求规范-NRM(V1.4.2)》,,,
CMCC_5G_EXT_PICO_V1.9.4,中国移动5G扩展型皮基站网管南向接口数据模型规范v1.9.4.xlsx,SK,135,parameter,PDCP参数管理,Device.Services.FAPService.{i}.CellConfig.{i}.NR.RAN.PDCP.{i}.QCI,Device,QCI,Y,QCI,PDCP层UL SN号长度中的QCI,A,AF,"PdcpSnSizeUL,DL",RW,unsignedInt[0:255],,,"PDCP层UL SN号长度，参考TS38.331的 6.3.2节PDCP-Config：pdcp-SN-SizeUL参数
         
取值范围说明：List of structure 
{
  QCI: Integer, //  QCI or  mapped 5QI 
  PdcpSnSize: ENUMERATED 
}
PdcpSnSize::=ENUMERATED {len12bits, len18bits}",《5G SA gNB网元统计数据需求规范-NRM(V1.4.2)》,,,修订-20221118
CMCC_5G_EXT_PICO_V1.9.4,中国移动5G扩展型皮基站网管南向接口数据模型规范v1.9.4.xlsx,SH,19,parameter,PLMN分流规则参数管理,Device.Services.FAPService.{i}.FAPControl.LocalBreakout.PlmnRules.Enable,Device,Enable,Y,Enable,PLMN规则开关,CB,,,RW,boolean,,,"0:关闭
1:开启",,,,
CMCC_5G_EXT_PICO_V1.9.4,中国移动5G扩展型皮基站网管南向接口数据模型规范v1.9.4.xlsx,SH,20,parameter,PLMN分流规则参数管理,Device.Services.FAPService.{i}.FAPControl.LocalBreakout.PlmnRules.RuleList.{i}.PLMNID,Device,PLMNID,Y,PLMNID,小区PLMNID,CB,,PlmnIdList,RW,string(6),,,由MCC和MNC组成,TR系列规范(TR098/TR181/TR196)/NRM数据配置要求,,,
CMCC_NR_V1.7,NR v1.7.xlsx,SJ,46,parameter,QoS映射DRB参数管理,Device.Services.FAPService.{i}.CellConfig.{i}.NR.RAN.RadioBearParam.{i}.5QI,Device,5QI,Y,5QI,5QI,CB,,,RW,"unsignedInt[0:255,...]",,,5QI，TS23.501,,《5G NR无线网络扩展型皮基站设备功能测试规范—基本功能分册》,,
CMCC_NR_V1.7,NR v1.7.xlsx,SJ,47,parameter,QoS映射DRB参数管理,Device.Services.FAPService.{i}.CellConfig.{i}.NR.RAN.RadioBearParam.{i}.MappingDrbIndex,Device,MappingDrbIndex,Y,MappingDrbIndex,映射到的DRB,CB,,,RW,string(64),,,"字符串，描述5QI与DRB映射关系，DRB之间使用"",""分割，例如：某5QI使用的DRB是5,10和32，则表示为""5,10,32""",,《5G NR无线网络扩展型皮基站设备功能测试规范—基本功能分册》,,
CMCC_5G_EXT_PICO_V1.9.4,中国移动5G扩展型皮基站网管南向接口数据模型规范v1.9.4.xlsx,SK,141,parameter,RLC参数管理,Device.Services.FAPService.{i}.CellConfig.{i}.NR.RAN.RLC.{i}.DlRlcSnSize,Device,DlRlcSnSize,Y,DlRlcSnSize,下行RLC序列号长度,A,AM,DlRlcSnSize,RW,"unsignedInt[6,12,18]",,,"gNodeB和UE的下行RLC序列号长度
 DlRlcSnSize::=ENUMERATED {len6bits,len12bits, len18bits}",《5G SA gNB网元统计数据需求规范-NRM(V1.4.2)》,,,
CMCC_5G_EXT_PICO_V1.9.4,中国移动5G扩展型皮基站网管南向接口数据模型规范v1.9.4.xlsx,SK,143,parameter,RLC参数管理,Device.Services.FAPService.{i}.CellConfig.{i}.NR.RAN.RLC.{i}.GNBRlcReassemblyTimer,Device,GNBRlcReassemblyTimer,Y,GNBRlcReassemblyTimer,GNBRLC重组定时器,B,AM,GNBRlcReassemblyTimer,RW,"unsignedInt[0,5,10,15,20,25,30,35,40,45,50,55,60,65,70,75,80,85,90,95,100,110,120,130,140,150,160,170,180,190,200,0x0000FFFF]",,,"该参数表示RLC重组定时器的时长
取值：0:ms0, 5:ms5, 10:ms10, 15:ms15, 20:ms20, 25:ms25, 30:ms30, 35:ms35,40:ms40, 45:ms45, 50:ms50, 55:ms55, 60:ms60,65:ms65,70:ms70,75:ms75,80:ms80, 85:ms85, 90:ms90, 95:ms95,100:ms100, 110:ms110,120:ms120, 130:ms130, 140:ms140, 150:ms150, 160:ms160, 170:ms170,180:ms180, 190:ms190, 200:ms200,0x0000FFFF:spare1",《5G SA gNB网元统计数据需求规范-NRM(V1.4.2)》,,,
CMCC_5G_EXT_PICO_V1.9.4,中国移动5G扩展型皮基站网管南向接口数据模型规范v1.9.4.xlsx,SK,139,parameter,RLC参数管理,Device.Services.FAPService.{i}.CellConfig.{i}.NR.RAN.RLC.{i}.QCI,Device,QCI,Y,QCI,RLC层QCI,A,AM,RlcMode,RW,unsignedInt[0:255],,,"RLC传输模式，对应协议RLC-Config参数,
取值范围说明：List of structure 
{
   QCI: ENUMERATED，
   Mode: ENUMERATED
}
QCI::=   ENUMERATED{1，2，3，4，5，6，7，8，9，OTHER，...}
 注：QCI 根据NSA 或SA 填写 QCI 或 映射的5QI。
Mode::= ENUMERATED {AM,UM}",《5G SA gNB网元统计数据需求规范-NRM(V1.4.2)》,,,修订-20221118
CMCC_5G_EXT_PICO_V1.9.4,中国移动5G扩展型皮基站网管南向接口数据模型规范v1.9.4.xlsx,SK,140,parameter,RLC参数管理,Device.Services.FAPService.{i}.CellConfig.{i}.NR.RAN.RLC.{i}.RlcMode,Device,RlcMode,Y,RlcMode,RLC工作模式,A,AM,RlcMode,RW,"unsignedInt[1,2]",,,"RLC传输模式，对应协议RLC-Config参数,ENUMERATED {1:AM:2:UM}",《5G SA gNB网元统计数据需求规范-NRM(V1.4.2)》,,,
CMCC_5G_EXT_PICO_V1.9.4,中国移动5G扩展型皮基站网管南向接口数据模型规范v1.9.4.xlsx,SK,142,parameter,RLC参数管理,Device.Services.FAPService.{i}.CellConfig.{i}.NR.RAN.RLC.{i}.UlRlcSnSize,Device,UlRlcSnSize,Y,UlRlcSnSize,上行RLC序列号长度,A,AM,UlRlcSnSize,RW,"unsignedInt[6,12,18]",,,"gNodeB和UE的上行RLC序列号长度UlRlcSnSize::=ENUMERATED {len6bits,len12bits, len18bits}",《5G SA gNB网元统计数据需求规范-NRM(V1.4.2)》,,,
CMCC_5G_EXT_PICO_V1.9.4,中国移动5G扩展型皮基站网管南向接口数据模型规范v1.9.4.xlsx,SK,134,parameter,RNAU周期,Device.Services.FAPService.{i}.CellConfig.{i}.NR.RAN.RRCTimers.T380,Device,T380,Y,T380,T380定时器,A,,,RW,unsignedInt[0:7],,,"RNAU周期，min5对应5，min10对应10，以此类推。
取值范围[0~7]
{ min5, min10, min20, min30, min60, min120, min360, min720}",3GPP TS38.332,周期性RNAU时间,,
CMCC_TD_LTE_V2.3,中国移动TD-LTE皮站_飞站基站设备网络管理南向接口数据配置模型规范V2.3.xlsx,SH,73,parameter,RRC参数管理（RRC计时器）,Device.Services.FAPService.{i}.CellConfig.LTE.RAN.RRCTimers.N310,Device,N310,Y,N310,T310定时器,A,,N310,RW,"unsignedInt[1:4, 6, 8, 10, 20]",,,从低层收到的”out-of-sync” 标志的连续数目，会触发T310定时器,TR系列规范(TR098/TR181/TR196)/NRM数据配置要求,,,
CMCC_TD_LTE_V2.3,中国移动TD-LTE皮站_飞站基站设备网络管理南向接口数据配置模型规范V2.3.xlsx,SH,74,parameter,RRC参数管理（RRC计时器）,Device.Services.FAPService.{i}.CellConfig.LTE.RAN.RRCTimers.N311,Device,N311,Y,N311,T311定时器,A,,N311,RW,"unsignedInt[1:6, 8, 10]",,,低层收到的”in-sync”标志的连续数目，会停止T310定时器,TR系列规范(TR098/TR181/TR196)/NRM数据配置要求,,,
CMCC_TD_LTE_V2.3,中国移动TD-LTE皮站_飞站基站设备网络管理南向接口数据配置模型规范V2.3.xlsx,SH,65,parameter,RRC参数管理（RRC计时器）,Device.Services.FAPService.{i}.CellConfig.LTE.RAN.RRCTimers.T300,Device,T300,Y,T300,T300定时器,A,AS,T300,RW,string(64),,,"连续RRCConnectionRequest传输之间的时间间隔,单位ms",TR系列规范(TR098/TR181/TR196)/NRM数据配置要求,,修正参数类型,
CMCC_TD_LTE_V2.3,中国移动TD-LTE皮站_飞站基站设备网络管理南向接口数据配置模型规范V2.3.xlsx,SH,66,parameter,RRC参数管理（RRC计时器）,Device.Services.FAPService.{i}.CellConfig.LTE.RAN.RRCTimers.T301,Device,T301,Y,T301,T301定时器,A,,T301,RW,string(64),,,"连续RRCConnectionReestablishmentRe
quest传输之间的时间间隔,单位ms",TR系列规范(TR098/TR181/TR196)/NRM数据配置要求,,修正参数类型,
CMCC_TD_LTE_V2.3,中国移动TD-LTE皮站_飞站基站设备网络管理南向接口数据配置模型规范V2.3.xlsx,SH,67,parameter,RRC参数管理（RRC计时器）,Device.Services.FAPService.{i}.CellConfig.LTE.RAN.RRCTimers.T302,Device,T302,Y,T302,T302定时器,A,,T302,RW,unsignedInt[1:16],,,"RRCConnectionReject 之后小区重选或
RRConnectionSetup等待的时间",TR系列规范(TR098/TR181/TR196)/NRM数据配置要求,,,
CMCC_TD_LTE_V2.3,中国移动TD-LTE皮站_飞站基站设备网络管理南向接口数据配置模型规范V2.3.xlsx,SH,68,parameter,RRC参数管理（RRC计时器）,Device.Services.FAPService.{i}.CellConfig.LTE.RAN.RRCTimers.T304EUTRA,Device,T304EUTRA,Y,T304EUTRA,T304(EUTRA)定时器,A,,T304EUTRA,RW,string(64),,,"切换失败定时器,单位ms",TR系列规范(TR098/TR181/TR196)/NRM数据配置要求,,修正参数类型,
CMCC_TD_LTE_V2.3,中国移动TD-LTE皮站_飞站基站设备网络管理南向接口数据配置模型规范V2.3.xlsx,SH,69,parameter,RRC参数管理（RRC计时器）,Device.Services.FAPService.{i}.CellConfig.LTE.RAN.RRCTimers.T304IRAT,Device,T304IRAT,Y,T304IRAT,T304(异系统)定时器,A,,T304IRAT,RW,string(64),,,"切换失败定时器,单位ms",TR系列规范(TR098/TR181/TR196)/NRM数据配置要求,,修正参数类型,
CMCC_TD_LTE_V2.3,中国移动TD-LTE皮站_飞站基站设备网络管理南向接口数据配置模型规范V2.3.xlsx,SH,70,parameter,RRC参数管理（RRC计时器）,Device.Services.FAPService.{i}.CellConfig.LTE.RAN.RRCTimers.T310,Device,T310,Y,T310,T310定时器,A,,T310,RW,"unsignedInt[0,50,100,200,500,1000,2000]",,,"RLF声明定时器,单位ms",TR系列规范(TR098/TR181/TR196)/NRM数据配置要求,,,
CMCC_TD_LTE_V2.3,中国移动TD-LTE皮站_飞站基站设备网络管理南向接口数据配置模型规范V2.3.xlsx,SH,71,parameter,RRC参数管理（RRC计时器）,Device.Services.FAPService.{i}.CellConfig.LTE.RAN.RRCTimers.T311,Device,T311,Y,T311,T311定时器,A,,T311,RW,string(64),,,"RLF恢复定时器,单位ms",TR系列规范(TR098/TR181/TR196)/NRM数据配置要求,,修正参数类型,
CMCC_TD_LTE_V2.3,中国移动TD-LTE皮站_飞站基站设备网络管理南向接口数据配置模型规范V2.3.xlsx,SH,72,parameter,RRC参数管理（RRC计时器）,Device.Services.FAPService.{i}.CellConfig.LTE.RAN.RRCTimers.T320,Device,T320,Y,T320,T320定时器,A,,T320,RW,"unsignedInt[5, 10, 20, 30, 60, 120, 180]",,,"RRCConnection释放之后的时间,单位min",TR系列规范(TR098/TR181/TR196)/NRM数据配置要求,,,
CMCC_5G_EXT_PICO_V1.9.4,中国移动5G扩展型皮基站网管南向接口数据模型规范v1.9.4.xlsx,SK,131,parameter,RRC参数管理（RRC计时器）,Device.Services.FAPService.{i}.CellConfig.{i}.NR.RAN.RRCTimers.N310,Device,N310,Y,N310,N310定时器,A,AH,N310,RW,unsignedInt[0:7],,,"从低层收到的”out-of-sync” 标志的连续数目，会触发T310定时器。对应TS 38.331 中n310参数，n1对应1，n2对应2，依次类推，
取值范围：[0~7]
{n1,n2,n3,n4,n6,n8,n10, n20}",3GPP TS38.331,,,20231020：修改取值范围为0-7
CMCC_5G_EXT_PICO_V1.9.4,中国移动5G扩展型皮基站网管南向接口数据模型规范v1.9.4.xlsx,SK,132,parameter,RRC参数管理（RRC计时器）,Device.Services.FAPService.{i}.CellConfig.{i}.NR.RAN.RRCTimers.N311,Device,N311,Y,N311,N311定时器,A,AH,N311,RW,unsignedInt[0:7],,,"从低层收到的”in-sync”标志的连续数目，会停止T310定时器。对应TS 38.331的n311参数，n1对应1，n2对应2，依次类推，
取值范围：[0~7]
{n1,n2,n3,n4,n5,n6,n8,n10}",3GPP TS38.331,,,20231020：修改取值范围为0-8
CMCC_5G_EXT_PICO_V1.9.4,中国移动5G扩展型皮基站网管南向接口数据模型规范v1.9.4.xlsx,SK,124,parameter,RRC参数管理（RRC计时器）,Device.Services.FAPService.{i}.CellConfig.{i}.NR.RAN.RRCTimers.T300,Device,T300,Y,T300,T300定时器,A,AH,T300,RW,unsignedInt[0:7],,,"连续RRCConnectionRequest传输之间的时间间隔,ms100对应100，ms200对应200，依次类推。
取值范围：[0~7]
{ms100,ms200, ms300,ms400, ms600,ms1000, ms1500,ms2000}",3GPP TS38.331,,,
CMCC_5G_EXT_PICO_V1.9.4,中国移动5G扩展型皮基站网管南向接口数据模型规范v1.9.4.xlsx,SK,125,parameter,RRC参数管理（RRC计时器）,Device.Services.FAPService.{i}.CellConfig.{i}.NR.RAN.RRCTimers.T301,Device,T301,Y,T301,T301定时器,A,AH,T301,RW,unsignedInt[0:7],,,"连续RRCConnectionReestablishmentRe
quest传输之间的时间间隔，ms100对应100，ms200对应200，依次类推。
取值范围：[0~7]
{ms100,ms200,ms300,ms400, ms600,ms1000, ms1500,ms2000}",3GPP TS38.331,,,
CMCC_5G_EXT_PICO_V1.9.4,中国移动5G扩展型皮基站网管南向接口数据模型规范v1.9.4.xlsx,SK,126,parameter,RRC参数管理（RRC计时器）,Device.Services.FAPService.{i}.CellConfig.{i}.NR.RAN.RRCTimers.T302,Device,T302,Y,T302,T302定时器,A,,,RW,unsignedInt[1:16],,,"RRCConnectionReject 之后小区重选或
RRConnectionSetup等待的时间",3GPP TS38.331,,,
CMCC_5G_EXT_PICO_V1.9.4,中国移动5G扩展型皮基站网管南向接口数据模型规范v1.9.4.xlsx,SK,127,parameter,RRC参数管理（RRC计时器）,Device.Services.FAPService.{i}.CellConfig.{i}.NR.RAN.RRCTimers.T304,Device,T304,Y,T304,T304定时器,A,AH,T304,RW,unsignedInt[0:7],,,在MCG中，T304定时器为切换失败定时器；在SCG中，T304定时器为同步失败定时器。,3GPP TS38.331,,,
CMCC_5G_EXT_PICO_V1.9.4,中国移动5G扩展型皮基站网管南向接口数据模型规范v1.9.4.xlsx,SK,128,parameter,RRC参数管理（RRC计时器）,Device.Services.FAPService.{i}.CellConfig.{i}.NR.RAN.RRCTimers.T310,Device,T310,Y,T310,T310定时器,A,AH,T310,RW,unsignedInt[0:6],,,"RLF声明定时器，ms0对应0，ms50对应50，依次类推。
取值范围：[0~6]
{ms0,ms50,ms100，ms200,ms500,
ms1000, ms2000}",3GPP TS38.331,,,
CMCC_5G_EXT_PICO_V1.9.4,中国移动5G扩展型皮基站网管南向接口数据模型规范v1.9.4.xlsx,SK,129,parameter,RRC参数管理（RRC计时器）,Device.Services.FAPService.{i}.CellConfig.{i}.NR.RAN.RRCTimers.T311,Device,T311,Y,T311,T311定时器,A,AH,T311,RW,unsignedInt[0:6],,,"RLF恢复定时器，ms1000对应1000，ms3000对应3000，依次类推。
取值范围：[0~6]
{ms1000,ms3000, ms5000,ms10000, ms15000,ms20000, ms30000}",3GPP TS38.331,,,
CMCC_5G_EXT_PICO_V1.9.4,中国移动5G扩展型皮基站网管南向接口数据模型规范v1.9.4.xlsx,SK,133,parameter,RRC参数管理（RRC计时器）,Device.Services.FAPService.{i}.CellConfig.{i}.NR.RAN.RRCTimers.T319,Device,T319,Y,T319,T319定时器,A,,,RW,unsignedInt[0:7],,,"当UE发送RRC恢复请求时开启的定时器。
取值范围：[0~7]
分别代表
{ ms100,ms200,ms300,ms400, ms600,ms1000, ms1500,ms2000}",3GPP TS38.331,,,
CMCC_5G_EXT_PICO_V1.9.4,中国移动5G扩展型皮基站网管南向接口数据模型规范v1.9.4.xlsx,SK,130,parameter,RRC参数管理（RRC计时器）,Device.Services.FAPService.{i}.CellConfig.{i}.NR.RAN.RRCTimers.T320,Device,T320,Y,T320,T320定时器,A,,,RW,unsignedInt[0:6],,,"小区重选定时器，取值范围：[0~6] [min5,min10,min20,min30,min60,min120,min180]",3GPP TS38.331,,,
CMCC_TD_LTE_V2.3,中国移动TD-LTE皮站_飞站基站设备网络管理南向接口数据配置模型规范V2.3.xlsx,SH,73,parameter,RRC参数管理（RRC计时器）,InternetGatewayDevice.Services.FAPService.{i}.CellConfig.LTE.RAN.RRCTimers.N310,InternetGatewayDevice,N310,Y,N310,T310定时器,A,,N310,RW,"unsignedInt[1:4, 6, 8, 10, 20]",,,从低层收到的”out-of-sync” 标志的连续数目，会触发T310定时器,TR系列规范(TR098/TR181/TR196)/NRM数据配置要求,,,
CMCC_TD_LTE_V2.3,中国移动TD-LTE皮站_飞站基站设备网络管理南向接口数据配置模型规范V2.3.xlsx,SH,74,parameter,RRC参数管理（RRC计时器）,InternetGatewayDevice.Services.FAPService.{i}.CellConfig.LTE.RAN.RRCTimers.N311,InternetGatewayDevice,N311,Y,N311,T311定时器,A,,N311,RW,"unsignedInt[1:6, 8, 10]",,,低层收到的”in-sync”标志的连续数目，会停止T310定时器,TR系列规范(TR098/TR181/TR196)/NRM数据配置要求,,,
CMCC_TD_LTE_V2.3,中国移动TD-LTE皮站_飞站基站设备网络管理南向接口数据配置模型规范V2.3.xlsx,SH,65,parameter,RRC参数管理（RRC计时器）,InternetGatewayDevice.Services.FAPService.{i}.CellConfig.LTE.RAN.RRCTimers.T300,InternetGatewayDevice,T300,Y,T300,T300定时器,A,AS,T300,RW,string(64),,,"连续RRCConnectionRequest传输之间的时间间隔,单位ms",TR系列规范(TR098/TR181/TR196)/NRM数据配置要求,,修正参数类型,
CMCC_TD_LTE_V2.3,中国移动TD-LTE皮站_飞站基站设备网络管理南向接口数据配置模型规范V2.3.xlsx,SH,66,parameter,RRC参数管理（RRC计时器）,InternetGatewayDevice.Services.FAPService.{i}.CellConfig.LTE.RAN.RRCTimers.T301,InternetGatewayDevice,T301,Y,T301,T301定时器,A,,T301,RW,string(64),,,"连续RRCConnectionReestablishmentRe
quest传输之间的时间间隔,单位ms",TR系列规范(TR098/TR181/TR196)/NRM数据配置要求,,修正参数类型,
CMCC_TD_LTE_V2.3,中国移动TD-LTE皮站_飞站基站设备网络管理南向接口数据配置模型规范V2.3.xlsx,SH,67,parameter,RRC参数管理（RRC计时器）,InternetGatewayDevice.Services.FAPService.{i}.CellConfig.LTE.RAN.RRCTimers.T302,InternetGatewayDevice,T302,Y,T302,T302定时器,A,,T302,RW,unsignedInt[1:16],,,"RRCConnectionReject 之后小区重选或
RRConnectionSetup等待的时间",TR系列规范(TR098/TR181/TR196)/NRM数据配置要求,,,
CMCC_TD_LTE_V2.3,中国移动TD-LTE皮站_飞站基站设备网络管理南向接口数据配置模型规范V2.3.xlsx,SH,68,parameter,RRC参数管理（RRC计时器）,InternetGatewayDevice.Services.FAPService.{i}.CellConfig.LTE.RAN.RRCTimers.T304EUTRA,InternetGatewayDevice,T304EUTRA,Y,T304EUTRA,T304(EUTRA)定时器,A,,T304EUTRA,RW,string(64),,,"切换失败定时器,单位ms",TR系列规范(TR098/TR181/TR196)/NRM数据配置要求,,修正参数类型,
CMCC_TD_LTE_V2.3,中国移动TD-LTE皮站_飞站基站设备网络管理南向接口数据配置模型规范V2.3.xlsx,SH,69,parameter,RRC参数管理（RRC计时器）,InternetGatewayDevice.Services.FAPService.{i}.CellConfig.LTE.RAN.RRCTimers.T304IRAT,InternetGatewayDevice,T304IRAT,Y,T304IRAT,T304(异系统)定时器,A,,T304IRAT,RW,string(64),,,"切换失败定时器,单位ms",TR系列规范(TR098/TR181/TR196)/NRM数据配置要求,,修正参数类型,
CMCC_TD_LTE_V2.3,中国移动TD-LTE皮站_飞站基站设备网络管理南向接口数据配置模型规范V2.3.xlsx,SH,70,parameter,RRC参数管理（RRC计时器）,InternetGatewayDevice.Services.FAPService.{i}.CellConfig.LTE.RAN.RRCTimers.T310,InternetGatewayDevice,T310,Y,T310,T310定时器,A,,T310,RW,"unsignedInt[0,50,100,200,500,1000,2000]",,,"RLF声明定时器,单位ms",TR系列规范(TR098/TR181/TR196)/NRM数据配置要求,,,
CMCC_TD_LTE_V2.3,中国移动TD-LTE皮站_飞站基站设备网络管理南向接口数据配置模型规范V2.3.xlsx,SH,71,parameter,RRC参数管理（RRC计时器）,InternetGatewayDevice.Services.FAPService.{i}.CellConfig.LTE.RAN.RRCTimers.T311,InternetGatewayDevice,T311,Y,T311,T311定时器,A,,T311,RW,string(64),,,"RLF恢复定时器,单位ms",TR系列规范(TR098/TR181/TR196)/NRM数据配置要求,,修正参数类型,
CMCC_TD_LTE_V2.3,中国移动TD-LTE皮站_飞站基站设备网络管理南向接口数据配置模型规范V2.3.xlsx,SH,72,parameter,RRC参数管理（RRC计时器）,InternetGatewayDevice.Services.FAPService.{i}.CellConfig.LTE.RAN.RRCTimers.T320,InternetGatewayDevice,T320,Y,T320,T320定时器,A,,T320,RW,"unsignedInt[5, 10, 20, 30, 60, 120, 180]",,,"RRCConnection释放之后的时间,单位min",TR系列规范(TR098/TR181/TR196)/NRM数据配置要求,,,
CMCC_TD_LTE_V2.3,中国移动TD-LTE皮站_飞站基站设备网络管理南向接口数据配置模型规范V2.3.xlsx,SF,11,parameter,S1-U对象,Device.Services.FAPControl.LTE.S1U.{i}.FarIpSubnetworkList,Device,FarIpSubnetworkList,Y,FarIpSubnetworkList,远端IP地址列表,A,,FarIpSubnetworkList,R,string(64),,,,NRM数据配置要求,,,
CMCC_TD_LTE_V2.3,中国移动TD-LTE皮站_飞站基站设备网络管理南向接口数据配置模型规范V2.3.xlsx,SF,10,parameter,S1-U对象,Device.Services.FAPControl.LTE.S1U.{i}.LocIpAddrList,Device,LocIpAddrList,Y,LocIpAddrList,本地IP地址列表,A,AI,LocIpAddrList,R,string(64),,,,NRM数据配置要求,,,
CMCC_LTE_V2.1,LTE V2.1.xlsx,SF,11,parameter,S1-U对象,Device.Services.FAPService.{i}.CellConfig.LTE.S1U.{i}.FarIpSubnetworkList,Device,FarIpSubnetworkList,Y,FarIpSubnetworkList,远端IP地址列表,A,,FarIpSubnetworkList,R,string(64),,,,NRM数据配置要求,,,
CMCC_LTE_V2.1,LTE V2.1.xlsx,SF,10,parameter,S1-U对象,Device.Services.FAPService.{i}.CellConfig.LTE.S1U.{i}.LocIpAddrList,Device,LocIpAddrList,Y,LocIpAddrList,本地IP地址列表,A,AI,LocIpAddrList,R,string(64),,,,NRM数据配置要求,,,
CMCC_TD_LTE_V2.3,中国移动TD-LTE皮站_飞站基站设备网络管理南向接口数据配置模型规范V2.3.xlsx,SF,11,parameter,S1-U对象,InternetGatewayDevice.Services.FAPControl.LTE.S1U.{i}.FarIpSubnetworkList,InternetGatewayDevice,FarIpSubnetworkList,Y,FarIpSubnetworkList,远端IP地址列表,A,,FarIpSubnetworkList,R,string(64),,,,NRM数据配置要求,,,
CMCC_TD_LTE_V2.3,中国移动TD-LTE皮站_飞站基站设备网络管理南向接口数据配置模型规范V2.3.xlsx,SF,10,parameter,S1-U对象,InternetGatewayDevice.Services.FAPControl.LTE.S1U.{i}.LocIpAddrList,InternetGatewayDevice,LocIpAddrList,Y,LocIpAddrList,本地IP地址列表,A,AI,LocIpAddrList,R,string(64),,,,NRM数据配置要求,,,
CMCC_LTE_V2.1,LTE V2.1.xlsx,SF,11,parameter,S1-U对象,InternetGatewayDevice.Services.FAPService.{i}.CellConfig.LTE.S1U.{i}.FarIpSubnetworkList,InternetGatewayDevice,FarIpSubnetworkList,Y,FarIpSubnetworkList,远端IP地址列表,A,,FarIpSubnetworkList,R,string(64),,,,NRM数据配置要求,,,
CMCC_LTE_V2.1,LTE V2.1.xlsx,SF,10,parameter,S1-U对象,InternetGatewayDevice.Services.FAPService.{i}.CellConfig.LTE.S1U.{i}.LocIpAddrList,InternetGatewayDevice,LocIpAddrList,Y,LocIpAddrList,本地IP地址列表,A,AI,LocIpAddrList,R,string(64),,,,NRM数据配置要求,,,
CMCC_TD_LTE_V2.3,中国移动TD-LTE皮站_飞站基站设备网络管理南向接口数据配置模型规范V2.3.xlsx,SG,12,parameter,SCTP参数管理,Device.Services.FAPControl.Transport.SCTP.Assoc.{i}.LocalPort,Device,LocalPort,Y,LocalPort,本端端口,A,,SCTPAssocLocalAddr,R,unsignedInt,,,,,,,
CMCC_TD_LTE_V2.3,中国移动TD-LTE皮站_飞站基站设备网络管理南向接口数据配置模型规范V2.3.xlsx,SG,13,parameter,SCTP参数管理,Device.Services.FAPControl.Transport.SCTP.Assoc.{i}.PrimaryPeerAddress,Device,PrimaryPeerAddress,Y,PrimaryPeerAddress,远端IP地址,A,AP,SCTPAssocRemoteAddr,R,string(64),,,,,,,
CMCC_TD_LTE_V2.3,中国移动TD-LTE皮站_飞站基站设备网络管理南向接口数据配置模型规范V2.3.xlsx,SG,14,parameter,SCTP参数管理,Device.Services.FAPControl.Transport.SCTP.Assoc.{i}.RemotePort,Device,RemotePort,Y,RemotePort,远端端口,A,,SCTPAssocRemoteAddr,R,unsignedInt,,,,,,,
CMCC_TD_LTE_V2.3,中国移动TD-LTE皮站_飞站基站设备网络管理南向接口数据配置模型规范V2.3.xlsx,SG,11,parameter,SCTP参数管理,Device.Services.FAPControl.Transport.SCTP.Assoc.{i}.SCTPAssocLocalAddr,Device,SCTPAssocLocalAddr,Y,SCTPAssocLocalAddr,本端IP地址,A,,SCTPAssocLocalAddr,R,string(64),,,,NRM配置要求,北向对应关系重新匹配,,
CMCC_TD_LTE_V2.3,中国移动TD-LTE皮站_飞站基站设备网络管理南向接口数据配置模型规范V2.3.xlsx,SG,2,parameter,SCTP参数管理,Device.Services.FAPControl.Transport.SCTP.Enable,Device,Enable,N,Enable,使能开关,A,,,RW,Boolean,,,,TR系列规范(TR098/TR181/TR196),,,
CMCC_TD_LTE_V2.3,中国移动TD-LTE皮站_飞站基站设备网络管理南向接口数据配置模型规范V2.3.xlsx,SG,7,parameter,SCTP参数管理,Device.Services.FAPControl.Transport.SCTP.HBInterval,Device,HBInterval,N,HBInterval,心跳时间间隔,A,,,RW,unsignedInt[1:],,,,TR系列规范(TR098/TR181/TR196),,,
CMCC_TD_LTE_V2.3,中国移动TD-LTE皮站_飞站基站设备网络管理南向接口数据配置模型规范V2.3.xlsx,SG,9,parameter,SCTP参数管理,Device.Services.FAPControl.Transport.SCTP.MaxAssociationRetransmits,Device,MaxAssociationRetransmits,N,MaxAssociationRetransmits,本端的最大连续重传数目,A,,,RW,unsignedInt,,,,TR系列规范(TR098/TR181/TR196),,,
CMCC_TD_LTE_V2.3,中国移动TD-LTE皮站_飞站基站设备网络管理南向接口数据配置模型规范V2.3.xlsx,SG,6,parameter,SCTP参数管理,Device.Services.FAPControl.Transport.SCTP.MaxInitRetransmits,Device,MaxInitRetransmits,N,MaxInitRetransmits,最大初始重传数,A,,,RW,unsignedInt,,,,TR系列规范(TR098/TR181/TR196),,,
CMCC_TD_LTE_V2.3,中国移动TD-LTE皮站_飞站基站设备网络管理南向接口数据配置模型规范V2.3.xlsx,SG,8,parameter,SCTP参数管理,Device.Services.FAPControl.Transport.SCTP.MaxPathRetransmits,Device,MaxPathRetransmits,N,MaxPathRetransmits,最大重传次数,A,,,RW,unsignedInt,,,,TR系列规范(TR098/TR181/TR196),,,
CMCC_TD_LTE_V2.3,中国移动TD-LTE皮站_飞站基站设备网络管理南向接口数据配置模型规范V2.3.xlsx,SG,3,parameter,SCTP参数管理,Device.Services.FAPControl.Transport.SCTP.RTOInitial,Device,RTOInitial,N,RTOInitial,重传超时的初始值,A,,,RW,unsignedInt,,,,TR系列规范(TR098/TR181/TR196),,,
CMCC_TD_LTE_V2.3,中国移动TD-LTE皮站_飞站基站设备网络管理南向接口数据配置模型规范V2.3.xlsx,SG,5,parameter,SCTP参数管理,Device.Services.FAPControl.Transport.SCTP.RTOMax,Device,RTOMax,N,RTOMax,重传超时的最大值,A,,,RW,unsignedInt,,,,TR系列规范(TR098/TR181/TR196),,,
CMCC_TD_LTE_V2.3,中国移动TD-LTE皮站_飞站基站设备网络管理南向接口数据配置模型规范V2.3.xlsx,SG,4,parameter,SCTP参数管理,Device.Services.FAPControl.Transport.SCTP.RTOMin,Device,RTOMin,N,RTOMin,重传超时的最小值,A,,,RW,unsignedInt,,,,TR系列规范(TR098/TR181/TR196),,,
CMCC_TD_LTE_V2.3,中国移动TD-LTE皮站_飞站基站设备网络管理南向接口数据配置模型规范V2.3.xlsx,SG,10,parameter,SCTP参数管理,Device.Services.FAPControl.Transport.SCTP.ValCookieLife,Device,ValCookieLife,N,ValCookieLife,有效cookie的生命周期,A,,,RW,unsignedInt,,,,TR系列规范(TR098/TR181/TR196),,,
CMCC_5G_EXT_PICO_V1.9.4,中国移动5G扩展型皮基站网管南向接口数据模型规范v1.9.4.xlsx,SN,12,parameter,SCTP参数管理,Device.Services.FAPService.{i}.Transport.SCTP.Assoc.{i}.AdministrativeState,Device,AdministrativeState,Y,AdministrativeState,管理状态,B,BE,AdministrativeState,RW,string(64),,,"管理的状态，枚举型{Locked, Unlocked, ShuttingDown}",北向NRM规范,,,20240207-新增
CMCC_LTE_V2.1,LTE V2.1.xlsx,SG,12,parameter,SCTP参数管理,Device.Services.FAPService.{i}.Transport.SCTP.Assoc.{i}.LocalPort,Device,LocalPort,Y,LocalPort,本端端口,A,,SCTPAssocLocalAddr,R,unsignedInt,,,,,,,
CMCC_5G_EXT_PICO_V1.9.4,中国移动5G扩展型皮基站网管南向接口数据模型规范v1.9.4.xlsx,SN,13,parameter,SCTP参数管理,Device.Services.FAPService.{i}.Transport.SCTP.Assoc.{i}.OperationalState,Device,OperationalState,Y,OperationalState,运行状态,B,BE,OperationalState,R,string(64),,,"运行的状态，枚举型{Disabled,Enabled}",北向NRM规范,,,20240207-新增
CMCC_LTE_V2.1,LTE V2.1.xlsx,SG,13,parameter,SCTP参数管理,Device.Services.FAPService.{i}.Transport.SCTP.Assoc.{i}.PrimaryPeerAddress,Device,PrimaryPeerAddress,Y,PrimaryPeerAddress,远端IP地址,A,AP,SCTPAssocRemoteAddr,R,string(64),,,,,,,
CMCC_LTE_V2.1,LTE V2.1.xlsx,SG,14,parameter,SCTP参数管理,Device.Services.FAPService.{i}.Transport.SCTP.Assoc.{i}.RemotePort,Device,RemotePort,Y,RemotePort,远端端口,A,,SCTPAssocRemoteAddr,R,unsignedInt,,,,,,,
CMCC_LTE_V2.1,LTE V2.1.xlsx,SG,11,parameter,SCTP参数管理,Device.Services.FAPService.{i}.Transport.SCTP.Assoc.{i}.SCTPAssocLocalAddr,Device,SCTPAssocLocalAddr,Y,SCTPAssocLocalAddr,本端IP地址,A,,SCTPAssocLocalAddr,R,string(64),,,,NRM配置要求,北向对应关系重新匹配,,
CMCC_5G_EXT_PICO_V1.9.4,中国移动5G扩展型皮基站网管南向接口数据模型规范v1.9.4.xlsx,SN,11,parameter,SCTP参数管理,Device.Services.FAPService.{i}.Transport.SCTP.Dscp,Device,Dscp,Y,Dscp,偶联使用的DSCP,B,BE,Dscp,RW,unsignedInt[0:63],,,"偶联使用的DSCP,取值范围0~63.",北向NRM规范,,,20240207-新增
CMCC_5G_EXT_PICO_V1.9.4,中国移动5G扩展型皮基站网管南向接口数据模型规范v1.9.4.xlsx,SN,2,parameter,SCTP参数管理,Device.Services.FAPService.{i}.Transport.SCTP.Enable,Device,Enable,Y,Enable,使能开关,A,,,RW,boolean,,,,TR系列规范(TR098/TR181/TR196),20231020-链路太多，逐条为一个网元配置多条Sctp工作量太大不现实,,修订-20221118
CMCC_5G_EXT_PICO_V1.9.4,中国移动5G扩展型皮基站网管南向接口数据模型规范v1.9.4.xlsx,SN,7,parameter,SCTP参数管理,Device.Services.FAPService.{i}.Transport.SCTP.HBInterval,Device,HBInterval,Y,HBInterval,心跳时间间隔,A,,,RW,unsignedInt[1:],,,,TR系列规范(TR098/TR181/TR196),,,
CMCC_5G_EXT_PICO_V1.9.4,中国移动5G扩展型皮基站网管南向接口数据模型规范v1.9.4.xlsx,SN,9,parameter,SCTP参数管理,Device.Services.FAPService.{i}.Transport.SCTP.MaxAssociationRetransmits,Device,MaxAssociationRetransmits,Y,MaxAssociationRetransmits,本端的最大连续重传数目,A,,,RW,unsignedInt,,,,TR系列规范(TR098/TR181/TR196),,,
CMCC_5G_EXT_PICO_V1.9.4,中国移动5G扩展型皮基站网管南向接口数据模型规范v1.9.4.xlsx,SN,6,parameter,SCTP参数管理,Device.Services.FAPService.{i}.Transport.SCTP.MaxInitRetransmits,Device,MaxInitRetransmits,Y,MaxInitRetransmits,最大初始重传数,A,,,RW,unsignedInt,,,,TR系列规范(TR098/TR181/TR196),,,
CMCC_5G_EXT_PICO_V1.9.4,中国移动5G扩展型皮基站网管南向接口数据模型规范v1.9.4.xlsx,SN,8,parameter,SCTP参数管理,Device.Services.FAPService.{i}.Transport.SCTP.MaxPathRetransmits,Device,MaxPathRetransmits,Y,MaxPathRetransmits,最大重传次数,A,,,RW,unsignedInt,,,,TR系列规范(TR098/TR181/TR196),,,
CMCC_5G_EXT_PICO_V1.9.4,中国移动5G扩展型皮基站网管南向接口数据模型规范v1.9.4.xlsx,SN,3,parameter,SCTP参数管理,Device.Services.FAPService.{i}.Transport.SCTP.RTOInitial,Device,RTOInitial,Y,RTOInitial,重传超时的初始值,A,,,RW,unsignedInt,,,,TR系列规范(TR098/TR181/TR196),,,
CMCC_5G_EXT_PICO_V1.9.4,中国移动5G扩展型皮基站网管南向接口数据模型规范v1.9.4.xlsx,SN,5,parameter,SCTP参数管理,Device.Services.FAPService.{i}.Transport.SCTP.RTOMax,Device,RTOMax,Y,RTOMax,重传超时的最大值,A,,,RW,unsignedInt,,,,TR系列规范(TR098/TR181/TR196),,,
CMCC_5G_EXT_PICO_V1.9.4,中国移动5G扩展型皮基站网管南向接口数据模型规范v1.9.4.xlsx,SN,4,parameter,SCTP参数管理,Device.Services.FAPService.{i}.Transport.SCTP.RTOMin,Device,RTOMin,Y,RTOMin,重传超时的最小值,A,,,RW,unsignedInt,,,,TR系列规范(TR098/TR181/TR196),,,
CMCC_5G_EXT_PICO_V1.9.4,中国移动5G扩展型皮基站网管南向接口数据模型规范v1.9.4.xlsx,SN,10,parameter,SCTP参数管理,Device.Services.FAPService.{i}.Transport.SCTP.ValCookieLife,Device,ValCookieLife,Y,ValCookieLife,有效cookie的生命周期,A,,,RW,unsignedInt,,,,TR系列规范(TR098/TR181/TR196),,,
CMCC_TD_LTE_V2.3,中国移动TD-LTE皮站_飞站基站设备网络管理南向接口数据配置模型规范V2.3.xlsx,SG,12,parameter,SCTP参数管理,InternetGatewayDevice.Services.FAPControl.Transport.SCTP.Assoc.{i}.LocalPort,InternetGatewayDevice,LocalPort,Y,LocalPort,本端端口,A,,SCTPAssocLocalAddr,R,unsignedInt,,,,,,,
CMCC_TD_LTE_V2.3,中国移动TD-LTE皮站_飞站基站设备网络管理南向接口数据配置模型规范V2.3.xlsx,SG,13,parameter,SCTP参数管理,InternetGatewayDevice.Services.FAPControl.Transport.SCTP.Assoc.{i}.PrimaryPeerAddress,InternetGatewayDevice,PrimaryPeerAddress,Y,PrimaryPeerAddress,远端IP地址,A,AP,SCTPAssocRemoteAddr,R,string(64),,,,,,,
CMCC_TD_LTE_V2.3,中国移动TD-LTE皮站_飞站基站设备网络管理南向接口数据配置模型规范V2.3.xlsx,SG,14,parameter,SCTP参数管理,InternetGatewayDevice.Services.FAPControl.Transport.SCTP.Assoc.{i}.RemotePort,InternetGatewayDevice,RemotePort,Y,RemotePort,远端端口,A,,SCTPAssocRemoteAddr,R,unsignedInt,,,,,,,
CMCC_TD_LTE_V2.3,中国移动TD-LTE皮站_飞站基站设备网络管理南向接口数据配置模型规范V2.3.xlsx,SG,11,parameter,SCTP参数管理,InternetGatewayDevice.Services.FAPControl.Transport.SCTP.Assoc.{i}.SCTPAssocLocalAddr,InternetGatewayDevice,SCTPAssocLocalAddr,Y,SCTPAssocLocalAddr,本端IP地址,A,,SCTPAssocLocalAddr,R,string(64),,,,NRM配置要求,北向对应关系重新匹配,,
CMCC_TD_LTE_V2.3,中国移动TD-LTE皮站_飞站基站设备网络管理南向接口数据配置模型规范V2.3.xlsx,SG,2,parameter,SCTP参数管理,InternetGatewayDevice.Services.FAPControl.Transport.SCTP.Enable,InternetGatewayDevice,Enable,N,Enable,使能开关,A,,,RW,Boolean,,,,TR系列规范(TR098/TR181/TR196),,,
CMCC_TD_LTE_V2.3,中国移动TD-LTE皮站_飞站基站设备网络管理南向接口数据配置模型规范V2.3.xlsx,SG,7,parameter,SCTP参数管理,InternetGatewayDevice.Services.FAPControl.Transport.SCTP.HBInterval,InternetGatewayDevice,HBInterval,N,HBInterval,心跳时间间隔,A,,,RW,unsignedInt[1:],,,,TR系列规范(TR098/TR181/TR196),,,
CMCC_TD_LTE_V2.3,中国移动TD-LTE皮站_飞站基站设备网络管理南向接口数据配置模型规范V2.3.xlsx,SG,9,parameter,SCTP参数管理,InternetGatewayDevice.Services.FAPControl.Transport.SCTP.MaxAssociationRetransmits,InternetGatewayDevice,MaxAssociationRetransmits,N,MaxAssociationRetransmits,本端的最大连续重传数目,A,,,RW,unsignedInt,,,,TR系列规范(TR098/TR181/TR196),,,
CMCC_TD_LTE_V2.3,中国移动TD-LTE皮站_飞站基站设备网络管理南向接口数据配置模型规范V2.3.xlsx,SG,6,parameter,SCTP参数管理,InternetGatewayDevice.Services.FAPControl.Transport.SCTP.MaxInitRetransmits,InternetGatewayDevice,MaxInitRetransmits,N,MaxInitRetransmits,最大初始重传数,A,,,RW,unsignedInt,,,,TR系列规范(TR098/TR181/TR196),,,
CMCC_TD_LTE_V2.3,中国移动TD-LTE皮站_飞站基站设备网络管理南向接口数据配置模型规范V2.3.xlsx,SG,8,parameter,SCTP参数管理,InternetGatewayDevice.Services.FAPControl.Transport.SCTP.MaxPathRetransmits,InternetGatewayDevice,MaxPathRetransmits,N,MaxPathRetransmits,最大重传次数,A,,,RW,unsignedInt,,,,TR系列规范(TR098/TR181/TR196),,,
CMCC_TD_LTE_V2.3,中国移动TD-LTE皮站_飞站基站设备网络管理南向接口数据配置模型规范V2.3.xlsx,SG,3,parameter,SCTP参数管理,InternetGatewayDevice.Services.FAPControl.Transport.SCTP.RTOInitial,InternetGatewayDevice,RTOInitial,N,RTOInitial,重传超时的初始值,A,,,RW,unsignedInt,,,,TR系列规范(TR098/TR181/TR196),,,
CMCC_TD_LTE_V2.3,中国移动TD-LTE皮站_飞站基站设备网络管理南向接口数据配置模型规范V2.3.xlsx,SG,5,parameter,SCTP参数管理,InternetGatewayDevice.Services.FAPControl.Transport.SCTP.RTOMax,InternetGatewayDevice,RTOMax,N,RTOMax,重传超时的最大值,A,,,RW,unsignedInt,,,,TR系列规范(TR098/TR181/TR196),,,
CMCC_TD_LTE_V2.3,中国移动TD-LTE皮站_飞站基站设备网络管理南向接口数据配置模型规范V2.3.xlsx,SG,4,parameter,SCTP参数管理,InternetGatewayDevice.Services.FAPControl.Transport.SCTP.RTOMin,InternetGatewayDevice,RTOMin,N,RTOMin,重传超时的最小值,A,,,RW,unsignedInt,,,,TR系列规范(TR098/TR181/TR196),,,
CMCC_TD_LTE_V2.3,中国移动TD-LTE皮站_飞站基站设备网络管理南向接口数据配置模型规范V2.3.xlsx,SG,10,parameter,SCTP参数管理,InternetGatewayDevice.Services.FAPControl.Transport.SCTP.ValCookieLife,InternetGatewayDevice,ValCookieLife,N,ValCookieLife,有效cookie的生命周期,A,,,RW,unsignedInt,,,,TR系列规范(TR098/TR181/TR196),,,
CMCC_LTE_V2.1,LTE V2.1.xlsx,SG,12,parameter,SCTP参数管理,InternetGatewayDevice.Services.FAPService.{i}.Transport.SCTP.Assoc.{i}.LocalPort,InternetGatewayDevice,LocalPort,Y,LocalPort,本端端口,A,,SCTPAssocLocalAddr,R,unsignedInt,,,,,,,
CMCC_LTE_V2.1,LTE V2.1.xlsx,SG,13,parameter,SCTP参数管理,InternetGatewayDevice.Services.FAPService.{i}.Transport.SCTP.Assoc.{i}.PrimaryPeerAddress,InternetGatewayDevice,PrimaryPeerAddress,Y,PrimaryPeerAddress,远端IP地址,A,AP,SCTPAssocRemoteAddr,R,string(64),,,,,,,
CMCC_LTE_V2.1,LTE V2.1.xlsx,SG,14,parameter,SCTP参数管理,InternetGatewayDevice.Services.FAPService.{i}.Transport.SCTP.Assoc.{i}.RemotePort,InternetGatewayDevice,RemotePort,Y,RemotePort,远端端口,A,,SCTPAssocRemoteAddr,R,unsignedInt,,,,,,,
CMCC_LTE_V2.1,LTE V2.1.xlsx,SG,11,parameter,SCTP参数管理,InternetGatewayDevice.Services.FAPService.{i}.Transport.SCTP.Assoc.{i}.SCTPAssocLocalAddr,InternetGatewayDevice,SCTPAssocLocalAddr,Y,SCTPAssocLocalAddr,本端IP地址,A,,SCTPAssocLocalAddr,R,string(64),,,,NRM配置要求,北向对应关系重新匹配,,
CMCC_LTE_V2.1,LTE V2.1.xlsx,SG,2,parameter,SCTP参数管理,InternetGatewayDevice.Services.FAPService.{i}.Transport.SCTP.Enable,InternetGatewayDevice,Enable,Y,Enable,使能开关,A,,,RW,Boolean,,,,TR系列规范(TR098/TR181/TR196),,,
CMCC_LTE_V2.1,LTE V2.1.xlsx,SG,7,parameter,SCTP参数管理,InternetGatewayDevice.Services.FAPService.{i}.Transport.SCTP.HBInterval,InternetGatewayDevice,HBInterval,Y,HBInterval,心跳时间间隔,A,,,RW,unsignedInt[1:],,,,TR系列规范(TR098/TR181/TR196),,,
CMCC_LTE_V2.1,LTE V2.1.xlsx,SG,9,parameter,SCTP参数管理,InternetGatewayDevice.Services.FAPService.{i}.Transport.SCTP.MaxAssociationRetransmits,InternetGatewayDevice,MaxAssociationRetransmits,Y,MaxAssociationRetransmits,本端的最大连续重传数目,A,,,RW,unsignedInt,,,,TR系列规范(TR098/TR181/TR196),,,
CMCC_LTE_V2.1,LTE V2.1.xlsx,SG,6,parameter,SCTP参数管理,InternetGatewayDevice.Services.FAPService.{i}.Transport.SCTP.MaxInitRetransmits,InternetGatewayDevice,MaxInitRetransmits,Y,MaxInitRetransmits,最大初始重传数,A,,,RW,unsignedInt,,,,TR系列规范(TR098/TR181/TR196),,,
CMCC_LTE_V2.1,LTE V2.1.xlsx,SG,8,parameter,SCTP参数管理,InternetGatewayDevice.Services.FAPService.{i}.Transport.SCTP.MaxPathRetransmits,InternetGatewayDevice,MaxPathRetransmits,Y,MaxPathRetransmits,最大重传次数,A,,,RW,unsignedInt,,,,TR系列规范(TR098/TR181/TR196),,,
CMCC_LTE_V2.1,LTE V2.1.xlsx,SG,3,parameter,SCTP参数管理,InternetGatewayDevice.Services.FAPService.{i}.Transport.SCTP.RTOInitial,InternetGatewayDevice,RTOInitial,Y,RTOInitial,重传超时的初始值,A,,,RW,unsignedInt,,,,TR系列规范(TR098/TR181/TR196),,,
CMCC_LTE_V2.1,LTE V2.1.xlsx,SG,5,parameter,SCTP参数管理,InternetGatewayDevice.Services.FAPService.{i}.Transport.SCTP.RTOMax,InternetGatewayDevice,RTOMax,Y,RTOMax,重传超时的最大值,A,,,RW,unsignedInt,,,,TR系列规范(TR098/TR181/TR196),,,
CMCC_LTE_V2.1,LTE V2.1.xlsx,SG,4,parameter,SCTP参数管理,InternetGatewayDevice.Services.FAPService.{i}.Transport.SCTP.RTOMin,InternetGatewayDevice,RTOMin,Y,RTOMin,重传超时的最小值,A,,,RW,unsignedInt,,,,TR系列规范(TR098/TR181/TR196),,,
CMCC_LTE_V2.1,LTE V2.1.xlsx,SG,10,parameter,SCTP参数管理,InternetGatewayDevice.Services.FAPService.{i}.Transport.SCTP.ValCookieLife,InternetGatewayDevice,ValCookieLife,Y,ValCookieLife,有效cookie的生命周期,A,,,RW,unsignedInt,,,,TR系列规范(TR098/TR181/TR196),,,
CMCC_TD_LTE_V2.3,中国移动TD-LTE皮站_飞站基站设备网络管理南向接口数据配置模型规范V2.3.xlsx,SK,8,parameter,SON参数管理,Device.Services.FAPService.{i}.FAPControl.LTE.SelfConfig.SONConfigParam.ANREnable,Device,ANREnable,Y,ANREnable,ANR算法总开关,A,,ANROptSwitch,RW,boolean,,,"(0=false,1=true)，ANR算法总开关",,,,
CMCC_TD_LTE_V2.3,中国移动TD-LTE皮站_飞站基站设备网络管理南向接口数据配置模型规范V2.3.xlsx,SK,10,parameter,SON参数管理,Device.Services.FAPService.{i}.FAPControl.LTE.SelfConfig.SONConfigParam.ANRGERANEnable,Device,ANRGERANEnable,Y,ANRGERANEnable,GERAN异系统ANR算法开关,A,,ANRGERANSwitch,RW,boolean,,,"(0=false,1=true)，GERAN异系统ANR算法开关",,,,
CMCC_TD_LTE_V2.3,中国移动TD-LTE皮站_飞站基站设备网络管理南向接口数据配置模型规范V2.3.xlsx,SK,9,parameter,SON参数管理,Device.Services.FAPService.{i}.FAPControl.LTE.SelfConfig.SONConfigParam.ANRInterFeqEnable,Device,ANRInterFeqEnable,Y,ANRInterFeqEnable,E-UTRAN异频ANR算法开关,A,,ANRInterFeqSwitch,RW,boolean,,,"(0=false,1=true)，E-UTRAN异频ANR算法开关",,,,
CMCC_TD_LTE_V2.3,中国移动TD-LTE皮站_飞站基站设备网络管理南向接口数据配置模型规范V2.3.xlsx,SK,11,parameter,SON参数管理,Device.Services.FAPService.{i}.FAPControl.LTE.SelfConfig.SONConfigParam.ANRUTRANEnable,Device,ANRUTRANEnable,Y,ANRUTRANEnable,UTRAN异系统ANR算法开关,CA,,ANRUTRANSwitch,RW,boolean,,,"(0=false,1=true)，UTRAN异系统ANR算法开关",,,,
CMCC_TD_LTE_V2.3,中国移动TD-LTE皮站_飞站基站设备网络管理南向接口数据配置模型规范V2.3.xlsx,SK,12,parameter,SON参数管理,Device.Services.FAPService.{i}.FAPControl.LTE.SelfConfig.SONConfigParam.ARFCNEnable,Device,ARFCNEnable,Y,ARFCNEnable,频点自配置算法开关,A,,,RW,boolean,,,"(0=false,1=true)，频点自配置算法开关",,扩展型一体化皮基站重要性为CB,,
CMCC_TD_LTE_V2.3,中国移动TD-LTE皮站_飞站基站设备网络管理南向接口数据配置模型规范V2.3.xlsx,SK,6,parameter,SON参数管理,Device.Services.FAPService.{i}.FAPControl.LTE.SelfConfig.SONConfigParam.CandidateARFCNList,Device,CandidateARFCNList,Y,CandidateARFCNList,候选频点列表,A,,,RW,string(64),,,候选频点列表,,,,
CMCC_TD_LTE_V2.3,中国移动TD-LTE皮站_飞站基站设备网络管理南向接口数据配置模型规范V2.3.xlsx,SK,7,parameter,SON参数管理,Device.Services.FAPService.{i}.FAPControl.LTE.SelfConfig.SONConfigParam.CandidatePCIList,Device,CandidatePCIList,Y,CandidatePCIList,候选PCI列表,A,,PCICfgRange,RW,string(64),,,候选PCI列表,,,,
CMCC_TD_LTE_V2.3,中国移动TD-LTE皮站_飞站基站设备网络管理南向接口数据配置模型规范V2.3.xlsx,SK,21,parameter,SON参数管理,Device.Services.FAPService.{i}.FAPControl.LTE.SelfConfig.SONConfigParam.GERANSnifferChannelList,Device,GERANSnifferChannelList,Y,GERANSnifferChannelList,GERAN侦听频道号列表,A,,,RW,string(256),,,GERAN侦听频道号列表,,扩展型一体化皮基站重要性为CB,,
CMCC_TD_LTE_V2.3,中国移动TD-LTE皮站_飞站基站设备网络管理南向接口数据配置模型规范V2.3.xlsx,SK,20,parameter,SON参数管理,Device.Services.FAPService.{i}.FAPControl.LTE.SelfConfig.SONConfigParam.GERANSnifferEnable,Device,GERANSnifferEnable,Y,GERANSnifferEnable,GERAN侦听使能,A,,,RW,boolean,,,"GERAN侦听功能开关,(0=false,1=true)",,扩展型一体化皮基站重要性为CB,,
CMCC_TD_LTE_V2.3,中国移动TD-LTE皮站_飞站基站设备网络管理南向接口数据配置模型规范V2.3.xlsx,SK,19,parameter,SON参数管理,Device.Services.FAPService.{i}.FAPControl.LTE.SelfConfig.SONConfigParam.LTESnifferChannelList,Device,LTESnifferChannelList,Y,LTESnifferChannelList,LTE侦听频点列表,A,,,RW,string(64),,,LTE侦听频点列表（ARFCN格式列表）（LTESnifferFreqBandList和LTESnifferChannelList二选一）,,扩展型一体化皮基站重要性为CB,,
CMCC_TD_LTE_V2.3,中国移动TD-LTE皮站_飞站基站设备网络管理南向接口数据配置模型规范V2.3.xlsx,SK,18,parameter,SON参数管理,Device.Services.FAPService.{i}.FAPControl.LTE.SelfConfig.SONConfigParam.LTESnifferFreqBandList,Device,LTESnifferFreqBandList,Y,LTESnifferFreqBandList,LTE侦听频段列表,CB,,,RW,string(64),,,"LTE侦听频段列表(188000..192000,257000..262000,230000..237000)频段随机组合（LTESnifferFreqBandList和LTESnifferChannelList二选一）",,,,
CMCC_TD_LTE_V2.3,中国移动TD-LTE皮站_飞站基站设备网络管理南向接口数据配置模型规范V2.3.xlsx,SK,24,parameter,SON参数管理,Device.Services.FAPService.{i}.FAPControl.LTE.SelfConfig.SONConfigParam.MROEnable,Device,MROEnable,Y,MROEnable,邻区鲁棒性优化功能开关,B,,,RW,boolean,,,邻区鲁棒性优化功能开关,,,,
CMCC_TD_LTE_V2.3,中国移动TD-LTE皮站_飞站基站设备网络管理南向接口数据配置模型规范V2.3.xlsx,SK,15,parameter,SON参数管理,Device.Services.FAPService.{i}.FAPControl.LTE.SelfConfig.SONConfigParam.MaxGRANNeighbourCellNum,Device,MaxGRANNeighbourCellNum,Y,MaxGERANNeighbourCellNum,最大GERAN邻区数,A,,,RW,unsignedInt,,,最大GERAN邻区数,,,,
CMCC_TD_LTE_V2.3,中国移动TD-LTE皮站_飞站基站设备网络管理南向接口数据配置模型规范V2.3.xlsx,SK,13,parameter,SON参数管理,Device.Services.FAPService.{i}.FAPControl.LTE.SelfConfig.SONConfigParam.MaxLTENeighbourCellNum,Device,MaxLTENeighbourCellNum,Y,MaxLTENeighbourCellNum,最大LTE邻区数,A,,,RW,unsignedInt,,,最大LTE邻区数,,,,
CMCC_TD_LTE_V2.3,中国移动TD-LTE皮站_飞站基站设备网络管理南向接口数据配置模型规范V2.3.xlsx,SK,14,parameter,SON参数管理,Device.Services.FAPService.{i}.FAPControl.LTE.SelfConfig.SONConfigParam.MaxUTRANNeighbourCellNum,Device,MaxUTRANNeighbourCellNum,Y,MaxUTRANNeighbourCellNum,最大UTRAN邻区数,CA,,,RW,unsignedInt,,,最大UTRAN邻区数,,,,
CMCC_TD_LTE_V2.3,中国移动TD-LTE皮站_飞站基站设备网络管理南向接口数据配置模型规范V2.3.xlsx,SK,4,parameter,SON参数管理,Device.Services.FAPService.{i}.FAPControl.LTE.SelfConfig.SONConfigParam.PCIOptEnable,Device,PCIOptEnable,Y,PCIOptEnable,PCI自优化算法开关,A,,PCIOptSwitch,RW,boolean,,,"PCI自优化算法开关,(0=false,1=true)",,,,
CMCC_TD_LTE_V2.3,中国移动TD-LTE皮站_飞站基站设备网络管理南向接口数据配置模型规范V2.3.xlsx,SK,5,parameter,SON参数管理,Device.Services.FAPService.{i}.FAPControl.LTE.SelfConfig.SONConfigParam.PCIReconfigWaitTime,Device,PCIReconfigWaitTime,Y,PCIReconfigWaitTime,PCI重配等待定时器,A,,PCIOptControlTimeout,RW,unsignedInt,,,表征PCI重配置等待时间，在PCI自优化阶段，该计时器超时后使用新的PCI,,,,
CMCC_TD_LTE_V2.3,中国移动TD-LTE皮站_飞站基站设备网络管理南向接口数据配置模型规范V2.3.xlsx,SK,17,parameter,SON参数管理,Device.Services.FAPService.{i}.FAPControl.LTE.SelfConfig.SONConfigParam.PowerEnable,Device,PowerEnable,Y,PowerEnable,功率自配置算法开关,B,,,RW,boolean,,,"(0=false,1=true),基站发射功率自配值算法开关",,,,
CMCC_TD_LTE_V2.3,中国移动TD-LTE皮站_飞站基站设备网络管理南向接口数据配置模型规范V2.3.xlsx,SK,16,parameter,SON参数管理,Device.Services.FAPService.{i}.FAPControl.LTE.SelfConfig.SONConfigParam.ReSynCellEnable,Device,ReSynCellEnable,Y,ReSynCellEnable,重新同步小区使能开关,A,,,RW,boolean,,,"(0=false,1=true),手动触发重新同步小区使能开关，取值为true时立即执行小区重新同步流程",,,,
CMCC_TD_LTE_V2.3,中国移动TD-LTE皮站_飞站基站设备网络管理南向接口数据配置模型规范V2.3.xlsx,SK,25,parameter,SON参数管理,Device.Services.FAPService.{i}.FAPControl.LTE.SelfConfig.SONConfigParam.SHEnable,Device,SHEnable,Y,SHEnable,自治愈功能开关,B,,,RW,boolean,,,自治愈功能开关,,,,
CMCC_TD_LTE_V2.3,中国移动TD-LTE皮站_飞站基站设备网络管理南向接口数据配置模型规范V2.3.xlsx,SK,2,parameter,SON参数管理,Device.Services.FAPService.{i}.FAPControl.LTE.SelfConfig.SONConfigParam.SONSysMode,Device,SONSysMode,Y,SONSysMode,SON系统模式,A,,,RW,string,,,"SON系统模式（分布式，集中式）,{Distributed，Centralized}",NRM数据配置要求,,,
CMCC_TD_LTE_V2.3,中国移动TD-LTE皮站_飞站基站设备网络管理南向接口数据配置模型规范V2.3.xlsx,SK,3,parameter,SON参数管理,Device.Services.FAPService.{i}.FAPControl.LTE.SelfConfig.SONConfigParam.SONWorkMode,Device,SONWorkMode,Y,SONWorkMode,SON模式设置,A,,,RW,string,,,"自优化模式（自由模式，受控模式）,{Free，Control}，自由模式下系统给出的参数优化建议无需人工确认，可直接执行；受控模式下系统给出的参数优化建议需要人工确认同意才可执行，否则（不同意或超时）不执行优化，保持原参数配置不变。",,,,
CMCC_TD_LTE_V2.3,中国移动TD-LTE皮站_飞站基站设备网络管理南向接口数据配置模型规范V2.3.xlsx,SK,26,parameter,SON参数管理,Device.Services.FAPService.{i}.FAPControl.LTE.SelfConfig.SONConfigParam.SyncMode,Device,SyncMode,Y,SyncMode,时钟同步模式,A,,,R,string(64),,,"时钟同步模式，取值范围：
GNSS
IEEE1588V2
Sniffer
Freedom",自定义,,,
CMCC_TD_LTE_V2.3,中国移动TD-LTE皮站_飞站基站设备网络管理南向接口数据配置模型规范V2.3.xlsx,SK,23,parameter,SON参数管理,Device.Services.FAPService.{i}.FAPControl.LTE.SelfConfig.SONConfigParam.UTRANSnifferChannelList,Device,UTRANSnifferChannelList,Y,UTRANSnifferChannelList,UTRAN侦听频道号列表,CA,,,RW,string(256),,,UTRAN侦听频道号列表,,扩展型一体化皮基站重要性为CB,,
CMCC_TD_LTE_V2.3,中国移动TD-LTE皮站_飞站基站设备网络管理南向接口数据配置模型规范V2.3.xlsx,SK,22,parameter,SON参数管理,Device.Services.FAPService.{i}.FAPControl.LTE.SelfConfig.SONConfigParam.UTRANSnifferEnable,Device,UTRANSnifferEnable,Y,UTRANSnifferEnable,UTRAN侦听使能,CA,,,RW,boolean,,,"UTRAN侦听功能开关,(0=false,1=true)",,扩展型一体化皮基站重要性为CB,,
CMCC_5G_EXT_PICO_V1.9.4,中国移动5G扩展型皮基站网管南向接口数据模型规范v1.9.4.xlsx,SG,15,parameter,SON参数管理,Device.Services.FAPService.{i}.FAPControl.NR.SelfConfig.SONConfigParam.ANR.A3RSRPOffset,Device,A3RSRPOffset,Y,A3RSRPOffset,邻区添加相对电平强度,A,,,RW,unsignedInt[0:127],,,"用于NR测量中,邻区添加相对电平强度，与A3 RSRP的偏移量",,<<5G NR扩展型皮基站设备规范—SON分册>>,,
CMCC_5G_EXT_PICO_V1.9.4,中国移动5G扩展型皮基站网管南向接口数据模型规范v1.9.4.xlsx,SG,18,parameter,SON参数管理,Device.Services.FAPService.{i}.FAPControl.NR.SelfConfig.SONConfigParam.ANR.AutoAdjustEnable,Device,AutoAdjustEnable,Y,AutoAdjustEnable,邻区属性自动调整的使能开关,A,,,RW,boolean,,,"(0=false,1=true)，开启该开关后，邻区属性自动调整机制生效",,<<5G NR扩展型皮基站设备规范—SON分册>>,,
CMCC_5G_EXT_PICO_V1.9.4,中国移动5G扩展型皮基站网管南向接口数据模型规范v1.9.4.xlsx,SG,21,parameter,SON参数管理,Device.Services.FAPService.{i}.FAPControl.NR.SelfConfig.SONConfigParam.ANR.AutoRemoveEnable,Device,AutoRemoveEnable,Y,AutoRemoveEnable,邻区自动删除的使能开关,A,,,RW,boolean,,,"(0=false,1=true)，开启该开关后，邻区自动删除机制生效",,<<5G NR扩展型皮基站设备规范—SON分册>>,,
CMCC_5G_EXT_PICO_V1.9.4,中国移动5G扩展型皮基站网管南向接口数据模型规范v1.9.4.xlsx,SG,23,parameter,SON参数管理,Device.Services.FAPService.{i}.FAPControl.NR.SelfConfig.SONConfigParam.ANR.AutoRemoveMaxCell,Device,AutoRemoveMaxCell,Y,AutoRemoveMaxCell,邻区自动删除功能单周期内可删除最大个数,A,,,RW,unsignedInt,,,支持单周期内可删除最大个数可配置,,<<5G NR扩展型皮基站设备规范—SON分册>>,,
CMCC_5G_EXT_PICO_V1.9.4,中国移动5G扩展型皮基站网管南向接口数据模型规范v1.9.4.xlsx,SG,22,parameter,SON参数管理,Device.Services.FAPService.{i}.FAPControl.NR.SelfConfig.SONConfigParam.ANR.AutoRemovePeriod,Device,AutoRemovePeriod,Y,AutoRemovePeriod,邻区自动删除功能触发周期,A,,,RW,unsignedInt,,,以分钟为单位，支持按天、小时、分钟为粒度进行设置,,<<5G NR扩展型皮基站设备规范—SON分册>>,,
CMCC_5G_EXT_PICO_V1.9.4,中国移动5G扩展型皮基站网管南向接口数据模型规范v1.9.4.xlsx,SG,13,parameter,SON参数管理,Device.Services.FAPService.{i}.FAPControl.NR.SelfConfig.SONConfigParam.ANR.BiNRCellEnable,Device,BiNRCellEnable,Y,BiNRCellEnable,ANR双向邻区添加开关,A,,,RW,boolean,,,"(0=false,2=true)，ANR双向邻区添加开关",,<<5G NR扩展型皮基站设备规范—SON分册>>,,
CMCC_5G_EXT_PICO_V1.9.4,中国移动5G扩展型皮基站网管南向接口数据模型规范v1.9.4.xlsx,SG,20,parameter,SON参数管理,Device.Services.FAPService.{i}.FAPControl.NR.SelfConfig.SONConfigParam.ANR.BlackList.HOSuccessThreshold,Device,HOSuccessThreshold,Y,HOSuccessThreshold,邻区被设为黑名单的切换成功率门限,A,,,RW,unsignedInt[0:100],,,若在统计周期内切换次数高于此门限且成功率低于此门限，则系统自动将邻区设置为“No HO”，指切换成功率百分比，例如：填写为“50”指50%的切换成功率,,<<5G NR扩展型皮基站设备规范—SON分册>>,,
CMCC_5G_EXT_PICO_V1.9.4,中国移动5G扩展型皮基站网管南向接口数据模型规范v1.9.4.xlsx,SG,19,parameter,SON参数管理,Device.Services.FAPService.{i}.FAPControl.NR.SelfConfig.SONConfigParam.ANR.BlackList.NoHOThreshold,Device,NoHOThreshold,Y,NoHOThreshold,邻区被设为黑名单的切换次数门限,A,,,RW,unsignedInt,,,若在统计周期内切换次数高于此门限且成功率低于此门限，则系统自动将邻区设置为“No HO”,,<<5G NR扩展型皮基站设备规范—SON分册>>,,
CMCC_5G_EXT_PICO_V1.9.4,中国移动5G扩展型皮基站网管南向接口数据模型规范v1.9.4.xlsx,SG,12,parameter,SON参数管理,Device.Services.FAPService.{i}.FAPControl.NR.SelfConfig.SONConfigParam.ANR.EUTRANEnable,Device,EUTRANEnable,Y,EUTRANEnable,E-UTRAN异系统ANR算法开关,A,,,RW,boolean,,,"(0=false,1=true)，E-UTRAN异系统ANR算法开关",,<<5G NR扩展型皮基站设备规范—SON分册>>,,
CMCC_5G_EXT_PICO_V1.9.4,中国移动5G扩展型皮基站网管南向接口数据模型规范v1.9.4.xlsx,SG,9,parameter,SON参数管理,Device.Services.FAPService.{i}.FAPControl.NR.SelfConfig.SONConfigParam.ANR.Enable,Device,Enable,Y,Enable,ANR算法总开关,A,,,RW,boolean,,,"(0=false,1=true)，ANR算法总开关",,<<5G NR扩展型皮基站设备规范—SON分册>>,,
CMCC_5G_EXT_PICO_V1.9.4,中国移动5G扩展型皮基站网管南向接口数据模型规范v1.9.4.xlsx,SG,11,parameter,SON参数管理,Device.Services.FAPService.{i}.FAPControl.NR.SelfConfig.SONConfigParam.ANR.InterFeqCandidateARFCNList,Device,InterFeqCandidateARFCNList,Y,InterFeqCandidateARFCNList,SSB频点号,A,,,RW,string(64),,,"小区载频的SSB ARFCN列表，ARFCN间以“,”分割",,<<5G NR扩展型皮基站设备规范—SON分册>>,,
CMCC_5G_EXT_PICO_V1.9.4,中国移动5G扩展型皮基站网管南向接口数据模型规范v1.9.4.xlsx,SG,10,parameter,SON参数管理,Device.Services.FAPService.{i}.FAPControl.NR.SelfConfig.SONConfigParam.ANR.InterFeqEnable,Device,InterFeqEnable,Y,InterFeqEnable,NR异频ANR算法开关,A,,,RW,boolean,,,"(0=false,1=true)，NR异频ANR算法开关",,<<5G NR扩展型皮基站设备规范—SON分册>>,,
CMCC_5G_EXT_PICO_V1.9.4,中国移动5G扩展型皮基站网管南向接口数据模型规范v1.9.4.xlsx,SG,17,parameter,SON参数管理,Device.Services.FAPService.{i}.FAPControl.NR.SelfConfig.SONConfigParam.ANR.KPIPeriod,Device,KPIPeriod,Y,KPIPeriod,邻区优化KPI统计周期,A,,,RW,unsignedInt,,,"包括邻区邻区添加、删除、属性调整相关的KPI，例如发现次数，切换次数，切换成功率等KPI的统计周期
以分钟为单位，支持按天、小时、分钟为粒度进行设置",,<<5G NR扩展型皮基站设备规范—SON分册>>,,
CMCC_5G_EXT_PICO_V1.9.4,中国移动5G扩展型皮基站网管南向接口数据模型规范v1.9.4.xlsx,SG,14,parameter,SON参数管理,Device.Services.FAPService.{i}.FAPControl.NR.SelfConfig.SONConfigParam.ANR.RSRPReferenceEnable,Device,RSRPReferenceEnable,Y,RSRPReferenceEnable,事件性MR添加邻区依照绝对电平开关,A,,,RW,boolean,,,"(0=false,1=true)，该开关打开后，添加邻区需同时考虑绝对电平和相对电平",,<<5G NR扩展型皮基站设备规范—SON分册>>,,
CMCC_5G_EXT_PICO_V1.9.4,中国移动5G扩展型皮基站网管南向接口数据模型规范v1.9.4.xlsx,SG,16,parameter,SON参数管理,Device.Services.FAPService.{i}.FAPControl.NR.SelfConfig.SONConfigParam.ANR.RSRPThreshold,Device,RSRPThreshold,Y,RSRPThreshold,邻区添加绝对电平强度,A,,,RW,unsignedInt[0:127],,,"用于NR测量中,邻区添加绝对电平强度，测量的RSRP",,<<5G NR扩展型皮基站设备规范—SON分册>>,,
CMCC_5G_EXT_PICO_V1.9.4,中国移动5G扩展型皮基站网管南向接口数据模型规范v1.9.4.xlsx,SG,24,parameter,SON参数管理,Device.Services.FAPService.{i}.FAPControl.NR.SelfConfig.SONConfigParam.ARFCNEnable,Device,ARFCNEnable,Y,ARFCNEnable,频点自配置算法开关,CB,,,RW,boolean,,,"(0=false,1=true)，频点自配置算法开关",,扩展型皮基站重要性为CB,,
CMCC_5G_EXT_PICO_V1.9.4,中国移动5G扩展型皮基站网管南向接口数据模型规范v1.9.4.xlsx,SG,7,parameter,SON参数管理,Device.Services.FAPService.{i}.FAPControl.NR.SelfConfig.SONConfigParam.CandidateARFCNList,Device,CandidateARFCNList,Y,CandidateARFCNList,候选频点列表,CB,,,RW,string(64),,,候选频点列表,,,,
CMCC_5G_EXT_PICO_V1.9.4,中国移动5G扩展型皮基站网管南向接口数据模型规范v1.9.4.xlsx,SG,8,parameter,SON参数管理,Device.Services.FAPService.{i}.FAPControl.NR.SelfConfig.SONConfigParam.CandidatePCIList,Device,CandidatePCIList,Y,CandidatePCIList,候选PCI列表,CB,,,RW,string(64),,,候选PCI列表,,,,
CMCC_5G_EXT_PICO_V1.9.4,中国移动5G扩展型皮基站网管南向接口数据模型规范v1.9.4.xlsx,SG,32,parameter,SON参数管理,Device.Services.FAPService.{i}.FAPControl.NR.SelfConfig.SONConfigParam.LTESnifferChannelList,Device,LTESnifferChannelList,Y,LTESnifferChannelList,LTE侦听频点列表,CB,,,RW,string(64),,,LTE侦听频点列表（ARFCN格式列表）（LTESnifferFreqBandList和LTESnifferChannelList二选一）,,扩展型皮基站重要性为CB,,
CMCC_5G_EXT_PICO_V1.9.4,中国移动5G扩展型皮基站网管南向接口数据模型规范v1.9.4.xlsx,SG,31,parameter,SON参数管理,Device.Services.FAPService.{i}.FAPControl.NR.SelfConfig.SONConfigParam.LTESnifferFreqBandList,Device,LTESnifferFreqBandList,Y,LTESnifferFreqBandList,LTE侦听频段列表,CB,,,RW,string(64),,,"LTE侦听频段列表(188000..192000,257000..262000,230000..237000)频段随机组合（LTESnifferFreqBandList和LTESnifferChannelList二选一）",,,,
CMCC_5G_EXT_PICO_V1.9.4,中国移动5G扩展型皮基站网管南向接口数据模型规范v1.9.4.xlsx,SG,33,parameter,SON参数管理,Device.Services.FAPService.{i}.FAPControl.NR.SelfConfig.SONConfigParam.MROEnable,Device,MROEnable,Y,MROEnable,邻区鲁棒性优化功能开关,CB,,,RW,boolean,,,邻区鲁棒性优化功能开关,,,,
CMCC_5G_EXT_PICO_V1.9.4,中国移动5G扩展型皮基站网管南向接口数据模型规范v1.9.4.xlsx,SG,26,parameter,SON参数管理,Device.Services.FAPService.{i}.FAPControl.NR.SelfConfig.SONConfigParam.MaxLTENeighbourCellNum,Device,MaxLTENeighbourCellNum,Y,MaxLTENeighbourCellNum,最大LTE邻区数,CB,,,RW,unsignedInt,,,最大LTE邻区数,,,,
CMCC_5G_EXT_PICO_V1.9.4,中国移动5G扩展型皮基站网管南向接口数据模型规范v1.9.4.xlsx,SG,25,parameter,SON参数管理,Device.Services.FAPService.{i}.FAPControl.NR.SelfConfig.SONConfigParam.MaxNRNeighbourCellNum,Device,MaxNRNeighbourCellNum,Y,MaxNRNeighbourCellNum,最大NR邻区数,CB,,,RW,unsignedInt,,,最大NR邻区数,,,,
CMCC_5G_EXT_PICO_V1.9.4,中国移动5G扩展型皮基站网管南向接口数据模型规范v1.9.4.xlsx,SG,30,parameter,SON参数管理,Device.Services.FAPService.{i}.FAPControl.NR.SelfConfig.SONConfigParam.NRSnifferChannelList,Device,NRSnifferChannelList,Y,NRSnifferChannelList,NR侦听频点列表,CB,,,RW,string(64),,,NR侦听频点列表（ARFCN格式列表）（NRSnifferFreqBandList和NRSnifferChannelList二选一）,,扩展型皮基站重要性为CB,,
CMCC_5G_EXT_PICO_V1.9.4,中国移动5G扩展型皮基站网管南向接口数据模型规范v1.9.4.xlsx,SG,29,parameter,SON参数管理,Device.Services.FAPService.{i}.FAPControl.NR.SelfConfig.SONConfigParam.NRSnifferFreqBandList,Device,NRSnifferFreqBandList,Y,NRSnifferFreqBandList,NR侦听频段列表,CB,,,RW,string(64),,,NR侦听频段列表（NRSnifferFreqBandList和NRSnifferChannelList二选一）,,,,
CMCC_5G_EXT_PICO_V1.9.4,中国移动5G扩展型皮基站网管南向接口数据模型规范v1.9.4.xlsx,SG,4,parameter,SON参数管理,Device.Services.FAPService.{i}.FAPControl.NR.SelfConfig.SONConfigParam.PCI.Enable,Device,Enable,Y,Enable,PCI冲突和混淆检测功能开关,A,,,RW,boolean,,,"PCI冲突和混淆检测功能开关,(0=false,1=true)",,<<5G NR扩展型皮基站设备规范—SON分册>>,,
CMCC_5G_EXT_PICO_V1.9.4,中国移动5G扩展型皮基站网管南向接口数据模型规范v1.9.4.xlsx,SG,5,parameter,SON参数管理,Device.Services.FAPService.{i}.FAPControl.NR.SelfConfig.SONConfigParam.PCIOptEnable,Device,PCIOptEnable,Y,PCIOptEnable,PCI自优化算法开关,CB,,,RW,boolean,,,"PCI自优化算法开关,(0=false,1=true)",,,,
CMCC_5G_EXT_PICO_V1.9.4,中国移动5G扩展型皮基站网管南向接口数据模型规范v1.9.4.xlsx,SG,6,parameter,SON参数管理,Device.Services.FAPService.{i}.FAPControl.NR.SelfConfig.SONConfigParam.PCIReconfigWaitTime,Device,PCIReconfigWaitTime,Y,PCIReconfigWaitTime,PCI重配等待定时器,CB,,,RW,unsignedInt,,,表征PCI重配置等待时间，在PCI自优化阶段，该计时器超时后使用新的PCI,,,,
CMCC_5G_EXT_PICO_V1.9.4,中国移动5G扩展型皮基站网管南向接口数据模型规范v1.9.4.xlsx,SG,28,parameter,SON参数管理,Device.Services.FAPService.{i}.FAPControl.NR.SelfConfig.SONConfigParam.PowerEnable,Device,PowerEnable,Y,PowerEnable,功率自配置算法开关,CB,,,RW,boolean,,,"(0=false,1=true),基站发射功率自配值算法开关",,,,
CMCC_5G_EXT_PICO_V1.9.4,中国移动5G扩展型皮基站网管南向接口数据模型规范v1.9.4.xlsx,SG,27,parameter,SON参数管理,Device.Services.FAPService.{i}.FAPControl.NR.SelfConfig.SONConfigParam.ReSynCellEnable,Device,ReSynCellEnable,Y,ReSynCellEnable,重新同步小区使能开关,CB,,,RW,boolean,,,"(0=false,1=true),手动触发重新同步小区使能开关，取值为true时立即执行小区重新同步流程",,,,
CMCC_5G_EXT_PICO_V1.9.4,中国移动5G扩展型皮基站网管南向接口数据模型规范v1.9.4.xlsx,SG,34,parameter,SON参数管理,Device.Services.FAPService.{i}.FAPControl.NR.SelfConfig.SONConfigParam.SHEnable,Device,SHEnable,Y,SHEnable,自治愈功能开关,CB,,,RW,boolean,,,自治愈功能开关,,,,
CMCC_5G_EXT_PICO_V1.9.4,中国移动5G扩展型皮基站网管南向接口数据模型规范v1.9.4.xlsx,SG,2,parameter,SON参数管理,Device.Services.FAPService.{i}.FAPControl.NR.SelfConfig.SONConfigParam.SONSysMode,Device,SONSysMode,Y,SONSysMode,SON系统模式,CB,,,RW,string,,,"SON系统模式（分布式，集中式）,{Distributed，Centralized}",NRM数据配置要求,,,
CMCC_5G_EXT_PICO_V1.9.4,中国移动5G扩展型皮基站网管南向接口数据模型规范v1.9.4.xlsx,SG,3,parameter,SON参数管理,Device.Services.FAPService.{i}.FAPControl.NR.SelfConfig.SONConfigParam.SONWorkMode,Device,SONWorkMode,Y,SONWorkMode,SON模式设置,CB,,,RW,string,,,"自优化模式（自由模式，受控模式）,{Free，Control}，自由模式下系统给出的参数优化建议无需人工确认，可直接执行；受控模式下系统给出的参数优化建议需要人工确认同意才可执行，否则（不同意或超时）不执行优化，保持原参数配置不变。",,,,
CMCC_5G_EXT_PICO_V1.9.4,中国移动5G扩展型皮基站网管南向接口数据模型规范v1.9.4.xlsx,SG,35,parameter,SON参数管理,Device.Services.FAPService.{i}.FAPControl.NR.SelfConfig.SONConfigParam.SyncMode,Device,SyncMode,Y,SyncMode,时钟同步模式,CB,,,R,string(64),,,"时钟同步模式，取值范围：
GNSS
IEEE1588V2
Sniffer
Freedom",自定义,,,
CMCC_TD_LTE_V2.3,中国移动TD-LTE皮站_飞站基站设备网络管理南向接口数据配置模型规范V2.3.xlsx,SK,8,parameter,SON参数管理,InternetGatewayDevice.Services.FAPService.{i}.FAPControl.LTE.SelfConfig.SONConfigParam.ANREnable,InternetGatewayDevice,ANREnable,Y,ANREnable,ANR算法总开关,A,,ANROptSwitch,RW,boolean,,,"(0=false,1=true)，ANR算法总开关",,,,
CMCC_TD_LTE_V2.3,中国移动TD-LTE皮站_飞站基站设备网络管理南向接口数据配置模型规范V2.3.xlsx,SK,10,parameter,SON参数管理,InternetGatewayDevice.Services.FAPService.{i}.FAPControl.LTE.SelfConfig.SONConfigParam.ANRGERANEnable,InternetGatewayDevice,ANRGERANEnable,Y,ANRGERANEnable,GERAN异系统ANR算法开关,A,,ANRGERANSwitch,RW,boolean,,,"(0=false,1=true)，GERAN异系统ANR算法开关",,,,
CMCC_TD_LTE_V2.3,中国移动TD-LTE皮站_飞站基站设备网络管理南向接口数据配置模型规范V2.3.xlsx,SK,9,parameter,SON参数管理,InternetGatewayDevice.Services.FAPService.{i}.FAPControl.LTE.SelfConfig.SONConfigParam.ANRInterFeqEnable,InternetGatewayDevice,ANRInterFeqEnable,Y,ANRInterFeqEnable,E-UTRAN异频ANR算法开关,A,,ANRInterFeqSwitch,RW,boolean,,,"(0=false,1=true)，E-UTRAN异频ANR算法开关",,,,
CMCC_TD_LTE_V2.3,中国移动TD-LTE皮站_飞站基站设备网络管理南向接口数据配置模型规范V2.3.xlsx,SK,11,parameter,SON参数管理,InternetGatewayDevice.Services.FAPService.{i}.FAPControl.LTE.SelfConfig.SONConfigParam.ANRUTRANEnable,InternetGatewayDevice,ANRUTRANEnable,Y,ANRUTRANEnable,UTRAN异系统ANR算法开关,CA,,ANRUTRANSwitch,RW,boolean,,,"(0=false,1=true)，UTRAN异系统ANR算法开关",,,,
CMCC_TD_LTE_V2.3,中国移动TD-LTE皮站_飞站基站设备网络管理南向接口数据配置模型规范V2.3.xlsx,SK,12,parameter,SON参数管理,InternetGatewayDevice.Services.FAPService.{i}.FAPControl.LTE.SelfConfig.SONConfigParam.ARFCNEnable,InternetGatewayDevice,ARFCNEnable,Y,ARFCNEnable,频点自配置算法开关,A,,,RW,boolean,,,"(0=false,1=true)，频点自配置算法开关",,扩展型一体化皮基站重要性为CB,,
CMCC_LTE_V2.1,LTE V2.1.xlsx,SK,6,parameter,SON参数管理,InternetGatewayDevice.Services.FAPService.{i}.FAPControl.LTE.SelfConfig.SONConfigParam.CandidateARFCNList,InternetGatewayDevice,CandidateARFCNList,Y,CandidateARFCNList,候选频点列表,A,,,RW,string(64),,,候选频点列表,,,,
CMCC_TD_LTE_V2.3,中国移动TD-LTE皮站_飞站基站设备网络管理南向接口数据配置模型规范V2.3.xlsx,SK,7,parameter,SON参数管理,InternetGatewayDevice.Services.FAPService.{i}.FAPControl.LTE.SelfConfig.SONConfigParam.CandidatePCIList,InternetGatewayDevice,CandidatePCIList,Y,CandidatePCIList,候选PCI列表,A,,PCICfgRange,RW,string(64),,,候选PCI列表,,,,
CMCC_TD_LTE_V2.3,中国移动TD-LTE皮站_飞站基站设备网络管理南向接口数据配置模型规范V2.3.xlsx,SK,21,parameter,SON参数管理,InternetGatewayDevice.Services.FAPService.{i}.FAPControl.LTE.SelfConfig.SONConfigParam.GERANSnifferChannelList,InternetGatewayDevice,GERANSnifferChannelList,Y,GERANSnifferChannelList,GERAN侦听频道号列表,A,,,RW,string(256),,,GERAN侦听频道号列表,,扩展型一体化皮基站重要性为CB,,
CMCC_TD_LTE_V2.3,中国移动TD-LTE皮站_飞站基站设备网络管理南向接口数据配置模型规范V2.3.xlsx,SK,20,parameter,SON参数管理,InternetGatewayDevice.Services.FAPService.{i}.FAPControl.LTE.SelfConfig.SONConfigParam.GERANSnifferEnable,InternetGatewayDevice,GERANSnifferEnable,Y,GERANSnifferEnable,GERAN侦听使能,A,,,RW,boolean,,,"GERAN侦听功能开关,(0=false,1=true)",,扩展型一体化皮基站重要性为CB,,
CMCC_TD_LTE_V2.3,中国移动TD-LTE皮站_飞站基站设备网络管理南向接口数据配置模型规范V2.3.xlsx,SK,19,parameter,SON参数管理,InternetGatewayDevice.Services.FAPService.{i}.FAPControl.LTE.SelfConfig.SONConfigParam.LTESnifferChannelList,InternetGatewayDevice,LTESnifferChannelList,Y,LTESnifferChannelList,LTE侦听频点列表,A,,,RW,string(64),,,LTE侦听频点列表（ARFCN格式列表）（LTESnifferFreqBandList和LTESnifferChannelList二选一）,,扩展型一体化皮基站重要性为CB,,
CMCC_TD_LTE_V2.3,中国移动TD-LTE皮站_飞站基站设备网络管理南向接口数据配置模型规范V2.3.xlsx,SK,18,parameter,SON参数管理,InternetGatewayDevice.Services.FAPService.{i}.FAPControl.LTE.SelfConfig.SONConfigParam.LTESnifferFreqBandList,InternetGatewayDevice,LTESnifferFreqBandList,Y,LTESnifferFreqBandList,LTE侦听频段列表,CB,,,RW,string(64),,,"LTE侦听频段列表(188000..192000,257000..262000,230000..237000)频段随机组合（LTESnifferFreqBandList和LTESnifferChannelList二选一）",,,,
CMCC_TD_LTE_V2.3,中国移动TD-LTE皮站_飞站基站设备网络管理南向接口数据配置模型规范V2.3.xlsx,SK,24,parameter,SON参数管理,InternetGatewayDevice.Services.FAPService.{i}.FAPControl.LTE.SelfConfig.SONConfigParam.MROEnable,InternetGatewayDevice,MROEnable,Y,MROEnable,邻区鲁棒性优化功能开关,B,,,RW,boolean,,,邻区鲁棒性优化功能开关,,,,
CMCC_TD_LTE_V2.3,中国移动TD-LTE皮站_飞站基站设备网络管理南向接口数据配置模型规范V2.3.xlsx,SK,15,parameter,SON参数管理,InternetGatewayDevice.Services.FAPService.{i}.FAPControl.LTE.SelfConfig.SONConfigParam.MaxGRANNeighbourCellNum,InternetGatewayDevice,MaxGRANNeighbourCellNum,Y,MaxGERANNeighbourCellNum,最大GERAN邻区数,A,,,RW,unsignedInt,,,最大GERAN邻区数,,,,
CMCC_TD_LTE_V2.3,中国移动TD-LTE皮站_飞站基站设备网络管理南向接口数据配置模型规范V2.3.xlsx,SK,13,parameter,SON参数管理,InternetGatewayDevice.Services.FAPService.{i}.FAPControl.LTE.SelfConfig.SONConfigParam.MaxLTENeighbourCellNum,InternetGatewayDevice,MaxLTENeighbourCellNum,Y,MaxLTENeighbourCellNum,最大LTE邻区数,A,,,RW,unsignedInt,,,最大LTE邻区数,,,,
CMCC_TD_LTE_V2.3,中国移动TD-LTE皮站_飞站基站设备网络管理南向接口数据配置模型规范V2.3.xlsx,SK,14,parameter,SON参数管理,InternetGatewayDevice.Services.FAPService.{i}.FAPControl.LTE.SelfConfig.SONConfigParam.MaxUTRANNeighbourCellNum,InternetGatewayDevice,MaxUTRANNeighbourCellNum,Y,MaxUTRANNeighbourCellNum,最大UTRAN邻区数,CA,,,RW,unsignedInt,,,最大UTRAN邻区数,,,,
CMCC_TD_LTE_V2.3,中国移动TD-LTE皮站_飞站基站设备网络管理南向接口数据配置模型规范V2.3.xlsx,SK,4,parameter,SON参数管理,InternetGatewayDevice.Services.FAPService.{i}.FAPControl.LTE.SelfConfig.SONConfigParam.PCIOptEnable,InternetGatewayDevice,PCIOptEnable,Y,PCIOptEnable,PCI自优化算法开关,A,,PCIOptSwitch,RW,boolean,,,"PCI自优化算法开关,(0=false,1=true)",,,,
CMCC_TD_LTE_V2.3,中国移动TD-LTE皮站_飞站基站设备网络管理南向接口数据配置模型规范V2.3.xlsx,SK,5,parameter,SON参数管理,InternetGatewayDevice.Services.FAPService.{i}.FAPControl.LTE.SelfConfig.SONConfigParam.PCIReconfigWaitTime,InternetGatewayDevice,PCIReconfigWaitTime,Y,PCIReconfigWaitTime,PCI重配等待定时器,A,,PCIOptControlTimeout,RW,unsignedInt,,,表征PCI重配置等待时间，在PCI自优化阶段，该计时器超时后使用新的PCI,,,,
CMCC_TD_LTE_V2.3,中国移动TD-LTE皮站_飞站基站设备网络管理南向接口数据配置模型规范V2.3.xlsx,SK,17,parameter,SON参数管理,InternetGatewayDevice.Services.FAPService.{i}.FAPControl.LTE.SelfConfig.SONConfigParam.PowerEnable,InternetGatewayDevice,PowerEnable,Y,PowerEnable,功率自配置算法开关,B,,,RW,boolean,,,"(0=false,1=true),基站发射功率自配值算法开关",,,,
CMCC_TD_LTE_V2.3,中国移动TD-LTE皮站_飞站基站设备网络管理南向接口数据配置模型规范V2.3.xlsx,SK,16,parameter,SON参数管理,InternetGatewayDevice.Services.FAPService.{i}.FAPControl.LTE.SelfConfig.SONConfigParam.ReSynCellEnable,InternetGatewayDevice,ReSynCellEnable,Y,ReSynCellEnable,重新同步小区使能开关,A,,,RW,boolean,,,"(0=false,1=true),手动触发重新同步小区使能开关，取值为true时立即执行小区重新同步流程",,,,
CMCC_TD_LTE_V2.3,中国移动TD-LTE皮站_飞站基站设备网络管理南向接口数据配置模型规范V2.3.xlsx,SK,25,parameter,SON参数管理,InternetGatewayDevice.Services.FAPService.{i}.FAPControl.LTE.SelfConfig.SONConfigParam.SHEnable,InternetGatewayDevice,SHEnable,Y,SHEnable,自治愈功能开关,B,,,RW,boolean,,,自治愈功能开关,,,,
CMCC_TD_LTE_V2.3,中国移动TD-LTE皮站_飞站基站设备网络管理南向接口数据配置模型规范V2.3.xlsx,SK,2,parameter,SON参数管理,InternetGatewayDevice.Services.FAPService.{i}.FAPControl.LTE.SelfConfig.SONConfigParam.SONSysMode,InternetGatewayDevice,SONSysMode,Y,SONSysMode,SON系统模式,A,,,RW,string,,,"SON系统模式（分布式，集中式）,{Distributed，Centralized}",NRM数据配置要求,,,
CMCC_TD_LTE_V2.3,中国移动TD-LTE皮站_飞站基站设备网络管理南向接口数据配置模型规范V2.3.xlsx,SK,3,parameter,SON参数管理,InternetGatewayDevice.Services.FAPService.{i}.FAPControl.LTE.SelfConfig.SONConfigParam.SONWorkMode,InternetGatewayDevice,SONWorkMode,Y,SONWorkMode,SON模式设置,A,,,RW,string,,,"自优化模式（自由模式，受控模式）,{Free，Control}，自由模式下系统给出的参数优化建议无需人工确认，可直接执行；受控模式下系统给出的参数优化建议需要人工确认同意才可执行，否则（不同意或超时）不执行优化，保持原参数配置不变。",,,,
CMCC_TD_LTE_V2.3,中国移动TD-LTE皮站_飞站基站设备网络管理南向接口数据配置模型规范V2.3.xlsx,SK,26,parameter,SON参数管理,InternetGatewayDevice.Services.FAPService.{i}.FAPControl.LTE.SelfConfig.SONConfigParam.SyncMode,InternetGatewayDevice,SyncMode,Y,SyncMode,时钟同步模式,A,,,R,string(64),,,"时钟同步模式，取值范围：
GNSS
IEEE1588V2
Sniffer
Freedom",自定义,,,
CMCC_TD_LTE_V2.3,中国移动TD-LTE皮站_飞站基站设备网络管理南向接口数据配置模型规范V2.3.xlsx,SK,23,parameter,SON参数管理,InternetGatewayDevice.Services.FAPService.{i}.FAPControl.LTE.SelfConfig.SONConfigParam.UTRANSnifferChannelList,InternetGatewayDevice,UTRANSnifferChannelList,Y,UTRANSnifferChannelList,UTRAN侦听频道号列表,CA,,,RW,string(256),,,UTRAN侦听频道号列表,,扩展型一体化皮基站重要性为CB,,
CMCC_TD_LTE_V2.3,中国移动TD-LTE皮站_飞站基站设备网络管理南向接口数据配置模型规范V2.3.xlsx,SK,22,parameter,SON参数管理,InternetGatewayDevice.Services.FAPService.{i}.FAPControl.LTE.SelfConfig.SONConfigParam.UTRANSnifferEnable,InternetGatewayDevice,UTRANSnifferEnable,Y,UTRANSnifferEnable,UTRAN侦听使能,CA,,,RW,boolean,,,"UTRAN侦听功能开关,(0=false,1=true)",,扩展型一体化皮基站重要性为CB,,
CMCC_TD_LTE_V2.3,中国移动TD-LTE皮站_飞站基站设备网络管理南向接口数据配置模型规范V2.3.xlsx,SK,6,parameter,SON参数管理,InternetGatewayDevice.Services.FAPService.{i}.FAPService.{i}.FAPControl.LTE.SelfConfig.SONConfigParam.CandidateARFCNList,InternetGatewayDevice,CandidateARFCNList,Y,CandidateARFCNList,候选频点列表,A,,,RW,string(64),,,候选频点列表,,,,
CMCC_TD_LTE_V2.3,中国移动TD-LTE皮站_飞站基站设备网络管理南向接口数据配置模型规范V2.3.xlsx,SI,26,parameter,TD邻区参数管理,Device.Services.FAPService.{i}.CellConfig.LTE.RAN.NeighborList.InterRATCell.UMTS.{i}.CID,Device,CID,Y,CID,CID,CA,,AdjacentCellId,RW,unsignedInt[0:65535],,,小区ID,TR系列规范(TR098/TR181/TR196)/NRM数据配置要求,,,
CMCC_TD_LTE_V2.3,中国移动TD-LTE皮站_飞站基站设备网络管理南向接口数据配置模型规范V2.3.xlsx,SI,27,parameter,TD邻区参数管理,Device.Services.FAPService.{i}.CellConfig.LTE.RAN.NeighborList.InterRATCell.UMTS.{i}.LAC,Device,LAC,Y,LAC,LAC,CA,,Lac,RW,unsignedInt[0:65535],,,位置区代码（LAC）,TR系列规范(TR098/TR181/TR196)/NRM数据配置要求,,,
CMCC_TD_LTE_V2.3,中国移动TD-LTE皮站_飞站基站设备网络管理南向接口数据配置模型规范V2.3.xlsx,SI,32,parameter,TD邻区参数管理,Device.Services.FAPService.{i}.CellConfig.LTE.RAN.NeighborList.InterRATCell.UMTS.{i}.PCPICHScramblingCode,Device,PCPICHScramblingCode,Y,PCPICHScramblingCode,Primary CPICH扰码,CA,,,RW,unsignedInt[0:511],,,Primary CPICH扰码,TR系列规范(TR098/TR181/TR196),,,
CMCC_TD_LTE_V2.3,中国移动TD-LTE皮站_飞站基站设备网络管理南向接口数据配置模型规范V2.3.xlsx,SI,33,parameter,TD邻区参数管理,Device.Services.FAPService.{i}.CellConfig.LTE.RAN.NeighborList.InterRATCell.UMTS.{i}.PCPICHTxPower,Device,PCPICHTxPower,Y,PCPICHTxPower,Primary CPICH发射功率,CA,,,RW,int[-100:500],,,Primary CPICH发射功率,TR系列规范(TR098/TR181/TR196),,,
CMCC_TD_LTE_V2.3,中国移动TD-LTE皮站_飞站基站设备网络管理南向接口数据配置模型规范V2.3.xlsx,SI,24,parameter,TD邻区参数管理,Device.Services.FAPService.{i}.CellConfig.LTE.RAN.NeighborList.InterRATCell.UMTS.{i}.PLMNID,Device,PLMNID,Y,PLMNID,PLMN ID,CA,,AdjacentCellId,RW,string(6),,,PLMN ID，由MCC和MNC组成,TR系列规范(TR098/TR181/TR196)/NRM数据配置要求,,,
CMCC_TD_LTE_V2.3,中国移动TD-LTE皮站_飞站基站设备网络管理南向接口数据配置模型规范V2.3.xlsx,SI,28,parameter,TD邻区参数管理,Device.Services.FAPService.{i}.CellConfig.LTE.RAN.NeighborList.InterRATCell.UMTS.{i}.RAC,Device,RAC,Y,RAC,RAC,CA,,Rac,RW,unsignedInt[0:255],,,路由区代码(RAC),TR系列规范(TR098/TR181/TR196)/NRM数据配置要求,,,
CMCC_TD_LTE_V2.3,中国移动TD-LTE皮站_飞站基站设备网络管理南向接口数据配置模型规范V2.3.xlsx,SI,25,parameter,TD邻区参数管理,Device.Services.FAPService.{i}.CellConfig.LTE.RAN.NeighborList.InterRATCell.UMTS.{i}.RNCID,Device,RNCID,Y,RNCID,RNC ID,CA,,AdjacentCellId,RW,unsignedInt[0:65535],,,频内邻小区的RNC-ID,TR系列规范(TR098/TR181/TR196)/NRM数据配置要求,,,
CMCC_TD_LTE_V2.3,中国移动TD-LTE皮站_飞站基站设备网络管理南向接口数据配置模型规范V2.3.xlsx,SI,31,parameter,TD邻区参数管理,Device.Services.FAPService.{i}.CellConfig.LTE.RAN.NeighborList.InterRATCell.UMTS.{i}.UARFCNDL,Device,UARFCNDL,Y,UARFCNDL,下行UARFCN,CA,,Uarfcn,RW,unsignedInt[0:16383],,,FDD模式小区中的下行链路UTRA绝对无线频率信道号（UARFCN,TR系列规范(TR098/TR181/TR196)/NRM数据配置要求,,,
CMCC_TD_LTE_V2.3,中国移动TD-LTE皮站_飞站基站设备网络管理南向接口数据配置模型规范V2.3.xlsx,SI,30,parameter,TD邻区参数管理,Device.Services.FAPService.{i}.CellConfig.LTE.RAN.NeighborList.InterRATCell.UMTS.{i}.UARFCNUL,Device,UARFCNUL,Y,UARFCNUL,上行UARFCN,CA,,,RW,unsignedInt[0:16383],,,FDD模式小区中的上行链路UTRA绝对无线频率信道号（UARFCN）,TR系列规范(TR098/TR181/TR196),,,
CMCC_TD_LTE_V2.3,中国移动TD-LTE皮站_飞站基站设备网络管理南向接口数据配置模型规范V2.3.xlsx,SI,29,parameter,TD邻区参数管理,Device.Services.FAPService.{i}.CellConfig.LTE.RAN.NeighborList.InterRATCell.UMTS.{i}.URA,Device,URA,Y,URA,URA,CA,,,RW,unsignedInt[0:65535],,,UTRAN 注册区域,TR系列规范(TR098/TR181/TR196),,,
CMCC_TD_LTE_V2.3,中国移动TD-LTE皮站_飞站基站设备网络管理南向接口数据配置模型规范V2.3.xlsx,SI,26,parameter,TD邻区参数管理,InternetGatewayDevice.Services.FAPService.{i}.CellConfig.LTE.RAN.NeighborList.InterRATCell.UMTS.{i}.CID,InternetGatewayDevice,CID,Y,CID,CID,CA,,AdjacentCellId,RW,unsignedInt[0:65535],,,小区ID,TR系列规范(TR098/TR181/TR196)/NRM数据配置要求,,,
CMCC_TD_LTE_V2.3,中国移动TD-LTE皮站_飞站基站设备网络管理南向接口数据配置模型规范V2.3.xlsx,SI,27,parameter,TD邻区参数管理,InternetGatewayDevice.Services.FAPService.{i}.CellConfig.LTE.RAN.NeighborList.InterRATCell.UMTS.{i}.LAC,InternetGatewayDevice,LAC,Y,LAC,LAC,CA,,Lac,RW,unsignedInt[0:65535],,,位置区代码（LAC）,TR系列规范(TR098/TR181/TR196)/NRM数据配置要求,,,
CMCC_TD_LTE_V2.3,中国移动TD-LTE皮站_飞站基站设备网络管理南向接口数据配置模型规范V2.3.xlsx,SI,32,parameter,TD邻区参数管理,InternetGatewayDevice.Services.FAPService.{i}.CellConfig.LTE.RAN.NeighborList.InterRATCell.UMTS.{i}.PCPICHScramblingCode,InternetGatewayDevice,PCPICHScramblingCode,Y,PCPICHScramblingCode,Primary CPICH扰码,CA,,,RW,unsignedInt[0:511],,,Primary CPICH扰码,TR系列规范(TR098/TR181/TR196),,,
CMCC_TD_LTE_V2.3,中国移动TD-LTE皮站_飞站基站设备网络管理南向接口数据配置模型规范V2.3.xlsx,SI,33,parameter,TD邻区参数管理,InternetGatewayDevice.Services.FAPService.{i}.CellConfig.LTE.RAN.NeighborList.InterRATCell.UMTS.{i}.PCPICHTxPower,InternetGatewayDevice,PCPICHTxPower,Y,PCPICHTxPower,Primary CPICH发射功率,CA,,,RW,int[-100:500],,,Primary CPICH发射功率,TR系列规范(TR098/TR181/TR196),,,
CMCC_TD_LTE_V2.3,中国移动TD-LTE皮站_飞站基站设备网络管理南向接口数据配置模型规范V2.3.xlsx,SI,24,parameter,TD邻区参数管理,InternetGatewayDevice.Services.FAPService.{i}.CellConfig.LTE.RAN.NeighborList.InterRATCell.UMTS.{i}.PLMNID,InternetGatewayDevice,PLMNID,Y,PLMNID,PLMN ID,CA,,AdjacentCellId,RW,string(6),,,PLMN ID，由MCC和MNC组成,TR系列规范(TR098/TR181/TR196)/NRM数据配置要求,,,
CMCC_TD_LTE_V2.3,中国移动TD-LTE皮站_飞站基站设备网络管理南向接口数据配置模型规范V2.3.xlsx,SI,28,parameter,TD邻区参数管理,InternetGatewayDevice.Services.FAPService.{i}.CellConfig.LTE.RAN.NeighborList.InterRATCell.UMTS.{i}.RAC,InternetGatewayDevice,RAC,Y,RAC,RAC,CA,,Rac,RW,unsignedInt[0:255],,,路由区代码(RAC),TR系列规范(TR098/TR181/TR196)/NRM数据配置要求,,,
CMCC_TD_LTE_V2.3,中国移动TD-LTE皮站_飞站基站设备网络管理南向接口数据配置模型规范V2.3.xlsx,SI,25,parameter,TD邻区参数管理,InternetGatewayDevice.Services.FAPService.{i}.CellConfig.LTE.RAN.NeighborList.InterRATCell.UMTS.{i}.RNCID,InternetGatewayDevice,RNCID,Y,RNCID,RNC ID,CA,,AdjacentCellId,RW,unsignedInt[0:65535],,,频内邻小区的RNC-ID,TR系列规范(TR098/TR181/TR196)/NRM数据配置要求,,,
CMCC_TD_LTE_V2.3,中国移动TD-LTE皮站_飞站基站设备网络管理南向接口数据配置模型规范V2.3.xlsx,SI,31,parameter,TD邻区参数管理,InternetGatewayDevice.Services.FAPService.{i}.CellConfig.LTE.RAN.NeighborList.InterRATCell.UMTS.{i}.UARFCNDL,InternetGatewayDevice,UARFCNDL,Y,UARFCNDL,下行UARFCN,CA,,Uarfcn,RW,unsignedInt[0:16383],,,FDD模式小区中的下行链路UTRA绝对无线频率信道号（UARFCN,TR系列规范(TR098/TR181/TR196)/NRM数据配置要求,,,
CMCC_TD_LTE_V2.3,中国移动TD-LTE皮站_飞站基站设备网络管理南向接口数据配置模型规范V2.3.xlsx,SI,30,parameter,TD邻区参数管理,InternetGatewayDevice.Services.FAPService.{i}.CellConfig.LTE.RAN.NeighborList.InterRATCell.UMTS.{i}.UARFCNUL,InternetGatewayDevice,UARFCNUL,Y,UARFCNUL,上行UARFCN,CA,,,RW,unsignedInt[0:16383],,,FDD模式小区中的上行链路UTRA绝对无线频率信道号（UARFCN）,TR系列规范(TR098/TR181/TR196),,,
CMCC_TD_LTE_V2.3,中国移动TD-LTE皮站_飞站基站设备网络管理南向接口数据配置模型规范V2.3.xlsx,SI,29,parameter,TD邻区参数管理,InternetGatewayDevice.Services.FAPService.{i}.CellConfig.LTE.RAN.NeighborList.InterRATCell.UMTS.{i}.URA,InternetGatewayDevice,URA,Y,URA,URA,CA,,,RW,unsignedInt[0:65535],,,UTRAN 注册区域,TR系列规范(TR098/TR181/TR196),,,
CMCC_5G_EXT_PICO_V1.9.4,中国移动5G扩展型皮基站网管南向接口数据模型规范v1.9.4.xlsx,ST,10,parameter,Uu-extend参数采集周期,Device.FAP.SCMgmt.Config.{i}.SamplePeriod,Device,SamplePeriod,Y,SamplePeriod,SC采样周期,A,,,RW,unsignedInt,,,"SC采集周期，可以选择一种（{1024ms, 2048ms, 5120ms, 10000ms, 60000ms, 360000ms}）。",信令软采设备规范-Small Cell NR分册,,,
CMCC_5G_EXT_PICO_V1.9.4,中国移动5G扩展型皮基站网管南向接口数据模型规范v1.9.4.xlsx,ST,140,parameter,Uu-extend口采集配置策略,Device.FAP.SCMgmt.Config.{i}.UuExtendAllEnable,Device,UuExtendAllEnable,Y,UuExtendAllEnable,Uu-Extend口软采开启所有信令消息,A,,,RW,boolean,,,"Uu-extend口所有信令都采集的策略，仅标识采集配置策略，不标识采集开启。(0=false,1=true)。",信令软采设备规范-Small Cell NR分册,,,
CMCC_5G_EXT_PICO_V1.9.4,中国移动5G扩展型皮基站网管南向接口数据模型规范v1.9.4.xlsx,ST,144,parameter,Uu-extend口采集配置策略,Device.FAP.SCMgmt.Config.{i}.UuExtendCQIEnable,Device,UuExtendCQIEnable,Y,UuExtendCQIEnable,Uu-ExtendCQI信令软采开关,A,,,RW,boolean,,,"Uu-extend口CQI的策略，仅标识采集配置策略，不标识采集开启。(0=false,1=true)。",信令软采设备规范-Small Cell NR分册,,,
CMCC_5G_EXT_PICO_V1.9.4,中国移动5G扩展型皮基站网管南向接口数据模型规范v1.9.4.xlsx,ST,148,parameter,Uu-extend口采集配置策略,Device.FAP.SCMgmt.Config.{i}.UuExtendDtchPrbAssnDlEnable,Device,UuExtendDtchPrbAssnDlEnable,Y,UuExtendDtchPrbAssnDlEnable,Uu-ExtendDtchPrbAssnDl信令软采开关,A,,,RW,boolean,,,"Uu-extend口DtchPrbAssnDl的策略，仅标识采集配置策略，不标识采集开启。(0=false,1=true)。",信令软采设备规范-Small Cell NR分册,,,
CMCC_5G_EXT_PICO_V1.9.4,中国移动5G扩展型皮基站网管南向接口数据模型规范v1.9.4.xlsx,ST,146,parameter,Uu-extend口采集配置策略,Device.FAP.SCMgmt.Config.{i}.UuExtendDtchPrbAssnUlEnable,Device,UuExtendDtchPrbAssnUlEnable,Y,UuExtendDtchPrbAssnUlEnable,Uu-ExtendDtchPrbAssnUl信令软采开关,A,,,RW,boolean,,,"Uu-extend口DtchPrbAssnUl的策略，仅标识采集配置策略，不标识采集开启。(0=false,1=true)。",信令软采设备规范-Small Cell NR分册,,,
CMCC_5G_EXT_PICO_V1.9.4,中国移动5G扩展型皮基站网管南向接口数据模型规范v1.9.4.xlsx,ST,149,parameter,Uu-extend口采集配置策略,Device.FAP.SCMgmt.Config.{i}.UuExtendDtchPrbTotDlEnable,Device,UuExtendDtchPrbTotDlEnable,Y,UuExtendDtchPrbTotDlEnable,Uu-ExtendDtchPrbTotDl信令软采开关,A,,,RW,boolean,,,"Uu-extend口DtchPrbTotDl的策略，仅标识采集配置策略，不标识采集开启。(0=false,1=true)。",信令软采设备规范-Small Cell NR分册,,,
CMCC_5G_EXT_PICO_V1.9.4,中国移动5G扩展型皮基站网管南向接口数据模型规范v1.9.4.xlsx,ST,147,parameter,Uu-extend口采集配置策略,Device.FAP.SCMgmt.Config.{i}.UuExtendDtchPrbTotUlEnable,Device,UuExtendDtchPrbTotUlEnable,Y,UuExtendDtchPrbTotUlEnable,Uu-ExtendDtchPrbTotUl信令软采开关,A,,,RW,boolean,,,"Uu-extend口DtchPrbTotUl的策略，仅标识采集配置策略，不标识采集开启。(0=false,1=true)。",信令软采设备规范-Small Cell NR分册,,,
CMCC_5G_EXT_PICO_V1.9.4,中国移动5G扩展型皮基站网管南向接口数据模型规范v1.9.4.xlsx,ST,139,parameter,Uu-extend口采集配置策略,Device.FAP.SCMgmt.Config.{i}.UuExtendEnable,Device,UuExtendEnable,Y,UuExtendEnable,Uu-Extend口软采开关,A,,,RW,boolean,,,"开启或关闭SmallCell基站上传Uu-extend口软采数据到指定服务器的能力，(0=false,1=true)。",信令软采设备规范-Small Cell NR分册,,,
CMCC_5G_EXT_PICO_V1.9.4,中国移动5G扩展型皮基站网管南向接口数据模型规范v1.9.4.xlsx,ST,141,parameter,Uu-extend口采集配置策略,Device.FAP.SCMgmt.Config.{i}.UuExtendPHREnable,Device,UuExtendPHREnable,Y,UuExtendPHREnable,Uu-ExtendPHR信令软采开关,A,,,RW,boolean,,,"Uu-extend口PHR的策略，仅标识采集配置策略，不标识采集开启。(0=false,1=true)。",信令软采设备规范-Small Cell NR分册,,,
CMCC_5G_EXT_PICO_V1.9.4,中国移动5G扩展型皮基站网管南向接口数据模型规范v1.9.4.xlsx,ST,143,parameter,Uu-extend口采集配置策略,Device.FAP.SCMgmt.Config.{i}.UuExtendTAEnable,Device,UuExtendTAEnable,Y,UuExtendTAEnable,Uu-ExtendTA信令软采开关,A,,,RW,boolean,,,"Uu-extend口TA的策略，仅标识采集配置策略，不标识采集开启。(0=false,1=true)。",信令软采设备规范-Small Cell NR分册,,,
CMCC_5G_EXT_PICO_V1.9.4,中国移动5G扩展型皮基站网管南向接口数据模型规范v1.9.4.xlsx,ST,142,parameter,Uu-extend口采集配置策略,Device.FAP.SCMgmt.Config.{i}.UuExtendULSINREnable,Device,UuExtendULSINREnable,Y,UuExtendULSINREnable,Uu-ExtendULSINR信令软采开关,A,,,RW,boolean,,,"Uu-extend口ULSINR的策略，仅标识采集配置策略，不标识采集开启。(0=false,1=true)。",信令软采设备规范-Small Cell NR分册,,,
CMCC_5G_EXT_PICO_V1.9.4,中国移动5G扩展型皮基站网管南向接口数据模型规范v1.9.4.xlsx,ST,145,parameter,Uu-extend口采集配置策略,Device.FAP.SCMgmt.Config.{i}.UuExtendgNBReceivedInterfereEnable,Device,UuExtendgNBReceivedInterfereEnable,Y,UuExtendgNBReceivedInterfereEnable,Uu-ExtendgNBReceivedInterfere信令软采开关,A,,,RW,boolean,,,"Uu-extend口gNBReceivedInterfere的策略，仅标识采集配置策略，不标识采集开启。(0=false,1=true)。",信令软采设备规范-Small Cell NR分册,,,
CMCC_5G_EXT_PICO_V1.9.4,中国移动5G扩展型皮基站网管南向接口数据模型规范v1.9.4.xlsx,ST,22,parameter,Uu口采集配置策略,Device.FAP.SCMgmt.Config.{i}.UuAllEnable,Device,UuAllEnable,Y,UuAllEnable,Uu口软采开启所有信令消息,A,,,RW,boolean,,,"Uu口所有信令都采集的策略，仅标识采集配置策略，不标识采集开启。(0=false,1=true)。",信令软采设备规范-Small Cell NR分册,,,
CMCC_5G_EXT_PICO_V1.9.4,中国移动5G扩展型皮基站网管南向接口数据模型规范v1.9.4.xlsx,ST,32,parameter,Uu口采集配置策略,Device.FAP.SCMgmt.Config.{i}.UuCounterCheckEnable,Device,UuCounterCheckEnable,Y,UuCounterCheckEnable,UuCounterCheck信令软采开关,A,,,RW,boolean,,,"Uu口CounterCheck信令采集的策略，仅标识采集配置策略，不标识采集开启。(0=false,1=true)。",信令软采设备规范-Small Cell NR分册,,,
CMCC_5G_EXT_PICO_V1.9.4,中国移动5G扩展型皮基站网管南向接口数据模型规范v1.9.4.xlsx,ST,33,parameter,Uu口采集配置策略,Device.FAP.SCMgmt.Config.{i}.UuCounterCheckResponseEnable,Device,UuCounterCheckResponseEnable,Y,UuCounterCheckResponseEnable,UuCounterCheckResponse信令软采开关,A,,,RW,boolean,,,"Uu口CounterCheckResponse信令采集的策略，仅标识采集配置策略，不标识采集开启。(0=false,1=true)。",信令软采设备规范-Small Cell NR分册,,,
CMCC_5G_EXT_PICO_V1.9.4,中国移动5G扩展型皮基站网管南向接口数据模型规范v1.9.4.xlsx,ST,46,parameter,Uu口采集配置策略,Device.FAP.SCMgmt.Config.{i}.UuDLInformationTransferEnable,Device,UuDLInformationTransferEnable,Y,UuDLInformationTransferEnable,UuDLInformationTransfer信令软采开关,A,,,RW,boolean,,,"Uu口DLInformationTransfer信令采集的策略，仅标识采集配置策略，不标识采集开启。(0=false,1=true)。",信令软采设备规范-Small Cell NR分册,,,
CMCC_5G_EXT_PICO_V1.9.4,中国移动5G扩展型皮基站网管南向接口数据模型规范v1.9.4.xlsx,ST,21,parameter,Uu口采集配置策略,Device.FAP.SCMgmt.Config.{i}.UuEnable,Device,UuEnable,Y,UuEnable,Uu口软采开关,A,,,RW,boolean,,,"开启或关闭SmallCell基站上传Uu口软采数据到指定服务器的能力，(0=false,1=true)。",信令软采设备规范-Small Cell NR分册,,,
CMCC_5G_EXT_PICO_V1.9.4,中国移动5G扩展型皮基站网管南向接口数据模型规范v1.9.4.xlsx,ST,43,parameter,Uu口采集配置策略,Device.FAP.SCMgmt.Config.{i}.UuLocationMeasurementIndicationEnable,Device,UuLocationMeasurementIndicationEnable,Y,UuLocationMeasurementIndicationEnable,UuLocationMeasurementIndication信令软采开关,A,,,RW,boolean,,,"Uu口LocationMeasurementIndication信令采集的策略，仅标识采集配置策略，不标识采集开启。(0=false,1=true)。",信令软采设备规范-Small Cell NR分册,,,
CMCC_5G_EXT_PICO_V1.9.4,中国移动5G扩展型皮基站网管南向接口数据模型规范v1.9.4.xlsx,ST,42,parameter,Uu口采集配置策略,Device.FAP.SCMgmt.Config.{i}.UuMeasurementReportEnable,Device,UuMeasurementReportEnable,Y,UuMeasurementReportEnable,UuMeasurementReport信令软采开关,A,,,RW,boolean,,,"Uu口MeasurementReport信令采集的策略，仅标识采集配置策略，不标识采集开启。(0=false,1=true)。",信令软采设备规范-Small Cell NR分册,,,
CMCC_5G_EXT_PICO_V1.9.4,中国移动5G扩展型皮基站网管南向接口数据模型规范v1.9.4.xlsx,ST,41,parameter,Uu口采集配置策略,Device.FAP.SCMgmt.Config.{i}.UuMobilityFromNRCommandEnable,Device,UuMobilityFromNRCommandEnable,Y,UuMobilityFromNRCommandEnable,UuMobilityFromNRCommand 信令软采开关,A,,,RW,boolean,,,"Uu口MobilityFromNRCommand 信令采集的策略，仅标识采集配置策略，不标识采集开启。(0=false,1=true)。",信令软采设备规范-Small Cell NR分册,,,
CMCC_5G_EXT_PICO_V1.9.4,中国移动5G扩展型皮基站网管南向接口数据模型规范v1.9.4.xlsx,ST,31,parameter,Uu口采集配置策略,Device.FAP.SCMgmt.Config.{i}.UuRRCReconfigurationCompleteEnable,Device,UuRRCReconfigurationCompleteEnable,Y,UuRRCReconfigurationCompleteEnable,UuRRCReconfiguration Complete信令软采开关,A,,,RW,boolean,,,"Uu口RRCReconfigurationComplete信令采集的策略，仅标识采集配置策略，不标识采集开启。(0=false,1=true)。",信令软采设备规范-Small Cell NR分册,,,
CMCC_5G_EXT_PICO_V1.9.4,中国移动5G扩展型皮基站网管南向接口数据模型规范v1.9.4.xlsx,ST,30,parameter,Uu口采集配置策略,Device.FAP.SCMgmt.Config.{i}.UuRRCReconfigurationEnable,Device,UuRRCReconfigurationEnable,Y,UuRRCReconfigurationEnable,UuRRCReconfiguration信令软采开关,A,,,RW,boolean,,,"Uu口RRCReconfiguration信令采集的策略，仅标识采集配置策略，不标识采集开启。(0=false,1=true)。",信令软采设备规范-Small Cell NR分册,,,
CMCC_5G_EXT_PICO_V1.9.4,中国移动5G扩展型皮基站网管南向接口数据模型规范v1.9.4.xlsx,ST,36,parameter,Uu口采集配置策略,Device.FAP.SCMgmt.Config.{i}.UuRRCReestablishmentCompleteEnable,Device,UuRRCReestablishmentCompleteEnable,Y,UuRRCReestablishmentCompleteEnable,UuRRCReestablishmentComplete信令软采开关,A,,,RW,boolean,,,"Uu口RRCReestablishmentComplete信令采集的策略，仅标识采集配置策略，不标识采集开启。(0=false,1=true)。",信令软采设备规范-Small Cell NR分册,,,
CMCC_5G_EXT_PICO_V1.9.4,中国移动5G扩展型皮基站网管南向接口数据模型规范v1.9.4.xlsx,ST,35,parameter,Uu口采集配置策略,Device.FAP.SCMgmt.Config.{i}.UuRRCReestablishmentEnable,Device,UuRRCReestablishmentEnable,Y,UuRRCReestablishmentEnable,UuRRCReestablishment信令软采开关,A,,,RW,boolean,,,"Uu口RRCReestablishment信令采集的策略，仅标识采集配置策略，不标识采集开启。(0=false,1=true)。",信令软采设备规范-Small Cell NR分册,,,
CMCC_5G_EXT_PICO_V1.9.4,中国移动5G扩展型皮基站网管南向接口数据模型规范v1.9.4.xlsx,ST,34,parameter,Uu口采集配置策略,Device.FAP.SCMgmt.Config.{i}.UuRRCReestablishmentRequestEnable,Device,UuRRCReestablishmentRequestEnable,Y,UuRRCReestablishmentRequestEnable,UuRRCReestablishmentRequest信令软采开关,A,,,RW,boolean,,,"Uu口RRCReestablishmentRequest信令采集的策略，仅标识采集配置策略，不标识采集开启。(0=false,1=true)。",信令软采设备规范-Small Cell NR分册,,,
CMCC_5G_EXT_PICO_V1.9.4,中国移动5G扩展型皮基站网管南向接口数据模型规范v1.9.4.xlsx,ST,26,parameter,Uu口采集配置策略,Device.FAP.SCMgmt.Config.{i}.UuRRCRejectEnable,Device,UuRRCRejectEnable,Y,UuRRCRejectEnable,UuRRCReject信令软采开关,A,,,RW,boolean,,,"Uu口RRCReject信令采集的策略，仅标识采集配置策略，不标识采集开启。(0=false,1=true)。",信令软采设备规范-Small Cell NR分册,,,
CMCC_5G_EXT_PICO_V1.9.4,中国移动5G扩展型皮基站网管南向接口数据模型规范v1.9.4.xlsx,ST,37,parameter,Uu口采集配置策略,Device.FAP.SCMgmt.Config.{i}.UuRRCReleaseEnable,Device,UuRRCReleaseEnable,Y,UuRRCReleaseEnable,UuRRCRelease信令软采开关,A,,,RW,boolean,,,"Uu口RRCRelease信令采集的策略，仅标识采集配置策略，不标识采集开启。(0=false,1=true)。",信令软采设备规范-Small Cell NR分册,,,
CMCC_5G_EXT_PICO_V1.9.4,中国移动5G扩展型皮基站网管南向接口数据模型规范v1.9.4.xlsx,ST,40,parameter,Uu口采集配置策略,Device.FAP.SCMgmt.Config.{i}.UuRRCResumeCompleteEnable,Device,UuRRCResumeCompleteEnable,Y,UuRRCResumeCompleteEnable,UuRRCResumeComplete信令软采开关,A,,,RW,boolean,,,"Uu口RRCResumeComplete信令采集的策略，仅标识采集配置策略，不标识采集开启。(0=false,1=true)。",信令软采设备规范-Small Cell NR分册,,,
CMCC_5G_EXT_PICO_V1.9.4,中国移动5G扩展型皮基站网管南向接口数据模型规范v1.9.4.xlsx,ST,39,parameter,Uu口采集配置策略,Device.FAP.SCMgmt.Config.{i}.UuRRCResumeEnable,Device,UuRRCResumeEnable,Y,UuRRCResumeEnable,UuRRCResume信令软采开关,A,,,RW,boolean,,,"Uu口RRCResume信令采集的策略，仅标识采集配置策略，不标识采集开启。(0=false,1=true)。",信令软采设备规范-Small Cell NR分册,,,
CMCC_5G_EXT_PICO_V1.9.4,中国移动5G扩展型皮基站网管南向接口数据模型规范v1.9.4.xlsx,ST,38,parameter,Uu口采集配置策略,Device.FAP.SCMgmt.Config.{i}.UuRRCResumeRequestEnable,Device,UuRRCResumeRequestEnable,Y,UuRRCResumeRequestEnable,UuRRCResumeRequest信令软采开关,A,,,RW,boolean,,,"Uu口RRCResumeRequest信令采集的策略，仅标识采集配置策略，不标识采集开启。(0=false,1=true)。",信令软采设备规范-Small Cell NR分册,,,
CMCC_5G_EXT_PICO_V1.9.4,中国移动5G扩展型皮基站网管南向接口数据模型规范v1.9.4.xlsx,ST,25,parameter,Uu口采集配置策略,Device.FAP.SCMgmt.Config.{i}.UuRRCSetupCompleteEnable,Device,UuRRCSetupCompleteEnable,Y,UuRRCSetupCompleteEnable,UuRRCSetupComplete信令软采开关,A,,,RW,boolean,,,"Uu口RRCSetupComplete信令采集的策略，仅标识采集配置策略，不标识采集开启。(0=false,1=true)。",信令软采设备规范-Small Cell NR分册,,,
CMCC_5G_EXT_PICO_V1.9.4,中国移动5G扩展型皮基站网管南向接口数据模型规范v1.9.4.xlsx,ST,24,parameter,Uu口采集配置策略,Device.FAP.SCMgmt.Config.{i}.UuRRCSetupEnable,Device,UuRRCSetupEnable,Y,UuRRCSetupEnable,UuRRCSetup信令软采开关,A,,,RW,boolean,,,"Uu口RRCSetup信令采集的策略，仅标识采集配置策略，不标识采集开启。(0=false,1=true)。",信令软采设备规范-Small Cell NR分册,,,
CMCC_5G_EXT_PICO_V1.9.4,中国移动5G扩展型皮基站网管南向接口数据模型规范v1.9.4.xlsx,ST,23,parameter,Uu口采集配置策略,Device.FAP.SCMgmt.Config.{i}.UuRRCSetupRequestEnable,Device,UuRRCSetupRequestEnable,Y,UuRRCSetupRequestEnable,UuRRCSetupRequest信令软采开关,A,,,RW,boolean,,,"Uu口RRCSetupRequest信令采集的策略，仅标识采集配置策略，不标识采集开启。(0=false,1=true)。",信令软采设备规范-Small Cell NR分册,,,
CMCC_5G_EXT_PICO_V1.9.4,中国移动5G扩展型皮基站网管南向接口数据模型规范v1.9.4.xlsx,ST,48,parameter,Uu口采集配置策略,Device.FAP.SCMgmt.Config.{i}.UuSCGFailureInformationNREnable,Device,UuSCGFailureInformationNREnable,Y,UuSCGFailureInformationNREnable,UuSCGFailureInformationNR信令软采开关,A,,,RW,boolean,,,"Uu口SCGFailureInformationNR信令采集的策略，仅标识采集配置策略，不标识采集开启。(0=false,1=true)。",信令软采设备规范-Small Cell NR分册,,,
CMCC_5G_EXT_PICO_V1.9.4,中国移动5G扩展型皮基站网管南向接口数据模型规范v1.9.4.xlsx,ST,27,parameter,Uu口采集配置策略,Device.FAP.SCMgmt.Config.{i}.UuSecurityModeCommandEnable,Device,UuSecurityModeCommandEnable,Y,UuSecurityModeCommandEnable,UuSecurityModeCommand信令软采开关,A,,,RW,boolean,,,"Uu口SecurityModeCommand信令采集的策略，仅标识采集配置策略，不标识采集开启。(0=false,1=true)。",信令软采设备规范-Small Cell NR分册,,,
CMCC_5G_EXT_PICO_V1.9.4,中国移动5G扩展型皮基站网管南向接口数据模型规范v1.9.4.xlsx,ST,28,parameter,Uu口采集配置策略,Device.FAP.SCMgmt.Config.{i}.UuSecurityModeCompleteEnable,Device,UuSecurityModeCompleteEnable,Y,UuSecurityModeCompleteEnable,UuSecurityModeComplete信令软采开关,A,,,RW,boolean,,,"Uu口SecurityModeComplete信令采集的策略，仅标识采集配置策略，不标识采集开启。(0=false,1=true)。",信令软采设备规范-Small Cell NR分册,,,
CMCC_5G_EXT_PICO_V1.9.4,中国移动5G扩展型皮基站网管南向接口数据模型规范v1.9.4.xlsx,ST,29,parameter,Uu口采集配置策略,Device.FAP.SCMgmt.Config.{i}.UuSecurityModeFailureEnable,Device,UuSecurityModeFailureEnable,Y,UuSecurityModeFailureEnable,UuSecurityModeFailure信令软采开关,A,,,RW,boolean,,,"Uu口SecurityMode Failure信令采集的策略，仅标识采集配置策略，不标识采集开启。(0=false,1=true)。",信令软采设备规范-Small Cell NR分册,,,
CMCC_5G_EXT_PICO_V1.9.4,中国移动5G扩展型皮基站网管南向接口数据模型规范v1.9.4.xlsx,ST,49,parameter,Uu口采集配置策略,Device.FAP.SCMgmt.Config.{i}.UuUEAssistanceInformationEnable,Device,UuUEAssistanceInformationEnable,Y,UuUEAssistanceInformationEnable,UuUEAssistanceInformation信令软采开关,A,,,RW,boolean,,,"Uu口UEAssistanceInformation信令采集的策略，仅标识采集配置策略，不标识采集开启。(0=false,1=true)。",信令软采设备规范-Small Cell NR分册,,,
CMCC_5G_EXT_PICO_V1.9.4,中国移动5G扩展型皮基站网管南向接口数据模型规范v1.9.4.xlsx,ST,44,parameter,Uu口采集配置策略,Device.FAP.SCMgmt.Config.{i}.UuUECapabilityEnquiryEnable,Device,UuUECapabilityEnquiryEnable,Y,UuUECapabilityEnquiryEnable,UuUECapabilityEnquiry信令软采开关,A,,,RW,boolean,,,"Uu口UECapabilityEnquiry信令采集的策略，仅标识采集配置策略，不标识采集开启。(0=false,1=true)。",信令软采设备规范-Small Cell NR分册,,,
CMCC_5G_EXT_PICO_V1.9.4,中国移动5G扩展型皮基站网管南向接口数据模型规范v1.9.4.xlsx,ST,45,parameter,Uu口采集配置策略,Device.FAP.SCMgmt.Config.{i}.UuUECapabilityInformationEnable,Device,UuUECapabilityInformationEnable,Y,UuUECapabilityInformationEnable,UuUECapabilityInformation信令软采开关,A,,,RW,boolean,,,"Uu口UECapabilityInformation信令采集的策略，仅标识采集配置策略，不标识采集开启。(0=false,1=true)。",信令软采设备规范-Small Cell NR分册,,,
CMCC_5G_EXT_PICO_V1.9.4,中国移动5G扩展型皮基站网管南向接口数据模型规范v1.9.4.xlsx,ST,47,parameter,Uu口采集配置策略,Device.FAP.SCMgmt.Config.{i}.UuULInformationTransferEnable,Device,UuULInformationTransferEnable,Y,UuULInformationTransferEnable,UuULInformationTransfer信令软采开关,A,,,RW,boolean,,,"Uu口ULInformationTransfer信令采集的策略，仅标识采集配置策略，不标识采集开启。(0=false,1=true)。",信令软采设备规范-Small Cell NR分册,,,
CMCC_TD_LTE_V2.3,中国移动TD-LTE皮站_飞站基站设备网络管理南向接口数据配置模型规范V2.3.xlsx,SF,53,parameter,VoLTE参数,Device.Services.FAPService.{i}.CellConfig.LTE.VoLTE.PdcpInitParam.{i}.RohcEn,Device,RohcEn,Y,RohcEn,分QCI头压缩功能开关,A,,HeaderCompressionSwitch,RW,string(64),,,"（ON，OFF, NA）,{i}取值范围[1,…,9]",NRM数据配置要求,,,
CMCC_TD_LTE_V2.3,中国移动TD-LTE皮站_飞站基站设备网络管理南向接口数据配置模型规范V2.3.xlsx,SF,54,parameter,VoLTE参数,Device.Services.FAPService.{i}.CellConfig.LTE.VoLTEParam.SPSSwitchQCI1Ul,Device,SPSSwitchQCI1Ul,Y,SPSSwitchQCI1Ul,QCI1上行SPS功能开关,CA,,SPSSwitchQCI1Ul,RW,string(64),,,"（ON，OFF, NA）",NRM数据配置要求,,,
CMCC_TD_LTE_V2.3,中国移动TD-LTE皮站_飞站基站设备网络管理南向接口数据配置模型规范V2.3.xlsx,SF,53,parameter,VoLTE参数,InternetGatewayDevice.Services.FAPService.{i}.CellConfig.LTE.VoLTE.PdcpInitParam.{i}.RohcEn,InternetGatewayDevice,RohcEn,Y,RohcEn,分QCI头压缩功能开关,A,,HeaderCompressionSwitch,RW,string(64),,,"（ON，OFF, NA）,{i}取值范围[1,…,9]",NRM数据配置要求,,,
CMCC_TD_LTE_V2.3,中国移动TD-LTE皮站_飞站基站设备网络管理南向接口数据配置模型规范V2.3.xlsx,SF,54,parameter,VoLTE参数,InternetGatewayDevice.Services.FAPService.{i}.CellConfig.LTE.VoLTEParam.SPSSwitchQCI1Ul,InternetGatewayDevice,SPSSwitchQCI1Ul,Y,SPSSwitchQCI1Ul,QCI1上行SPS功能开关,CA,,SPSSwitchQCI1Ul,RW,string(64),,,"（ON，OFF, NA）",NRM数据配置要求,,,
CMCC_5G_EXT_PICO_V1.9.4,中国移动5G扩展型皮基站网管南向接口数据模型规范v1.9.4.xlsx,SJ,45,parameter,VoNR参数,Device.Services.FAPService.{i}.CellConfig.{i}.NR.VoNR.PdcpInitParam.{i}.RohcEn,Device,RohcEn,Y,RohcEn,分QCI头压缩功能开关,A,,,RW,string(64),,,"（ON，OFF, NA）,{i}取值范围[1,…,9]",NRM数据配置要求,,,
CMCC_5G_EXT_PICO_V1.9.4,中国移动5G扩展型皮基站网管南向接口数据模型规范v1.9.4.xlsx,SJ,46,parameter,VoNR参数,Device.Services.FAPService.{i}.CellConfig.{i}.NR.VoNR.SPSSwitchQCI1Ul,Device,SPSSwitchQCI1Ul,Y,SPSSwitchQCI1Ul,QCI1上行SPS功能开关,CA,,,RW,string(64),,,"（ON，OFF, NA）",NRM数据配置要求,,,
CMCC_5G_EXT_PICO_V1.9.4,中国移动5G扩展型皮基站网管南向接口数据模型规范v1.9.4.xlsx,SJ,44,parameter,VoNR参数,Device.Services.FAPService.{i}.CellConfig.{i}.NR.VoNR.VoNRSwitch,Device,VoNRSwitch,Y,VoNRSwitch,VoNR开关,A,,,RW,boolean,,,VoNR开关，0：不开启，1：开启,根据需求建议增加VoNR的开关配置节点,,,
CMCC_5G_EXT_PICO_V1.9.4,中国移动5G扩展型皮基站网管南向接口数据模型规范v1.9.4.xlsx,SJ,43,parameter,VoNR参数,Device.Services.FAPService.{i}.CellConfig.{i}.NR.VoNR.VoSupport,Device,VoSupport,Y,VoSupport,VoNR支持标识,A,,,R,boolean,,,"0:不支持
1:支持",自定义,,,
CMCC_5G_EXT_PICO_V1.9.4,中国移动5G扩展型皮基站网管南向接口数据模型规范v1.9.4.xlsx,SO,9,parameter,WAN口配置参数管理,Device.Ethernet.Interface.{i}.DuplexMode,Device,DuplexMode,Y,DuplexMode,该连接使用的双工模式,A,,,RW,string,,,"""Half"",""Full"",""Auto""",TR系列规范(TR098/TR181)/NRM数据配置要求,,,
CMCC_5G_EXT_PICO_V1.9.4,中国移动5G扩展型皮基站网管南向接口数据模型规范v1.9.4.xlsx,SO,2,parameter,WAN口配置参数管理,Device.Ethernet.Interface.{i}.Enable,Device,Enable,Y,Enable,启用或禁用该接口,A,AS,AdministrativeState,RW,boolean,,,"(false:0,true:1)",TR系列规范(TR098/TR181),,,
CMCC_5G_EXT_PICO_V1.9.4,中国移动5G扩展型皮基站网管南向接口数据模型规范v1.9.4.xlsx,SO,14,parameter,WAN口配置参数管理,Device.Ethernet.Interface.{i}.IPv4Address.{i}.AddressingType,Device,AddressingType,Y,AddressingType,外部IP 地址方法,A,,,RW,string,,,"""DHCP"",""Static""",TR系列规范(TR098/TR181)/NRM数据配置要求,,,
CMCC_5G_EXT_PICO_V1.9.4,中国移动5G扩展型皮基站网管南向接口数据模型规范v1.9.4.xlsx,SO,12,parameter,WAN口配置参数管理,Device.Ethernet.Interface.{i}.IPv4Address.{i}.DefaultGateway,Device,DefaultGateway,Y,DefaultGateway,WAN 接口的默认网关,A,,,RW,string(15),,,,TR系列规范(TR098/TR181)/NRM数据配置要求,,,
CMCC_5G_EXT_PICO_V1.9.4,中国移动5G扩展型皮基站网管南向接口数据模型规范v1.9.4.xlsx,SO,11,parameter,WAN口配置参数管理,Device.Ethernet.Interface.{i}.IPv4Address.{i}.IPAddress,Device,IPAddress,Y,IPAddress,IP 地址,A,AS,IpAddressList/LocIpAddrList,RW,string(15),,,,TR系列规范(TR098/TR181)/NRM数据配置要求,,,
CMCC_5G_EXT_PICO_V1.9.4,中国移动5G扩展型皮基站网管南向接口数据模型规范v1.9.4.xlsx,SO,15,parameter,WAN口配置参数管理,Device.Ethernet.Interface.{i}.IPv4Address.{i}.PortType,Device,PortType,Y,PortType,端口类型,A,AS,PortType,RW,string,,,"（Ng, Xn, Ng/Xn, S1, X2, S1/X2, F1, E1, OAM,IR,other）",NRM数据配置要求,描述对应IPv4地址的作用,,20231020-和北向保持一致，属性R修改为RW
CMCC_5G_EXT_PICO_V1.9.4,中国移动5G扩展型皮基站网管南向接口数据模型规范v1.9.4.xlsx,SO,13,parameter,WAN口配置参数管理,Device.Ethernet.Interface.{i}.IPv4Address.{i}.SubnetMask,Device,SubnetMask,Y,SubnetMask,WAN 接口的子网掩码,A,,,RW,string,,,,TR系列规范(TR098/TR181)/NRM数据配置要求,,,
CMCC_5G_EXT_PICO_V1.9.4,中国移动5G扩展型皮基站网管南向接口数据模型规范v1.9.4.xlsx,SO,20,parameter,WAN口配置参数管理,Device.Ethernet.Interface.{i}.IPv6Address.{i}.DefaultGateway,Device,DefaultGateway,Y,DefaultGateway,WAN 接口的默认网关,A,,,RW,string(64),,,,TR系列规范(TR098/TR181)/NRM数据配置要求,,,
CMCC_5G_EXT_PICO_V1.9.4,中国移动5G扩展型皮基站网管南向接口数据模型规范v1.9.4.xlsx,SO,16,parameter,WAN口配置参数管理,Device.Ethernet.Interface.{i}.IPv6Address.{i}.IPAddress,Device,IPAddress,Y,IPAddress,IPv6 地址,A,AS,IpAddressList/LocIpv6AddrList,RW,string(64),,,,TR系列规范(TR098/TR181)/NRM数据配置要求,,,
CMCC_5G_EXT_PICO_V1.9.4,中国移动5G扩展型皮基站网管南向接口数据模型规范v1.9.4.xlsx,SO,18,parameter,WAN口配置参数管理,Device.Ethernet.Interface.{i}.IPv6Address.{i}.Origin,Device,Origin,Y,Origin,外部IP 来源,A,,,RW,string,,,"""DHCPv6"",""Static""",TR系列规范(TR098/TR181)/NRM数据配置要求,,,
CMCC_5G_EXT_PICO_V1.9.4,中国移动5G扩展型皮基站网管南向接口数据模型规范v1.9.4.xlsx,SO,19,parameter,WAN口配置参数管理,Device.Ethernet.Interface.{i}.IPv6Address.{i}.PortType,Device,PortType,Y,PortType,端口类型,A,AS,PortType,RW,string,,,"（Ng, Xn, Ng/Xn, S1, X2, S1/X2, F1, E1, OAM,other）",NRM数据配置要求,描述对应IP地址的作用,,20231020-和北向保持一致，属性R修改为RW
CMCC_5G_EXT_PICO_V1.9.4,中国移动5G扩展型皮基站网管南向接口数据模型规范v1.9.4.xlsx,SO,17,parameter,WAN口配置参数管理,Device.Ethernet.Interface.{i}.IPv6Address.{i}.PrefixLength,Device,PrefixLength,Y,PrefixLength,前缀长度,A,,,RW,unsignedInt[1:128],,,,,,,
CMCC_5G_EXT_PICO_V1.9.4,中国移动5G扩展型皮基站网管南向接口数据模型规范v1.9.4.xlsx,SO,6,parameter,WAN口配置参数管理,Device.Ethernet.Interface.{i}.MACAddress,Device,MACAddress,Y,MACAddress,接口的物理地址,A,,,R,string(17),,,,TR系列规范(TR098/TR181)//NRM数据配置要求,,,
CMCC_5G_EXT_PICO_V1.9.4,中国移动5G扩展型皮基站网管南向接口数据模型规范v1.9.4.xlsx,SO,7,parameter,WAN口配置参数管理,Device.Ethernet.Interface.{i}.MaxBitRate,Device,MaxBitRate,Y,MaxBitRate,该连接可用的最大速率模式,A,AS,PortRate,RW,string,,,"""10"",""100"",""1000"",""Auto"",""10000"",""100000""",TR系列规范(TR098/TR181)/NRM数据配置要求,Auto字段对应北向10000,,"20231020-
1.对齐北向NRM，修改描述为-""10"",""100"",""1000"",""Auto"",""10000"",""100000""；
2.备注中增加-Auto字段对应北向10000。"
CMCC_5G_EXT_PICO_V1.9.4,中国移动5G扩展型皮基站网管南向接口数据模型规范v1.9.4.xlsx,SO,4,parameter,WAN口配置参数管理,Device.Ethernet.Interface.{i}.Name,Device,Name,Y,Name,端口名称,A,,,R,string,,,端口名称,,,,
CMCC_5G_EXT_PICO_V1.9.4,中国移动5G扩展型皮基站网管南向接口数据模型规范v1.9.4.xlsx,SO,10,parameter,WAN口配置参数管理,Device.Ethernet.Interface.{i}.PortLocation,Device,PortLocation,Y,PortLocation,端口位置,B,AS,PortLocation,R,string,,,由MU的实例号、Slot板卡的实例号、端口号，例如，MU实例1的Slot2的端口3表示为“1.2+3”，在没有Slot作为传输板时，上例表示为“1+3”,5G SA gNB网元统计数据需求规范-NRM(V1.4.2),,,
CMCC_LTE_V2.1,LTE V2.1.xlsx,SL,14,parameter,WAN口配置参数管理,Device.Ethernet.Interface.{i}.PortType,Device,PortType,Y,PortType,端口类型,A,,PortType,R,string,,,"（S1, X2, S1/X2, other）",NRM数据配置要求,,,
CMCC_5G_EXT_PICO_V1.9.4,中国移动5G扩展型皮基站网管南向接口数据模型规范v1.9.4.xlsx,SO,8,parameter,WAN口配置参数管理,Device.Ethernet.Interface.{i}.SignTransMedia,Device,SignTransMedia,Y,SignTransMedia,信号传送介质类型,A,AS,SignTransMedia,R,string,,,"{Optic,Electric,Auto},Auto表示自适应",,,,
CMCC_5G_EXT_PICO_V1.9.4,中国移动5G扩展型皮基站网管南向接口数据模型规范v1.9.4.xlsx,SO,5,parameter,WAN口配置参数管理,Device.Ethernet.Interface.{i}.Status,Device,Status,Y,Status,表明接口的状态,A,,,R,string,,,"""Up"",""NoLink"",""Error"",""Disabled""",TR系列规范(TR098/TR181),,,
CMCC_5G_EXT_PICO_V1.9.4,中国移动5G扩展型皮基站网管南向接口数据模型规范v1.9.4.xlsx,SO,3,parameter,WAN口配置参数管理,Device.Ethernet.Interface.{i}.UserLabel,Device,UserLabel,Y,UserLabel,用户友好名,A,AA,UserLabel,RW,string,,,字段必须与OMC系统内配置资源名称保持一致。且要求UserLabel与告警、性能数据中同一资源对象使用的网元用户友好名保持一致，即用户有好名在OMC内部以及北向接口交互过程中全局唯一。OMC系统内配置资源命名建议参考《中国移动网络资源命名规范-无线分册》，基站命名要求。默认不填写为空字符串,5G SA gNB网元统计数据需求规范-NRM(V1.4.2),,,
CMCC_LTE_V2.1,LTE V2.1.xlsx,SL,13,parameter,WAN口配置参数管理,Device.IP.Interface.{i}.IPv4Address.{i}.AddressingType,Device,AddressingType,Y,AddressingType,外部IP 地址方法,A,,,RW,string,,,"""DHCP"",""Static""",TR系列规范(TR098/TR181)/NRM数据配置要求,,,
CMCC_LTE_V2.1,LTE V2.1.xlsx,SL,11,parameter,WAN口配置参数管理,Device.IP.Interface.{i}.IPv4Address.{i}.DefaultGateway,Device,DefaultGateway,Y,DefaultGateway,WAN 接口的默认网关,A,,,RW,string(15),,,,TR系列规范(TR098/TR181)/NRM数据配置要求,,,
CMCC_LTE_V2.1,LTE V2.1.xlsx,SL,10,parameter,WAN口配置参数管理,Device.IP.Interface.{i}.IPv4Address.{i}.IPAddress,Device,IPAddress,Y,IPAddress,外部IP 地址,A,,IpAddressList/LocIpAddrList,RW,string(15),,,,TR系列规范(TR098/TR181)/NRM数据配置要求,,,
CMCC_LTE_V2.1,LTE V2.1.xlsx,SL,12,parameter,WAN口配置参数管理,Device.IP.Interface.{i}.IPv4Address.{i}.SubnetMask,Device,SubnetMask,Y,SubnetMask,WAN 接口的子网掩码,A,,IpAddressList,RW,string,,,,TR系列规范(TR098/TR181)/NRM数据配置要求,,,
CMCC_TD_LTE_V2.3,中国移动TD-LTE皮站_飞站基站设备网络管理南向接口数据配置模型规范V2.3.xlsx,SL,9,parameter,WAN口配置参数管理,InternetGatewayDevice.Ethernet.Interface.{i}.DuplexMode,InternetGatewayDevice,DuplexMode,Y,DuplexMode,该连接使用的双工模式,A,,,RW,string,,,"""Half"",""Full"",""Auto""",TR系列规范(TR098/TR181)/NRM数据配置要求,,V2.2和NR侧的SO页保持一致，即可以支持配置vlan\ipv12等,
CMCC_TD_LTE_V2.3,中国移动TD-LTE皮站_飞站基站设备网络管理南向接口数据配置模型规范V2.3.xlsx,SL,2,parameter,WAN口配置参数管理,InternetGatewayDevice.Ethernet.Interface.{i}.Enable,InternetGatewayDevice,Enable,Y,Enable,启用或禁用该接口,A,AS,AdministrativeState,RW,boolean,,,"(false:0,true:1)",TR系列规范(TR098/TR181),,,
CMCC_TD_LTE_V2.3,中国移动TD-LTE皮站_飞站基站设备网络管理南向接口数据配置模型规范V2.3.xlsx,SL,14,parameter,WAN口配置参数管理,InternetGatewayDevice.Ethernet.Interface.{i}.IPv4Address.{i}.AddressingType,InternetGatewayDevice,AddressingType,Y,AddressingType,外部IP 地址方法,A,,,RW,string,,,"""DHCP"",""Static""",TR系列规范(TR098/TR181)/NRM数据配置要求,,V2.2和NR侧的SO页保持一致，即可以支持配置vlan\ipv17等,
CMCC_TD_LTE_V2.3,中国移动TD-LTE皮站_飞站基站设备网络管理南向接口数据配置模型规范V2.3.xlsx,SL,12,parameter,WAN口配置参数管理,InternetGatewayDevice.Ethernet.Interface.{i}.IPv4Address.{i}.DefaultGateway,InternetGatewayDevice,DefaultGateway,Y,DefaultGateway,WAN 接口的默认网关,A,,,RW,string(15),,,,TR系列规范(TR098/TR181)/NRM数据配置要求,,V2.2和NR侧的SO页保持一致，即可以支持配置vlan\ipv15等,
CMCC_TD_LTE_V2.3,中国移动TD-LTE皮站_飞站基站设备网络管理南向接口数据配置模型规范V2.3.xlsx,SL,11,parameter,WAN口配置参数管理,InternetGatewayDevice.Ethernet.Interface.{i}.IPv4Address.{i}.IPAddress,InternetGatewayDevice,IPAddress,Y,IPAddress,IP 地址,A,AS,IpAddressList/LocIpAddrList,RW,string(15),,,,TR系列规范(TR098/TR181)/NRM数据配置要求,,V2.2和NR侧的SO页保持一致，即可以支持配置vlan\ipv14等,
CMCC_TD_LTE_V2.3,中国移动TD-LTE皮站_飞站基站设备网络管理南向接口数据配置模型规范V2.3.xlsx,SL,15,parameter,WAN口配置参数管理,InternetGatewayDevice.Ethernet.Interface.{i}.IPv4Address.{i}.PortType,InternetGatewayDevice,PortType,Y,PortType,端口类型,A,AS,PortType,RW,string,,,"（Ng, Xn, Ng/Xn, S1, X2, S1/X2, F1, E1, OAM,IR,other）",NRM数据配置要求,描述对应IPv4地址的作用,V2.2和NR侧的SO页保持一致，即可以支持配置vlan\ipv17等,
CMCC_TD_LTE_V2.3,中国移动TD-LTE皮站_飞站基站设备网络管理南向接口数据配置模型规范V2.3.xlsx,SL,13,parameter,WAN口配置参数管理,InternetGatewayDevice.Ethernet.Interface.{i}.IPv4Address.{i}.SubnetMask,InternetGatewayDevice,SubnetMask,Y,SubnetMask,WAN 接口的子网掩码,A,,,RW,string,,,,TR系列规范(TR098/TR181)/NRM数据配置要求,,V2.2和NR侧的SO页保持一致，即可以支持配置vlan\ipv16等,
CMCC_TD_LTE_V2.3,中国移动TD-LTE皮站_飞站基站设备网络管理南向接口数据配置模型规范V2.3.xlsx,SL,20,parameter,WAN口配置参数管理,InternetGatewayDevice.Ethernet.Interface.{i}.IPv6Address.{i}.DefaultGateway,InternetGatewayDevice,DefaultGateway,Y,DefaultGateway,WAN 接口的默认网关,A,,,RW,string(64),,,,TR系列规范(TR098/TR181)/NRM数据配置要求,,V2.2和NR侧的SO页保持一致，即可以支持配置vlan\ipv17等,
CMCC_TD_LTE_V2.3,中国移动TD-LTE皮站_飞站基站设备网络管理南向接口数据配置模型规范V2.3.xlsx,SL,16,parameter,WAN口配置参数管理,InternetGatewayDevice.Ethernet.Interface.{i}.IPv6Address.{i}.IPAddress,InternetGatewayDevice,IPAddress,Y,IPAddress,IPv6 地址,A,AS,IpAddressList/LocIpv6AddrList,RW,string(64),,,,TR系列规范(TR098/TR181)/NRM数据配置要求,,V2.2和NR侧的SO页保持一致，即可以支持配置vlan\ipv17等,
CMCC_TD_LTE_V2.3,中国移动TD-LTE皮站_飞站基站设备网络管理南向接口数据配置模型规范V2.3.xlsx,SL,18,parameter,WAN口配置参数管理,InternetGatewayDevice.Ethernet.Interface.{i}.IPv6Address.{i}.Origin,InternetGatewayDevice,Origin,Y,Origin,外部IP 来源,A,,,RW,string,,,"""DHCPv6"",""Static""",TR系列规范(TR098/TR181)/NRM数据配置要求,,V2.2和NR侧的SO页保持一致，即可以支持配置vlan\ipv17等,
CMCC_TD_LTE_V2.3,中国移动TD-LTE皮站_飞站基站设备网络管理南向接口数据配置模型规范V2.3.xlsx,SL,19,parameter,WAN口配置参数管理,InternetGatewayDevice.Ethernet.Interface.{i}.IPv6Address.{i}.PortType,InternetGatewayDevice,PortType,Y,PortType,端口类型,A,AS,PortType,RW,string,,,"（Ng, Xn, Ng/Xn, S1, X2, S1/X2, F1, E1, OAM,other）",NRM数据配置要求,描述对应IP地址的作用,V2.2和NR侧的SO页保持一致，即可以支持配置vlan\ipv17等,
CMCC_TD_LTE_V2.3,中国移动TD-LTE皮站_飞站基站设备网络管理南向接口数据配置模型规范V2.3.xlsx,SL,17,parameter,WAN口配置参数管理,InternetGatewayDevice.Ethernet.Interface.{i}.IPv6Address.{i}.PrefixLength,InternetGatewayDevice,PrefixLength,Y,PrefixLength,前缀长度,A,,,RW,unsignedInt[1:128],,,,,,V2.2和NR侧的SO页保持一致，即可以支持配置vlan\ipv17等,
CMCC_TD_LTE_V2.3,中国移动TD-LTE皮站_飞站基站设备网络管理南向接口数据配置模型规范V2.3.xlsx,SL,6,parameter,WAN口配置参数管理,InternetGatewayDevice.Ethernet.Interface.{i}.MACAddress,InternetGatewayDevice,MACAddress,Y,MACAddress,接口的物理地址,A,,,R,string(17),,,,TR系列规范(TR098/TR181)//NRM数据配置要求,,V2.2和NR侧的SO页保持一致，即可以支持配置vlan\ipv9等,
CMCC_TD_LTE_V2.3,中国移动TD-LTE皮站_飞站基站设备网络管理南向接口数据配置模型规范V2.3.xlsx,SL,7,parameter,WAN口配置参数管理,InternetGatewayDevice.Ethernet.Interface.{i}.MaxBitRate,InternetGatewayDevice,MaxBitRate,Y,MaxBitRate,该连接可用的最大速率模式,A,AS,PortRate,RW,string,,,"""10"",""100"",""1000"",""Auto"",""10000"",""100000""",TR系列规范(TR098/TR181)/NRM数据配置要求,,V2.2和NR侧的SO页保持一致，即可以支持配置vlan\ipv10等,
CMCC_TD_LTE_V2.3,中国移动TD-LTE皮站_飞站基站设备网络管理南向接口数据配置模型规范V2.3.xlsx,SL,4,parameter,WAN口配置参数管理,InternetGatewayDevice.Ethernet.Interface.{i}.Name,InternetGatewayDevice,Name,Y,Name,端口名称,A,,,R,string,,,端口名称,,,V2.2和NR侧的SO页保持一致，即可以支持配置vlan\ipv7等,
CMCC_TD_LTE_V2.3,中国移动TD-LTE皮站_飞站基站设备网络管理南向接口数据配置模型规范V2.3.xlsx,SL,10,parameter,WAN口配置参数管理,InternetGatewayDevice.Ethernet.Interface.{i}.PortLocation,InternetGatewayDevice,PortLocation,Y,PortLocation,端口位置,B,AS,PortLocation,R,string,,,由MU的实例号、Slot板卡的实例号、端口号，例如，MU实例1的Slot2的端口3表示为“1.2+3”，在没有Slot作为传输板时，上例表示为“1+3”,,,V2.2和NR侧的SO页保持一致，即可以支持配置vlan\ipv13等,
CMCC_TD_LTE_V2.3,中国移动TD-LTE皮站_飞站基站设备网络管理南向接口数据配置模型规范V2.3.xlsx,SL,8,parameter,WAN口配置参数管理,InternetGatewayDevice.Ethernet.Interface.{i}.SignTransMedia,InternetGatewayDevice,SignTransMedia,Y,SignTransMedia,信号传送介质类型,A,AS,SignTransMedia,R,string,,,"{Optic,Electric,Auto},Auto表示自适应",,,V2.2和NR侧的SO页保持一致，即可以支持配置vlan\ipv11等,
CMCC_TD_LTE_V2.3,中国移动TD-LTE皮站_飞站基站设备网络管理南向接口数据配置模型规范V2.3.xlsx,SL,5,parameter,WAN口配置参数管理,InternetGatewayDevice.Ethernet.Interface.{i}.Status,InternetGatewayDevice,Status,Y,Status,表明接口的状态,A,,,R,string,,,"""Up"",""NoLink"",""Error"",""Disabled""",TR系列规范(TR098/TR181),,V2.2和NR侧的SO页保持一致，即可以支持配置vlan\ipv8等,
CMCC_TD_LTE_V2.3,中国移动TD-LTE皮站_飞站基站设备网络管理南向接口数据配置模型规范V2.3.xlsx,SL,3,parameter,WAN口配置参数管理,InternetGatewayDevice.Ethernet.Interface.{i}.UserLabel,InternetGatewayDevice,UserLabel,Y,UserLabel,用户友好名,A,AA,UserLabel,RW,string,,,字段必须与OMC系统内配置资源名称保持一致。且要求UserLabel与告警、性能数据中同一资源对象使用的网元用户友好名保持一致，即用户有好名在OMC内部以及北向接口交互过程中全局唯一。OMC系统内配置资源命名建议参考《中国移动网络资源命名规范-无线分册》，基站命名要求。默认不填写为空字符串,,,V2.2和NR侧的SO页保持一致，即可以支持配置vlan\ipv6等,
CMCC_LTE_V2.1,LTE V2.1.xlsx,SL,13,parameter,WAN口配置参数管理,InternetGatewayDevice.WANDevice.{i}.WANConnectionDevice.{i}.WANIPConnection.{i}.AddressingType,InternetGatewayDevice,AddressingType,Y,AddressingType,外部IP 地址方法,A,,,RW,string,,,"""DHCP"",""Static""",TR系列规范(TR098/TR181)/NRM数据配置要求,,,
CMCC_LTE_V2.1,LTE V2.1.xlsx,SL,11,parameter,WAN口配置参数管理,InternetGatewayDevice.WANDevice.{i}.WANConnectionDevice.{i}.WANIPConnection.{i}.DefaultGateway,InternetGatewayDevice,DefaultGateway,Y,DefaultGateway,WAN 接口的默认网关,A,,,RW,string(15),,,,TR系列规范(TR098/TR181)/NRM数据配置要求,,,
CMCC_LTE_V2.1,LTE V2.1.xlsx,SL,10,parameter,WAN口配置参数管理,InternetGatewayDevice.WANDevice.{i}.WANConnectionDevice.{i}.WANIPConnection.{i}.ExternalIPAddress,InternetGatewayDevice,ExternalIPAddress,Y,IPAddress,外部IP 地址,A,,IpAddressList/LocIpAddrList,RW,string(15),,,,TR系列规范(TR098/TR181)/NRM数据配置要求,,,
CMCC_LTE_V2.1,LTE V2.1.xlsx,SL,14,parameter,WAN口配置参数管理,InternetGatewayDevice.WANDevice.{i}.WANConnectionDevice.{i}.WANIPConnection.{i}.PortType,InternetGatewayDevice,PortType,Y,PortType,端口类型,A,,PortType,R,string,,,"（S1, X2, S1/X2, other）",NRM数据配置要求,,,
CMCC_LTE_V2.1,LTE V2.1.xlsx,SL,12,parameter,WAN口配置参数管理,InternetGatewayDevice.WANDevice.{i}.WANConnectionDevice.{i}.WANIPConnection.{i}.SubnetMask,InternetGatewayDevice,SubnetMask,Y,SubnetMask,WAN 接口的子网掩码,A,,IpAddressList,RW,string,,,,TR系列规范(TR098/TR181)/NRM数据配置要求,,,
CMCC_LTE_V2.1,LTE V2.1.xlsx,SL,8,parameter,WAN口配置参数管理,InternetGatewayDevice.WANDevice.{i}.WANEthernetInterfaceConfig.DuplexMode,InternetGatewayDevice,DuplexMode,Y,DuplexMode,该连接使用的双工模式,A,,,RW,string,,,"""Half"",""Full"",""Auto""",TR系列规范(TR098/TR181)/NRM数据配置要求,,,
CMCC_LTE_V2.1,LTE V2.1.xlsx,SL,3,parameter,WAN口配置参数管理,InternetGatewayDevice.WANDevice.{i}.WANEthernetInterfaceConfig.Enable,InternetGatewayDevice,Enable,Y,Enable,启用或禁用该接,A,AO、AY,,RW,boolean,,,"(0,1)",TR系列规范(TR098/TR181),,,
CMCC_LTE_V2.1,LTE V2.1.xlsx,SL,5,parameter,WAN口配置参数管理,InternetGatewayDevice.WANDevice.{i}.WANEthernetInterfaceConfig.MACAddress,InternetGatewayDevice,MACAddress,Y,MACAddress,接口的物理地址,A,,MacAddress,R,string(17),,,,TR系列规范(TR098/TR181)//NRM数据配置要求,,,
CMCC_LTE_V2.1,LTE V2.1.xlsx,SL,6,parameter,WAN口配置参数管理,InternetGatewayDevice.WANDevice.{i}.WANEthernetInterfaceConfig.MaxBitRate,InternetGatewayDevice,MaxBitRate,Y,MaxBitRate,该连接可用的最大速率模式,A,,PortRate,RW,string,,,"""10"",""100"",""1000"",""Auto""",TR系列规范(TR098/TR181)/NRM数据配置要求,,,
CMCC_LTE_V2.1,LTE V2.1.xlsx,SL,9,parameter,WAN口配置参数管理,InternetGatewayDevice.WANDevice.{i}.WANEthernetInterfaceConfig.PortLocation,InternetGatewayDevice,PortLocation,Y,PortLocation,端口位置,B,AO,PortLocation,R,string,,,由MU的实例号、端口号组成，例如，MU实例1的端口3表示为“1+3”,技术规范_NanoCell eNB网元统计数据需求规范-NRM(V2.9.0),,,
CMCC_LTE_V2.1,LTE V2.1.xlsx,SL,7,parameter,WAN口配置参数管理,InternetGatewayDevice.WANDevice.{i}.WANEthernetInterfaceConfig.SignTransMedia,InternetGatewayDevice,SignTransMedia,Y,SignTransMedia,信号传送介质类型,A,,SignTransMedia,R,string,,,,,,,
CMCC_LTE_V2.1,LTE V2.1.xlsx,SL,4,parameter,WAN口配置参数管理,InternetGatewayDevice.WANDevice.{i}.WANEthernetInterfaceConfig.Status,InternetGatewayDevice,Status,Y,Status,表明接口的状态,A,,,R,string,,,"""Up"",""NoLink"",""Error"",""Disabled""",TR系列规范(TR098/TR181),,,
CMCC_LTE_V2.1,LTE V2.1.xlsx,SL,2,parameter,WAN口配置参数管理,InternetGatewayDevice.WANDevice.{i}.WANEthernetInterfaceConfig.UserLabel,InternetGatewayDevice,UserLabel,Y,UserLabel,用户友好名,A,AO,UserLabel,RW,string,,,字段必须与OMC系统内配置资源名称保持一致。且要求UserLabel与告警、性能数据中同一资源对象使用的网元用户友好名保持一致，即用户有好名在OMC内部以及北向接口交互过程中全局唯一。OMC系统内配置资源命名建议参考《中国移动网络资源命名规范-无线分册》，基站命名要求。默认不填写为空字符串,技术规范_NanoCell eNB网元统计数据需求规范-NRM(V2.9.0),,,
CMCC_5G_EXT_PICO_V1.9.4,中国移动5G扩展型皮基站网管南向接口数据模型规范v1.9.4.xlsx,ST,51,parameter,X2口采集配置策略,Device.FAP.SCMgmt.Config.{i}.X2AllEnable,Device,X2AllEnable,Y,X2AllEnable,X2口软采开启所有信令消息,A,,,RW,boolean,,,"X2口所有信令都采集的策略，仅标识采集配置策略，不标识采集开启。(0=false,1=true)。",信令软采设备规范-Small Cell NR分册,,,
CMCC_5G_EXT_PICO_V1.9.4,中国移动5G扩展型皮基站网管南向接口数据模型规范v1.9.4.xlsx,ST,84,parameter,X2口采集配置策略,Device.FAP.SCMgmt.Config.{i}.X2E-UTRA-NRCELLRESOURCECOORDINATIONREQUESTEnable,Device,X2E-UTRA-NRCELLRESOURCECOORDINATIONREQUESTEnable,Y,X2E-UTRA-NRCELLRESOURCECOORDINATIONREQUESTEnable,X2E-UTRA-NRCELLRESOURCECOORDINATIONREQUEST信令软采开关,A,,,RW,boolean,,,"X2口E-UTRA-NRCELLRESOURCECOORDINATIONREQUEST信令采集的策略，仅标识采集配置策略，不标识采集开启。(0=false,1=true)。",信令软采设备规范-Small Cell NR分册,,,
CMCC_5G_EXT_PICO_V1.9.4,中国移动5G扩展型皮基站网管南向接口数据模型规范v1.9.4.xlsx,ST,85,parameter,X2口采集配置策略,Device.FAP.SCMgmt.Config.{i}.X2E-UTRA-NRCELLRESOURCECOORDINATIONRESPONSEEnable,Device,X2E-UTRA-NRCELLRESOURCECOORDINATIONRESPONSEEnable,Y,X2E-UTRA-NRCELLRESOURCECOORDINATIONRESPONSEEnable,X2E-UTRA-NRCELLRESOURCECOORDINATIONRESPONSE信令软采开关,A,,,RW,boolean,,,"X2口E-UTRA-NRCELLRESOURCECOORDINATIONRESPONSE信令采集的策略，仅标识采集配置策略，不标识采集开启。(0=false,1=true)。",信令软采设备规范-Small Cell NR分册,,,
CMCC_5G_EXT_PICO_V1.9.4,中国移动5G扩展型皮基站网管南向接口数据模型规范v1.9.4.xlsx,ST,60,parameter,X2口采集配置策略,Device.FAP.SCMgmt.Config.{i}.X2EN-DCCELLACTIVATIONFAILUREEnable,Device,X2EN-DCCELLACTIVATIONFAILUREEnable,Y,X2EN-DCCELLACTIVATIONFAILUREEnable,X2EN-DCCELLACTIVATIONFAILURE信令软采开关,A,,,RW,boolean,,,"X2口EN-DCCELLACTIVATIONFAILURE信令采集的策略，仅标识采集配置策略，不标识采集开启。(0=false,1=true)。",信令软采设备规范-Small Cell NR分册,,,
CMCC_5G_EXT_PICO_V1.9.4,中国移动5G扩展型皮基站网管南向接口数据模型规范v1.9.4.xlsx,ST,58,parameter,X2口采集配置策略,Device.FAP.SCMgmt.Config.{i}.X2EN-DCCELLACTIVATIONREQUESTEnable,Device,X2EN-DCCELLACTIVATIONREQUESTEnable,Y,X2EN-DCCELLACTIVATIONREQUESTEnable,X2EN-DCCELLACTIVATIONREQUEST信令软采开关,A,,,RW,boolean,,,"X2口EN-DCCELLACTIVATIONREQUEST信令采集的策略，仅标识采集配置策略，不标识采集开启。(0=false,1=true)。",信令软采设备规范-Small Cell NR分册,,,
CMCC_5G_EXT_PICO_V1.9.4,中国移动5G扩展型皮基站网管南向接口数据模型规范v1.9.4.xlsx,ST,59,parameter,X2口采集配置策略,Device.FAP.SCMgmt.Config.{i}.X2EN-DCCELLACTIVATIONRESPONSEEnable,Device,X2EN-DCCELLACTIVATIONRESPONSEEnable,Y,X2EN-DCCELLACTIVATIONRESPONSEEnable,X2EN-DCCELLACTIVATIONRESPONSE信令软采开关,A,,,RW,boolean,,,"X2口EN-DCCELLACTIVATIONRESPONSE信令采集的策略，仅标识采集配置策略，不标识采集开启。(0=false,1=true)。",信令软采设备规范-Small Cell NR分册,,,
CMCC_5G_EXT_PICO_V1.9.4,中国移动5G扩展型皮基站网管南向接口数据模型规范v1.9.4.xlsx,ST,56,parameter,X2口采集配置策略,Device.FAP.SCMgmt.Config.{i}.X2EN-DCCONFIGURATIONUPDATEACKNOWLEDGEEnable,Device,X2EN-DCCONFIGURATIONUPDATEACKNOWLEDGEEnable,Y,X2EN-DCCONFIGURATIONUPDATEACKNOWLEDGEEnable,X2EN-DCCONFIGURATIONUPDATEACKNOWLEDGE信令软采开关,A,,,RW,boolean,,,"X2口EN-DCCONFIGURATIONUPDATEACKNOWLEDGE信令采集的策略，仅标识采集配置策略，不标识采集开启。(0=false,1=true)。",信令软采设备规范-Small Cell NR分册,,,
CMCC_5G_EXT_PICO_V1.9.4,中国移动5G扩展型皮基站网管南向接口数据模型规范v1.9.4.xlsx,ST,55,parameter,X2口采集配置策略,Device.FAP.SCMgmt.Config.{i}.X2EN-DCCONFIGURATIONUPDATEEnable,Device,X2EN-DCCONFIGURATIONUPDATEEnable,Y,X2EN-DCCONFIGURATIONUPDATEEnable,X2EN-DCCONFIGURATIONUPDATE信令软采开关,A,,,RW,boolean,,,"X2口EN-DCCONFIGURATIONUPDATE信令采集的策略，仅标识采集配置策略，不标识采集开启。(0=false,1=true)。",信令软采设备规范-Small Cell NR分册,,,
CMCC_5G_EXT_PICO_V1.9.4,中国移动5G扩展型皮基站网管南向接口数据模型规范v1.9.4.xlsx,ST,57,parameter,X2口采集配置策略,Device.FAP.SCMgmt.Config.{i}.X2EN-DCCONFIGURATIONUPDATEFAILUREEnable,Device,X2EN-DCCONFIGURATIONUPDATEFAILUREEnable,Y,X2EN-DCCONFIGURATIONUPDATEFAILUREEnable,X2EN-DCCONFIGURATIONUPDATEFAILURE信令软采开关,A,,,RW,boolean,,,"X2口EN-DCCONFIGURATIONUPDATEFAILURE信令采集的策略，仅标识采集配置策略，不标识采集开启。(0=false,1=true)。",信令软采设备规范-Small Cell NR分册,,,
CMCC_5G_EXT_PICO_V1.9.4,中国移动5G扩展型皮基站网管南向接口数据模型规范v1.9.4.xlsx,ST,54,parameter,X2口采集配置策略,Device.FAP.SCMgmt.Config.{i}.X2EN-DCX2SETUPFAILUREEnable,Device,X2EN-DCX2SETUPFAILUREEnable,Y,X2EN-DCX2SETUPFAILUREEnable,X2EN-DCX2SETUPFAILURE信令软采开关,A,,,RW,boolean,,,"X2口EN-DCX2SETUPFAILURE信令采集的策略，仅标识采集配置策略，不标识采集开启。(0=false,1=true)。",信令软采设备规范-Small Cell NR分册,,,
CMCC_5G_EXT_PICO_V1.9.4,中国移动5G扩展型皮基站网管南向接口数据模型规范v1.9.4.xlsx,ST,52,parameter,X2口采集配置策略,Device.FAP.SCMgmt.Config.{i}.X2EN-DCX2SETUPREQUESTEnable,Device,X2EN-DCX2SETUPREQUESTEnable,Y,X2EN-DCX2SETUPREQUESTEnable,X2EN-DCX2SETUPREQUEST信令软采开关,A,,,RW,boolean,,,"X2口EN-DCX2SETUPREQUEST信令采集的策略，仅标识采集配置策略，不标识采集开启。(0=false,1=true)。",信令软采设备规范-Small Cell NR分册,,,
CMCC_5G_EXT_PICO_V1.9.4,中国移动5G扩展型皮基站网管南向接口数据模型规范v1.9.4.xlsx,ST,53,parameter,X2口采集配置策略,Device.FAP.SCMgmt.Config.{i}.X2EN-DCX2SETUPRESPONSEEnable,Device,X2EN-DCX2SETUPRESPONSEEnable,Y,X2EN-DCX2SETUPRESPONSEEnable,X2EN-DCX2SETUPRESPONSE信令软采开关,A,,,RW,boolean,,,"X2口EN-DCX2SETUPRESPONSE信令采集的策略，仅标识采集配置策略，不标识采集开启。(0=false,1=true)。",信令软采设备规范-Small Cell NR分册,,,
CMCC_5G_EXT_PICO_V1.9.4,中国移动5G扩展型皮基站网管南向接口数据模型规范v1.9.4.xlsx,ST,50,parameter,X2口采集配置策略,Device.FAP.SCMgmt.Config.{i}.X2Enable,Device,X2Enable,Y,X2Enable,X2口软采开关,A,,,RW,boolean,,,"开启或关闭SmallCell基站上传X2口软采数据到指定服务器的能力，(0=false,1=true)。",信令软采设备规范-Small Cell NR分册,,,
CMCC_5G_EXT_PICO_V1.9.4,中国移动5G扩展型皮基站网管南向接口数据模型规范v1.9.4.xlsx,ST,83,parameter,X2口采集配置策略,Device.FAP.SCMgmt.Config.{i}.X2PARTIALRESETCONFIRMEnable,Device,X2PARTIALRESETCONFIRMEnable,Y,X2PARTIALRESETCONFIRMEnable,X2PARTIALRESETCONFIRM信令软采开关,A,,,RW,boolean,,,"X2口PARTIALRESETCONFIRM信令采集的策略，仅标识采集配置策略，不标识采集开启。(0=false,1=true)。",信令软采设备规范-Small Cell NR分册,,,
CMCC_5G_EXT_PICO_V1.9.4,中国移动5G扩展型皮基站网管南向接口数据模型规范v1.9.4.xlsx,ST,82,parameter,X2口采集配置策略,Device.FAP.SCMgmt.Config.{i}.X2PARTIALRESETREQUIREDEnable,Device,X2PARTIALRESETREQUIREDEnable,Y,X2PARTIALRESETREQUIREDEnable,X2PARTIALRESETREQUIRED信令软采开关,A,,,RW,boolean,,,"X2口PARTIALRESETREQUIRED信令采集的策略，仅标识采集配置策略，不标识采集开启。(0=false,1=true)。",信令软采设备规范-Small Cell NR分册,,,
CMCC_5G_EXT_PICO_V1.9.4,中国移动5G扩展型皮基站网管南向接口数据模型规范v1.9.4.xlsx,ST,80,parameter,X2口采集配置策略,Device.FAP.SCMgmt.Config.{i}.X2RRCTRANSFEREnable,Device,X2RRCTRANSFEREnable,Y,X2RRCTRANSFEREnable,X2RRCTRANSFER信令软采开关,A,,,RW,boolean,,,"X2口RRCTRANSFER信令采集的策略，仅标识采集配置策略，不标识采集开启。(0=false,1=true)。",信令软采设备规范-Small Cell NR分册,,,
CMCC_5G_EXT_PICO_V1.9.4,中国移动5G扩展型皮基站网管南向接口数据模型规范v1.9.4.xlsx,ST,81,parameter,X2口采集配置策略,Device.FAP.SCMgmt.Config.{i}.X2SECONDARYRATDATAUSAGEREPORTEnable,Device,X2SECONDARYRATDATAUSAGEREPORTEnable,Y,X2SECONDARYRATDATAUSAGEREPORTEnable,X2SECONDARYRATDATAUSAGEREPORT信令软采开关,A,,,RW,boolean,,,"X2口SECONDARYRATDATAUSAGEREPORT信令采集的策略，仅标识采集配置策略，不标识采集开启。(0=false,1=true)。",信令软采设备规范-Small Cell NR分册,,,
CMCC_5G_EXT_PICO_V1.9.4,中国移动5G扩展型皮基站网管南向接口数据模型规范v1.9.4.xlsx,ST,86,parameter,X2口采集配置策略,Device.FAP.SCMgmt.Config.{i}.X2SGNBACTIVITYNOTIFICATIONEnable,Device,X2SGNBACTIVITYNOTIFICATIONEnable,Y,X2SGNBACTIVITYNOTIFICATIONEnable,X2SGNBACTIVITYNOTIFICATION信令软采开关,A,,,RW,boolean,,,"X2口SGNBACTIVITYNOTIFICATIONEnable信令采集的策略，仅标识采集配置策略，不标识采集开启。(0=false,1=true)。",信令软采设备规范-Small Cell NR分册,,,
CMCC_5G_EXT_PICO_V1.9.4,中国移动5G扩展型皮基站网管南向接口数据模型规范v1.9.4.xlsx,ST,62,parameter,X2口采集配置策略,Device.FAP.SCMgmt.Config.{i}.X2SGNBADDITIONREQUESTACKNOWLEDGEEnable,Device,X2SGNBADDITIONREQUESTACKNOWLEDGEEnable,Y,X2SGNBADDITIONREQUESTACKNOWLEDGEEnable,X2SGNBADDITIONREQUESTACKNOWLEDGE信令软采开关,A,,,RW,boolean,,,"X2口SGNBADDITIONREQUESTACKNOWLEDGE信令采集的策略，仅标识采集配置策略，不标识采集开启。(0=false,1=true)。",信令软采设备规范-Small Cell NR分册,,,
CMCC_5G_EXT_PICO_V1.9.4,中国移动5G扩展型皮基站网管南向接口数据模型规范v1.9.4.xlsx,ST,61,parameter,X2口采集配置策略,Device.FAP.SCMgmt.Config.{i}.X2SGNBADDITIONREQUESTEnable,Device,X2SGNBADDITIONREQUESTEnable,Y,X2SGNBADDITIONREQUESTEnable,X2SGNBADDITIONREQUEST信令软采开关,A,,,RW,boolean,,,"X2口SGNBADDITIONREQUEST信令采集的策略，仅标识采集配置策略，不标识采集开启。(0=false,1=true)。",信令软采设备规范-Small Cell NR分册,,,
CMCC_5G_EXT_PICO_V1.9.4,中国移动5G扩展型皮基站网管南向接口数据模型规范v1.9.4.xlsx,ST,63,parameter,X2口采集配置策略,Device.FAP.SCMgmt.Config.{i}.X2SGNBADDITIONREQUESTREJECTEnable,Device,X2SGNBADDITIONREQUESTREJECTEnable,Y,X2SGNBADDITIONREQUESTREJECTEnable,X2SGNBADDITIONREQUESTREJECT信令软采开关,A,,,RW,boolean,,,"X2口SGNBADDITIONREQUESTREJECT信令采集的策略，仅标识采集配置策略，不标识采集开启。(0=false,1=true)。",信令软采设备规范-Small Cell NR分册,,,
CMCC_5G_EXT_PICO_V1.9.4,中国移动5G扩展型皮基站网管南向接口数据模型规范v1.9.4.xlsx,ST,72,parameter,X2口采集配置策略,Device.FAP.SCMgmt.Config.{i}.X2SGNBCHANGECONFIRMEnable,Device,X2SGNBCHANGECONFIRMEnable,Y,X2SGNBCHANGECONFIRMEnable,X2SGNBCHANGECONFIRM信令软采开关,A,,,RW,boolean,,,"X2口SGNBCHANGECONFIRM信令采集的策略，仅标识采集配置策略，不标识采集开启。(0=false,1=true)。",信令软采设备规范-Small Cell NR分册,,,
CMCC_5G_EXT_PICO_V1.9.4,中国移动5G扩展型皮基站网管南向接口数据模型规范v1.9.4.xlsx,ST,73,parameter,X2口采集配置策略,Device.FAP.SCMgmt.Config.{i}.X2SGNBCHANGEREFUSEEnable,Device,X2SGNBCHANGEREFUSEEnable,Y,X2SGNBCHANGEREFUSEEnable,X2SGNBCHANGEREFUSE信令软采开关,A,,,RW,boolean,,,"X2口SGNBCHANGEREFUSE信令采集的策略，仅标识采集配置策略，不标识采集开启。(0=false,1=true)。",信令软采设备规范-Small Cell NR分册,,,
CMCC_5G_EXT_PICO_V1.9.4,中国移动5G扩展型皮基站网管南向接口数据模型规范v1.9.4.xlsx,ST,71,parameter,X2口采集配置策略,Device.FAP.SCMgmt.Config.{i}.X2SGNBCHANGEREQUIREDEnable,Device,X2SGNBCHANGEREQUIREDEnable,Y,X2SGNBCHANGEREQUIREDEnable,X2SGNBCHANGEREQUIRED信令软采开关,A,,,RW,boolean,,,"X2口SGNBCHANGEREQUIRED信令采集的策略，仅标识采集配置策略，不标识采集开启。(0=false,1=true)。",信令软采设备规范-Small Cell NR分册,,,
CMCC_5G_EXT_PICO_V1.9.4,中国移动5G扩展型皮基站网管南向接口数据模型规范v1.9.4.xlsx,ST,79,parameter,X2口采集配置策略,Device.FAP.SCMgmt.Config.{i}.X2SGNBCOUNTERCHECKREQUESTEnable,Device,X2SGNBCOUNTERCHECKREQUESTEnable,Y,X2SGNBCOUNTERCHECKREQUESTEnable,X2SGNBCOUNTERCHECKREQUEST信令软采开关,A,,,RW,boolean,,,"X2口SGNBCOUNTERCHECKREQUEST信令采集的策略，仅标识采集配置策略，不标识采集开启。(0=false,1=true)。",信令软采设备规范-Small Cell NR分册,,,
CMCC_5G_EXT_PICO_V1.9.4,中国移动5G扩展型皮基站网管南向接口数据模型规范v1.9.4.xlsx,ST,69,parameter,X2口采集配置策略,Device.FAP.SCMgmt.Config.{i}.X2SGNBMODIFICATIONCONFIRMEnable,Device,X2SGNBMODIFICATIONCONFIRMEnable,Y,X2SGNBMODIFICATIONCONFIRMEnable,X2SGNBMODIFICATIONCONFIRM信令软采开关,A,,,RW,boolean,,,"X2口SGNBMODIFICATIONCONFIRM信令采集的策略，仅标识采集配置策略，不标识采集开启。(0=false,1=true)。",信令软采设备规范-Small Cell NR分册,,,
CMCC_5G_EXT_PICO_V1.9.4,中国移动5G扩展型皮基站网管南向接口数据模型规范v1.9.4.xlsx,ST,70,parameter,X2口采集配置策略,Device.FAP.SCMgmt.Config.{i}.X2SGNBMODIFICATIONREFUSEEnable,Device,X2SGNBMODIFICATIONREFUSEEnable,Y,X2SGNBMODIFICATIONREFUSEEnable,X2SGNBMODIFICATIONREFUSE信令软采开关,A,,,RW,boolean,,,"X2口SGNBMODIFICATIONREFUSE信令采集的策略，仅标识采集配置策略，不标识采集开启。(0=false,1=true)。",信令软采设备规范-Small Cell NR分册,,,
CMCC_5G_EXT_PICO_V1.9.4,中国移动5G扩展型皮基站网管南向接口数据模型规范v1.9.4.xlsx,ST,66,parameter,X2口采集配置策略,Device.FAP.SCMgmt.Config.{i}.X2SGNBMODIFICATIONREQUESTACKNOWLEDGEEnable,Device,X2SGNBMODIFICATIONREQUESTACKNOWLEDGEEnable,Y,X2SGNBMODIFICATIONREQUESTACKNOWLEDGEEnable,X2SGNBMODIFICATIONREQUESTACKNOWLEDGE信令软采开关,A,,,RW,boolean,,,"X2口SGNBMODIFICATIONREQUESTACKNOWLEDGE信令采集的策略，仅标识采集配置策略，不标识采集开启。(0=false,1=true)。",信令软采设备规范-Small Cell NR分册,,,
CMCC_5G_EXT_PICO_V1.9.4,中国移动5G扩展型皮基站网管南向接口数据模型规范v1.9.4.xlsx,ST,65,parameter,X2口采集配置策略,Device.FAP.SCMgmt.Config.{i}.X2SGNBMODIFICATIONREQUESTEnable,Device,X2SGNBMODIFICATIONREQUESTEnable,Y,X2SGNBMODIFICATIONREQUESTEnable,X2SGNBMODIFICATIONREQUEST信令软采开关,A,,,RW,boolean,,,"X2口SGNBMODIFICATIONREQUEST信令采集的策略，仅标识采集配置策略，不标识采集开启。(0=false,1=true)。",信令软采设备规范-Small Cell NR分册,,,
CMCC_5G_EXT_PICO_V1.9.4,中国移动5G扩展型皮基站网管南向接口数据模型规范v1.9.4.xlsx,ST,67,parameter,X2口采集配置策略,Device.FAP.SCMgmt.Config.{i}.X2SGNBMODIFICATIONREQUESTREJECTEnable,Device,X2SGNBMODIFICATIONREQUESTREJECTEnable,Y,X2SGNBMODIFICATIONREQUESTREJECTEnable,X2SGNBMODIFICATIONREQUESTREJECT信令软采开关,A,,,RW,boolean,,,"X2口SGNBMODIFICATIONREQUESTREJECT信令采集的策略，仅标识采集配置策略，不标识采集开启。(0=false,1=true)。",信令软采设备规范-Small Cell NR分册,,,
CMCC_5G_EXT_PICO_V1.9.4,中国移动5G扩展型皮基站网管南向接口数据模型规范v1.9.4.xlsx,ST,68,parameter,X2口采集配置策略,Device.FAP.SCMgmt.Config.{i}.X2SGNBMODIFICATIONREQUIREDEnable,Device,X2SGNBMODIFICATIONREQUIREDEnable,Y,X2SGNBMODIFICATIONREQUIREDEnable,X2SGNBMODIFICATIONREQUIRED信令软采开关,A,,,RW,boolean,,,"X2口SGNBMODIFICATIONREQUIRED信令采集的策略，仅标识采集配置策略，不标识采集开启。(0=false,1=true)。",信令软采设备规范-Small Cell NR分册,,,
CMCC_5G_EXT_PICO_V1.9.4,中国移动5G扩展型皮基站网管南向接口数据模型规范v1.9.4.xlsx,ST,64,parameter,X2口采集配置策略,Device.FAP.SCMgmt.Config.{i}.X2SGNBRECONFIGURATIONCOMPLETEEnable,Device,X2SGNBRECONFIGURATIONCOMPLETEEnable,Y,X2SGNBRECONFIGURATIONCOMPLETEEnable,X2SGNBRECONFIGURATIONCOMPLETE信令软采开关,A,,,RW,boolean,,,"X2口SGNBRECONFIGURATIONCOMPLETE信令采集的策略，仅标识采集配置策略，不标识采集开启。(0=false,1=true)。",信令软采设备规范-Small Cell NR分册,,,
CMCC_5G_EXT_PICO_V1.9.4,中国移动5G扩展型皮基站网管南向接口数据模型规范v1.9.4.xlsx,ST,78,parameter,X2口采集配置策略,Device.FAP.SCMgmt.Config.{i}.X2SGNBRELEASECONFIRMEnable,Device,X2SGNBRELEASECONFIRMEnable,Y,X2SGNBRELEASECONFIRMEnable,X2SGNBRELEASECONFIRM信令软采开关,A,,,RW,boolean,,,"X2口SGNBRELEASECONFIRM信令采集的策略，仅标识采集配置策略，不标识采集开启。(0=false,1=true)。",信令软采设备规范-Small Cell NR分册,,,
CMCC_5G_EXT_PICO_V1.9.4,中国移动5G扩展型皮基站网管南向接口数据模型规范v1.9.4.xlsx,ST,75,parameter,X2口采集配置策略,Device.FAP.SCMgmt.Config.{i}.X2SGNBRELEASEREQUESTACKNOWLEDGEEnable,Device,X2SGNBRELEASEREQUESTACKNOWLEDGEEnable,Y,X2SGNBRELEASEREQUESTACKNOWLEDGEEnable,X2SGNBRELEASEREQUESTACKNOWLEDGE信令软采开关,A,,,RW,boolean,,,"X2口SGNBRELEASEREQUESTACKNOWLEDGE信令采集的策略，仅标识采集配置策略，不标识采集开启。(0=false,1=true)。",信令软采设备规范-Small Cell NR分册,,,
CMCC_5G_EXT_PICO_V1.9.4,中国移动5G扩展型皮基站网管南向接口数据模型规范v1.9.4.xlsx,ST,74,parameter,X2口采集配置策略,Device.FAP.SCMgmt.Config.{i}.X2SGNBRELEASEREQUESTEnable,Device,X2SGNBRELEASEREQUESTEnable,Y,X2SGNBRELEASEREQUESTEnable,X2SGNBRELEASEREQUEST信令软采开关,A,,,RW,boolean,,,"X2口SGNBRELEASEREQUEST信令采集的策略，仅标识采集配置策略，不标识采集开启。(0=false,1=true)。",信令软采设备规范-Small Cell NR分册,,,
CMCC_5G_EXT_PICO_V1.9.4,中国移动5G扩展型皮基站网管南向接口数据模型规范v1.9.4.xlsx,ST,76,parameter,X2口采集配置策略,Device.FAP.SCMgmt.Config.{i}.X2SGNBRELEASEREQUESTREJECTEnable,Device,X2SGNBRELEASEREQUESTREJECTEnable,Y,X2SGNBRELEASEREQUESTREJECTEnable,X2SGNBRELEASEREQUESTREJECT信令软采开关,A,,,RW,boolean,,,"X2口SGNBRELEASEREQUESTREJECT信令采集的策略，仅标识采集配置策略，不标识采集开启。(0=false,1=true)。",信令软采设备规范-Small Cell NR分册,,,
CMCC_5G_EXT_PICO_V1.9.4,中国移动5G扩展型皮基站网管南向接口数据模型规范v1.9.4.xlsx,ST,77,parameter,X2口采集配置策略,Device.FAP.SCMgmt.Config.{i}.X2SGNBRELEASEREQUIREDEnable,Device,X2SGNBRELEASEREQUIREDEnable,Y,X2SGNBRELEASEREQUIREDEnable,X2SGNBRELEASEREQUIRED信令软采开关,A,,,RW,boolean,,,"X2口SGNBRELEASEREQUIRED信令采集的策略，仅标识采集配置策略，不标识采集开启。(0=false,1=true)。",信令软采设备规范-Small Cell NR分册,,,
CMCC_TD_LTE_V2.3,中国移动TD-LTE皮站_飞站基站设备网络管理南向接口数据配置模型规范V2.3.xlsx,SF,24,parameter,X2连接地址,Device.Services.FAPControl.X2IpAddrMapInfo.{i}.EnbId,Device,EnbId,Y,EnbId,eNBID,A,,,RW,unsignedInt,,,,,,,
CMCC_TD_LTE_V2.3,中国移动TD-LTE皮站_飞站基站设备网络管理南向接口数据配置模型规范V2.3.xlsx,SF,23,parameter,X2连接地址,Device.Services.FAPControl.X2IpAddrMapInfo.{i}.EnbType,Device,EnbType,Y,EnbType,基站类型,A,,,RW,unsignedInt,,,,,,,
CMCC_TD_LTE_V2.3,中国移动TD-LTE皮站_飞站基站设备网络管理南向接口数据配置模型规范V2.3.xlsx,SF,22,parameter,X2连接地址,Device.Services.FAPControl.X2IpAddrMapInfo.{i}.PLMNID,Device,PLMNID,Y,PLMNIDList,X2PLMN标识,A,AG,,RW,string(64),,,,自定义,修正参数类型为string(64),V2.2“X2连接地址”代表一个连接的对端基站，一般一个基站会包含多个小区，每个小区可能会包含多个PLMNID，修改PLMNID为PLMNIDList，北向目前支持PLMN数为6个，每个PLMN占6个字符，预留1个字符，共需要（6+1）*6个字符，修正参数类型为string(64),
CMCC_TD_LTE_V2.3,中国移动TD-LTE皮站_飞站基站设备网络管理南向接口数据配置模型规范V2.3.xlsx,SF,26,parameter,X2连接地址,Device.Services.FAPControl.X2IpAddrMapInfo.{i}.SubnetMask,Device,SubnetMask,Y,SubnetMask,子网掩码,A,,X2IpAddressList,RW,string(64),,,,NRM数据配置要求,增加子网掩码用于配置X2连接地址,,
CMCC_TD_LTE_V2.3,中国移动TD-LTE皮站_飞站基站设备网络管理南向接口数据配置模型规范V2.3.xlsx,SF,25,parameter,X2连接地址,Device.Services.FAPControl.X2IpAddrMapInfo.{i}.WanIpAddress,Device,WanIpAddress,Y,WanIpAddress,WAN口IP,A,,X2IpAddressList,RW,string(64),,,,NRM数据配置要求,,,
CMCC_LTE_V2.1,LTE V2.1.xlsx,SF,24,parameter,X2连接地址,Device.Services.FAPService.{i}.FAPControl.X2IpAddrMapInfo.{i}.EnbId,Device,EnbId,Y,EnbId,eNBID,A,,,RW,unsignedInt,,,,,,,
CMCC_LTE_V2.1,LTE V2.1.xlsx,SF,23,parameter,X2连接地址,Device.Services.FAPService.{i}.FAPControl.X2IpAddrMapInfo.{i}.EnbType,Device,EnbType,Y,EnbType,基站类型,A,,,RW,unsignedInt,,,,,,,
CMCC_LTE_V2.1,LTE V2.1.xlsx,SF,22,parameter,X2连接地址,Device.Services.FAPService.{i}.FAPControl.X2IpAddrMapInfo.{i}.PLMNID,Device,PLMNID,Y,PLMNID,PLMNID,A,AG,,RW,string(6),,,,自定义,修正参数类型为string(6),,
CMCC_LTE_V2.1,LTE V2.1.xlsx,SF,26,parameter,X2连接地址,Device.Services.FAPService.{i}.FAPControl.X2IpAddrMapInfo.{i}.SubnetMask,Device,SubnetMask,Y,SubnetMask,子网掩码,A,,X2IpAddressList,RW,string(64),,,,NRM数据配置要求,增加子网掩码用于配置X2连接地址,,
CMCC_LTE_V2.1,LTE V2.1.xlsx,SF,25,parameter,X2连接地址,Device.Services.FAPService.{i}.FAPControl.X2IpAddrMapInfo.{i}.WanIpAddress,Device,WanIpAddress,Y,WanIpAddress,WAN口IP,A,,X2IpAddressList,RW,string(64),,,,NRM数据配置要求,,,
CMCC_TD_LTE_V2.3,中国移动TD-LTE皮站_飞站基站设备网络管理南向接口数据配置模型规范V2.3.xlsx,SF,24,parameter,X2连接地址,InternetGatewayDevice.Services.FAPControl.X2IpAddrMapInfo.{i}.EnbId,InternetGatewayDevice,EnbId,Y,EnbId,eNBID,A,,,RW,unsignedInt,,,,,,,
CMCC_TD_LTE_V2.3,中国移动TD-LTE皮站_飞站基站设备网络管理南向接口数据配置模型规范V2.3.xlsx,SF,23,parameter,X2连接地址,InternetGatewayDevice.Services.FAPControl.X2IpAddrMapInfo.{i}.EnbType,InternetGatewayDevice,EnbType,Y,EnbType,基站类型,A,,,RW,unsignedInt,,,,,,,
CMCC_TD_LTE_V2.3,中国移动TD-LTE皮站_飞站基站设备网络管理南向接口数据配置模型规范V2.3.xlsx,SF,22,parameter,X2连接地址,InternetGatewayDevice.Services.FAPControl.X2IpAddrMapInfo.{i}.PLMNIDList,InternetGatewayDevice,PLMNIDList,Y,PLMNIDList,X2PLMN标识,A,AG,,RW,string(64),,,,自定义,修正参数类型为string(64),V2.2“X2连接地址”代表一个连接的对端基站，一般一个基站会包含多个小区，每个小区可能会包含多个PLMNID，修改PLMNID为PLMNIDList，北向目前支持PLMN数为6个，每个PLMN占6个字符，预留1个字符，共需要（6+1）*6个字符，修正参数类型为string(64),
CMCC_TD_LTE_V2.3,中国移动TD-LTE皮站_飞站基站设备网络管理南向接口数据配置模型规范V2.3.xlsx,SF,26,parameter,X2连接地址,InternetGatewayDevice.Services.FAPControl.X2IpAddrMapInfo.{i}.SubnetMask,InternetGatewayDevice,SubnetMask,Y,SubnetMask,子网掩码,A,,X2IpAddressList,RW,string(64),,,,NRM数据配置要求,增加子网掩码用于配置X2连接地址,,
CMCC_TD_LTE_V2.3,中国移动TD-LTE皮站_飞站基站设备网络管理南向接口数据配置模型规范V2.3.xlsx,SF,25,parameter,X2连接地址,InternetGatewayDevice.Services.FAPControl.X2IpAddrMapInfo.{i}.WanIpAddress,InternetGatewayDevice,WanIpAddress,Y,WanIpAddress,WAN口IP,A,,X2IpAddressList,RW,string(64),,,,NRM数据配置要求,,,
CMCC_LTE_V2.1,LTE V2.1.xlsx,SF,24,parameter,X2连接地址,InternetGatewayDevice.Services.FAPService.{i}.FAPControl.X2IpAddrMapInfo.{i}.EnbId,InternetGatewayDevice,EnbId,Y,EnbId,eNBID,A,,,RW,unsignedInt,,,,,,,
CMCC_LTE_V2.1,LTE V2.1.xlsx,SF,23,parameter,X2连接地址,InternetGatewayDevice.Services.FAPService.{i}.FAPControl.X2IpAddrMapInfo.{i}.EnbType,InternetGatewayDevice,EnbType,Y,EnbType,基站类型,A,,,RW,unsignedInt,,,,,,,
CMCC_LTE_V2.1,LTE V2.1.xlsx,SF,22,parameter,X2连接地址,InternetGatewayDevice.Services.FAPService.{i}.FAPControl.X2IpAddrMapInfo.{i}.PLMNID,InternetGatewayDevice,PLMNID,Y,PLMNID,PLMNID,A,AG,,RW,string(6),,,,自定义,修正参数类型为string(6),,
CMCC_LTE_V2.1,LTE V2.1.xlsx,SF,26,parameter,X2连接地址,InternetGatewayDevice.Services.FAPService.{i}.FAPControl.X2IpAddrMapInfo.{i}.SubnetMask,InternetGatewayDevice,SubnetMask,Y,SubnetMask,子网掩码,A,,X2IpAddressList,RW,string(64),,,,NRM数据配置要求,增加子网掩码用于配置X2连接地址,,
CMCC_LTE_V2.1,LTE V2.1.xlsx,SF,25,parameter,X2连接地址,InternetGatewayDevice.Services.FAPService.{i}.FAPControl.X2IpAddrMapInfo.{i}.WanIpAddress,InternetGatewayDevice,WanIpAddress,Y,WanIpAddress,WAN口IP,A,,X2IpAddressList,RW,string(64),,,,NRM数据配置要求,,,
CMCC_5G_EXT_PICO_V1.9.4,中国移动5G扩展型皮基站网管南向接口数据模型规范v1.9.4.xlsx,ST,121,parameter,Xn口采集配置策略,Device.FAP.SCMgmt.Config.{i}.XnACTIVITYNOTIFICATIONEnable,Device,XnACTIVITYNOTIFICATIONEnable,Y,XnACTIVITYNOTIFICATIONEnable,XnACTIVITYNOTIFICATION信令软采开关,A,,,RW,boolean,,,"Xn口ACTIVITYNOTIFICATION信令采集的策略，仅标识采集配置策略，不标识采集开启。(0=false,1=true)。",信令软采设备规范-Small Cell NR分册,,,
CMCC_5G_EXT_PICO_V1.9.4,中国移动5G扩展型皮基站网管南向接口数据模型规范v1.9.4.xlsx,ST,88,parameter,Xn口采集配置策略,Device.FAP.SCMgmt.Config.{i}.XnAllEnable,Device,XnAllEnable,Y,XnAllEnable,Xn口软采开启所有信令消息,A,,,RW,boolean,,,"Xn口所有信令都采集的策略，仅标识采集配置策略，不标识采集开启。(0=false,1=true)。",信令软采设备规范-Small Cell NR分册,,,
CMCC_5G_EXT_PICO_V1.9.4,中国移动5G扩展型皮基站网管南向接口数据模型规范v1.9.4.xlsx,ST,132,parameter,Xn口采集配置策略,Device.FAP.SCMgmt.Config.{i}.XnCELLACTIVATIONFAILUREEnable,Device,XnCELLACTIVATIONFAILUREEnable,Y,XnCELLACTIVATIONFAILUREEnable,XnCELLACTIVATIONFAILURE信令软采开关,A,,,RW,boolean,,,"Xn口CELLACTIVATIONFAILURE信令采集的策略，仅标识采集配置策略，不标识采集开启。(0=false,1=true)。",信令软采设备规范-Small Cell NR分册,,,
CMCC_5G_EXT_PICO_V1.9.4,中国移动5G扩展型皮基站网管南向接口数据模型规范v1.9.4.xlsx,ST,130,parameter,Xn口采集配置策略,Device.FAP.SCMgmt.Config.{i}.XnCELLACTIVATIONREQUESTEnable,Device,XnCELLACTIVATIONREQUESTEnable,Y,XnCELLACTIVATIONREQUESTEnable,XnCELLACTIVATIONREQUEST信令软采开关,A,,,RW,boolean,,,"Xn口CELLACTIVATIONREQUEST信令采集的策略，仅标识采集配置策略，不标识采集开启。(0=false,1=true)。",信令软采设备规范-Small Cell NR分册,,,
CMCC_5G_EXT_PICO_V1.9.4,中国移动5G扩展型皮基站网管南向接口数据模型规范v1.9.4.xlsx,ST,131,parameter,Xn口采集配置策略,Device.FAP.SCMgmt.Config.{i}.XnCELLACTIVATIONRESPONSEEnable,Device,XnCELLACTIVATIONRESPONSEEnable,Y,XnCELLACTIVATIONRESPONSEEnable,XnCELLACTIVATIONRESPONSE信令软采开关,A,,,RW,boolean,,,"Xn口CELLACTIVATIONRESPONSE信令采集的策略，仅标识采集配置策略，不标识采集开启。(0=false,1=true)。",信令软采设备规范-Small Cell NR分册,,,
CMCC_5G_EXT_PICO_V1.9.4,中国移动5G扩展型皮基站网管南向接口数据模型规范v1.9.4.xlsx,ST,122,parameter,Xn口采集配置策略,Device.FAP.SCMgmt.Config.{i}.XnE-UTRA-NRCELLRESOURCECOORDINATIONREQUESTEnable,Device,XnE-UTRA-NRCELLRESOURCECOORDINATIONREQUESTEnable,Y,XnE-UTRA-NRCELLRESOURCECOORDINATIONREQUESTEnable,XnE-UTRA-NRCELLRESOURCECOORDINATIONREQUEST信令软采开关,A,,,RW,boolean,,,"Xn口E-UTRA-NRCELLRESOURCECOORDINATIONREQUEST信令采集的策略，仅标识采集配置策略，不标识采集开启。(0=false,1=true)。",信令软采设备规范-Small Cell NR分册,,,
CMCC_5G_EXT_PICO_V1.9.4,中国移动5G扩展型皮基站网管南向接口数据模型规范v1.9.4.xlsx,ST,123,parameter,Xn口采集配置策略,Device.FAP.SCMgmt.Config.{i}.XnE-UTRA-NRCELLRESOURCECOORDINATIONRESPONSEEnable,Device,XnE-UTRA-NRCELLRESOURCECOORDINATIONRESPONSEEnable,Y,XnE-UTRA-NRCELLRESOURCECOORDINATIONRESPONSEEnable,XnE-UTRA-NRCELLRESOURCECOORDINATIONRESPONSE信令软采开关,A,,,RW,boolean,,,"Xn口E-UTRA-NRCELLRESOURCECOORDINATIONRESPONSE信令采集的策略，仅标识采集配置策略，不标识采集开启。(0=false,1=true)。",信令软采设备规范-Small Cell NR分册,,,
CMCC_5G_EXT_PICO_V1.9.4,中国移动5G扩展型皮基站网管南向接口数据模型规范v1.9.4.xlsx,ST,135,parameter,Xn口采集配置策略,Device.FAP.SCMgmt.Config.{i}.XnERRORINDICATIONEnable,Device,XnERRORINDICATIONEnable,Y,XnERRORINDICATIONEnable,XnERRORINDICATION信令软采开关,A,,,RW,boolean,,,"Xn口ERRORINDICATION信令采集的策略，仅标识采集配置策略，不标识采集开启。(0=false,1=true)。",信令软采设备规范-Small Cell NR分册,,,
CMCC_5G_EXT_PICO_V1.9.4,中国移动5G扩展型皮基站网管南向接口数据模型规范v1.9.4.xlsx,ST,87,parameter,Xn口采集配置策略,Device.FAP.SCMgmt.Config.{i}.XnEnable,Device,XnEnable,Y,XnEnable,Xn口软采开关,A,,,RW,boolean,,,"开启或关闭SmallCell基站上传Xn口软采数据到指定服务器的能力，(0=false,1=true)。",信令软采设备规范-Small Cell NR分册,,,
CMCC_5G_EXT_PICO_V1.9.4,中国移动5G扩展型皮基站网管南向接口数据模型规范v1.9.4.xlsx,ST,93,parameter,Xn口采集配置策略,Device.FAP.SCMgmt.Config.{i}.XnHANDOVERCANCELEnable,Device,XnHANDOVERCANCELEnable,Y,XnHANDOVERCANCELEnable,XnHANDOVERCANCEL信令软采开关,A,,,RW,boolean,,,"Xn口HANDOVERCANCEL信令采集的策略，仅标识采集配置策略，不标识采集开启。(0=false,1=true)。",信令软采设备规范-Small Cell NR分册,,,
CMCC_5G_EXT_PICO_V1.9.4,中国移动5G扩展型皮基站网管南向接口数据模型规范v1.9.4.xlsx,ST,91,parameter,Xn口采集配置策略,Device.FAP.SCMgmt.Config.{i}.XnHANDOVERPREPARATIONFAILUREEnable,Device,XnHANDOVERPREPARATIONFAILUREEnable,Y,XnHANDOVERPREPARATIONFAILUREEnable,XnHANDOVERPREPARATIONFAILURE信令软采开关,A,,,RW,boolean,,,"Xn口HANDOVERPREPARATIONFAILURE信令采集的策略，仅标识采集配置策略，不标识采集开启。(0=false,1=true)。",信令软采设备规范-Small Cell NR分册,,,
CMCC_5G_EXT_PICO_V1.9.4,中国移动5G扩展型皮基站网管南向接口数据模型规范v1.9.4.xlsx,ST,90,parameter,Xn口采集配置策略,Device.FAP.SCMgmt.Config.{i}.XnHANDOVERREQUESTACKNOWLEDGEEnable,Device,XnHANDOVERREQUESTACKNOWLEDGEEnable,Y,XnHANDOVERREQUESTACKNOWLEDGEEnable,XnHANDOVERREQUESTACKNOWLEDGE信令软采开关,A,,,RW,boolean,,,"Xn口HANDOVERREQUESTACKNOWLEDGE信令采集的策略，仅标识采集配置策略，不标识采集开启。(0=false,1=true)。",信令软采设备规范-Small Cell NR分册,,,
CMCC_5G_EXT_PICO_V1.9.4,中国移动5G扩展型皮基站网管南向接口数据模型规范v1.9.4.xlsx,ST,89,parameter,Xn口采集配置策略,Device.FAP.SCMgmt.Config.{i}.XnHANDOVERREQUESTEnable,Device,XnHANDOVERREQUESTEnable,Y,XnHANDOVERREQUESTEnable,XnHANDOVERREQUEST信令软采开关,A,,,RW,boolean,,,"Xn口HANDOVERREQUEST信令采集的策略，仅标识采集配置策略，不标识采集开启。(0=false,1=true)。",信令软采设备规范-Small Cell NR分册,,,
CMCC_5G_EXT_PICO_V1.9.4,中国移动5G扩展型皮基站网管南向接口数据模型规范v1.9.4.xlsx,ST,128,parameter,Xn口采集配置策略,Device.FAP.SCMgmt.Config.{i}.XnNG-RANNODECONFIGURATIONUPDATEACKNOWLEDGEEnable,Device,XnNG-RANNODECONFIGURATIONUPDATEACKNOWLEDGEEnable,Y,XnNG-RANNODECONFIGURATIONUPDATEACKNOWLEDGEEnable,XnNG-RANNODECONFIGURATIONUPDATEACKNOWLEDGE信令软采开关,A,,,RW,boolean,,,"Xn口NG-RANNODECONFIGURATIONUPDATEACKNOWLEDGE信令采集的策略，仅标识采集配置策略，不标识采集开启。(0=false,1=true)。",信令软采设备规范-Small Cell NR分册,,,
CMCC_5G_EXT_PICO_V1.9.4,中国移动5G扩展型皮基站网管南向接口数据模型规范v1.9.4.xlsx,ST,127,parameter,Xn口采集配置策略,Device.FAP.SCMgmt.Config.{i}.XnNG-RANNODECONFIGURATIONUPDATEEnable,Device,XnNG-RANNODECONFIGURATIONUPDATEEnable,Y,XnNG-RANNODECONFIGURATIONUPDATEEnable,XnNG-RANNODECONFIGURATIONUPDATE信令软采开关,A,,,RW,boolean,,,"Xn口NG-RANNODECONFIGURATIONUPDATE信令采集的策略，仅标识采集配置策略，不标识采集开启。(0=false,1=true)。",信令软采设备规范-Small Cell NR分册,,,
CMCC_5G_EXT_PICO_V1.9.4,中国移动5G扩展型皮基站网管南向接口数据模型规范v1.9.4.xlsx,ST,129,parameter,Xn口采集配置策略,Device.FAP.SCMgmt.Config.{i}.XnNG-RANNODECONFIGURATIONUPDATEFAILUREEnable,Device,XnNG-RANNODECONFIGURATIONUPDATEFAILUREEnable,Y,XnNG-RANNODECONFIGURATIONUPDATEFAILUREEnable,XnNG-RANNODECONFIGURATIONUPDATEFAILURE信令软采开关,A,,,RW,boolean,,,"Xn口NG-RANNODECONFIGURATIONUPDATEFAILURE信令采集的策略，仅标识采集配置策略，不标识采集开启。(0=false,1=true)。",信令软采设备规范-Small Cell NR分册,,,
CMCC_5G_EXT_PICO_V1.9.4,中国移动5G扩展型皮基站网管南向接口数据模型规范v1.9.4.xlsx,ST,120,parameter,Xn口采集配置策略,Device.FAP.SCMgmt.Config.{i}.XnNOTIFICATIONCONTROLINDICATIONEnable,Device,XnNOTIFICATIONCONTROLINDICATIONEnable,Y,XnNOTIFICATIONCONTROLINDICATIONEnable,XnNOTIFICATIONCONTROLINDICATION信令软采开关,A,,,RW,boolean,,,"Xn口NOTIFICATIONCONTROLINDICATION信令采集的策略，仅标识采集配置策略，不标识采集开启。(0=false,1=true)。",信令软采设备规范-Small Cell NR分册,,,
CMCC_5G_EXT_PICO_V1.9.4,中国移动5G扩展型皮基站网管南向接口数据模型规范v1.9.4.xlsx,ST,97,parameter,Xn口采集配置策略,Device.FAP.SCMgmt.Config.{i}.XnRANPAGINGEnable,Device,XnRANPAGINGEnable,Y,XnRANPAGINGEnable,XnRANPAGING信令软采开关,A,,,RW,boolean,,,"Xn口RANPAGING信令采集的策略，仅标识采集配置策略，不标识采集开启。(0=false,1=true)。",信令软采设备规范-Small Cell NR分册,,,
CMCC_5G_EXT_PICO_V1.9.4,中国移动5G扩展型皮基站网管南向接口数据模型规范v1.9.4.xlsx,ST,133,parameter,Xn口采集配置策略,Device.FAP.SCMgmt.Config.{i}.XnRESETREQUESTEnable,Device,XnRESETREQUESTEnable,Y,XnRESETREQUESTEnable,XnRESETREQUEST信令软采开关,A,,,RW,boolean,,,"Xn口RESETREQUEST信令采集的策略，仅标识采集配置策略，不标识采集开启。(0=false,1=true)。",信令软采设备规范-Small Cell NR分册,,,
CMCC_5G_EXT_PICO_V1.9.4,中国移动5G扩展型皮基站网管南向接口数据模型规范v1.9.4.xlsx,ST,134,parameter,Xn口采集配置策略,Device.FAP.SCMgmt.Config.{i}.XnRESETRESPONSEEnable,Device,XnRESETRESPONSEEnable,Y,XnRESETRESPONSEEnable,XnRESETRESPONSE信令软采开关,A,,,RW,boolean,,,"Xn口RESETRESPONSE信令采集的策略，仅标识采集配置策略，不标识采集开启。(0=false,1=true)。",信令软采设备规范-Small Cell NR分册,,,
CMCC_5G_EXT_PICO_V1.9.4,中国移动5G扩展型皮基站网管南向接口数据模型规范v1.9.4.xlsx,ST,96,parameter,Xn口采集配置策略,Device.FAP.SCMgmt.Config.{i}.XnRETRIEVEUECONTEXTFAILUREEnable,Device,XnRETRIEVEUECONTEXTFAILUREEnable,Y,XnRETRIEVEUECONTEXTFAILUREEnable,XnRETRIEVEUECONTEXTFAILURE信令软采开关,A,,,RW,boolean,,,"Xn口RETRIEVEUECONTEXTFAILURE信令采集的策略，仅标识采集配置策略，不标识采集开启。(0=false,1=true)。",信令软采设备规范-Small Cell NR分册,,,
CMCC_5G_EXT_PICO_V1.9.4,中国移动5G扩展型皮基站网管南向接口数据模型规范v1.9.4.xlsx,ST,94,parameter,Xn口采集配置策略,Device.FAP.SCMgmt.Config.{i}.XnRETRIEVEUECONTEXTREQUESTEnable,Device,XnRETRIEVEUECONTEXTREQUESTEnable,Y,XnRETRIEVEUECONTEXTREQUESTEnable,XnRETRIEVEUECONTEXTREQUEST信令软采开关,A,,,RW,boolean,,,"Xn口RETRIEVEUECONTEXTREQUEST信令采集的策略，仅标识采集配置策略，不标识采集开启。(0=false,1=true)。",信令软采设备规范-Small Cell NR分册,,,
CMCC_5G_EXT_PICO_V1.9.4,中国移动5G扩展型皮基站网管南向接口数据模型规范v1.9.4.xlsx,ST,95,parameter,Xn口采集配置策略,Device.FAP.SCMgmt.Config.{i}.XnRETRIEVEUECONTEXTRESPONSEEnable,Device,XnRETRIEVEUECONTEXTRESPONSEEnable,Y,XnRETRIEVEUECONTEXTRESPONSEEnable,XnRETRIEVEUECONTEXTRESPONSE信令软采开关,A,,,RW,boolean,,,"Xn口RETRIEVEUECONTEXTRESPONSE信令采集的策略，仅标识采集配置策略，不标识采集开启。(0=false,1=true)。",信令软采设备规范-Small Cell NR分册,,,
CMCC_5G_EXT_PICO_V1.9.4,中国移动5G扩展型皮基站网管南向接口数据模型规范v1.9.4.xlsx,ST,119,parameter,Xn口采集配置策略,Device.FAP.SCMgmt.Config.{i}.XnRRCTRANSFEREnable,Device,XnRRCTRANSFEREnable,Y,XnRRCTRANSFEREnable,XnRRCTRANSFER信令软采开关,A,,,RW,boolean,,,"Xn口RRCTRANSFER信令采集的策略，仅标识采集配置策略，不标识采集开启。(0=false,1=true)。",信令软采设备规范-Small Cell NR分册,,,
CMCC_5G_EXT_PICO_V1.9.4,中国移动5G扩展型皮基站网管南向接口数据模型规范v1.9.4.xlsx,ST,101,parameter,Xn口采集配置策略,Device.FAP.SCMgmt.Config.{i}.XnS-NODEADDITIONREQUESTACKNOWLEDGEEnable,Device,XnS-NODEADDITIONREQUESTACKNOWLEDGEEnable,Y,XnS-NODEADDITIONREQUESTACKNOWLEDGEEnable,XnS-NODEADDITIONREQUESTACKNOWLEDGE信令软采开关,A,,,RW,boolean,,,"Xn口S-NODEADDITIONREQUESTACKNOWLEDGE信令采集的策略，仅标识采集配置策略，不标识采集开启。(0=false,1=true)。",信令软采设备规范-Small Cell NR分册,,,
CMCC_5G_EXT_PICO_V1.9.4,中国移动5G扩展型皮基站网管南向接口数据模型规范v1.9.4.xlsx,ST,100,parameter,Xn口采集配置策略,Device.FAP.SCMgmt.Config.{i}.XnS-NODEADDITIONREQUESTEnable,Device,XnS-NODEADDITIONREQUESTEnable,Y,XnS-NODEADDITIONREQUESTEnable,XnS-NODEADDITIONREQUEST信令软采开关,A,,,RW,boolean,,,"Xn口S-NODEADDITIONREQUEST信令采集的策略，仅标识采集配置策略，不标识采集开启。(0=false,1=true)。",信令软采设备规范-Small Cell NR分册,,,
CMCC_5G_EXT_PICO_V1.9.4,中国移动5G扩展型皮基站网管南向接口数据模型规范v1.9.4.xlsx,ST,102,parameter,Xn口采集配置策略,Device.FAP.SCMgmt.Config.{i}.XnS-NODEADDITIONREQUESTREJECTEnable,Device,XnS-NODEADDITIONREQUESTREJECTEnable,Y,XnS-NODEADDITIONREQUESTREJECTEnable,XnS-NODEADDITIONREQUESTREJECT信令软采开关,A,,,RW,boolean,,,"Xn口S-NODEADDITIONREQUESTREJECT信令采集的策略，仅标识采集配置策略，不标识采集开启。(0=false,1=true)。",信令软采设备规范-Small Cell NR分册,,,
CMCC_5G_EXT_PICO_V1.9.4,中国移动5G扩展型皮基站网管南向接口数据模型规范v1.9.4.xlsx,ST,111,parameter,Xn口采集配置策略,Device.FAP.SCMgmt.Config.{i}.XnS-NODECHANGECONFIRMEnable,Device,XnS-NODECHANGECONFIRMEnable,Y,XnS-NODECHANGECONFIRMEnable,XnS-NODECHANGECONFIRM信令软采开关,A,,,RW,boolean,,,"Xn口S-NODECHANGECONFIRM信令采集的策略，仅标识采集配置策略，不标识采集开启。(0=false,1=true)。",信令软采设备规范-Small Cell NR分册,,,
CMCC_5G_EXT_PICO_V1.9.4,中国移动5G扩展型皮基站网管南向接口数据模型规范v1.9.4.xlsx,ST,112,parameter,Xn口采集配置策略,Device.FAP.SCMgmt.Config.{i}.XnS-NODECHANGEREFUSEEnable,Device,XnS-NODECHANGEREFUSEEnable,Y,XnS-NODECHANGEREFUSEEnable,XnS-NODECHANGEREFUSE信令软采开关,A,,,RW,boolean,,,"Xn口S-NODECHANGEREFUSE信令采集的策略，仅标识采集配置策略，不标识采集开启。(0=false,1=true)。",信令软采设备规范-Small Cell NR分册,,,
CMCC_5G_EXT_PICO_V1.9.4,中国移动5G扩展型皮基站网管南向接口数据模型规范v1.9.4.xlsx,ST,110,parameter,Xn口采集配置策略,Device.FAP.SCMgmt.Config.{i}.XnS-NODECHANGEREQUIREDEnable,Device,XnS-NODECHANGEREQUIREDEnable,Y,XnS-NODECHANGEREQUIREDEnable,XnS-NODECHANGEREQUIRED信令软采开关,A,,,RW,boolean,,,"Xn口S-NODECHANGEREQUIRED信令采集的策略，仅标识采集配置策略，不标识采集开启。(0=false,1=true)。",信令软采设备规范-Small Cell NR分册,,,
CMCC_5G_EXT_PICO_V1.9.4,中国移动5G扩展型皮基站网管南向接口数据模型规范v1.9.4.xlsx,ST,118,parameter,Xn口采集配置策略,Device.FAP.SCMgmt.Config.{i}.XnS-NODECOUNTERCHECKREQUESTEnable,Device,XnS-NODECOUNTERCHECKREQUESTEnable,Y,XnS-NODECOUNTERCHECKREQUESTEnable,XnS-NODECOUNTERCHECKREQUEST信令软采开关,A,,,RW,boolean,,,"Xn口S-NODECOUNTERCHECKREQUEST信令采集的策略，仅标识采集配置策略，不标识采集开启。(0=false,1=true)。",信令软采设备规范-Small Cell NR分册,,,
CMCC_5G_EXT_PICO_V1.9.4,中国移动5G扩展型皮基站网管南向接口数据模型规范v1.9.4.xlsx,ST,108,parameter,Xn口采集配置策略,Device.FAP.SCMgmt.Config.{i}.XnS-NODEMODIFICATIONCONFIRMEnable,Device,XnS-NODEMODIFICATIONCONFIRMEnable,Y,XnS-NODEMODIFICATIONCONFIRMEnable,XnS-NODEMODIFICATIONCONFIRM信令软采开关,A,,,RW,boolean,,,"Xn口S-NODEMODIFICATIONCONFIRM信令采集的策略，仅标识采集配置策略，不标识采集开启。(0=false,1=true)。",信令软采设备规范-Small Cell NR分册,,,
CMCC_5G_EXT_PICO_V1.9.4,中国移动5G扩展型皮基站网管南向接口数据模型规范v1.9.4.xlsx,ST,109,parameter,Xn口采集配置策略,Device.FAP.SCMgmt.Config.{i}.XnS-NODEMODIFICATIONREFUSEEnable,Device,XnS-NODEMODIFICATIONREFUSEEnable,Y,XnS-NODEMODIFICATIONREFUSEEnable,XnS-NODEMODIFICATIONREFUSE信令软采开关,A,,,RW,boolean,,,"Xn口S-NODEMODIFICATIONREFUSE信令采集的策略，仅标识采集配置策略，不标识采集开启。(0=false,1=true)。",信令软采设备规范-Small Cell NR分册,,,
CMCC_5G_EXT_PICO_V1.9.4,中国移动5G扩展型皮基站网管南向接口数据模型规范v1.9.4.xlsx,ST,105,parameter,Xn口采集配置策略,Device.FAP.SCMgmt.Config.{i}.XnS-NODEMODIFICATIONREQUESTACKNOWLEDGEEnable,Device,XnS-NODEMODIFICATIONREQUESTACKNOWLEDGEEnable,Y,XnS-NODEMODIFICATIONREQUESTACKNOWLEDGEEnable,XnS-NODEMODIFICATIONREQUESTACKNOWLEDGEEnableE信令软采开关,A,,,RW,boolean,,,"Xn口XnS-NODEMODIFICATIONREQUESTACKNOWLEDGEEnable信令采集的策略，仅标识采集配置策略，不标识采集开启。(0=false,1=true)。",信令软采设备规范-Small Cell NR分册,,,
CMCC_5G_EXT_PICO_V1.9.4,中国移动5G扩展型皮基站网管南向接口数据模型规范v1.9.4.xlsx,ST,104,parameter,Xn口采集配置策略,Device.FAP.SCMgmt.Config.{i}.XnS-NODEMODIFICATIONREQUESTEnable,Device,XnS-NODEMODIFICATIONREQUESTEnable,Y,XnS-NODEMODIFICATIONREQUESTEnable,XnS-NODEMODIFICATIONREQUEST信令软采开关,A,,,RW,boolean,,,"Xn口S-NODEMODIFICATIONREQUEST信令采集的策略，仅标识采集配置策略，不标识采集开启。(0=false,1=true)。",信令软采设备规范-Small Cell NR分册,,,
CMCC_5G_EXT_PICO_V1.9.4,中国移动5G扩展型皮基站网管南向接口数据模型规范v1.9.4.xlsx,ST,106,parameter,Xn口采集配置策略,Device.FAP.SCMgmt.Config.{i}.XnS-NODEMODIFICATIONREQUESTREJECTEnable,Device,XnS-NODEMODIFICATIONREQUESTREJECTEnable,Y,XnS-NODEMODIFICATIONREQUESTREJECTEnable,XnS-NODEMODIFICATIONREQUESTREJECT信令软采开关,A,,,RW,boolean,,,"Xn口S-NODEMODIFICATIONREQUESTREJECT信令采集的策略，仅标识采集配置策略，不标识采集开启。(0=false,1=true)。",信令软采设备规范-Small Cell NR分册,,,
CMCC_5G_EXT_PICO_V1.9.4,中国移动5G扩展型皮基站网管南向接口数据模型规范v1.9.4.xlsx,ST,107,parameter,Xn口采集配置策略,Device.FAP.SCMgmt.Config.{i}.XnS-NODEMODIFICATIONREQUIREDEnable,Device,XnS-NODEMODIFICATIONREQUIREDEnable,Y,XnS-NODEMODIFICATIONREQUIREDEnable,XnS-NODEMODIFICATIONREQUIRED信令软采开关,A,,,RW,boolean,,,"Xn口S-NODEMODIFICATIONREQUIRED信令采集的策略，仅标识采集配置策略，不标识采集开启。(0=false,1=true)。",信令软采设备规范-Small Cell NR分册,,,
CMCC_5G_EXT_PICO_V1.9.4,中国移动5G扩展型皮基站网管南向接口数据模型规范v1.9.4.xlsx,ST,117,parameter,Xn口采集配置策略,Device.FAP.SCMgmt.Config.{i}.XnS-NODERELEASECONFIRMEnable,Device,XnS-NODERELEASECONFIRMEnable,Y,XnS-NODERELEASECONFIRMEnable,XnS-NODERELEASECONFIRM信令软采开关,A,,,RW,boolean,,,"Xn口S-NODERELEASECONFIRM信令采集的策略，仅标识采集配置策略，不标识采集开启。(0=false,1=true)。",信令软采设备规范-Small Cell NR分册,,,
CMCC_5G_EXT_PICO_V1.9.4,中国移动5G扩展型皮基站网管南向接口数据模型规范v1.9.4.xlsx,ST,115,parameter,Xn口采集配置策略,Device.FAP.SCMgmt.Config.{i}.XnS-NODERELEASEREJECTEnable,Device,XnS-NODERELEASEREJECTEnable,Y,XnS-NODERELEASEREJECTEnable,XnS-NODERELEASEREJECT信令软采开关,A,,,RW,boolean,,,"Xn口S-NODERELEASEREJECT信令采集的策略，仅标识采集配置策略，不标识采集开启。(0=false,1=true)。",信令软采设备规范-Small Cell NR分册,,,
CMCC_5G_EXT_PICO_V1.9.4,中国移动5G扩展型皮基站网管南向接口数据模型规范v1.9.4.xlsx,ST,114,parameter,Xn口采集配置策略,Device.FAP.SCMgmt.Config.{i}.XnS-NODERELEASEREQUESTACKNOWLEDGEEnable,Device,XnS-NODERELEASEREQUESTACKNOWLEDGEEnable,Y,XnS-NODERELEASEREQUESTACKNOWLEDGEEnable,XnS-NODERELEASEREQUESTACKNOWLEDGE信令软采开关,A,,,RW,boolean,,,"Xn口S-NODERELEASEREQUESTACKNOWLEDGE信令采集的策略，仅标识采集配置策略，不标识采集开启。(0=false,1=true)。",信令软采设备规范-Small Cell NR分册,,,
CMCC_5G_EXT_PICO_V1.9.4,中国移动5G扩展型皮基站网管南向接口数据模型规范v1.9.4.xlsx,ST,113,parameter,Xn口采集配置策略,Device.FAP.SCMgmt.Config.{i}.XnS-NODERELEASEREQUESTEnable,Device,XnS-NODERELEASEREQUESTEnable,Y,XnS-NODERELEASEREQUESTEnable,XnS-NODERELEASEREQUEST信令软采开关,A,,,RW,boolean,,,"Xn口S-NODERELEASEREQUEST信令采集的策略，仅标识采集配置策略，不标识采集开启。(0=false,1=true)。",信令软采设备规范-Small Cell NR分册,,,
CMCC_5G_EXT_PICO_V1.9.4,中国移动5G扩展型皮基站网管南向接口数据模型规范v1.9.4.xlsx,ST,116,parameter,Xn口采集配置策略,Device.FAP.SCMgmt.Config.{i}.XnS-NODERELEASEREQUIREDEnable,Device,XnS-NODERELEASEREQUIREDEnable,Y,XnS-NODERELEASEREQUIREDEnable,XnS-NODERELEASEREQUIRED信令软采开关,A,,,RW,boolean,,,"Xn口S-NODERELEASEREQUIRED信令采集的策略，仅标识采集配置策略，不标识采集开启。(0=false,1=true)。",信令软采设备规范-Small Cell NR分册,,,
CMCC_5G_EXT_PICO_V1.9.4,中国移动5G扩展型皮基站网管南向接口数据模型规范v1.9.4.xlsx,ST,103,parameter,Xn口采集配置策略,Device.FAP.SCMgmt.Config.{i}.XnSENBRECONFIGURATIONCOMPLETEEnable,Device,XnSENBRECONFIGURATIONCOMPLETEEnable,Y,XnSENBRECONFIGURATIONCOMPLETEEnable,XnSENBRECONFIGURATIONCOMPLETE信令软采开关,A,,,RW,boolean,,,"Xn口SENBRECONFIGURATIONCOMPLETE信令采集的策略，仅标识采集配置策略，不标识采集开启。(0=false,1=true)。",信令软采设备规范-Small Cell NR分册,,,
CMCC_5G_EXT_PICO_V1.9.4,中国移动5G扩展型皮基站网管南向接口数据模型规范v1.9.4.xlsx,ST,92,parameter,Xn口采集配置策略,Device.FAP.SCMgmt.Config.{i}.XnSNSTATUSTRANSFEREnable,Device,XnSNSTATUSTRANSFEREnable,Y,XnSNSTATUSTRANSFEREnable,XnSNSTATUSTRANSFER信令软采开关,A,,,RW,boolean,,,"Xn口SNSTATUSTRANSFER信令采集的策略，仅标识采集配置策略，不标识采集开启。(0=false,1=true)。",信令软采设备规范-Small Cell NR分册,,,
CMCC_5G_EXT_PICO_V1.9.4,中国移动5G扩展型皮基站网管南向接口数据模型规范v1.9.4.xlsx,ST,98,parameter,Xn口采集配置策略,Device.FAP.SCMgmt.Config.{i}.XnUADDRESSINDICATIONEnable,Device,XnUADDRESSINDICATIONEnable,Y,XnUADDRESSINDICATIONEnable,XnUADDRESSINDICATIONEnable信令软采开关,A,,,RW,boolean,,,"Xn口UADDRESSINDICATIONEnable信令采集的策略，仅标识采集配置策略，不标识采集开启。(0=false,1=true)。",信令软采设备规范-Small Cell NR分册,,,
CMCC_5G_EXT_PICO_V1.9.4,中国移动5G扩展型皮基站网管南向接口数据模型规范v1.9.4.xlsx,ST,99,parameter,Xn口采集配置策略,Device.FAP.SCMgmt.Config.{i}.XnUEContextReleaseEnable,Device,XnUEContextReleaseEnable,Y,XnUEContextReleaseEnable,XnUEContextRelease信令软采开关,A,,,RW,boolean,,,"Xn口UEContextRelease信令采集的策略，仅标识采集配置策略，不标识采集开启。(0=false,1=true)。",信令软采设备规范-Small Cell NR分册,,,
CMCC_5G_EXT_PICO_V1.9.4,中国移动5G扩展型皮基站网管南向接口数据模型规范v1.9.4.xlsx,ST,138,parameter,Xn口采集配置策略,Device.FAP.SCMgmt.Config.{i}.XnXNREMOVALFAILUREEnable,Device,XnXNREMOVALFAILUREEnable,Y,XnXNREMOVALFAILUREEnable,XnXNREMOVALFAILURE信令软采开关,A,,,RW,boolean,,,"Xn口XNREMOVALFAILURE信令采集的策略，仅标识采集配置策略，不标识采集开启。(0=false,1=true)。",信令软采设备规范-Small Cell NR分册,,,
CMCC_5G_EXT_PICO_V1.9.4,中国移动5G扩展型皮基站网管南向接口数据模型规范v1.9.4.xlsx,ST,136,parameter,Xn口采集配置策略,Device.FAP.SCMgmt.Config.{i}.XnXNREMOVALREQUESTEnable,Device,XnXNREMOVALREQUESTEnable,Y,XnXNREMOVALREQUESTEnable,XnXNREMOVALREQUEST信令软采开关,A,,,RW,boolean,,,"Xn口XNREMOVALREQUEST信令采集的策略，仅标识采集配置策略，不标识采集开启。(0=false,1=true)。",信令软采设备规范-Small Cell NR分册,,,
CMCC_5G_EXT_PICO_V1.9.4,中国移动5G扩展型皮基站网管南向接口数据模型规范v1.9.4.xlsx,ST,137,parameter,Xn口采集配置策略,Device.FAP.SCMgmt.Config.{i}.XnXNREMOVALRESPONSEEnable,Device,XnXNREMOVALRESPONSEEnable,Y,XnXNREMOVALRESPONSEEnable,XnXNREMOVALRESPONSE信令软采开关,A,,,RW,boolean,,,"Xn口XNREMOVALRESPONSE信令采集的策略，仅标识采集配置策略，不标识采集开启。(0=false,1=true)。",信令软采设备规范-Small Cell NR分册,,,
CMCC_5G_EXT_PICO_V1.9.4,中国移动5G扩展型皮基站网管南向接口数据模型规范v1.9.4.xlsx,ST,126,parameter,Xn口采集配置策略,Device.FAP.SCMgmt.Config.{i}.XnXNSETUPFAILUREEnable,Device,XnXNSETUPFAILUREEnable,Y,XnXNSETUPFAILUREEnable,XnXNSETUPFAILURE信令软采开关,A,,,RW,boolean,,,"Xn口XNSETUPFAILURE信令采集的策略，仅标识采集配置策略，不标识采集开启。(0=false,1=true)。",信令软采设备规范-Small Cell NR分册,,,
CMCC_5G_EXT_PICO_V1.9.4,中国移动5G扩展型皮基站网管南向接口数据模型规范v1.9.4.xlsx,ST,124,parameter,Xn口采集配置策略,Device.FAP.SCMgmt.Config.{i}.XnXNSETUPREQUESTEnable,Device,XnXNSETUPREQUESTEnable,Y,XnXNSETUPREQUESTEnable,XnXNSETUPREQUEST信令软采开关,A,,,RW,boolean,,,"Xn口XNSETUPREQUEST信令采集的策略，仅标识采集配置策略，不标识采集开启。(0=false,1=true)。",信令软采设备规范-Small Cell NR分册,,,
CMCC_5G_EXT_PICO_V1.9.4,中国移动5G扩展型皮基站网管南向接口数据模型规范v1.9.4.xlsx,ST,125,parameter,Xn口采集配置策略,Device.FAP.SCMgmt.Config.{i}.XnXNSETUPRESPONSEEnable,Device,XnXNSETUPRESPONSEEnable,Y,XnXNSETUPRESPONSEEnable,XnXNSETUPRESPONSE信令软采开关,A,,,RW,boolean,,,"Xn口XNSETUPRESPONSE信令采集的策略，仅标识采集配置策略，不标识采集开启。(0=false,1=true)。",信令软采设备规范-Small Cell NR分册,,,
CMCC_5G_EXT_PICO_V1.9.4,中国移动5G扩展型皮基站网管南向接口数据模型规范v1.9.4.xlsx,SF,15,parameter,Xn链接信息,Device.Services.FAPService.{i}.FAPControl.NR.XnIpAddrMapInfo.{i}.LocalAddress,Device,LocalAddress,Y,LocalAddress,本端地址,A,,,R,string(64),,,,NRM数据配置要求,,,
CMCC_5G_EXT_PICO_V1.9.4,中国移动5G扩展型皮基站网管南向接口数据模型规范v1.9.4.xlsx,SF,13,parameter,Xn链接信息,Device.Services.FAPService.{i}.FAPControl.NR.XnIpAddrMapInfo.{i}.RemoteAddress,Device,RemoteAddress,Y,RemoteAddress,对端IP,A,,,RW,string(64),,,,NRM数据配置要求,,,
CMCC_5G_EXT_PICO_V1.9.4,中国移动5G扩展型皮基站网管南向接口数据模型规范v1.9.4.xlsx,SF,14,parameter,Xn链接信息,Device.Services.FAPService.{i}.FAPControl.NR.XnIpAddrMapInfo.{i}.SubnetMask,Device,SubnetMask,Y,SubnetMask,子网掩码,A,,,R,string(64),,,,NRM数据配置要求,增加子网掩码用于配置Xn连接地址,,
CMCC_5G_EXT_PICO_V1.9.4,中国移动5G扩展型皮基站网管南向接口数据模型规范v1.9.4.xlsx,SF,11,parameter,Xn链接信息,Device.Services.FAPService.{i}.FAPControl.NR.XnIpAddrMapInfo.{i}.TAISupportList.{i}.BroadcastPLMNs.{i}.PLMNID,Device,PLMNID,Y,PLMNID,PLMNID,A,,,R,string(6),,,,"3GPP,TS38.423,9.2.3.20",,,
CMCC_5G_EXT_PICO_V1.9.4,中国移动5G扩展型皮基站网管南向接口数据模型规范v1.9.4.xlsx,SF,10,parameter,Xn链接信息,Device.Services.FAPService.{i}.FAPControl.NR.XnIpAddrMapInfo.{i}.TAISupportList.{i}.TAC,Device,TAC,Y,TAC,跟踪区编码,A,,,R,string(24),,,,"3GPP,TS38.423,9.2.3.20",,,
CMCC_5G_EXT_PICO_V1.9.4,中国移动5G扩展型皮基站网管南向接口数据模型规范v1.9.4.xlsx,SF,12,parameter,Xn链接信息,Device.Services.FAPService.{i}.FAPControl.NR.XnIpAddrMapInfo.{i}.gNBID,Device,gNBID,Y,gNBID,gNBID,A,,,RW,unsignedInt,,,,,20231020-建议不变，通过设置对方gNBID配置Xn也是可以的，并且符合省市公司客户习惯,,
CMCC_5G_EXT_PICO_V1.9.4,中国移动5G扩展型皮基站网管南向接口数据模型规范v1.9.4.xlsx,SF,19,parameter,gNB参数,Device.Services.FAPService.{i}.FAPControl.NR.RAN.Common.AdminState,Device,AdminState,Y,AdminState,基站的管理状态,A,AA,AdministrativeState,RW,unsignedInt[1:3],,,管理的状态，取值范围为{Locked，Unlocked，ShuttingDown}，依据x.731的状态转换来上报。,《5G SA gNB网元统计数据需求规范-NRM(V1.4.2)》,,,
CMCC_5G_EXT_PICO_V1.9.4,中国移动5G扩展型皮基站网管南向接口数据模型规范v1.9.4.xlsx,SF,17,parameter,gNB参数,Device.Services.FAPService.{i}.FAPControl.NR.RAN.Common.gNBId,Device,gNBId,Y,gNBId,gNB标识,A,AG,gNBId,RW,unsignedInt[0:‭4294967295‬],,,小区gNBiD(32bit),TR系列规范(TR098/TR181/TR196)/NRM数据配置要求,"This IE is used to globally identify a gNB.
Equal to the leftmost bits of the NR Cell Identity IE contained in the NR CGI IE of each cell served by the gNB.",,
CMCC_5G_EXT_PICO_V1.9.4,中国移动5G扩展型皮基站网管南向接口数据模型规范v1.9.4.xlsx,SF,16,parameter,gNB参数,Device.Services.FAPService.{i}.FAPControl.NR.RAN.Common.gNBIdLength,Device,gNBIdLength,Y,gNBIdLength,gNB标识长度,A,AG,gNBIdLength,RW,unsignedInt[22:32],,,gNB标识长度,3GPP TS38.413,根据设备规范，gNBIdLength取值为24,,20221118-修订
CMCC_5G_EXT_PICO_V1.9.4,中国移动5G扩展型皮基站网管南向接口数据模型规范v1.9.4.xlsx,SF,18,parameter,gNB参数,Device.Services.FAPService.{i}.FAPControl.NR.RAN.Common.gNBName,Device,gNBName,Y,gNBName,gNB名称,A,AA&AF,UserLabel,RW,string(150),,,gNB名称,自定义,,,
CMCC_5G_EXT_PICO_V1.9.4,中国移动5G扩展型皮基站网管南向接口数据模型规范v1.9.4.xlsx,SO,23,parameter,vlan子接口配置参数管理,Device.Ethernet.Interface.{i}.VlanInterface.{i}.Enable,Device,Enable,Y,Enable,启用或禁用该接口,A,AS,AdministrativeState,RW,boolean,,,"(false:0,true:1)",,,,
CMCC_5G_EXT_PICO_V1.9.4,中国移动5G扩展型皮基站网管南向接口数据模型规范v1.9.4.xlsx,SO,26,parameter,vlan子接口配置参数管理,Device.Ethernet.Interface.{i}.VlanInterface.{i}.IPv4Address.{i}.AddressingType,Device,AddressingType,Y,AddressingType,外部IP 地址方法,A,,,RW,string,,,"""DHCP"",""Static""",,,,
CMCC_5G_EXT_PICO_V1.9.4,中国移动5G扩展型皮基站网管南向接口数据模型规范v1.9.4.xlsx,SO,27,parameter,vlan子接口配置参数管理,Device.Ethernet.Interface.{i}.VlanInterface.{i}.IPv4Address.{i}.DefaultGateway,Device,DefaultGateway,Y,DefaultGateway,vlan子接口的默认网关,A,,,RW,string(15),,,,,,,
CMCC_5G_EXT_PICO_V1.9.4,中国移动5G扩展型皮基站网管南向接口数据模型规范v1.9.4.xlsx,SO,24,parameter,vlan子接口配置参数管理,Device.Ethernet.Interface.{i}.VlanInterface.{i}.IPv4Address.{i}.IPAddress,Device,IPAddress,Y,IPAddress,IP 地址,A,AS,IpAddressList/LocIpAddrList,RW,string(15),,,,,,,
CMCC_5G_EXT_PICO_V1.9.4,中国移动5G扩展型皮基站网管南向接口数据模型规范v1.9.4.xlsx,SO,28,parameter,vlan子接口配置参数管理,Device.Ethernet.Interface.{i}.VlanInterface.{i}.IPv4Address.{i}.PortType,Device,PortType,Y,PortType,端口类型,A,AS,PortType,RW,string,,,"（Ng, Xn, Ng/Xn, S1, X2, S1/X2, F1, E1, OAM,IR,other）",NRM数据配置要求,描述对应IPv4地址的作用,,20231020-和北向保持一致，属性R修改为RW
CMCC_5G_EXT_PICO_V1.9.4,中国移动5G扩展型皮基站网管南向接口数据模型规范v1.9.4.xlsx,SO,25,parameter,vlan子接口配置参数管理,Device.Ethernet.Interface.{i}.VlanInterface.{i}.IPv4Address.{i}.SubnetMask,Device,SubnetMask,Y,SubnetMask,vlan子接口的子网掩码,A,,,RW,string,,,,,,,
CMCC_5G_EXT_PICO_V1.9.4,中国移动5G扩展型皮基站网管南向接口数据模型规范v1.9.4.xlsx,SO,32,parameter,vlan子接口配置参数管理,Device.Ethernet.Interface.{i}.VlanInterface.{i}.IPv6Address.{i}.DefaultGateway,Device,DefaultGateway,Y,DefaultGateway,vlan子接口的默认网关,A,,,RW,string(64),,,,,,,
CMCC_5G_EXT_PICO_V1.9.4,中国移动5G扩展型皮基站网管南向接口数据模型规范v1.9.4.xlsx,SO,29,parameter,vlan子接口配置参数管理,Device.Ethernet.Interface.{i}.VlanInterface.{i}.IPv6Address.{i}.IPAddress,Device,IPAddress,Y,IPAddress,IPv6 地址,A,AS,IpAddressList/LocIpv6AddrList,RW,string(64),,,,TR系列规范(TR098/TR181)/NRM数据配置要求,,,
CMCC_5G_EXT_PICO_V1.9.4,中国移动5G扩展型皮基站网管南向接口数据模型规范v1.9.4.xlsx,SO,31,parameter,vlan子接口配置参数管理,Device.Ethernet.Interface.{i}.VlanInterface.{i}.IPv6Address.{i}.Origin,Device,Origin,Y,Origin,外部IP 来源,A,,,RW,string,,,"""DHCPv6"",""Static""",TR系列规范(TR098/TR181)/NRM数据配置要求,,,
CMCC_5G_EXT_PICO_V1.9.4,中国移动5G扩展型皮基站网管南向接口数据模型规范v1.9.4.xlsx,SO,33,parameter,vlan子接口配置参数管理,Device.Ethernet.Interface.{i}.VlanInterface.{i}.IPv6Address.{i}.PortType,Device,PortType,Y,PortType,端口类型,A,AS,PortType,RW,string,,,"（Ng, Xn, Ng/Xn, S1, X2, S1/X2, F1, E1, IR,other）",NRM数据配置要求,描述对应IP地址的作用,,20231020-和北向保持一致，属性R修改为RW
CMCC_5G_EXT_PICO_V1.9.4,中国移动5G扩展型皮基站网管南向接口数据模型规范v1.9.4.xlsx,SO,30,parameter,vlan子接口配置参数管理,Device.Ethernet.Interface.{i}.VlanInterface.{i}.IPv6Address.{i}.PrefixLength,Device,PrefixLength,Y,PrefixLength,前缀长度,A,,,RW,unsignedInt[1:128],,,,,,,
CMCC_5G_EXT_PICO_V1.9.4,中国移动5G扩展型皮基站网管南向接口数据模型规范v1.9.4.xlsx,SO,22,parameter,vlan子接口配置参数管理,Device.Ethernet.Interface.{i}.VlanInterface.{i}.Id,Device,Id,Y,Id,Vlan Id,A,,,RW,int[0:4094],,,vlan id,,20231020-暂不修改，需要修改开站规范,,20221118-修订
CMCC_5G_EXT_PICO_V1.9.4,中国移动5G扩展型皮基站网管南向接口数据模型规范v1.9.4.xlsx,SO,21,parameter,vlan子接口配置参数管理,Device.Ethernet.Interface.{i}.VlanInterface.{i}.Name,Device,Name,Y,Name,vlan子接口名称,A,,,RW,string,,,vlan子接口名称,,,,
CMCC_TD_LTE_V2.3,中国移动TD-LTE皮站_飞站基站设备网络管理南向接口数据配置模型规范V2.3.xlsx,SL,23,parameter,vlan子接口配置参数管理,InternetGatewayDevice.Ethernet.Interface.{i}.VlanInterface.{i}.Enable,InternetGatewayDevice,Enable,Y,Enable,启用或禁用该接口,A,AS,AdministrativeState,RW,boolean,,,"(false:0,true:1)",,,V2.2和NR侧的SO页保持一致，即可以支持配置vlan\ipv20等,
CMCC_TD_LTE_V2.3,中国移动TD-LTE皮站_飞站基站设备网络管理南向接口数据配置模型规范V2.3.xlsx,SL,26,parameter,vlan子接口配置参数管理,InternetGatewayDevice.Ethernet.Interface.{i}.VlanInterface.{i}.IPv4Address.{i}.AddressingType,InternetGatewayDevice,AddressingType,Y,AddressingType,外部IP 地址方法,A,,,RW,string,,,"""DHCP"",""Static""",,,V2.2和NR侧的SO页保持一致，即可以支持配置vlan\ipv23等,
CMCC_TD_LTE_V2.3,中国移动TD-LTE皮站_飞站基站设备网络管理南向接口数据配置模型规范V2.3.xlsx,SL,27,parameter,vlan子接口配置参数管理,InternetGatewayDevice.Ethernet.Interface.{i}.VlanInterface.{i}.IPv4Address.{i}.DefaultGateway,InternetGatewayDevice,DefaultGateway,Y,DefaultGateway,vlan子接口的默认网关,A,,,RW,string(15),,,,,,V2.2和NR侧的SO页保持一致，即可以支持配置vlan\ipv24等,
CMCC_TD_LTE_V2.3,中国移动TD-LTE皮站_飞站基站设备网络管理南向接口数据配置模型规范V2.3.xlsx,SL,24,parameter,vlan子接口配置参数管理,InternetGatewayDevice.Ethernet.Interface.{i}.VlanInterface.{i}.IPv4Address.{i}.IPAddress,InternetGatewayDevice,IPAddress,Y,IPAddress,IP 地址,A,AS,IpAddressList/LocIpAddrList,RW,string(15),,,,,,V2.2和NR侧的SO页保持一致，即可以支持配置vlan\ipv21等,
CMCC_TD_LTE_V2.3,中国移动TD-LTE皮站_飞站基站设备网络管理南向接口数据配置模型规范V2.3.xlsx,SL,28,parameter,vlan子接口配置参数管理,InternetGatewayDevice.Ethernet.Interface.{i}.VlanInterface.{i}.IPv4Address.{i}.PortType,InternetGatewayDevice,PortType,Y,PortType,端口类型,A,AS,PortType,RW,string,,,"（Ng, Xn, Ng/Xn, S1, X2, S1/X2, F1, E1, OAM,IR,other）",NRM数据配置要求,描述对应IPv4地址的作用,V2.2和NR侧的SO页保持一致，即可以支持配置vlan\ipv24等,
CMCC_TD_LTE_V2.3,中国移动TD-LTE皮站_飞站基站设备网络管理南向接口数据配置模型规范V2.3.xlsx,SL,25,parameter,vlan子接口配置参数管理,InternetGatewayDevice.Ethernet.Interface.{i}.VlanInterface.{i}.IPv4Address.{i}.SubnetMask,InternetGatewayDevice,SubnetMask,Y,SubnetMask,vlan子接口的子网掩码,A,,,RW,string,,,,,,V2.2和NR侧的SO页保持一致，即可以支持配置vlan\ipv22等,
CMCC_TD_LTE_V2.3,中国移动TD-LTE皮站_飞站基站设备网络管理南向接口数据配置模型规范V2.3.xlsx,SL,32,parameter,vlan子接口配置参数管理,InternetGatewayDevice.Ethernet.Interface.{i}.VlanInterface.{i}.IPv6Address.{i}.DefaultGateway,InternetGatewayDevice,DefaultGateway,Y,DefaultGateway,vlan子接口的默认网关,A,,,RW,string(64),,,,,,V2.2和NR侧的SO页保持一致，即可以支持配置vlan\ipv24等,
CMCC_TD_LTE_V2.3,中国移动TD-LTE皮站_飞站基站设备网络管理南向接口数据配置模型规范V2.3.xlsx,SL,29,parameter,vlan子接口配置参数管理,InternetGatewayDevice.Ethernet.Interface.{i}.VlanInterface.{i}.IPv6Address.{i}.IPAddress,InternetGatewayDevice,IPAddress,Y,IPAddress,IPv6 地址,A,AS,IpAddressList/LocIpv6AddrList,RW,string(64),,,,TR系列规范(TR098/TR181)/NRM数据配置要求,,V2.2和NR侧的SO页保持一致，即可以支持配置vlan\ipv24等,
CMCC_TD_LTE_V2.3,中国移动TD-LTE皮站_飞站基站设备网络管理南向接口数据配置模型规范V2.3.xlsx,SL,31,parameter,vlan子接口配置参数管理,InternetGatewayDevice.Ethernet.Interface.{i}.VlanInterface.{i}.IPv6Address.{i}.Origin,InternetGatewayDevice,Origin,Y,Origin,外部IP 来源,A,,,RW,string,,,"""DHCPv6"",""Static""",TR系列规范(TR098/TR181)/NRM数据配置要求,,V2.2和NR侧的SO页保持一致，即可以支持配置vlan\ipv24等,
CMCC_TD_LTE_V2.3,中国移动TD-LTE皮站_飞站基站设备网络管理南向接口数据配置模型规范V2.3.xlsx,SL,33,parameter,vlan子接口配置参数管理,InternetGatewayDevice.Ethernet.Interface.{i}.VlanInterface.{i}.IPv6Address.{i}.PortType,InternetGatewayDevice,PortType,Y,PortType,端口类型,A,AS,PortType,RW,string,,,"（Ng, Xn, Ng/Xn, S1, X2, S1/X2, F1, E1, IR,other）",NRM数据配置要求,描述对应IP地址的作用,V2.2和NR侧的SO页保持一致，即可以支持配置vlan\ipv24等,
CMCC_TD_LTE_V2.3,中国移动TD-LTE皮站_飞站基站设备网络管理南向接口数据配置模型规范V2.3.xlsx,SL,30,parameter,vlan子接口配置参数管理,InternetGatewayDevice.Ethernet.Interface.{i}.VlanInterface.{i}.IPv6Address.{i}.PrefixLength,InternetGatewayDevice,PrefixLength,Y,PrefixLength,前缀长度,A,,,RW,unsignedInt[1:128],,,,,,V2.2和NR侧的SO页保持一致，即可以支持配置vlan\ipv24等,
CMCC_TD_LTE_V2.3,中国移动TD-LTE皮站_飞站基站设备网络管理南向接口数据配置模型规范V2.3.xlsx,SL,22,parameter,vlan子接口配置参数管理,InternetGatewayDevice.Ethernet.Interface.{i}.VlanInterface.{i}.Id,InternetGatewayDevice,Id,Y,Id,Vlan Id,A,,,RW,interger,,,vlan id,,,V2.2和NR侧的SO页保持一致，即可以支持配置vlan\ipv19等,
CMCC_TD_LTE_V2.3,中国移动TD-LTE皮站_飞站基站设备网络管理南向接口数据配置模型规范V2.3.xlsx,SL,21,parameter,vlan子接口配置参数管理,InternetGatewayDevice.Ethernet.Interface.{i}.VlanInterface.{i}.Name,InternetGatewayDevice,Name,Y,Name,vlan子接口名称,A,,,RW,string,,,vlan子接口名称,,,V2.2和NR侧的SO页保持一致，即可以支持配置vlan\ipv18等,
CMCC_5G_EXT_PICO_V1.9.4,中国移动5G扩展型皮基站网管南向接口数据模型规范v1.9.4.xlsx,SA,13,parameter,主机单元（MU）设备信息参数管理,Device.DeviceInfo.MU.{i}.AdditionalHardwareVersion,Device,AdditionalHardwareVersion,Y,AdditionalHardwareVersion,附加硬件版本,A,,,R,string(64),,,,TR系列规范(TR098/TR181)/NRM数据配置要求,,,
CMCC_5G_EXT_PICO_V1.9.4,中国移动5G扩展型皮基站网管南向接口数据模型规范v1.9.4.xlsx,SA,14,parameter,主机单元（MU）设备信息参数管理,Device.DeviceInfo.MU.{i}.AdditionalSoftwareVersion,Device,AdditionalSoftwareVersion,Y,AdditionalSoftwareVersion,附加软件版本,A,,,R,string(64),,,,TR系列规范(TR098/TR181)/NRM数据配置要求,,,
CMCC_5G_EXT_PICO_V1.9.4,中国移动5G扩展型皮基站网管南向接口数据模型规范v1.9.4.xlsx,SA,20,parameter,主机单元（MU）设备信息参数管理,Device.DeviceInfo.MU.{i}.ClockSource,Device,ClockSource,Y,ClockSource,时钟源类型,A,AA,ClockSource,R,unsignedInt[1:12],,,"Enumerate{
   GPS,
GLONASS,
 BDS,
 1588v2,
   GPS/GLONASS, // GPS 为主，GLONASS 为从
   BDS/GPS，
   GPS/BDS，
   GALILEO，
   GPS/GALILEO， //
   GPS/GALILEO/GLONASS,
 GPS/GALILEO/BDS，
OTHER // other 其他
}",《5G SA gNB网元统计数据需求规范-NRM(V1.9.0)》,,,"20221118-修订
对齐北向，修改类型为unsignedInt[1：12]-20231020"
CMCC_5G_EXT_PICO_V1.9.4,中国移动5G扩展型皮基站网管南向接口数据模型规范v1.9.4.xlsx,SA,24,parameter,主机单元（MU）设备信息参数管理,Device.DeviceInfo.MU.{i}.DateOfLastService,Device,DateOfLastService,Y,DateOfLastService,最近服务的日期（最近一次恢复工作正常状态的时间）,A,AE,DateOfLastService,R,dateTime,,,生产日期,5G SA gNB网元统计数据需求规范-NRM(V1.5.0),,,
CMCC_5G_EXT_PICO_V1.9.4,中国移动5G扩展型皮基站网管南向接口数据模型规范v1.9.4.xlsx,SA,25,parameter,主机单元（MU）设备信息参数管理,Device.DeviceInfo.MU.{i}.DateOfManufacture,Device,DateOfManufacture,Y,DateOfManufacture,生产日期,A,AE,DateOfManufacture,R,dateTime,,,最近服务的日期（最近一次恢复工作正常状态的时间）,5G SA gNB网元统计数据需求规范-NRM(V1.5.0),,,
CMCC_5G_EXT_PICO_V1.9.4,中国移动5G扩展型皮基站网管南向接口数据模型规范v1.9.4.xlsx,SA,3,parameter,主机单元（MU）设备信息参数管理,Device.DeviceInfo.MU.{i}.DnPrefix,Device,DnPrefix,Y,DnPrefix,DN前缀,A,,,RW,string,,,默认不填写为空字符串,中国移动室分系统OMC南向接口要求 第2部分：皮基站技术要求_0611_clean,,,
CMCC_TD_LTE_V2.3,中国移动TD-LTE皮站_飞站基站设备网络管理南向接口数据配置模型规范V2.3.xlsx,SR,20,parameter,主机单元（MU）设备信息参数管理,Device.DeviceInfo.MU.{i}.FirstUseDate,Device,FirstUseDate,Y,FirstUseDate,首次使用日期,A,,,R,dateTime,,,,TR系列规范(TR098/TR181)/NRM数据配置要求,,20231020：修改和NR侧SA页参数一致，删除RRU参数，删除DelEndPonit和AddEndPoint,
CMCC_5G_EXT_PICO_V1.9.4,中国移动5G扩展型皮基站网管南向接口数据模型规范v1.9.4.xlsx,SA,12,parameter,主机单元（MU）设备信息参数管理,Device.DeviceInfo.MU.{i}.HardwarePlatform,Device,HardwarePlatform,Y,HardwarePlatform,硬件平台,A,AA,HardwarePlatform,R,string(64),,,,NRM数据配置要求,,,
CMCC_5G_EXT_PICO_V1.9.4,中国移动5G扩展型皮基站网管南向接口数据模型规范v1.9.4.xlsx,SA,10,parameter,主机单元（MU）设备信息参数管理,Device.DeviceInfo.MU.{i}.HardwareVersion,Device,HardwareVersion,Y,HardwareVersion,硬件版本,A,AA,Version,R,string(64),,,,TR系列规范(TR098/TR181)/NRM数据配置要求,,,
CMCC_5G_EXT_PICO_V1.9.4,中国移动5G扩展型皮基站网管南向接口数据模型规范v1.9.4.xlsx,SA,5,parameter,主机单元（MU）设备信息参数管理,Device.DeviceInfo.MU.{i}.Manufacturer,Device,Manufacturer,Y,Manufacturer,制造商,A,,,R,string(64),,,,TR系列规范(TR098/TR181)/NRM数据配置要求,,,
CMCC_5G_EXT_PICO_V1.9.4,中国移动5G扩展型皮基站网管南向接口数据模型规范v1.9.4.xlsx,SA,26,parameter,主机单元（MU）设备信息参数管理,Device.DeviceInfo.MU.{i}.ManufacturerData,Device,ManufacturerData,Y,ManufacturerData,特殊信息,A,AE,ManufacturerData,R,string,,,设备商填写的特殊信息,5G SA gNB网元统计数据需求规范-NRM(V1.5.0),,,
CMCC_5G_EXT_PICO_V1.9.4,中国移动5G扩展型皮基站网管南向接口数据模型规范v1.9.4.xlsx,SA,4,parameter,主机单元（MU）设备信息参数管理,Device.DeviceInfo.MU.{i}.ManufacturerOUI,Device,ManufacturerOUI,Y,ManufacturerOUI,制造商OUI,A,,,R,string(6),,,,TR系列规范(TR098/TR181)/NRM数据配置要求,,,
CMCC_5G_EXT_PICO_V1.9.4,中国移动5G扩展型皮基站网管南向接口数据模型规范v1.9.4.xlsx,SA,6,parameter,主机单元（MU）设备信息参数管理,Device.DeviceInfo.MU.{i}.ModelName,Device,ModelName,Y,ModelName,设备型号,A,AA,NeType,R,string(64),,,,TR系列规范(TR098/TR181)/NRM数据配置要求,,,
CMCC_5G_EXT_PICO_V1.9.4,中国移动5G扩展型皮基站网管南向接口数据模型规范v1.9.4.xlsx,SA,16,parameter,主机单元（MU）设备信息参数管理,Device.DeviceInfo.MU.{i}.ProductClass,Device,ProductClass,Y,ProductClass,产品分类,A,,,R,string(64),,,,TR系列规范(TR098/TR181)/NRM数据配置要求,,,
CMCC_5G_EXT_PICO_V1.9.4,中国移动5G扩展型皮基站网管南向接口数据模型规范v1.9.4.xlsx,SA,15,parameter,主机单元（MU）设备信息参数管理,Device.DeviceInfo.MU.{i}.ProvisioningCode,Device,ProvisioningCode,Y,ProvisioningCode,供应商代号,A,,,R,string(64),,,,TR系列规范(TR098/TR181)/NRM数据配置要求,,,
CMCC_5G_EXT_PICO_V1.9.4,中国移动5G扩展型皮基站网管南向接口数据模型规范v1.9.4.xlsx,SA,18,parameter,主机单元（MU）设备信息参数管理,Device.DeviceInfo.MU.{i}.Reboot,Device,Reboot,Y,Reboot,重启开关,A,,,RW,boolean,,,"0:不重启
1:重启",,,,
CMCC_5G_EXT_PICO_V1.9.4,中国移动5G扩展型皮基站网管南向接口数据模型规范v1.9.4.xlsx,SA,9,parameter,主机单元（MU）设备信息参数管理,Device.DeviceInfo.MU.{i}.SerialNumber,Device,SerialNumber,Y,SerialNumber,序列号,A,AB AC,SerialNumber,R,string(64),,,设备序列号，以“-NR”结尾,TR系列规范(TR098/TR181)/NRM数据配置要求,,,
CMCC_5G_EXT_PICO_V1.9.4,中国移动5G扩展型皮基站网管南向接口数据模型规范v1.9.4.xlsx,SA,40,parameter,主机单元（MU）设备信息参数管理,Device.DeviceInfo.MU.{i}.Slot.{i}.3GPPSpecVersion,Device,3GPPSpecVersion,Y,3GPPSpecVersion,3GPP协议版本,A,,,R,string,,,,TR系列规范(TR098/TR181)/NRM数据配置要求,,,
CMCC_5G_EXT_PICO_V1.9.4,中国移动5G扩展型皮基站网管南向接口数据模型规范v1.9.4.xlsx,SA,39,parameter,主机单元（MU）设备信息参数管理,Device.DeviceInfo.MU.{i}.Slot.{i}.DataModelSpecVersion,Device,DataModelSpecVersion,Y,DataModelSpecVersion,数据模型版本,A,,,R,string,,,描述中国移动技术规范发布的小基站南向数据模型版本号,,,,
CMCC_5G_EXT_PICO_V1.9.4,中国移动5G扩展型皮基站网管南向接口数据模型规范v1.9.4.xlsx,SA,41,parameter,主机单元（MU）设备信息参数管理,Device.DeviceInfo.MU.{i}.Slot.{i}.FirstUseDate,Device,FirstUseDate,Y,FirstUseDate,首次使用日期,A,,,R,dateTime,,,,TR系列规范(TR098/TR181)/NRM数据配置要求,,,
CMCC_5G_EXT_PICO_V1.9.4,中国移动5G扩展型皮基站网管南向接口数据模型规范v1.9.4.xlsx,SA,34,parameter,主机单元（MU）设备信息参数管理,Device.DeviceInfo.MU.{i}.Slot.{i}.HardwareVersion,Device,HardwareVersion,Y,HardwareVersion,硬件版本,A,,,R,string(64),,,,,,,
CMCC_5G_EXT_PICO_V1.9.4,中国移动5G扩展型皮基站网管南向接口数据模型规范v1.9.4.xlsx,SA,31,parameter,主机单元（MU）设备信息参数管理,Device.DeviceInfo.MU.{i}.Slot.{i}.Manufacturer,Device,Manufacturer,Y,Manufacturer,制造商,A,,,R,string(64),,,,TR系列规范(TR098/TR181)/NRM数据配置要求,,,
CMCC_5G_EXT_PICO_V1.9.4,中国移动5G扩展型皮基站网管南向接口数据模型规范v1.9.4.xlsx,SA,30,parameter,主机单元（MU）设备信息参数管理,Device.DeviceInfo.MU.{i}.Slot.{i}.ManufacturerOUI,Device,ManufacturerOUI,Y,ManufacturerOUI,制造商OUI,A,,,R,string(6),,,,TR系列规范(TR098/TR181)/NRM数据配置要求,,,
CMCC_5G_EXT_PICO_V1.9.4,中国移动5G扩展型皮基站网管南向接口数据模型规范v1.9.4.xlsx,SA,32,parameter,主机单元（MU）设备信息参数管理,Device.DeviceInfo.MU.{i}.Slot.{i}.ModelName,Device,ModelName,Y,ModelName,设备型号,A,,,R,string(64),,,,,,,
CMCC_5G_EXT_PICO_V1.9.4,中国移动5G扩展型皮基站网管南向接口数据模型规范v1.9.4.xlsx,SA,28,parameter,主机单元（MU）设备信息参数管理,Device.DeviceInfo.MU.{i}.Slot.{i}.PackPosition,Device,PackPosition,Y,PackPosition,板卡位置,A,AD,PackPosition,R,string(64),,,板卡在机框内的相对位置，通常用编号表示。数据格式定义为“机柜-机框-槽号”,,,,
CMCC_5G_EXT_PICO_V1.9.4,中国移动5G扩展型皮基站网管南向接口数据模型规范v1.9.4.xlsx,SA,36,parameter,主机单元（MU）设备信息参数管理,Device.DeviceInfo.MU.{i}.Slot.{i}.ProvisioningCode,Device,ProvisioningCode,Y,ProvisioningCode,供应商代号,A,,,R,string(64),,,,TR系列规范(TR098/TR181)/NRM数据配置要求,,,
CMCC_5G_EXT_PICO_V1.9.4,中国移动5G扩展型皮基站网管南向接口数据模型规范v1.9.4.xlsx,SA,43,parameter,主机单元（MU）设备信息参数管理,Device.DeviceInfo.MU.{i}.Slot.{i}.Reboot,Device,Reboot,Y,Reboot,重启开关,A,,,RW,boolean,,,"0:不重启
1:重启",,,,
CMCC_5G_EXT_PICO_V1.9.4,中国移动5G扩展型皮基站网管南向接口数据模型规范v1.9.4.xlsx,SA,33,parameter,主机单元（MU）设备信息参数管理,Device.DeviceInfo.MU.{i}.Slot.{i}.SerialNumber,Device,SerialNumber,Y,SerialNumber,序列号,A,AD,SerialNumber,R,string(64),,,,,,,
CMCC_5G_EXT_PICO_V1.9.4,中国移动5G扩展型皮基站网管南向接口数据模型规范v1.9.4.xlsx,SA,29,parameter,主机单元（MU）设备信息参数管理,Device.DeviceInfo.MU.{i}.Slot.{i}.SlotsOccupied,Device,SlotsOccupied,Y,SlotsOccupied,占用槽位,A,AD,SlotsOccupied,R,string(64),,,应表示板卡占用的槽位号列表。（注：一些板卡较宽，可能会占用两个或以上槽位）,,,,
CMCC_5G_EXT_PICO_V1.9.4,中国移动5G扩展型皮基站网管南向接口数据模型规范v1.9.4.xlsx,SA,35,parameter,主机单元（MU）设备信息参数管理,Device.DeviceInfo.MU.{i}.Slot.{i}.SoftwareVersion,Device,SoftwareVersion,Y,SoftwareVersion,软件版本,A,,,R,string(64),,,,,,,
CMCC_5G_EXT_PICO_V1.9.4,中国移动5G扩展型皮基站网管南向接口数据模型规范v1.9.4.xlsx,SA,42,parameter,主机单元（MU）设备信息参数管理,Device.DeviceInfo.MU.{i}.Slot.{i}.Status,Device,Status,Y,Status,板卡状态,A,,,R,unsignedInt[1:3],,,"1:正常
2:离线
3:告警",,,,
CMCC_5G_EXT_PICO_V1.9.4,中国移动5G扩展型皮基站网管南向接口数据模型规范v1.9.4.xlsx,SA,45,parameter,主机单元（MU）设备信息参数管理,Device.DeviceInfo.MU.{i}.Slot.{i}.SwUpgrade.FailureCause,Device,FailureCause,Y,FailureCause,升级失败原因,A,,,R,string(512),,,升级失败原因描述,,,,
CMCC_5G_EXT_PICO_V1.9.4,中国移动5G扩展型皮基站网管南向接口数据模型规范v1.9.4.xlsx,SA,44,parameter,主机单元（MU）设备信息参数管理,Device.DeviceInfo.MU.{i}.Slot.{i}.SwUpgrade.Stage,Device,Stage,Y,Stage,升级阶段,A,,,R,unsignedInt[1:5],,,"1:初始化
2:下载
3:安装
4:等待激活
5.激活",,,,
CMCC_5G_EXT_PICO_V1.9.4,中国移动5G扩展型皮基站网管南向接口数据模型规范v1.9.4.xlsx,SA,46,parameter,主机单元（MU）设备信息参数管理,Device.DeviceInfo.MU.{i}.Slot.{i}.SwUpgrade.Status,Device,Status,Y,Status,状态,A,,,R,unsignedInt[1:2],,,"1:成功
2:失败
说明:仅在Inform消息请求中携带的EventCode值为“107 UNIT UPGRADE RESULT”，该参数值结果有意义。其余消息中，该参数无实际意义。",,,,20221118-修订
CMCC_5G_EXT_PICO_V1.9.4,中国移动5G扩展型皮基站网管南向接口数据模型规范v1.9.4.xlsx,SA,38,parameter,主机单元（MU）设备信息参数管理,Device.DeviceInfo.MU.{i}.Slot.{i}.UpTime,Device,UpTime,Y,UpTime,运行时间,A,,,R,unsignedInt,,,,TR系列规范(TR098/TR181)/NRM数据配置要求,,,
CMCC_5G_EXT_PICO_V1.9.4,中国移动5G扩展型皮基站网管南向接口数据模型规范v1.9.4.xlsx,SA,37,parameter,主机单元（MU）设备信息参数管理,Device.DeviceInfo.MU.{i}.Slot.{i}.VendorUnitFamilyType,Device,VendorUnitFamilyType,Y,VendorUnitFamilyType,板卡类型,A,AD,VendorUnitFamilyType,R,string(64),,,描述板卡功能类型。List of Enum{ 板卡类型（枚举）}。其中板卡类型的为Enumerate{MainControl，Carrier，Trans，Other}，分别表示主控板、载频板、传输板、其他板卡类型。对跨类型的板卡，列表中应包括该板卡的全部功能类型。（必须上报）,,,,
CMCC_5G_EXT_PICO_V1.9.4,中国移动5G扩展型皮基站网管南向接口数据模型规范v1.9.4.xlsx,SA,27,parameter,主机单元（MU）设备信息参数管理,Device.DeviceInfo.MU.{i}.SlotsInformation,Device,SlotsInformation,Y,SlotsInformation,插槽信息,A,AC,SlotsInformation,R,string,,,"框内所有插槽、描述及占用状态。List of Struct{槽位号（字符串），描述(字符串)，占用状态（枚举)}。其中其中描述信息由厂家自行决定，占用状态为枚举{Unused,Used}",5G SA gNB网元统计数据需求规范-NRM(V1.5.0),,,
CMCC_5G_EXT_PICO_V1.9.4,中国移动5G扩展型皮基站网管南向接口数据模型规范v1.9.4.xlsx,SA,11,parameter,主机单元（MU）设备信息参数管理,Device.DeviceInfo.MU.{i}.SoftwareVersion,Device,SoftwareVersion,Y,SoftwareVersion,软件版本,A,AA,SwVersion,R,string(64),,,,TR系列规范(TR098/TR181)/NRM数据配置要求,,,
CMCC_5G_EXT_PICO_V1.9.4,中国移动5G扩展型皮基站网管南向接口数据模型规范v1.9.4.xlsx,SA,17,parameter,主机单元（MU）设备信息参数管理,Device.DeviceInfo.MU.{i}.Status,Device,Status,Y,Status,机框/服务器状态,A,,,R,unsignedInt[1:3],,,"1:正常
2:离线
3:告警",TR系列规范(TR098/TR182)/NRM数据配置要求,,,
CMCC_5G_EXT_PICO_V1.9.4,中国移动5G扩展型皮基站网管南向接口数据模型规范v1.9.4.xlsx,SA,22,parameter,主机单元（MU）设备信息参数管理,Device.DeviceInfo.MU.{i}.SwUpgrade.FailureCause,Device,FailureCause,Y,FailureCause,升级失败原因,A,,,R,string(512),,,升级失败原因描述,,,,
CMCC_5G_EXT_PICO_V1.9.4,中国移动5G扩展型皮基站网管南向接口数据模型规范v1.9.4.xlsx,SA,21,parameter,主机单元（MU）设备信息参数管理,Device.DeviceInfo.MU.{i}.SwUpgrade.Stage,Device,Stage,Y,Stage,升级阶段,A,,,R,unsignedInt[1:5],,,"1:初始化
2:下载
3:安装
4:等待激活
5.激活",,,,
CMCC_5G_EXT_PICO_V1.9.4,中国移动5G扩展型皮基站网管南向接口数据模型规范v1.9.4.xlsx,SA,23,parameter,主机单元（MU）设备信息参数管理,Device.DeviceInfo.MU.{i}.SwUpgrade.Status,Device,Status,Y,Status,状态,A,,,R,unsignedInt[1:2],,,"1:成功
2:失败
说明:仅在Inform消息请求中携带的EventCode值为“107 UNIT UPGRADE RESULT”，该参数值结果有意义。其余消息中，该参数无实际意义。",,,,20221118-修订
CMCC_5G_EXT_PICO_V1.9.4,中国移动5G扩展型皮基站网管南向接口数据模型规范v1.9.4.xlsx,SA,19,parameter,主机单元（MU）设备信息参数管理,Device.DeviceInfo.MU.{i}.UpTime,Device,UpTime,Y,UpTime,运行时间,A,,,R,unsignedInt,,,,TR系列规范(TR098/TR181)/NRM数据配置要求,,,
CMCC_5G_EXT_PICO_V1.9.4,中国移动5G扩展型皮基站网管南向接口数据模型规范v1.9.4.xlsx,SA,2,parameter,主机单元（MU）设备信息参数管理,Device.DeviceInfo.MU.{i}.UserLabel,Device,UserLabel,Y,UserLabel,用户友好名,A,AA,UserLabel,RW,string,,,字段必须与OMC系统内配置资源名称保持一致。且要求UserLabel与告警、性能数据中同一资源对象使用的网元用户友好名保持一致，即用户有好名在OMC内部以及北向接口交互过程中全局唯一。OMC系统内配置资源命名建议参考《中国移动网络资源命名规范-无线分册》，基站命名要求。默认不填写为空字符串,5G SA gNB网元统计数据需求规范-NRM(V1.4.2),,,
CMCC_5G_EXT_PICO_V1.9.4,中国移动5G扩展型皮基站网管南向接口数据模型规范v1.9.4.xlsx,SA,7,parameter,主机单元（MU）设备信息参数管理,Device.DeviceInfo.MU.{i}.VendorUnitFamilyType,Device,VendorUnitFamilyType,Y,VendorUnitFamilyType,归属类型,A,AE,VendorUnitFamilyType,R,string,,,由供应商提供的便于记忆的资产单元的归属类型,5G SA gNB网元统计数据需求规范-NRM(V1.4.2),,,
CMCC_5G_EXT_PICO_V1.9.4,中国移动5G扩展型皮基站网管南向接口数据模型规范v1.9.4.xlsx,SA,8,parameter,主机单元（MU）设备信息参数管理,Device.DeviceInfo.MU.{i}.VendorUnitTypeNumber,Device,VendorUnitTypeNumber,Y,VendorUnitTypeNumber,资产单元类型版本号,A,AE,VendorUnitTypeNumber,R,string,,,由供应商提供的可唯一识别资产单元类型及版本的号码,5G SA gNB网元统计数据需求规范-NRM(V1.4.2),,,
CMCC_TD_LTE_V2.3,中国移动TD-LTE皮站_飞站基站设备网络管理南向接口数据配置模型规范V2.3.xlsx,SR,13,parameter,主机单元（MU）设备信息参数管理,InternetGatewayDevice.DeviceInfo.MU.{i}.AdditionalHardwareVersion,InternetGatewayDevice,AdditionalHardwareVersion,Y,AdditionalHardwareVersion,附加硬件版本,A,,,R,string(64),,,,TR系列规范(TR098/TR181)/NRM数据配置要求,,20231020：修改和NR侧SA页参数一致，删除RRU参数，删除DelEndPonit和AddEndPoint,
CMCC_TD_LTE_V2.3,中国移动TD-LTE皮站_飞站基站设备网络管理南向接口数据配置模型规范V2.3.xlsx,SR,14,parameter,主机单元（MU）设备信息参数管理,InternetGatewayDevice.DeviceInfo.MU.{i}.AdditionalSoftwareVersion,InternetGatewayDevice,AdditionalSoftwareVersion,Y,AdditionalSoftwareVersion,附加软件版本,A,,,R,string(64),,,,TR系列规范(TR098/TR181)/NRM数据配置要求,,20231020：修改和NR侧SA页参数一致，删除RRU参数，删除DelEndPonit和AddEndPoint,
CMCC_TD_LTE_V2.3,中国移动TD-LTE皮站_飞站基站设备网络管理南向接口数据配置模型规范V2.3.xlsx,SR,21,parameter,主机单元（MU）设备信息参数管理,InternetGatewayDevice.DeviceInfo.MU.{i}.ClockSource,InternetGatewayDevice,ClockSource,Y,ClockSource,时钟源类型,A,AA,ClockSource,R,unsignedInt[1:11},,,"Enumerate{
   GPS, GLONASS, BDS, 1588v2,
   GPS/GLONASS, // GPS 为主，GLONASS 为从
   BDS/GPS，
   GPS/BDS，
   GALILEO，
   GPS/GALILEO， //
   GPS/GALILEO/GLONASS, GPS/GALILEO/BDS
}",,,20231020：修改和NR侧SA页参数一致，删除RRU参数，删除DelEndPonit和AddEndPoint,
CMCC_TD_LTE_V2.3,中国移动TD-LTE皮站_飞站基站设备网络管理南向接口数据配置模型规范V2.3.xlsx,SR,25,parameter,主机单元（MU）设备信息参数管理,InternetGatewayDevice.DeviceInfo.MU.{i}.DateOfLastService,InternetGatewayDevice,DateOfLastService,Y,DateOfLastService,最近服务的日期（最近一次恢复工作正常状态的时间）,A,AE,DateOfLastService,R,dateTime,,,生产日期,,,20231020：修改和NR侧SA页参数一致，删除RRU参数，删除DelEndPonit和AddEndPoint,
CMCC_TD_LTE_V2.3,中国移动TD-LTE皮站_飞站基站设备网络管理南向接口数据配置模型规范V2.3.xlsx,SR,26,parameter,主机单元（MU）设备信息参数管理,InternetGatewayDevice.DeviceInfo.MU.{i}.DateOfManufacture,InternetGatewayDevice,DateOfManufacture,Y,DateOfManufacture,生产日期,A,AE,DateOfManufacture,R,dateTime,,,最近服务的日期（最近一次恢复工作正常状态的时间）,,,20231020：修改和NR侧SA页参数一致，删除RRU参数，删除DelEndPonit和AddEndPoint,
CMCC_TD_LTE_V2.3,中国移动TD-LTE皮站_飞站基站设备网络管理南向接口数据配置模型规范V2.3.xlsx,SR,3,parameter,主机单元（MU）设备信息参数管理,InternetGatewayDevice.DeviceInfo.MU.{i}.DnPrefix,InternetGatewayDevice,DnPrefix,Y,DnPrefix,DN前缀,A,,,RW,string,,,默认不填写为空字符串,,,20231020：修改和NR侧SA页参数一致，删除RRU参数，删除DelEndPonit和AddEndPoint,
CMCC_TD_LTE_V2.3,中国移动TD-LTE皮站_飞站基站设备网络管理南向接口数据配置模型规范V2.3.xlsx,SR,20,parameter,主机单元（MU）设备信息参数管理,InternetGatewayDevice.DeviceInfo.MU.{i}.FirstUseDate,InternetGatewayDevice,FirstUseDate,Y,FirstUseDate,首次使用日期,A,,,R,dateTime,,,,TR系列规范(TR098/TR181)/NRM数据配置要求,,20231020：修改和NR侧SA页参数一致，删除RRU参数，删除DelEndPonit和AddEndPoint,
CMCC_TD_LTE_V2.3,中国移动TD-LTE皮站_飞站基站设备网络管理南向接口数据配置模型规范V2.3.xlsx,SR,12,parameter,主机单元（MU）设备信息参数管理,InternetGatewayDevice.DeviceInfo.MU.{i}.HardwarePlatform,InternetGatewayDevice,HardwarePlatform,Y,HardwarePlatform,硬件平台,A,AA,HardwarePlatform,R,string(64),,,,,,20231020：修改和NR侧SA页参数一致，删除RRU参数，删除DelEndPonit和AddEndPoint,
CMCC_TD_LTE_V2.3,中国移动TD-LTE皮站_飞站基站设备网络管理南向接口数据配置模型规范V2.3.xlsx,SR,10,parameter,主机单元（MU）设备信息参数管理,InternetGatewayDevice.DeviceInfo.MU.{i}.HardwareVersion,InternetGatewayDevice,HardwareVersion,Y,HardwareVersion,硬件版本,A,AA,Version,R,string(64),,,,TR系列规范(TR098/TR181)/NRM数据配置要求,,20231020：修改和NR侧SA页参数一致，删除RRU参数，删除DelEndPonit和AddEndPoint,
CMCC_TD_LTE_V2.3,中国移动TD-LTE皮站_飞站基站设备网络管理南向接口数据配置模型规范V2.3.xlsx,SR,5,parameter,主机单元（MU）设备信息参数管理,InternetGatewayDevice.DeviceInfo.MU.{i}.Manufacturer,InternetGatewayDevice,Manufacturer,Y,Manufacturer,制造商,A,,,R,string(64),,,,TR系列规范(TR098/TR181)/NRM数据配置要求,,20231020：修改和NR侧SA页参数一致，删除RRU参数，删除DelEndPonit和AddEndPoint,
CMCC_TD_LTE_V2.3,中国移动TD-LTE皮站_飞站基站设备网络管理南向接口数据配置模型规范V2.3.xlsx,SR,27,parameter,主机单元（MU）设备信息参数管理,InternetGatewayDevice.DeviceInfo.MU.{i}.ManufacturerData,InternetGatewayDevice,ManufacturerData,Y,ManufacturerData,特殊信息,A,AE,ManufacturerData,R,string,,,设备商填写的特殊信息,,,20231020：修改和NR侧SA页参数一致，删除RRU参数，删除DelEndPonit和AddEndPoint,
CMCC_TD_LTE_V2.3,中国移动TD-LTE皮站_飞站基站设备网络管理南向接口数据配置模型规范V2.3.xlsx,SR,4,parameter,主机单元（MU）设备信息参数管理,InternetGatewayDevice.DeviceInfo.MU.{i}.ManufacturerOUI,InternetGatewayDevice,ManufacturerOUI,Y,ManufacturerOUI,制造商OUI,A,,,R,string(6),,,,TR系列规范(TR098/TR181)/NRM数据配置要求,,20231020：修改和NR侧SA页参数一致，删除RRU参数，删除DelEndPonit和AddEndPoint,
CMCC_TD_LTE_V2.3,中国移动TD-LTE皮站_飞站基站设备网络管理南向接口数据配置模型规范V2.3.xlsx,SR,6,parameter,主机单元（MU）设备信息参数管理,InternetGatewayDevice.DeviceInfo.MU.{i}.ModelName,InternetGatewayDevice,ModelName,Y,ModelName,设备型号,A,AA,NeType,R,string(64),,,,TR系列规范(TR098/TR181)/NRM数据配置要求,,20231020：修改和NR侧SA页参数一致，删除RRU参数，删除DelEndPonit和AddEndPoint,
CMCC_TD_LTE_V2.3,中国移动TD-LTE皮站_飞站基站设备网络管理南向接口数据配置模型规范V2.3.xlsx,SR,16,parameter,主机单元（MU）设备信息参数管理,InternetGatewayDevice.DeviceInfo.MU.{i}.ProductClass,InternetGatewayDevice,ProductClass,Y,ProductClass,产品分类,A,,,R,string(64),,,,TR系列规范(TR098/TR181)/NRM数据配置要求,,20231020：修改和NR侧SA页参数一致，删除RRU参数，删除DelEndPonit和AddEndPoint,
CMCC_TD_LTE_V2.3,中国移动TD-LTE皮站_飞站基站设备网络管理南向接口数据配置模型规范V2.3.xlsx,SR,15,parameter,主机单元（MU）设备信息参数管理,InternetGatewayDevice.DeviceInfo.MU.{i}.ProvisioningCode,InternetGatewayDevice,ProvisioningCode,Y,ProvisioningCode,供应商代号,A,,,R,string(64),,,,TR系列规范(TR098/TR181)/NRM数据配置要求,,20231020：修改和NR侧SA页参数一致，删除RRU参数，删除DelEndPonit和AddEndPoint,
CMCC_TD_LTE_V2.3,中国移动TD-LTE皮站_飞站基站设备网络管理南向接口数据配置模型规范V2.3.xlsx,SR,18,parameter,主机单元（MU）设备信息参数管理,InternetGatewayDevice.DeviceInfo.MU.{i}.Reboot,InternetGatewayDevice,Reboot,Y,Reboot,重启开关,A,,,RW,boolean,,,"0:不重启
1:重启",,,20231020：修改和NR侧SA页参数一致，删除RRU参数，删除DelEndPonit和AddEndPoint,
CMCC_TD_LTE_V2.3,中国移动TD-LTE皮站_飞站基站设备网络管理南向接口数据配置模型规范V2.3.xlsx,SR,9,parameter,主机单元（MU）设备信息参数管理,InternetGatewayDevice.DeviceInfo.MU.{i}.SerialNumber,InternetGatewayDevice,SerialNumber,Y,SerialNumber,序列号,A,AB AC,SerialNumber,R,string(64),,,设备序列号，以“-NR”结尾,TR系列规范(TR098/TR181)/NRM数据配置要求,,20231020：修改和NR侧SA页参数一致，删除RRU参数，删除DelEndPonit和AddEndPoint,
CMCC_TD_LTE_V2.3,中国移动TD-LTE皮站_飞站基站设备网络管理南向接口数据配置模型规范V2.3.xlsx,SR,41,parameter,主机单元（MU）设备信息参数管理,InternetGatewayDevice.DeviceInfo.MU.{i}.Slot.{i}.3GPPSpecVersion,InternetGatewayDevice,3GPPSpecVersion,Y,3GPPSpecVersion,3GPP协议版本,A,,,R,string,,,,TR系列规范(TR098/TR181)/NRM数据配置要求,,20231020：修改和NR侧SA页参数一致，删除RRU参数，删除DelEndPonit和AddEndPoint,
CMCC_TD_LTE_V2.3,中国移动TD-LTE皮站_飞站基站设备网络管理南向接口数据配置模型规范V2.3.xlsx,SR,40,parameter,主机单元（MU）设备信息参数管理,InternetGatewayDevice.DeviceInfo.MU.{i}.Slot.{i}.DataModelSpecVersion,InternetGatewayDevice,DataModelSpecVersion,Y,DataModelSpecVersion,数据模型版本,A,,,R,string,,,描述中国移动技术规范发布的小基站南向数据模型版本号,,,20231020：修改和NR侧SA页参数一致，删除RRU参数，删除DelEndPonit和AddEndPoint,
CMCC_TD_LTE_V2.3,中国移动TD-LTE皮站_飞站基站设备网络管理南向接口数据配置模型规范V2.3.xlsx,SR,42,parameter,主机单元（MU）设备信息参数管理,InternetGatewayDevice.DeviceInfo.MU.{i}.Slot.{i}.FirstUseDate,InternetGatewayDevice,FirstUseDate,Y,FirstUseDate,首次使用日期,A,,,R,dateTime,,,,TR系列规范(TR098/TR181)/NRM数据配置要求,,20231020：修改和NR侧SA页参数一致，删除RRU参数，删除DelEndPonit和AddEndPoint,
CMCC_TD_LTE_V2.3,中国移动TD-LTE皮站_飞站基站设备网络管理南向接口数据配置模型规范V2.3.xlsx,SR,35,parameter,主机单元（MU）设备信息参数管理,InternetGatewayDevice.DeviceInfo.MU.{i}.Slot.{i}.HardwareVersion,InternetGatewayDevice,HardwareVersion,Y,HardwareVersion,硬件版本,A,,,R,string(64),,,,,,20231020：修改和NR侧SA页参数一致，删除RRU参数，删除DelEndPonit和AddEndPoint,
CMCC_TD_LTE_V2.3,中国移动TD-LTE皮站_飞站基站设备网络管理南向接口数据配置模型规范V2.3.xlsx,SR,32,parameter,主机单元（MU）设备信息参数管理,InternetGatewayDevice.DeviceInfo.MU.{i}.Slot.{i}.Manufacturer,InternetGatewayDevice,Manufacturer,Y,Manufacturer,制造商,A,,,R,string(64),,,,TR系列规范(TR098/TR181)/NRM数据配置要求,,20231020：修改和NR侧SA页参数一致，删除RRU参数，删除DelEndPonit和AddEndPoint,
CMCC_TD_LTE_V2.3,中国移动TD-LTE皮站_飞站基站设备网络管理南向接口数据配置模型规范V2.3.xlsx,SR,31,parameter,主机单元（MU）设备信息参数管理,InternetGatewayDevice.DeviceInfo.MU.{i}.Slot.{i}.ManufacturerOUI,InternetGatewayDevice,ManufacturerOUI,Y,ManufacturerOUI,制造商OUI,A,,,R,string(6),,,,TR系列规范(TR098/TR181)/NRM数据配置要求,,20231020：修改和NR侧SA页参数一致，删除RRU参数，删除DelEndPonit和AddEndPoint,
CMCC_TD_LTE_V2.3,中国移动TD-LTE皮站_飞站基站设备网络管理南向接口数据配置模型规范V2.3.xlsx,SR,33,parameter,主机单元（MU）设备信息参数管理,InternetGatewayDevice.DeviceInfo.MU.{i}.Slot.{i}.ModelName,InternetGatewayDevice,ModelName,Y,ModelName,设备型号,A,,,R,string(64),,,,,,20231020：修改和NR侧SA页参数一致，删除RRU参数，删除DelEndPonit和AddEndPoint,
CMCC_TD_LTE_V2.3,中国移动TD-LTE皮站_飞站基站设备网络管理南向接口数据配置模型规范V2.3.xlsx,SR,29,parameter,主机单元（MU）设备信息参数管理,InternetGatewayDevice.DeviceInfo.MU.{i}.Slot.{i}.PackPosition,InternetGatewayDevice,PackPosition,Y,PackPosition,板卡位置,A,AD,PackPosition,R,string(64),,,板卡在机框内的相对位置，通常用编号表示。数据格式定义为“机柜-机框-槽号”,,,20231020：修改和NR侧SA页参数一致，删除RRU参数，删除DelEndPonit和AddEndPoint,
CMCC_TD_LTE_V2.3,中国移动TD-LTE皮站_飞站基站设备网络管理南向接口数据配置模型规范V2.3.xlsx,SR,37,parameter,主机单元（MU）设备信息参数管理,InternetGatewayDevice.DeviceInfo.MU.{i}.Slot.{i}.ProvisioningCode,InternetGatewayDevice,ProvisioningCode,Y,ProvisioningCode,供应商代号,A,,,R,string(64),,,,TR系列规范(TR098/TR181)/NRM数据配置要求,,20231020：修改和NR侧SA页参数一致，删除RRU参数，删除DelEndPonit和AddEndPoint,
CMCC_TD_LTE_V2.3,中国移动TD-LTE皮站_飞站基站设备网络管理南向接口数据配置模型规范V2.3.xlsx,SR,44,parameter,主机单元（MU）设备信息参数管理,InternetGatewayDevice.DeviceInfo.MU.{i}.Slot.{i}.Reboot,InternetGatewayDevice,Reboot,Y,Reboot,重启开关,A,,,RW,boolean,,,"0:不重启
1:重启",,,20231020：修改和NR侧SA页参数一致，删除RRU参数，删除DelEndPonit和AddEndPoint,
CMCC_TD_LTE_V2.3,中国移动TD-LTE皮站_飞站基站设备网络管理南向接口数据配置模型规范V2.3.xlsx,SR,34,parameter,主机单元（MU）设备信息参数管理,InternetGatewayDevice.DeviceInfo.MU.{i}.Slot.{i}.SerialNumber,InternetGatewayDevice,SerialNumber,Y,SerialNumber,序列号,A,AD,SerialNumber,R,string(64),,,,,,20231020：修改和NR侧SA页参数一致，删除RRU参数，删除DelEndPonit和AddEndPoint,
CMCC_TD_LTE_V2.3,中国移动TD-LTE皮站_飞站基站设备网络管理南向接口数据配置模型规范V2.3.xlsx,SR,30,parameter,主机单元（MU）设备信息参数管理,InternetGatewayDevice.DeviceInfo.MU.{i}.Slot.{i}.SlotsOccupied,InternetGatewayDevice,SlotsOccupied,Y,SlotsOccupied,占用槽位,A,AD,SlotsOccupied,R,string(64),,,应表示板卡占用的槽位号列表。（注：一些板卡较宽，可能会占用两个或以上槽位）,,,20231020：修改和NR侧SA页参数一致，删除RRU参数，删除DelEndPonit和AddEndPoint,
CMCC_TD_LTE_V2.3,中国移动TD-LTE皮站_飞站基站设备网络管理南向接口数据配置模型规范V2.3.xlsx,SR,36,parameter,主机单元（MU）设备信息参数管理,InternetGatewayDevice.DeviceInfo.MU.{i}.Slot.{i}.SoftwareVersion,InternetGatewayDevice,SoftwareVersion,Y,SoftwareVersion,软件版本,A,,,R,string(64),,,,,,20231020：修改和NR侧SA页参数一致，删除RRU参数，删除DelEndPonit和AddEndPoint,
CMCC_TD_LTE_V2.3,中国移动TD-LTE皮站_飞站基站设备网络管理南向接口数据配置模型规范V2.3.xlsx,SR,43,parameter,主机单元（MU）设备信息参数管理,InternetGatewayDevice.DeviceInfo.MU.{i}.Slot.{i}.Status,InternetGatewayDevice,Status,Y,Status,板卡状态,A,,,R,unsignedInt[1:3],,,"1:正常
2:离线
3:告警",,,20231020：修改和NR侧SA页参数一致，删除RRU参数，删除DelEndPonit和AddEndPoint,
CMCC_TD_LTE_V2.3,中国移动TD-LTE皮站_飞站基站设备网络管理南向接口数据配置模型规范V2.3.xlsx,SR,46,parameter,主机单元（MU）设备信息参数管理,InternetGatewayDevice.DeviceInfo.MU.{i}.Slot.{i}.SwUpgrade.FailureCause,InternetGatewayDevice,FailureCause,Y,FailureCause,升级失败原因,A,,,R,string(512),,,升级失败原因描述,,,20231020：修改和NR侧SA页参数一致，删除RRU参数，删除DelEndPonit和AddEndPoint,
CMCC_TD_LTE_V2.3,中国移动TD-LTE皮站_飞站基站设备网络管理南向接口数据配置模型规范V2.3.xlsx,SR,45,parameter,主机单元（MU）设备信息参数管理,InternetGatewayDevice.DeviceInfo.MU.{i}.Slot.{i}.SwUpgrade.Stage,InternetGatewayDevice,Stage,Y,Stage,升级阶段,A,,,R,unsignedInt[1:5],,,"1:初始化
2:下载
3:安装
4:等待激活
5.激活",,,20231020：修改和NR侧SA页参数一致，删除RRU参数，删除DelEndPonit和AddEndPoint,
CMCC_TD_LTE_V2.3,中国移动TD-LTE皮站_飞站基站设备网络管理南向接口数据配置模型规范V2.3.xlsx,SR,47,parameter,主机单元（MU）设备信息参数管理,InternetGatewayDevice.DeviceInfo.MU.{i}.Slot.{i}.SwUpgrade.Status,InternetGatewayDevice,Status,Y,Status,状态,A,,,R,unsignedInt[1:3],,,"1:成功
2:失败",,,20231020：修改和NR侧SA页参数一致，删除RRU参数，删除DelEndPonit和AddEndPoint,
CMCC_TD_LTE_V2.3,中国移动TD-LTE皮站_飞站基站设备网络管理南向接口数据配置模型规范V2.3.xlsx,SR,39,parameter,主机单元（MU）设备信息参数管理,InternetGatewayDevice.DeviceInfo.MU.{i}.Slot.{i}.UpTime,InternetGatewayDevice,UpTime,Y,UpTime,运行时间,A,,,R,unsignedInt,,,,TR系列规范(TR098/TR181)/NRM数据配置要求,,20231020：修改和NR侧SA页参数一致，删除RRU参数，删除DelEndPonit和AddEndPoint,
CMCC_TD_LTE_V2.3,中国移动TD-LTE皮站_飞站基站设备网络管理南向接口数据配置模型规范V2.3.xlsx,SR,38,parameter,主机单元（MU）设备信息参数管理,InternetGatewayDevice.DeviceInfo.MU.{i}.Slot.{i}.VendorUnitFamilyType,InternetGatewayDevice,VendorUnitFamilyType,Y,VendorUnitFamilyType,板卡类型,A,AD,VendorUnitFamilyType,R,string(64),,,描述板卡功能类型。List of Enum{ 板卡类型（枚举）}。其中板卡类型的为Enumerate{MainControl，Carrier，Trans，Other}，分别表示主控板、载频板、传输板、其他板卡类型。对跨类型的板卡，列表中应包括该板卡的全部功能类型。（必须上报）,,,20231020：修改和NR侧SA页参数一致，删除RRU参数，删除DelEndPonit和AddEndPoint,
CMCC_TD_LTE_V2.3,中国移动TD-LTE皮站_飞站基站设备网络管理南向接口数据配置模型规范V2.3.xlsx,SR,28,parameter,主机单元（MU）设备信息参数管理,InternetGatewayDevice.DeviceInfo.MU.{i}.SlotsInformation,InternetGatewayDevice,SlotsInformation,Y,SlotsInformation,插槽信息,A,AC,SlotsInformation,R,string,,,"框内所有插槽、描述及占用状态。List of Struct{槽位号（字符串），描述(字符串)，占用状态（枚举)}。其中其中描述信息由厂家自行决定，占用状态为枚举{Unused,Used}",,,20231020：修改和NR侧SA页参数一致，删除RRU参数，删除DelEndPonit和AddEndPoint,
CMCC_TD_LTE_V2.3,中国移动TD-LTE皮站_飞站基站设备网络管理南向接口数据配置模型规范V2.3.xlsx,SR,11,parameter,主机单元（MU）设备信息参数管理,InternetGatewayDevice.DeviceInfo.MU.{i}.SoftwareVersion,InternetGatewayDevice,SoftwareVersion,Y,SoftwareVersion,软件版本,A,AA,SwVersion,R,string(64),,,,TR系列规范(TR098/TR181)/NRM数据配置要求,,20231020：修改和NR侧SA页参数一致，删除RRU参数，删除DelEndPonit和AddEndPoint,
CMCC_TD_LTE_V2.3,中国移动TD-LTE皮站_飞站基站设备网络管理南向接口数据配置模型规范V2.3.xlsx,SR,17,parameter,主机单元（MU）设备信息参数管理,InternetGatewayDevice.DeviceInfo.MU.{i}.Status,InternetGatewayDevice,Status,Y,Status,机框/服务器状态,A,,,R,unsignedInt[1:3],,,"1:正常
2:离线
3:告警",TR系列规范(TR098/TR182)/NRM数据配置要求,,20231020：修改和NR侧SA页参数一致，删除RRU参数，删除DelEndPonit和AddEndPoint,
CMCC_TD_LTE_V2.3,中国移动TD-LTE皮站_飞站基站设备网络管理南向接口数据配置模型规范V2.3.xlsx,SR,23,parameter,主机单元（MU）设备信息参数管理,InternetGatewayDevice.DeviceInfo.MU.{i}.SwUpgrade.FailureCause,InternetGatewayDevice,FailureCause,Y,FailureCause,升级失败原因,A,,,R,string(512),,,升级失败原因描述,,,20231020：修改和NR侧SA页参数一致，删除RRU参数，删除DelEndPonit和AddEndPoint,
CMCC_TD_LTE_V2.3,中国移动TD-LTE皮站_飞站基站设备网络管理南向接口数据配置模型规范V2.3.xlsx,SR,22,parameter,主机单元（MU）设备信息参数管理,InternetGatewayDevice.DeviceInfo.MU.{i}.SwUpgrade.Stage,InternetGatewayDevice,Stage,Y,Stage,升级阶段,A,,,R,unsignedInt[1:5],,,"1:初始化
2:下载
3:安装
4:等待激活
5.激活",,,20231020：修改和NR侧SA页参数一致，删除RRU参数，删除DelEndPonit和AddEndPoint,
CMCC_TD_LTE_V2.3,中国移动TD-LTE皮站_飞站基站设备网络管理南向接口数据配置模型规范V2.3.xlsx,SR,24,parameter,主机单元（MU）设备信息参数管理,InternetGatewayDevice.DeviceInfo.MU.{i}.SwUpgrade.Status,InternetGatewayDevice,Status,Y,Status,状态,A,,,R,unsignedInt[1:3],,,"1:成功
2:失败",,,20231020：修改和NR侧SA页参数一致，删除RRU参数，删除DelEndPonit和AddEndPoint,
CMCC_TD_LTE_V2.3,中国移动TD-LTE皮站_飞站基站设备网络管理南向接口数据配置模型规范V2.3.xlsx,SR,19,parameter,主机单元（MU）设备信息参数管理,InternetGatewayDevice.DeviceInfo.MU.{i}.UpTime,InternetGatewayDevice,UpTime,Y,UpTime,运行时间,A,,,R,unsignedInt,,,,TR系列规范(TR098/TR181)/NRM数据配置要求,,20231020：修改和NR侧SA页参数一致，删除RRU参数，删除DelEndPonit和AddEndPoint,
CMCC_TD_LTE_V2.3,中国移动TD-LTE皮站_飞站基站设备网络管理南向接口数据配置模型规范V2.3.xlsx,SR,2,parameter,主机单元（MU）设备信息参数管理,InternetGatewayDevice.DeviceInfo.MU.{i}.UserLabel,InternetGatewayDevice,UserLabel,Y,UserLabel,用户友好名,A,AA,UserLabel,RW,string,,,字段必须与OMC系统内配置资源名称保持一致。且要求UserLabel与告警、性能数据中同一资源对象使用的网元用户友好名保持一致，即用户有好名在OMC内部以及北向接口交互过程中全局唯一。OMC系统内配置资源命名建议参考《中国移动网络资源命名规范-无线分册》，基站命名要求。默认不填写为空字符串,,,20231020：修改和NR侧SA页参数一致，删除RRU参数，删除DelEndPonit和AddEndPoint,
CMCC_TD_LTE_V2.3,中国移动TD-LTE皮站_飞站基站设备网络管理南向接口数据配置模型规范V2.3.xlsx,SR,7,parameter,主机单元（MU）设备信息参数管理,InternetGatewayDevice.DeviceInfo.MU.{i}.VendorUnitFamilyType,InternetGatewayDevice,VendorUnitFamilyType,Y,VendorUnitFamilyType,归属类型,A,AE,VendorUnitFamilyType,R,string,,,由供应商提供的便于记忆的资产单元的归属类型,,,20231020：修改和NR侧SA页参数一致，删除RRU参数，删除DelEndPonit和AddEndPoint,
CMCC_TD_LTE_V2.3,中国移动TD-LTE皮站_飞站基站设备网络管理南向接口数据配置模型规范V2.3.xlsx,SR,8,parameter,主机单元（MU）设备信息参数管理,InternetGatewayDevice.DeviceInfo.MU.{i}.VendorUnitTypeNumber,InternetGatewayDevice,VendorUnitTypeNumber,Y,VendorUnitTypeNumber,资产单元类型版本号,A,AE,VendorUnitTypeNumber,R,string,,,由供应商提供的可唯一识别资产单元类型及版本的号码,,,20231020：修改和NR侧SA页参数一致，删除RRU参数，删除DelEndPonit和AddEndPoint,
CMCC_5G_EXT_PICO_V1.9.4,中国移动5G扩展型皮基站网管南向接口数据模型规范v1.9.4.xlsx,SM,2,parameter,公共切换参数,Device.Services.FAPService.{i}.CellConfig.{i}.NR.RAN.Mobility.ConnMode.NR.MeasureCtrl.Smeasure,Device,Smeasure,Y,Smeasure,测量启动门限,A,,,RW,unsignedInt[0:127],,,测量启动门限,3GPP TS38.331,,,20221118-修订
CMCC_5G_EXT_PICO_V1.9.4,中国移动5G扩展型皮基站网管南向接口数据模型规范v1.9.4.xlsx,SH,32,parameter,分流规则流量统计,Device.Services.FAPService.{i}.FAPControl.LocalBreakout.TrafficStatistics.Dns.{i}.DomainIpList.{i}.DomainIp,Device,DomainIp,Y,DomainIp,IP地址,CB,,,R,string(64),,,根据配置的本地分流规则自动生成该域名IP地址流量统计,《5G NR无线网络扩展型皮基站设备功能测试规范—基本功能分册》,,,
CMCC_5G_EXT_PICO_V1.9.4,中国移动5G扩展型皮基站网管南向接口数据模型规范v1.9.4.xlsx,SH,31,parameter,分流规则流量统计,Device.Services.FAPService.{i}.FAPControl.LocalBreakout.TrafficStatistics.Dns.{i}.DomainName,Device,DomainName,Y,DomainName,域名,CB,,,R,string(128),,,根据配置的本地分流规则自动生成该域名流量统计,《5G NR无线网络扩展型皮基站设备功能测试规范—基本功能分册》,,,
CMCC_5G_EXT_PICO_V1.9.4,中国移动5G扩展型皮基站网管南向接口数据模型规范v1.9.4.xlsx,SH,33,parameter,分流规则流量统计,Device.Services.FAPService.{i}.FAPControl.LocalBreakout.TrafficStatistics.Dns.{i}.Throughput,Device,Throughput,Y,Thoughput,流量,CB,,Thoughput,RW,string,,,本地分流端口流量，当清除当前流量统计时，使用写功能，设置为0，以Mbyte为单位,《5G NR无线网络扩展型皮基站设备功能测试规范—基本功能分册》,,,
CMCC_5G_EXT_PICO_V1.9.4,中国移动5G扩展型皮基站网管南向接口数据模型规范v1.9.4.xlsx,SH,29,parameter,分流规则流量统计,Device.Services.FAPService.{i}.FAPControl.LocalBreakout.TrafficStatistics.IP.{i}.IPAddress,Device,IPAddress,Y,IPAddress,IP地址,CB,,,R,string(64),,,根据配置的本地分流规则自动生成该IP地址流量统计,《5G NR无线网络扩展型皮基站设备功能测试规范—基本功能分册》,,,
CMCC_5G_EXT_PICO_V1.9.4,中国移动5G扩展型皮基站网管南向接口数据模型规范v1.9.4.xlsx,SH,30,parameter,分流规则流量统计,Device.Services.FAPService.{i}.FAPControl.LocalBreakout.TrafficStatistics.IP.{i}.Throughput,Device,Throughput,Y,Thoughput,流量,CB,,Thoughput,RW,string,,,本地分流端口流量，当清除当前流量统计时，使用写功能，设置为0，以Mbyte为单位,《5G NR无线网络扩展型皮基站设备功能测试规范—基本功能分册》,,,
CMCC_5G_EXT_PICO_V1.9.4,中国移动5G扩展型皮基站网管南向接口数据模型规范v1.9.4.xlsx,SH,36,parameter,分流规则流量统计,Device.Services.FAPService.{i}.FAPControl.LocalBreakout.TrafficStatistics.Nssai.{i}.SNSSAI,Device,SNSSAI,Y,SNSSAI,SNSSAI,CB,,SNSSAI,R,unsignedInt[0:‭4294967295‬],,,"由SST和SD组成
根据配置的本地分流规则自动生成该SNSSAI流量统计",《5G NR无线网络扩展型皮基站设备功能测试规范—基本功能分册》,,,
CMCC_5G_EXT_PICO_V1.9.4,中国移动5G扩展型皮基站网管南向接口数据模型规范v1.9.4.xlsx,SH,37,parameter,分流规则流量统计,Device.Services.FAPService.{i}.FAPControl.LocalBreakout.TrafficStatistics.Nssai.{i}.Throughput,Device,Throughput,Y,Thoughput,流量,CB,,Thoughput,RW,string,,,本地分流端口流量，当清除当前流量统计时，使用写功能，设置为0，以Mbyte为单位,《5G NR无线网络扩展型皮基站设备功能测试规范—基本功能分册》,,,
CMCC_5G_EXT_PICO_V1.9.4,中国移动5G扩展型皮基站网管南向接口数据模型规范v1.9.4.xlsx,SH,34,parameter,分流规则流量统计,Device.Services.FAPService.{i}.FAPControl.LocalBreakout.TrafficStatistics.Plmn.{i}.PLMNID,Device,PLMNID,Y,PLMNID,小区PLMNID,CB,,PlmnIdList,R,string(6),,,"由MCC和MNC组成
根据配置的本地分流规则自动生成该PLMN流量统计",《5G NR无线网络扩展型皮基站设备功能测试规范—基本功能分册》,,,
CMCC_5G_EXT_PICO_V1.9.4,中国移动5G扩展型皮基站网管南向接口数据模型规范v1.9.4.xlsx,SH,35,parameter,分流规则流量统计,Device.Services.FAPService.{i}.FAPControl.LocalBreakout.TrafficStatistics.Plmn.{i}.Throughput,Device,Throughput,Y,Thoughput,流量,CB,,Thoughput,RW,string,,,本地分流端口流量，当清除当前流量统计时，使用写功能，设置为0，以Mbyte为单位,《5G NR无线网络扩展型皮基站设备功能测试规范—基本功能分册》,,,
CMCC_TD_LTE_V2.3,中国移动TD-LTE皮站_飞站基站设备网络管理南向接口数据配置模型规范V2.3.xlsx,SJ,6,parameter,切换公共参数,Device.Services.FAPService.{i}.CellConfig.LTE.RAN.Mobility.ConnMode.EUTRA.MeasureCtrl.Smeasure,Device,Smeasure,Y,Smeasure,测量启动门限,A,,Smeasure,RW,unsignedInt[0:97],,,测量启动门限,,,修正参数类型,
CMCC_TD_LTE_V2.3,中国移动TD-LTE皮站_飞站基站设备网络管理南向接口数据配置模型规范V2.3.xlsx,SJ,4,parameter,切换公共参数,Device.Services.FAPService.{i}.CellConfig.LTE.RAN.Mobility.ConnMode.IRAT.MeasQuantityGERAN,Device,MeasQuantityGERAN,Y,MeasQuantityGERAN,GERAN测量量,A,,,RW,string,,,rrsi,,,定义B1、B2事件中2G系统测量量：答复ZTE 20,
CMCC_TD_LTE_V2.3,中国移动TD-LTE皮站_飞站基站设备网络管理南向接口数据配置模型规范V2.3.xlsx,SJ,3,parameter,切换公共参数,Device.Services.FAPService.{i}.CellConfig.LTE.RAN.Mobility.ConnMode.IRAT.MeasQuantityUTRAFDD,Device,MeasQuantityUTRAFDD,Y,MeasQuantityUTRAFDD,UTRA测量量,A,,,RW,string,,,"CPICH-RSCP
CPICH-EcN0",,,定义B1、B2事件中3G系统测量量：答复ZTE 20,
CMCC_TD_LTE_V2.3,中国移动TD-LTE皮站_飞站基站设备网络管理南向接口数据配置模型规范V2.3.xlsx,SJ,2,parameter,切换公共参数,Device.Services.FAPService.{i}.CellConfig.LTE.RAN.Mobility.ConnMode.IRAT.QoffsetGERAN,Device,QoffsetGERAN,Y,QoffsetGERAN,GERAN频点偏移量,A,,OffsetFreqGeran,RW,string(128),,,GERAN小区频点偏移量,NRM数据配置要求,,修正参数类型,
CMCC_TD_LTE_V2.3,中国移动TD-LTE皮站_飞站基站设备网络管理南向接口数据配置模型规范V2.3.xlsx,SJ,5,parameter,切换公共参数,Device.Services.FAPService.{i}.CellConfig.LTE.RAN.Mobility.ConnMode.IRAT.QoffsetUTRA,Device,QoffsetUTRA,Y,QoffsetUTRA,UTRA频点偏移量,A,,OffsetFreqUtra,RW,string(128),,,UTRA小区频点偏移量,,,修正参数类型,
CMCC_TD_LTE_V2.3,中国移动TD-LTE皮站_飞站基站设备网络管理南向接口数据配置模型规范V2.3.xlsx,SJ,6,parameter,切换公共参数,InternetGatewayDevice.Services.FAPService.{i}.CellConfig.LTE.RAN.Mobility.ConnMode.EUTRA.MeasureCtrl.Smeasure,InternetGatewayDevice,Smeasure,Y,Smeasure,测量启动门限,A,,Smeasure,RW,unsignedInt[0:97],,,测量启动门限,,,修正参数类型,
CMCC_TD_LTE_V2.3,中国移动TD-LTE皮站_飞站基站设备网络管理南向接口数据配置模型规范V2.3.xlsx,SJ,4,parameter,切换公共参数,InternetGatewayDevice.Services.FAPService.{i}.CellConfig.LTE.RAN.Mobility.ConnMode.IRAT.MeasQuantityGERAN,InternetGatewayDevice,MeasQuantityGERAN,Y,MeasQuantityGERAN,GERAN测量量,A,,,RW,string,,,rrsi,,,定义B1、B2事件中2G系统测量量：答复ZTE 20,
CMCC_TD_LTE_V2.3,中国移动TD-LTE皮站_飞站基站设备网络管理南向接口数据配置模型规范V2.3.xlsx,SJ,3,parameter,切换公共参数,InternetGatewayDevice.Services.FAPService.{i}.CellConfig.LTE.RAN.Mobility.ConnMode.IRAT.MeasQuantityUTRAFDD,InternetGatewayDevice,MeasQuantityUTRAFDD,Y,MeasQuantityUTRAFDD,UTRA测量量,A,,,RW,string,,,"CPICH-RSCP
CPICH-EcN0",,,定义B1、B2事件中3G系统测量量：答复ZTE 20,
CMCC_TD_LTE_V2.3,中国移动TD-LTE皮站_飞站基站设备网络管理南向接口数据配置模型规范V2.3.xlsx,SJ,2,parameter,切换公共参数,InternetGatewayDevice.Services.FAPService.{i}.CellConfig.LTE.RAN.Mobility.ConnMode.IRAT.QoffsetGERAN,InternetGatewayDevice,QoffsetGERAN,Y,QoffsetGERAN,GERAN频点偏移量,A,,OffsetFreqGeran,RW,string(128),,,GERAN小区频点偏移量,NRM数据配置要求,,修正参数类型,
CMCC_TD_LTE_V2.3,中国移动TD-LTE皮站_飞站基站设备网络管理南向接口数据配置模型规范V2.3.xlsx,SJ,5,parameter,切换公共参数,InternetGatewayDevice.Services.FAPService.{i}.CellConfig.LTE.RAN.Mobility.ConnMode.IRAT.QoffsetUTRA,InternetGatewayDevice,QoffsetUTRA,Y,QoffsetUTRA,UTRA频点偏移量,A,,OffsetFreqUtra,RW,string(128),,,UTRA小区频点偏移量,,,修正参数类型,
CMCC_TD_LTE_V2.3,中国移动TD-LTE皮站_飞站基站设备网络管理南向接口数据配置模型规范V2.3.xlsx,SJ,297,parameter,同频重选参数,Device.Services.FAPService.{i}.CellConfig.LTE.RAN.Mobility.IdleMode.IntraFreq.AllowedMeasBandwidth,Device,AllowedMeasBandwidth,Y,AllowedMeasBandwidth,测量带宽,A,,AllowedMeasBandwidth,RW,"unsignedInt(6,15,25,50,75,100)",,,测量带宽,,,,
CMCC_TD_LTE_V2.3,中国移动TD-LTE皮站_飞站基站设备网络管理南向接口数据配置模型规范V2.3.xlsx,SJ,286,parameter,同频重选参数,Device.Services.FAPService.{i}.CellConfig.LTE.RAN.Mobility.IdleMode.IntraFreq.CellReselectionPriority,Device,CellReselectionPriority,Y,CellReselectionPriority,同频小区重选优先级,A,,CellReselectionPriority,RW,unsignedInt[0:7],,,频率间和RAT间小区重选过程中，E-UTRAN服务载频的决定优先级，该值越低，优先级越低,TR系列规范(TR098/TR181/TR196)/NRM数据配置要求,,,
CMCC_TD_LTE_V2.3,中国移动TD-LTE皮站_飞站基站设备网络管理南向接口数据配置模型规范V2.3.xlsx,SJ,287,parameter,同频重选参数,Device.Services.FAPService.{i}.CellConfig.LTE.RAN.Mobility.IdleMode.IntraFreq.PMax,Device,PMax,Y,PMax,UE允许最大发射功率,A,,PMax,RW,int[-30:33],,,,TR系列规范(TR098/TR181/TR196)/NRM数据配置要求,,修改参数名大小写，与TR196及北向NRM保持一致,
CMCC_TD_LTE_V2.3,中国移动TD-LTE皮站_飞站基站设备网络管理南向接口数据配置模型规范V2.3.xlsx,SJ,296,parameter,同频重选参数,Device.Services.FAPService.{i}.CellConfig.LTE.RAN.Mobility.IdleMode.IntraFreq.QQualMinOffsetR9,Device,QQualMinOffsetR9,Y,QQualMinOffsetR9,小区选择最低接入信号质量偏置,A,,QQualMinOffsetR9,RW,int[1:8],,,,,,北向映射关系调整,
CMCC_TD_LTE_V2.3,中国移动TD-LTE皮站_飞站基站设备网络管理南向接口数据配置模型规范V2.3.xlsx,SJ,294,parameter,同频重选参数,Device.Services.FAPService.{i}.CellConfig.LTE.RAN.Mobility.IdleMode.IntraFreq.QQualMinR9Reselection,Device,QQualMinR9Reselection,Y,QQualMinR9Reselection,小区重选最低接入信号质量,A,,QQualMinR9Reselection,RW,int[-34:-3],,,,,,"北向映射关系调整
修改TR098模型节点笔误InterFreq",
CMCC_TD_LTE_V2.3,中国移动TD-LTE皮站_飞站基站设备网络管理南向接口数据配置模型规范V2.3.xlsx,SJ,295,parameter,同频重选参数,Device.Services.FAPService.{i}.CellConfig.LTE.RAN.Mobility.IdleMode.IntraFreq.QQualMinR9Selection,Device,QQualMinR9Selection,Y,QQualMinR9Selection,小区选择最低接入信号质量,A,,QQualMinR9Selection,RW,int[-34:-3],,,,,,北向映射关系调整,
CMCC_TD_LTE_V2.3,中国移动TD-LTE皮站_飞站基站设备网络管理南向接口数据配置模型规范V2.3.xlsx,SJ,280,parameter,同频重选参数,Device.Services.FAPService.{i}.CellConfig.LTE.RAN.Mobility.IdleMode.IntraFreq.QRxLevMinOffset,Device,QRxLevMinOffset,Y,QRxLevMinOffset,最小接收电平偏移量,A,,QRxLevMinOffset,RW,unsignedInt[1:8],,,,TR系列规范(TR098/TR181/TR196)/NRM数据配置要求,,,
CMCC_TD_LTE_V2.3,中国移动TD-LTE皮站_飞站基站设备网络管理南向接口数据配置模型规范V2.3.xlsx,SJ,278,parameter,同频重选参数,Device.Services.FAPService.{i}.CellConfig.LTE.RAN.Mobility.IdleMode.IntraFreq.QRxLevMinSIB1,Device,QRxLevMinSIB1,Y,QRxLevMinSIB1,服务小区最小接收电平,A,,QRxLevMin,RW,int[-70:-22],,,"小区选择时，EUTRA小区的最小RSRP接收电平，用来控制E-UTRA小区选择的难易程度,单位：dBm",TR系列规范(TR098/TR181/TR196)/NRM数据配置要求,,类型修改为int,
CMCC_TD_LTE_V2.3,中国移动TD-LTE皮站_飞站基站设备网络管理南向接口数据配置模型规范V2.3.xlsx,SJ,279,parameter,同频重选参数,Device.Services.FAPService.{i}.CellConfig.LTE.RAN.Mobility.IdleMode.IntraFreq.QRxLevMinSIB3,Device,QRxLevMinSIB3,Y,QRxLevMinSIB3,同频邻区最小接收电平,A,,,RW,string(256),,,"同频内E-UTRA小区重选时，邻区的最小RSRP接收电平,单位：dBm",TR系列规范(TR098/TR181/TR196),,参数类型调整,
CMCC_TD_LTE_V2.3,中国移动TD-LTE皮站_飞站基站设备网络管理南向接口数据配置模型规范V2.3.xlsx,SJ,281,parameter,同频重选参数,Device.Services.FAPService.{i}.CellConfig.LTE.RAN.Mobility.IdleMode.IntraFreq.SIntraSearch,Device,SIntraSearch,Y,SIntraSearch,同频测量启动门限,A,,SIntraSearch,RW,string(128),,,小区重选时，频率内测量启动门限，实际值=IE值*2,TR系列规范(TR098/TR181/TR196)/NRM数据配置要求,,参数类型调整,
CMCC_TD_LTE_V2.3,中国移动TD-LTE皮站_飞站基站设备网络管理南向接口数据配置模型规范V2.3.xlsx,SJ,292,parameter,同频重选参数,Device.Services.FAPService.{i}.CellConfig.LTE.RAN.Mobility.IdleMode.IntraFreq.SIntraSearchPR9,Device,SIntraSearchPR9,Y,SIntraSearchPR9,同频RSRP测量启动门限,A,,SIntraSearchPR9,RW,unsignedInt[0:31],,,,NRM数据配置要求,,,
CMCC_TD_LTE_V2.3,中国移动TD-LTE皮站_飞站基站设备网络管理南向接口数据配置模型规范V2.3.xlsx,SJ,293,parameter,同频重选参数,Device.Services.FAPService.{i}.CellConfig.LTE.RAN.Mobility.IdleMode.IntraFreq.SIntraSearchQR9,Device,SIntraSearchQR9,Y,SIntraSearchQR9,同频RSRQ测量启动门限,A,,SIntraSearchQR9,RW,unsignedInt[0:31],,,,,,,
CMCC_TD_LTE_V2.3,中国移动TD-LTE皮站_飞站基站设备网络管理南向接口数据配置模型规范V2.3.xlsx,SJ,283,parameter,同频重选参数,Device.Services.FAPService.{i}.CellConfig.LTE.RAN.Mobility.IdleMode.IntraFreq.SNonIntraSearch,Device,SNonIntraSearch,Y,SNonIntraSearch,非同频测量启动门限,A,,SNonIntraSearch,RW,string(128),,,"频率间切换、低优先级或相等优先级RAT间切换的测量启动门限,单位：dB",TR系列规范(TR098/TR181/TR196),,北向对应关系调整,
CMCC_TD_LTE_V2.3,中国移动TD-LTE皮站_飞站基站设备网络管理南向接口数据配置模型规范V2.3.xlsx,SJ,284,parameter,同频重选参数,Device.Services.FAPService.{i}.CellConfig.LTE.RAN.Mobility.IdleMode.IntraFreq.SNonIntraSearchPR9,Device,SNonIntraSearchPR9,Y,SNonIntraSearchPR9,异频/异系统RSRP测量启动门限,A,,SNonIntraSearchPR9,RW,unsignedInt[0:31],,,,TR系列规范(TR098/TR181/TR196)/NRM数据配置要求,,新增参数映射北向,
CMCC_TD_LTE_V2.3,中国移动TD-LTE皮站_飞站基站设备网络管理南向接口数据配置模型规范V2.3.xlsx,SJ,285,parameter,同频重选参数,Device.Services.FAPService.{i}.CellConfig.LTE.RAN.Mobility.IdleMode.IntraFreq.SNonIntraSearchQR9,Device,SNonIntraSearchQR9,Y,SNonIntraSearchQR9,异频/异系统RSRQ测量启动门限,A,,SNonIntraSearchQR9,RW,unsignedInt[0:31],,,,TR系列规范(TR098/TR181/TR196)/NRM数据配置要求,,新增参数映射北向,
CMCC_TD_LTE_V2.3,中国移动TD-LTE皮站_飞站基站设备网络管理南向接口数据配置模型规范V2.3.xlsx,SJ,282,parameter,同频重选参数,Device.Services.FAPService.{i}.CellConfig.LTE.RAN.Mobility.IdleMode.IntraFreq.TReselectionEUTRA,Device,TReselectionEUTRA,Y,TReselectionEUTRA,同频小区重选时间,A,,TReselectionEutra,RW,string(32),,,同频EUTRA小区重选时间,TR系列规范(TR098/TR181/TR196)/NRM数据配置要求,,北向映射关系调整/参数类型调整,
CMCC_TD_LTE_V2.3,中国移动TD-LTE皮站_飞站基站设备网络管理南向接口数据配置模型规范V2.3.xlsx,SJ,291,parameter,同频重选参数,Device.Services.FAPService.{i}.CellConfig.LTE.RAN.Mobility.IdleMode.IntraFreq.TReselectionEUTRASFHigh,Device,TReselectionEUTRASFHigh,Y,TReselectionEUTRASFHigh,TReselectionUTRA比例因子(高速),A,,,RW,"unsignedInt[25, 50, 75, 100]",,,高速移动状态时，将TReselectionEUTRASFHigh加到TReselectionEUTRA上,TR系列规范(TR098/TR181/TR196)/NRM数据配置要求,,,
CMCC_TD_LTE_V2.3,中国移动TD-LTE皮站_飞站基站设备网络管理南向接口数据配置模型规范V2.3.xlsx,SJ,290,parameter,同频重选参数,Device.Services.FAPService.{i}.CellConfig.LTE.RAN.Mobility.IdleMode.IntraFreq.TReselectionEUTRASFMedium,Device,TReselectionEUTRASFMedium,Y,TReselectionEUTRASFMedium,TReselectionUTRA比例因子(中速),A,,,RW,"unsignedInt[25, 50, 75, 100]",,,中速移动状态时，将TReselectionEUTRASFMedium加到TReselectionEUTRA上,TR系列规范(TR098/TR181/TR196)/NRM数据配置要求,,北向映射关系调整,
CMCC_TD_LTE_V2.3,中国移动TD-LTE皮站_飞站基站设备网络管理南向接口数据配置模型规范V2.3.xlsx,SJ,288,parameter,同频重选参数,Device.Services.FAPService.{i}.CellConfig.LTE.RAN.Mobility.IdleMode.IntraFreq.ThreshServingLow,Device,ThreshServingLow,Y,ThreshServingLow,低优先级重选门限,A,,ThreshServingLow,RW,unsignedInt[0:31],,,"低优先级的E-UTRAN频率或RA重选时，服务频率的门限,实际值=IE值*2",TR系列规范(TR098/TR181/TR196),,新增参数映射北向,
CMCC_TD_LTE_V2.3,中国移动TD-LTE皮站_飞站基站设备网络管理南向接口数据配置模型规范V2.3.xlsx,SJ,289,parameter,同频重选参数,Device.Services.FAPService.{i}.CellConfig.LTE.RAN.Mobility.IdleMode.IntraFreq.ThreshServingLowQR9,Device,ThreshServingLowQR9,Y,ThreshServingLowQR9,服务频点低优先级RSRQ重选门限,A,,ThreshServingLowQR9,RW,unsignedInt[0:31],,,,TR系列规范(TR098/TR181/TR196)/NRM数据配置要求,,新增参数映射北向,
CMCC_5G_EXT_PICO_V1.9.4,中国移动5G扩展型皮基站网管南向接口数据模型规范v1.9.4.xlsx,SM,322,parameter,同频重选参数,Device.Services.FAPService.{i}.CellConfig.{i}.NR.RAN.Mobility.IdleMode.IntraFreq.BlackPhysCellIdRange,Device,BlackPhysCellIdRange,Y,BlackPhysCellIdRange,物理小区ID步进,A,,,RW,unsignedInt[0:14],,,"物理小区ID步进，
取值范围：[0~14，0x0FFFFFFF]
分别对应{ n4, n8, n12, n16, n24, n32, n48, n64, n84, n96, n128, n168, n252, n504, n1008，不存在 }
无效值为十六进制或十进制都可以",3GPP TS38.331,,,20231020-增加取值范围无效值说明
CMCC_5G_EXT_PICO_V1.9.4,中国移动5G扩展型皮基站网管南向接口数据模型规范v1.9.4.xlsx,SM,321,parameter,同频重选参数,Device.Services.FAPService.{i}.CellConfig.{i}.NR.RAN.Mobility.IdleMode.IntraFreq.BlackPhysCellIdStart,Device,BlackPhysCellIdStart,Y,BlackPhysCellIdStart,物理小区ID起始位置,A,,,RW,unsignedInt[0:1007],,,"协议里表示为： startPhysCellId物理小区ID起始，
取值范围：0~1007",3GPP TS38.331,,,
CMCC_5G_EXT_PICO_V1.9.4,中国移动5G扩展型皮基站网管南向接口数据模型规范v1.9.4.xlsx,SM,313,parameter,同频重选参数,Device.Services.FAPService.{i}.CellConfig.{i}.NR.RAN.Mobility.IdleMode.IntraFreq.CellReselectionPriority,Device,CellReselectionPriority,Y,CellReselectionPriority,同频小区重选优先级,A,,,RW,unsignedInt[0:7],,,"频率间和RAT间小区重选过程中，
E-UTRAN服务载频的决定优先级。对
应TS 38.331中SIB2的Cell Resel ectionPriority，取值范围：[0..7]",3GPP TS38.331,,,
CMCC_5G_EXT_PICO_V1.9.4,中国移动5G扩展型皮基站网管南向接口数据模型规范v1.9.4.xlsx,SM,314,parameter,同频重选参数,Device.Services.FAPService.{i}.CellConfig.{i}.NR.RAN.Mobility.IdleMode.IntraFreq.CellReselectionSubPriority,Device,CellReselectionSubPriority,Y,CellReselectionSubPriority,同频小区重选优先级附加值,A,,,RW,unsignedInt[0:3],,,"取值范围：[0..3] 和0x0FFFFFFF
分别代表{ oDot2, oDot4, oDot6, oDot8}和0x0FFFFFFF代表这个参数不存在",3GPP TS38.331,,,
CMCC_5G_EXT_PICO_V1.9.4,中国移动5G扩展型皮基站网管南向接口数据模型规范v1.9.4.xlsx,SM,320,parameter,同频重选参数,Device.Services.FAPService.{i}.CellConfig.{i}.NR.RAN.Mobility.IdleMode.IntraFreq.DeriveSSBIndexFromCell,Device,DeriveSSBIndexFromCell,Y,DeriveSSBIndexFromCell,指示UE能否根据服务小区来获取邻小区的SSB索引号,A,,,RW,boolean,,,取值范围：{0~1],3GPP TS38.331,,,
CMCC_5G_EXT_PICO_V1.9.4,中国移动5G扩展型皮基站网管南向接口数据模型规范v1.9.4.xlsx,SM,315,parameter,同频重选参数,Device.Services.FAPService.{i}.CellConfig.{i}.NR.RAN.Mobility.IdleMode.IntraFreq.Pmax,Device,Pmax,Y,Pmax,UE允许最大发射功率,A,,,RW,"int[-30:33,0x0FFFFFFF]",,,"该参数用来在服务频率上限制允许
的UE上行链路传输功率。用来计算
TS 38.304 中定义的Pcompensation 。对应38.331 中SIB2定义的p-Max，取值范围：[-30..33] 和0x0FFFFFFF
0x0FFFFFFF代表这个参数不存在",3GPP TS38.331,,,
CMCC_5G_EXT_PICO_V1.9.4,中国移动5G扩展型皮基站网管南向接口数据模型规范v1.9.4.xlsx,SM,319,parameter,同频重选参数,Device.Services.FAPService.{i}.CellConfig.{i}.NR.RAN.Mobility.IdleMode.IntraFreq.QQualMinSIB1,Device,QQualMinSIB1,Y,QQualMinSIB1,小区选择最低接入信号质量,A,,,RW,"int[-34:-3,0x0FFFFFFF]",,,"小区选择时，最小RSRP接收级别。实际值为该值乘以2得到。以dBm为单位。对应TS 38.331[3]中SIB1的q-QualMin，取值范围：[-34..-3]和0x0FFFFFFF
0x0FFFFFFF代表这个参数不存在",3GPP TS38.331,,,
CMCC_5G_EXT_PICO_V1.9.4,中国移动5G扩展型皮基站网管南向接口数据模型规范v1.9.4.xlsx,SM,318,parameter,同频重选参数,Device.Services.FAPService.{i}.CellConfig.{i}.NR.RAN.Mobility.IdleMode.IntraFreq.QQualMinSIB2,Device,QQualMinSIB2,Y,QQualMinSIB2,小区重选最低接入信号质量,A,,,RW,"int[-43:-12,0x0FFFFFFF]",,,"小区重选时，最小RSRP接收级别。实际值为该值乘以2得到。以dBm为单位。对应TS 38.331[3]中SIB2的q-QualMin，取值范围：[-43..-12]和0x0FFFFFFF
0x0FFFFFFF代表这个参数不存在",3GPP TS38.331,,,"20231020-修改类型中取值范围为Int[-43--12,0x0FFFFFFF]，修改描述中取值范围为[-43..-12]和0x0FFFFFFF。"
CMCC_5G_EXT_PICO_V1.9.4,中国移动5G扩展型皮基站网管南向接口数据模型规范v1.9.4.xlsx,SM,308,parameter,同频重选参数,Device.Services.FAPService.{i}.CellConfig.{i}.NR.RAN.Mobility.IdleMode.IntraFreq.QRxLevMinOffset,Device,QRxLevMinOffset,Y,QRxLevMinOffset,最小接收电平偏移量,A,,,RW,unsignedInt[1:8],,,"小区选择时，相对Qrxlevmin的偏移值，当驻留在VPLMN中周期性搜索更高优先级的PLMN时用于计算S准则, 对应IE为q-RxLevMinOffset。",3GPP TS38.331,,,
CMCC_5G_EXT_PICO_V1.9.4,中国移动5G扩展型皮基站网管南向接口数据模型规范v1.9.4.xlsx,SM,305,parameter,同频重选参数,Device.Services.FAPService.{i}.CellConfig.{i}.NR.RAN.Mobility.IdleMode.IntraFreq.QRxLevMinSIB1,Device,QRxLevMinSIB1,Y,QRxLevMinSIB1,服务小区最小接收电平,A,,,RW,int[-70:-22],,,"小区选择时，服务小区的最小RSRP接收电平，用来控制小区选择的难易程度,单位：dBm",3GPP TS38.331,,,
CMCC_5G_EXT_PICO_V1.9.4,中国移动5G扩展型皮基站网管南向接口数据模型规范v1.9.4.xlsx,SM,306,parameter,同频重选参数,Device.Services.FAPService.{i}.CellConfig.{i}.NR.RAN.Mobility.IdleMode.IntraFreq.QRxLevMinSIB2,Device,QRxLevMinSIB2,Y,QRxLevMinSIB2,同频邻区最小接收电平,A,,,RW,int[-70:-22],,,"同频小区重选时，邻区的最小RSRP接收电平,单位：dBm",3GPP TS38.331,,,
CMCC_5G_EXT_PICO_V1.9.4,中国移动5G扩展型皮基站网管南向接口数据模型规范v1.9.4.xlsx,SM,309,parameter,同频重选参数,Device.Services.FAPService.{i}.CellConfig.{i}.NR.RAN.Mobility.IdleMode.IntraFreq.Qoffsettemp,Device,Qoffsettemp,Y,QOffsettemp,小区临时偏移量,A,,,RW,unsignedInt[1:15],,,小区临时偏移量,3GPP TS38.331,,,
CMCC_5G_EXT_PICO_V1.9.4,中国移动5G扩展型皮基站网管南向接口数据模型规范v1.9.4.xlsx,SM,307,parameter,同频重选参数,Device.Services.FAPService.{i}.CellConfig.{i}.NR.RAN.Mobility.IdleMode.IntraFreq.Qqualminoffset,Device,Qqualminoffset,Y,Qqualminoffset,小区选择最低接入信号质量偏移值,A,,,RW,unsignedInt[0:8],,,"小区选择时,相对Qqualmin的偏移值，当驻留在VPLMN中周期性搜索更高优先级的PLMN时用于计算S准则，对应IE为q-QualMinOffset
注：当缺省配置时，UE默认为该值为0dB；",3GPP TS38.331,,,20231020-类型取值范围修改为0-8
CMCC_5G_EXT_PICO_V1.9.4,中国移动5G扩展型皮基站网管南向接口数据模型规范v1.9.4.xlsx,SM,310,parameter,同频重选参数,Device.Services.FAPService.{i}.CellConfig.{i}.NR.RAN.Mobility.IdleMode.IntraFreq.SIntraSearchP,Device,SIntraSearchP,Y,SIntraSearchP,同频测量启动门限RSRP,A,,,RW,unsignedInt[0:31],,,"频率内测量值门限。实际值为该值乘以2得到，以dB为单位。对应TS 38.331定义的s-IntraSearchP，
取值范围[0..31]",3GPP TS38.331,,,
CMCC_5G_EXT_PICO_V1.9.4,中国移动5G扩展型皮基站网管南向接口数据模型规范v1.9.4.xlsx,SM,311,parameter,同频重选参数,Device.Services.FAPService.{i}.CellConfig.{i}.NR.RAN.Mobility.IdleMode.IntraFreq.SIntraSearchQ,Device,SIntraSearchQ,Y,SIntraSearchQ,同频测量启动门限RSRQ,A,,,RW,"unsignedInt[0:31,0x0FFFFFFF]",,,"IE value [dB]，
取值范围：[0~31]和0x0FFFFFFF
0x0FFFFFFF代表这个参数不存在",3GPP TS38.331,,,
CMCC_5G_EXT_PICO_V1.9.4,中国移动5G扩展型皮基站网管南向接口数据模型规范v1.9.4.xlsx,SM,323,parameter,同频重选参数,Device.Services.FAPService.{i}.CellConfig.{i}.NR.RAN.Mobility.IdleMode.IntraFreq.SNonIntraSearchP,Device,SNonIntraSearchP,Y,SNonIntraSearchP,同频RSRP测量启动门限,A,,,RW,"unsignedInt[0:31,0x0FFFFFFF]",,,"频率间切换和低优先级或相等优先级
RAT间切换测量门限。实际值为该值乘以2，以dB为单位。对应TS 38.3318中的s-NonIntraSearch，
取值范围;[0..31]和0x0FFFFFFF
0x0FFFFFFF代表这个参数不存在",3GPP TS38.331,,,
CMCC_5G_EXT_PICO_V1.9.4,中国移动5G扩展型皮基站网管南向接口数据模型规范v1.9.4.xlsx,SM,324,parameter,同频重选参数,Device.Services.FAPService.{i}.CellConfig.{i}.NR.RAN.Mobility.IdleMode.IntraFreq.SNonIntraSearchQ,Device,SNonIntraSearchQ,Y,SNonIntraSearchQ,同频RSRQ测量启动门限,A,,,RW,"unsignedInt[0:31,0x0FFFFFFF]",,,"IE value [dB]，
取值范围：[0~31]和0x0FFFFFFF
0x0FFFFFFF代表这个参数不存在",3GPP TS38.331,,,
CMCC_5G_EXT_PICO_V1.9.4,中国移动5G扩展型皮基站网管南向接口数据模型规范v1.9.4.xlsx,SM,312,parameter,同频重选参数,Device.Services.FAPService.{i}.CellConfig.{i}.NR.RAN.Mobility.IdleMode.IntraFreq.TReselectionNR,Device,TReselectionNR,Y,TReselectionNR,同频小区重选时间,A,,,RW,unsignedInt[0:7],,,"频率内NR小区重选定时器。以秒为单位。对应TS 38.331定义的t-ReselectionNR，
取值范围：{0..7]",3GPP TS38.331,,,
CMCC_5G_EXT_PICO_V1.9.4,中国移动5G扩展型皮基站网管南向接口数据模型规范v1.9.4.xlsx,SM,316,parameter,同频重选参数,Device.Services.FAPService.{i}.CellConfig.{i}.NR.RAN.Mobility.IdleMode.IntraFreq.ThreshServingLowP,Device,ThreshServingLowP,Y,ThreshServingLowP,低优先级重选门限,A,,,RW,unsignedInt[0:31],,,"评估向低优先级的E-UTRAN频率或
RA重选时，服务频率的门限。实际
值由该值乘以2，以dB为单位。对应
TS 38.331中的threshServingLowP，取值范围：[0..31]",3GPP TS38.331,,,
CMCC_5G_EXT_PICO_V1.9.4,中国移动5G扩展型皮基站网管南向接口数据模型规范v1.9.4.xlsx,SM,317,parameter,同频重选参数,Device.Services.FAPService.{i}.CellConfig.{i}.NR.RAN.Mobility.IdleMode.IntraFreq.ThreshServingLowQ,Device,ThreshServingLowQ,Y,ThreshServingLowQ,服务频点低优先级RSRQ重选门限,A,,,RW,"unsignedInt[0:31,0x0FFFFFFF]",,,"IE value [dB]，
取值范围：[0~31]和0x0FFFFFFF
0x0FFFFFFF代表这个参数不存在",3GPP TS38.331,,,
CMCC_TD_LTE_V2.3,中国移动TD-LTE皮站_飞站基站设备网络管理南向接口数据配置模型规范V2.3.xlsx,SJ,297,parameter,同频重选参数,InternetGatewayDevice.Services.FAPService.{i}.CellConfig.LTE.RAN.Mobility.IdleMode.IntraFreq.AllowedMeasBandwidth,InternetGatewayDevice,AllowedMeasBandwidth,Y,AllowedMeasBandwidth,测量带宽,A,,AllowedMeasBandwidth,RW,"unsignedInt(6,15,25,50,75,100)",,,测量带宽,,,,
CMCC_TD_LTE_V2.3,中国移动TD-LTE皮站_飞站基站设备网络管理南向接口数据配置模型规范V2.3.xlsx,SJ,286,parameter,同频重选参数,InternetGatewayDevice.Services.FAPService.{i}.CellConfig.LTE.RAN.Mobility.IdleMode.IntraFreq.CellReselectionPriority,InternetGatewayDevice,CellReselectionPriority,Y,CellReselectionPriority,同频小区重选优先级,A,,CellReselectionPriority,RW,unsignedInt[0:7],,,频率间和RAT间小区重选过程中，E-UTRAN服务载频的决定优先级，该值越低，优先级越低,TR系列规范(TR098/TR181/TR196)/NRM数据配置要求,,,
CMCC_TD_LTE_V2.3,中国移动TD-LTE皮站_飞站基站设备网络管理南向接口数据配置模型规范V2.3.xlsx,SJ,287,parameter,同频重选参数,InternetGatewayDevice.Services.FAPService.{i}.CellConfig.LTE.RAN.Mobility.IdleMode.IntraFreq.PMax,InternetGatewayDevice,PMax,Y,PMax,UE允许最大发射功率,A,,PMax,RW,int[-30:33],,,,TR系列规范(TR098/TR181/TR196)/NRM数据配置要求,,修改参数名大小写，与TR196及北向NRM保持一致,
CMCC_TD_LTE_V2.3,中国移动TD-LTE皮站_飞站基站设备网络管理南向接口数据配置模型规范V2.3.xlsx,SJ,296,parameter,同频重选参数,InternetGatewayDevice.Services.FAPService.{i}.CellConfig.LTE.RAN.Mobility.IdleMode.IntraFreq.QQualMinOffsetR9,InternetGatewayDevice,QQualMinOffsetR9,Y,QQualMinOffsetR9,小区选择最低接入信号质量偏置,A,,QQualMinOffsetR9,RW,int[1:8],,,,,,北向映射关系调整,
CMCC_TD_LTE_V2.3,中国移动TD-LTE皮站_飞站基站设备网络管理南向接口数据配置模型规范V2.3.xlsx,SJ,294,parameter,同频重选参数,InternetGatewayDevice.Services.FAPService.{i}.CellConfig.LTE.RAN.Mobility.IdleMode.IntraFreq.QQualMinR9Reselection,InternetGatewayDevice,QQualMinR9Reselection,Y,QQualMinR9Reselection,小区重选最低接入信号质量,A,,QQualMinR9Reselection,RW,int[-34:-3],,,,,,"北向映射关系调整
修改TR098模型节点笔误InterFreq",
CMCC_TD_LTE_V2.3,中国移动TD-LTE皮站_飞站基站设备网络管理南向接口数据配置模型规范V2.3.xlsx,SJ,295,parameter,同频重选参数,InternetGatewayDevice.Services.FAPService.{i}.CellConfig.LTE.RAN.Mobility.IdleMode.IntraFreq.QQualMinR9Selection,InternetGatewayDevice,QQualMinR9Selection,Y,QQualMinR9Selection,小区选择最低接入信号质量,A,,QQualMinR9Selection,RW,int[-34:-3],,,,,,北向映射关系调整,
CMCC_TD_LTE_V2.3,中国移动TD-LTE皮站_飞站基站设备网络管理南向接口数据配置模型规范V2.3.xlsx,SJ,280,parameter,同频重选参数,InternetGatewayDevice.Services.FAPService.{i}.CellConfig.LTE.RAN.Mobility.IdleMode.IntraFreq.QRxLevMinOffset,InternetGatewayDevice,QRxLevMinOffset,Y,QRxLevMinOffset,最小接收电平偏移量,A,,QRxLevMinOffset,RW,unsignedInt[1:8],,,,TR系列规范(TR098/TR181/TR196)/NRM数据配置要求,,,
CMCC_TD_LTE_V2.3,中国移动TD-LTE皮站_飞站基站设备网络管理南向接口数据配置模型规范V2.3.xlsx,SJ,278,parameter,同频重选参数,InternetGatewayDevice.Services.FAPService.{i}.CellConfig.LTE.RAN.Mobility.IdleMode.IntraFreq.QRxLevMinSIB1,InternetGatewayDevice,QRxLevMinSIB1,Y,QRxLevMinSIB1,服务小区最小接收电平,A,,QRxLevMin,RW,int[-70:-22],,,"小区选择时，EUTRA小区的最小RSRP接收电平，用来控制E-UTRA小区选择的难易程度,单位：dBm",TR系列规范(TR098/TR181/TR196)/NRM数据配置要求,,类型修改为int,
CMCC_TD_LTE_V2.3,中国移动TD-LTE皮站_飞站基站设备网络管理南向接口数据配置模型规范V2.3.xlsx,SJ,279,parameter,同频重选参数,InternetGatewayDevice.Services.FAPService.{i}.CellConfig.LTE.RAN.Mobility.IdleMode.IntraFreq.QRxLevMinSIB3,InternetGatewayDevice,QRxLevMinSIB3,Y,QRxLevMinSIB3,同频邻区最小接收电平,A,,,RW,string(256),,,"同频内E-UTRA小区重选时，邻区的最小RSRP接收电平,单位：dBm",TR系列规范(TR098/TR181/TR196),,参数类型调整,
CMCC_TD_LTE_V2.3,中国移动TD-LTE皮站_飞站基站设备网络管理南向接口数据配置模型规范V2.3.xlsx,SJ,281,parameter,同频重选参数,InternetGatewayDevice.Services.FAPService.{i}.CellConfig.LTE.RAN.Mobility.IdleMode.IntraFreq.SIntraSearch,InternetGatewayDevice,SIntraSearch,Y,SIntraSearch,同频测量启动门限,A,,SIntraSearch,RW,string(128),,,小区重选时，频率内测量启动门限，实际值=IE值*2,TR系列规范(TR098/TR181/TR196)/NRM数据配置要求,,参数类型调整,
CMCC_TD_LTE_V2.3,中国移动TD-LTE皮站_飞站基站设备网络管理南向接口数据配置模型规范V2.3.xlsx,SJ,292,parameter,同频重选参数,InternetGatewayDevice.Services.FAPService.{i}.CellConfig.LTE.RAN.Mobility.IdleMode.IntraFreq.SIntraSearchPR9,InternetGatewayDevice,SIntraSearchPR9,Y,SIntraSearchPR9,同频RSRP测量启动门限,A,,SIntraSearchPR9,RW,unsignedInt[0:31],,,,NRM数据配置要求,,,
CMCC_TD_LTE_V2.3,中国移动TD-LTE皮站_飞站基站设备网络管理南向接口数据配置模型规范V2.3.xlsx,SJ,293,parameter,同频重选参数,InternetGatewayDevice.Services.FAPService.{i}.CellConfig.LTE.RAN.Mobility.IdleMode.IntraFreq.SIntraSearchQR9,InternetGatewayDevice,SIntraSearchQR9,Y,SIntraSearchQR9,同频RSRQ测量启动门限,A,,SIntraSearchQR9,RW,unsignedInt[0:31],,,,,,,
CMCC_TD_LTE_V2.3,中国移动TD-LTE皮站_飞站基站设备网络管理南向接口数据配置模型规范V2.3.xlsx,SJ,283,parameter,同频重选参数,InternetGatewayDevice.Services.FAPService.{i}.CellConfig.LTE.RAN.Mobility.IdleMode.IntraFreq.SNonIntraSearch,InternetGatewayDevice,SNonIntraSearch,Y,SNonIntraSearch,非同频测量启动门限,A,,SNonIntraSearch,RW,string(128),,,"频率间切换、低优先级或相等优先级RAT间切换的测量启动门限,单位：dB",TR系列规范(TR098/TR181/TR196),,北向对应关系调整,
CMCC_TD_LTE_V2.3,中国移动TD-LTE皮站_飞站基站设备网络管理南向接口数据配置模型规范V2.3.xlsx,SJ,284,parameter,同频重选参数,InternetGatewayDevice.Services.FAPService.{i}.CellConfig.LTE.RAN.Mobility.IdleMode.IntraFreq.SNonIntraSearchPR9,InternetGatewayDevice,SNonIntraSearchPR9,Y,SNonIntraSearchPR9,异频/异系统RSRP测量启动门限,A,,SNonIntraSearchPR9,RW,unsignedInt[0:31],,,,TR系列规范(TR098/TR181/TR196)/NRM数据配置要求,,新增参数映射北向,
CMCC_TD_LTE_V2.3,中国移动TD-LTE皮站_飞站基站设备网络管理南向接口数据配置模型规范V2.3.xlsx,SJ,285,parameter,同频重选参数,InternetGatewayDevice.Services.FAPService.{i}.CellConfig.LTE.RAN.Mobility.IdleMode.IntraFreq.SNonIntraSearchQR9,InternetGatewayDevice,SNonIntraSearchQR9,Y,SNonIntraSearchQR9,异频/异系统RSRQ测量启动门限,A,,SNonIntraSearchQR9,RW,unsignedInt[0:31],,,,TR系列规范(TR098/TR181/TR196)/NRM数据配置要求,,新增参数映射北向,
CMCC_TD_LTE_V2.3,中国移动TD-LTE皮站_飞站基站设备网络管理南向接口数据配置模型规范V2.3.xlsx,SJ,282,parameter,同频重选参数,InternetGatewayDevice.Services.FAPService.{i}.CellConfig.LTE.RAN.Mobility.IdleMode.IntraFreq.TReselectionEUTRA,InternetGatewayDevice,TReselectionEUTRA,Y,TReselectionEUTRA,同频小区重选时间,A,,TReselectionEutra,RW,string(32),,,同频EUTRA小区重选时间,TR系列规范(TR098/TR181/TR196)/NRM数据配置要求,,北向映射关系调整/参数类型调整,
CMCC_TD_LTE_V2.3,中国移动TD-LTE皮站_飞站基站设备网络管理南向接口数据配置模型规范V2.3.xlsx,SJ,291,parameter,同频重选参数,InternetGatewayDevice.Services.FAPService.{i}.CellConfig.LTE.RAN.Mobility.IdleMode.IntraFreq.TReselectionEUTRASFHigh,InternetGatewayDevice,TReselectionEUTRASFHigh,Y,TReselectionEUTRASFHigh,TReselectionUTRA比例因子(高速),A,,,RW,"unsignedInt[25, 50, 75, 100]",,,高速移动状态时，将TReselectionEUTRASFHigh加到TReselectionEUTRA上,TR系列规范(TR098/TR181/TR196)/NRM数据配置要求,,,
CMCC_TD_LTE_V2.3,中国移动TD-LTE皮站_飞站基站设备网络管理南向接口数据配置模型规范V2.3.xlsx,SJ,290,parameter,同频重选参数,InternetGatewayDevice.Services.FAPService.{i}.CellConfig.LTE.RAN.Mobility.IdleMode.IntraFreq.TReselectionEUTRASFMedium,InternetGatewayDevice,TReselectionEUTRASFMedium,Y,TReselectionEUTRASFMedium,TReselectionUTRA比例因子(中速),A,,,RW,"unsignedInt[25, 50, 75, 100]",,,中速移动状态时，将TReselectionEUTRASFMedium加到TReselectionEUTRA上,TR系列规范(TR098/TR181/TR196)/NRM数据配置要求,,北向映射关系调整,
CMCC_TD_LTE_V2.3,中国移动TD-LTE皮站_飞站基站设备网络管理南向接口数据配置模型规范V2.3.xlsx,SJ,288,parameter,同频重选参数,InternetGatewayDevice.Services.FAPService.{i}.CellConfig.LTE.RAN.Mobility.IdleMode.IntraFreq.ThreshServingLow,InternetGatewayDevice,ThreshServingLow,Y,ThreshServingLow,低优先级重选门限,A,,ThreshServingLow,RW,unsignedInt[0:31],,,"低优先级的E-UTRAN频率或RA重选时，服务频率的门限,实际值=IE值*2",TR系列规范(TR098/TR181/TR196),,新增参数映射北向,
CMCC_TD_LTE_V2.3,中国移动TD-LTE皮站_飞站基站设备网络管理南向接口数据配置模型规范V2.3.xlsx,SJ,289,parameter,同频重选参数,InternetGatewayDevice.Services.FAPService.{i}.CellConfig.LTE.RAN.Mobility.IdleMode.IntraFreq.ThreshServingLowQR9,InternetGatewayDevice,ThreshServingLowQR9,Y,ThreshServingLowQR9,服务频点低优先级RSRQ重选门限,A,,ThreshServingLowQR9,RW,unsignedInt[0:31],,,,TR系列规范(TR098/TR181/TR196)/NRM数据配置要求,,新增参数映射北向,
CMCC_5G_EXT_PICO_V1.9.4,中国移动5G扩展型皮基站网管南向接口数据模型规范v1.9.4.xlsx,SD,23,parameter,告警管理,Device.FaultMgmt.CurrentAlarm.{i}.AdditionalInformation,Device,AdditionalInformation,Y,AdditionalInformation,告警附加信息,A,,,R,string(256),,,（格式：英文）统一采用此参数作为告警附加信息，映射到北向的AlarmText字段,,,,
CMCC_5G_EXT_PICO_V1.9.4,中国移动5G扩展型皮基站网管南向接口数据模型规范v1.9.4.xlsx,SD,22,parameter,告警管理,Device.FaultMgmt.CurrentAlarm.{i}.AdditionalText,Device,AdditionalText,Y,AdditionalText,告警附加文本,A,,,R,string(256),,,本规范规定内容为厂家告警编码,,,,
CMCC_5G_EXT_PICO_V1.9.4,中国移动5G扩展型皮基站网管南向接口数据模型规范v1.9.4.xlsx,SD,15,parameter,告警管理,Device.FaultMgmt.CurrentAlarm.{i}.AlarmChangedTime,Device,AlarmChangedTime,Y,AlarmChangedTime,告警改变时间,A,,,R,dateTime,,,,,,,
CMCC_5G_EXT_PICO_V1.9.4,中国移动5G扩展型皮基站网管南向接口数据模型规范v1.9.4.xlsx,SD,13,parameter,告警管理,Device.FaultMgmt.CurrentAlarm.{i}.AlarmIdentifier,Device,AlarmIdentifier,Y,AlarmIdentifier,该告警的唯一序列号,A,,,R,string(20),,,,,,,
CMCC_5G_EXT_PICO_V1.9.4,中国移动5G扩展型皮基站网管南向接口数据模型规范v1.9.4.xlsx,SD,14,parameter,告警管理,Device.FaultMgmt.CurrentAlarm.{i}.AlarmRaisedTime,Device,AlarmRaisedTime,Y,AlarmRaisedTime,告警发生时间,A,,,R,dateTime,,,,,,,
CMCC_5G_EXT_PICO_V1.9.4,中国移动5G扩展型皮基站网管南向接口数据模型规范v1.9.4.xlsx,SD,18,parameter,告警管理,Device.FaultMgmt.CurrentAlarm.{i}.EventType,Device,EventType,Y,EventType,告警类型,A,,,R,string(64),,,"Enumerate{
Communications Alarm,
Processing Error Alarm,
Environmental Alarm,
Quality Of Service Alarm,
Equipment Alarm
}
设备上报告警消息中的告警类型，包括通讯告警、环境告警、设备告警、处理错误告警、服务质量告警等",,3GPP 32111-5-900,,20231020-按照3GPP格式修改描述
CMCC_5G_EXT_PICO_V1.9.4,中国移动5G扩展型皮基站网管南向接口数据模型规范v1.9.4.xlsx,SD,16,parameter,告警管理,Device.FaultMgmt.CurrentAlarm.{i}.FaultLocation,Device,FaultLocation,Y,FaultLocation,告警源定位信息,A,,,R,string(512),,,表示故障源对应的资源对象信息，通常用管理对象实例（MOI）的DN表示。其中对于MOI的DN定义，5G皮基站参考《中国移动5G扩展型皮基站网管南向接口数据模型规范》相关说明，4G皮基站参考《中国移动一体化皮站_飞站基站设备网络管理南向接口数据配置模型规范》相关说明,,《中国移动无线三方设备综合OMC南向接口要求 第2部分：皮基站技术要求_0629》,,
CMCC_5G_EXT_PICO_V1.9.4,中国移动5G扩展型皮基站网管南向接口数据模型规范v1.9.4.xlsx,SD,17,parameter,告警管理,Device.FaultMgmt.CurrentAlarm.{i}.ManagedObjectInstance,Device,ManagedObjectInstance,Y,ManagedObjectInstance,管理对象实例,A,,,R,string(512),,,定义了承载该对象实例DN时发生的基站告警的信息对象等级的实例,,手动同步告警采用该模型节点上报,,
CMCC_5G_EXT_PICO_V1.9.4,中国移动5G扩展型皮基站网管南向接口数据模型规范v1.9.4.xlsx,SD,21,parameter,告警管理,Device.FaultMgmt.CurrentAlarm.{i}.PerceivedSeverity,Device,PerceivedSeverity,Y,PerceivedSeverity,当前告警级别,A,,,R,string,,,"设备上报告警消息中的告警级别：Critical,严重；Major,重要；Minor,次要；Warning,警告；",,,,
CMCC_5G_EXT_PICO_V1.9.4,中国移动5G扩展型皮基站网管南向接口数据模型规范v1.9.4.xlsx,SD,19,parameter,告警管理,Device.FaultMgmt.CurrentAlarm.{i}.ProbableCause,Device,ProbableCause,Y,ProbableCause,告警原因,A,,,R,string(64),,,,,3GPP 32111-5-900,,
CMCC_5G_EXT_PICO_V1.9.4,中国移动5G扩展型皮基站网管南向接口数据模型规范v1.9.4.xlsx,SD,20,parameter,告警管理,Device.FaultMgmt.CurrentAlarm.{i}.SpecificProblem,Device,SpecificProblem,Y,SpecificProblem,告警描述,A,,,R,string(512),,,,,,,20221118-修订
CMCC_5G_EXT_PICO_V1.9.4,中国移动5G扩展型皮基站网管南向接口数据模型规范v1.9.4.xlsx,SD,4,parameter,告警管理,Device.FaultMgmt.CurrentAlarmNumberOfEntries,Device,CurrentAlarmNumberOfEntries,N,CurrentAlarmNumberOfEntries,当前告警实例数量,A,,,R,unsignedInt,,,,,,,
CMCC_5G_EXT_PICO_V1.9.4,中国移动5G扩展型皮基站网管南向接口数据模型规范v1.9.4.xlsx,SD,45,parameter,告警管理,Device.FaultMgmt.ExpeditedEvent.{i}.AdditionalInformation,Device,AdditionalInformation,Y,AdditionalInformation,告警附加信息,A,,,R,string(256),,,格式：英文。统一采用此参数作为告警附加信息，映射到北向的AlarmText字段,,,,
CMCC_5G_EXT_PICO_V1.9.4,中国移动5G扩展型皮基站网管南向接口数据模型规范v1.9.4.xlsx,SD,44,parameter,告警管理,Device.FaultMgmt.ExpeditedEvent.{i}.AdditionalText,Device,AdditionalText,Y,AdditionalText,告警附加文本,A,,,R,string(256),,,本规范规定内容为厂家告警编码,,,,
CMCC_5G_EXT_PICO_V1.9.4,中国移动5G扩展型皮基站网管南向接口数据模型规范v1.9.4.xlsx,SD,36,parameter,告警管理,Device.FaultMgmt.ExpeditedEvent.{i}.AlarmIdentifier,Device,AlarmIdentifier,Y,AlarmIdentifier,该告警的唯一序列号,A,,,R,string(20),,,,,,,
CMCC_5G_EXT_PICO_V1.9.4,中国移动5G扩展型皮基站网管南向接口数据模型规范v1.9.4.xlsx,SD,35,parameter,告警管理,Device.FaultMgmt.ExpeditedEvent.{i}.EventTime,Device,EventTime,Y,EventTime,告警发生、改变、清除的时间,A,,,R,dateTime,,,,,,,
CMCC_5G_EXT_PICO_V1.9.4,中国移动5G扩展型皮基站网管南向接口数据模型规范v1.9.4.xlsx,SD,40,parameter,告警管理,Device.FaultMgmt.ExpeditedEvent.{i}.EventType,Device,EventType,Y,EventType,告警类型,A,,,R,string(64),,,"Enumerate{
Communications Alarm,
Processing Error Alarm,
Environmental Alarm,
Quality Of Service Alarm,
Equipment Alarm
}
设备上报告警消息中的告警类型，包括通讯告警、环境告警、设备告警、处理错误告警、服务质量告警等",,3GPP 32111-5-900,,20231020-按照3GPP格式修改描述
CMCC_5G_EXT_PICO_V1.9.4,中国移动5G扩展型皮基站网管南向接口数据模型规范v1.9.4.xlsx,SD,38,parameter,告警管理,Device.FaultMgmt.ExpeditedEvent.{i}.FaultLocation,Device,FaultLocation,Y,FaultLocation,告警源定位信息,A,,,R,string(512),,,表示故障源对应的资源对象信息，通常用管理对象实例（MOI）的DN表示。其中对于MOI的DN定义，5G皮基站参考《中国移动5G扩展型皮基站网管南向接口数据模型规范》相关说明，4G皮基站参考《中国移动一体化皮站_飞站基站设备网络管理南向接口数据配置模型规范》相关说明,,《中国移动无线三方设备综合OMC南向接口要求 第2部分：皮基站技术要求_0629》,,
CMCC_5G_EXT_PICO_V1.9.4,中国移动5G扩展型皮基站网管南向接口数据模型规范v1.9.4.xlsx,SD,39,parameter,告警管理,Device.FaultMgmt.ExpeditedEvent.{i}.ManagedObjectInstance,Device,ManagedObjectInstance,Y,ManagedObjectInstance,管理对象实例,A,,,R,string(512),,,定义了承载该对象实例DN时发生的基站告警的信息对象等级的实例,,,,
CMCC_5G_EXT_PICO_V1.9.4,中国移动5G扩展型皮基站网管南向接口数据模型规范v1.9.4.xlsx,SD,37,parameter,告警管理,Device.FaultMgmt.ExpeditedEvent.{i}.NotificationType,Device,NotificationType,Y,NotificationType,通知类型,A,,,R,string,,,"指示告警通知类型
Enumerate{
   NewAlarm,
   ChangedAlarm,
   ClearedAlarm
}",,,,20231020-补充TR181的具体描述
CMCC_5G_EXT_PICO_V1.9.4,中国移动5G扩展型皮基站网管南向接口数据模型规范v1.9.4.xlsx,SD,43,parameter,告警管理,Device.FaultMgmt.ExpeditedEvent.{i}.PerceivedSeverity,Device,PerceivedSeverity,Y,PerceivedSeverity,告警级别,A,,,R,string,,,"设备上报告警消息中的告警级别：Critical,严重；Major,重要；Minor,次要；Warning,警告；",,,,
CMCC_5G_EXT_PICO_V1.9.4,中国移动5G扩展型皮基站网管南向接口数据模型规范v1.9.4.xlsx,SD,41,parameter,告警管理,Device.FaultMgmt.ExpeditedEvent.{i}.ProbableCause,Device,ProbableCause,Y,ProbableCause,告警原因,A,,,R,string(64),,,,,3GPP 32111-5-900,,
CMCC_5G_EXT_PICO_V1.9.4,中国移动5G扩展型皮基站网管南向接口数据模型规范v1.9.4.xlsx,SD,42,parameter,告警管理,Device.FaultMgmt.ExpeditedEvent.{i}.SpecificProblem,Device,SpecificProblem,Y,SpecificProblem,告警描述,A,,,R,string(512),,,,,,,20221118-修订
CMCC_5G_EXT_PICO_V1.9.4,中国移动5G扩展型皮基站网管南向接口数据模型规范v1.9.4.xlsx,SD,6,parameter,告警管理,Device.FaultMgmt.ExpeditedEventNumberOfEntries,Device,ExpeditedEventNumberOfEntries,N,ExpeditedEventNumberOfEntries,紧急事件实例数量,A,,,R,unsignedInt,,,,,,,
CMCC_5G_EXT_PICO_V1.9.4,中国移动5G扩展型皮基站网管南向接口数据模型规范v1.9.4.xlsx,SD,34,parameter,告警管理,Device.FaultMgmt.HistoryEvent.{i}.AdditionalInformation,Device,AdditionalInformation,Y,AdditionalInformation,告警附加信息,A,,,R,string(256),,,格式：英文。统一采用此参数作为告警附加信息，映射到北向的AlarmText字段,,,,
CMCC_5G_EXT_PICO_V1.9.4,中国移动5G扩展型皮基站网管南向接口数据模型规范v1.9.4.xlsx,SD,33,parameter,告警管理,Device.FaultMgmt.HistoryEvent.{i}.AdditionalText,Device,AdditionalText,Y,AdditionalText,告警附加文本,A,,,R,string(256),,,本规范规定内容为厂家告警编码,,,,
CMCC_5G_EXT_PICO_V1.9.4,中国移动5G扩展型皮基站网管南向接口数据模型规范v1.9.4.xlsx,SD,25,parameter,告警管理,Device.FaultMgmt.HistoryEvent.{i}.AlarmIdentifier,Device,AlarmIdentifier,Y,AlarmIdentifier,该告警的唯一序列号,A,,,R,string(20),,,,,,,
CMCC_5G_EXT_PICO_V1.9.4,中国移动5G扩展型皮基站网管南向接口数据模型规范v1.9.4.xlsx,SD,24,parameter,告警管理,Device.FaultMgmt.HistoryEvent.{i}.EventTime,Device,EventTime,Y,EventTime,告警发生、改变、清除的时间,A,,,R,dateTime,,,,,,,
CMCC_5G_EXT_PICO_V1.9.4,中国移动5G扩展型皮基站网管南向接口数据模型规范v1.9.4.xlsx,SD,29,parameter,告警管理,Device.FaultMgmt.HistoryEvent.{i}.EventType,Device,EventType,Y,EventType,告警类型,A,,,R,string(64),,,"Enumerate{
Communications Alarm,
Processing Error Alarm,
Environmental Alarm,
Quality Of Service Alarm,
Equipment Alarm
}
设备上报告警消息中的告警类型，包括通讯告警、环境告警、设备告警、处理错误告警、服务质量告警等",,3GPP 32111-5-900,,20231020-按照3GPP格式修改描述
CMCC_5G_EXT_PICO_V1.9.4,中国移动5G扩展型皮基站网管南向接口数据模型规范v1.9.4.xlsx,SD,27,parameter,告警管理,Device.FaultMgmt.HistoryEvent.{i}.FaultLocation,Device,FaultLocation,Y,FaultLocation,告警源定位信息,A,,,R,string(512),,,表示故障源对应的资源对象信息，通常用管理对象实例（MOI）的DN表示。其中对于MOI的DN定义，5G皮基站参考《中国移动5G扩展型皮基站网管南向接口数据模型规范》相关说明，4G皮基站参考《中国移动一体化皮站_飞站基站设备网络管理南向接口数据配置模型规范》相关说明,,《中国移动无线三方设备综合OMC南向接口要求 第2部分：皮基站技术要求_0629》,,
CMCC_5G_EXT_PICO_V1.9.4,中国移动5G扩展型皮基站网管南向接口数据模型规范v1.9.4.xlsx,SD,28,parameter,告警管理,Device.FaultMgmt.HistoryEvent.{i}.ManagedObjectInstance,Device,ManagedObjectInstance,Y,ManagedObjectInstance,管理对象实例,A,,,R,string(512),,,定义了承载该对象实例DN时发生的基站告警的信息对象等级的实例,,,,
CMCC_5G_EXT_PICO_V1.9.4,中国移动5G扩展型皮基站网管南向接口数据模型规范v1.9.4.xlsx,SD,26,parameter,告警管理,Device.FaultMgmt.HistoryEvent.{i}.NotificationType,Device,NotificationType,Y,NotificationType,通知类型,A,,,R,string,,,"指示告警通知类型
Enumerate{
   NewAlarm,
   ChangedAlarm,
   ClearedAlarm
}",,,,20231020-补充TR181的具体描述
CMCC_5G_EXT_PICO_V1.9.4,中国移动5G扩展型皮基站网管南向接口数据模型规范v1.9.4.xlsx,SD,32,parameter,告警管理,Device.FaultMgmt.HistoryEvent.{i}.PerceivedSeverity,Device,PerceivedSeverity,Y,PerceivedSeverity,告警级别,A,,,R,string,,,"设备上报告警消息中的告警级别：Critical,严重；Major,重要；Minor,次要；Warning,警告；",,,,
CMCC_5G_EXT_PICO_V1.9.4,中国移动5G扩展型皮基站网管南向接口数据模型规范v1.9.4.xlsx,SD,30,parameter,告警管理,Device.FaultMgmt.HistoryEvent.{i}.ProbableCause,Device,ProbableCause,Y,ProbableCause,告警原因,A,,,R,string(64),,,,,3GPP 32111-5-900,,
CMCC_5G_EXT_PICO_V1.9.4,中国移动5G扩展型皮基站网管南向接口数据模型规范v1.9.4.xlsx,SD,31,parameter,告警管理,Device.FaultMgmt.HistoryEvent.{i}.SpecificProblem,Device,SpecificProblem,Y,SpecificProblem,告警描述,A,,,R,string(512),,,,,,,20221118-修订
CMCC_5G_EXT_PICO_V1.9.4,中国移动5G扩展型皮基站网管南向接口数据模型规范v1.9.4.xlsx,SD,5,parameter,告警管理,Device.FaultMgmt.HistoryEventNumberOfEntries,Device,HistoryEventNumberOfEntries,N,HistoryEventNumberOfEntries,历史事件实例数量,A,,,R,unsignedInt,,,,,,,
CMCC_5G_EXT_PICO_V1.9.4,中国移动5G扩展型皮基站网管南向接口数据模型规范v1.9.4.xlsx,SD,3,parameter,告警管理,Device.FaultMgmt.MaxCurrentAlarmEntries,Device,MaxCurrentAlarmEntries,N,MaxCurrentAlarmEntries,最大当前告警实例数量,A,,,R,unsignedInt,,,,,,,
CMCC_5G_EXT_PICO_V1.9.4,中国移动5G扩展型皮基站网管南向接口数据模型规范v1.9.4.xlsx,SD,56,parameter,告警管理,Device.FaultMgmt.QueuedEvent.{i}.AdditionalInformation,Device,AdditionalInformation,Y,AdditionalInformation,告警附加信息,A,,,R,string(256),,,格式：英文。统一采用此参数作为告警附加信息，映射到北向的AlarmText字段,,,,
CMCC_5G_EXT_PICO_V1.9.4,中国移动5G扩展型皮基站网管南向接口数据模型规范v1.9.4.xlsx,SD,55,parameter,告警管理,Device.FaultMgmt.QueuedEvent.{i}.AdditionalText,Device,AdditionalText,Y,AdditionalText,告警附加文本,A,,,R,string(256),,,本规范规定内容为厂家告警编码,,,,
CMCC_5G_EXT_PICO_V1.9.4,中国移动5G扩展型皮基站网管南向接口数据模型规范v1.9.4.xlsx,SD,47,parameter,告警管理,Device.FaultMgmt.QueuedEvent.{i}.AlarmIdentifier,Device,AlarmIdentifier,Y,AlarmIdentifier,该告警的唯一序列号,A,,,R,string(20),,,,,,,
CMCC_5G_EXT_PICO_V1.9.4,中国移动5G扩展型皮基站网管南向接口数据模型规范v1.9.4.xlsx,SD,46,parameter,告警管理,Device.FaultMgmt.QueuedEvent.{i}.EventTime,Device,EventTime,Y,EventTime,告警发生、改变、清除的时间,A,,,R,dateTime,,,,,,,
CMCC_5G_EXT_PICO_V1.9.4,中国移动5G扩展型皮基站网管南向接口数据模型规范v1.9.4.xlsx,SD,51,parameter,告警管理,Device.FaultMgmt.QueuedEvent.{i}.EventType,Device,EventType,Y,EventType,告警类型,A,,,R,string(64),,,"Enumerate{
Communications Alarm,
Processing Error Alarm,
Environmental Alarm,
Quality Of Service Alarm,
Equipment Alarm
}
设备上报告警消息中的告警类型，包括通讯告警、环境告警、设备告警、处理错误告警、服务质量告警等",,3GPP 32111-5-900,,20231020-按照3GPP格式修改描述
CMCC_5G_EXT_PICO_V1.9.4,中国移动5G扩展型皮基站网管南向接口数据模型规范v1.9.4.xlsx,SD,49,parameter,告警管理,Device.FaultMgmt.QueuedEvent.{i}.FaultLocation,Device,FaultLocation,Y,FaultLocation,告警源定位信息,A,,,R,string(512),,,表示故障源对应的资源对象信息，通常用管理对象实例（MOI）的DN表示。其中对于MOI的DN定义，5G皮基站参考《中国移动5G扩展型皮基站网管南向接口数据模型规范》相关说明，4G皮基站参考《中国移动一体化皮站_飞站基站设备网络管理南向接口数据配置模型规范》相关说明,,《中国移动无线三方设备综合OMC南向接口要求 第2部分：皮基站技术要求_0629》,,
CMCC_5G_EXT_PICO_V1.9.4,中国移动5G扩展型皮基站网管南向接口数据模型规范v1.9.4.xlsx,SD,50,parameter,告警管理,Device.FaultMgmt.QueuedEvent.{i}.ManagedObjectInstance,Device,ManagedObjectInstance,Y,ManagedObjectInstance,管理对象实例,A,,,R,string(512),,,定义了承载该对象实例DN时发生的基站告警的信息对象等级的实例,,,,
CMCC_5G_EXT_PICO_V1.9.4,中国移动5G扩展型皮基站网管南向接口数据模型规范v1.9.4.xlsx,SD,48,parameter,告警管理,Device.FaultMgmt.QueuedEvent.{i}.NotificationType,Device,NotificationType,Y,NotificationType,通知类型,A,,,R,string,,,"指示告警通知类型
Enumerate{
   NewAlarm,
   ChangedAlarm,
   ClearedAlarm
}",,,,20231020-补充TR181的具体描述
CMCC_5G_EXT_PICO_V1.9.4,中国移动5G扩展型皮基站网管南向接口数据模型规范v1.9.4.xlsx,SD,54,parameter,告警管理,Device.FaultMgmt.QueuedEvent.{i}.PerceivedSeverity,Device,PerceivedSeverity,Y,PerceivedSeverity,告警级别,A,,,R,string,,,"设备上报告警消息中的告警级别：Critical,严重；Major,重要；Minor,次要；Warning,警告；",,,,
CMCC_5G_EXT_PICO_V1.9.4,中国移动5G扩展型皮基站网管南向接口数据模型规范v1.9.4.xlsx,SD,52,parameter,告警管理,Device.FaultMgmt.QueuedEvent.{i}.ProbableCause,Device,ProbableCause,Y,ProbableCause,告警原因,A,,,R,string(64),,,,,3GPP 32111-5-900,,
CMCC_5G_EXT_PICO_V1.9.4,中国移动5G扩展型皮基站网管南向接口数据模型规范v1.9.4.xlsx,SD,53,parameter,告警管理,Device.FaultMgmt.QueuedEvent.{i}.SpecificProblem,Device,SpecificProblem,Y,SpecificProblem,告警描述,A,,,R,string(512),,,,,,,20221118-修订
CMCC_5G_EXT_PICO_V1.9.4,中国移动5G扩展型皮基站网管南向接口数据模型规范v1.9.4.xlsx,SD,7,parameter,告警管理,Device.FaultMgmt.QueuedEventNumberOfEntries,Device,QueuedEventNumberOfEntries,N,QueuedEventNumberOfEntries,队列事件实例数量,A,,,R,unsignedInt,,,,,,,
CMCC_5G_EXT_PICO_V1.9.4,中国移动5G扩展型皮基站网管南向接口数据模型规范v1.9.4.xlsx,SD,8,parameter,告警管理,Device.FaultMgmt.SupportedAlarm.{i}.EventType,Device,EventType,Y,EventType,告警类型,A,,,R,string(64),,,"Enumerate{
Communications Alarm,
Processing Error Alarm,
Environmental Alarm,
Quality Of Service Alarm,
Equipment Alarm
}
设备上报告警消息中的告警类型，包括通讯告警、环境告警、设备告警、处理错误告警、服务质量告警等",,3GPP 32111-5-900,,20231020-按照3GPP格式修改描述
CMCC_5G_EXT_PICO_V1.9.4,中国移动5G扩展型皮基站网管南向接口数据模型规范v1.9.4.xlsx,SD,11,parameter,告警管理,Device.FaultMgmt.SupportedAlarm.{i}.PerceivedSeverity,Device,PerceivedSeverity,Y,PerceivedSeverity,支持告警级别,A,,,R,string,,,"设备上报告警消息中的告警级别：Critical,严重；Major,重要；Minor,次要；Warning,警告；",,,,
CMCC_5G_EXT_PICO_V1.9.4,中国移动5G扩展型皮基站网管南向接口数据模型规范v1.9.4.xlsx,SD,9,parameter,告警管理,Device.FaultMgmt.SupportedAlarm.{i}.ProbableCause,Device,ProbableCause,Y,ProbableCause,告警原因,A,,,R,string(64),,,,,3GPP 32111-5-900,,
CMCC_5G_EXT_PICO_V1.9.4,中国移动5G扩展型皮基站网管南向接口数据模型规范v1.9.4.xlsx,SD,12,parameter,告警管理,Device.FaultMgmt.SupportedAlarm.{i}.ReportingMechanism,Device,ReportingMechanism,Y,ReportingMechanism,告警上报机制,A,,,RW,string,,,"指示告警上报机制
Enumerate{
   0 Expedited,
   1 Queued,
   2 Logged,
   3 Disabled
}",,修改网管读写权限,,20231020-补充TR181的具体描述
CMCC_5G_EXT_PICO_V1.9.4,中国移动5G扩展型皮基站网管南向接口数据模型规范v1.9.4.xlsx,SD,10,parameter,告警管理,Device.FaultMgmt.SupportedAlarm.{i}.SpecificProblem,Device,SpecificProblem,Y,SpecificProblem,告警描述,A,,,R,string(128),,,,,,,
CMCC_5G_EXT_PICO_V1.9.4,中国移动5G扩展型皮基站网管南向接口数据模型规范v1.9.4.xlsx,SD,2,parameter,告警管理,Device.FaultMgmt.SupportedAlarmNumberOfEntries,Device,SupportedAlarmNumberOfEntries,N,SupportedAlarmNumberOfEntries,最大告警实例数量,A,,,R,unsignedInt,,,,TR系列规范(TR098/TR181/中国移动Nanocell基站设备网络管理南向接口技术规范v1.3.0),,,
CMCC_TD_LTE_V2.3,中国移动TD-LTE皮站_飞站基站设备网络管理南向接口数据配置模型规范V2.3.xlsx,SD,23,parameter,告警管理,InternetGatewayDevice.FaultMgmt.CurrentAlarm.{i}.AdditionalInformation,InternetGatewayDevice,AdditionalInformation,Y,AdditionalInformation,告警附加信息,A,,,R,string(256),,,（格式：英文）统一采用此参数作为告警附加信息，映射到北向的AlarmText字段,,,,
CMCC_TD_LTE_V2.3,中国移动TD-LTE皮站_飞站基站设备网络管理南向接口数据配置模型规范V2.3.xlsx,SD,22,parameter,告警管理,InternetGatewayDevice.FaultMgmt.CurrentAlarm.{i}.AdditionalText,InternetGatewayDevice,AdditionalText,Y,AdditionalText,告警附加文本,A,,,R,string(256),,,本规范规定内容为厂家告警编码,,,,
CMCC_TD_LTE_V2.3,中国移动TD-LTE皮站_飞站基站设备网络管理南向接口数据配置模型规范V2.3.xlsx,SD,15,parameter,告警管理,InternetGatewayDevice.FaultMgmt.CurrentAlarm.{i}.AlarmChangedTime,InternetGatewayDevice,AlarmChangedTime,Y,AlarmChangedTime,告警改变时间,A,,,R,dateTime,,,,,,,
CMCC_TD_LTE_V2.3,中国移动TD-LTE皮站_飞站基站设备网络管理南向接口数据配置模型规范V2.3.xlsx,SD,13,parameter,告警管理,InternetGatewayDevice.FaultMgmt.CurrentAlarm.{i}.AlarmIdentifier,InternetGatewayDevice,AlarmIdentifier,Y,AlarmIdentifier,该告警的唯一序列号,A,,,R,string(20),,,,,,,
CMCC_TD_LTE_V2.3,中国移动TD-LTE皮站_飞站基站设备网络管理南向接口数据配置模型规范V2.3.xlsx,SD,14,parameter,告警管理,InternetGatewayDevice.FaultMgmt.CurrentAlarm.{i}.AlarmRaisedTime,InternetGatewayDevice,AlarmRaisedTime,Y,AlarmRaisedTime,告警发生时间,A,,,R,dateTime,,,,,,,
CMCC_TD_LTE_V2.3,中国移动TD-LTE皮站_飞站基站设备网络管理南向接口数据配置模型规范V2.3.xlsx,SD,18,parameter,告警管理,InternetGatewayDevice.FaultMgmt.CurrentAlarm.{i}.EventType,InternetGatewayDevice,EventType,Y,EventType,告警类型,A,,,R,string(64),,,设备上报告警消息中的告警类型，包括通讯告警、环境告警、设备告警、处理错误告警、服务质量告警等,,,,
CMCC_TD_LTE_V2.3,中国移动TD-LTE皮站_飞站基站设备网络管理南向接口数据配置模型规范V2.3.xlsx,SD,16,parameter,告警管理,InternetGatewayDevice.FaultMgmt.CurrentAlarm.{i}.FaultLocation,InternetGatewayDevice,FaultLocation,Y,FaultLocation,告警源定位信息,A,,,R,string(512),,,表示故障源对应的资源对象信息，通常用管理对象实例（MOI）的DN表示。其中对于MOI的DN定义，5G皮基站参考《中国移动5G扩展型皮基站网管南向接口数据模型规范》相关说明，4G皮基站参考《中国移动一体化皮站_飞站基站设备网络管理南向接口数据配置模型规范》相关说明,,,,
CMCC_TD_LTE_V2.3,中国移动TD-LTE皮站_飞站基站设备网络管理南向接口数据配置模型规范V2.3.xlsx,SD,17,parameter,告警管理,InternetGatewayDevice.FaultMgmt.CurrentAlarm.{i}.ManagedObjectInstance,InternetGatewayDevice,ManagedObjectInstance,Y,ManagedObjectInstance,管理对象实例,A,,,R,string(512),,,定义了承载该对象实例DN时发生的基站告警的信息对象等级的实例,,手动同步告警采用该模型节点上报,,
CMCC_TD_LTE_V2.3,中国移动TD-LTE皮站_飞站基站设备网络管理南向接口数据配置模型规范V2.3.xlsx,SD,21,parameter,告警管理,InternetGatewayDevice.FaultMgmt.CurrentAlarm.{i}.PerceivedSeverity,InternetGatewayDevice,PerceivedSeverity,Y,PerceivedSeverity,当前告警级别,A,,,R,string,,,"设备上报告警消息中的告警级别：Critical,严重；Major,重要；Minor,次要；Warning,警告；",,,,
CMCC_TD_LTE_V2.3,中国移动TD-LTE皮站_飞站基站设备网络管理南向接口数据配置模型规范V2.3.xlsx,SD,19,parameter,告警管理,InternetGatewayDevice.FaultMgmt.CurrentAlarm.{i}.ProbableCause,InternetGatewayDevice,ProbableCause,Y,ProbableCause,告警原因,A,,,R,string(64),,,,,,,
CMCC_TD_LTE_V2.3,中国移动TD-LTE皮站_飞站基站设备网络管理南向接口数据配置模型规范V2.3.xlsx,SD,20,parameter,告警管理,InternetGatewayDevice.FaultMgmt.CurrentAlarm.{i}.SpecificProblem,InternetGatewayDevice,SpecificProblem,Y,SpecificProblem,告警描述,A,,,R,string(128),,,,,,,
CMCC_TD_LTE_V2.3,中国移动TD-LTE皮站_飞站基站设备网络管理南向接口数据配置模型规范V2.3.xlsx,SD,4,parameter,告警管理,InternetGatewayDevice.FaultMgmt.CurrentAlarmNumberOfEntries,InternetGatewayDevice,CurrentAlarmNumberOfEntries,N,CurrentAlarmNumberOfEntries,当前告警实例数量,A,,,R,unsignedInt,,,,,,,
CMCC_TD_LTE_V2.3,中国移动TD-LTE皮站_飞站基站设备网络管理南向接口数据配置模型规范V2.3.xlsx,SD,45,parameter,告警管理,InternetGatewayDevice.FaultMgmt.ExpeditedEvent.{i}.AdditionalInformation,InternetGatewayDevice,AdditionalInformation,Y,AdditionalInformation,告警附加信息,A,,,R,string(256),,,格式：英文。统一采用此参数作为告警附加信息，映射到北向的AlarmText字段,,,,
CMCC_TD_LTE_V2.3,中国移动TD-LTE皮站_飞站基站设备网络管理南向接口数据配置模型规范V2.3.xlsx,SD,44,parameter,告警管理,InternetGatewayDevice.FaultMgmt.ExpeditedEvent.{i}.AdditionalText,InternetGatewayDevice,AdditionalText,Y,AdditionalText,告警附加文本,A,,,R,string(256),,,本规范规定内容为厂家告警编码,,,,
CMCC_TD_LTE_V2.3,中国移动TD-LTE皮站_飞站基站设备网络管理南向接口数据配置模型规范V2.3.xlsx,SD,36,parameter,告警管理,InternetGatewayDevice.FaultMgmt.ExpeditedEvent.{i}.AlarmIdentifier,InternetGatewayDevice,AlarmIdentifier,Y,AlarmIdentifier,该告警的唯一序列号,A,,,R,string(20),,,,,,,
CMCC_TD_LTE_V2.3,中国移动TD-LTE皮站_飞站基站设备网络管理南向接口数据配置模型规范V2.3.xlsx,SD,35,parameter,告警管理,InternetGatewayDevice.FaultMgmt.ExpeditedEvent.{i}.EventTime,InternetGatewayDevice,EventTime,Y,EventTime,告警发生、改变、清除的时间,A,,,R,dateTime,,,,,,,
CMCC_TD_LTE_V2.3,中国移动TD-LTE皮站_飞站基站设备网络管理南向接口数据配置模型规范V2.3.xlsx,SD,40,parameter,告警管理,InternetGatewayDevice.FaultMgmt.ExpeditedEvent.{i}.EventType,InternetGatewayDevice,EventType,Y,EventType,告警类型,A,,,R,string(64),,,设备上报告警消息中的告警类型，包括通讯告警、环境告警、设备告警、处理错误告警、服务质量告警等,,,,
CMCC_TD_LTE_V2.3,中国移动TD-LTE皮站_飞站基站设备网络管理南向接口数据配置模型规范V2.3.xlsx,SD,38,parameter,告警管理,InternetGatewayDevice.FaultMgmt.ExpeditedEvent.{i}.FaultLocation,InternetGatewayDevice,FaultLocation,Y,FaultLocation,告警源定位信息,A,,,R,string(512),,,表示故障源对应的资源对象信息，通常用管理对象实例（MOI）的DN表示。其中对于MOI的DN定义，5G皮基站参考《中国移动5G扩展型皮基站网管南向接口数据模型规范》相关说明，4G皮基站参考《中国移动一体化皮站_飞站基站设备网络管理南向接口数据配置模型规范》相关说明,,,,
CMCC_TD_LTE_V2.3,中国移动TD-LTE皮站_飞站基站设备网络管理南向接口数据配置模型规范V2.3.xlsx,SD,39,parameter,告警管理,InternetGatewayDevice.FaultMgmt.ExpeditedEvent.{i}.ManagedObjectInstance,InternetGatewayDevice,ManagedObjectInstance,Y,ManagedObjectInstance,管理对象实例,A,,,R,string(512),,,定义了承载该对象实例DN时发生的基站告警的信息对象等级的实例,,,,
CMCC_TD_LTE_V2.3,中国移动TD-LTE皮站_飞站基站设备网络管理南向接口数据配置模型规范V2.3.xlsx,SD,37,parameter,告警管理,InternetGatewayDevice.FaultMgmt.ExpeditedEvent.{i}.NotificationType,InternetGatewayDevice,NotificationType,Y,NotificationType,通知类型,A,,,R,string,,,,,,,
CMCC_TD_LTE_V2.3,中国移动TD-LTE皮站_飞站基站设备网络管理南向接口数据配置模型规范V2.3.xlsx,SD,43,parameter,告警管理,InternetGatewayDevice.FaultMgmt.ExpeditedEvent.{i}.PerceivedSeverity,InternetGatewayDevice,PerceivedSeverity,Y,PerceivedSeverity,告警级别,A,,,R,string,,,"设备上报告警消息中的告警级别：Critical,严重；Major,重要；Minor,次要；Warning,警告；",,,,
CMCC_TD_LTE_V2.3,中国移动TD-LTE皮站_飞站基站设备网络管理南向接口数据配置模型规范V2.3.xlsx,SD,41,parameter,告警管理,InternetGatewayDevice.FaultMgmt.ExpeditedEvent.{i}.ProbableCause,InternetGatewayDevice,ProbableCause,Y,ProbableCause,告警原因,A,,,R,string(64),,,,,,,
CMCC_TD_LTE_V2.3,中国移动TD-LTE皮站_飞站基站设备网络管理南向接口数据配置模型规范V2.3.xlsx,SD,42,parameter,告警管理,InternetGatewayDevice.FaultMgmt.ExpeditedEvent.{i}.SpecificProblem,InternetGatewayDevice,SpecificProblem,Y,SpecificProblem,告警描述,A,,,R,string(128),,,,,,,
CMCC_TD_LTE_V2.3,中国移动TD-LTE皮站_飞站基站设备网络管理南向接口数据配置模型规范V2.3.xlsx,SD,6,parameter,告警管理,InternetGatewayDevice.FaultMgmt.ExpeditedEventNumberOfEntries,InternetGatewayDevice,ExpeditedEventNumberOfEntries,N,ExpeditedEventNumberOfEntries,紧急事件实例数量,A,,,R,unsignedInt,,,,,,,
CMCC_TD_LTE_V2.3,中国移动TD-LTE皮站_飞站基站设备网络管理南向接口数据配置模型规范V2.3.xlsx,SD,34,parameter,告警管理,InternetGatewayDevice.FaultMgmt.HistoryEvent.{i}.AdditionalInformation,InternetGatewayDevice,AdditionalInformation,Y,AdditionalInformation,告警附加信息,A,,,R,string(256),,,格式：英文。统一采用此参数作为告警附加信息，映射到北向的AlarmText字段,,,,
CMCC_TD_LTE_V2.3,中国移动TD-LTE皮站_飞站基站设备网络管理南向接口数据配置模型规范V2.3.xlsx,SD,33,parameter,告警管理,InternetGatewayDevice.FaultMgmt.HistoryEvent.{i}.AdditionalText,InternetGatewayDevice,AdditionalText,Y,AdditionalText,告警附加文本,A,,,R,string(256),,,本规范规定内容为厂家告警编码,,,,
CMCC_TD_LTE_V2.3,中国移动TD-LTE皮站_飞站基站设备网络管理南向接口数据配置模型规范V2.3.xlsx,SD,25,parameter,告警管理,InternetGatewayDevice.FaultMgmt.HistoryEvent.{i}.AlarmIdentifier,InternetGatewayDevice,AlarmIdentifier,Y,AlarmIdentifier,该告警的唯一序列号,A,,,R,string(20),,,,,,,
CMCC_TD_LTE_V2.3,中国移动TD-LTE皮站_飞站基站设备网络管理南向接口数据配置模型规范V2.3.xlsx,SD,24,parameter,告警管理,InternetGatewayDevice.FaultMgmt.HistoryEvent.{i}.EventTime,InternetGatewayDevice,EventTime,Y,EventTime,告警发生、改变、清除的时间,A,,,R,dateTime,,,,,,,
CMCC_TD_LTE_V2.3,中国移动TD-LTE皮站_飞站基站设备网络管理南向接口数据配置模型规范V2.3.xlsx,SD,29,parameter,告警管理,InternetGatewayDevice.FaultMgmt.HistoryEvent.{i}.EventType,InternetGatewayDevice,EventType,Y,EventType,告警类型,A,,,R,string(64),,,设备上报告警消息中的告警类型，包括通讯告警、环境告警、设备告警、处理错误告警、服务质量告警等,,,,
CMCC_TD_LTE_V2.3,中国移动TD-LTE皮站_飞站基站设备网络管理南向接口数据配置模型规范V2.3.xlsx,SD,27,parameter,告警管理,InternetGatewayDevice.FaultMgmt.HistoryEvent.{i}.FaultLocation,InternetGatewayDevice,FaultLocation,Y,FaultLocation,告警源定位信息,A,,,R,string(512),,,表示故障源对应的资源对象信息，通常用管理对象实例（MOI）的DN表示。其中对于MOI的DN定义，5G皮基站参考《中国移动5G扩展型皮基站网管南向接口数据模型规范》相关说明，4G皮基站参考《中国移动一体化皮站_飞站基站设备网络管理南向接口数据配置模型规范》相关说明,,,,
CMCC_TD_LTE_V2.3,中国移动TD-LTE皮站_飞站基站设备网络管理南向接口数据配置模型规范V2.3.xlsx,SD,28,parameter,告警管理,InternetGatewayDevice.FaultMgmt.HistoryEvent.{i}.ManagedObjectInstance,InternetGatewayDevice,ManagedObjectInstance,Y,ManagedObjectInstance,管理对象实例,A,,,R,string(512),,,定义了承载该对象实例DN时发生的基站告警的信息对象等级的实例,,,,
CMCC_TD_LTE_V2.3,中国移动TD-LTE皮站_飞站基站设备网络管理南向接口数据配置模型规范V2.3.xlsx,SD,26,parameter,告警管理,InternetGatewayDevice.FaultMgmt.HistoryEvent.{i}.NotificationType,InternetGatewayDevice,NotificationType,Y,NotificationType,通知类型,A,,,R,string,,,,,,,
CMCC_TD_LTE_V2.3,中国移动TD-LTE皮站_飞站基站设备网络管理南向接口数据配置模型规范V2.3.xlsx,SD,32,parameter,告警管理,InternetGatewayDevice.FaultMgmt.HistoryEvent.{i}.PerceivedSeverity,InternetGatewayDevice,PerceivedSeverity,Y,PerceivedSeverity,告警级别,A,,,R,string,,,"设备上报告警消息中的告警级别：Critical,严重；Major,重要；Minor,次要；Warning,警告；",,,,
CMCC_TD_LTE_V2.3,中国移动TD-LTE皮站_飞站基站设备网络管理南向接口数据配置模型规范V2.3.xlsx,SD,30,parameter,告警管理,InternetGatewayDevice.FaultMgmt.HistoryEvent.{i}.ProbableCause,InternetGatewayDevice,ProbableCause,Y,ProbableCause,告警原因,A,,,R,string(64),,,,,,,
CMCC_TD_LTE_V2.3,中国移动TD-LTE皮站_飞站基站设备网络管理南向接口数据配置模型规范V2.3.xlsx,SD,31,parameter,告警管理,InternetGatewayDevice.FaultMgmt.HistoryEvent.{i}.SpecificProblem,InternetGatewayDevice,SpecificProblem,Y,SpecificProblem,告警描述,A,,,R,string(128),,,,,,,
CMCC_TD_LTE_V2.3,中国移动TD-LTE皮站_飞站基站设备网络管理南向接口数据配置模型规范V2.3.xlsx,SD,5,parameter,告警管理,InternetGatewayDevice.FaultMgmt.HistoryEventNumberOfEntries,InternetGatewayDevice,HistoryEventNumberOfEntries,N,HistoryEventNumberOfEntries,历史事件实例数量,A,,,R,unsignedInt,,,,,,,
CMCC_TD_LTE_V2.3,中国移动TD-LTE皮站_飞站基站设备网络管理南向接口数据配置模型规范V2.3.xlsx,SD,3,parameter,告警管理,InternetGatewayDevice.FaultMgmt.MaxCurrentAlarmEntries,InternetGatewayDevice,MaxCurrentAlarmEntries,N,MaxCurrentAlarmEntries,最大当前告警实例数量,A,,,R,unsignedInt,,,,,,,
CMCC_TD_LTE_V2.3,中国移动TD-LTE皮站_飞站基站设备网络管理南向接口数据配置模型规范V2.3.xlsx,SD,56,parameter,告警管理,InternetGatewayDevice.FaultMgmt.QueuedEvent.{i}.AdditionalInformation,InternetGatewayDevice,AdditionalInformation,Y,AdditionalInformation,告警附加信息,A,,,R,string(256),,,格式：英文。统一采用此参数作为告警附加信息，映射到北向的AlarmText字段,,,,
CMCC_TD_LTE_V2.3,中国移动TD-LTE皮站_飞站基站设备网络管理南向接口数据配置模型规范V2.3.xlsx,SD,55,parameter,告警管理,InternetGatewayDevice.FaultMgmt.QueuedEvent.{i}.AdditionalText,InternetGatewayDevice,AdditionalText,Y,AdditionalText,告警附加文本,A,,,R,string(256),,,本规范规定内容为厂家告警编码,,,,
CMCC_TD_LTE_V2.3,中国移动TD-LTE皮站_飞站基站设备网络管理南向接口数据配置模型规范V2.3.xlsx,SD,47,parameter,告警管理,InternetGatewayDevice.FaultMgmt.QueuedEvent.{i}.AlarmIdentifier,InternetGatewayDevice,AlarmIdentifier,Y,AlarmIdentifier,该告警的唯一序列号,A,,,R,string(20),,,,,,,
CMCC_TD_LTE_V2.3,中国移动TD-LTE皮站_飞站基站设备网络管理南向接口数据配置模型规范V2.3.xlsx,SD,46,parameter,告警管理,InternetGatewayDevice.FaultMgmt.QueuedEvent.{i}.EventTime,InternetGatewayDevice,EventTime,Y,EventTime,告警发生、改变、清除的时间,A,,,R,dateTime,,,,,,,
CMCC_TD_LTE_V2.3,中国移动TD-LTE皮站_飞站基站设备网络管理南向接口数据配置模型规范V2.3.xlsx,SD,51,parameter,告警管理,InternetGatewayDevice.FaultMgmt.QueuedEvent.{i}.EventType,InternetGatewayDevice,EventType,Y,EventType,告警类型,A,,,R,string(64),,,设备上报告警消息中的告警类型，包括通讯告警、环境告警、设备告警、处理错误告警、服务质量告警等,,,,
CMCC_TD_LTE_V2.3,中国移动TD-LTE皮站_飞站基站设备网络管理南向接口数据配置模型规范V2.3.xlsx,SD,49,parameter,告警管理,InternetGatewayDevice.FaultMgmt.QueuedEvent.{i}.FaultLocation,InternetGatewayDevice,FaultLocation,Y,FaultLocation,告警源定位信息,A,,,R,string(512),,,表示故障源对应的资源对象信息，通常用管理对象实例（MOI）的DN表示。其中对于MOI的DN定义，5G皮基站参考《中国移动5G扩展型皮基站网管南向接口数据模型规范》相关说明，4G皮基站参考《中国移动一体化皮站_飞站基站设备网络管理南向接口数据配置模型规范》相关说明,,,,
CMCC_TD_LTE_V2.3,中国移动TD-LTE皮站_飞站基站设备网络管理南向接口数据配置模型规范V2.3.xlsx,SD,50,parameter,告警管理,InternetGatewayDevice.FaultMgmt.QueuedEvent.{i}.ManagedObjectInstance,InternetGatewayDevice,ManagedObjectInstance,Y,ManagedObjectInstance,管理对象实例,A,,,R,string(512),,,定义了承载该对象实例DN时发生的基站告警的信息对象等级的实例,,,,
CMCC_TD_LTE_V2.3,中国移动TD-LTE皮站_飞站基站设备网络管理南向接口数据配置模型规范V2.3.xlsx,SD,48,parameter,告警管理,InternetGatewayDevice.FaultMgmt.QueuedEvent.{i}.NotificationType,InternetGatewayDevice,NotificationType,Y,NotificationType,通知类型,A,,,R,string,,,,,,,
CMCC_TD_LTE_V2.3,中国移动TD-LTE皮站_飞站基站设备网络管理南向接口数据配置模型规范V2.3.xlsx,SD,54,parameter,告警管理,InternetGatewayDevice.FaultMgmt.QueuedEvent.{i}.PerceivedSeverity,InternetGatewayDevice,PerceivedSeverity,Y,PerceivedSeverity,告警级别,A,,,R,string,,,"设备上报告警消息中的告警级别：Critical,严重；Major,重要；Minor,次要；Warning,警告；",,,,
CMCC_TD_LTE_V2.3,中国移动TD-LTE皮站_飞站基站设备网络管理南向接口数据配置模型规范V2.3.xlsx,SD,52,parameter,告警管理,InternetGatewayDevice.FaultMgmt.QueuedEvent.{i}.ProbableCause,InternetGatewayDevice,ProbableCause,Y,ProbableCause,告警原因,A,,,R,string(64),,,,,,,
CMCC_TD_LTE_V2.3,中国移动TD-LTE皮站_飞站基站设备网络管理南向接口数据配置模型规范V2.3.xlsx,SD,53,parameter,告警管理,InternetGatewayDevice.FaultMgmt.QueuedEvent.{i}.SpecificProblem,InternetGatewayDevice,SpecificProblem,Y,SpecificProblem,告警描述,A,,,R,string(128),,,,,,,
CMCC_TD_LTE_V2.3,中国移动TD-LTE皮站_飞站基站设备网络管理南向接口数据配置模型规范V2.3.xlsx,SD,7,parameter,告警管理,InternetGatewayDevice.FaultMgmt.QueuedEventNumberOfEntries,InternetGatewayDevice,QueuedEventNumberOfEntries,N,QueuedEventNumberOfEntries,队列事件实例数量,A,,,R,unsignedInt,,,,,,,
CMCC_TD_LTE_V2.3,中国移动TD-LTE皮站_飞站基站设备网络管理南向接口数据配置模型规范V2.3.xlsx,SD,8,parameter,告警管理,InternetGatewayDevice.FaultMgmt.SupportedAlarm.{i}.EventType,InternetGatewayDevice,EventType,Y,EventType,告警类型,A,,,R,string(64),,,设备上报告警消息中的告警类型，包括通讯告警、环境告警、设备告警、处理错误告警、服务质量告警等,,,,
CMCC_TD_LTE_V2.3,中国移动TD-LTE皮站_飞站基站设备网络管理南向接口数据配置模型规范V2.3.xlsx,SD,11,parameter,告警管理,InternetGatewayDevice.FaultMgmt.SupportedAlarm.{i}.PerceivedSeverity,InternetGatewayDevice,PerceivedSeverity,Y,PerceivedSeverity,支持告警级别,A,,,R,string,,,"设备上报告警消息中的告警级别：Critical,严重；Major,重要；Minor,次要；Warning,警告；",,,,
CMCC_TD_LTE_V2.3,中国移动TD-LTE皮站_飞站基站设备网络管理南向接口数据配置模型规范V2.3.xlsx,SD,9,parameter,告警管理,InternetGatewayDevice.FaultMgmt.SupportedAlarm.{i}.ProbableCause,InternetGatewayDevice,ProbableCause,Y,ProbableCause,告警原因,A,,,R,string(64),,,,,,,
CMCC_TD_LTE_V2.3,中国移动TD-LTE皮站_飞站基站设备网络管理南向接口数据配置模型规范V2.3.xlsx,SD,12,parameter,告警管理,InternetGatewayDevice.FaultMgmt.SupportedAlarm.{i}.ReportingMechanism,InternetGatewayDevice,ReportingMechanism,Y,ReportingMechanism,告警上报机制,A,,,RW,string,,,,,修改网管读写权限,,
CMCC_TD_LTE_V2.3,中国移动TD-LTE皮站_飞站基站设备网络管理南向接口数据配置模型规范V2.3.xlsx,SD,10,parameter,告警管理,InternetGatewayDevice.FaultMgmt.SupportedAlarm.{i}.SpecificProblem,InternetGatewayDevice,SpecificProblem,Y,SpecificProblem,告警描述,A,,,R,string(128),,,,,,,
CMCC_TD_LTE_V2.3,中国移动TD-LTE皮站_飞站基站设备网络管理南向接口数据配置模型规范V2.3.xlsx,SD,2,parameter,告警管理,InternetGatewayDevice.FaultMgmt.SupportedAlarmNumberOfEntries,InternetGatewayDevice,SupportedAlarmNumberOfEntries,N,SupportedAlarmNumberOfEntries,最大告警实例数量,A,,,R,unsignedInt,,,,TR系列规范(TR098/TR181/中国移动Nanocell基站设备网络管理南向接口技术规范v1.3.0),,,
CMCC_TD_LTE_V2.3,中国移动TD-LTE皮站_飞站基站设备网络管理南向接口数据配置模型规范V2.3.xlsx,SJ,326,parameter,周期性测量的配置,Device.Services.FAPService.{i}.CellConfig.LTE.RAN.Mobility.ConnMode.EUTRA.PeriodMeasCtrl.{i}.MaxReportCells,Device,MaxReportCells,Y,MaxReportCells,小区的最大数目,CA,,,RW,unsignedInt[1:65535],,,,,,,
CMCC_TD_LTE_V2.3,中国移动TD-LTE皮站_飞站基站设备网络管理南向接口数据配置模型规范V2.3.xlsx,SJ,325,parameter,周期性测量的配置,Device.Services.FAPService.{i}.CellConfig.LTE.RAN.Mobility.ConnMode.EUTRA.PeriodMeasCtrl.{i}.MeasurePurpose,Device,MeasurePurpose,Y,MeasurePurpose,测量目的,CA,,,RW,unsignedInt[1:7],,,"1=ReportStrongestCells
2=ReportStrongestCellsForSon
3=ReportCGI",中国移动,,属性改为只读,
CMCC_TD_LTE_V2.3,中国移动TD-LTE皮站_飞站基站设备网络管理南向接口数据配置模型规范V2.3.xlsx,SJ,328,parameter,周期性测量的配置,Device.Services.FAPService.{i}.CellConfig.LTE.RAN.Mobility.ConnMode.EUTRA.PeriodMeasCtrl.{i}.ReportAmount,Device,ReportAmount,Y,ReportAmount,测量报告次数,CA,,,RW,"unsignedInt[0:2, 4, 8, 16, 32, 64]",,,"测量报告发送的次数，0表示无限次
参见36.331协议中测量章节描述，在reportCGI时，此参数ReportAmount=1",,,取值范围增加了64,
CMCC_TD_LTE_V2.3,中国移动TD-LTE皮站_飞站基站设备网络管理南向接口数据配置模型规范V2.3.xlsx,SJ,327,parameter,周期性测量的配置,Device.Services.FAPService.{i}.CellConfig.LTE.RAN.Mobility.ConnMode.EUTRA.PeriodMeasCtrl.{i}.ReportInterval,Device,ReportInterval,Y,ReportInterval,周期性测量报告,CA,,,RW,"unsignedInt[120, 240, 480, 640, 1024, 2048, 5120, 10240,60000,360000, 720000,1800000,3600000]",,,,,,,
CMCC_5G_EXT_PICO_V1.9.4,中国移动5G扩展型皮基站网管南向接口数据模型规范v1.9.4.xlsx,SM,361,parameter,周期性测量的配置,Device.Services.FAPService.{i}.CellConfig.{i}.NR.RAN.Mobility.ConnMode.NR.PeriodMeasCtrl.{i}.MaxReportCells,Device,MaxReportCells,Y,MaxReportCells,小区的最大数目,CA,,,RW,unsignedInt[1:8],,,小区的最大数目,3GPP TS38.331,,,
CMCC_5G_EXT_PICO_V1.9.4,中国移动5G扩展型皮基站网管南向接口数据模型规范v1.9.4.xlsx,SM,359,parameter,周期性测量的配置,Device.Services.FAPService.{i}.CellConfig.{i}.NR.RAN.Mobility.ConnMode.NR.PeriodMeasCtrl.{i}.MeasurePurpose,Device,MeasurePurpose,Y,MeasurePurpose,测量目的,B,,,RW,unsignedInt[1:4],,,"用于表明当前周期配置的使用目的,Enumerate{anr,purpose1,purpose2,purpose3}",,,,20231020-修改读写属性为RW，和多实例参数Object个数读写属性sheet中周期性测量实例节点行读写属性保持一致
CMCC_5G_EXT_PICO_V1.9.4,中国移动5G扩展型皮基站网管南向接口数据模型规范v1.9.4.xlsx,SM,363,parameter,周期性测量的配置,Device.Services.FAPService.{i}.CellConfig.{i}.NR.RAN.Mobility.ConnMode.NR.PeriodMeasCtrl.{i}.ReportAmount,Device,ReportAmount,Y,ReportAmount,测量报告次数,CA,,,RW,"unsignedInt[0:2, 4, 8, 16, 32, 64]",,,"测量报告发送的次数，0表示无限次
参见36.331协议中测量章节描述，在reportCGI时，此参数ReportAmount=1",3GPP TS38.331,,,
CMCC_5G_EXT_PICO_V1.9.4,中国移动5G扩展型皮基站网管南向接口数据模型规范v1.9.4.xlsx,SM,362,parameter,周期性测量的配置,Device.Services.FAPService.{i}.CellConfig.{i}.NR.RAN.Mobility.ConnMode.NR.PeriodMeasCtrl.{i}.ReportInterval,Device,ReportInterval,Y,ReportInterval,周期性测量报告,CA,,,RW,"unsignedInt[120,240,480,640,1024, 2048, 5120, 10240,20480,40960,60000,360000, 720000,1800000]",,,周期性测量报告,3GPP TS38.331,,,20221128-修改
CMCC_5G_EXT_PICO_V1.9.4,中国移动5G扩展型皮基站网管南向接口数据模型规范v1.9.4.xlsx,SM,360,parameter,周期性测量的配置,Device.Services.FAPService.{i}.CellConfig.{i}.NR.RAN.Mobility.ConnMode.NR.PeriodMeasCtrl.{i}.ReportQuantity,Device,ReportQuantity,Y,ReportQuantity,上报量,A,,,RW,string,,,"测量报告中的上报量
{rsrp,rsrq,sinr}",3GPP TS38.331,,,
CMCC_TD_LTE_V2.3,中国移动TD-LTE皮站_飞站基站设备网络管理南向接口数据配置模型规范V2.3.xlsx,SJ,326,parameter,周期性测量的配置,InternetGatewayDevice.Services.FAPService.{i}.CellConfig.LTE.RAN.Mobility.ConnMode.EUTRA.PeriodMeasCtrl.{i}.MaxReportCells,InternetGatewayDevice,MaxReportCells,Y,MaxReportCells,小区的最大数目,CA,,,RW,unsignedInt[1:65535],,,,,,,
CMCC_TD_LTE_V2.3,中国移动TD-LTE皮站_飞站基站设备网络管理南向接口数据配置模型规范V2.3.xlsx,SJ,325,parameter,周期性测量的配置,InternetGatewayDevice.Services.FAPService.{i}.CellConfig.LTE.RAN.Mobility.ConnMode.EUTRA.PeriodMeasCtrl.{i}.MeasurePurpose,InternetGatewayDevice,MeasurePurpose,Y,MeasurePurpose,测量目的,CA,,,RW,unsignedInt[1:7],,,"1=ReportStrongestCells
2=ReportStrongestCellsForSon
3=ReportCGI",中国移动,,属性改为只读,
CMCC_TD_LTE_V2.3,中国移动TD-LTE皮站_飞站基站设备网络管理南向接口数据配置模型规范V2.3.xlsx,SJ,328,parameter,周期性测量的配置,InternetGatewayDevice.Services.FAPService.{i}.CellConfig.LTE.RAN.Mobility.ConnMode.EUTRA.PeriodMeasCtrl.{i}.ReportAmount,InternetGatewayDevice,ReportAmount,Y,ReportAmount,测量报告次数,CA,,,RW,"unsignedInt[0:2, 4, 8, 16, 32, 64]",,,"测量报告发送的次数，0表示无限次
参见36.331协议中测量章节描述，在reportCGI时，此参数ReportAmount=1",,,取值范围增加了64,
CMCC_TD_LTE_V2.3,中国移动TD-LTE皮站_飞站基站设备网络管理南向接口数据配置模型规范V2.3.xlsx,SJ,327,parameter,周期性测量的配置,InternetGatewayDevice.Services.FAPService.{i}.CellConfig.LTE.RAN.Mobility.ConnMode.EUTRA.PeriodMeasCtrl.{i}.ReportInterval,InternetGatewayDevice,ReportInterval,Y,ReportInterval,周期性测量报告,CA,,,RW,"unsignedInt[120, 240, 480, 640, 1024, 2048, 5120, 10240,60000,360000, 720000,1800000,3600000]",,,,,,,
CMCC_TD_LTE_V2.3,中国移动TD-LTE皮站_飞站基站设备网络管理南向接口数据配置模型规范V2.3.xlsx,SF,34,parameter,基站PLMN参数列表,Device.Services.FAPService.{i}.CellConfig.LTE.EPC.PLMNList.{i}.CellReservedForOperatorUse,Device,CellReservedForOperatorUse,Y,CellReservedForOperatorUse,小区预留标识,A,,,RW,boolean,,,供运营商使用的小区预留标志,TR系列规范(TR098/TR181/TR196)/NRM数据配置要求,,,
CMCC_TD_LTE_V2.3,中国移动TD-LTE皮站_飞站基站设备网络管理南向接口数据配置模型规范V2.3.xlsx,SF,33,parameter,基站PLMN参数列表,Device.Services.FAPService.{i}.CellConfig.LTE.EPC.PLMNList.{i}.PLMNID,Device,PLMNID,Y,PLMNID,小区PLMNID,A,,PlmnIdList,RW,string(6),,,由MCC和MNC组成,TR系列规范(TR098/TR181/TR196)/NRM数据配置要求,修正参数类型,,
CMCC_TD_LTE_V2.3,中国移动TD-LTE皮站_飞站基站设备网络管理南向接口数据配置模型规范V2.3.xlsx,SF,34,parameter,基站PLMN参数列表,InternetGatewayDevice.Services.FAPService.{i}.CellConfig.LTE.EPC.PLMNList.{i}.CellReservedForOperatorUse,InternetGatewayDevice,CellReservedForOperatorUse,Y,CellReservedForOperatorUse,小区预留标识,A,,,RW,boolean,,,供运营商使用的小区预留标志,TR系列规范(TR098/TR181/TR196)/NRM数据配置要求,,,
CMCC_TD_LTE_V2.3,中国移动TD-LTE皮站_飞站基站设备网络管理南向接口数据配置模型规范V2.3.xlsx,SF,33,parameter,基站PLMN参数列表,InternetGatewayDevice.Services.FAPService.{i}.CellConfig.LTE.EPC.PLMNList.{i}.PLMNID,InternetGatewayDevice,PLMNID,Y,PLMNID,小区PLMNID,A,,PlmnIdList,RW,string(6),,,由MCC和MNC组成,TR系列规范(TR098/TR181/TR196)/NRM数据配置要求,修正参数类型,,
CMCC_TD_LTE_V2.3,中国移动TD-LTE皮站_飞站基站设备网络管理南向接口数据配置模型规范V2.3.xlsx,SF,57,parameter,基站运行状态参数,Device.Services.FAPControl.LTE.AdminState,Device,AdminState,N,AdminState,基站管理状态,A,,,RW,boolean,,,"0:关闭
1:开启",TR系列规范(TR098/TR181/TR196),"一体化皮基基站或扩展型一体化皮基站主机射频开关：
true：标识射频开启；
false：标识射频关闭。.",,
CMCC_TD_LTE_V2.3,中国移动TD-LTE皮站_飞站基站设备网络管理南向接口数据配置模型规范V2.3.xlsx,SF,58,parameter,基站运行状态参数,Device.Services.FAPControl.LTE.OpState,Device,OpState,N,OpState,基站运行状态,A,,,R,boolean,,,"0:禁止
1:启动",TR系列规范(TR098/TR181/TR197),"FAP当前操作状态：
false：禁止
true:启动",,
CMCC_TD_LTE_V2.3,中国移动TD-LTE皮站_飞站基站设备网络管理南向接口数据配置模型规范V2.3.xlsx,SF,59,parameter,基站运行状态参数,Device.Services.FAPControl.LTE.RFTxStatus,Device,RFTxStatus,N,RFTxStatus,基站射频状态,A,,,R,boolean,,,"0:关闭
1:开启",TR系列规范(TR098/TR181/TR198),"RF发射机的当前状态：
true：RF发射机运行状态；
false：RF发射机是停止状态。",,
CMCC_LTE_V2.1,LTE V2.1.xlsx,SF,53,parameter,基站运行状态参数,Device.Services.FAPService.{i}.FAPControl.LTE.AdminState,Device,AdminState,Y,AdminState,基站管理状态,A,,,RW,boolean,,,"0:关闭
1:开启",TR系列规范(TR098/TR181/TR196),"一体化皮基基站或扩展型一体化皮基站主机射频开关：
true：标识射频开启；
false：标识射频关闭。.",,
CMCC_LTE_V2.1,LTE V2.1.xlsx,SF,54,parameter,基站运行状态参数,Device.Services.FAPService.{i}.FAPControl.LTE.OpState,Device,OpState,Y,OpState,基站运行状态,A,,,R,boolean,,,"0:禁止
1:启动",TR系列规范(TR098/TR181/TR197),"FAP当前操作状态：
false：禁止
true:启动",,
CMCC_LTE_V2.1,LTE V2.1.xlsx,SF,55,parameter,基站运行状态参数,Device.Services.FAPService.{i}.FAPControl.LTE.RFTxStatus,Device,RFTxStatus,Y,RFTxStatus,基站射频状态,A,,,R,boolean,,,"0:关闭
1:开启",TR系列规范(TR098/TR181/TR198),"RF发射机的当前状态：
true：RF发射机运行状态；
false：RF发射机是停止状态。",,
CMCC_TD_LTE_V2.3,中国移动TD-LTE皮站_飞站基站设备网络管理南向接口数据配置模型规范V2.3.xlsx,SF,57,parameter,基站运行状态参数,InternetGatewayDevice.Services.FAPControl.LTE.AdminState,InternetGatewayDevice,AdminState,N,AdminState,基站管理状态,A,,,RW,boolean,,,"0:关闭
1:开启",TR系列规范(TR098/TR181/TR196),"一体化皮基基站或扩展型一体化皮基站主机射频开关：
true：标识射频开启；
false：标识射频关闭。.",,
CMCC_TD_LTE_V2.3,中国移动TD-LTE皮站_飞站基站设备网络管理南向接口数据配置模型规范V2.3.xlsx,SF,58,parameter,基站运行状态参数,InternetGatewayDevice.Services.FAPControl.LTE.OpState,InternetGatewayDevice,OpState,N,OpState,基站运行状态,A,,,R,boolean,,,"0:禁止
1:启动",TR系列规范(TR098/TR181/TR197),"FAP当前操作状态：
false：禁止
true:启动",,
CMCC_TD_LTE_V2.3,中国移动TD-LTE皮站_飞站基站设备网络管理南向接口数据配置模型规范V2.3.xlsx,SF,59,parameter,基站运行状态参数,InternetGatewayDevice.Services.FAPControl.LTE.RFTxStatus,InternetGatewayDevice,RFTxStatus,N,RFTxStatus,基站射频状态,A,,,R,boolean,,,"0:关闭
1:开启",TR系列规范(TR098/TR181/TR198),"RF发射机的当前状态：
true：RF发射机运行状态；
false：RF发射机是停止状态。",,
CMCC_LTE_V2.1,LTE V2.1.xlsx,SF,53,parameter,基站运行状态参数,InternetGatewayDevice.Services.FAPService.{i}.FAPControl.LTE.AdminState,InternetGatewayDevice,AdminState,Y,AdminState,基站管理状态,A,,,RW,boolean,,,"0:关闭
1:开启",TR系列规范(TR098/TR181/TR196),"一体化皮基基站或扩展型一体化皮基站主机射频开关：
true：标识射频开启；
false：标识射频关闭。.",,
CMCC_LTE_V2.1,LTE V2.1.xlsx,SF,54,parameter,基站运行状态参数,InternetGatewayDevice.Services.FAPService.{i}.FAPControl.LTE.OpState,InternetGatewayDevice,OpState,Y,OpState,基站运行状态,A,,,R,boolean,,,"0:禁止
1:启动",TR系列规范(TR098/TR181/TR197),"FAP当前操作状态：
false：禁止
true:启动",,
CMCC_LTE_V2.1,LTE V2.1.xlsx,SF,55,parameter,基站运行状态参数,InternetGatewayDevice.Services.FAPService.{i}.FAPControl.LTE.RFTxStatus,InternetGatewayDevice,RFTxStatus,Y,RFTxStatus,基站射频状态,A,,,R,boolean,,,"0:关闭
1:开启",TR系列规范(TR098/TR181/TR198),"RF发射机的当前状态：
true：RF发射机运行状态；
false：RF发射机是停止状态。",,
CMCC_TD_LTE_V2.3,中国移动TD-LTE皮站_飞站基站设备网络管理南向接口数据配置模型规范V2.3.xlsx,多实例参数Object个数读写属性,33,object,多实例Object个数读写属性,Device.DeviceInfo.EU.{i}.,Device,{i},Y,,EU实例节点,,,,RW,,,,,TR系列规范(TR098/TR181/TR069/TR196)协议,,,
CMCC_TD_LTE_V2.3,中国移动TD-LTE皮站_飞站基站设备网络管理南向接口数据配置模型规范V2.3.xlsx,多实例参数Object个数读写属性,34,object,多实例Object个数读写属性,Device.DeviceInfo.EU.{i}.RU.{i}.,Device,{i},Y,,RU实例节点,,,,RW,,,,,TR系列规范(TR098/TR181/TR069/TR196)协议,,,
CMCC_TD_LTE_V2.3,中国移动TD-LTE皮站_飞站基站设备网络管理南向接口数据配置模型规范V2.3.xlsx,多实例参数Object个数读写属性,35,object,多实例Object个数读写属性,Device.DeviceInfo.EU.{i}.RU.{i}.LTECell.{i}.,Device,{i},Y,,RU邻区实例节点,,,,RW,,,,,TR系列规范(TR098/TR181/TR069/TR196)协议,,,
CMCC_5G_EXT_PICO_V1.9.4,中国移动5G扩展型皮基站网管南向接口数据模型规范v1.9.4.xlsx,多实例参数Object个数读写属性,2,object,多实例Object个数读写属性,Device.DeviceInfo.MU.{i},Device,{i},Y,,MU实例节点,,,,RW,,,,"添加实例，由基站端上报，不由SCMS下发。
基站端网元离线后，SCMS可以下发指令删除实例",TR系列规范(TR098/TR181/TR069/TR196)协议,,,
CMCC_5G_EXT_PICO_V1.9.4,中国移动5G扩展型皮基站网管南向接口数据模型规范v1.9.4.xlsx,多实例参数Object个数读写属性,3,object,多实例Object个数读写属性,Device.DeviceInfo.MU.{i}.Slot.{i},Device,{i},Y,,Slot实例节点,,,,R,,,,,TR系列规范(TR098/TR181/TR069/TR196)协议,,,
CMCC_5G_EXT_PICO_V1.9.4,中国移动5G扩展型皮基站网管南向接口数据模型规范v1.9.4.xlsx,多实例参数Object个数读写属性,4,object,多实例Object个数读写属性,Device.DeviceInfo.MU.{i}.Slot.{i}.EU.{i},Device,{i},Y,,EU实例节点,,,,RW,,,,"添加实例，由基站端上报，不由SCMS下发。
基站端网元离线后，SCMS可以下发指令删除实例",TR系列规范(TR098/TR181/TR069/TR196)协议,,,
CMCC_5G_EXT_PICO_V1.9.4,中国移动5G扩展型皮基站网管南向接口数据模型规范v1.9.4.xlsx,多实例参数Object个数读写属性,5,object,多实例Object个数读写属性,Device.DeviceInfo.MU.{i}.Slot.{i}.EU.{i}.RU.{i},Device,{i},Y,,RU实例节点,,,,RW,,,,"添加实例，由基站端上报，不由SCMS下发。
基站端网元离线后，SCMS可以下发指令删除实例",TR系列规范(TR098/TR181/TR069/TR196)协议,,,
CMCC_5G_EXT_PICO_V1.9.4,中国移动5G扩展型皮基站网管南向接口数据模型规范v1.9.4.xlsx,多实例参数Object个数读写属性,6,object,多实例Object个数读写属性,Device.DeviceInfo.MU.{i}.Slot.{i}.EU.{i}.RU.{i}.RFChannel.{i},Device,{i},Y,,RFChannel实例节点,,,,R,,,,,,,,
CMCC_5G_EXT_PICO_V1.9.4,中国移动5G扩展型皮基站网管南向接口数据模型规范v1.9.4.xlsx,多实例参数Object个数读写属性,53,object,多实例Object个数读写属性,Device.Ethernet.Interface.{i}.,Device,{i},Y,,Ethernet接口实例节点,,,,R,,,,,TR系列规范(TR098/TR181/TR069/TR196)协议,,,
CMCC_5G_EXT_PICO_V1.9.4,中国移动5G扩展型皮基站网管南向接口数据模型规范v1.9.4.xlsx,多实例参数Object个数读写属性,54,object,多实例Object个数读写属性,Device.Ethernet.Interface.{i}.IPv4Address.{i}.,Device,{i},Y,,EthernetIPv4接口实例节点,,,,RW,,,,,TR系列规范(TR098/TR181/TR069/TR196)协议,,,
CMCC_5G_EXT_PICO_V1.9.4,中国移动5G扩展型皮基站网管南向接口数据模型规范v1.9.4.xlsx,多实例参数Object个数读写属性,55,object,多实例Object个数读写属性,Device.Ethernet.Interface.{i}.IPv6Address.{i}.,Device,{i},Y,,EthernetIPv6接口实例节点,,,,RW,,,,,TR系列规范(TR098/TR181/TR069/TR196)协议,,,
CMCC_5G_EXT_PICO_V1.9.4,中国移动5G扩展型皮基站网管南向接口数据模型规范v1.9.4.xlsx,多实例参数Object个数读写属性,56,object,多实例Object个数读写属性,Device.Ethernet.Interface.{i}.VlanInterface.{i}.,Device,{i},Y,,EthernetIP接口VLAN实例节点,,,,RW,,,,,TR系列规范(TR098/TR181/TR069/TR196)协议,,,
CMCC_5G_EXT_PICO_V1.9.4,中国移动5G扩展型皮基站网管南向接口数据模型规范v1.9.4.xlsx,多实例参数Object个数读写属性,57,object,多实例Object个数读写属性,Device.Ethernet.IpRoute.{i}.,Device,{i},Y,,EthernetIP接口路由实例节点,,,,RW,,,,,TR系列规范(TR098/TR181/TR069/TR196)协议,,,
CMCC_5G_EXT_PICO_V1.9.4,中国移动5G扩展型皮基站网管南向接口数据模型规范v1.9.4.xlsx,多实例参数Object个数读写属性,12,object,多实例Object个数读写属性,Device.FAP.MRMgmt.Config.{i}.,Device,{i},Y,,MR实例节点,,,,RW,,,,,TR系列规范(TR098/TR181/TR069/TR196)协议,,,
CMCC_5G_EXT_PICO_V1.9.4,中国移动5G扩展型皮基站网管南向接口数据模型规范v1.9.4.xlsx,多实例参数Object个数读写属性,13,object,多实例Object个数读写属性,Device.FAP.PerfMgmt.Config.{i}.,Device,{i},Y,,PM实例节点,,,,RW,,,,,TR系列规范(TR098/TR181/TR069/TR196)协议,,,
CMCC_5G_EXT_PICO_V1.9.4,中国移动5G扩展型皮基站网管南向接口数据模型规范v1.9.4.xlsx,多实例参数Object个数读写属性,58,object,多实例Object个数读写属性,Device.FAP.SCMgmt.Config.{i}.,Device,{i},Y,,软采规则实例节点,,,,R,,,,,,,,
CMCC_5G_EXT_PICO_V1.9.4,中国移动5G扩展型皮基站网管南向接口数据模型规范v1.9.4.xlsx,多实例参数Object个数读写属性,8,object,多实例Object个数读写属性,Device.FaultMgmt.CurrentAlarm.{i}.,Device,{i},Y,,当前告警实例节点,,,,R,,,,,TR系列规范(TR098/TR181/TR069/TR196)协议,,,
CMCC_5G_EXT_PICO_V1.9.4,中国移动5G扩展型皮基站网管南向接口数据模型规范v1.9.4.xlsx,多实例参数Object个数读写属性,10,object,多实例Object个数读写属性,Device.FaultMgmt.ExpeditedEvent.{i}.,Device,{i},Y,,实时告警实例节点,,,,R,,,,,TR系列规范(TR098/TR181/TR069/TR196)协议,,,
CMCC_5G_EXT_PICO_V1.9.4,中国移动5G扩展型皮基站网管南向接口数据模型规范v1.9.4.xlsx,多实例参数Object个数读写属性,9,object,多实例Object个数读写属性,Device.FaultMgmt.HistoryEvent.{i}.,Device,{i},Y,,历史告警实例节点,,,,R,,,,,TR系列规范(TR098/TR181/TR069/TR196)协议,,,
CMCC_5G_EXT_PICO_V1.9.4,中国移动5G扩展型皮基站网管南向接口数据模型规范v1.9.4.xlsx,多实例参数Object个数读写属性,11,object,多实例Object个数读写属性,Device.FaultMgmt.QueuedEvent.{i},Device,{i},Y,,队列告警实例节点,,,,R,,,,,TR系列规范(TR098/TR181/TR069/TR196)协议,,,
CMCC_5G_EXT_PICO_V1.9.4,中国移动5G扩展型皮基站网管南向接口数据模型规范v1.9.4.xlsx,多实例参数Object个数读写属性,7,object,多实例Object个数读写属性,Device.FaultMgmt.SupportedAlarm.{i},Device,{i},Y,,支持告警实例节点,,,,R,,,,,TR系列规范(TR098/TR181/TR069/TR196)协议,,,
CMCC_5G_EXT_PICO_V1.9.4,中国移动5G扩展型皮基站网管南向接口数据模型规范v1.9.4.xlsx,多实例参数Object个数读写属性,14,object,多实例Object个数读写属性,Device.Services.FAPService.{i}.,Device,{i},Y,,FAPService实例节点,,,,R,,,,,TR系列规范(TR098/TR181/TR069/TR196)协议,,,
CMCC_TD_LTE_V2.3,中国移动TD-LTE皮站_飞站基站设备网络管理南向接口数据配置模型规范V2.3.xlsx,多实例参数Object个数读写属性,20,object,多实例Object个数读写属性,Device.Services.FAPService.{i}.CellConfig.LTE.EPC.PLMNList.{i}.,Device,{i},Y,,PLMNID实例节点,,,,RW,,,,,TR系列规范(TR098/TR181/TR069/TR196)协议,,,
CMCC_TD_LTE_V2.3,中国移动TD-LTE皮站_飞站基站设备网络管理南向接口数据配置模型规范V2.3.xlsx,多实例参数Object个数读写属性,18,object,多实例Object个数读写属性,Device.Services.FAPService.{i}.CellConfig.LTE.MmePoolConfigParam.{i}.,Device,{i},Y,,MmePoolConfigParam实例节点,,,,RW,,,,,TR系列规范(TR098/TR181/TR069/TR196)协议,,,
CMCC_TD_LTE_V2.3,中国移动TD-LTE皮站_飞站基站设备网络管理南向接口数据配置模型规范V2.3.xlsx,多实例参数Object个数读写属性,17,object,多实例Object个数读写属性,Device.Services.FAPService.{i}.CellConfig.LTE.RAN.MAC.DrxInitialParam.{i}.,Device,{i},Y,,DrxInitialParam实例节点,,,,RW,,,,,TR系列规范(TR098/TR181/TR069/TR196)协议,,,
CMCC_TD_LTE_V2.3,中国移动TD-LTE皮站_飞站基站设备网络管理南向接口数据配置模型规范V2.3.xlsx,多实例参数Object个数读写属性,6,object,多实例Object个数读写属性,Device.Services.FAPService.{i}.CellConfig.LTE.RAN.Mobility.ConnMode.EUTRA.A1MeasureCtrl.{i}.,Device,{i},Y,,A1测量实例节点,,,,RW,,,,,TR系列规范(TR098/TR181/TR069/TR196)协议,,,
CMCC_TD_LTE_V2.3,中国移动TD-LTE皮站_飞站基站设备网络管理南向接口数据配置模型规范V2.3.xlsx,多实例参数Object个数读写属性,7,object,多实例Object个数读写属性,Device.Services.FAPService.{i}.CellConfig.LTE.RAN.Mobility.ConnMode.EUTRA.A2MeasureCtrl.{i}.,Device,{i},Y,,A2测量实例节点,,,,RW,,,,,TR系列规范(TR098/TR181/TR069/TR196)协议,,,
CMCC_TD_LTE_V2.3,中国移动TD-LTE皮站_飞站基站设备网络管理南向接口数据配置模型规范V2.3.xlsx,多实例参数Object个数读写属性,8,object,多实例Object个数读写属性,Device.Services.FAPService.{i}.CellConfig.LTE.RAN.Mobility.ConnMode.EUTRA.A3MeasureCtrl.{i}.,Device,{i},Y,,A3测量实例节点,,,,RW,,,,,TR系列规范(TR098/TR181/TR069/TR196)协议,,,
CMCC_TD_LTE_V2.3,中国移动TD-LTE皮站_飞站基站设备网络管理南向接口数据配置模型规范V2.3.xlsx,多实例参数Object个数读写属性,9,object,多实例Object个数读写属性,Device.Services.FAPService.{i}.CellConfig.LTE.RAN.Mobility.ConnMode.EUTRA.A4MeasureCtrl.{i}.,Device,{i},Y,,A4测量实例节点,,,,RW,,,,,TR系列规范(TR098/TR181/TR069/TR196)协议,,,
CMCC_TD_LTE_V2.3,中国移动TD-LTE皮站_飞站基站设备网络管理南向接口数据配置模型规范V2.3.xlsx,多实例参数Object个数读写属性,10,object,多实例Object个数读写属性,Device.Services.FAPService.{i}.CellConfig.LTE.RAN.Mobility.ConnMode.EUTRA.A5MeasureCtrl.{i}.,Device,{i},Y,,A5测量实例节点,,,,RW,,,,,TR系列规范(TR098/TR181/TR069/TR196)协议,,,
CMCC_LTE_V2.1,LTE V2.1.xlsx,多实例参数Object个数读写属性,11,object,多实例Object个数读写属性,Device.Services.FAPService.{i}.CellConfig.LTE.RAN.Mobility.ConnMode.EUTRA.B1MeasureCtrl.{i}.,Device,{i},Y,,B1测量实例节点,,,,RW,,,,,TR系列规范(TR098/TR181/TR069/TR196)协议,,,
CMCC_LTE_V2.1,LTE V2.1.xlsx,多实例参数Object个数读写属性,12,object,多实例Object个数读写属性,Device.Services.FAPService.{i}.CellConfig.LTE.RAN.Mobility.ConnMode.EUTRA.B2MeasureCtrl.{i}.,Device,{i},Y,,B2测量实例节点,,,,RW,,,,,TR系列规范(TR098/TR181/TR069/TR196)协议,,,
CMCC_TD_LTE_V2.3,中国移动TD-LTE皮站_飞站基站设备网络管理南向接口数据配置模型规范V2.3.xlsx,多实例参数Object个数读写属性,15,object,多实例Object个数读写属性,Device.Services.FAPService.{i}.CellConfig.LTE.RAN.Mobility.ConnMode.EUTRA.PeriodMeasCtrl.{i}.,Device,{i},Y,,周期性测量实例节点,,,,RW,,,,,TR系列规范(TR098/TR181/TR069/TR196)协议,,,
CMCC_TD_LTE_V2.3,中国移动TD-LTE皮站_飞站基站设备网络管理南向接口数据配置模型规范V2.3.xlsx,多实例参数Object个数读写属性,11,object,多实例Object个数读写属性,Device.Services.FAPService.{i}.CellConfig.LTE.RAN.Mobility.ConnMode.IRAT.B1MeasureCtrl.{i}.,Device,{i},Y,,B1测量实例节点,,,,RW,,,,,TR系列规范(TR098/TR181/TR069/TR196)协议,,V2.2 EUTRA改为IRAT,
CMCC_TD_LTE_V2.3,中国移动TD-LTE皮站_飞站基站设备网络管理南向接口数据配置模型规范V2.3.xlsx,多实例参数Object个数读写属性,12,object,多实例Object个数读写属性,Device.Services.FAPService.{i}.CellConfig.LTE.RAN.Mobility.ConnMode.IRAT.B2MeasureCtrl.{i}.,Device,{i},Y,,B2测量实例节点,,,,RW,,,,,TR系列规范(TR098/TR181/TR069/TR196)协议,,V2.2 EUTRA改为IRAT,
CMCC_TD_LTE_V2.3,中国移动TD-LTE皮站_飞站基站设备网络管理南向接口数据配置模型规范V2.3.xlsx,多实例参数Object个数读写属性,14,object,多实例Object个数读写属性,Device.Services.FAPService.{i}.CellConfig.LTE.RAN.Mobility.IdleMode.IRAT.UTRA.UTRANFDDFreq.{i}.,Device,{i},Y,,异系统重选实例节点,,,,RW,,,,,TR系列规范(TR098/TR181/TR069/TR196)协议,,,
CMCC_TD_LTE_V2.3,中国移动TD-LTE皮站_飞站基站设备网络管理南向接口数据配置模型规范V2.3.xlsx,多实例参数Object个数读写属性,13,object,多实例Object个数读写属性,Device.Services.FAPService.{i}.CellConfig.LTE.RAN.Mobility.IdleMode.InterFreq.Carrier.{i}.,Device,{i},Y,,异频重选实例节点,,,,RW,,,,,TR系列规范(TR098/TR181/TR069/TR196)协议,,,
CMCC_TD_LTE_V2.3,中国移动TD-LTE皮站_飞站基站设备网络管理南向接口数据配置模型规范V2.3.xlsx,多实例参数Object个数读写属性,5,object,多实例Object个数读写属性,Device.Services.FAPService.{i}.CellConfig.LTE.RAN.NeighborList.InterRATCell.GSM.{i}.,Device,{i},Y,,GSM邻区实例节点,,,,RW,,,,,TR系列规范(TR098/TR181/TR069/TR196)协议,,,
CMCC_TD_LTE_V2.3,中国移动TD-LTE皮站_飞站基站设备网络管理南向接口数据配置模型规范V2.3.xlsx,多实例参数Object个数读写属性,4,object,多实例Object个数读写属性,Device.Services.FAPService.{i}.CellConfig.LTE.RAN.NeighborList.InterRATCell.UMTS.{i},Device,{i},Y,,UMTS邻区实例节点,,,,RW,,,,,TR系列规范(TR098/TR181/TR069/TR196)协议,,,
CMCC_TD_LTE_V2.3,中国移动TD-LTE皮站_飞站基站设备网络管理南向接口数据配置模型规范V2.3.xlsx,多实例参数Object个数读写属性,3,object,多实例Object个数读写属性,Device.Services.FAPService.{i}.CellConfig.LTE.RAN.NeighborList.LTECell.{i}.,Device,{i},Y,,LTE邻区实例节点,,,,RW,,,,,TR系列规范(TR098/TR181/TR069/TR196)协议,,,
CMCC_TD_LTE_V2.3,中国移动TD-LTE皮站_飞站基站设备网络管理南向接口数据配置模型规范V2.3.xlsx,多实例参数Object个数读写属性,16,object,多实例Object个数读写属性,Device.Services.FAPService.{i}.CellConfig.LTE.RAN.PHY.MBSFN.SFConfigList.{i}.,Device,{i},Y,,SFConfigList实例节点,,,,RW,,,,,TR系列规范(TR098/TR181/TR069/TR196)协议,,,
CMCC_TD_LTE_V2.3,中国移动TD-LTE皮站_飞站基站设备网络管理南向接口数据配置模型规范V2.3.xlsx,多实例参数Object个数读写属性,21,object,多实例Object个数读写属性,Device.Services.FAPService.{i}.CellConfig.LTE.S1U.{i}.,Device,{i},Y,,S1U实例节点,,,,RW,,,,,TR系列规范(TR098/TR181/TR069/TR196)协议,,,
CMCC_TD_LTE_V2.3,中国移动TD-LTE皮站_飞站基站设备网络管理南向接口数据配置模型规范V2.3.xlsx,多实例参数Object个数读写属性,22,object,多实例Object个数读写属性,Device.Services.FAPService.{i}.CellConfig.LTE.VoLTE.PdcpInitParam.{i}.,Device,{i},Y,,VOLTE 实例节点,,,,RW,,,,,TR系列规范(TR098/TR181/TR069/TR196)协议,,,
CMCC_5G_EXT_PICO_V1.9.4,中国移动5G扩展型皮基站网管南向接口数据模型规范v1.9.4.xlsx,多实例参数Object个数读写属性,28,object,多实例Object个数读写属性,Device.Services.FAPService.{i}.CellConfig.{i}.,Device,{i},Y,,NR小区实例节点,,,,RW,,,,,TR系列规范(TR098/TR181/TR069/TR196)协议,,,
CMCC_5G_EXT_PICO_V1.9.4,中国移动5G扩展型皮基站网管南向接口数据模型规范v1.9.4.xlsx,多实例参数Object个数读写属性,60,object,多实例Object个数读写属性,Device.Services.FAPService.{i}.CellConfig.{i}.NR.CN.SliceGroupList.{i}.,Device,{i},Y,,切片组实例节点,,,,RW,,,,,,,,
CMCC_5G_EXT_PICO_V1.9.4,中国移动5G扩展型皮基站网管南向接口数据模型规范v1.9.4.xlsx,多实例参数Object个数读写属性,59,object,多实例Object个数读写属性,Device.Services.FAPService.{i}.CellConfig.{i}.NR.CN.TA.{i}.PLMNList.{i}.SliceList.{i}.,Device,{i},Y,,切片实例节点,,,,RW,,,,,,,,
CMCC_5G_EXT_PICO_V1.9.4,中国移动5G扩展型皮基站网管南向接口数据模型规范v1.9.4.xlsx,多实例参数Object个数读写属性,30,object,多实例Object个数读写属性,Device.Services.FAPService.{i}.CellConfig.{i}.NR.NGC.TA.{i}.,Device,{i},Y,,TA实例节点,,,,RW,,,,,TR系列规范(TR098/TR181/TR069/TR196)协议,,,
CMCC_5G_EXT_PICO_V1.9.4,中国移动5G扩展型皮基站网管南向接口数据模型规范v1.9.4.xlsx,多实例参数Object个数读写属性,31,object,多实例Object个数读写属性,Device.Services.FAPService.{i}.CellConfig.{i}.NR.NGC.TA.{i}.PLMNList.{i}.,Device,{i},Y,,PLMNID实例节点,,,,RW,,,,,TR系列规范(TR098/TR181/TR069/TR196)协议,,,
CMCC_5G_EXT_PICO_V1.9.4,中国移动5G扩展型皮基站网管南向接口数据模型规范v1.9.4.xlsx,多实例参数Object个数读写属性,32,object,多实例Object个数读写属性,Device.Services.FAPService.{i}.CellConfig.{i}.NR.NGC.TA.{i}.PLMNList.{i}.SliceList.{i}.,Device,{i},Y,,SliceList实例节点,,,,RW,,,,,TR系列规范(TR098/TR181/TR069/TR196)协议,,,
CMCC_5G_EXT_PICO_V1.9.4,中国移动5G扩展型皮基站网管南向接口数据模型规范v1.9.4.xlsx,多实例参数Object个数读写属性,65,object,多实例Object个数读写属性,Device.Services.FAPService.{i}.CellConfig.{i}.NR.RAN.EnergySaveParam.NRDeepSleepPolicy.{i}.,Device,{i},Y,,NR系统内深度休眠开启策略节点,,,,RW,,,,,,,,
CMCC_5G_EXT_PICO_V1.9.4,中国移动5G扩展型皮基站网管南向接口数据模型规范v1.9.4.xlsx,多实例参数Object个数读写属性,66,object,多实例Object个数读写属性,Device.Services.FAPService.{i}.CellConfig.{i}.NR.RAN.EnergySaveParam.NRDeepSleepPolicy.{i}.TimeStage.{i}.,Device,{i},Y,,NR系统内深度休眠开启策略时间范围节点,,,,RW,,,,,,,,
CMCC_5G_EXT_PICO_V1.9.4,中国移动5G扩展型皮基站网管南向接口数据模型规范v1.9.4.xlsx,多实例参数Object个数读写属性,68,object,多实例Object个数读写属性,Device.Services.FAPService.{i}.CellConfig.{i}.NR.RAN.EnergySaveParam.NRDeepSleepWakeUpPolicy.{i}.,Device,{i},Y,,NR系统内深度休眠唤醒策略节点,,,,RW,,,,,,,,
CMCC_5G_EXT_PICO_V1.9.4,中国移动5G扩展型皮基站网管南向接口数据模型规范v1.9.4.xlsx,多实例参数Object个数读写属性,67,object,多实例Object个数读写属性,Device.Services.FAPService.{i}.CellConfig.{i}.NR.RAN.EnergySaveParam.NRDeepSleepWakeUpPolicy.{i}.TimeStage.{i}.,Device,{i},Y,,NR系统内深度休眠唤醒策略时间范围节点,,,,RW,,,,,,,,
CMCC_5G_EXT_PICO_V1.9.4,中国移动5G扩展型皮基站网管南向接口数据模型规范v1.9.4.xlsx,多实例参数Object个数读写属性,62,object,多实例Object个数读写属性,Device.Services.FAPService.{i}.CellConfig.{i}.NR.RAN.EnergySaveParam.NRShallowSleepPolicy.{i}.,Device,{i},Y,,NR系统内浅层休眠开启策略节点,,,,RW,,,,,,,,
CMCC_5G_EXT_PICO_V1.9.4,中国移动5G扩展型皮基站网管南向接口数据模型规范v1.9.4.xlsx,多实例参数Object个数读写属性,61,object,多实例Object个数读写属性,Device.Services.FAPService.{i}.CellConfig.{i}.NR.RAN.EnergySaveParam.NRShallowSleepPolicy.{i}.TimeStage.{i}.,Device,{i},Y,,NR系统内浅层休眠开启策略时间范围节点,,,,RW,,,,,,,,
CMCC_5G_EXT_PICO_V1.9.4,中国移动5G扩展型皮基站网管南向接口数据模型规范v1.9.4.xlsx,多实例参数Object个数读写属性,64,object,多实例Object个数读写属性,Device.Services.FAPService.{i}.CellConfig.{i}.NR.RAN.EnergySaveParam.NRShallowSleepWakeupPolicy.{i}.,Device,{i},Y,,NR系统内浅层休眠唤醒策略节点,,,,RW,,,,,,,,
CMCC_5G_EXT_PICO_V1.9.4,中国移动5G扩展型皮基站网管南向接口数据模型规范v1.9.4.xlsx,多实例参数Object个数读写属性,63,object,多实例Object个数读写属性,Device.Services.FAPService.{i}.CellConfig.{i}.NR.RAN.EnergySaveParam.NRShallowSleepWakeupPolicy.{i}.TimeStage.{i}.,Device,{i},Y,,NR系统内浅层休眠唤醒策略时间范围节点,,,,RW,,,,,,,,
CMCC_5G_EXT_PICO_V1.9.4,中国移动5G扩展型皮基站网管南向接口数据模型规范v1.9.4.xlsx,多实例参数Object个数读写属性,48,object,多实例Object个数读写属性,Device.Services.FAPService.{i}.CellConfig.{i}.NR.RAN.Mobility.ConnMode.IRAT.B1MeasureCtrl.{i}.,Device,{i},Y,,B1测量实例节点,,,,RW,,,,,TR系列规范(TR098/TR181/TR069/TR196)协议,,,
CMCC_5G_EXT_PICO_V1.9.4,中国移动5G扩展型皮基站网管南向接口数据模型规范v1.9.4.xlsx,多实例参数Object个数读写属性,49,object,多实例Object个数读写属性,Device.Services.FAPService.{i}.CellConfig.{i}.NR.RAN.Mobility.ConnMode.IRAT.B2MeasureCtrl.{i}.,Device,{i},Y,,B2测量实例节点,,,,RW,,,,,TR系列规范(TR098/TR181/TR069/TR196)协议,,,
CMCC_5G_EXT_PICO_V1.9.4,中国移动5G扩展型皮基站网管南向接口数据模型规范v1.9.4.xlsx,多实例参数Object个数读写属性,43,object,多实例Object个数读写属性,Device.Services.FAPService.{i}.CellConfig.{i}.NR.RAN.Mobility.ConnMode.NR.A1MeasureCtrl.{i}.,Device,{i},Y,,A1测量实例节点,,,,RW,,,,,TR系列规范(TR098/TR181/TR069/TR196)协议,,,
CMCC_5G_EXT_PICO_V1.9.4,中国移动5G扩展型皮基站网管南向接口数据模型规范v1.9.4.xlsx,多实例参数Object个数读写属性,44,object,多实例Object个数读写属性,Device.Services.FAPService.{i}.CellConfig.{i}.NR.RAN.Mobility.ConnMode.NR.A2MeasureCtrl.{i}.,Device,{i},Y,,A2测量实例节点,,,,RW,,,,,TR系列规范(TR098/TR181/TR069/TR196)协议,,,
CMCC_5G_EXT_PICO_V1.9.4,中国移动5G扩展型皮基站网管南向接口数据模型规范v1.9.4.xlsx,多实例参数Object个数读写属性,45,object,多实例Object个数读写属性,Device.Services.FAPService.{i}.CellConfig.{i}.NR.RAN.Mobility.ConnMode.NR.A3MeasureCtrl.{i}.,Device,{i},Y,,A3测量实例节点,,,,RW,,,,,TR系列规范(TR098/TR181/TR069/TR196)协议,,,
CMCC_5G_EXT_PICO_V1.9.4,中国移动5G扩展型皮基站网管南向接口数据模型规范v1.9.4.xlsx,多实例参数Object个数读写属性,46,object,多实例Object个数读写属性,Device.Services.FAPService.{i}.CellConfig.{i}.NR.RAN.Mobility.ConnMode.NR.A4MeasureCtrl.{i}.,Device,{i},Y,,A4测量实例节点,,,,RW,,,,,TR系列规范(TR098/TR181/TR069/TR196)协议,,,
CMCC_5G_EXT_PICO_V1.9.4,中国移动5G扩展型皮基站网管南向接口数据模型规范v1.9.4.xlsx,多实例参数Object个数读写属性,47,object,多实例Object个数读写属性,Device.Services.FAPService.{i}.CellConfig.{i}.NR.RAN.Mobility.ConnMode.NR.A5MeasureCtrl.{i}.,Device,{i},Y,,A5测量实例节点,,,,RW,,,,,TR系列规范(TR098/TR181/TR069/TR196)协议,,,
CMCC_5G_EXT_PICO_V1.9.4,中国移动5G扩展型皮基站网管南向接口数据模型规范v1.9.4.xlsx,多实例参数Object个数读写属性,51,object,多实例Object个数读写属性,Device.Services.FAPService.{i}.CellConfig.{i}.NR.RAN.Mobility.ConnMode.NR.PeriodMeasCtrl.{i},Device,{i},Y,,周期性测量实例节点,,,,RW,,,,,TR系列规范(TR098/TR181/TR069/TR196)协议,,,
CMCC_5G_EXT_PICO_V1.9.4,中国移动5G扩展型皮基站网管南向接口数据模型规范v1.9.4.xlsx,多实例参数Object个数读写属性,52,object,多实例Object个数读写属性,Device.Services.FAPService.{i}.CellConfig.{i}.NR.RAN.Mobility.ConnMode.NR.ReportCGI.{i}.,Device,{i},Y,,报告CGI的测量节点,,,,RW,,,,,TR系列规范(TR098/TR181/TR069/TR196)协议,,,
CMCC_5G_EXT_PICO_V1.9.4,中国移动5G扩展型皮基站网管南向接口数据模型规范v1.9.4.xlsx,多实例参数Object个数读写属性,50,object,多实例Object个数读写属性,Device.Services.FAPService.{i}.CellConfig.{i}.NR.RAN.Mobility.IdleMode.InterFreq.Carrier.{i}.,Device,{i},Y,,异频重选实例节点,,,,RW,,,,,TR系列规范(TR098/TR181/TR069/TR196)协议,,,
CMCC_5G_EXT_PICO_V1.9.4,中国移动5G扩展型皮基站网管南向接口数据模型规范v1.9.4.xlsx,多实例参数Object个数读写属性,42,object,多实例Object个数读写属性,Device.Services.FAPService.{i}.CellConfig.{i}.NR.RAN.NeighborList.LTECell.{i}.,Device,{i},Y,,LTE邻区实例节点,,,,RW,,,,,TR系列规范(TR098/TR181/TR069/TR196)协议,,,
CMCC_5G_EXT_PICO_V1.9.4,中国移动5G扩展型皮基站网管南向接口数据模型规范v1.9.4.xlsx,多实例参数Object个数读写属性,41,object,多实例Object个数读写属性,Device.Services.FAPService.{i}.CellConfig.{i}.NR.RAN.NeighborList.NRCell.{i}.,Device,{i},Y,,5G邻区实例节点,,,,RW,,,,,TR系列规范(TR098/TR181/TR069/TR196)协议,,,
CMCC_5G_EXT_PICO_V1.9.4,中国移动5G扩展型皮基站网管南向接口数据模型规范v1.9.4.xlsx,多实例参数Object个数读写属性,36,object,多实例Object个数读写属性,Device.Services.FAPService.{i}.CellConfig.{i}.NR.RAN.PHY.BWP.BWPDL.{i}.,Device,{i},Y,,下行BWP实例节点,,,,RW,,,,,TR系列规范(TR098/TR181/TR069/TR196)协议,,,
CMCC_5G_EXT_PICO_V1.9.4,中国移动5G扩展型皮基站网管南向接口数据模型规范v1.9.4.xlsx,多实例参数Object个数读写属性,39,object,多实例Object个数读写属性,Device.Services.FAPService.{i}.CellConfig.{i}.NR.RAN.PHY.BWP.BWPDL.{i}.PDCCH.CommonSearchSpaceList.{i}.,Device,{i},Y,,CommonSearchSpaceList实例节点,,,,RW,,,,,TR系列规范(TR098/TR181/TR069/TR196)协议,,,
CMCC_5G_EXT_PICO_V1.9.4,中国移动5G扩展型皮基站网管南向接口数据模型规范v1.9.4.xlsx,多实例参数Object个数读写属性,40,object,多实例Object个数读写属性,Device.Services.FAPService.{i}.CellConfig.{i}.NR.RAN.PHY.BWP.BWPDL.{i}.PDSCH.PDSCHTimeDomainResourceAllocationList.{i}.,Device,{i},Y,,PDSCHTimeDomainResourceAllocationList实例节点,,,,RW,,,,,TR系列规范(TR098/TR181/TR069/TR196)协议,,,
CMCC_5G_EXT_PICO_V1.9.4,中国移动5G扩展型皮基站网管南向接口数据模型规范v1.9.4.xlsx,多实例参数Object个数读写属性,37,object,多实例Object个数读写属性,Device.Services.FAPService.{i}.CellConfig.{i}.NR.RAN.PHY.BWP.BWPUL.{i}.,Device,{i},Y,,上行BWP实例节点,,,,RW,,,,,TR系列规范(TR098/TR181/TR069/TR196)协议,,,
CMCC_5G_EXT_PICO_V1.9.4,中国移动5G扩展型皮基站网管南向接口数据模型规范v1.9.4.xlsx,多实例参数Object个数读写属性,38,object,多实例Object个数读写属性,Device.Services.FAPService.{i}.CellConfig.{i}.NR.RAN.PHY.BWP.BWPUL.{i}.PUSCHTimeDomainAllocationList.{i}.,Device,{i},Y,,PUSCHTimeDomainAllocationList实例节点,,,,RW,,,,,TR系列规范(TR098/TR181/TR069/TR196)协议,,,
CMCC_5G_EXT_PICO_V1.9.4,中国移动5G扩展型皮基站网管南向接口数据模型规范v1.9.4.xlsx,多实例参数Object个数读写属性,34,object,多实例Object个数读写属性,Device.Services.FAPService.{i}.CellConfig.{i}.NR.RAN.PHY.FrequencyInfoDLSIB.MultiFrequencyBandListNRSIB.{i}.,Device,{i},Y,,MultiFrequencyBandListNRSIB实例节点,,,,RW,,,,,TR系列规范(TR098/TR181/TR069/TR196)协议,,,
CMCC_5G_EXT_PICO_V1.9.4,中国移动5G扩展型皮基站网管南向接口数据模型规范v1.9.4.xlsx,多实例参数Object个数读写属性,35,object,多实例Object个数读写属性,Device.Services.FAPService.{i}.CellConfig.{i}.NR.RAN.PHY.FrequencyInfoDLSIB.ScsSpecificCarrierList.{i}.,Device,{i},Y,,ScsSpecificCarrierList实例节点,,,,RW,,,,,TR系列规范(TR098/TR181/TR069/TR196)协议,,,
CMCC_5G_EXT_PICO_V1.9.4,中国移动5G扩展型皮基站网管南向接口数据模型规范v1.9.4.xlsx,多实例参数Object个数读写属性,33,object,多实例Object个数读写属性,Device.Services.FAPService.{i}.CellConfig.{i}.NR.RAN.SharedCell.EquipList.{i}.,Device,{i},Y,,共享小区实例节点,,,,RW,,,,,TR系列规范(TR098/TR181/TR069/TR196)协议,,,
CMCC_5G_EXT_PICO_V1.9.4,中国移动5G扩展型皮基站网管南向接口数据模型规范v1.9.4.xlsx,多实例参数Object个数读写属性,29,object,多实例Object个数读写属性,Device.Services.FAPService.{i}.CellConfig.{i}.NR.VoNR.PdcpInitParam.{i}.,Device,{i},Y,,VONR头压缩实例节点,,,,RW,,,,,TR系列规范(TR098/TR181/TR069/TR196)协议,,,
CMCC_5G_EXT_PICO_V1.9.4,中国移动5G扩展型皮基站网管南向接口数据模型规范v1.9.4.xlsx,多实例参数Object个数读写属性,19,object,多实例Object个数读写属性,Device.Services.FAPService.{i}.FAPControl.LocalBreakout.DnsRules.RuleList.{i}.,Device,{i},Y,,本地分流DNS规则RuleList实例节点,,,,RW,,,,,TR系列规范(TR098/TR181/TR069/TR196)协议,,,
CMCC_5G_EXT_PICO_V1.9.4,中国移动5G扩展型皮基站网管南向接口数据模型规范v1.9.4.xlsx,多实例参数Object个数读写属性,20,object,多实例Object个数读写属性,Device.Services.FAPService.{i}.FAPControl.LocalBreakout.DnsRules.RuleList.{i}.DomainIpList.{i}.,Device,{i},Y,,本地分流DNS规则RuleList实例DomainIpLis节点,,,,RW,,,,,TR系列规范(TR098/TR181/TR069/TR196)协议,,,
CMCC_5G_EXT_PICO_V1.9.4,中国移动5G扩展型皮基站网管南向接口数据模型规范v1.9.4.xlsx,多实例参数Object个数读写属性,18,object,多实例Object个数读写属性,Device.Services.FAPService.{i}.FAPControl.LocalBreakout.IpRules.RuleList.{i}.,Device,{i},Y,,本地分流IP规则RuleList实例节点,,,,RW,,,,,TR系列规范(TR098/TR181/TR069/TR196)协议,,,
CMCC_5G_EXT_PICO_V1.9.4,中国移动5G扩展型皮基站网管南向接口数据模型规范v1.9.4.xlsx,多实例参数Object个数读写属性,22,object,多实例Object个数读写属性,Device.Services.FAPService.{i}.FAPControl.LocalBreakout.NssaiRules.RuleList.{i}.,Device,{i},Y,,本地分流NSSAI规则RuleList实例节点,,,,RW,,,,,TR系列规范(TR098/TR181/TR069/TR196)协议,,,
CMCC_5G_EXT_PICO_V1.9.4,中国移动5G扩展型皮基站网管南向接口数据模型规范v1.9.4.xlsx,多实例参数Object个数读写属性,21,object,多实例Object个数读写属性,Device.Services.FAPService.{i}.FAPControl.LocalBreakout.PlmnRules.RuleList.{i}.,Device,{i},Y,,本地分流PLMN规则RuleList实例节点,,,,RW,,,,,TR系列规范(TR098/TR181/TR069/TR196)协议,,,
CMCC_5G_EXT_PICO_V1.9.4,中国移动5G扩展型皮基站网管南向接口数据模型规范v1.9.4.xlsx,多实例参数Object个数读写属性,23,object,多实例Object个数读写属性,Device.Services.FAPService.{i}.FAPControl.LocalBreakout.TrafficRules.RuleList.{i}.,Device,{i},Y,,本地分流限制规则RuleList实例节点,,,,RW,,,,,TR系列规范(TR098/TR181/TR069/TR196)协议,,,
CMCC_5G_EXT_PICO_V1.9.4,中国移动5G扩展型皮基站网管南向接口数据模型规范v1.9.4.xlsx,多实例参数Object个数读写属性,25,object,多实例Object个数读写属性,Device.Services.FAPService.{i}.FAPControl.LocalBreakout.TrafficStatistics.Dns.{i}.,Device,{i},Y,,本地分流统计Dns实例节点,,,,RW,,,,,TR系列规范(TR098/TR181/TR069/TR196)协议,,,
CMCC_5G_EXT_PICO_V1.9.4,中国移动5G扩展型皮基站网管南向接口数据模型规范v1.9.4.xlsx,多实例参数Object个数读写属性,24,object,多实例Object个数读写属性,Device.Services.FAPService.{i}.FAPControl.LocalBreakout.TrafficStatistics.IP.{i}.,Device,{i},Y,,本地分流统计IP实例节点,,,,RW,,,,,TR系列规范(TR098/TR181/TR069/TR196)协议,,,
CMCC_5G_EXT_PICO_V1.9.4,中国移动5G扩展型皮基站网管南向接口数据模型规范v1.9.4.xlsx,多实例参数Object个数读写属性,27,object,多实例Object个数读写属性,Device.Services.FAPService.{i}.FAPControl.LocalBreakout.TrafficStatistics.Nssai.{i}.,Device,{i},Y,,本地分流统计Nssai实例节点,,,,RW,,,,,TR系列规范(TR098/TR181/TR069/TR196)协议,,,
CMCC_5G_EXT_PICO_V1.9.4,中国移动5G扩展型皮基站网管南向接口数据模型规范v1.9.4.xlsx,多实例参数Object个数读写属性,26,object,多实例Object个数读写属性,Device.Services.FAPService.{i}.FAPControl.LocalBreakout.TrafficStatistics.Plmn.{i}.,Device,{i},Y,,本地分流统计Plmn实例节点,,,,RW,,,,,TR系列规范(TR098/TR181/TR069/TR196)协议,,,
CMCC_5G_EXT_PICO_V1.9.4,中国移动5G扩展型皮基站网管南向接口数据模型规范v1.9.4.xlsx,多实例参数Object个数读写属性,15,object,多实例Object个数读写属性,Device.Services.FAPService.{i}.FAPControl.NR.AMFPoolConfigParam.{i}.,Device,{i},Y,,AMFPool实例节点,,,,RW,,,,,TR系列规范(TR098/TR181/TR069/TR196)协议,,,
CMCC_5G_EXT_PICO_V1.9.4,中国移动5G扩展型皮基站网管南向接口数据模型规范v1.9.4.xlsx,多实例参数Object个数读写属性,16,object,多实例Object个数读写属性,Device.Services.FAPService.{i}.FAPControl.NR.AMFPoolConfigParam.{i}.GUAMI.{i},Device,{i},Y,,GUAMI实例节点,,,,R,,,,,TR系列规范(TR098/TR181/TR069/TR196)协议,,,
CMCC_5G_EXT_PICO_V1.9.4,中国移动5G扩展型皮基站网管南向接口数据模型规范v1.9.4.xlsx,多实例参数Object个数读写属性,17,object,多实例Object个数读写属性,Device.Services.FAPService.{i}.FAPControl.NR.XnIpAddrMapInfo.{i}.,Device,{i},Y,,Xn实例节点,,,,RW,,,,,TR系列规范(TR098/TR181/TR069/TR196)协议,,,
CMCC_LTE_V2.1,LTE V2.1.xlsx,多实例参数Object个数读写属性,19,object,多实例Object个数读写属性,Device.Services.FAPService.{i}.FAPControl.X2IpAddrMapInfo.{i}.,Device,{i},Y,,X2实例节点,,,,RW,,,,,TR系列规范(TR098/TR181/TR069/TR196)协议,,,
CMCC_TD_LTE_V2.3,中国移动TD-LTE皮站_飞站基站设备网络管理南向接口数据配置模型规范V2.3.xlsx,多实例参数Object个数读写属性,19,object,多实例Object个数读写属性,Device.Services.FAPService.{i}.FAPService.{i}.FAPControl.X2IpAddrMapInfo.{i}.,Device,{i},Y,,X2实例节点,,,,RW,,,,,TR系列规范(TR098/TR181/TR069/TR196)协议,,,
CMCC_5G_EXT_PICO_V1.9.4,中国移动5G扩展型皮基站网管南向接口数据模型规范v1.9.4.xlsx,多实例参数Object个数读写属性,69,object,多实例Object个数读写属性,Device.Services.FAPService.{i}.Transport.SCTP.Assoc.{i}.,Device,{i},Y,,SCTP偶联节点,,,,R,,,,,,,,
CMCC_TD_LTE_V2.3,中国移动TD-LTE皮站_飞站基站设备网络管理南向接口数据配置模型规范V2.3.xlsx,多实例参数Object个数读写属性,24,object,多实例Object个数读写属性,Device.WANDevice.{i}.,Device,{i},Y,,WAN实例,,,,R,,,,,TR系列规范(TR098/TR181/TR069/TR196)协议,,,
CMCC_TD_LTE_V2.3,中国移动TD-LTE皮站_飞站基站设备网络管理南向接口数据配置模型规范V2.3.xlsx,多实例参数Object个数读写属性,25,object,多实例Object个数读写属性,Device.WANDevice.{i}.WANConnectionDevice.{i}.WANIPConnection.{i}.,Device,{i},Y,,WANIP实例节点,,,,R,,,,,TR系列规范(TR098/TR181/TR069/TR196)协议,,,
CMCC_TD_LTE_V2.3,中国移动TD-LTE皮站_飞站基站设备网络管理南向接口数据配置模型规范V2.3.xlsx,多实例参数Object个数读写属性,33,object,多实例Object个数读写属性,InternetGatewayDevice.DeviceInfo.EU.{i}.,InternetGatewayDevice,{i},Y,,EU实例节点,,,,RW,,,,,TR系列规范(TR098/TR181/TR069/TR196)协议,,,
CMCC_TD_LTE_V2.3,中国移动TD-LTE皮站_飞站基站设备网络管理南向接口数据配置模型规范V2.3.xlsx,多实例参数Object个数读写属性,34,object,多实例Object个数读写属性,InternetGatewayDevice.DeviceInfo.EU.{i}.RU.{i}.,InternetGatewayDevice,{i},Y,,RU实例节点,,,,RW,,,,,TR系列规范(TR098/TR181/TR069/TR196)协议,,,
CMCC_TD_LTE_V2.3,中国移动TD-LTE皮站_飞站基站设备网络管理南向接口数据配置模型规范V2.3.xlsx,多实例参数Object个数读写属性,35,object,多实例Object个数读写属性,InternetGatewayDevice.DeviceInfo.EU.{i}.RU.{i}.LTECell.{i}.,InternetGatewayDevice,{i},Y,,RU邻区实例节点,,,,RW,,,,,TR系列规范(TR098/TR181/TR069/TR196)协议,,,
CMCC_TD_LTE_V2.3,中国移动TD-LTE皮站_飞站基站设备网络管理南向接口数据配置模型规范V2.3.xlsx,多实例参数Object个数读写属性,31,object,多实例Object个数读写属性,InternetGatewayDevice.FAP.MRMgmt.Config.{i}.,InternetGatewayDevice,{i},Y,,MR实例节点,,,,R,,,,,TR系列规范(TR098/TR181/TR069/TR196)协议,,,
CMCC_TD_LTE_V2.3,中国移动TD-LTE皮站_飞站基站设备网络管理南向接口数据配置模型规范V2.3.xlsx,多实例参数Object个数读写属性,32,object,多实例Object个数读写属性,InternetGatewayDevice.FAP.PerfMgmt.Config.{i}.,InternetGatewayDevice,{i},Y,,PM实例节点,,,,R,,,,,TR系列规范(TR098/TR181/TR069/TR196)协议,,,
CMCC_TD_LTE_V2.3,中国移动TD-LTE皮站_飞站基站设备网络管理南向接口数据配置模型规范V2.3.xlsx,多实例参数Object个数读写属性,27,object,多实例Object个数读写属性,InternetGatewayDevice.FaultMgmt.CurrentAlarm.{i}.,InternetGatewayDevice,{i},Y,,当前告警实例节点,,,,R,,,,,TR系列规范(TR098/TR181/TR069/TR196)协议,,,
CMCC_TD_LTE_V2.3,中国移动TD-LTE皮站_飞站基站设备网络管理南向接口数据配置模型规范V2.3.xlsx,多实例参数Object个数读写属性,29,object,多实例Object个数读写属性,InternetGatewayDevice.FaultMgmt.ExpeditedEvent.{i}.,InternetGatewayDevice,{i},Y,,实时告警实例节点,,,,R,,,,,TR系列规范(TR098/TR181/TR069/TR196)协议,,,
CMCC_TD_LTE_V2.3,中国移动TD-LTE皮站_飞站基站设备网络管理南向接口数据配置模型规范V2.3.xlsx,多实例参数Object个数读写属性,28,object,多实例Object个数读写属性,InternetGatewayDevice.FaultMgmt.HistoryEvent.{i}.,InternetGatewayDevice,{i},Y,,历史告警实例节点,,,,R,,,,,TR系列规范(TR098/TR181/TR069/TR196)协议,,,
CMCC_TD_LTE_V2.3,中国移动TD-LTE皮站_飞站基站设备网络管理南向接口数据配置模型规范V2.3.xlsx,多实例参数Object个数读写属性,30,object,多实例Object个数读写属性,InternetGatewayDevice.FaultMgmt.QueuedEvent.{i}.,InternetGatewayDevice,{i},Y,,队列告警实例节点,,,,R,,,,,TR系列规范(TR098/TR181/TR069/TR196)协议,,,
CMCC_TD_LTE_V2.3,中国移动TD-LTE皮站_飞站基站设备网络管理南向接口数据配置模型规范V2.3.xlsx,多实例参数Object个数读写属性,26,object,多实例Object个数读写属性,InternetGatewayDevice.FaultMgmt.SupportedAlarm.{i}.,InternetGatewayDevice,{i},Y,,支持告警实例节点,,,,R,,,,,TR系列规范(TR098/TR181/TR069/TR196)协议,,,
CMCC_TD_LTE_V2.3,中国移动TD-LTE皮站_飞站基站设备网络管理南向接口数据配置模型规范V2.3.xlsx,多实例参数Object个数读写属性,2,object,多实例Object个数读写属性,InternetGatewayDevice.Services.FAPService.{i}.,InternetGatewayDevice,{i},Y,,FAPService实例节点,,,,R,,,,,TR系列规范(TR098/TR181/TR069/TR196)协议,,,
CMCC_TD_LTE_V2.3,中国移动TD-LTE皮站_飞站基站设备网络管理南向接口数据配置模型规范V2.3.xlsx,多实例参数Object个数读写属性,20,object,多实例Object个数读写属性,InternetGatewayDevice.Services.FAPService.{i}.CellConfig.LTE.EPC.PLMNList.{i}.,InternetGatewayDevice,{i},Y,,PLMNID实例节点,,,,RW,,,,,TR系列规范(TR098/TR181/TR069/TR196)协议,,,
CMCC_TD_LTE_V2.3,中国移动TD-LTE皮站_飞站基站设备网络管理南向接口数据配置模型规范V2.3.xlsx,多实例参数Object个数读写属性,18,object,多实例Object个数读写属性,InternetGatewayDevice.Services.FAPService.{i}.CellConfig.LTE.MmePoolConfigParam.{i}.,InternetGatewayDevice,{i},Y,,MmePoolConfigParam实例节点,,,,RW,,,,,TR系列规范(TR098/TR181/TR069/TR196)协议,,,
CMCC_TD_LTE_V2.3,中国移动TD-LTE皮站_飞站基站设备网络管理南向接口数据配置模型规范V2.3.xlsx,多实例参数Object个数读写属性,17,object,多实例Object个数读写属性,InternetGatewayDevice.Services.FAPService.{i}.CellConfig.LTE.RAN.MAC.DrxInitialParam.{i}.,InternetGatewayDevice,{i},Y,,DrxInitialParam实例节点,,,,RW,,,,,TR系列规范(TR098/TR181/TR069/TR196)协议,,,
CMCC_TD_LTE_V2.3,中国移动TD-LTE皮站_飞站基站设备网络管理南向接口数据配置模型规范V2.3.xlsx,多实例参数Object个数读写属性,6,object,多实例Object个数读写属性,InternetGatewayDevice.Services.FAPService.{i}.CellConfig.LTE.RAN.Mobility.ConnMode.EUTRA.A1MeasureCtrl.{i}.,InternetGatewayDevice,{i},Y,,A1测量实例节点,,,,RW,,,,,TR系列规范(TR098/TR181/TR069/TR196)协议,,,
CMCC_TD_LTE_V2.3,中国移动TD-LTE皮站_飞站基站设备网络管理南向接口数据配置模型规范V2.3.xlsx,多实例参数Object个数读写属性,7,object,多实例Object个数读写属性,InternetGatewayDevice.Services.FAPService.{i}.CellConfig.LTE.RAN.Mobility.ConnMode.EUTRA.A2MeasureCtrl.{i}.,InternetGatewayDevice,{i},Y,,A2测量实例节点,,,,RW,,,,,TR系列规范(TR098/TR181/TR069/TR196)协议,,,
CMCC_TD_LTE_V2.3,中国移动TD-LTE皮站_飞站基站设备网络管理南向接口数据配置模型规范V2.3.xlsx,多实例参数Object个数读写属性,8,object,多实例Object个数读写属性,InternetGatewayDevice.Services.FAPService.{i}.CellConfig.LTE.RAN.Mobility.ConnMode.EUTRA.A3MeasureCtrl.{i}.,InternetGatewayDevice,{i},Y,,A3测量实例节点,,,,RW,,,,,TR系列规范(TR098/TR181/TR069/TR196)协议,,,
CMCC_TD_LTE_V2.3,中国移动TD-LTE皮站_飞站基站设备网络管理南向接口数据配置模型规范V2.3.xlsx,多实例参数Object个数读写属性,9,object,多实例Object个数读写属性,InternetGatewayDevice.Services.FAPService.{i}.CellConfig.LTE.RAN.Mobility.ConnMode.EUTRA.A4MeasureCtrl.{i}.,InternetGatewayDevice,{i},Y,,A4测量实例节点,,,,RW,,,,,TR系列规范(TR098/TR181/TR069/TR196)协议,,,
CMCC_TD_LTE_V2.3,中国移动TD-LTE皮站_飞站基站设备网络管理南向接口数据配置模型规范V2.3.xlsx,多实例参数Object个数读写属性,10,object,多实例Object个数读写属性,InternetGatewayDevice.Services.FAPService.{i}.CellConfig.LTE.RAN.Mobility.ConnMode.EUTRA.A5MeasureCtrl.{i}.,InternetGatewayDevice,{i},Y,,A5测量实例节点,,,,RW,,,,,TR系列规范(TR098/TR181/TR069/TR196)协议,,,
CMCC_TD_LTE_V2.3,中国移动TD-LTE皮站_飞站基站设备网络管理南向接口数据配置模型规范V2.3.xlsx,多实例参数Object个数读写属性,11,object,多实例Object个数读写属性,InternetGatewayDevice.Services.FAPService.{i}.CellConfig.LTE.RAN.Mobility.ConnMode.EUTRA.B1MeasureCtrl.{i}.,InternetGatewayDevice,{i},Y,,B1测量实例节点,,,,RW,,,,,TR系列规范(TR098/TR181/TR069/TR196)协议,,V2.2 EUTRA改为IRAT,
CMCC_TD_LTE_V2.3,中国移动TD-LTE皮站_飞站基站设备网络管理南向接口数据配置模型规范V2.3.xlsx,多实例参数Object个数读写属性,12,object,多实例Object个数读写属性,InternetGatewayDevice.Services.FAPService.{i}.CellConfig.LTE.RAN.Mobility.ConnMode.EUTRA.B2MeasureCtrl.{i}.,InternetGatewayDevice,{i},Y,,B2测量实例节点,,,,RW,,,,,TR系列规范(TR098/TR181/TR069/TR196)协议,,V2.2 EUTRA改为IRAT,
CMCC_TD_LTE_V2.3,中国移动TD-LTE皮站_飞站基站设备网络管理南向接口数据配置模型规范V2.3.xlsx,多实例参数Object个数读写属性,15,object,多实例Object个数读写属性,InternetGatewayDevice.Services.FAPService.{i}.CellConfig.LTE.RAN.Mobility.ConnMode.EUTRA.PeriodMeasCtrl.{i}.,InternetGatewayDevice,{i},Y,,周期性测量实例节点,,,,RW,,,,,TR系列规范(TR098/TR181/TR069/TR196)协议,,,
CMCC_TD_LTE_V2.3,中国移动TD-LTE皮站_飞站基站设备网络管理南向接口数据配置模型规范V2.3.xlsx,多实例参数Object个数读写属性,14,object,多实例Object个数读写属性,InternetGatewayDevice.Services.FAPService.{i}.CellConfig.LTE.RAN.Mobility.IdleMode.IRAT.UTRA.UTRANFDDFreq.{i}.,InternetGatewayDevice,{i},Y,,异系统重选实例节点,,,,RW,,,,,TR系列规范(TR098/TR181/TR069/TR196)协议,,,
CMCC_TD_LTE_V2.3,中国移动TD-LTE皮站_飞站基站设备网络管理南向接口数据配置模型规范V2.3.xlsx,多实例参数Object个数读写属性,13,object,多实例Object个数读写属性,InternetGatewayDevice.Services.FAPService.{i}.CellConfig.LTE.RAN.Mobility.IdleMode.InterFreq.Carrier.{i}.,InternetGatewayDevice,{i},Y,,异频重选实例节点,,,,RW,,,,,TR系列规范(TR098/TR181/TR069/TR196)协议,,,
CMCC_TD_LTE_V2.3,中国移动TD-LTE皮站_飞站基站设备网络管理南向接口数据配置模型规范V2.3.xlsx,多实例参数Object个数读写属性,5,object,多实例Object个数读写属性,InternetGatewayDevice.Services.FAPService.{i}.CellConfig.LTE.RAN.NeighborList.InterRATCell.GSM.{i}.,InternetGatewayDevice,{i},Y,,GSM邻区实例节点,,,,RW,,,,,TR系列规范(TR098/TR181/TR069/TR196)协议,,,
CMCC_TD_LTE_V2.3,中国移动TD-LTE皮站_飞站基站设备网络管理南向接口数据配置模型规范V2.3.xlsx,多实例参数Object个数读写属性,4,object,多实例Object个数读写属性,InternetGatewayDevice.Services.FAPService.{i}.CellConfig.LTE.RAN.NeighborList.InterRATCell.UMTS.{i},InternetGatewayDevice,{i},Y,,UMTS邻区实例节点,,,,RW,,,,,TR系列规范(TR098/TR181/TR069/TR196)协议,,,
CMCC_TD_LTE_V2.3,中国移动TD-LTE皮站_飞站基站设备网络管理南向接口数据配置模型规范V2.3.xlsx,多实例参数Object个数读写属性,3,object,多实例Object个数读写属性,InternetGatewayDevice.Services.FAPService.{i}.CellConfig.LTE.RAN.NeighborList.LTECell.{i}.,InternetGatewayDevice,{i},Y,,LTE邻区实例节点,,,,RW,,,,,TR系列规范(TR098/TR181/TR069/TR196)协议,,,
CMCC_TD_LTE_V2.3,中国移动TD-LTE皮站_飞站基站设备网络管理南向接口数据配置模型规范V2.3.xlsx,多实例参数Object个数读写属性,16,object,多实例Object个数读写属性,InternetGatewayDevice.Services.FAPService.{i}.CellConfig.LTE.RAN.PHY.MBSFN.SFConfigList.{i}.,InternetGatewayDevice,{i},Y,,SFConfigList实例节点,,,,RW,,,,,TR系列规范(TR098/TR181/TR069/TR196)协议,,,
CMCC_TD_LTE_V2.3,中国移动TD-LTE皮站_飞站基站设备网络管理南向接口数据配置模型规范V2.3.xlsx,多实例参数Object个数读写属性,21,object,多实例Object个数读写属性,InternetGatewayDevice.Services.FAPService.{i}.CellConfig.LTE.S1U.{i}.,InternetGatewayDevice,{i},Y,,S1U实例节点,,,,RW,,,,,TR系列规范(TR098/TR181/TR069/TR196)协议,,,
CMCC_TD_LTE_V2.3,中国移动TD-LTE皮站_飞站基站设备网络管理南向接口数据配置模型规范V2.3.xlsx,多实例参数Object个数读写属性,22,object,多实例Object个数读写属性,InternetGatewayDevice.Services.FAPService.{i}.CellConfig.LTE.VoLTE.PdcpInitParam.{i}.,InternetGatewayDevice,{i},Y,,VOLTE 实例节点,,,,RW,,,,,TR系列规范(TR098/TR181/TR069/TR196)协议,,,
CMCC_LTE_V2.1,LTE V2.1.xlsx,多实例参数Object个数读写属性,19,object,多实例Object个数读写属性,InternetGatewayDevice.Services.FAPService.{i}.FAPControl.X2IpAddrMapInfo.{i}.,InternetGatewayDevice,{i},Y,,X2实例节点,,,,RW,,,,,TR系列规范(TR098/TR181/TR069/TR196)协议,,,
CMCC_TD_LTE_V2.3,中国移动TD-LTE皮站_飞站基站设备网络管理南向接口数据配置模型规范V2.3.xlsx,多实例参数Object个数读写属性,19,object,多实例Object个数读写属性,InternetGatewayDevice.Services.FAPService.{i}.FAPService.{i}.FAPControl.X2IpAddrMapInfo.{i}.,InternetGatewayDevice,{i},Y,,X2实例节点,,,,RW,,,,,TR系列规范(TR098/TR181/TR069/TR196)协议,,,
CMCC_TD_LTE_V2.3,中国移动TD-LTE皮站_飞站基站设备网络管理南向接口数据配置模型规范V2.3.xlsx,多实例参数Object个数读写属性,23,object,多实例Object个数读写属性,InternetGatewayDevice.Services.FAPService.{i}.Transport.SCTP.Assoc.{i}.,InternetGatewayDevice,{i},Y,,SCTP实例节点,,,,RW,,,,,TR系列规范(TR098/TR181/TR069/TR196)协议,,,
CMCC_TD_LTE_V2.3,中国移动TD-LTE皮站_飞站基站设备网络管理南向接口数据配置模型规范V2.3.xlsx,多实例参数Object个数读写属性,24,object,多实例Object个数读写属性,InternetGatewayDevice.WANDevice.{i}.,InternetGatewayDevice,{i},Y,,WAN实例,,,,R,,,,,TR系列规范(TR098/TR181/TR069/TR196)协议,,,
CMCC_TD_LTE_V2.3,中国移动TD-LTE皮站_飞站基站设备网络管理南向接口数据配置模型规范V2.3.xlsx,多实例参数Object个数读写属性,25,object,多实例Object个数读写属性,InternetGatewayDevice.WANDevice.{i}.WANConnectionDevice.{i}.WANIPConnection.{i}.,InternetGatewayDevice,{i},Y,,WANIP实例节点,,,,R,,,,,TR系列规范(TR098/TR181/TR069/TR196)协议,,,
CMCC_5G_EXT_PICO_V1.9.4,中国移动5G扩展型皮基站网管南向接口数据模型规范v1.9.4.xlsx,SA,85,parameter,多实例状态变化通知参数,Device.DeviceInfo.AddEndPoint,Device,AddEndPoint,N,AddEndPoint,多实例新增,A,,,,string(128),,,"多实例新增：
扩展型皮基站本地侧增加一个多实例时，需调用此模型通知网管具体增加的多实例节点， 保证两边的数据统一性。
例：远端(汇聚)单元接入时，扩展型皮基站需要用此型路径然后才用《南向接口技术规范》中valuechange事件上报网管。
AddEndPoint=Device.DeviceInfo.MU.1.Slot.1.EU.1.RU.3，同时当存在多个新增实例时使用"",""进行分割",,,,20240207-新增
CMCC_5G_EXT_PICO_V1.9.4,中国移动5G扩展型皮基站网管南向接口数据模型规范v1.9.4.xlsx,SA,86,parameter,多实例状态变化通知参数,Device.DeviceInfo.DelEndPoint,Device,DelEndPoint,N,DelEndPoint,多实例删除,A,,,,string(128),,,"多实例删除：
扩展型皮基站本地侧删除一个多实例时，需调用此模型通知网管具体删除的多实例节点， 保证两边的数据统一性。
例：当远端(汇聚)设备部署位置拆除时，扩展型皮基站需要用此模型路径然后才用《南向接口技术规范》中valuechange事件上报网管。
DelEndPoint=Device.DeviceInfo.MU.1.Slot.1.EU.1.RU.3，同时当存在多个新增实例时使用"",""进行分割",,,,20240207-新增
CMCC_LTE_V2.1,LTE V2.1.xlsx,SR,32,parameter,多实例状态变化通知参数,Device.DeviceInfo.DelEndPonit,Device,DelEndPonit,N,DelEndPonit,多实例删除,A,,,R,string(64),,,"多实例删除：
一体化皮基站/扩展型一体化皮基站本地侧删除一个多实例时，需调用此模型通知网管具体删除的多实例节点， 保证两边的数据统一性。
例：当远端(汇聚)设备部署位置拆除时，扩展型一体化皮基站需要用此模型路径然后才用《南向接口技术规范》中valuechange事件上报网管。
DelEndPoint=InternetGatewayDevice.DeviceInfo.EU.1.RU.3",,,,
CMCC_LTE_V2.1,LTE V2.1.xlsx,SR,31,parameter,多实例状态变化通知参数,InternetGatewayDevice.DeviceInfo.AddEndPoint,InternetGatewayDevice,AddEndPoint,N,AddEndPoint,多实例新增,A,,,R,string(64),,,"多实例新增：
一体化皮基站/扩展型一体化皮基站本地侧增加一个多实例时，需调用此模型通知网管具体增加的多实例节点， 保证两边的数据统一性。
例：远端(汇聚)单元接入时，扩展型一体化皮基站需要用此型路径然后才用《南向接口技术规范》中valuechange事件上报网管。
AddEndPoint=InternetGatewayDevice.DeviceInfo.EU.1.RU.3",,,,
CMCC_LTE_V2.1,LTE V2.1.xlsx,SR,32,parameter,多实例状态变化通知参数,InternetGatewayDevice.DeviceInfo.DelEndPonit,InternetGatewayDevice,DelEndPonit,N,DelEndPonit,多实例删除,A,,,R,string(64),,,"多实例删除：
一体化皮基站/扩展型一体化皮基站本地侧删除一个多实例时，需调用此模型通知网管具体删除的多实例节点， 保证两边的数据统一性。
例：当远端(汇聚)设备部署位置拆除时，扩展型一体化皮基站需要用此模型路径然后才用《南向接口技术规范》中valuechange事件上报网管。
DelEndPoint=InternetGatewayDevice.DeviceInfo.EU.1.RU.3",,,,
CMCC_TD_LTE_V2.3,中国移动TD-LTE皮站_飞站基站设备网络管理南向接口数据配置模型规范V2.3.xlsx,多实例参数Object个数读写属性,36,object,多载波数据模型备注,InternetGatewayDevice.Services.FAPService.{i},InternetGatewayDevice,{i},Y,,,,,,,,,,,,,,
CMCC_TD_LTE_V2.3,中国移动TD-LTE皮站_飞站基站设备网络管理南向接口数据配置模型规范V2.3.xlsx,多实例参数Object个数读写属性,36,object,多载波数据模型备注,InternetGatewayDevice.Services.FAPService.{i}；其中i=1代表载波1相关配置参数，i=2代表载波2相关配置参数，i=3代表载波3相关配置参数,InternetGatewayDevice,{i}；其中i=1代表载波1相关配置参数，i=2代表载波2相关配置参数，i=3代表载波3相关配置参数,Y,,,,,,,,,,,,,,
CMCC_5G_EXT_PICO_V1.9.4,中国移动5G扩展型皮基站网管南向接口数据模型规范v1.9.4.xlsx,SJ,91,parameter,安全参数管理,Device.Services.FAPService.{i}.CellConfig.{i}.NR.RAN.CipheringAlgorithm.Nea0Enable,Device,Nea0Enable,Y,Nea0Enable,加密算法Nea0Enable,B,AG,CipheringAlgorithm,RW,boolean,,,"{0:关闭,1:开启}",,"《5G NR无线网络扩展型皮基站设备功能测试规范—基本功能分册》
20231020-3GPP没定义，移动企标也没定义相关优先级参数,留作下次会议讨论项",,
CMCC_5G_EXT_PICO_V1.9.4,中国移动5G扩展型皮基站网管南向接口数据模型规范v1.9.4.xlsx,SJ,92,parameter,安全参数管理,Device.Services.FAPService.{i}.CellConfig.{i}.NR.RAN.CipheringAlgorithm.Nea1Enable,Device,Nea1Enable,Y,Nea1Enable,加密算法Nea1Enable,B,AG,CipheringAlgorithm,RW,boolean,,,"{0:关闭,1:开启}",,"《5G NR无线网络扩展型皮基站设备功能测试规范—基本功能分册》
20231020-3GPP没定义，移动企标也没定义相关优先级参数,留作下次会议讨论项",,
CMCC_5G_EXT_PICO_V1.9.4,中国移动5G扩展型皮基站网管南向接口数据模型规范v1.9.4.xlsx,SJ,93,parameter,安全参数管理,Device.Services.FAPService.{i}.CellConfig.{i}.NR.RAN.CipheringAlgorithm.Nea2Enable,Device,Nea2Enable,Y,Nea2Enable,加密算法Nea2Enable,B,AG,CipheringAlgorithm,RW,boolean,,,"{0:关闭,1:开启}",,"《5G NR无线网络扩展型皮基站设备功能测试规范—基本功能分册》
20231020-3GPP没定义，移动企标也没定义相关优先级参数,留作下次会议讨论项",,
CMCC_5G_EXT_PICO_V1.9.4,中国移动5G扩展型皮基站网管南向接口数据模型规范v1.9.4.xlsx,SJ,94,parameter,安全参数管理,Device.Services.FAPService.{i}.CellConfig.{i}.NR.RAN.CipheringAlgorithm.Nea3Enable,Device,Nea3Enable,Y,Nea3Enable,加密算法Nea3Enable,B,AG,CipheringAlgorithm,RW,boolean,,,"{0:关闭,1:开启}",,"《5G NR无线网络扩展型皮基站设备功能测试规范—基本功能分册》
20231020-3GPP没定义，移动企标也没定义相关优先级参数,留作下次会议讨论项",,
CMCC_5G_EXT_PICO_V1.9.4,中国移动5G扩展型皮基站网管南向接口数据模型规范v1.9.4.xlsx,SJ,87,parameter,安全参数管理,Device.Services.FAPService.{i}.CellConfig.{i}.NR.RAN.IntegrityProtAlgorithm.Nia0Enable,Device,Nia0Enable,Y,Nia0Enable,完整性保护算法nia0,B,AG,IntegrityProtAlgorithm,RW,boolean,,,"{0:关闭,1:开启}",,"《5G NR无线网络扩展型皮基站设备功能测试规范—基本功能分册》
20231020-3GPP没定义，移动企标也没定义相关优先级参数,留作下次会议讨论项",,
CMCC_5G_EXT_PICO_V1.9.4,中国移动5G扩展型皮基站网管南向接口数据模型规范v1.9.4.xlsx,SJ,88,parameter,安全参数管理,Device.Services.FAPService.{i}.CellConfig.{i}.NR.RAN.IntegrityProtAlgorithm.Nia1Enable,Device,Nia1Enable,Y,Nia1Enable,完整性保护算法nia1,B,AG,IntegrityProtAlgorithm,RW,boolean,,,"{0:关闭,1:开启}",,"《5G NR无线网络扩展型皮基站设备功能测试规范—基本功能分册》
20231020-3GPP没定义，移动企标也没定义相关优先级参数,留作下次会议讨论项",,
CMCC_5G_EXT_PICO_V1.9.4,中国移动5G扩展型皮基站网管南向接口数据模型规范v1.9.4.xlsx,SJ,89,parameter,安全参数管理,Device.Services.FAPService.{i}.CellConfig.{i}.NR.RAN.IntegrityProtAlgorithm.Nia2Enable,Device,Nia2Enable,Y,Nia2Enable,完整性保护算法nia2,B,AG,IntegrityProtAlgorithm,RW,boolean,,,"{0:关闭,1:开启}",,"《5G NR无线网络扩展型皮基站设备功能测试规范—基本功能分册》
20231020-3GPP没定义，移动企标也没定义相关优先级参数,留作下次会议讨论项",,
CMCC_5G_EXT_PICO_V1.9.4,中国移动5G扩展型皮基站网管南向接口数据模型规范v1.9.4.xlsx,SJ,90,parameter,安全参数管理,Device.Services.FAPService.{i}.CellConfig.{i}.NR.RAN.IntegrityProtAlgorithm.Nia3Enable,Device,Nia3Enable,Y,Nia3Enable,完整性保护算法nia3,B,AG,IntegrityProtAlgorithm,RW,boolean,,,"{0:关闭,1:开启}",,"《5G NR无线网络扩展型皮基站设备功能测试规范—基本功能分册》
20231020-3GPP没定义，移动企标也没定义相关优先级参数,留作下次会议讨论项",,
CMCC_TD_LTE_V2.3,中国移动TD-LTE皮站_飞站基站设备网络管理南向接口数据配置模型规范V2.3.xlsx,SF,12,parameter,安全网关参数管理,Device.Services.FAPControl.LTE.Gateway.SecGWServer1,Device,SecGWServer1,N,SecGWServer1,安全网关1,A,AX、AY,FarEndIpAddrList,RW,string(64),,,,TR系列规范(TR098/TR181/TR196)/NRM数据配置要求,,,
CMCC_TD_LTE_V2.3,中国移动TD-LTE皮站_飞站基站设备网络管理南向接口数据配置模型规范V2.3.xlsx,SF,13,parameter,安全网关参数管理,Device.Services.FAPControl.LTE.Gateway.SecGWServer2,Device,SecGWServer2,N,SecGWServer2,安全网关2,A,,FarEndIpAddrList,RW,string(64),,,,TR系列规范(TR098/TR181/TR196)/NRM数据配置要求,,,
CMCC_TD_LTE_V2.3,中国移动TD-LTE皮站_飞站基站设备网络管理南向接口数据配置模型规范V2.3.xlsx,SF,14,parameter,安全网关参数管理,Device.Services.FAPControl.LTE.Gateway.SecGWServer3,Device,SecGWServer3,N,SecGWServer3,安全网关3,A,,FarEndIpAddrList,RW,string(64),,,,TR系列规范(TR098/TR181/TR196)/NRM数据配置要求,,,
CMCC_LTE_V2.1,LTE V2.1.xlsx,SF,12,parameter,安全网关参数管理,Device.Services.FAPService.{i}.FAPControl.LTE.Gateway.SecGWServer1,Device,SecGWServer1,Y,SecGWServer1,安全网关1,A,AX、AY,FarEndIpAddrList,RW,string(64),,,,TR系列规范(TR098/TR181/TR196)/NRM数据配置要求,,,
CMCC_LTE_V2.1,LTE V2.1.xlsx,SF,13,parameter,安全网关参数管理,Device.Services.FAPService.{i}.FAPControl.LTE.Gateway.SecGWServer2,Device,SecGWServer2,Y,SecGWServer2,安全网关2,A,,FarEndIpAddrList,RW,string(64),,,,TR系列规范(TR098/TR181/TR196)/NRM数据配置要求,,,
CMCC_LTE_V2.1,LTE V2.1.xlsx,SF,14,parameter,安全网关参数管理,Device.Services.FAPService.{i}.FAPControl.LTE.Gateway.SecGWServer3,Device,SecGWServer3,Y,SecGWServer3,安全网关3,A,,FarEndIpAddrList,RW,string(64),,,,TR系列规范(TR098/TR181/TR196)/NRM数据配置要求,,,
CMCC_TD_LTE_V2.3,中国移动TD-LTE皮站_飞站基站设备网络管理南向接口数据配置模型规范V2.3.xlsx,SF,12,parameter,安全网关参数管理,InternetGatewayDevice.Services.FAPControl.LTE.Gateway.SecGWServer1,InternetGatewayDevice,SecGWServer1,N,SecGWServer1,安全网关1,A,AX、AY,FarEndIpAddrList,RW,string(64),,,,TR系列规范(TR098/TR181/TR196)/NRM数据配置要求,,,
CMCC_TD_LTE_V2.3,中国移动TD-LTE皮站_飞站基站设备网络管理南向接口数据配置模型规范V2.3.xlsx,SF,13,parameter,安全网关参数管理,InternetGatewayDevice.Services.FAPControl.LTE.Gateway.SecGWServer2,InternetGatewayDevice,SecGWServer2,N,SecGWServer2,安全网关2,A,,FarEndIpAddrList,RW,string(64),,,,TR系列规范(TR098/TR181/TR196)/NRM数据配置要求,,,
CMCC_TD_LTE_V2.3,中国移动TD-LTE皮站_飞站基站设备网络管理南向接口数据配置模型规范V2.3.xlsx,SF,14,parameter,安全网关参数管理,InternetGatewayDevice.Services.FAPControl.LTE.Gateway.SecGWServer3,InternetGatewayDevice,SecGWServer3,N,SecGWServer3,安全网关3,A,,FarEndIpAddrList,RW,string(64),,,,TR系列规范(TR098/TR181/TR196)/NRM数据配置要求,,,
CMCC_LTE_V2.1,LTE V2.1.xlsx,SF,12,parameter,安全网关参数管理,InternetGatewayDevice.Services.FAPService.{i}.FAPControl.LTE.Gateway.SecGWServer1,InternetGatewayDevice,SecGWServer1,Y,SecGWServer1,安全网关1,A,AX、AY,FarEndIpAddrList,RW,string(64),,,,TR系列规范(TR098/TR181/TR196)/NRM数据配置要求,,,
CMCC_LTE_V2.1,LTE V2.1.xlsx,SF,13,parameter,安全网关参数管理,InternetGatewayDevice.Services.FAPService.{i}.FAPControl.LTE.Gateway.SecGWServer2,InternetGatewayDevice,SecGWServer2,Y,SecGWServer2,安全网关2,A,,FarEndIpAddrList,RW,string(64),,,,TR系列规范(TR098/TR181/TR196)/NRM数据配置要求,,,
CMCC_LTE_V2.1,LTE V2.1.xlsx,SF,14,parameter,安全网关参数管理,InternetGatewayDevice.Services.FAPService.{i}.FAPControl.LTE.Gateway.SecGWServer3,InternetGatewayDevice,SecGWServer3,Y,SecGWServer3,安全网关3,A,,FarEndIpAddrList,RW,string(64),,,,TR系列规范(TR098/TR181/TR196)/NRM数据配置要求,,,
CMCC_5G_EXT_PICO_V1.9.4,中国移动5G扩展型皮基站网管南向接口数据模型规范v1.9.4.xlsx,SJ,101,parameter,寻呼参数管理,Device.Services.FAPService.{i}.CellConfig.{i}.NR.RAN.PCCHConfig.DefaultPagingCycle,Device,DefaultPagingCycle,Y,DefaultPagingCycle,默认寻呼周期,A,BF,defaultPagingCycle,RW,string(64),,,"指示PCCH的默认寻呼周期。
取值Enumerate{:rf32, rf64, rf128}",3GPP TS38.331,,,
CMCC_5G_EXT_PICO_V1.9.4,中国移动5G扩展型皮基站网管南向接口数据模型规范v1.9.4.xlsx,SJ,103,parameter,寻呼参数管理,Device.Services.FAPService.{i}.CellConfig.{i}.NR.RAN.PCCHConfig.N,Device,N,Y,N,寻呼总帧数,A,BF,nAndPagingFrameOffset,RW,"unsignedInt[1,2,4,8,16]",,,"该参数用于表示寻呼周期内寻呼帧的个数。
nAndPagingFrameOffset
取值范围 structure {
n（寻呼周期内PF个数）:=enum{oneT, halfT,quarterT, oneEighthT,oneSixteenthT}，
    PagingFrameOffset(寻呼偏置)  :=INTERGER
}；   nAndPagingFrameOffset取值为oneT，则PagingFrameOffset 为NULL。
Used to derive the number of total paging frames in T (corresponding to parameter N in TS 38.304 [20]) and paging frame offset (corresponding to parameter PF_offset in TS 38.304 [20]). 详见3GPP 38.331 section 6.3.2",3GPP TS38.332,,,
CMCC_5G_EXT_PICO_V1.9.4,中国移动5G扩展型皮基站网管南向接口数据模型规范v1.9.4.xlsx,SJ,104,parameter,寻呼参数管理,Device.Services.FAPService.{i}.CellConfig.{i}.NR.RAN.PCCHConfig.Ns,Device,Ns,Y,Ns,PF中PO个数,A,BF,ns,RW,string(64),,,"指示PF中寻呼时机PO的个数。Enum{four,two,one}",3GPP TS38.331,,,
CMCC_5G_EXT_PICO_V1.9.4,中国移动5G扩展型皮基站网管南向接口数据模型规范v1.9.4.xlsx,SJ,102,parameter,寻呼参数管理,Device.Services.FAPService.{i}.CellConfig.{i}.NR.RAN.PCCHConfig.PagingFrameOffset,Device,PagingFrameOffset,Y,PagingFrameOffset,寻呼偏置,A,BF,nAndPagingFrameOffset,RW,unsignedInt[0:15],,,"该参数用于表示寻呼周期内寻呼帧的个数。
nAndPagingFrameOffset
取值范围 structure {
n（寻呼周期内PF个数）:=enum{oneT, halfT,quarterT, oneEighthT,oneSixteenthT}，
    PagingFrameOffset(寻呼偏置)  :=INTERGER
}；   nAndPagingFrameOffset取值为oneT，则PagingFrameOffset 为NULL。
Used to derive the number of total paging frames in T (corresponding to parameter N in TS 38.304 [20]) and paging frame offset (corresponding to parameter PF_offset in TS 38.304 [20]). 详见3GPP 38.331 section 6.3.2",3GPP TS38.331,,,
CMCC_TD_LTE_V2.3,中国移动TD-LTE皮站_飞站基站设备网络管理南向接口数据配置模型规范V2.3.xlsx,SF,37,parameter,小区与RU映射,Device.Services.FAPService.{i}.CellConfig.LTE.RAN.RouteIndexList,Device,RouteIndexList,Y,RouteIndexList,路由指示列表,A,,,RW,string(512),,,小区关联的RU列表，使用SR页RU的RouteIndex标识，RouteIndex为EU时，表示该EU下连接的RU都关联到该小区；RouteIndex为RU时，表示指定的RU关联到该小区，多个RouteIndex用逗号隔开,,,V2.2 增加小区级RouteIndexList，便于网管计算RU/RRU北向资管归属小区信息,
CMCC_TD_LTE_V2.3,中国移动TD-LTE皮站_飞站基站设备网络管理南向接口数据配置模型规范V2.3.xlsx,SF,38,parameter,小区与RU映射,Device.Services.FAPService.{i}.CellConfig.LTE.RAN.RuList,Device,RuList,Y,RuList,RU列表,A,,,RW,string(512),,,小区关联的RU列表，使用SR页RU的SerialNumber标识，多个RU用逗号隔开,,,V2.2 增加小区级RuList，便于网管计算RU/RRU北向资管归属小区信息,
CMCC_5G_EXT_PICO_V1.9.4,中国移动5G扩展型皮基站网管南向接口数据模型规范v1.9.4.xlsx,SJ,52,parameter,小区与RU映射,Device.Services.FAPService.{i}.CellConfig.{i}.NR.RAN.RouteIndexList,Device,RouteIndexList,Y,RouteIndexList,路由指示列表,A,,,RW,string(512),,,小区关联的RU列表，使用SA页RU的RouteIndex标识，RouteIndex为EU时，表示该EU下连接的RU都关联到该小区；RouteIndex为RU时，表示指定的RU关联到该小区，多个RouteIndex用逗号隔开,,,,
CMCC_5G_EXT_PICO_V1.9.4,中国移动5G扩展型皮基站网管南向接口数据模型规范v1.9.4.xlsx,SJ,53,parameter,小区与RU映射,Device.Services.FAPService.{i}.CellConfig.{i}.NR.RAN.RuList,Device,RuList,Y,RuList,RU列表,A,,,RW,string(512),,,小区关联的RU列表，使用SA页RU的SerialNumber标识，多个RU用逗号隔开,,,,
CMCC_TD_LTE_V2.3,中国移动TD-LTE皮站_飞站基站设备网络管理南向接口数据配置模型规范V2.3.xlsx,SF,37,parameter,小区与RU映射,InternetGatewayDevice.Services.FAPService.{i}.CellConfig.LTE.RAN.RouteIndexList,InternetGatewayDevice,RouteIndexList,Y,RouteIndexList,路由指示列表,A,,,RW,string(512),,,小区关联的RU列表，使用SR页RU的RouteIndex标识，RouteIndex为EU时，表示该EU下连接的RU都关联到该小区；RouteIndex为RU时，表示指定的RU关联到该小区，多个RouteIndex用逗号隔开,,,V2.2 增加小区级RouteIndexList，便于网管计算RU/RRU北向资管归属小区信息,
CMCC_TD_LTE_V2.3,中国移动TD-LTE皮站_飞站基站设备网络管理南向接口数据配置模型规范V2.3.xlsx,SF,38,parameter,小区与RU映射,InternetGatewayDevice.Services.FAPService.{i}.CellConfig.LTE.RAN.RuList,InternetGatewayDevice,RuList,Y,RuList,RU列表,A,,,RW,string(512),,,小区关联的RU列表，使用SR页RU的SerialNumber标识，多个RU用逗号隔开,,,V2.2 增加小区级RuList，便于网管计算RU/RRU北向资管归属小区信息,
CMCC_LTE_V2.1,LTE V2.1.xlsx,SF,45,parameter,小区参数管理,Device.Services.FAPService.{i}.Capabilities.MaxTxPower,Device,MaxTxPower,Y,MaxTxPower,最大发射功率,A,,MaximumTransmissionPower,R,unsignedInt,,,最大发射功率,NRM数据配置要求,修正参数类型,,
CMCC_TD_LTE_V2.3,中国移动TD-LTE皮站_飞站基站设备网络管理南向接口数据配置模型规范V2.3.xlsx,SF,49,parameter,小区参数管理,Device.Services.FAPService.{i}.CellConfig.Capabilities.MaxTxPower,Device,MaxTxPower,Y,MaxTxPower,最大发射功率,A,,MaximumTransmissionPower,R,unsignedInt,,,最大发射功率,NRM数据配置要求,V2.1修正参数类型,,
CMCC_TD_LTE_V2.3,中国移动TD-LTE皮站_飞站基站设备网络管理南向接口数据配置模型规范V2.3.xlsx,SF,42,parameter,小区参数管理,Device.Services.FAPService.{i}.CellConfig.LTE.RAN.RF.DLBandwidth,Device,DLBandwidth,Y,DLBandwidth,下行带宽,A,,BandWidth,RW,string(32),,,下行带宽,TR系列规范(TR098/TR181/TR196)/NRM数据配置要求,修正参数类型,,
CMCC_TD_LTE_V2.3,中国移动TD-LTE皮站_飞站基站设备网络管理南向接口数据配置模型规范V2.3.xlsx,SF,40,parameter,小区参数管理,Device.Services.FAPService.{i}.CellConfig.LTE.RAN.RF.EARFCNDL,Device,EARFCNDL,Y,EARFCNDL,下行EARFCN,A,AJ、AG,Earfcn,RW,string(128),,,下行EARFCN,TR系列规范(TR098/TR181/TR196)/NRM数据配置要求,修正参数类型,,
CMCC_TD_LTE_V2.3,中国移动TD-LTE皮站_飞站基站设备网络管理南向接口数据配置模型规范V2.3.xlsx,SF,47,parameter,小区参数管理,Device.Services.FAPService.{i}.CellConfig.LTE.RAN.RF.EARFCNUL,Device,EARFCNUL,Y,EARFCNUL,上行EARFCN,A,,,RW,string(128),,,上行或双向E-UTRA载频,TR系列规范(TR098/TR181/TR196),修正参数类型,,
CMCC_TD_LTE_V2.3,中国移动TD-LTE皮站_飞站基站设备网络管理南向接口数据配置模型规范V2.3.xlsx,SF,48,parameter,小区参数管理,Device.Services.FAPService.{i}.CellConfig.LTE.RAN.RF.FreqBandIndicator,Device,FreqBandIndicator,Y,FreqBandIndicator,频带指示,A,,BandIndicator,RW,int[1:40],,,频带指示,TR系列规范(TR098/TR181/TR196)/NRM数据配置要求,修正参数类型,,
CMCC_TD_LTE_V2.3,中国移动TD-LTE皮站_飞站基站设备网络管理南向接口数据配置模型规范V2.3.xlsx,SF,46,parameter,小区参数管理,Device.Services.FAPService.{i}.CellConfig.LTE.RAN.RF.PBCHPowerOffset,Device,PBCHPowerOffset,Y,PBCHPowerOffset,PBCH功率偏置,A,,,RW,string(512),,,物理广播信道相对ReferenceSignalPower的功率偏置,TR系列规范(TR098/TR181/TR196),修正参数类型,,
CMCC_TD_LTE_V2.3,中国移动TD-LTE皮站_飞站基站设备网络管理南向接口数据配置模型规范V2.3.xlsx,SF,44,parameter,小区参数管理,Device.Services.FAPService.{i}.CellConfig.LTE.RAN.RF.PSCHPowerOffset,Device,PSCHPowerOffset,Y,PSCHPowerOffset,PSCH功率偏置,A,,,RW,string(512),,,主同步信道相对ReferenceSignalPower的功率偏置,TR系列规范(TR098/TR181/TR196),修正参数类型,,
CMCC_TD_LTE_V2.3,中国移动TD-LTE皮站_飞站基站设备网络管理南向接口数据配置模型规范V2.3.xlsx,SF,41,parameter,小区参数管理,Device.Services.FAPService.{i}.CellConfig.LTE.RAN.RF.PhyCellID,Device,PhyCellID,Y,PhyCellID,PCI,A,,Pci,RW,string(512),,,PCI,TR系列规范(TR098/TR181/TR196)/NRM数据配置要求,修正参数类型，修改参数名大小写，保持和TR196一致,,
CMCC_TD_LTE_V2.3,中国移动TD-LTE皮站_飞站基站设备网络管理南向接口数据配置模型规范V2.3.xlsx,SF,50,parameter,小区参数管理,Device.Services.FAPService.{i}.CellConfig.LTE.RAN.RF.ReferenceSignalPower,Device,ReferenceSignalPower,Y,ReferenceSignalPower,参考信号功率,A,,ReferenceSignalPower,RW,string(512),,,小区参考信号功率,TR系列规范(TR098/TR181/TR196)/NRM数据配置要求,修正参数类型,,
CMCC_TD_LTE_V2.3,中国移动TD-LTE皮站_飞站基站设备网络管理南向接口数据配置模型规范V2.3.xlsx,SF,45,parameter,小区参数管理,Device.Services.FAPService.{i}.CellConfig.LTE.RAN.RF.SSCHPowerOffset,Device,SSCHPowerOffset,Y,SSCHPowerOffset,SSCH功率偏置,A,,,RW,string(512),,,"辅同步信道相对ReferenceSignalPower
的功率偏置",TR系列规范(TR098/TR181/TR196),修正参数类型,,
CMCC_TD_LTE_V2.3,中国移动TD-LTE皮站_飞站基站设备网络管理南向接口数据配置模型规范V2.3.xlsx,SF,43,parameter,小区参数管理,Device.Services.FAPService.{i}.CellConfig.LTE.RAN.RF.ULBandwidth,Device,ULBandwidth,Y,ULBandwidth,上行带宽,A,,,RW,string(32),,,上行带宽,TR系列规范(TR098/TR181/TR196),修正参数类型,,
CMCC_TD_LTE_V2.3,中国移动TD-LTE皮站_飞站基站设备网络管理南向接口数据配置模型规范V2.3.xlsx,SF,39,parameter,小区参数管理,Device.Services.FAPService.{i}.CellConfig.LTE.RAN.RF.UserLabel,Device,UserLabel,Y,UserLabel,用户友好名,A,AJ,UserLabel,RW,string,,,字段必须与OMC系统内配置资源名称保持一致。且要求UserLabel与告警、性能数据中同一资源对象使用的网元用户友好名保持一致，即用户有好名在OMC内部以及北向接口交互过程中全局唯一。OMC系统内配置资源命名建议参考《中国移动网络资源命名规范-无线分册》，基站命名要求。,技术规范_NanoCell eNB网元统计数据需求规范-NRM(V2.9.0),,,
CMCC_5G_EXT_PICO_V1.9.4,中国移动5G扩展型皮基站网管南向接口数据模型规范v1.9.4.xlsx,SJ,11,parameter,小区参数管理,Device.Services.FAPService.{i}.CellConfig.{i}.NR.RAN.RF.DLBandwidth,Device,DLBandwidth,Y,DLBandwidth,下行带宽,A,,,RW,"unsignedInt[5,10,15,20,25,30,40,50,60,80,90,100,200,400]",,,"下行带宽
单位为兆赫兹(MHz)",TR系列规范(TR098/TR181/TR196)/NRM数据配置要求,修正参数类型,,
CMCC_5G_EXT_PICO_V1.9.4,中国移动5G扩展型皮基站网管南向接口数据模型规范v1.9.4.xlsx,SJ,18,parameter,小区参数管理,Device.Services.FAPService.{i}.CellConfig.{i}.NR.RAN.RF.Dl256QAMSwitch,Device,Dl256QAMSwitch,Y,Dl256QAMSwitch,DL 256QAM开关,A,BF,Dl256QAMSwitch,RW,string(64),,,"取值范围：ENUMERATED {ON,OFF,Adaptive}，ON表示下行锁定到256QAM，OFF表示不使用256QAM调制方式，Adaptive表示根据实际动态调整调制方式。",TR系列规范(TR098/TR181/TR196)/NRM数据配置要求,,,20240207-新增
CMCC_5G_EXT_PICO_V1.9.4,中国移动5G扩展型皮基站网管南向接口数据模型规范v1.9.4.xlsx,SJ,22,parameter,小区参数管理,Device.Services.FAPService.{i}.CellConfig.{i}.NR.RAN.RF.DuplexMode,Device,DuplexMode,Y,DuplexMode,双工模式,A,BF,DuplexMode,R,string(8),,,"该参数表示小区的双工模式。取值FDD表示当前小区双工模式为FDD模式，取值TDD表示当前小区双工模式为TDD模式。
取值范围：ENUMERATED {TDD,FDD}。",TR系列规范(TR098/TR181/TR196)/NRM数据配置要求,,,20240207-新增
CMCC_5G_EXT_PICO_V1.9.4,中国移动5G扩展型皮基站网管南向接口数据模型规范v1.9.4.xlsx,SJ,15,parameter,小区参数管理,Device.Services.FAPService.{i}.CellConfig.{i}.NR.RAN.RF.FreqBandIndicator,Device,FreqBandIndicator,Y,FreqBandIndicator,频带指示,A,,,RW,unsignedInt[1:1024],,,频带指示,TR系列规范(TR098/TR181/TR196)/NRM数据配置要求,"修正参数类型，
建议按38.331中的定义：
FreqBandIndicatorNR：INTEGER (1..1024)",,
CMCC_5G_EXT_PICO_V1.9.4,中国移动5G扩展型皮基站网管南向接口数据模型规范v1.9.4.xlsx,SJ,20,parameter,小区参数管理,Device.Services.FAPService.{i}.CellConfig.{i}.NR.RAN.RF.MaxDlMimoLayerNum,Device,MaxDlMimoLayerNum,Y,MaxDlMimoLayerNum,小区支持的下行最大流数,A,BF,MaxDlMimoLayerNum,R,unsignedInt[2，4，8],,,取值范围:{2，4，8},TR系列规范(TR098/TR181/TR196)/NRM数据配置要求,,,20240207-新增
CMCC_5G_EXT_PICO_V1.9.4,中国移动5G扩展型皮基站网管南向接口数据模型规范v1.9.4.xlsx,SJ,21,parameter,小区参数管理,Device.Services.FAPService.{i}.CellConfig.{i}.NR.RAN.RF.MaxUlMimoLayerNum,Device,MaxUlMimoLayerNum,Y,MaxUlMimoLayerNum,小区支持的上行最大流数,A,BF,MaxUlMimoLayerNum,R,unsignedInt[1，2，4],,,取值范围:{1，2，4},TR系列规范(TR098/TR181/TR196)/NRM数据配置要求,,,20240207-新增
CMCC_5G_EXT_PICO_V1.9.4,中国移动5G扩展型皮基站网管南向接口数据模型规范v1.9.4.xlsx,SJ,9,parameter,小区参数管理,Device.Services.FAPService.{i}.CellConfig.{i}.NR.RAN.RF.NRARFCNDL,Device,NRARFCNDL,Y,NRARFCNDL,下行NRARFCN,A,,,RW,"unsignedInt[499200:537996,620000:680000,693334:733332]",,,下行NRARFCN,TR系列规范(TR098/TR181/TR196)/NRM数据配置要求,修正参数类型,,20221118-修订
CMCC_5G_EXT_PICO_V1.9.4,中国移动5G扩展型皮基站网管南向接口数据模型规范v1.9.4.xlsx,SJ,14,parameter,小区参数管理,Device.Services.FAPService.{i}.CellConfig.{i}.NR.RAN.RF.NRARFCNUL,Device,NRARFCNUL,Y,NRARFCNUL,上行NRARFCN,A,,,RW,unsignedInt[0:3279165],,,上行NRARFCN,TR系列规范(TR098/TR181/TR196),修正参数类型,,
CMCC_5G_EXT_PICO_V1.9.4,中国移动5G扩展型皮基站网管南向接口数据模型规范v1.9.4.xlsx,SJ,13,parameter,小区参数管理,Device.Services.FAPService.{i}.CellConfig.{i}.NR.RAN.RF.PSCHPowerOffset,Device,PSCHPowerOffset,Y,PSCHPowerOffset,PSCH功率偏置,A,,,RW,string(512),,,"主同步信道相对SS/PBCH block 的功率偏置,取值范围{db0, db3}",TR系列规范(TR098/TR181/TR196),,,
CMCC_5G_EXT_PICO_V1.9.4,中国移动5G扩展型皮基站网管南向接口数据模型规范v1.9.4.xlsx,SJ,10,parameter,小区参数管理,Device.Services.FAPService.{i}.CellConfig.{i}.NR.RAN.RF.PhyCellID,Device,PhyCellID,Y,PhyCellID,PCI,A,AM,nRPCI,RW,unsignedInt[0:1007],,,PCI,TR系列规范(TR098/TR181/TR196)/NRM数据配置要求,修正参数类型，修改参数名大小写，保持和TR196一致,,
CMCC_5G_EXT_PICO_V1.9.4,中国移动5G扩展型皮基站网管南向接口数据模型规范v1.9.4.xlsx,SJ,17,parameter,小区参数管理,Device.Services.FAPService.{i}.CellConfig.{i}.NR.RAN.RF.SsPBCHBlockPower,Device,SsPBCHBlockPower,Y,SsPBCHBlockPower,SSB Block功率值,A,BF,ssPBCHBlockPower,RW,int[-60:50],,,SSB Block功率值,,"修正参数类型
5G基于SSB定义基准功率",,
CMCC_5G_EXT_PICO_V1.9.4,中国移动5G扩展型皮基站网管南向接口数据模型规范v1.9.4.xlsx,SJ,16,parameter,小区参数管理,Device.Services.FAPService.{i}.CellConfig.{i}.NR.RAN.RF.SsbFrequency,Device,SsbFrequency,Y,SsbFrequency,SSB频点号,A,,,RW,unsignedInt[0:3279165],,,小区载频的SSB ARFCN,3GPP TS38.331,,,20221118-修订
CMCC_5G_EXT_PICO_V1.9.4,中国移动5G扩展型皮基站网管南向接口数据模型规范v1.9.4.xlsx,SJ,12,parameter,小区参数管理,Device.Services.FAPService.{i}.CellConfig.{i}.NR.RAN.RF.ULBandwidth,Device,ULBandwidth,Y,ULBandwidth,上行带宽,A,,,RW,"unsignedInt[5,10,15,20,25,30,40,50,60,80,90,100,200,400]",,,"上行带宽
单位为兆赫兹(MHz)",TR系列规范(TR098/TR181/TR196),修正参数类型,,
CMCC_5G_EXT_PICO_V1.9.4,中国移动5G扩展型皮基站网管南向接口数据模型规范v1.9.4.xlsx,SJ,19,parameter,小区参数管理,Device.Services.FAPService.{i}.CellConfig.{i}.NR.RAN.RF.Ul256QAMSwitch,Device,Ul256QAMSwitch,Y,Ul256QAMSwitch,UL 256QAM开关,A,BF,Ul256QAMSwitch,RW,string(64),,,"取值范围：ENUMERATED {ON,OFF,Adaptive}，ON表示上行锁定到256QAM，OFF表示不使用256QAM调制方式，Adaptive表示根据实际动态调整调制方式。",TR系列规范(TR098/TR181/TR196)/NRM数据配置要求,,,20240207-新增
CMCC_5G_EXT_PICO_V1.9.4,中国移动5G扩展型皮基站网管南向接口数据模型规范v1.9.4.xlsx,SJ,8,parameter,小区参数管理,Device.Services.FAPService.{i}.CellConfig.{i}.NR.RAN.RF.gNBDUId,Device,gNBDUId,Y,gNBDUId,gNodeB DU编号,A,AL,gNB-DUId,R,unsignedLong[0:‭68719476735‬],,,在gNB内可用唯一标识DU;参见3GPP TS 38.401 6.2.2节和 3GPP TS 38.473 9.3.1.9节,NRM数据配置要求,5G SA gNB网元统计数据需求规范-NRM(V1.4.2),,
CMCC_LTE_V2.1,LTE V2.1.xlsx,SF,45,parameter,小区参数管理,InternetGatewayDevice.Services.FAPService.{i}.Capabilities.MaxTxPower,InternetGatewayDevice,MaxTxPower,Y,MaxTxPower,最大发射功率,A,,MaximumTransmissionPower,R,unsignedInt,,,最大发射功率,NRM数据配置要求,修正参数类型,,
CMCC_TD_LTE_V2.3,中国移动TD-LTE皮站_飞站基站设备网络管理南向接口数据配置模型规范V2.3.xlsx,SF,42,parameter,小区参数管理,InternetGatewayDevice.Services.FAPService.{i}.CellConfig.LTE.RAN.RF.DLBandwidth,InternetGatewayDevice,DLBandwidth,Y,DLBandwidth,下行带宽,A,,BandWidth,RW,string(32),,,下行带宽,TR系列规范(TR098/TR181/TR196)/NRM数据配置要求,修正参数类型,,
CMCC_TD_LTE_V2.3,中国移动TD-LTE皮站_飞站基站设备网络管理南向接口数据配置模型规范V2.3.xlsx,SF,40,parameter,小区参数管理,InternetGatewayDevice.Services.FAPService.{i}.CellConfig.LTE.RAN.RF.EARFCNDL,InternetGatewayDevice,EARFCNDL,Y,EARFCNDL,下行EARFCN,A,AJ、AG,Earfcn,RW,string(128),,,下行EARFCN,TR系列规范(TR098/TR181/TR196)/NRM数据配置要求,修正参数类型,,
CMCC_TD_LTE_V2.3,中国移动TD-LTE皮站_飞站基站设备网络管理南向接口数据配置模型规范V2.3.xlsx,SF,47,parameter,小区参数管理,InternetGatewayDevice.Services.FAPService.{i}.CellConfig.LTE.RAN.RF.EARFCNUL,InternetGatewayDevice,EARFCNUL,Y,EARFCNUL,上行EARFCN,A,,,RW,string(128),,,上行或双向E-UTRA载频,TR系列规范(TR098/TR181/TR196),修正参数类型,,
CMCC_TD_LTE_V2.3,中国移动TD-LTE皮站_飞站基站设备网络管理南向接口数据配置模型规范V2.3.xlsx,SF,48,parameter,小区参数管理,InternetGatewayDevice.Services.FAPService.{i}.CellConfig.LTE.RAN.RF.FreqBandIndicator,InternetGatewayDevice,FreqBandIndicator,Y,FreqBandIndicator,频带指示,A,,BandIndicator,RW,int[1:40],,,频带指示,TR系列规范(TR098/TR181/TR196)/NRM数据配置要求,修正参数类型,,
CMCC_TD_LTE_V2.3,中国移动TD-LTE皮站_飞站基站设备网络管理南向接口数据配置模型规范V2.3.xlsx,SF,49,parameter,小区参数管理,InternetGatewayDevice.Services.FAPService.{i}.CellConfig.LTE.RAN.RF.MaxTxPower,InternetGatewayDevice,MaxTxPower,Y,MaxTxPower,最大发射功率,A,,MaximumTransmissionPower,R,unsignedInt,,,最大发射功率,NRM数据配置要求,V2.1修正参数类型,,
CMCC_TD_LTE_V2.3,中国移动TD-LTE皮站_飞站基站设备网络管理南向接口数据配置模型规范V2.3.xlsx,SF,46,parameter,小区参数管理,InternetGatewayDevice.Services.FAPService.{i}.CellConfig.LTE.RAN.RF.PBCHPowerOffset,InternetGatewayDevice,PBCHPowerOffset,Y,PBCHPowerOffset,PBCH功率偏置,A,,,RW,string(512),,,物理广播信道相对ReferenceSignalPower的功率偏置,TR系列规范(TR098/TR181/TR196),修正参数类型,,
CMCC_TD_LTE_V2.3,中国移动TD-LTE皮站_飞站基站设备网络管理南向接口数据配置模型规范V2.3.xlsx,SF,44,parameter,小区参数管理,InternetGatewayDevice.Services.FAPService.{i}.CellConfig.LTE.RAN.RF.PSCHPowerOffset,InternetGatewayDevice,PSCHPowerOffset,Y,PSCHPowerOffset,PSCH功率偏置,A,,,RW,string(512),,,主同步信道相对ReferenceSignalPower的功率偏置,TR系列规范(TR098/TR181/TR196),修正参数类型,,
CMCC_TD_LTE_V2.3,中国移动TD-LTE皮站_飞站基站设备网络管理南向接口数据配置模型规范V2.3.xlsx,SF,41,parameter,小区参数管理,InternetGatewayDevice.Services.FAPService.{i}.CellConfig.LTE.RAN.RF.PhyCellID,InternetGatewayDevice,PhyCellID,Y,PhyCellID,PCI,A,,Pci,RW,string(512),,,PCI,TR系列规范(TR098/TR181/TR196)/NRM数据配置要求,修正参数类型，修改参数名大小写，保持和TR196一致,,
CMCC_TD_LTE_V2.3,中国移动TD-LTE皮站_飞站基站设备网络管理南向接口数据配置模型规范V2.3.xlsx,SF,50,parameter,小区参数管理,InternetGatewayDevice.Services.FAPService.{i}.CellConfig.LTE.RAN.RF.ReferenceSignalPower,InternetGatewayDevice,ReferenceSignalPower,Y,ReferenceSignalPower,参考信号功率,A,,ReferenceSignalPower,RW,string(512),,,小区参考信号功率,TR系列规范(TR098/TR181/TR196)/NRM数据配置要求,修正参数类型,,
CMCC_TD_LTE_V2.3,中国移动TD-LTE皮站_飞站基站设备网络管理南向接口数据配置模型规范V2.3.xlsx,SF,45,parameter,小区参数管理,InternetGatewayDevice.Services.FAPService.{i}.CellConfig.LTE.RAN.RF.SSCHPowerOffset,InternetGatewayDevice,SSCHPowerOffset,Y,SSCHPowerOffset,SSCH功率偏置,A,,,RW,string(512),,,"辅同步信道相对ReferenceSignalPower
的功率偏置",TR系列规范(TR098/TR181/TR196),修正参数类型,,
CMCC_TD_LTE_V2.3,中国移动TD-LTE皮站_飞站基站设备网络管理南向接口数据配置模型规范V2.3.xlsx,SF,43,parameter,小区参数管理,InternetGatewayDevice.Services.FAPService.{i}.CellConfig.LTE.RAN.RF.ULBandwidth,InternetGatewayDevice,ULBandwidth,Y,ULBandwidth,上行带宽,A,,,RW,string(32),,,上行带宽,TR系列规范(TR098/TR181/TR196),修正参数类型,,
CMCC_TD_LTE_V2.3,中国移动TD-LTE皮站_飞站基站设备网络管理南向接口数据配置模型规范V2.3.xlsx,SF,39,parameter,小区参数管理,InternetGatewayDevice.Services.FAPService.{i}.CellConfig.LTE.RAN.RF.UserLabel,InternetGatewayDevice,UserLabel,Y,UserLabel,用户友好名,A,AJ,UserLabel,RW,string,,,字段必须与OMC系统内配置资源名称保持一致。且要求UserLabel与告警、性能数据中同一资源对象使用的网元用户友好名保持一致，即用户有好名在OMC内部以及北向接口交互过程中全局唯一。OMC系统内配置资源命名建议参考《中国移动网络资源命名规范-无线分册》，基站命名要求。,技术规范_NanoCell eNB网元统计数据需求规范-NRM(V2.9.0),,,
CMCC_5G_EXT_PICO_V1.9.4,中国移动5G扩展型皮基站网管南向接口数据模型规范v1.9.4.xlsx,SJ,51,parameter,小区底噪测量,Device.Services.FAPService.{i}.CellConfig.{i}.NR.Capabilities.NoisePwdBm,Device,NoisePwdBm,Y,NoisePwdBm,底噪,A,,,R,string,,,,,《硬件测试规范》-4扩展单元测试-4.1组网能力,,
CMCC_5G_EXT_PICO_V1.9.4,中国移动5G扩展型皮基站网管南向接口数据模型规范v1.9.4.xlsx,SJ,50,parameter,小区底噪测量,Device.Services.FAPService.{i}.CellConfig.{i}.NR.Capabilities.PRBNum,Device,PRBNum,Y,PRBNum,子帧的PRB,B,,,RW,string,,,"需要开启接收干扰功率测量的上行子帧的PRB索引。可以选择273个PRB中的任意多个，例如0..7,50,272表示选择0号到7号，50号及272号共10个位置上的PRB，其中”..”表示连续区间，“,”表示分隔; 单个PRB索引可配置范围为为0~272。",,"string中不带{},统一用英文格式",,20221118-修订
CMCC_5G_EXT_PICO_V1.9.4,中国移动5G扩展型皮基站网管南向接口数据模型规范v1.9.4.xlsx,SJ,54,parameter,小区最大发射功率,Device.Services.FAPService.{i}.CellConfig.{i}.NR.RAN.MaxTxPower,Device,MaxTxPower,Y,MaxTxPower,最大发射功率,A,,,RW,unsignedInt,,,"单位dBm
指小基站所有通道发射功率总和",,,,
CMCC_TD_LTE_V2.3,中国移动TD-LTE皮站_飞站基站设备网络管理南向接口数据配置模型规范V2.3.xlsx,SF,51,parameter,小区标识参数,Device.Services.FAPService.{i}.CellConfig.LTE.RAN.Common.CellIdentity,Device,CellIdentity,Y,CellIdentity,小区标识,A,,,RW,unsignedInt[0:268435455],,,小区CelllD（对应3GPP ECGI格式，28位）,TR系列规范(TR098/TR181/TR196)/NRM数据配置要求,,,
CMCC_TD_LTE_V2.3,中国移动TD-LTE皮站_飞站基站设备网络管理南向接口数据配置模型规范V2.3.xlsx,SF,52,parameter,小区标识参数,Device.Services.FAPService.{i}.CellConfig.LTE.RAN.Common.EnbType,Device,EnbType,Y,EnbType,基站类型,A,,EnbType,RW,unsignedInt[0:1],,,(0=宏站小区，1=微站小区),自定义,,,
CMCC_5G_EXT_PICO_V1.9.4,中国移动5G扩展型皮基站网管南向接口数据模型规范v1.9.4.xlsx,SJ,25,parameter,小区标识参数,Device.Services.FAPService.{i}.CellConfig.{i}.NR.CN.CellReservedForOtherUse,Device,CellReservedForOtherUse,Y,CellReservedForOtherUse,小区预留标识总开关,A,,,RW,boolean,,,供运营商使用的小区预留标志,TR系列规范(TR098/TR181/TR196)/NRM数据配置要求,,,
CMCC_5G_EXT_PICO_V1.9.4,中国移动5G扩展型皮基站网管南向接口数据模型规范v1.9.4.xlsx,SJ,39,parameter,小区标识参数,Device.Services.FAPService.{i}.CellConfig.{i}.NR.CN.SliceGroupList.{i}.DlRbDedicatedRatio,Device,DlRbDedicatedRatio,Y,DlRbDedicatedRatio,切片组下行分配资源的专用比例,CA,AZ,DlRbDedicatedRatio,RW,unsignedInt,,,该参数表示切片组在其最大下行分配资源比例内的专用资源比例。不支持切片组功能时上报NA。,TR系列规范(TR098/TR181/TR196)/NRM数据配置要求,,,20240207-新增
CMCC_5G_EXT_PICO_V1.9.4,中国移动5G扩展型皮基站网管南向接口数据模型规范v1.9.4.xlsx,SJ,37,parameter,小区标识参数,Device.Services.FAPService.{i}.CellConfig.{i}.NR.CN.SliceGroupList.{i}.DlRbMaxRatio,Device,DlRbMaxRatio,Y,DlRbMaxRatio,切片组下行分配资源的最大比例,CA,AZ,DlRbMaxRatio,RW,unsignedInt,,,该参数表示切片组在所属运营商分配的下行最大资源比例。不支持切片组功能时上报NA。,TR系列规范(TR098/TR181/TR196)/NRM数据配置要求,,,20240207-新增
CMCC_5G_EXT_PICO_V1.9.4,中国移动5G扩展型皮基站网管南向接口数据模型规范v1.9.4.xlsx,SJ,38,parameter,小区标识参数,Device.Services.FAPService.{i}.CellConfig.{i}.NR.CN.SliceGroupList.{i}.DlRbMinRatio,Device,DlRbMinRatio,Y,DlRbMinRatio,切片组下行分配资源的最小比例,CA,AZ,DlRbMinRatio,RW,unsignedInt,,,该参数表示切片组在所属运营商分配的下行最小资源比例。不支持切片组功能时上报NA。,TR系列规范(TR098/TR181/TR196)/NRM数据配置要求,,,20240207-新增
CMCC_5G_EXT_PICO_V1.9.4,中国移动5G扩展型皮基站网管南向接口数据模型规范v1.9.4.xlsx,SJ,36,parameter,小区标识参数,Device.Services.FAPService.{i}.CellConfig.{i}.NR.CN.SliceGroupList.{i}.GroupId,Device,GroupId,Y,GroupId,标识符,CB,AX,Id,RW,string,,,"命名属性
条件说明：本小区开启了CU/DU切片组功能才上报此对象的相关参数值。不支持切片组功能时上报NA，CU和DU共用一个值。",TR系列规范(TR098/TR181/TR196)/NRM数据配置要求,,,20240207-新增
CMCC_5G_EXT_PICO_V1.9.4,中国移动5G扩展型皮基站网管南向接口数据模型规范v1.9.4.xlsx,SJ,42,parameter,小区标识参数,Device.Services.FAPService.{i}.CellConfig.{i}.NR.CN.SliceGroupList.{i}.UlRbDedicatedRatio,Device,UlRbDedicatedRatio,Y,UlRbDedicatedRatio,切片组上行分配资源的专用比例,CA,AZ,UlRbDedicatedRatio,RW,unsignedInt,,,该参数表示切片组在其最大上行分配资源比例内的专用资源比例。不支持切片组功能时上报NA。,TR系列规范(TR098/TR181/TR196)/NRM数据配置要求,,,20240207-新增
CMCC_5G_EXT_PICO_V1.9.4,中国移动5G扩展型皮基站网管南向接口数据模型规范v1.9.4.xlsx,SJ,40,parameter,小区标识参数,Device.Services.FAPService.{i}.CellConfig.{i}.NR.CN.SliceGroupList.{i}.UlRbMaxRatio,Device,UlRbMaxRatio,Y,UlRbMaxRatio,切片组上行分配资源的最大比例,CA,AZ,UlRbMaxRatio,RW,unsignedInt,,,该参数表示切片组在所属运营商分配的上行最大资源比例。不支持切片组功能时上报NA。,TR系列规范(TR098/TR181/TR196)/NRM数据配置要求,,,20240207-新增
CMCC_5G_EXT_PICO_V1.9.4,中国移动5G扩展型皮基站网管南向接口数据模型规范v1.9.4.xlsx,SJ,41,parameter,小区标识参数,Device.Services.FAPService.{i}.CellConfig.{i}.NR.CN.SliceGroupList.{i}.UlRbMinRatio,Device,UlRbMinRatio,Y,UlRbMinRatio,切片组上行分配资源的最小比例,CA,AZ,UlRbMinRatio,RW,unsignedInt,,,该参数表示切片组在所属运营商分配的上行最小资源比例。不支持切片组功能时上报NA。,TR系列规范(TR098/TR181/TR196)/NRM数据配置要求,,,20240207-新增
CMCC_5G_EXT_PICO_V1.9.4,中国移动5G扩展型皮基站网管南向接口数据模型规范v1.9.4.xlsx,SJ,29,parameter,小区标识参数,Device.Services.FAPService.{i}.CellConfig.{i}.NR.CN.TA.{i}.CellReservedForOperatorUse,Device,CellReservedForOperatorUse,Y,CellReservedForOperatorUse,小区PLMN预留标识,A,,,RW,boolean,,,"供运营商使用的小区预留标志,Enumerate{reserved, notReserved}",TR系列规范(TR098/TR181/TR196)/NRM数据配置要求,,,
CMCC_5G_EXT_PICO_V1.9.4,中国移动5G扩展型皮基站网管南向接口数据模型规范v1.9.4.xlsx,SJ,28,parameter,小区标识参数,Device.Services.FAPService.{i}.CellConfig.{i}.NR.CN.TA.{i}.NrcellIdentity,Device,NrcellIdentity,Y,NrcellIdentity,小区cellIdentity,A,AH，AM,nCI,RW,unsignedLong[0:‭68719476735‬],,,小区标识(36bit),TR系列规范(TR098/TR181/TR196)/NRM数据配置要求,The IE CellIdentity is used to unambiguously identify a cell within a PLMN,,
CMCC_5G_EXT_PICO_V1.9.4,中国移动5G扩展型皮基站网管南向接口数据模型规范v1.9.4.xlsx,SJ,30,parameter,小区标识参数,Device.Services.FAPService.{i}.CellConfig.{i}.NR.CN.TA.{i}.PLMNList.{i}.PLMNID,Device,PLMNID,Y,PLMNID,小区PLMNID,A,AH，BF,PlmnIdList,RW,string(6),,,由MCC和MNC组成,TR系列规范(TR098/TR181/TR196)/NRM数据配置要求,,,
CMCC_5G_EXT_PICO_V1.9.4,中国移动5G扩展型皮基站网管南向接口数据模型规范v1.9.4.xlsx,SJ,35,parameter,小区标识参数,Device.Services.FAPService.{i}.CellConfig.{i}.NR.CN.TA.{i}.PLMNList.{i}.SliceList.{i}.CellNSGRPId,Device,CellNSGRPId,Y,CellNSGRPId,所属切片组Id,CB,AY,CellCUNSGRPId/CellDUNSGRPId,RW,string,,,切片归属的切片组Id，若切片没有归属的切片组，则不填。CU和DU共用该参数，不支持切片功能时上报NA。,TR系列规范(TR098/TR181/TR196)/NRM数据配置要求,,,20240207-新增
CMCC_5G_EXT_PICO_V1.9.4,中国移动5G扩展型皮基站网管南向接口数据模型规范v1.9.4.xlsx,SJ,32,parameter,小区标识参数,Device.Services.FAPService.{i}.CellConfig.{i}.NR.CN.TA.{i}.PLMNList.{i}.SliceList.{i}.PLMNID,Device,PLMNID,Y,PLMNID,切片PLMNID,CA,AY,PLMN,RW,string(6),,,标识gNodeB网络切片的运营商信息。CU和DU共用该参数，不支持切片组功能时上报NA。,TR系列规范(TR098/TR181/TR196)/NRM数据配置要求,,,20240207-新增
CMCC_NR_V1.7,NR v1.7.xlsx,SJ,27,parameter,小区标识参数,Device.Services.FAPService.{i}.CellConfig.{i}.NR.CN.TA.{i}.PLMNList.{i}.SliceList.{i}.SNSSAI,Device,SNSSAI,Y,SNSSAI,SNSSAI,A,,,RW,unsignedInt[0:‭4294967295‬],,,由SST和SD组成,TR系列规范(TR098/TR181/TR196)/NRM数据配置要求,"The S-NSSAI may include both the SST and SD fields (in which case the S-NSSAI length is 32 bits in total), or the S-NSSAI may just include the SST field (in which case the S-NSSAI length is 8 bits only).
The SST field may have standardized and non-standardized values. Values 0 to 127 belong to the standardized SST range and they are defined in 3GPP TS 23.501 [119]. Values 128 to 255 belong to the Operator-specific range.
The SD field has a reserved value ""no SD value associated with the SST"" defined as hexadecimal FFFFFF.
The SD field has a reserved value ""no SD value associated with the SST"" defined as hexadecimal FFFFFF.",,
CMCC_5G_EXT_PICO_V1.9.4,中国移动5G扩展型皮基站网管南向接口数据模型规范v1.9.4.xlsx,SJ,31,parameter,小区标识参数,Device.Services.FAPService.{i}.CellConfig.{i}.NR.CN.TA.{i}.PLMNList.{i}.SliceList.{i}.UserLabel,Device,UserLabel,Y,UserLabel,用户友好名,CA,AY,UserLabel,RW,string,,,字段必须与OMC系统内配置资源名称保持一致。且要求UserLabel与告警、性能数据中同一资源对象使用的网元用户友好名保持一致，即用户有好名在OMC内部以及北向接口交互过程中全局唯一。CU和DU共用该参数，不支持切片功能时上报NA。,TR系列规范(TR098/TR181/TR196)/NRM数据配置要求,,,20240207-新增
CMCC_5G_EXT_PICO_V1.9.4,中国移动5G扩展型皮基站网管南向接口数据模型规范v1.9.4.xlsx,SJ,34,parameter,小区标识参数,Device.Services.FAPService.{i}.CellConfig.{i}.NR.CN.TA.{i}.PLMNList.{i}.SliceList.{i}.sd,Device,sd,Y,sd,切片区分指示,CA,AY,sd,RW,string,,,该参数为可选的信息，用来对切片业务类型的信息的补充，以区分相同切片业务类型内的网络切片。十六进制字符串，参考3GPP 29.571规范Table 5.4.4.2-1。CU和DU共用该参数，不支持切片功能时上报NA。,TR系列规范(TR098/TR181/TR196)/NRM数据配置要求,,,20240207-新增
CMCC_5G_EXT_PICO_V1.9.4,中国移动5G扩展型皮基站网管南向接口数据模型规范v1.9.4.xlsx,SJ,33,parameter,小区标识参数,Device.Services.FAPService.{i}.CellConfig.{i}.NR.CN.TA.{i}.PLMNList.{i}.SliceList.{i}.sst,Device,sst,Y,sst,切片业务类型,CA,AY,sst,RW,unsignedInt,,,切片业务类型，用来指示期望的网络切片的特性与业务行为。CU和DU共用该参数，不支持切片功能时上报NA。,TR系列规范(TR098/TR181/TR196)/NRM数据配置要求,,,20240207-新增
CMCC_5G_EXT_PICO_V1.9.4,中国移动5G扩展型皮基站网管南向接口数据模型规范v1.9.4.xlsx,SJ,27,parameter,小区标识参数,Device.Services.FAPService.{i}.CellConfig.{i}.NR.CN.TA.{i}.Ranac,Device,Ranac,Y,Ranac,RAN区域编码,A,,,RW,unsignedInt[0:255],,,RAN区域编码,TR系列规范(TR098/TR181/TR196)/NRM数据配置要求,The IE RAN-AreaCode is used to identify a RAN area within the scope of a tracking area,,20221118-修订
CMCC_5G_EXT_PICO_V1.9.4,中国移动5G扩展型皮基站网管南向接口数据模型规范v1.9.4.xlsx,SJ,26,parameter,小区标识参数,Device.Services.FAPService.{i}.CellConfig.{i}.NR.CN.TA.{i}.TAC,Device,TAC,Y,TAC,跟踪区编码,A,AM,nRTac,RW,unsignedInt[0:16777215],,,跟踪区代码，TAC(24bit),TR系列规范(TR098/TR181/TR196)/NRM数据配置要求,The IE TrackingAreaCode is used to identify a tracking area within the scope of a PLMN,,
CMCC_5G_EXT_PICO_V1.9.4,中国移动5G扩展型皮基站网管南向接口数据模型规范v1.9.4.xlsx,SJ,24,parameter,小区标识参数,Device.Services.FAPService.{i}.CellConfig.{i}.NR.RAN.Common.cellType,Device,cellType,Y,cellType,小区类型,A,,,R,string(64),,,"小区类型,Enumerate{SUB1G,SUB6G,ABOVE6G}",自定义,,,
CMCC_5G_EXT_PICO_V1.9.4,中国移动5G扩展型皮基站网管南向接口数据模型规范v1.9.4.xlsx,SJ,23,parameter,小区标识参数,Device.Services.FAPService.{i}.CellConfig.{i}.NR.RAN.UserLabel,Device,UserLabel,Y,UserLabel,用户友好名,A,AA,UserLabel,RW,string,,,字段必须与OMC系统内配置资源名称保持一致。且要求UserLabel与告警、性能数据中同一资源对象使用的网元用户友好名保持一致，即用户有好名在OMC内部以及北向接口交互过程中全局唯一。OMC系统内配置资源命名建议参考《中国移动网络资源命名规范-无线分册》，基站命名要求。默认不填写为空字符串,5G SA gNB网元统计数据需求规范-NRM(V1.4.2),,,
CMCC_TD_LTE_V2.3,中国移动TD-LTE皮站_飞站基站设备网络管理南向接口数据配置模型规范V2.3.xlsx,SF,51,parameter,小区标识参数,InternetGatewayDevice.Services.FAPService.{i}.CellConfig.LTE.RAN.Common.CellIdentity,InternetGatewayDevice,CellIdentity,Y,CellIdentity,小区标识,A,,,RW,unsignedInt[0:268435455],,,小区CelllD（对应3GPP ECGI格式，28位）,TR系列规范(TR098/TR181/TR196)/NRM数据配置要求,,,
CMCC_TD_LTE_V2.3,中国移动TD-LTE皮站_飞站基站设备网络管理南向接口数据配置模型规范V2.3.xlsx,SF,52,parameter,小区标识参数,InternetGatewayDevice.Services.FAPService.{i}.CellConfig.LTE.RAN.Common.EnbType,InternetGatewayDevice,EnbType,Y,EnbType,基站类型,A,,EnbType,RW,unsignedInt[0:1],,,(0=宏站小区，1=微站小区),自定义,,,
CMCC_TD_LTE_V2.3,中国移动TD-LTE皮站_飞站基站设备网络管理南向接口数据配置模型规范V2.3.xlsx,SF,28,parameter,小区激活/去激活,Device.Services.FAPService.{i}.CellConfig.LTE.RAN.CellEnable.AdminState,Device,AdminState,Y,AdminState,小区管理状态,CA,,,RW,boolean,,,"0:关闭
1:开启",TR系列规范(TR098/TR181/TR197),,,
CMCC_5G_EXT_PICO_V1.9.4,中国移动5G扩展型皮基站网管南向接口数据模型规范v1.9.4.xlsx,SJ,4,parameter,小区激活/去激活,Device.Services.FAPService.{i}.CellConfig.{i}.NR.RAN.CellEnable.AdminState,Device,AdminState,Y,AdminState,小区管理状态,CA,,,RW,boolean,,,"0:关闭
1:开启",TR系列规范(TR098/TR181/TR196),"扩展型皮基站开关：(0=false,1=true)
true：标识开启
false：标识关闭",,
CMCC_TD_LTE_V2.3,中国移动TD-LTE皮站_飞站基站设备网络管理南向接口数据配置模型规范V2.3.xlsx,SF,28,parameter,小区激活/去激活,InternetGatewayDevice.Services.FAPService.{i}.CellConfig.LTE.RAN.CellEnable.AdminState,InternetGatewayDevice,AdminState,Y,AdminState,小区管理状态,CA,,,RW,boolean,,,"0:关闭
1:开启",TR系列规范(TR098/TR181/TR197),,,
CMCC_TD_LTE_V2.3,中国移动TD-LTE皮站_飞站基站设备网络管理南向接口数据配置模型规范V2.3.xlsx,SF,29,parameter,小区状态参数,Device.Services.FAPService.{i}.CellConfig.LTE.RAN.OpState,Device,OpState,Y,OpState,小区运行状态,A,,,R,boolean,,,"0:禁止
1:启动",TR系列规范(TR098/TR181/TR197),,,
CMCC_5G_EXT_PICO_V1.9.4,中国移动5G扩展型皮基站网管南向接口数据模型规范v1.9.4.xlsx,SJ,5,parameter,小区状态参数,Device.Services.FAPService.{i}.CellConfig.{i}.NR.RAN.OpState,Device,OpState,Y,OpState,小区运行状态,CA,AA,OperationalState,R,boolean,,,"0:异常
1:正常",TR系列规范(TR098/TR181/TR197),"小区当前运行状态：(0=false,1=true)
false：异常
true：正常",,20231020-修改中文名为小区运行状态，描述改为正常，异常
CMCC_TD_LTE_V2.3,中国移动TD-LTE皮站_飞站基站设备网络管理南向接口数据配置模型规范V2.3.xlsx,SF,29,parameter,小区状态参数,InternetGatewayDevice.Services.FAPService.{i}.CellConfig.LTE.RAN.OpState,InternetGatewayDevice,OpState,Y,OpState,小区运行状态,A,,,R,boolean,,,"0:禁止
1:启动",TR系列规范(TR098/TR181/TR197),,,
CMCC_TD_LTE_V2.3,中国移动TD-LTE皮站_飞站基站设备网络管理南向接口数据配置模型规范V2.3.xlsx,SF,27,parameter,小区闭塞,Device.Services.FAPService.{i}.CellConfig.LTE.RAN.CellRestriction.CellBarred,Device,CellBarred,Y,CellBarred,小区闭塞,A,AQ,CellBarred,RW,boolean,,,"{barred, notBarred}",NRM数据配置要求,修正参数类型,,
CMCC_5G_EXT_PICO_V1.9.4,中国移动5G扩展型皮基站网管南向接口数据模型规范v1.9.4.xlsx,SJ,3,parameter,小区闭塞,Device.Services.FAPService.{i}.CellConfig.{i}.NR.RAN.CellRestriction.CellBarred,Device,CellBarred,Y,CellBarred,小区闭塞,A,,,RW,boolean,,,{0：notBarred，1：barred },NRM数据配置要求,"修正参数类型
扩展型皮基站开关：(0=false,1=true)
true：标识开启小区闭塞
false：标识关闭小区解闭塞",,
CMCC_TD_LTE_V2.3,中国移动TD-LTE皮站_飞站基站设备网络管理南向接口数据配置模型规范V2.3.xlsx,SF,27,parameter,小区闭塞,InternetGatewayDevice.Services.FAPService.{i}.CellConfig.LTE.RAN.CellRestriction.CellBarred,InternetGatewayDevice,CellBarred,Y,CellBarred,小区闭塞,A,AQ,CellBarred,RW,boolean,,,"{barred, notBarred}",NRM数据配置要求,修正参数类型,,
CMCC_TD_LTE_V2.3,中国移动TD-LTE皮站_飞站基站设备网络管理南向接口数据配置模型规范V2.3.xlsx,SF,35,parameter,广播参数管理,Device.Services.FAPService.{i}.CellConfig.SysInfoCtrlParam.MultiBandInfoListSIB1,Device,MultiBandInfoListSIB1,Y,MultiBandInfoListSIB1,SIB1中多频段指示参数,CA,,MultiBandInfoListSIB1,RW,unsignedInt[1:64],,,,NRM数据配置要求,,,
CMCC_TD_LTE_V2.3,中国移动TD-LTE皮站_飞站基站设备网络管理南向接口数据配置模型规范V2.3.xlsx,SF,36,parameter,广播参数管理,Device.Services.FAPService.{i}.CellConfig.SysInfoCtrlParam.MultiBandInfoListSIB5,Device,MultiBandInfoListSIB5,Y,MultiBandInfoListSIB5,SIB5中多频段指示参数,CA,,MultiBandInfoListSIB5,RW,unsignedInt[1:64],,,,NRM数据配置要求,,,
CMCC_NR_V1.7,NR v1.7.xlsx,SJ,6,parameter,广播参数管理,Device.Services.FAPService.{i}.CellConfig.{i}.NR.CN.PLMNList.{i}.CellReservedForOperatorUse,Device,CellReservedForOperatorUse,Y,CellReservedForOperatorUse,小区预留标识,A,,,RW,boolean,,,"供运营商使用的小区预留标志
{0：notReserved，1：reserved}",TR系列规范(TR098/TR181/TR196)/NRM数据配置要求,,,
CMCC_5G_EXT_PICO_V1.9.4,中国移动5G扩展型皮基站网管南向接口数据模型规范v1.9.4.xlsx,SJ,7,parameter,广播参数管理,Device.Services.FAPService.{i}.CellConfig.{i}.NR.RAN.SysInfoCtrlParam.IdleModeRATMobile.{i}.MultiBandInfoListSIB5,Device,MultiBandInfoListSIB5,Y,MultiBandInfoListSIB5,SIB5中多频段指示参数,CA,,,RW,unsignedInt[1:64],,,,NRM数据配置要求,,,
CMCC_5G_EXT_PICO_V1.9.4,中国移动5G扩展型皮基站网管南向接口数据模型规范v1.9.4.xlsx,SJ,6,parameter,广播参数管理,Device.Services.FAPService.{i}.CellConfig.{i}.NR.RAN.SysInfoCtrlParam.MultiBandInfoListSIB1,Device,MultiBandInfoListSIB1,Y,MultiBandInfoListSIB1,SIB1中多频段指示参数,CA,,,R,unsignedInt[1:1024],,,,NRM数据配置要求,"64位不够用，建议按38.331中的定义：
FreqBandIndicatorNR：INTEGER (1..1024)",,20221118-修订
CMCC_TD_LTE_V2.3,中国移动TD-LTE皮站_飞站基站设备网络管理南向接口数据配置模型规范V2.3.xlsx,SF,35,parameter,广播参数管理,InternetGatewayDevice.Services.FAPService.{i}.CellConfig.SysInfoCtrlParam.MultiBandInfoListSIB1,InternetGatewayDevice,MultiBandInfoListSIB1,Y,MultiBandInfoListSIB1,SIB1中多频段指示参数,CA,,MultiBandInfoListSIB1,RW,unsignedInt[1:64],,,,NRM数据配置要求,,,
CMCC_TD_LTE_V2.3,中国移动TD-LTE皮站_飞站基站设备网络管理南向接口数据配置模型规范V2.3.xlsx,SF,36,parameter,广播参数管理,InternetGatewayDevice.Services.FAPService.{i}.CellConfig.SysInfoCtrlParam.MultiBandInfoListSIB5,InternetGatewayDevice,MultiBandInfoListSIB5,Y,MultiBandInfoListSIB5,SIB5中多频段指示参数,CA,,MultiBandInfoListSIB5,RW,unsignedInt[1:64],,,,NRM数据配置要求,,,
CMCC_TD_LTE_V2.3,中国移动TD-LTE皮站_飞站基站设备网络管理南向接口数据配置模型规范V2.3.xlsx,SJ,319,parameter,异系统重选参数,Device.Services.FAPService.{i}.CellConfig.LTE.RAN.Mobility.IdleMode.IRAT.GERAN.GERANFreqGroup.{i}.BCCHARFCN,Device,BCCHARFCN,Y,BCCHARFCN,GERAN小区频点,A,,,RW,unsignedInt[0:1023],,,,TR系列规范(TR098/TR181/TR196),,,
CMCC_TD_LTE_V2.3,中国移动TD-LTE皮站_飞站基站设备网络管理南向接口数据配置模型规范V2.3.xlsx,SJ,320,parameter,异系统重选参数,Device.Services.FAPService.{i}.CellConfig.LTE.RAN.Mobility.IdleMode.IRAT.GERAN.GERANFreqGroup.{i}.CellReselectionPriority,Device,CellReselectionPriority,Y,CellReselectionPriority,异系统GERAN重选优先级配置,A,,CellReselectionPriorityGeran,RW,unsignedInt[0:7],,,,TR系列规范(TR098/TR181/TR196),,,
CMCC_TD_LTE_V2.3,中国移动TD-LTE皮站_飞站基站设备网络管理南向接口数据配置模型规范V2.3.xlsx,SJ,324,parameter,异系统重选参数,Device.Services.FAPService.{i}.CellConfig.LTE.RAN.Mobility.IdleMode.IRAT.GERAN.GERANFreqGroup.{i}.PMaxGERAN,Device,PMaxGERAN,Y,PMaxGERAN,UE最大许可传输功率,A,,PMaxGERAN,RW,unsignedInt[0:39],,,上行载频GEREN的最大许可传输功率,NRM规范,,根据北向参数新增,
CMCC_TD_LTE_V2.3,中国移动TD-LTE皮站_飞站基站设备网络管理南向接口数据配置模型规范V2.3.xlsx,SJ,321,parameter,异系统重选参数,Device.Services.FAPService.{i}.CellConfig.LTE.RAN.Mobility.IdleMode.IRAT.GERAN.GERANFreqGroup.{i}.QRxLevMin,Device,QRxLevMin,Y,QRxLevMin,GERAN最低接收电平,A,,QRxLevMinGeran,RW,unsignedInt[0:45],,,,TR系列规范(TR098/TR181/TR196),,,
CMCC_TD_LTE_V2.3,中国移动TD-LTE皮站_飞站基站设备网络管理南向接口数据配置模型规范V2.3.xlsx,SJ,322,parameter,异系统重选参数,Device.Services.FAPService.{i}.CellConfig.LTE.RAN.Mobility.IdleMode.IRAT.GERAN.GERANFreqGroup.{i}.ThreshXHigh,Device,ThreshXHigh,Y,ThreshXHigh,GERAN高优先级重选门限值,A,,ThreshXHighGeran,RW,unsignedInt[0:31],,,,TR系列规范(TR098/TR181/TR196),,,
CMCC_TD_LTE_V2.3,中国移动TD-LTE皮站_飞站基站设备网络管理南向接口数据配置模型规范V2.3.xlsx,SJ,323,parameter,异系统重选参数,Device.Services.FAPService.{i}.CellConfig.LTE.RAN.Mobility.IdleMode.IRAT.GERAN.GERANFreqGroup.{i}.ThreshXLow,Device,ThreshXLow,Y,ThreshXLow,GERAN低优先级重选门限值,A,,ThreshXLowGeran,RW,unsignedInt[0:31],,,,TR系列规范(TR098/TR181/TR196),,,
CMCC_TD_LTE_V2.3,中国移动TD-LTE皮站_飞站基站设备网络管理南向接口数据配置模型规范V2.3.xlsx,SJ,318,parameter,异系统重选参数,Device.Services.FAPService.{i}.CellConfig.LTE.RAN.Mobility.IdleMode.IRAT.GERAN.TReselectionGERAN,Device,TReselectionGERAN,Y,TReselectionGERAN,GERAN小区重选时间,A,,TReselectionGeran,RW,string(32),,,,NRM数据配置要求TR系列规范(TR098/TR181/TR196),,,
CMCC_TD_LTE_V2.3,中国移动TD-LTE皮站_飞站基站设备网络管理南向接口数据配置模型规范V2.3.xlsx,SJ,311,parameter,异系统重选参数,Device.Services.FAPService.{i}.CellConfig.LTE.RAN.Mobility.IdleMode.IRAT.UTRA.TReselectionUTRA,Device,TReselectionUTRA,Y,TReselectionUTRA,UTRAN小区重选时间,A,,TReselectionUtra,RW,string(32),,,,NRM数据配置要求TR系列规范(TR098/TR181/TR196),,,
CMCC_TD_LTE_V2.3,中国移动TD-LTE皮站_飞站基站设备网络管理南向接口数据配置模型规范V2.3.xlsx,SJ,313,parameter,异系统重选参数,Device.Services.FAPService.{i}.CellConfig.LTE.RAN.Mobility.IdleMode.IRAT.UTRA.UTRANFDDFreq.{i}.CellReselectionPriority,Device,CellReselectionPriority,Y,CellReselectionPriority,UTRAN频点重选优先级,A,,CellReselectionPriorityUtra,RW,unsignedInt[0:7],,,,TR系列规范(TR098/TR181/TR196),,,
CMCC_TD_LTE_V2.3,中国移动TD-LTE皮站_飞站基站设备网络管理南向接口数据配置模型规范V2.3.xlsx,SJ,317,parameter,异系统重选参数,Device.Services.FAPService.{i}.CellConfig.LTE.RAN.Mobility.IdleMode.IRAT.UTRA.UTRANFDDFreq.{i}.PMaxUTRA,Device,PMaxUTRA,Y,PMaxUTRA,UTRAN最大允许发射功率,A,,PMaxUtra,RW,int[-50:33],,,,TR系列规范(TR098/TR181/TR196),,,
CMCC_TD_LTE_V2.3,中国移动TD-LTE皮站_飞站基站设备网络管理南向接口数据配置模型规范V2.3.xlsx,SJ,316,parameter,异系统重选参数,Device.Services.FAPService.{i}.CellConfig.LTE.RAN.Mobility.IdleMode.IRAT.UTRA.UTRANFDDFreq.{i}.QRxLevMin,Device,QRxLevMin,Y,QRxLevMin,UTRAN最低接收电平,A,,QRxLevMinUtra,RW,int[-60:-13],,,,TR系列规范(TR098/TR181/TR196),,,
CMCC_TD_LTE_V2.3,中国移动TD-LTE皮站_飞站基站设备网络管理南向接口数据配置模型规范V2.3.xlsx,SJ,314,parameter,异系统重选参数,Device.Services.FAPService.{i}.CellConfig.LTE.RAN.Mobility.IdleMode.IRAT.UTRA.UTRANFDDFreq.{i}.ThreshXHigh,Device,ThreshXHigh,Y,ThreshXHigh,UTRAN频点高优先级重选门限,A,,ThreshXHighUtra,RW,unsignedInt[0:31],,,,TR系列规范(TR098/TR181/TR196),,,
CMCC_TD_LTE_V2.3,中国移动TD-LTE皮站_飞站基站设备网络管理南向接口数据配置模型规范V2.3.xlsx,SJ,315,parameter,异系统重选参数,Device.Services.FAPService.{i}.CellConfig.LTE.RAN.Mobility.IdleMode.IRAT.UTRA.UTRANFDDFreq.{i}.ThreshXLow,Device,ThreshXLow,Y,ThreshXLow,UTRAN频点低优先级重选门限,A,,ThreshXLowUtra,RW,unsignedInt[0:31],,,,TR系列规范(TR098/TR181/TR196),,,
CMCC_TD_LTE_V2.3,中国移动TD-LTE皮站_飞站基站设备网络管理南向接口数据配置模型规范V2.3.xlsx,SJ,312,parameter,异系统重选参数,Device.Services.FAPService.{i}.CellConfig.LTE.RAN.Mobility.IdleMode.IRAT.UTRA.UTRANFDDFreq.{i}.UTRACarrierARFCN,Device,UTRACarrierARFCN,Y,UTRACarrierARFCN,UTRAN小区频点,A,,,RW,unsignedInt[0:16383],,,,TR系列规范(TR098/TR181/TR196),,,
CMCC_5G_EXT_PICO_V1.9.4,中国移动5G扩展型皮基站网管南向接口数据模型规范v1.9.4.xlsx,SM,355,parameter,异系统重选参数,Device.Services.FAPService.{i}.CellConfig.{i}.NR.RAN.Mobility.IdleMode.EUTRA.Carrier.{i}.AllowedMeasBandwidth,Device,AllowedMeasBandwidth,Y,AllowedMeasBandwidth,最大允许测量带宽,A,,,RW,string(64),,,"最大允许测量带宽，Enumerate
{mbw6, mbw15, mbw25, mbw50, mbw75, mbw100}",3GPP TS38.331,,,
CMCC_5G_EXT_PICO_V1.9.4,中国移动5G扩展型皮基站网管南向接口数据模型规范v1.9.4.xlsx,SM,358,parameter,异系统重选参数,Device.Services.FAPService.{i}.CellConfig.{i}.NR.RAN.Mobility.IdleMode.EUTRA.Carrier.{i}.BlackPhysCellIdRange,Device,BlackPhysCellIdRange,Y,BlackPhysCellIdRange,物理小区ID步进,A,,,RW,unsignedInt[0~13，0x0FFFFFFF],,,"物理小区ID步进，
取值范围：[0~13，0x0FFFFFFF]
分别对应{ n4, n8, n12, n16, n24, n32, n48, n64, n84, n96, n128, n168, n252, n504，不存在 }",3GPP TS38.331,,,20231020-类型修改为[0~13，0x0FFFFFFF]，在描述中n504后加逗号
CMCC_5G_EXT_PICO_V1.9.4,中国移动5G扩展型皮基站网管南向接口数据模型规范v1.9.4.xlsx,SM,357,parameter,异系统重选参数,Device.Services.FAPService.{i}.CellConfig.{i}.NR.RAN.Mobility.IdleMode.EUTRA.Carrier.{i}.BlackPhysCellIdStart,Device,BlackPhysCellIdStart,Y,BlackPhysCellIdStart,物理小区ID起始位置,A,,,RW,unsignedInt[0:503],,,"协议里表示为： startPhysCellId物理小区ID起始，
取值范围：0~503",3GPP TS38.331,,,
CMCC_5G_EXT_PICO_V1.9.4,中国移动5G扩展型皮基站网管南向接口数据模型规范v1.9.4.xlsx,SM,347,parameter,异系统重选参数,Device.Services.FAPService.{i}.CellConfig.{i}.NR.RAN.Mobility.IdleMode.EUTRA.Carrier.{i}.CellReselectionPriority,Device,CellReselectionPriority,Y,CellReselectionPriority,EUTRAN频点重选优先级,A,,,RW,unsignedInt[0:7],,,INTEGER (0..7),3GPP TS38.331,,,
CMCC_5G_EXT_PICO_V1.9.4,中国移动5G扩展型皮基站网管南向接口数据模型规范v1.9.4.xlsx,SM,345,parameter,异系统重选参数,Device.Services.FAPService.{i}.CellConfig.{i}.NR.RAN.Mobility.IdleMode.EUTRA.Carrier.{i}.EUTRACarrierARFCN,Device,EUTRACarrierARFCN,Y,EUTRACarrierARFCN,邻区EARFCN,A,,,RW,unsignedInt[0:65535],,,邻区载频的EARFCN,TR系列规范(TR098/TR181/TR196)/NRM数据配置要求,,,
CMCC_5G_EXT_PICO_V1.9.4,中国移动5G扩展型皮基站网管南向接口数据模型规范v1.9.4.xlsx,SM,352,parameter,异系统重选参数,Device.Services.FAPService.{i}.CellConfig.{i}.NR.RAN.Mobility.IdleMode.EUTRA.Carrier.{i}.PMaxEUTRA,Device,PMaxEUTRA,Y,PMaxEUTRA,EUTRAN最大允许发射功率,A,,,RW,int[-30:33],,,EUTRAN最大允许发射功率,3GPP TS38.331,,,
CMCC_5G_EXT_PICO_V1.9.4,中国移动5G扩展型皮基站网管南向接口数据模型规范v1.9.4.xlsx,SM,356,parameter,异系统重选参数,Device.Services.FAPService.{i}.CellConfig.{i}.NR.RAN.Mobility.IdleMode.EUTRA.Carrier.{i}.PresenceAntennaPort1,Device,PresenceAntennaPort1,Y,PresenceAntennaPort1,指示是否所有邻小区使用天线端口1,A,,,RW,boolean,,,指示是否所有邻小区使用天线端口1（0：是，1：否）,3GPP TS38.331,,,
CMCC_5G_EXT_PICO_V1.9.4,中国移动5G扩展型皮基站网管南向接口数据模型规范v1.9.4.xlsx,SM,351,parameter,异系统重选参数,Device.Services.FAPService.{i}.CellConfig.{i}.NR.RAN.Mobility.IdleMode.EUTRA.Carrier.{i}.QQualMin,Device,QQualMin,Y,QQualMin,EUTRAN最低接入信号质量,A,,,RW,int[-34:-3],,,异系统小区重选时，最小RSRQ接收级别。对应TS 38.331[3]中SIB5的q-QualMin，取值范围：[-34..-3],3GPP TS38.331,,,
CMCC_5G_EXT_PICO_V1.9.4,中国移动5G扩展型皮基站网管南向接口数据模型规范v1.9.4.xlsx,SM,350,parameter,异系统重选参数,Device.Services.FAPService.{i}.CellConfig.{i}.NR.RAN.Mobility.IdleMode.EUTRA.Carrier.{i}.QRxLevMin,Device,QRxLevMin,Y,QRxLevMin,EUTRAN最低接收电平,A,,,RW,int[-70:-22],,,"异系统小区重选时，最小RSRP接
收级别。实际值为该值乘以2得到。以dBm
为单位。对应TS 38.331[3]中SIB5的q-rxLevMin，
取值范围：[-70..-22]",3GPP TS38.331,,,
CMCC_NR_V1.7,NR v1.7.xlsx,SM,327,parameter,异系统重选参数,Device.Services.FAPService.{i}.CellConfig.{i}.NR.RAN.Mobility.IdleMode.EUTRA.Carrier.{i}.TReselectionEUTRA,Device,TReselectionEUTRA,Y,TReselectionEUTRA,EUTRA小区重选时间,A,,,RW,unsignedInt[0:7],,,"异系统小区重选定时器。以秒为单位。对应TS 38.331定义的t-ReselectionEUTRA，
取值范围：{0..7]",3GPP TS38.331,,,
CMCC_5G_EXT_PICO_V1.9.4,中国移动5G扩展型皮基站网管南向接口数据模型规范v1.9.4.xlsx,SM,348,parameter,异系统重选参数,Device.Services.FAPService.{i}.CellConfig.{i}.NR.RAN.Mobility.IdleMode.EUTRA.Carrier.{i}.ThreshXHigh,Device,ThreshXHigh,Y,ThreshXHigh,EUTRAN频点高优先级重选门限,A,,,RW,unsignedInt[0:31],,,EUTRAN频点高优先级重选门限,3GPP TS38.331,,,
CMCC_5G_EXT_PICO_V1.9.4,中国移动5G扩展型皮基站网管南向接口数据模型规范v1.9.4.xlsx,SM,353,parameter,异系统重选参数,Device.Services.FAPService.{i}.CellConfig.{i}.NR.RAN.Mobility.IdleMode.EUTRA.Carrier.{i}.ThreshXHighQ,Device,ThreshXHighQ,Y,ThreshXHighQ,EUTRAN频点高优先级重选门限,A,,,RW,unsignedInt[0:31],,,EUTRAN频点高优先级重选门限,3GPP TS38.331,,,
CMCC_5G_EXT_PICO_V1.9.4,中国移动5G扩展型皮基站网管南向接口数据模型规范v1.9.4.xlsx,SM,349,parameter,异系统重选参数,Device.Services.FAPService.{i}.CellConfig.{i}.NR.RAN.Mobility.IdleMode.EUTRA.Carrier.{i}.ThreshXLow,Device,ThreshXLow,Y,ThreshXLow,EUTRAN频点低优先级重选门限,A,,,RW,unsignedInt[0:31],,,EUTRAN频点低优先级重选门限,3GPP TS38.331,,,
CMCC_5G_EXT_PICO_V1.9.4,中国移动5G扩展型皮基站网管南向接口数据模型规范v1.9.4.xlsx,SM,354,parameter,异系统重选参数,Device.Services.FAPService.{i}.CellConfig.{i}.NR.RAN.Mobility.IdleMode.EUTRA.Carrier.{i}.ThreshXLowQ,Device,ThreshXLowQ,Y,ThreshXLowQ,EUTRAN频点低优先级重选门限,A,,,RW,unsignedInt[0:31],,,EUTRAN频点低优先级重选门限,3GPP TS38.331,,,
CMCC_5G_EXT_PICO_V1.9.4,中国移动5G扩展型皮基站网管南向接口数据模型规范v1.9.4.xlsx,SM,346,parameter,异系统重选参数,Device.Services.FAPService.{i}.CellConfig.{i}.NR.RAN.Mobility.IdleMode.EUTRA.TReselectionEUTRA,Device,TReselectionEUTRA,Y,TReselectionEUTRA,EUTRA小区重选时间,A,,,RW,unsignedInt[0:7],,,"异系统小区重选定时器。以秒为单位。对应TS 38.331定义的t-ReselectionEUTRA，
取值范围：{0..7]",3GPP TS38.331,,,20231020-修改该参数的级别，将其与具体的异系统频率解耦
CMCC_TD_LTE_V2.3,中国移动TD-LTE皮站_飞站基站设备网络管理南向接口数据配置模型规范V2.3.xlsx,SJ,319,parameter,异系统重选参数,InternetGatewayDevice.Services.FAPService.{i}.CellConfig.LTE.RAN.Mobility.IdleMode.IRAT.GERAN.GERANFreqGroup.{i}.BCCHARFCN,InternetGatewayDevice,BCCHARFCN,Y,BCCHARFCN,GERAN小区频点,A,,,RW,unsignedInt[0:1023],,,,TR系列规范(TR098/TR181/TR196),,,
CMCC_TD_LTE_V2.3,中国移动TD-LTE皮站_飞站基站设备网络管理南向接口数据配置模型规范V2.3.xlsx,SJ,320,parameter,异系统重选参数,InternetGatewayDevice.Services.FAPService.{i}.CellConfig.LTE.RAN.Mobility.IdleMode.IRAT.GERAN.GERANFreqGroup.{i}.CellReselectionPriority,InternetGatewayDevice,CellReselectionPriority,Y,CellReselectionPriority,异系统GERAN重选优先级配置,A,,CellReselectionPriorityGeran,RW,unsignedInt[0:7],,,,TR系列规范(TR098/TR181/TR196),,,
CMCC_TD_LTE_V2.3,中国移动TD-LTE皮站_飞站基站设备网络管理南向接口数据配置模型规范V2.3.xlsx,SJ,324,parameter,异系统重选参数,InternetGatewayDevice.Services.FAPService.{i}.CellConfig.LTE.RAN.Mobility.IdleMode.IRAT.GERAN.GERANFreqGroup.{i}.PMaxGERAN,InternetGatewayDevice,PMaxGERAN,Y,PMaxGERAN,UE最大许可传输功率,A,,PMaxGERAN,RW,unsignedInt[0:39],,,上行载频GEREN的最大许可传输功率,NRM规范,,根据北向参数新增,
CMCC_TD_LTE_V2.3,中国移动TD-LTE皮站_飞站基站设备网络管理南向接口数据配置模型规范V2.3.xlsx,SJ,321,parameter,异系统重选参数,InternetGatewayDevice.Services.FAPService.{i}.CellConfig.LTE.RAN.Mobility.IdleMode.IRAT.GERAN.GERANFreqGroup.{i}.QRxLevMin,InternetGatewayDevice,QRxLevMin,Y,QRxLevMin,GERAN最低接收电平,A,,QRxLevMinGeran,RW,unsignedInt[0:45],,,,TR系列规范(TR098/TR181/TR196),,,
CMCC_TD_LTE_V2.3,中国移动TD-LTE皮站_飞站基站设备网络管理南向接口数据配置模型规范V2.3.xlsx,SJ,322,parameter,异系统重选参数,InternetGatewayDevice.Services.FAPService.{i}.CellConfig.LTE.RAN.Mobility.IdleMode.IRAT.GERAN.GERANFreqGroup.{i}.ThreshXHigh,InternetGatewayDevice,ThreshXHigh,Y,ThreshXHigh,GERAN高优先级重选门限值,A,,ThreshXHighGeran,RW,unsignedInt[0:31],,,,TR系列规范(TR098/TR181/TR196),,,
CMCC_TD_LTE_V2.3,中国移动TD-LTE皮站_飞站基站设备网络管理南向接口数据配置模型规范V2.3.xlsx,SJ,323,parameter,异系统重选参数,InternetGatewayDevice.Services.FAPService.{i}.CellConfig.LTE.RAN.Mobility.IdleMode.IRAT.GERAN.GERANFreqGroup.{i}.ThreshXLow,InternetGatewayDevice,ThreshXLow,Y,ThreshXLow,GERAN低优先级重选门限值,A,,ThreshXLowGeran,RW,unsignedInt[0:31],,,,TR系列规范(TR098/TR181/TR196),,,
CMCC_TD_LTE_V2.3,中国移动TD-LTE皮站_飞站基站设备网络管理南向接口数据配置模型规范V2.3.xlsx,SJ,318,parameter,异系统重选参数,InternetGatewayDevice.Services.FAPService.{i}.CellConfig.LTE.RAN.Mobility.IdleMode.IRAT.GERAN.TReselectionGERAN,InternetGatewayDevice,TReselectionGERAN,Y,TReselectionGERAN,GERAN小区重选时间,A,,TReselectionGeran,RW,string(32),,,,NRM数据配置要求TR系列规范(TR098/TR181/TR196),,,
CMCC_TD_LTE_V2.3,中国移动TD-LTE皮站_飞站基站设备网络管理南向接口数据配置模型规范V2.3.xlsx,SJ,311,parameter,异系统重选参数,InternetGatewayDevice.Services.FAPService.{i}.CellConfig.LTE.RAN.Mobility.IdleMode.IRAT.UTRA.TReselectionUTRA,InternetGatewayDevice,TReselectionUTRA,Y,TReselectionUTRA,UTRAN小区重选时间,A,,TReselectionUtra,RW,string(32),,,,NRM数据配置要求TR系列规范(TR098/TR181/TR196),,,
CMCC_TD_LTE_V2.3,中国移动TD-LTE皮站_飞站基站设备网络管理南向接口数据配置模型规范V2.3.xlsx,SJ,313,parameter,异系统重选参数,InternetGatewayDevice.Services.FAPService.{i}.CellConfig.LTE.RAN.Mobility.IdleMode.IRAT.UTRA.UTRANFDDFreq.{i}.CellReselectionPriority,InternetGatewayDevice,CellReselectionPriority,Y,CellReselectionPriority,UTRAN频点重选优先级,A,,CellReselectionPriorityUtra,RW,unsignedInt[0:7],,,,TR系列规范(TR098/TR181/TR196),,,
CMCC_TD_LTE_V2.3,中国移动TD-LTE皮站_飞站基站设备网络管理南向接口数据配置模型规范V2.3.xlsx,SJ,317,parameter,异系统重选参数,InternetGatewayDevice.Services.FAPService.{i}.CellConfig.LTE.RAN.Mobility.IdleMode.IRAT.UTRA.UTRANFDDFreq.{i}.PMaxUTRA,InternetGatewayDevice,PMaxUTRA,Y,PMaxUTRA,UTRAN最大允许发射功率,A,,PMaxUtra,RW,int[-50:33],,,,TR系列规范(TR098/TR181/TR196),,,
CMCC_TD_LTE_V2.3,中国移动TD-LTE皮站_飞站基站设备网络管理南向接口数据配置模型规范V2.3.xlsx,SJ,316,parameter,异系统重选参数,InternetGatewayDevice.Services.FAPService.{i}.CellConfig.LTE.RAN.Mobility.IdleMode.IRAT.UTRA.UTRANFDDFreq.{i}.QRxLevMin,InternetGatewayDevice,QRxLevMin,Y,QRxLevMin,UTRAN最低接收电平,A,,QRxLevMinUtra,RW,int[-60:-13],,,,TR系列规范(TR098/TR181/TR196),,,
CMCC_TD_LTE_V2.3,中国移动TD-LTE皮站_飞站基站设备网络管理南向接口数据配置模型规范V2.3.xlsx,SJ,314,parameter,异系统重选参数,InternetGatewayDevice.Services.FAPService.{i}.CellConfig.LTE.RAN.Mobility.IdleMode.IRAT.UTRA.UTRANFDDFreq.{i}.ThreshXHigh,InternetGatewayDevice,ThreshXHigh,Y,ThreshXHigh,UTRAN频点高优先级重选门限,A,,ThreshXHighUtra,RW,unsignedInt[0:31],,,,TR系列规范(TR098/TR181/TR196),,,
CMCC_TD_LTE_V2.3,中国移动TD-LTE皮站_飞站基站设备网络管理南向接口数据配置模型规范V2.3.xlsx,SJ,315,parameter,异系统重选参数,InternetGatewayDevice.Services.FAPService.{i}.CellConfig.LTE.RAN.Mobility.IdleMode.IRAT.UTRA.UTRANFDDFreq.{i}.ThreshXLow,InternetGatewayDevice,ThreshXLow,Y,ThreshXLow,UTRAN频点低优先级重选门限,A,,ThreshXLowUtra,RW,unsignedInt[0:31],,,,TR系列规范(TR098/TR181/TR196),,,
CMCC_TD_LTE_V2.3,中国移动TD-LTE皮站_飞站基站设备网络管理南向接口数据配置模型规范V2.3.xlsx,SJ,312,parameter,异系统重选参数,InternetGatewayDevice.Services.FAPService.{i}.CellConfig.LTE.RAN.Mobility.IdleMode.IRAT.UTRA.UTRANFDDFreq.{i}.UTRACarrierARFCN,InternetGatewayDevice,UTRACarrierARFCN,Y,UTRACarrierARFCN,UTRAN小区频点,A,,,RW,unsignedInt[0:16383],,,,TR系列规范(TR098/TR181/TR196),,,
CMCC_TD_LTE_V2.3,中国移动TD-LTE皮站_飞站基站设备网络管理南向接口数据配置模型规范V2.3.xlsx,SJ,303,parameter,异频重选参数,Device.Services.FAPService.{i}.CellConfig.LTE.RAN.Mobility.IdleMode.InterFreq.Carrier.{i}.CellReselectionPriority,Device,CellReselectionPriority,Y,CellReselectionPriority,异频小区重选优先级,A,,CellReselectionPriorityReselection,RW,unsignedInt[0:7],,,该E-UTRA载频的绝对优先级，用于频间小区重选过程，该值越低，优先级越低,TR系列规范(TR098/TR181/TR196)/NRM数据配置要求,,,
CMCC_TD_LTE_V2.3,中国移动TD-LTE皮站_飞站基站设备网络管理南向接口数据配置模型规范V2.3.xlsx,SJ,298,parameter,异频重选参数,Device.Services.FAPService.{i}.CellConfig.LTE.RAN.Mobility.IdleMode.InterFreq.Carrier.{i}.EUTRACarrierARFCN,Device,EUTRACarrierARFCN,Y,EUTRACarrierARFCN,EARFCN,A,,,RW,unsignedInt[0:65535],,,载频的EARFCN,TR系列规范(TR098/TR181/TR196),,,
CMCC_TD_LTE_V2.3,中国移动TD-LTE皮站_飞站基站设备网络管理南向接口数据配置模型规范V2.3.xlsx,SJ,306,parameter,异频重选参数,Device.Services.FAPService.{i}.CellConfig.LTE.RAN.Mobility.IdleMode.InterFreq.Carrier.{i}.PMax,Device,PMax,Y,PMax,UE最大允许发射功率,A,,PMaxReselection,RW,int[-30:33],,,"用来在服务频率上限制允许的UE上行链路传输功率,实际值=IE值/100",TR系列规范(TR098/TR181/TR196)/NRM数据配置要求,,修改参数名大小写，与TR196保持一致,
CMCC_TD_LTE_V2.3,中国移动TD-LTE皮站_飞站基站设备网络管理南向接口数据配置模型规范V2.3.xlsx,SJ,300,parameter,异频重选参数,Device.Services.FAPService.{i}.CellConfig.LTE.RAN.Mobility.IdleMode.InterFreq.Carrier.{i}.QOffsetFreq,Device,QOffsetFreq,Y,QOffsetFreq,小区间频率偏移量,A,,QOffsetFreq,RW,string(128),,,"频率相关的偏置值，是邻区测量值的偏置值的一部分，该值越大越难发生重选,单位dB",TR系列规范(TR098/TR181/TR196)/NRM数据配置要求,,参数类型修正,
CMCC_TD_LTE_V2.3,中国移动TD-LTE皮站_飞站基站设备网络管理南向接口数据配置模型规范V2.3.xlsx,SJ,302,parameter,异频重选参数,Device.Services.FAPService.{i}.CellConfig.LTE.RAN.Mobility.IdleMode.InterFreq.Carrier.{i}.QQualMinR9Reselection,Device,QQualMinR9Reselection,Y,QQualMinR9Reselection,小区重选最低接入信号质量,A,,QQualMinR9Reselection,RW,int[-34:-3],,,,,,北向映射关系调整,
CMCC_TD_LTE_V2.3,中国移动TD-LTE皮站_飞站基站设备网络管理南向接口数据配置模型规范V2.3.xlsx,SJ,299,parameter,异频重选参数,Device.Services.FAPService.{i}.CellConfig.LTE.RAN.Mobility.IdleMode.InterFreq.Carrier.{i}.QRxLevMinSIB5,Device,QRxLevMinSIB5,Y,QRxLevMinSIB5,异频邻区最小接收电平,A,,QRxLevMinReselection,RW,string(256),,,"该EUTRA载频需求的最小RSRP接收电平,单位：dBm",TR系列规范(TR098/TR181/TR196),,北向映射关系调整,
CMCC_TD_LTE_V2.3,中国移动TD-LTE皮站_飞站基站设备网络管理南向接口数据配置模型规范V2.3.xlsx,SJ,301,parameter,异频重选参数,Device.Services.FAPService.{i}.CellConfig.LTE.RAN.Mobility.IdleMode.InterFreq.Carrier.{i}.TReselectionEUTRA,Device,TReselectionEUTRA,Y,TReselectionEUTRA,异频小区重选时间,A,,TReselectionEutra,RW,string(32),,,频间切换时，小区重选到该EUTRA载频的小区重选定时器,TR系列规范(TR098/TR181/TR196),,北向映射关系调整,
CMCC_TD_LTE_V2.3,中国移动TD-LTE皮站_飞站基站设备网络管理南向接口数据配置模型规范V2.3.xlsx,SJ,308,parameter,异频重选参数,Device.Services.FAPService.{i}.CellConfig.LTE.RAN.Mobility.IdleMode.InterFreq.Carrier.{i}.TReselectionEUTRASFHigh,Device,TReselectionEUTRASFHigh,Y,TReselectionEUTRASFHigh,TReselectionEUTRA比例因子(高速),A,,,RW,"unsignedInt[25, 50, 75, 100]",,,,TR系列规范(TR098/TR181/TR196),,,
CMCC_TD_LTE_V2.3,中国移动TD-LTE皮站_飞站基站设备网络管理南向接口数据配置模型规范V2.3.xlsx,SJ,307,parameter,异频重选参数,Device.Services.FAPService.{i}.CellConfig.LTE.RAN.Mobility.IdleMode.InterFreq.Carrier.{i}.TReselectionEUTRASFMedium,Device,TReselectionEUTRASFMedium,Y,TReselectionEUTRASFMedium,TReselectionEUTRA比例因子(中速),A,,,RW,"unsignedInt[25, 50, 75, 100]",,,"指定中等移动状态时，频间重选到该载频的
TreselectionEUTRA的比例因子",TR系列规范(TR098/TR181/TR196),,,
CMCC_TD_LTE_V2.3,中国移动TD-LTE皮站_飞站基站设备网络管理南向接口数据配置模型规范V2.3.xlsx,SJ,304,parameter,异频重选参数,Device.Services.FAPService.{i}.CellConfig.LTE.RAN.Mobility.IdleMode.InterFreq.Carrier.{i}.ThreshXHigh,Device,ThreshXHigh,Y,ThreshXHigh,异频高优先级重选门限,A,,ThreshXHigh,RW,unsignedInt[0:31],,,,TR系列规范(TR098/TR181/TR196)/NRM数据配置要求,,,
CMCC_TD_LTE_V2.3,中国移动TD-LTE皮站_飞站基站设备网络管理南向接口数据配置模型规范V2.3.xlsx,SJ,309,parameter,异频重选参数,Device.Services.FAPService.{i}.CellConfig.LTE.RAN.Mobility.IdleMode.InterFreq.Carrier.{i}.ThreshXHighQR9,Device,ThreshXHighQR9,Y,ThreshXHighQR9,异频频点RSRQ高优先级重选门限,A,,ThreshXHighQR9,RW,unsignedInt[0:31],,,,,,,
CMCC_TD_LTE_V2.3,中国移动TD-LTE皮站_飞站基站设备网络管理南向接口数据配置模型规范V2.3.xlsx,SJ,305,parameter,异频重选参数,Device.Services.FAPService.{i}.CellConfig.LTE.RAN.Mobility.IdleMode.InterFreq.Carrier.{i}.ThreshXLow,Device,ThreshXLow,Y,ThreshXLow,异频低优先级重选门限,A,,ThreshXLow,RW,unsignedInt[0:31],,,,TR系列规范(TR098/TR181/TR196)/NRM数据配置要求,,,
CMCC_TD_LTE_V2.3,中国移动TD-LTE皮站_飞站基站设备网络管理南向接口数据配置模型规范V2.3.xlsx,SJ,310,parameter,异频重选参数,Device.Services.FAPService.{i}.CellConfig.LTE.RAN.Mobility.IdleMode.InterFreq.Carrier.{i}.ThreshXLowQR9,Device,ThreshXLowQR9,Y,ThreshXLowQR9,异频频点RSRQ低优先级重选门限,A,,ThreshXLowQR9,RW,unsignedInt[0:31],,,,,,,
CMCC_NR_V1.7,NR v1.7.xlsx,SM,308,parameter,异频重选参数,Device.Services.FAPService.{i}.CellConfig.{i}.NR.RAN.Mobility.IdleMode.InterFreq.Carrier.{i}.AbsThreshSSBlocksConsolidation,Device,AbsThreshSSBlocksConsolidation,Y,ThresholdRSRP,RSRP门限值,A,,,RW,"unsignedInt[0:127,0x00000FFF]",,,"取值范围：[0~127]和0x00000FFF
0x00000FFF代表无效",3GPP TS38.331,,,
CMCC_5G_EXT_PICO_V1.9.4,中国移动5G扩展型皮基站网管南向接口数据模型规范v1.9.4.xlsx,SM,344,parameter,异频重选参数,Device.Services.FAPService.{i}.CellConfig.{i}.NR.RAN.Mobility.IdleMode.InterFreq.Carrier.{i}.BlackPhysCellIdRange,Device,BlackPhysCellIdRange,Y,BlackPhysCellIdRange,物理小区ID步进,A,,,RW,unsignedInt[0:14],,,"物理小区ID步进，
取值范围：[0~14，0x0FFFFFFF]
分别对应{ n4, n8, n12, n16, n24, n32, n48, n64, n84, n96, n128, n168, n252, n504, n1008，不存在 }
无效值为十六进制或十进制都可以",3GPP TS38.331,,,20231020-增加取值范围无效值说明
CMCC_5G_EXT_PICO_V1.9.4,中国移动5G扩展型皮基站网管南向接口数据模型规范v1.9.4.xlsx,SM,343,parameter,异频重选参数,Device.Services.FAPService.{i}.CellConfig.{i}.NR.RAN.Mobility.IdleMode.InterFreq.Carrier.{i}.BlackPhysCellIdStart,Device,BlackPhysCellIdStart,Y,BlackPhysCellIdStart,物理小区ID起始位置,A,,,RW,unsignedInt[0:1007],,,"协议里表示为： startPhysCellId物理小区ID起始，
取值范围：0~1007",3GPP TS38.331,,,
CMCC_5G_EXT_PICO_V1.9.4,中国移动5G扩展型皮基站网管南向接口数据模型规范v1.9.4.xlsx,SM,340,parameter,异频重选参数,Device.Services.FAPService.{i}.CellConfig.{i}.NR.RAN.Mobility.IdleMode.InterFreq.Carrier.{i}.CellReselectionPriority,Device,CellReselectionPriority,Y,CellReselectionPriority,重选优先级,A,,,RW,unsignedInt[0:7],,,INTEGER (0..7),3GPP TS38.331,,,
CMCC_5G_EXT_PICO_V1.9.4,中国移动5G扩展型皮基站网管南向接口数据模型规范v1.9.4.xlsx,SM,341,parameter,异频重选参数,Device.Services.FAPService.{i}.CellConfig.{i}.NR.RAN.Mobility.IdleMode.InterFreq.Carrier.{i}.CellReselectionSubPriority,Device,CellReselectionSubPriority,Y,CellReselectionSubPriority,异频重选优先级附加值,A,,,RW,unsignedInt[0:3],,,"Enumerate{oDot2, oDot4, oDot6, oDot8}",3GPP TS38.331,,,
CMCC_5G_EXT_PICO_V1.9.4,中国移动5G扩展型皮基站网管南向接口数据模型规范v1.9.4.xlsx,SM,331,parameter,异频重选参数,Device.Services.FAPService.{i}.CellConfig.{i}.NR.RAN.Mobility.IdleMode.InterFreq.Carrier.{i}.DeriveSSBIndexFromCell,Device,DeriveSSBIndexFromCell,Y,DeriveSSBIndexFromCell,通过SSB获取定时指示,A,,,RW,boolean,,,"(0=false,1=true)若置为True，UE认为同频小区间的SFN和帧定时相同",3GPP TS38.331,,,
CMCC_5G_EXT_PICO_V1.9.4,中国移动5G扩展型皮基站网管南向接口数据模型规范v1.9.4.xlsx,SM,325,parameter,异频重选参数,Device.Services.FAPService.{i}.CellConfig.{i}.NR.RAN.Mobility.IdleMode.InterFreq.Carrier.{i}.DlCarrierFreq,Device,DlCarrierFreq,Y,DlCarrierFreq,载波频率,A,,,RW,unsignedInt[0:3279165],,,NR邻区载频的ARFCN,3GPP TS38.331,,,
CMCC_5G_EXT_PICO_V1.9.4,中国移动5G扩展型皮基站网管南向接口数据模型规范v1.9.4.xlsx,SM,326,parameter,异频重选参数,Device.Services.FAPService.{i}.CellConfig.{i}.NR.RAN.Mobility.IdleMode.InterFreq.Carrier.{i}.NrofSSBlocksToAverage,Device,NrofSSBlocksToAverage,Y,NrofSSBlocksToAverage,小区测量平均SSB数,A,,,RW,"unsignedInt[2:16,0x00000FFF]",,,"取值范围：[2~16]和0x00000FFF
0x00000FFF代表无效",3GPP TS38.331,,,
CMCC_5G_EXT_PICO_V1.9.4,中国移动5G扩展型皮基站网管南向接口数据模型规范v1.9.4.xlsx,SM,334,parameter,异频重选参数,Device.Services.FAPService.{i}.CellConfig.{i}.NR.RAN.Mobility.IdleMode.InterFreq.Carrier.{i}.Pmax,Device,Pmax,Y,PMax,UE允许最大发射功率,A,,,RW,"int[-30:33,0x0FFFFFFF]",,,"该参数用来在服务频率上限制允许
的UE上行链路传输功率。用来计算
TS 38.304  中定义的Pcompensation ,对应38.331 中SIB4定义的p-Max，取值范围：[-30..33] 和0x0FFFFFFF
0x0FFFFFFF代表这个参数不存在",3GPP TS38.331,,,
CMCC_5G_EXT_PICO_V1.9.4,中国移动5G扩展型皮基站网管南向接口数据模型规范v1.9.4.xlsx,SM,342,parameter,异频重选参数,Device.Services.FAPService.{i}.CellConfig.{i}.NR.RAN.Mobility.IdleMode.InterFreq.Carrier.{i}.QOffsetFreq,Device,QOffsetFreq,Y,QOffsetFreq,重选专用偏移量,A,,,RW,"int[-24:-8, -6:6, 8:24]",,,"Enumerate{dB-24, dB-22, dB-20, dB-18, dB-16, dB-14, dB-12, dB-10, dB-8, dB-6, dB-5, dB-4, dB-3,dB-2, dB-1, dB0, dB1, dB2, dB3, dB4, dB5, dB6, dB8, dB10, dB12, dB14, dB16, dB18, dB20, dB22, dB24}",3GPP TS38.331,,,
CMCC_5G_EXT_PICO_V1.9.4,中国移动5G扩展型皮基站网管南向接口数据模型规范v1.9.4.xlsx,SM,333,parameter,异频重选参数,Device.Services.FAPService.{i}.CellConfig.{i}.NR.RAN.Mobility.IdleMode.InterFreq.Carrier.{i}.QQualMin,Device,QQualMin,Y,QQualMin,异频小区重选时，最低接入信号质量,A,,,RW,"int[-43:-12,0x0FFFFFFF]",,,"异频小区重选时，最小RSRQ接收级别。对应TS 38.331[3]中SIB4的q-QualMin，取值范围：[-43..-12]和0x0FFFFFFF
0x0FFFFFFF代表这个参数不存在",3GPP TS38.331,,,"20231020-类型改为Int[-43--12,0x0FFFFFFF]"
CMCC_5G_EXT_PICO_V1.9.4,中国移动5G扩展型皮基站网管南向接口数据模型规范v1.9.4.xlsx,SM,332,parameter,异频重选参数,Device.Services.FAPService.{i}.CellConfig.{i}.NR.RAN.Mobility.IdleMode.InterFreq.Carrier.{i}.QRxLevMin,Device,QRxLevMin,Y,QRxLevMin,"异频小区重选时，最小接
收电平。",A,,,RW,int[-70:-22],,,"异频小区重选时，最小RSRP接
收级别。实际值为该值乘以2得到。以dBm
为单位。对应TS 38.331[3]中SIB4的q-rxLevMin，
取值范围：[-70..-22]",3GPP TS38.331,,,
CMCC_5G_EXT_PICO_V1.9.4,中国移动5G扩展型皮基站网管南向接口数据模型规范v1.9.4.xlsx,SM,330,parameter,异频重选参数,Device.Services.FAPService.{i}.CellConfig.{i}.NR.RAN.Mobility.IdleMode.InterFreq.Carrier.{i}.SsbSubcarrierSpacing,Device,SsbSubcarrierSpacing,Y,SsbSubcarrierSpacing,SSB子载波间隔,A,,,RW,unsignedInt[0:4],,,"0代表kHz15，1代表kHz30，2代表kHz60，3代表kHz120，4代表kHz240.
<6GHz:15 kHzor 30 kHz;
>6GHz:120 kHz or 240 kHz",3GPP TS38.331,,,
CMCC_5G_EXT_PICO_V1.9.4,中国移动5G扩展型皮基站网管南向接口数据模型规范v1.9.4.xlsx,SM,335,parameter,异频重选参数,Device.Services.FAPService.{i}.CellConfig.{i}.NR.RAN.Mobility.IdleMode.InterFreq.Carrier.{i}.TReselectionNR,Device,TReselectionNR,Y,TReselectionNR,异频小区重选时间,A,,,RW,unsignedInt[0:7],,,"频率内NR小区重选定时器。以秒为单位。对应TS 38.331定义的t-ReselectionNR，
取值范围：{0..7]",3GPP TS38.331,,,
CMCC_5G_EXT_PICO_V1.9.4,中国移动5G扩展型皮基站网管南向接口数据模型规范v1.9.4.xlsx,SM,336,parameter,异频重选参数,Device.Services.FAPService.{i}.CellConfig.{i}.NR.RAN.Mobility.IdleMode.InterFreq.Carrier.{i}.ThreshXHighP,Device,ThreshXHighP,Y,ThreshXHighP,高优先级重选门限,A,,,RW,unsignedInt[0:31],,,高优先级重选门限,3GPP TS38.331,,,
CMCC_5G_EXT_PICO_V1.9.4,中国移动5G扩展型皮基站网管南向接口数据模型规范v1.9.4.xlsx,SM,338,parameter,异频重选参数,Device.Services.FAPService.{i}.CellConfig.{i}.NR.RAN.Mobility.IdleMode.InterFreq.Carrier.{i}.ThreshXHighQ,Device,ThreshXHighQ,Y,ThreshXHighQ,高优先级重选门限,A,,,RW,unsignedInt[0:31],,,高优先级重选门限,3GPP TS38.331,,,
CMCC_5G_EXT_PICO_V1.9.4,中国移动5G扩展型皮基站网管南向接口数据模型规范v1.9.4.xlsx,SM,337,parameter,异频重选参数,Device.Services.FAPService.{i}.CellConfig.{i}.NR.RAN.Mobility.IdleMode.InterFreq.Carrier.{i}.ThreshXLowP,Device,ThreshXLowP,Y,ThreshXLowP,低优先级重选门限,A,,,RW,unsignedInt[0:31],,,低优先级重选门限,3GPP TS38.331,,,
CMCC_5G_EXT_PICO_V1.9.4,中国移动5G扩展型皮基站网管南向接口数据模型规范v1.9.4.xlsx,SM,339,parameter,异频重选参数,Device.Services.FAPService.{i}.CellConfig.{i}.NR.RAN.Mobility.IdleMode.InterFreq.Carrier.{i}.ThreshXLowQ,Device,ThreshXLowQ,Y,ThreshXLowQ,低优先级重选门限,A,,,RW,unsignedInt[0:31],,,低优先级重选门限,3GPP TS38.331,,,
CMCC_5G_EXT_PICO_V1.9.4,中国移动5G扩展型皮基站网管南向接口数据模型规范v1.9.4.xlsx,SM,327,parameter,异频重选参数,Device.Services.FAPService.{i}.CellConfig.{i}.NR.RAN.Mobility.IdleMode.InterFreq.Carrier.{i}.ThresholdRSRP,Device,ThresholdRSRP,Y,ThresholdRSRP,RSRP门限值,A,,,RW,"unsignedInt[0:127,0x00000FFF]",,,"取值范围：[0~127]和0x00000FFF
0x00000FFF代表无效",3GPP TS38.331,,,20231020-将该参数的名称调整为“ThresholdRSRP”
CMCC_5G_EXT_PICO_V1.9.4,中国移动5G扩展型皮基站网管南向接口数据模型规范v1.9.4.xlsx,SM,328,parameter,异频重选参数,Device.Services.FAPService.{i}.CellConfig.{i}.NR.RAN.Mobility.IdleMode.InterFreq.Carrier.{i}.ThresholdRSRQ,Device,ThresholdRSRQ,Y,ThresholdRSRQ,RSRQ门限值,A,,,RW,"unsignedInt[0:127,0x00000FFF]",,,"取值范围：[0~127]和0x00000FFF
0x00000FFF代表无效",3GPP TS38.331,,,
CMCC_5G_EXT_PICO_V1.9.4,中国移动5G扩展型皮基站网管南向接口数据模型规范v1.9.4.xlsx,SM,329,parameter,异频重选参数,Device.Services.FAPService.{i}.CellConfig.{i}.NR.RAN.Mobility.IdleMode.InterFreq.Carrier.{i}.ThresholdSINR,Device,ThresholdSINR,Y,ThresholdSINR,SINR门限值,A,,,RW,"unsignedInt[0:127,0x00000FFF]",,,"取值范围：[0~127]和0x00000FFF
0x00000FFF代表无效",3GPP TS38.331,,,
CMCC_TD_LTE_V2.3,中国移动TD-LTE皮站_飞站基站设备网络管理南向接口数据配置模型规范V2.3.xlsx,SJ,303,parameter,异频重选参数,InternetGatewayDevice.Services.FAPService.{i}.CellConfig.LTE.RAN.Mobility.IdleMode.InterFreq.Carrier.{i}.CellReselectionPriority,InternetGatewayDevice,CellReselectionPriority,Y,CellReselectionPriority,异频小区重选优先级,A,,CellReselectionPriorityReselection,RW,unsignedInt[0:7],,,该E-UTRA载频的绝对优先级，用于频间小区重选过程，该值越低，优先级越低,TR系列规范(TR098/TR181/TR196)/NRM数据配置要求,,,
CMCC_TD_LTE_V2.3,中国移动TD-LTE皮站_飞站基站设备网络管理南向接口数据配置模型规范V2.3.xlsx,SJ,298,parameter,异频重选参数,InternetGatewayDevice.Services.FAPService.{i}.CellConfig.LTE.RAN.Mobility.IdleMode.InterFreq.Carrier.{i}.EUTRACarrierARFCN,InternetGatewayDevice,EUTRACarrierARFCN,Y,EUTRACarrierARFCN,EARFCN,A,,,RW,unsignedInt[0:65535],,,载频的EARFCN,TR系列规范(TR098/TR181/TR196),,,
CMCC_TD_LTE_V2.3,中国移动TD-LTE皮站_飞站基站设备网络管理南向接口数据配置模型规范V2.3.xlsx,SJ,306,parameter,异频重选参数,InternetGatewayDevice.Services.FAPService.{i}.CellConfig.LTE.RAN.Mobility.IdleMode.InterFreq.Carrier.{i}.PMax,InternetGatewayDevice,PMax,Y,PMax,UE最大允许发射功率,A,,PMaxReselection,RW,int[-30:33],,,"用来在服务频率上限制允许的UE上行链路传输功率,实际值=IE值/100",TR系列规范(TR098/TR181/TR196)/NRM数据配置要求,,修改参数名大小写，与TR196保持一致,
CMCC_TD_LTE_V2.3,中国移动TD-LTE皮站_飞站基站设备网络管理南向接口数据配置模型规范V2.3.xlsx,SJ,300,parameter,异频重选参数,InternetGatewayDevice.Services.FAPService.{i}.CellConfig.LTE.RAN.Mobility.IdleMode.InterFreq.Carrier.{i}.QOffsetFreq,InternetGatewayDevice,QOffsetFreq,Y,QOffsetFreq,小区间频率偏移量,A,,QOffsetFreq,RW,string(128),,,"频率相关的偏置值，是邻区测量值的偏置值的一部分，该值越大越难发生重选,单位dB",TR系列规范(TR098/TR181/TR196)/NRM数据配置要求,,参数类型修正,
CMCC_TD_LTE_V2.3,中国移动TD-LTE皮站_飞站基站设备网络管理南向接口数据配置模型规范V2.3.xlsx,SJ,302,parameter,异频重选参数,InternetGatewayDevice.Services.FAPService.{i}.CellConfig.LTE.RAN.Mobility.IdleMode.InterFreq.Carrier.{i}.QQualMinR9Reselection,InternetGatewayDevice,QQualMinR9Reselection,Y,QQualMinR9Reselection,小区重选最低接入信号质量,A,,QQualMinR9Reselection,RW,int[-34:-3],,,,,,北向映射关系调整,
CMCC_TD_LTE_V2.3,中国移动TD-LTE皮站_飞站基站设备网络管理南向接口数据配置模型规范V2.3.xlsx,SJ,299,parameter,异频重选参数,InternetGatewayDevice.Services.FAPService.{i}.CellConfig.LTE.RAN.Mobility.IdleMode.InterFreq.Carrier.{i}.QRxLevMinSIB5,InternetGatewayDevice,QRxLevMinSIB5,Y,QRxLevMinSIB5,异频邻区最小接收电平,A,,QRxLevMinReselection,RW,string(256),,,"该EUTRA载频需求的最小RSRP接收电平,单位：dBm",TR系列规范(TR098/TR181/TR196),,北向映射关系调整,
CMCC_TD_LTE_V2.3,中国移动TD-LTE皮站_飞站基站设备网络管理南向接口数据配置模型规范V2.3.xlsx,SJ,301,parameter,异频重选参数,InternetGatewayDevice.Services.FAPService.{i}.CellConfig.LTE.RAN.Mobility.IdleMode.InterFreq.Carrier.{i}.TReselectionEUTRA,InternetGatewayDevice,TReselectionEUTRA,Y,TReselectionEUTRA,异频小区重选时间,A,,TReselectionEutra,RW,string(32),,,频间切换时，小区重选到该EUTRA载频的小区重选定时器,TR系列规范(TR098/TR181/TR196),,北向映射关系调整,
CMCC_TD_LTE_V2.3,中国移动TD-LTE皮站_飞站基站设备网络管理南向接口数据配置模型规范V2.3.xlsx,SJ,308,parameter,异频重选参数,InternetGatewayDevice.Services.FAPService.{i}.CellConfig.LTE.RAN.Mobility.IdleMode.InterFreq.Carrier.{i}.TReselectionEUTRASFHigh,InternetGatewayDevice,TReselectionEUTRASFHigh,Y,TReselectionEUTRASFHigh,TReselectionEUTRA比例因子(高速),A,,,RW,"unsignedInt[25, 50, 75, 100]",,,,TR系列规范(TR098/TR181/TR196),,,
CMCC_TD_LTE_V2.3,中国移动TD-LTE皮站_飞站基站设备网络管理南向接口数据配置模型规范V2.3.xlsx,SJ,307,parameter,异频重选参数,InternetGatewayDevice.Services.FAPService.{i}.CellConfig.LTE.RAN.Mobility.IdleMode.InterFreq.Carrier.{i}.TReselectionEUTRASFMedium,InternetGatewayDevice,TReselectionEUTRASFMedium,Y,TReselectionEUTRASFMedium,TReselectionEUTRA比例因子(中速),A,,,RW,"unsignedInt[25, 50, 75, 100]",,,"指定中等移动状态时，频间重选到该载频的
TreselectionEUTRA的比例因子",TR系列规范(TR098/TR181/TR196),,,
CMCC_TD_LTE_V2.3,中国移动TD-LTE皮站_飞站基站设备网络管理南向接口数据配置模型规范V2.3.xlsx,SJ,304,parameter,异频重选参数,InternetGatewayDevice.Services.FAPService.{i}.CellConfig.LTE.RAN.Mobility.IdleMode.InterFreq.Carrier.{i}.ThreshXHigh,InternetGatewayDevice,ThreshXHigh,Y,ThreshXHigh,异频高优先级重选门限,A,,ThreshXHigh,RW,unsignedInt[0:31],,,,TR系列规范(TR098/TR181/TR196)/NRM数据配置要求,,,
CMCC_TD_LTE_V2.3,中国移动TD-LTE皮站_飞站基站设备网络管理南向接口数据配置模型规范V2.3.xlsx,SJ,309,parameter,异频重选参数,InternetGatewayDevice.Services.FAPService.{i}.CellConfig.LTE.RAN.Mobility.IdleMode.InterFreq.Carrier.{i}.ThreshXHighQR9,InternetGatewayDevice,ThreshXHighQR9,Y,ThreshXHighQR9,异频频点RSRQ高优先级重选门限,A,,ThreshXHighQR9,RW,unsignedInt[0:31],,,,,,,
CMCC_TD_LTE_V2.3,中国移动TD-LTE皮站_飞站基站设备网络管理南向接口数据配置模型规范V2.3.xlsx,SJ,305,parameter,异频重选参数,InternetGatewayDevice.Services.FAPService.{i}.CellConfig.LTE.RAN.Mobility.IdleMode.InterFreq.Carrier.{i}.ThreshXLow,InternetGatewayDevice,ThreshXLow,Y,ThreshXLow,异频低优先级重选门限,A,,ThreshXLow,RW,unsignedInt[0:31],,,,TR系列规范(TR098/TR181/TR196)/NRM数据配置要求,,,
CMCC_TD_LTE_V2.3,中国移动TD-LTE皮站_飞站基站设备网络管理南向接口数据配置模型规范V2.3.xlsx,SJ,310,parameter,异频重选参数,InternetGatewayDevice.Services.FAPService.{i}.CellConfig.LTE.RAN.Mobility.IdleMode.InterFreq.Carrier.{i}.ThreshXLowQR9,InternetGatewayDevice,ThreshXLowQR9,Y,ThreshXLowQR9,异频频点RSRQ低优先级重选门限,A,,ThreshXLowQR9,RW,unsignedInt[0:31],,,,,,,
CMCC_5G_EXT_PICO_V1.9.4,中国移动5G扩展型皮基站网管南向接口数据模型规范v1.9.4.xlsx,SS,3,parameter,性能参数管理,Device.FAP.PerfMgmt.Config.{i}.Alias,Device,Alias,Y,Alias,别名,A,,,RW,string(64),,,SCMS用于识别实例,TR系列规范(TR098/TR181/TR262),,,
CMCC_5G_EXT_PICO_V1.9.4,中国移动5G扩展型皮基站网管南向接口数据模型规范v1.9.4.xlsx,SS,2,parameter,性能参数管理,Device.FAP.PerfMgmt.Config.{i}.Enable,Device,Enable,Y,Enable,文件周期上传使能开关,A,,,RW,boolean,,,"(0=false,1=true)",TR系列规范(TR098/TR181/TR262),,,
CMCC_5G_EXT_PICO_V1.9.4,中国移动5G扩展型皮基站网管南向接口数据模型规范v1.9.4.xlsx,SS,6,parameter,性能参数管理,Device.FAP.PerfMgmt.Config.{i}.Password,Device,Password,Y,Password,文件管理密码,A,,,RW,string(256),,,,TR系列规范(TR098/TR181/TR262),,,
CMCC_5G_EXT_PICO_V1.9.4,中国移动5G扩展型皮基站网管南向接口数据模型规范v1.9.4.xlsx,SS,7,parameter,性能参数管理,Device.FAP.PerfMgmt.Config.{i}.PeriodicUploadInterval,Device,PeriodicUploadInterval,Y,PeriodicUploadInterval,文件周期上传时间间隔,A,,,RW,unsignedInt[1:65535],,,"(300,900,1800,3600)",TR系列规范(TR098/TR181/TR262),,,
CMCC_5G_EXT_PICO_V1.9.4,中国移动5G扩展型皮基站网管南向接口数据模型规范v1.9.4.xlsx,SS,8,parameter,性能参数管理,Device.FAP.PerfMgmt.Config.{i}.PeriodicUploadTime,Device,PeriodicUploadTime,Y,PeriodicUploadTime,文件上传时间,A,,,RW,dateTime,,,yyyy-mm-ddThh:mm:ssZ,TR系列规范(TR098/TR181/TR262),,,20221118-修订
CMCC_5G_EXT_PICO_V1.9.4,中国移动5G扩展型皮基站网管南向接口数据模型规范v1.9.4.xlsx,SS,4,parameter,性能参数管理,Device.FAP.PerfMgmt.Config.{i}.URL,Device,URL,Y,URL,文件管理URL,A,,,RW,string(256),,,URL地址为完整URL地址格式,TR系列规范(TR098/TR181/TR262),,,20221118-修订
CMCC_5G_EXT_PICO_V1.9.4,中国移动5G扩展型皮基站网管南向接口数据模型规范v1.9.4.xlsx,SS,5,parameter,性能参数管理,Device.FAP.PerfMgmt.Config.{i}.Username,Device,Username,Y,Username,文件管理用户名,A,,,RW,string(256),,,,TR系列规范(TR098/TR181/TR262),,,
CMCC_TD_LTE_V2.3,中国移动TD-LTE皮站_飞站基站设备网络管理南向接口数据配置模型规范V2.3.xlsx,SQ,3,parameter,性能参数管理,InternetGatewayDevice.FAP.PerfMgmt.Config.{i}.Alias,InternetGatewayDevice,Alias,Y,Alias,别名,A,,,RW,string(64),,,HeMS用于识别实例,TR系列规范(TR098/TR181/TR262),,,
CMCC_TD_LTE_V2.3,中国移动TD-LTE皮站_飞站基站设备网络管理南向接口数据配置模型规范V2.3.xlsx,SQ,2,parameter,性能参数管理,InternetGatewayDevice.FAP.PerfMgmt.Config.{i}.Enable,InternetGatewayDevice,Enable,Y,Enable,文件周期上传使能开关,A,,,RW,boolean,,,"(0=false,1=true)",TR系列规范(TR098/TR181/TR262),,,
CMCC_TD_LTE_V2.3,中国移动TD-LTE皮站_飞站基站设备网络管理南向接口数据配置模型规范V2.3.xlsx,SQ,6,parameter,性能参数管理,InternetGatewayDevice.FAP.PerfMgmt.Config.{i}.Password,InternetGatewayDevice,Password,Y,Password,文件管理密码,A,,,RW,string(256),,,,TR系列规范(TR098/TR181/TR262),,,
CMCC_TD_LTE_V2.3,中国移动TD-LTE皮站_飞站基站设备网络管理南向接口数据配置模型规范V2.3.xlsx,SQ,7,parameter,性能参数管理,InternetGatewayDevice.FAP.PerfMgmt.Config.{i}.PeriodicUploadInterval,InternetGatewayDevice,PeriodicUploadInterval,Y,PeriodicUploadInterval,文件周期上传时间间隔,A,,,RW,unsignedInt[1:65535],,,"(300,600,900,1800,3600)",TR系列规范(TR098/TR181/TR262),,,
CMCC_TD_LTE_V2.3,中国移动TD-LTE皮站_飞站基站设备网络管理南向接口数据配置模型规范V2.3.xlsx,SQ,8,parameter,性能参数管理,InternetGatewayDevice.FAP.PerfMgmt.Config.{i}.PeriodicUploadTime,InternetGatewayDevice,PeriodicUploadTime,Y,PeriodicUploadTime,文件上传时间,A,,,RW,dateTime,,,yyyy-mm-ddThh:mm:ss,TR系列规范(TR098/TR181/TR262),,,
CMCC_TD_LTE_V2.3,中国移动TD-LTE皮站_飞站基站设备网络管理南向接口数据配置模型规范V2.3.xlsx,SQ,4,parameter,性能参数管理,InternetGatewayDevice.FAP.PerfMgmt.Config.{i}.URL,InternetGatewayDevice,URL,Y,URL,文件管理URL,A,,,RW,string(256),,,,TR系列规范(TR098/TR181/TR262),,,
CMCC_TD_LTE_V2.3,中国移动TD-LTE皮站_飞站基站设备网络管理南向接口数据配置模型规范V2.3.xlsx,SQ,5,parameter,性能参数管理,InternetGatewayDevice.FAP.PerfMgmt.Config.{i}.Username,InternetGatewayDevice,Username,Y,Username,文件管理用户名,A,,,RW,string(256),,,,TR系列规范(TR098/TR181/TR262),,,
CMCC_5G_EXT_PICO_V1.9.4,中国移动5G扩展型皮基站网管南向接口数据模型规范v1.9.4.xlsx,SS,9,parameter,性能补采参数管理,Device.FAP.PerfMgmt.Config.{i}.ReplenishEnable,Device,ReplenishEnable,Y,ReplenishEnable,补采开关,A,,,RW,boolean,,,"(0=false,1=true),若该开关置为true，则设备按照补采开始时间和结束时间进行性能文件重新上报操作。
当重新上报完成之后，该开关置为false",,,,
CMCC_5G_EXT_PICO_V1.9.4,中国移动5G扩展型皮基站网管南向接口数据模型规范v1.9.4.xlsx,SS,11,parameter,性能补采参数管理,Device.FAP.PerfMgmt.Config.{i}.ReplenishEndTime,Device,ReplenishEndTime,Y,ReplenishEndTime,补采结束时间,A,,,RW,dateTime,,,本参数指定需要重新上传的性能数据文件的结束采集时间。举例说明：若OMC发现2021-05-01 10:15:00至2021-05-01 10:45:00的性能文件缺失，当前处于+8时区，该参数取值为：“2021-05-01T02:45:00Z”,,,,
CMCC_5G_EXT_PICO_V1.9.4,中国移动5G扩展型皮基站网管南向接口数据模型规范v1.9.4.xlsx,SS,10,parameter,性能补采参数管理,Device.FAP.PerfMgmt.Config.{i}.ReplenishStartTime,Device,ReplenishStartTime,Y,ReplenishStartTime,补采开始时间,A,,,RW,dateTime,,,本参数指定需要重新上传的性能数据文件的开始采集时间。举例说明：若OMC发现2021-05-01 10:15:00至2021-05-01 10:45:00的性能文件缺失，当前处于+8时区，该参数取值为：“2021-05-01T02:15:00Z”,,,,
CMCC_TD_LTE_V2.3,中国移动TD-LTE皮站_飞站基站设备网络管理南向接口数据配置模型规范V2.3.xlsx,SQ,9,parameter,性能补采参数管理,InternetGatewayDevice.FAP.PerfMgmt.Config.{i}.ReplenishEnable,InternetGatewayDevice,ReplenishEnable,Y,ReplenishEnable,补采开关,A,,,RW,boolean,,,"(0=false,1=true),若该开关置为true，则设备按照补采开始时间和结束时间进行性能文件重新上报操作。
当重新上报完成之后，该开关置为false",,,,
CMCC_TD_LTE_V2.3,中国移动TD-LTE皮站_飞站基站设备网络管理南向接口数据配置模型规范V2.3.xlsx,SQ,11,parameter,性能补采参数管理,InternetGatewayDevice.FAP.PerfMgmt.Config.{i}.ReplenishEndTime,InternetGatewayDevice,ReplenishEndTime,Y,ReplenishEndTime,补采结束时间,A,,,RW,dateTime,,,本参数指定需要重新上传的性能数据文件的结束采集时间。举例说明：若OMC发现2021-05-01 10:15:00至2021-05-01 10:45:00的性能文件缺失，当前处于+8时区，该参数取值为：“2021-05-01T02:45:00Z”,,,,
CMCC_TD_LTE_V2.3,中国移动TD-LTE皮站_飞站基站设备网络管理南向接口数据配置模型规范V2.3.xlsx,SQ,10,parameter,性能补采参数管理,InternetGatewayDevice.FAP.PerfMgmt.Config.{i}.ReplenishStartTime,InternetGatewayDevice,ReplenishStartTime,Y,ReplenishStartTime,补采开始时间,A,,,RW,dateTime,,,本参数指定需要重新上传的性能数据文件的开始采集时间。举例说明：若OMC发现2021-05-01 10:15:00至2021-05-01 10:45:00的性能文件缺失，当前处于+8时区，该参数取值为：“2021-05-01T02:15:00Z”,,,,
CMCC_LTE_V2.1,LTE V2.1.xlsx,SR,3,parameter,扩展型一体化皮站-主单元（MU）参数管理,Device.Services.FAPService.{i}.FAPControl.LTE.RUHOControlEnable,Device,RUHOControlEnable,Y,RUHOControlEnable,基于远端单元的切换控制使能开关,B,,,RW,boolean,,,"共小区接入时，主机上配置分别控制每个远端单元覆盖区域内接入终端的允许切换目标邻区列表是否生效
0:无效（终端统一根据主机单元配置邻区列表切换）
1:生效（终端根据所接入远端单元对应配置的允许切换目标邻区ECI切换）",,,,
CMCC_LTE_V2.1,LTE V2.1.xlsx,SR,2,parameter,扩展型一体化皮站-主单元（MU）参数管理,Device.Services.FAPService.{i}.FAPControl.LTE.SourcedSignalEnable,Device,SourcedSignalEnable,Y,SourcedSignalEnable,信源使能开关,A,,,RW,boolean,,,"扩展型一体化皮基站主单元信源信号使能开关，关闭时主单元及与该主单元连接的全部远端单元无信源信号
0：关闭
1：开启",,,,
CMCC_LTE_V2.1,LTE V2.1.xlsx,SR,3,parameter,扩展型一体化皮站-主单元（MU）参数管理,InternetGatewayDevice.Services.FAPService.{i}.FAPControl.LTE.RUHOControlEnable,InternetGatewayDevice,RUHOControlEnable,Y,RUHOControlEnable,基于远端单元的切换控制使能开关,B,,,RW,boolean,,,"共小区接入时，主机上配置分别控制每个远端单元覆盖区域内接入终端的允许切换目标邻区列表是否生效
0:无效（终端统一根据主机单元配置邻区列表切换）
1:生效（终端根据所接入远端单元对应配置的允许切换目标邻区ECI切换）",,,,
CMCC_LTE_V2.1,LTE V2.1.xlsx,SR,2,parameter,扩展型一体化皮站-主单元（MU）参数管理,InternetGatewayDevice.Services.FAPService.{i}.FAPControl.LTE.SourcedSignalEnable,InternetGatewayDevice,SourcedSignalEnable,Y,SourcedSignalEnable,信源使能开关,A,,,RW,boolean,,,"扩展型一体化皮基站主单元信源信号使能开关，关闭时主单元及与该主单元连接的全部远端单元无信源信号
0：关闭
1：开启",,,,
CMCC_LTE_V2.1,LTE V2.1.xlsx,SR,11,parameter,扩展型一体化皮站-扩展单元（EU）参数管理,Device.DeviceInfo.EU.{i}.DLCRCSum,Device,DLCRCSum,Y,DLCRCSum,扩展单元下行误码率,B,,,R,string(64),,,"若上一级是主机单元，则是扩展单元与主机单元下行误码率；
若上一级是扩展单元，则是扩展单元与扩展单元下行误码率；
下行误码率都由本级扩展单元统计。",,,,
CMCC_LTE_V2.1,LTE V2.1.xlsx,SR,7,parameter,扩展型一体化皮站-扩展单元（EU）参数管理,Device.DeviceInfo.EU.{i}.HardwareVersion,Device,HardwareVersion,Y,HardwareVersion,硬件版本,A,,,R,string(64),,,,,,,
CMCC_LTE_V2.1,LTE V2.1.xlsx,SR,5,parameter,扩展型一体化皮站-扩展单元（EU）参数管理,Device.DeviceInfo.EU.{i}.ModelName,Device,ModelName,Y,ModelName,设备型号,A,,,R,string(64),,,,,,,
CMCC_LTE_V2.1,LTE V2.1.xlsx,SR,10,parameter,扩展型一体化皮站-扩展单元（EU）参数管理,Device.DeviceInfo.EU.{i}.Reboot,Device,Reboot,Y,Reboot,重启开关,A,,,RW,boolean,,,"0:不重启
1:重启",,,,
CMCC_LTE_V2.1,LTE V2.1.xlsx,SR,4,parameter,扩展型一体化皮站-扩展单元（EU）参数管理,Device.DeviceInfo.EU.{i}.RouteIndex,Device,RouteIndex,Y,RouteIndex,扩展单元路由指示,A,,,R,string(64),,,"1.扩展型一体化皮基站主机单元与各扩展单元和远端单元可采用树状组网方式（包含菊花链、星形等）：主机单元为根节点，扩展单元为树枝节点，远端单元为叶节点；
2.本参数指示从主机单元到扩展单元EU.{i}的路由路径，并与每个扩展单元的唯一标识对应，通过本参数和EU.{i}.RU.{i}可呈现整个组网拓扑结构及各单元所处位置；
3.RouteIndex取值规则从左至右根据从主机单元到扩展单元EU.{i}的路由使用的各级设备端口号逐级取值，每级之间以下划线“_”分割，直至到达本节点EU.{i}。例如：“EU.{i}.RouteIndex = 2_1_5_4”代表该路由起始于主机单元（第零级）的端口2，经过第一级扩展单元端口1，第二级扩展单元端口5，第三级扩展单元端口4路由到本扩展单元EU.{i}；
4.通过RouteIndex取值中数值个数还能体现本扩展单元EU.{i}所处级数，例如“EU.{i}.RouteIndex = 2_1_5_4”说明该扩展单元EU.{i}位于第四级（主机单元为第零级）。",,,,
CMCC_LTE_V2.1,LTE V2.1.xlsx,SR,6,parameter,扩展型一体化皮站-扩展单元（EU）参数管理,Device.DeviceInfo.EU.{i}.SerialNumber,Device,SerialNumber,Y,SerialNumber,序列号,A,,,R,string(64),,,,,,,
CMCC_LTE_V2.1,LTE V2.1.xlsx,SR,8,parameter,扩展型一体化皮站-扩展单元（EU）参数管理,Device.DeviceInfo.EU.{i}.SoftwareVersion,Device,SoftwareVersion,Y,SoftwareVersion,软件版本,A,,,R,string(64),,,,,,,
CMCC_LTE_V2.1,LTE V2.1.xlsx,SR,9,parameter,扩展型一体化皮站-扩展单元（EU）参数管理,Device.DeviceInfo.EU.{i}.Status,Device,Status,Y,Status,状态,A,,,R,unsignedInt[1:4],,,"1:正常
2:离线
3:告警
4:升级中",,,,
CMCC_LTE_V2.1,LTE V2.1.xlsx,SR,15,parameter,扩展型一体化皮站-扩展单元（EU）参数管理,Device.DeviceInfo.EU.{i}.SwUpgrade.FailureCause,Device,FailureCause,Y,FailureCause,升级失败原因,A,,,R,string(512),,,升级失败原因描述,,,,
CMCC_LTE_V2.1,LTE V2.1.xlsx,SR,13,parameter,扩展型一体化皮站-扩展单元（EU）参数管理,Device.DeviceInfo.EU.{i}.SwUpgrade.Stage,Device,Stage,Y,Stage,升级阶段,A,,,R,unsignedInt[1:5],,,"1:初始化
2:下载
3:安装
4:等待激活
5.激活",,,,
CMCC_LTE_V2.1,LTE V2.1.xlsx,SR,14,parameter,扩展型一体化皮站-扩展单元（EU）参数管理,Device.DeviceInfo.EU.{i}.SwUpgrade.Status,Device,Status,Y,Status,状态,A,,,R,unsignedInt[1:3],,,"1:成功
2:失败",,,,
CMCC_LTE_V2.1,LTE V2.1.xlsx,SR,12,parameter,扩展型一体化皮站-扩展单元（EU）参数管理,Device.DeviceInfo.EU.{i}.ULCRCSum,Device,ULCRCSum,Y,ULCRCSum,扩展单元上行误码率,B,,,R,string(64),,,"若上一级是主机单元，则是扩展单元与主机单元上行误码率，由主机单元统计；
若上一级是扩展单元，则是扩展单元与扩展单元上行误码率，由上一级扩展单元统计。",,,,
CMCC_LTE_V2.1,LTE V2.1.xlsx,SR,11,parameter,扩展型一体化皮站-扩展单元（EU）参数管理,InternetGatewayDevice.DeviceInfo.EU.{i}.DLCRCSum,InternetGatewayDevice,DLCRCSum,Y,DLCRCSum,扩展单元下行误码率,B,,,R,string(64),,,"若上一级是主机单元，则是扩展单元与主机单元下行误码率；
若上一级是扩展单元，则是扩展单元与扩展单元下行误码率；
下行误码率都由本级扩展单元统计。",,,,
CMCC_LTE_V2.1,LTE V2.1.xlsx,SR,7,parameter,扩展型一体化皮站-扩展单元（EU）参数管理,InternetGatewayDevice.DeviceInfo.EU.{i}.HardwareVersion,InternetGatewayDevice,HardwareVersion,Y,HardwareVersion,硬件版本,A,,,R,string(64),,,,,,,
CMCC_LTE_V2.1,LTE V2.1.xlsx,SR,5,parameter,扩展型一体化皮站-扩展单元（EU）参数管理,InternetGatewayDevice.DeviceInfo.EU.{i}.ModelName,InternetGatewayDevice,ModelName,Y,ModelName,设备型号,A,,,R,string(64),,,,,,,
CMCC_LTE_V2.1,LTE V2.1.xlsx,SR,10,parameter,扩展型一体化皮站-扩展单元（EU）参数管理,InternetGatewayDevice.DeviceInfo.EU.{i}.Reboot,InternetGatewayDevice,Reboot,Y,Reboot,重启开关,A,,,RW,boolean,,,"0:不重启
1:重启",,,,
CMCC_LTE_V2.1,LTE V2.1.xlsx,SR,4,parameter,扩展型一体化皮站-扩展单元（EU）参数管理,InternetGatewayDevice.DeviceInfo.EU.{i}.RouteIndex,InternetGatewayDevice,RouteIndex,Y,RouteIndex,扩展单元路由指示,A,,,R,string(64),,,"1.扩展型一体化皮基站主机单元与各扩展单元和远端单元可采用树状组网方式（包含菊花链、星形等）：主机单元为根节点，扩展单元为树枝节点，远端单元为叶节点；
2.本参数指示从主机单元到扩展单元EU.{i}的路由路径，并与每个扩展单元的唯一标识对应，通过本参数和EU.{i}.RU.{i}可呈现整个组网拓扑结构及各单元所处位置；
3.RouteIndex取值规则从左至右根据从主机单元到扩展单元EU.{i}的路由使用的各级设备端口号逐级取值，每级之间以下划线“_”分割，直至到达本节点EU.{i}。例如：“EU.{i}.RouteIndex = 2_1_5_4”代表该路由起始于主机单元（第零级）的端口2，经过第一级扩展单元端口1，第二级扩展单元端口5，第三级扩展单元端口4路由到本扩展单元EU.{i}；
4.通过RouteIndex取值中数值个数还能体现本扩展单元EU.{i}所处级数，例如“EU.{i}.RouteIndex = 2_1_5_4”说明该扩展单元EU.{i}位于第四级（主机单元为第零级）。",,,,
CMCC_LTE_V2.1,LTE V2.1.xlsx,SR,6,parameter,扩展型一体化皮站-扩展单元（EU）参数管理,InternetGatewayDevice.DeviceInfo.EU.{i}.SerialNumber,InternetGatewayDevice,SerialNumber,Y,SerialNumber,序列号,A,,,R,string(64),,,,,,,
CMCC_LTE_V2.1,LTE V2.1.xlsx,SR,8,parameter,扩展型一体化皮站-扩展单元（EU）参数管理,InternetGatewayDevice.DeviceInfo.EU.{i}.SoftwareVersion,InternetGatewayDevice,SoftwareVersion,Y,SoftwareVersion,软件版本,A,,,R,string(64),,,,,,,
CMCC_LTE_V2.1,LTE V2.1.xlsx,SR,9,parameter,扩展型一体化皮站-扩展单元（EU）参数管理,InternetGatewayDevice.DeviceInfo.EU.{i}.Status,InternetGatewayDevice,Status,Y,Status,状态,A,,,R,unsignedInt[1:4],,,"1:正常
2:离线
3:告警
4:升级中",,,,
CMCC_LTE_V2.1,LTE V2.1.xlsx,SR,15,parameter,扩展型一体化皮站-扩展单元（EU）参数管理,InternetGatewayDevice.DeviceInfo.EU.{i}.SwUpgrade.FailureCause,InternetGatewayDevice,FailureCause,Y,FailureCause,升级失败原因,A,,,R,string(512),,,升级失败原因描述,,,,
CMCC_LTE_V2.1,LTE V2.1.xlsx,SR,13,parameter,扩展型一体化皮站-扩展单元（EU）参数管理,InternetGatewayDevice.DeviceInfo.EU.{i}.SwUpgrade.Stage,InternetGatewayDevice,Stage,Y,Stage,升级阶段,A,,,R,unsignedInt[1:5],,,"1:初始化
2:下载
3:安装
4:等待激活
5.激活",,,,
CMCC_LTE_V2.1,LTE V2.1.xlsx,SR,14,parameter,扩展型一体化皮站-扩展单元（EU）参数管理,InternetGatewayDevice.DeviceInfo.EU.{i}.SwUpgrade.Status,InternetGatewayDevice,Status,Y,Status,状态,A,,,R,unsignedInt[1:3],,,"1:成功
2:失败",,,,
CMCC_LTE_V2.1,LTE V2.1.xlsx,SR,12,parameter,扩展型一体化皮站-扩展单元（EU）参数管理,InternetGatewayDevice.DeviceInfo.EU.{i}.ULCRCSum,InternetGatewayDevice,ULCRCSum,Y,ULCRCSum,扩展单元上行误码率,B,,,R,string(64),,,"若上一级是主机单元，则是扩展单元与主机单元上行误码率，由主机单元统计；
若上一级是扩展单元，则是扩展单元与扩展单元上行误码率，由上一级扩展单元统计。",,,,
CMCC_LTE_V2.1,LTE V2.1.xlsx,SR,25,parameter,扩展型一体化皮站-远端单元（RU）参数管理,Device.DeviceInfo.EU.{i}.RU.{i}.DLCRCSum,Device,DLCRCSum,Y,DLCRCSum,远端单元下行误码率,B,,,R,string(64),,,"若上一级是主机单元，则是远端单元与主机单元下行误码率；（EU.0.RU.{i}）
若上一级是扩展单元，则是远端单元与扩展单元下行误码率；
下行误码率都由远端单元统计。",,,,
CMCC_LTE_V2.1,LTE V2.1.xlsx,SR,24,parameter,扩展型一体化皮站-远端单元（RU）参数管理,Device.DeviceInfo.EU.{i}.RU.{i}.Distance,Device,Distance,Y,Distance,拉远距离,A,,,R,string(64),,,"远端拉远距离
单位:米",,,,
CMCC_LTE_V2.1,LTE V2.1.xlsx,SR,18,parameter,扩展型一体化皮站-远端单元（RU）参数管理,Device.DeviceInfo.EU.{i}.RU.{i}.HardwareVersion,Device,HardwareVersion,Y,HardwareVersion,硬件版本,A,,,R,string(64),,,,,,,
CMCC_LTE_V2.1,LTE V2.1.xlsx,SR,27,parameter,扩展型一体化皮站-远端单元（RU）参数管理,Device.DeviceInfo.EU.{i}.RU.{i}.LTECell.{i}.ECI,Device,ECI,Y,ECI,可切换小区ECI,B,,,RW,unsignedInt[0:268435455],,,"允许切换目标邻区ECI，其中：
1. 对应主机单元RUHOControlEnable=1时生效；
2. 取值范围不超过对应主机单元邻区列表中ECI范围；
3. 当没有任何LTECell.{i}.ECI参数时表示该RU接入终端不允许向任何邻区切换。",,,,
CMCC_LTE_V2.1,LTE V2.1.xlsx,SR,22,parameter,扩展型一体化皮站-远端单元（RU）参数管理,Device.DeviceInfo.EU.{i}.RU.{i}.MaxTxPower,Device,MaxTxPower,Y,MaxTxPower,最大发射功率,A,,,RW,unsignedInt,,,单位dBm,,,,
CMCC_LTE_V2.1,LTE V2.1.xlsx,SR,16,parameter,扩展型一体化皮站-远端单元（RU）参数管理,Device.DeviceInfo.EU.{i}.RU.{i}.ModelName,Device,ModelName,Y,ModelName,设备型号,A,,,R,string(64),,,,,,,
CMCC_LTE_V2.1,LTE V2.1.xlsx,SR,23,parameter,扩展型一体化皮站-远端单元（RU）参数管理,Device.DeviceInfo.EU.{i}.RU.{i}.RFTxStatus,Device,RFTxStatus,Y,RFTxStatus,射频状态,A,,,RW,boolean,,,"0:关闭
1:开启",,,,
CMCC_LTE_V2.1,LTE V2.1.xlsx,SR,21,parameter,扩展型一体化皮站-远端单元（RU）参数管理,Device.DeviceInfo.EU.{i}.RU.{i}.Reboot,Device,Reboot,Y,Reboot,重启开关,A,,,RW,boolean,,,"0:不重启
1:重启",,,,
CMCC_LTE_V2.1,LTE V2.1.xlsx,SR,17,parameter,扩展型一体化皮站-远端单元（RU）参数管理,Device.DeviceInfo.EU.{i}.RU.{i}.SerialNumber,Device,SerialNumber,Y,SerialNumber,序列号,A,,,R,string(64),,,,,,,
CMCC_LTE_V2.1,LTE V2.1.xlsx,SR,19,parameter,扩展型一体化皮站-远端单元（RU）参数管理,Device.DeviceInfo.EU.{i}.RU.{i}.SoftwareVersion,Device,SoftwareVersion,Y,SoftwareVersion,软件版本,A,,,R,string(64),,,,,,,
CMCC_LTE_V2.1,LTE V2.1.xlsx,SR,20,parameter,扩展型一体化皮站-远端单元（RU）参数管理,Device.DeviceInfo.EU.{i}.RU.{i}.Status,Device,Status,Y,Status,状态,A,,,R,unsignedInt[1:4],,,"1:正常
2:离线
3:告警
4:升级中",,,,
CMCC_LTE_V2.1,LTE V2.1.xlsx,SR,30,parameter,扩展型一体化皮站-远端单元（RU）参数管理,Device.DeviceInfo.EU.{i}.RU.{i}.SwUpgrade.FailureCause,Device,FailureCause,Y,FailureCause,升级失败原因,A,,,R,string(512),,,升级失败原因描述,,,,
CMCC_LTE_V2.1,LTE V2.1.xlsx,SR,28,parameter,扩展型一体化皮站-远端单元（RU）参数管理,Device.DeviceInfo.EU.{i}.RU.{i}.SwUpgrade.Stage,Device,Stage,Y,Stage,升级阶段,A,,,R,unsignedInt[1:5],,,"1:初始化
2:下载
3:安装
4:等待激活
5.激活",,"1.Initial：指MU成功获得本次升级升级目标设备且目标设备软件版本和本次升级版本不一致需要升级时，MU进入软件升级initial状态（例如：本次升级Manifest文件解析成功并且数据模型中存在manifest文件中指定的升级目标同时MU获取EU/RU的软件版本和目标版本不一致的情况）
如果MU获取到目标设备软件版本与升级软件版本一致（例如：EU/RU的软件版本与manifest文件一致），则：
i  则发送Inform，携带ValueChange，其中的升级状态为initial
ii 然后发送Inform，携带ValueChange，其中升级状态为Success
2.DownLoad：指升级的目标单元软件版本下载到本地的状态，成功则进入Install，否则进入Fail状态
3.Install：指目标单元安装软件的状态，成功则进入WaitingActivation或Activation，否则进入Fail状态
4.WaitingActivation：指还未到达指定activate时间的状态
5.Activation：指目标单元激活软件版本的状态，否则进入Fail状态",,
CMCC_LTE_V2.1,LTE V2.1.xlsx,SR,29,parameter,扩展型一体化皮站-远端单元（RU）参数管理,Device.DeviceInfo.EU.{i}.RU.{i}.SwUpgrade.Status,Device,Status,Y,Status,状态,A,,,R,unsignedInt[1:3],,,"1:成功
2:失败",,"成功/失败：指软件升级的最终状态
进行中：指正在执行的Software.stage还未进入成功或失败状态",,
CMCC_LTE_V2.1,LTE V2.1.xlsx,SR,26,parameter,扩展型一体化皮站-远端单元（RU）参数管理,Device.DeviceInfo.EU.{i}.RU.{i}.ULCRCSum,Device,ULCRCSum,Y,ULCRCSum,远端单元上行误码率,B,,,R,string(64),,,"若上一级是主机单元，则是远端单元与主机单元上行误码率，由主机单元统计；（EU.0.RU.{i}）
若上一级是扩展单元，则是远端单元与扩展单元上行误码率，由扩展单元统计。",,,,
CMCC_LTE_V2.1,LTE V2.1.xlsx,SR,25,parameter,扩展型一体化皮站-远端单元（RU）参数管理,InternetGatewayDevice.DeviceInfo.EU.{i}.RU.{i}.DLCRCSum,InternetGatewayDevice,DLCRCSum,Y,DLCRCSum,远端单元下行误码率,B,,,R,string(64),,,"若上一级是主机单元，则是远端单元与主机单元下行误码率；（EU.0.RU.{i}）
若上一级是扩展单元，则是远端单元与扩展单元下行误码率；
下行误码率都由远端单元统计。",,,,
CMCC_LTE_V2.1,LTE V2.1.xlsx,SR,24,parameter,扩展型一体化皮站-远端单元（RU）参数管理,InternetGatewayDevice.DeviceInfo.EU.{i}.RU.{i}.Distance,InternetGatewayDevice,Distance,Y,Distance,拉远距离,A,,,R,string(64),,,"远端拉远距离
单位:米",,,,
CMCC_LTE_V2.1,LTE V2.1.xlsx,SR,18,parameter,扩展型一体化皮站-远端单元（RU）参数管理,InternetGatewayDevice.DeviceInfo.EU.{i}.RU.{i}.HardwareVersion,InternetGatewayDevice,HardwareVersion,Y,HardwareVersion,硬件版本,A,,,R,string(64),,,,,,,
CMCC_LTE_V2.1,LTE V2.1.xlsx,SR,27,parameter,扩展型一体化皮站-远端单元（RU）参数管理,InternetGatewayDevice.DeviceInfo.EU.{i}.RU.{i}.LTECell.{i}.ECI,InternetGatewayDevice,ECI,Y,ECI,可切换小区ECI,B,,,RW,unsignedInt[0:268435455],,,"允许切换目标邻区ECI，其中：
1. 对应主机单元RUHOControlEnable=1时生效；
2. 取值范围不超过对应主机单元邻区列表中ECI范围；
3. 当没有任何LTECell.{i}.ECI参数时表示该RU接入终端不允许向任何邻区切换。",,,,
CMCC_LTE_V2.1,LTE V2.1.xlsx,SR,22,parameter,扩展型一体化皮站-远端单元（RU）参数管理,InternetGatewayDevice.DeviceInfo.EU.{i}.RU.{i}.MaxTxPower,InternetGatewayDevice,MaxTxPower,Y,MaxTxPower,最大发射功率,A,,,RW,unsignedInt,,,单位dBm,,,,
CMCC_LTE_V2.1,LTE V2.1.xlsx,SR,16,parameter,扩展型一体化皮站-远端单元（RU）参数管理,InternetGatewayDevice.DeviceInfo.EU.{i}.RU.{i}.ModelName,InternetGatewayDevice,ModelName,Y,ModelName,设备型号,A,,,R,string(64),,,,,,,
CMCC_LTE_V2.1,LTE V2.1.xlsx,SR,23,parameter,扩展型一体化皮站-远端单元（RU）参数管理,InternetGatewayDevice.DeviceInfo.EU.{i}.RU.{i}.RFTxStatus,InternetGatewayDevice,RFTxStatus,Y,RFTxStatus,射频状态,A,,,RW,boolean,,,"0:关闭
1:开启",,,,
CMCC_LTE_V2.1,LTE V2.1.xlsx,SR,21,parameter,扩展型一体化皮站-远端单元（RU）参数管理,InternetGatewayDevice.DeviceInfo.EU.{i}.RU.{i}.Reboot,InternetGatewayDevice,Reboot,Y,Reboot,重启开关,A,,,RW,boolean,,,"0:不重启
1:重启",,,,
CMCC_LTE_V2.1,LTE V2.1.xlsx,SR,17,parameter,扩展型一体化皮站-远端单元（RU）参数管理,InternetGatewayDevice.DeviceInfo.EU.{i}.RU.{i}.SerialNumber,InternetGatewayDevice,SerialNumber,Y,SerialNumber,序列号,A,,,R,string(64),,,,,,,
CMCC_LTE_V2.1,LTE V2.1.xlsx,SR,19,parameter,扩展型一体化皮站-远端单元（RU）参数管理,InternetGatewayDevice.DeviceInfo.EU.{i}.RU.{i}.SoftwareVersion,InternetGatewayDevice,SoftwareVersion,Y,SoftwareVersion,软件版本,A,,,R,string(64),,,,,,,
CMCC_LTE_V2.1,LTE V2.1.xlsx,SR,20,parameter,扩展型一体化皮站-远端单元（RU）参数管理,InternetGatewayDevice.DeviceInfo.EU.{i}.RU.{i}.Status,InternetGatewayDevice,Status,Y,Status,状态,A,,,R,unsignedInt[1:4],,,"1:正常
2:离线
3:告警
4:升级中",,,,
CMCC_LTE_V2.1,LTE V2.1.xlsx,SR,30,parameter,扩展型一体化皮站-远端单元（RU）参数管理,InternetGatewayDevice.DeviceInfo.EU.{i}.RU.{i}.SwUpgrade.FailureCause,InternetGatewayDevice,FailureCause,Y,FailureCause,升级失败原因,A,,,R,string(512),,,升级失败原因描述,,,,
CMCC_LTE_V2.1,LTE V2.1.xlsx,SR,28,parameter,扩展型一体化皮站-远端单元（RU）参数管理,InternetGatewayDevice.DeviceInfo.EU.{i}.RU.{i}.SwUpgrade.Stage,InternetGatewayDevice,Stage,Y,Stage,升级阶段,A,,,R,unsignedInt[1:5],,,"1:初始化
2:下载
3:安装
4:等待激活
5.激活",,"1.Initial：指MU成功获得本次升级升级目标设备且目标设备软件版本和本次升级版本不一致需要升级时，MU进入软件升级initial状态（例如：本次升级Manifest文件解析成功并且数据模型中存在manifest文件中指定的升级目标同时MU获取EU/RU的软件版本和目标版本不一致的情况）
如果MU获取到目标设备软件版本与升级软件版本一致（例如：EU/RU的软件版本与manifest文件一致），则：
i  则发送Inform，携带ValueChange，其中的升级状态为initial
ii 然后发送Inform，携带ValueChange，其中升级状态为Success
2.DownLoad：指升级的目标单元软件版本下载到本地的状态，成功则进入Install，否则进入Fail状态
3.Install：指目标单元安装软件的状态，成功则进入WaitingActivation或Activation，否则进入Fail状态
4.WaitingActivation：指还未到达指定activate时间的状态
5.Activation：指目标单元激活软件版本的状态，否则进入Fail状态",,
CMCC_LTE_V2.1,LTE V2.1.xlsx,SR,29,parameter,扩展型一体化皮站-远端单元（RU）参数管理,InternetGatewayDevice.DeviceInfo.EU.{i}.RU.{i}.SwUpgrade.Status,InternetGatewayDevice,Status,Y,Status,状态,A,,,R,unsignedInt[1:3],,,"1:成功
2:失败",,"成功/失败：指软件升级的最终状态
进行中：指正在执行的Software.stage还未进入成功或失败状态",,
CMCC_LTE_V2.1,LTE V2.1.xlsx,SR,26,parameter,扩展型一体化皮站-远端单元（RU）参数管理,InternetGatewayDevice.DeviceInfo.EU.{i}.RU.{i}.ULCRCSum,InternetGatewayDevice,ULCRCSum,Y,ULCRCSum,远端单元上行误码率,B,,,R,string(64),,,"若上一级是主机单元，则是远端单元与主机单元上行误码率，由主机单元统计；（EU.0.RU.{i}）
若上一级是扩展单元，则是远端单元与扩展单元上行误码率，由扩展单元统计。",,,,
CMCC_5G_EXT_PICO_V1.9.4,中国移动5G扩展型皮基站网管南向接口数据模型规范v1.9.4.xlsx,SA,57,parameter,扩展型皮站-扩展单元（EU）参数管理,Device.DeviceInfo.MU.{i}.Slot.{i}.EU.{i}.DLCRCSum,Device,DLCRCSum,Y,DLCRCSum,扩展单元下行误码率,B,,,R,string(64),,,"若上一级是主机单元，则是扩展单元与主机单元下行误码率；
若上一级是扩展单元，则是扩展单元与扩展单元下行误码率；
下行误码率都由本级扩展单元统计。",,,,
CMCC_5G_EXT_PICO_V1.9.4,中国移动5G扩展型皮基站网管南向接口数据模型规范v1.9.4.xlsx,SA,53,parameter,扩展型皮站-扩展单元（EU）参数管理,Device.DeviceInfo.MU.{i}.Slot.{i}.EU.{i}.HardwareVersion,Device,HardwareVersion,Y,HardwareVersion,硬件版本,A,,,R,string(64),,,,,,,
CMCC_5G_EXT_PICO_V1.9.4,中国移动5G扩展型皮基站网管南向接口数据模型规范v1.9.4.xlsx,SA,50,parameter,扩展型皮站-扩展单元（EU）参数管理,Device.DeviceInfo.MU.{i}.Slot.{i}.EU.{i}.Manufacturer,Device,Manufacturer,Y,Manufacturer,制造商,A,,,R,string(64),,,,TR系列规范(TR098/TR181)/NRM数据配置要求,,,
CMCC_5G_EXT_PICO_V1.9.4,中国移动5G扩展型皮基站网管南向接口数据模型规范v1.9.4.xlsx,SA,49,parameter,扩展型皮站-扩展单元（EU）参数管理,Device.DeviceInfo.MU.{i}.Slot.{i}.EU.{i}.ManufacturerOUI,Device,ManufacturerOUI,Y,ManufacturerOUI,制造商OUI,A,,,R,string(6),,,,TR系列规范(TR098/TR181)/NRM数据配置要求,,,
CMCC_5G_EXT_PICO_V1.9.4,中国移动5G扩展型皮基站网管南向接口数据模型规范v1.9.4.xlsx,SA,51,parameter,扩展型皮站-扩展单元（EU）参数管理,Device.DeviceInfo.MU.{i}.Slot.{i}.EU.{i}.ModelName,Device,ModelName,Y,ModelName,设备型号,A,,,R,string(64),,,,,,,
CMCC_5G_EXT_PICO_V1.9.4,中国移动5G扩展型皮基站网管南向接口数据模型规范v1.9.4.xlsx,SA,55,parameter,扩展型皮站-扩展单元（EU）参数管理,Device.DeviceInfo.MU.{i}.Slot.{i}.EU.{i}.ProvisioningCode,Device,ProvisioningCode,Y,ProvisioningCode,供应商代号,A,,,R,string(64),,,,TR系列规范(TR098/TR181)/NRM数据配置要求,,,
CMCC_5G_EXT_PICO_V1.9.4,中国移动5G扩展型皮基站网管南向接口数据模型规范v1.9.4.xlsx,SA,59,parameter,扩展型皮站-扩展单元（EU）参数管理,Device.DeviceInfo.MU.{i}.Slot.{i}.EU.{i}.Reboot,Device,Reboot,Y,Reboot,重启开关,A,,,RW,boolean,,,"0:不重启
1:重启",,,,
CMCC_5G_EXT_PICO_V1.9.4,中国移动5G扩展型皮基站网管南向接口数据模型规范v1.9.4.xlsx,SA,48,parameter,扩展型皮站-扩展单元（EU）参数管理,Device.DeviceInfo.MU.{i}.Slot.{i}.EU.{i}.RouteIndex,Device,RouteIndex,Y,RouteIndex,扩展单元路由指示,A,,,R,string(64),,,"1.扩展型皮基站主机单元与各扩展单元和远端单元可采用树状组网方式（包含菊花链、星形等）：主机单元为根节点，扩展单元为树枝节点，远端单元为叶节点；
2.本参数指示从扩展型主机单元某一板卡的某一端口或非板卡形态的主机单元的某一端口到扩展单元EU.{i}的路由路径，并与每个扩展单元的唯一标识对应，通过本参数和EU.{i}.RU.{i}可呈现整个组网拓扑结构及各单元所处位置；
3.RouteIndex取值规则为使用上一级单元的下联端口作为本级单元的路由标识，从左至右根据主机单元，当某一板卡的某一端口(板卡与端口间以“.”分割。非板卡结构MU直接使用端口号)到扩展单元EU.{i}的路由使用的各级设备端口号逐级取值，每级之间以下划线“_”分割，直至到达本节点EU.{i}。例如：“EU.{i}.RouteIndex = 3.2” 代表起始于主机单元（第零级）占用第3槽位的板卡的端口2相连接的EU。“EU.{i}.RouteIndex = 3.2_1_5_4”代表该路由起始于主机单元（第零级）占用第3槽位的板卡的端口2，经过第一级扩展单元南向级联端口1，第二级扩展单元南向向级联端口5，第三级扩展单元南向端口4路由到本扩展单元EU.{i}；非板卡类型主机单元，路由表示为2_1_5_4，2表示该路由起始于主机单元（第零级）的端口2。 
4.通过RouteIndex取值中数值个数还能体现本扩展单元EU.{i}所处级数，例如“EU.{i}.RouteIndex = 3.2_1_5_4”说明该扩展单元EU.{i}位于第四级（主机单元为第零级）。",,MU、EU和RU的端口从1开始,,
CMCC_5G_EXT_PICO_V1.9.4,中国移动5G扩展型皮基站网管南向接口数据模型规范v1.9.4.xlsx,SA,52,parameter,扩展型皮站-扩展单元（EU）参数管理,Device.DeviceInfo.MU.{i}.Slot.{i}.EU.{i}.SerialNumber,Device,SerialNumber,Y,SerialNumber,序列号,A,,,R,string(64),,,,,,,
CMCC_5G_EXT_PICO_V1.9.4,中国移动5G扩展型皮基站网管南向接口数据模型规范v1.9.4.xlsx,SA,54,parameter,扩展型皮站-扩展单元（EU）参数管理,Device.DeviceInfo.MU.{i}.Slot.{i}.EU.{i}.SoftwareVersion,Device,SoftwareVersion,Y,SoftwareVersion,软件版本,A,,,R,string(64),,,,,,,
CMCC_5G_EXT_PICO_V1.9.4,中国移动5G扩展型皮基站网管南向接口数据模型规范v1.9.4.xlsx,SA,56,parameter,扩展型皮站-扩展单元（EU）参数管理,Device.DeviceInfo.MU.{i}.Slot.{i}.EU.{i}.Status,Device,Status,Y,Status,状态,A,,,R,unsignedInt[1:3],,,"1:正常
2:离线
3:告警",,,,
CMCC_5G_EXT_PICO_V1.9.4,中国移动5G扩展型皮基站网管南向接口数据模型规范v1.9.4.xlsx,SA,62,parameter,扩展型皮站-扩展单元（EU）参数管理,Device.DeviceInfo.MU.{i}.Slot.{i}.EU.{i}.SwUpgrade.FailureCause,Device,FailureCause,Y,FailureCause,升级失败原因,A,,,R,string(512),,,升级失败原因描述,,,,
CMCC_5G_EXT_PICO_V1.9.4,中国移动5G扩展型皮基站网管南向接口数据模型规范v1.9.4.xlsx,SA,60,parameter,扩展型皮站-扩展单元（EU）参数管理,Device.DeviceInfo.MU.{i}.Slot.{i}.EU.{i}.SwUpgrade.Stage,Device,Stage,Y,Stage,升级阶段,A,,,R,unsignedInt[1:5],,,"1:初始化
2:下载
3:安装
4:等待激活
5.激活",,,,
CMCC_5G_EXT_PICO_V1.9.4,中国移动5G扩展型皮基站网管南向接口数据模型规范v1.9.4.xlsx,SA,61,parameter,扩展型皮站-扩展单元（EU）参数管理,Device.DeviceInfo.MU.{i}.Slot.{i}.EU.{i}.SwUpgrade.Status,Device,Status,Y,Status,状态,A,,,R,unsignedInt[1:2],,,"1:成功
2:失败
说明:仅在Inform消息请求中携带的EventCode值为“107 UNIT UPGRADE RESULT”，该参数值结果有意义。其余消息中，该参数无实际意义。",,,,20221118-修订
CMCC_5G_EXT_PICO_V1.9.4,中国移动5G扩展型皮基站网管南向接口数据模型规范v1.9.4.xlsx,SA,58,parameter,扩展型皮站-扩展单元（EU）参数管理,Device.DeviceInfo.MU.{i}.Slot.{i}.EU.{i}.ULCRCSum,Device,ULCRCSum,Y,ULCRCSum,扩展单元上行误码率,B,,,R,string(64),,,"若上一级是主机单元，则是扩展单元与主机单元上行误码率，由主机单元统计；
若上一级是扩展单元，则是扩展单元与扩展单元上行误码率，由上一级扩展单元统计。",,,,
CMCC_5G_EXT_PICO_V1.9.4,中国移动5G扩展型皮基站网管南向接口数据模型规范v1.9.4.xlsx,SA,47,parameter,扩展型皮站-扩展单元（EU）参数管理,Device.DeviceInfo.MU.{i}.Slot.{i}.EU.{i}.UserLabel,Device,UserLabel,Y,UserLabel,用户友好名,A,AA,UserLabel,RW,string,,,字段必须与OMC系统内配置资源名称保持一致。且要求UserLabel与告警、性能数据中同一资源对象使用的网元用户友好名保持一致，即用户有好名在OMC内部以及北向接口交互过程中全局唯一。OMC系统内配置资源命名建议参考《中国移动网络资源命名规范-无线分册》，基站命名要求。默认不填写为空字符串,5G SA gNB网元统计数据需求规范-NRM(V1.4.2),,,
CMCC_TD_LTE_V2.3,中国移动TD-LTE皮站_飞站基站设备网络管理南向接口数据配置模型规范V2.3.xlsx,SR,58,parameter,扩展型皮站-扩展单元（EU）参数管理,InternetGatewayDevice.DeviceInfo.MU.{i}.Slot.{i}.EU.{i}.DLCRCSum,InternetGatewayDevice,DLCRCSum,Y,DLCRCSum,扩展单元下行误码率,B,,,R,string(64),,,"若上一级是主机单元，则是扩展单元与主机单元下行误码率；
若上一级是扩展单元，则是扩展单元与扩展单元下行误码率；
下行误码率都由本级扩展单元统计。",,,20231020：修改和NR侧SA页参数一致，删除RRU参数，删除DelEndPonit和AddEndPoint,
CMCC_TD_LTE_V2.3,中国移动TD-LTE皮站_飞站基站设备网络管理南向接口数据配置模型规范V2.3.xlsx,SR,54,parameter,扩展型皮站-扩展单元（EU）参数管理,InternetGatewayDevice.DeviceInfo.MU.{i}.Slot.{i}.EU.{i}.HardwareVersion,InternetGatewayDevice,HardwareVersion,Y,HardwareVersion,硬件版本,A,,,R,string(64),,,,,,20231020：修改和NR侧SA页参数一致，删除RRU参数，删除DelEndPonit和AddEndPoint,
CMCC_TD_LTE_V2.3,中国移动TD-LTE皮站_飞站基站设备网络管理南向接口数据配置模型规范V2.3.xlsx,SR,51,parameter,扩展型皮站-扩展单元（EU）参数管理,InternetGatewayDevice.DeviceInfo.MU.{i}.Slot.{i}.EU.{i}.Manufacturer,InternetGatewayDevice,Manufacturer,Y,Manufacturer,制造商,A,,,R,string(64),,,,TR系列规范(TR098/TR181)/NRM数据配置要求,,20231020：修改和NR侧SA页参数一致，删除RRU参数，删除DelEndPonit和AddEndPoint,
CMCC_TD_LTE_V2.3,中国移动TD-LTE皮站_飞站基站设备网络管理南向接口数据配置模型规范V2.3.xlsx,SR,50,parameter,扩展型皮站-扩展单元（EU）参数管理,InternetGatewayDevice.DeviceInfo.MU.{i}.Slot.{i}.EU.{i}.ManufacturerOUI,InternetGatewayDevice,ManufacturerOUI,Y,ManufacturerOUI,制造商OUI,A,,,R,string(6),,,,TR系列规范(TR098/TR181)/NRM数据配置要求,,20231020：修改和NR侧SA页参数一致，删除RRU参数，删除DelEndPonit和AddEndPoint,
CMCC_TD_LTE_V2.3,中国移动TD-LTE皮站_飞站基站设备网络管理南向接口数据配置模型规范V2.3.xlsx,SR,52,parameter,扩展型皮站-扩展单元（EU）参数管理,InternetGatewayDevice.DeviceInfo.MU.{i}.Slot.{i}.EU.{i}.ModelName,InternetGatewayDevice,ModelName,Y,ModelName,设备型号,A,,,R,string(64),,,,,,20231020：修改和NR侧SA页参数一致，删除RRU参数，删除DelEndPonit和AddEndPoint,
CMCC_TD_LTE_V2.3,中国移动TD-LTE皮站_飞站基站设备网络管理南向接口数据配置模型规范V2.3.xlsx,SR,56,parameter,扩展型皮站-扩展单元（EU）参数管理,InternetGatewayDevice.DeviceInfo.MU.{i}.Slot.{i}.EU.{i}.ProvisioningCode,InternetGatewayDevice,ProvisioningCode,Y,ProvisioningCode,供应商代号,A,,,R,string(64),,,,TR系列规范(TR098/TR181)/NRM数据配置要求,,20231020：修改和NR侧SA页参数一致，删除RRU参数，删除DelEndPonit和AddEndPoint,
CMCC_TD_LTE_V2.3,中国移动TD-LTE皮站_飞站基站设备网络管理南向接口数据配置模型规范V2.3.xlsx,SR,60,parameter,扩展型皮站-扩展单元（EU）参数管理,InternetGatewayDevice.DeviceInfo.MU.{i}.Slot.{i}.EU.{i}.Reboot,InternetGatewayDevice,Reboot,Y,Reboot,重启开关,A,,,RW,boolean,,,"0:不重启
1:重启",,,20231020：修改和NR侧SA页参数一致，删除RRU参数，删除DelEndPonit和AddEndPoint,
CMCC_TD_LTE_V2.3,中国移动TD-LTE皮站_飞站基站设备网络管理南向接口数据配置模型规范V2.3.xlsx,SR,49,parameter,扩展型皮站-扩展单元（EU）参数管理,InternetGatewayDevice.DeviceInfo.MU.{i}.Slot.{i}.EU.{i}.RouteIndex,InternetGatewayDevice,RouteIndex,Y,RouteIndex,扩展单元路由指示,A,,,R,string(64),,,"1.扩展型皮基站主机单元与各扩展单元和远端单元可采用树状组网方式（包含菊花链、星形等）：主机单元为根节点，扩展单元为树枝节点，远端单元为叶节点；
2.本参数指示从扩展型主机单元某一板卡的某一端口或非板卡形态的主机单元的某一端口到扩展单元EU.{i}的路由路径，并与每个扩展单元的唯一标识对应，通过本参数和EU.{i}.RU.{i}可呈现整个组网拓扑结构及各单元所处位置；
3.RouteIndex取值规则为使用上一级单元的下联端口作为本级单元的路由标识，从左至右根据主机单元，当某一板卡的某一端口(板卡与端口间以“.”分割。非板卡结构MU直接使用端口号)到扩展单元EU.{i}的路由使用的各级设备端口号逐级取值，每级之间以下划线“_”分割，直至到达本节点EU.{i}。例如：“EU.{i}.RouteIndex = 3.2” 代表起始于主机单元（第零级）占用第3槽位的板卡的端口2相连接的EU。“EU.{i}.RouteIndex = 3.2_1_5_4”代表该路由起始于主机单元（第零级）占用第3槽位的板卡的端口2，经过第一级扩展单元南向级联端口1，第二级扩展单元南向向级联端口5，第三级扩展单元南向端口4路由到本扩展单元EU.{i}；非板卡类型主机单元，路由表示为2_1_5_4，2表示该路由起始于主机单元（第零级）的端口2。 
4.通过RouteIndex取值中数值个数还能体现本扩展单元EU.{i}所处级数，例如“EU.{i}.RouteIndex = 3.2_1_5_4”说明该扩展单元EU.{i}位于第四级（主机单元为第零级）。",,MU、EU和RU的端口从1开始,20231020：修改和NR侧SA页参数一致，删除RRU参数，删除DelEndPonit和AddEndPoint,
CMCC_TD_LTE_V2.3,中国移动TD-LTE皮站_飞站基站设备网络管理南向接口数据配置模型规范V2.3.xlsx,SR,53,parameter,扩展型皮站-扩展单元（EU）参数管理,InternetGatewayDevice.DeviceInfo.MU.{i}.Slot.{i}.EU.{i}.SerialNumber,InternetGatewayDevice,SerialNumber,Y,SerialNumber,序列号,A,,,R,string(64),,,,,,20231020：修改和NR侧SA页参数一致，删除RRU参数，删除DelEndPonit和AddEndPoint,
CMCC_TD_LTE_V2.3,中国移动TD-LTE皮站_飞站基站设备网络管理南向接口数据配置模型规范V2.3.xlsx,SR,55,parameter,扩展型皮站-扩展单元（EU）参数管理,InternetGatewayDevice.DeviceInfo.MU.{i}.Slot.{i}.EU.{i}.SoftwareVersion,InternetGatewayDevice,SoftwareVersion,Y,SoftwareVersion,软件版本,A,,,R,string(64),,,,,,20231020：修改和NR侧SA页参数一致，删除RRU参数，删除DelEndPonit和AddEndPoint,
CMCC_TD_LTE_V2.3,中国移动TD-LTE皮站_飞站基站设备网络管理南向接口数据配置模型规范V2.3.xlsx,SR,57,parameter,扩展型皮站-扩展单元（EU）参数管理,InternetGatewayDevice.DeviceInfo.MU.{i}.Slot.{i}.EU.{i}.Status,InternetGatewayDevice,Status,Y,Status,状态,A,,,R,unsignedInt[1:3],,,"1:正常
2:离线
3:告警",,,20231020：修改和NR侧SA页参数一致，删除RRU参数，删除DelEndPonit和AddEndPoint,
CMCC_TD_LTE_V2.3,中国移动TD-LTE皮站_飞站基站设备网络管理南向接口数据配置模型规范V2.3.xlsx,SR,63,parameter,扩展型皮站-扩展单元（EU）参数管理,InternetGatewayDevice.DeviceInfo.MU.{i}.Slot.{i}.EU.{i}.SwUpgrade.FailureCause,InternetGatewayDevice,FailureCause,Y,FailureCause,升级失败原因,A,,,R,string(512),,,升级失败原因描述,,,20231020：修改和NR侧SA页参数一致，删除RRU参数，删除DelEndPonit和AddEndPoint,
CMCC_TD_LTE_V2.3,中国移动TD-LTE皮站_飞站基站设备网络管理南向接口数据配置模型规范V2.3.xlsx,SR,61,parameter,扩展型皮站-扩展单元（EU）参数管理,InternetGatewayDevice.DeviceInfo.MU.{i}.Slot.{i}.EU.{i}.SwUpgrade.Stage,InternetGatewayDevice,Stage,Y,Stage,升级阶段,A,,,R,unsignedInt[1:5],,,"1:初始化
2:下载
3:安装
4:等待激活
5.激活",,,20231020：修改和NR侧SA页参数一致，删除RRU参数，删除DelEndPonit和AddEndPoint,
CMCC_TD_LTE_V2.3,中国移动TD-LTE皮站_飞站基站设备网络管理南向接口数据配置模型规范V2.3.xlsx,SR,62,parameter,扩展型皮站-扩展单元（EU）参数管理,InternetGatewayDevice.DeviceInfo.MU.{i}.Slot.{i}.EU.{i}.SwUpgrade.Status,InternetGatewayDevice,Status,Y,Status,状态,A,,,R,unsignedInt[1:3],,,"1:成功
2:失败",,,20231020：修改和NR侧SA页参数一致，删除RRU参数，删除DelEndPonit和AddEndPoint,
CMCC_TD_LTE_V2.3,中国移动TD-LTE皮站_飞站基站设备网络管理南向接口数据配置模型规范V2.3.xlsx,SR,59,parameter,扩展型皮站-扩展单元（EU）参数管理,InternetGatewayDevice.DeviceInfo.MU.{i}.Slot.{i}.EU.{i}.ULCRCSum,InternetGatewayDevice,ULCRCSum,Y,ULCRCSum,扩展单元上行误码率,B,,,R,string(64),,,"若上一级是主机单元，则是扩展单元与主机单元上行误码率，由主机单元统计；
若上一级是扩展单元，则是扩展单元与扩展单元上行误码率，由上一级扩展单元统计。",,,20231020：修改和NR侧SA页参数一致，删除RRU参数，删除DelEndPonit和AddEndPoint,
CMCC_TD_LTE_V2.3,中国移动TD-LTE皮站_飞站基站设备网络管理南向接口数据配置模型规范V2.3.xlsx,SR,48,parameter,扩展型皮站-扩展单元（EU）参数管理,InternetGatewayDevice.DeviceInfo.MU.{i}.Slot.{i}.EU.{i}.UserLabel,InternetGatewayDevice,UserLabel,Y,UserLabel,用户友好名,A,AA,UserLabel,RW,string,,,字段必须与OMC系统内配置资源名称保持一致。且要求UserLabel与告警、性能数据中同一资源对象使用的网元用户友好名保持一致，即用户有好名在OMC内部以及北向接口交互过程中全局唯一。OMC系统内配置资源命名建议参考《中国移动网络资源命名规范-无线分册》，基站命名要求。默认不填写为空字符串,,,20231020：修改和NR侧SA页参数一致，删除RRU参数，删除DelEndPonit和AddEndPoint,
CMCC_5G_EXT_PICO_V1.9.4,中国移动5G扩展型皮基站网管南向接口数据模型规范v1.9.4.xlsx,SA,83,parameter,扩展型皮站-远端单元（RU）参数管理,Device.DeviceInfo.MU.{i}.Slot.{i}.EU.{i}.RU.{i}.DateOfManufacture,Device,DateOfManufacture,Y,DateOfManufacture,生产日期,A,AE,DateOfManufacture,R,dateTime,,,生产日期,5G SA gNB网元统计数据需求规范-NRM(V1.4.2),,,
CMCC_5G_EXT_PICO_V1.9.4,中国移动5G扩展型皮基站网管南向接口数据模型规范v1.9.4.xlsx,SA,76,parameter,扩展型皮站-远端单元（RU）参数管理,Device.DeviceInfo.MU.{i}.Slot.{i}.EU.{i}.RU.{i}.FrequencyBand,Device,FrequencyBand,Y,FrequencyBand,支持频段,A,AE,FrequencyBand,RW,string,,,"指RRU支持的工作频段，如n1、n2等频段。例如若支持n1、n2频段，则取值为{""n1"",""n2""}，具体取值参见38.104 5.4.2.3",5G SA gNB网元统计数据需求规范-NRM(V1.5.0),,,
CMCC_5G_EXT_PICO_V1.9.4,中国移动5G扩展型皮基站网管南向接口数据模型规范v1.9.4.xlsx,SA,72,parameter,扩展型皮站-远端单元（RU）参数管理,Device.DeviceInfo.MU.{i}.Slot.{i}.EU.{i}.RU.{i}.HardwareVersion,Device,HardwareVersion,Y,HardwareVersion,硬件版本,A,,,R,string(64),,,,,,,
CMCC_5G_EXT_PICO_V1.9.4,中国移动5G扩展型皮基站网管南向接口数据模型规范v1.9.4.xlsx,SA,69,parameter,扩展型皮站-远端单元（RU）参数管理,Device.DeviceInfo.MU.{i}.Slot.{i}.EU.{i}.RU.{i}.Manufacturer,Device,Manufacturer,Y,Manufacturer,制造商,A,,,R,string(64),,,,TR系列规范(TR098/TR181)/NRM数据配置要求,,,
CMCC_5G_EXT_PICO_V1.9.4,中国移动5G扩展型皮基站网管南向接口数据模型规范v1.9.4.xlsx,SA,68,parameter,扩展型皮站-远端单元（RU）参数管理,Device.DeviceInfo.MU.{i}.Slot.{i}.EU.{i}.RU.{i}.ManufacturerOUI,Device,ManufacturerOUI,Y,ManufacturerOUI,制造商OUI,A,,,R,string(6),,,,TR系列规范(TR098/TR181)/NRM数据配置要求,,,
CMCC_5G_EXT_PICO_V1.9.4,中国移动5G扩展型皮基站网管南向接口数据模型规范v1.9.4.xlsx,SA,70,parameter,扩展型皮站-远端单元（RU）参数管理,Device.DeviceInfo.MU.{i}.Slot.{i}.EU.{i}.RU.{i}.ModelName,Device,ModelName,Y,ModelName,设备型号,A,,,R,string(64),,,,,,,
CMCC_5G_EXT_PICO_V1.9.4,中国移动5G扩展型皮基站网管南向接口数据模型规范v1.9.4.xlsx,SA,74,parameter,扩展型皮站-远端单元（RU）参数管理,Device.DeviceInfo.MU.{i}.Slot.{i}.EU.{i}.RU.{i}.ProvisioningCode,Device,ProvisioningCode,Y,ProvisioningCode,供应商代号,A,,,R,string(64),,,,TR系列规范(TR098/TR181)/NRM数据配置要求,,,
CMCC_5G_EXT_PICO_V1.9.4,中国移动5G扩展型皮基站网管南向接口数据模型规范v1.9.4.xlsx,SA,84,parameter,扩展型皮站-远端单元（RU）参数管理,Device.DeviceInfo.MU.{i}.Slot.{i}.EU.{i}.RU.{i}.PrruPowerPrecisionSwitch,Device,PrruPowerPrecisionSwitch,Y,PrruPowerPrecisionSwitch,皮站头端功率精准发射开关,CB,AE,PrruPowerPrecisionSwitch,R,string(8),,,"该参数用于设置皮站头端功率精准发射功能开关。取值范围：ENUMERATED {ON,OFF,NA}，不支持上报NA. 默认开启上报ON。",5G SA gNB网元统计数据需求规范-NRM(V1.9.1),,,20240207-新增
CMCC_5G_EXT_PICO_V1.9.4,中国移动5G扩展型皮基站网管南向接口数据模型规范v1.9.4.xlsx,SA,82,parameter,扩展型皮站-远端单元（RU）参数管理,Device.DeviceInfo.MU.{i}.Slot.{i}.EU.{i}.RU.{i}.RFChannel.{i}.NoisePwdBm,Device,NoisePwdBm,Y,NoisePwdBm,底噪,A,,,R,string,,,,,《硬件测试规范》-4扩展单元测试-4.1组网能力,,
CMCC_5G_EXT_PICO_V1.9.4,中国移动5G扩展型皮基站网管南向接口数据模型规范v1.9.4.xlsx,SA,78,parameter,扩展型皮站-远端单元（RU）参数管理,Device.DeviceInfo.MU.{i}.Slot.{i}.EU.{i}.RU.{i}.RFChannel.{i}.RFTxStatus,Device,RFTxStatus,Y,RFTxConfig,射频状态,A,,,RW,unsignedInt[0:1],,,"0:OFF
1:ON",,,,
CMCC_5G_EXT_PICO_V1.9.4,中国移动5G扩展型皮基站网管南向接口数据模型规范v1.9.4.xlsx,SA,77,parameter,扩展型皮站-远端单元（RU）参数管理,Device.DeviceInfo.MU.{i}.Slot.{i}.EU.{i}.RU.{i}.RFChannel.{i}.TxGain,Device,TxGain,Y,TxGain,下行发射功率增益,A,,,RW,string,,,"单位dB
指小基站某个发射通道发射增益，",,可以为小数，例如3.2或-6.3,,
CMCC_TD_LTE_V2.3,中国移动TD-LTE皮站_飞站基站设备网络管理南向接口数据配置模型规范V2.3.xlsx,SR,79,parameter,扩展型皮站-远端单元（RU）参数管理,Device.DeviceInfo.MU.{i}.Slot.{i}.EU.{i}.RU.{i}.RFTxStatus,Device,RFTxStatus,Y,RFTxStatus,射频状态,A,,,RW,boolean,,,"0:关闭
1:开启
指RU所有通道的射频开关",,,20231020：修改和NR侧SA页参数一致，删除RRU参数，删除DelEndPonit和AddEndPoint,
CMCC_5G_EXT_PICO_V1.9.4,中国移动5G扩展型皮基站网管南向接口数据模型规范v1.9.4.xlsx,SA,75,parameter,扩展型皮站-远端单元（RU）参数管理,Device.DeviceInfo.MU.{i}.Slot.{i}.EU.{i}.RU.{i}.Reboot,Device,Reboot,Y,Reboot,重启开关,A,,,RW,boolean,,,"0:不重启
1:重启",,,,
CMCC_5G_EXT_PICO_V1.9.4,中国移动5G扩展型皮基站网管南向接口数据模型规范v1.9.4.xlsx,SA,66,parameter,扩展型皮站-远端单元（RU）参数管理,Device.DeviceInfo.MU.{i}.Slot.{i}.EU.{i}.RU.{i}.RouteIndex,Device,RouteIndex,Y,RouteIndex,射频单元路由指示,A,,,R,string(64),,,"1.扩展型皮基站主机单元与各扩展单元和远端单元可采用树状组网方式（包含菊花链、星形等）：主机单元为根节点，扩展单元为树枝节点，远端单元为叶节点；
2.本参数指示从主机单元的某一板卡的某一端口或非板卡形态的主机单元的某一端口到射频单元RU.{i}的路由路径，并与每个扩展单元的唯一标识对应，通过本参数和EU.{i}.RU.{i}可呈现整个组网拓扑结构及各单元所处位置；
3.RouteIndex取值规则从左至右根据从主机单元某一板卡的某一端口(板卡与端口间以“.”分割)到射频单元RU.{i}的路由使用的各级扩展单元级联端口号逐级取值，每级之间以下划线“_”分割，直至到达本节点EU.{i}，EU.{i}与RU链接的下联端口用“+”表示。例如：“EU.{i}.RU.{i}.RouteIndex = 3.2_1_5+4”代表该路由起始于主机单元（第零级）第3板卡的南向级联端口2，经过第一级扩展单元南向级联端口1，第二级扩展单元南向级联端口5、第三级扩展单元下联端口4路由到本RU.{i}；非板卡类型主机单元，路由表示为2_1_5+4，2表示该路由起始于主机单元（第零级）的端口2。
4.通过RouteIndex取值中数值个数还能体现本射频单元RU.{i}所处级数，例如“EU.{i}.RouteIndex = 3.2_1_5+4”说明该射频单元RU.{i}位于第四级（主机单元为第零级）。",,MU、EU和RU的端口从1开始,,
CMCC_5G_EXT_PICO_V1.9.4,中国移动5G扩展型皮基站网管南向接口数据模型规范v1.9.4.xlsx,SA,71,parameter,扩展型皮站-远端单元（RU）参数管理,Device.DeviceInfo.MU.{i}.Slot.{i}.EU.{i}.RU.{i}.SerialNumber,Device,SerialNumber,Y,SerialNumber,序列号,A,AE,SerialNumber,R,string(64),,,,,,,
CMCC_5G_EXT_PICO_V1.9.4,中国移动5G扩展型皮基站网管南向接口数据模型规范v1.9.4.xlsx,SA,73,parameter,扩展型皮站-远端单元（RU）参数管理,Device.DeviceInfo.MU.{i}.Slot.{i}.EU.{i}.RU.{i}.SoftwareVersion,Device,SoftwareVersion,Y,SoftwareVersion,软件版本,A,,,R,string(64),,,,,,,
CMCC_5G_EXT_PICO_V1.9.4,中国移动5G扩展型皮基站网管南向接口数据模型规范v1.9.4.xlsx,SA,67,parameter,扩展型皮站-远端单元（RU）参数管理,Device.DeviceInfo.MU.{i}.Slot.{i}.EU.{i}.RU.{i}.Status,Device,Status,Y,Status,状态,A,,,R,unsignedInt[1:3],,,"1:正常
2:离线
3:告警",,,,
CMCC_5G_EXT_PICO_V1.9.4,中国移动5G扩展型皮基站网管南向接口数据模型规范v1.9.4.xlsx,SA,81,parameter,扩展型皮站-远端单元（RU）参数管理,Device.DeviceInfo.MU.{i}.Slot.{i}.EU.{i}.RU.{i}.SwUpgrade.FailureCause,Device,FailureCause,Y,FailureCause,升级失败原因,A,,,R,string(512),,,升级失败原因描述,,,,
CMCC_5G_EXT_PICO_V1.9.4,中国移动5G扩展型皮基站网管南向接口数据模型规范v1.9.4.xlsx,SA,79,parameter,扩展型皮站-远端单元（RU）参数管理,Device.DeviceInfo.MU.{i}.Slot.{i}.EU.{i}.RU.{i}.SwUpgrade.Stage,Device,Stage,Y,Stage,升级阶段,A,,,R,unsignedInt[1:5],,,"1:初始化
2:下载
3:安装
4:等待激活
5.激活",,"1.Initial：指MU成功获得本次升级升级目标设备且目标设备软件版本和本次升级版本不一致需要升级时，MU进入软件升级initial状态（例如：本次升级Manifest文件解析成功并且数据模型中存在manifest文件中指定的升级目标同时MU获取EU/RU的软件版本和目标版本不一致的情况）
如果MU获取到目标设备软件版本与升级软件版本一致（例如：EU/RU的软件版本与manifest文件一致），则：
i  则发送Inform，携带ValueChange，其中的升级状态为initial
ii 然后发送Inform，携带ValueChange，其中升级状态为Success
2.DownLoad：指升级的目标单元软件版本下载到本地的状态，成功则进入Install，否则进入Fail状态
3.Install：指目标单元安装软件的状态，成功则进入WaitingActivation或Activation，否则进入Fail状态
4.WaitingActivation：指还未到达指定activate时间的状态
5.Activation：指目标单元激活软件版本的状态，否则进入Fail状态",,
CMCC_5G_EXT_PICO_V1.9.4,中国移动5G扩展型皮基站网管南向接口数据模型规范v1.9.4.xlsx,SA,80,parameter,扩展型皮站-远端单元（RU）参数管理,Device.DeviceInfo.MU.{i}.Slot.{i}.EU.{i}.RU.{i}.SwUpgrade.Status,Device,Status,Y,Status,状态,A,,,R,unsignedInt[1:2],,,"1:成功
2:失败
说明:仅在Inform消息请求中携带的EventCode值为“107 UNIT UPGRADE RESULT”，该参数值结果有意义。其余消息中，该参数无实际意义。",,,,20221118-修订
CMCC_5G_EXT_PICO_V1.9.4,中国移动5G扩展型皮基站网管南向接口数据模型规范v1.9.4.xlsx,SA,63,parameter,扩展型皮站-远端单元（RU）参数管理,Device.DeviceInfo.MU.{i}.Slot.{i}.EU.{i}.RU.{i}.UserLabel,Device,UserLabel,Y,UserLabel,用户友好名,A,AA,UserLabel,RW,string,,,字段必须与OMC系统内配置资源名称保持一致。且要求UserLabel与告警、性能数据中同一资源对象使用的网元用户友好名保持一致，即用户有好名在OMC内部以及北向接口交互过程中全局唯一。OMC系统内配置资源命名建议参考《中国移动网络资源命名规范-无线分册》，基站命名要求。默认不填写为空字符串,5G SA gNB网元统计数据需求规范-NRM(V1.4.2),,,
CMCC_5G_EXT_PICO_V1.9.4,中国移动5G扩展型皮基站网管南向接口数据模型规范v1.9.4.xlsx,SA,64,parameter,扩展型皮站-远端单元（RU）参数管理,Device.DeviceInfo.MU.{i}.Slot.{i}.EU.{i}.RU.{i}.VendorUnitFamilyType,Device,VendorUnitFamilyType,Y,VendorUnitFamilyType,归属类型,A,AE,VendorUnitFamilyType,R,string,,,由供应商提供的便于记忆的资产单元的归属类型,5G SA gNB网元统计数据需求规范-NRM(V1.4.2),,,
CMCC_5G_EXT_PICO_V1.9.4,中国移动5G扩展型皮基站网管南向接口数据模型规范v1.9.4.xlsx,SA,65,parameter,扩展型皮站-远端单元（RU）参数管理,Device.DeviceInfo.MU.{i}.Slot.{i}.EU.{i}.RU.{i}.VendorUnitTypeNumber,Device,VendorUnitTypeNumber,Y,VendorUnitTypeNumber,资产单元类型版本号,A,AE,VendorUnitTypeNumber,R,string,,,由供应商提供的可唯一识别资产单元类型及版本的号码,5G SA gNB网元统计数据需求规范-NRM(V1.4.2),,,
CMCC_TD_LTE_V2.3,中国移动TD-LTE皮站_飞站基站设备网络管理南向接口数据配置模型规范V2.3.xlsx,SR,84,parameter,扩展型皮站-远端单元（RU）参数管理,InternetGatewayDevice.DeviceInfo.MU.{i}.Slot.{i}.EU.{i}.RU.{i}.DateOfManufacture,InternetGatewayDevice,DateOfManufacture,Y,DateOfManufacture,生产日期,A,AE,DateOfManufacture,R,dateTime,,,生产日期,,,20231020：修改和NR侧SA页参数一致，删除RRU参数，删除DelEndPonit和AddEndPoint,
CMCC_TD_LTE_V2.3,中国移动TD-LTE皮站_飞站基站设备网络管理南向接口数据配置模型规范V2.3.xlsx,SR,77,parameter,扩展型皮站-远端单元（RU）参数管理,InternetGatewayDevice.DeviceInfo.MU.{i}.Slot.{i}.EU.{i}.RU.{i}.FrequencyBand,InternetGatewayDevice,FrequencyBand,Y,FrequencyBand,支持频段,A,AE,FrequencyBand,RW,string,,,"指RRU支持的工作频段，如n1、n2等频段。例如若支持n1、n2频段，则取值为{""n1"",""n2""}，具体取值参见38.104 5.4.2.3",,,20231020：修改和NR侧SA页参数一致，删除RRU参数，删除DelEndPonit和AddEndPoint,
CMCC_TD_LTE_V2.3,中国移动TD-LTE皮站_飞站基站设备网络管理南向接口数据配置模型规范V2.3.xlsx,SR,73,parameter,扩展型皮站-远端单元（RU）参数管理,InternetGatewayDevice.DeviceInfo.MU.{i}.Slot.{i}.EU.{i}.RU.{i}.HardwareVersion,InternetGatewayDevice,HardwareVersion,Y,HardwareVersion,硬件版本,A,,,R,string(64),,,,,,20231020：修改和NR侧SA页参数一致，删除RRU参数，删除DelEndPonit和AddEndPoint,
CMCC_TD_LTE_V2.3,中国移动TD-LTE皮站_飞站基站设备网络管理南向接口数据配置模型规范V2.3.xlsx,SR,70,parameter,扩展型皮站-远端单元（RU）参数管理,InternetGatewayDevice.DeviceInfo.MU.{i}.Slot.{i}.EU.{i}.RU.{i}.Manufacturer,InternetGatewayDevice,Manufacturer,Y,Manufacturer,制造商,A,,,R,string(64),,,,TR系列规范(TR098/TR181)/NRM数据配置要求,,20231020：修改和NR侧SA页参数一致，删除RRU参数，删除DelEndPonit和AddEndPoint,
CMCC_TD_LTE_V2.3,中国移动TD-LTE皮站_飞站基站设备网络管理南向接口数据配置模型规范V2.3.xlsx,SR,69,parameter,扩展型皮站-远端单元（RU）参数管理,InternetGatewayDevice.DeviceInfo.MU.{i}.Slot.{i}.EU.{i}.RU.{i}.ManufacturerOUI,InternetGatewayDevice,ManufacturerOUI,Y,ManufacturerOUI,制造商OUI,A,,,R,string(6),,,,TR系列规范(TR098/TR181)/NRM数据配置要求,,20231020：修改和NR侧SA页参数一致，删除RRU参数，删除DelEndPonit和AddEndPoint,
CMCC_TD_LTE_V2.3,中国移动TD-LTE皮站_飞站基站设备网络管理南向接口数据配置模型规范V2.3.xlsx,SR,71,parameter,扩展型皮站-远端单元（RU）参数管理,InternetGatewayDevice.DeviceInfo.MU.{i}.Slot.{i}.EU.{i}.RU.{i}.ModelName,InternetGatewayDevice,ModelName,Y,ModelName,设备型号,A,,,R,string(64),,,,,,20231020：修改和NR侧SA页参数一致，删除RRU参数，删除DelEndPonit和AddEndPoint,
CMCC_TD_LTE_V2.3,中国移动TD-LTE皮站_飞站基站设备网络管理南向接口数据配置模型规范V2.3.xlsx,SR,75,parameter,扩展型皮站-远端单元（RU）参数管理,InternetGatewayDevice.DeviceInfo.MU.{i}.Slot.{i}.EU.{i}.RU.{i}.ProvisioningCode,InternetGatewayDevice,ProvisioningCode,Y,ProvisioningCode,供应商代号,A,,,R,string(64),,,,TR系列规范(TR098/TR181)/NRM数据配置要求,,20231020：修改和NR侧SA页参数一致，删除RRU参数，删除DelEndPonit和AddEndPoint,
CMCC_TD_LTE_V2.3,中国移动TD-LTE皮站_飞站基站设备网络管理南向接口数据配置模型规范V2.3.xlsx,SR,83,parameter,扩展型皮站-远端单元（RU）参数管理,InternetGatewayDevice.DeviceInfo.MU.{i}.Slot.{i}.EU.{i}.RU.{i}.RFChannel.{i}.NoisePwdBm,InternetGatewayDevice,NoisePwdBm,Y,NoisePwdBm,底噪,A,,,R,string,,,,,《硬件测试规范》-4扩展单元测试-4.1组网能力,20231020：修改和NR侧SA页参数一致，删除RRU参数，删除DelEndPonit和AddEndPoint,
CMCC_TD_LTE_V2.3,中国移动TD-LTE皮站_飞站基站设备网络管理南向接口数据配置模型规范V2.3.xlsx,SR,78,parameter,扩展型皮站-远端单元（RU）参数管理,InternetGatewayDevice.DeviceInfo.MU.{i}.Slot.{i}.EU.{i}.RU.{i}.RFChannel.{i}.TxGain,InternetGatewayDevice,TxGain,Y,TxGain,下行发射功率增益,A,,,RW,string,,,"单位dB
指小基站某个发射通道发射增益，",,可以为小数，例如3.2或-6.3,20231020：修改和NR侧SA页参数一致，删除RRU参数，删除DelEndPonit和AddEndPoint,
CMCC_TD_LTE_V2.3,中国移动TD-LTE皮站_飞站基站设备网络管理南向接口数据配置模型规范V2.3.xlsx,SR,79,parameter,扩展型皮站-远端单元（RU）参数管理,InternetGatewayDevice.DeviceInfo.MU.{i}.Slot.{i}.EU.{i}.RU.{i}.RFTxStatus,InternetGatewayDevice,RFTxStatus,Y,RFTxStatus,射频状态,A,,,RW,boolean,,,"0:关闭
1:开启
指RU所有通道的射频开关",,,20231020：修改和NR侧SA页参数一致，删除RRU参数，删除DelEndPonit和AddEndPoint,
CMCC_TD_LTE_V2.3,中国移动TD-LTE皮站_飞站基站设备网络管理南向接口数据配置模型规范V2.3.xlsx,SR,76,parameter,扩展型皮站-远端单元（RU）参数管理,InternetGatewayDevice.DeviceInfo.MU.{i}.Slot.{i}.EU.{i}.RU.{i}.Reboot,InternetGatewayDevice,Reboot,Y,Reboot,重启开关,A,,,RW,boolean,,,"0:不重启
1:重启",,,20231020：修改和NR侧SA页参数一致，删除RRU参数，删除DelEndPonit和AddEndPoint,
CMCC_TD_LTE_V2.3,中国移动TD-LTE皮站_飞站基站设备网络管理南向接口数据配置模型规范V2.3.xlsx,SR,67,parameter,扩展型皮站-远端单元（RU）参数管理,InternetGatewayDevice.DeviceInfo.MU.{i}.Slot.{i}.EU.{i}.RU.{i}.RouteIndex,InternetGatewayDevice,RouteIndex,Y,RouteIndex,射频单元路由指示,A,,,R,string(64),,,"1.扩展型皮基站主机单元与各扩展单元和远端单元可采用树状组网方式（包含菊花链、星形等）：主机单元为根节点，扩展单元为树枝节点，远端单元为叶节点；
2.本参数指示从主机单元的某一板卡的某一端口或非板卡形态的主机单元的某一端口到射频单元RU.{i}的路由路径，并与每个扩展单元的唯一标识对应，通过本参数和EU.{i}.RU.{i}可呈现整个组网拓扑结构及各单元所处位置；
3.RouteIndex取值规则从左至右根据从主机单元某一板卡的某一端口(板卡与端口间以“.”分割)到射频单元RU.{i}的路由使用的各级扩展单元级联端口号逐级取值，每级之间以下划线“_”分割，直至到达本节点EU.{i}，EU.{i}与RU链接的下联端口用“+”表示。例如：“EU.{i}.RU.{i}.RouteIndex = 3.2_1_5+4”代表该路由起始于主机单元（第零级）第3板卡的南向级联端口2，经过第一级扩展单元南向级联端口1，第二级扩展单元南向级联端口5、第三级扩展单元下联端口4路由到本RU.{i}；非板卡类型主机单元，路由表示为2_1_5+4，2表示该路由起始于主机单元（第零级）的端口2。
4.通过RouteIndex取值中数值个数还能体现本射频单元RU.{i}所处级数，例如“EU.{i}.RouteIndex = 3.2_1_5+4”说明该射频单元RU.{i}位于第四级（主机单元为第零级）。",,MU、EU和RU的端口从1开始,20231020：修改和NR侧SA页参数一致，删除RRU参数，删除DelEndPonit和AddEndPoint,
CMCC_TD_LTE_V2.3,中国移动TD-LTE皮站_飞站基站设备网络管理南向接口数据配置模型规范V2.3.xlsx,SR,72,parameter,扩展型皮站-远端单元（RU）参数管理,InternetGatewayDevice.DeviceInfo.MU.{i}.Slot.{i}.EU.{i}.RU.{i}.SerialNumber,InternetGatewayDevice,SerialNumber,Y,SerialNumber,序列号,A,AE,SerialNumber,R,string(64),,,,,,20231020：修改和NR侧SA页参数一致，删除RRU参数，删除DelEndPonit和AddEndPoint,
CMCC_TD_LTE_V2.3,中国移动TD-LTE皮站_飞站基站设备网络管理南向接口数据配置模型规范V2.3.xlsx,SR,74,parameter,扩展型皮站-远端单元（RU）参数管理,InternetGatewayDevice.DeviceInfo.MU.{i}.Slot.{i}.EU.{i}.RU.{i}.SoftwareVersion,InternetGatewayDevice,SoftwareVersion,Y,SoftwareVersion,软件版本,A,,,R,string(64),,,,,,20231020：修改和NR侧SA页参数一致，删除RRU参数，删除DelEndPonit和AddEndPoint,
CMCC_TD_LTE_V2.3,中国移动TD-LTE皮站_飞站基站设备网络管理南向接口数据配置模型规范V2.3.xlsx,SR,68,parameter,扩展型皮站-远端单元（RU）参数管理,InternetGatewayDevice.DeviceInfo.MU.{i}.Slot.{i}.EU.{i}.RU.{i}.Status,InternetGatewayDevice,Status,Y,Status,状态,A,,,R,unsignedInt[1:3],,,"1:正常
2:离线
3:告警",,,20231020：修改和NR侧SA页参数一致，删除RRU参数，删除DelEndPonit和AddEndPoint,
CMCC_TD_LTE_V2.3,中国移动TD-LTE皮站_飞站基站设备网络管理南向接口数据配置模型规范V2.3.xlsx,SR,82,parameter,扩展型皮站-远端单元（RU）参数管理,InternetGatewayDevice.DeviceInfo.MU.{i}.Slot.{i}.EU.{i}.RU.{i}.SwUpgrade.FailureCause,InternetGatewayDevice,FailureCause,Y,FailureCause,升级失败原因,A,,,R,string(512),,,升级失败原因描述,,,20231020：修改和NR侧SA页参数一致，删除RRU参数，删除DelEndPonit和AddEndPoint,
CMCC_TD_LTE_V2.3,中国移动TD-LTE皮站_飞站基站设备网络管理南向接口数据配置模型规范V2.3.xlsx,SR,80,parameter,扩展型皮站-远端单元（RU）参数管理,InternetGatewayDevice.DeviceInfo.MU.{i}.Slot.{i}.EU.{i}.RU.{i}.SwUpgrade.Stage,InternetGatewayDevice,Stage,Y,Stage,升级阶段,A,,,R,unsignedInt[1:5],,,"1:初始化
2:下载
3:安装
4:等待激活
5.激活",,"1.Initial：指MU成功获得本次升级升级目标设备且目标设备软件版本和本次升级版本不一致需要升级时，MU进入软件升级initial状态（例如：本次升级Manifest文件解析成功并且数据模型中存在manifest文件中指定的升级目标同时MU获取EU/RU的软件版本和目标版本不一致的情况）
如果MU获取到目标设备软件版本与升级软件版本一致（例如：EU/RU的软件版本与manifest文件一致），则：
i  则发送Inform，携带ValueChange，其中的升级状态为initial
ii 然后发送Inform，携带ValueChange，其中升级状态为Success
2.DownLoad：指升级的目标单元软件版本下载到本地的状态，成功则进入Install，否则进入Fail状态
3.Install：指目标单元安装软件的状态，成功则进入WaitingActivation或Activation，否则进入Fail状态
4.WaitingActivation：指还未到达指定activate时间的状态
5.Activation：指目标单元激活软件版本的状态，否则进入Fail状态",20231020：修改和NR侧SA页参数一致，删除RRU参数，删除DelEndPonit和AddEndPoint,
CMCC_TD_LTE_V2.3,中国移动TD-LTE皮站_飞站基站设备网络管理南向接口数据配置模型规范V2.3.xlsx,SR,81,parameter,扩展型皮站-远端单元（RU）参数管理,InternetGatewayDevice.DeviceInfo.MU.{i}.Slot.{i}.EU.{i}.RU.{i}.SwUpgrade.Status,InternetGatewayDevice,Status,Y,Status,状态,A,,,R,unsignedInt[1:3],,,"1:成功
2:失败",,"成功/失败：指软件升级的最终状态
进行中：指正在执行的Software.stage还未进入成功或失败状态",20231020：修改和NR侧SA页参数一致，删除RRU参数，删除DelEndPonit和AddEndPoint,
CMCC_TD_LTE_V2.3,中国移动TD-LTE皮站_飞站基站设备网络管理南向接口数据配置模型规范V2.3.xlsx,SR,64,parameter,扩展型皮站-远端单元（RU）参数管理,InternetGatewayDevice.DeviceInfo.MU.{i}.Slot.{i}.EU.{i}.RU.{i}.UserLabel,InternetGatewayDevice,UserLabel,Y,UserLabel,用户友好名,A,AA,UserLabel,RW,string,,,字段必须与OMC系统内配置资源名称保持一致。且要求UserLabel与告警、性能数据中同一资源对象使用的网元用户友好名保持一致，即用户有好名在OMC内部以及北向接口交互过程中全局唯一。OMC系统内配置资源命名建议参考《中国移动网络资源命名规范-无线分册》，基站命名要求。默认不填写为空字符串,,,20231020：修改和NR侧SA页参数一致，删除RRU参数，删除DelEndPonit和AddEndPoint,
CMCC_TD_LTE_V2.3,中国移动TD-LTE皮站_飞站基站设备网络管理南向接口数据配置模型规范V2.3.xlsx,SR,65,parameter,扩展型皮站-远端单元（RU）参数管理,InternetGatewayDevice.DeviceInfo.MU.{i}.Slot.{i}.EU.{i}.RU.{i}.VendorUnitFamilyType,InternetGatewayDevice,VendorUnitFamilyType,Y,VendorUnitFamilyType,归属类型,A,AE,VendorUnitFamilyType,R,string,,,由供应商提供的便于记忆的资产单元的归属类型,,,20231020：修改和NR侧SA页参数一致，删除RRU参数，删除DelEndPonit和AddEndPoint,
CMCC_TD_LTE_V2.3,中国移动TD-LTE皮站_飞站基站设备网络管理南向接口数据配置模型规范V2.3.xlsx,SR,66,parameter,扩展型皮站-远端单元（RU）参数管理,InternetGatewayDevice.DeviceInfo.MU.{i}.Slot.{i}.EU.{i}.RU.{i}.VendorUnitTypeNumber,InternetGatewayDevice,VendorUnitTypeNumber,Y,VendorUnitTypeNumber,资产单元类型版本号,A,AE,VendorUnitTypeNumber,R,string,,,由供应商提供的可唯一识别资产单元类型及版本的号码,,,20231020：修改和NR侧SA页参数一致，删除RRU参数，删除DelEndPonit和AddEndPoint,
CMCC_5G_EXT_PICO_V1.9.4,中国移动5G扩展型皮基站网管南向接口数据模型规范v1.9.4.xlsx,SM,364,parameter,报告CGI的测量配置,Device.Services.FAPService.{i}.CellConfig.{i}.NR.RAN.Mobility.ConnMode.NR.ReportCGI.{i}.PhysCellId,Device,PhysCellId,Y,PhysCellId,小区ID,CA,,,RW,unsignedInt[0:1007],,,标识物理层小区ID（PCI值）,3GPP TS38.331,,,
CMCC_LTE_V2.1,LTE V2.1.xlsx,SF,29,parameter,接入UE数量管理,Device.Services.FAPService.{i}.AccessMgmt.LTE.MaxUEsServed,Device,MaxUEsServed,Y,SupportRRCNumbers,同时支持RRC连接最大用户数,A,,SupportRRCNumbers,R,int[-1:],,,,TR系列规范(TR098/TR181/TR196)/NRM数据配置要求,修正参数类型,,
CMCC_LTE_V2.1,LTE V2.1.xlsx,SF,30,parameter,接入UE数量管理,Device.Services.FAPService.{i}.Capabilities.LTE.SupportActiveRRCNumbers,Device,SupportActiveRRCNumbers,Y,SupportActiveRRCNumbers,同时支持RRC激活最大用户数,A,,SupportActiveRRCNumbers,R,unsignedInt[0:65535],,,,NRM数据配置要求,,,
CMCC_LTE_V2.1,LTE V2.1.xlsx,SF,28,parameter,接入UE数量管理,Device.Services.FAPService.{i}.Capabilities.LTE.UeInactiveTimer,Device,UeInactiveTimer,Y,UeInactiveTimer,连接态UE不活动定时器,A,,UeInactiveTimer,RW,unsignedInt[0:65535],,,,NRM数据配置要求,,,
CMCC_TD_LTE_V2.3,中国移动TD-LTE皮站_飞站基站设备网络管理南向接口数据配置模型规范V2.3.xlsx,SF,31,parameter,接入UE数量管理,Device.Services.FAPService.{i}.CellConfig.AccessMgmt.LTE.MaxUEsServed,Device,MaxUEsServed,Y,SupportRRCNumbers,同时支持RRC连接最大用户数,A,,SupportRRCNumbers,R,int[-1:],,,,TR系列规范(TR098/TR181/TR196)/NRM数据配置要求,修正参数类型,,
CMCC_TD_LTE_V2.3,中国移动TD-LTE皮站_飞站基站设备网络管理南向接口数据配置模型规范V2.3.xlsx,SF,32,parameter,接入UE数量管理,Device.Services.FAPService.{i}.CellConfig.Capabilities.LTE.SupportActiveRRCNumbers,Device,SupportActiveRRCNumbers,Y,SupportActiveRRCNumbers,同时支持RRC激活最大用户数,A,,SupportActiveRRCNumbers,R,unsignedInt[0:65535],,,,NRM数据配置要求,,,
CMCC_TD_LTE_V2.3,中国移动TD-LTE皮站_飞站基站设备网络管理南向接口数据配置模型规范V2.3.xlsx,SF,30,parameter,接入UE数量管理,Device.Services.FAPService.{i}.CellConfig.Capabilities.LTE.UeInactiveTimer,Device,UeInactiveTimer,Y,UeInactiveTimer,连接态UE不活动定时器,A,,UeInactiveTimer,RW,unsignedInt[0:65535],,,,NRM数据配置要求,,,
CMCC_5G_EXT_PICO_V1.9.4,中国移动5G扩展型皮基站网管南向接口数据模型规范v1.9.4.xlsx,SJ,48,parameter,接入UE数量管理,Device.Services.FAPService.{i}.CellConfig.{i}.NR.Capabilities.MaxUEsServed,Device,MaxUEsServed,Y,SupportRRCNumbers,同时支持RRC连接最大用户数,A,,,R,int[0:],,,,TR系列规范(TR098/TR181/TR196)/NRM数据配置要求,修正参数类型,,
CMCC_5G_EXT_PICO_V1.9.4,中国移动5G扩展型皮基站网管南向接口数据模型规范v1.9.4.xlsx,SJ,49,parameter,接入UE数量管理,Device.Services.FAPService.{i}.CellConfig.{i}.NR.Capabilities.SupportActiveRRCNumbers,Device,SupportActiveRRCNumbers,Y,SupportActiveRRCNumbers,同时支持RRC激活最大用户数,A,,,R,unsignedInt[0:65535],,,,NRM数据配置要求,,,
CMCC_5G_EXT_PICO_V1.9.4,中国移动5G扩展型皮基站网管南向接口数据模型规范v1.9.4.xlsx,SJ,47,parameter,接入UE数量管理,Device.Services.FAPService.{i}.CellConfig.{i}.NR.Capabilities.UeInactiveTimer,Device,UeInactiveTimer,Y,UeInactiveTimer,连接态UE不活动定时器,A,,,RW,unsignedInt[0:7200],,,,NRM数据配置要求,20231020-当前CU-DU不分离，L3或MAC对于客户面使用无影响,,
CMCC_LTE_V2.1,LTE V2.1.xlsx,SF,29,parameter,接入UE数量管理,InternetGatewayDevice.Services.FAPService.{i}.AccessMgmt.LTE.MaxUEsServed,InternetGatewayDevice,MaxUEsServed,Y,SupportRRCNumbers,同时支持RRC连接最大用户数,A,,SupportRRCNumbers,R,int[-1:],,,,TR系列规范(TR098/TR181/TR196)/NRM数据配置要求,修正参数类型,,
CMCC_LTE_V2.1,LTE V2.1.xlsx,SF,30,parameter,接入UE数量管理,InternetGatewayDevice.Services.FAPService.{i}.AccessMgmt.LTE.SupportActiveRRCNumbers,InternetGatewayDevice,SupportActiveRRCNumbers,Y,SupportActiveRRCNumbers,同时支持RRC激活最大用户数,A,,SupportActiveRRCNumbers,R,unsignedInt[0:65535],,,,NRM数据配置要求,,,
CMCC_LTE_V2.1,LTE V2.1.xlsx,SF,28,parameter,接入UE数量管理,InternetGatewayDevice.Services.FAPService.{i}.AccessMgmt.LTE.UeInactiveTimer,InternetGatewayDevice,UeInactiveTimer,Y,UeInactiveTimer,连接态UE不活动定时器,A,,UeInactiveTimer,RW,unsignedInt[0:65535],,,,NRM数据配置要求,,,
CMCC_TD_LTE_V2.3,中国移动TD-LTE皮站_飞站基站设备网络管理南向接口数据配置模型规范V2.3.xlsx,SF,31,parameter,接入UE数量管理,InternetGatewayDevice.Services.FAPService.{i}.CellConfig.AccessMgmt.LTE.MaxUEsServed,InternetGatewayDevice,MaxUEsServed,Y,SupportRRCNumbers,同时支持RRC连接最大用户数,A,,SupportRRCNumbers,R,int[-1:],,,,TR系列规范(TR098/TR181/TR196)/NRM数据配置要求,修正参数类型,,
CMCC_TD_LTE_V2.3,中国移动TD-LTE皮站_飞站基站设备网络管理南向接口数据配置模型规范V2.3.xlsx,SF,32,parameter,接入UE数量管理,InternetGatewayDevice.Services.FAPService.{i}.CellConfig.AccessMgmt.LTE.SupportActiveRRCNumbers,InternetGatewayDevice,SupportActiveRRCNumbers,Y,SupportActiveRRCNumbers,同时支持RRC激活最大用户数,A,,SupportActiveRRCNumbers,R,unsignedInt[0:65535],,,,NRM数据配置要求,,,
CMCC_TD_LTE_V2.3,中国移动TD-LTE皮站_飞站基站设备网络管理南向接口数据配置模型规范V2.3.xlsx,SF,30,parameter,接入UE数量管理,InternetGatewayDevice.Services.FAPService.{i}.CellConfig.AccessMgmt.LTE.UeInactiveTimer,InternetGatewayDevice,UeInactiveTimer,Y,UeInactiveTimer,连接态UE不活动定时器,A,,UeInactiveTimer,RW,unsignedInt[0:65535],,,,NRM数据配置要求,,,
CMCC_TD_LTE_V2.3,中国移动TD-LTE皮站_飞站基站设备网络管理南向接口数据配置模型规范V2.3.xlsx,SF,19,parameter,接入网关参数管理,Device.Services.FAPControl.LTE.Gateway.AGPort1,Device,AGPort1,N,AGPort1,接入网关端口1,CA,,,RW,string(64),,,,自定义,,,
CMCC_TD_LTE_V2.3,中国移动TD-LTE皮站_飞站基站设备网络管理南向接口数据配置模型规范V2.3.xlsx,SF,20,parameter,接入网关参数管理,Device.Services.FAPControl.LTE.Gateway.AGPort2,Device,AGPort2,N,AGPort2,接入网关端口2,CA,,,RW,string(64),,,,,,,
CMCC_TD_LTE_V2.3,中国移动TD-LTE皮站_飞站基站设备网络管理南向接口数据配置模型规范V2.3.xlsx,SF,21,parameter,接入网关参数管理,Device.Services.FAPControl.LTE.Gateway.AGPort3,Device,AGPort3,N,AGPort3,接入网关端口3,CA,,,RW,string(64),,,,,,,
CMCC_TD_LTE_V2.3,中国移动TD-LTE皮站_飞站基站设备网络管理南向接口数据配置模型规范V2.3.xlsx,SF,15,parameter,接入网关参数管理,Device.Services.FAPControl.LTE.Gateway.AGServerEnable,Device,AGServerEnable,N,AGServerEnable,HeGW方式接入,CA,,AccessHegw,RW,boolean,,,"控制小基站采用信令网关地址或MME地址来连接
(0=采用MME地址,1=采用信令网关地址)",NRM数据配置要求,,,
CMCC_TD_LTE_V2.3,中国移动TD-LTE皮站_飞站基站设备网络管理南向接口数据配置模型规范V2.3.xlsx,SF,16,parameter,接入网关参数管理,Device.Services.FAPControl.LTE.Gateway.AGServerIp1,Device,AGServerIp1,N,AGServerIp1,接入网关1,CA,,FarEndIpAddrList,RW,string(64),,,,,,,
CMCC_TD_LTE_V2.3,中国移动TD-LTE皮站_飞站基站设备网络管理南向接口数据配置模型规范V2.3.xlsx,SF,17,parameter,接入网关参数管理,Device.Services.FAPControl.LTE.Gateway.AGServerIp2,Device,AGServerIp2,N,AGServerIp2,接入网关2,CA,,FarEndIpAddrList,RW,string(64),,,,,,,
CMCC_TD_LTE_V2.3,中国移动TD-LTE皮站_飞站基站设备网络管理南向接口数据配置模型规范V2.3.xlsx,SF,18,parameter,接入网关参数管理,Device.Services.FAPControl.LTE.Gateway.AGServerIp3,Device,AGServerIp3,N,AGServerIp3,接入网关3,CA,,FarEndIpAddrList,RW,string(64),,,,,,,
CMCC_LTE_V2.1,LTE V2.1.xlsx,SF,19,parameter,接入网关参数管理,Device.Services.FAPService.{i}.FAPControl.LTE.Gateway.AGPort1,Device,AGPort1,Y,AGPort1,接入网关端口1,CA,,,RW,string(64),,,,自定义,,,
CMCC_LTE_V2.1,LTE V2.1.xlsx,SF,20,parameter,接入网关参数管理,Device.Services.FAPService.{i}.FAPControl.LTE.Gateway.AGPort2,Device,AGPort2,Y,AGPort2,接入网关端口2,CA,,,RW,string(64),,,,,,,
CMCC_LTE_V2.1,LTE V2.1.xlsx,SF,21,parameter,接入网关参数管理,Device.Services.FAPService.{i}.FAPControl.LTE.Gateway.AGPort3,Device,AGPort3,Y,AGPort3,接入网关端口3,CA,,,RW,string(64),,,,,,,
CMCC_LTE_V2.1,LTE V2.1.xlsx,SF,15,parameter,接入网关参数管理,Device.Services.FAPService.{i}.FAPControl.LTE.Gateway.AGServerEnable,Device,AGServerEnable,Y,AGServerEnable,HeGW方式接入,CA,,AccessHegw,RW,boolean,,,"控制小基站采用信令网关地址或MME地址来连接
(0=采用MME地址,1=采用信令网关地址)",NRM数据配置要求,,,
CMCC_LTE_V2.1,LTE V2.1.xlsx,SF,16,parameter,接入网关参数管理,Device.Services.FAPService.{i}.FAPControl.LTE.Gateway.AGServerIp1,Device,AGServerIp1,Y,AGServerIp1,接入网关1,CA,,FarEndIpAddrList,RW,string(64),,,,,,,
CMCC_LTE_V2.1,LTE V2.1.xlsx,SF,17,parameter,接入网关参数管理,Device.Services.FAPService.{i}.FAPControl.LTE.Gateway.AGServerIp2,Device,AGServerIp2,Y,AGServerIp2,接入网关2,CA,,FarEndIpAddrList,RW,string(64),,,,,,,
CMCC_LTE_V2.1,LTE V2.1.xlsx,SF,18,parameter,接入网关参数管理,Device.Services.FAPService.{i}.FAPControl.LTE.Gateway.AGServerIp3,Device,AGServerIp3,Y,AGServerIp3,接入网关3,CA,,FarEndIpAddrList,RW,string(64),,,,,,,
CMCC_TD_LTE_V2.3,中国移动TD-LTE皮站_飞站基站设备网络管理南向接口数据配置模型规范V2.3.xlsx,SF,19,parameter,接入网关参数管理,InternetGatewayDevice.Services.FAPControl.LTE.Gateway.AGPort1,InternetGatewayDevice,AGPort1,N,AGPort1,接入网关端口1,CA,,,RW,string(64),,,,自定义,,,
CMCC_TD_LTE_V2.3,中国移动TD-LTE皮站_飞站基站设备网络管理南向接口数据配置模型规范V2.3.xlsx,SF,20,parameter,接入网关参数管理,InternetGatewayDevice.Services.FAPControl.LTE.Gateway.AGPort2,InternetGatewayDevice,AGPort2,N,AGPort2,接入网关端口2,CA,,,RW,string(64),,,,,,,
CMCC_TD_LTE_V2.3,中国移动TD-LTE皮站_飞站基站设备网络管理南向接口数据配置模型规范V2.3.xlsx,SF,21,parameter,接入网关参数管理,InternetGatewayDevice.Services.FAPControl.LTE.Gateway.AGPort3,InternetGatewayDevice,AGPort3,N,AGPort3,接入网关端口3,CA,,,RW,string(64),,,,,,,
CMCC_TD_LTE_V2.3,中国移动TD-LTE皮站_飞站基站设备网络管理南向接口数据配置模型规范V2.3.xlsx,SF,15,parameter,接入网关参数管理,InternetGatewayDevice.Services.FAPControl.LTE.Gateway.AGServerEnable,InternetGatewayDevice,AGServerEnable,N,AGServerEnable,HeGW方式接入,CA,,AccessHegw,RW,boolean,,,"控制小基站采用信令网关地址或MME地址来连接
(0=采用MME地址,1=采用信令网关地址)",NRM数据配置要求,,,
CMCC_TD_LTE_V2.3,中国移动TD-LTE皮站_飞站基站设备网络管理南向接口数据配置模型规范V2.3.xlsx,SF,16,parameter,接入网关参数管理,InternetGatewayDevice.Services.FAPControl.LTE.Gateway.AGServerIp1,InternetGatewayDevice,AGServerIp1,N,AGServerIp1,接入网关1,CA,,FarEndIpAddrList,RW,string(64),,,,,,,
CMCC_TD_LTE_V2.3,中国移动TD-LTE皮站_飞站基站设备网络管理南向接口数据配置模型规范V2.3.xlsx,SF,17,parameter,接入网关参数管理,InternetGatewayDevice.Services.FAPControl.LTE.Gateway.AGServerIp2,InternetGatewayDevice,AGServerIp2,N,AGServerIp2,接入网关2,CA,,FarEndIpAddrList,RW,string(64),,,,,,,
CMCC_TD_LTE_V2.3,中国移动TD-LTE皮站_飞站基站设备网络管理南向接口数据配置模型规范V2.3.xlsx,SF,18,parameter,接入网关参数管理,InternetGatewayDevice.Services.FAPControl.LTE.Gateway.AGServerIp3,InternetGatewayDevice,AGServerIp3,N,AGServerIp3,接入网关3,CA,,FarEndIpAddrList,RW,string(64),,,,,,,
CMCC_LTE_V2.1,LTE V2.1.xlsx,SF,19,parameter,接入网关参数管理,InternetGatewayDevice.Services.FAPService.{i}.FAPControl.LTE.Gateway.AGPort1,InternetGatewayDevice,AGPort1,Y,AGPort1,接入网关端口1,CA,,,RW,string(64),,,,自定义,,,
CMCC_LTE_V2.1,LTE V2.1.xlsx,SF,20,parameter,接入网关参数管理,InternetGatewayDevice.Services.FAPService.{i}.FAPControl.LTE.Gateway.AGPort2,InternetGatewayDevice,AGPort2,Y,AGPort2,接入网关端口2,CA,,,RW,string(64),,,,,,,
CMCC_LTE_V2.1,LTE V2.1.xlsx,SF,21,parameter,接入网关参数管理,InternetGatewayDevice.Services.FAPService.{i}.FAPControl.LTE.Gateway.AGPort3,InternetGatewayDevice,AGPort3,Y,AGPort3,接入网关端口3,CA,,,RW,string(64),,,,,,,
CMCC_LTE_V2.1,LTE V2.1.xlsx,SF,15,parameter,接入网关参数管理,InternetGatewayDevice.Services.FAPService.{i}.FAPControl.LTE.Gateway.AGServerEnable,InternetGatewayDevice,AGServerEnable,Y,AGServerEnable,HeGW方式接入,CA,,AccessHegw,RW,boolean,,,"控制小基站采用信令网关地址或MME地址来连接
(0=采用MME地址,1=采用信令网关地址)",NRM数据配置要求,,,
CMCC_LTE_V2.1,LTE V2.1.xlsx,SF,16,parameter,接入网关参数管理,InternetGatewayDevice.Services.FAPService.{i}.FAPControl.LTE.Gateway.AGServerIp1,InternetGatewayDevice,AGServerIp1,Y,AGServerIp1,接入网关1,CA,,FarEndIpAddrList,RW,string(64),,,,,,,
CMCC_LTE_V2.1,LTE V2.1.xlsx,SF,17,parameter,接入网关参数管理,InternetGatewayDevice.Services.FAPService.{i}.FAPControl.LTE.Gateway.AGServerIp2,InternetGatewayDevice,AGServerIp2,Y,AGServerIp2,接入网关2,CA,,FarEndIpAddrList,RW,string(64),,,,,,,
CMCC_LTE_V2.1,LTE V2.1.xlsx,SF,18,parameter,接入网关参数管理,InternetGatewayDevice.Services.FAPService.{i}.FAPControl.LTE.Gateway.AGServerIp3,InternetGatewayDevice,AGServerIp3,Y,AGServerIp3,接入网关3,CA,,FarEndIpAddrList,RW,string(64),,,,,,,
CMCC_5G_EXT_PICO_V1.9.4,中国移动5G扩展型皮基站网管南向接口数据模型规范v1.9.4.xlsx,SE,7,parameter,日志参数管理,Device.LogMgmt.LogLevel,Device,LogLevel,N,LogLevel,日志重要等级,A,,,RW,string(64),,,"日志重要等级：
Enumerate{ASSERT_LOG;ERROR;WARN;INFO;DEBUG;VERBOSE}",,,,
CMCC_5G_EXT_PICO_V1.9.4,中国移动5G扩展型皮基站网管南向接口数据模型规范v1.9.4.xlsx,SE,5,parameter,日志参数管理,Device.LogMgmt.Password,Device,Password,N,Password,日志管理密码,A,,,RW,string(256),,,"密码用于设备到日志服务器的鉴权，如果不需要鉴权，此字符串为空
当为读时，该参数返回一个空字符串，而不是一个实际的值，当PeriodicUploadEnable=true时，才生效。",,,,
CMCC_5G_EXT_PICO_V1.9.4,中国移动5G扩展型皮基站网管南向接口数据模型规范v1.9.4.xlsx,SE,2,parameter,日志参数管理,Device.LogMgmt.PeriodicUploadEnable,Device,PeriodicUploadEnable,N,PeriodicUploadEnable,日志周期上传使能开关,A,,,RW,boolean,,,"(0=false,1=true),禁止或启用将设备日志周期性地发送到指定的文件服务器。在使能开关开启的情况下，如果还未达到上报周期，设备日志文件已达到存储容量上限，则应立即将该时段的增量日志上报到HeMS，并开启一个新的上报周期的要求。",中国移动5G一体化皮基站扩展型一体化皮基站网管南向接口技术要求v1.1.1.docx,,,
CMCC_5G_EXT_PICO_V1.9.4,中国移动5G扩展型皮基站网管南向接口数据模型规范v1.9.4.xlsx,SE,6,parameter,日志参数管理,Device.LogMgmt.PeriodicUploadInterval,Device,PeriodicUploadInterval,N,PeriodicUploadInterval,日志周期上传时间间隔,A,,,RW,unsignedInt[1:65535],,,-3.00600900180036e+16,,,,
CMCC_5G_EXT_PICO_V1.9.4,中国移动5G扩展型皮基站网管南向接口数据模型规范v1.9.4.xlsx,SE,3,parameter,日志参数管理,Device.LogMgmt.URL,Device,URL,N,URL,日志上传URL,A,,,RW,string(256),,,指定了目的日志的位置，没有以任何方式指明需要上传的本地文件的名字和位置,,,,
CMCC_5G_EXT_PICO_V1.9.4,中国移动5G扩展型皮基站网管南向接口数据模型规范v1.9.4.xlsx,SE,4,parameter,日志参数管理,Device.LogMgmt.Username,Device,Username,N,Username,日志管理用户名,A,,,RW,string(256),,,用户名用于设备到日志服务器的鉴权，如果不需要鉴权，此字符串为空，当PeriodicUploadEnable=true时，才生效。,,,,
CMCC_TD_LTE_V2.3,中国移动TD-LTE皮站_飞站基站设备网络管理南向接口数据配置模型规范V2.3.xlsx,SE,5,parameter,日志参数管理,InternetGatewayDevice.LogMgmt.Password,InternetGatewayDevice,Password,N,Password,日志管理密码,A,,,RW,string(256),,,"密码用于设备到日志服务器的鉴权，如果不需要鉴权，此字符串为空
当为读时，该参数返回一个空字符串，而不是一个实际的值，当PeriodicUploadEnable=true时，才生效。",,,,
CMCC_TD_LTE_V2.3,中国移动TD-LTE皮站_飞站基站设备网络管理南向接口数据配置模型规范V2.3.xlsx,SE,2,parameter,日志参数管理,InternetGatewayDevice.LogMgmt.PeriodicUploadEnable,InternetGatewayDevice,PeriodicUploadEnable,N,PeriodicUploadEnable,日志周期上传使能开关,A,,,RW,boolean,,,"(0=false,1=true),禁止或启用将设备日志周期性地发送到指定的文件服务器。在使能开关开启的情况下，如果还未达到上报周期，设备日志文件已达到存储容量上限，则应立即将该时段的增量日志上报到HeMS，并开启一个新的上报周期的要求。",2015年中国移动一体化皮基站网管南向接口技术规范.docx,,,
CMCC_TD_LTE_V2.3,中国移动TD-LTE皮站_飞站基站设备网络管理南向接口数据配置模型规范V2.3.xlsx,SE,6,parameter,日志参数管理,InternetGatewayDevice.LogMgmt.PeriodicUploadInterval,InternetGatewayDevice,PeriodicUploadInterval,N,PeriodicUploadInterval,日志周期上传时间间隔,A,,,RW,unsignedInt[1:],,,,,,,
CMCC_TD_LTE_V2.3,中国移动TD-LTE皮站_飞站基站设备网络管理南向接口数据配置模型规范V2.3.xlsx,SE,3,parameter,日志参数管理,InternetGatewayDevice.LogMgmt.URL,InternetGatewayDevice,URL,N,URL,日志上传URL,A,,,RW,string(256),,,指定了目的日志的位置，没有以任何方式指明需要上传的本地文件的名字和位置,,,,
CMCC_TD_LTE_V2.3,中国移动TD-LTE皮站_飞站基站设备网络管理南向接口数据配置模型规范V2.3.xlsx,SE,4,parameter,日志参数管理,InternetGatewayDevice.LogMgmt.Username,InternetGatewayDevice,Username,N,Username,日志管理用户名,A,,,RW,string(256),,,用户名用于设备到日志服务器的鉴权，如果不需要鉴权，此字符串为空，当PeriodicUploadEnable=true时，才生效。,,,,
CMCC_5G_EXT_PICO_V1.9.4,中国移动5G扩展型皮基站网管南向接口数据模型规范v1.9.4.xlsx,SP,8,parameter,时间服务器参数管理,Device.Time.CurrentLocalTime,Device,CurrentLocalTime,N,CurrentLocalTime,本地时间,A,,,R,dateTime,,,上报设备的UTC时间。格式yyyy-mm-ddThh:mm:ssZ；如2020-12-11T19:15:00Z，精确到秒。,TR系列规范(TR098/TR181),参考TR系列规范(TR181/TR098)规范修改为只读,,
CMCC_5G_EXT_PICO_V1.9.4,中国移动5G扩展型皮基站网管南向接口数据模型规范v1.9.4.xlsx,SP,2,parameter,时间服务器参数管理,Device.Time.Enable,Device,Enable,N,Enable,NTP使能开关,A,,,RW,boolean,,,"(0:false,true:1)",TR系列规范(TR098/TR181),,,
CMCC_TD_LTE_V2.3,中国移动TD-LTE皮站_飞站基站设备网络管理南向接口数据配置模型规范V2.3.xlsx,SN,9,parameter,时间服务器参数管理,Device.Time.LocalTimeZone,Device,LocalTimeZone,N,LocalTimeZone,本地时区,A,,,RW,string(64),,,,TR系列规范(TR098/TR181),,,
CMCC_5G_EXT_PICO_V1.9.4,中国移动5G扩展型皮基站网管南向接口数据模型规范v1.9.4.xlsx,SP,9,parameter,时间服务器参数管理,Device.Time.LocalTimeZoneName,Device,LocalTimeZoneName,N,LocalTimeZoneName,本地时区,A,,,RW,string(64),,,"IEEE 1003.1(POSIX）格式的时区字符串,格式如下：
std offset[dst[offset][,start[/time],end[/time]]]
字符串不包含空格，方括号[]包含的内容可省略。
std：标准时区名称，至少要包含3个字母，大小写均可。如果名称包含除字母以外的字符，需要用<>包含。
offset：标准时区偏移，格式为[+|-]hh[:mm[:ss]]，符号+可省略。。符号+表示时区时间偏移比UTC时间提前，符号-表示时区时间偏移比标准时间推后。
dst：夏时令名称，格式和标准时区名称一致。
offset：夏时令偏移，格式和标准时区偏移一致。
start：夏时令起始日期，格式如下：
    Jn      J是固定开头，表示Julian Days(儒略日)，n是一个1~365的整数，对应一年中的第n天。这种记法不区分闰年和平年，所以59表示2月29日，60表示3月1日。
    n       n是一个0~365的整数，这种记法需要考虑到闰年的2月29日。
    Mm.w.d  M是固定开头。d是一个0~6的整数，表示一周中的第几天，第一天是周天；w是一个1~5的整数，表示一个月中的第几周；m是一个1~12的数字，表示一年中的第几个月。
time：夏时令起始时间，以本地时区时间为准，格式和标准时区偏移一致。
end：夏时令结束日期，格式与夏时令起始日期一致。
time：夏时令结束时间，格式和标准时区偏移一致。

当配置夏时令时，可以省略一些参数去使用默认值，以下是各可选配置的默认值：
dst：如果不设置，则时区没有夏时令，比如：CST-8；
offset：夏时令偏移，默认值为标准时区偏移值减去一个小时；
start：夏时令起始日期，默认值为M3.2.0；
time：夏时令起始时间，默认值为2（即凌晨2点，+02:00）；
end：夏时令结束日期，默认值为M11.1.0；
time：夏时令结束时间，默认为2（即凌晨2点，+02:00）。

比如，以下时区：
    EST+5EDT,M4.1.0/2,M11.1.0/2
    表示本地时区的名称为EST，时区时间的偏移为+5，则本地时间是UTC时间再减去5个小时。时区设置了夏时制规则，夏时令名称为EDT，夏时令在每年的4月份的第一周的周天的凌晨2:00:00（本地时间）开始生效，在每年的11月份第一周周天凌晨2:00:00结束，夏令时的时间偏移没有设置，默认为(+5-1)=+4，所以夏时令的时间为UTC时间减去4个小时。

比如，东八区的时间设置：
    CST-8
    表示本地时区的名称为CST，时区时间的偏移为-8，则本地时间是UTC时间再加上8个小时，且本时区没有配置夏时令。",TR系列规范(TR098/TR181),参照官网数据模型（TR098）的定义实现，使用IEEE 1003.1(POSIX）格式的时区字符串。,,
CMCC_5G_EXT_PICO_V1.9.4,中国移动5G扩展型皮基站网管南向接口数据模型规范v1.9.4.xlsx,SP,3,parameter,时间服务器参数管理,Device.Time.NTPServer1,Device,NTPServer1,N,NTPServer1,NTP服务器1,A,,,RW,string(64),,,,TR系列规范(TR098/TR181),,,
CMCC_5G_EXT_PICO_V1.9.4,中国移动5G扩展型皮基站网管南向接口数据模型规范v1.9.4.xlsx,SP,4,parameter,时间服务器参数管理,Device.Time.NTPServer2,Device,NTPServer2,N,NTPServer2,NTP服务器2,A,,,RW,string(64),,,,TR系列规范(TR098/TR181),,,
CMCC_5G_EXT_PICO_V1.9.4,中国移动5G扩展型皮基站网管南向接口数据模型规范v1.9.4.xlsx,SP,5,parameter,时间服务器参数管理,Device.Time.NTPServer3,Device,NTPServer3,N,NTPServer3,NTP服务器3,CA,,,RW,string(64),,,,TR系列规范(TR098/TR181),,,
CMCC_5G_EXT_PICO_V1.9.4,中国移动5G扩展型皮基站网管南向接口数据模型规范v1.9.4.xlsx,SP,6,parameter,时间服务器参数管理,Device.Time.NTPServer4,Device,NTPServer4,N,NTPServer4,NTP服务器4,CA,,,RW,string(64),,,,TR系列规范(TR098/TR181),,,
CMCC_5G_EXT_PICO_V1.9.4,中国移动5G扩展型皮基站网管南向接口数据模型规范v1.9.4.xlsx,SP,7,parameter,时间服务器参数管理,Device.Time.NTPServer5,Device,NTPServer5,N,NTPServer5,NTP服务器5,CA,,,RW,string(64),,,,TR系列规范(TR098/TR181),,,
CMCC_TD_LTE_V2.3,中国移动TD-LTE皮站_飞站基站设备网络管理南向接口数据配置模型规范V2.3.xlsx,SN,8,parameter,时间服务器参数管理,InternetGatewayDevice.Time.CurrentLocalTime,InternetGatewayDevice,CurrentLocalTime,N,CurrentLocalTime,本地时间,A,,,R,dateTime,,,,TR系列规范(TR098/TR181),参考TR系列规范(TR181/TR098)规范修改为只读,,
CMCC_TD_LTE_V2.3,中国移动TD-LTE皮站_飞站基站设备网络管理南向接口数据配置模型规范V2.3.xlsx,SN,2,parameter,时间服务器参数管理,InternetGatewayDevice.Time.Enable,InternetGatewayDevice,Enable,N,Enable,NTP使能开关,A,,,RW,boolean,,,,TR系列规范(TR098/TR181),,,
CMCC_TD_LTE_V2.3,中国移动TD-LTE皮站_飞站基站设备网络管理南向接口数据配置模型规范V2.3.xlsx,SN,9,parameter,时间服务器参数管理,InternetGatewayDevice.Time.LocalTimeZone,InternetGatewayDevice,LocalTimeZone,N,LocalTimeZone,本地时区,A,,,RW,string(64),,,,TR系列规范(TR098/TR181),,,
CMCC_TD_LTE_V2.3,中国移动TD-LTE皮站_飞站基站设备网络管理南向接口数据配置模型规范V2.3.xlsx,SN,3,parameter,时间服务器参数管理,InternetGatewayDevice.Time.NTPServer1,InternetGatewayDevice,NTPServer1,N,NTPServer1,NTP服务器1,A,,,RW,string(64),,,,TR系列规范(TR098/TR181),,,
CMCC_TD_LTE_V2.3,中国移动TD-LTE皮站_飞站基站设备网络管理南向接口数据配置模型规范V2.3.xlsx,SN,4,parameter,时间服务器参数管理,InternetGatewayDevice.Time.NTPServer2,InternetGatewayDevice,NTPServer2,N,NTPServer2,NTP服务器2,A,,,RW,string(64),,,,TR系列规范(TR098/TR181),,,
CMCC_TD_LTE_V2.3,中国移动TD-LTE皮站_飞站基站设备网络管理南向接口数据配置模型规范V2.3.xlsx,SN,5,parameter,时间服务器参数管理,InternetGatewayDevice.Time.NTPServer3,InternetGatewayDevice,NTPServer3,N,NTPServer3,NTP服务器3,CA,,,RW,string(64),,,,TR系列规范(TR098/TR181),,,
CMCC_TD_LTE_V2.3,中国移动TD-LTE皮站_飞站基站设备网络管理南向接口数据配置模型规范V2.3.xlsx,SN,6,parameter,时间服务器参数管理,InternetGatewayDevice.Time.NTPServer4,InternetGatewayDevice,NTPServer4,N,NTPServer4,NTP服务器4,CA,,,RW,string(64),,,,TR系列规范(TR098/TR181),,,
CMCC_TD_LTE_V2.3,中国移动TD-LTE皮站_飞站基站设备网络管理南向接口数据配置模型规范V2.3.xlsx,SN,7,parameter,时间服务器参数管理,InternetGatewayDevice.Time.NTPServer5,InternetGatewayDevice,NTPServer5,N,NTPServer5,NTP服务器5,CA,,,RW,string(64),,,,TR系列规范(TR098/TR181),,,
CMCC_5G_EXT_PICO_V1.9.4,中国移动5G扩展型皮基站网管南向接口数据模型规范v1.9.4.xlsx,SH,2,parameter,本地分流规则开关,Device.Services.FAPService.{i}.FAPControl.LocalBreakout.Enable,Device,Enable,Y,Enable,本地分流规则总开关,CB,,,RW,boolean,,,"0:关闭
1:开启",,,,
CMCC_5G_EXT_PICO_V1.9.4,中国移动5G扩展型皮基站网管南向接口数据模型规范v1.9.4.xlsx,SO,35,parameter,本地路由配置参数管理,Device.Ethernet.IpRoute.{i}.DstIpNetwork,Device,DstIpNetwork,Y,DstIpNetwork,目的网段,B,,,RW,string(64),,,,,,,
CMCC_5G_EXT_PICO_V1.9.4,中国移动5G扩展型皮基站网管南向接口数据模型规范v1.9.4.xlsx,SO,37,parameter,本地路由配置参数管理,Device.Ethernet.IpRoute.{i}.GatewayIpAddress,Device,GatewayIpAddress,Y,GatewayIpAddress,网关地址,B,,,RW,string(64),,,,,,,
CMCC_5G_EXT_PICO_V1.9.4,中国移动5G扩展型皮基站网管南向接口数据模型规范v1.9.4.xlsx,SO,38,parameter,本地路由配置参数管理,Device.Ethernet.IpRoute.{i}.InterfaceName,Device,InterfaceName,Y,InterfaceName,端口名称,B,,,RW,string,,,端口名称,,,,
CMCC_5G_EXT_PICO_V1.9.4,中国移动5G扩展型皮基站网管南向接口数据模型规范v1.9.4.xlsx,SO,34,parameter,本地路由配置参数管理,Device.Ethernet.IpRoute.{i}.IpVer,Device,IpVer,Y,IpVer,IP地址版本,B,,,RW,unsignedInt[1:2],,,"1:IPv4
2:IPv6",,,,
CMCC_5G_EXT_PICO_V1.9.4,中国移动5G扩展型皮基站网管南向接口数据模型规范v1.9.4.xlsx,SO,36,parameter,本地路由配置参数管理,Device.Ethernet.IpRoute.{i}.PrefixLength,Device,PrefixLength,Y,PrefixLength,前缀长度,B,,,RW,unsignedInt[0:128],,,,,,,
CMCC_TD_LTE_V2.3,中国移动TD-LTE皮站_飞站基站设备网络管理南向接口数据配置模型规范V2.3.xlsx,SL,35,parameter,本地路由配置参数管理,InternetGatewayDevice.Ethernet.IpRoute.{i}.DstIpNetwork,InternetGatewayDevice,DstIpNetwork,Y,DstIpNetwork,目的网段,B,,,RW,string(64),,,,,,V2.2和NR侧的SO页保持一致，即可以支持配置vlan\ipv24等,
CMCC_TD_LTE_V2.3,中国移动TD-LTE皮站_飞站基站设备网络管理南向接口数据配置模型规范V2.3.xlsx,SL,37,parameter,本地路由配置参数管理,InternetGatewayDevice.Ethernet.IpRoute.{i}.GatewayIpAddress,InternetGatewayDevice,GatewayIpAddress,Y,GatewayIpAddress,网关地址,B,,,RW,string(64),,,,,,V2.2和NR侧的SO页保持一致，即可以支持配置vlan\ipv24等,
CMCC_TD_LTE_V2.3,中国移动TD-LTE皮站_飞站基站设备网络管理南向接口数据配置模型规范V2.3.xlsx,SL,38,parameter,本地路由配置参数管理,InternetGatewayDevice.Ethernet.IpRoute.{i}.InterfaceName,InternetGatewayDevice,InterfaceName,Y,InterfaceName,端口名称,B,,,RW,string,,,端口名称,,,V2.2和NR侧的SO页保持一致，即可以支持配置vlan\ipv24等,
CMCC_TD_LTE_V2.3,中国移动TD-LTE皮站_飞站基站设备网络管理南向接口数据配置模型规范V2.3.xlsx,SL,34,parameter,本地路由配置参数管理,InternetGatewayDevice.Ethernet.IpRoute.{i}.IpVer,InternetGatewayDevice,IpVer,Y,IpVer,IP地址版本,B,,,RW,unsignedInt[1:2],,,"1:IPv4
2:IPv6",,,V2.2和NR侧的SO页保持一致，即可以支持配置vlan\ipv24等,
CMCC_TD_LTE_V2.3,中国移动TD-LTE皮站_飞站基站设备网络管理南向接口数据配置模型规范V2.3.xlsx,SL,36,parameter,本地路由配置参数管理,InternetGatewayDevice.Ethernet.IpRoute.{i}.PrefixLength,InternetGatewayDevice,PrefixLength,Y,PrefixLength,前缀长度,B,,,RW,unsignedInt[0:128],,,,,,V2.2和NR侧的SO页保持一致，即可以支持配置vlan\ipv24等,
CMCC_5G_EXT_PICO_V1.9.4,中国移动5G扩展型皮基站网管南向接口数据模型规范v1.9.4.xlsx,SH,27,parameter,流量限制分流规则参数管理,Device.Services.FAPService.{i}.FAPControl.LocalBreakout.TrafficRules.RuleList.{i}.CycleFrom,Device,CycleFrom,Y,CycleFrom,限制周期启始时间,CB,,CycleFrom,RW,dateTime,,,限制周期起始时间，格式yyyy-mm-ddThh:mm:ss；如2020-12-11T19:15:00Z，精确到分钟,《5G NR无线网络扩展型皮基站设备功能测试规范—基本功能分册》,,,
CMCC_5G_EXT_PICO_V1.9.4,中国移动5G扩展型皮基站网管南向接口数据模型规范v1.9.4.xlsx,SH,28,parameter,流量限制分流规则参数管理,Device.Services.FAPService.{i}.FAPControl.LocalBreakout.TrafficRules.RuleList.{i}.CycleTo,Device,CycleTo,Y,CycleTo,限制周期终止时间,CB,,CycleTo,RW,dateTime,,,限制周期终止时间，格式yyyy-mm-ddThh:mm:ss；如2020-12-11T19:15:00Z，精确到分钟,《5G NR无线网络扩展型皮基站设备功能测试规范—基本功能分册》,,,
CMCC_5G_EXT_PICO_V1.9.4,中国移动5G扩展型皮基站网管南向接口数据模型规范v1.9.4.xlsx,SH,25,parameter,流量限制分流规则参数管理,Device.Services.FAPService.{i}.FAPControl.LocalBreakout.TrafficRules.RuleList.{i}.DLRateLimit,Device,DLRateLimit,Y,DLRateLimit,下行速率,CB,,DLRateLimit,RW,unsignedInt[8:261120],,,单位8Kbps=1KB/s，配置上传限速为1600KB/s，就设置为1600,《5G NR无线网络扩展型皮基站设备功能测试规范—基本功能分册》,,,
CMCC_5G_EXT_PICO_V1.9.4,中国移动5G扩展型皮基站网管南向接口数据模型规范v1.9.4.xlsx,SH,23,parameter,流量限制分流规则参数管理,Device.Services.FAPService.{i}.FAPControl.LocalBreakout.TrafficRules.RuleList.{i}.ServerIP,Device,ServerIP,Y,ServerIP,服务器IP,CB,,ServerIP,RW,string(64),,,,《5G NR无线网络扩展型皮基站设备功能测试规范—基本功能分册》,,,
CMCC_5G_EXT_PICO_V1.9.4,中国移动5G扩展型皮基站网管南向接口数据模型规范v1.9.4.xlsx,SH,26,parameter,流量限制分流规则参数管理,Device.Services.FAPService.{i}.FAPControl.LocalBreakout.TrafficRules.RuleList.{i}.TrafficLimit,Device,TrafficLimit,Y,TrafficLimit,流量限制,CB,,TrafficLimi,RW,unsignedInt[0:4294967295],,,单位MB,《5G NR无线网络扩展型皮基站设备功能测试规范—基本功能分册》,,,
CMCC_5G_EXT_PICO_V1.9.4,中国移动5G扩展型皮基站网管南向接口数据模型规范v1.9.4.xlsx,SH,24,parameter,流量限制分流规则参数管理,Device.Services.FAPService.{i}.FAPControl.LocalBreakout.TrafficRules.RuleList.{i}.ULRateLimit,Device,ULRateLimit,Y,ULRateLimit,上行速率,CB,,ULRateLimit,RW,unsignedInt[8:261120],,,单位8Kbps=1KB/s，配置上传限速为1600KB/s，就设置为1600,《5G NR无线网络扩展型皮基站设备功能测试规范—基本功能分册》,,,
CMCC_5G_EXT_PICO_V1.9.4,中国移动5G扩展型皮基站网管南向接口数据模型规范v1.9.4.xlsx,SB,4,parameter,版本参数管理,Device.SoftwareCtrl.ActivateEnable,Device,ActivateEnable,N,ActivateEnable,激活备份版本使能开关,CB,,,RW,boolean,,,"(0=false,1=true)激活备份版本使能开关，当为true时立即激活备份版本。",,,,
CMCC_5G_EXT_PICO_V1.9.4,中国移动5G扩展型皮基站网管南向接口数据模型规范v1.9.4.xlsx,SB,3,parameter,版本参数管理,Device.SoftwareCtrl.ActivateTime,Device,ActivateTime,N,ActivateTime,软件激活时间,A,,,RW,dateTime,,,激活时间，格式如：2012-12-11T19:15:00Z，下发命令后设备只要在大于等于激活时间里开启，就会激活系统备份版本。,,,,
CMCC_5G_EXT_PICO_V1.9.4,中国移动5G扩展型皮基站网管南向接口数据模型规范v1.9.4.xlsx,SB,2,parameter,版本参数管理,Device.SoftwareCtrl.AutoActivateEnable,Device,AutoActivateEnable,N,AutoActivateEnable,立即激活目标升级版本使能开关,A,,,RW,boolean,,,"(0=false,1=true)，立即激活目标升级版本使能开关，当为true时，设备下载成功目标升级版本后立即激活版本，当为flase时，需要和ActivateTime这两个参数一起使用。",自定义,,,
CMCC_5G_EXT_PICO_V1.9.4,中国移动5G扩展型皮基站网管南向接口数据模型规范v1.9.4.xlsx,SB,7,parameter,版本参数管理,Device.SoftwareCtrl.PatchInfo,Device,PatchInfo,N,PatchInfo,补丁信息,B,AA,PatchInfo,R,string,,,"补丁信息,用于表示当前网元加载的补丁名称列表。",5G SA gNB网元统计数据需求规范-NRM(V1.9.1),,,20240125-新增
CMCC_5G_EXT_PICO_V1.9.4,中国移动5G扩展型皮基站网管南向接口数据模型规范v1.9.4.xlsx,SB,6,parameter,版本参数管理,Device.SoftwareCtrl.SystemBackupVersion,Device,SystemBackupVersion,N,SystemBackupVersion,系统备份版本,CB,,,R,string(64),,,系统备份版本，新下载的或以前使用的版本。,,,,
CMCC_5G_EXT_PICO_V1.9.4,中国移动5G扩展型皮基站网管南向接口数据模型规范v1.9.4.xlsx,SB,5,parameter,版本参数管理,Device.SoftwareCtrl.SystemCurrentVersion,Device,SystemCurrentVersion,N,SystemCurrentVersion,系统当前版本,A,,,R,string(64),,,系统正在使用的版本。表示gNB整体版本。,,,,
CMCC_TD_LTE_V2.3,中国移动TD-LTE皮站_飞站基站设备网络管理南向接口数据配置模型规范V2.3.xlsx,SB,4,parameter,版本参数管理,InternetGatewayDevice.SoftwareCtrl.ActivateEnable,InternetGatewayDevice,ActivateEnable,N,ActivateEnable,激活备份版本使能开关,A,,,RW,boolean,,,"(0=false,1=true)激活备份版本使能开关，当为true时立即激活备份版本。",,,,
CMCC_TD_LTE_V2.3,中国移动TD-LTE皮站_飞站基站设备网络管理南向接口数据配置模型规范V2.3.xlsx,SB,3,parameter,版本参数管理,InternetGatewayDevice.SoftwareCtrl.ActivateTime,InternetGatewayDevice,ActivateTime,N,ActivateTime,软件激活时间,A,,,RW,dateTime,,,激活时间，格式如：2012-12-11T19:15:00，下发命令后设备只要在大于等于激活时间里开启，就会激活系统备份版本。,,,,
CMCC_TD_LTE_V2.3,中国移动TD-LTE皮站_飞站基站设备网络管理南向接口数据配置模型规范V2.3.xlsx,SB,2,parameter,版本参数管理,InternetGatewayDevice.SoftwareCtrl.AutoActivateEnable,InternetGatewayDevice,AutoActivateEnable,N,AutoActivateEnable,立即激活目标升级版本使能开关,A,,,RW,boolean,,,"(0=false,1=true)，立即激活目标升级版本使能开关，当为true时，设备下载成功目标升级版本后立即激活版本，当为flase时，需要和ActivateTime这两个参数一起使用。",自定义,,,
CMCC_TD_LTE_V2.3,中国移动TD-LTE皮站_飞站基站设备网络管理南向接口数据配置模型规范V2.3.xlsx,SB,6,parameter,版本参数管理,InternetGatewayDevice.SoftwareCtrl.SystemBackupVersion,InternetGatewayDevice,SystemBackupVersion,N,SystemBackupVersion,系统备份版本,A,,,R,string(64),,,系统备份版本，新下载的或以前使用的版本。,,,,
CMCC_TD_LTE_V2.3,中国移动TD-LTE皮站_飞站基站设备网络管理南向接口数据配置模型规范V2.3.xlsx,SB,5,parameter,版本参数管理,InternetGatewayDevice.SoftwareCtrl.SystemCurrentVersion,InternetGatewayDevice,SystemCurrentVersion,N,SystemCurrentVersion,系统当前版本,A,,,R,string(64),,,系统正在使用的版本。,,,,
CMCC_TD_LTE_V2.3,中国移动TD-LTE皮站_飞站基站设备网络管理南向接口数据配置模型规范V2.3.xlsx,SH,42,parameter,物理层参数管理,Device.Services.FAPService.{i}.CellConfig.LTE.RAN.PHY.Antenna.NumOfRxAntenna,Device,NumOfRxAntenna,Y,NumOfRxAntenna,接收通道数,A,AE,RxChannel,R,unsignedInt[1:7],,,"射频通道数包括1通道、2通道、4通道、8通道、16通道、32通道和64通道。
Enumerate{
1R,2R,4R,8R,16R,32R,64R}",5G SA gNB网元统计数据需求规范-NRM(V1.6.0),,"V2.2增加小区级收通道数NumOfRxChannel”，便于网管构建RU/RRU北向资管归属小区信息,和5G保持一致",
CMCC_TD_LTE_V2.3,中国移动TD-LTE皮站_飞站基站设备网络管理南向接口数据配置模型规范V2.3.xlsx,SH,41,parameter,物理层参数管理,Device.Services.FAPService.{i}.CellConfig.LTE.RAN.PHY.Antenna.NumOfTxAntenna,Device,NumOfTxAntenna,Y,NumOfTxAntenna,发射通道数,A,AE,TxChannel,R,unsignedInt[1:7],,,"射频通道数包括1通道、2通道、4通道、8通道、16通道、32通道和64通道。
Enumerate{
1T,2T,4T,8T,16T,32T,64T}",5G SA gNB网元统计数据需求规范-NRM(V1.6.0),,"V2.2增加小区级发通道数NumOfTxChannel”，便于网管构建RU/RRU北向资管归属小区信息,和5G保持一致",
CMCC_TD_LTE_V2.3,中国移动TD-LTE皮站_飞站基站设备网络管理南向接口数据配置模型规范V2.3.xlsx,SH,2,parameter,物理层参数管理,Device.Services.FAPService.{i}.CellConfig.LTE.RAN.PHY.MBSFN.NeighCellConfig,Device,NeighCellConfig,Y,NeighCellConfig,邻区配置,CA,AJ、AV,,RW,unsignedInt[0:3],,,"提供邻小区的MBSFN和TDDUL/DL配置信息。
0：不是所有的小区与服务小区有相同的MBSFN子帧分配；
1：所有邻小区没有MBSFN子帧；
2：所有邻小区的MBSFN子帧分配与服务小区相同或者是服务小区的自己；
3：对于TDD，邻小区的UL/DL分配与服务小区的不同。",TR系列规范(TR098/TR181/TR196),,,
CMCC_TD_LTE_V2.3,中国移动TD-LTE皮站_飞站基站设备网络管理南向接口数据配置模型规范V2.3.xlsx,SH,4,parameter,物理层参数管理,Device.Services.FAPService.{i}.CellConfig.LTE.RAN.PHY.MBSFN.SFConfigList.{i}.RadioFrameAllocationPeriod,Device,RadioFrameAllocationPeriod,Y,RadioFrameAllocationPeriod,无线帧分配周期,CA,,,RW,unsignedInt[0:8],,,radioFrameAllocationPeriod=radioFrameAllocationOffset时，生成包含MBSFN子帧的无线帧。n1代表1，n2代表2,TR系列规范(TR098/TR181/TR196)/NRM数据配置要求,,北向对应关系重新匹配,
CMCC_TD_LTE_V2.3,中国移动TD-LTE皮站_飞站基站设备网络管理南向接口数据配置模型规范V2.3.xlsx,SH,5,parameter,物理层参数管理,Device.Services.FAPService.{i}.CellConfig.LTE.RAN.PHY.MBSFN.SFConfigList.{i}.RadioFrameAllocationSize,Device,RadioFrameAllocationSize,Y,RadioFrameAllocationSize,MBSFN连续无线帧数,CA,,,RW,"unsignedInt[1,4]",,,"代表MBSFN分配适合的连续帧的数，rf1对应1，rf4对应4，
取值范围：1,4
1代表rf1,4代表rf4",TR系列规范(TR098/TR181/TR196),,,
CMCC_TD_LTE_V2.3,中国移动TD-LTE皮站_飞站基站设备网络管理南向接口数据配置模型规范V2.3.xlsx,SH,3,parameter,物理层参数管理,Device.Services.FAPService.{i}.CellConfig.LTE.RAN.PHY.MBSFN.SFConfigList.{i}.RadioframeAllocationOffset,Device,RadioframeAllocationOffset,Y,RadioframeAllocationOffset,无线帧分配偏置,CA,,,RW,unsignedInt[0:6],,,"radioFrameAllocationPeriod=radioFrameAllocationOffset时，生成包含MBSFN子帧的无线帧。当radioFrameAllocationSize等于4时，等式定义分配的前四个帧。n1
对应1，n2对应2等。当
radioFrameAllocationSize等于4
时，值n1,n2不再适用",TR系列规范(TR098/TR181/TR196)/NRM数据配置要求,,北向对应关系重新匹配,
CMCC_TD_LTE_V2.3,中国移动TD-LTE皮站_飞站基站设备网络管理南向接口数据配置模型规范V2.3.xlsx,SH,6,parameter,物理层参数管理,Device.Services.FAPService.{i}.CellConfig.LTE.RAN.PHY.MBSFN.SFConfigList.{i}.SubFrameAllocations,Device,SubFrameAllocations,Y,SubFrameAllocations,MBSFN子帧分配样式,CA,,,RW,string(64),,,分配的子帧数，如果radioFrameAllocationSize为1，有效位为低6位，如果radioFrameAllocationSize为4，有效位为低24位,TR系列规范(TR098/TR181/TR196),,,
CMCC_TD_LTE_V2.3,中国移动TD-LTE皮站_飞站基站设备网络管理南向接口数据配置模型规范V2.3.xlsx,SH,7,parameter,物理层参数管理,Device.Services.FAPService.{i}.CellConfig.LTE.RAN.PHY.MBSFN.SFConfigList.{i}.SyncStratumID,Device,SyncStratumID,Y,SyncStratumID,空口同步等级,CA,,,RW,unsignedInt[1:8],,,定义MBSFN配置适用的同步层级别,TR系列规范(TR098/TR181/TR196),,,
CMCC_TD_LTE_V2.3,中国移动TD-LTE皮站_飞站基站设备网络管理南向接口数据配置模型规范V2.3.xlsx,SH,35,parameter,物理层参数管理,Device.Services.FAPService.{i}.CellConfig.LTE.RAN.PHY.PDSCH.Pa,Device,Pa,Y,Pa,小区PDSCH采用固定功率分配时的PA取值,A,,Pa,RW,string(64),,,实际值=该值/100,TR系列规范(TR098/TR181/TR196),,修正参数类型,
CMCC_TD_LTE_V2.3,中国移动TD-LTE皮站_飞站基站设备网络管理南向接口数据配置模型规范V2.3.xlsx,SH,34,parameter,物理层参数管理,Device.Services.FAPService.{i}.CellConfig.LTE.RAN.PHY.PDSCH.Pb,Device,Pb,Y,Pb,天线端口信号功率比,A,,Pb,RW,string(32),,,,TR系列规范(TR098/TR181/TR196),,,
CMCC_TD_LTE_V2.3,中国移动TD-LTE皮站_飞站基站设备网络管理南向接口数据配置模型规范V2.3.xlsx,SH,8,parameter,物理层参数管理,Device.Services.FAPService.{i}.CellConfig.LTE.RAN.PHY.PRACH.ConfigurationIndex,Device,ConfigurationIndex,Y,ConfigurationIndex,PRACH配置索引,A,,,RW,string(256),,,PRACH配置资源索引，由该值可确定系统所用的前导码格式及PRACH资源的时域位置,TR系列规范(TR098/TR181/TR196),,修正参数类型,
CMCC_TD_LTE_V2.3,中国移动TD-LTE皮站_飞站基站设备网络管理南向接口数据配置模型规范V2.3.xlsx,SH,9,parameter,物理层参数管理,Device.Services.FAPService.{i}.CellConfig.LTE.RAN.PHY.PRACH.FreqOffset,Device,FreqOffset,Y,FreqOffset,PRACH频率偏移,A,,,RW,string(256),,,第一个PRACH可用的物理资源块，表示为一个物理资源块序号。该参数仅对前导格式0~3有效,TR系列规范(TR098/TR181/TR196),,,
CMCC_TD_LTE_V2.3,中国移动TD-LTE皮站_飞站基站设备网络管理南向接口数据配置模型规范V2.3.xlsx,SH,10,parameter,物理层参数管理,Device.Services.FAPService.{i}.CellConfig.LTE.RAN.PHY.PRACH.HighSpeedFlag,Device,HighSpeedFlag,Y,HighSpeedFlag,高速状态标识,A,,,RW,boolean,,,决定使用不受限制的前导码集(FALSE)还是受限制的前导码集(TRUE),TR系列规范(TR098/TR181/TR196),,,
CMCC_TD_LTE_V2.3,中国移动TD-LTE皮站_飞站基站设备网络管理南向接口数据配置模型规范V2.3.xlsx,SH,11,parameter,物理层参数管理,Device.Services.FAPService.{i}.CellConfig.LTE.RAN.PHY.PRACH.RootSequenceIndex,Device,RootSequenceIndex,Y,RootSequenceIndex,逻辑根序列索引,A,,RootSequenceIndex,RW,string(512),,,决定小区中可用的64个物理RACH前导码序列,TR系列规范(TR098/TR181/TR196)/NRM数据配置要求,,修正参数类型,
CMCC_TD_LTE_V2.3,中国移动TD-LTE皮站_飞站基站设备网络管理南向接口数据配置模型规范V2.3.xlsx,SH,12,parameter,物理层参数管理,Device.Services.FAPService.{i}.CellConfig.LTE.RAN.PHY.PRACH.ZeroCorrelationZoneConfig,Device,ZeroCorrelationZoneConfig,Y,ZeroCorrelationZoneConfig,零相关配置,A,,,RW,string(64),,,该参数用在前导码序列生成中,TR系列规范(TR098/TR181/TR196),,,
CMCC_TD_LTE_V2.3,中国移动TD-LTE皮站_飞站基站设备网络管理南向接口数据配置模型规范V2.3.xlsx,SH,31,parameter,物理层参数管理,Device.Services.FAPService.{i}.CellConfig.LTE.RAN.PHY.PRS.NumConsecutivePRSSubfames,Device,NumConsecutivePRSSubfames,Y,NumConsecutivePRSSubfames,PRS连续子帧数,A,,,RW,"unsignedInt[1:2,4,6]",,,"定义连续位置子帧的数目,0x0FFFFFFF:暂不使用",TR系列规范(TR098/TR181/TR196),,,
CMCC_TD_LTE_V2.3,中国移动TD-LTE皮站_飞站基站设备网络管理南向接口数据配置模型规范V2.3.xlsx,SH,29,parameter,物理层参数管理,Device.Services.FAPService.{i}.CellConfig.LTE.RAN.PHY.PRS.NumPRSResourceBlocks,Device,NumPRSResourceBlocks,Y,NumPRSResourceBlocks,PRSRB数目,A,,,RW,unsignedInt,,,定义PRS使用的资源块的数目,TR系列规范(TR098/TR181/TR196),,,
CMCC_TD_LTE_V2.3,中国移动TD-LTE皮站_飞站基站设备网络管理南向接口数据配置模型规范V2.3.xlsx,SH,30,parameter,物理层参数管理,Device.Services.FAPService.{i}.CellConfig.LTE.RAN.PHY.PRS.PRSConfigurationIndex,Device,PRSConfigurationIndex,Y,PRSConfigurationIndex,PRS配置索引,A,,,RW,unsignedInt[0:4095],,,对应于PRS配置索引,TR系列规范(TR098/TR181/TR196),,,
CMCC_TD_LTE_V2.3,中国移动TD-LTE皮站_飞站基站设备网络管理南向接口数据配置模型规范V2.3.xlsx,SH,21,parameter,物理层参数管理,Device.Services.FAPService.{i}.CellConfig.LTE.RAN.PHY.PUCCH.CQIPUCCHResourceIndex,Device,CQIPUCCHResourceIndex,Y,CQIPUCCHResourceIndex,CQI报告使用PUCCH资源索引,A,,,RW,string(512),,,为UE分配的用于CQI上报的PUCCHformat2资源索引,TR系列规范(TR098/TR181/TR196),,,
CMCC_TD_LTE_V2.3,中国移动TD-LTE皮站_飞站基站设备网络管理南向接口数据配置模型规范V2.3.xlsx,SH,17,parameter,物理层参数管理,Device.Services.FAPService.{i}.CellConfig.LTE.RAN.PHY.PUCCH.DeltaPUCCHShift,Device,DeltaPUCCHShift,Y,DeltaPUCCHShift,PUCCH循环移位间隔,A,,,RW,string,,,代表PUCCHformat1/1a/1b资源的循环位移,TR系列规范(TR098/TR181/TR196),,修正参数类型,
CMCC_TD_LTE_V2.3,中国移动TD-LTE皮站_飞站基站设备网络管理南向接口数据配置模型规范V2.3.xlsx,SH,22,parameter,物理层参数管理,Device.Services.FAPService.{i}.CellConfig.LTE.RAN.PHY.PUCCH.K,Device,K,Y,K,子带CQI报告带宽,A,,,RW,unsignedInt[1:4],,,"子波段报告模式中的子波段大小，
以物理资源块为单位",TR系列规范(TR098/TR181/TR196),,,
CMCC_TD_LTE_V2.3,中国移动TD-LTE皮站_飞站基站设备网络管理南向接口数据配置模型规范V2.3.xlsx,SH,20,parameter,物理层参数管理,Device.Services.FAPService.{i}.CellConfig.LTE.RAN.PHY.PUCCH.N1PUCCHAN,Device,N1PUCCHAN,Y,N1PUCCHAN,SPSACK/NACK及SR预留资源数,A,,,RW,string(512),,,即N(1)PUCCH参数，表示预留给半持续调度（SPS）的ACK/NACK和SR请求的PUCCHformat1静态资源数,TR系列规范(TR098/TR181/TR196),,修正参数类型,
CMCC_TD_LTE_V2.3,中国移动TD-LTE皮站_飞站基站设备网络管理南向接口数据配置模型规范V2.3.xlsx,SH,19,parameter,物理层参数管理,Device.Services.FAPService.{i}.CellConfig.LTE.RAN.PHY.PUCCH.NCSAN,Device,NCSAN,Y,NCSAN,PUCCH1/1a/1b预留资源数,A,,,RW,unsignedInt[0:7],,,即N(1)cs参数，在混合使用1/1a/1b和2/2a/2b格式的资源块中，代表预留给PUCCH1/1a/1b格式的循环位移,TR系列规范(TR098/TR181/TR196),,修正参数类型,
CMCC_TD_LTE_V2.3,中国移动TD-LTE皮站_飞站基站设备网络管理南向接口数据配置模型规范V2.3.xlsx,SH,18,parameter,物理层参数管理,Device.Services.FAPService.{i}.CellConfig.LTE.RAN.PHY.PUCCH.NRBCQI,Device,NRBCQI,Y,NRBCQI,PUCCH2/2a/2b占用RB数,A,,,RW,string,,,即N2RB参数，代表PUCCH域中预留用于传输CQI的PUCCH域个数,TR系列规范(TR098/TR181/TR196),,,
CMCC_TD_LTE_V2.3,中国移动TD-LTE皮站_飞站基站设备网络管理南向接口数据配置模型规范V2.3.xlsx,SH,25,parameter,物理层参数管理,Device.Services.FAPService.{i}.CellConfig.LTE.RAN.PHY.PUSCH.Enable64QAM,Device,Enable64QAM,Y,Enable64QAM,PUSCH64QAM使能开关,A,,,RW,Boolean,,,"TRUE代表允许64QAM，FALSE代表不允许64QAM;
64QAM,1=64QAM",TR系列规范(TR098/TR181/TR196),,,
CMCC_TD_LTE_V2.3,中国移动TD-LTE皮站_飞站基站设备网络管理南向接口数据配置模型规范V2.3.xlsx,SH,26,parameter,物理层参数管理,Device.Services.FAPService.{i}.CellConfig.LTE.RAN.PHY.PUSCH.HoppingMode,Device,HoppingMode,Y,HoppingMode,PUSCH跳频模式,A,,,RW,string,,,决定跳跃是“子帧间跳跃”还是“子帧间与子帧内跳跃”,TR系列规范(TR098/TR181/TR196),,,
CMCC_TD_LTE_V2.3,中国移动TD-LTE皮站_飞站基站设备网络管理南向接口数据配置模型规范V2.3.xlsx,SH,27,parameter,物理层参数管理,Device.Services.FAPService.{i}.CellConfig.LTE.RAN.PHY.PUSCH.HoppingOffset,Device,HoppingOffset,Y,HoppingOffset,PUSCH跳频偏置,A,,,RW,string(256),,,如果上行链路频率跳跃模式启用，该参数用来计算需要用来在PUSCH传输的物理资源块,TR系列规范(TR098/TR181/TR196),,,
CMCC_TD_LTE_V2.3,中国移动TD-LTE皮站_飞站基站设备网络管理南向接口数据配置模型规范V2.3.xlsx,SH,28,parameter,物理层参数管理,Device.Services.FAPService.{i}.CellConfig.LTE.RAN.PHY.PUSCH.NSB,Device,NSB,Y,NSB,跳频子带个数,A,,,RW,unsignedInt[1:4],,,代表次频带的数目,TR系列规范(TR098/TR181/TR196),,,
CMCC_TD_LTE_V2.3,中国移动TD-LTE皮站_飞站基站设备网络管理南向接口数据配置模型规范V2.3.xlsx,SH,24,parameter,物理层参数管理,Device.Services.FAPService.{i}.CellConfig.LTE.RAN.PHY.PaParam.PUCCHPowerCtrlSwitch,Device,PUCCHPowerCtrlSwitch,Y,PUCCHPowerCtrlSwitch,上行PUCCH闭环功控开关,A,,PucchPcSwitch,RW,unsignedInt[0:1],,,"ON=1,OFF=0",NRM数据配置要求,,增加PUCCHPcSwitch参数适配北向参数,
CMCC_TD_LTE_V2.3,中国移动TD-LTE皮站_飞站基站设备网络管理南向接口数据配置模型规范V2.3.xlsx,SH,23,parameter,物理层参数管理,Device.Services.FAPService.{i}.CellConfig.LTE.RAN.PHY.PaParam.PUSCHPowerCtrlSwitch,Device,PUSCHPowerCtrlSwitch,Y,PUSCHPowerCtrlSwitch,上行PUSCH闭环功控开关,A,,PuschPcSwitch,RW,unsignedInt[0:1],,,"ON=1,OFF=0",NRM数据配置要求,,,
CMCC_TD_LTE_V2.3,中国移动TD-LTE皮站_飞站基站设备网络管理南向接口数据配置模型规范V2.3.xlsx,SH,16,parameter,物理层参数管理,Device.Services.FAPService.{i}.CellConfig.LTE.RAN.PHY.SRS.AckNackSRSSimultaneousTransmission,Device,AckNackSRSSimultaneousTransmission,Y,AckNackSRSSimultaneousTransmission,SRS/ACK/NACK同时传输标识,A,,,RW,Boolean,,,"定义UE能否同时传输SRS和ACK/NACK
(0=可以同时传输,1=不能同属传输)",TR系列规范(TR098/TR181/TR196),,,
CMCC_TD_LTE_V2.3,中国移动TD-LTE皮站_飞站基站设备网络管理南向接口数据配置模型规范V2.3.xlsx,SH,14,parameter,物理层参数管理,Device.Services.FAPService.{i}.CellConfig.LTE.RAN.PHY.SRS.SRSBandwidthConfig,Device,SRSBandwidthConfig,Y,SRSBandwidthConfig,SRS带宽配置,A,,,RW,string(32),,,代表包含小区SRSBandwidthConfiguration的表格的索引,TR系列规范(TR098/TR181/TR196),,修改参数名大小写，与TR196保持一致,
CMCC_TD_LTE_V2.3,中国移动TD-LTE皮站_飞站基站设备网络管理南向接口数据配置模型规范V2.3.xlsx,SH,13,parameter,物理层参数管理,Device.Services.FAPService.{i}.CellConfig.LTE.RAN.PHY.SRS.SRSEnabled,Device,SRSEnabled,Y,SRSEnabled,SRS使能开关,A,,,RW,Boolean,,,"SRS使能开关
1=true,0=false",TR系列规范(TR098/TR181/TR196),,"修正笔误
修改参数名为SRSEnabled，与TR196对齐",
CMCC_TD_LTE_V2.3,中国移动TD-LTE皮站_飞站基站设备网络管理南向接口数据配置模型规范V2.3.xlsx,SH,15,parameter,物理层参数管理,Device.Services.FAPService.{i}.CellConfig.LTE.RAN.PHY.SRS.SRSMaxUpPTS,Device,SRSMaxUpPTS,Y,SRSMaxUpPTS,SRSUpPTS带宽重配指示,A,,,RW,Boolean,,,"重配置SRS是否适用于UpPTS;1=true,0=false",TR系列规范(TR098/TR181/TR196),,修改参数名大小写，与TR196保持一致,
CMCC_TD_LTE_V2.3,中国移动TD-LTE皮站_飞站基站设备网络管理南向接口数据配置模型规范V2.3.xlsx,SH,32,parameter,物理层参数管理,Device.Services.FAPService.{i}.CellConfig.LTE.RAN.PHY.TDDFrame.SpecialSubframePatterns,Device,SpecialSubframePatterns,Y,SpecialSubframePatterns,特殊子帧配置,A,,SpecialSfPatterns,RW,unsignedInt[0:8],,,上行链路与下行链路之间传输保护时间间隔的特殊子帧配置,TR系列规范(TR098/TR181/TR196),,北向对应关系重新匹配,
CMCC_TD_LTE_V2.3,中国移动TD-LTE皮站_飞站基站设备网络管理南向接口数据配置模型规范V2.3.xlsx,SH,33,parameter,物理层参数管理,Device.Services.FAPService.{i}.CellConfig.LTE.RAN.PHY.TDDFrame.SubFrameAssignment,Device,SubFrameAssignment,Y,SubFrameAssignment,上下行子帧配置,A,,SfAssignment,RW,unsignedInt[0:6],,,DL/UL子帧配置，sa0对应配置0，sa1对应配置1,TR系列规范(TR098/TR181/TR196),,北向对应关系重新匹配,
CMCC_TD_LTE_V2.3,中国移动TD-LTE皮站_飞站基站设备网络管理南向接口数据配置模型规范V2.3.xlsx,SH,38,parameter,物理层参数管理,Device.Services.FAPService.{i}.CellConfig.LTE.RAN.PHY.ULPowerControl.Alpha,Device,Alpha,Y,Alpha,部分路损补偿系数,A,,Alpha,RW,string(64),,,部分路损补偿系数,,,,
CMCC_TD_LTE_V2.3,中国移动TD-LTE皮站_飞站基站设备网络管理南向接口数据配置模型规范V2.3.xlsx,SH,40,parameter,物理层参数管理,Device.Services.FAPService.{i}.CellConfig.LTE.RAN.PHY.ULPowerControl.DeltaMCSEnabled,Device,DeltaMCSEnabled,Y,DeltaMCSEnabled,MCS补偿值,A,,DeltaMCSEnabled,RW,unsignedInt[0:1],,,MCS补偿值,,,,
CMCC_TD_LTE_V2.3,中国移动TD-LTE皮站_飞站基站设备网络管理南向接口数据配置模型规范V2.3.xlsx,SH,39,parameter,物理层参数管理,Device.Services.FAPService.{i}.CellConfig.LTE.RAN.PHY.ULPowerControl.P0NominalPUCCH,Device,P0NominalPUCCH,Y,P0NominalPUCCH,PUCCH期望功率,A,,P0NominalPUCCH,RW,string(512),,,PUCCH期望功率,,,修正参数类型,
CMCC_TD_LTE_V2.3,中国移动TD-LTE皮站_飞站基站设备网络管理南向接口数据配置模型规范V2.3.xlsx,SH,37,parameter,物理层参数管理,Device.Services.FAPService.{i}.CellConfig.LTE.RAN.PHY.ULPowerControl.P0NominalPUSCH,Device,P0NominalPUSCH,Y,P0NominalPUSCH,非持续调度期望功率,A,,P0NominalPUSCH,RW,string(512),,,非持续调度期望功率,,,修正参数类型,
CMCC_TD_LTE_V2.3,中国移动TD-LTE皮站_飞站基站设备网络管理南向接口数据配置模型规范V2.3.xlsx,SH,36,parameter,物理层参数管理,Device.Services.FAPService.{i}.CellConfig.LTE.RAN.PHY.ULPowerControl.P0NominalPUSCHPersistent,Device,P0NominalPUSCHPersistent,Y,P0NominalPUSCHPersistent,持续调度期望接收功率,A,,P0NominalPUSCHPersistent,RW,Int[-126:24],,,持续调度期望接收功率,NRM数据配置要求,,修改参数类型,
CMCC_5G_EXT_PICO_V1.9.4,中国移动5G扩展型皮基站网管南向接口数据模型规范v1.9.4.xlsx,SK,123,parameter,物理层参数管理,Device.Services.FAPService.{i}.CellConfig.{i}.NR.RAN.PHY.Antenna.NumOfRxAntenna,Device,NumOfRxAntenna,Y,NumOfRxAntenna,接收通道数,A,,,RW,unsignedInt[1:6],,,小基站接收通道的数量,3GPP TS38.331,,,修订-20221118
CMCC_5G_EXT_PICO_V1.9.4,中国移动5G扩展型皮基站网管南向接口数据模型规范v1.9.4.xlsx,SK,122,parameter,物理层参数管理,Device.Services.FAPService.{i}.CellConfig.{i}.NR.RAN.PHY.Antenna.NumOfTxAntenna,Device,NumOfTxAntenna,Y,NumOfTxAntenna,发射通道数,A,,,RW,unsignedInt[1:6],,,小基站发射通道的数量,3GPP TS38.331,,,修订-20221118
CMCC_5G_EXT_PICO_V1.9.4,中国移动5G扩展型皮基站网管南向接口数据模型规范v1.9.4.xlsx,SK,31,parameter,物理层参数管理,Device.Services.FAPService.{i}.CellConfig.{i}.NR.RAN.PHY.BWP.BWPDL.{i}.Bandwidth,Device,Bandwidth,Y,Bandwidth,BWP带宽（下行）,A,,,RW,"unsignedInt[5,10,15,20,25,30,40,50,60,80,90,100]",,,"配置BWP的带宽。
取值范围：{5,10,15,20,25,30,
40,50,60,80,90,100}MHz",3GPP TS38.331参数：locationAndBandwidth，将其分解成两个参数StartPrbPosition和Bandwidth，便于工程人员操作维护,,,
CMCC_5G_EXT_PICO_V1.9.4,中国移动5G扩展型皮基站网管南向接口数据模型规范v1.9.4.xlsx,SK,33,parameter,物理层参数管理,Device.Services.FAPService.{i}.CellConfig.{i}.NR.RAN.PHY.BWP.BWPDL.{i}.CyclicPrefix,Device,CyclicPrefix,Y,CyclicPrefix,循环前缀（下行）,A,,,RW,string(64),,,配置CP长度，取值范围{normal，extended},3GPP TS38.331,,,
CMCC_5G_EXT_PICO_V1.9.4,中国移动5G扩展型皮基站网管南向接口数据模型规范v1.9.4.xlsx,SK,28,parameter,物理层参数管理,Device.Services.FAPService.{i}.CellConfig.{i}.NR.RAN.PHY.BWP.BWPDL.{i}.DlBWPId,Device,DlBWPId,Y,DlBWPId,下行BWP标识符,A,,,RW,unsignedInt[0:4],,,"取值范围：{0~4, 4095}
无效值为十六进制或十进制都可以",3GPP TS38.331,,,20231020-描述增加取值范围无效值说明
CMCC_5G_EXT_PICO_V1.9.4,中国移动5G扩展型皮基站网管南向接口数据模型规范v1.9.4.xlsx,SK,99,parameter,物理层参数管理,Device.Services.FAPService.{i}.CellConfig.{i}.NR.RAN.PHY.BWP.BWPDL.{i}.PDCCH.CommonControlResourceSet.CceRegMappingType.InterleaverSize,Device,InterleaverSize,Y,InterleaverSize,交织长度,A,,,RW,unsignedInt[0:2],,,"取值范围：{0，1,2}
分别对应{ n2, n3, n6}；",3GPP TS38.331,,,
CMCC_5G_EXT_PICO_V1.9.4,中国移动5G扩展型皮基站网管南向接口数据模型规范v1.9.4.xlsx,SK,98,parameter,物理层参数管理,Device.Services.FAPService.{i}.CellConfig.{i}.NR.RAN.PHY.BWP.BWPDL.{i}.PDCCH.CommonControlResourceSet.CceRegMappingType.RegBundleSize,Device,RegBundleSize,Y,RegBundleSize,REG绑定大小,A,,,RW,unsignedInt[0:2],,,"取值范围：{0，1,2}
分别对应{ n2, n3, n6}；",3GPP TS38.331,,,
CMCC_5G_EXT_PICO_V1.9.4,中国移动5G扩展型皮基站网管南向接口数据模型规范v1.9.4.xlsx,SK,97,parameter,物理层参数管理,Device.Services.FAPService.{i}.CellConfig.{i}.NR.RAN.PHY.BWP.BWPDL.{i}.PDCCH.CommonControlResourceSet.CceRegMappingType.RegType,Device,RegType,Y,RegType,CCE-REG映射类型,A,,,RW,unsignedInt[0:1],,,"取值范围：{0,1}
0表示RegBundleSize、InterleaverSize、ShiftIndex三个参数无效；1表示三个参数有效；",3GPP TS38.331,,,20221118-修订
CMCC_5G_EXT_PICO_V1.9.4,中国移动5G扩展型皮基站网管南向接口数据模型规范v1.9.4.xlsx,SK,100,parameter,物理层参数管理,Device.Services.FAPService.{i}.CellConfig.{i}.NR.RAN.PHY.BWP.BWPDL.{i}.PDCCH.CommonControlResourceSet.CceRegMappingType.ShiftIndex,Device,ShiftIndex,Y,ShiftIndex,转换索引,A,,,RW,"unsignedInt[0:274,0x00000FFF]",,,"取值范围：{0~274,0x00000FFF}
0x00000FFF表示无效；",3GPP TS38.331,,,
CMCC_5G_EXT_PICO_V1.9.4,中国移动5G扩展型皮基站网管南向接口数据模型规范v1.9.4.xlsx,SK,94,parameter,物理层参数管理,Device.Services.FAPService.{i}.CellConfig.{i}.NR.RAN.PHY.BWP.BWPDL.{i}.PDCCH.CommonControlResourceSet.ControlResourceSetId,Device,ControlResourceSetId,Y,ControlResourceSetId,控制资源集ID,A,,,RW,unsignedInt[0:11],,,控制资源集ID，取值范围：{0~11},3GPP TS38.331,,,
CMCC_5G_EXT_PICO_V1.9.4,中国移动5G扩展型皮基站网管南向接口数据模型规范v1.9.4.xlsx,SK,96,parameter,物理层参数管理,Device.Services.FAPService.{i}.CellConfig.{i}.NR.RAN.PHY.BWP.BWPDL.{i}.PDCCH.CommonControlResourceSet.Duration,Device,Duration,Y,Duration,符号数,A,,,RW,unsignedInt[1:3],,,"控制资源集占用符号数，取值范围：{1,2,3}",3GPP TS38.331,,,20231020-取值范围和描述均改为1：3
CMCC_5G_EXT_PICO_V1.9.4,中国移动5G扩展型皮基站网管南向接口数据模型规范v1.9.4.xlsx,SK,95,parameter,物理层参数管理,Device.Services.FAPService.{i}.CellConfig.{i}.NR.RAN.PHY.BWP.BWPDL.{i}.PDCCH.CommonControlResourceSet.FrequencyDomainResources,Device,FrequencyDomainResources,Y,FrequencyDomainResources,控制资源集频域范围,A,,,RW,string(45),,,"控制资源集频域范围，BIT STRING (SIZE (45))
取值范围：{0~ 35184372088831}
0~ 1FFFFFFFFFFF，形式为0101的二进制字符串",3GPP TS38.331,,,20221118-修订
CMCC_5G_EXT_PICO_V1.9.4,中国移动5G扩展型皮基站网管南向接口数据模型规范v1.9.4.xlsx,SK,102,parameter,物理层参数管理,Device.Services.FAPService.{i}.CellConfig.{i}.NR.RAN.PHY.BWP.BWPDL.{i}.PDCCH.CommonControlResourceSet.PdcchDMRSScramblingID,Device,PdcchDMRSScramblingID,Y,PdcchDMRSScramblingID,PDCCH DMRS加扰ID,A,,,RW,"unsignedInt[0:65535,0x0FFFFFFF]",,,"配置PDCCH DMRS加扰ID，取值范围：{0~65535,0x0FFFFFFF}
0x0FFFFFFF表示无效；",3GPP TS38.331,,,
CMCC_5G_EXT_PICO_V1.9.4,中国移动5G扩展型皮基站网管南向接口数据模型规范v1.9.4.xlsx,SK,101,parameter,物理层参数管理,Device.Services.FAPService.{i}.CellConfig.{i}.NR.RAN.PHY.BWP.BWPDL.{i}.PDCCH.CommonControlResourceSet.PrecoderGranularity,Device,PrecoderGranularity,Y,PrecoderGranularity,预编码粒度,A,,,RW,unsignedInt[0:1],,,"控制资源集的预编码粒度，取值范围：{0，1}
分别对应{ sameAsREG-bundle, allContiguousRBs }；",3GPP TS38.331,,,
CMCC_5G_EXT_PICO_V1.9.4,中国移动5G扩展型皮基站网管南向接口数据模型规范v1.9.4.xlsx,SK,104,parameter,物理层参数管理,Device.Services.FAPService.{i}.CellConfig.{i}.NR.RAN.PHY.BWP.BWPDL.{i}.PDCCH.CommonSearchSpaceList.{i}.ControlResourceSetId,Device,ControlResourceSetId,Y,ControlResourceSetId,控制资源集ID,A,,,RW,unsignedInt[0:11],,,配置搜索空间对应的控制资源集ID,3GPP TS38.331,,,
CMCC_5G_EXT_PICO_V1.9.4,中国移动5G扩展型皮基站网管南向接口数据模型规范v1.9.4.xlsx,SK,115,parameter,物理层参数管理,Device.Services.FAPService.{i}.CellConfig.{i}.NR.RAN.PHY.BWP.BWPDL.{i}.PDCCH.CommonSearchSpaceList.{i}.DciFormat00And10En,Device,DciFormat00And10En,Y,DciFormat00And10En,公共搜索空间DCI格式开关,A,,,RW,unsignedInt[0:1],,,"配置为公共搜索空间时，dci-Format0-0-AndFormat1-0是否存在
取值范围：{0，1}",3GPP TS38.331,,,
CMCC_5G_EXT_PICO_V1.9.4,中国移动5G扩展型皮基站网管南向接口数据模型规范v1.9.4.xlsx,SK,107,parameter,物理层参数管理,Device.Services.FAPService.{i}.CellConfig.{i}.NR.RAN.PHY.BWP.BWPDL.{i}.PDCCH.CommonSearchSpaceList.{i}.Duration,Device,Duration,Y,Duration,监测时隙数目,A,,,RW,"unsignedInt[2:2559,0x00000FFF]",,,"配置搜索空间连续出现的时隙数目。
取值范围：[2~2559,0x00000FFF]
0x00000FFF表示无效",3GPP TS38.331,,,
CMCC_5G_EXT_PICO_V1.9.4,中国移动5G扩展型皮基站网管南向接口数据模型规范v1.9.4.xlsx,SK,106,parameter,物理层参数管理,Device.Services.FAPService.{i}.CellConfig.{i}.NR.RAN.PHY.BWP.BWPDL.{i}.PDCCH.CommonSearchSpaceList.{i}.MonitoringSlotOffset,Device,MonitoringSlotOffset,Y,MonitoringSlotOffset,监测周期偏置,A,,,RW,unsignedInt[0:2559],,,"配置搜索空间监测周期的偏置。
取值范围：
[0~ MonitoringSlotPeriodicity-1]",3GPP TS38.331,,,
CMCC_5G_EXT_PICO_V1.9.4,中国移动5G扩展型皮基站网管南向接口数据模型规范v1.9.4.xlsx,SK,105,parameter,物理层参数管理,Device.Services.FAPService.{i}.CellConfig.{i}.NR.RAN.PHY.BWP.BWPDL.{i}.PDCCH.CommonSearchSpaceList.{i}.MonitoringSlotPeriodicity,Device,MonitoringSlotPeriodicity,Y,MonitoringSlotPeriodicity,搜索空间周期,A,,,RW,"unsignedInt[1,2,4,5,10,16,20,40,80,160,320,640,1280,2560,0x00000FFF]",,,"配置搜索空间的周期。
取值范围：{ 1，2，4，5，l5，10，16，20，40，80，160，320，640，1280，2560,0x00000FFF}
分别对应{ sl1，sl2，sl4，sl5，sl10，sl16，sl20，sl40，sl80，sl160，sl320，sl640，sl1280，sl2560}，Ox00000FFF表示无效",3GPP TS38.331,,,
CMCC_5G_EXT_PICO_V1.9.4,中国移动5G扩展型皮基站网管南向接口数据模型规范v1.9.4.xlsx,SK,108,parameter,物理层参数管理,Device.Services.FAPService.{i}.CellConfig.{i}.NR.RAN.PHY.BWP.BWPDL.{i}.PDCCH.CommonSearchSpaceList.{i}.MonitoringSymbolsWithinSlot,Device,MonitoringSymbolsWithinSlot,Y,MonitoringSymbolsWithinSlot,监测符号位置,A,,,RW,unsignedInt[0:16383],,,"配置搜索空间在时隙中的起始符号位置。
BIT STRING (SIZE (14))
取值范围：{0~16383, 0x0FFFFFFF}
0x0FFFFFFF表示无效
无效值为十六进制或十进制都可以",3GPP TS38.331,,,20231020：描述增加取值范围无效值说明
CMCC_5G_EXT_PICO_V1.9.4,中国移动5G扩展型皮基站网管南向接口数据模型规范v1.9.4.xlsx,SK,103,parameter,物理层参数管理,Device.Services.FAPService.{i}.CellConfig.{i}.NR.RAN.PHY.BWP.BWPDL.{i}.PDCCH.CommonSearchSpaceList.{i}.SearchSpaceId,Device,SearchSpaceId,Y,SearchSpaceId,搜索空间ID,A,,,RW,unsignedInt[0:39],,,配置搜索空间ID,3GPP TS38.331,,,
CMCC_5G_EXT_PICO_V1.9.4,中国移动5G扩展型皮基站网管南向接口数据模型规范v1.9.4.xlsx,SK,114,parameter,物理层参数管理,Device.Services.FAPService.{i}.CellConfig.{i}.NR.RAN.PHY.BWP.BWPDL.{i}.PDCCH.CommonSearchSpaceList.{i}.SearchSpaceType,Device,SearchSpaceType,Y,SearchSpaceType,搜索空间类型,A,,,RW,unsignedInt[0:1],,,"取值范围：{0，1}
0表示选择common配置；
1表示选择ue专有配置；",3GPP TS38.331,,,
CMCC_5G_EXT_PICO_V1.9.4,中国移动5G扩展型皮基站网管南向接口数据模型规范v1.9.4.xlsx,SK,116,parameter,物理层参数管理,Device.Services.FAPService.{i}.CellConfig.{i}.NR.RAN.PHY.BWP.BWPDL.{i}.PDCCH.CommonSearchSpaceList.{i}.UeSpecificDciFormats,Device,UeSpecificDciFormats,Y,UeSpecificDciFormats,UE专用DCI格式,A,,,RW,unsignedInt[0:1],,,"配置为ue专用搜索空间时，存在的DCI格式。
取值范围：{0，1}
分别对应{ formats0-0-And-1-0, formats0-1-And-1-1}；",3GPP TS38.331,,,
CMCC_5G_EXT_PICO_V1.9.4,中国移动5G扩展型皮基站网管南向接口数据模型规范v1.9.4.xlsx,SK,109,parameter,物理层参数管理,Device.Services.FAPService.{i}.CellConfig.{i}.NR.RAN.PHY.BWP.BWPDL.{i}.PDCCH.CommonSearchSpaceList.{i}.nrofCandidates.AggregationLevel1,Device,AggregationLevel1,Y,AggregationLevel1,聚合等级1,A,,,RW,unsignedInt[0:7],,,"取值范围：{0~7}
分别对应{ n0, n1, n2, n3, n4, n5, n6, n8}",3GPP TS38.331,,,
CMCC_5G_EXT_PICO_V1.9.4,中国移动5G扩展型皮基站网管南向接口数据模型规范v1.9.4.xlsx,SK,113,parameter,物理层参数管理,Device.Services.FAPService.{i}.CellConfig.{i}.NR.RAN.PHY.BWP.BWPDL.{i}.PDCCH.CommonSearchSpaceList.{i}.nrofCandidates.AggregationLevel16,Device,AggregationLevel16,Y,AggregationLevel16,聚合等级16,A,,,RW,unsignedInt[0:7],,,"取值范围：{0~7}
分别对应{ n0, n1, n2, n3, n4, n5, n6, n8}",3GPP TS38.331,,,
CMCC_5G_EXT_PICO_V1.9.4,中国移动5G扩展型皮基站网管南向接口数据模型规范v1.9.4.xlsx,SK,110,parameter,物理层参数管理,Device.Services.FAPService.{i}.CellConfig.{i}.NR.RAN.PHY.BWP.BWPDL.{i}.PDCCH.CommonSearchSpaceList.{i}.nrofCandidates.AggregationLevel2,Device,AggregationLevel2,Y,AggregationLevel2,聚合等级2,A,,,RW,unsignedInt[0:7],,,"取值范围：{0~7}
分别对应{ n0, n1, n2, n3, n4, n5, n6, n8}",3GPP TS38.331,,,
CMCC_5G_EXT_PICO_V1.9.4,中国移动5G扩展型皮基站网管南向接口数据模型规范v1.9.4.xlsx,SK,111,parameter,物理层参数管理,Device.Services.FAPService.{i}.CellConfig.{i}.NR.RAN.PHY.BWP.BWPDL.{i}.PDCCH.CommonSearchSpaceList.{i}.nrofCandidates.AggregationLevel4,Device,AggregationLevel4,Y,AggregationLevel4,聚合等级4,A,,,RW,unsignedInt[0:7],,,"取值范围：{0~7}
分别对应{ n0, n1, n2, n3, n4, n5, n6, n8}",3GPP TS38.331,,,
CMCC_5G_EXT_PICO_V1.9.4,中国移动5G扩展型皮基站网管南向接口数据模型规范v1.9.4.xlsx,SK,112,parameter,物理层参数管理,Device.Services.FAPService.{i}.CellConfig.{i}.NR.RAN.PHY.BWP.BWPDL.{i}.PDCCH.CommonSearchSpaceList.{i}.nrofCandidates.AggregationLevel8,Device,AggregationLevel8,Y,AggregationLevel8,聚合等级8,A,,,RW,unsignedInt[0:7],,,"取值范围：{0~7}
分别对应{ n0, n1, n2, n3, n4, n5, n6, n8}",3GPP TS38.331,,,
CMCC_5G_EXT_PICO_V1.9.4,中国移动5G扩展型皮基站网管南向接口数据模型规范v1.9.4.xlsx,SK,88,parameter,物理层参数管理,Device.Services.FAPService.{i}.CellConfig.{i}.NR.RAN.PHY.BWP.BWPDL.{i}.PDCCH.PDCCHConfigCommon.ControlResourceSetZero,Device,ControlResourceSetZero,Y,ControlResourceSetZero,CORESET#0,A,,,RW,"unsignedInt[0:15,0x00000FFF]",,,"配置初始BWP的CORESET#0，取值范围：{0~15,0x00000FFF}
0x00000FFF表示无效；初始BWP配置必须有效（即当PdcchId等于1时必须有效）
MIB中pdcch-ConfigSIB1的高四位",3GPP TS38.331,,,
CMCC_5G_EXT_PICO_V1.9.4,中国移动5G扩展型皮基站网管南向接口数据模型规范v1.9.4.xlsx,SK,92,parameter,物理层参数管理,Device.Services.FAPService.{i}.CellConfig.{i}.NR.RAN.PHY.BWP.BWPDL.{i}.PDCCH.PDCCHConfigCommon.PagingSearchSpace,Device,PagingSearchSpace,Y,PagingSearchSpace,寻呼搜索空间,A,,,RW,"unsignedInt[0:39, 0x00000FFF]",,,"寻呼搜索空间的ID，取值范围：{0~39, 0x00000FFF}
0x00000FFF表示无效；",3GPP TS38.331,,,
CMCC_5G_EXT_PICO_V1.9.4,中国移动5G扩展型皮基站网管南向接口数据模型规范v1.9.4.xlsx,SK,93,parameter,物理层参数管理,Device.Services.FAPService.{i}.CellConfig.{i}.NR.RAN.PHY.BWP.BWPDL.{i}.PDCCH.PDCCHConfigCommon.RaSearchSpace,Device,RaSearchSpace,Y,RaSearchSpace,随机接入搜索空间,A,,,RW,"unsignedInt[0:39, 0x00000FFF]",,,"随机接入搜索空间的ID，取值范围：{0~39, 0x00000FFF}
0x00000FFF表示无效；",3GPP TS38.331,,,
CMCC_5G_EXT_PICO_V1.9.4,中国移动5G扩展型皮基站网管南向接口数据模型规范v1.9.4.xlsx,SK,91,parameter,物理层参数管理,Device.Services.FAPService.{i}.CellConfig.{i}.NR.RAN.PHY.BWP.BWPDL.{i}.PDCCH.PDCCHConfigCommon.SearchSpaceOtherSystemInformation,Device,SearchSpaceOtherSystemInformation,Y,SearchSpaceOtherSystemInformation,其它SI搜索空间,A,,,RW,"unsignedInt[0:39, 0x00000FFF]",,,"其它SI搜索空间的ID，取值范围：{0~39, 0x00000FFF}
0x00000FFF表示无效；",3GPP TS38.331,,,
CMCC_5G_EXT_PICO_V1.9.4,中国移动5G扩展型皮基站网管南向接口数据模型规范v1.9.4.xlsx,SK,90,parameter,物理层参数管理,Device.Services.FAPService.{i}.CellConfig.{i}.NR.RAN.PHY.BWP.BWPDL.{i}.PDCCH.PDCCHConfigCommon.SearchSpaceSIB1,Device,SearchSpaceSIB1,Y,SearchSpaceSIB1,SIB1搜索空间,A,,,RW,"unsignedInt[0:39,0x00000FFF]",,,"SIB1搜索空间的ID，取值范围：{0~39, 0x00000FFF}
0x00000FFF表示无效；",3GPP TS38.331,,,
CMCC_5G_EXT_PICO_V1.9.4,中国移动5G扩展型皮基站网管南向接口数据模型规范v1.9.4.xlsx,SK,89,parameter,物理层参数管理,Device.Services.FAPService.{i}.CellConfig.{i}.NR.RAN.PHY.BWP.BWPDL.{i}.PDCCH.PDCCHConfigCommon.SearchSpaceZero,Device,SearchSpaceZero,Y,SearchSpaceZero,搜索空间#0,A,,,RW,"unsignedInt[0:15,0x00000FFF]",,,"配置初始BWP的搜索空间#0，取值范围：{0~15,0x00000FFF}
0x00000FFF表示无效；初始BWP配置必须有效（即当PdcchId等于1时必须有效）
MIB中pdcch-ConfigSIB1的低四位",3GPP TS38.331,,,
CMCC_5G_EXT_PICO_V1.9.4,中国移动5G扩展型皮基站网管南向接口数据模型规范v1.9.4.xlsx,SK,121,parameter,物理层参数管理,Device.Services.FAPService.{i}.CellConfig.{i}.NR.RAN.PHY.BWP.BWPDL.{i}.PDSCH.DlAdditionalDmrsPos,Device,DlAdditionalDmrsPos,Y,DlAdditionalDmrsPos,下行Additional DMRS位置,CA,AO,DlAdditionalDmrsPos,RW,unsignedInt[0:3],,,"取值范围:{0,1,2，3}",5G SA gNB网元统计数据需求规范-NRM(V1.4.2),,,
CMCC_5G_EXT_PICO_V1.9.4,中国移动5G扩展型皮基站网管南向接口数据模型规范v1.9.4.xlsx,SK,120,parameter,物理层参数管理,Device.Services.FAPService.{i}.CellConfig.{i}.NR.RAN.PHY.BWP.BWPDL.{i}.PDSCH.DlDmrsMaxLength,Device,DlDmrsMaxLength,Y,DlDmrsMaxLength,下行DMRS最大符号个数,CA,AO,DlDmrsMaxLength,RW,"unsignedInt[1,2]",,,取值范围:{1，2},5G SA gNB网元统计数据需求规范-NRM(V1.4.2),,,
CMCC_5G_EXT_PICO_V1.9.4,中国移动5G扩展型皮基站网管南向接口数据模型规范v1.9.4.xlsx,SK,117,parameter,物理层参数管理,Device.Services.FAPService.{i}.CellConfig.{i}.NR.RAN.PHY.BWP.BWPDL.{i}.PDSCH.PDSCHTimeDomainResourceAllocationList.{i}.K0,Device,K0,Y,K0,PDCCH到PDSCH调度延迟,A,,,RW,"unsignedInt[0:32,0x00000FFF]",,,"取值范围：{0~32,0x00000FFF}
0x00000FFF表示无效；
i取值最大16",3GPP TS38.331,,,
CMCC_5G_EXT_PICO_V1.9.4,中国移动5G扩展型皮基站网管南向接口数据模型规范v1.9.4.xlsx,SK,118,parameter,物理层参数管理,Device.Services.FAPService.{i}.CellConfig.{i}.NR.RAN.PHY.BWP.BWPDL.{i}.PDSCH.PDSCHTimeDomainResourceAllocationList.{i}.MappingType,Device,MappingType,Y,MappingType,PDSCH映射类型,A,,,RW,unsignedInt[0:1],,,"PDSCH映射类型。
取值范围：{0,1}
分别对应{ typeA, typeB }；i取值最大16",3GPP TS38.331,,,
CMCC_5G_EXT_PICO_V1.9.4,中国移动5G扩展型皮基站网管南向接口数据模型规范v1.9.4.xlsx,SK,119,parameter,物理层参数管理,Device.Services.FAPService.{i}.CellConfig.{i}.NR.RAN.PHY.BWP.BWPDL.{i}.PDSCH.PDSCHTimeDomainResourceAllocationList.{i}.StartSymbolAndLength,Device,StartSymbolAndLength,Y,StartSymbolAndLength,PDSCH起始符号和长度,A,,,RW,unsignedInt[0:127],,,"PDSCH起始符号和长度。
取值范围：{0~127}，i取值最大16",3GPP TS38.331,"3GPP TS38.331 f80
取值范围是{0~127}
之前南向接口数据模型v1.7，取值范围是unsignedInt[0:127]",,修订-20221118
CMCC_5G_EXT_PICO_V1.9.4,中国移动5G扩展型皮基站网管南向接口数据模型规范v1.9.4.xlsx,SK,30,parameter,物理层参数管理,Device.Services.FAPService.{i}.CellConfig.{i}.NR.RAN.PHY.BWP.BWPDL.{i}.StartPrbPosition,Device,StartPrbPosition,Y,StartPrbPosition,起始PRB位置（下行）,A,,,RW,unsignedInt[0:273],,,"配置BWP的起始RB位置。
取值范围：[0~273]",3GPP TS38.331参数：locationAndBandwidth，将其分解成两个参数StartPrbPosition和Bandwidth，便于工程人员操作维护,,,
CMCC_5G_EXT_PICO_V1.9.4,中国移动5G扩展型皮基站网管南向接口数据模型规范v1.9.4.xlsx,SK,32,parameter,物理层参数管理,Device.Services.FAPService.{i}.CellConfig.{i}.NR.RAN.PHY.BWP.BWPDL.{i}.SubcarrierSpacing,Device,SubcarrierSpacing,Y,SubcarrierSpacing,BWP子载波间隔（下行）,A,,,RW,unsignedInt[0:4],,,"取值范围：{0, 1, 2, 3, 4}
0代表kHz15，1代表kHz30，2代表kHz60，3代表kHz120，4代表kHz240.",3GPP TS38.331,,,
CMCC_5G_EXT_PICO_V1.9.4,中国移动5G扩展型皮基站网管南向接口数据模型规范v1.9.4.xlsx,SK,35,parameter,物理层参数管理,Device.Services.FAPService.{i}.CellConfig.{i}.NR.RAN.PHY.BWP.BWPUL.{i}.Bandwidth,Device,Bandwidth,Y,Bandwidth,BWP带宽（上行）,A,,,RW,"unsignedInt[5,10,15,20,25,30,40,50,60,80,90,100]",,,"配置BWP的带宽。
取值范围：{5,10,15,20,25,30,
40,50,60,80,90,100}MHz",参考3GPP TS38.331参数：locationAndBandwidth，将其分解成两个参数StartPrbPosition和Bandwidth，便于工程人员操作维护,,,
CMCC_5G_EXT_PICO_V1.9.4,中国移动5G扩展型皮基站网管南向接口数据模型规范v1.9.4.xlsx,SK,41,parameter,物理层参数管理,Device.Services.FAPService.{i}.CellConfig.{i}.NR.RAN.PHY.BWP.BWPUL.{i}.ConfiguredGrantConfig.PowerControlLoopToUse,Device,PowerControlLoopToUse,Y,PowerControlLoopToUse,PUSCH免授权和SPS时功率调整因子索引,B,AQ,powerControlLoopToUse,RW,"unsignedInt[1,2]",,,"PUSCH免授权和SPS时f(i)索引,ENUMERATED {1:n0, 2:n1},",5G SA gNB网元统计数据需求规范-NRM(V1.4.2),,,
CMCC_5G_EXT_PICO_V1.9.4,中国移动5G扩展型皮基站网管南向接口数据模型规范v1.9.4.xlsx,SK,40,parameter,物理层参数管理,Device.Services.FAPService.{i}.CellConfig.{i}.NR.RAN.PHY.BWP.BWPUL.{i}.CyclicPrefix,Device,CyclicPrefix,Y,CyclicPrefix,循环前缀（上行）,A,,,RW,string(64),,,配置CP长度，取值范围{normal，extended},3GPP TS38.331,,,
CMCC_5G_EXT_PICO_V1.9.4,中国移动5G扩展型皮基站网管南向接口数据模型规范v1.9.4.xlsx,SK,87,parameter,物理层参数管理,Device.Services.FAPService.{i}.CellConfig.{i}.NR.RAN.PHY.BWP.BWPUL.{i}.PUCCH.PucchRBNum,Device,PucchRBNum,Y,PucchRBNum,长格式PUCCH的RB个数,A,BF,PucchRBNum,RW,unsignedInt[1:16],,,长格式PUCCH的RB个数,5G SA gNB网元统计数据需求规范-NRM(V1.4.2),,,20221118-修订
CMCC_5G_EXT_PICO_V1.9.4,中国移动5G扩展型皮基站网管南向接口数据模型规范v1.9.4.xlsx,SK,79,parameter,物理层参数管理,Device.Services.FAPService.{i}.CellConfig.{i}.NR.RAN.PHY.BWP.BWPUL.{i}.PUCCHConfigCommon.HoppingId,Device,HoppingId,Y,HoppingId,PUCCH加扰ID,A,,,RW,"unsignedInt[0:1023,0x00000FFF]",,,"取值范围：[0~1023,0x00000FFF]
0x00000FFF表示无效",3GPP TS38.331,,,
CMCC_5G_EXT_PICO_V1.9.4,中国移动5G扩展型皮基站网管南向接口数据模型规范v1.9.4.xlsx,SK,80,parameter,物理层参数管理,Device.Services.FAPService.{i}.CellConfig.{i}.NR.RAN.PHY.BWP.BWPUL.{i}.PUCCHConfigCommon.P0nominal,Device,P0nominal,Y,P0nominal,PUCCH功率值P0,A,AQ,p0NominalPUCCH,RW,int[-202:24],,,"取值范围：[-202~24, 0x00000FFF],只能配偶数不能配奇数。0x00000FFF表示无效，无效值为十六进制或十进制都可以。",3GPP TS38.331,,,20231020-描述增加取值范围无效值说明
CMCC_5G_EXT_PICO_V1.9.4,中国移动5G扩展型皮基站网管南向接口数据模型规范v1.9.4.xlsx,SK,78,parameter,物理层参数管理,Device.Services.FAPService.{i}.CellConfig.{i}.NR.RAN.PHY.BWP.BWPUL.{i}.PUCCHConfigCommon.PucchGroupHopping,Device,PucchGroupHopping,Y,PucchGroupHopping,PUCCH组跳频开关,A,,,RW,unsignedInt[0:2],,,"取值范围：[0~2]
分别对应{ neither, enable, disable }",3GPP TS38.331,,,
CMCC_5G_EXT_PICO_V1.9.4,中国移动5G扩展型皮基站网管南向接口数据模型规范v1.9.4.xlsx,SK,77,parameter,物理层参数管理,Device.Services.FAPService.{i}.CellConfig.{i}.NR.RAN.PHY.BWP.BWPUL.{i}.PUCCHConfigCommon.PucchResourceCommon,Device,PucchResourceCommon,Y,PucchResourceCommon,PUCCH公共资源,A,,,RW,"unsignedInt[0:15,0x00000FFF]",,,"取值范围：[0~15,0x00000FFF]
0x00000FFF表示无效",3GPP TS38.331,,,
CMCC_5G_EXT_PICO_V1.9.4,中国移动5G扩展型皮基站网管南向接口数据模型规范v1.9.4.xlsx,SK,81,parameter,物理层参数管理,Device.Services.FAPService.{i}.CellConfig.{i}.NR.RAN.PHY.BWP.BWPUL.{i}.PUCCHPowerControl.DeltaFPUCCHf0,Device,DeltaFPUCCHf0,Y,DeltaFPUCCHf0,PUCCH Format 0功率偏移,CB,AQ,deltaFPUCCHf0,RW,int[-16:15],,,"该参数指示了PUCCH format 0物理信道上的所需要的功率偏移,单位dB",5G SA gNB网元统计数据需求规范-NRM(V1.4.2),,,
CMCC_5G_EXT_PICO_V1.9.4,中国移动5G扩展型皮基站网管南向接口数据模型规范v1.9.4.xlsx,SK,82,parameter,物理层参数管理,Device.Services.FAPService.{i}.CellConfig.{i}.NR.RAN.PHY.BWP.BWPUL.{i}.PUCCHPowerControl.DeltaFPUCCHf1,Device,DeltaFPUCCHf1,Y,DeltaFPUCCHf1,PUCCH Format 1功率偏移,CB,AQ,deltaFPUCCHf1,RW,int[-16:15],,,"该参数指示了PUCCH format 1物理信道上的所需要的功率偏移,单位dB",5G SA gNB网元统计数据需求规范-NRM(V1.4.2),,,
CMCC_5G_EXT_PICO_V1.9.4,中国移动5G扩展型皮基站网管南向接口数据模型规范v1.9.4.xlsx,SK,83,parameter,物理层参数管理,Device.Services.FAPService.{i}.CellConfig.{i}.NR.RAN.PHY.BWP.BWPUL.{i}.PUCCHPowerControl.DeltaFPUCCHf2,Device,DeltaFPUCCHf2,Y,DeltaFPUCCHf2,PUCCH Format 2功率偏移,CB,AQ,deltaFPUCCHf2,RW,int[-16:15],,,"该参数指示了PUCCH format 2物理信道上的所需要的功率偏移,单位dB",5G SA gNB网元统计数据需求规范-NRM(V1.4.2),,,
CMCC_5G_EXT_PICO_V1.9.4,中国移动5G扩展型皮基站网管南向接口数据模型规范v1.9.4.xlsx,SK,84,parameter,物理层参数管理,Device.Services.FAPService.{i}.CellConfig.{i}.NR.RAN.PHY.BWP.BWPUL.{i}.PUCCHPowerControl.DeltaFPUCCHf3,Device,DeltaFPUCCHf3,Y,DeltaFPUCCHf3,PUCCH Format 3功率偏移,CB,AQ,deltaFPUCCHf3,RW,int[-16:15],,,"该参数指示了PUCCH format 3物理信道上的所需要的功率偏移,单位dB",5G SA gNB网元统计数据需求规范-NRM(V1.4.2),,,
CMCC_5G_EXT_PICO_V1.9.4,中国移动5G扩展型皮基站网管南向接口数据模型规范v1.9.4.xlsx,SK,85,parameter,物理层参数管理,Device.Services.FAPService.{i}.CellConfig.{i}.NR.RAN.PHY.BWP.BWPUL.{i}.PUCCHPowerControl.DeltaFPUCCHf4,Device,DeltaFPUCCHf4,Y,DeltaFPUCCHf4,PUCCH Format 4功率偏移,CB,AQ,deltaFPUCCHf4,RW,int[-16:15],,,"该参数指示了PUCCH format 4物理信道上的所需要的功率偏移,单位dB",5G SA gNB网元统计数据需求规范-NRM(V1.4.2),,,
CMCC_5G_EXT_PICO_V1.9.4,中国移动5G扩展型皮基站网管南向接口数据模型规范v1.9.4.xlsx,SK,86,parameter,物理层参数管理,Device.Services.FAPService.{i}.CellConfig.{i}.NR.RAN.PHY.BWP.BWPUL.{i}.PUCCHPowerControl.PucchPcSwitch,Device,PucchPcSwitch,Y,PucchPcSwitch,上行PUCCH闭环功控开关,A,BF,PucchPcSwitch,RW,"unsignedInt[1,2]",,,"上行PUCCH闭环功控开关,取值范围: ENUMERATED{1:ON，2:OFF}",5G SA gNB网元统计数据需求规范-NRM(V1.4.2),,,
CMCC_5G_EXT_PICO_V1.9.4,中国移动5G扩展型皮基站网管南向接口数据模型规范v1.9.4.xlsx,SK,64,parameter,物理层参数管理,Device.Services.FAPService.{i}.CellConfig.{i}.NR.RAN.PHY.BWP.BWPUL.{i}.PUSCH.UlAdditionalDmrsPos,Device,UlAdditionalDmrsPos,Y,UlAdditionalDmrsPos,上行Additional DMRS位置,CA,AO,UlAdditionalDmrsPos,RW,unsignedInt[0:3],,,"取值范围:{0,1,2，3}",5G SA gNB网元统计数据需求规范-NRM(V1.4.2),,,
CMCC_5G_EXT_PICO_V1.9.4,中国移动5G扩展型皮基站网管南向接口数据模型规范v1.9.4.xlsx,SK,63,parameter,物理层参数管理,Device.Services.FAPService.{i}.CellConfig.{i}.NR.RAN.PHY.BWP.BWPUL.{i}.PUSCH.UlDmrsMaxLength,Device,UlDmrsMaxLength,Y,UlDmrsMaxLength,上行行DMRS最大符号个数,CA,AO,UlDmrsMaxLength,RW,unsignedInt[1:2],,,"取值范围：{1, 2}",5G SA gNB网元统计数据需求规范-NRM(V1.4.2),,,
CMCC_5G_EXT_PICO_V1.9.4,中国移动5G扩展型皮基站网管南向接口数据模型规范v1.9.4.xlsx,SK,65,parameter,物理层参数管理,Device.Services.FAPService.{i}.CellConfig.{i}.NR.RAN.PHY.BWP.BWPUL.{i}.PUSCH.UlTimeAlignmentTimer,Device,UlTimeAlignmentTimer,Y,UlTimeAlignmentTimer,上行时间对齐定时器,B,AU,UlTimeAlignmentTimer,RW,string,,,"该参数表示UE上行时间对齐的定时器长度，该定时器超时，则认为UE上行失步。字符串取值 {ms500, ms750, ms1280, ms1920, ms2560, ms5120, ms10240, infinity}",5G SA gNB网元统计数据需求规范-NRM(V1.4.2),,,
CMCC_5G_EXT_PICO_V1.9.4,中国移动5G扩展型皮基站网管南向接口数据模型规范v1.9.4.xlsx,SK,66,parameter,物理层参数管理,Device.Services.FAPService.{i}.CellConfig.{i}.NR.RAN.PHY.BWP.BWPUL.{i}.PUSCHConfigCommon.GroupHoppingEnabledTransformPrecoding,Device,GroupHoppingEnabledTransformPrecoding,Y,GroupHoppingEnabledTransformPrecoding,序列组跳频开关,A,,,RW,unsignedInt[0:1],,,"取值范围：{0, 1}
0表示无效；1表示enabled；",3GPP TS38.331,,,
CMCC_5G_EXT_PICO_V1.9.4,中国移动5G扩展型皮基站网管南向接口数据模型规范v1.9.4.xlsx,SK,70,parameter,物理层参数管理,Device.Services.FAPService.{i}.CellConfig.{i}.NR.RAN.PHY.BWP.BWPUL.{i}.PUSCHConfigCommon.Msg3DeltaPreamble,Device,Msg3DeltaPreamble,Y,Msg3DeltaPreamble,MSG3与preamble之间发送功率的偏移值,A,AQ,msg3DeltaPreamble,RW,"int[-1:6,0x00000FFF]",,,"取值范围：{-1~6,0x00000FFF}
0x00000FFF表示无效；",3GPP TS38.331,,,
CMCC_5G_EXT_PICO_V1.9.4,中国移动5G扩展型皮基站网管南向接口数据模型规范v1.9.4.xlsx,SK,71,parameter,物理层参数管理,Device.Services.FAPService.{i}.CellConfig.{i}.NR.RAN.PHY.BWP.BWPUL.{i}.PUSCHConfigCommon.P0NominalWithGrant,Device,P0NominalWithGrant,Y,P0NominalWithGrant,PUSCH功率值P0,A,AQ,p0NominalWithGrant,RW,"int[-202:24,0x00000FFF]",,,"取值范围：{-202~24,0x00000FFF}，只能配偶数不能配奇数。0x00000FFF表示无效。",3GPP TS38.331,,,20221118-修订
CMCC_5G_EXT_PICO_V1.9.4,中国移动5G扩展型皮基站网管南向接口数据模型规范v1.9.4.xlsx,SK,75,parameter,物理层参数管理,Device.Services.FAPService.{i}.CellConfig.{i}.NR.RAN.PHY.BWP.BWPUL.{i}.PUSCHPowerControl.DeltaMCS,Device,DeltaMCS,Y,DeltaMCS,MCS功率补偿,B,AQ,deltaMCS,RW,"unsignedInt[1,2]",,,"该参数用于判决是否开启MCS功率补偿开关,ENUMERATED {1:enabled,2:disabled}",5G SA gNB网元统计数据需求规范-NRM(V1.4.2),,,
CMCC_5G_EXT_PICO_V1.9.4,中国移动5G扩展型皮基站网管南向接口数据模型规范v1.9.4.xlsx,SK,73,parameter,物理层参数管理,Device.Services.FAPService.{i}.CellConfig.{i}.NR.RAN.PHY.BWP.BWPUL.{i}.PUSCHPowerControl.Msg3Alpha,Device,Msg3Alpha,Y,Msg3Alpha,MSG3时的路损补偿因子,B,AQ,msg3Alpha,RW,string,,,"该参数用于设置MSG3场景时的路损补偿因子，字符串取值： {alpha0, alpha04, alpha05, alpha06, alpha07, alpha08, alpha09, alpha1}",5G SA gNB网元统计数据需求规范-NRM(V1.4.2),,,
CMCC_5G_EXT_PICO_V1.9.4,中国移动5G扩展型皮基站网管南向接口数据模型规范v1.9.4.xlsx,SK,72,parameter,物理层参数管理,Device.Services.FAPService.{i}.CellConfig.{i}.NR.RAN.PHY.BWP.BWPUL.{i}.PUSCHPowerControl.P0NominalWithoutGrant,Device,P0NominalWithoutGrant,Y,P0NominalWithoutGrant,免授权或SPS调度时PUSCH小区级的期望接收功率,A,AQ,p0NominalWithoutGrant,RW,int[-202:24],,,"免授权或SPS调度时PUSCH小区级的期望接收功率,单位dBm。只能配偶数不能配奇数。",5G SA gNB网元统计数据需求规范-NRM(V1.4.2),,,
CMCC_5G_EXT_PICO_V1.9.4,中国移动5G扩展型皮基站网管南向接口数据模型规范v1.9.4.xlsx,SK,76,parameter,物理层参数管理,Device.Services.FAPService.{i}.CellConfig.{i}.NR.RAN.PHY.BWP.BWPUL.{i}.PUSCHPowerControl.PuschPcSwitch,Device,PuschPcSwitch,Y,PuschPcSwitch,上行PUSCH闭环功控开关,A,BF,PucchPcSwitch,RW,"unsignedInt[1,2]",,,"上行PUSCH闭环功控开关,取值范围: ENUMERATED{1:ON，2:OFF}",5G SA gNB网元统计数据需求规范-NRM(V1.4.2),,,
CMCC_5G_EXT_PICO_V1.9.4,中国移动5G扩展型皮基站网管南向接口数据模型规范v1.9.4.xlsx,SK,74,parameter,物理层参数管理,Device.Services.FAPService.{i}.CellConfig.{i}.NR.RAN.PHY.BWP.BWPUL.{i}.PUSCHPowerControl.TwoPUSCHPCAdjustmentStates,Device,TwoPUSCHPCAdjustmentStates,Y,TwoPUSCHPCAdjustmentStates,PUSCH功率调整因子类型,B,AQ,twoPUSCHPCAdjustmentStates,RW,"unsignedInt[1,2]",,,"该参数用于设置PUSCH功率调整因子类型。当需要同时具备两种功率调整因子，则配置twoStates；当只需一种调整因子,则配置onestate。       ENUMERATED {oneState,twoStates}",5G SA gNB网元统计数据需求规范-NRM(V1.4.2),,,
CMCC_5G_EXT_PICO_V1.9.4,中国移动5G扩展型皮基站网管南向接口数据模型规范v1.9.4.xlsx,SK,67,parameter,物理层参数管理,Device.Services.FAPService.{i}.CellConfig.{i}.NR.RAN.PHY.BWP.BWPUL.{i}.PUSCHTimeDomainAllocationList.{i}.K2,Device,K2,Y,K2,PDCCH到PUSCH调度延迟,A,,,RW,"unsignedInt[0:32, 0x00000FFF]",,,"取值范围：{0~32, 0x00000FFF}
0x00000FFF表示无效；
i取值最大16",3GPP TS38.331,,,
CMCC_5G_EXT_PICO_V1.9.4,中国移动5G扩展型皮基站网管南向接口数据模型规范v1.9.4.xlsx,SK,68,parameter,物理层参数管理,Device.Services.FAPService.{i}.CellConfig.{i}.NR.RAN.PHY.BWP.BWPUL.{i}.PUSCHTimeDomainAllocationList.{i}.MappingType,Device,MappingType,Y,MappingType,PUSCH映射类型,A,,,RW,unsignedInt[0:1],,,"取值范围：{0,1}
分别对应{ typeA, typeB }；
i取值最大16",3GPP TS38.331,,,
CMCC_5G_EXT_PICO_V1.9.4,中国移动5G扩展型皮基站网管南向接口数据模型规范v1.9.4.xlsx,SK,69,parameter,物理层参数管理,Device.Services.FAPService.{i}.CellConfig.{i}.NR.RAN.PHY.BWP.BWPUL.{i}.PUSCHTimeDomainAllocationList.{i}.StartSymbolAndLength,Device,StartSymbolAndLength,Y,StartSymbolAndLength,PUSCH起始符号和长度,A,,,RW,unsignedInt[0:127],,,"取值范围：{0~127}?
104还是127，i取值最大16",3GPP TS38.331,"3GPP TS38.331 f80
取值范围是{0~127}
之前南向接口数据模型v1.7，取值范围是unsignedInt[0:127]",,20221118-修订
CMCC_5G_EXT_PICO_V1.9.4,中国移动5G扩展型皮基站网管南向接口数据模型规范v1.9.4.xlsx,SK,52,parameter,物理层参数管理,Device.Services.FAPService.{i}.CellConfig.{i}.NR.RAN.PHY.BWP.BWPUL.{i}.RACHConfigCommon.CBPreamblesPerSSB,Device,CBPreamblesPerSSB,Y,CBPreamblesPerSSB,SSB对应前导码个数,A,AO,ssb-perRACH-OccasionAndCB-PreamblesPerSSB,RW,unsignedInt[0:16],,,"SSB对应前导码个数，
1）SSBPerRACHOccasionChoice=0时，取值范围：[0~15]，对应{n4,n8,n12,n16,n20,n24,n28,n32,n36,n40,n44,n48,n52,n56,n60,n64}；
2）SSBPerRACHOccasionChoice=1时，取值范围：[0~15]，对应{n4,n8,n12,n16,n20,n24,n28,n32,n36,n40,n44,n48,n52,n56,n60,n64}；
3）SSBPerRACHOccasionChoice=2时，取值范围：[0~15]，对应{n4,n8,n12,n16,n20,n24,n28,n32,n36,n40,n44,n48,n52,n56,n60,n64}；
4）SSBPerRACHOccasionChoice=3时，取值范围：[0~15]，对应{n4,n8,n12,n16,n20,n24,n28,n32,n36,n40,n44,n48,n52,n56,n60,n64}；
5）SSBPerRACHOccasionChoice=4时，取值范围：[0~7]，对应{n4,n8,n12,n16,n20,n24,n28,n32}；
6）SSBPerRACHOccasionChoice=5时，取值范围：[1~16]
7）SSBPerRACHOccasionChoice=6时，取值范围：[1~8]
8）SSBPerRACHOccasionChoice=7时，取值范围：[1~4]",3GPP TS38.331,"3GPP TS38.331 f80
规范规定SSBPerRACHOccasionChoice取值范围是[0:7]，和上个参数Device.Services.FAPService.{i}.CellConfig.{i}.NR.RAN.PHY.BWP.BWPUL.{i}.RACHConfigCommon.SSBPerRACHOccasionChoice取值范围是一致的",,20231020-修改取值范围为unsignedInt[0:16]
CMCC_5G_EXT_PICO_V1.9.4,中国移动5G扩展型皮基站网管南向接口数据模型规范v1.9.4.xlsx,SK,54,parameter,物理层参数管理,Device.Services.FAPService.{i}.CellConfig.{i}.NR.RAN.PHY.BWP.BWPUL.{i}.RACHConfigCommon.MessagePowerOffsetGroupB,Device,MessagePowerOffsetGroupB,Y,MessagePowerOffsetGroupB,Preamble码选择门限值,A,,,RW,unsignedInt[0:7],,,"取值范围：[0~7]
分别对应{ minusinfinity, dB0, dB5, dB8, dB10, dB12, dB15, dB18}",3GPP TS38.331,,,
CMCC_5G_EXT_PICO_V1.9.4,中国移动5G扩展型皮基站网管南向接口数据模型规范v1.9.4.xlsx,SK,60,parameter,物理层参数管理,Device.Services.FAPService.{i}.CellConfig.{i}.NR.RAN.PHY.BWP.BWPUL.{i}.RACHConfigCommon.Msg1SubcarrierSpacing,Device,Msg1SubcarrierSpacing,Y,Msg1SubcarrierSpacing,msg1子载波间隔,A,AO,msg1SubcarrierSpacing,RW,"unsignedInt[0:4,0x0000000F]",,,"子载波间隔
取值范围：{0, 1, 2, 3, 4，0x0000000F}
0代表kHz15，1代表kHz30，2代表kHz60，3代表kHz120，4代表kHz240,0x0000000F代表不存在。",3GPP TS38.331,,,
CMCC_5G_EXT_PICO_V1.9.4,中国移动5G扩展型皮基站网管南向接口数据模型规范v1.9.4.xlsx,SK,62,parameter,物理层参数管理,Device.Services.FAPService.{i}.CellConfig.{i}.NR.RAN.PHY.BWP.BWPUL.{i}.RACHConfigCommon.Msg3TransformPrecoder,Device,Msg3TransformPrecoder,Y,Msg3Transform Precoder,Msg3预编码,A,AO,msg3TransformPrecoding,RW,unsignedInt[0:1],,,"取值范围：{0, 1}
0表示无效；1表示enabled；",3GPP TS38.331,,,
CMCC_5G_EXT_PICO_V1.9.4,中国移动5G扩展型皮基站网管南向接口数据模型规范v1.9.4.xlsx,SK,55,parameter,物理层参数管理,Device.Services.FAPService.{i}.CellConfig.{i}.NR.RAN.PHY.BWP.BWPUL.{i}.RACHConfigCommon.NumberOfRAPreamblesGroupA,Device,NumberOfRAPreamblesGroupA,Y,NumberOfRAPreamblesGroupA,GroupA中Preamble码个数,A,,,RW,unsignedInt[1:64],,,INTEGER (1..64),3GPP TS38.331,,,
CMCC_5G_EXT_PICO_V1.9.4,中国移动5G扩展型皮基站网管南向接口数据模型规范v1.9.4.xlsx,SK,56,parameter,物理层参数管理,Device.Services.FAPService.{i}.CellConfig.{i}.NR.RAN.PHY.BWP.BWPUL.{i}.RACHConfigCommon.RaContentionResolutionTimer,Device,RaContentionResolutionTimer,Y,RaContentionResolutionTimer,随机接入竞争窗长,A,,,RW,unsignedInt[0:7],,,"取值范围：[0~7]
分别对应{ sf8, sf16, sf24, sf32, sf40, sf48, sf56, sf64}",3GPP TS38.331,,,
CMCC_5G_EXT_PICO_V1.9.4,中国移动5G扩展型皮基站网管南向接口数据模型规范v1.9.4.xlsx,SK,53,parameter,物理层参数管理,Device.Services.FAPService.{i}.CellConfig.{i}.NR.RAN.PHY.BWP.BWPUL.{i}.RACHConfigCommon.RaMsg3SizeGroupA,Device,RaMsg3SizeGroupA,Y,RaMsg3SizeGroupA,Msg3 GroupA大小门限,A,,,RW,unsignedInt[0:9],,,"取值范围：[0~9]
分别对应{ b56, b144, b208, b256, b282, b480, b640, b800, b1000,b72}",3GPP TS38.331,,,
CMCC_5G_EXT_PICO_V1.9.4,中国移动5G扩展型皮基站网管南向接口数据模型规范v1.9.4.xlsx,SK,61,parameter,物理层参数管理,Device.Services.FAPService.{i}.CellConfig.{i}.NR.RAN.PHY.BWP.BWPUL.{i}.RACHConfigCommon.RestrictedSetConfig,Device,RestrictedSetConfig,Y,RestrictedSetConfig,限制集配置参数,A,AO,restrictedSetConfig,RW,unsignedInt[0:2],,,"取值范围：{0, 1, 2}
分别对应{ unrestrictedSet, restrictedSetTypeA, restrictedSetTypeB }",3GPP TS38.331,,,
CMCC_5G_EXT_PICO_V1.9.4,中国移动5G扩展型皮基站网管南向接口数据模型规范v1.9.4.xlsx,SK,59,parameter,物理层参数管理,Device.Services.FAPService.{i}.CellConfig.{i}.NR.RAN.PHY.BWP.BWPUL.{i}.RACHConfigCommon.RootSequenceIndex,Device,RootSequenceIndex,Y,RootSequenceIndex,根序列索引,A,AO,prach-RootSequenceIndex,RW,unsignedInt[0:837],,,"RootType=0时，取值范围为：[0~837]；
RootType=1时，取值范围为：[0~137]；",3GPP TS38.331,,,
CMCC_5G_EXT_PICO_V1.9.4,中国移动5G扩展型皮基站网管南向接口数据模型规范v1.9.4.xlsx,SK,58,parameter,物理层参数管理,Device.Services.FAPService.{i}.CellConfig.{i}.NR.RAN.PHY.BWP.BWPUL.{i}.RACHConfigCommon.RootType,Device,RootType,Y,RootType,根序列类型,A,,,RW,unsignedInt[0:1],,,"控制RootSequenceIndex范围。
取值范围：[0,1]
分别代表{ l839，l139}",参考3GPP TS38.331参数：RootSequenceIndex，RootType用于控制选择长、短跟序列,,,
CMCC_5G_EXT_PICO_V1.9.4,中国移动5G扩展型皮基站网管南向接口数据模型规范v1.9.4.xlsx,SK,57,parameter,物理层参数管理,Device.Services.FAPService.{i}.CellConfig.{i}.NR.RAN.PHY.BWP.BWPUL.{i}.RACHConfigCommon.RsrpThresholdSSB,Device,RsrpThresholdSSB,Y,RsrpThresholdSSB,随机接入SSB RSRP门限,A,AO,rsrpThresholdSSB,RW,"unsignedInt[0:127, 0x00000FFF]",,,"取值范围：[0~127, 0x00000FFF]
0x00000FFF表示无效",3GPP TS38.331,,,
CMCC_5G_EXT_PICO_V1.9.4,中国移动5G扩展型皮基站网管南向接口数据模型规范v1.9.4.xlsx,SK,51,parameter,物理层参数管理,Device.Services.FAPService.{i}.CellConfig.{i}.NR.RAN.PHY.BWP.BWPUL.{i}.RACHConfigCommon.SSBPerRACHOccasionChoice,Device,SSBPerRACHOccasionChoice,Y,SSBPerRACHOccasionChoice,PRACH对应SSB个数,A,,,RW,"unsignedInt[0:7,0x0000000F]",,,"PRACH对应SSB个数，控制CBPreamblesPerSSB的选择范围，取值范围：[0~7, 0x0F]
分别对应{oneEighth, oneFourth, oneHalf, one, two, four, eight, sisteen}
0x0000000F表示无效",3GPP TS38.331,,,
CMCC_5G_EXT_PICO_V1.9.4,中国移动5G扩展型皮基站网管南向接口数据模型规范v1.9.4.xlsx,SK,50,parameter,物理层参数管理,Device.Services.FAPService.{i}.CellConfig.{i}.NR.RAN.PHY.BWP.BWPUL.{i}.RACHConfigCommon.TotalNumberOfRAPreambles,Device,TotalNumberOfRAPreambles,Y,TotalNumberOfRAPreambles,Preamble码个数,A,,,RW,"unsignedInt[1:63,0x00000FFF]",,,"取值范围：[1~63,0x00000FFF]
0x00000FFF表示无效",3GPP TS38.331,,,
CMCC_5G_EXT_PICO_V1.9.4,中国移动5G扩展型皮基站网管南向接口数据模型规范v1.9.4.xlsx,SK,43,parameter,物理层参数管理,Device.Services.FAPService.{i}.CellConfig.{i}.NR.RAN.PHY.BWP.BWPUL.{i}.RACHConfigGeneric.Msg1FDM,Device,Msg1FDM,Y,Msg1FDM,PRACH频域资源个数,A,AO,rachOccasionNumber,RW,unsignedInt[0:3],,,"取值范围：[0,1,2,3]
分别对应{one, two, four, eight}",3GPP TS38.331,,,
CMCC_5G_EXT_PICO_V1.9.4,中国移动5G扩展型皮基站网管南向接口数据模型规范v1.9.4.xlsx,SK,44,parameter,物理层参数管理,Device.Services.FAPService.{i}.CellConfig.{i}.NR.RAN.PHY.BWP.BWPUL.{i}.RACHConfigGeneric.Msg1FrequencyStart,Device,Msg1FrequencyStart,Y,Msg1FrequencyStart,PRACH频域起始位置,A,AO,rachOccasionStart,RW,unsignedInt[0:274],,,取值范围：[0~274],3GPP TS38.331,,,
CMCC_5G_EXT_PICO_V1.9.4,中国移动5G扩展型皮基站网管南向接口数据模型规范v1.9.4.xlsx,SK,48,parameter,物理层参数管理,Device.Services.FAPService.{i}.CellConfig.{i}.NR.RAN.PHY.BWP.BWPUL.{i}.RACHConfigGeneric.PowerRampingStep,Device,PowerRampingStep,Y,PowerRampingStep,前导爬坡步长,A,AO,powerRampingStep,RW,unsignedInt[0:3],,,"取值范围：[0,1,2,3]
分别对应{dB0, dB2, dB4, dB6}",3GPP TS38.331,,,
CMCC_5G_EXT_PICO_V1.9.4,中国移动5G扩展型皮基站网管南向接口数据模型规范v1.9.4.xlsx,SK,42,parameter,物理层参数管理,Device.Services.FAPService.{i}.CellConfig.{i}.NR.RAN.PHY.BWP.BWPUL.{i}.RACHConfigGeneric.PrachConfigurationIndex,Device,PrachConfigurationIndex,Y,PrachConfigurationIndex,PRACH时域配置,A,AO,prachConfigIndex,RW,unsignedInt[0:255],,,,3GPP TS38.331,,,
CMCC_5G_EXT_PICO_V1.9.4,中国移动5G扩展型皮基站网管南向接口数据模型规范v1.9.4.xlsx,SK,46,parameter,物理层参数管理,Device.Services.FAPService.{i}.CellConfig.{i}.NR.RAN.PHY.BWP.BWPUL.{i}.RACHConfigGeneric.PreambleReceivedTargetPower,Device,PreambleReceivedTargetPower,Y,PreambleReceivedTargetPower,前导目标接收功率,A,AO,preambleReceivedTargetPower,RW,int[-202:-60],,,取值范围：[-202 ~ -60],3GPP TS38.331,,,修订-20221118
CMCC_5G_EXT_PICO_V1.9.4,中国移动5G扩展型皮基站网管南向接口数据模型规范v1.9.4.xlsx,SK,47,parameter,物理层参数管理,Device.Services.FAPService.{i}.CellConfig.{i}.NR.RAN.PHY.BWP.BWPUL.{i}.RACHConfigGeneric.PreambleTransMax,Device,PreambleTransMax,Y,PreambleTransMax,最大前导发送次数,A,AO,preambleTransMax,RW,unsignedInt[0:10],,,"取值范围：[0,1,2,3,4,5,6,7,8,9,10]
分别对应{n3, n4, n5, n6, n7, n8, n10, n20, n50, n100, n200}",3GPP TS38.331,,,
CMCC_5G_EXT_PICO_V1.9.4,中国移动5G扩展型皮基站网管南向接口数据模型规范v1.9.4.xlsx,SK,49,parameter,物理层参数管理,Device.Services.FAPService.{i}.CellConfig.{i}.NR.RAN.PHY.BWP.BWPUL.{i}.RACHConfigGeneric.RaResponseWindow,Device,RaResponseWindow,Y,RaResponseWindow,RAR窗长,A,AO,raResponseWindow,RW,unsignedInt[0:7],,,"取值范围：[0,1,2,3,4,5,6,7]
分别对应{sl1, sl2, sl4, sl8, sl10, sl20, sl40, sl80}",3GPP TS38.331,,,
CMCC_5G_EXT_PICO_V1.9.4,中国移动5G扩展型皮基站网管南向接口数据模型规范v1.9.4.xlsx,SK,45,parameter,物理层参数管理,Device.Services.FAPService.{i}.CellConfig.{i}.NR.RAN.PHY.BWP.BWPUL.{i}.RACHConfigGeneric.ZeroCorrelationZoneConfig,Device,ZeroCorrelationZoneConfig,Y,ZeroCorrelationZoneConfig,Ncs值,A,,,RW,unsignedInt[0:15],,,取值范围：[0~15],3GPP TS38.331,,,
CMCC_5G_EXT_PICO_V1.9.4,中国移动5G扩展型皮基站网管南向接口数据模型规范v1.9.4.xlsx,SK,37,parameter,物理层参数管理,Device.Services.FAPService.{i}.CellConfig.{i}.NR.RAN.PHY.BWP.BWPUL.{i}.SrsAlpha,Device,SrsAlpha,Y,SrsAlpha,SRS路损因子,B,AQ,srsAlpha,RW,unsignedInt[1:8],,,"该参数用于设置SRS功控的路损因子ENUMERATED {alpha0, alpha04, alpha05, alpha06, alpha07, alpha08, alpha09, alpha1}",5G SA gNB网元统计数据需求规范-NRM(V1.4.2),,,
CMCC_5G_EXT_PICO_V1.9.4,中国移动5G扩展型皮基站网管南向接口数据模型规范v1.9.4.xlsx,SK,38,parameter,物理层参数管理,Device.Services.FAPService.{i}.CellConfig.{i}.NR.RAN.PHY.BWP.BWPUL.{i}.SrsP0,Device,SrsP0,Y,SrsP0,SRS的目标接收功率,B,AQ,srsP0,RW,int[-202:24],,,该参数用于设置SRS功控的目标接收功率，单位dBm,5G SA gNB网元统计数据需求规范-NRM(V1.4.2),,,修订-20221118
CMCC_5G_EXT_PICO_V1.9.4,中国移动5G扩展型皮基站网管南向接口数据模型规范v1.9.4.xlsx,SK,36,parameter,物理层参数管理,Device.Services.FAPService.{i}.CellConfig.{i}.NR.RAN.PHY.BWP.BWPUL.{i}.SrsPowerControlAdjustmentStates,Device,SrsPowerControlAdjustmentStates,Y,SrsPowerControlAdjustmentStates,SRS功率控制调整状态,B,AQ,srsPowerControlAdjustmentStates,RW,string,,,"该参数用于指示SRS是单独功控或者跟随着PUSCH同时功控,
字符串取值：{sameAsFci2, separateClosedLoop，sameAsFci1}",5G SA gNB网元统计数据需求规范-NRM(V1.4.2),,,
CMCC_5G_EXT_PICO_V1.9.4,中国移动5G扩展型皮基站网管南向接口数据模型规范v1.9.4.xlsx,SK,34,parameter,物理层参数管理,Device.Services.FAPService.{i}.CellConfig.{i}.NR.RAN.PHY.BWP.BWPUL.{i}.StartPrbPosition,Device,StartPrbPosition,Y,StartPrbPosition,起始PRB位置（上行）,A,,,RW,unsignedInt[0:273],,,"配置BWP的起始RB位置。
取值范围：[0~273]",参考3GPP TS38.331参数：locationAndBandwidth，将其分解成两个参数StartPrbPosition和Bandwidth，便于工程人员操作维护,,,
CMCC_5G_EXT_PICO_V1.9.4,中国移动5G扩展型皮基站网管南向接口数据模型规范v1.9.4.xlsx,SK,39,parameter,物理层参数管理,Device.Services.FAPService.{i}.CellConfig.{i}.NR.RAN.PHY.BWP.BWPUL.{i}.SubcarrierSpacing,Device,SubcarrierSpacing,Y,SubcarrierSpacing,BWP子载波间隔（上行）,A,,,RW,unsignedInt[0:4],,,"取值范围：{0, 1, 2, 3, 4}
0代表kHz15，1代表kHz30，2代表kHz60，3代表kHz120，4代表kHz240.",3GPP TS38.331,,,
CMCC_5G_EXT_PICO_V1.9.4,中国移动5G扩展型皮基站网管南向接口数据模型规范v1.9.4.xlsx,SK,29,parameter,物理层参数管理,Device.Services.FAPService.{i}.CellConfig.{i}.NR.RAN.PHY.BWP.BWPUL.{i}.UlBWPId,Device,UlBWPId,Y,UlBWPId,上行BWP标识符,A,,,RW,unsignedInt[0:4],,,"取值范围：{0~4, 4095}
无效值为十六进制或十进制都可以",3GPP TS38.331,,,20231020-描述增加取值范围无效值说明
CMCC_5G_EXT_PICO_V1.9.4,中国移动5G扩展型皮基站网管南向接口数据模型规范v1.9.4.xlsx,SK,14,parameter,物理层参数管理,Device.Services.FAPService.{i}.CellConfig.{i}.NR.RAN.PHY.DmrsTypeAPosition,Device,DmrsTypeAPosition,Y,DmrsTypeAPosition,DMRS TypeA位置,A,,,RW,unsignedInt[0:1],,,"上下行DM-RS位置，取值范围：{0, 1}分别表示{pos2, pos3}",3GPP TS38.331,,,
CMCC_5G_EXT_PICO_V1.9.4,中国移动5G扩展型皮基站网管南向接口数据模型规范v1.9.4.xlsx,SK,3,parameter,物理层参数管理,Device.Services.FAPService.{i}.CellConfig.{i}.NR.RAN.PHY.FrequencyInfoDLSIB.MultiFrequencyBandListNRSIB.{i}.FreqBandIndicatorNR,Device,FreqBandIndicatorNR,Y,FreqBandIndicatorNR,NR频段指示,A,,,RW,unsignedInt[1:1024],,,"FreqBandIndList实际值
总个数最大为8，即i最大取8",3GPP TS38.331,,,
CMCC_5G_EXT_PICO_V1.9.4,中国移动5G扩展型皮基站网管南向接口数据模型规范v1.9.4.xlsx,SK,2,parameter,物理层参数管理,Device.Services.FAPService.{i}.CellConfig.{i}.NR.RAN.PHY.FrequencyInfoDLSIB.OffsetToPointA,Device,OffsetToPointA,Y,OffsetToPointA,SSB的PRB0中子载波0位置与PointA之间偏移值,A,,,R,unsignedInt[0:2199],,,"取值范围：0~2199
默认值为0",3GPP TS38.331,,,
CMCC_5G_EXT_PICO_V1.9.4,中国移动5G扩展型皮基站网管南向接口数据模型规范v1.9.4.xlsx,SK,6,parameter,物理层参数管理,Device.Services.FAPService.{i}.CellConfig.{i}.NR.RAN.PHY.FrequencyInfoDLSIB.ScsSpecificCarrierList.{i}.SCSSpecificCarrier.CarrierBandwidth,Device,CarrierBandwidth,Y,CarrierBandwidth,带宽值(下行),A,,,RW,unsignedInt[1:275],,,"取值范围：[1~275],i最大值取5",3GPP TS38.331,,,
CMCC_5G_EXT_PICO_V1.9.4,中国移动5G扩展型皮基站网管南向接口数据模型规范v1.9.4.xlsx,SK,4,parameter,物理层参数管理,Device.Services.FAPService.{i}.CellConfig.{i}.NR.RAN.PHY.FrequencyInfoDLSIB.ScsSpecificCarrierList.{i}.SCSSpecificCarrier.OffsetToCarrier,Device,OffsetToCarrier,Y,OffsetToCarrier,载波偏置(下行),A,,,RW,unsignedInt[0:2199],,,"INTEGER (0..2199),i最大值取5",3GPP TS38.331,,,
CMCC_5G_EXT_PICO_V1.9.4,中国移动5G扩展型皮基站网管南向接口数据模型规范v1.9.4.xlsx,SK,5,parameter,物理层参数管理,Device.Services.FAPService.{i}.CellConfig.{i}.NR.RAN.PHY.FrequencyInfoDLSIB.ScsSpecificCarrierList.{i}.SCSSpecificCarrier.SubcarrierSpacing,Device,SubcarrierSpacing,Y,SubcarrierSpacing,子载波间隔(下行),A,,,RW,unsignedInt[0:4],,,"子载波间隔
取值范围：{0, 1, 2, 3, 4}
0代表kHz15，1代表kHz30，2代表kHz60，3代表kHz120，4代表kHz240.,i最大值取5",3GPP TS38.331,,,
CMCC_5G_EXT_PICO_V1.9.4,中国移动5G扩展型皮基站网管南向接口数据模型规范v1.9.4.xlsx,SK,9,parameter,物理层参数管理,Device.Services.FAPService.{i}.CellConfig.{i}.NR.RAN.PHY.FrequencyInfoULSIB.ScsSpecificCarrierList.{i}.SCSSpecificCarrier.CarrierBandwidth,Device,CarrierBandwidth,Y,CarrierBandwidth,带宽值(上行),A,,,RW,unsignedInt[1:275],,,"取值范围：[1~275],i最大值取5",3GPP TS38.331,,,
CMCC_5G_EXT_PICO_V1.9.4,中国移动5G扩展型皮基站网管南向接口数据模型规范v1.9.4.xlsx,SK,7,parameter,物理层参数管理,Device.Services.FAPService.{i}.CellConfig.{i}.NR.RAN.PHY.FrequencyInfoULSIB.ScsSpecificCarrierList.{i}.SCSSpecificCarrier.OffsetToCarrier,Device,OffsetToCarrier,Y,OffsetToCarrier,载波偏置(上行),A,,,RW,unsignedInt[0:2199],,,"取值范围：[0~2199],i最大值取5",3GPP TS38.331,,,
CMCC_5G_EXT_PICO_V1.9.4,中国移动5G扩展型皮基站网管南向接口数据模型规范v1.9.4.xlsx,SK,8,parameter,物理层参数管理,Device.Services.FAPService.{i}.CellConfig.{i}.NR.RAN.PHY.FrequencyInfoULSIB.ScsSpecificCarrierList.{i}.SCSSpecificCarrier.SubcarrierSpacing,Device,SubcarrierSpacing,Y,SubcarrierSpacing,子载波间隔(上行),A,,,RW,unsignedInt[0:4],,,"子载波间隔
取值范围：{0, 1, 2, 3, 4}
0代表kHz15，1代表kHz30，2代表kHz60，3代表kHz120，4代表kHz240.
,i最大值取5",3GPP TS38.331,,,
CMCC_5G_EXT_PICO_V1.9.4,中国移动5G扩展型皮基站网管南向接口数据模型规范v1.9.4.xlsx,SK,27,parameter,物理层参数管理,Device.Services.FAPService.{i}.CellConfig.{i}.NR.RAN.PHY.PUSCH.PuschTpcAccumulation,Device,PuschTpcAccumulation,Y,PuschTpcAccumulation,PUSCH累积式功控开关,B,AQ,puschTpcAccumulation,RW,boolean,,,"{ 关闭:0, 打开:1 }",5G SA gNB网元统计数据需求规范-NRM(V1.4.2),,,
CMCC_5G_EXT_PICO_V1.9.4,中国移动5G扩展型皮基站网管南向接口数据模型规范v1.9.4.xlsx,SK,11,parameter,物理层参数管理,Device.Services.FAPService.{i}.CellConfig.{i}.NR.RAN.PHY.SSB.SsbPeriodicityServingCell,Device,SsbPeriodicityServingCell,Y,SsbPeriodicityServingCell,SSB周期,A,BF,ssbPeriodicityServingCell,RW,unsignedInt[0:5],,,SS-Burst-Set的周期,3GPP TS38.331,,,
CMCC_5G_EXT_PICO_V1.9.4,中国移动5G扩展型皮基站网管南向接口数据模型规范v1.9.4.xlsx,SK,10,parameter,物理层参数管理,Device.Services.FAPService.{i}.CellConfig.{i}.NR.RAN.PHY.SSB.SsbPositionsInBurst.InOneGroup,Device,InOneGroup,Y,InOneGroup,SSB索引bit位,A,,,RW,string(8),,,指示SS-Burst-Set中的SSB的时域位置,3GPP TS38.331,,,
CMCC_5G_EXT_PICO_V1.9.4,中国移动5G扩展型皮基站网管南向接口数据模型规范v1.9.4.xlsx,SK,12,parameter,物理层参数管理,Device.Services.FAPService.{i}.CellConfig.{i}.NR.RAN.PHY.SSB.SsbSubcarrierOffset,Device,SsbSubcarrierOffset,Y,SsbSubcarrierOffset,SSB子载波偏置,A,,,R,unsignedInt[0:15],,,kSSB的低4位，表示PointA相对于SSB子载波0的子载波偏移,3GPP TS38.331,,,
CMCC_5G_EXT_PICO_V1.9.4,中国移动5G扩展型皮基站网管南向接口数据模型规范v1.9.4.xlsx,SK,13,parameter,物理层参数管理,Device.Services.FAPService.{i}.CellConfig.{i}.NR.RAN.PHY.SubCarrierSpacingCommon,Device,SubCarrierSpacingCommon,Y,SubCarrierSpacingCommon,公共子载波间隔,A,BF,subCarrierSpacingCommon,RW,string(64),,,"公共子载波间隔，SIB1、初始接入Msg.2/4、和SI-message使用的子载波间隔。 取值范围{scs15or60, scs30or120},",3GPP TS38.331,,,
CMCC_5G_EXT_PICO_V1.9.4,中国移动5G扩展型皮基站网管南向接口数据模型规范v1.9.4.xlsx,SK,16,parameter,物理层参数管理,Device.Services.FAPService.{i}.CellConfig.{i}.NR.RAN.PHY.TddULDLConfigurationCommon.ReferenceSubcarrierSpacing,Device,ReferenceSubcarrierSpacing,Y,ReferenceSubcarrierSpacing,参考子载波间隔,A,,,RW,unsignedInt[0:4],,,"取值范围：{0, 1, 2, 3, 4}
0代表kHz15，1代表kHz30，2代表kHz60，3代表kHz120，4代表kHz240.",3GPP TS38.331,,,
CMCC_5G_EXT_PICO_V1.9.4,中国移动5G扩展型皮基站网管南向接口数据模型规范v1.9.4.xlsx,SK,17,parameter,物理层参数管理,Device.Services.FAPService.{i}.CellConfig.{i}.NR.RAN.PHY.TddULDLConfigurationCommon.pattern1.DlULTransmissionPeriodicity,Device,DlULTransmissionPeriodicity,Y,DlULTransmissionPeriodicity,模式1的传输周期,A,,,RW,unsignedInt[0:7],,,"取值范围：{0, 1, 2, 3, 4,5,6,7}
0代表ms0p5，1代表ms0p625，2代表ms1，3代表ms1p25，4代表ms2，5代表ms2p5，6代表ms5,7代表ms10.",3GPP TS38.331,,,20231020-描述增加取值范围无效值说明
CMCC_5G_EXT_PICO_V1.9.4,中国移动5G扩展型皮基站网管南向接口数据模型规范v1.9.4.xlsx,SK,18,parameter,物理层参数管理,Device.Services.FAPService.{i}.CellConfig.{i}.NR.RAN.PHY.TddULDLConfigurationCommon.pattern1.NrofDownlinkSlots,Device,NrofDownlinkSlots,Y,NrofDownlinkSlots,模式1的连续下行时隙数,A,,,RW,unsignedInt[0:320],,,取值范围：[0~320],3GPP TS38.331,,,
CMCC_5G_EXT_PICO_V1.9.4,中国移动5G扩展型皮基站网管南向接口数据模型规范v1.9.4.xlsx,SK,19,parameter,物理层参数管理,Device.Services.FAPService.{i}.CellConfig.{i}.NR.RAN.PHY.TddULDLConfigurationCommon.pattern1.NrofDownlinkSymbols,Device,NrofDownlinkSymbols,Y,NrofDownlinkSymbols,模式1的连续下行符号数,A,,,RW,unsignedInt[0:13],,,取值范围：[0~13],3GPP TS38.331,,,
CMCC_5G_EXT_PICO_V1.9.4,中国移动5G扩展型皮基站网管南向接口数据模型规范v1.9.4.xlsx,SK,20,parameter,物理层参数管理,Device.Services.FAPService.{i}.CellConfig.{i}.NR.RAN.PHY.TddULDLConfigurationCommon.pattern1.NrofUplinkSlots,Device,NrofUplinkSlots,Y,NrofUplinkSlots,模式1的连续上行时隙数,A,,,RW,unsignedInt[0:320],,,取值范围：[0~320],3GPP TS38.331,,,
CMCC_5G_EXT_PICO_V1.9.4,中国移动5G扩展型皮基站网管南向接口数据模型规范v1.9.4.xlsx,SK,21,parameter,物理层参数管理,Device.Services.FAPService.{i}.CellConfig.{i}.NR.RAN.PHY.TddULDLConfigurationCommon.pattern1.NrofUplinkSymbols,Device,NrofUplinkSymbols,Y,NrofUplinkSymbols,模式1的连续上行符号数,A,,,RW,unsignedInt[0:13],,,取值范围：[0~13],3GPP TS38.331,,,
CMCC_5G_EXT_PICO_V1.9.4,中国移动5G扩展型皮基站网管南向接口数据模型规范v1.9.4.xlsx,SK,22,parameter,物理层参数管理,Device.Services.FAPService.{i}.CellConfig.{i}.NR.RAN.PHY.TddULDLConfigurationCommon.pattern2.DlULTransmissionPeriodicity,Device,DlULTransmissionPeriodicity,Y,DlULTransmissionPeriodicity,模式2的传输周期,A,,,RW,"unsignedInt[0:7,4095]",,,"取值范围：{0, 1, 2, 3, 4,5,6,7,4095}
0代表ms0p5，1代表ms0p625，2代表ms1，3代表ms1p25，4代表ms2，5代表ms2p5，6代表ms5,7代表ms10,4095代表无效值。
无效值为十六进制或十进制都可以",3GPP TS38.331,,,20231020-描述增加取值范围无效值说明
CMCC_5G_EXT_PICO_V1.9.4,中国移动5G扩展型皮基站网管南向接口数据模型规范v1.9.4.xlsx,SK,23,parameter,物理层参数管理,Device.Services.FAPService.{i}.CellConfig.{i}.NR.RAN.PHY.TddULDLConfigurationCommon.pattern2.NrofDownlinkSlots,Device,NrofDownlinkSlots,Y,NrofDownlinkSlots,模式2的连续下行时隙数,A,,,RW,unsignedInt[0:320],,,取值范围：[0~320，4095]，4095代表无效值。,3GPP TS38.331,,,
CMCC_5G_EXT_PICO_V1.9.4,中国移动5G扩展型皮基站网管南向接口数据模型规范v1.9.4.xlsx,SK,24,parameter,物理层参数管理,Device.Services.FAPService.{i}.CellConfig.{i}.NR.RAN.PHY.TddULDLConfigurationCommon.pattern2.NrofDownlinkSymbols,Device,NrofDownlinkSymbols,Y,NrofDownlinkSymbols,模式2的连续下行符号数,A,,,RW,unsignedInt[0:13],,,取值范围：[0~13，4095]，4095代表无效值。,3GPP TS38.331,,,
CMCC_5G_EXT_PICO_V1.9.4,中国移动5G扩展型皮基站网管南向接口数据模型规范v1.9.4.xlsx,SK,25,parameter,物理层参数管理,Device.Services.FAPService.{i}.CellConfig.{i}.NR.RAN.PHY.TddULDLConfigurationCommon.pattern2.NrofUplinkSlots,Device,NrofUplinkSlots,Y,NrofUplinkSlots,模式2的连续上行时隙数,A,,,RW,unsignedInt[0:320],,,取值范围：[0~320，4095]，4095代表无效值。,3GPP TS38.331,,,
CMCC_5G_EXT_PICO_V1.9.4,中国移动5G扩展型皮基站网管南向接口数据模型规范v1.9.4.xlsx,SK,26,parameter,物理层参数管理,Device.Services.FAPService.{i}.CellConfig.{i}.NR.RAN.PHY.TddULDLConfigurationCommon.pattern2.NrofUplinkSymbols,Device,NrofUplinkSymbols,Y,NrofUplinkSymbols,模式2的连续上行符号数,A,,,RW,unsignedInt[0:13],,,取值范围：[0~13，4095]，4095代表无效值。,3GPP TS38.331,,,
CMCC_5G_EXT_PICO_V1.9.4,中国移动5G扩展型皮基站网管南向接口数据模型规范v1.9.4.xlsx,SK,15,parameter,物理层参数管理,Device.Services.FAPService.{i}.CellConfig.{i}.NR.RAN.PHY.TimeAlignmentTimerCommon,Device,TimeAlignmentTimerCommon,Y,TimeAlignmentTimerCommon,上行提前量,A,,,RW,string(64),,,"上行提前量,Enumerate{ms500, ms750, ms1280, ms1920, ms2560, ms5120, ms10240, infinity}",3GPP TS38.331,,,
CMCC_TD_LTE_V2.3,中国移动TD-LTE皮站_飞站基站设备网络管理南向接口数据配置模型规范V2.3.xlsx,SH,42,parameter,物理层参数管理,InternetGatewayDevice.Services.FAPService.{i}.CellConfig.LTE.RAN.PHY.Antenna.NumOfRxChannel,InternetGatewayDevice,NumOfRxChannel,Y,NumOfRxAntenna,接收通道数,A,AE,RxChannel,R,unsignedInt[1:7],,,"射频通道数包括1通道、2通道、4通道、8通道、16通道、32通道和64通道。
Enumerate{
1R,2R,4R,8R,16R,32R,64R}",5G SA gNB网元统计数据需求规范-NRM(V1.6.0),,"V2.2增加小区级收通道数NumOfRxChannel”，便于网管构建RU/RRU北向资管归属小区信息,和5G保持一致",
CMCC_TD_LTE_V2.3,中国移动TD-LTE皮站_飞站基站设备网络管理南向接口数据配置模型规范V2.3.xlsx,SH,41,parameter,物理层参数管理,InternetGatewayDevice.Services.FAPService.{i}.CellConfig.LTE.RAN.PHY.Antenna.NumOfTxChannel,InternetGatewayDevice,NumOfTxChannel,Y,NumOfTxAntenna,发射通道数,A,AE,TxChannel,R,unsignedInt[1:7],,,"射频通道数包括1通道、2通道、4通道、8通道、16通道、32通道和64通道。
Enumerate{
1T,2T,4T,8T,16T,32T,64T}",5G SA gNB网元统计数据需求规范-NRM(V1.6.0),,"V2.2增加小区级发通道数NumOfTxChannel”，便于网管构建RU/RRU北向资管归属小区信息,和5G保持一致",
CMCC_TD_LTE_V2.3,中国移动TD-LTE皮站_飞站基站设备网络管理南向接口数据配置模型规范V2.3.xlsx,SH,2,parameter,物理层参数管理,InternetGatewayDevice.Services.FAPService.{i}.CellConfig.LTE.RAN.PHY.MBSFN.NeighCellConfig,InternetGatewayDevice,NeighCellConfig,Y,NeighCellConfig,邻区配置,CA,AJ、AV,,RW,unsignedInt[0:3],,,"提供邻小区的MBSFN和TDDUL/DL配置信息。
0：不是所有的小区与服务小区有相同的MBSFN子帧分配；
1：所有邻小区没有MBSFN子帧；
2：所有邻小区的MBSFN子帧分配与服务小区相同或者是服务小区的自己；
3：对于TDD，邻小区的UL/DL分配与服务小区的不同。",TR系列规范(TR098/TR181/TR196),,,
CMCC_TD_LTE_V2.3,中国移动TD-LTE皮站_飞站基站设备网络管理南向接口数据配置模型规范V2.3.xlsx,SH,4,parameter,物理层参数管理,InternetGatewayDevice.Services.FAPService.{i}.CellConfig.LTE.RAN.PHY.MBSFN.SFConfigList.{i}.RadioFrameAllocationPeriod,InternetGatewayDevice,RadioFrameAllocationPeriod,Y,RadioFrameAllocationPeriod,无线帧分配周期,CA,,,RW,unsignedInt[0:8],,,radioFrameAllocationPeriod=radioFrameAllocationOffset时，生成包含MBSFN子帧的无线帧。n1代表1，n2代表2,TR系列规范(TR098/TR181/TR196)/NRM数据配置要求,,北向对应关系重新匹配,
CMCC_TD_LTE_V2.3,中国移动TD-LTE皮站_飞站基站设备网络管理南向接口数据配置模型规范V2.3.xlsx,SH,5,parameter,物理层参数管理,InternetGatewayDevice.Services.FAPService.{i}.CellConfig.LTE.RAN.PHY.MBSFN.SFConfigList.{i}.RadioFrameAllocationSize,InternetGatewayDevice,RadioFrameAllocationSize,Y,RadioFrameAllocationSize,MBSFN连续无线帧数,CA,,,RW,"unsignedInt[1,4]",,,"代表MBSFN分配适合的连续帧的数，rf1对应1，rf4对应4，
取值范围：1,4
1代表rf1,4代表rf4",TR系列规范(TR098/TR181/TR196),,,
CMCC_TD_LTE_V2.3,中国移动TD-LTE皮站_飞站基站设备网络管理南向接口数据配置模型规范V2.3.xlsx,SH,3,parameter,物理层参数管理,InternetGatewayDevice.Services.FAPService.{i}.CellConfig.LTE.RAN.PHY.MBSFN.SFConfigList.{i}.RadioframeAllocationOffset,InternetGatewayDevice,RadioframeAllocationOffset,Y,RadioframeAllocationOffset,无线帧分配偏置,CA,,,RW,unsignedInt[0:6],,,"radioFrameAllocationPeriod=radioFrameAllocationOffset时，生成包含MBSFN子帧的无线帧。当radioFrameAllocationSize等于4时，等式定义分配的前四个帧。n1
对应1，n2对应2等。当
radioFrameAllocationSize等于4
时，值n1,n2不再适用",TR系列规范(TR098/TR181/TR196)/NRM数据配置要求,,北向对应关系重新匹配,
CMCC_TD_LTE_V2.3,中国移动TD-LTE皮站_飞站基站设备网络管理南向接口数据配置模型规范V2.3.xlsx,SH,6,parameter,物理层参数管理,InternetGatewayDevice.Services.FAPService.{i}.CellConfig.LTE.RAN.PHY.MBSFN.SFConfigList.{i}.SubFrameAllocations,InternetGatewayDevice,SubFrameAllocations,Y,SubFrameAllocations,MBSFN子帧分配样式,CA,,,RW,string(64),,,分配的子帧数，如果radioFrameAllocationSize为1，有效位为低6位，如果radioFrameAllocationSize为4，有效位为低24位,TR系列规范(TR098/TR181/TR196),,,
CMCC_TD_LTE_V2.3,中国移动TD-LTE皮站_飞站基站设备网络管理南向接口数据配置模型规范V2.3.xlsx,SH,7,parameter,物理层参数管理,InternetGatewayDevice.Services.FAPService.{i}.CellConfig.LTE.RAN.PHY.MBSFN.SFConfigList.{i}.SyncStratumID,InternetGatewayDevice,SyncStratumID,Y,SyncStratumID,空口同步等级,CA,,,RW,unsignedInt[1:8],,,定义MBSFN配置适用的同步层级别,TR系列规范(TR098/TR181/TR196),,,
CMCC_TD_LTE_V2.3,中国移动TD-LTE皮站_飞站基站设备网络管理南向接口数据配置模型规范V2.3.xlsx,SH,35,parameter,物理层参数管理,InternetGatewayDevice.Services.FAPService.{i}.CellConfig.LTE.RAN.PHY.PDSCH.Pa,InternetGatewayDevice,Pa,Y,Pa,小区PDSCH采用固定功率分配时的PA取值,A,,Pa,RW,string(64),,,实际值=该值/100,TR系列规范(TR098/TR181/TR196),,修正参数类型,
CMCC_TD_LTE_V2.3,中国移动TD-LTE皮站_飞站基站设备网络管理南向接口数据配置模型规范V2.3.xlsx,SH,34,parameter,物理层参数管理,InternetGatewayDevice.Services.FAPService.{i}.CellConfig.LTE.RAN.PHY.PDSCH.Pb,InternetGatewayDevice,Pb,Y,Pb,天线端口信号功率比,A,,Pb,RW,string(32),,,,TR系列规范(TR098/TR181/TR196),,,
CMCC_TD_LTE_V2.3,中国移动TD-LTE皮站_飞站基站设备网络管理南向接口数据配置模型规范V2.3.xlsx,SH,8,parameter,物理层参数管理,InternetGatewayDevice.Services.FAPService.{i}.CellConfig.LTE.RAN.PHY.PRACH.ConfigurationIndex,InternetGatewayDevice,ConfigurationIndex,Y,ConfigurationIndex,PRACH配置索引,A,,,RW,string(256),,,PRACH配置资源索引，由该值可确定系统所用的前导码格式及PRACH资源的时域位置,TR系列规范(TR098/TR181/TR196),,修正参数类型,
CMCC_TD_LTE_V2.3,中国移动TD-LTE皮站_飞站基站设备网络管理南向接口数据配置模型规范V2.3.xlsx,SH,9,parameter,物理层参数管理,InternetGatewayDevice.Services.FAPService.{i}.CellConfig.LTE.RAN.PHY.PRACH.FreqOffset,InternetGatewayDevice,FreqOffset,Y,FreqOffset,PRACH频率偏移,A,,,RW,string(256),,,第一个PRACH可用的物理资源块，表示为一个物理资源块序号。该参数仅对前导格式0~3有效,TR系列规范(TR098/TR181/TR196),,,
CMCC_TD_LTE_V2.3,中国移动TD-LTE皮站_飞站基站设备网络管理南向接口数据配置模型规范V2.3.xlsx,SH,10,parameter,物理层参数管理,InternetGatewayDevice.Services.FAPService.{i}.CellConfig.LTE.RAN.PHY.PRACH.HighSpeedFlag,InternetGatewayDevice,HighSpeedFlag,Y,HighSpeedFlag,高速状态标识,A,,,RW,boolean,,,决定使用不受限制的前导码集(FALSE)还是受限制的前导码集(TRUE),TR系列规范(TR098/TR181/TR196),,,
CMCC_TD_LTE_V2.3,中国移动TD-LTE皮站_飞站基站设备网络管理南向接口数据配置模型规范V2.3.xlsx,SH,11,parameter,物理层参数管理,InternetGatewayDevice.Services.FAPService.{i}.CellConfig.LTE.RAN.PHY.PRACH.RootSequenceIndex,InternetGatewayDevice,RootSequenceIndex,Y,RootSequenceIndex,逻辑根序列索引,A,,RootSequenceIndex,RW,string(512),,,决定小区中可用的64个物理RACH前导码序列,TR系列规范(TR098/TR181/TR196)/NRM数据配置要求,,修正参数类型,
CMCC_TD_LTE_V2.3,中国移动TD-LTE皮站_飞站基站设备网络管理南向接口数据配置模型规范V2.3.xlsx,SH,12,parameter,物理层参数管理,InternetGatewayDevice.Services.FAPService.{i}.CellConfig.LTE.RAN.PHY.PRACH.ZeroCorrelationZoneConfig,InternetGatewayDevice,ZeroCorrelationZoneConfig,Y,ZeroCorrelationZoneConfig,零相关配置,A,,,RW,string(64),,,该参数用在前导码序列生成中,TR系列规范(TR098/TR181/TR196),,,
CMCC_TD_LTE_V2.3,中国移动TD-LTE皮站_飞站基站设备网络管理南向接口数据配置模型规范V2.3.xlsx,SH,31,parameter,物理层参数管理,InternetGatewayDevice.Services.FAPService.{i}.CellConfig.LTE.RAN.PHY.PRS.NumConsecutivePRSSubfames,InternetGatewayDevice,NumConsecutivePRSSubfames,Y,NumConsecutivePRSSubfames,PRS连续子帧数,A,,,RW,"unsignedInt[1:2,4,6]",,,"定义连续位置子帧的数目,0x0FFFFFFF:暂不使用",TR系列规范(TR098/TR181/TR196),,,
CMCC_TD_LTE_V2.3,中国移动TD-LTE皮站_飞站基站设备网络管理南向接口数据配置模型规范V2.3.xlsx,SH,29,parameter,物理层参数管理,InternetGatewayDevice.Services.FAPService.{i}.CellConfig.LTE.RAN.PHY.PRS.NumPRSResourceBlocks,InternetGatewayDevice,NumPRSResourceBlocks,Y,NumPRSResourceBlocks,PRSRB数目,A,,,RW,unsignedInt,,,定义PRS使用的资源块的数目,TR系列规范(TR098/TR181/TR196),,,
CMCC_TD_LTE_V2.3,中国移动TD-LTE皮站_飞站基站设备网络管理南向接口数据配置模型规范V2.3.xlsx,SH,30,parameter,物理层参数管理,InternetGatewayDevice.Services.FAPService.{i}.CellConfig.LTE.RAN.PHY.PRS.PRSConfigurationIndex,InternetGatewayDevice,PRSConfigurationIndex,Y,PRSConfigurationIndex,PRS配置索引,A,,,RW,unsignedInt[0:4095],,,对应于PRS配置索引,TR系列规范(TR098/TR181/TR196),,,
CMCC_TD_LTE_V2.3,中国移动TD-LTE皮站_飞站基站设备网络管理南向接口数据配置模型规范V2.3.xlsx,SH,21,parameter,物理层参数管理,InternetGatewayDevice.Services.FAPService.{i}.CellConfig.LTE.RAN.PHY.PUCCH.CQIPUCCHResourceIndex,InternetGatewayDevice,CQIPUCCHResourceIndex,Y,CQIPUCCHResourceIndex,CQI报告使用PUCCH资源索引,A,,,RW,string(512),,,为UE分配的用于CQI上报的PUCCHformat2资源索引,TR系列规范(TR098/TR181/TR196),,,
CMCC_TD_LTE_V2.3,中国移动TD-LTE皮站_飞站基站设备网络管理南向接口数据配置模型规范V2.3.xlsx,SH,17,parameter,物理层参数管理,InternetGatewayDevice.Services.FAPService.{i}.CellConfig.LTE.RAN.PHY.PUCCH.DeltaPUCCHShift,InternetGatewayDevice,DeltaPUCCHShift,Y,DeltaPUCCHShift,PUCCH循环移位间隔,A,,,RW,string,,,代表PUCCHformat1/1a/1b资源的循环位移,TR系列规范(TR098/TR181/TR196),,修正参数类型,
CMCC_TD_LTE_V2.3,中国移动TD-LTE皮站_飞站基站设备网络管理南向接口数据配置模型规范V2.3.xlsx,SH,22,parameter,物理层参数管理,InternetGatewayDevice.Services.FAPService.{i}.CellConfig.LTE.RAN.PHY.PUCCH.K,InternetGatewayDevice,K,Y,K,子带CQI报告带宽,A,,,RW,unsignedInt[1:4],,,"子波段报告模式中的子波段大小，
以物理资源块为单位",TR系列规范(TR098/TR181/TR196),,,
CMCC_TD_LTE_V2.3,中国移动TD-LTE皮站_飞站基站设备网络管理南向接口数据配置模型规范V2.3.xlsx,SH,20,parameter,物理层参数管理,InternetGatewayDevice.Services.FAPService.{i}.CellConfig.LTE.RAN.PHY.PUCCH.N1PUCCHAN,InternetGatewayDevice,N1PUCCHAN,Y,N1PUCCHAN,SPSACK/NACK及SR预留资源数,A,,,RW,string(512),,,即N(1)PUCCH参数，表示预留给半持续调度（SPS）的ACK/NACK和SR请求的PUCCHformat1静态资源数,TR系列规范(TR098/TR181/TR196),,修正参数类型,
CMCC_TD_LTE_V2.3,中国移动TD-LTE皮站_飞站基站设备网络管理南向接口数据配置模型规范V2.3.xlsx,SH,19,parameter,物理层参数管理,InternetGatewayDevice.Services.FAPService.{i}.CellConfig.LTE.RAN.PHY.PUCCH.NCSAN,InternetGatewayDevice,NCSAN,Y,NCSAN,PUCCH1/1a/1b预留资源数,A,,,RW,unsignedInt[0:7],,,即N(1)cs参数，在混合使用1/1a/1b和2/2a/2b格式的资源块中，代表预留给PUCCH1/1a/1b格式的循环位移,TR系列规范(TR098/TR181/TR196),,修正参数类型,
CMCC_TD_LTE_V2.3,中国移动TD-LTE皮站_飞站基站设备网络管理南向接口数据配置模型规范V2.3.xlsx,SH,18,parameter,物理层参数管理,InternetGatewayDevice.Services.FAPService.{i}.CellConfig.LTE.RAN.PHY.PUCCH.NRBCQI,InternetGatewayDevice,NRBCQI,Y,NRBCQI,PUCCH2/2a/2b占用RB数,A,,,RW,string,,,即N2RB参数，代表PUCCH域中预留用于传输CQI的PUCCH域个数,TR系列规范(TR098/TR181/TR196),,,
CMCC_TD_LTE_V2.3,中国移动TD-LTE皮站_飞站基站设备网络管理南向接口数据配置模型规范V2.3.xlsx,SH,25,parameter,物理层参数管理,InternetGatewayDevice.Services.FAPService.{i}.CellConfig.LTE.RAN.PHY.PUSCH.Enable64QAM,InternetGatewayDevice,Enable64QAM,Y,Enable64QAM,PUSCH64QAM使能开关,A,,,RW,Boolean,,,"TRUE代表允许64QAM，FALSE代表不允许64QAM;
64QAM,1=64QAM",TR系列规范(TR098/TR181/TR196),,,
CMCC_TD_LTE_V2.3,中国移动TD-LTE皮站_飞站基站设备网络管理南向接口数据配置模型规范V2.3.xlsx,SH,26,parameter,物理层参数管理,InternetGatewayDevice.Services.FAPService.{i}.CellConfig.LTE.RAN.PHY.PUSCH.HoppingMode,InternetGatewayDevice,HoppingMode,Y,HoppingMode,PUSCH跳频模式,A,,,RW,string,,,决定跳跃是“子帧间跳跃”还是“子帧间与子帧内跳跃”,TR系列规范(TR098/TR181/TR196),,,
CMCC_TD_LTE_V2.3,中国移动TD-LTE皮站_飞站基站设备网络管理南向接口数据配置模型规范V2.3.xlsx,SH,27,parameter,物理层参数管理,InternetGatewayDevice.Services.FAPService.{i}.CellConfig.LTE.RAN.PHY.PUSCH.HoppingOffset,InternetGatewayDevice,HoppingOffset,Y,HoppingOffset,PUSCH跳频偏置,A,,,RW,string(256),,,如果上行链路频率跳跃模式启用，该参数用来计算需要用来在PUSCH传输的物理资源块,TR系列规范(TR098/TR181/TR196),,,
CMCC_TD_LTE_V2.3,中国移动TD-LTE皮站_飞站基站设备网络管理南向接口数据配置模型规范V2.3.xlsx,SH,28,parameter,物理层参数管理,InternetGatewayDevice.Services.FAPService.{i}.CellConfig.LTE.RAN.PHY.PUSCH.NSB,InternetGatewayDevice,NSB,Y,NSB,跳频子带个数,A,,,RW,unsignedInt[1:4],,,代表次频带的数目,TR系列规范(TR098/TR181/TR196),,,
CMCC_TD_LTE_V2.3,中国移动TD-LTE皮站_飞站基站设备网络管理南向接口数据配置模型规范V2.3.xlsx,SH,24,parameter,物理层参数管理,InternetGatewayDevice.Services.FAPService.{i}.CellConfig.LTE.RAN.PHY.PaParam.PUCCHPowerCtrlSwitch,InternetGatewayDevice,PUCCHPowerCtrlSwitch,Y,PUCCHPowerCtrlSwitch,上行PUCCH闭环功控开关,A,,PucchPcSwitch,RW,unsignedInt[0:1],,,"ON=1,OFF=0",NRM数据配置要求,,增加PUCCHPcSwitch参数适配北向参数,
CMCC_TD_LTE_V2.3,中国移动TD-LTE皮站_飞站基站设备网络管理南向接口数据配置模型规范V2.3.xlsx,SH,23,parameter,物理层参数管理,InternetGatewayDevice.Services.FAPService.{i}.CellConfig.LTE.RAN.PHY.PaParam.PUSCHPowerCtrlSwitch,InternetGatewayDevice,PUSCHPowerCtrlSwitch,Y,PUSCHPowerCtrlSwitch,上行PUSCH闭环功控开关,A,,PuschPcSwitch,RW,unsignedInt[0:1],,,"ON=1,OFF=0",NRM数据配置要求,,,
CMCC_TD_LTE_V2.3,中国移动TD-LTE皮站_飞站基站设备网络管理南向接口数据配置模型规范V2.3.xlsx,SH,16,parameter,物理层参数管理,InternetGatewayDevice.Services.FAPService.{i}.CellConfig.LTE.RAN.PHY.SRS.AckNackSRSSimultaneousTransmission,InternetGatewayDevice,AckNackSRSSimultaneousTransmission,Y,AckNackSRSSimultaneousTransmission,SRS/ACK/NACK同时传输标识,A,,,RW,Boolean,,,"定义UE能否同时传输SRS和ACK/NACK
(0=可以同时传输,1=不能同属传输)",TR系列规范(TR098/TR181/TR196),,,
CMCC_TD_LTE_V2.3,中国移动TD-LTE皮站_飞站基站设备网络管理南向接口数据配置模型规范V2.3.xlsx,SH,14,parameter,物理层参数管理,InternetGatewayDevice.Services.FAPService.{i}.CellConfig.LTE.RAN.PHY.SRS.SRSBandwidthConfig,InternetGatewayDevice,SRSBandwidthConfig,Y,SRSBandwidthConfig,SRS带宽配置,A,,,RW,string(32),,,代表包含小区SRSBandwidthConfiguration的表格的索引,TR系列规范(TR098/TR181/TR196),,修改参数名大小写，与TR196保持一致,
CMCC_TD_LTE_V2.3,中国移动TD-LTE皮站_飞站基站设备网络管理南向接口数据配置模型规范V2.3.xlsx,SH,13,parameter,物理层参数管理,InternetGatewayDevice.Services.FAPService.{i}.CellConfig.LTE.RAN.PHY.SRS.SRSEnabled,InternetGatewayDevice,SRSEnabled,Y,SRSEnabled,SRS使能开关,A,,,RW,Boolean,,,"SRS使能开关
1=true,0=false",TR系列规范(TR098/TR181/TR196),,"修正笔误
修改参数名为SRSEnabled，与TR196对齐",
CMCC_TD_LTE_V2.3,中国移动TD-LTE皮站_飞站基站设备网络管理南向接口数据配置模型规范V2.3.xlsx,SH,15,parameter,物理层参数管理,InternetGatewayDevice.Services.FAPService.{i}.CellConfig.LTE.RAN.PHY.SRS.SRSMaxUpPTS,InternetGatewayDevice,SRSMaxUpPTS,Y,SRSMaxUpPTS,SRSUpPTS带宽重配指示,A,,,RW,Boolean,,,"重配置SRS是否适用于UpPTS;1=true,0=false",TR系列规范(TR098/TR181/TR196),,修改参数名大小写，与TR196保持一致,
CMCC_TD_LTE_V2.3,中国移动TD-LTE皮站_飞站基站设备网络管理南向接口数据配置模型规范V2.3.xlsx,SH,32,parameter,物理层参数管理,InternetGatewayDevice.Services.FAPService.{i}.CellConfig.LTE.RAN.PHY.TDDFrame.SpecialSubframePatterns,InternetGatewayDevice,SpecialSubframePatterns,Y,SpecialSubframePatterns,特殊子帧配置,A,,SpecialSfPatterns,RW,unsignedInt[0:8],,,上行链路与下行链路之间传输保护时间间隔的特殊子帧配置,TR系列规范(TR098/TR181/TR196),,北向对应关系重新匹配,
CMCC_TD_LTE_V2.3,中国移动TD-LTE皮站_飞站基站设备网络管理南向接口数据配置模型规范V2.3.xlsx,SH,33,parameter,物理层参数管理,InternetGatewayDevice.Services.FAPService.{i}.CellConfig.LTE.RAN.PHY.TDDFrame.SubFrameAssignment,InternetGatewayDevice,SubFrameAssignment,Y,SubFrameAssignment,上下行子帧配置,A,,SfAssignment,RW,unsignedInt[0:6],,,DL/UL子帧配置，sa0对应配置0，sa1对应配置1,TR系列规范(TR098/TR181/TR196),,北向对应关系重新匹配,
CMCC_TD_LTE_V2.3,中国移动TD-LTE皮站_飞站基站设备网络管理南向接口数据配置模型规范V2.3.xlsx,SH,38,parameter,物理层参数管理,InternetGatewayDevice.Services.FAPService.{i}.CellConfig.LTE.RAN.PHY.ULPowerControl.Alpha,InternetGatewayDevice,Alpha,Y,Alpha,部分路损补偿系数,A,,Alpha,RW,string(64),,,部分路损补偿系数,,,,
CMCC_TD_LTE_V2.3,中国移动TD-LTE皮站_飞站基站设备网络管理南向接口数据配置模型规范V2.3.xlsx,SH,40,parameter,物理层参数管理,InternetGatewayDevice.Services.FAPService.{i}.CellConfig.LTE.RAN.PHY.ULPowerControl.DeltaMCSEnabled,InternetGatewayDevice,DeltaMCSEnabled,Y,DeltaMCSEnabled,MCS补偿值,A,,DeltaMCSEnabled,RW,unsignedInt[0:1],,,MCS补偿值,,,,
CMCC_TD_LTE_V2.3,中国移动TD-LTE皮站_飞站基站设备网络管理南向接口数据配置模型规范V2.3.xlsx,SH,39,parameter,物理层参数管理,InternetGatewayDevice.Services.FAPService.{i}.CellConfig.LTE.RAN.PHY.ULPowerControl.P0NominalPUCCH,InternetGatewayDevice,P0NominalPUCCH,Y,P0NominalPUCCH,PUCCH期望功率,A,,P0NominalPUCCH,RW,string(512),,,PUCCH期望功率,,,修正参数类型,
CMCC_TD_LTE_V2.3,中国移动TD-LTE皮站_飞站基站设备网络管理南向接口数据配置模型规范V2.3.xlsx,SH,37,parameter,物理层参数管理,InternetGatewayDevice.Services.FAPService.{i}.CellConfig.LTE.RAN.PHY.ULPowerControl.P0NominalPUSCH,InternetGatewayDevice,P0NominalPUSCH,Y,P0NominalPUSCH,非持续调度期望功率,A,,P0NominalPUSCH,RW,string(512),,,非持续调度期望功率,,,修正参数类型,
CMCC_TD_LTE_V2.3,中国移动TD-LTE皮站_飞站基站设备网络管理南向接口数据配置模型规范V2.3.xlsx,SH,36,parameter,物理层参数管理,InternetGatewayDevice.Services.FAPService.{i}.CellConfig.LTE.RAN.PHY.ULPowerControl.P0NominalPUSCHPersistent,InternetGatewayDevice,P0NominalPUSCHPersistent,Y,P0NominalPUSCHPersistent,持续调度期望接收功率,A,,P0NominalPUSCHPersistent,RW,Int[-126:24],,,持续调度期望接收功率,NRM数据配置要求,,修改参数类型,
CMCC_5G_EXT_PICO_V1.9.4,中国移动5G扩展型皮基站网管南向接口数据模型规范v1.9.4.xlsx,SC,11,parameter,网管参数管理,Device.ManagementServer.ConnectionRequestPassword,Device,ConnectionRequestPassword,N,ConnectionRequestPassword,连接请求密码,A,,,RW,string(256),,,ACS向基站发起连接请求时，鉴权过程使用的密码。在被读取时，该参数会忽略实际值而返回一个空字符串。,TR系列规范(TR098/TR181),,,
CMCC_5G_EXT_PICO_V1.9.4,中国移动5G扩展型皮基站网管南向接口数据模型规范v1.9.4.xlsx,SC,9,parameter,网管参数管理,Device.ManagementServer.ConnectionRequestURL,Device,ConnectionRequestURL,N,ConnectionRequestURL,连接请求URL,A,AA,ManagementIpAddress,R,string(256),,,"ACS向基站发起连接请求通知时所使用的HTTPURL。其形式如下：http://host:port/SOAP/HNBServlet?a=1的""主机""部分可以是基站管理接口的IP地址，用以替代域名。",TR系列规范(TR098/TR181),,,
CMCC_5G_EXT_PICO_V1.9.4,中国移动5G扩展型皮基站网管南向接口数据模型规范v1.9.4.xlsx,SC,10,parameter,网管参数管理,Device.ManagementServer.ConnectionRequestUsername,Device,ConnectionRequestUsername,N,ConnectionRequestUsername,连接请求用户名,A,,,RW,string(256),,,ACS向基站发起连接请求时，鉴权过程使用的用户名。,TR系列规范(TR098/TR181),,,
CMCC_5G_EXT_PICO_V1.9.4,中国移动5G扩展型皮基站网管南向接口数据模型规范v1.9.4.xlsx,SC,20,parameter,网管参数管理,Device.ManagementServer.NATDetected,Device,NATDetected,N,NATDetected,NAT转换地址,A,,,R,boolean,,,"(0=false,1=true)",TR系列规范(TR098/TR181),,,
CMCC_5G_EXT_PICO_V1.9.4,中国移动5G扩展型皮基站网管南向接口数据模型规范v1.9.4.xlsx,SC,8,parameter,网管参数管理,Device.ManagementServer.ParameterKey,Device,ParameterKey,N,ParameterKey,键值,A,,,R,string(32),,,来自于服务器的最新的 SetParameterValues，AddObject 或 DeleteObject 方法调用的 ParameterKey 自变量数值。如果没有此类调用，此数值为空。,TR系列规范(TR098/TR181),,,
CMCC_5G_EXT_PICO_V1.9.4,中国移动5G扩展型皮基站网管南向接口数据模型规范v1.9.4.xlsx,SC,4,parameter,网管参数管理,Device.ManagementServer.Password,Device,Password,N,Password,连接密码,A,,,RW,string(256),,,基站使用CWMP连接ACS时使用的认证密码。仅用于基站的基于HTTP的认证。读取时返回一个空字符串.,TR系列规范(TR098/TR181),,,
CMCC_5G_EXT_PICO_V1.9.4,中国移动5G扩展型皮基站网管南向接口数据模型规范v1.9.4.xlsx,SC,5,parameter,网管参数管理,Device.ManagementServer.PeriodicInformEnable,Device,PeriodicInformEnable,N,PeriodicInformEnable,连接使能开关,A,,,RW,boolean,,,基站是否必须利用Inform方法调用定时向服务器端发送基站信息。当PeriodicInformEnable=true时，PeriodicInformInterval才起作用,TR系列规范(TR098/TR181),,,
CMCC_5G_EXT_PICO_V1.9.4,中国移动5G扩展型皮基站网管南向接口数据模型规范v1.9.4.xlsx,SC,7,parameter,网管参数管理,Device.ManagementServer.PeriodicInformInterval,Device,PeriodicInformInterval,N,PeriodicInformInterval,周期上报时间间隔,A,,,RW,unsignedInt[1:],,,在PeriodicInformEnable为真时，基站必须尝试连接ACS并调用Inform方法的时间间隔。当PeriodicInformEnable=true才生效,TR系列规范(TR098/TR181),,,
CMCC_5G_EXT_PICO_V1.9.4,中国移动5G扩展型皮基站网管南向接口数据模型规范v1.9.4.xlsx,SC,6,parameter,网管参数管理,Device.ManagementServer.PeriodicInformTime,Device,PeriodicInformTime,N,PeriodicInformTime,上报周期,A,,,RW,dateTime,,,2012-12-11T19:15:00Z,TR系列规范(TR098/TR181),,,
CMCC_5G_EXT_PICO_V1.9.4,中国移动5G扩展型皮基站网管南向接口数据模型规范v1.9.4.xlsx,SC,13,parameter,网管参数管理,Device.ManagementServer.STUNEnable,Device,STUNEnable,N,STUNEnable,STUN使能开关,CB,,,RW,boolean,,,"(0=false,1=true)",TR系列规范(TR098/TR181),,,
CMCC_5G_EXT_PICO_V1.9.4,中国移动5G扩展型皮基站网管南向接口数据模型规范v1.9.4.xlsx,SC,18,parameter,网管参数管理,Device.ManagementServer.STUNMaximumKeepAlivePeriod,Device,STUNMaximumKeepAlivePeriod,N,STUNMaximumKeepAlivePeriod,STUN最大生存周期,CB,,,RW,int[-1:65535],,,,TR系列规范(TR098/TR181),,,
CMCC_5G_EXT_PICO_V1.9.4,中国移动5G扩展型皮基站网管南向接口数据模型规范v1.9.4.xlsx,SC,19,parameter,网管参数管理,Device.ManagementServer.STUNMinimumKeepAlivePeriod,Device,STUNMinimumKeepAlivePeriod,N,STUNMinimumKeepAlivePeriod,STUN最小生存周期,CB,,,RW,unsignedInt[0:65535],,,,TR系列规范(TR098/TR181),,,
CMCC_5G_EXT_PICO_V1.9.4,中国移动5G扩展型皮基站网管南向接口数据模型规范v1.9.4.xlsx,SC,17,parameter,网管参数管理,Device.ManagementServer.STUNPassword,Device,STUNPassword,N,STUNPassword,STUN密码,CB,,,RW,string(256),,,,TR系列规范(TR098/TR181),,,
CMCC_5G_EXT_PICO_V1.9.4,中国移动5G扩展型皮基站网管南向接口数据模型规范v1.9.4.xlsx,SC,14,parameter,网管参数管理,Device.ManagementServer.STUNServerAddress,Device,STUNServerAddress,N,STUNServerAddress,STUN服务器地址,CB,,,RW,string(256),,,,TR系列规范(TR098/TR181),,,
CMCC_5G_EXT_PICO_V1.9.4,中国移动5G扩展型皮基站网管南向接口数据模型规范v1.9.4.xlsx,SC,15,parameter,网管参数管理,Device.ManagementServer.STUNServerPort,Device,STUNServerPort,N,STUNServerPort,STUN服务器端口,CB,,,RW,unsignedInt[0:65535],,,,TR系列规范(TR098/TR181),,,
CMCC_5G_EXT_PICO_V1.9.4,中国移动5G扩展型皮基站网管南向接口数据模型规范v1.9.4.xlsx,SC,16,parameter,网管参数管理,Device.ManagementServer.STUNUsername,Device,STUNUsername,N,STUNUsername,STUN用户名,CB,,,RW,string(256),,,,TR系列规范(TR098/TR181),,,
CMCC_5G_EXT_PICO_V1.9.4,中国移动5G扩展型皮基站网管南向接口数据模型规范v1.9.4.xlsx,SC,12,parameter,网管参数管理,Device.ManagementServer.UDPConnectionRequestAddress,Device,UDPConnectionRequestAddress,N,UDPConnectionRequestAddress,UDP连接请求地址,A,,,R,string(256),,,,TR系列规范(TR098/TR181),,,
CMCC_5G_EXT_PICO_V1.9.4,中国移动5G扩展型皮基站网管南向接口数据模型规范v1.9.4.xlsx,SC,2,parameter,网管参数管理,Device.ManagementServer.URL,Device,URL,N,URL,网管服务器URL,A,,,RW,string(256),,,ACS使用CWMP连接ACS的URL。格式必须为合法的HTTP/HTTPS的形式。,TR系列规范(TR098/TR181),,,
CMCC_5G_EXT_PICO_V1.9.4,中国移动5G扩展型皮基站网管南向接口数据模型规范v1.9.4.xlsx,SC,3,parameter,网管参数管理,Device.ManagementServer.Username,Device,Username,N,Username,连接用户名,A,,,RW,string(256),,,ACS使用CWMP连接基站时使用的认证用户名。仅用于基站的基于HTTP的认证。,TR系列规范(TR098/TR181),,,
CMCC_TD_LTE_V2.3,中国移动TD-LTE皮站_飞站基站设备网络管理南向接口数据配置模型规范V2.3.xlsx,SC,11,parameter,网管参数管理,InternetGatewayDevice.ManagementServer.ConnectionRequestPassword,InternetGatewayDevice,ConnectionRequestPassword,N,ConnectionRequestPassword,连接请求密码,A,,,RW,string(256),,,ACS向基站发起连接请求时，鉴权过程使用的密码。在被读取时，该参数会忽略实际值而返回一个空字符串。,TR系列规范(TR098/TR181),,,
CMCC_TD_LTE_V2.3,中国移动TD-LTE皮站_飞站基站设备网络管理南向接口数据配置模型规范V2.3.xlsx,SC,9,parameter,网管参数管理,InternetGatewayDevice.ManagementServer.ConnectionRequestURL,InternetGatewayDevice,ConnectionRequestURL,N,ConnectionRequestURL,连接请求URL,A,AA,ManagementIpAddress,R,string(256),,,"ACS向基站发起连接请求通知时所使用的HTTPURL。其形式如下：http://host:port/SOAP/HNBServlet?a=1的""主机""部分可以是基站管理接口的IP地址，用以替代域名。",TR系列规范(TR098/TR181),,,
CMCC_TD_LTE_V2.3,中国移动TD-LTE皮站_飞站基站设备网络管理南向接口数据配置模型规范V2.3.xlsx,SC,10,parameter,网管参数管理,InternetGatewayDevice.ManagementServer.ConnectionRequestUsername,InternetGatewayDevice,ConnectionRequestUsername,N,ConnectionRequestUsername,连接请求用户名,A,,,RW,string(256),,,ACS向基站发起连接请求时，鉴权过程使用的用户名。,TR系列规范(TR098/TR181),,,
CMCC_TD_LTE_V2.3,中国移动TD-LTE皮站_飞站基站设备网络管理南向接口数据配置模型规范V2.3.xlsx,SC,20,parameter,网管参数管理,InternetGatewayDevice.ManagementServer.NATDetected,InternetGatewayDevice,NATDetected,N,NATDetected,NAT转换地址,A,,,R,boolean,,,"(0=false,1=true)",TR系列规范(TR098/TR181),,,
CMCC_TD_LTE_V2.3,中国移动TD-LTE皮站_飞站基站设备网络管理南向接口数据配置模型规范V2.3.xlsx,SC,8,parameter,网管参数管理,InternetGatewayDevice.ManagementServer.ParameterKey,InternetGatewayDevice,ParameterKey,N,ParameterKey,键值,A,,,R,string(32),,,来自于服务器的最新的 SetParameterValues，AddObject 或 DeleteObject 方法调用的 ParameterKey 自变量数值。如果没有此类调用，此数值为空。,TR系列规范(TR098/TR181),,,
CMCC_TD_LTE_V2.3,中国移动TD-LTE皮站_飞站基站设备网络管理南向接口数据配置模型规范V2.3.xlsx,SC,4,parameter,网管参数管理,InternetGatewayDevice.ManagementServer.Password,InternetGatewayDevice,Password,N,Password,连接密码,A,,,RW,string(256),,,基站使用CWMP连接ACS时使用的认证密码。仅用于基站的基于HTTP的认证。读取时返回一个空字符串.,TR系列规范(TR098/TR181),,,
CMCC_TD_LTE_V2.3,中国移动TD-LTE皮站_飞站基站设备网络管理南向接口数据配置模型规范V2.3.xlsx,SC,5,parameter,网管参数管理,InternetGatewayDevice.ManagementServer.PeriodicInformEnable,InternetGatewayDevice,PeriodicInformEnable,N,PeriodicInformEnable,连接使能开关,A,,,RW,boolean,,,基站是否必须利用Inform方法调用定时向服务器端发送基站信息。当PeriodicInformEnable=true时，PeriodicInformInterval才起作用,TR系列规范(TR098/TR181),,,
CMCC_TD_LTE_V2.3,中国移动TD-LTE皮站_飞站基站设备网络管理南向接口数据配置模型规范V2.3.xlsx,SC,7,parameter,网管参数管理,InternetGatewayDevice.ManagementServer.PeriodicInformInterval,InternetGatewayDevice,PeriodicInformInterval,N,PeriodicInformInterval,周期上报时间间隔,A,,,RW,unsignedInt[1:],,,在PeriodicInformEnable为真时，基站必须尝试连接ACS并调用Inform方法的时间间隔。当PeriodicInformEnable=true才生效,TR系列规范(TR098/TR181),,,
CMCC_TD_LTE_V2.3,中国移动TD-LTE皮站_飞站基站设备网络管理南向接口数据配置模型规范V2.3.xlsx,SC,6,parameter,网管参数管理,InternetGatewayDevice.ManagementServer.PeriodicInformTime,InternetGatewayDevice,PeriodicInformTime,N,PeriodicInformTime,上报周期,A,,,RW,dateTime,,,2012-12-11T19:15:00,TR系列规范(TR098/TR181),,,
CMCC_TD_LTE_V2.3,中国移动TD-LTE皮站_飞站基站设备网络管理南向接口数据配置模型规范V2.3.xlsx,SC,13,parameter,网管参数管理,InternetGatewayDevice.ManagementServer.STUNEnable,InternetGatewayDevice,STUNEnable,N,STUNEnable,STUN使能开关,A,,,RW,boolean,,,"(0=false,1=true)",TR系列规范(TR098/TR181),,,
CMCC_TD_LTE_V2.3,中国移动TD-LTE皮站_飞站基站设备网络管理南向接口数据配置模型规范V2.3.xlsx,SC,18,parameter,网管参数管理,InternetGatewayDevice.ManagementServer.STUNMaximumKeepAlivePeriod,InternetGatewayDevice,STUNMaximumKeepAlivePeriod,N,STUNMaximumKeepAlivePeriod,STUN最大生存周期,A,,,RW,int[-1:65535],,,,TR系列规范(TR098/TR181),,,
CMCC_TD_LTE_V2.3,中国移动TD-LTE皮站_飞站基站设备网络管理南向接口数据配置模型规范V2.3.xlsx,SC,19,parameter,网管参数管理,InternetGatewayDevice.ManagementServer.STUNMinimumKeepAlivePeriod,InternetGatewayDevice,STUNMinimumKeepAlivePeriod,N,STUNMinimumKeepAlivePeriod,STUN最小生存周期,A,,,RW,unsignedInt[0:65535],,,,TR系列规范(TR098/TR181),,,
CMCC_TD_LTE_V2.3,中国移动TD-LTE皮站_飞站基站设备网络管理南向接口数据配置模型规范V2.3.xlsx,SC,17,parameter,网管参数管理,InternetGatewayDevice.ManagementServer.STUNPassword,InternetGatewayDevice,STUNPassword,N,STUNPassword,STUN密码,A,,,RW,string(256),,,,TR系列规范(TR098/TR181),,,
CMCC_TD_LTE_V2.3,中国移动TD-LTE皮站_飞站基站设备网络管理南向接口数据配置模型规范V2.3.xlsx,SC,14,parameter,网管参数管理,InternetGatewayDevice.ManagementServer.STUNServerAddress,InternetGatewayDevice,STUNServerAddress,N,STUNServerAddress,STUN服务器地址,A,,,RW,string(256),,,,TR系列规范(TR098/TR181),,,
CMCC_TD_LTE_V2.3,中国移动TD-LTE皮站_飞站基站设备网络管理南向接口数据配置模型规范V2.3.xlsx,SC,15,parameter,网管参数管理,InternetGatewayDevice.ManagementServer.STUNServerPort,InternetGatewayDevice,STUNServerPort,N,STUNServerPort,STUN服务器端口,A,,,RW,unsignedInt[0:65535],,,,TR系列规范(TR098/TR181),,,
CMCC_TD_LTE_V2.3,中国移动TD-LTE皮站_飞站基站设备网络管理南向接口数据配置模型规范V2.3.xlsx,SC,16,parameter,网管参数管理,InternetGatewayDevice.ManagementServer.STUNUsername,InternetGatewayDevice,STUNUsername,N,STUNUsername,STUN用户名,A,,,RW,string(256),,,,TR系列规范(TR098/TR181),,,
CMCC_TD_LTE_V2.3,中国移动TD-LTE皮站_飞站基站设备网络管理南向接口数据配置模型规范V2.3.xlsx,SC,12,parameter,网管参数管理,InternetGatewayDevice.ManagementServer.UDPConnectionRequestAddress,InternetGatewayDevice,UDPConnectionRequestAddress,N,UDPConnectionRequestAddress,UDP连接请求地址,A,,,R,string(256),,,,TR系列规范(TR098/TR181),,,
CMCC_TD_LTE_V2.3,中国移动TD-LTE皮站_飞站基站设备网络管理南向接口数据配置模型规范V2.3.xlsx,SC,2,parameter,网管参数管理,InternetGatewayDevice.ManagementServer.URL,InternetGatewayDevice,URL,N,URL,网管服务器URL,A,,,RW,string(256),,,ACS使用CWMP连接ACS的URL。格式必须为合法的HTTP/HTTPS的形式。,TR系列规范(TR098/TR181),,,
CMCC_TD_LTE_V2.3,中国移动TD-LTE皮站_飞站基站设备网络管理南向接口数据配置模型规范V2.3.xlsx,SC,3,parameter,网管参数管理,InternetGatewayDevice.ManagementServer.Username,InternetGatewayDevice,Username,N,Username,连接用户名,A,,,RW,string(256),,,ACS使用CWMP连接基站时使用的认证用户名。仅用于基站的基于HTTP的认证。,TR系列规范(TR098/TR181),,,
CMCC_5G_EXT_PICO_V1.9.4,中国移动5G扩展型皮基站网管南向接口数据模型规范v1.9.4.xlsx,SG,38,parameter,自动开站结果,Device.Services.FAPService.{i}.FAPControl.SelfConfig.Startup.FailureCause,Device,FailureCause,Y,FailureCause,开站失败原因,A,,,R,string(512),,,开站失败原因描述,,,,
CMCC_5G_EXT_PICO_V1.9.4,中国移动5G扩展型皮基站网管南向接口数据模型规范v1.9.4.xlsx,SG,37,parameter,自动开站结果,Device.Services.FAPService.{i}.FAPControl.SelfConfig.Startup.Status,Device,Status,Y,Status,开站状态,A,,,R,unsignedInt[1:2],,,"1：开站成功（全部小区被激活，即标记为开站成功）
2：开站失败（存在一个小区未激活，即标记为开站失败）",,,,
CMCC_TD_LTE_V2.3,中国移动TD-LTE皮站_飞站基站设备网络管理南向接口数据配置模型规范V2.3.xlsx,SK,29,parameter,自动开站结果,InternetGatewayDevice.Services.FAPService.{i}.FAPControl.SelfConfig.Startup.FailureCause,InternetGatewayDevice,FailureCause,Y,FailureCause,开站失败原因,A,,,R,string(512),,,开站失败原因描述,,,V2.2新增NR规范SG页自动开站阶段和结果的5个参数,
CMCC_TD_LTE_V2.3,中国移动TD-LTE皮站_飞站基站设备网络管理南向接口数据配置模型规范V2.3.xlsx,SK,28,parameter,自动开站结果,InternetGatewayDevice.Services.FAPService.{i}.FAPControl.SelfConfig.Startup.Status,InternetGatewayDevice,Status,Y,Status,开站状态,A,,,R,unsignedInt[1:2],,,"1：开站成功（全部小区被激活，即标记为开站成功）
2：开站失败（存在一个小区未激活，即标记为开站失败）",,,V2.2新增NR规范SG页自动开站阶段和结果的4个参数,
CMCC_5G_EXT_PICO_V1.9.4,中国移动5G扩展型皮基站网管南向接口数据模型规范v1.9.4.xlsx,SG,36,parameter,自动开站阶段,Device.Services.FAPService.{i}.FAPControl.SelfConfig.Startup.Stage,Device,Stage,Y,Stage,开站阶段,A,,,R,unsignedInt[1:3],,,"开站阶段取值如下：
1:参数校验
2:参数配置
3:小区激活",,,,
CMCC_TD_LTE_V2.3,中国移动TD-LTE皮站_飞站基站设备网络管理南向接口数据配置模型规范V2.3.xlsx,SK,27,parameter,自动开站阶段,InternetGatewayDevice.Services.FAPService.{i}.FAPControl.SelfConfig.Startup.Stage,InternetGatewayDevice,Stage,Y,Stage,开站阶段,A,,,R,unsignedInt[1:3],,,"开站阶段取值如下：
1:参数校验
2:参数配置
3:小区激活",,,V2.2新增NR规范SG页自动开站阶段和结果的3个参数,
CMCC_5G_EXT_PICO_V1.9.4,中国移动5G扩展型皮基站网管南向接口数据模型规范v1.9.4.xlsx,SJ,57,parameter,节能管理参数,Device.Services.FAPService.{i}.CellConfig.{i}.NR.RAN.EnergySaveParam.EnergySavingDelayTime,Device,EnergySavingDelayTime,Y,EnergySavingDelayTime,节能策略迟滞时间,A,,,RW,unsignedInt[0:15],,,节能策略迟滞时间，取值  0..15分钟。当小区总负荷在该时间段内持续低于门限值时启动对应休眠策略,,,,20221118-修订
CMCC_5G_EXT_PICO_V1.9.4,中国移动5G扩展型皮基站网管南向接口数据模型规范v1.9.4.xlsx,SJ,58,parameter,节能管理参数,Device.Services.FAPService.{i}.CellConfig.{i}.NR.RAN.EnergySaveParam.EnergySavingStage,Device,EnergySavingStage,Y,EnergySavingStage,小区节能状态/阶段,A,,,R,unsignedInt[1:3],,,"1: initialization,初始化状态，表示未进行休眠或默认状态
2: started,开始执行休眠状态
3: ongoing:正处于休眠状态",,,,
CMCC_5G_EXT_PICO_V1.9.4,中国移动5G扩展型皮基站网管南向接口数据模型规范v1.9.4.xlsx,SJ,56,parameter,节能管理参数,Device.Services.FAPService.{i}.CellConfig.{i}.NR.RAN.EnergySaveParam.EnergySavingTime,Device,EnergySavingTime,Y,EnergySavingTime,节能策略开始与结束时间,A,,,RW,string(64),,,"定义休眠的开始(时\分)与结束时间(时分)
实例：01:00:00-06:00:00",,20231020-北向在讨论节能相关节点模型，建议等北向确定后南向整体变更,,
CMCC_5G_EXT_PICO_V1.9.4,中国移动5G扩展型皮基站网管南向接口数据模型规范v1.9.4.xlsx,SJ,55,parameter,节能管理参数,Device.Services.FAPService.{i}.CellConfig.{i}.NR.RAN.EnergySaveParam.EnergySavingType,Device,EnergySavingType,Y,EnergySavingType,小区节能策略,A,,,RW,string(64),,,"节能模式配置：
Enumerate{NOT_SAVING,DEEP_SAVING,SHALLOW_SAVING,SLOT_SWITCH}",,,,
CMCC_5G_EXT_PICO_V1.9.4,中国移动5G扩展型皮基站网管南向接口数据模型规范v1.9.4.xlsx,SJ,79,parameter,节能管理参数,Device.Services.FAPService.{i}.CellConfig.{i}.NR.RAN.EnergySaveParam.NRDeepSleepPolicy.{i}.DlPrbInThdNR,Device,DlPrbInThdNR,Y,DlPrbInThdNR,NR系统内深度休眠功能开启策略-深度休眠进入的5G下行PRB利用率门限,CA,BF,NRDeepSleepPolicy,RW,unsignedInt[1:100],,,5G系统内深度休眠功能开启策略中进入深度休眠的5G下行PRB利用率门限，单位：%,TR系列规范(TR098/TR181/TR196)/NRM数据配置要求,,,20240207-新增
CMCC_5G_EXT_PICO_V1.9.4,中国移动5G扩展型皮基站网管南向接口数据模型规范v1.9.4.xlsx,SJ,77,parameter,节能管理参数,Device.Services.FAPService.{i}.CellConfig.{i}.NR.RAN.EnergySaveParam.NRDeepSleepPolicy.{i}.TimeStage.{i}.HolidayStartTime,Device,HolidayStartTime,Y,HolidayStartTime,NR系统内深度休眠功能开启策略-假日（含周末）深度休眠启动时刻,CA,BF,NRDeepSleepPolicy,RW,string(64),,,"5G系统内深度休眠功能开启策略中假日（含周末）深度休眠启动时刻，取值范围说明：
格式为：HH:mm(24小时制）
注：若不区分节假日配置，启动、结束时刻分别在对应工作日与假日字段上报相同值。",TR系列规范(TR098/TR181/TR196)/NRM数据配置要求,,,20240207-新增
CMCC_5G_EXT_PICO_V1.9.4,中国移动5G扩展型皮基站网管南向接口数据模型规范v1.9.4.xlsx,SJ,78,parameter,节能管理参数,Device.Services.FAPService.{i}.CellConfig.{i}.NR.RAN.EnergySaveParam.NRDeepSleepPolicy.{i}.TimeStage.{i}.HolidayStopTime,Device,HolidayStopTime,Y,HolidayStopTime,NR系统内深度休眠功能开启策略-假日（含周末）深度休眠结束时刻,CA,BF,NRDeepSleepPolicy,RW,string(64),,,"5G系统内深度休眠功能开启策略中假日（含周末）深度休眠结束时刻，取值范围说明：
格式为：HH:mm(24小时制）
注：若不区分节假日配置，启动、结束时刻分别在对应工作日与假日字段上报相同值。",TR系列规范(TR098/TR181/TR196)/NRM数据配置要求,,,20240207-新增
CMCC_5G_EXT_PICO_V1.9.4,中国移动5G扩展型皮基站网管南向接口数据模型规范v1.9.4.xlsx,SJ,75,parameter,节能管理参数,Device.Services.FAPService.{i}.CellConfig.{i}.NR.RAN.EnergySaveParam.NRDeepSleepPolicy.{i}.TimeStage.{i}.WorkdayStartTime,Device,WorkdayStartTime,Y,WorkdayStartTime,NR系统内深度休眠功能开启策略-工作日深度休眠启动时刻,CA,BF,NRDeepSleepPolicy,RW,string(64),,,"5G系统内深度休眠功能开启策略中工作日深度休眠启动时刻，取值范围说明：
WorkdayStartTime：String,//格式为：HH:mm(24小时制）
注：若不区分节假日配置，启动、结束时刻分别在对应工作日与假日字段上报相同值。",TR系列规范(TR098/TR181/TR196)/NRM数据配置要求,,,20240207-新增
CMCC_5G_EXT_PICO_V1.9.4,中国移动5G扩展型皮基站网管南向接口数据模型规范v1.9.4.xlsx,SJ,76,parameter,节能管理参数,Device.Services.FAPService.{i}.CellConfig.{i}.NR.RAN.EnergySaveParam.NRDeepSleepPolicy.{i}.TimeStage.{i}.WorkdayStopTime,Device,WorkdayStopTime,Y,WorkdayStopTime,NR系统内深度休眠功能开启策略-工作日深度休眠结束时刻,CA,BF,NRDeepSleepPolicy,RW,string(64),,,"5G系统内深度休眠功能开启策略中工作日深度休眠结束时刻，取值范围说明：
格式为：HH:mm(24小时制）
注：若不区分节假日配置，启动、结束时刻分别在对应工作日与假日字段上报相同值。",TR系列规范(TR098/TR181/TR196)/NRM数据配置要求,,,20240207-新增
CMCC_5G_EXT_PICO_V1.9.4,中国移动5G扩展型皮基站网管南向接口数据模型规范v1.9.4.xlsx,SJ,80,parameter,节能管理参数,Device.Services.FAPService.{i}.CellConfig.{i}.NR.RAN.EnergySaveParam.NRDeepSleepPolicy.{i}.UENumInThdNR,Device,UENumInThdNR,Y,UENumInThdNR,NR系统内深度休眠功能开启策略-深度休眠进入的5G用户数门限,CA,BF,NRDeepSleepPolicy,RW,unsignedInt,,,5G系统内深度休眠功能开启策略中深度休眠进入的5G用户数门限,TR系列规范(TR098/TR181/TR196)/NRM数据配置要求,,,20240207-新增
CMCC_5G_EXT_PICO_V1.9.4,中国移动5G扩展型皮基站网管南向接口数据模型规范v1.9.4.xlsx,SJ,74,parameter,节能管理参数,Device.Services.FAPService.{i}.CellConfig.{i}.NR.RAN.EnergySaveParam.NRDeepSleepSwitch,Device,NRDeepSleepSwitch,Y,NRDeepSleepSwitch,NR系统内深度休眠节能功能开关,A,BF,NRDeepSleepSwitch,RW,string(64),,,"该参数是NR系统内深度休眠节能功能开关，取值范围：ENUMERATED {ON,OFF，NA}，不支持时上报NA. 默认开启上报ON。",TR系列规范(TR098/TR181/TR196)/NRM数据配置要求,,,20240207-新增
CMCC_5G_EXT_PICO_V1.9.4,中国移动5G扩展型皮基站网管南向接口数据模型规范v1.9.4.xlsx,SJ,85,parameter,节能管理参数,Device.Services.FAPService.{i}.CellConfig.{i}.NR.RAN.EnergySaveParam.NRDeepSleepWakeUpPolicy.{i}.DlPrbInThdNR,Device,DlPrbInThdNR,Y,DlPrbInThdNR,NR系统内深度休眠功能唤醒策略-深度休眠退出的5G下行PRB利用率门限,CA,BF,NRDeepSleepWakeUpPolicy,RW,unsignedInt[1:100],,,5G系统内深度休眠功能唤醒策略中退出深度休眠的5G下行PRB利用率门限，单位：%,TR系列规范(TR098/TR181/TR196)/NRM数据配置要求,,,20240207-新增
CMCC_5G_EXT_PICO_V1.9.4,中国移动5G扩展型皮基站网管南向接口数据模型规范v1.9.4.xlsx,SJ,83,parameter,节能管理参数,Device.Services.FAPService.{i}.CellConfig.{i}.NR.RAN.EnergySaveParam.NRDeepSleepWakeUpPolicy.{i}.TimeStage.{i}.HolidayStartTime,Device,HolidayStartTime,Y,HolidayStartTime,NR系统内深度休眠功能唤醒策略-假日（含周末）深度休眠唤醒启动时刻,CA,BF,NRDeepSleepWakeUpPolicy,RW,string(64),,,"5G系统内深度休眠功能唤醒策略中假日（含周末）深度休眠唤醒启动时刻，取值范围说明：
格式为：HH:mm(24小时制）
注：若不区分节假日配置，启动、结束时刻分别在对应工作日与假日字段上报相同值。",TR系列规范(TR098/TR181/TR196)/NRM数据配置要求,,,20240207-新增
CMCC_5G_EXT_PICO_V1.9.4,中国移动5G扩展型皮基站网管南向接口数据模型规范v1.9.4.xlsx,SJ,84,parameter,节能管理参数,Device.Services.FAPService.{i}.CellConfig.{i}.NR.RAN.EnergySaveParam.NRDeepSleepWakeUpPolicy.{i}.TimeStage.{i}.HolidayStopTime,Device,HolidayStopTime,Y,HolidayStopTime,NR系统内深度休眠功能唤醒策略-假日（含周末）深度休眠唤醒结束时刻,CA,BF,NRDeepSleepWakeUpPolicy,RW,string(64),,,"5G系统内深度休眠功能唤醒策略中假日（含周末）深度休眠唤醒结束时刻，取值范围说明：
格式为：HH:mm(24小时制）
注：若不区分节假日配置，启动、结束时刻分别在对应工作日与假日字段上报相同值。",TR系列规范(TR098/TR181/TR196)/NRM数据配置要求,,,20240207-新增
CMCC_5G_EXT_PICO_V1.9.4,中国移动5G扩展型皮基站网管南向接口数据模型规范v1.9.4.xlsx,SJ,81,parameter,节能管理参数,Device.Services.FAPService.{i}.CellConfig.{i}.NR.RAN.EnergySaveParam.NRDeepSleepWakeUpPolicy.{i}.TimeStage.{i}.WorkdayStartTime,Device,WorkdayStartTime,Y,WorkdayStartTime,NR系统内深度休眠功能唤醒策略-工作日深度休眠唤醒启动时刻,CA,BF,NRDeepSleepWakeUpPolicy,RW,string(64),,,"5G系统内深度休眠功能唤醒策略中工作日深度休眠唤醒启动时刻，取值范围说明：
格式为：HH:mm(24小时制）
注：若不区分节假日配置，启动、结束时刻分别在对应工作日与假日字段上报相同值。",TR系列规范(TR098/TR181/TR196)/NRM数据配置要求,,,20240207-新增
CMCC_5G_EXT_PICO_V1.9.4,中国移动5G扩展型皮基站网管南向接口数据模型规范v1.9.4.xlsx,SJ,82,parameter,节能管理参数,Device.Services.FAPService.{i}.CellConfig.{i}.NR.RAN.EnergySaveParam.NRDeepSleepWakeUpPolicy.{i}.TimeStage.{i}.WorkdayStopTime,Device,WorkdayStopTime,Y,WorkdayStopTime,NR系统内深度休眠功能唤醒策略-工作日深度休眠唤醒结束时刻,CA,BF,NRDeepSleepWakeUpPolicy,RW,string(64),,,"5G系统内深度休眠功能唤醒策略中工作日深度休眠唤醒结束时刻，取值范围说明：
格式为：HH:mm(24小时制）
注：若不区分节假日配置，启动、结束时刻分别在对应工作日与假日字段上报相同值。",TR系列规范(TR098/TR181/TR196)/NRM数据配置要求,,,20240207-新增
CMCC_5G_EXT_PICO_V1.9.4,中国移动5G扩展型皮基站网管南向接口数据模型规范v1.9.4.xlsx,SJ,86,parameter,节能管理参数,Device.Services.FAPService.{i}.CellConfig.{i}.NR.RAN.EnergySaveParam.NRDeepSleepWakeUpPolicy.{i}.UENumInThdNR,Device,UENumInThdNR,Y,UENumInThdNR,NR系统内深度休眠功能唤醒策略-深度休眠退出的5G用户数门限,CA,BF,NRDeepSleepWakeUpPolicy,RW,unsignedInt,,,5G系统内深度休眠功能唤醒策略中深度休眠退出的5G用户数门限,TR系列规范(TR098/TR181/TR196)/NRM数据配置要求,,,20240207-新增
CMCC_5G_EXT_PICO_V1.9.4,中国移动5G扩展型皮基站网管南向接口数据模型规范v1.9.4.xlsx,SJ,66,parameter,节能管理参数,Device.Services.FAPService.{i}.CellConfig.{i}.NR.RAN.EnergySaveParam.NRShallowSleepPolicy.{i}.DlPrbInThdNR,Device,DlPrbInThdNR,Y,DlPrbInThdNR,NR系统内浅层休眠功能开启策略-浅层休眠进入的5G下行PRB利用率门限,CA,BF,NRShallowSleepPolicy,RW,unsignedInt[1:100],,,5G系统内浅层休眠功能开启策略中进入浅层休眠的5G下行PRB利用率门限，单位：%,TR系列规范(TR098/TR181/TR196)/NRM数据配置要求,,,20240207-新增
CMCC_5G_EXT_PICO_V1.9.4,中国移动5G扩展型皮基站网管南向接口数据模型规范v1.9.4.xlsx,SJ,64,parameter,节能管理参数,Device.Services.FAPService.{i}.CellConfig.{i}.NR.RAN.EnergySaveParam.NRShallowSleepPolicy.{i}.TimeStage.{i}.HolidayStartTime,Device,HolidayStartTime,Y,HolidayStartTime,NR系统内浅层休眠功能开启策略-假日（含周末）浅层休眠启动时刻,CA,BF,NRShallowSleepPolicy,RW,string(64),,,"5G系统内浅层休眠功能开启策略中假日（含周末）浅层休眠启动时刻，取值范围说明：
格式为：HH:mm(24小时制）
注：若不区分节假日配置，启动、结束时刻分别在对应工作日与假日字段上报相同值。",TR系列规范(TR098/TR181/TR196)/NRM数据配置要求,,,20240207-新增
CMCC_5G_EXT_PICO_V1.9.4,中国移动5G扩展型皮基站网管南向接口数据模型规范v1.9.4.xlsx,SJ,65,parameter,节能管理参数,Device.Services.FAPService.{i}.CellConfig.{i}.NR.RAN.EnergySaveParam.NRShallowSleepPolicy.{i}.TimeStage.{i}.HolidayStopTime,Device,HolidayStopTime,Y,HolidayStopTime,NR系统内浅层休眠功能开启策略-假日（含周末）浅层休眠结束时刻,CA,BF,NRShallowSleepPolicy,RW,string(64),,,"5G系统内浅层休眠功能开启策略中假日（含周末）浅层休眠结束时刻，取值范围说明：
格式为：HH:mm(24小时制）
注：若不区分节假日配置，启动、结束时刻分别在对应工作日与假日字段上报相同值。",TR系列规范(TR098/TR181/TR196)/NRM数据配置要求,,,20240207-新增
CMCC_5G_EXT_PICO_V1.9.4,中国移动5G扩展型皮基站网管南向接口数据模型规范v1.9.4.xlsx,SJ,62,parameter,节能管理参数,Device.Services.FAPService.{i}.CellConfig.{i}.NR.RAN.EnergySaveParam.NRShallowSleepPolicy.{i}.TimeStage.{i}.WorkdayStartTime,Device,WorkdayStartTime,Y,WorkdayStartTime,NR系统内浅层休眠功能开启策略-工作日浅层休眠启动时刻,CA,BF,NRShallowSleepPolicy,RW,string(64),,,"5G系统内浅层休眠功能开启策略中工作日浅层休眠启动时刻，取值范围说明：
WorkdayStartTime：String,//格式为：HH:mm(24小时制）
注：若不区分节假日配置，启动、结束时刻分别在对应工作日与假日字段上报相同值。",TR系列规范(TR098/TR181/TR196)/NRM数据配置要求,,,20240207-新增
CMCC_5G_EXT_PICO_V1.9.4,中国移动5G扩展型皮基站网管南向接口数据模型规范v1.9.4.xlsx,SJ,63,parameter,节能管理参数,Device.Services.FAPService.{i}.CellConfig.{i}.NR.RAN.EnergySaveParam.NRShallowSleepPolicy.{i}.TimeStage.{i}.WorkdayStopTime,Device,WorkdayStopTime,Y,WorkdayStopTime,NR系统内浅层休眠功能开启策略-工作日浅层休眠结束时刻,CA,BF,NRShallowSleepPolicy,RW,string(64),,,"5G系统内浅层休眠功能开启策略中工作日浅层休眠结束时刻，取值范围说明：
格式为：HH:mm(24小时制）
注：若不区分节假日配置，启动、结束时刻分别在对应工作日与假日字段上报相同值。",TR系列规范(TR098/TR181/TR196)/NRM数据配置要求,,,20240207-新增
CMCC_5G_EXT_PICO_V1.9.4,中国移动5G扩展型皮基站网管南向接口数据模型规范v1.9.4.xlsx,SJ,67,parameter,节能管理参数,Device.Services.FAPService.{i}.CellConfig.{i}.NR.RAN.EnergySaveParam.NRShallowSleepPolicy.{i}.UENumInThdNR,Device,UENumInThdNR,Y,UENumInThdNR,NR系统内浅层休眠功能开启策略-浅层休眠进入的5G用户数门限,CA,BF,NRShallowSleepPolicy,RW,unsignedInt,,,5G系统内浅层休眠功能开启策略中浅层休眠进入的5G用户数门限,TR系列规范(TR098/TR181/TR196)/NRM数据配置要求,,,20240207-新增
CMCC_5G_EXT_PICO_V1.9.4,中国移动5G扩展型皮基站网管南向接口数据模型规范v1.9.4.xlsx,SJ,61,parameter,节能管理参数,Device.Services.FAPService.{i}.CellConfig.{i}.NR.RAN.EnergySaveParam.NRShallowSleepSwitch,Device,NRShallowSleepSwitch,Y,NRShallowSleepSwitch,NR系统内浅层休眠节能功能开关,A,BF,NRShallowSleepSwitch,RW,string(64),,,"该参数是NR系统内浅层休眠节能功能开关，取值范围：ENUMERATED {ON,OFF，NA}，不支持时上报NA. 默认开启上报ON。",TR系列规范(TR098/TR181/TR196)/NRM数据配置要求,,,20240207-新增
CMCC_5G_EXT_PICO_V1.9.4,中国移动5G扩展型皮基站网管南向接口数据模型规范v1.9.4.xlsx,SJ,72,parameter,节能管理参数,Device.Services.FAPService.{i}.CellConfig.{i}.NR.RAN.EnergySaveParam.NRShallowSleepWakeupPolicy.{i}.DlPrbInThdNR,Device,DlPrbInThdNR,Y,DlPrbInThdNR,NR系统内浅层休眠功能唤醒策略-浅层休眠退出的5G下行PRB利用率门限,CA,BF,NRShallowSleepWakeupPolicy,RW,unsignedInt[1:100],,,5G系统内浅层休眠功能唤醒策略中浅层休眠退出的5G下行PRB利用率门限，单位：%,TR系列规范(TR098/TR181/TR196)/NRM数据配置要求,,,20240207-新增
CMCC_5G_EXT_PICO_V1.9.4,中国移动5G扩展型皮基站网管南向接口数据模型规范v1.9.4.xlsx,SJ,70,parameter,节能管理参数,Device.Services.FAPService.{i}.CellConfig.{i}.NR.RAN.EnergySaveParam.NRShallowSleepWakeupPolicy.{i}.TimeStage.{i}.HolidayStartTime,Device,HolidayStartTime,Y,HolidayStartTime,NR系统内浅层休眠功能唤醒策略-假日（含周末）浅层休眠唤醒启动时刻,CA,BF,NRShallowSleepWakeupPolicy,RW,string(64),,,"5G系统内浅层休眠功能唤醒策略中假日（含周末）浅层休眠唤醒启动时刻，取值范围说明：
格式为：HH:mm(24小时制）
注：若不区分节假日配置，启动、结束时刻分别在对应工作日与假日字段上报相同值。",TR系列规范(TR098/TR181/TR196)/NRM数据配置要求,,,20240207-新增
CMCC_5G_EXT_PICO_V1.9.4,中国移动5G扩展型皮基站网管南向接口数据模型规范v1.9.4.xlsx,SJ,71,parameter,节能管理参数,Device.Services.FAPService.{i}.CellConfig.{i}.NR.RAN.EnergySaveParam.NRShallowSleepWakeupPolicy.{i}.TimeStage.{i}.HolidayStopTime,Device,HolidayStopTime,Y,HolidayStopTime,NR系统内浅层休眠功能唤醒策略-假日（含周末）浅层休眠唤醒结束时刻,CA,BF,NRShallowSleepWakeupPolicy,RW,string(64),,,"5G系统内浅层休眠功能唤醒策略中假日（含周末）浅层休眠唤醒结束时刻，取值范围说明：
格式为：HH:mm(24小时制）
注：若不区分节假日配置，启动、结束时刻分别在对应工作日与假日字段上报相同值。",TR系列规范(TR098/TR181/TR196)/NRM数据配置要求,,,20240207-新增
CMCC_5G_EXT_PICO_V1.9.4,中国移动5G扩展型皮基站网管南向接口数据模型规范v1.9.4.xlsx,SJ,68,parameter,节能管理参数,Device.Services.FAPService.{i}.CellConfig.{i}.NR.RAN.EnergySaveParam.NRShallowSleepWakeupPolicy.{i}.TimeStage.{i}.WorkdayStartTime,Device,WorkdayStartTime,Y,WorkdayStartTime,NR系统内浅层休眠功能唤醒策略-工作日浅层休眠唤醒启动时刻,CA,BF,NRShallowSleepWakeupPolicy,RW,string(64),,,"5G系统内浅层休眠功能唤醒策略中工作日浅层休眠唤醒启动时刻，取值范围说明：
格式为：HH:mm(24小时制）
注：若不区分节假日配置，启动、结束时刻分别在对应工作日与假日字段上报相同值。",TR系列规范(TR098/TR181/TR196)/NRM数据配置要求,,,20240207-新增
CMCC_5G_EXT_PICO_V1.9.4,中国移动5G扩展型皮基站网管南向接口数据模型规范v1.9.4.xlsx,SJ,69,parameter,节能管理参数,Device.Services.FAPService.{i}.CellConfig.{i}.NR.RAN.EnergySaveParam.NRShallowSleepWakeupPolicy.{i}.TimeStage.{i}.WorkdayStopTime,Device,WorkdayStopTime,Y,WorkdayStopTime,NR系统内浅层休眠功能唤醒策略-工作日浅层休眠唤醒结束时刻,CA,BF,NRShallowSleepWakeupPolicy,RW,string(64),,,"5G系统内浅层休眠功能唤醒策略中工作日浅层休眠唤醒结束时刻，取值范围说明：
格式为：HH:mm(24小时制）
注：若不区分节假日配置，启动、结束时刻分别在对应工作日与假日字段上报相同值。",TR系列规范(TR098/TR181/TR196)/NRM数据配置要求,,,20240207-新增
CMCC_5G_EXT_PICO_V1.9.4,中国移动5G扩展型皮基站网管南向接口数据模型规范v1.9.4.xlsx,SJ,73,parameter,节能管理参数,Device.Services.FAPService.{i}.CellConfig.{i}.NR.RAN.EnergySaveParam.NRShallowSleepWakeupPolicy.{i}.UENumInThdNR,Device,UENumInThdNR,Y,UENumInThdNR,NR系统内浅层休眠功能唤醒策略-浅层休眠退出的5G用户数门限,CA,BF,NRShallowSleepWakeupPolicy,RW,unsignedInt,,,5G系统内浅层休眠功能唤醒策略中浅层休眠退出的5G用户数门限。,TR系列规范(TR098/TR181/TR196)/NRM数据配置要求,,,20240207-新增
CMCC_5G_EXT_PICO_V1.9.4,中国移动5G扩展型皮基站网管南向接口数据模型规范v1.9.4.xlsx,SJ,59,parameter,节能管理参数,Device.Services.FAPService.{i}.CellConfig.{i}.NR.RAN.EnergySaveParam.PrbLowThreshold,Device,PrbLowThreshold,Y,PrbLowThreshold,PRB利用率低门限,A,,,RW,unsignedInt[1:100],,,PRB利用率低门限，表示百分比，取值1..100，例如1%~100%,,,,
CMCC_5G_EXT_PICO_V1.9.4,中国移动5G扩展型皮基站网管南向接口数据模型规范v1.9.4.xlsx,SJ,60,parameter,节能管理参数,Device.Services.FAPService.{i}.CellConfig.{i}.NR.RAN.EnergySaveParam.RRCLowThreshold,Device,RRCLowThreshold,Y,RRCLowThreshold,RRC接入用户数低门限,A,,,RW,unsignedInt,,,RRC连接用户数低门限,,,,
CMCC_TD_LTE_V2.3,中国移动TD-LTE皮站_飞站基站设备网络管理南向接口数据配置模型规范V2.3.xlsx,SA,16,parameter,设备信息参数管理,Device.DeviceInfo.3GPPSpecVersion,Device,3GPPSpecVersion,N,3GPPSpecVersion,3GPP协议版本,A,,,R,string,,,,TR系列规范(TR098/TR181)/NRM数据配置要求,,,
CMCC_TD_LTE_V2.3,中国移动TD-LTE皮站_飞站基站设备网络管理南向接口数据配置模型规范V2.3.xlsx,SA,11,parameter,设备信息参数管理,Device.DeviceInfo.AdditionalHardwareVersion,Device,AdditionalHardwareVersion,N,AdditionalHardwareVersion,附加硬件版本,A,,,R,string(64),,,,TR系列规范(TR098/TR181)/NRM数据配置要求,,,
CMCC_TD_LTE_V2.3,中国移动TD-LTE皮站_飞站基站设备网络管理南向接口数据配置模型规范V2.3.xlsx,SA,12,parameter,设备信息参数管理,Device.DeviceInfo.AdditionalSoftwareVersion,Device,AdditionalSoftwareVersion,N,AdditionalSoftwareVersion,附加软件版本,A,,,R,string(64),,,,TR系列规范(TR098/TR181)/NRM数据配置要求,,,
CMCC_TD_LTE_V2.3,中国移动TD-LTE皮站_飞站基站设备网络管理南向接口数据配置模型规范V2.3.xlsx,SA,21,parameter,设备信息参数管理,Device.DeviceInfo.DataModelSpecVersion,Device,DataModelSpecVersion,N,DataModelSpecVersion,数据模型版本,A,,,R,string,,,描述中国移动技术规范发布的小基站南向数据模型版本号,,,,
CMCC_TD_LTE_V2.3,中国移动TD-LTE皮站_飞站基站设备网络管理南向接口数据配置模型规范V2.3.xlsx,SA,3,parameter,设备信息参数管理,Device.DeviceInfo.DnPrefix,Device,DnPrefix,N,DnPrefix,DN前缀,A,,,RW,string,,,"例如""DC=BJ,SubNetwork=1""",中国移动室分系统OMC南向接口要求 第2部分：皮基站技术要求_0611_clean,,,
CMCC_TD_LTE_V2.3,中国移动TD-LTE皮站_飞站基站设备网络管理南向接口数据配置模型规范V2.3.xlsx,SA,17,parameter,设备信息参数管理,Device.DeviceInfo.FirstUseDate,Device,FirstUseDate,N,FirstUseDate,首次使用日期,A,,DateOfManufacture,R,dateTime,,,,TR系列规范(TR098/TR181)/NRM数据配置要求,,,
CMCC_TD_LTE_V2.3,中国移动TD-LTE皮站_飞站基站设备网络管理南向接口数据配置模型规范V2.3.xlsx,SA,10,parameter,设备信息参数管理,Device.DeviceInfo.HardwarePlatform,Device,HardwarePlatform,N,HardwarePlatform,硬件平台,A,,HardwarePlatform,R,string(64),,,,NRM数据配置要求,,,
CMCC_TD_LTE_V2.3,中国移动TD-LTE皮站_飞站基站设备网络管理南向接口数据配置模型规范V2.3.xlsx,SA,8,parameter,设备信息参数管理,Device.DeviceInfo.HardwareVersion,Device,HardwareVersion,N,HardwareVersion,硬件版本,A,,Version,R,string(64),,,,TR系列规范(TR098/TR181)/NRM数据配置要求,,,
CMCC_TD_LTE_V2.3,中国移动TD-LTE皮站_飞站基站设备网络管理南向接口数据配置模型规范V2.3.xlsx,SA,5,parameter,设备信息参数管理,Device.DeviceInfo.Manufacturer,Device,Manufacturer,N,Manufacturer,制造商,A,,VendorName,R,string(64),,,,TR系列规范(TR098/TR181)/NRM数据配置要求,,,
CMCC_TD_LTE_V2.3,中国移动TD-LTE皮站_飞站基站设备网络管理南向接口数据配置模型规范V2.3.xlsx,SA,4,parameter,设备信息参数管理,Device.DeviceInfo.ManufacturerOUI,Device,ManufacturerOUI,N,ManufacturerOUI,制造商OUI,A,AA,ManufacturerData,R,string(6),,,,TR系列规范(TR098/TR181)/NRM数据配置要求,,,
CMCC_TD_LTE_V2.3,中国移动TD-LTE皮站_飞站基站设备网络管理南向接口数据配置模型规范V2.3.xlsx,SA,6,parameter,设备信息参数管理,Device.DeviceInfo.ModelName,Device,ModelName,N,ModelName,设备型号,A,,NeType,R,string(64),,,,TR系列规范(TR098/TR181)/NRM数据配置要求,,,
CMCC_TD_LTE_V2.3,中国移动TD-LTE皮站_飞站基站设备网络管理南向接口数据配置模型规范V2.3.xlsx,SA,14,parameter,设备信息参数管理,Device.DeviceInfo.ProductClass,Device,ProductClass,N,ProductClass,产品分类,A,,VendorUnitFamilyType,R,string(64),,,,TR系列规范(TR098/TR181)/NRM数据配置要求,,,
CMCC_TD_LTE_V2.3,中国移动TD-LTE皮站_飞站基站设备网络管理南向接口数据配置模型规范V2.3.xlsx,SA,13,parameter,设备信息参数管理,Device.DeviceInfo.ProvisioningCode,Device,ProvisioningCode,N,ProvisioningCode,供应商代号,A,,VendorName,R,string(64),,,,TR系列规范(TR098/TR181)/NRM数据配置要求,,,
CMCC_TD_LTE_V2.3,中国移动TD-LTE皮站_飞站基站设备网络管理南向接口数据配置模型规范V2.3.xlsx,SA,7,parameter,设备信息参数管理,Device.DeviceInfo.SerialNumber,Device,SerialNumber,N,SerialNumber,序列号,A,,SerialNumber,R,string(64),,,序列号，以“-LTE”结尾,TR系列规范(TR098/TR181)/NRM数据配置要求,,,
CMCC_TD_LTE_V2.3,中国移动TD-LTE皮站_飞站基站设备网络管理南向接口数据配置模型规范V2.3.xlsx,SA,9,parameter,设备信息参数管理,Device.DeviceInfo.SoftwareVersion,Device,SoftwareVersion,N,SoftwareVersion,软件版本,A,,SwVersion,R,string(64),,,,TR系列规范(TR098/TR181)/NRM数据配置要求,,,
CMCC_TD_LTE_V2.3,中国移动TD-LTE皮站_飞站基站设备网络管理南向接口数据配置模型规范V2.3.xlsx,SA,19,parameter,设备信息参数管理,Device.DeviceInfo.SwUpgrade.FailureCause,Device,FailureCause,N,FailureCause,升级失败原因,A,,,R,string(512),,,升级失败原因描述,,,,
CMCC_TD_LTE_V2.3,中国移动TD-LTE皮站_飞站基站设备网络管理南向接口数据配置模型规范V2.3.xlsx,SA,18,parameter,设备信息参数管理,Device.DeviceInfo.SwUpgrade.Stage,Device,Stage,N,Stage,升级阶段,A,,,R,unsignedInt[1:5],,,"1:初始化
2:下载
3:安装
4:等待激活
5.激活",,,,
CMCC_TD_LTE_V2.3,中国移动TD-LTE皮站_飞站基站设备网络管理南向接口数据配置模型规范V2.3.xlsx,SA,20,parameter,设备信息参数管理,Device.DeviceInfo.SwUpgrade.Status,Device,Status,N,Status,状态,A,,,R,unsignedInt[1:3],,,"1:成功
2:失败",,,,
CMCC_TD_LTE_V2.3,中国移动TD-LTE皮站_飞站基站设备网络管理南向接口数据配置模型规范V2.3.xlsx,SA,15,parameter,设备信息参数管理,Device.DeviceInfo.UpTime,Device,UpTime,N,UpTime,运行时间,A,,DateOfLastService,R,unsignedInt,,,,TR系列规范(TR098/TR181)/NRM数据配置要求,,,
CMCC_TD_LTE_V2.3,中国移动TD-LTE皮站_飞站基站设备网络管理南向接口数据配置模型规范V2.3.xlsx,SA,2,parameter,设备信息参数管理,Device.DeviceInfo.UserLabel,Device,UserLabel,N,UserLabel,用户友好名,A,AA,UserLabel,RW,string,,,字段必须与OMC系统内配置资源名称保持一致。且要求UserLabel与告警、性能数据中同一资源对象使用的网元用户友好名保持一致，即用户有好名在OMC内部以及北向接口交互过程中全局唯一。OMC系统内配置资源命名建议参考《中国移动网络资源命名规范-无线分册》，基站命名要求。,技术规范_NanoCell eNB网元统计数据需求规范-NRM(V2.9.0),,,
CMCC_TD_LTE_V2.3,中国移动TD-LTE皮站_飞站基站设备网络管理南向接口数据配置模型规范V2.3.xlsx,SA,16,parameter,设备信息参数管理,InternetGatewayDevice.DeviceInfo.3GPPSpecVersion,InternetGatewayDevice,3GPPSpecVersion,N,3GPPSpecVersion,3GPP协议版本,A,,,R,string,,,,TR系列规范(TR098/TR181)/NRM数据配置要求,,,
CMCC_TD_LTE_V2.3,中国移动TD-LTE皮站_飞站基站设备网络管理南向接口数据配置模型规范V2.3.xlsx,SA,11,parameter,设备信息参数管理,InternetGatewayDevice.DeviceInfo.AdditionalHardwareVersion,InternetGatewayDevice,AdditionalHardwareVersion,N,AdditionalHardwareVersion,附加硬件版本,A,,,R,string(64),,,,TR系列规范(TR098/TR181)/NRM数据配置要求,,,
CMCC_TD_LTE_V2.3,中国移动TD-LTE皮站_飞站基站设备网络管理南向接口数据配置模型规范V2.3.xlsx,SA,12,parameter,设备信息参数管理,InternetGatewayDevice.DeviceInfo.AdditionalSoftwareVersion,InternetGatewayDevice,AdditionalSoftwareVersion,N,AdditionalSoftwareVersion,附加软件版本,A,,,R,string(64),,,,TR系列规范(TR098/TR181)/NRM数据配置要求,,,
CMCC_TD_LTE_V2.3,中国移动TD-LTE皮站_飞站基站设备网络管理南向接口数据配置模型规范V2.3.xlsx,SA,21,parameter,设备信息参数管理,InternetGatewayDevice.DeviceInfo.DataModelSpecVersion,InternetGatewayDevice,DataModelSpecVersion,N,DataModelSpecVersion,数据模型版本,A,,,R,string,,,描述中国移动技术规范发布的小基站南向数据模型版本号,,,,
CMCC_TD_LTE_V2.3,中国移动TD-LTE皮站_飞站基站设备网络管理南向接口数据配置模型规范V2.3.xlsx,SA,3,parameter,设备信息参数管理,InternetGatewayDevice.DeviceInfo.DnPrefix,InternetGatewayDevice,DnPrefix,N,DnPrefix,DN前缀,A,,,RW,string,,,"例如""DC=BJ,SubNetwork=1""",中国移动室分系统OMC南向接口要求 第2部分：皮基站技术要求_0611_clean,,,
CMCC_TD_LTE_V2.3,中国移动TD-LTE皮站_飞站基站设备网络管理南向接口数据配置模型规范V2.3.xlsx,SA,17,parameter,设备信息参数管理,InternetGatewayDevice.DeviceInfo.FirstUseDate,InternetGatewayDevice,FirstUseDate,N,FirstUseDate,首次使用日期,A,,DateOfManufacture,R,dateTime,,,,TR系列规范(TR098/TR181)/NRM数据配置要求,,,
CMCC_TD_LTE_V2.3,中国移动TD-LTE皮站_飞站基站设备网络管理南向接口数据配置模型规范V2.3.xlsx,SA,10,parameter,设备信息参数管理,InternetGatewayDevice.DeviceInfo.HardwarePlatform,InternetGatewayDevice,HardwarePlatform,N,HardwarePlatform,硬件平台,A,,HardwarePlatform,R,string(64),,,,NRM数据配置要求,,,
CMCC_TD_LTE_V2.3,中国移动TD-LTE皮站_飞站基站设备网络管理南向接口数据配置模型规范V2.3.xlsx,SA,8,parameter,设备信息参数管理,InternetGatewayDevice.DeviceInfo.HardwareVersion,InternetGatewayDevice,HardwareVersion,N,HardwareVersion,硬件版本,A,,Version,R,string(64),,,,TR系列规范(TR098/TR181)/NRM数据配置要求,,,
CMCC_TD_LTE_V2.3,中国移动TD-LTE皮站_飞站基站设备网络管理南向接口数据配置模型规范V2.3.xlsx,SA,5,parameter,设备信息参数管理,InternetGatewayDevice.DeviceInfo.Manufacturer,InternetGatewayDevice,Manufacturer,N,Manufacturer,制造商,A,,VendorName,R,string(64),,,,TR系列规范(TR098/TR181)/NRM数据配置要求,,,
CMCC_TD_LTE_V2.3,中国移动TD-LTE皮站_飞站基站设备网络管理南向接口数据配置模型规范V2.3.xlsx,SA,4,parameter,设备信息参数管理,InternetGatewayDevice.DeviceInfo.ManufacturerOUI,InternetGatewayDevice,ManufacturerOUI,N,ManufacturerOUI,制造商OUI,A,AA,ManufacturerData,R,string(6),,,,TR系列规范(TR098/TR181)/NRM数据配置要求,,,
CMCC_TD_LTE_V2.3,中国移动TD-LTE皮站_飞站基站设备网络管理南向接口数据配置模型规范V2.3.xlsx,SA,6,parameter,设备信息参数管理,InternetGatewayDevice.DeviceInfo.ModelName,InternetGatewayDevice,ModelName,N,ModelName,设备型号,A,,NeType,R,string(64),,,,TR系列规范(TR098/TR181)/NRM数据配置要求,,,
CMCC_TD_LTE_V2.3,中国移动TD-LTE皮站_飞站基站设备网络管理南向接口数据配置模型规范V2.3.xlsx,SA,14,parameter,设备信息参数管理,InternetGatewayDevice.DeviceInfo.ProductClass,InternetGatewayDevice,ProductClass,N,ProductClass,产品分类,A,,VendorUnitFamilyType,R,string(64),,,,TR系列规范(TR098/TR181)/NRM数据配置要求,,,
CMCC_TD_LTE_V2.3,中国移动TD-LTE皮站_飞站基站设备网络管理南向接口数据配置模型规范V2.3.xlsx,SA,13,parameter,设备信息参数管理,InternetGatewayDevice.DeviceInfo.ProvisioningCode,InternetGatewayDevice,ProvisioningCode,N,ProvisioningCode,供应商代号,A,,VendorName,R,string(64),,,,TR系列规范(TR098/TR181)/NRM数据配置要求,,,
CMCC_TD_LTE_V2.3,中国移动TD-LTE皮站_飞站基站设备网络管理南向接口数据配置模型规范V2.3.xlsx,SA,7,parameter,设备信息参数管理,InternetGatewayDevice.DeviceInfo.SerialNumber,InternetGatewayDevice,SerialNumber,N,SerialNumber,序列号,A,,SerialNumber,R,string(64),,,序列号，以“-LTE”结尾,TR系列规范(TR098/TR181)/NRM数据配置要求,,,
CMCC_TD_LTE_V2.3,中国移动TD-LTE皮站_飞站基站设备网络管理南向接口数据配置模型规范V2.3.xlsx,SA,9,parameter,设备信息参数管理,InternetGatewayDevice.DeviceInfo.SoftwareVersion,InternetGatewayDevice,SoftwareVersion,N,SoftwareVersion,软件版本,A,,SwVersion,R,string(64),,,,TR系列规范(TR098/TR181)/NRM数据配置要求,,,
CMCC_TD_LTE_V2.3,中国移动TD-LTE皮站_飞站基站设备网络管理南向接口数据配置模型规范V2.3.xlsx,SA,19,parameter,设备信息参数管理,InternetGatewayDevice.DeviceInfo.SwUpgrade.FailureCause,InternetGatewayDevice,FailureCause,N,FailureCause,升级失败原因,A,,,R,string(512),,,升级失败原因描述,,,,
CMCC_TD_LTE_V2.3,中国移动TD-LTE皮站_飞站基站设备网络管理南向接口数据配置模型规范V2.3.xlsx,SA,18,parameter,设备信息参数管理,InternetGatewayDevice.DeviceInfo.SwUpgrade.Stage,InternetGatewayDevice,Stage,N,Stage,升级阶段,A,,,R,unsignedInt[1:5],,,"1:初始化
2:下载
3:安装
4:等待激活
5.激活",,,,
CMCC_TD_LTE_V2.3,中国移动TD-LTE皮站_飞站基站设备网络管理南向接口数据配置模型规范V2.3.xlsx,SA,20,parameter,设备信息参数管理,InternetGatewayDevice.DeviceInfo.SwUpgrade.Status,InternetGatewayDevice,Status,N,Status,状态,A,,,R,unsignedInt[1:3],,,"1:成功
2:失败",,,,
CMCC_TD_LTE_V2.3,中国移动TD-LTE皮站_飞站基站设备网络管理南向接口数据配置模型规范V2.3.xlsx,SA,15,parameter,设备信息参数管理,InternetGatewayDevice.DeviceInfo.UpTime,InternetGatewayDevice,UpTime,N,UpTime,运行时间,A,,DateOfLastService,R,unsignedInt,,,,TR系列规范(TR098/TR181)/NRM数据配置要求,,,
CMCC_TD_LTE_V2.3,中国移动TD-LTE皮站_飞站基站设备网络管理南向接口数据配置模型规范V2.3.xlsx,SA,2,parameter,设备信息参数管理,InternetGatewayDevice.DeviceInfo.UserLabel,InternetGatewayDevice,UserLabel,N,UserLabel,用户友好名,A,AA,UserLabel,RW,string,,,字段必须与OMC系统内配置资源名称保持一致。且要求UserLabel与告警、性能数据中同一资源对象使用的网元用户友好名保持一致，即用户有好名在OMC内部以及北向接口交互过程中全局唯一。OMC系统内配置资源命名建议参考《中国移动网络资源命名规范-无线分册》，基站命名要求。,技术规范_NanoCell eNB网元统计数据需求规范-NRM(V2.9.0),,,
CMCC_5G_EXT_PICO_V1.9.4,中国移动5G扩展型皮基站网管南向接口数据模型规范v1.9.4.xlsx,ST,2,parameter,软采参数管理,Device.FAP.SCMgmt.Config.{i}.SCEnable,Device,SCEnable,Y,SCEnable,软采功能开关,A,,,RW,boolean,,,"开启或关闭SmallCell基站上传软采数据到指定服务器的能力，(0=false,1=true)。",信令软采设备规范-Small Cell NR分册,,,
CMCC_5G_EXT_PICO_V1.9.4,中国移动5G扩展型皮基站网管南向接口数据模型规范v1.9.4.xlsx,ST,8,parameter,软采参数管理,Device.FAP.SCMgmt.Config.{i}.SCGID,Device,SCGID,Y,SCGID,网管编号,A,,,R,string,,,IF0接口的网关编号,SDTP协议,,,
CMCC_5G_EXT_PICO_V1.9.4,中国移动5G扩展型皮基站网管南向接口数据模型规范v1.9.4.xlsx,ST,3,parameter,软采参数管理,Device.FAP.SCMgmt.Config.{i}.SCIPAddress,Device,SCIPAddress,Y,SCIPAddress,软采服务器IP地址,A,,,RW,string(64),,,SCIPAddress详细说明了目标服务器位置。该参数只用于详细描述目标服务器位置。,信令软采设备规范-Small Cell NR分册,,,
CMCC_5G_EXT_PICO_V1.9.4,中国移动5G扩展型皮基站网管南向接口数据模型规范v1.9.4.xlsx,ST,5,parameter,软采参数管理,Device.FAP.SCMgmt.Config.{i}.SCLoginID,Device,SCLoginID,Y,SCLoginID,软采链路认证ID,A,,,RW,string(256),,,SCLoginID用于登录SC服务器,信令软采设备规范-Small Cell NR分册,,,
CMCC_5G_EXT_PICO_V1.9.4,中国移动5G扩展型皮基站网管南向接口数据模型规范v1.9.4.xlsx,ST,7,parameter,软采参数管理,Device.FAP.SCMgmt.Config.{i}.SCNCGIList,Device,SCNCGIList,Y,SCNCGIList,软采开关小区列表,A,,,RW,string,,,"NCGI列表，表示哪些小区需要上报软采，需要"",""进行分隔。例如，“46000-107909121，46000-107909122”",信令软采设备规范-Small Cell NR分册,,,
CMCC_5G_EXT_PICO_V1.9.4,中国移动5G扩展型皮基站网管南向接口数据模型规范v1.9.4.xlsx,ST,6,parameter,软采参数管理,Device.FAP.SCMgmt.Config.{i}.SCPassword,Device,SCPassword,Y,SCPassword,密码,A,,,RW,string(256),,,密码用于 SmallCell基站到服务器的鉴权，如果不需要鉴权，此字符串为空当为读时，该参数返回一个空字符串，而不是一个实际的值。,信令软采设备规范-Small Cell NR分册,,,
CMCC_5G_EXT_PICO_V1.9.4,中国移动5G扩展型皮基站网管南向接口数据模型规范v1.9.4.xlsx,ST,4,parameter,软采参数管理,Device.FAP.SCMgmt.Config.{i}.SCPort,Device,SCPort,Y,SCPort,软采服务器端口,A,,,RW,string,,,软采服务器数据采集端口,信令软采设备规范-Small Cell NR分册,,,
CMCC_5G_EXT_PICO_V1.9.4,中国移动5G扩展型皮基站网管南向接口数据模型规范v1.9.4.xlsx,ST,9,parameter,软采对等网元采集模式,Device.FAP.SCMgmt.Config.{i}.P2PNEMode,Device,P2PNEMode,Y,P2PNEMode,对等网元采集模式,A,,,RW,unsignedInt[0:2],,,"对等网元接口指X2、Xn、E1、F1等接口，若对等网元均采集输出接口数据，存在触发端和被触发的数据重复的现象。(0=触发端,1=被触发端,2=触发端和被触发端都上报)。",信令软采设备规范-Small Cell NR分册,,,
CMCC_5G_EXT_PICO_V1.9.4,中国移动5G扩展型皮基站网管南向接口数据模型规范v1.9.4.xlsx,ST,11,parameter,软采采集用户配置策略,Device.FAP.SCMgmt.Config.{i}.MaxUEs,Device,MaxUEs,Y,MaxUEs,SC采集最大UE数,A,,,RW,unsignedInt,,,采集最大用户数,信令软采设备规范-Small Cell NR分册,,,
CMCC_TD_LTE_V2.3,中国移动TD-LTE皮站_飞站基站设备网络管理南向接口数据配置模型规范V2.3.xlsx,SF,56,parameter,载波聚合参数管理,Device.Services.FAPService.{i}.CellConfig.LTE.CAParam.CASwitchDl,Device,CASwitchDl,Y,CASwitchDl,下行载波聚合功能开关,CA,,CASwitchDl,RW,string(64),,,"（ON，OFF, NA）",NRM数据配置要求,,,
CMCC_TD_LTE_V2.3,中国移动TD-LTE皮站_飞站基站设备网络管理南向接口数据配置模型规范V2.3.xlsx,SF,55,parameter,载波聚合参数管理,Device.Services.FAPService.{i}.CellConfig.LTE.CAParam.CASwitchUl,Device,CASwitchUl,Y,CASwitchUl,上行载波聚合功能开关,CA,,CASwitchUl,RW,string(64),,,"（ON，OFF, NA）",NRM数据配置要求,,,
CMCC_TD_LTE_V2.3,中国移动TD-LTE皮站_飞站基站设备网络管理南向接口数据配置模型规范V2.3.xlsx,SF,56,parameter,载波聚合参数管理,InternetGatewayDevice.Services.FAPService.{i}.CellConfig.LTE.CAParam.CASwitchDl,InternetGatewayDevice,CASwitchDl,Y,CASwitchDl,下行载波聚合功能开关,CA,,CASwitchDl,RW,string(64),,,"（ON，OFF, NA）",NRM数据配置要求,,,
CMCC_TD_LTE_V2.3,中国移动TD-LTE皮站_飞站基站设备网络管理南向接口数据配置模型规范V2.3.xlsx,SF,55,parameter,载波聚合参数管理,InternetGatewayDevice.Services.FAPService.{i}.CellConfig.LTE.CAParam.CASwitchUl,InternetGatewayDevice,CASwitchUl,Y,CASwitchUl,上行载波聚合功能开关,CA,,CASwitchUl,RW,string(64),,,"（ON，OFF, NA）",NRM数据配置要求,,,
CMCC_5G_EXT_PICO_V1.9.4,中国移动5G扩展型皮基站网管南向接口数据模型规范v1.9.4.xlsx,ST,15,parameter,采集时间配置策略,Device.FAP.SCMgmt.Config.{i}.SCDatePeriod,Device,SCDatePeriod,Y,SCDatePeriod,周期软采起止日期,A,,,RW,string,,,"年/月/日-年/月/日,如: 2020/11/3-2020/11/5",信令软采设备规范-Small Cell NR分册,,,
CMCC_5G_EXT_PICO_V1.9.4,中国移动5G扩展型皮基站网管南向接口数据模型规范v1.9.4.xlsx,ST,13,parameter,采集时间配置策略,Device.FAP.SCMgmt.Config.{i}.SCSamplingBeginTime,Device,SCSamplingBeginTime,Y,SCSamplingBeginTime,连续软采开始时间,A,,,RW,dateTime,,,是UTC中的一个绝对时间参考，用于决定NanoCell基站何时开始信令软采任务，当任务开始后，根据使能开关上报信令软采;参考时间，或未知的时间，值定义为0001-01-01T00:00:00Z，表明没有指定精确的时间参考。,信令软采设备规范-Small Cell NR分册,,,
CMCC_5G_EXT_PICO_V1.9.4,中国移动5G扩展型皮基站网管南向接口数据模型规范v1.9.4.xlsx,ST,14,parameter,采集时间配置策略,Device.FAP.SCMgmt.Config.{i}.SCSamplingEndTime,Device,SCSamplingEndTime,Y,SCSamplingEndTime,连续软采结束时间,A,,,RW,dateTime,,,是UTC中的一个绝对时间参考，用于决定NanoCell基站何时停止信令软采任务，当任务停止后，停止上报信令软采;参考时间，或未知的时间，值定义为0001-01-01T00:00:01Z，表明没有指定精确的时间参考。,信令软采设备规范-Small Cell NR分册,,,
CMCC_5G_EXT_PICO_V1.9.4,中国移动5G扩展型皮基站网管南向接口数据模型规范v1.9.4.xlsx,ST,12,parameter,采集时间配置策略,Device.FAP.SCMgmt.Config.{i}.SCSamplingTimeType,Device,SCSamplingTimeType,Y,SCSamplingTimeType,软采采集时间类型,A,,,RW,unsignedInt[0:2],,,"信令采集时间类型,0：连续软采；1：周期软采；2：同时支持连续和周期的采集时间",信令软采设备规范-Small Cell NR分册,,,
CMCC_5G_EXT_PICO_V1.9.4,中国移动5G扩展型皮基站网管南向接口数据模型规范v1.9.4.xlsx,ST,16,parameter,采集时间配置策略,Device.FAP.SCMgmt.Config.{i}.SCTimePeriod1,Device,SCTimePeriod1,Y,SCTimePeriod1,周期软采起止时间1,A,,,RW,string,,,"时:分:秒-时:分:秒,如: 07:20:00-08:20:00",信令软采设备规范-Small Cell NR分册,,,
CMCC_5G_EXT_PICO_V1.9.4,中国移动5G扩展型皮基站网管南向接口数据模型规范v1.9.4.xlsx,ST,17,parameter,采集时间配置策略,Device.FAP.SCMgmt.Config.{i}.SCTimePeriod2,Device,SCTimePeriod2,Y,SCTimePeriod2,周期软采起止时间2,A,,,RW,string,,,"时:分:秒-时:分:秒,如: 07:20:00-08:20:00",信令软采设备规范-Small Cell NR分册,,,
CMCC_5G_EXT_PICO_V1.9.4,中国移动5G扩展型皮基站网管南向接口数据模型规范v1.9.4.xlsx,ST,18,parameter,采集时间配置策略,Device.FAP.SCMgmt.Config.{i}.SCTimePeriod3,Device,SCTimePeriod3,Y,SCTimePeriod3,周期软采起止时间3,A,,,RW,string,,,"时:分:秒-时:分:秒,如: 07:20:00-08:20:00",信令软采设备规范-Small Cell NR分册,,,
CMCC_5G_EXT_PICO_V1.9.4,中国移动5G扩展型皮基站网管南向接口数据模型规范v1.9.4.xlsx,ST,19,parameter,采集时间配置策略,Device.FAP.SCMgmt.Config.{i}.SCTimePeriod4,Device,SCTimePeriod4,Y,SCTimePeriod4,周期软采起止时间4,A,,,RW,string,,,"时:分:秒-时:分:秒,如: 07:20:00-08:20:00",信令软采设备规范-Small Cell NR分册,,,
CMCC_5G_EXT_PICO_V1.9.4,中国移动5G扩展型皮基站网管南向接口数据模型规范v1.9.4.xlsx,ST,20,parameter,采集时间配置策略,Device.FAP.SCMgmt.Config.{i}.SCTimePeriod5,Device,SCTimePeriod5,Y,SCTimePeriod5,周期软采起止时间5,A,,,RW,string,,,"时:分:秒-时:分:秒,如: 07:20:00-08:20:00",信令软采设备规范-Small Cell NR分册,,,
CMCC_TD_LTE_V2.3,中国移动TD-LTE皮站_飞站基站设备网络管理南向接口数据配置模型规范V2.3.xlsx,SJ,271,parameter,重选公共参数,Device.Services.FAPService.{i}.CellConfig.LTE.RAN.Mobility.IdleMode.Common.IntraFreqReselection,Device,IntraFreqReselection,Y,IntraFreqReselection,同频重选指示,A,,IntraFreqReselection,RW,unsignedInt,,,"同频重选指示，(0=允许,1=不允许)",NRM数据配置要求,,,
CMCC_TD_LTE_V2.3,中国移动TD-LTE皮站_飞站基站设备网络管理南向接口数据配置模型规范V2.3.xlsx,SJ,277,parameter,重选公共参数,Device.Services.FAPService.{i}.CellConfig.LTE.RAN.Mobility.IdleMode.Common.NCellChangeHigh,Device,NCellChangeHigh,Y,NCellChangeHigh,进入高速重选次数门限,A,,,RW,unsignedInt[1:16],,,进入高速重选次数门限,TR系列规范(TR098/TR181/TR196),,,
CMCC_TD_LTE_V2.3,中国移动TD-LTE皮站_飞站基站设备网络管理南向接口数据配置模型规范V2.3.xlsx,SJ,276,parameter,重选公共参数,Device.Services.FAPService.{i}.CellConfig.LTE.RAN.Mobility.IdleMode.Common.NCellChangeMedium,Device,NCellChangeMedium,Y,NCellChangeMedium,进入中速重选次数门限,A,,,RW,unsignedInt[1:16],,,进入中速重选次数门限,TR系列规范(TR098/TR181/TR196),,,
CMCC_TD_LTE_V2.3,中国移动TD-LTE皮站_飞站基站设备网络管理南向接口数据配置模型规范V2.3.xlsx,SJ,273,parameter,重选公共参数,Device.Services.FAPService.{i}.CellConfig.LTE.RAN.Mobility.IdleMode.Common.QHystSFHigh,Device,QHystSFHigh,Y,QHystSFHigh,Qhyst比例因子(高速),A,,,RW,"int[-6, -4, -2, 0]",,,"检测到高速移动性状态，将QHystSFHigh加到Qhyst上,",TR系列规范(TR098/TR181/TR196),,,
CMCC_TD_LTE_V2.3,中国移动TD-LTE皮站_飞站基站设备网络管理南向接口数据配置模型规范V2.3.xlsx,SJ,272,parameter,重选公共参数,Device.Services.FAPService.{i}.CellConfig.LTE.RAN.Mobility.IdleMode.Common.QHystSFMedium,Device,QHystSFMedium,Y,QHystSFMedium,Qhyst比例因子(中速),A,,,RW,"int[-6, -4, -2, 0]",,,检测到中速移动性状态，将QHystSFMedium加到Qhyst上,TR系列规范(TR098/TR181/TR196),,,
CMCC_TD_LTE_V2.3,中国移动TD-LTE皮站_飞站基站设备网络管理南向接口数据配置模型规范V2.3.xlsx,SJ,270,parameter,重选公共参数,Device.Services.FAPService.{i}.CellConfig.LTE.RAN.Mobility.IdleMode.Common.Qhyst,Device,Qhyst,Y,Qhyst,服务小区重选迟滞值,A,AU,QHyst,RW,string(64),,,"服务小区的滞后值,单位dB",TR系列规范(TR098/TR181/TR196)/NRM数据配置要求,,参数类型调整,
CMCC_TD_LTE_V2.3,中国移动TD-LTE皮站_飞站基站设备网络管理南向接口数据配置模型规范V2.3.xlsx,SJ,274,parameter,重选公共参数,Device.Services.FAPService.{i}.CellConfig.LTE.RAN.Mobility.IdleMode.Common.TEvaluation,Device,TEvaluation,Y,TEvaluation,允许小区重选数目的间隔时间,A,,,RW,"unsignedInt[30, 60, 120, 180, 240]",,,允许小区重选数目的间隔时间,TR系列规范(TR098/TR181/TR196),,修改参数名大小写，与TR196保持一致,
CMCC_TD_LTE_V2.3,中国移动TD-LTE皮站_飞站基站设备网络管理南向接口数据配置模型规范V2.3.xlsx,SJ,275,parameter,重选公共参数,Device.Services.FAPService.{i}.CellConfig.LTE.RAN.Mobility.IdleMode.Common.THystNormal,Device,THystNormal,Y,THystNormal,正常状态附加判决时长,A,,,RW,"unsignedInt[30, 60, 120, 180, 240]",,,进行正常移动性状态之前额外的时间周期，,TR系列规范(TR098/TR181/TR196),,参数类型错误修正,
CMCC_5G_EXT_PICO_V1.9.4,中国移动5G扩展型皮基站网管南向接口数据模型规范v1.9.4.xlsx,SM,298,parameter,重选公共参数,Device.Services.FAPService.{i}.CellConfig.{i}.NR.RAN.Mobility.IdleMode.Common.IntraFreqReselection,Device,IntraFreqReselection,Y,IntraFreqReselection,同频重选指示,A,,,RW,boolean,,,"同频重选指示，(0=允许,1=不允许)",3GPP TS38.331,,,
CMCC_5G_EXT_PICO_V1.9.4,中国移动5G扩展型皮基站网管南向接口数据模型规范v1.9.4.xlsx,SM,297,parameter,重选公共参数,Device.Services.FAPService.{i}.CellConfig.{i}.NR.RAN.Mobility.IdleMode.Common.NrofSSBlocksToAverage,Device,NrofSSBlocksToAverage,Y,NrofSSBlocksToAverage,小区测量平均SSB数,A,,,RW,"unsignedInt[2:16,0x00000FFF]",,,"取值范围：[2~16]和0x00000FFF
0x00000FFF代表无效",3GPP TS38.331,,,
CMCC_5G_EXT_PICO_V1.9.4,中国移动5G扩展型皮基站网管南向接口数据模型规范v1.9.4.xlsx,SM,302,parameter,重选公共参数,Device.Services.FAPService.{i}.CellConfig.{i}.NR.RAN.Mobility.IdleMode.Common.Qhyst,Device,Qhyst,Y,Qhyst,服务小区重选迟滞值,A,,,RW,unsignedInt[0:15],,,"适用于服务小区的滞后值，用来评估小区级别的标准。以dB为单位。对应TS38.331的q-Hyst，dB0对应0，dB1对应1，依次类推，
取值范围：[0~15]
分别代表{dB0, dB1,dB2, dB3, dB4,dB5, dB6, dB8,dB10,dB12,dB14,dB16,dB18,dB20,dB22, dB24}",3GPP TS38.331,,,
CMCC_5G_EXT_PICO_V1.9.4,中国移动5G扩展型皮基站网管南向接口数据模型规范v1.9.4.xlsx,SM,303,parameter,重选公共参数,Device.Services.FAPService.{i}.CellConfig.{i}.NR.RAN.Mobility.IdleMode.Common.TEvaluation,Device,TEvaluation,Y,TEvaluation,允许小区重选的间隔时间,A,,,RW,unsignedInt[0:4],,,"指定进入移动状态时，评估允许小区
重选数目的间隔时间。以秒为单位。
S30对应30秒，依次类推。对应对应TS38.331 中SIB2定义的t-Evalua tion，取值范围：[0~4]分别代表{s30,s60,s120,s180,s240}",3GPP TS38.331,,,20221128-修改
CMCC_5G_EXT_PICO_V1.9.4,中国移动5G扩展型皮基站网管南向接口数据模型规范v1.9.4.xlsx,SM,304,parameter,重选公共参数,Device.Services.FAPService.{i}.CellConfig.{i}.NR.RAN.Mobility.IdleMode.Common.THystNormal,Device,THystNormal,Y,THystNormal,正常状态附加判决时长,A,,,RW,unsignedInt[0:4],,,"指定进入正常移动状态时，评估标准
的时间间隔。以秒为单位，s30对应30秒，依次类推。对应TS 38.331中
SIB2定义的t-HystNormal，取值范围：[0~4]分别代表{s30,s60, s120,s180,s240}",3GPP TS38.331,,,
CMCC_5G_EXT_PICO_V1.9.4,中国移动5G扩展型皮基站网管南向接口数据模型规范v1.9.4.xlsx,SM,299,parameter,重选公共参数,Device.Services.FAPService.{i}.CellConfig.{i}.NR.RAN.Mobility.IdleMode.Common.ThresholdRSRP,Device,ThresholdRSRP,Y,ThresholdRSRP,RSRP门限值,A,,,RW,"unsignedInt[0:127,0x00000FFF]",,,"取值范围：[0~127]和0x00000FFF
0x00000FFF代表无效",3GPP TS38.331,,,
CMCC_5G_EXT_PICO_V1.9.4,中国移动5G扩展型皮基站网管南向接口数据模型规范v1.9.4.xlsx,SM,300,parameter,重选公共参数,Device.Services.FAPService.{i}.CellConfig.{i}.NR.RAN.Mobility.IdleMode.Common.ThresholdRSRQ,Device,ThresholdRSRQ,Y,ThresholdRSRQ,RSRQ门限值,A,,,RW,"unsignedInt[0:127,0x00000FFF]",,,"取值范围：[0~127]和0x00000FFF
0x00000FFF代表无效",3GPP TS38.331,,,
CMCC_5G_EXT_PICO_V1.9.4,中国移动5G扩展型皮基站网管南向接口数据模型规范v1.9.4.xlsx,SM,301,parameter,重选公共参数,Device.Services.FAPService.{i}.CellConfig.{i}.NR.RAN.Mobility.IdleMode.Common.ThresholdSINR,Device,ThresholdSINR,Y,ThresholdSINR,SINR门限值,A,,,RW,"unsignedInt[0:127,0x00000FFF]",,,"取值范围：[0~127]和0x00000FFF
0x00000FFF代表无效",3GPP TS38.331,,,
CMCC_TD_LTE_V2.3,中国移动TD-LTE皮站_飞站基站设备网络管理南向接口数据配置模型规范V2.3.xlsx,SJ,271,parameter,重选公共参数,InternetGatewayDevice.Services.FAPService.{i}.CellConfig.LTE.RAN.Mobility.IdleMode.Common.IntraFreqReselection,InternetGatewayDevice,IntraFreqReselection,Y,IntraFreqReselection,同频重选指示,A,,IntraFreqReselection,RW,unsignedInt,,,"同频重选指示，(0=允许,1=不允许)",NRM数据配置要求,,,
CMCC_TD_LTE_V2.3,中国移动TD-LTE皮站_飞站基站设备网络管理南向接口数据配置模型规范V2.3.xlsx,SJ,277,parameter,重选公共参数,InternetGatewayDevice.Services.FAPService.{i}.CellConfig.LTE.RAN.Mobility.IdleMode.Common.NCellChangeHigh,InternetGatewayDevice,NCellChangeHigh,Y,NCellChangeHigh,进入高速重选次数门限,A,,,RW,unsignedInt[1:16],,,进入高速重选次数门限,TR系列规范(TR098/TR181/TR196),,,
CMCC_TD_LTE_V2.3,中国移动TD-LTE皮站_飞站基站设备网络管理南向接口数据配置模型规范V2.3.xlsx,SJ,276,parameter,重选公共参数,InternetGatewayDevice.Services.FAPService.{i}.CellConfig.LTE.RAN.Mobility.IdleMode.Common.NCellChangeMedium,InternetGatewayDevice,NCellChangeMedium,Y,NCellChangeMedium,进入中速重选次数门限,A,,,RW,unsignedInt[1:16],,,进入中速重选次数门限,TR系列规范(TR098/TR181/TR196),,,
CMCC_TD_LTE_V2.3,中国移动TD-LTE皮站_飞站基站设备网络管理南向接口数据配置模型规范V2.3.xlsx,SJ,273,parameter,重选公共参数,InternetGatewayDevice.Services.FAPService.{i}.CellConfig.LTE.RAN.Mobility.IdleMode.Common.QHystSFHigh,InternetGatewayDevice,QHystSFHigh,Y,QHystSFHigh,Qhyst比例因子(高速),A,,,RW,"int[-6, -4, -2, 0]",,,"检测到高速移动性状态，将QHystSFHigh加到Qhyst上,",TR系列规范(TR098/TR181/TR196),,,
CMCC_TD_LTE_V2.3,中国移动TD-LTE皮站_飞站基站设备网络管理南向接口数据配置模型规范V2.3.xlsx,SJ,272,parameter,重选公共参数,InternetGatewayDevice.Services.FAPService.{i}.CellConfig.LTE.RAN.Mobility.IdleMode.Common.QHystSFMedium,InternetGatewayDevice,QHystSFMedium,Y,QHystSFMedium,Qhyst比例因子(中速),A,,,RW,"int[-6, -4, -2, 0]",,,检测到中速移动性状态，将QHystSFMedium加到Qhyst上,TR系列规范(TR098/TR181/TR196),,,
CMCC_TD_LTE_V2.3,中国移动TD-LTE皮站_飞站基站设备网络管理南向接口数据配置模型规范V2.3.xlsx,SJ,270,parameter,重选公共参数,InternetGatewayDevice.Services.FAPService.{i}.CellConfig.LTE.RAN.Mobility.IdleMode.Common.Qhyst,InternetGatewayDevice,Qhyst,Y,Qhyst,服务小区重选迟滞值,A,AU,QHyst,RW,string(64),,,"服务小区的滞后值,单位dB",TR系列规范(TR098/TR181/TR196)/NRM数据配置要求,,参数类型调整,
CMCC_TD_LTE_V2.3,中国移动TD-LTE皮站_飞站基站设备网络管理南向接口数据配置模型规范V2.3.xlsx,SJ,274,parameter,重选公共参数,InternetGatewayDevice.Services.FAPService.{i}.CellConfig.LTE.RAN.Mobility.IdleMode.Common.TEvaluation,InternetGatewayDevice,TEvaluation,Y,TEvaluation,允许小区重选数目的间隔时间,A,,,RW,"unsignedInt[30, 60, 120, 180, 240]",,,允许小区重选数目的间隔时间,TR系列规范(TR098/TR181/TR196),,修改参数名大小写，与TR196保持一致,
CMCC_TD_LTE_V2.3,中国移动TD-LTE皮站_飞站基站设备网络管理南向接口数据配置模型规范V2.3.xlsx,SJ,275,parameter,重选公共参数,InternetGatewayDevice.Services.FAPService.{i}.CellConfig.LTE.RAN.Mobility.IdleMode.Common.THystNormal,InternetGatewayDevice,THystNormal,Y,THystNormal,正常状态附加判决时长,A,,,RW,"unsignedInt[30, 60, 120, 180, 240]",,,进行正常移动性状态之前额外的时间周期，,TR系列规范(TR098/TR181/TR196),,参数类型错误修正,
