path,entry_type,access,data_type,old_target_chapter_code,old_target_chapter_name,old_target_node_name,old_target_object_path,old_target_group_code,old_candidate_commands,rematch_decision,rematch_confidence,matched_chapter_code,matched_chapter_name,matched_group_name,matched_object_path,matched_group_code,matched_candidate_commands,match_source_type,match_source_file,match_reason,doc_category,doc_source_file,doc_source_sheet,doc_source_row
DeviceGSM.Bts.Index,parameter,READ_ONLY,U_INT,,,Bts,DeviceGSM.Bts.,DEVICEGSM_BTS,LST BTS,YES_PARAM_MAPPING_XML_OBJECT,medium-low,,,Bts,DeviceGSM.Bts.,,,param_mapping_xml_object_prefix,omcgo/data/param-mappings/BSC.xml,param-mappings XML 已有对象前缀，可作为对象分组依据；缺少 MML 章节/中文组名,,,,
Device.Ethernet.DefaultIpRoute.DefaultInterfaceName,parameter,READ_WRITE,STRING,,,DefaultIpRoute,Device.Ethernet.DefaultIpRoute.,DEVICE_ETHERNET_DEFAULTIPROUTE,LST DEFAULT_IP_ROUTE;MOD DEFAULT_IP_ROUTE,NO_SECONDARY_MATCH,none,,,,,,,,,未在现有 XML/JSON 分组节点或模型库文档中找到可复用分组,,,,
DeviceGSM.BscSelect,parameter,READ_ONLY,STRING,,,DeviceGSM,DeviceGSM.,DEVICEGSM,LST DEVICE_GSM,NO_SECONDARY_MATCH,none,,,,,,,,,未在现有 XML/JSON 分组节点或模型库文档中找到可复用分组,,,,
DeviceGSM.BtsNum,parameter,READ_ONLY,U_INT,,,DeviceGSM,DeviceGSM.,DEVICEGSM,LST DEVICE_GSM,NO_SECONDARY_MATCH,none,,,,,,,,,未在现有 XML/JSON 分组节点或模型库文档中找到可复用分组,,,,
DeviceGSM.Encryption,parameter,READ_ONLY,U_INT,,,DeviceGSM,DeviceGSM.,DEVICEGSM,LST DEVICE_GSM,NO_SECONDARY_MATCH,none,,,,,,,,,未在现有 XML/JSON 分组节点或模型库文档中找到可复用分组,,,,
DeviceGSM.HandoverAlgorithm,parameter,READ_ONLY,STRING,,,DeviceGSM,DeviceGSM.,DEVICEGSM,LST DEVICE_GSM,NO_SECONDARY_MATCH,none,,,,,,,,,未在现有 XML/JSON 分组节点或模型库文档中找到可复用分组,,,,
DeviceGSM.Hodec2CongestionCheck,parameter,READ_ONLY,STRING,,,DeviceGSM,DeviceGSM.,DEVICEGSM,LST DEVICE_GSM,NO_SECONDARY_MATCH,none,,,,,,,,,未在现有 XML/JSON 分组节点或模型库文档中找到可复用分组,,,,
DeviceGSM.IpaUnitId,parameter,READ_ONLY,STRING,,,DeviceGSM,DeviceGSM.,DEVICEGSM,LST DEVICE_GSM,YES_QUICKSETTINGS_XML_GROUP,high,,,GSM 传输参数,,gsm-transport,,quicksettings_xml_exact_standardPath,omcgo/data/quicksettings/BTS.xml#gsm-transport:GSM 传输参数(UnitID),quicksettings XML 已有同 standardPath 的前端分组,,,,
DeviceGSM.Mcc,parameter,READ_ONLY,STRING,,,DeviceGSM,DeviceGSM.,DEVICEGSM,LST DEVICE_GSM,NO_SECONDARY_MATCH,none,,,,,,,,,未在现有 XML/JSON 分组节点或模型库文档中找到可复用分组,,,,
DeviceGSM.Mnc,parameter,READ_ONLY,STRING,,,DeviceGSM,DeviceGSM.,DEVICEGSM,LST DEVICE_GSM,NO_SECONDARY_MATCH,none,,,,,,,,,未在现有 XML/JSON 分组节点或模型库文档中找到可复用分组,,,,
DeviceGSM.NriBitLen,parameter,READ_ONLY,U_INT,,,DeviceGSM,DeviceGSM.,DEVICEGSM,LST DEVICE_GSM,NO_SECONDARY_MATCH,none,,,,,,,,,未在现有 XML/JSON 分组节点或模型库文档中找到可复用分组,,,,
DeviceGSM.NriNullAdd,parameter,READ_ONLY,STRING,,,DeviceGSM,DeviceGSM.,DEVICEGSM,LST DEVICE_GSM,NO_SECONDARY_MATCH,none,,,,,,,,,未在现有 XML/JSON 分组节点或模型库文档中找到可复用分组,,,,
DeviceGSM.NriNullDel,parameter,READ_ONLY,STRING,,,DeviceGSM,DeviceGSM.,DEVICEGSM,LST DEVICE_GSM,NO_SECONDARY_MATCH,none,,,,,,,,,未在现有 XML/JSON 分组节点或模型库文档中找到可复用分组,,,,
DeviceGSM.OmlRemoteIp,parameter,READ_ONLY,STRING,,,DeviceGSM,DeviceGSM.,DEVICEGSM,LST DEVICE_GSM,YES_QUICKSETTINGS_XML_GROUP,high,,,GSM 传输参数,,gsm-transport,,quicksettings_xml_exact_standardPath,omcgo/data/quicksettings/BTS.xml#gsm-transport:GSM 传输参数(RemoteIP),quicksettings XML 已有同 standardPath 的前端分组,,,,
DeviceGSM.OmlRemoteIpBak,parameter,READ_ONLY,STRING,,,DeviceGSM,DeviceGSM.,DEVICEGSM,LST DEVICE_GSM,YES_QUICKSETTINGS_XML_GROUP,high,,,GSM 传输参数,,gsm-transport,,quicksettings_xml_exact_standardPath,omcgo/data/quicksettings/BTS.xml#gsm-transport:GSM 传输参数(RemoteIPBak),quicksettings XML 已有同 standardPath 的前端分组,,,,
DeviceGSM.TimerNetT3212,parameter,READ_ONLY,U_INT,,,DeviceGSM,DeviceGSM.,DEVICEGSM,LST DEVICE_GSM,NO_SECONDARY_MATCH,none,,,,,,,,,未在现有 XML/JSON 分组节点或模型库文档中找到可复用分组,,,,
DeviceGSM.handover,parameter,READ_ONLY,STRING,,,DeviceGSM,DeviceGSM.,DEVICEGSM,LST DEVICE_GSM,NO_SECONDARY_MATCH,none,,,,,,,,,未在现有 XML/JSON 分组节点或模型库文档中找到可复用分组,,,,
DeviceGSM.Cs7Instance.ForAs.Index,parameter,READ_ONLY,U_INT,,,ForAs,DeviceGSM.Cs7Instance.ForAs.,DEVICEGSM_CS7INSTANCE_FORAS,LST FOR_AS,NO_SECONDARY_MATCH,none,,,,,,,,,未在现有 XML/JSON 分组节点或模型库文档中找到可复用分组,,,,
DeviceGSM.Cs7Instance.ForAsp.Index,parameter,READ_ONLY,U_INT,,,ForAsp,DeviceGSM.Cs7Instance.ForAsp.,DEVICEGSM_CS7INSTANCE_FORASP,LST FOR_ASP,NO_SECONDARY_MATCH,none,,,,,,,,,未在现有 XML/JSON 分组节点或模型库文档中找到可复用分组,,,,
DeviceGSM.Cs7Instance.ForSccpAddr.Index,parameter,READ_ONLY,U_INT,,,ForSccpAddr,DeviceGSM.Cs7Instance.ForSccpAddr.,DEVICEGSM_CS7INSTANCE_FORSCCPADDR,LST FOR_SCCP_ADDR,NO_SECONDARY_MATCH,none,,,,,,,,,未在现有 XML/JSON 分组节点或模型库文档中找到可复用分组,,,,
boardconf.HALOD.HALOD_ENB1_IP,parameter,READ_WRITE,STRING,,,HALOD,boardconf.HALOD.,BOARDCONF_HALOD,LST HALOD;MOD HALOD,NO_SECONDARY_MATCH,none,,,,,,,,,未在现有 XML/JSON 分组节点或模型库文档中找到可复用分组,,,,
boardconf.HALOD.HALOD_ENB2_IP,parameter,READ_WRITE,STRING,,,HALOD,boardconf.HALOD.,BOARDCONF_HALOD,LST HALOD;MOD HALOD,NO_SECONDARY_MATCH,none,,,,,,,,,未在现有 XML/JSON 分组节点或模型库文档中找到可复用分组,,,,
boardconf.HALOD.HALOD_IP,parameter,READ_WRITE,STRING,,,HALOD,boardconf.HALOD.,BOARDCONF_HALOD,LST HALOD;MOD HALOD,NO_SECONDARY_MATCH,none,,,,,,,,,未在现有 XML/JSON 分组节点或模型库文档中找到可复用分组,,,,
boardconf.HALOD.HALOD_PORT,parameter,READ_WRITE,STRING,,,HALOD,boardconf.HALOD.,BOARDCONF_HALOD,LST HALOD;MOD HALOD,NO_SECONDARY_MATCH,none,,,,,,,,,未在现有 XML/JSON 分组节点或模型库文档中找到可复用分组,,,,
boardconf.HALOD.HALOD_WCG_S1C_IFNAME,parameter,READ_WRITE,STRING,,,HALOD,boardconf.HALOD.,BOARDCONF_HALOD,LST HALOD;MOD HALOD,NO_SECONDARY_MATCH,none,,,,,,,,,未在现有 XML/JSON 分组节点或模型库文档中找到可复用分组,,,,
boardconf.HALOD.HALOD_WCG_S1U_IFNAME,parameter,READ_WRITE,STRING,,,HALOD,boardconf.HALOD.,BOARDCONF_HALOD,LST HALOD;MOD HALOD,NO_SECONDARY_MATCH,none,,,,,,,,,未在现有 XML/JSON 分组节点或模型库文档中找到可复用分组,,,,
Device.FAP.HANRU.LockBand,parameter,READ_WRITE,STRING,,,HANRU,Device.FAP.HANRU.,DEVICE_FAP_HANRU,LST HANRU;MOD HANRU,NO_SECONDARY_MATCH,none,,,,,,,,,未在现有 XML/JSON 分组节点或模型库文档中找到可复用分组,,,,
Device.FAP.HANRU.LockCellId,parameter,READ_WRITE,STRING,,,HANRU,Device.FAP.HANRU.,DEVICE_FAP_HANRU,LST HANRU;MOD HANRU,NO_SECONDARY_MATCH,none,,,,,,,,,未在现有 XML/JSON 分组节点或模型库文档中找到可复用分组,,,,
Device.FAP.HANRU.LockFrequency,parameter,READ_WRITE,STRING,,,HANRU,Device.FAP.HANRU.,DEVICE_FAP_HANRU,LST HANRU;MOD HANRU,NO_SECONDARY_MATCH,none,,,,,,,,,未在现有 XML/JSON 分组节点或模型库文档中找到可复用分组,,,,
Device.FAP.HANRU.LockParam,parameter,READ_WRITE,STRING,,,HANRU,Device.FAP.HANRU.,DEVICE_FAP_HANRU,LST HANRU;MOD HANRU,NO_SECONDARY_MATCH,none,,,,,,,,,未在现有 XML/JSON 分组节点或模型库文档中找到可复用分组,,,,
Device.FAP.HANRU.LockParamNettype,parameter,READ_WRITE,STRING,,,HANRU,Device.FAP.HANRU.,DEVICE_FAP_HANRU,LST HANRU;MOD HANRU,NO_SECONDARY_MATCH,none,,,,,,,,,未在现有 XML/JSON 分组节点或模型库文档中找到可复用分组,,,,
boardconf.HaloD.baseStationForm,parameter,READ_ONLY,STRING,,,HaloD,boardconf.HaloD.,BOARDCONF_HALOD,LST HALO_D,NO_SECONDARY_MATCH,none,,,,,,,,,未在现有 XML/JSON 分组节点或模型库文档中找到可复用分组,,,,
Device.HaltReason.DetailReason,parameter,READ_WRITE,STRING,,,HaltReason,Device.HaltReason.,DEVICE_HALTREASON,LST HALT_REASON;MOD HALT_REASON,NO_SECONDARY_MATCH,none,,,,,,,,,未在现有 XML/JSON 分组节点或模型库文档中找到可复用分组,,,,
Device.HaltReason.MainReason,parameter,READ_WRITE,STRING,,,HaltReason,Device.HaltReason.,DEVICE_HALTREASON,LST HALT_REASON;MOD HALT_REASON,NO_SECONDARY_MATCH,none,,,,,,,,,未在现有 XML/JSON 分组节点或模型库文档中找到可复用分组,,,,
Device.Https.HttpsEnable,parameter,READ_ONLY,BOOLEAN,,,Https,Device.Https.,DEVICE_HTTPS,LST HTTPS,NO_SECONDARY_MATCH,none,,,,,,,,,未在现有 XML/JSON 分组节点或模型库文档中找到可复用分组,,,,
Device.Ethernet.Interface.{i}.IPv4Address.{i},parameter,READ_WRITE,STRING,,,IPv4Address,Device.Ethernet.Interface.{i}.IPv4Address.,DEVICE_ETHERNET_INTERFACE_IPV4ADDRESS,LST IPV4_ADDRESS;MOD IPV4_ADDRESS,YES_SAME_EXISTING_GROUP_CODE,high,SL,WAN口配置参数管理,接口 IPv4 地址,Device.Ethernet.Interface.{i}.IPv4Address.{i}.,DEVICE_ETHERNET_INTERFACE_IPV4ADDRESS,LST INTERFACE_I_PV4_ADDRESS;MOD INTERFACE_I_PV4_ADDRESS,existing_mml_group_code_from_analysis,omcgo/data/model-library/standard-params-to-mml-tree-analysis-20260703.detail.csv,同一 target_group_code 已有 already_in_mml 参数，可复用该分组节点,,,,
Device.Ethernet.Interface.{i}.VlanInterface.{i}.IPv4Address.{i},parameter,READ_WRITE,STRING,,,IPv4Address,Device.Ethernet.Interface.{i}.VlanInterface.{i}.IPv4Address.,DEVICE_ETHERNET_INTERFACE_VLANINTERFACE_IPV4ADDRESS,LST IPV4_ADDRESS;MOD IPV4_ADDRESS,YES_SAME_EXISTING_GROUP_CODE,high,SL,WAN口配置参数管理,VLAN 子接口 IPv4 地址,Device.Ethernet.Interface.{i}.VlanInterface.{i}.IPv4Address.{i}.,DEVICE_ETHERNET_INTERFACE_VLANINTERFACE_IPV4ADDRESS,LST VLAN_INTERFACE_I_PV4_ADDRESS;MOD VLAN_INTERFACE_I_PV4_ADDRESS,existing_mml_group_code_from_analysis,omcgo/data/model-library/standard-params-to-mml-tree-analysis-20260703.detail.csv,同一 target_group_code 已有 already_in_mml 参数，可复用该分组节点,,,,
Device.Ethernet.Interface.{i}.IPv6Address.{i},parameter,READ_WRITE,STRING,,,IPv6Address,Device.Ethernet.Interface.{i}.IPv6Address.,DEVICE_ETHERNET_INTERFACE_IPV6ADDRESS,LST IPV6_ADDRESS;MOD IPV6_ADDRESS,YES_SAME_EXISTING_GROUP_CODE,high,SL,WAN口配置参数管理,接口 IPv6 地址,Device.Ethernet.Interface.{i}.IPv6Address.{i}.,DEVICE_ETHERNET_INTERFACE_IPV6ADDRESS,LST INTERFACE_I_PV6_ADDRESS;MOD INTERFACE_I_PV6_ADDRESS,existing_mml_group_code_from_analysis,omcgo/data/model-library/standard-params-to-mml-tree-analysis-20260703.detail.csv,同一 target_group_code 已有 already_in_mml 参数，可复用该分组节点,,,,
Device.Ethernet.Interface.{i}.VlanInterface.{i}.IPv6Address.{i},parameter,READ_WRITE,STRING,,,IPv6Address,Device.Ethernet.Interface.{i}.VlanInterface.{i}.IPv6Address.,DEVICE_ETHERNET_INTERFACE_VLANINTERFACE_IPV6ADDRESS,LST IPV6_ADDRESS;MOD IPV6_ADDRESS,YES_SAME_EXISTING_GROUP_CODE,high,SL,WAN口配置参数管理,VLAN 子接口 IPv6 地址,Device.Ethernet.Interface.{i}.VlanInterface.{i}.IPv6Address.{i}.,DEVICE_ETHERNET_INTERFACE_VLANINTERFACE_IPV6ADDRESS,LST VLAN_INTERFACE_I_PV6_ADDRESS;MOD VLAN_INTERFACE_I_PV6_ADDRESS,existing_mml_group_code_from_analysis,omcgo/data/model-library/standard-params-to-mml-tree-analysis-20260703.detail.csv,同一 target_group_code 已有 already_in_mml 参数，可复用该分组节点,,,,
Device.Ethernet.Interface.{i},parameter,READ_WRITE,STRING,,,Interface,Device.Ethernet.Interface.,DEVICE_ETHERNET_INTERFACE,LST INTERFACE;MOD INTERFACE,YES_SAME_EXISTING_GROUP_CODE,high,SL,WAN口配置参数管理,以太网接口,Device.Ethernet.Interface.{i}.,DEVICE_ETHERNET_INTERFACE,LST ETHERNET_INTERFACE;MOD ETHERNET_INTERFACE,existing_mml_group_code_from_analysis,omcgo/data/model-library/standard-params-to-mml-tree-analysis-20260703.detail.csv,同一 target_group_code 已有 already_in_mml 参数，可复用该分组节点,,,,
Device.Ethernet.IpRoute.{i},parameter,READ_WRITE,STRING,,,IpRoute,Device.Ethernet.IpRoute.,DEVICE_ETHERNET_IPROUTE,LST IP_ROUTE;MOD IP_ROUTE,YES_SAME_EXISTING_GROUP_CODE,high,SL,WAN口配置参数管理,静态路由表项,Device.Ethernet.IpRoute.{i}.,DEVICE_ETHERNET_IPROUTE,LST ETHERNET_IP_ROUTE;MOD ETHERNET_IP_ROUTE,existing_mml_group_code_from_analysis,omcgo/data/model-library/standard-params-to-mml-tree-analysis-20260703.detail.csv,同一 target_group_code 已有 already_in_mml 参数，可复用该分组节点,,,,
Device.KeepalivedMgmt.CounterCheck,parameter,READ_ONLY,U_INT,,,KeepalivedMgmt,Device.KeepalivedMgmt.,DEVICE_KEEPALIVEDMGMT,LST KEEPALIVED_MGMT,NO_SECONDARY_MATCH,none,,,,,,,,,未在现有 XML/JSON 分组节点或模型库文档中找到可复用分组,,,,
Device.KeepalivedMgmt.Enable,parameter,READ_ONLY,STRING,,,KeepalivedMgmt,Device.KeepalivedMgmt.,DEVICE_KEEPALIVEDMGMT,LST KEEPALIVED_MGMT,NO_SECONDARY_MATCH,none,,,,,,,,,未在现有 XML/JSON 分组节点或模型库文档中找到可复用分组,,,,
Device.KeepalivedMgmt.LocalUplinkIpAddr,parameter,READ_ONLY,STRING,,,KeepalivedMgmt,Device.KeepalivedMgmt.,DEVICE_KEEPALIVEDMGMT,LST KEEPALIVED_MGMT,NO_SECONDARY_MATCH,none,,,,,,,,,未在现有 XML/JSON 分组节点或模型库文档中找到可复用分组,,,,
Device.KeepalivedMgmt.ManualSwitch,parameter,READ_ONLY,STRING,,,KeepalivedMgmt,Device.KeepalivedMgmt.,DEVICE_KEEPALIVEDMGMT,LST KEEPALIVED_MGMT,NO_SECONDARY_MATCH,none,,,,,,,,,未在现有 XML/JSON 分组节点或模型库文档中找到可复用分组,,,,
Device.KeepalivedMgmt.MaxVrrpEntries,parameter,READ_ONLY,U_INT,,,KeepalivedMgmt,Device.KeepalivedMgmt.,DEVICE_KEEPALIVEDMGMT,LST KEEPALIVED_MGMT,NO_SECONDARY_MATCH,none,,,,,,,,,未在现有 XML/JSON 分组节点或模型库文档中找到可复用分组,,,,
Device.KeepalivedMgmt.RemoteUplinkIpAddr,parameter,READ_ONLY,STRING,,,KeepalivedMgmt,Device.KeepalivedMgmt.,DEVICE_KEEPALIVEDMGMT,LST KEEPALIVED_MGMT,NO_SECONDARY_MATCH,none,,,,,,,,,未在现有 XML/JSON 分组节点或模型库文档中找到可复用分组,,,,
Device.KeepalivedMgmt.RouterId,parameter,READ_ONLY,STRING,,,KeepalivedMgmt,Device.KeepalivedMgmt.,DEVICE_KEEPALIVEDMGMT,LST KEEPALIVED_MGMT,NO_SECONDARY_MATCH,none,,,,,,,,,未在现有 XML/JSON 分组节点或模型库文档中找到可复用分组,,,,
Device.KeepalivedMgmt.SecondTimeout,parameter,READ_ONLY,U_INT,,,KeepalivedMgmt,Device.KeepalivedMgmt.,DEVICE_KEEPALIVEDMGMT,LST KEEPALIVED_MGMT,NO_SECONDARY_MATCH,none,,,,,,,,,未在现有 XML/JSON 分组节点或模型库文档中找到可复用分组,,,,
Device.KeepalivedMgmt.VrrpNumberOfEntries,parameter,READ_ONLY,U_INT,,,KeepalivedMgmt,Device.KeepalivedMgmt.,DEVICE_KEEPALIVEDMGMT,LST KEEPALIVED_MGMT,NO_SECONDARY_MATCH,none,,,,,,,,,未在现有 XML/JSON 分组节点或模型库文档中找到可复用分组,,,,
Device.FAP.LanConfig.LanDhcpEndIp,parameter,READ_WRITE,STRING,,,LanConfig,Device.FAP.LanConfig.,DEVICE_FAP_LANCONFIG,LST LAN_CONFIG;MOD LAN_CONFIG,NO_SECONDARY_MATCH,none,,,,,,,,,未在现有 XML/JSON 分组节点或模型库文档中找到可复用分组,,,,
Device.FAP.LanConfig.LanDhcpNetmask,parameter,READ_WRITE,STRING,,,LanConfig,Device.FAP.LanConfig.,DEVICE_FAP_LANCONFIG,LST LAN_CONFIG;MOD LAN_CONFIG,NO_SECONDARY_MATCH,none,,,,,,,,,未在现有 XML/JSON 分组节点或模型库文档中找到可复用分组,,,,
Device.FAP.LanConfig.LanDhcpStartIp,parameter,READ_WRITE,STRING,,,LanConfig,Device.FAP.LanConfig.,DEVICE_FAP_LANCONFIG,LST LAN_CONFIG;MOD LAN_CONFIG,NO_SECONDARY_MATCH,none,,,,,,,,,未在现有 XML/JSON 分组节点或模型库文档中找到可复用分组,,,,
Device.FAP.LanConfig.LanNetctlSwitch,parameter,READ_WRITE,STRING,,,LanConfig,Device.FAP.LanConfig.,DEVICE_FAP_LANCONFIG,LST LAN_CONFIG;MOD LAN_CONFIG,NO_SECONDARY_MATCH,none,,,,,,,,,未在现有 XML/JSON 分组节点或模型库文档中找到可复用分组,,,,
Device.FAP.NL.{i},parameter,READ_WRITE,STRING,,,NL,Device.FAP.NL.,DEVICE_FAP_NL,LST NL;MOD NL,NO_SECONDARY_MATCH,none,,,,,,,,,未在现有 XML/JSON 分组节点或模型库文档中找到可复用分组,,,,
Device.LAN_HostConfigManagement.IPInterface.NRCU.F1UIpAddr,parameter,READ_WRITE,STRING,,,NRCU,Device.LAN_HostConfigManagement.IPInterface.NRCU.,DEVICE_LAN_HOSTCONFIGMANAGEMENT_IPINTERFACE_NRCU,LST NRCU;MOD NRCU,NO_SECONDARY_MATCH,none,,,,,,,,,未在现有 XML/JSON 分组节点或模型库文档中找到可复用分组,,,,
Device.LAN_HostConfigManagement.IPInterface.NRCU.F1apLocalIpAddr,parameter,READ_WRITE,STRING,,,NRCU,Device.LAN_HostConfigManagement.IPInterface.NRCU.,DEVICE_LAN_HOSTCONFIGMANAGEMENT_IPINTERFACE_NRCU,LST NRCU;MOD NRCU,NO_SECONDARY_MATCH,none,,,,,,,,,未在现有 XML/JSON 分组节点或模型库文档中找到可复用分组,,,,
Device.LAN_HostConfigManagement.IPInterface.NRCU.XnapLocalIpAddr,parameter,READ_WRITE,STRING,,,NRCU,Device.LAN_HostConfigManagement.IPInterface.NRCU.,DEVICE_LAN_HOSTCONFIGMANAGEMENT_IPINTERFACE_NRCU,LST NRCU;MOD NRCU,NO_SECONDARY_MATCH,none,,,,,,,,,未在现有 XML/JSON 分组节点或模型库文档中找到可复用分组,,,,
Device.LAN_HostConfigManagement.IPInterface.NRDU.DuF1UIpAddr,parameter,READ_WRITE,STRING,,,NRDU,Device.LAN_HostConfigManagement.IPInterface.NRDU.,DEVICE_LAN_HOSTCONFIGMANAGEMENT_IPINTERFACE_NRDU,LST NRDU;MOD NRDU,NO_SECONDARY_MATCH,none,,,,,,,,,未在现有 XML/JSON 分组节点或模型库文档中找到可复用分组,,,,
Device.LAN_HostConfigManagement.IPInterface.NRDU.DuF1apLocalIpAddr,parameter,READ_WRITE,STRING,,,NRDU,Device.LAN_HostConfigManagement.IPInterface.NRDU.,DEVICE_LAN_HOSTCONFIGMANAGEMENT_IPINTERFACE_NRDU,LST NRDU;MOD NRDU,NO_SECONDARY_MATCH,none,,,,,,,,,未在现有 XML/JSON 分组节点或模型库文档中找到可复用分组,,,,
Device.LAN_HostConfigManagement.IPInterface.NRDU.DuF1apRemoteIpAddr,parameter,READ_WRITE,STRING,,,NRDU,Device.LAN_HostConfigManagement.IPInterface.NRDU.,DEVICE_LAN_HOSTCONFIGMANAGEMENT_IPINTERFACE_NRDU,LST NRDU;MOD NRDU,NO_SECONDARY_MATCH,none,,,,,,,,,未在现有 XML/JSON 分组节点或模型库文档中找到可复用分组,,,,
Device.LAN_HostConfigManagement.IPInterface.NgapMgmt.NgapLocalIpAddrList,parameter,READ_WRITE,STRING,,,NgapMgmt,Device.LAN_HostConfigManagement.IPInterface.NgapMgmt.,DEVICE_LAN_HOSTCONFIGMANAGEMENT_IPINTERFACE_NGAPMGMT,LST NGAP_MGMT;MOD NGAP_MGMT,NO_SECONDARY_MATCH,none,,,,,,,,,未在现有 XML/JSON 分组节点或模型库文档中找到可复用分组,,,,
Device.LAN_HostConfigManagement.IPInterface.NgapMgmt.NguLocalIpAddrList,parameter,READ_WRITE,STRING,,,NgapMgmt,Device.LAN_HostConfigManagement.IPInterface.NgapMgmt.,DEVICE_LAN_HOSTCONFIGMANAGEMENT_IPINTERFACE_NGAPMGMT,LST NGAP_MGMT;MOD NGAP_MGMT,NO_SECONDARY_MATCH,none,,,,,,,,,未在现有 XML/JSON 分组节点或模型库文档中找到可复用分组,,,,
Device.FAP.PTP1588.DelayInterval,parameter,READ_WRITE,STRING,,,PTP1588,Device.FAP.PTP1588.,DEVICE_FAP_PTP1588,LST PTP1588;MOD PTP1588,NO_SECONDARY_MATCH,none,,,,,,,,,未在现有 XML/JSON 分组节点或模型库文档中找到可复用分组,,,,
Device.FAP.PTP1588.Domain,parameter,READ_WRITE,STRING,,,PTP1588,Device.FAP.PTP1588.,DEVICE_FAP_PTP1588,LST PTP1588;MOD PTP1588,NO_SECONDARY_MATCH,none,,,,,,,,,未在现有 XML/JSON 分组节点或模型库文档中找到可复用分组,,,,
Device.FAP.PTP1588.Interface,parameter,READ_WRITE,STRING,,,PTP1588,Device.FAP.PTP1588.,DEVICE_FAP_PTP1588,LST PTP1588;MOD PTP1588,NO_SECONDARY_MATCH,none,,,,,,,,,未在现有 XML/JSON 分组节点或模型库文档中找到可复用分组,,,,
Device.FAP.PTP1588.IpAddr,parameter,READ_WRITE,STRING,,,PTP1588,Device.FAP.PTP1588.,DEVICE_FAP_PTP1588,LST PTP1588;MOD PTP1588,NO_SECONDARY_MATCH,none,,,,,,,,,未在现有 XML/JSON 分组节点或模型库文档中找到可复用分组,,,,
Device.FAP.PTP1588.Profile,parameter,READ_WRITE,STRING,,,PTP1588,Device.FAP.PTP1588.,DEVICE_FAP_PTP1588,LST PTP1588;MOD PTP1588,NO_SECONDARY_MATCH,none,,,,,,,,,未在现有 XML/JSON 分组节点或模型库文档中找到可复用分组,,,,
Device.FAP.PTP1588.ServerAddr,parameter,READ_WRITE,STRING,,,PTP1588,Device.FAP.PTP1588.,DEVICE_FAP_PTP1588,LST PTP1588;MOD PTP1588,NO_SECONDARY_MATCH,none,,,,,,,,,未在现有 XML/JSON 分组节点或模型库文档中找到可复用分组,,,,
Device.FAP.PTP1588.SyncInterval,parameter,READ_WRITE,STRING,,,PTP1588,Device.FAP.PTP1588.,DEVICE_FAP_PTP1588,LST PTP1588;MOD PTP1588,NO_SECONDARY_MATCH,none,,,,,,,,,未在现有 XML/JSON 分组节点或模型库文档中找到可复用分组,,,,
Device.FAP.PTP1588.Transmode,parameter,READ_WRITE,STRING,,,PTP1588,Device.FAP.PTP1588.,DEVICE_FAP_PTP1588,LST PTP1588;MOD PTP1588,NO_SECONDARY_MATCH,none,,,,,,,,,未在现有 XML/JSON 分组节点或模型库文档中找到可复用分组,,,,
Device.FAP.PTP1588.UnicastMode,parameter,READ_WRITE,STRING,,,PTP1588,Device.FAP.PTP1588.,DEVICE_FAP_PTP1588,LST PTP1588;MOD PTP1588,NO_SECONDARY_MATCH,none,,,,,,,,,未在现有 XML/JSON 分组节点或模型库文档中找到可复用分组,,,,
Device.FAP.PTP1588.VlanId,parameter,READ_WRITE,STRING,,,PTP1588,Device.FAP.PTP1588.,DEVICE_FAP_PTP1588,LST PTP1588;MOD PTP1588,NO_SECONDARY_MATCH,none,,,,,,,,,未在现有 XML/JSON 分组节点或模型库文档中找到可复用分组,,,,
Device.Ethernet.Interface.{i}.PppoeAddress.{i},parameter,READ_WRITE,STRING,,,PppoeAddress,Device.Ethernet.Interface.{i}.PppoeAddress.,DEVICE_ETHERNET_INTERFACE_PPPOEADDRESS,LST PPPOE_ADDRESS;MOD PPPOE_ADDRESS,YES_EXISTING_JSON_PARENT_GROUP,medium,SL,WAN口配置参数管理,以太网接口,Device.Ethernet.Interface.{i}.,,,json_seed_and_catalog_existing_group,omcgo/internal/config/parammodel/mmlstandardloader/seeds/cmcc_tdlte_v23.json; omcgo/datamodels/mml-catalog/cmcc-tdlte-v2.3.json,参数 path 位于现有 JSON/seed 分组对象路径之下，可挂到该父分组；需确认是否过宽,,,,
Device.FAP.Synchronization.ClockSourceSyncState,parameter,READ_ONLY,STRING,,,Synchronization,Device.FAP.Synchronization.,DEVICE_FAP_SYNCHRONIZATION,LST SYNCHRONIZATION,NO_SECONDARY_MATCH,none,,,,,,,,,未在现有 XML/JSON 分组节点或模型库文档中找到可复用分组,,,,
Device.FAP.Synchronization.PpsTimeMode,parameter,READ_WRITE,STRING,,,Synchronization,Device.FAP.Synchronization.,DEVICE_FAP_SYNCHRONIZATION,LST SYNCHRONIZATION;MOD SYNCHRONIZATION,NO_SECONDARY_MATCH,none,,,,,,,,,未在现有 XML/JSON 分组节点或模型库文档中找到可复用分组,,,,
Device.FAP.TFCS.primSrc,parameter,READ_WRITE,INT,,,TFCS,Device.FAP.TFCS.,DEVICE_FAP_TFCS,LST TFCS;MOD TFCS,NO_SECONDARY_MATCH,none,,,,,,,,,未在现有 XML/JSON 分组节点或模型库文档中找到可复用分组,,,,
Device.FAP.TfcsParams.PrimSrc,parameter,READ_WRITE,STRING,,,TfcsParams,Device.FAP.TfcsParams.,DEVICE_FAP_TFCSPARAMS,LST TFCS_PARAMS;MOD TFCS_PARAMS,NO_SECONDARY_MATCH,none,,,,,,,,,未在现有 XML/JSON 分组节点或模型库文档中找到可复用分组,,,,
Device.FAP.TfcsParams.SyncMode,parameter,READ_WRITE,STRING,,,TfcsParams,Device.FAP.TfcsParams.,DEVICE_FAP_TFCSPARAMS,LST TFCS_PARAMS;MOD TFCS_PARAMS,NO_SECONDARY_MATCH,none,,,,,,,,,未在现有 XML/JSON 分组节点或模型库文档中找到可复用分组,,,,
DeviceGSM.Bts.Trx.Index,parameter,READ_ONLY,U_INT,,,Trx,DeviceGSM.Bts.Trx.,DEVICEGSM_BTS_TRX,LST TRX,YES_PARAM_MAPPING_XML_OBJECT,medium-low,,,Bts,DeviceGSM.Bts.,,,param_mapping_xml_object_prefix,omcgo/data/param-mappings/BSC.xml,param-mappings XML 已有对象前缀，可作为对象分组依据；缺少 MML 章节/中文组名,,,,
Device.Ethernet.Interface.{i}.VlanInterface.{i},parameter,READ_WRITE,STRING,,,VlanInterface,Device.Ethernet.Interface.{i}.VlanInterface.,DEVICE_ETHERNET_INTERFACE_VLANINTERFACE,LST VLAN_INTERFACE;MOD VLAN_INTERFACE,YES_SAME_EXISTING_GROUP_CODE,high,SL,WAN口配置参数管理,VLAN 子接口,Device.Ethernet.Interface.{i}.VlanInterface.{i}.,DEVICE_ETHERNET_INTERFACE_VLANINTERFACE,LST VLAN_INTERFACE;MOD VLAN_INTERFACE,existing_mml_group_code_from_analysis,omcgo/data/model-library/standard-params-to-mml-tree-analysis-20260703.detail.csv,同一 target_group_code 已有 already_in_mml 参数，可复用该分组节点,,,,
Device.Ethernet.Interface.{i}.VlanInterface.{i}.VlanPppoeAddress.{i},parameter,READ_WRITE,STRING,,,VlanPppoeAddress,Device.Ethernet.Interface.{i}.VlanInterface.{i}.VlanPppoeAddress.,DEVICE_ETHERNET_INTERFACE_VLANINTERFACE_VLANPPPOEADDRESS,LST VLAN_PPPOE_ADDRESS;MOD VLAN_PPPOE_ADDRESS,YES_EXISTING_JSON_PARENT_GROUP,medium,SL,WAN口配置参数管理,VLAN 子接口,Device.Ethernet.Interface.{i}.VlanInterface.{i}.,,,json_seed_and_catalog_existing_group,omcgo/internal/config/parammodel/mmlstandardloader/seeds/cmcc_tdlte_v23.json; omcgo/datamodels/mml-catalog/cmcc-tdlte-v2.3.json,参数 path 位于现有 JSON/seed 分组对象路径之下，可挂到该父分组；需确认是否过宽,,,,
Device.KeepalivedMgmt.VrrpMgmt.Index,parameter,READ_ONLY,U_INT,,,VrrpMgmt,Device.KeepalivedMgmt.VrrpMgmt.,DEVICE_KEEPALIVEDMGMT_VRRPMGMT,LST VRRP_MGMT,NO_SECONDARY_MATCH,none,,,,,,,,,未在现有 XML/JSON 分组节点或模型库文档中找到可复用分组,,,,
Device.WebConfig.WanVisitEnable,parameter,READ_WRITE,STRING,,,WebConfig,Device.WebConfig.,DEVICE_WEBCONFIG,LST WEB_CONFIG;MOD WEB_CONFIG,NO_SECONDARY_MATCH,none,,,,,,,,,未在现有 XML/JSON 分组节点或模型库文档中找到可复用分组,,,,
DeviceGSM.Bts.{i}.handover2.afs-bias.rxlev,parameter,READ_ONLY,U_INT,,,afs-bias,DeviceGSM.Bts.{i}.handover2.afs-bias.,DEVICEGSM_BTS_HANDOVER2_AFS_BIAS,LST AFS_BIAS,YES_QUICKSETTINGS_XML_GROUP,high,,,切换配置,,bsc-bts-handover,,quicksettings_xml_exact_standardPath,omcgo/data/quicksettings/BSC.xml#bsc-bts-handover:切换配置(handover2.afs-bias.rxlev),quicksettings XML 已有同 standardPath 的前端分组,,,,
DeviceGSM.Bts.{i}.handover2.afs-bias.rxqual,parameter,READ_ONLY,U_INT,,,afs-bias,DeviceGSM.Bts.{i}.handover2.afs-bias.,DEVICEGSM_BTS_HANDOVER2_AFS_BIAS,LST AFS_BIAS,YES_QUICKSETTINGS_XML_GROUP,high,,,切换配置,,bsc-bts-handover,,quicksettings_xml_exact_standardPath,omcgo/data/quicksettings/BSC.xml#bsc-bts-handover:切换配置(handover2.afs-bias.rxqual),quicksettings XML 已有同 standardPath 的前端分组,,,,
DeviceGSM.handover2.afs-bias.rxlev,parameter,READ_ONLY,U_INT,,,afs-bias,DeviceGSM.handover2.afs-bias.,DEVICEGSM_HANDOVER2_AFS_BIAS,LST AFS_BIAS,NO_SECONDARY_MATCH,none,,,,,,,,,未在现有 XML/JSON 分组节点或模型库文档中找到可复用分组,,,,
DeviceGSM.handover2.afs-bias.rxqual,parameter,READ_ONLY,U_INT,,,afs-bias,DeviceGSM.handover2.afs-bias.,DEVICEGSM_HANDOVER2_AFS_BIAS,LST AFS_BIAS,NO_SECONDARY_MATCH,none,,,,,,,,,未在现有 XML/JSON 分组节点或模型库文档中找到可复用分组,,,,
DeviceGSM.Bts.{i}.handover1.power.budget.hysteresis,parameter,READ_ONLY,U_INT,,,budget,DeviceGSM.Bts.{i}.handover1.power.budget.,DEVICEGSM_BTS_HANDOVER1_POWER_BUDGET,LST BUDGET,YES_QUICKSETTINGS_XML_GROUP,high,,,切换配置,,bsc-bts-handover,,quicksettings_xml_exact_standardPath,omcgo/data/quicksettings/BSC.xml#bsc-bts-handover:切换配置(handover1.power.budget.hysteresis),quicksettings XML 已有同 standardPath 的前端分组,,,,
DeviceGSM.Bts.{i}.handover1.power.budget.interval,parameter,READ_ONLY,U_INT,,,budget,DeviceGSM.Bts.{i}.handover1.power.budget.,DEVICEGSM_BTS_HANDOVER1_POWER_BUDGET,LST BUDGET,YES_QUICKSETTINGS_XML_GROUP,high,,,切换配置,,bsc-bts-handover,,quicksettings_xml_exact_standardPath,omcgo/data/quicksettings/BSC.xml#bsc-bts-handover:切换配置(handover1.power.budget.interval),quicksettings XML 已有同 standardPath 的前端分组,,,,
DeviceGSM.Bts.{i}.handover2.power.budget.hysteresis,parameter,READ_ONLY,U_INT,,,budget,DeviceGSM.Bts.{i}.handover2.power.budget.,DEVICEGSM_BTS_HANDOVER2_POWER_BUDGET,LST BUDGET,YES_PARAM_MAPPING_XML_OBJECT,medium-low,,,Bts,DeviceGSM.Bts.,,,param_mapping_xml_object_prefix,omcgo/data/param-mappings/BSC.xml,param-mappings XML 已有对象前缀，可作为对象分组依据；缺少 MML 章节/中文组名,,,,
DeviceGSM.Bts.{i}.handover2.power.budget.interval,parameter,READ_ONLY,U_INT,,,budget,DeviceGSM.Bts.{i}.handover2.power.budget.,DEVICEGSM_BTS_HANDOVER2_POWER_BUDGET,LST BUDGET,YES_PARAM_MAPPING_XML_OBJECT,medium-low,,,Bts,DeviceGSM.Bts.,,,param_mapping_xml_object_prefix,omcgo/data/param-mappings/BSC.xml,param-mappings XML 已有对象前缀，可作为对象分组依据；缺少 MML 章节/中文组名,,,,
DeviceGSM.handover2.power.budget.hysteresis,parameter,READ_ONLY,U_INT,,,budget,DeviceGSM.handover2.power.budget.,DEVICEGSM_HANDOVER2_POWER_BUDGET,LST BUDGET,NO_SECONDARY_MATCH,none,,,,,,,,,未在现有 XML/JSON 分组节点或模型库文档中找到可复用分组,,,,
DeviceGSM.handover2.power.budget.interval,parameter,READ_ONLY,U_INT,,,budget,DeviceGSM.handover2.power.budget.,DEVICEGSM_HANDOVER2_POWER_BUDGET,LST BUDGET,NO_SECONDARY_MATCH,none,,,,,,,,,未在现有 XML/JSON 分组节点或模型库文档中找到可复用分组,,,,
Device.FAP.gNB.config.DhcpDns,parameter,READ_WRITE,STRING,,,config,Device.FAP.gNB.config.,DEVICE_FAP_GNB_CONFIG,LST CONFIG;MOD CONFIG,NO_SECONDARY_MATCH,none,,,,,,,,,未在现有 XML/JSON 分组节点或模型库文档中找到可复用分组,,,,
Device.FAP.gNB.config.DnsType,parameter,READ_WRITE,STRING,,,config,Device.FAP.gNB.config.,DEVICE_FAP_GNB_CONFIG,LST CONFIG;MOD CONFIG,NO_SECONDARY_MATCH,none,,,,,,,,,未在现有 XML/JSON 分组节点或模型库文档中找到可复用分组,,,,
Device.FAP.gNB.config.dns,parameter,READ_WRITE,STRING,,,config,Device.FAP.gNB.config.,DEVICE_FAP_GNB_CONFIG,LST CONFIG;MOD CONFIG,NO_SECONDARY_MATCH,none,,,,,,,,,未在现有 XML/JSON 分组节点或模型库文档中找到可复用分组,,,,
DeviceGSM.Bts.{i}.handover2.assignment,parameter,READ_ONLY,STRING,,,handover2,DeviceGSM.Bts.{i}.handover2.,DEVICEGSM_BTS_HANDOVER2,LST HANDOVER2,YES_QUICKSETTINGS_XML_GROUP,high,,,切换配置,,bsc-bts-handover,,quicksettings_xml_exact_standardPath,omcgo/data/quicksettings/BSC.xml#bsc-bts-handover:切换配置(handover2_assignment),quicksettings XML 已有同 standardPath 的前端分组,,,,
DeviceGSM.Bts.{i}.handover2.max-handovers,parameter,READ_ONLY,U_INT,,,handover2,DeviceGSM.Bts.{i}.handover2.,DEVICEGSM_BTS_HANDOVER2,LST HANDOVER2,YES_QUICKSETTINGS_XML_GROUP,high,,,切换配置,,bsc-bts-handover,,quicksettings_xml_exact_standardPath,omcgo/data/quicksettings/BSC.xml#bsc-bts-handover:切换配置(handover2.max-handovers),quicksettings XML 已有同 standardPath 的前端分组,,,,
DeviceGSM.Bts.{i}.handover2.retries,parameter,READ_ONLY,U_INT,,,handover2,DeviceGSM.Bts.{i}.handover2.,DEVICEGSM_BTS_HANDOVER2,LST HANDOVER2,YES_PARAM_MAPPING_XML_OBJECT,medium-low,,,Bts,DeviceGSM.Bts.,,,param_mapping_xml_object_prefix,omcgo/data/param-mappings/BSC.xml,param-mappings XML 已有对象前缀，可作为对象分组依据；缺少 MML 章节/中文组名,,,,
DeviceGSM.Bts.{i}.handover2.tdma-measurement,parameter,READ_ONLY,STRING,,,handover2,DeviceGSM.Bts.{i}.handover2.,DEVICEGSM_BTS_HANDOVER2,LST HANDOVER2,YES_PARAM_MAPPING_XML_OBJECT,medium-low,,,Bts,DeviceGSM.Bts.,,,param_mapping_xml_object_prefix,omcgo/data/param-mappings/BSC.xml,param-mappings XML 已有对象前缀，可作为对象分组依据；缺少 MML 章节/中文组名,,,,
DeviceGSM.handover2.assignment,parameter,READ_ONLY,STRING,,,handover2,DeviceGSM.handover2.,DEVICEGSM_HANDOVER2,LST HANDOVER2,NO_SECONDARY_MATCH,none,,,,,,,,,未在现有 XML/JSON 分组节点或模型库文档中找到可复用分组,,,,
DeviceGSM.handover2.max-handovers,parameter,READ_ONLY,U_INT,,,handover2,DeviceGSM.handover2.,DEVICEGSM_HANDOVER2,LST HANDOVER2,NO_SECONDARY_MATCH,none,,,,,,,,,未在现有 XML/JSON 分组节点或模型库文档中找到可复用分组,,,,
DeviceGSM.handover2.retries,parameter,READ_ONLY,U_INT,,,handover2,DeviceGSM.handover2.,DEVICEGSM_HANDOVER2,LST HANDOVER2,NO_SECONDARY_MATCH,none,,,,,,,,,未在现有 XML/JSON 分组节点或模型库文档中找到可复用分组,,,,
DeviceGSM.handover2.tdma-measurement,parameter,READ_ONLY,STRING,,,handover2,DeviceGSM.handover2.,DEVICEGSM_HANDOVER2,LST HANDOVER2,NO_SECONDARY_MATCH,none,,,,,,,,,未在现有 XML/JSON 分组节点或模型库文档中找到可复用分组,,,,
DeviceGSM.Bts.{i}.handover1.maximum.distance,parameter,READ_ONLY,U_INT,,,maximum,DeviceGSM.Bts.{i}.handover1.maximum.,DEVICEGSM_BTS_HANDOVER1_MAXIMUM,LST MAXIMUM,YES_QUICKSETTINGS_XML_GROUP,high,,,切换配置,,bsc-bts-handover,,quicksettings_xml_exact_standardPath,omcgo/data/quicksettings/BSC.xml#bsc-bts-handover:切换配置(handover1.maximum.distance),quicksettings XML 已有同 standardPath 的前端分组,,,,
DeviceGSM.Bts.{i}.handover2.maximum.distance,parameter,READ_ONLY,U_INT,,,maximum,DeviceGSM.Bts.{i}.handover2.maximum.,DEVICEGSM_BTS_HANDOVER2_MAXIMUM,LST MAXIMUM,YES_QUICKSETTINGS_XML_GROUP,high,,,切换配置,,bsc-bts-handover,,quicksettings_xml_exact_standardPath,omcgo/data/quicksettings/BSC.xml#bsc-bts-handover:切换配置(handover2.maximum.distance),quicksettings XML 已有同 standardPath 的前端分组,,,,
DeviceGSM.handover2.maximum.distance,parameter,READ_ONLY,U_INT,,,maximum,DeviceGSM.handover2.maximum.,DEVICEGSM_HANDOVER2_MAXIMUM,LST MAXIMUM,NO_SECONDARY_MATCH,none,,,,,,,,,未在现有 XML/JSON 分组节点或模型库文档中找到可复用分组,,,,
DeviceGSM.Bts.{i}.handover2.min.rxlev,parameter,READ_ONLY,U_INT,,,min,DeviceGSM.Bts.{i}.handover2.min.,DEVICEGSM_BTS_HANDOVER2_MIN,LST MIN,YES_QUICKSETTINGS_XML_GROUP,high,,,切换配置,,bsc-bts-handover,,quicksettings_xml_exact_standardPath,omcgo/data/quicksettings/BSC.xml#bsc-bts-handover:切换配置(handover2.min.rxlev),quicksettings XML 已有同 standardPath 的前端分组,,,,
DeviceGSM.Bts.{i}.handover2.min.rxqual,parameter,READ_ONLY,U_INT,,,min,DeviceGSM.Bts.{i}.handover2.min.,DEVICEGSM_BTS_HANDOVER2_MIN,LST MIN,YES_QUICKSETTINGS_XML_GROUP,high,,,切换配置,,bsc-bts-handover,,quicksettings_xml_exact_standardPath,omcgo/data/quicksettings/BSC.xml#bsc-bts-handover:切换配置(handover2.min.rxqual),quicksettings XML 已有同 standardPath 的前端分组,,,,
DeviceGSM.handover2.min.rxlev,parameter,READ_ONLY,U_INT,,,min,DeviceGSM.handover2.min.,DEVICEGSM_HANDOVER2_MIN,LST MIN,NO_SECONDARY_MATCH,none,,,,,,,,,未在现有 XML/JSON 分组节点或模型库文档中找到可复用分组,,,,
DeviceGSM.handover2.min.rxqual,parameter,READ_ONLY,U_INT,,,min,DeviceGSM.handover2.min.,DEVICEGSM_HANDOVER2_MIN,LST MIN,NO_SECONDARY_MATCH,none,,,,,,,,,未在现有 XML/JSON 分组节点或模型库文档中找到可复用分组,,,,
DeviceGSM.Bts.{i}.handover2.min-free-slots.tch-f,parameter,READ_ONLY,U_INT,,,min-free-slots,DeviceGSM.Bts.{i}.handover2.min-free-slots.,DEVICEGSM_BTS_HANDOVER2_MIN_FREE_SLOTS,LST MIN_FREE_SLOTS,YES_QUICKSETTINGS_XML_GROUP,high,,,切换配置,,bsc-bts-handover,,quicksettings_xml_exact_standardPath,omcgo/data/quicksettings/BSC.xml#bsc-bts-handover:切换配置(handover2.min-free-slots.tch-f),quicksettings XML 已有同 standardPath 的前端分组,,,,
DeviceGSM.Bts.{i}.handover2.min-free-slots.tch-h,parameter,READ_ONLY,U_INT,,,min-free-slots,DeviceGSM.Bts.{i}.handover2.min-free-slots.,DEVICEGSM_BTS_HANDOVER2_MIN_FREE_SLOTS,LST MIN_FREE_SLOTS,YES_QUICKSETTINGS_XML_GROUP,high,,,切换配置,,bsc-bts-handover,,quicksettings_xml_exact_standardPath,omcgo/data/quicksettings/BSC.xml#bsc-bts-handover:切换配置(handover2.min-free-slots.tch-h),quicksettings XML 已有同 standardPath 的前端分组,,,,
DeviceGSM.handover2.min-free-slots.tch-f,parameter,READ_ONLY,U_INT,,,min-free-slots,DeviceGSM.handover2.min-free-slots.,DEVICEGSM_HANDOVER2_MIN_FREE_SLOTS,LST MIN_FREE_SLOTS,NO_SECONDARY_MATCH,none,,,,,,,,,未在现有 XML/JSON 分组节点或模型库文档中找到可复用分组,,,,
DeviceGSM.handover2.min-free-slots.tch-h,parameter,READ_ONLY,U_INT,,,min-free-slots,DeviceGSM.handover2.min-free-slots.,DEVICEGSM_HANDOVER2_MIN_FREE_SLOTS,LST MIN_FREE_SLOTS,NO_SECONDARY_MATCH,none,,,,,,,,,未在现有 XML/JSON 分组节点或模型库文档中找到可复用分组,,,,
DeviceGSM.Bts.{i}.handover1.window.rxlev.neighbor.averaging,parameter,READ_ONLY,U_INT,,,neighbor,DeviceGSM.Bts.{i}.handover1.window.rxlev.neighbor.,DEVICEGSM_BTS_HANDOVER1_WINDOW_RXLEV_NEIGHBOR,LST NEIGHBOR,YES_QUICKSETTINGS_XML_GROUP,high,,,切换配置,,bsc-bts-handover,,quicksettings_xml_exact_standardPath,omcgo/data/quicksettings/BSC.xml#bsc-bts-handover:切换配置(handover1.window.rxlev.neighbor.averaging),quicksettings XML 已有同 standardPath 的前端分组,,,,
DeviceGSM.Bts.{i}.handover2.window.rxlev.neighbor.averaging,parameter,READ_ONLY,U_INT,,,neighbor,DeviceGSM.Bts.{i}.handover2.window.rxlev.neighbor.,DEVICEGSM_BTS_HANDOVER2_WINDOW_RXLEV_NEIGHBOR,LST NEIGHBOR,YES_PARAM_MAPPING_XML_OBJECT,medium-low,,,Bts,DeviceGSM.Bts.,,,param_mapping_xml_object_prefix,omcgo/data/param-mappings/BSC.xml,param-mappings XML 已有对象前缀，可作为对象分组依据；缺少 MML 章节/中文组名,,,,
DeviceGSM.handover2.window.rxlev.neighbor.averaging,parameter,READ_ONLY,U_INT,,,neighbor,DeviceGSM.handover2.window.rxlev.neighbor.,DEVICEGSM_HANDOVER2_WINDOW_RXLEV_NEIGHBOR,LST NEIGHBOR,NO_SECONDARY_MATCH,none,,,,,,,,,未在现有 XML/JSON 分组节点或模型库文档中找到可复用分组,,,,
DeviceGSM.Bts.{i}.handover2.penalty-time.failed-assignment,parameter,READ_ONLY,U_INT,,,penalty-time,DeviceGSM.Bts.{i}.handover2.penalty-time.,DEVICEGSM_BTS_HANDOVER2_PENALTY_TIME,LST PENALTY_TIME,YES_QUICKSETTINGS_XML_GROUP,high,,,切换配置,,bsc-bts-handover,,quicksettings_xml_exact_standardPath,omcgo/data/quicksettings/BSC.xml#bsc-bts-handover:切换配置(handover2.penalty-time.failed-assignment),quicksettings XML 已有同 standardPath 的前端分组,,,,
DeviceGSM.Bts.{i}.handover2.penalty-time.failed-ho,parameter,READ_ONLY,U_INT,,,penalty-time,DeviceGSM.Bts.{i}.handover2.penalty-time.,DEVICEGSM_BTS_HANDOVER2_PENALTY_TIME,LST PENALTY_TIME,YES_QUICKSETTINGS_XML_GROUP,high,,,切换配置,,bsc-bts-handover,,quicksettings_xml_exact_standardPath,omcgo/data/quicksettings/BSC.xml#bsc-bts-handover:切换配置(handover2.penalty-time.failed-ho),quicksettings XML 已有同 standardPath 的前端分组,,,,
DeviceGSM.Bts.{i}.handover2.penalty-time.low-rxqual-assignment,parameter,READ_ONLY,U_INT,,,penalty-time,DeviceGSM.Bts.{i}.handover2.penalty-time.,DEVICEGSM_BTS_HANDOVER2_PENALTY_TIME,LST PENALTY_TIME,YES_QUICKSETTINGS_XML_GROUP,high,,,切换配置,,bsc-bts-handover,,quicksettings_xml_exact_standardPath,omcgo/data/quicksettings/BSC.xml#bsc-bts-handover:切换配置(handover2.penalty-time.low-rxqual-assignment),quicksettings XML 已有同 standardPath 的前端分组,,,,
DeviceGSM.Bts.{i}.handover2.penalty-time.low-rxqual-ho,parameter,READ_ONLY,U_INT,,,penalty-time,DeviceGSM.Bts.{i}.handover2.penalty-time.,DEVICEGSM_BTS_HANDOVER2_PENALTY_TIME,LST PENALTY_TIME,YES_QUICKSETTINGS_XML_GROUP,high,,,切换配置,,bsc-bts-handover,,quicksettings_xml_exact_standardPath,omcgo/data/quicksettings/BSC.xml#bsc-bts-handover:切换配置(handover2.penalty-time.low-rxqual-ho),quicksettings XML 已有同 standardPath 的前端分组,,,,
DeviceGSM.Bts.{i}.handover2.penalty-time.max-distance,parameter,READ_ONLY,U_INT,,,penalty-time,DeviceGSM.Bts.{i}.handover2.penalty-time.,DEVICEGSM_BTS_HANDOVER2_PENALTY_TIME,LST PENALTY_TIME,YES_PARAM_MAPPING_XML_OBJECT,medium-low,,,Bts,DeviceGSM.Bts.,,,param_mapping_xml_object_prefix,omcgo/data/param-mappings/BSC.xml,param-mappings XML 已有对象前缀，可作为对象分组依据；缺少 MML 章节/中文组名,,,,
DeviceGSM.handover2.penalty-time.failed-assignment,parameter,READ_ONLY,U_INT,,,penalty-time,DeviceGSM.handover2.penalty-time.,DEVICEGSM_HANDOVER2_PENALTY_TIME,LST PENALTY_TIME,NO_SECONDARY_MATCH,none,,,,,,,,,未在现有 XML/JSON 分组节点或模型库文档中找到可复用分组,,,,
DeviceGSM.handover2.penalty-time.failed-ho,parameter,READ_ONLY,U_INT,,,penalty-time,DeviceGSM.handover2.penalty-time.,DEVICEGSM_HANDOVER2_PENALTY_TIME,LST PENALTY_TIME,NO_SECONDARY_MATCH,none,,,,,,,,,未在现有 XML/JSON 分组节点或模型库文档中找到可复用分组,,,,
DeviceGSM.handover2.penalty-time.low-rxqual-assignment,parameter,READ_ONLY,U_INT,,,penalty-time,DeviceGSM.handover2.penalty-time.,DEVICEGSM_HANDOVER2_PENALTY_TIME,LST PENALTY_TIME,NO_SECONDARY_MATCH,none,,,,,,,,,未在现有 XML/JSON 分组节点或模型库文档中找到可复用分组,,,,
DeviceGSM.handover2.penalty-time.low-rxqual-ho,parameter,READ_ONLY,U_INT,,,penalty-time,DeviceGSM.handover2.penalty-time.,DEVICEGSM_HANDOVER2_PENALTY_TIME,LST PENALTY_TIME,NO_SECONDARY_MATCH,none,,,,,,,,,未在现有 XML/JSON 分组节点或模型库文档中找到可复用分组,,,,
DeviceGSM.handover2.penalty-time.max-distance,parameter,READ_ONLY,U_INT,,,penalty-time,DeviceGSM.handover2.penalty-time.,DEVICEGSM_HANDOVER2_PENALTY_TIME,LST PENALTY_TIME,NO_SECONDARY_MATCH,none,,,,,,,,,未在现有 XML/JSON 分组节点或模型库文档中找到可复用分组,,,,
DeviceGSM.Bts.{i}.handover1.window.rxlev.averaging,parameter,READ_ONLY,U_INT,,,rxlev,DeviceGSM.Bts.{i}.handover1.window.rxlev.,DEVICEGSM_BTS_HANDOVER1_WINDOW_RXLEV,LST RXLEV,YES_QUICKSETTINGS_XML_GROUP,high,,,切换配置,,bsc-bts-handover,,quicksettings_xml_exact_standardPath,omcgo/data/quicksettings/BSC.xml#bsc-bts-handover:切换配置(handover1.window.rxlev.averaging),quicksettings XML 已有同 standardPath 的前端分组,,,,
DeviceGSM.Bts.{i}.handover2.window.rxlev.averaging,parameter,READ_ONLY,U_INT,,,rxlev,DeviceGSM.Bts.{i}.handover2.window.rxlev.,DEVICEGSM_BTS_HANDOVER2_WINDOW_RXLEV,LST RXLEV,YES_PARAM_MAPPING_XML_OBJECT,medium-low,,,Bts,DeviceGSM.Bts.,,,param_mapping_xml_object_prefix,omcgo/data/param-mappings/BSC.xml,param-mappings XML 已有对象前缀，可作为对象分组依据；缺少 MML 章节/中文组名,,,,
DeviceGSM.handover2.window.rxlev.averaging,parameter,READ_ONLY,U_INT,,,rxlev,DeviceGSM.handover2.window.rxlev.,DEVICEGSM_HANDOVER2_WINDOW_RXLEV,LST RXLEV,NO_SECONDARY_MATCH,none,,,,,,,,,未在现有 XML/JSON 分组节点或模型库文档中找到可复用分组,,,,
DeviceGSM.Bts.{i}.handover1.window.rxqual.averaging,parameter,READ_ONLY,U_INT,,,rxqual,DeviceGSM.Bts.{i}.handover1.window.rxqual.,DEVICEGSM_BTS_HANDOVER1_WINDOW_RXQUAL,LST RXQUAL,YES_QUICKSETTINGS_XML_GROUP,high,,,切换配置,,bsc-bts-handover,,quicksettings_xml_exact_standardPath,omcgo/data/quicksettings/BSC.xml#bsc-bts-handover:切换配置(handover1.window.rxqual.averaging),quicksettings XML 已有同 standardPath 的前端分组,,,,
DeviceGSM.Bts.{i}.handover2.window.rxqual.averaging,parameter,READ_ONLY,U_INT,,,rxqual,DeviceGSM.Bts.{i}.handover2.window.rxqual.,DEVICEGSM_BTS_HANDOVER2_WINDOW_RXQUAL,LST RXQUAL,YES_PARAM_MAPPING_XML_OBJECT,medium-low,,,Bts,DeviceGSM.Bts.,,,param_mapping_xml_object_prefix,omcgo/data/param-mappings/BSC.xml,param-mappings XML 已有对象前缀，可作为对象分组依据；缺少 MML 章节/中文组名,,,,
DeviceGSM.handover2.window.rxqual.averaging,parameter,READ_ONLY,U_INT,,,rxqual,DeviceGSM.handover2.window.rxqual.,DEVICEGSM_HANDOVER2_WINDOW_RXQUAL,LST RXQUAL,NO_SECONDARY_MATCH,none,,,,,,,,,未在现有 XML/JSON 分组节点或模型库文档中找到可复用分组,,,,
Device.Ethernet.Interface.{i}.PppoeAddress.{i}.Ipv4SubnetMask,parameter,READ_WRITE,STRING,,,{i},Device.Ethernet.Interface.{i}.PppoeAddress.{i}.,DEVICE_ETHERNET_INTERFACE_PPPOEADDRESS,LST PPPOE_ADDRESS;MOD PPPOE_ADDRESS,YES_EXISTING_JSON_PARENT_GROUP,medium,SL,WAN口配置参数管理,以太网接口,Device.Ethernet.Interface.{i}.,,,json_seed_and_catalog_existing_group,omcgo/internal/config/parammodel/mmlstandardloader/seeds/cmcc_tdlte_v23.json; omcgo/datamodels/mml-catalog/cmcc-tdlte-v2.3.json,参数 path 位于现有 JSON/seed 分组对象路径之下，可挂到该父分组；需确认是否过宽,,,,
Device.Ethernet.Interface.{i}.PppoeAddress.{i}.PppoeAddressType,parameter,READ_WRITE,STRING,,,{i},Device.Ethernet.Interface.{i}.PppoeAddress.{i}.,DEVICE_ETHERNET_INTERFACE_PPPOEADDRESS,LST PPPOE_ADDRESS;MOD PPPOE_ADDRESS,YES_EXISTING_JSON_PARENT_GROUP,medium,SL,WAN口配置参数管理,以太网接口,Device.Ethernet.Interface.{i}.,,,json_seed_and_catalog_existing_group,omcgo/internal/config/parammodel/mmlstandardloader/seeds/cmcc_tdlte_v23.json; omcgo/datamodels/mml-catalog/cmcc-tdlte-v2.3.json,参数 path 位于现有 JSON/seed 分组对象路径之下，可挂到该父分组；需确认是否过宽,,,,
Device.Ethernet.Interface.{i}.PppoeAddress.{i}.PppoeConnectStatus,parameter,READ_WRITE,STRING,,,{i},Device.Ethernet.Interface.{i}.PppoeAddress.{i}.,DEVICE_ETHERNET_INTERFACE_PPPOEADDRESS,LST PPPOE_ADDRESS;MOD PPPOE_ADDRESS,YES_EXISTING_JSON_PARENT_GROUP,medium,SL,WAN口配置参数管理,以太网接口,Device.Ethernet.Interface.{i}.,,,json_seed_and_catalog_existing_group,omcgo/internal/config/parammodel/mmlstandardloader/seeds/cmcc_tdlte_v23.json; omcgo/datamodels/mml-catalog/cmcc-tdlte-v2.3.json,参数 path 位于现有 JSON/seed 分组对象路径之下，可挂到该父分组；需确认是否过宽,,,,
Device.Ethernet.Interface.{i}.PppoeAddress.{i}.PppoeDiallingMethod,parameter,READ_WRITE,STRING,,,{i},Device.Ethernet.Interface.{i}.PppoeAddress.{i}.,DEVICE_ETHERNET_INTERFACE_PPPOEADDRESS,LST PPPOE_ADDRESS;MOD PPPOE_ADDRESS,YES_EXISTING_JSON_PARENT_GROUP,medium,SL,WAN口配置参数管理,以太网接口,Device.Ethernet.Interface.{i}.,,,json_seed_and_catalog_existing_group,omcgo/internal/config/parammodel/mmlstandardloader/seeds/cmcc_tdlte_v23.json; omcgo/datamodels/mml-catalog/cmcc-tdlte-v2.3.json,参数 path 位于现有 JSON/seed 分组对象路径之下，可挂到该父分组；需确认是否过宽,,,,
Device.Ethernet.Interface.{i}.PppoeAddress.{i}.PppoeIpAddress,parameter,READ_WRITE,STRING,,,{i},Device.Ethernet.Interface.{i}.PppoeAddress.{i}.,DEVICE_ETHERNET_INTERFACE_PPPOEADDRESS,LST PPPOE_ADDRESS;MOD PPPOE_ADDRESS,YES_EXISTING_JSON_PARENT_GROUP,medium,SL,WAN口配置参数管理,以太网接口,Device.Ethernet.Interface.{i}.,,,json_seed_and_catalog_existing_group,omcgo/internal/config/parammodel/mmlstandardloader/seeds/cmcc_tdlte_v23.json; omcgo/datamodels/mml-catalog/cmcc-tdlte-v2.3.json,参数 path 位于现有 JSON/seed 分组对象路径之下，可挂到该父分组；需确认是否过宽,,,,
Device.Ethernet.Interface.{i}.PppoeAddress.{i}.PppoePassword,parameter,READ_WRITE,STRING,,,{i},Device.Ethernet.Interface.{i}.PppoeAddress.{i}.,DEVICE_ETHERNET_INTERFACE_PPPOEADDRESS,LST PPPOE_ADDRESS;MOD PPPOE_ADDRESS,YES_EXISTING_JSON_PARENT_GROUP,medium,SL,WAN口配置参数管理,以太网接口,Device.Ethernet.Interface.{i}.,,,json_seed_and_catalog_existing_group,omcgo/internal/config/parammodel/mmlstandardloader/seeds/cmcc_tdlte_v23.json; omcgo/datamodels/mml-catalog/cmcc-tdlte-v2.3.json,参数 path 位于现有 JSON/seed 分组对象路径之下，可挂到该父分组；需确认是否过宽,,,,
Device.Ethernet.Interface.{i}.PppoeAddress.{i}.PppoeUser,parameter,READ_WRITE,STRING,,,{i},Device.Ethernet.Interface.{i}.PppoeAddress.{i}.,DEVICE_ETHERNET_INTERFACE_PPPOEADDRESS,LST PPPOE_ADDRESS;MOD PPPOE_ADDRESS,YES_EXISTING_JSON_PARENT_GROUP,medium,SL,WAN口配置参数管理,以太网接口,Device.Ethernet.Interface.{i}.,,,json_seed_and_catalog_existing_group,omcgo/internal/config/parammodel/mmlstandardloader/seeds/cmcc_tdlte_v23.json; omcgo/datamodels/mml-catalog/cmcc-tdlte-v2.3.json,参数 path 位于现有 JSON/seed 分组对象路径之下，可挂到该父分组；需确认是否过宽,,,,
Device.Ethernet.Interface.{i}.VlanInterface.{i}.VlanPppoeAddress.{i}.Ipv4SubnetMask,parameter,READ_WRITE,STRING,,,{i},Device.Ethernet.Interface.{i}.VlanInterface.{i}.VlanPppoeAddress.{i}.,DEVICE_ETHERNET_INTERFACE_VLANINTERFACE_VLANPPPOEADDRESS,LST VLAN_PPPOE_ADDRESS;MOD VLAN_PPPOE_ADDRESS,YES_EXISTING_JSON_PARENT_GROUP,medium,SL,WAN口配置参数管理,VLAN 子接口,Device.Ethernet.Interface.{i}.VlanInterface.{i}.,,,json_seed_and_catalog_existing_group,omcgo/internal/config/parammodel/mmlstandardloader/seeds/cmcc_tdlte_v23.json; omcgo/datamodels/mml-catalog/cmcc-tdlte-v2.3.json,参数 path 位于现有 JSON/seed 分组对象路径之下，可挂到该父分组；需确认是否过宽,,,,
Device.Ethernet.Interface.{i}.VlanInterface.{i}.VlanPppoeAddress.{i}.PppoeAddressType,parameter,READ_WRITE,STRING,,,{i},Device.Ethernet.Interface.{i}.VlanInterface.{i}.VlanPppoeAddress.{i}.,DEVICE_ETHERNET_INTERFACE_VLANINTERFACE_VLANPPPOEADDRESS,LST VLAN_PPPOE_ADDRESS;MOD VLAN_PPPOE_ADDRESS,YES_EXISTING_JSON_PARENT_GROUP,medium,SL,WAN口配置参数管理,VLAN 子接口,Device.Ethernet.Interface.{i}.VlanInterface.{i}.,,,json_seed_and_catalog_existing_group,omcgo/internal/config/parammodel/mmlstandardloader/seeds/cmcc_tdlte_v23.json; omcgo/datamodels/mml-catalog/cmcc-tdlte-v2.3.json,参数 path 位于现有 JSON/seed 分组对象路径之下，可挂到该父分组；需确认是否过宽,,,,
Device.Ethernet.Interface.{i}.VlanInterface.{i}.VlanPppoeAddress.{i}.PppoeConnectStatus,parameter,READ_WRITE,STRING,,,{i},Device.Ethernet.Interface.{i}.VlanInterface.{i}.VlanPppoeAddress.{i}.,DEVICE_ETHERNET_INTERFACE_VLANINTERFACE_VLANPPPOEADDRESS,LST VLAN_PPPOE_ADDRESS;MOD VLAN_PPPOE_ADDRESS,YES_EXISTING_JSON_PARENT_GROUP,medium,SL,WAN口配置参数管理,VLAN 子接口,Device.Ethernet.Interface.{i}.VlanInterface.{i}.,,,json_seed_and_catalog_existing_group,omcgo/internal/config/parammodel/mmlstandardloader/seeds/cmcc_tdlte_v23.json; omcgo/datamodels/mml-catalog/cmcc-tdlte-v2.3.json,参数 path 位于现有 JSON/seed 分组对象路径之下，可挂到该父分组；需确认是否过宽,,,,
Device.Ethernet.Interface.{i}.VlanInterface.{i}.VlanPppoeAddress.{i}.PppoeDiallingMethod,parameter,READ_WRITE,STRING,,,{i},Device.Ethernet.Interface.{i}.VlanInterface.{i}.VlanPppoeAddress.{i}.,DEVICE_ETHERNET_INTERFACE_VLANINTERFACE_VLANPPPOEADDRESS,LST VLAN_PPPOE_ADDRESS;MOD VLAN_PPPOE_ADDRESS,YES_EXISTING_JSON_PARENT_GROUP,medium,SL,WAN口配置参数管理,VLAN 子接口,Device.Ethernet.Interface.{i}.VlanInterface.{i}.,,,json_seed_and_catalog_existing_group,omcgo/internal/config/parammodel/mmlstandardloader/seeds/cmcc_tdlte_v23.json; omcgo/datamodels/mml-catalog/cmcc-tdlte-v2.3.json,参数 path 位于现有 JSON/seed 分组对象路径之下，可挂到该父分组；需确认是否过宽,,,,
Device.Ethernet.Interface.{i}.VlanInterface.{i}.VlanPppoeAddress.{i}.PppoeIpAddress,parameter,READ_WRITE,STRING,,,{i},Device.Ethernet.Interface.{i}.VlanInterface.{i}.VlanPppoeAddress.{i}.,DEVICE_ETHERNET_INTERFACE_VLANINTERFACE_VLANPPPOEADDRESS,LST VLAN_PPPOE_ADDRESS;MOD VLAN_PPPOE_ADDRESS,YES_EXISTING_JSON_PARENT_GROUP,medium,SL,WAN口配置参数管理,VLAN 子接口,Device.Ethernet.Interface.{i}.VlanInterface.{i}.,,,json_seed_and_catalog_existing_group,omcgo/internal/config/parammodel/mmlstandardloader/seeds/cmcc_tdlte_v23.json; omcgo/datamodels/mml-catalog/cmcc-tdlte-v2.3.json,参数 path 位于现有 JSON/seed 分组对象路径之下，可挂到该父分组；需确认是否过宽,,,,
Device.Ethernet.Interface.{i}.VlanInterface.{i}.VlanPppoeAddress.{i}.PppoePassword,parameter,READ_WRITE,STRING,,,{i},Device.Ethernet.Interface.{i}.VlanInterface.{i}.VlanPppoeAddress.{i}.,DEVICE_ETHERNET_INTERFACE_VLANINTERFACE_VLANPPPOEADDRESS,LST VLAN_PPPOE_ADDRESS;MOD VLAN_PPPOE_ADDRESS,YES_EXISTING_JSON_PARENT_GROUP,medium,SL,WAN口配置参数管理,VLAN 子接口,Device.Ethernet.Interface.{i}.VlanInterface.{i}.,,,json_seed_and_catalog_existing_group,omcgo/internal/config/parammodel/mmlstandardloader/seeds/cmcc_tdlte_v23.json; omcgo/datamodels/mml-catalog/cmcc-tdlte-v2.3.json,参数 path 位于现有 JSON/seed 分组对象路径之下，可挂到该父分组；需确认是否过宽,,,,
Device.Ethernet.Interface.{i}.VlanInterface.{i}.VlanPppoeAddress.{i}.PppoeUser,parameter,READ_WRITE,STRING,,,{i},Device.Ethernet.Interface.{i}.VlanInterface.{i}.VlanPppoeAddress.{i}.,DEVICE_ETHERNET_INTERFACE_VLANINTERFACE_VLANPPPOEADDRESS,LST VLAN_PPPOE_ADDRESS;MOD VLAN_PPPOE_ADDRESS,YES_EXISTING_JSON_PARENT_GROUP,medium,SL,WAN口配置参数管理,VLAN 子接口,Device.Ethernet.Interface.{i}.VlanInterface.{i}.,,,json_seed_and_catalog_existing_group,omcgo/internal/config/parammodel/mmlstandardloader/seeds/cmcc_tdlte_v23.json; omcgo/datamodels/mml-catalog/cmcc-tdlte-v2.3.json,参数 path 位于现有 JSON/seed 分组对象路径之下，可挂到该父分组；需确认是否过宽,,,,
Device.FAP.NL.{i}.band,parameter,READ_WRITE,STRING,,,{i},Device.FAP.NL.{i}.,DEVICE_FAP_NL,LST NL;MOD NL,NO_SECONDARY_MATCH,none,,,,,,,,,未在现有 XML/JSON 分组节点或模型库文档中找到可复用分组,,,,
Device.FAP.NL.{i}.cellID,parameter,READ_WRITE,STRING,,,{i},Device.FAP.NL.{i}.,DEVICE_FAP_NL,LST NL;MOD NL,NO_SECONDARY_MATCH,none,,,,,,,,,未在现有 XML/JSON 分组节点或模型库文档中找到可复用分组,,,,
Device.FAP.NL.{i}.channelNum,parameter,READ_WRITE,STRING,,,{i},Device.FAP.NL.{i}.,DEVICE_FAP_NL,LST NL;MOD NL,NO_SECONDARY_MATCH,none,,,,,,,,,未在现有 XML/JSON 分组节点或模型库文档中找到可复用分组,,,,
Device.FAP.NL.{i}.freqUncerThreshlod,parameter,READ_WRITE,STRING,,,{i},Device.FAP.NL.{i}.,DEVICE_FAP_NL,LST NL;MOD NL,NO_SECONDARY_MATCH,none,,,,,,,,,未在现有 XML/JSON 分组节点或模型库文档中找到可复用分组,,,,
Device.FAP.NL.{i}.phaseOffset,parameter,READ_WRITE,STRING,,,{i},Device.FAP.NL.{i}.,DEVICE_FAP_NL,LST NL;MOD NL,NO_SECONDARY_MATCH,none,,,,,,,,,未在现有 XML/JSON 分组节点或模型库文档中找到可复用分组,,,,
Device.FAP.NL.{i}.priority,parameter,READ_WRITE,STRING,,,{i},Device.FAP.NL.{i}.,DEVICE_FAP_NL,LST NL;MOD NL,NO_SECONDARY_MATCH,none,,,,,,,,,未在现有 XML/JSON 分组节点或模型库文档中找到可复用分组,,,,
Device.FAP.NL.{i}.syncInterval,parameter,READ_WRITE,STRING,,,{i},Device.FAP.NL.{i}.,DEVICE_FAP_NL,LST NL;MOD NL,NO_SECONDARY_MATCH,none,,,,,,,,,未在现有 XML/JSON 分组节点或模型库文档中找到可复用分组,,,,
Device.FAP.NL.{i}.technology,parameter,READ_WRITE,STRING,,,{i},Device.FAP.NL.{i}.,DEVICE_FAP_NL,LST NL;MOD NL,NO_SECONDARY_MATCH,none,,,,,,,,,未在现有 XML/JSON 分组节点或模型库文档中找到可复用分组,,,,
Device.IP.Interface.{i}.IPv4Address.{i}.AddressingType,parameter,READ_WRITE,STRING,,,{i},Device.IP.Interface.{i}.IPv4Address.{i}.,DEVICE_IP_INTERFACE_IPV4ADDRESS,LST IPV4_ADDRESS;MOD IPV4_ADDRESS,DOC_GROUP_ONLY_NOT_EXISTING_MML,low,,,WAN口配置参数管理,Device.IP.Interface.{i}.IPv4Address.{i}.,DEVICE_IP_INTERFACE_IPV4ADDRESS,LST IPV4_ADDRESS;MOD IPV4_ADDRESS,model_library_doc_group_only,omcgo/data/model-library/mml-tree-path-addition-plan-20260703.csv,模型库文档中有明确 category/object path，但不是现有 MML 分组节点,WAN口配置参数管理,LTE V2.1.xlsx,SL,13
Device.IP.Interface.{i}.IPv4Address.{i}.DefaultGateway,parameter,READ_WRITE,STRING,,,{i},Device.IP.Interface.{i}.IPv4Address.{i}.,DEVICE_IP_INTERFACE_IPV4ADDRESS,LST IPV4_ADDRESS;MOD IPV4_ADDRESS,DOC_GROUP_ONLY_NOT_EXISTING_MML,low,,,WAN口配置参数管理,Device.IP.Interface.{i}.IPv4Address.{i}.,DEVICE_IP_INTERFACE_IPV4ADDRESS,LST IPV4_ADDRESS;MOD IPV4_ADDRESS,model_library_doc_group_only,omcgo/data/model-library/mml-tree-path-addition-plan-20260703.csv,模型库文档中有明确 category/object path，但不是现有 MML 分组节点,WAN口配置参数管理,LTE V2.1.xlsx,SL,11
Device.IP.Interface.{i}.IPv4Address.{i}.IPAddress,parameter,READ_WRITE,STRING,,,{i},Device.IP.Interface.{i}.IPv4Address.{i}.,DEVICE_IP_INTERFACE_IPV4ADDRESS,LST IPV4_ADDRESS;MOD IPV4_ADDRESS,DOC_GROUP_ONLY_NOT_EXISTING_MML,low,,,WAN口配置参数管理,Device.IP.Interface.{i}.IPv4Address.{i}.,DEVICE_IP_INTERFACE_IPV4ADDRESS,LST IPV4_ADDRESS;MOD IPV4_ADDRESS,model_library_doc_group_only,omcgo/data/model-library/mml-tree-path-addition-plan-20260703.csv,模型库文档中有明确 category/object path，但不是现有 MML 分组节点,WAN口配置参数管理,LTE V2.1.xlsx,SL,10
Device.IP.Interface.{i}.IPv4Address.{i}.SubnetMask,parameter,READ_WRITE,STRING,,,{i},Device.IP.Interface.{i}.IPv4Address.{i}.,DEVICE_IP_INTERFACE_IPV4ADDRESS,LST IPV4_ADDRESS;MOD IPV4_ADDRESS,DOC_GROUP_ONLY_NOT_EXISTING_MML,low,,,WAN口配置参数管理,Device.IP.Interface.{i}.IPv4Address.{i}.,DEVICE_IP_INTERFACE_IPV4ADDRESS,LST IPV4_ADDRESS;MOD IPV4_ADDRESS,model_library_doc_group_only,omcgo/data/model-library/mml-tree-path-addition-plan-20260703.csv,模型库文档中有明确 category/object path，但不是现有 MML 分组节点,WAN口配置参数管理,LTE V2.1.xlsx,SL,12
Device.KeepalivedMgmt.VrrpMgmt.{i}.AdvertInt,parameter,READ_ONLY,U_INT,,,{i},Device.KeepalivedMgmt.VrrpMgmt.{i}.,DEVICE_KEEPALIVEDMGMT_VRRPMGMT,LST VRRP_MGMT,NO_SECONDARY_MATCH,none,,,,,,,,,未在现有 XML/JSON 分组节点或模型库文档中找到可复用分组,,,,
Device.KeepalivedMgmt.VrrpMgmt.{i}.DstIpAddr,parameter,READ_ONLY,STRING,,,{i},Device.KeepalivedMgmt.VrrpMgmt.{i}.,DEVICE_KEEPALIVEDMGMT_VRRPMGMT,LST VRRP_MGMT,NO_SECONDARY_MATCH,none,,,,,,,,,未在现有 XML/JSON 分组节点或模型库文档中找到可复用分组,,,,
Device.KeepalivedMgmt.VrrpMgmt.{i}.Enable,parameter,READ_ONLY,STRING,,,{i},Device.KeepalivedMgmt.VrrpMgmt.{i}.,DEVICE_KEEPALIVEDMGMT_VRRPMGMT,LST VRRP_MGMT,NO_SECONDARY_MATCH,none,,,,,,,,,未在现有 XML/JSON 分组节点或模型库文档中找到可复用分组,,,,
Device.KeepalivedMgmt.VrrpMgmt.{i}.Interface,parameter,READ_ONLY,STRING,,,{i},Device.KeepalivedMgmt.VrrpMgmt.{i}.,DEVICE_KEEPALIVEDMGMT_VRRPMGMT,LST VRRP_MGMT,NO_SECONDARY_MATCH,none,,,,,,,,,未在现有 XML/JSON 分组节点或模型库文档中找到可复用分组,,,,
Device.KeepalivedMgmt.VrrpMgmt.{i}.MaxVirtualIpEntries,parameter,READ_ONLY,U_INT,,,{i},Device.KeepalivedMgmt.VrrpMgmt.{i}.,DEVICE_KEEPALIVEDMGMT_VRRPMGMT,LST VRRP_MGMT,NO_SECONDARY_MATCH,none,,,,,,,,,未在现有 XML/JSON 分组节点或模型库文档中找到可复用分组,,,,
Device.KeepalivedMgmt.VrrpMgmt.{i}.Name,parameter,READ_ONLY,STRING,,,{i},Device.KeepalivedMgmt.VrrpMgmt.{i}.,DEVICE_KEEPALIVEDMGMT_VRRPMGMT,LST VRRP_MGMT,NO_SECONDARY_MATCH,none,,,,,,,,,未在现有 XML/JSON 分组节点或模型库文档中找到可复用分组,,,,
Device.KeepalivedMgmt.VrrpMgmt.{i}.Priority,parameter,READ_ONLY,U_INT,,,{i},Device.KeepalivedMgmt.VrrpMgmt.{i}.,DEVICE_KEEPALIVEDMGMT_VRRPMGMT,LST VRRP_MGMT,NO_SECONDARY_MATCH,none,,,,,,,,,未在现有 XML/JSON 分组节点或模型库文档中找到可复用分组,,,,
Device.KeepalivedMgmt.VrrpMgmt.{i}.SrcIpAddr,parameter,READ_ONLY,STRING,,,{i},Device.KeepalivedMgmt.VrrpMgmt.{i}.,DEVICE_KEEPALIVEDMGMT_VRRPMGMT,LST VRRP_MGMT,NO_SECONDARY_MATCH,none,,,,,,,,,未在现有 XML/JSON 分组节点或模型库文档中找到可复用分组,,,,
Device.KeepalivedMgmt.VrrpMgmt.{i}.State,parameter,READ_ONLY,STRING,,,{i},Device.KeepalivedMgmt.VrrpMgmt.{i}.,DEVICE_KEEPALIVEDMGMT_VRRPMGMT,LST VRRP_MGMT,NO_SECONDARY_MATCH,none,,,,,,,,,未在现有 XML/JSON 分组节点或模型库文档中找到可复用分组,,,,
Device.KeepalivedMgmt.VrrpMgmt.{i}.VirtualIpList.{i}.IP,parameter,READ_ONLY,STRING,,,{i},Device.KeepalivedMgmt.VrrpMgmt.{i}.VirtualIpList.{i}.,DEVICE_KEEPALIVEDMGMT_VRRPMGMT_VIRTUALIPLIST,LST VIRTUAL_IP_LIST,NO_SECONDARY_MATCH,none,,,,,,,,,未在现有 XML/JSON 分组节点或模型库文档中找到可复用分组,,,,
Device.KeepalivedMgmt.VrrpMgmt.{i}.VirtualIpList.{i}.Interface,parameter,READ_ONLY,STRING,,,{i},Device.KeepalivedMgmt.VrrpMgmt.{i}.VirtualIpList.{i}.,DEVICE_KEEPALIVEDMGMT_VRRPMGMT_VIRTUALIPLIST,LST VIRTUAL_IP_LIST,NO_SECONDARY_MATCH,none,,,,,,,,,未在现有 XML/JSON 分组节点或模型库文档中找到可复用分组,,,,
Device.KeepalivedMgmt.VrrpMgmt.{i}.VirtualIpList.{i}.Label,parameter,READ_ONLY,U_INT,,,{i},Device.KeepalivedMgmt.VrrpMgmt.{i}.VirtualIpList.{i}.,DEVICE_KEEPALIVEDMGMT_VRRPMGMT_VIRTUALIPLIST,LST VIRTUAL_IP_LIST,NO_SECONDARY_MATCH,none,,,,,,,,,未在现有 XML/JSON 分组节点或模型库文档中找到可复用分组,,,,
Device.KeepalivedMgmt.VrrpMgmt.{i}.VirtualIpList.{i}.NetmaskPrefix,parameter,READ_ONLY,U_INT,,,{i},Device.KeepalivedMgmt.VrrpMgmt.{i}.VirtualIpList.{i}.,DEVICE_KEEPALIVEDMGMT_VRRPMGMT_VIRTUALIPLIST,LST VIRTUAL_IP_LIST,NO_SECONDARY_MATCH,none,,,,,,,,,未在现有 XML/JSON 分组节点或模型库文档中找到可复用分组,,,,
Device.KeepalivedMgmt.VrrpMgmt.{i}.VirtualIpNumberOfEntries,parameter,READ_ONLY,U_INT,,,{i},Device.KeepalivedMgmt.VrrpMgmt.{i}.,DEVICE_KEEPALIVEDMGMT_VRRPMGMT,LST VRRP_MGMT,NO_SECONDARY_MATCH,none,,,,,,,,,未在现有 XML/JSON 分组节点或模型库文档中找到可复用分组,,,,
Device.KeepalivedMgmt.VrrpMgmt.{i}.VirtualRouterId,parameter,READ_ONLY,U_INT,,,{i},Device.KeepalivedMgmt.VrrpMgmt.{i}.,DEVICE_KEEPALIVEDMGMT_VRRPMGMT,LST VRRP_MGMT,NO_SECONDARY_MATCH,none,,,,,,,,,未在现有 XML/JSON 分组节点或模型库文档中找到可复用分组,,,,
Device.RemoteDeviceList.{i}.AdminState,parameter,READ_WRITE,STRING,,,{i},Device.RemoteDeviceList.{i}.,DEVICE_REMOTEDEVICELIST,LST REMOTE_DEVICE_LIST;MOD REMOTE_DEVICE_LIST,NO_SECONDARY_MATCH,none,,,,,,,,,未在现有 XML/JSON 分组节点或模型库文档中找到可复用分组,,,,
Device.RemoteDeviceList.{i}.ConnStatus,parameter,READ_WRITE,STRING,,,{i},Device.RemoteDeviceList.{i}.,DEVICE_REMOTEDEVICELIST,LST REMOTE_DEVICE_LIST;MOD REMOTE_DEVICE_LIST,NO_SECONDARY_MATCH,none,,,,,,,,,未在现有 XML/JSON 分组节点或模型库文档中找到可复用分组,,,,
Device.RemoteDeviceList.{i}.HardwareVersion,parameter,READ_WRITE,STRING,,,{i},Device.RemoteDeviceList.{i}.,DEVICE_REMOTEDEVICELIST,LST REMOTE_DEVICE_LIST;MOD REMOTE_DEVICE_LIST,NO_SECONDARY_MATCH,none,,,,,,,,,未在现有 XML/JSON 分组节点或模型库文档中找到可复用分组,,,,
Device.RemoteDeviceList.{i}.IpAddress,parameter,READ_WRITE,STRING,,,{i},Device.RemoteDeviceList.{i}.,DEVICE_REMOTEDEVICELIST,LST REMOTE_DEVICE_LIST;MOD REMOTE_DEVICE_LIST,NO_SECONDARY_MATCH,none,,,,,,,,,未在现有 XML/JSON 分组节点或模型库文档中找到可复用分组,,,,
Device.RemoteDeviceList.{i}.LastLogin,parameter,READ_WRITE,STRING,,,{i},Device.RemoteDeviceList.{i}.,DEVICE_REMOTEDEVICELIST,LST REMOTE_DEVICE_LIST;MOD REMOTE_DEVICE_LIST,NO_SECONDARY_MATCH,none,,,,,,,,,未在现有 XML/JSON 分组节点或模型库文档中找到可复用分组,,,,
Device.RemoteDeviceList.{i}.LastLogout,parameter,READ_WRITE,STRING,,,{i},Device.RemoteDeviceList.{i}.,DEVICE_REMOTEDEVICELIST,LST REMOTE_DEVICE_LIST;MOD REMOTE_DEVICE_LIST,NO_SECONDARY_MATCH,none,,,,,,,,,未在现有 XML/JSON 分组节点或模型库文档中找到可复用分组,,,,
Device.RemoteDeviceList.{i}.Latitude,parameter,READ_WRITE,STRING,,,{i},Device.RemoteDeviceList.{i}.,DEVICE_REMOTEDEVICELIST,LST REMOTE_DEVICE_LIST;MOD REMOTE_DEVICE_LIST,NO_SECONDARY_MATCH,none,,,,,,,,,未在现有 XML/JSON 分组节点或模型库文档中找到可复用分组,,,,
Device.RemoteDeviceList.{i}.Longitude,parameter,READ_WRITE,STRING,,,{i},Device.RemoteDeviceList.{i}.,DEVICE_REMOTEDEVICELIST,LST REMOTE_DEVICE_LIST;MOD REMOTE_DEVICE_LIST,NO_SECONDARY_MATCH,none,,,,,,,,,未在现有 XML/JSON 分组节点或模型库文档中找到可复用分组,,,,
Device.RemoteDeviceList.{i}.PhyState,parameter,READ_WRITE,STRING,,,{i},Device.RemoteDeviceList.{i}.,DEVICE_REMOTEDEVICELIST,LST REMOTE_DEVICE_LIST;MOD REMOTE_DEVICE_LIST,NO_SECONDARY_MATCH,none,,,,,,,,,未在现有 XML/JSON 分组节点或模型库文档中找到可复用分组,,,,
Device.RemoteDeviceList.{i}.SerialNumber,parameter,READ_WRITE,STRING,,,{i},Device.RemoteDeviceList.{i}.,DEVICE_REMOTEDEVICELIST,LST REMOTE_DEVICE_LIST;MOD REMOTE_DEVICE_LIST,NO_SECONDARY_MATCH,none,,,,,,,,,未在现有 XML/JSON 分组节点或模型库文档中找到可复用分组,,,,
Device.RemoteDeviceList.{i}.SoftwareVersion,parameter,READ_WRITE,STRING,,,{i},Device.RemoteDeviceList.{i}.,DEVICE_REMOTEDEVICELIST,LST REMOTE_DEVICE_LIST;MOD REMOTE_DEVICE_LIST,NO_SECONDARY_MATCH,none,,,,,,,,,未在现有 XML/JSON 分组节点或模型库文档中找到可复用分组,,,,
Device.RemoteDeviceList.{i}.SyncState,parameter,READ_WRITE,STRING,,,{i},Device.RemoteDeviceList.{i}.,DEVICE_REMOTEDEVICELIST,LST REMOTE_DEVICE_LIST;MOD REMOTE_DEVICE_LIST,NO_SECONDARY_MATCH,none,,,,,,,,,未在现有 XML/JSON 分组节点或模型库文档中找到可复用分组,,,,
Device.RemoteDeviceList.{i}.TfcsSyncMgrState,parameter,READ_WRITE,STRING,,,{i},Device.RemoteDeviceList.{i}.,DEVICE_REMOTEDEVICELIST,LST REMOTE_DEVICE_LIST;MOD REMOTE_DEVICE_LIST,NO_SECONDARY_MATCH,none,,,,,,,,,未在现有 XML/JSON 分组节点或模型库文档中找到可复用分组,,,,
Device.Services.GsmBTSCellDT.{i}.BscSelect,parameter,READ_WRITE,STRING,,,{i},Device.Services.GsmBTSCellDT.{i}.,DEVICE_SERVICES_GSMBTSCELLDT,LST GSM_BTSCELL_DT;MOD GSM_BTSCELL_DT,YES_QUICKSETTINGS_XML_GROUP,high,,,GSM 空口参数,,gsm-cell,,quicksettings_xml_exact_standardPath,omcgo/data/quicksettings/BM.xml#gsm-cell:GSM 空口参数(BscSelect),quicksettings XML 已有同 standardPath 的前端分组,,,,
Device.Services.GsmBTSCellDT.{i}.CellStateControl,parameter,READ_WRITE,STRING,,,{i},Device.Services.GsmBTSCellDT.{i}.,DEVICE_SERVICES_GSMBTSCELLDT,LST GSM_BTSCELL_DT;MOD GSM_BTSCELL_DT,NO_SECONDARY_MATCH,none,,,,,,,,,未在现有 XML/JSON 分组节点或模型库文档中找到可复用分组,,,,
Device.Services.GsmBTSCellDT.{i}.CurrLocAreaCode,parameter,READ_WRITE,STRING,,,{i},Device.Services.GsmBTSCellDT.{i}.,DEVICE_SERVICES_GSMBTSCELLDT,LST GSM_BTSCELL_DT;MOD GSM_BTSCELL_DT,YES_QUICKSETTINGS_XML_GROUP,high,,,GSM 空口参数,,gsm-cell,,quicksettings_xml_exact_standardPath,omcgo/data/quicksettings/BM.xml#gsm-cell:GSM 空口参数(CurrLocAreaCode),quicksettings XML 已有同 standardPath 的前端分组,,,,
Device.Services.GsmBTSCellDT.{i}.CurrentArfcn,parameter,READ_WRITE,STRING,,,{i},Device.Services.GsmBTSCellDT.{i}.,DEVICE_SERVICES_GSMBTSCELLDT,LST GSM_BTSCELL_DT;MOD GSM_BTSCELL_DT,YES_QUICKSETTINGS_XML_GROUP,high,,,GSM 空口参数,,gsm-cell,,quicksettings_xml_exact_standardPath,omcgo/data/quicksettings/BM.xml#gsm-cell:GSM 空口参数(CurrentArfcn),quicksettings XML 已有同 standardPath 的前端分组,,,,
Device.Services.GsmBTSCellDT.{i}.GsmBSIC,parameter,READ_WRITE,STRING,,,{i},Device.Services.GsmBTSCellDT.{i}.,DEVICE_SERVICES_GSMBTSCELLDT,LST GSM_BTSCELL_DT;MOD GSM_BTSCELL_DT,YES_QUICKSETTINGS_XML_GROUP,high,,,GSM 空口参数,,gsm-cell,,quicksettings_xml_exact_standardPath,omcgo/data/quicksettings/BM.xml#gsm-cell:GSM 空口参数(GsmBSIC),quicksettings XML 已有同 standardPath 的前端分组,,,,
Device.Services.GsmBTSCellDT.{i}.GsmBtsBand,parameter,READ_WRITE,INT,,,{i},Device.Services.GsmBTSCellDT.{i}.,DEVICE_SERVICES_GSMBTSCELLDT,LST GSM_BTSCELL_DT;MOD GSM_BTSCELL_DT,YES_QUICKSETTINGS_XML_GROUP,high,,,GSM 空口参数,,gsm-cell,,quicksettings_xml_exact_standardPath,omcgo/data/quicksettings/BM.xml#gsm-cell:GSM 空口参数(GsmBtsBand),quicksettings XML 已有同 standardPath 的前端分组,,,,
Device.Services.GsmBTSCellDT.{i}.GsmBtsBindMib,parameter,READ_WRITE,STRING,,,{i},Device.Services.GsmBTSCellDT.{i}.,DEVICE_SERVICES_GSMBTSCELLDT,LST GSM_BTSCELL_DT;MOD GSM_BTSCELL_DT,YES_QUICKSETTINGS_XML_GROUP,high,,,Abis 接口,,gsm-abis,,quicksettings_xml_exact_standardPath,omcgo/data/quicksettings/BM.xml#gsm-abis:Abis 接口(GsmBtsBindMib),quicksettings XML 已有同 standardPath 的前端分组,,,,
Device.Services.GsmBTSCellDT.{i}.GsmBtsCellActiveBefore,parameter,READ_WRITE,INT,,,{i},Device.Services.GsmBTSCellDT.{i}.,DEVICE_SERVICES_GSMBTSCELLDT,LST GSM_BTSCELL_DT;MOD GSM_BTSCELL_DT,NO_SECONDARY_MATCH,none,,,,,,,,,未在现有 XML/JSON 分组节点或模型库文档中找到可复用分组,,,,
Device.Services.GsmBTSCellDT.{i}.GsmBtsIfname,parameter,READ_WRITE,STRING,,,{i},Device.Services.GsmBTSCellDT.{i}.,DEVICE_SERVICES_GSMBTSCELLDT,LST GSM_BTSCELL_DT;MOD GSM_BTSCELL_DT,NO_SECONDARY_MATCH,none,,,,,,,,,未在现有 XML/JSON 分组节点或模型库文档中找到可复用分组,,,,
Device.Services.GsmBTSCellDT.{i}.GsmBtsIpAddr,parameter,READ_WRITE,STRING,,,{i},Device.Services.GsmBTSCellDT.{i}.,DEVICE_SERVICES_GSMBTSCELLDT,LST GSM_BTSCELL_DT;MOD GSM_BTSCELL_DT,NO_SECONDARY_MATCH,none,,,,,,,,,未在现有 XML/JSON 分组节点或模型库文档中找到可复用分组,,,,
Device.Services.GsmBTSCellDT.{i}.GsmBtsRFPower,parameter,READ_WRITE,STRING,,,{i},Device.Services.GsmBTSCellDT.{i}.,DEVICE_SERVICES_GSMBTSCELLDT,LST GSM_BTSCELL_DT;MOD GSM_BTSCELL_DT,YES_QUICKSETTINGS_XML_GROUP,high,,,GSM 空口参数,,gsm-cell,,quicksettings_xml_exact_standardPath,omcgo/data/quicksettings/BM.xml#gsm-cell:GSM 空口参数(GsmBtsRFPower),quicksettings XML 已有同 standardPath 的前端分组,,,,
Device.Services.GsmBTSCellDT.{i}.GsmCellID,parameter,READ_WRITE,STRING,,,{i},Device.Services.GsmBTSCellDT.{i}.,DEVICE_SERVICES_GSMBTSCELLDT,LST GSM_BTSCELL_DT;MOD GSM_BTSCELL_DT,YES_QUICKSETTINGS_XML_GROUP,high,,,GSM 空口参数,,gsm-cell,,quicksettings_xml_exact_standardPath,omcgo/data/quicksettings/BM.xml#gsm-cell:GSM 空口参数(GsmCellID),quicksettings XML 已有同 standardPath 的前端分组,,,,
Device.Services.GsmBTSCellDT.{i}.GsmCellWithRuRelation,parameter,READ_WRITE,STRING,,,{i},Device.Services.GsmBTSCellDT.{i}.,DEVICE_SERVICES_GSMBTSCELLDT,LST GSM_BTSCELL_DT;MOD GSM_BTSCELL_DT,YES_QUICKSETTINGS_XML_GROUP,high,,,GSM 空口参数,,gsm-cell,,quicksettings_xml_exact_standardPath,omcgo/data/quicksettings/BM.xml#gsm-cell:GSM 空口参数(GsmCellWithRuRelation),quicksettings XML 已有同 standardPath 的前端分组,,,,
Device.Services.GsmBTSCellDT.{i}.GsmDlPhyDelayTime,parameter,READ_WRITE,INT,,,{i},Device.Services.GsmBTSCellDT.{i}.,DEVICE_SERVICES_GSMBTSCELLDT,LST GSM_BTSCELL_DT;MOD GSM_BTSCELL_DT,NO_SECONDARY_MATCH,none,,,,,,,,,未在现有 XML/JSON 分组节点或模型库文档中找到可复用分组,,,,
Device.Services.GsmBTSCellDT.{i}.GsmMACStubVal,parameter,READ_WRITE,STRING,,,{i},Device.Services.GsmBTSCellDT.{i}.,DEVICE_SERVICES_GSMBTSCELLDT,LST GSM_BTSCELL_DT;MOD GSM_BTSCELL_DT,YES_QUICKSETTINGS_XML_GROUP,high,,,跟踪日志,,gsm-trace,,quicksettings_xml_exact_standardPath,omcgo/data/quicksettings/BM.xml#gsm-trace:跟踪日志(GsmMACStubVal),quicksettings XML 已有同 standardPath 的前端分组,,,,
Device.Services.GsmBTSCellDT.{i}.GsmMACTraceMsgType,parameter,READ_WRITE,STRING,,,{i},Device.Services.GsmBTSCellDT.{i}.,DEVICE_SERVICES_GSMBTSCELLDT,LST GSM_BTSCELL_DT;MOD GSM_BTSCELL_DT,YES_QUICKSETTINGS_XML_GROUP,high,,,跟踪日志,,gsm-trace,,quicksettings_xml_exact_standardPath,omcgo/data/quicksettings/BM.xml#gsm-trace:跟踪日志(GsmMACTraceMsgType),quicksettings XML 已有同 standardPath 的前端分组,,,,
Device.Services.GsmBTSCellDT.{i}.GsmMACTraceNum,parameter,READ_WRITE,STRING,,,{i},Device.Services.GsmBTSCellDT.{i}.,DEVICE_SERVICES_GSMBTSCELLDT,LST GSM_BTSCELL_DT;MOD GSM_BTSCELL_DT,YES_QUICKSETTINGS_XML_GROUP,high,,,跟踪日志,,gsm-trace,,quicksettings_xml_exact_standardPath,omcgo/data/quicksettings/BM.xml#gsm-trace:跟踪日志(GsmMACTraceNum),quicksettings XML 已有同 standardPath 的前端分组,,,,
Device.Services.GsmBTSCellDT.{i}.GsmMACTtiSwitch,parameter,READ_WRITE,STRING,,,{i},Device.Services.GsmBTSCellDT.{i}.,DEVICE_SERVICES_GSMBTSCELLDT,LST GSM_BTSCELL_DT;MOD GSM_BTSCELL_DT,YES_QUICKSETTINGS_XML_GROUP,high,,,跟踪日志,,gsm-trace,,quicksettings_xml_exact_standardPath,omcgo/data/quicksettings/BM.xml#gsm-trace:跟踪日志(GsmMACTtiSwitch),quicksettings XML 已有同 standardPath 的前端分组,,,,
Device.Services.GsmBTSCellDT.{i}.GsmUlPhyDelayTime,parameter,READ_WRITE,INT,,,{i},Device.Services.GsmBTSCellDT.{i}.,DEVICE_SERVICES_GSMBTSCELLDT,LST GSM_BTSCELL_DT;MOD GSM_BTSCELL_DT,NO_SECONDARY_MATCH,none,,,,,,,,,未在现有 XML/JSON 分组节点或模型库文档中找到可复用分组,,,,
Device.Services.GsmBTSCellDT.{i}.IPAUnitID,parameter,READ_WRITE,STRING,,,{i},Device.Services.GsmBTSCellDT.{i}.,DEVICE_SERVICES_GSMBTSCELLDT,LST GSM_BTSCELL_DT;MOD GSM_BTSCELL_DT,YES_QUICKSETTINGS_XML_GROUP,high,,,Abis 接口,,gsm-abis,,quicksettings_xml_exact_standardPath,omcgo/data/quicksettings/BM.xml#gsm-abis:Abis 接口(IPAUnitID),quicksettings XML 已有同 standardPath 的前端分组,,,,
Device.Services.GsmBTSCellDT.{i}.InUse,parameter,READ_WRITE,STRING,,,{i},Device.Services.GsmBTSCellDT.{i}.,DEVICE_SERVICES_GSMBTSCELLDT,LST GSM_BTSCELL_DT;MOD GSM_BTSCELL_DT,NO_SECONDARY_MATCH,none,,,,,,,,,未在现有 XML/JSON 分组节点或模型库文档中找到可复用分组,,,,
Device.Services.GsmBTSCellDT.{i}.MobileNetworkCode,parameter,READ_WRITE,STRING,,,{i},Device.Services.GsmBTSCellDT.{i}.,DEVICE_SERVICES_GSMBTSCELLDT,LST GSM_BTSCELL_DT;MOD GSM_BTSCELL_DT,YES_QUICKSETTINGS_XML_GROUP,high,,,GSM 空口参数,,gsm-cell,,quicksettings_xml_exact_standardPath,omcgo/data/quicksettings/BM.xml#gsm-cell:GSM 空口参数(MobileNetworkCode),quicksettings XML 已有同 standardPath 的前端分组,,,,
Device.Services.GsmBTSCellDT.{i}.NetworkCountryCode,parameter,READ_WRITE,STRING,,,{i},Device.Services.GsmBTSCellDT.{i}.,DEVICE_SERVICES_GSMBTSCELLDT,LST GSM_BTSCELL_DT;MOD GSM_BTSCELL_DT,YES_QUICKSETTINGS_XML_GROUP,high,,,GSM 空口参数,,gsm-cell,,quicksettings_xml_exact_standardPath,omcgo/data/quicksettings/BM.xml#gsm-cell:GSM 空口参数(NetworkCountryCode),quicksettings XML 已有同 standardPath 的前端分组,,,,
Device.Services.GsmBTSCellDT.{i}.OMLRemoteIP,parameter,READ_WRITE,STRING,,,{i},Device.Services.GsmBTSCellDT.{i}.,DEVICE_SERVICES_GSMBTSCELLDT,LST GSM_BTSCELL_DT;MOD GSM_BTSCELL_DT,YES_QUICKSETTINGS_XML_GROUP,high,,,Abis 接口,,gsm-abis,,quicksettings_xml_exact_standardPath,omcgo/data/quicksettings/BM.xml#gsm-abis:Abis 接口(OMLRemoteIP),quicksettings XML 已有同 standardPath 的前端分组,,,,
Device.Services.GsmBTSCellDT.{i}.OMLRemoteIPBak,parameter,READ_WRITE,STRING,,,{i},Device.Services.GsmBTSCellDT.{i}.,DEVICE_SERVICES_GSMBTSCELLDT,LST GSM_BTSCELL_DT;MOD GSM_BTSCELL_DT,YES_QUICKSETTINGS_XML_GROUP,high,,,Abis 接口,,gsm-abis,,quicksettings_xml_exact_standardPath,omcgo/data/quicksettings/BM.xml#gsm-abis:Abis 接口(OMLRemoteIPBak),quicksettings XML 已有同 standardPath 的前端分组,,,,
Device.Services.GsmBTSCellDT.{i}.OpState,parameter,READ_WRITE,STRING,,,{i},Device.Services.GsmBTSCellDT.{i}.,DEVICE_SERVICES_GSMBTSCELLDT,LST GSM_BTSCELL_DT;MOD GSM_BTSCELL_DT,YES_QUICKSETTINGS_XML_GROUP,high,,,GSM 空口参数,,gsm-cell,,quicksettings_xml_exact_standardPath,omcgo/data/quicksettings/BM.xml#gsm-cell:GSM 空口参数(OpState),quicksettings XML 已有同 standardPath 的前端分组,,,,
Device.Services.GsmBTSCellDT.{i}.PhyCatchIq,parameter,READ_WRITE,INT,,,{i},Device.Services.GsmBTSCellDT.{i}.,DEVICE_SERVICES_GSMBTSCELLDT,LST GSM_BTSCELL_DT;MOD GSM_BTSCELL_DT,NO_SECONDARY_MATCH,none,,,,,,,,,未在现有 XML/JSON 分组节点或模型库文档中找到可复用分组,,,,
Device.Services.GsmBTSCellDT.{i}.PhyStop,parameter,READ_WRITE,INT,,,{i},Device.Services.GsmBTSCellDT.{i}.,DEVICE_SERVICES_GSMBTSCELLDT,LST GSM_BTSCELL_DT;MOD GSM_BTSCELL_DT,NO_SECONDARY_MATCH,none,,,,,,,,,未在现有 XML/JSON 分组节点或模型库文档中找到可复用分组,,,,
Device.Services.GsmBTSCellDT.{i}.RTPJitterBuffer,parameter,READ_WRITE,INT,,,{i},Device.Services.GsmBTSCellDT.{i}.,DEVICE_SERVICES_GSMBTSCELLDT,LST GSM_BTSCELL_DT;MOD GSM_BTSCELL_DT,NO_SECONDARY_MATCH,none,,,,,,,,,未在现有 XML/JSON 分组节点或模型库文档中找到可复用分组,,,,
Device.Services.GsmBTSCellDT.{i}.RfState,parameter,READ_WRITE,STRING,,,{i},Device.Services.GsmBTSCellDT.{i}.,DEVICE_SERVICES_GSMBTSCELLDT,LST GSM_BTSCELL_DT;MOD GSM_BTSCELL_DT,YES_QUICKSETTINGS_XML_GROUP,high,,,GSM 空口参数,,gsm-cell,,quicksettings_xml_exact_standardPath,omcgo/data/quicksettings/BM.xml#gsm-cell:GSM 空口参数(RfState),quicksettings XML 已有同 standardPath 的前端分组,,,,
Device.Services.GsmBTSCellDT.{i}.TrxNum,parameter,READ_ONLY,INT,,,{i},Device.Services.GsmBTSCellDT.{i}.,DEVICE_SERVICES_GSMBTSCELLDT,LST GSM_BTSCELL_DT,NO_SECONDARY_MATCH,none,,,,,,,,,未在现有 XML/JSON 分组节点或模型库文档中找到可复用分组,,,,
Device.Services.GsmBTSCellDT.{i}.UeCount,parameter,READ_WRITE,STRING,,,{i},Device.Services.GsmBTSCellDT.{i}.,DEVICE_SERVICES_GSMBTSCELLDT,LST GSM_BTSCELL_DT;MOD GSM_BTSCELL_DT,YES_QUICKSETTINGS_XML_GROUP,high,,,GSM 空口参数,,gsm-cell,,quicksettings_xml_exact_standardPath,omcgo/data/quicksettings/BM.xml#gsm-cell:GSM 空口参数(UeCount),quicksettings XML 已有同 standardPath 的前端分组,,,,
Device.Services.lmt.userConfig.{i}.pass,parameter,READ_WRITE,STRING,,,{i},Device.Services.lmt.userConfig.{i}.,DEVICE_SERVICES_LMT_USERCONFIG,LST USER_CONFIG;MOD USER_CONFIG,NO_SECONDARY_MATCH,none,,,,,,,,,未在现有 XML/JSON 分组节点或模型库文档中找到可复用分组,,,,
DeviceGSM.Bts.{i}.Band,parameter,READ_ONLY,U_INT,,,{i},DeviceGSM.Bts.{i}.,DEVICEGSM_BTS,LST BTS,YES_QUICKSETTINGS_XML_GROUP,high,,,BTS 配置,,bsc-bts-config,,quicksettings_xml_exact_standardPath,omcgo/data/quicksettings/BSC.xml#bsc-bts-config:BTS 配置(Band),quicksettings XML 已有同 standardPath 的前端分组,,,,
DeviceGSM.Bts.{i}.Bsic,parameter,READ_ONLY,U_INT,,,{i},DeviceGSM.Bts.{i}.,DEVICEGSM_BTS,LST BTS,YES_QUICKSETTINGS_XML_GROUP,high,,,BTS 配置,,bsc-bts-config,,quicksettings_xml_exact_standardPath,omcgo/data/quicksettings/BSC.xml#bsc-bts-config:BTS 配置(Bsic),quicksettings XML 已有同 standardPath 的前端分组,,,,
DeviceGSM.Bts.{i}.C0PowerRed,parameter,READ_ONLY,U_INT,,,{i},DeviceGSM.Bts.{i}.,DEVICEGSM_BTS,LST BTS,YES_QUICKSETTINGS_XML_GROUP,high,,,BTS 配置,,bsc-bts-config,,quicksettings_xml_exact_standardPath,omcgo/data/quicksettings/BSC.xml#bsc-bts-config:BTS 配置(C0PowerRed),quicksettings XML 已有同 standardPath 的前端分组,,,,
DeviceGSM.Bts.{i}.CellId,parameter,READ_ONLY,U_INT,,,{i},DeviceGSM.Bts.{i}.,DEVICEGSM_BTS,LST BTS,YES_QUICKSETTINGS_XML_GROUP,high,,,BTS 配置,,bsc-bts-config,,quicksettings_xml_exact_standardPath,omcgo/data/quicksettings/BSC.xml#bsc-bts-config:BTS 配置(CellId),quicksettings XML 已有同 standardPath 的前端分组,,,,
DeviceGSM.Bts.{i}.CellReselectHysteresis,parameter,READ_ONLY,U_INT,,,{i},DeviceGSM.Bts.{i}.,DEVICEGSM_BTS,LST BTS,YES_QUICKSETTINGS_XML_GROUP,high,,,BTS 配置,,bsc-bts-config,,quicksettings_xml_exact_standardPath,omcgo/data/quicksettings/BSC.xml#bsc-bts-config:BTS 配置(CellReselectHysteresis),quicksettings XML 已有同 standardPath 的前端分组,,,,
DeviceGSM.Bts.{i}.CellReselectOffset,parameter,READ_ONLY,U_INT,,,{i},DeviceGSM.Bts.{i}.,DEVICEGSM_BTS,LST BTS,YES_QUICKSETTINGS_XML_GROUP,high,,,BTS 配置,,bsc-bts-config,,quicksettings_xml_exact_standardPath,omcgo/data/quicksettings/BSC.xml#bsc-bts-config:BTS 配置(CellReselectOffset),quicksettings XML 已有同 standardPath 的前端分组,,,,
DeviceGSM.Bts.{i}.CellReselectPenaltyTime,parameter,READ_ONLY,U_INT,,,{i},DeviceGSM.Bts.{i}.,DEVICEGSM_BTS,LST BTS,YES_QUICKSETTINGS_XML_GROUP,high,,,BTS 配置,,bsc-bts-config,,quicksettings_xml_exact_standardPath,omcgo/data/quicksettings/BSC.xml#bsc-bts-config:BTS 配置(CellReselectPenaltyTime),quicksettings XML 已有同 standardPath 的前端分组,,,,
DeviceGSM.Bts.{i}.CodecSupport,parameter,READ_ONLY,STRING,,,{i},DeviceGSM.Bts.{i}.,DEVICEGSM_BTS,LST BTS,YES_QUICKSETTINGS_XML_GROUP,high,,,BTS 配置,,bsc-bts-config,,quicksettings_xml_exact_standardPath,omcgo/data/quicksettings/BSC.xml#bsc-bts-config:BTS 配置(CodecSupport),quicksettings XML 已有同 standardPath 的前端分组,,,,
DeviceGSM.Bts.{i}.GprsMode,parameter,READ_ONLY,STRING,,,{i},DeviceGSM.Bts.{i}.,DEVICEGSM_BTS,LST BTS,YES_QUICKSETTINGS_XML_GROUP,high,,,BTS 配置,,bsc-bts-config,,quicksettings_xml_exact_standardPath,omcgo/data/quicksettings/BSC.xml#bsc-bts-config:BTS 配置(GprsMode),quicksettings XML 已有同 standardPath 的前端分组,,,,
DeviceGSM.Bts.{i}.HandoverAlgorithm,parameter,READ_ONLY,STRING,,,{i},DeviceGSM.Bts.{i}.,DEVICEGSM_BTS,LST BTS,YES_QUICKSETTINGS_XML_GROUP,high,,,切换配置,,bsc-bts-handover,,quicksettings_xml_exact_standardPath,omcgo/data/quicksettings/BSC.xml#bsc-bts-handover:切换配置(HandoverAlgorithm),quicksettings XML 已有同 standardPath 的前端分组,,,,
DeviceGSM.Bts.{i}.IpaRslIp,parameter,READ_ONLY,STRING,,,{i},DeviceGSM.Bts.{i}.,DEVICEGSM_BTS,LST BTS,YES_QUICKSETTINGS_XML_GROUP,high,,,BTS 配置,,bsc-bts-config,,quicksettings_xml_exact_standardPath,omcgo/data/quicksettings/BSC.xml#bsc-bts-config:BTS 配置(IpaRslIp),quicksettings XML 已有同 standardPath 的前端分组,,,,
DeviceGSM.Bts.{i}.IpaUnitId,parameter,READ_ONLY,STRING,,,{i},DeviceGSM.Bts.{i}.,DEVICEGSM_BTS,LST BTS,YES_QUICKSETTINGS_XML_GROUP,high,,,BTS 配置,,bsc-bts-config,,quicksettings_xml_exact_standardPath,omcgo/data/quicksettings/BSC.xml#bsc-bts-config:BTS 配置(IpaUnitId),quicksettings XML 已有同 standardPath 的前端分组,,,,
DeviceGSM.Bts.{i}.LocationAreaCode,parameter,READ_ONLY,U_INT,,,{i},DeviceGSM.Bts.{i}.,DEVICEGSM_BTS,LST BTS,YES_QUICKSETTINGS_XML_GROUP,high,,,BTS 配置,,bsc-bts-config,,quicksettings_xml_exact_standardPath,omcgo/data/quicksettings/BSC.xml#bsc-bts-config:BTS 配置(LocationAreaCode),quicksettings XML 已有同 standardPath 的前端分组,,,,
DeviceGSM.Bts.{i}.MsMaxPower,parameter,READ_ONLY,U_INT,,,{i},DeviceGSM.Bts.{i}.,DEVICEGSM_BTS,LST BTS,YES_QUICKSETTINGS_XML_GROUP,high,,,BTS 配置,,bsc-bts-config,,quicksettings_xml_exact_standardPath,omcgo/data/quicksettings/BSC.xml#bsc-bts-config:BTS 配置(MsMaxPower),quicksettings XML 已有同 standardPath 的前端分组,,,,
DeviceGSM.Bts.{i}.NeighborCgiAdd,parameter,READ_ONLY,STRING,,,{i},DeviceGSM.Bts.{i}.,DEVICEGSM_BTS,LST BTS,YES_PARAM_MAPPING_XML_OBJECT,medium-low,,,Bts,DeviceGSM.Bts.,,,param_mapping_xml_object_prefix,omcgo/data/param-mappings/BSC.xml,param-mappings XML 已有对象前缀，可作为对象分组依据；缺少 MML 章节/中文组名,,,,
DeviceGSM.Bts.{i}.NeighborCgiDel,parameter,READ_ONLY,STRING,,,{i},DeviceGSM.Bts.{i}.,DEVICEGSM_BTS,LST BTS,YES_PARAM_MAPPING_XML_OBJECT,medium-low,,,Bts,DeviceGSM.Bts.,,,param_mapping_xml_object_prefix,omcgo/data/param-mappings/BSC.xml,param-mappings XML 已有对象前缀，可作为对象分组依据；缺少 MML 章节/中文组名,,,,
DeviceGSM.Bts.{i}.NumofTrxChannel,parameter,READ_ONLY,U_INT,,,{i},DeviceGSM.Bts.{i}.,DEVICEGSM_BTS,LST BTS,YES_PARAM_MAPPING_XML_OBJECT,medium-low,,,Bts,DeviceGSM.Bts.,,,param_mapping_xml_object_prefix,omcgo/data/param-mappings/BSC.xml,param-mappings XML 已有对象前缀，可作为对象分组依据；缺少 MML 章节/中文组名,,,,
DeviceGSM.Bts.{i}.OmlConnectState,parameter,READ_ONLY,STRING,,,{i},DeviceGSM.Bts.{i}.,DEVICEGSM_BTS,LST BTS,YES_PARAM_MAPPING_XML_OBJECT,medium-low,,,Bts,DeviceGSM.Bts.,,,param_mapping_xml_object_prefix,omcgo/data/param-mappings/BSC.xml,param-mappings XML 已有对象前缀，可作为对象分组依据；缺少 MML 章节/中文组名,,,,
DeviceGSM.Bts.{i}.OmlIpaStreamId,parameter,READ_ONLY,STRING,,,{i},DeviceGSM.Bts.{i}.,DEVICEGSM_BTS,LST BTS,YES_QUICKSETTINGS_XML_GROUP,high,,,BTS 配置,,bsc-bts-config,,quicksettings_xml_exact_standardPath,omcgo/data/quicksettings/BSC.xml#bsc-bts-config:BTS 配置(OmlIpaStreamId),quicksettings XML 已有同 standardPath 的前端分组,,,,
DeviceGSM.Bts.{i}.RachCellBarred,parameter,READ_ONLY,U_INT,,,{i},DeviceGSM.Bts.{i}.,DEVICEGSM_BTS,LST BTS,YES_QUICKSETTINGS_XML_GROUP,high,,,BTS 配置,,bsc-bts-config,,quicksettings_xml_exact_standardPath,omcgo/data/quicksettings/BSC.xml#bsc-bts-config:BTS 配置(RachCellBarred),quicksettings XML 已有同 standardPath 的前端分组,,,,
DeviceGSM.Bts.{i}.Trx.{i}.Arfcn,parameter,READ_ONLY,U_INT,,,{i},DeviceGSM.Bts.{i}.Trx.{i}.,DEVICEGSM_BTS_TRX,LST TRX,YES_PARAM_MAPPING_XML_OBJECT,medium-low,,,Trx,DeviceGSM.Bts.{i}.Trx.,,,param_mapping_xml_object_prefix,omcgo/data/param-mappings/BSC.xml,param-mappings XML 已有对象前缀，可作为对象分组依据；缺少 MML 章节/中文组名,,,,
DeviceGSM.Bts.{i}.Trx.{i}.MaxPowerRed,parameter,READ_ONLY,U_INT,,,{i},DeviceGSM.Bts.{i}.Trx.{i}.,DEVICEGSM_BTS_TRX,LST TRX,YES_PARAM_MAPPING_XML_OBJECT,medium-low,,,Trx,DeviceGSM.Bts.{i}.Trx.,,,param_mapping_xml_object_prefix,omcgo/data/param-mappings/BSC.xml,param-mappings XML 已有对象前缀，可作为对象分组依据；缺少 MML 章节/中文组名,,,,
DeviceGSM.Bts.{i}.Trx.{i}.RfLocked,parameter,READ_ONLY,STRING,,,{i},DeviceGSM.Bts.{i}.Trx.{i}.,DEVICEGSM_BTS_TRX,LST TRX,YES_PARAM_MAPPING_XML_OBJECT,medium-low,,,Trx,DeviceGSM.Bts.{i}.Trx.,,,param_mapping_xml_object_prefix,omcgo/data/param-mappings/BSC.xml,param-mappings XML 已有对象前缀，可作为对象分组依据；缺少 MML 章节/中文组名,,,,
DeviceGSM.Bts.{i}.Trx.{i}.Ts.{i}.PhyChanConfig,parameter,READ_ONLY,STRING,,,{i},DeviceGSM.Bts.{i}.Trx.{i}.Ts.{i}.,DEVICEGSM_BTS_TRX_TS,LST TS,YES_PARAM_MAPPING_XML_OBJECT,medium-low,,,Trx,DeviceGSM.Bts.{i}.Trx.,,,param_mapping_xml_object_prefix,omcgo/data/param-mappings/BSC.xml,param-mappings XML 已有对象前缀，可作为对象分组依据；缺少 MML 章节/中文组名,,,,
DeviceGSM.Bts.{i}.handover,parameter,READ_ONLY,STRING,,,{i},DeviceGSM.Bts.{i}.,DEVICEGSM_BTS,LST BTS,YES_QUICKSETTINGS_XML_GROUP,high,,,切换配置,,bsc-bts-handover,,quicksettings_xml_exact_standardPath,omcgo/data/quicksettings/BSC.xml#bsc-bts-handover:切换配置(handover),quicksettings XML 已有同 standardPath 的前端分组,,,,
DeviceGSM.Cs7Instance.{i}.As.{i}.Name,parameter,READ_ONLY,STRING,,,{i},DeviceGSM.Cs7Instance.{i}.As.{i}.,DEVICEGSM_CS7INSTANCE_AS,LST AS,NO_SECONDARY_MATCH,none,,,,,,,,,未在现有 XML/JSON 分组节点或模型库文档中找到可复用分组,,,,
DeviceGSM.Cs7Instance.{i}.As.{i}.RoutingKey,parameter,READ_ONLY,STRING,,,{i},DeviceGSM.Cs7Instance.{i}.As.{i}.,DEVICEGSM_CS7INSTANCE_AS,LST AS,NO_SECONDARY_MATCH,none,,,,,,,,,未在现有 XML/JSON 分组节点或模型库文档中找到可复用分组,,,,
DeviceGSM.Cs7Instance.{i}.As.{i}.TrafficMode,parameter,READ_ONLY,STRING,,,{i},DeviceGSM.Cs7Instance.{i}.As.{i}.,DEVICEGSM_CS7INSTANCE_AS,LST AS,NO_SECONDARY_MATCH,none,,,,,,,,,未在现有 XML/JSON 分组节点或模型库文档中找到可复用分组,,,,
DeviceGSM.Cs7Instance.{i}.As.{i}.addAspName,parameter,READ_ONLY,STRING,,,{i},DeviceGSM.Cs7Instance.{i}.As.{i}.,DEVICEGSM_CS7INSTANCE_AS,LST AS,NO_SECONDARY_MATCH,none,,,,,,,,,未在现有 XML/JSON 分组节点或模型库文档中找到可复用分组,,,,
DeviceGSM.Cs7Instance.{i}.As.{i}.delAspName,parameter,READ_ONLY,STRING,,,{i},DeviceGSM.Cs7Instance.{i}.As.{i}.,DEVICEGSM_CS7INSTANCE_AS,LST AS,NO_SECONDARY_MATCH,none,,,,,,,,,未在现有 XML/JSON 分组节点或模型库文档中找到可复用分组,,,,
DeviceGSM.Cs7Instance.{i}.Asp.{i}.AspRole,parameter,READ_ONLY,STRING,,,{i},DeviceGSM.Cs7Instance.{i}.Asp.{i}.,DEVICEGSM_CS7INSTANCE_ASP,LST ASP,NO_SECONDARY_MATCH,none,,,,,,,,,未在现有 XML/JSON 分组节点或模型库文档中找到可复用分组,,,,
DeviceGSM.Cs7Instance.{i}.Asp.{i}.LocalIp,parameter,READ_ONLY,STRING,,,{i},DeviceGSM.Cs7Instance.{i}.Asp.{i}.,DEVICEGSM_CS7INSTANCE_ASP,LST ASP,NO_SECONDARY_MATCH,none,,,,,,,,,未在现有 XML/JSON 分组节点或模型库文档中找到可复用分组,,,,
DeviceGSM.Cs7Instance.{i}.Asp.{i}.LocalPort,parameter,READ_ONLY,U_INT,,,{i},DeviceGSM.Cs7Instance.{i}.Asp.{i}.,DEVICEGSM_CS7INSTANCE_ASP,LST ASP,NO_SECONDARY_MATCH,none,,,,,,,,,未在现有 XML/JSON 分组节点或模型库文档中找到可复用分组,,,,
DeviceGSM.Cs7Instance.{i}.Asp.{i}.Name,parameter,READ_ONLY,STRING,,,{i},DeviceGSM.Cs7Instance.{i}.Asp.{i}.,DEVICEGSM_CS7INSTANCE_ASP,LST ASP,NO_SECONDARY_MATCH,none,,,,,,,,,未在现有 XML/JSON 分组节点或模型库文档中找到可复用分组,,,,
DeviceGSM.Cs7Instance.{i}.Asp.{i}.Protocol,parameter,READ_ONLY,STRING,,,{i},DeviceGSM.Cs7Instance.{i}.Asp.{i}.,DEVICEGSM_CS7INSTANCE_ASP,LST ASP,NO_SECONDARY_MATCH,none,,,,,,,,,未在现有 XML/JSON 分组节点或模型库文档中找到可复用分组,,,,
DeviceGSM.Cs7Instance.{i}.Asp.{i}.RemoteIp,parameter,READ_ONLY,STRING,,,{i},DeviceGSM.Cs7Instance.{i}.Asp.{i}.,DEVICEGSM_CS7INSTANCE_ASP,LST ASP,NO_SECONDARY_MATCH,none,,,,,,,,,未在现有 XML/JSON 分组节点或模型库文档中找到可复用分组,,,,
DeviceGSM.Cs7Instance.{i}.Asp.{i}.RemotePort,parameter,READ_ONLY,U_INT,,,{i},DeviceGSM.Cs7Instance.{i}.Asp.{i}.,DEVICEGSM_CS7INSTANCE_ASP,LST ASP,NO_SECONDARY_MATCH,none,,,,,,,,,未在现有 XML/JSON 分组节点或模型库文档中找到可复用分组,,,,
DeviceGSM.Cs7Instance.{i}.Asp.{i}.SctpRole,parameter,READ_ONLY,STRING,,,{i},DeviceGSM.Cs7Instance.{i}.Asp.{i}.,DEVICEGSM_CS7INSTANCE_ASP,LST ASP,NO_SECONDARY_MATCH,none,,,,,,,,,未在现有 XML/JSON 分组节点或模型库文档中找到可复用分组,,,,
DeviceGSM.Cs7Instance.{i}.NetworkIndicator,parameter,READ_ONLY,STRING,,,{i},DeviceGSM.Cs7Instance.{i}.,DEVICEGSM_CS7INSTANCE,LST CS7_INSTANCE,NO_SECONDARY_MATCH,none,,,,,,,,,未在现有 XML/JSON 分组节点或模型库文档中找到可复用分组,,,,
DeviceGSM.Cs7Instance.{i}.PointCode,parameter,READ_ONLY,U_INT,,,{i},DeviceGSM.Cs7Instance.{i}.,DEVICEGSM_CS7INSTANCE,LST CS7_INSTANCE,NO_SECONDARY_MATCH,none,,,,,,,,,未在现有 XML/JSON 分组节点或模型库文档中找到可复用分组,,,,
DeviceGSM.Cs7Instance.{i}.PointCodeFormat,parameter,READ_ONLY,STRING,,,{i},DeviceGSM.Cs7Instance.{i}.,DEVICEGSM_CS7INSTANCE,LST CS7_INSTANCE,NO_SECONDARY_MATCH,none,,,,,,,,,未在现有 XML/JSON 分组节点或模型库文档中找到可复用分组,,,,
DeviceGSM.Cs7Instance.{i}.SccpAddr.{i}.Name,parameter,READ_ONLY,STRING,,,{i},DeviceGSM.Cs7Instance.{i}.SccpAddr.{i}.,DEVICEGSM_CS7INSTANCE_SCCPADDR,LST SCCP_ADDR,NO_SECONDARY_MATCH,none,,,,,,,,,未在现有 XML/JSON 分组节点或模型库文档中找到可复用分组,,,,
DeviceGSM.Cs7Instance.{i}.SccpAddr.{i}.PointCode,parameter,READ_ONLY,U_INT,,,{i},DeviceGSM.Cs7Instance.{i}.SccpAddr.{i}.,DEVICEGSM_CS7INSTANCE_SCCPADDR,LST SCCP_ADDR,NO_SECONDARY_MATCH,none,,,,,,,,,未在现有 XML/JSON 分组节点或模型库文档中找到可复用分组,,,,
DeviceGSM.Cs7Instance.{i}.SccpAddr.{i}.RoutingIndicator,parameter,READ_ONLY,STRING,,,{i},DeviceGSM.Cs7Instance.{i}.SccpAddr.{i}.,DEVICEGSM_CS7INSTANCE_SCCPADDR,LST SCCP_ADDR,NO_SECONDARY_MATCH,none,,,,,,,,,未在现有 XML/JSON 分组节点或模型库文档中找到可复用分组,,,,
DeviceGSM.Cs7Instance.{i}.SccpAddr.{i}.SubsystemNumber,parameter,READ_ONLY,U_INT,,,{i},DeviceGSM.Cs7Instance.{i}.SccpAddr.{i}.,DEVICEGSM_CS7INSTANCE_SCCPADDR,LST SCCP_ADDR,NO_SECONDARY_MATCH,none,,,,,,,,,未在现有 XML/JSON 分组节点或模型库文档中找到可复用分组,,,,
DeviceGSM.Cs7Instance.{i}.XuaRkmRoutingKeyAllocation,parameter,READ_ONLY,STRING,,,{i},DeviceGSM.Cs7Instance.{i}.,DEVICEGSM_CS7INSTANCE,LST CS7_INSTANCE,NO_SECONDARY_MATCH,none,,,,,,,,,未在现有 XML/JSON 分组节点或模型库文档中找到可复用分组,,,,
DeviceGSM.Mgw.{i}.MgwEndpointDomain,parameter,READ_ONLY,STRING,,,{i},DeviceGSM.Mgw.{i}.,DEVICEGSM_MGW,LST MGW,NO_SECONDARY_MATCH,none,,,,,,,,,未在现有 XML/JSON 分组节点或模型库文档中找到可复用分组,,,,
DeviceGSM.Mgw.{i}.MgwLocalPort,parameter,READ_ONLY,U_INT,,,{i},DeviceGSM.Mgw.{i}.,DEVICEGSM_MGW,LST MGW,NO_SECONDARY_MATCH,none,,,,,,,,,未在现有 XML/JSON 分组节点或模型库文档中找到可复用分组,,,,
DeviceGSM.Mgw.{i}.MgwRemoteIp,parameter,READ_ONLY,STRING,,,{i},DeviceGSM.Mgw.{i}.,DEVICEGSM_MGW,LST MGW,NO_SECONDARY_MATCH,none,,,,,,,,,未在现有 XML/JSON 分组节点或模型库文档中找到可复用分组,,,,
DeviceGSM.Mgw.{i}.MgwRemotePort,parameter,READ_ONLY,U_INT,,,{i},DeviceGSM.Mgw.{i}.,DEVICEGSM_MGW,LST MGW,NO_SECONDARY_MATCH,none,,,,,,,,,未在现有 XML/JSON 分组节点或模型库文档中找到可复用分组,,,,
DeviceGSM.Msc.{i}.AllowEmergency,parameter,READ_ONLY,STRING,,,{i},DeviceGSM.Msc.{i}.,DEVICEGSM_MSC,LST MSC,NO_SECONDARY_MATCH,none,,,,,,,,,未在现有 XML/JSON 分组节点或模型库文档中找到可复用分组,,,,
DeviceGSM.Msc.{i}.Amr10_2,parameter,READ_ONLY,STRING,,,{i},DeviceGSM.Msc.{i}.,DEVICEGSM_MSC,LST MSC,NO_SECONDARY_MATCH,none,,,,,,,,,未在现有 XML/JSON 分组节点或模型库文档中找到可复用分组,,,,
DeviceGSM.Msc.{i}.Amr12_2,parameter,READ_ONLY,STRING,,,{i},DeviceGSM.Msc.{i}.,DEVICEGSM_MSC,LST MSC,NO_SECONDARY_MATCH,none,,,,,,,,,未在现有 XML/JSON 分组节点或模型库文档中找到可复用分组,,,,
DeviceGSM.Msc.{i}.Amr4_75,parameter,READ_ONLY,STRING,,,{i},DeviceGSM.Msc.{i}.,DEVICEGSM_MSC,LST MSC,NO_SECONDARY_MATCH,none,,,,,,,,,未在现有 XML/JSON 分组节点或模型库文档中找到可复用分组,,,,
DeviceGSM.Msc.{i}.Amr5_15,parameter,READ_ONLY,STRING,,,{i},DeviceGSM.Msc.{i}.,DEVICEGSM_MSC,LST MSC,NO_SECONDARY_MATCH,none,,,,,,,,,未在现有 XML/JSON 分组节点或模型库文档中找到可复用分组,,,,
DeviceGSM.Msc.{i}.Amr5_90,parameter,READ_ONLY,STRING,,,{i},DeviceGSM.Msc.{i}.,DEVICEGSM_MSC,LST MSC,NO_SECONDARY_MATCH,none,,,,,,,,,未在现有 XML/JSON 分组节点或模型库文档中找到可复用分组,,,,
DeviceGSM.Msc.{i}.Amr6_70,parameter,READ_ONLY,STRING,,,{i},DeviceGSM.Msc.{i}.,DEVICEGSM_MSC,LST MSC,NO_SECONDARY_MATCH,none,,,,,,,,,未在现有 XML/JSON 分组节点或模型库文档中找到可复用分组,,,,
DeviceGSM.Msc.{i}.Amr7_40,parameter,READ_ONLY,STRING,,,{i},DeviceGSM.Msc.{i}.,DEVICEGSM_MSC,LST MSC,NO_SECONDARY_MATCH,none,,,,,,,,,未在现有 XML/JSON 分组节点或模型库文档中找到可复用分组,,,,
DeviceGSM.Msc.{i}.Amr7_95,parameter,READ_ONLY,STRING,,,{i},DeviceGSM.Msc.{i}.,DEVICEGSM_MSC,LST MSC,NO_SECONDARY_MATCH,none,,,,,,,,,未在现有 XML/JSON 分组节点或模型库文档中找到可复用分组,,,,
DeviceGSM.Msc.{i}.AmrPayload,parameter,READ_ONLY,STRING,,,{i},DeviceGSM.Msc.{i}.,DEVICEGSM_MSC,LST MSC,NO_SECONDARY_MATCH,none,,,,,,,,,未在现有 XML/JSON 分组节点或模型库文档中找到可复用分组,,,,
DeviceGSM.Msc.{i}.AspProtocol,parameter,READ_ONLY,STRING,,,{i},DeviceGSM.Msc.{i}.,DEVICEGSM_MSC,LST MSC,NO_SECONDARY_MATCH,none,,,,,,,,,未在现有 XML/JSON 分组节点或模型库文档中找到可复用分组,,,,
DeviceGSM.Msc.{i}.AttachProportion,parameter,READ_ONLY,U_INT,,,{i},DeviceGSM.Msc.{i}.,DEVICEGSM_MSC,LST MSC,NO_SECONDARY_MATCH,none,,,,,,,,,未在现有 XML/JSON 分组节点或模型库文档中找到可复用分组,,,,
DeviceGSM.Msc.{i}.LclsMismatch,parameter,READ_ONLY,STRING,,,{i},DeviceGSM.Msc.{i}.,DEVICEGSM_MSC,LST MSC,NO_SECONDARY_MATCH,none,,,,,,,,,未在现有 XML/JSON 分组节点或模型库文档中找到可复用分组,,,,
DeviceGSM.Msc.{i}.LclsMode,parameter,READ_ONLY,STRING,,,{i},DeviceGSM.Msc.{i}.,DEVICEGSM_MSC,LST MSC,NO_SECONDARY_MATCH,none,,,,,,,,,未在现有 XML/JSON 分组节点或模型库文档中找到可复用分组,,,,
DeviceGSM.Msc.{i}.MscAddr,parameter,READ_ONLY,STRING,,,{i},DeviceGSM.Msc.{i}.,DEVICEGSM_MSC,LST MSC,NO_SECONDARY_MATCH,none,,,,,,,,,未在现有 XML/JSON 分组节点或模型库文档中找到可复用分组,,,,
DeviceGSM.Msc.{i}.MscCodecList,parameter,READ_ONLY,STRING,,,{i},DeviceGSM.Msc.{i}.,DEVICEGSM_MSC,LST MSC,NO_SECONDARY_MATCH,none,,,,,,,,,未在现有 XML/JSON 分组节点或模型库文档中找到可复用分组,,,,
DeviceGSM.Msc.{i}.NriAdd,parameter,READ_ONLY,STRING,,,{i},DeviceGSM.Msc.{i}.,DEVICEGSM_MSC,LST MSC,NO_SECONDARY_MATCH,none,,,,,,,,,未在现有 XML/JSON 分组节点或模型库文档中找到可复用分组,,,,
DeviceGSM.Msc.{i}.NriDel,parameter,READ_ONLY,STRING,,,{i},DeviceGSM.Msc.{i}.,DEVICEGSM_MSC,LST MSC,NO_SECONDARY_MATCH,none,,,,,,,,,未在现有 XML/JSON 分组节点或模型库文档中找到可复用分组,,,,
Device.DeviceInfo.AntennaInfo.Azimuth,parameter,READ_WRITE,INT,SA,设备信息参数管理,AntennaInfo,Device.DeviceInfo.AntennaInfo.,DEVICE_DEVICEINFO_ANTENNAINFO,LST ANTENNA_INFO;MOD ANTENNA_INFO,YES_EXISTING_JSON_PARENT_GROUP,medium,SA,设备信息参数管理,设备基本信息,Device.DeviceInfo.,,,json_seed_and_catalog_existing_group,omcgo/internal/config/parammodel/mmlstandardloader/seeds/cmcc_tdlte_v23.json; omcgo/datamodels/mml-catalog/cmcc-tdlte-v2.3.json,参数 path 位于现有 JSON/seed 分组对象路径之下，可挂到该父分组；需确认是否过宽,,,,
Device.DeviceInfo.AntennaInfo.Azimuth2,parameter,READ_WRITE,INT,SA,设备信息参数管理,AntennaInfo,Device.DeviceInfo.AntennaInfo.,DEVICE_DEVICEINFO_ANTENNAINFO,LST ANTENNA_INFO;MOD ANTENNA_INFO,YES_EXISTING_JSON_PARENT_GROUP,medium,SA,设备信息参数管理,设备基本信息,Device.DeviceInfo.,,,json_seed_and_catalog_existing_group,omcgo/internal/config/parammodel/mmlstandardloader/seeds/cmcc_tdlte_v23.json; omcgo/datamodels/mml-catalog/cmcc-tdlte-v2.3.json,参数 path 位于现有 JSON/seed 分组对象路径之下，可挂到该父分组；需确认是否过宽,,,,
Device.DeviceInfo.AntennaInfo.Azimuth3,parameter,READ_WRITE,INT,SA,设备信息参数管理,AntennaInfo,Device.DeviceInfo.AntennaInfo.,DEVICE_DEVICEINFO_ANTENNAINFO,LST ANTENNA_INFO;MOD ANTENNA_INFO,YES_EXISTING_JSON_PARENT_GROUP,medium,SA,设备信息参数管理,设备基本信息,Device.DeviceInfo.,,,json_seed_and_catalog_existing_group,omcgo/internal/config/parammodel/mmlstandardloader/seeds/cmcc_tdlte_v23.json; omcgo/datamodels/mml-catalog/cmcc-tdlte-v2.3.json,参数 path 位于现有 JSON/seed 分组对象路径之下，可挂到该父分组；需确认是否过宽,,,,
Device.DeviceInfo.AntennaInfo.Beamwidth,parameter,READ_WRITE,INT,SA,设备信息参数管理,AntennaInfo,Device.DeviceInfo.AntennaInfo.,DEVICE_DEVICEINFO_ANTENNAINFO,LST ANTENNA_INFO;MOD ANTENNA_INFO,YES_EXISTING_JSON_PARENT_GROUP,medium,SA,设备信息参数管理,设备基本信息,Device.DeviceInfo.,,,json_seed_and_catalog_existing_group,omcgo/internal/config/parammodel/mmlstandardloader/seeds/cmcc_tdlte_v23.json; omcgo/datamodels/mml-catalog/cmcc-tdlte-v2.3.json,参数 path 位于现有 JSON/seed 分组对象路径之下，可挂到该父分组；需确认是否过宽,,,,
Device.DeviceInfo.AntennaInfo.Beamwidth2,parameter,READ_WRITE,INT,SA,设备信息参数管理,AntennaInfo,Device.DeviceInfo.AntennaInfo.,DEVICE_DEVICEINFO_ANTENNAINFO,LST ANTENNA_INFO;MOD ANTENNA_INFO,YES_EXISTING_JSON_PARENT_GROUP,medium,SA,设备信息参数管理,设备基本信息,Device.DeviceInfo.,,,json_seed_and_catalog_existing_group,omcgo/internal/config/parammodel/mmlstandardloader/seeds/cmcc_tdlte_v23.json; omcgo/datamodels/mml-catalog/cmcc-tdlte-v2.3.json,参数 path 位于现有 JSON/seed 分组对象路径之下，可挂到该父分组；需确认是否过宽,,,,
Device.DeviceInfo.AntennaInfo.Beamwidth3,parameter,READ_WRITE,INT,SA,设备信息参数管理,AntennaInfo,Device.DeviceInfo.AntennaInfo.,DEVICE_DEVICEINFO_ANTENNAINFO,LST ANTENNA_INFO;MOD ANTENNA_INFO,YES_EXISTING_JSON_PARENT_GROUP,medium,SA,设备信息参数管理,设备基本信息,Device.DeviceInfo.,,,json_seed_and_catalog_existing_group,omcgo/internal/config/parammodel/mmlstandardloader/seeds/cmcc_tdlte_v23.json; omcgo/datamodels/mml-catalog/cmcc-tdlte-v2.3.json,参数 path 位于现有 JSON/seed 分组对象路径之下，可挂到该父分组；需确认是否过宽,,,,
Device.DeviceInfo.AntennaInfo.Downtilt,parameter,READ_WRITE,INT,SA,设备信息参数管理,AntennaInfo,Device.DeviceInfo.AntennaInfo.,DEVICE_DEVICEINFO_ANTENNAINFO,LST ANTENNA_INFO;MOD ANTENNA_INFO,YES_EXISTING_JSON_PARENT_GROUP,medium,SA,设备信息参数管理,设备基本信息,Device.DeviceInfo.,,,json_seed_and_catalog_existing_group,omcgo/internal/config/parammodel/mmlstandardloader/seeds/cmcc_tdlte_v23.json; omcgo/datamodels/mml-catalog/cmcc-tdlte-v2.3.json,参数 path 位于现有 JSON/seed 分组对象路径之下，可挂到该父分组；需确认是否过宽,,,,
Device.DeviceInfo.AntennaInfo.Downtilt2,parameter,READ_WRITE,INT,SA,设备信息参数管理,AntennaInfo,Device.DeviceInfo.AntennaInfo.,DEVICE_DEVICEINFO_ANTENNAINFO,LST ANTENNA_INFO;MOD ANTENNA_INFO,YES_EXISTING_JSON_PARENT_GROUP,medium,SA,设备信息参数管理,设备基本信息,Device.DeviceInfo.,,,json_seed_and_catalog_existing_group,omcgo/internal/config/parammodel/mmlstandardloader/seeds/cmcc_tdlte_v23.json; omcgo/datamodels/mml-catalog/cmcc-tdlte-v2.3.json,参数 path 位于现有 JSON/seed 分组对象路径之下，可挂到该父分组；需确认是否过宽,,,,
Device.DeviceInfo.AntennaInfo.Downtilt3,parameter,READ_WRITE,INT,SA,设备信息参数管理,AntennaInfo,Device.DeviceInfo.AntennaInfo.,DEVICE_DEVICEINFO_ANTENNAINFO,LST ANTENNA_INFO;MOD ANTENNA_INFO,YES_EXISTING_JSON_PARENT_GROUP,medium,SA,设备信息参数管理,设备基本信息,Device.DeviceInfo.,,,json_seed_and_catalog_existing_group,omcgo/internal/config/parammodel/mmlstandardloader/seeds/cmcc_tdlte_v23.json; omcgo/datamodels/mml-catalog/cmcc-tdlte-v2.3.json,参数 path 位于现有 JSON/seed 分组对象路径之下，可挂到该父分组；需确认是否过宽,,,,
Device.DeviceInfo.AntennaInfo.Gain,parameter,READ_WRITE,INT,SA,设备信息参数管理,AntennaInfo,Device.DeviceInfo.AntennaInfo.,DEVICE_DEVICEINFO_ANTENNAINFO,LST ANTENNA_INFO;MOD ANTENNA_INFO,YES_EXISTING_JSON_PARENT_GROUP,medium,SA,设备信息参数管理,设备基本信息,Device.DeviceInfo.,,,json_seed_and_catalog_existing_group,omcgo/internal/config/parammodel/mmlstandardloader/seeds/cmcc_tdlte_v23.json; omcgo/datamodels/mml-catalog/cmcc-tdlte-v2.3.json,参数 path 位于现有 JSON/seed 分组对象路径之下，可挂到该父分组；需确认是否过宽,,,,
Device.DeviceInfo.AntennaInfo.Gain2,parameter,READ_WRITE,INT,SA,设备信息参数管理,AntennaInfo,Device.DeviceInfo.AntennaInfo.,DEVICE_DEVICEINFO_ANTENNAINFO,LST ANTENNA_INFO;MOD ANTENNA_INFO,YES_EXISTING_JSON_PARENT_GROUP,medium,SA,设备信息参数管理,设备基本信息,Device.DeviceInfo.,,,json_seed_and_catalog_existing_group,omcgo/internal/config/parammodel/mmlstandardloader/seeds/cmcc_tdlte_v23.json; omcgo/datamodels/mml-catalog/cmcc-tdlte-v2.3.json,参数 path 位于现有 JSON/seed 分组对象路径之下，可挂到该父分组；需确认是否过宽,,,,
Device.DeviceInfo.AntennaInfo.Gain3,parameter,READ_WRITE,INT,SA,设备信息参数管理,AntennaInfo,Device.DeviceInfo.AntennaInfo.,DEVICE_DEVICEINFO_ANTENNAINFO,LST ANTENNA_INFO;MOD ANTENNA_INFO,YES_EXISTING_JSON_PARENT_GROUP,medium,SA,设备信息参数管理,设备基本信息,Device.DeviceInfo.,,,json_seed_and_catalog_existing_group,omcgo/internal/config/parammodel/mmlstandardloader/seeds/cmcc_tdlte_v23.json; omcgo/datamodels/mml-catalog/cmcc-tdlte-v2.3.json,参数 path 位于现有 JSON/seed 分组对象路径之下，可挂到该父分组；需确认是否过宽,,,,
Device.DeviceInfo.AntennaInfo.Height,parameter,READ_WRITE,U_INT,SA,设备信息参数管理,AntennaInfo,Device.DeviceInfo.AntennaInfo.,DEVICE_DEVICEINFO_ANTENNAINFO,LST ANTENNA_INFO;MOD ANTENNA_INFO,YES_EXISTING_JSON_PARENT_GROUP,medium,SA,设备信息参数管理,设备基本信息,Device.DeviceInfo.,,,json_seed_and_catalog_existing_group,omcgo/internal/config/parammodel/mmlstandardloader/seeds/cmcc_tdlte_v23.json; omcgo/datamodels/mml-catalog/cmcc-tdlte-v2.3.json,参数 path 位于现有 JSON/seed 分组对象路径之下，可挂到该父分组；需确认是否过宽,,,,
Device.DeviceInfo.AntennaInfo.Height2,parameter,READ_WRITE,U_INT,SA,设备信息参数管理,AntennaInfo,Device.DeviceInfo.AntennaInfo.,DEVICE_DEVICEINFO_ANTENNAINFO,LST ANTENNA_INFO;MOD ANTENNA_INFO,YES_EXISTING_JSON_PARENT_GROUP,medium,SA,设备信息参数管理,设备基本信息,Device.DeviceInfo.,,,json_seed_and_catalog_existing_group,omcgo/internal/config/parammodel/mmlstandardloader/seeds/cmcc_tdlte_v23.json; omcgo/datamodels/mml-catalog/cmcc-tdlte-v2.3.json,参数 path 位于现有 JSON/seed 分组对象路径之下，可挂到该父分组；需确认是否过宽,,,,
Device.DeviceInfo.AntennaInfo.Height3,parameter,READ_WRITE,U_INT,SA,设备信息参数管理,AntennaInfo,Device.DeviceInfo.AntennaInfo.,DEVICE_DEVICEINFO_ANTENNAINFO,LST ANTENNA_INFO;MOD ANTENNA_INFO,YES_EXISTING_JSON_PARENT_GROUP,medium,SA,设备信息参数管理,设备基本信息,Device.DeviceInfo.,,,json_seed_and_catalog_existing_group,omcgo/internal/config/parammodel/mmlstandardloader/seeds/cmcc_tdlte_v23.json; omcgo/datamodels/mml-catalog/cmcc-tdlte-v2.3.json,参数 path 位于现有 JSON/seed 分组对象路径之下，可挂到该父分组；需确认是否过宽,,,,
Device.DeviceInfo.AntennaInfo.HeightType,parameter,READ_WRITE,STRING,SA,设备信息参数管理,AntennaInfo,Device.DeviceInfo.AntennaInfo.,DEVICE_DEVICEINFO_ANTENNAINFO,LST ANTENNA_INFO;MOD ANTENNA_INFO,YES_EXISTING_JSON_PARENT_GROUP,medium,SA,设备信息参数管理,设备基本信息,Device.DeviceInfo.,,,json_seed_and_catalog_existing_group,omcgo/internal/config/parammodel/mmlstandardloader/seeds/cmcc_tdlte_v23.json; omcgo/datamodels/mml-catalog/cmcc-tdlte-v2.3.json,参数 path 位于现有 JSON/seed 分组对象路径之下，可挂到该父分组；需确认是否过宽,,,,
Device.DeviceInfo.AntennaInfo.HeightType2,parameter,READ_ONLY,STRING,SA,设备信息参数管理,AntennaInfo,Device.DeviceInfo.AntennaInfo.,DEVICE_DEVICEINFO_ANTENNAINFO,LST ANTENNA_INFO,YES_EXISTING_JSON_PARENT_GROUP,medium,SA,设备信息参数管理,设备基本信息,Device.DeviceInfo.,,,json_seed_and_catalog_existing_group,omcgo/internal/config/parammodel/mmlstandardloader/seeds/cmcc_tdlte_v23.json; omcgo/datamodels/mml-catalog/cmcc-tdlte-v2.3.json,参数 path 位于现有 JSON/seed 分组对象路径之下，可挂到该父分组；需确认是否过宽,,,,
Device.DeviceInfo.AntennaInfo.HeightType3,parameter,READ_ONLY,STRING,SA,设备信息参数管理,AntennaInfo,Device.DeviceInfo.AntennaInfo.,DEVICE_DEVICEINFO_ANTENNAINFO,LST ANTENNA_INFO,YES_EXISTING_JSON_PARENT_GROUP,medium,SA,设备信息参数管理,设备基本信息,Device.DeviceInfo.,,,json_seed_and_catalog_existing_group,omcgo/internal/config/parammodel/mmlstandardloader/seeds/cmcc_tdlte_v23.json; omcgo/datamodels/mml-catalog/cmcc-tdlte-v2.3.json,参数 path 位于现有 JSON/seed 分组对象路径之下，可挂到该父分组；需确认是否过宽,,,,
Device.DeviceInfo.CellConfig.{i}.AntennaInfo.Model,parameter,READ_WRITE,STRING,SA,设备信息参数管理,AntennaInfo,Device.DeviceInfo.CellConfig.{i}.AntennaInfo.,DEVICE_DEVICEINFO_CELLCONFIG_ANTENNAINFO,LST ANTENNA_INFO;MOD ANTENNA_INFO,YES_EXISTING_JSON_PARENT_GROUP,medium,SA,设备信息参数管理,设备基本信息,Device.DeviceInfo.,,,json_seed_and_catalog_existing_group,omcgo/internal/config/parammodel/mmlstandardloader/seeds/cmcc_tdlte_v23.json; omcgo/datamodels/mml-catalog/cmcc-tdlte-v2.3.json,参数 path 位于现有 JSON/seed 分组对象路径之下，可挂到该父分组；需确认是否过宽,,,,
Device.DeviceInfo.BTS.CurrentArfcn,parameter,READ_ONLY,STRING,SA,设备信息参数管理,BTS,Device.DeviceInfo.BTS.,DEVICE_DEVICEINFO_BTS,LST BTS,YES_QUICKSETTINGS_XML_GROUP,high,,,基站信息,,bts-cell-info,,quicksettings_xml_exact_standardPath,omcgo/data/quicksettings/BTS.xml#bts-cell-info:基站信息(CurrentArfcn),quicksettings XML 已有同 standardPath 的前端分组,,,,
Device.DeviceInfo.BTS.CurrentLac,parameter,READ_ONLY,STRING,SA,设备信息参数管理,BTS,Device.DeviceInfo.BTS.,DEVICE_DEVICEINFO_BTS,LST BTS,YES_QUICKSETTINGS_XML_GROUP,high,,,基站信息,,bts-cell-info,,quicksettings_xml_exact_standardPath,omcgo/data/quicksettings/BTS.xml#bts-cell-info:基站信息(CurrentLac),quicksettings XML 已有同 standardPath 的前端分组,,,,
Device.DeviceInfo.SAS.CPI.cpiLatitude,parameter,READ_WRITE,INT,SA,设备信息参数管理,CPI,Device.DeviceInfo.SAS.CPI.,DEVICE_DEVICEINFO_SAS_CPI,LST CPI;MOD CPI,YES_EXISTING_JSON_PARENT_GROUP,medium,SA,设备信息参数管理,设备基本信息,Device.DeviceInfo.,,,json_seed_and_catalog_existing_group,omcgo/internal/config/parammodel/mmlstandardloader/seeds/cmcc_tdlte_v23.json; omcgo/datamodels/mml-catalog/cmcc-tdlte-v2.3.json,参数 path 位于现有 JSON/seed 分组对象路径之下，可挂到该父分组；需确认是否过宽,,,,
Device.DeviceInfo.SAS.CPI.cpiLongitude,parameter,READ_WRITE,INT,SA,设备信息参数管理,CPI,Device.DeviceInfo.SAS.CPI.,DEVICE_DEVICEINFO_SAS_CPI,LST CPI;MOD CPI,YES_EXISTING_JSON_PARENT_GROUP,medium,SA,设备信息参数管理,设备基本信息,Device.DeviceInfo.,,,json_seed_and_catalog_existing_group,omcgo/internal/config/parammodel/mmlstandardloader/seeds/cmcc_tdlte_v23.json; omcgo/datamodels/mml-catalog/cmcc-tdlte-v2.3.json,参数 path 位于现有 JSON/seed 分组对象路径之下，可挂到该父分组；需确认是否过宽,,,,
Device.DeviceInfo.GPS.horizontalAccuracy,parameter,READ_WRITE,U_INT,SA,设备信息参数管理,GPS,Device.DeviceInfo.GPS.,DEVICE_DEVICEINFO_GPS,LST DEVICE_INFO_GPS;MOD DEVICE_INFO_GPS,YES_EXISTING_JSON_PARENT_GROUP,medium,SA,设备信息参数管理,设备基本信息,Device.DeviceInfo.,,,json_seed_and_catalog_existing_group,omcgo/internal/config/parammodel/mmlstandardloader/seeds/cmcc_tdlte_v23.json; omcgo/datamodels/mml-catalog/cmcc-tdlte-v2.3.json,参数 path 位于现有 JSON/seed 分组对象路径之下，可挂到该父分组；需确认是否过宽,,,,
Device.DeviceInfo.GPS.verticalAccuracy,parameter,READ_WRITE,U_INT,SA,设备信息参数管理,GPS,Device.DeviceInfo.GPS.,DEVICE_DEVICEINFO_GPS,LST DEVICE_INFO_GPS;MOD DEVICE_INFO_GPS,YES_EXISTING_JSON_PARENT_GROUP,medium,SA,设备信息参数管理,设备基本信息,Device.DeviceInfo.,,,json_seed_and_catalog_existing_group,omcgo/internal/config/parammodel/mmlstandardloader/seeds/cmcc_tdlte_v23.json; omcgo/datamodels/mml-catalog/cmcc-tdlte-v2.3.json,参数 path 位于现有 JSON/seed 分组对象路径之下，可挂到该父分组；需确认是否过宽,,,,
Device.DeviceInfo.SAS.FAP.GPS.LockedLatitude,parameter,READ_WRITE,INT,SA,设备信息参数管理,GPS,Device.DeviceInfo.SAS.FAP.GPS.,DEVICE_DEVICEINFO_SAS_FAP_GPS,LST FAP_GPS;MOD FAP_GPS,YES_EXISTING_JSON_PARENT_GROUP,medium,SA,设备信息参数管理,设备基本信息,Device.DeviceInfo.,,,json_seed_and_catalog_existing_group,omcgo/internal/config/parammodel/mmlstandardloader/seeds/cmcc_tdlte_v23.json; omcgo/datamodels/mml-catalog/cmcc-tdlte-v2.3.json,参数 path 位于现有 JSON/seed 分组对象路径之下，可挂到该父分组；需确认是否过宽,,,,
Device.DeviceInfo.SAS.FAP.GPS.LockedLatitude2,parameter,READ_WRITE,INT,SA,设备信息参数管理,GPS,Device.DeviceInfo.SAS.FAP.GPS.,DEVICE_DEVICEINFO_SAS_FAP_GPS,LST FAP_GPS;MOD FAP_GPS,YES_EXISTING_JSON_PARENT_GROUP,medium,SA,设备信息参数管理,设备基本信息,Device.DeviceInfo.,,,json_seed_and_catalog_existing_group,omcgo/internal/config/parammodel/mmlstandardloader/seeds/cmcc_tdlte_v23.json; omcgo/datamodels/mml-catalog/cmcc-tdlte-v2.3.json,参数 path 位于现有 JSON/seed 分组对象路径之下，可挂到该父分组；需确认是否过宽,,,,
Device.DeviceInfo.SAS.FAP.GPS.LockedLatitude3,parameter,READ_WRITE,INT,SA,设备信息参数管理,GPS,Device.DeviceInfo.SAS.FAP.GPS.,DEVICE_DEVICEINFO_SAS_FAP_GPS,LST FAP_GPS;MOD FAP_GPS,YES_EXISTING_JSON_PARENT_GROUP,medium,SA,设备信息参数管理,设备基本信息,Device.DeviceInfo.,,,json_seed_and_catalog_existing_group,omcgo/internal/config/parammodel/mmlstandardloader/seeds/cmcc_tdlte_v23.json; omcgo/datamodels/mml-catalog/cmcc-tdlte-v2.3.json,参数 path 位于现有 JSON/seed 分组对象路径之下，可挂到该父分组；需确认是否过宽,,,,
Device.DeviceInfo.SAS.FAP.GPS.LockedLongitude,parameter,READ_WRITE,INT,SA,设备信息参数管理,GPS,Device.DeviceInfo.SAS.FAP.GPS.,DEVICE_DEVICEINFO_SAS_FAP_GPS,LST FAP_GPS;MOD FAP_GPS,YES_EXISTING_JSON_PARENT_GROUP,medium,SA,设备信息参数管理,设备基本信息,Device.DeviceInfo.,,,json_seed_and_catalog_existing_group,omcgo/internal/config/parammodel/mmlstandardloader/seeds/cmcc_tdlte_v23.json; omcgo/datamodels/mml-catalog/cmcc-tdlte-v2.3.json,参数 path 位于现有 JSON/seed 分组对象路径之下，可挂到该父分组；需确认是否过宽,,,,
Device.DeviceInfo.SAS.FAP.GPS.LockedLongitude2,parameter,READ_WRITE,INT,SA,设备信息参数管理,GPS,Device.DeviceInfo.SAS.FAP.GPS.,DEVICE_DEVICEINFO_SAS_FAP_GPS,LST FAP_GPS;MOD FAP_GPS,YES_EXISTING_JSON_PARENT_GROUP,medium,SA,设备信息参数管理,设备基本信息,Device.DeviceInfo.,,,json_seed_and_catalog_existing_group,omcgo/internal/config/parammodel/mmlstandardloader/seeds/cmcc_tdlte_v23.json; omcgo/datamodels/mml-catalog/cmcc-tdlte-v2.3.json,参数 path 位于现有 JSON/seed 分组对象路径之下，可挂到该父分组；需确认是否过宽,,,,
Device.DeviceInfo.SAS.FAP.GPS.LockedLongitude3,parameter,READ_WRITE,INT,SA,设备信息参数管理,GPS,Device.DeviceInfo.SAS.FAP.GPS.,DEVICE_DEVICEINFO_SAS_FAP_GPS,LST FAP_GPS;MOD FAP_GPS,YES_EXISTING_JSON_PARENT_GROUP,medium,SA,设备信息参数管理,设备基本信息,Device.DeviceInfo.,,,json_seed_and_catalog_existing_group,omcgo/internal/config/parammodel/mmlstandardloader/seeds/cmcc_tdlte_v23.json; omcgo/datamodels/mml-catalog/cmcc-tdlte-v2.3.json,参数 path 位于现有 JSON/seed 分组对象路径之下，可挂到该父分组；需确认是否过宽,,,,
Device.DeviceInfo.GSM.BtsRfPower,parameter,READ_ONLY,U_INT,SA,设备信息参数管理,GSM,Device.DeviceInfo.GSM.,DEVICE_DEVICEINFO_GSM,LST DEVICE_INFO_GSM,YES_QUICKSETTINGS_XML_GROUP,high,,,GSM 传输参数,,gsm-transport,,quicksettings_xml_exact_standardPath,omcgo/data/quicksettings/BTS.xml#gsm-transport:GSM 传输参数(BtsRfPower),quicksettings XML 已有同 standardPath 的前端分组,,,,
Device.DeviceInfo.SAS.CallSign,parameter,READ_WRITE,STRING,SA,设备信息参数管理,SAS,Device.DeviceInfo.SAS.,DEVICE_DEVICEINFO_SAS,LST SAS;MOD SAS,YES_EXISTING_JSON_PARENT_GROUP,medium,SA,设备信息参数管理,设备基本信息,Device.DeviceInfo.,,,json_seed_and_catalog_existing_group,omcgo/internal/config/parammodel/mmlstandardloader/seeds/cmcc_tdlte_v23.json; omcgo/datamodels/mml-catalog/cmcc-tdlte-v2.3.json,参数 path 位于现有 JSON/seed 分组对象路径之下，可挂到该父分组；需确认是否过宽,,,,
Device.DeviceInfo.SAS.ChannelReuse,parameter,READ_WRITE,BOOLEAN,SA,设备信息参数管理,SAS,Device.DeviceInfo.SAS.,DEVICE_DEVICEINFO_SAS,LST SAS;MOD SAS,YES_EXISTING_JSON_PARENT_GROUP,medium,SA,设备信息参数管理,设备基本信息,Device.DeviceInfo.,,,json_seed_and_catalog_existing_group,omcgo/internal/config/parammodel/mmlstandardloader/seeds/cmcc_tdlte_v23.json; omcgo/datamodels/mml-catalog/cmcc-tdlte-v2.3.json,参数 path 位于现有 JSON/seed 分组对象路径之下，可挂到该父分组；需确认是否过宽,,,,
Device.DeviceInfo.SAS.CpiId,parameter,READ_WRITE,STRING,SA,设备信息参数管理,SAS,Device.DeviceInfo.SAS.,DEVICE_DEVICEINFO_SAS,LST SAS;MOD SAS,YES_EXISTING_JSON_PARENT_GROUP,medium,SA,设备信息参数管理,设备基本信息,Device.DeviceInfo.,,,json_seed_and_catalog_existing_group,omcgo/internal/config/parammodel/mmlstandardloader/seeds/cmcc_tdlte_v23.json; omcgo/datamodels/mml-catalog/cmcc-tdlte-v2.3.json,参数 path 位于现有 JSON/seed 分组对象路径之下，可挂到该父分组；需确认是否过宽,,,,
Device.DeviceInfo.SAS.CpiInstallCertificationTime,parameter,READ_WRITE,STRING,SA,设备信息参数管理,SAS,Device.DeviceInfo.SAS.,DEVICE_DEVICEINFO_SAS,LST SAS;MOD SAS,YES_EXISTING_JSON_PARENT_GROUP,medium,SA,设备信息参数管理,设备基本信息,Device.DeviceInfo.,,,json_seed_and_catalog_existing_group,omcgo/internal/config/parammodel/mmlstandardloader/seeds/cmcc_tdlte_v23.json; omcgo/datamodels/mml-catalog/cmcc-tdlte-v2.3.json,参数 path 位于现有 JSON/seed 分组对象路径之下，可挂到该父分组；需确认是否过宽,,,,
Device.DeviceInfo.SAS.CpiInstallCertificationTime2,parameter,READ_WRITE,STRING,SA,设备信息参数管理,SAS,Device.DeviceInfo.SAS.,DEVICE_DEVICEINFO_SAS,LST SAS;MOD SAS,YES_EXISTING_JSON_PARENT_GROUP,medium,SA,设备信息参数管理,设备基本信息,Device.DeviceInfo.,,,json_seed_and_catalog_existing_group,omcgo/internal/config/parammodel/mmlstandardloader/seeds/cmcc_tdlte_v23.json; omcgo/datamodels/mml-catalog/cmcc-tdlte-v2.3.json,参数 path 位于现有 JSON/seed 分组对象路径之下，可挂到该父分组；需确认是否过宽,,,,
Device.DeviceInfo.SAS.CpiInstallCertificationTime3,parameter,READ_WRITE,STRING,SA,设备信息参数管理,SAS,Device.DeviceInfo.SAS.,DEVICE_DEVICEINFO_SAS,LST SAS;MOD SAS,YES_EXISTING_JSON_PARENT_GROUP,medium,SA,设备信息参数管理,设备基本信息,Device.DeviceInfo.,,,json_seed_and_catalog_existing_group,omcgo/internal/config/parammodel/mmlstandardloader/seeds/cmcc_tdlte_v23.json; omcgo/datamodels/mml-catalog/cmcc-tdlte-v2.3.json,参数 path 位于现有 JSON/seed 分组对象路径之下，可挂到该父分组；需确认是否过宽,,,,
Device.DeviceInfo.SAS.CpiName,parameter,READ_WRITE,STRING,SA,设备信息参数管理,SAS,Device.DeviceInfo.SAS.,DEVICE_DEVICEINFO_SAS,LST SAS;MOD SAS,YES_EXISTING_JSON_PARENT_GROUP,medium,SA,设备信息参数管理,设备基本信息,Device.DeviceInfo.,,,json_seed_and_catalog_existing_group,omcgo/internal/config/parammodel/mmlstandardloader/seeds/cmcc_tdlte_v23.json; omcgo/datamodels/mml-catalog/cmcc-tdlte-v2.3.json,参数 path 位于现有 JSON/seed 分组对象路径之下，可挂到该父分组；需确认是否过宽,,,,
Device.DeviceInfo.SAS.CpiSignatureData,parameter,READ_WRITE,STRING,SA,设备信息参数管理,SAS,Device.DeviceInfo.SAS.,DEVICE_DEVICEINFO_SAS,LST SAS;MOD SAS,YES_EXISTING_JSON_PARENT_GROUP,medium,SA,设备信息参数管理,设备基本信息,Device.DeviceInfo.,,,json_seed_and_catalog_existing_group,omcgo/internal/config/parammodel/mmlstandardloader/seeds/cmcc_tdlte_v23.json; omcgo/datamodels/mml-catalog/cmcc-tdlte-v2.3.json,参数 path 位于现有 JSON/seed 分组对象路径之下，可挂到该父分组；需确认是否过宽,,,,
Device.DeviceInfo.SAS.CpiSignatureData2,parameter,READ_WRITE,STRING,SA,设备信息参数管理,SAS,Device.DeviceInfo.SAS.,DEVICE_DEVICEINFO_SAS,LST SAS;MOD SAS,YES_EXISTING_JSON_PARENT_GROUP,medium,SA,设备信息参数管理,设备基本信息,Device.DeviceInfo.,,,json_seed_and_catalog_existing_group,omcgo/internal/config/parammodel/mmlstandardloader/seeds/cmcc_tdlte_v23.json; omcgo/datamodels/mml-catalog/cmcc-tdlte-v2.3.json,参数 path 位于现有 JSON/seed 分组对象路径之下，可挂到该父分组；需确认是否过宽,,,,
Device.DeviceInfo.SAS.CpiSignatureData3,parameter,READ_WRITE,STRING,SA,设备信息参数管理,SAS,Device.DeviceInfo.SAS.,DEVICE_DEVICEINFO_SAS,LST SAS;MOD SAS,YES_EXISTING_JSON_PARENT_GROUP,medium,SA,设备信息参数管理,设备基本信息,Device.DeviceInfo.,,,json_seed_and_catalog_existing_group,omcgo/internal/config/parammodel/mmlstandardloader/seeds/cmcc_tdlte_v23.json; omcgo/datamodels/mml-catalog/cmcc-tdlte-v2.3.json,参数 path 位于现有 JSON/seed 分组对象路径之下，可挂到该父分组；需确认是否过宽,,,,
Device.DeviceInfo.SAS.EirpCapability,parameter,READ_WRITE,INT,SA,设备信息参数管理,SAS,Device.DeviceInfo.SAS.,DEVICE_DEVICEINFO_SAS,LST SAS;MOD SAS,YES_EXISTING_JSON_PARENT_GROUP,medium,SA,设备信息参数管理,设备基本信息,Device.DeviceInfo.,,,json_seed_and_catalog_existing_group,omcgo/internal/config/parammodel/mmlstandardloader/seeds/cmcc_tdlte_v23.json; omcgo/datamodels/mml-catalog/cmcc-tdlte-v2.3.json,参数 path 位于现有 JSON/seed 分组对象路径之下，可挂到该父分组；需确认是否过宽,,,,
Device.DeviceInfo.SAS.FccId,parameter,READ_WRITE,STRING,SA,设备信息参数管理,SAS,Device.DeviceInfo.SAS.,DEVICE_DEVICEINFO_SAS,LST SAS;MOD SAS,YES_EXISTING_JSON_PARENT_GROUP,medium,SA,设备信息参数管理,设备基本信息,Device.DeviceInfo.,,,json_seed_and_catalog_existing_group,omcgo/internal/config/parammodel/mmlstandardloader/seeds/cmcc_tdlte_v23.json; omcgo/datamodels/mml-catalog/cmcc-tdlte-v2.3.json,参数 path 位于现有 JSON/seed 分组对象路径之下，可挂到该父分组；需确认是否过宽,,,,
Device.DeviceInfo.SAS.FrequencyContiguous,parameter,READ_ONLY,STRING,SA,设备信息参数管理,SAS,Device.DeviceInfo.SAS.,DEVICE_DEVICEINFO_SAS,LST SAS,YES_EXISTING_JSON_PARENT_GROUP,medium,SA,设备信息参数管理,设备基本信息,Device.DeviceInfo.,,,json_seed_and_catalog_existing_group,omcgo/internal/config/parammodel/mmlstandardloader/seeds/cmcc_tdlte_v23.json; omcgo/datamodels/mml-catalog/cmcc-tdlte-v2.3.json,参数 path 位于现有 JSON/seed 分组对象路径之下，可挂到该父分组；需确认是否过宽,,,,
Device.DeviceInfo.SAS.FrequencySelectionLogic,parameter,READ_WRITE,STRING,SA,设备信息参数管理,SAS,Device.DeviceInfo.SAS.,DEVICE_DEVICEINFO_SAS,LST SAS;MOD SAS,YES_EXISTING_JSON_PARENT_GROUP,medium,SA,设备信息参数管理,设备基本信息,Device.DeviceInfo.,,,json_seed_and_catalog_existing_group,omcgo/internal/config/parammodel/mmlstandardloader/seeds/cmcc_tdlte_v23.json; omcgo/datamodels/mml-catalog/cmcc-tdlte-v2.3.json,参数 path 位于现有 JSON/seed 分组对象路径之下，可挂到该父分组；需确认是否过宽,,,,
Device.DeviceInfo.SAS.LegacyMode,parameter,READ_WRITE,STRING,SA,设备信息参数管理,SAS,Device.DeviceInfo.SAS.,DEVICE_DEVICEINFO_SAS,LST SAS;MOD SAS,YES_EXISTING_JSON_PARENT_GROUP,medium,SA,设备信息参数管理,设备基本信息,Device.DeviceInfo.,,,json_seed_and_catalog_existing_group,omcgo/internal/config/parammodel/mmlstandardloader/seeds/cmcc_tdlte_v23.json; omcgo/datamodels/mml-catalog/cmcc-tdlte-v2.3.json,参数 path 位于现有 JSON/seed 分组对象路径之下，可挂到该父分组；需确认是否过宽,,,,
Device.DeviceInfo.SAS.MaxEIRP,parameter,READ_WRITE,INT,SA,设备信息参数管理,SAS,Device.DeviceInfo.SAS.,DEVICE_DEVICEINFO_SAS,LST SAS;MOD SAS,YES_EXISTING_JSON_PARENT_GROUP,medium,SA,设备信息参数管理,设备基本信息,Device.DeviceInfo.,,,json_seed_and_catalog_existing_group,omcgo/internal/config/parammodel/mmlstandardloader/seeds/cmcc_tdlte_v23.json; omcgo/datamodels/mml-catalog/cmcc-tdlte-v2.3.json,参数 path 位于现有 JSON/seed 分组对象路径之下，可挂到该父分组；需确认是否过宽,,,,
Device.DeviceInfo.SAS.PreferredBandwidth,parameter,READ_WRITE,STRING,SA,设备信息参数管理,SAS,Device.DeviceInfo.SAS.,DEVICE_DEVICEINFO_SAS,LST SAS;MOD SAS,YES_EXISTING_JSON_PARENT_GROUP,medium,SA,设备信息参数管理,设备基本信息,Device.DeviceInfo.,,,json_seed_and_catalog_existing_group,omcgo/internal/config/parammodel/mmlstandardloader/seeds/cmcc_tdlte_v23.json; omcgo/datamodels/mml-catalog/cmcc-tdlte-v2.3.json,参数 path 位于现有 JSON/seed 分组对象路径之下，可挂到该父分组；需确认是否过宽,,,,
Device.DeviceInfo.SAS.PreferredFrequency,parameter,READ_WRITE,STRING,SA,设备信息参数管理,SAS,Device.DeviceInfo.SAS.,DEVICE_DEVICEINFO_SAS,LST SAS;MOD SAS,YES_EXISTING_JSON_PARENT_GROUP,medium,SA,设备信息参数管理,设备基本信息,Device.DeviceInfo.,,,json_seed_and_catalog_existing_group,omcgo/internal/config/parammodel/mmlstandardloader/seeds/cmcc_tdlte_v23.json; omcgo/datamodels/mml-catalog/cmcc-tdlte-v2.3.json,参数 path 位于现有 JSON/seed 分组对象路径之下，可挂到该父分组；需确认是否过宽,,,,
Device.DeviceInfo.SAS.PreferredPower,parameter,READ_WRITE,STRING,SA,设备信息参数管理,SAS,Device.DeviceInfo.SAS.,DEVICE_DEVICEINFO_SAS,LST SAS;MOD SAS,YES_EXISTING_JSON_PARENT_GROUP,medium,SA,设备信息参数管理,设备基本信息,Device.DeviceInfo.,,,json_seed_and_catalog_existing_group,omcgo/internal/config/parammodel/mmlstandardloader/seeds/cmcc_tdlte_v23.json; omcgo/datamodels/mml-catalog/cmcc-tdlte-v2.3.json,参数 path 位于现有 JSON/seed 分组对象路径之下，可挂到该父分组；需确认是否过宽,,,,
Device.DeviceInfo.SAS.RadioEnable,parameter,READ_WRITE,STRING,SA,设备信息参数管理,SAS,Device.DeviceInfo.SAS.,DEVICE_DEVICEINFO_SAS,LST SAS;MOD SAS,YES_EXISTING_JSON_PARENT_GROUP,medium,SA,设备信息参数管理,设备基本信息,Device.DeviceInfo.,,,json_seed_and_catalog_existing_group,omcgo/internal/config/parammodel/mmlstandardloader/seeds/cmcc_tdlte_v23.json; omcgo/datamodels/mml-catalog/cmcc-tdlte-v2.3.json,参数 path 位于现有 JSON/seed 分组对象路径之下，可挂到该父分组；需确认是否过宽,,,,
Device.DeviceInfo.SAS.RadioEnable1,parameter,READ_WRITE,STRING,SA,设备信息参数管理,SAS,Device.DeviceInfo.SAS.,DEVICE_DEVICEINFO_SAS,LST SAS;MOD SAS,YES_EXISTING_JSON_PARENT_GROUP,medium,SA,设备信息参数管理,设备基本信息,Device.DeviceInfo.,,,json_seed_and_catalog_existing_group,omcgo/internal/config/parammodel/mmlstandardloader/seeds/cmcc_tdlte_v23.json; omcgo/datamodels/mml-catalog/cmcc-tdlte-v2.3.json,参数 path 位于现有 JSON/seed 分组对象路径之下，可挂到该父分组；需确认是否过宽,,,,
Device.DeviceInfo.SAS.RadioEnable2,parameter,READ_WRITE,STRING,SA,设备信息参数管理,SAS,Device.DeviceInfo.SAS.,DEVICE_DEVICEINFO_SAS,LST SAS;MOD SAS,YES_EXISTING_JSON_PARENT_GROUP,medium,SA,设备信息参数管理,设备基本信息,Device.DeviceInfo.,,,json_seed_and_catalog_existing_group,omcgo/internal/config/parammodel/mmlstandardloader/seeds/cmcc_tdlte_v23.json; omcgo/datamodels/mml-catalog/cmcc-tdlte-v2.3.json,参数 path 位于现有 JSON/seed 分组对象路径之下，可挂到该父分组；需确认是否过宽,,,,
Device.DeviceInfo.SAS.RadioEnable3,parameter,READ_WRITE,STRING,SA,设备信息参数管理,SAS,Device.DeviceInfo.SAS.,DEVICE_DEVICEINFO_SAS,LST SAS;MOD SAS,YES_EXISTING_JSON_PARENT_GROUP,medium,SA,设备信息参数管理,设备基本信息,Device.DeviceInfo.,,,json_seed_and_catalog_existing_group,omcgo/internal/config/parammodel/mmlstandardloader/seeds/cmcc_tdlte_v23.json; omcgo/datamodels/mml-catalog/cmcc-tdlte-v2.3.json,参数 path 位于现有 JSON/seed 分组对象路径之下，可挂到该父分组；需确认是否过宽,,,,
Device.DeviceInfo.SAS.RegistrationType,parameter,READ_WRITE,STRING,SA,设备信息参数管理,SAS,Device.DeviceInfo.SAS.,DEVICE_DEVICEINFO_SAS,LST SAS;MOD SAS,YES_EXISTING_JSON_PARENT_GROUP,medium,SA,设备信息参数管理,设备基本信息,Device.DeviceInfo.,,,json_seed_and_catalog_existing_group,omcgo/internal/config/parammodel/mmlstandardloader/seeds/cmcc_tdlte_v23.json; omcgo/datamodels/mml-catalog/cmcc-tdlte-v2.3.json,参数 path 位于现有 JSON/seed 分组对象路径之下，可挂到该父分组；需确认是否过宽,,,,
Device.DeviceInfo.SAS.ServerUrl,parameter,READ_WRITE,STRING,SA,设备信息参数管理,SAS,Device.DeviceInfo.SAS.,DEVICE_DEVICEINFO_SAS,LST SAS;MOD SAS,YES_EXISTING_JSON_PARENT_GROUP,medium,SA,设备信息参数管理,设备基本信息,Device.DeviceInfo.,,,json_seed_and_catalog_existing_group,omcgo/internal/config/parammodel/mmlstandardloader/seeds/cmcc_tdlte_v23.json; omcgo/datamodels/mml-catalog/cmcc-tdlte-v2.3.json,参数 path 位于现有 JSON/seed 分组对象路径之下，可挂到该父分组；需确认是否过宽,,,,
Device.DeviceInfo.SAS.Status,parameter,READ_WRITE,STRING,SA,设备信息参数管理,SAS,Device.DeviceInfo.SAS.,DEVICE_DEVICEINFO_SAS,LST SAS;MOD SAS,YES_EXISTING_JSON_PARENT_GROUP,medium,SA,设备信息参数管理,设备基本信息,Device.DeviceInfo.,,,json_seed_and_catalog_existing_group,omcgo/internal/config/parammodel/mmlstandardloader/seeds/cmcc_tdlte_v23.json; omcgo/datamodels/mml-catalog/cmcc-tdlte-v2.3.json,参数 path 位于现有 JSON/seed 分组对象路径之下，可挂到该父分组；需确认是否过宽,,,,
Device.DeviceInfo.SAS.Status2,parameter,READ_WRITE,STRING,SA,设备信息参数管理,SAS,Device.DeviceInfo.SAS.,DEVICE_DEVICEINFO_SAS,LST SAS;MOD SAS,YES_EXISTING_JSON_PARENT_GROUP,medium,SA,设备信息参数管理,设备基本信息,Device.DeviceInfo.,,,json_seed_and_catalog_existing_group,omcgo/internal/config/parammodel/mmlstandardloader/seeds/cmcc_tdlte_v23.json; omcgo/datamodels/mml-catalog/cmcc-tdlte-v2.3.json,参数 path 位于现有 JSON/seed 分组对象路径之下，可挂到该父分组；需确认是否过宽,,,,
Device.DeviceInfo.SAS.Status3,parameter,READ_WRITE,STRING,SA,设备信息参数管理,SAS,Device.DeviceInfo.SAS.,DEVICE_DEVICEINFO_SAS,LST SAS;MOD SAS,YES_EXISTING_JSON_PARENT_GROUP,medium,SA,设备信息参数管理,设备基本信息,Device.DeviceInfo.,,,json_seed_and_catalog_existing_group,omcgo/internal/config/parammodel/mmlstandardloader/seeds/cmcc_tdlte_v23.json; omcgo/datamodels/mml-catalog/cmcc-tdlte-v2.3.json,参数 path 位于现有 JSON/seed 分组对象路径之下，可挂到该父分组；需确认是否过宽,,,,
Device.DeviceInfo.SAS.UserId,parameter,READ_WRITE,STRING,SA,设备信息参数管理,SAS,Device.DeviceInfo.SAS.,DEVICE_DEVICEINFO_SAS,LST SAS;MOD SAS,YES_EXISTING_JSON_PARENT_GROUP,medium,SA,设备信息参数管理,设备基本信息,Device.DeviceInfo.,,,json_seed_and_catalog_existing_group,omcgo/internal/config/parammodel/mmlstandardloader/seeds/cmcc_tdlte_v23.json; omcgo/datamodels/mml-catalog/cmcc-tdlte-v2.3.json,参数 path 位于现有 JSON/seed 分组对象路径之下，可挂到该父分组；需确认是否过宽,,,,
Device.DeviceInfo.SAS.enableMode,parameter,READ_WRITE,BOOLEAN,SA,设备信息参数管理,SAS,Device.DeviceInfo.SAS.,DEVICE_DEVICEINFO_SAS,LST SAS;MOD SAS,YES_EXISTING_JSON_PARENT_GROUP,medium,SA,设备信息参数管理,设备基本信息,Device.DeviceInfo.,,,json_seed_and_catalog_existing_group,omcgo/internal/config/parammodel/mmlstandardloader/seeds/cmcc_tdlte_v23.json; omcgo/datamodels/mml-catalog/cmcc-tdlte-v2.3.json,参数 path 位于现有 JSON/seed 分组对象路径之下，可挂到该父分组；需确认是否过宽,,,,
Device.DeviceInfo.SAS.groupId,parameter,READ_WRITE,STRING,SA,设备信息参数管理,SAS,Device.DeviceInfo.SAS.,DEVICE_DEVICEINFO_SAS,LST SAS;MOD SAS,YES_EXISTING_JSON_PARENT_GROUP,medium,SA,设备信息参数管理,设备基本信息,Device.DeviceInfo.,,,json_seed_and_catalog_existing_group,omcgo/internal/config/parammodel/mmlstandardloader/seeds/cmcc_tdlte_v23.json; omcgo/datamodels/mml-catalog/cmcc-tdlte-v2.3.json,参数 path 位于现有 JSON/seed 分组对象路径之下，可挂到该父分组；需确认是否过宽,,,,
Device.DeviceInfo.SAS.groupType,parameter,READ_WRITE,STRING,SA,设备信息参数管理,SAS,Device.DeviceInfo.SAS.,DEVICE_DEVICEINFO_SAS,LST SAS;MOD SAS,YES_EXISTING_JSON_PARENT_GROUP,medium,SA,设备信息参数管理,设备基本信息,Device.DeviceInfo.,,,json_seed_and_catalog_existing_group,omcgo/internal/config/parammodel/mmlstandardloader/seeds/cmcc_tdlte_v23.json; omcgo/datamodels/mml-catalog/cmcc-tdlte-v2.3.json,参数 path 位于现有 JSON/seed 分组对象路径之下，可挂到该父分组；需确认是否过宽,,,,
Device.DeviceInfo.SAS.reqHighFrequency,parameter,READ_WRITE,U_INT,SA,设备信息参数管理,SAS,Device.DeviceInfo.SAS.,DEVICE_DEVICEINFO_SAS,LST SAS;MOD SAS,YES_EXISTING_JSON_PARENT_GROUP,medium,SA,设备信息参数管理,设备基本信息,Device.DeviceInfo.,,,json_seed_and_catalog_existing_group,omcgo/internal/config/parammodel/mmlstandardloader/seeds/cmcc_tdlte_v23.json; omcgo/datamodels/mml-catalog/cmcc-tdlte-v2.3.json,参数 path 位于现有 JSON/seed 分组对象路径之下，可挂到该父分组；需确认是否过宽,,,,
Device.DeviceInfo.SAS.reqLowFrequency,parameter,READ_WRITE,U_INT,SA,设备信息参数管理,SAS,Device.DeviceInfo.SAS.,DEVICE_DEVICEINFO_SAS,LST SAS;MOD SAS,YES_EXISTING_JSON_PARENT_GROUP,medium,SA,设备信息参数管理,设备基本信息,Device.DeviceInfo.,,,json_seed_and_catalog_existing_group,omcgo/internal/config/parammodel/mmlstandardloader/seeds/cmcc_tdlte_v23.json; omcgo/datamodels/mml-catalog/cmcc-tdlte-v2.3.json,参数 path 位于现有 JSON/seed 分组对象路径之下，可挂到该父分组；需确认是否过宽,,,,
Device.DeviceInfo.SignallingTrace.Enable,parameter,READ_WRITE,BOOLEAN,SA,设备信息参数管理,SignallingTrace,Device.DeviceInfo.SignallingTrace.,DEVICE_DEVICEINFO_SIGNALLINGTRACE,LST SIGNALLING_TRACE;MOD SIGNALLING_TRACE,YES_EXISTING_JSON_PARENT_GROUP,medium,SA,设备信息参数管理,设备基本信息,Device.DeviceInfo.,,,json_seed_and_catalog_existing_group,omcgo/internal/config/parammodel/mmlstandardloader/seeds/cmcc_tdlte_v23.json; omcgo/datamodels/mml-catalog/cmcc-tdlte-v2.3.json,参数 path 位于现有 JSON/seed 分组对象路径之下，可挂到该父分组；需确认是否过宽,,,,
Device.DeviceInfo.SignallingTrace.IP,parameter,READ_WRITE,STRING,SA,设备信息参数管理,SignallingTrace,Device.DeviceInfo.SignallingTrace.,DEVICE_DEVICEINFO_SIGNALLINGTRACE,LST SIGNALLING_TRACE;MOD SIGNALLING_TRACE,YES_EXISTING_JSON_PARENT_GROUP,medium,SA,设备信息参数管理,设备基本信息,Device.DeviceInfo.,,,json_seed_and_catalog_existing_group,omcgo/internal/config/parammodel/mmlstandardloader/seeds/cmcc_tdlte_v23.json; omcgo/datamodels/mml-catalog/cmcc-tdlte-v2.3.json,参数 path 位于现有 JSON/seed 分组对象路径之下，可挂到该父分组；需确认是否过宽,,,,
Device.DeviceInfo.SignallingTrace.Period,parameter,READ_WRITE,INT,SA,设备信息参数管理,SignallingTrace,Device.DeviceInfo.SignallingTrace.,DEVICE_DEVICEINFO_SIGNALLINGTRACE,LST SIGNALLING_TRACE;MOD SIGNALLING_TRACE,YES_EXISTING_JSON_PARENT_GROUP,medium,SA,设备信息参数管理,设备基本信息,Device.DeviceInfo.,,,json_seed_and_catalog_existing_group,omcgo/internal/config/parammodel/mmlstandardloader/seeds/cmcc_tdlte_v23.json; omcgo/datamodels/mml-catalog/cmcc-tdlte-v2.3.json,参数 path 位于现有 JSON/seed 分组对象路径之下，可挂到该父分组；需确认是否过宽,,,,
Device.DeviceInfo.SignallingTrace.Port,parameter,READ_WRITE,STRING,SA,设备信息参数管理,SignallingTrace,Device.DeviceInfo.SignallingTrace.,DEVICE_DEVICEINFO_SIGNALLINGTRACE,LST SIGNALLING_TRACE;MOD SIGNALLING_TRACE,YES_EXISTING_JSON_PARENT_GROUP,medium,SA,设备信息参数管理,设备基本信息,Device.DeviceInfo.,,,json_seed_and_catalog_existing_group,omcgo/internal/config/parammodel/mmlstandardloader/seeds/cmcc_tdlte_v23.json; omcgo/datamodels/mml-catalog/cmcc-tdlte-v2.3.json,参数 path 位于现有 JSON/seed 分组对象路径之下，可挂到该父分组；需确认是否过宽,,,,
Device.DeviceInfo.SignallingTrace.TraceID,parameter,READ_WRITE,INT,SA,设备信息参数管理,SignallingTrace,Device.DeviceInfo.SignallingTrace.,DEVICE_DEVICEINFO_SIGNALLINGTRACE,LST SIGNALLING_TRACE;MOD SIGNALLING_TRACE,YES_EXISTING_JSON_PARENT_GROUP,medium,SA,设备信息参数管理,设备基本信息,Device.DeviceInfo.,,,json_seed_and_catalog_existing_group,omcgo/internal/config/parammodel/mmlstandardloader/seeds/cmcc_tdlte_v23.json; omcgo/datamodels/mml-catalog/cmcc-tdlte-v2.3.json,参数 path 位于现有 JSON/seed 分组对象路径之下，可挂到该父分组；需确认是否过宽,,,,
Device.DeviceInfo.SignallingTrace.TraceType,parameter,READ_WRITE,STRING,SA,设备信息参数管理,SignallingTrace,Device.DeviceInfo.SignallingTrace.,DEVICE_DEVICEINFO_SIGNALLINGTRACE,LST SIGNALLING_TRACE;MOD SIGNALLING_TRACE,YES_EXISTING_JSON_PARENT_GROUP,medium,SA,设备信息参数管理,设备基本信息,Device.DeviceInfo.,,,json_seed_and_catalog_existing_group,omcgo/internal/config/parammodel/mmlstandardloader/seeds/cmcc_tdlte_v23.json; omcgo/datamodels/mml-catalog/cmcc-tdlte-v2.3.json,参数 path 位于现有 JSON/seed 分组对象路径之下，可挂到该父分组；需确认是否过宽,,,,
Device.DeviceInfo.FAPService.UeAccess.Enable,parameter,READ_WRITE,STRING,SA,设备信息参数管理,UeAccess,Device.DeviceInfo.FAPService.UeAccess.,DEVICE_DEVICEINFO_FAPSERVICE_UEACCESS,LST UE_ACCESS;MOD UE_ACCESS,YES_EXISTING_JSON_PARENT_GROUP,medium,SA,设备信息参数管理,设备基本信息,Device.DeviceInfo.,,,json_seed_and_catalog_existing_group,omcgo/internal/config/parammodel/mmlstandardloader/seeds/cmcc_tdlte_v23.json; omcgo/datamodels/mml-catalog/cmcc-tdlte-v2.3.json,参数 path 位于现有 JSON/seed 分组对象路径之下，可挂到该父分组；需确认是否过宽,,,,
Device.DeviceInfo.UeInfoUpload.Enable,parameter,READ_WRITE,BOOLEAN,SA,设备信息参数管理,UeInfoUpload,Device.DeviceInfo.UeInfoUpload.,DEVICE_DEVICEINFO_UEINFOUPLOAD,LST UE_INFO_UPLOAD;MOD UE_INFO_UPLOAD,YES_EXISTING_JSON_PARENT_GROUP,medium,SA,设备信息参数管理,设备基本信息,Device.DeviceInfo.,,,json_seed_and_catalog_existing_group,omcgo/internal/config/parammodel/mmlstandardloader/seeds/cmcc_tdlte_v23.json; omcgo/datamodels/mml-catalog/cmcc-tdlte-v2.3.json,参数 path 位于现有 JSON/seed 分组对象路径之下，可挂到该父分组；需确认是否过宽,,,,
Device.DeviceInfo.UeInfoUpload.Url,parameter,READ_WRITE,STRING,SA,设备信息参数管理,UeInfoUpload,Device.DeviceInfo.UeInfoUpload.,DEVICE_DEVICEINFO_UEINFOUPLOAD,LST UE_INFO_UPLOAD;MOD UE_INFO_UPLOAD,YES_EXISTING_JSON_PARENT_GROUP,medium,SA,设备信息参数管理,设备基本信息,Device.DeviceInfo.,,,json_seed_and_catalog_existing_group,omcgo/internal/config/parammodel/mmlstandardloader/seeds/cmcc_tdlte_v23.json; omcgo/datamodels/mml-catalog/cmcc-tdlte-v2.3.json,参数 path 位于现有 JSON/seed 分组对象路径之下，可挂到该父分组；需确认是否过宽,,,,
Device.DeviceInfo.EU.{i}.AlarmEvent,parameter,READ_ONLY,U_INT,SA,设备信息参数管理,{i},Device.DeviceInfo.EU.{i}.,DEVICE_DEVICEINFO_EU,LST EU,YES_EXISTING_JSON_PARENT_GROUP,medium,SA,设备信息参数管理,设备基本信息,Device.DeviceInfo.,,,json_seed_and_catalog_existing_group,omcgo/internal/config/parammodel/mmlstandardloader/seeds/cmcc_tdlte_v23.json; omcgo/datamodels/mml-catalog/cmcc-tdlte-v2.3.json,参数 path 位于现有 JSON/seed 分组对象路径之下，可挂到该父分组；需确认是否过宽,,,,
Device.DeviceInfo.EU.{i}.DLCRCSum,parameter,READ_ONLY,STRING,SA,设备信息参数管理,{i},Device.DeviceInfo.EU.{i}.,DEVICE_DEVICEINFO_EU,LST EU,YES_EXISTING_JSON_PARENT_GROUP,medium,SA,设备信息参数管理,设备基本信息,Device.DeviceInfo.,,,json_seed_and_catalog_existing_group,omcgo/internal/config/parammodel/mmlstandardloader/seeds/cmcc_tdlte_v23.json; omcgo/datamodels/mml-catalog/cmcc-tdlte-v2.3.json,参数 path 位于现有 JSON/seed 分组对象路径之下，可挂到该父分组；需确认是否过宽,扩展型一体化皮站-扩展单元（EU）参数管理,LTE V2.1.xlsx,SR,11
Device.DeviceInfo.EU.{i}.HardwareVersion,parameter,READ_ONLY,STRING,SA,设备信息参数管理,{i},Device.DeviceInfo.EU.{i}.,DEVICE_DEVICEINFO_EU,LST EU,YES_EXISTING_JSON_PARENT_GROUP,medium,SA,设备信息参数管理,设备基本信息,Device.DeviceInfo.,,,json_seed_and_catalog_existing_group,omcgo/internal/config/parammodel/mmlstandardloader/seeds/cmcc_tdlte_v23.json; omcgo/datamodels/mml-catalog/cmcc-tdlte-v2.3.json,参数 path 位于现有 JSON/seed 分组对象路径之下，可挂到该父分组；需确认是否过宽,扩展型一体化皮站-扩展单元（EU）参数管理,LTE V2.1.xlsx,SR,7
Device.DeviceInfo.EU.{i}.Hop,parameter,READ_ONLY,STRING,SA,设备信息参数管理,{i},Device.DeviceInfo.EU.{i}.,DEVICE_DEVICEINFO_EU,LST EU,YES_EXISTING_JSON_PARENT_GROUP,medium,SA,设备信息参数管理,设备基本信息,Device.DeviceInfo.,,,json_seed_and_catalog_existing_group,omcgo/internal/config/parammodel/mmlstandardloader/seeds/cmcc_tdlte_v23.json; omcgo/datamodels/mml-catalog/cmcc-tdlte-v2.3.json,参数 path 位于现有 JSON/seed 分组对象路径之下，可挂到该父分组；需确认是否过宽,,,,
Device.DeviceInfo.EU.{i}.IpAddress,parameter,READ_ONLY,STRING,SA,设备信息参数管理,{i},Device.DeviceInfo.EU.{i}.,DEVICE_DEVICEINFO_EU,LST EU,YES_EXISTING_JSON_PARENT_GROUP,medium,SA,设备信息参数管理,设备基本信息,Device.DeviceInfo.,,,json_seed_and_catalog_existing_group,omcgo/internal/config/parammodel/mmlstandardloader/seeds/cmcc_tdlte_v23.json; omcgo/datamodels/mml-catalog/cmcc-tdlte-v2.3.json,参数 path 位于现有 JSON/seed 分组对象路径之下，可挂到该父分组；需确认是否过宽,,,,
Device.DeviceInfo.EU.{i}.Mac,parameter,READ_ONLY,STRING,SA,设备信息参数管理,{i},Device.DeviceInfo.EU.{i}.,DEVICE_DEVICEINFO_EU,LST EU,YES_EXISTING_JSON_PARENT_GROUP,medium,SA,设备信息参数管理,设备基本信息,Device.DeviceInfo.,,,json_seed_and_catalog_existing_group,omcgo/internal/config/parammodel/mmlstandardloader/seeds/cmcc_tdlte_v23.json; omcgo/datamodels/mml-catalog/cmcc-tdlte-v2.3.json,参数 path 位于现有 JSON/seed 分组对象路径之下，可挂到该父分组；需确认是否过宽,,,,
Device.DeviceInfo.EU.{i}.ModelName,parameter,READ_ONLY,STRING,SA,设备信息参数管理,{i},Device.DeviceInfo.EU.{i}.,DEVICE_DEVICEINFO_EU,LST EU,YES_EXISTING_JSON_PARENT_GROUP,medium,SA,设备信息参数管理,设备基本信息,Device.DeviceInfo.,,,json_seed_and_catalog_existing_group,omcgo/internal/config/parammodel/mmlstandardloader/seeds/cmcc_tdlte_v23.json; omcgo/datamodels/mml-catalog/cmcc-tdlte-v2.3.json,参数 path 位于现有 JSON/seed 分组对象路径之下，可挂到该父分组；需确认是否过宽,扩展型一体化皮站-扩展单元（EU）参数管理,LTE V2.1.xlsx,SR,5
Device.DeviceInfo.EU.{i}.RU.{i}.AlarmEvent,parameter,READ_ONLY,U_INT,SA,设备信息参数管理,{i},Device.DeviceInfo.EU.{i}.RU.{i}.,DEVICE_DEVICEINFO_EU_RU,LST RU,YES_EXISTING_JSON_PARENT_GROUP,medium,SA,设备信息参数管理,设备基本信息,Device.DeviceInfo.,,,json_seed_and_catalog_existing_group,omcgo/internal/config/parammodel/mmlstandardloader/seeds/cmcc_tdlte_v23.json; omcgo/datamodels/mml-catalog/cmcc-tdlte-v2.3.json,参数 path 位于现有 JSON/seed 分组对象路径之下，可挂到该父分组；需确认是否过宽,,,,
Device.DeviceInfo.EU.{i}.RU.{i}.DLCRCSum,parameter,READ_ONLY,STRING,SA,设备信息参数管理,{i},Device.DeviceInfo.EU.{i}.RU.{i}.,DEVICE_DEVICEINFO_EU_RU,LST RU,YES_EXISTING_JSON_PARENT_GROUP,medium,SA,设备信息参数管理,设备基本信息,Device.DeviceInfo.,,,json_seed_and_catalog_existing_group,omcgo/internal/config/parammodel/mmlstandardloader/seeds/cmcc_tdlte_v23.json; omcgo/datamodels/mml-catalog/cmcc-tdlte-v2.3.json,参数 path 位于现有 JSON/seed 分组对象路径之下，可挂到该父分组；需确认是否过宽,扩展型一体化皮站-远端单元（RU）参数管理,LTE V2.1.xlsx,SR,25
Device.DeviceInfo.EU.{i}.RU.{i}.Distance,parameter,READ_ONLY,STRING,SA,设备信息参数管理,{i},Device.DeviceInfo.EU.{i}.RU.{i}.,DEVICE_DEVICEINFO_EU_RU,LST RU,YES_EXISTING_JSON_PARENT_GROUP,medium,SA,设备信息参数管理,设备基本信息,Device.DeviceInfo.,,,json_seed_and_catalog_existing_group,omcgo/internal/config/parammodel/mmlstandardloader/seeds/cmcc_tdlte_v23.json; omcgo/datamodels/mml-catalog/cmcc-tdlte-v2.3.json,参数 path 位于现有 JSON/seed 分组对象路径之下，可挂到该父分组；需确认是否过宽,扩展型一体化皮站-远端单元（RU）参数管理,LTE V2.1.xlsx,SR,24
Device.DeviceInfo.EU.{i}.RU.{i}.HardwareVersion,parameter,READ_ONLY,STRING,SA,设备信息参数管理,{i},Device.DeviceInfo.EU.{i}.RU.{i}.,DEVICE_DEVICEINFO_EU_RU,LST RU,YES_EXISTING_JSON_PARENT_GROUP,medium,SA,设备信息参数管理,设备基本信息,Device.DeviceInfo.,,,json_seed_and_catalog_existing_group,omcgo/internal/config/parammodel/mmlstandardloader/seeds/cmcc_tdlte_v23.json; omcgo/datamodels/mml-catalog/cmcc-tdlte-v2.3.json,参数 path 位于现有 JSON/seed 分组对象路径之下，可挂到该父分组；需确认是否过宽,扩展型一体化皮站-远端单元（RU）参数管理,LTE V2.1.xlsx,SR,18
Device.DeviceInfo.EU.{i}.RU.{i}.Hop,parameter,READ_ONLY,U_INT,SA,设备信息参数管理,{i},Device.DeviceInfo.EU.{i}.RU.{i}.,DEVICE_DEVICEINFO_EU_RU,LST RU,YES_EXISTING_JSON_PARENT_GROUP,medium,SA,设备信息参数管理,设备基本信息,Device.DeviceInfo.,,,json_seed_and_catalog_existing_group,omcgo/internal/config/parammodel/mmlstandardloader/seeds/cmcc_tdlte_v23.json; omcgo/datamodels/mml-catalog/cmcc-tdlte-v2.3.json,参数 path 位于现有 JSON/seed 分组对象路径之下，可挂到该父分组；需确认是否过宽,,,,
Device.DeviceInfo.EU.{i}.RU.{i}.IpAddress,parameter,READ_ONLY,STRING,SA,设备信息参数管理,{i},Device.DeviceInfo.EU.{i}.RU.{i}.,DEVICE_DEVICEINFO_EU_RU,LST RU,YES_EXISTING_JSON_PARENT_GROUP,medium,SA,设备信息参数管理,设备基本信息,Device.DeviceInfo.,,,json_seed_and_catalog_existing_group,omcgo/internal/config/parammodel/mmlstandardloader/seeds/cmcc_tdlte_v23.json; omcgo/datamodels/mml-catalog/cmcc-tdlte-v2.3.json,参数 path 位于现有 JSON/seed 分组对象路径之下，可挂到该父分组；需确认是否过宽,,,,
Device.DeviceInfo.EU.{i}.RU.{i}.LTECell.{i}.ECI,parameter,READ_WRITE,U_INT,SA,设备信息参数管理,{i},Device.DeviceInfo.EU.{i}.RU.{i}.LTECell.{i}.,DEVICE_DEVICEINFO_EU_RU_LTECELL,LST LTECELL;MOD LTECELL,YES_EXISTING_JSON_PARENT_GROUP,medium,SA,设备信息参数管理,设备基本信息,Device.DeviceInfo.,,,json_seed_and_catalog_existing_group,omcgo/internal/config/parammodel/mmlstandardloader/seeds/cmcc_tdlte_v23.json; omcgo/datamodels/mml-catalog/cmcc-tdlte-v2.3.json,参数 path 位于现有 JSON/seed 分组对象路径之下，可挂到该父分组；需确认是否过宽,扩展型一体化皮站-远端单元（RU）参数管理,LTE V2.1.xlsx,SR,27
Device.DeviceInfo.EU.{i}.RU.{i}.Mac,parameter,READ_ONLY,STRING,SA,设备信息参数管理,{i},Device.DeviceInfo.EU.{i}.RU.{i}.,DEVICE_DEVICEINFO_EU_RU,LST RU,YES_EXISTING_JSON_PARENT_GROUP,medium,SA,设备信息参数管理,设备基本信息,Device.DeviceInfo.,,,json_seed_and_catalog_existing_group,omcgo/internal/config/parammodel/mmlstandardloader/seeds/cmcc_tdlte_v23.json; omcgo/datamodels/mml-catalog/cmcc-tdlte-v2.3.json,参数 path 位于现有 JSON/seed 分组对象路径之下，可挂到该父分组；需确认是否过宽,,,,
Device.DeviceInfo.EU.{i}.RU.{i}.MaxTxPower,parameter,READ_WRITE,U_INT,SA,设备信息参数管理,{i},Device.DeviceInfo.EU.{i}.RU.{i}.,DEVICE_DEVICEINFO_EU_RU,LST RU;MOD RU,YES_EXISTING_JSON_PARENT_GROUP,medium,SA,设备信息参数管理,设备基本信息,Device.DeviceInfo.,,,json_seed_and_catalog_existing_group,omcgo/internal/config/parammodel/mmlstandardloader/seeds/cmcc_tdlte_v23.json; omcgo/datamodels/mml-catalog/cmcc-tdlte-v2.3.json,参数 path 位于现有 JSON/seed 分组对象路径之下，可挂到该父分组；需确认是否过宽,扩展型一体化皮站-远端单元（RU）参数管理,LTE V2.1.xlsx,SR,22
Device.DeviceInfo.EU.{i}.RU.{i}.ModelName,parameter,READ_ONLY,STRING,SA,设备信息参数管理,{i},Device.DeviceInfo.EU.{i}.RU.{i}.,DEVICE_DEVICEINFO_EU_RU,LST RU,YES_EXISTING_JSON_PARENT_GROUP,medium,SA,设备信息参数管理,设备基本信息,Device.DeviceInfo.,,,json_seed_and_catalog_existing_group,omcgo/internal/config/parammodel/mmlstandardloader/seeds/cmcc_tdlte_v23.json; omcgo/datamodels/mml-catalog/cmcc-tdlte-v2.3.json,参数 path 位于现有 JSON/seed 分组对象路径之下，可挂到该父分组；需确认是否过宽,扩展型一体化皮站-远端单元（RU）参数管理,LTE V2.1.xlsx,SR,16
Device.DeviceInfo.EU.{i}.RU.{i}.RFTxStatus,parameter,READ_WRITE,BOOLEAN,SA,设备信息参数管理,{i},Device.DeviceInfo.EU.{i}.RU.{i}.,DEVICE_DEVICEINFO_EU_RU,LST RU;MOD RU,YES_EXISTING_JSON_PARENT_GROUP,medium,SA,设备信息参数管理,设备基本信息,Device.DeviceInfo.,,,json_seed_and_catalog_existing_group,omcgo/internal/config/parammodel/mmlstandardloader/seeds/cmcc_tdlte_v23.json; omcgo/datamodels/mml-catalog/cmcc-tdlte-v2.3.json,参数 path 位于现有 JSON/seed 分组对象路径之下，可挂到该父分组；需确认是否过宽,扩展型一体化皮站-远端单元（RU）参数管理,LTE V2.1.xlsx,SR,23
Device.DeviceInfo.EU.{i}.RU.{i}.Reboot,parameter,READ_WRITE,BOOLEAN,SA,设备信息参数管理,{i},Device.DeviceInfo.EU.{i}.RU.{i}.,DEVICE_DEVICEINFO_EU_RU,LST RU;MOD RU,YES_EXISTING_JSON_PARENT_GROUP,medium,SA,设备信息参数管理,设备基本信息,Device.DeviceInfo.,,,json_seed_and_catalog_existing_group,omcgo/internal/config/parammodel/mmlstandardloader/seeds/cmcc_tdlte_v23.json; omcgo/datamodels/mml-catalog/cmcc-tdlte-v2.3.json,参数 path 位于现有 JSON/seed 分组对象路径之下，可挂到该父分组；需确认是否过宽,扩展型一体化皮站-远端单元（RU）参数管理,LTE V2.1.xlsx,SR,21
Device.DeviceInfo.EU.{i}.RU.{i}.RouteIndex,parameter,READ_ONLY,STRING,SA,设备信息参数管理,{i},Device.DeviceInfo.EU.{i}.RU.{i}.,DEVICE_DEVICEINFO_EU_RU,LST RU,YES_EXISTING_JSON_PARENT_GROUP,medium,SA,设备信息参数管理,设备基本信息,Device.DeviceInfo.,,,json_seed_and_catalog_existing_group,omcgo/internal/config/parammodel/mmlstandardloader/seeds/cmcc_tdlte_v23.json; omcgo/datamodels/mml-catalog/cmcc-tdlte-v2.3.json,参数 path 位于现有 JSON/seed 分组对象路径之下，可挂到该父分组；需确认是否过宽,,,,
Device.DeviceInfo.EU.{i}.RU.{i}.SerialNumber,parameter,READ_ONLY,STRING,SA,设备信息参数管理,{i},Device.DeviceInfo.EU.{i}.RU.{i}.,DEVICE_DEVICEINFO_EU_RU,LST RU,YES_EXISTING_JSON_PARENT_GROUP,medium,SA,设备信息参数管理,设备基本信息,Device.DeviceInfo.,,,json_seed_and_catalog_existing_group,omcgo/internal/config/parammodel/mmlstandardloader/seeds/cmcc_tdlte_v23.json; omcgo/datamodels/mml-catalog/cmcc-tdlte-v2.3.json,参数 path 位于现有 JSON/seed 分组对象路径之下，可挂到该父分组；需确认是否过宽,扩展型一体化皮站-远端单元（RU）参数管理,LTE V2.1.xlsx,SR,17
Device.DeviceInfo.EU.{i}.RU.{i}.SoftwareVersion,parameter,READ_ONLY,STRING,SA,设备信息参数管理,{i},Device.DeviceInfo.EU.{i}.RU.{i}.,DEVICE_DEVICEINFO_EU_RU,LST RU,YES_EXISTING_JSON_PARENT_GROUP,medium,SA,设备信息参数管理,设备基本信息,Device.DeviceInfo.,,,json_seed_and_catalog_existing_group,omcgo/internal/config/parammodel/mmlstandardloader/seeds/cmcc_tdlte_v23.json; omcgo/datamodels/mml-catalog/cmcc-tdlte-v2.3.json,参数 path 位于现有 JSON/seed 分组对象路径之下，可挂到该父分组；需确认是否过宽,扩展型一体化皮站-远端单元（RU）参数管理,LTE V2.1.xlsx,SR,19
Device.DeviceInfo.EU.{i}.RU.{i}.Status,parameter,READ_ONLY,U_INT,SA,设备信息参数管理,{i},Device.DeviceInfo.EU.{i}.RU.{i}.,DEVICE_DEVICEINFO_EU_RU,LST RU,YES_EXISTING_JSON_PARENT_GROUP,medium,SA,设备信息参数管理,设备基本信息,Device.DeviceInfo.,,,json_seed_and_catalog_existing_group,omcgo/internal/config/parammodel/mmlstandardloader/seeds/cmcc_tdlte_v23.json; omcgo/datamodels/mml-catalog/cmcc-tdlte-v2.3.json,参数 path 位于现有 JSON/seed 分组对象路径之下，可挂到该父分组；需确认是否过宽,扩展型一体化皮站-远端单元（RU）参数管理,LTE V2.1.xlsx,SR,20
Device.DeviceInfo.EU.{i}.RU.{i}.Type,parameter,READ_ONLY,U_INT,SA,设备信息参数管理,{i},Device.DeviceInfo.EU.{i}.RU.{i}.,DEVICE_DEVICEINFO_EU_RU,LST RU,YES_EXISTING_JSON_PARENT_GROUP,medium,SA,设备信息参数管理,设备基本信息,Device.DeviceInfo.,,,json_seed_and_catalog_existing_group,omcgo/internal/config/parammodel/mmlstandardloader/seeds/cmcc_tdlte_v23.json; omcgo/datamodels/mml-catalog/cmcc-tdlte-v2.3.json,参数 path 位于现有 JSON/seed 分组对象路径之下，可挂到该父分组；需确认是否过宽,,,,
Device.DeviceInfo.EU.{i}.RU.{i}.ULCRCSum,parameter,READ_ONLY,STRING,SA,设备信息参数管理,{i},Device.DeviceInfo.EU.{i}.RU.{i}.,DEVICE_DEVICEINFO_EU_RU,LST RU,YES_EXISTING_JSON_PARENT_GROUP,medium,SA,设备信息参数管理,设备基本信息,Device.DeviceInfo.,,,json_seed_and_catalog_existing_group,omcgo/internal/config/parammodel/mmlstandardloader/seeds/cmcc_tdlte_v23.json; omcgo/datamodels/mml-catalog/cmcc-tdlte-v2.3.json,参数 path 位于现有 JSON/seed 分组对象路径之下，可挂到该父分组；需确认是否过宽,扩展型一体化皮站-远端单元（RU）参数管理,LTE V2.1.xlsx,SR,26
Device.DeviceInfo.EU.{i}.RU.{i}.UMTSPA,parameter,READ_WRITE,BOOLEAN,SA,设备信息参数管理,{i},Device.DeviceInfo.EU.{i}.RU.{i}.,DEVICE_DEVICEINFO_EU_RU,LST RU;MOD RU,YES_EXISTING_JSON_PARENT_GROUP,medium,SA,设备信息参数管理,设备基本信息,Device.DeviceInfo.,,,json_seed_and_catalog_existing_group,omcgo/internal/config/parammodel/mmlstandardloader/seeds/cmcc_tdlte_v23.json; omcgo/datamodels/mml-catalog/cmcc-tdlte-v2.3.json,参数 path 位于现有 JSON/seed 分组对象路径之下，可挂到该父分组；需确认是否过宽,,,,
Device.DeviceInfo.EU.{i}.RU.{i}.UMTSTargetPower,parameter,READ_WRITE,U_INT,SA,设备信息参数管理,{i},Device.DeviceInfo.EU.{i}.RU.{i}.,DEVICE_DEVICEINFO_EU_RU,LST RU;MOD RU,YES_EXISTING_JSON_PARENT_GROUP,medium,SA,设备信息参数管理,设备基本信息,Device.DeviceInfo.,,,json_seed_and_catalog_existing_group,omcgo/internal/config/parammodel/mmlstandardloader/seeds/cmcc_tdlte_v23.json; omcgo/datamodels/mml-catalog/cmcc-tdlte-v2.3.json,参数 path 位于现有 JSON/seed 分组对象路径之下，可挂到该父分组；需确认是否过宽,,,,
Device.DeviceInfo.EU.{i}.Reboot,parameter,READ_WRITE,BOOLEAN,SA,设备信息参数管理,{i},Device.DeviceInfo.EU.{i}.,DEVICE_DEVICEINFO_EU,LST EU;MOD EU,YES_EXISTING_JSON_PARENT_GROUP,medium,SA,设备信息参数管理,设备基本信息,Device.DeviceInfo.,,,json_seed_and_catalog_existing_group,omcgo/internal/config/parammodel/mmlstandardloader/seeds/cmcc_tdlte_v23.json; omcgo/datamodels/mml-catalog/cmcc-tdlte-v2.3.json,参数 path 位于现有 JSON/seed 分组对象路径之下，可挂到该父分组；需确认是否过宽,扩展型一体化皮站-扩展单元（EU）参数管理,LTE V2.1.xlsx,SR,10
Device.DeviceInfo.EU.{i}.RouteIndex,parameter,READ_ONLY,STRING,SA,设备信息参数管理,{i},Device.DeviceInfo.EU.{i}.,DEVICE_DEVICEINFO_EU,LST EU,YES_EXISTING_JSON_PARENT_GROUP,medium,SA,设备信息参数管理,设备基本信息,Device.DeviceInfo.,,,json_seed_and_catalog_existing_group,omcgo/internal/config/parammodel/mmlstandardloader/seeds/cmcc_tdlte_v23.json; omcgo/datamodels/mml-catalog/cmcc-tdlte-v2.3.json,参数 path 位于现有 JSON/seed 分组对象路径之下，可挂到该父分组；需确认是否过宽,扩展型一体化皮站-扩展单元（EU）参数管理,LTE V2.1.xlsx,SR,4
Device.DeviceInfo.EU.{i}.SerialNumber,parameter,READ_ONLY,STRING,SA,设备信息参数管理,{i},Device.DeviceInfo.EU.{i}.,DEVICE_DEVICEINFO_EU,LST EU,YES_EXISTING_JSON_PARENT_GROUP,medium,SA,设备信息参数管理,设备基本信息,Device.DeviceInfo.,,,json_seed_and_catalog_existing_group,omcgo/internal/config/parammodel/mmlstandardloader/seeds/cmcc_tdlte_v23.json; omcgo/datamodels/mml-catalog/cmcc-tdlte-v2.3.json,参数 path 位于现有 JSON/seed 分组对象路径之下，可挂到该父分组；需确认是否过宽,扩展型一体化皮站-扩展单元（EU）参数管理,LTE V2.1.xlsx,SR,6
Device.DeviceInfo.EU.{i}.SoftwareVersion,parameter,READ_ONLY,STRING,SA,设备信息参数管理,{i},Device.DeviceInfo.EU.{i}.,DEVICE_DEVICEINFO_EU,LST EU,YES_EXISTING_JSON_PARENT_GROUP,medium,SA,设备信息参数管理,设备基本信息,Device.DeviceInfo.,,,json_seed_and_catalog_existing_group,omcgo/internal/config/parammodel/mmlstandardloader/seeds/cmcc_tdlte_v23.json; omcgo/datamodels/mml-catalog/cmcc-tdlte-v2.3.json,参数 path 位于现有 JSON/seed 分组对象路径之下，可挂到该父分组；需确认是否过宽,扩展型一体化皮站-扩展单元（EU）参数管理,LTE V2.1.xlsx,SR,8
Device.DeviceInfo.EU.{i}.Status,parameter,READ_ONLY,U_INT,SA,设备信息参数管理,{i},Device.DeviceInfo.EU.{i}.,DEVICE_DEVICEINFO_EU,LST EU,YES_EXISTING_JSON_PARENT_GROUP,medium,SA,设备信息参数管理,设备基本信息,Device.DeviceInfo.,,,json_seed_and_catalog_existing_group,omcgo/internal/config/parammodel/mmlstandardloader/seeds/cmcc_tdlte_v23.json; omcgo/datamodels/mml-catalog/cmcc-tdlte-v2.3.json,参数 path 位于现有 JSON/seed 分组对象路径之下，可挂到该父分组；需确认是否过宽,扩展型一体化皮站-扩展单元（EU）参数管理,LTE V2.1.xlsx,SR,9
Device.DeviceInfo.EU.{i}.Type,parameter,READ_ONLY,U_INT,SA,设备信息参数管理,{i},Device.DeviceInfo.EU.{i}.,DEVICE_DEVICEINFO_EU,LST EU,YES_EXISTING_JSON_PARENT_GROUP,medium,SA,设备信息参数管理,设备基本信息,Device.DeviceInfo.,,,json_seed_and_catalog_existing_group,omcgo/internal/config/parammodel/mmlstandardloader/seeds/cmcc_tdlte_v23.json; omcgo/datamodels/mml-catalog/cmcc-tdlte-v2.3.json,参数 path 位于现有 JSON/seed 分组对象路径之下，可挂到该父分组；需确认是否过宽,,,,
Device.DeviceInfo.EU.{i}.ULCRCSum,parameter,READ_ONLY,STRING,SA,设备信息参数管理,{i},Device.DeviceInfo.EU.{i}.,DEVICE_DEVICEINFO_EU,LST EU,YES_EXISTING_JSON_PARENT_GROUP,medium,SA,设备信息参数管理,设备基本信息,Device.DeviceInfo.,,,json_seed_and_catalog_existing_group,omcgo/internal/config/parammodel/mmlstandardloader/seeds/cmcc_tdlte_v23.json; omcgo/datamodels/mml-catalog/cmcc-tdlte-v2.3.json,参数 path 位于现有 JSON/seed 分组对象路径之下，可挂到该父分组；需确认是否过宽,扩展型一体化皮站-扩展单元（EU）参数管理,LTE V2.1.xlsx,SR,12
Device.DeviceInfo.RU.{i}.HardwareVersion,parameter,READ_ONLY,STRING,SA,设备信息参数管理,{i},Device.DeviceInfo.RU.{i}.,DEVICE_DEVICEINFO_RU,LST RU,YES_EXISTING_JSON_PARENT_GROUP,medium,SA,设备信息参数管理,设备基本信息,Device.DeviceInfo.,,,json_seed_and_catalog_existing_group,omcgo/internal/config/parammodel/mmlstandardloader/seeds/cmcc_tdlte_v23.json; omcgo/datamodels/mml-catalog/cmcc-tdlte-v2.3.json,参数 path 位于现有 JSON/seed 分组对象路径之下，可挂到该父分组；需确认是否过宽,,,,
Device.DeviceInfo.RU.{i}.IpAddress,parameter,READ_ONLY,STRING,SA,设备信息参数管理,{i},Device.DeviceInfo.RU.{i}.,DEVICE_DEVICEINFO_RU,LST RU,YES_EXISTING_JSON_PARENT_GROUP,medium,SA,设备信息参数管理,设备基本信息,Device.DeviceInfo.,,,json_seed_and_catalog_existing_group,omcgo/internal/config/parammodel/mmlstandardloader/seeds/cmcc_tdlte_v23.json; omcgo/datamodels/mml-catalog/cmcc-tdlte-v2.3.json,参数 path 位于现有 JSON/seed 分组对象路径之下，可挂到该父分组；需确认是否过宽,,,,
Device.DeviceInfo.RU.{i}.MaxTxPower,parameter,READ_WRITE,INT,SA,设备信息参数管理,{i},Device.DeviceInfo.RU.{i}.,DEVICE_DEVICEINFO_RU,LST RU;MOD RU,YES_EXISTING_JSON_PARENT_GROUP,medium,SA,设备信息参数管理,设备基本信息,Device.DeviceInfo.,,,json_seed_and_catalog_existing_group,omcgo/internal/config/parammodel/mmlstandardloader/seeds/cmcc_tdlte_v23.json; omcgo/datamodels/mml-catalog/cmcc-tdlte-v2.3.json,参数 path 位于现有 JSON/seed 分组对象路径之下，可挂到该父分组；需确认是否过宽,,,,
Device.DeviceInfo.RU.{i}.ModelName,parameter,READ_ONLY,STRING,SA,设备信息参数管理,{i},Device.DeviceInfo.RU.{i}.,DEVICE_DEVICEINFO_RU,LST RU,YES_EXISTING_JSON_PARENT_GROUP,medium,SA,设备信息参数管理,设备基本信息,Device.DeviceInfo.,,,json_seed_and_catalog_existing_group,omcgo/internal/config/parammodel/mmlstandardloader/seeds/cmcc_tdlte_v23.json; omcgo/datamodels/mml-catalog/cmcc-tdlte-v2.3.json,参数 path 位于现有 JSON/seed 分组对象路径之下，可挂到该父分组；需确认是否过宽,,,,
Device.DeviceInfo.RU.{i}.RFTxStatus,parameter,READ_WRITE,BOOLEAN,SA,设备信息参数管理,{i},Device.DeviceInfo.RU.{i}.,DEVICE_DEVICEINFO_RU,LST RU;MOD RU,YES_EXISTING_JSON_PARENT_GROUP,medium,SA,设备信息参数管理,设备基本信息,Device.DeviceInfo.,,,json_seed_and_catalog_existing_group,omcgo/internal/config/parammodel/mmlstandardloader/seeds/cmcc_tdlte_v23.json; omcgo/datamodels/mml-catalog/cmcc-tdlte-v2.3.json,参数 path 位于现有 JSON/seed 分组对象路径之下，可挂到该父分组；需确认是否过宽,,,,
Device.DeviceInfo.RU.{i}.RUWithCellRelation,parameter,READ_WRITE,STRING,SA,设备信息参数管理,{i},Device.DeviceInfo.RU.{i}.,DEVICE_DEVICEINFO_RU,LST RU;MOD RU,YES_EXISTING_JSON_PARENT_GROUP,medium,SA,设备信息参数管理,设备基本信息,Device.DeviceInfo.,,,json_seed_and_catalog_existing_group,omcgo/internal/config/parammodel/mmlstandardloader/seeds/cmcc_tdlte_v23.json; omcgo/datamodels/mml-catalog/cmcc-tdlte-v2.3.json,参数 path 位于现有 JSON/seed 分组对象路径之下，可挂到该父分组；需确认是否过宽,,,,
Device.DeviceInfo.RU.{i}.Reboot,parameter,READ_WRITE,BOOLEAN,SA,设备信息参数管理,{i},Device.DeviceInfo.RU.{i}.,DEVICE_DEVICEINFO_RU,LST RU;MOD RU,YES_EXISTING_JSON_PARENT_GROUP,medium,SA,设备信息参数管理,设备基本信息,Device.DeviceInfo.,,,json_seed_and_catalog_existing_group,omcgo/internal/config/parammodel/mmlstandardloader/seeds/cmcc_tdlte_v23.json; omcgo/datamodels/mml-catalog/cmcc-tdlte-v2.3.json,参数 path 位于现有 JSON/seed 分组对象路径之下，可挂到该父分组；需确认是否过宽,,,,
Device.DeviceInfo.RU.{i}.RouteIndex,parameter,READ_ONLY,STRING,SA,设备信息参数管理,{i},Device.DeviceInfo.RU.{i}.,DEVICE_DEVICEINFO_RU,LST RU,YES_EXISTING_JSON_PARENT_GROUP,medium,SA,设备信息参数管理,设备基本信息,Device.DeviceInfo.,,,json_seed_and_catalog_existing_group,omcgo/internal/config/parammodel/mmlstandardloader/seeds/cmcc_tdlte_v23.json; omcgo/datamodels/mml-catalog/cmcc-tdlte-v2.3.json,参数 path 位于现有 JSON/seed 分组对象路径之下，可挂到该父分组；需确认是否过宽,,,,
Device.DeviceInfo.RU.{i}.SerialNumber,parameter,READ_ONLY,STRING,SA,设备信息参数管理,{i},Device.DeviceInfo.RU.{i}.,DEVICE_DEVICEINFO_RU,LST RU,YES_EXISTING_JSON_PARENT_GROUP,medium,SA,设备信息参数管理,设备基本信息,Device.DeviceInfo.,,,json_seed_and_catalog_existing_group,omcgo/internal/config/parammodel/mmlstandardloader/seeds/cmcc_tdlte_v23.json; omcgo/datamodels/mml-catalog/cmcc-tdlte-v2.3.json,参数 path 位于现有 JSON/seed 分组对象路径之下，可挂到该父分组；需确认是否过宽,,,,
Device.DeviceInfo.RU.{i}.SoftwareVersion,parameter,READ_ONLY,STRING,SA,设备信息参数管理,{i},Device.DeviceInfo.RU.{i}.,DEVICE_DEVICEINFO_RU,LST RU,YES_EXISTING_JSON_PARENT_GROUP,medium,SA,设备信息参数管理,设备基本信息,Device.DeviceInfo.,,,json_seed_and_catalog_existing_group,omcgo/internal/config/parammodel/mmlstandardloader/seeds/cmcc_tdlte_v23.json; omcgo/datamodels/mml-catalog/cmcc-tdlte-v2.3.json,参数 path 位于现有 JSON/seed 分组对象路径之下，可挂到该父分组；需确认是否过宽,,,,
Device.DeviceInfo.RU.{i}.SwUpgradeFailCause,parameter,READ_ONLY,STRING,SA,设备信息参数管理,{i},Device.DeviceInfo.RU.{i}.,DEVICE_DEVICEINFO_RU,LST RU,YES_EXISTING_JSON_PARENT_GROUP,medium,SA,设备信息参数管理,设备基本信息,Device.DeviceInfo.,,,json_seed_and_catalog_existing_group,omcgo/internal/config/parammodel/mmlstandardloader/seeds/cmcc_tdlte_v23.json; omcgo/datamodels/mml-catalog/cmcc-tdlte-v2.3.json,参数 path 位于现有 JSON/seed 分组对象路径之下，可挂到该父分组；需确认是否过宽,,,,
Device.DeviceInfo.RU.{i}.SwUpgradeStage,parameter,READ_ONLY,STRING,SA,设备信息参数管理,{i},Device.DeviceInfo.RU.{i}.,DEVICE_DEVICEINFO_RU,LST RU,YES_EXISTING_JSON_PARENT_GROUP,medium,SA,设备信息参数管理,设备基本信息,Device.DeviceInfo.,,,json_seed_and_catalog_existing_group,omcgo/internal/config/parammodel/mmlstandardloader/seeds/cmcc_tdlte_v23.json; omcgo/datamodels/mml-catalog/cmcc-tdlte-v2.3.json,参数 path 位于现有 JSON/seed 分组对象路径之下，可挂到该父分组；需确认是否过宽,,,,
Device.DeviceInfo.RU.{i}.SwUpgradeStatus,parameter,READ_ONLY,STRING,SA,设备信息参数管理,{i},Device.DeviceInfo.RU.{i}.,DEVICE_DEVICEINFO_RU,LST RU,YES_EXISTING_JSON_PARENT_GROUP,medium,SA,设备信息参数管理,设备基本信息,Device.DeviceInfo.,,,json_seed_and_catalog_existing_group,omcgo/internal/config/parammodel/mmlstandardloader/seeds/cmcc_tdlte_v23.json; omcgo/datamodels/mml-catalog/cmcc-tdlte-v2.3.json,参数 path 位于现有 JSON/seed 分组对象路径之下，可挂到该父分组；需确认是否过宽,,,,
Device.DeviceInfo.{i}.UE_Count,parameter,READ_ONLY,INT,SA,设备信息参数管理,{i},Device.DeviceInfo.{i}.,DEVICE_DEVICEINFO,LST DEVICE_INFO,YES_SAME_EXISTING_GROUP_CODE,high,SA,设备信息参数管理,设备基本信息,Device.DeviceInfo.,DEVICE_DEVICEINFO,LST DEVICE_INFO,existing_mml_group_code_from_analysis,omcgo/data/model-library/standard-params-to-mml-tree-analysis-20260703.detail.csv,同一 target_group_code 已有 already_in_mml 参数，可复用该分组节点,,,,
Device.ManagementServer.sslStatus.endDate,parameter,READ_ONLY,STRING,SC,基站网管参数管理,sslStatus,Device.ManagementServer.sslStatus.,DEVICE_MANAGEMENTSERVER_SSLSTATUS,LST SSL_STATUS,YES_EXISTING_JSON_PARENT_GROUP,medium,SC,基站网管参数管理,基站网管连接,Device.ManagementServer.,,,json_seed_and_catalog_existing_group,omcgo/internal/config/parammodel/mmlstandardloader/seeds/cmcc_tdlte_v23.json; omcgo/datamodels/mml-catalog/cmcc-tdlte-v2.3.json,参数 path 位于现有 JSON/seed 分组对象路径之下，可挂到该父分组；需确认是否过宽,,,,
Device.ManagementServer.sslStatus.startDate,parameter,READ_ONLY,STRING,SC,基站网管参数管理,sslStatus,Device.ManagementServer.sslStatus.,DEVICE_MANAGEMENTSERVER_SSLSTATUS,LST SSL_STATUS,YES_EXISTING_JSON_PARENT_GROUP,medium,SC,基站网管参数管理,基站网管连接,Device.ManagementServer.,,,json_seed_and_catalog_existing_group,omcgo/internal/config/parammodel/mmlstandardloader/seeds/cmcc_tdlte_v23.json; omcgo/datamodels/mml-catalog/cmcc-tdlte-v2.3.json,参数 path 位于现有 JSON/seed 分组对象路径之下，可挂到该父分组；需确认是否过宽,,,,
Device.Services.FAPService.{i}.FAPControl.NR.AMFPoolConfigParam.{i},parameter,READ_WRITE,STRING,SF,小区服务参数管理,AMFPoolConfigParam,Device.Services.FAPService.{i}.FAPControl.NR.AMFPoolConfigParam.,DEVICE_SERVICES_FAPSERVICE_FAPCONTROL_NR_AMFPOOLCONFIGPARAM,LST AMFPOOL_CONFIG_PARAM;MOD AMFPOOL_CONFIG_PARAM,YES_EXISTING_JSON_PARENT_GROUP,medium,SF,小区服务参数管理（总体）,FAP 载波基本配置,Device.Services.FAPService.{i}.,,,json_seed_and_catalog_existing_group,omcgo/internal/config/parammodel/mmlstandardloader/seeds/cmcc_tdlte_v23.json; omcgo/datamodels/mml-catalog/cmcc-tdlte-v2.3.json,参数 path 位于现有 JSON/seed 分组对象路径之下，可挂到该父分组；需确认是否过宽,,,,
Device.Services.FAPService.{i}.X_COM.LTE.ANR.AnrA3Offset,parameter,READ_WRITE,STRING,SF,小区服务参数管理,ANR,Device.Services.FAPService.{i}.X_COM.LTE.ANR.,DEVICE_SERVICES_FAPSERVICE_X_COM_LTE_ANR,LST ANR;MOD ANR,YES_EXISTING_JSON_PARENT_GROUP,medium,SF,小区服务参数管理（总体）,FAP 载波基本配置,Device.Services.FAPService.{i}.,,,json_seed_and_catalog_existing_group,omcgo/internal/config/parammodel/mmlstandardloader/seeds/cmcc_tdlte_v23.json; omcgo/datamodels/mml-catalog/cmcc-tdlte-v2.3.json,参数 path 位于现有 JSON/seed 分组对象路径之下，可挂到该父分组；需确认是否过宽,,,,
Device.Services.FAPService.{i}.X_COM.LTE.ANR.AnrReportCfgVal,parameter,READ_WRITE,STRING,SF,小区服务参数管理,ANR,Device.Services.FAPService.{i}.X_COM.LTE.ANR.,DEVICE_SERVICES_FAPSERVICE_X_COM_LTE_ANR,LST ANR;MOD ANR,YES_EXISTING_JSON_PARENT_GROUP,medium,SF,小区服务参数管理（总体）,FAP 载波基本配置,Device.Services.FAPService.{i}.,,,json_seed_and_catalog_existing_group,omcgo/internal/config/parammodel/mmlstandardloader/seeds/cmcc_tdlte_v23.json; omcgo/datamodels/mml-catalog/cmcc-tdlte-v2.3.json,参数 path 位于现有 JSON/seed 分组对象路径之下，可挂到该父分组；需确认是否过宽,,,,
Device.Services.FAPService.{i}.X_COM.LTE.ANR.InterAnrA5Threshold1RSRP,parameter,READ_WRITE,STRING,SF,小区服务参数管理,ANR,Device.Services.FAPService.{i}.X_COM.LTE.ANR.,DEVICE_SERVICES_FAPSERVICE_X_COM_LTE_ANR,LST ANR;MOD ANR,YES_EXISTING_JSON_PARENT_GROUP,medium,SF,小区服务参数管理（总体）,FAP 载波基本配置,Device.Services.FAPService.{i}.,,,json_seed_and_catalog_existing_group,omcgo/internal/config/parammodel/mmlstandardloader/seeds/cmcc_tdlte_v23.json; omcgo/datamodels/mml-catalog/cmcc-tdlte-v2.3.json,参数 path 位于现有 JSON/seed 分组对象路径之下，可挂到该父分组；需确认是否过宽,,,,
Device.Services.FAPService.{i}.X_COM.LTE.ANR.InterAnrA5Threshold2RSRP,parameter,READ_WRITE,STRING,SF,小区服务参数管理,ANR,Device.Services.FAPService.{i}.X_COM.LTE.ANR.,DEVICE_SERVICES_FAPSERVICE_X_COM_LTE_ANR,LST ANR;MOD ANR,YES_EXISTING_JSON_PARENT_GROUP,medium,SF,小区服务参数管理（总体）,FAP 载波基本配置,Device.Services.FAPService.{i}.,,,json_seed_and_catalog_existing_group,omcgo/internal/config/parammodel/mmlstandardloader/seeds/cmcc_tdlte_v23.json; omcgo/datamodels/mml-catalog/cmcc-tdlte-v2.3.json,参数 path 位于现有 JSON/seed 分组对象路径之下，可挂到该父分组；需确认是否过宽,,,,
Device.Services.FAPService.{i}.FAPControl.CONFIG_STATS_FLOW.STATS_FLOW_SWITCH,parameter,READ_WRITE,BOOLEAN,SF,小区服务参数管理,CONFIG_STATS_FLOW,Device.Services.FAPService.{i}.FAPControl.CONFIG_STATS_FLOW.,DEVICE_SERVICES_FAPSERVICE_FAPCONTROL_CONFIG_STATS_FLOW,LST CONFIG_STATS_FLOW;MOD CONFIG_STATS_FLOW,YES_EXISTING_JSON_PARENT_GROUP,medium,SF,小区服务参数管理（总体）,FAP 载波基本配置,Device.Services.FAPService.{i}.,,,json_seed_and_catalog_existing_group,omcgo/internal/config/parammodel/mmlstandardloader/seeds/cmcc_tdlte_v23.json; omcgo/datamodels/mml-catalog/cmcc-tdlte-v2.3.json,参数 path 位于现有 JSON/seed 分组对象路径之下，可挂到该父分组；需确认是否过宽,,,,
Device.Services.FAPService.{i}.FAPControl.CONFIG_STATS_FLOW.STATS_FLOW_UPLOAD_ADDRESS,parameter,READ_WRITE,STRING,SF,小区服务参数管理,CONFIG_STATS_FLOW,Device.Services.FAPService.{i}.FAPControl.CONFIG_STATS_FLOW.,DEVICE_SERVICES_FAPSERVICE_FAPCONTROL_CONFIG_STATS_FLOW,LST CONFIG_STATS_FLOW;MOD CONFIG_STATS_FLOW,YES_EXISTING_JSON_PARENT_GROUP,medium,SF,小区服务参数管理（总体）,FAP 载波基本配置,Device.Services.FAPService.{i}.,,,json_seed_and_catalog_existing_group,omcgo/internal/config/parammodel/mmlstandardloader/seeds/cmcc_tdlte_v23.json; omcgo/datamodels/mml-catalog/cmcc-tdlte-v2.3.json,参数 path 位于现有 JSON/seed 分组对象路径之下，可挂到该父分组；需确认是否过宽,,,,
Device.Services.FAPService.{i}.FAPControl.CONFIG_STATS_FLOW.STATS_FLOW_UPLOAD_INTERVAL,parameter,READ_WRITE,INT,SF,小区服务参数管理,CONFIG_STATS_FLOW,Device.Services.FAPService.{i}.FAPControl.CONFIG_STATS_FLOW.,DEVICE_SERVICES_FAPSERVICE_FAPCONTROL_CONFIG_STATS_FLOW,LST CONFIG_STATS_FLOW;MOD CONFIG_STATS_FLOW,YES_EXISTING_JSON_PARENT_GROUP,medium,SF,小区服务参数管理（总体）,FAP 载波基本配置,Device.Services.FAPService.{i}.,,,json_seed_and_catalog_existing_group,omcgo/internal/config/parammodel/mmlstandardloader/seeds/cmcc_tdlte_v23.json; omcgo/datamodels/mml-catalog/cmcc-tdlte-v2.3.json,参数 path 位于现有 JSON/seed 分组对象路径之下，可挂到该父分组；需确认是否过宽,,,,
Device.Services.FAPService.{i}.FAPControl.LTE.LICENSE.Capacity.{i},parameter,READ_ONLY,STRING,SF,小区服务参数管理,Capacity,Device.Services.FAPService.{i}.FAPControl.LTE.LICENSE.Capacity.,DEVICE_SERVICES_FAPSERVICE_FAPCONTROL_LTE_LICENSE_CAPACITY,LST CAPACITY,YES_EXISTING_JSON_PARENT_GROUP,medium,SF,小区服务参数管理（总体）,FAP 载波基本配置,Device.Services.FAPService.{i}.,,,json_seed_and_catalog_existing_group,omcgo/internal/config/parammodel/mmlstandardloader/seeds/cmcc_tdlte_v23.json; omcgo/datamodels/mml-catalog/cmcc-tdlte-v2.3.json,参数 path 位于现有 JSON/seed 分组对象路径之下，可挂到该父分组；需确认是否过宽,,,,
Device.Services.FAPService.{i}.FAPControl.NR.DscpList.{i},parameter,READ_WRITE,STRING,SF,小区服务参数管理,DscpList,Device.Services.FAPService.{i}.FAPControl.NR.DscpList.,DEVICE_SERVICES_FAPSERVICE_FAPCONTROL_NR_DSCPLIST,LST DSCP_LIST;MOD DSCP_LIST,YES_EXISTING_JSON_PARENT_GROUP,medium,SF,小区服务参数管理（总体）,FAP 载波基本配置,Device.Services.FAPService.{i}.,,,json_seed_and_catalog_existing_group,omcgo/internal/config/parammodel/mmlstandardloader/seeds/cmcc_tdlte_v23.json; omcgo/datamodels/mml-catalog/cmcc-tdlte-v2.3.json,参数 path 位于现有 JSON/seed 分组对象路径之下，可挂到该父分组；需确认是否过宽,,,,
Device.Services.FAPService.{i}.CellConfig.{i}.NR.Duf1uLog.Duf1uLogLevel,parameter,READ_WRITE,STRING,SF,小区服务参数管理,Duf1uLog,Device.Services.FAPService.{i}.CellConfig.{i}.NR.Duf1uLog.,DEVICE_SERVICES_FAPSERVICE_CELLCONFIG_NR_DUF1ULOG,LST DUF1U_LOG;MOD DUF1U_LOG,YES_EXISTING_JSON_PARENT_GROUP,medium,SF,小区服务参数管理（总体）,FAP 载波基本配置,Device.Services.FAPService.{i}.,,,json_seed_and_catalog_existing_group,omcgo/internal/config/parammodel/mmlstandardloader/seeds/cmcc_tdlte_v23.json; omcgo/datamodels/mml-catalog/cmcc-tdlte-v2.3.json,参数 path 位于现有 JSON/seed 分组对象路径之下，可挂到该父分组；需确认是否过宽,,,,
Device.Services.FAPService.{i}.FAPControl.NR.DumgrProvLog.DumgrFileCount,parameter,READ_WRITE,STRING,SF,小区服务参数管理,DumgrProvLog,Device.Services.FAPService.{i}.FAPControl.NR.DumgrProvLog.,DEVICE_SERVICES_FAPSERVICE_FAPCONTROL_NR_DUMGRPROVLOG,LST DUMGR_PROV_LOG;MOD DUMGR_PROV_LOG,YES_EXISTING_JSON_PARENT_GROUP,medium,SF,小区服务参数管理（总体）,FAP 载波基本配置,Device.Services.FAPService.{i}.,,,json_seed_and_catalog_existing_group,omcgo/internal/config/parammodel/mmlstandardloader/seeds/cmcc_tdlte_v23.json; omcgo/datamodels/mml-catalog/cmcc-tdlte-v2.3.json,参数 path 位于现有 JSON/seed 分组对象路径之下，可挂到该父分组；需确认是否过宽,,,,
Device.Services.FAPService.{i}.FAPControl.NR.DumgrProvLog.DumgrLogLevel,parameter,READ_WRITE,STRING,SF,小区服务参数管理,DumgrProvLog,Device.Services.FAPService.{i}.FAPControl.NR.DumgrProvLog.,DEVICE_SERVICES_FAPSERVICE_FAPCONTROL_NR_DUMGRPROVLOG,LST DUMGR_PROV_LOG;MOD DUMGR_PROV_LOG,YES_EXISTING_JSON_PARENT_GROUP,medium,SF,小区服务参数管理（总体）,FAP 载波基本配置,Device.Services.FAPService.{i}.,,,json_seed_and_catalog_existing_group,omcgo/internal/config/parammodel/mmlstandardloader/seeds/cmcc_tdlte_v23.json; omcgo/datamodels/mml-catalog/cmcc-tdlte-v2.3.json,参数 path 位于现有 JSON/seed 分组对象路径之下，可挂到该父分组；需确认是否过宽,,,,
Device.Services.FAPService.{i}.FAPControl.NR.DumgrProvLog.DumgrMaxLogFilesize,parameter,READ_WRITE,STRING,SF,小区服务参数管理,DumgrProvLog,Device.Services.FAPService.{i}.FAPControl.NR.DumgrProvLog.,DEVICE_SERVICES_FAPSERVICE_FAPCONTROL_NR_DUMGRPROVLOG,LST DUMGR_PROV_LOG;MOD DUMGR_PROV_LOG,YES_EXISTING_JSON_PARENT_GROUP,medium,SF,小区服务参数管理（总体）,FAP 载波基本配置,Device.Services.FAPService.{i}.,,,json_seed_and_catalog_existing_group,omcgo/internal/config/parammodel/mmlstandardloader/seeds/cmcc_tdlte_v23.json; omcgo/datamodels/mml-catalog/cmcc-tdlte-v2.3.json,参数 path 位于现有 JSON/seed 分组对象路径之下，可挂到该父分组；需确认是否过宽,,,,
Device.Services.FAPService.{i}.FAPControl.NR.DumgrProvLog.DumgrShmSize,parameter,READ_WRITE,STRING,SF,小区服务参数管理,DumgrProvLog,Device.Services.FAPService.{i}.FAPControl.NR.DumgrProvLog.,DEVICE_SERVICES_FAPSERVICE_FAPCONTROL_NR_DUMGRPROVLOG,LST DUMGR_PROV_LOG;MOD DUMGR_PROV_LOG,YES_EXISTING_JSON_PARENT_GROUP,medium,SF,小区服务参数管理（总体）,FAP 载波基本配置,Device.Services.FAPService.{i}.,,,json_seed_and_catalog_existing_group,omcgo/internal/config/parammodel/mmlstandardloader/seeds/cmcc_tdlte_v23.json; omcgo/datamodels/mml-catalog/cmcc-tdlte-v2.3.json,参数 path 位于现有 JSON/seed 分组对象路径之下，可挂到该父分组；需确认是否过宽,,,,
Device.Services.FAPService.EMBEDDED_EPCBearerLBOQos.{i},parameter,READ_WRITE,STRING,SF,小区服务参数管理,EMBEDDED_EPCBearerLBOQos,Device.Services.FAPService.EMBEDDED_EPCBearerLBOQos.,DEVICE_SERVICES_FAPSERVICE_EMBEDDED_EPCBEARERLBOQOS,LST EMBEDDED_EPCBEARER_LBOQOS;MOD EMBEDDED_EPCBEARER_LBOQOS,NO_SECONDARY_MATCH,none,,,,,,,,,未在现有 XML/JSON 分组节点或模型库文档中找到可复用分组,,,,
Device.Services.FAPService.EMBEDDED_EPCBearerLBOTft.{i},parameter,READ_WRITE,STRING,SF,小区服务参数管理,EMBEDDED_EPCBearerLBOTft,Device.Services.FAPService.EMBEDDED_EPCBearerLBOTft.,DEVICE_SERVICES_FAPSERVICE_EMBEDDED_EPCBEARERLBOTFT,LST EMBEDDED_EPCBEARER_LBOTFT;MOD EMBEDDED_EPCBEARER_LBOTFT,NO_SECONDARY_MATCH,none,,,,,,,,,未在现有 XML/JSON 分组节点或模型库文档中找到可复用分组,,,,
Device.Services.FAPService.{i}.X_COM.LTE.EUTRA_NEIGHBOR.AllowedMeasBW,parameter,READ_WRITE,STRING,SF,小区服务参数管理,EUTRA_NEIGHBOR,Device.Services.FAPService.{i}.X_COM.LTE.EUTRA_NEIGHBOR.,DEVICE_SERVICES_FAPSERVICE_X_COM_LTE_EUTRA_NEIGHBOR,LST EUTRA_NEIGHBOR;MOD EUTRA_NEIGHBOR,YES_EXISTING_JSON_PARENT_GROUP,medium,SF,小区服务参数管理（总体）,FAP 载波基本配置,Device.Services.FAPService.{i}.,,,json_seed_and_catalog_existing_group,omcgo/internal/config/parammodel/mmlstandardloader/seeds/cmcc_tdlte_v23.json; omcgo/datamodels/mml-catalog/cmcc-tdlte-v2.3.json,参数 path 位于现有 JSON/seed 分组对象路径之下，可挂到该父分组；需确认是否过宽,,,,
Device.Services.FAPService.{i}.FAPControl.NR.F1apDscp.Dscp,parameter,READ_WRITE,STRING,SF,小区服务参数管理,F1apDscp,Device.Services.FAPService.{i}.FAPControl.NR.F1apDscp.,DEVICE_SERVICES_FAPSERVICE_FAPCONTROL_NR_F1APDSCP,LST F1AP_DSCP;MOD F1AP_DSCP,YES_EXISTING_JSON_PARENT_GROUP,medium,SF,小区服务参数管理（总体）,FAP 载波基本配置,Device.Services.FAPService.{i}.,,,json_seed_and_catalog_existing_group,omcgo/internal/config/parammodel/mmlstandardloader/seeds/cmcc_tdlte_v23.json; omcgo/datamodels/mml-catalog/cmcc-tdlte-v2.3.json,参数 path 位于现有 JSON/seed 分组对象路径之下，可挂到该父分组；需确认是否过宽,,,,
Device.Services.FAPService.{i}.FAPControl.NR.F1apDscp.VlanPrio,parameter,READ_WRITE,STRING,SF,小区服务参数管理,F1apDscp,Device.Services.FAPService.{i}.FAPControl.NR.F1apDscp.,DEVICE_SERVICES_FAPSERVICE_FAPCONTROL_NR_F1APDSCP,LST F1AP_DSCP;MOD F1AP_DSCP,YES_EXISTING_JSON_PARENT_GROUP,medium,SF,小区服务参数管理（总体）,FAP 载波基本配置,Device.Services.FAPService.{i}.,,,json_seed_and_catalog_existing_group,omcgo/internal/config/parammodel/mmlstandardloader/seeds/cmcc_tdlte_v23.json; omcgo/datamodels/mml-catalog/cmcc-tdlte-v2.3.json,参数 path 位于现有 JSON/seed 分组对象路径之下，可挂到该父分组；需确认是否过宽,,,,
Device.Services.FAPService.{i}.FAPControl.NR.F1apLog.RrcLogLevel,parameter,READ_WRITE,STRING,SF,小区服务参数管理,F1apLog,Device.Services.FAPService.{i}.FAPControl.NR.F1apLog.,DEVICE_SERVICES_FAPSERVICE_FAPCONTROL_NR_F1APLOG,LST F1AP_LOG;MOD F1AP_LOG,YES_EXISTING_JSON_PARENT_GROUP,medium,SF,小区服务参数管理（总体）,FAP 载波基本配置,Device.Services.FAPService.{i}.,,,json_seed_and_catalog_existing_group,omcgo/internal/config/parammodel/mmlstandardloader/seeds/cmcc_tdlte_v23.json; omcgo/datamodels/mml-catalog/cmcc-tdlte-v2.3.json,参数 path 位于现有 JSON/seed 分组对象路径之下，可挂到该父分组；需确认是否过宽,,,,
Device.Services.FAPService.{i}.FAPControl.AUTO_START_ENABLE,parameter,READ_WRITE,BOOLEAN,SF,小区服务参数管理,FAPControl,Device.Services.FAPService.{i}.FAPControl.,DEVICE_SERVICES_FAPSERVICE_FAPCONTROL,LST FAPCONTROL;MOD FAPCONTROL,YES_EXISTING_JSON_PARENT_GROUP,medium,SF,小区服务参数管理（总体）,FAP 载波基本配置,Device.Services.FAPService.{i}.,,,json_seed_and_catalog_existing_group,omcgo/internal/config/parammodel/mmlstandardloader/seeds/cmcc_tdlte_v23.json; omcgo/datamodels/mml-catalog/cmcc-tdlte-v2.3.json,参数 path 位于现有 JSON/seed 分组对象路径之下，可挂到该父分组；需确认是否过宽,,,,
Device.Services.FAPService.{i}.FAPControl.EciAutoEnable,parameter,READ_WRITE,STRING,SF,小区服务参数管理,FAPControl,Device.Services.FAPService.{i}.FAPControl.,DEVICE_SERVICES_FAPSERVICE_FAPCONTROL,LST FAPCONTROL;MOD FAPCONTROL,YES_EXISTING_JSON_PARENT_GROUP,medium,SF,小区服务参数管理（总体）,FAP 载波基本配置,Device.Services.FAPService.{i}.,,,json_seed_and_catalog_existing_group,omcgo/internal/config/parammodel/mmlstandardloader/seeds/cmcc_tdlte_v23.json; omcgo/datamodels/mml-catalog/cmcc-tdlte-v2.3.json,参数 path 位于现有 JSON/seed 分组对象路径之下，可挂到该父分组；需确认是否过宽,,,,
Device.Services.FAPService.{i}.FAPControl.PLLSyncState,parameter,READ_ONLY,STRING,SF,小区服务参数管理,FAPControl,Device.Services.FAPService.{i}.FAPControl.,DEVICE_SERVICES_FAPSERVICE_FAPCONTROL,LST FAPCONTROL,YES_EXISTING_JSON_PARENT_GROUP,medium,SF,小区服务参数管理（总体）,FAP 载波基本配置,Device.Services.FAPService.{i}.,,,json_seed_and_catalog_existing_group,omcgo/internal/config/parammodel/mmlstandardloader/seeds/cmcc_tdlte_v23.json; omcgo/datamodels/mml-catalog/cmcc-tdlte-v2.3.json,参数 path 位于现有 JSON/seed 分组对象路径之下，可挂到该父分组；需确认是否过宽,,,,
Device.Services.FAPService.{i}.FAPControl.LTE.Gateway.AGPort1,parameter,READ_WRITE,STRING,SF,小区服务参数管理,Gateway,Device.Services.FAPService.{i}.FAPControl.LTE.Gateway.,DEVICE_SERVICES_FAPSERVICE_FAPCONTROL_LTE_GATEWAY,LST GATEWAY;MOD GATEWAY,YES_EXISTING_JSON_PARENT_GROUP,medium,SF,小区服务参数管理（总体）,FAP 载波基本配置,Device.Services.FAPService.{i}.,,,json_seed_and_catalog_existing_group,omcgo/internal/config/parammodel/mmlstandardloader/seeds/cmcc_tdlte_v23.json; omcgo/datamodels/mml-catalog/cmcc-tdlte-v2.3.json,参数 path 位于现有 JSON/seed 分组对象路径之下，可挂到该父分组；需确认是否过宽,接入网关参数管理,LTE V2.1.xlsx,SF,19
Device.Services.FAPService.{i}.FAPControl.LTE.Gateway.AGPort2,parameter,READ_WRITE,STRING,SF,小区服务参数管理,Gateway,Device.Services.FAPService.{i}.FAPControl.LTE.Gateway.,DEVICE_SERVICES_FAPSERVICE_FAPCONTROL_LTE_GATEWAY,LST GATEWAY;MOD GATEWAY,YES_EXISTING_JSON_PARENT_GROUP,medium,SF,小区服务参数管理（总体）,FAP 载波基本配置,Device.Services.FAPService.{i}.,,,json_seed_and_catalog_existing_group,omcgo/internal/config/parammodel/mmlstandardloader/seeds/cmcc_tdlte_v23.json; omcgo/datamodels/mml-catalog/cmcc-tdlte-v2.3.json,参数 path 位于现有 JSON/seed 分组对象路径之下，可挂到该父分组；需确认是否过宽,接入网关参数管理,LTE V2.1.xlsx,SF,20
Device.Services.FAPService.{i}.FAPControl.LTE.Gateway.AGPort3,parameter,READ_WRITE,STRING,SF,小区服务参数管理,Gateway,Device.Services.FAPService.{i}.FAPControl.LTE.Gateway.,DEVICE_SERVICES_FAPSERVICE_FAPCONTROL_LTE_GATEWAY,LST GATEWAY;MOD GATEWAY,YES_EXISTING_JSON_PARENT_GROUP,medium,SF,小区服务参数管理（总体）,FAP 载波基本配置,Device.Services.FAPService.{i}.,,,json_seed_and_catalog_existing_group,omcgo/internal/config/parammodel/mmlstandardloader/seeds/cmcc_tdlte_v23.json; omcgo/datamodels/mml-catalog/cmcc-tdlte-v2.3.json,参数 path 位于现有 JSON/seed 分组对象路径之下，可挂到该父分组；需确认是否过宽,接入网关参数管理,LTE V2.1.xlsx,SF,21
Device.Services.FAPService.{i}.FAPControl.LTE.Gateway.AGServerEnable,parameter,READ_WRITE,BOOLEAN,SF,小区服务参数管理,Gateway,Device.Services.FAPService.{i}.FAPControl.LTE.Gateway.,DEVICE_SERVICES_FAPSERVICE_FAPCONTROL_LTE_GATEWAY,LST GATEWAY;MOD GATEWAY,YES_EXISTING_JSON_PARENT_GROUP,medium,SF,小区服务参数管理（总体）,FAP 载波基本配置,Device.Services.FAPService.{i}.,,,json_seed_and_catalog_existing_group,omcgo/internal/config/parammodel/mmlstandardloader/seeds/cmcc_tdlte_v23.json; omcgo/datamodels/mml-catalog/cmcc-tdlte-v2.3.json,参数 path 位于现有 JSON/seed 分组对象路径之下，可挂到该父分组；需确认是否过宽,接入网关参数管理,LTE V2.1.xlsx,SF,15
Device.Services.FAPService.{i}.FAPControl.LTE.Gateway.AGServerIp1,parameter,READ_WRITE,STRING,SF,小区服务参数管理,Gateway,Device.Services.FAPService.{i}.FAPControl.LTE.Gateway.,DEVICE_SERVICES_FAPSERVICE_FAPCONTROL_LTE_GATEWAY,LST GATEWAY;MOD GATEWAY,YES_EXISTING_JSON_PARENT_GROUP,medium,SF,小区服务参数管理（总体）,FAP 载波基本配置,Device.Services.FAPService.{i}.,,,json_seed_and_catalog_existing_group,omcgo/internal/config/parammodel/mmlstandardloader/seeds/cmcc_tdlte_v23.json; omcgo/datamodels/mml-catalog/cmcc-tdlte-v2.3.json,参数 path 位于现有 JSON/seed 分组对象路径之下，可挂到该父分组；需确认是否过宽,接入网关参数管理,LTE V2.1.xlsx,SF,16
Device.Services.FAPService.{i}.FAPControl.LTE.Gateway.AGServerIp2,parameter,READ_WRITE,STRING,SF,小区服务参数管理,Gateway,Device.Services.FAPService.{i}.FAPControl.LTE.Gateway.,DEVICE_SERVICES_FAPSERVICE_FAPCONTROL_LTE_GATEWAY,LST GATEWAY;MOD GATEWAY,YES_EXISTING_JSON_PARENT_GROUP,medium,SF,小区服务参数管理（总体）,FAP 载波基本配置,Device.Services.FAPService.{i}.,,,json_seed_and_catalog_existing_group,omcgo/internal/config/parammodel/mmlstandardloader/seeds/cmcc_tdlte_v23.json; omcgo/datamodels/mml-catalog/cmcc-tdlte-v2.3.json,参数 path 位于现有 JSON/seed 分组对象路径之下，可挂到该父分组；需确认是否过宽,接入网关参数管理,LTE V2.1.xlsx,SF,17
Device.Services.FAPService.{i}.FAPControl.LTE.Gateway.AGServerIp3,parameter,READ_WRITE,STRING,SF,小区服务参数管理,Gateway,Device.Services.FAPService.{i}.FAPControl.LTE.Gateway.,DEVICE_SERVICES_FAPSERVICE_FAPCONTROL_LTE_GATEWAY,LST GATEWAY;MOD GATEWAY,YES_EXISTING_JSON_PARENT_GROUP,medium,SF,小区服务参数管理（总体）,FAP 载波基本配置,Device.Services.FAPService.{i}.,,,json_seed_and_catalog_existing_group,omcgo/internal/config/parammodel/mmlstandardloader/seeds/cmcc_tdlte_v23.json; omcgo/datamodels/mml-catalog/cmcc-tdlte-v2.3.json,参数 path 位于现有 JSON/seed 分组对象路径之下，可挂到该父分组；需确认是否过宽,接入网关参数管理,LTE V2.1.xlsx,SF,18
Device.Services.FAPService.{i}.FAPControl.LTE.Gateway.ExistPlmnidList,parameter,READ_WRITE,STRING,SF,小区服务参数管理,Gateway,Device.Services.FAPService.{i}.FAPControl.LTE.Gateway.,DEVICE_SERVICES_FAPSERVICE_FAPCONTROL_LTE_GATEWAY,LST GATEWAY;MOD GATEWAY,YES_EXISTING_JSON_PARENT_GROUP,medium,SF,小区服务参数管理（总体）,FAP 载波基本配置,Device.Services.FAPService.{i}.,,,json_seed_and_catalog_existing_group,omcgo/internal/config/parammodel/mmlstandardloader/seeds/cmcc_tdlte_v23.json; omcgo/datamodels/mml-catalog/cmcc-tdlte-v2.3.json,参数 path 位于现有 JSON/seed 分组对象路径之下，可挂到该父分组；需确认是否过宽,,,,
Device.Services.FAPService.{i}.FAPControl.LTE.Gateway.MultiS1ConnectionMode,parameter,READ_WRITE,STRING,SF,小区服务参数管理,Gateway,Device.Services.FAPService.{i}.FAPControl.LTE.Gateway.,DEVICE_SERVICES_FAPSERVICE_FAPCONTROL_LTE_GATEWAY,LST GATEWAY;MOD GATEWAY,YES_EXISTING_JSON_PARENT_GROUP,medium,SF,小区服务参数管理（总体）,FAP 载波基本配置,Device.Services.FAPService.{i}.,,,json_seed_and_catalog_existing_group,omcgo/internal/config/parammodel/mmlstandardloader/seeds/cmcc_tdlte_v23.json; omcgo/datamodels/mml-catalog/cmcc-tdlte-v2.3.json,参数 path 位于现有 JSON/seed 分组对象路径之下，可挂到该父分组；需确认是否过宽,,,,
Device.Services.FAPService.{i}.FAPControl.LTE.Gateway.S1ConnectionMode,parameter,READ_WRITE,STRING,SF,小区服务参数管理,Gateway,Device.Services.FAPService.{i}.FAPControl.LTE.Gateway.,DEVICE_SERVICES_FAPSERVICE_FAPCONTROL_LTE_GATEWAY,LST GATEWAY;MOD GATEWAY,YES_EXISTING_JSON_PARENT_GROUP,medium,SF,小区服务参数管理（总体）,FAP 载波基本配置,Device.Services.FAPService.{i}.,,,json_seed_and_catalog_existing_group,omcgo/internal/config/parammodel/mmlstandardloader/seeds/cmcc_tdlte_v23.json; omcgo/datamodels/mml-catalog/cmcc-tdlte-v2.3.json,参数 path 位于现有 JSON/seed 分组对象路径之下，可挂到该父分组；需确认是否过宽,,,,
Device.Services.FAPService.{i}.FAPControl.LTE.Gateway.S1SigLinkPort,parameter,READ_WRITE,STRING,SF,小区服务参数管理,Gateway,Device.Services.FAPService.{i}.FAPControl.LTE.Gateway.,DEVICE_SERVICES_FAPSERVICE_FAPCONTROL_LTE_GATEWAY,LST GATEWAY;MOD GATEWAY,YES_EXISTING_JSON_PARENT_GROUP,medium,SF,小区服务参数管理（总体）,FAP 载波基本配置,Device.Services.FAPService.{i}.,,,json_seed_and_catalog_existing_group,omcgo/internal/config/parammodel/mmlstandardloader/seeds/cmcc_tdlte_v23.json; omcgo/datamodels/mml-catalog/cmcc-tdlte-v2.3.json,参数 path 位于现有 JSON/seed 分组对象路径之下，可挂到该父分组；需确认是否过宽,,,,
Device.Services.FAPService.{i}.FAPControl.LTE.Gateway.S1SigLinkServerList,parameter,READ_WRITE,STRING,SF,小区服务参数管理,Gateway,Device.Services.FAPService.{i}.FAPControl.LTE.Gateway.,DEVICE_SERVICES_FAPSERVICE_FAPCONTROL_LTE_GATEWAY,LST GATEWAY;MOD GATEWAY,YES_EXISTING_JSON_PARENT_GROUP,medium,SF,小区服务参数管理（总体）,FAP 载波基本配置,Device.Services.FAPService.{i}.,,,json_seed_and_catalog_existing_group,omcgo/internal/config/parammodel/mmlstandardloader/seeds/cmcc_tdlte_v23.json; omcgo/datamodels/mml-catalog/cmcc-tdlte-v2.3.json,参数 path 位于现有 JSON/seed 分组对象路径之下，可挂到该父分组；需确认是否过宽,,,,
Device.Services.FAPService.{i}.FAPControl.LTE.Gateway.SecGWServer1,parameter,READ_WRITE,STRING,SF,小区服务参数管理,Gateway,Device.Services.FAPService.{i}.FAPControl.LTE.Gateway.,DEVICE_SERVICES_FAPSERVICE_FAPCONTROL_LTE_GATEWAY,LST GATEWAY;MOD GATEWAY,YES_EXISTING_JSON_PARENT_GROUP,medium,SF,小区服务参数管理（总体）,FAP 载波基本配置,Device.Services.FAPService.{i}.,,,json_seed_and_catalog_existing_group,omcgo/internal/config/parammodel/mmlstandardloader/seeds/cmcc_tdlte_v23.json; omcgo/datamodels/mml-catalog/cmcc-tdlte-v2.3.json,参数 path 位于现有 JSON/seed 分组对象路径之下，可挂到该父分组；需确认是否过宽,安全网关参数管理,LTE V2.1.xlsx,SF,12
Device.Services.FAPService.{i}.FAPControl.LTE.Gateway.SecGWServer2,parameter,READ_WRITE,STRING,SF,小区服务参数管理,Gateway,Device.Services.FAPService.{i}.FAPControl.LTE.Gateway.,DEVICE_SERVICES_FAPSERVICE_FAPCONTROL_LTE_GATEWAY,LST GATEWAY;MOD GATEWAY,YES_EXISTING_JSON_PARENT_GROUP,medium,SF,小区服务参数管理（总体）,FAP 载波基本配置,Device.Services.FAPService.{i}.,,,json_seed_and_catalog_existing_group,omcgo/internal/config/parammodel/mmlstandardloader/seeds/cmcc_tdlte_v23.json; omcgo/datamodels/mml-catalog/cmcc-tdlte-v2.3.json,参数 path 位于现有 JSON/seed 分组对象路径之下，可挂到该父分组；需确认是否过宽,安全网关参数管理,LTE V2.1.xlsx,SF,13
Device.Services.FAPService.{i}.FAPControl.LTE.Gateway.SecGWServer3,parameter,READ_WRITE,STRING,SF,小区服务参数管理,Gateway,Device.Services.FAPService.{i}.FAPControl.LTE.Gateway.,DEVICE_SERVICES_FAPSERVICE_FAPCONTROL_LTE_GATEWAY,LST GATEWAY;MOD GATEWAY,YES_EXISTING_JSON_PARENT_GROUP,medium,SF,小区服务参数管理（总体）,FAP 载波基本配置,Device.Services.FAPService.{i}.,,,json_seed_and_catalog_existing_group,omcgo/internal/config/parammodel/mmlstandardloader/seeds/cmcc_tdlte_v23.json; omcgo/datamodels/mml-catalog/cmcc-tdlte-v2.3.json,参数 path 位于现有 JSON/seed 分组对象路径之下，可挂到该父分组；需确认是否过宽,安全网关参数管理,LTE V2.1.xlsx,SF,14
Device.Services.FAPService.{i}.X_COM.LTE.GrpPwrCtrl.PhyIctaadjsamp,parameter,READ_WRITE,STRING,SF,小区服务参数管理,GrpPwrCtrl,Device.Services.FAPService.{i}.X_COM.LTE.GrpPwrCtrl.,DEVICE_SERVICES_FAPSERVICE_X_COM_LTE_GRPPWRCTRL,LST GRP_PWR_CTRL;MOD GRP_PWR_CTRL,YES_EXISTING_JSON_PARENT_GROUP,medium,SF,小区服务参数管理（总体）,FAP 载波基本配置,Device.Services.FAPService.{i}.,,,json_seed_and_catalog_existing_group,omcgo/internal/config/parammodel/mmlstandardloader/seeds/cmcc_tdlte_v23.json; omcgo/datamodels/mml-catalog/cmcc-tdlte-v2.3.json,参数 path 位于现有 JSON/seed 分组对象路径之下，可挂到该父分组；需确认是否过宽,,,,
Device.Services.FAPService.{i}.X_COM.LTE.GrpPwrCtrl.PhyPpssncgpsadjsamp,parameter,READ_WRITE,STRING,SF,小区服务参数管理,GrpPwrCtrl,Device.Services.FAPService.{i}.X_COM.LTE.GrpPwrCtrl.,DEVICE_SERVICES_FAPSERVICE_X_COM_LTE_GRPPWRCTRL,LST GRP_PWR_CTRL;MOD GRP_PWR_CTRL,YES_EXISTING_JSON_PARENT_GROUP,medium,SF,小区服务参数管理（总体）,FAP 载波基本配置,Device.Services.FAPService.{i}.,,,json_seed_and_catalog_existing_group,omcgo/internal/config/parammodel/mmlstandardloader/seeds/cmcc_tdlte_v23.json; omcgo/datamodels/mml-catalog/cmcc-tdlte-v2.3.json,参数 path 位于现有 JSON/seed 分组对象路径之下，可挂到该父分组；需确认是否过宽,,,,
Device.Services.FAPService.{i}.FAPControl.NR.GtpuLog.NguCuf1uLogLevel,parameter,READ_WRITE,STRING,SF,小区服务参数管理,GtpuLog,Device.Services.FAPService.{i}.FAPControl.NR.GtpuLog.,DEVICE_SERVICES_FAPSERVICE_FAPCONTROL_NR_GTPULOG,LST GTPU_LOG;MOD GTPU_LOG,YES_EXISTING_JSON_PARENT_GROUP,medium,SF,小区服务参数管理（总体）,FAP 载波基本配置,Device.Services.FAPService.{i}.,,,json_seed_and_catalog_existing_group,omcgo/internal/config/parammodel/mmlstandardloader/seeds/cmcc_tdlte_v23.json; omcgo/datamodels/mml-catalog/cmcc-tdlte-v2.3.json,参数 path 位于现有 JSON/seed 分组对象路径之下，可挂到该父分组；需确认是否过宽,,,,
Device.Services.FAPService.{i}.FAPControl.LTE.HSS.APN,parameter,READ_ONLY,STRING,SF,小区服务参数管理,HSS,Device.Services.FAPService.{i}.FAPControl.LTE.HSS.,DEVICE_SERVICES_FAPSERVICE_FAPCONTROL_LTE_HSS,LST HSS,YES_EXISTING_JSON_PARENT_GROUP,medium,SF,小区服务参数管理（总体）,FAP 载波基本配置,Device.Services.FAPService.{i}.,,,json_seed_and_catalog_existing_group,omcgo/internal/config/parammodel/mmlstandardloader/seeds/cmcc_tdlte_v23.json; omcgo/datamodels/mml-catalog/cmcc-tdlte-v2.3.json,参数 path 位于现有 JSON/seed 分组对象路径之下，可挂到该父分组；需确认是否过宽,,,,
Device.Services.FAPService.{i}.FAPControl.LTE.HSS.HaloBEnableState,parameter,READ_WRITE,BOOLEAN,SF,小区服务参数管理,HSS,Device.Services.FAPService.{i}.FAPControl.LTE.HSS.,DEVICE_SERVICES_FAPSERVICE_FAPCONTROL_LTE_HSS,LST HSS;MOD HSS,YES_EXISTING_JSON_PARENT_GROUP,medium,SF,小区服务参数管理（总体）,FAP 载波基本配置,Device.Services.FAPService.{i}.,,,json_seed_and_catalog_existing_group,omcgo/internal/config/parammodel/mmlstandardloader/seeds/cmcc_tdlte_v23.json; omcgo/datamodels/mml-catalog/cmcc-tdlte-v2.3.json,参数 path 位于现有 JSON/seed 分组对象路径之下，可挂到该父分组；需确认是否过宽,,,,
Device.Services.FAPService.{i}.FAPControl.LTE.HSS.HaloBMode,parameter,READ_WRITE,INT,SF,小区服务参数管理,HSS,Device.Services.FAPService.{i}.FAPControl.LTE.HSS.,DEVICE_SERVICES_FAPSERVICE_FAPCONTROL_LTE_HSS,LST HSS;MOD HSS,YES_EXISTING_JSON_PARENT_GROUP,medium,SF,小区服务参数管理（总体）,FAP 载波基本配置,Device.Services.FAPService.{i}.,,,json_seed_and_catalog_existing_group,omcgo/internal/config/parammodel/mmlstandardloader/seeds/cmcc_tdlte_v23.json; omcgo/datamodels/mml-catalog/cmcc-tdlte-v2.3.json,参数 path 位于现有 JSON/seed 分组对象路径之下，可挂到该父分组；需确认是否过宽,,,,
Device.Services.FAPService.{i}.FAPControl.LTE.HSS.IMS,parameter,READ_ONLY,STRING,SF,小区服务参数管理,HSS,Device.Services.FAPService.{i}.FAPControl.LTE.HSS.,DEVICE_SERVICES_FAPSERVICE_FAPCONTROL_LTE_HSS,LST HSS,YES_EXISTING_JSON_PARENT_GROUP,medium,SF,小区服务参数管理（总体）,FAP 载波基本配置,Device.Services.FAPService.{i}.,,,json_seed_and_catalog_existing_group,omcgo/internal/config/parammodel/mmlstandardloader/seeds/cmcc_tdlte_v23.json; omcgo/datamodels/mml-catalog/cmcc-tdlte-v2.3.json,参数 path 位于现有 JSON/seed 分组对象路径之下，可挂到该父分组；需确认是否过宽,,,,
Device.Services.FAPService.{i}.FAPControl.LTE.HSS.IMSI,parameter,READ_ONLY,STRING,SF,小区服务参数管理,HSS,Device.Services.FAPService.{i}.FAPControl.LTE.HSS.,DEVICE_SERVICES_FAPSERVICE_FAPCONTROL_LTE_HSS,LST HSS,YES_EXISTING_JSON_PARENT_GROUP,medium,SF,小区服务参数管理（总体）,FAP 载波基本配置,Device.Services.FAPService.{i}.,,,json_seed_and_catalog_existing_group,omcgo/internal/config/parammodel/mmlstandardloader/seeds/cmcc_tdlte_v23.json; omcgo/datamodels/mml-catalog/cmcc-tdlte-v2.3.json,参数 path 位于现有 JSON/seed 分组对象路径之下，可挂到该父分组；需确认是否过宽,,,,
Device.Services.FAPService.{i}.FAPControl.LTE.HSS.RequestApnEnable,parameter,READ_WRITE,BOOLEAN,SF,小区服务参数管理,HSS,Device.Services.FAPService.{i}.FAPControl.LTE.HSS.,DEVICE_SERVICES_FAPSERVICE_FAPCONTROL_LTE_HSS,LST HSS;MOD HSS,YES_EXISTING_JSON_PARENT_GROUP,medium,SF,小区服务参数管理（总体）,FAP 载波基本配置,Device.Services.FAPService.{i}.,,,json_seed_and_catalog_existing_group,omcgo/internal/config/parammodel/mmlstandardloader/seeds/cmcc_tdlte_v23.json; omcgo/datamodels/mml-catalog/cmcc-tdlte-v2.3.json,参数 path 位于现有 JSON/seed 分组对象路径之下，可挂到该父分组；需确认是否过宽,,,,
Device.Services.FAPService.{i}.FAPControl.LTE.HSS.RequestX2Related,parameter,READ_ONLY,STRING,SF,小区服务参数管理,HSS,Device.Services.FAPService.{i}.FAPControl.LTE.HSS.,DEVICE_SERVICES_FAPSERVICE_FAPCONTROL_LTE_HSS,LST HSS,YES_EXISTING_JSON_PARENT_GROUP,medium,SF,小区服务参数管理（总体）,FAP 载波基本配置,Device.Services.FAPService.{i}.,,,json_seed_and_catalog_existing_group,omcgo/internal/config/parammodel/mmlstandardloader/seeds/cmcc_tdlte_v23.json; omcgo/datamodels/mml-catalog/cmcc-tdlte-v2.3.json,参数 path 位于现有 JSON/seed 分组对象路径之下，可挂到该父分组；需确认是否过宽,,,,
Device.Services.FAPService.{i}.FAPControl.LTE.HSS.X2RelatedParameters,parameter,READ_WRITE,STRING,SF,小区服务参数管理,HSS,Device.Services.FAPService.{i}.FAPControl.LTE.HSS.,DEVICE_SERVICES_FAPSERVICE_FAPCONTROL_LTE_HSS,LST HSS;MOD HSS,YES_EXISTING_JSON_PARENT_GROUP,medium,SF,小区服务参数管理（总体）,FAP 载波基本配置,Device.Services.FAPService.{i}.,,,json_seed_and_catalog_existing_group,omcgo/internal/config/parammodel/mmlstandardloader/seeds/cmcc_tdlte_v23.json; omcgo/datamodels/mml-catalog/cmcc-tdlte-v2.3.json,参数 path 位于现有 JSON/seed 分组对象路径之下，可挂到该父分组；需确认是否过宽,,,,
Device.Services.FAPService.{i}.X_COM.LTE.IRAT.B2Threshold2Geran,parameter,READ_WRITE,STRING,SF,小区服务参数管理,IRAT,Device.Services.FAPService.{i}.X_COM.LTE.IRAT.,DEVICE_SERVICES_FAPSERVICE_X_COM_LTE_IRAT,LST LTE_IRAT;MOD LTE_IRAT,YES_EXISTING_JSON_PARENT_GROUP,medium,SF,小区服务参数管理（总体）,FAP 载波基本配置,Device.Services.FAPService.{i}.,,,json_seed_and_catalog_existing_group,omcgo/internal/config/parammodel/mmlstandardloader/seeds/cmcc_tdlte_v23.json; omcgo/datamodels/mml-catalog/cmcc-tdlte-v2.3.json,参数 path 位于现有 JSON/seed 分组对象路径之下，可挂到该父分组；需确认是否过宽,,,,
Device.Services.FAPService.{i}.X_COM.LTE.IRAT.B2threshold1RsrpGeran,parameter,READ_WRITE,STRING,SF,小区服务参数管理,IRAT,Device.Services.FAPService.{i}.X_COM.LTE.IRAT.,DEVICE_SERVICES_FAPSERVICE_X_COM_LTE_IRAT,LST LTE_IRAT;MOD LTE_IRAT,YES_EXISTING_JSON_PARENT_GROUP,medium,SF,小区服务参数管理（总体）,FAP 载波基本配置,Device.Services.FAPService.{i}.,,,json_seed_and_catalog_existing_group,omcgo/internal/config/parammodel/mmlstandardloader/seeds/cmcc_tdlte_v23.json; omcgo/datamodels/mml-catalog/cmcc-tdlte-v2.3.json,参数 path 位于现有 JSON/seed 分组对象路径之下，可挂到该父分组；需确认是否过宽,,,,
Device.Services.FAPService.{i}.X_COM.LTE.IRAT.B2threshold1RsrpHO,parameter,READ_WRITE,STRING,SF,小区服务参数管理,IRAT,Device.Services.FAPService.{i}.X_COM.LTE.IRAT.,DEVICE_SERVICES_FAPSERVICE_X_COM_LTE_IRAT,LST LTE_IRAT;MOD LTE_IRAT,YES_EXISTING_JSON_PARENT_GROUP,medium,SF,小区服务参数管理（总体）,FAP 载波基本配置,Device.Services.FAPService.{i}.,,,json_seed_and_catalog_existing_group,omcgo/internal/config/parammodel/mmlstandardloader/seeds/cmcc_tdlte_v23.json; omcgo/datamodels/mml-catalog/cmcc-tdlte-v2.3.json,参数 path 位于现有 JSON/seed 分组对象路径之下，可挂到该父分组；需确认是否过宽,,,,
Device.Services.FAPService.{i}.X_COM.LTE.IRAT.TargetUlSinr,parameter,READ_WRITE,STRING,SF,小区服务参数管理,IRAT,Device.Services.FAPService.{i}.X_COM.LTE.IRAT.,DEVICE_SERVICES_FAPSERVICE_X_COM_LTE_IRAT,LST LTE_IRAT;MOD LTE_IRAT,YES_EXISTING_JSON_PARENT_GROUP,medium,SF,小区服务参数管理（总体）,FAP 载波基本配置,Device.Services.FAPService.{i}.,,,json_seed_and_catalog_existing_group,omcgo/internal/config/parammodel/mmlstandardloader/seeds/cmcc_tdlte_v23.json; omcgo/datamodels/mml-catalog/cmcc-tdlte-v2.3.json,参数 path 位于现有 JSON/seed 分组对象路径之下，可挂到该父分组；需确认是否过宽,,,,
Device.Services.FAPService.{i}.FAPControl.Halob.L2.l2TunnelEnable,parameter,READ_WRITE,BOOLEAN,SF,小区服务参数管理,L2,Device.Services.FAPService.{i}.FAPControl.Halob.L2.,DEVICE_SERVICES_FAPSERVICE_FAPCONTROL_HALOB_L2,LST L2;MOD L2,YES_EXISTING_JSON_PARENT_GROUP,medium,SF,小区服务参数管理（总体）,FAP 载波基本配置,Device.Services.FAPService.{i}.,,,json_seed_and_catalog_existing_group,omcgo/internal/config/parammodel/mmlstandardloader/seeds/cmcc_tdlte_v23.json; omcgo/datamodels/mml-catalog/cmcc-tdlte-v2.3.json,参数 path 位于现有 JSON/seed 分组对象路径之下，可挂到该父分组；需确认是否过宽,,,,
Device.Services.FAPService.{i}.FAPControl.Halob.L2.l2TunnelIp,parameter,READ_WRITE,STRING,SF,小区服务参数管理,L2,Device.Services.FAPService.{i}.FAPControl.Halob.L2.,DEVICE_SERVICES_FAPSERVICE_FAPCONTROL_HALOB_L2,LST L2;MOD L2,YES_EXISTING_JSON_PARENT_GROUP,medium,SF,小区服务参数管理（总体）,FAP 载波基本配置,Device.Services.FAPService.{i}.,,,json_seed_and_catalog_existing_group,omcgo/internal/config/parammodel/mmlstandardloader/seeds/cmcc_tdlte_v23.json; omcgo/datamodels/mml-catalog/cmcc-tdlte-v2.3.json,参数 path 位于现有 JSON/seed 分组对象路径之下，可挂到该父分组；需确认是否过宽,,,,
Device.Services.FAPService.{i}.FAPControl.Halob.L2.l2TunnelMode,parameter,READ_WRITE,U_INT,SF,小区服务参数管理,L2,Device.Services.FAPService.{i}.FAPControl.Halob.L2.,DEVICE_SERVICES_FAPSERVICE_FAPCONTROL_HALOB_L2,LST L2;MOD L2,YES_EXISTING_JSON_PARENT_GROUP,medium,SF,小区服务参数管理（总体）,FAP 载波基本配置,Device.Services.FAPService.{i}.,,,json_seed_and_catalog_existing_group,omcgo/internal/config/parammodel/mmlstandardloader/seeds/cmcc_tdlte_v23.json; omcgo/datamodels/mml-catalog/cmcc-tdlte-v2.3.json,参数 path 位于现有 JSON/seed 分组对象路径之下，可挂到该父分组；需确认是否过宽,,,,
Device.Services.FAPService.{i}.FAPControl.LTE.LICENSE.Author,parameter,READ_ONLY,STRING,SF,小区服务参数管理,LICENSE,Device.Services.FAPService.{i}.FAPControl.LTE.LICENSE.,DEVICE_SERVICES_FAPSERVICE_FAPCONTROL_LTE_LICENSE,LST LICENSE,YES_EXISTING_JSON_PARENT_GROUP,medium,SF,小区服务参数管理（总体）,FAP 载波基本配置,Device.Services.FAPService.{i}.,,,json_seed_and_catalog_existing_group,omcgo/internal/config/parammodel/mmlstandardloader/seeds/cmcc_tdlte_v23.json; omcgo/datamodels/mml-catalog/cmcc-tdlte-v2.3.json,参数 path 位于现有 JSON/seed 分组对象路径之下，可挂到该父分组；需确认是否过宽,,,,
Device.Services.FAPService.{i}.FAPControl.LTE.LICENSE.CapacityListNumberOfEntries,parameter,READ_ONLY,STRING,SF,小区服务参数管理,LICENSE,Device.Services.FAPService.{i}.FAPControl.LTE.LICENSE.,DEVICE_SERVICES_FAPSERVICE_FAPCONTROL_LTE_LICENSE,LST LICENSE,YES_EXISTING_JSON_PARENT_GROUP,medium,SF,小区服务参数管理（总体）,FAP 载波基本配置,Device.Services.FAPService.{i}.,,,json_seed_and_catalog_existing_group,omcgo/internal/config/parammodel/mmlstandardloader/seeds/cmcc_tdlte_v23.json; omcgo/datamodels/mml-catalog/cmcc-tdlte-v2.3.json,参数 path 位于现有 JSON/seed 分组对象路径之下，可挂到该父分组；需确认是否过宽,,,,
Device.Services.FAPService.{i}.FAPControl.LTE.LICENSE.Code,parameter,READ_ONLY,STRING,SF,小区服务参数管理,LICENSE,Device.Services.FAPService.{i}.FAPControl.LTE.LICENSE.,DEVICE_SERVICES_FAPSERVICE_FAPCONTROL_LTE_LICENSE,LST LICENSE,YES_EXISTING_JSON_PARENT_GROUP,medium,SF,小区服务参数管理（总体）,FAP 载波基本配置,Device.Services.FAPService.{i}.,,,json_seed_and_catalog_existing_group,omcgo/internal/config/parammodel/mmlstandardloader/seeds/cmcc_tdlte_v23.json; omcgo/datamodels/mml-catalog/cmcc-tdlte-v2.3.json,参数 path 位于现有 JSON/seed 分组对象路径之下，可挂到该父分组；需确认是否过宽,,,,
Device.Services.FAPService.{i}.FAPControl.LTE.LICENSE.GenerateDate,parameter,READ_ONLY,STRING,SF,小区服务参数管理,LICENSE,Device.Services.FAPService.{i}.FAPControl.LTE.LICENSE.,DEVICE_SERVICES_FAPSERVICE_FAPCONTROL_LTE_LICENSE,LST LICENSE,YES_EXISTING_JSON_PARENT_GROUP,medium,SF,小区服务参数管理（总体）,FAP 载波基本配置,Device.Services.FAPService.{i}.,,,json_seed_and_catalog_existing_group,omcgo/internal/config/parammodel/mmlstandardloader/seeds/cmcc_tdlte_v23.json; omcgo/datamodels/mml-catalog/cmcc-tdlte-v2.3.json,参数 path 位于现有 JSON/seed 分组对象路径之下，可挂到该父分组；需确认是否过宽,,,,
Device.Services.FAPService.{i}.FAPControl.LTE.LICENSE.HaloBCentralizedModeAvailable,parameter,READ_ONLY,STRING,SF,小区服务参数管理,LICENSE,Device.Services.FAPService.{i}.FAPControl.LTE.LICENSE.,DEVICE_SERVICES_FAPSERVICE_FAPCONTROL_LTE_LICENSE,LST LICENSE,YES_EXISTING_JSON_PARENT_GROUP,medium,SF,小区服务参数管理（总体）,FAP 载波基本配置,Device.Services.FAPService.{i}.,,,json_seed_and_catalog_existing_group,omcgo/internal/config/parammodel/mmlstandardloader/seeds/cmcc_tdlte_v23.json; omcgo/datamodels/mml-catalog/cmcc-tdlte-v2.3.json,参数 path 位于现有 JSON/seed 分组对象路径之下，可挂到该父分组；需确认是否过宽,,,,
Device.Services.FAPService.{i}.FAPControl.LTE.LICENSE.HaloBSingleModeAvailable,parameter,READ_ONLY,STRING,SF,小区服务参数管理,LICENSE,Device.Services.FAPService.{i}.FAPControl.LTE.LICENSE.,DEVICE_SERVICES_FAPSERVICE_FAPCONTROL_LTE_LICENSE,LST LICENSE,YES_EXISTING_JSON_PARENT_GROUP,medium,SF,小区服务参数管理（总体）,FAP 载波基本配置,Device.Services.FAPService.{i}.,,,json_seed_and_catalog_existing_group,omcgo/internal/config/parammodel/mmlstandardloader/seeds/cmcc_tdlte_v23.json; omcgo/datamodels/mml-catalog/cmcc-tdlte-v2.3.json,参数 path 位于现有 JSON/seed 分组对象路径之下，可挂到该父分组；需确认是否过宽,,,,
Device.Services.FAPService.{i}.FAPControl.LTE.LICENSE.SeqNum,parameter,READ_ONLY,STRING,SF,小区服务参数管理,LICENSE,Device.Services.FAPService.{i}.FAPControl.LTE.LICENSE.,DEVICE_SERVICES_FAPSERVICE_FAPCONTROL_LTE_LICENSE,LST LICENSE,YES_EXISTING_JSON_PARENT_GROUP,medium,SF,小区服务参数管理（总体）,FAP 载波基本配置,Device.Services.FAPService.{i}.,,,json_seed_and_catalog_existing_group,omcgo/internal/config/parammodel/mmlstandardloader/seeds/cmcc_tdlte_v23.json; omcgo/datamodels/mml-catalog/cmcc-tdlte-v2.3.json,参数 path 位于现有 JSON/seed 分组对象路径之下，可挂到该父分组；需确认是否过宽,,,,
Device.Services.FAPService.{i}.FAPControl.LTE.LICENSE.Version,parameter,READ_ONLY,STRING,SF,小区服务参数管理,LICENSE,Device.Services.FAPService.{i}.FAPControl.LTE.LICENSE.,DEVICE_SERVICES_FAPSERVICE_FAPCONTROL_LTE_LICENSE,LST LICENSE,YES_EXISTING_JSON_PARENT_GROUP,medium,SF,小区服务参数管理（总体）,FAP 载波基本配置,Device.Services.FAPService.{i}.,,,json_seed_and_catalog_existing_group,omcgo/internal/config/parammodel/mmlstandardloader/seeds/cmcc_tdlte_v23.json; omcgo/datamodels/mml-catalog/cmcc-tdlte-v2.3.json,参数 path 位于现有 JSON/seed 分组对象路径之下，可挂到该父分组；需确认是否过宽,,,,
Device.Services.FAPService.{i}.AccessMgmt.LTE.HNBName,parameter,READ_WRITE,STRING,SF,小区服务参数管理,LTE,Device.Services.FAPService.{i}.AccessMgmt.LTE.,DEVICE_SERVICES_FAPSERVICE_ACCESSMGMT_LTE,LST ACCESS_MGMT_LTE;MOD ACCESS_MGMT_LTE,YES_QUICKSETTINGS_XML_GROUP,high,,,小区参数,,enb-cell,,quicksettings_xml_exact_standardPath,omcgo/data/quicksettings/BLQ.xml#enb-cell:小区参数(CellName); omcgo/data/quicksettings/BM.xml#enb-cell:小区参数(CellName); omcgo/data/quicksettings/ENB_DEFAULT_098.xml#enb-cell:小区参数(CellName); omcgo/data/quicksettings/ENB_DEFAULT_181.xml#enb-cell:小区参数(CellName); omcgo/data/quicksettings/MLN.xml#enb-cell:小区参数(CellName); omcgo/data/quicksettings/MLQ.xml#enb-cell:小区参数(CellName),quicksettings XML 已有同 standardPath 的前端分组,,,,
Device.Services.FAPService.{i}.AccessMgmt.LTE.MaxUEsServed,parameter,READ_WRITE,STRING,SF,小区服务参数管理,LTE,Device.Services.FAPService.{i}.AccessMgmt.LTE.,DEVICE_SERVICES_FAPSERVICE_ACCESSMGMT_LTE,LST ACCESS_MGMT_LTE;MOD ACCESS_MGMT_LTE,YES_EXISTING_JSON_PARENT_GROUP,medium,SF,小区服务参数管理（总体）,FAP 载波基本配置,Device.Services.FAPService.{i}.,,,json_seed_and_catalog_existing_group,omcgo/internal/config/parammodel/mmlstandardloader/seeds/cmcc_tdlte_v23.json; omcgo/datamodels/mml-catalog/cmcc-tdlte-v2.3.json,参数 path 位于现有 JSON/seed 分组对象路径之下，可挂到该父分组；需确认是否过宽,接入UE数量管理,LTE V2.1.xlsx,SF,29
Device.Services.FAPService.{i}.Capabilities.LTE.BandsSupported,parameter,READ_ONLY,U_INT,SF,小区服务参数管理,LTE,Device.Services.FAPService.{i}.Capabilities.LTE.,DEVICE_SERVICES_FAPSERVICE_CAPABILITIES_LTE,LST CAPABILITIES_LTE,YES_SAME_EXISTING_GROUP_CODE,high,SF,小区服务参数管理,LTE,Device.Services.FAPService.{i}.Capabilities.LTE.,DEVICE_SERVICES_FAPSERVICE_CAPABILITIES_LTE,LST FAP_SERVICE_CAPABILITIES;MOD FAP_SERVICE_CAPABILITIES,existing_mml_group_code_from_analysis,omcgo/data/model-library/standard-params-to-mml-tree-analysis-20260703.detail.csv,同一 target_group_code 已有 already_in_mml 参数，可复用该分组节点,,,,
Device.Services.FAPService.{i}.Capabilities.LTE.DuplexMode,parameter,READ_ONLY,STRING,SF,小区服务参数管理,LTE,Device.Services.FAPService.{i}.Capabilities.LTE.,DEVICE_SERVICES_FAPSERVICE_CAPABILITIES_LTE,LST CAPABILITIES_LTE,YES_SAME_EXISTING_GROUP_CODE,high,SF,小区服务参数管理,LTE,Device.Services.FAPService.{i}.Capabilities.LTE.,DEVICE_SERVICES_FAPSERVICE_CAPABILITIES_LTE,LST FAP_SERVICE_CAPABILITIES;MOD FAP_SERVICE_CAPABILITIES,existing_mml_group_code_from_analysis,omcgo/data/model-library/standard-params-to-mml-tree-analysis-20260703.detail.csv,同一 target_group_code 已有 already_in_mml 参数，可复用该分组节点,,,,
Device.Services.FAPService.{i}.Capabilities.LTE.SupportActiveRRCNumbers,parameter,READ_ONLY,U_INT,SF,小区服务参数管理,LTE,Device.Services.FAPService.{i}.Capabilities.LTE.,DEVICE_SERVICES_FAPSERVICE_CAPABILITIES_LTE,LST CAPABILITIES_LTE,YES_SAME_EXISTING_GROUP_CODE,high,SF,小区服务参数管理,LTE,Device.Services.FAPService.{i}.Capabilities.LTE.,DEVICE_SERVICES_FAPSERVICE_CAPABILITIES_LTE,LST FAP_SERVICE_CAPABILITIES;MOD FAP_SERVICE_CAPABILITIES,existing_mml_group_code_from_analysis,omcgo/data/model-library/standard-params-to-mml-tree-analysis-20260703.detail.csv,同一 target_group_code 已有 already_in_mml 参数，可复用该分组节点,接入UE数量管理,LTE V2.1.xlsx,SF,30
Device.Services.FAPService.{i}.Capabilities.LTE.UeInactiveTimer,parameter,READ_WRITE,U_INT,SF,小区服务参数管理,LTE,Device.Services.FAPService.{i}.Capabilities.LTE.,DEVICE_SERVICES_FAPSERVICE_CAPABILITIES_LTE,LST CAPABILITIES_LTE;MOD CAPABILITIES_LTE,YES_SAME_EXISTING_GROUP_CODE,high,SF,小区服务参数管理,LTE,Device.Services.FAPService.{i}.Capabilities.LTE.,DEVICE_SERVICES_FAPSERVICE_CAPABILITIES_LTE,LST FAP_SERVICE_CAPABILITIES;MOD FAP_SERVICE_CAPABILITIES,existing_mml_group_code_from_analysis,omcgo/data/model-library/standard-params-to-mml-tree-analysis-20260703.detail.csv,同一 target_group_code 已有 already_in_mml 参数，可复用该分组节点,接入UE数量管理,LTE V2.1.xlsx,SF,28
Device.Services.FAPService.{i}.FAPControl.LTE.AdminState,parameter,READ_WRITE,BOOLEAN,SF,小区服务参数管理,LTE,Device.Services.FAPService.{i}.FAPControl.LTE.,DEVICE_SERVICES_FAPSERVICE_FAPCONTROL_LTE,LST FAPCONTROL_LTE;MOD FAPCONTROL_LTE,YES_EXISTING_JSON_PARENT_GROUP,medium,SF,小区服务参数管理（总体）,FAP 载波基本配置,Device.Services.FAPService.{i}.,,,json_seed_and_catalog_existing_group,omcgo/internal/config/parammodel/mmlstandardloader/seeds/cmcc_tdlte_v23.json; omcgo/datamodels/mml-catalog/cmcc-tdlte-v2.3.json,参数 path 位于现有 JSON/seed 分组对象路径之下，可挂到该父分组；需确认是否过宽,基站运行状态参数,LTE V2.1.xlsx,SF,53
Device.Services.FAPService.{i}.FAPControl.LTE.InUse,parameter,READ_WRITE,STRING,SF,小区服务参数管理,LTE,Device.Services.FAPService.{i}.FAPControl.LTE.,DEVICE_SERVICES_FAPSERVICE_FAPCONTROL_LTE,LST FAPCONTROL_LTE;MOD FAPCONTROL_LTE,YES_EXISTING_JSON_PARENT_GROUP,medium,SF,小区服务参数管理（总体）,FAP 载波基本配置,Device.Services.FAPService.{i}.,,,json_seed_and_catalog_existing_group,omcgo/internal/config/parammodel/mmlstandardloader/seeds/cmcc_tdlte_v23.json; omcgo/datamodels/mml-catalog/cmcc-tdlte-v2.3.json,参数 path 位于现有 JSON/seed 分组对象路径之下，可挂到该父分组；需确认是否过宽,,,,
Device.Services.FAPService.{i}.FAPControl.LTE.OpState,parameter,READ_WRITE,STRING,SF,小区服务参数管理,LTE,Device.Services.FAPService.{i}.FAPControl.LTE.,DEVICE_SERVICES_FAPSERVICE_FAPCONTROL_LTE,LST FAPCONTROL_LTE;MOD FAPCONTROL_LTE,YES_EXISTING_JSON_PARENT_GROUP,medium,SF,小区服务参数管理（总体）,FAP 载波基本配置,Device.Services.FAPService.{i}.,,,json_seed_and_catalog_existing_group,omcgo/internal/config/parammodel/mmlstandardloader/seeds/cmcc_tdlte_v23.json; omcgo/datamodels/mml-catalog/cmcc-tdlte-v2.3.json,参数 path 位于现有 JSON/seed 分组对象路径之下，可挂到该父分组；需确认是否过宽,基站运行状态参数,LTE V2.1.xlsx,SF,54
Device.Services.FAPService.{i}.FAPControl.LTE.RFTxStatus,parameter,READ_WRITE,BOOLEAN,SF,小区服务参数管理,LTE,Device.Services.FAPService.{i}.FAPControl.LTE.,DEVICE_SERVICES_FAPSERVICE_FAPCONTROL_LTE,LST FAPCONTROL_LTE;MOD FAPCONTROL_LTE,YES_EXISTING_JSON_PARENT_GROUP,medium,SF,小区服务参数管理（总体）,FAP 载波基本配置,Device.Services.FAPService.{i}.,,,json_seed_and_catalog_existing_group,omcgo/internal/config/parammodel/mmlstandardloader/seeds/cmcc_tdlte_v23.json; omcgo/datamodels/mml-catalog/cmcc-tdlte-v2.3.json,参数 path 位于现有 JSON/seed 分组对象路径之下，可挂到该父分组；需确认是否过宽,基站运行状态参数,LTE V2.1.xlsx,SF,55
Device.Services.FAPService.{i}.FAPControl.LTE.RUHOControlEnable,parameter,READ_WRITE,BOOLEAN,SF,小区服务参数管理,LTE,Device.Services.FAPService.{i}.FAPControl.LTE.,DEVICE_SERVICES_FAPSERVICE_FAPCONTROL_LTE,LST FAPCONTROL_LTE;MOD FAPCONTROL_LTE,YES_EXISTING_JSON_PARENT_GROUP,medium,SF,小区服务参数管理（总体）,FAP 载波基本配置,Device.Services.FAPService.{i}.,,,json_seed_and_catalog_existing_group,omcgo/internal/config/parammodel/mmlstandardloader/seeds/cmcc_tdlte_v23.json; omcgo/datamodels/mml-catalog/cmcc-tdlte-v2.3.json,参数 path 位于现有 JSON/seed 分组对象路径之下，可挂到该父分组；需确认是否过宽,扩展型一体化皮站-主单元（MU）参数管理,LTE V2.1.xlsx,SR,3
Device.Services.FAPService.{i}.FAPControl.LTE.SourcedSignalEnable,parameter,READ_WRITE,BOOLEAN,SF,小区服务参数管理,LTE,Device.Services.FAPService.{i}.FAPControl.LTE.,DEVICE_SERVICES_FAPSERVICE_FAPCONTROL_LTE,LST FAPCONTROL_LTE;MOD FAPCONTROL_LTE,YES_EXISTING_JSON_PARENT_GROUP,medium,SF,小区服务参数管理（总体）,FAP 载波基本配置,Device.Services.FAPService.{i}.,,,json_seed_and_catalog_existing_group,omcgo/internal/config/parammodel/mmlstandardloader/seeds/cmcc_tdlte_v23.json; omcgo/datamodels/mml-catalog/cmcc-tdlte-v2.3.json,参数 path 位于现有 JSON/seed 分组对象路径之下，可挂到该父分组；需确认是否过宽,扩展型一体化皮站-主单元（MU）参数管理,LTE V2.1.xlsx,SR,2
Device.Services.FAPService.{i}.X_COM.LTE.HOVA3Offset,parameter,READ_WRITE,STRING,SF,小区服务参数管理,LTE,Device.Services.FAPService.{i}.X_COM.LTE.,DEVICE_SERVICES_FAPSERVICE_X_COM_LTE,LST X_COM_LTE;MOD X_COM_LTE,YES_EXISTING_JSON_PARENT_GROUP,medium,SF,小区服务参数管理（总体）,FAP 载波基本配置,Device.Services.FAPService.{i}.,,,json_seed_and_catalog_existing_group,omcgo/internal/config/parammodel/mmlstandardloader/seeds/cmcc_tdlte_v23.json; omcgo/datamodels/mml-catalog/cmcc-tdlte-v2.3.json,参数 path 位于现有 JSON/seed 分组对象路径之下，可挂到该父分组；需确认是否过宽,,,,
Device.Services.FAPService.{i}.X_COM.LTE.HOVInterA5Threshold1RSRP,parameter,READ_WRITE,STRING,SF,小区服务参数管理,LTE,Device.Services.FAPService.{i}.X_COM.LTE.,DEVICE_SERVICES_FAPSERVICE_X_COM_LTE,LST X_COM_LTE;MOD X_COM_LTE,YES_EXISTING_JSON_PARENT_GROUP,medium,SF,小区服务参数管理（总体）,FAP 载波基本配置,Device.Services.FAPService.{i}.,,,json_seed_and_catalog_existing_group,omcgo/internal/config/parammodel/mmlstandardloader/seeds/cmcc_tdlte_v23.json; omcgo/datamodels/mml-catalog/cmcc-tdlte-v2.3.json,参数 path 位于现有 JSON/seed 分组对象路径之下，可挂到该父分组；需确认是否过宽,,,,
Device.Services.FAPService.{i}.X_COM.LTE.HOVInterA5Threshold2RSRP,parameter,READ_WRITE,STRING,SF,小区服务参数管理,LTE,Device.Services.FAPService.{i}.X_COM.LTE.,DEVICE_SERVICES_FAPSERVICE_X_COM_LTE,LST X_COM_LTE;MOD X_COM_LTE,YES_EXISTING_JSON_PARENT_GROUP,medium,SF,小区服务参数管理（总体）,FAP 载波基本配置,Device.Services.FAPService.{i}.,,,json_seed_and_catalog_existing_group,omcgo/internal/config/parammodel/mmlstandardloader/seeds/cmcc_tdlte_v23.json; omcgo/datamodels/mml-catalog/cmcc-tdlte-v2.3.json,参数 path 位于现有 JSON/seed 分组对象路径之下，可挂到该父分组；需确认是否过宽,,,,
Device.Services.FAPService.{i}.FAPControl.NR.LgwFwdCfg.LgwBindName,parameter,READ_WRITE,STRING,SF,小区服务参数管理,LgwFwdCfg,Device.Services.FAPService.{i}.FAPControl.NR.LgwFwdCfg.,DEVICE_SERVICES_FAPSERVICE_FAPCONTROL_NR_LGWFWDCFG,LST LGW_FWD_CFG;MOD LGW_FWD_CFG,YES_EXISTING_JSON_PARENT_GROUP,medium,SF,小区服务参数管理（总体）,FAP 载波基本配置,Device.Services.FAPService.{i}.,,,json_seed_and_catalog_existing_group,omcgo/internal/config/parammodel/mmlstandardloader/seeds/cmcc_tdlte_v23.json; omcgo/datamodels/mml-catalog/cmcc-tdlte-v2.3.json,参数 path 位于现有 JSON/seed 分组对象路径之下，可挂到该父分组；需确认是否过宽,,,,
Device.Services.FAPService.{i}.FAPControl.NR.LgwFwdCfg.LgwEnable,parameter,READ_WRITE,STRING,SF,小区服务参数管理,LgwFwdCfg,Device.Services.FAPService.{i}.FAPControl.NR.LgwFwdCfg.,DEVICE_SERVICES_FAPSERVICE_FAPCONTROL_NR_LGWFWDCFG,LST LGW_FWD_CFG;MOD LGW_FWD_CFG,YES_EXISTING_JSON_PARENT_GROUP,medium,SF,小区服务参数管理（总体）,FAP 载波基本配置,Device.Services.FAPService.{i}.,,,json_seed_and_catalog_existing_group,omcgo/internal/config/parammodel/mmlstandardloader/seeds/cmcc_tdlte_v23.json; omcgo/datamodels/mml-catalog/cmcc-tdlte-v2.3.json,参数 path 位于现有 JSON/seed 分组对象路径之下，可挂到该父分组；需确认是否过宽,,,,
Device.Services.FAPService.{i}.FAPControl.NR.LgwFwdCfg.LgwFwdIpv4Addr,parameter,READ_WRITE,STRING,SF,小区服务参数管理,LgwFwdCfg,Device.Services.FAPService.{i}.FAPControl.NR.LgwFwdCfg.,DEVICE_SERVICES_FAPSERVICE_FAPCONTROL_NR_LGWFWDCFG,LST LGW_FWD_CFG;MOD LGW_FWD_CFG,YES_EXISTING_JSON_PARENT_GROUP,medium,SF,小区服务参数管理（总体）,FAP 载波基本配置,Device.Services.FAPService.{i}.,,,json_seed_and_catalog_existing_group,omcgo/internal/config/parammodel/mmlstandardloader/seeds/cmcc_tdlte_v23.json; omcgo/datamodels/mml-catalog/cmcc-tdlte-v2.3.json,参数 path 位于现有 JSON/seed 分组对象路径之下，可挂到该父分组；需确认是否过宽,,,,
Device.Services.FAPService.{i}.FAPControl.NR.LgwFwdCfg.LgwFwdIpv4Enable,parameter,READ_WRITE,STRING,SF,小区服务参数管理,LgwFwdCfg,Device.Services.FAPService.{i}.FAPControl.NR.LgwFwdCfg.,DEVICE_SERVICES_FAPSERVICE_FAPCONTROL_NR_LGWFWDCFG,LST LGW_FWD_CFG;MOD LGW_FWD_CFG,YES_EXISTING_JSON_PARENT_GROUP,medium,SF,小区服务参数管理（总体）,FAP 载波基本配置,Device.Services.FAPService.{i}.,,,json_seed_and_catalog_existing_group,omcgo/internal/config/parammodel/mmlstandardloader/seeds/cmcc_tdlte_v23.json; omcgo/datamodels/mml-catalog/cmcc-tdlte-v2.3.json,参数 path 位于现有 JSON/seed 分组对象路径之下，可挂到该父分组；需确认是否过宽,,,,
Device.Services.FAPService.{i}.FAPControl.NR.LgwFwdCfg.LgwFwdIpv4Mask,parameter,READ_WRITE,STRING,SF,小区服务参数管理,LgwFwdCfg,Device.Services.FAPService.{i}.FAPControl.NR.LgwFwdCfg.,DEVICE_SERVICES_FAPSERVICE_FAPCONTROL_NR_LGWFWDCFG,LST LGW_FWD_CFG;MOD LGW_FWD_CFG,YES_EXISTING_JSON_PARENT_GROUP,medium,SF,小区服务参数管理（总体）,FAP 载波基本配置,Device.Services.FAPService.{i}.,,,json_seed_and_catalog_existing_group,omcgo/internal/config/parammodel/mmlstandardloader/seeds/cmcc_tdlte_v23.json; omcgo/datamodels/mml-catalog/cmcc-tdlte-v2.3.json,参数 path 位于现有 JSON/seed 分组对象路径之下，可挂到该父分组；需确认是否过宽,,,,
Device.Services.FAPService.{i}.FAPControl.NR.LgwFwdCfg.LgwFwdIpv6Addr,parameter,READ_WRITE,STRING,SF,小区服务参数管理,LgwFwdCfg,Device.Services.FAPService.{i}.FAPControl.NR.LgwFwdCfg.,DEVICE_SERVICES_FAPSERVICE_FAPCONTROL_NR_LGWFWDCFG,LST LGW_FWD_CFG;MOD LGW_FWD_CFG,YES_EXISTING_JSON_PARENT_GROUP,medium,SF,小区服务参数管理（总体）,FAP 载波基本配置,Device.Services.FAPService.{i}.,,,json_seed_and_catalog_existing_group,omcgo/internal/config/parammodel/mmlstandardloader/seeds/cmcc_tdlte_v23.json; omcgo/datamodels/mml-catalog/cmcc-tdlte-v2.3.json,参数 path 位于现有 JSON/seed 分组对象路径之下，可挂到该父分组；需确认是否过宽,,,,
Device.Services.FAPService.{i}.FAPControl.NR.LgwFwdCfg.LgwFwdIpv6Enable,parameter,READ_WRITE,STRING,SF,小区服务参数管理,LgwFwdCfg,Device.Services.FAPService.{i}.FAPControl.NR.LgwFwdCfg.,DEVICE_SERVICES_FAPSERVICE_FAPCONTROL_NR_LGWFWDCFG,LST LGW_FWD_CFG;MOD LGW_FWD_CFG,YES_EXISTING_JSON_PARENT_GROUP,medium,SF,小区服务参数管理（总体）,FAP 载波基本配置,Device.Services.FAPService.{i}.,,,json_seed_and_catalog_existing_group,omcgo/internal/config/parammodel/mmlstandardloader/seeds/cmcc_tdlte_v23.json; omcgo/datamodels/mml-catalog/cmcc-tdlte-v2.3.json,参数 path 位于现有 JSON/seed 分组对象路径之下，可挂到该父分组；需确认是否过宽,,,,
Device.Services.FAPService.{i}.FAPControl.NR.LgwFwdCfg.LgwFwdIpv6PrefixLen,parameter,READ_WRITE,STRING,SF,小区服务参数管理,LgwFwdCfg,Device.Services.FAPService.{i}.FAPControl.NR.LgwFwdCfg.,DEVICE_SERVICES_FAPSERVICE_FAPCONTROL_NR_LGWFWDCFG,LST LGW_FWD_CFG;MOD LGW_FWD_CFG,YES_EXISTING_JSON_PARENT_GROUP,medium,SF,小区服务参数管理（总体）,FAP 载波基本配置,Device.Services.FAPService.{i}.,,,json_seed_and_catalog_existing_group,omcgo/internal/config/parammodel/mmlstandardloader/seeds/cmcc_tdlte_v23.json; omcgo/datamodels/mml-catalog/cmcc-tdlte-v2.3.json,参数 path 位于现有 JSON/seed 分组对象路径之下，可挂到该父分组；需确认是否过宽,,,,
Device.Services.FAPService.{i}.FAPControl.NR.LgwFwdCfg.LgwFwdMode,parameter,READ_WRITE,STRING,SF,小区服务参数管理,LgwFwdCfg,Device.Services.FAPService.{i}.FAPControl.NR.LgwFwdCfg.,DEVICE_SERVICES_FAPSERVICE_FAPCONTROL_NR_LGWFWDCFG,LST LGW_FWD_CFG;MOD LGW_FWD_CFG,YES_EXISTING_JSON_PARENT_GROUP,medium,SF,小区服务参数管理（总体）,FAP 载波基本配置,Device.Services.FAPService.{i}.,,,json_seed_and_catalog_existing_group,omcgo/internal/config/parammodel/mmlstandardloader/seeds/cmcc_tdlte_v23.json; omcgo/datamodels/mml-catalog/cmcc-tdlte-v2.3.json,参数 path 位于现有 JSON/seed 分组对象路径之下，可挂到该父分组；需确认是否过宽,,,,
Device.Services.FAPService.{i}.CellConfig.{i}.NR.MacSchedulerInfo.MacLogLevel,parameter,READ_WRITE,STRING,SF,小区服务参数管理,MacSchedulerInfo,Device.Services.FAPService.{i}.CellConfig.{i}.NR.MacSchedulerInfo.,DEVICE_SERVICES_FAPSERVICE_CELLCONFIG_NR_MACSCHEDULERINFO,LST MAC_SCHEDULER_INFO;MOD MAC_SCHEDULER_INFO,YES_EXISTING_JSON_PARENT_GROUP,medium,SF,小区服务参数管理（总体）,FAP 载波基本配置,Device.Services.FAPService.{i}.,,,json_seed_and_catalog_existing_group,omcgo/internal/config/parammodel/mmlstandardloader/seeds/cmcc_tdlte_v23.json; omcgo/datamodels/mml-catalog/cmcc-tdlte-v2.3.json,参数 path 位于现有 JSON/seed 分组对象路径之下，可挂到该父分组；需确认是否过宽,,,,
Device.Services.FAPService.{i}.CellConfig.{i}.NR.MacSchedulerInfo.SchLogLevel,parameter,READ_WRITE,STRING,SF,小区服务参数管理,MacSchedulerInfo,Device.Services.FAPService.{i}.CellConfig.{i}.NR.MacSchedulerInfo.,DEVICE_SERVICES_FAPSERVICE_CELLCONFIG_NR_MACSCHEDULERINFO,LST MAC_SCHEDULER_INFO;MOD MAC_SCHEDULER_INFO,YES_EXISTING_JSON_PARENT_GROUP,medium,SF,小区服务参数管理（总体）,FAP 载波基本配置,Device.Services.FAPService.{i}.,,,json_seed_and_catalog_existing_group,omcgo/internal/config/parammodel/mmlstandardloader/seeds/cmcc_tdlte_v23.json; omcgo/datamodels/mml-catalog/cmcc-tdlte-v2.3.json,参数 path 位于现有 JSON/seed 分组对象路径之下，可挂到该父分组；需确认是否过宽,,,,
Device.Services.FAPService.{i}.FAPControl.LTE.Gateway.MmePool.Enable,parameter,READ_WRITE,BOOLEAN,SF,小区服务参数管理,MmePool,Device.Services.FAPService.{i}.FAPControl.LTE.Gateway.MmePool.,DEVICE_SERVICES_FAPSERVICE_FAPCONTROL_LTE_GATEWAY_MMEPOOL,LST MME_POOL;MOD MME_POOL,YES_EXISTING_JSON_PARENT_GROUP,medium,SF,小区服务参数管理（总体）,FAP 载波基本配置,Device.Services.FAPService.{i}.,,,json_seed_and_catalog_existing_group,omcgo/internal/config/parammodel/mmlstandardloader/seeds/cmcc_tdlte_v23.json; omcgo/datamodels/mml-catalog/cmcc-tdlte-v2.3.json,参数 path 位于现有 JSON/seed 分组对象路径之下，可挂到该父分组；需确认是否过宽,,,,
Device.Services.FAPService.{i}.FAPControl.LTE.Gateway.MmePool.MmePool1IpsecAddr,parameter,READ_ONLY,STRING,SF,小区服务参数管理,MmePool,Device.Services.FAPService.{i}.FAPControl.LTE.Gateway.MmePool.,DEVICE_SERVICES_FAPSERVICE_FAPCONTROL_LTE_GATEWAY_MMEPOOL,LST MME_POOL,YES_EXISTING_JSON_PARENT_GROUP,medium,SF,小区服务参数管理（总体）,FAP 载波基本配置,Device.Services.FAPService.{i}.,,,json_seed_and_catalog_existing_group,omcgo/internal/config/parammodel/mmlstandardloader/seeds/cmcc_tdlte_v23.json; omcgo/datamodels/mml-catalog/cmcc-tdlte-v2.3.json,参数 path 位于现有 JSON/seed 分组对象路径之下，可挂到该父分组；需确认是否过宽,,,,
Device.Services.FAPService.{i}.FAPControl.LTE.Gateway.MmePool.MmePool1List,parameter,READ_WRITE,STRING,SF,小区服务参数管理,MmePool,Device.Services.FAPService.{i}.FAPControl.LTE.Gateway.MmePool.,DEVICE_SERVICES_FAPSERVICE_FAPCONTROL_LTE_GATEWAY_MMEPOOL,LST MME_POOL;MOD MME_POOL,YES_EXISTING_JSON_PARENT_GROUP,medium,SF,小区服务参数管理（总体）,FAP 载波基本配置,Device.Services.FAPService.{i}.,,,json_seed_and_catalog_existing_group,omcgo/internal/config/parammodel/mmlstandardloader/seeds/cmcc_tdlte_v23.json; omcgo/datamodels/mml-catalog/cmcc-tdlte-v2.3.json,参数 path 位于现有 JSON/seed 分组对象路径之下，可挂到该父分组；需确认是否过宽,,,,
Device.Services.FAPService.{i}.FAPControl.LTE.Gateway.MmePool.MmePool1Status,parameter,READ_ONLY,STRING,SF,小区服务参数管理,MmePool,Device.Services.FAPService.{i}.FAPControl.LTE.Gateway.MmePool.,DEVICE_SERVICES_FAPSERVICE_FAPCONTROL_LTE_GATEWAY_MMEPOOL,LST MME_POOL,YES_EXISTING_JSON_PARENT_GROUP,medium,SF,小区服务参数管理（总体）,FAP 载波基本配置,Device.Services.FAPService.{i}.,,,json_seed_and_catalog_existing_group,omcgo/internal/config/parammodel/mmlstandardloader/seeds/cmcc_tdlte_v23.json; omcgo/datamodels/mml-catalog/cmcc-tdlte-v2.3.json,参数 path 位于现有 JSON/seed 分组对象路径之下，可挂到该父分组；需确认是否过宽,,,,
Device.Services.FAPService.{i}.FAPControl.LTE.Gateway.MmePool.MmePool2IpsecAddr,parameter,READ_ONLY,STRING,SF,小区服务参数管理,MmePool,Device.Services.FAPService.{i}.FAPControl.LTE.Gateway.MmePool.,DEVICE_SERVICES_FAPSERVICE_FAPCONTROL_LTE_GATEWAY_MMEPOOL,LST MME_POOL,YES_EXISTING_JSON_PARENT_GROUP,medium,SF,小区服务参数管理（总体）,FAP 载波基本配置,Device.Services.FAPService.{i}.,,,json_seed_and_catalog_existing_group,omcgo/internal/config/parammodel/mmlstandardloader/seeds/cmcc_tdlte_v23.json; omcgo/datamodels/mml-catalog/cmcc-tdlte-v2.3.json,参数 path 位于现有 JSON/seed 分组对象路径之下，可挂到该父分组；需确认是否过宽,,,,
Device.Services.FAPService.{i}.FAPControl.LTE.Gateway.MmePool.MmePool2List,parameter,READ_WRITE,STRING,SF,小区服务参数管理,MmePool,Device.Services.FAPService.{i}.FAPControl.LTE.Gateway.MmePool.,DEVICE_SERVICES_FAPSERVICE_FAPCONTROL_LTE_GATEWAY_MMEPOOL,LST MME_POOL;MOD MME_POOL,YES_EXISTING_JSON_PARENT_GROUP,medium,SF,小区服务参数管理（总体）,FAP 载波基本配置,Device.Services.FAPService.{i}.,,,json_seed_and_catalog_existing_group,omcgo/internal/config/parammodel/mmlstandardloader/seeds/cmcc_tdlte_v23.json; omcgo/datamodels/mml-catalog/cmcc-tdlte-v2.3.json,参数 path 位于现有 JSON/seed 分组对象路径之下，可挂到该父分组；需确认是否过宽,,,,
Device.Services.FAPService.{i}.FAPControl.LTE.Gateway.MmePool.MmePool2Status,parameter,READ_ONLY,STRING,SF,小区服务参数管理,MmePool,Device.Services.FAPService.{i}.FAPControl.LTE.Gateway.MmePool.,DEVICE_SERVICES_FAPSERVICE_FAPCONTROL_LTE_GATEWAY_MMEPOOL,LST MME_POOL,YES_EXISTING_JSON_PARENT_GROUP,medium,SF,小区服务参数管理（总体）,FAP 载波基本配置,Device.Services.FAPService.{i}.,,,json_seed_and_catalog_existing_group,omcgo/internal/config/parammodel/mmlstandardloader/seeds/cmcc_tdlte_v23.json; omcgo/datamodels/mml-catalog/cmcc-tdlte-v2.3.json,参数 path 位于现有 JSON/seed 分组对象路径之下，可挂到该父分组；需确认是否过宽,,,,
Device.Services.FAPService.{i}.FAPControl.LTE.Gateway.MmePool.MmePoolListMapIpsecTunnel,parameter,READ_WRITE,STRING,SF,小区服务参数管理,MmePool,Device.Services.FAPService.{i}.FAPControl.LTE.Gateway.MmePool.,DEVICE_SERVICES_FAPSERVICE_FAPCONTROL_LTE_GATEWAY_MMEPOOL,LST MME_POOL;MOD MME_POOL,YES_EXISTING_JSON_PARENT_GROUP,medium,SF,小区服务参数管理（总体）,FAP 载波基本配置,Device.Services.FAPService.{i}.,,,json_seed_and_catalog_existing_group,omcgo/internal/config/parammodel/mmlstandardloader/seeds/cmcc_tdlte_v23.json; omcgo/datamodels/mml-catalog/cmcc-tdlte-v2.3.json,参数 path 位于现有 JSON/seed 分组对象路径之下，可挂到该父分组；需确认是否过宽,,,,
Device.Services.FAPService.{i}.CellConfig.LTE.MocnConfigParam.{i},parameter,READ_WRITE,STRING,SF,小区服务参数管理,MocnConfigParam,Device.Services.FAPService.{i}.CellConfig.LTE.MocnConfigParam.,DEVICE_SERVICES_FAPSERVICE_CELLCONFIG_LTE_MOCNCONFIGPARAM,LST MOCN_CONFIG_PARAM;MOD MOCN_CONFIG_PARAM,YES_EXISTING_JSON_PARENT_GROUP,medium,SF,小区服务参数管理（总体）,FAP 载波基本配置,Device.Services.FAPService.{i}.,,,json_seed_and_catalog_existing_group,omcgo/internal/config/parammodel/mmlstandardloader/seeds/cmcc_tdlte_v23.json; omcgo/datamodels/mml-catalog/cmcc-tdlte-v2.3.json,参数 path 位于现有 JSON/seed 分组对象路径之下，可挂到该父分组；需确认是否过宽,,,,
Device.Services.FAPService.{i}.CellConfig.LTE.MultiIpsecConfigParam.{i},parameter,READ_WRITE,STRING,SF,小区服务参数管理,MultiIpsecConfigParam,Device.Services.FAPService.{i}.CellConfig.LTE.MultiIpsecConfigParam.,DEVICE_SERVICES_FAPSERVICE_CELLCONFIG_LTE_MULTIIPSECCONFIGPARAM,LST MULTI_IPSEC_CONFIG_PARAM;MOD MULTI_IPSEC_CONFIG_PARAM,YES_EXISTING_JSON_PARENT_GROUP,medium,SF,小区服务参数管理（总体）,FAP 载波基本配置,Device.Services.FAPService.{i}.,,,json_seed_and_catalog_existing_group,omcgo/internal/config/parammodel/mmlstandardloader/seeds/cmcc_tdlte_v23.json; omcgo/datamodels/mml-catalog/cmcc-tdlte-v2.3.json,参数 path 位于现有 JSON/seed 分组对象路径之下，可挂到该父分组；需确认是否过宽,,,,
Device.Services.FAPService.{i}.FAPControl.NR.MultiPlmnEnable,parameter,READ_WRITE,STRING,SF,小区服务参数管理,NR,Device.Services.FAPService.{i}.FAPControl.NR.,DEVICE_SERVICES_FAPSERVICE_FAPCONTROL_NR,LST FAPCONTROL_NR;MOD FAPCONTROL_NR,YES_EXISTING_JSON_PARENT_GROUP,medium,SF,小区服务参数管理（总体）,FAP 载波基本配置,Device.Services.FAPService.{i}.,,,json_seed_and_catalog_existing_group,omcgo/internal/config/parammodel/mmlstandardloader/seeds/cmcc_tdlte_v23.json; omcgo/datamodels/mml-catalog/cmcc-tdlte-v2.3.json,参数 path 位于现有 JSON/seed 分组对象路径之下，可挂到该父分组；需确认是否过宽,,,,
Device.Services.FAPService.{i}.FAPControl.NR.NgapDscp.Dscp,parameter,READ_WRITE,STRING,SF,小区服务参数管理,NgapDscp,Device.Services.FAPService.{i}.FAPControl.NR.NgapDscp.,DEVICE_SERVICES_FAPSERVICE_FAPCONTROL_NR_NGAPDSCP,LST NGAP_DSCP;MOD NGAP_DSCP,YES_EXISTING_JSON_PARENT_GROUP,medium,SF,小区服务参数管理（总体）,FAP 载波基本配置,Device.Services.FAPService.{i}.,,,json_seed_and_catalog_existing_group,omcgo/internal/config/parammodel/mmlstandardloader/seeds/cmcc_tdlte_v23.json; omcgo/datamodels/mml-catalog/cmcc-tdlte-v2.3.json,参数 path 位于现有 JSON/seed 分组对象路径之下，可挂到该父分组；需确认是否过宽,,,,
Device.Services.FAPService.{i}.FAPControl.NR.NgapDscp.VlanPrio,parameter,READ_WRITE,STRING,SF,小区服务参数管理,NgapDscp,Device.Services.FAPService.{i}.FAPControl.NR.NgapDscp.,DEVICE_SERVICES_FAPSERVICE_FAPCONTROL_NR_NGAPDSCP,LST NGAP_DSCP;MOD NGAP_DSCP,YES_EXISTING_JSON_PARENT_GROUP,medium,SF,小区服务参数管理（总体）,FAP 载波基本配置,Device.Services.FAPService.{i}.,,,json_seed_and_catalog_existing_group,omcgo/internal/config/parammodel/mmlstandardloader/seeds/cmcc_tdlte_v23.json; omcgo/datamodels/mml-catalog/cmcc-tdlte-v2.3.json,参数 path 位于现有 JSON/seed 分组对象路径之下，可挂到该父分组；需确认是否过宽,,,,
Device.Services.FAPService.{i}.FAPControl.NR.OamDscp.Dscp,parameter,READ_WRITE,STRING,SF,小区服务参数管理,OamDscp,Device.Services.FAPService.{i}.FAPControl.NR.OamDscp.,DEVICE_SERVICES_FAPSERVICE_FAPCONTROL_NR_OAMDSCP,LST OAM_DSCP;MOD OAM_DSCP,YES_EXISTING_JSON_PARENT_GROUP,medium,SF,小区服务参数管理（总体）,FAP 载波基本配置,Device.Services.FAPService.{i}.,,,json_seed_and_catalog_existing_group,omcgo/internal/config/parammodel/mmlstandardloader/seeds/cmcc_tdlte_v23.json; omcgo/datamodels/mml-catalog/cmcc-tdlte-v2.3.json,参数 path 位于现有 JSON/seed 分组对象路径之下，可挂到该父分组；需确认是否过宽,,,,
Device.Services.FAPService.{i}.FAPControl.NR.OamDscp.VlanPrio,parameter,READ_WRITE,STRING,SF,小区服务参数管理,OamDscp,Device.Services.FAPService.{i}.FAPControl.NR.OamDscp.,DEVICE_SERVICES_FAPSERVICE_FAPCONTROL_NR_OAMDSCP,LST OAM_DSCP;MOD OAM_DSCP,YES_EXISTING_JSON_PARENT_GROUP,medium,SF,小区服务参数管理（总体）,FAP 载波基本配置,Device.Services.FAPService.{i}.,,,json_seed_and_catalog_existing_group,omcgo/internal/config/parammodel/mmlstandardloader/seeds/cmcc_tdlte_v23.json; omcgo/datamodels/mml-catalog/cmcc-tdlte-v2.3.json,参数 path 位于现有 JSON/seed 分组对象路径之下，可挂到该父分组；需确认是否过宽,,,,
Device.Services.FAPService.{i}.CellConfig.{i}.NR.CN.TA.{i}.PLMNList.{i},parameter,READ_WRITE,STRING,SF,小区服务参数管理,PLMNList,Device.Services.FAPService.{i}.CellConfig.{i}.NR.CN.TA.{i}.PLMNList.,DEVICE_SERVICES_FAPSERVICE_CELLCONFIG_NR_CN_TA_PLMNLIST,LST PLMNLIST;MOD PLMNLIST,YES_EXISTING_JSON_PARENT_GROUP,medium,SF,小区服务参数管理（总体）,FAP 载波基本配置,Device.Services.FAPService.{i}.,,,json_seed_and_catalog_existing_group,omcgo/internal/config/parammodel/mmlstandardloader/seeds/cmcc_tdlte_v23.json; omcgo/datamodels/mml-catalog/cmcc-tdlte-v2.3.json,参数 path 位于现有 JSON/seed 分组对象路径之下，可挂到该父分组；需确认是否过宽,,,,
Device.Services.FAPService.{i}.FAPControl.NR.PdcpLog.PdcpLogLevel,parameter,READ_WRITE,STRING,SF,小区服务参数管理,PdcpLog,Device.Services.FAPService.{i}.FAPControl.NR.PdcpLog.,DEVICE_SERVICES_FAPSERVICE_FAPCONTROL_NR_PDCPLOG,LST PDCP_LOG;MOD PDCP_LOG,YES_EXISTING_JSON_PARENT_GROUP,medium,SF,小区服务参数管理（总体）,FAP 载波基本配置,Device.Services.FAPService.{i}.,,,json_seed_and_catalog_existing_group,omcgo/internal/config/parammodel/mmlstandardloader/seeds/cmcc_tdlte_v23.json; omcgo/datamodels/mml-catalog/cmcc-tdlte-v2.3.json,参数 path 位于现有 JSON/seed 分组对象路径之下，可挂到该父分组；需确认是否过宽,,,,
Device.Services.FAPService.{i}.FAPControl.Qos.QosSstInfo.{i},parameter,READ_WRITE,STRING,SF,小区服务参数管理,QosSstInfo,Device.Services.FAPService.{i}.FAPControl.Qos.QosSstInfo.,DEVICE_SERVICES_FAPSERVICE_FAPCONTROL_QOS_QOSSSTINFO,LST QOS_SST_INFO;MOD QOS_SST_INFO,YES_EXISTING_JSON_PARENT_GROUP,medium,SF,小区服务参数管理（总体）,FAP 载波基本配置,Device.Services.FAPService.{i}.,,,json_seed_and_catalog_existing_group,omcgo/internal/config/parammodel/mmlstandardloader/seeds/cmcc_tdlte_v23.json; omcgo/datamodels/mml-catalog/cmcc-tdlte-v2.3.json,参数 path 位于现有 JSON/seed 分组对象路径之下，可挂到该父分组；需确认是否过宽,,,,
Device.Services.FAPService.{i}.FAPControl.NR.RlcLog.RlcLogLevel,parameter,READ_WRITE,STRING,SF,小区服务参数管理,RlcLog,Device.Services.FAPService.{i}.FAPControl.NR.RlcLog.,DEVICE_SERVICES_FAPSERVICE_FAPCONTROL_NR_RLCLOG,LST RLC_LOG;MOD RLC_LOG,YES_EXISTING_JSON_PARENT_GROUP,medium,SF,小区服务参数管理（总体）,FAP 载波基本配置,Device.Services.FAPService.{i}.,,,json_seed_and_catalog_existing_group,omcgo/internal/config/parammodel/mmlstandardloader/seeds/cmcc_tdlte_v23.json; omcgo/datamodels/mml-catalog/cmcc-tdlte-v2.3.json,参数 path 位于现有 JSON/seed 分组对象路径之下，可挂到该父分组；需确认是否过宽,,,,
Device.Services.FAPService.{i}.FAPControl.NR.RlcLog.RlclLogLevel,parameter,READ_WRITE,STRING,SF,小区服务参数管理,RlcLog,Device.Services.FAPService.{i}.FAPControl.NR.RlcLog.,DEVICE_SERVICES_FAPSERVICE_FAPCONTROL_NR_RLCLOG,LST RLC_LOG;MOD RLC_LOG,YES_EXISTING_JSON_PARENT_GROUP,medium,SF,小区服务参数管理（总体）,FAP 载波基本配置,Device.Services.FAPService.{i}.,,,json_seed_and_catalog_existing_group,omcgo/internal/config/parammodel/mmlstandardloader/seeds/cmcc_tdlte_v23.json; omcgo/datamodels/mml-catalog/cmcc-tdlte-v2.3.json,参数 path 位于现有 JSON/seed 分组对象路径之下，可挂到该父分组；需确认是否过宽,,,,
Device.Services.FAPService.{i}.FAPControl.NR.RrcProv.RrcMaxLogFileCount,parameter,READ_WRITE,STRING,SF,小区服务参数管理,RrcProv,Device.Services.FAPService.{i}.FAPControl.NR.RrcProv.,DEVICE_SERVICES_FAPSERVICE_FAPCONTROL_NR_RRCPROV,LST RRC_PROV;MOD RRC_PROV,YES_EXISTING_JSON_PARENT_GROUP,medium,SF,小区服务参数管理（总体）,FAP 载波基本配置,Device.Services.FAPService.{i}.,,,json_seed_and_catalog_existing_group,omcgo/internal/config/parammodel/mmlstandardloader/seeds/cmcc_tdlte_v23.json; omcgo/datamodels/mml-catalog/cmcc-tdlte-v2.3.json,参数 path 位于现有 JSON/seed 分组对象路径之下，可挂到该父分组；需确认是否过宽,,,,
Device.Services.FAPService.{i}.FAPControl.NR.RrcProv.RrcMaxLogFileSize,parameter,READ_WRITE,STRING,SF,小区服务参数管理,RrcProv,Device.Services.FAPService.{i}.FAPControl.NR.RrcProv.,DEVICE_SERVICES_FAPSERVICE_FAPCONTROL_NR_RRCPROV,LST RRC_PROV;MOD RRC_PROV,YES_EXISTING_JSON_PARENT_GROUP,medium,SF,小区服务参数管理（总体）,FAP 载波基本配置,Device.Services.FAPService.{i}.,,,json_seed_and_catalog_existing_group,omcgo/internal/config/parammodel/mmlstandardloader/seeds/cmcc_tdlte_v23.json; omcgo/datamodels/mml-catalog/cmcc-tdlte-v2.3.json,参数 path 位于现有 JSON/seed 分组对象路径之下，可挂到该父分组；需确认是否过宽,,,,
Device.Services.FAPService.{i}.FAPControl.NR.RrcProv.RrcSharedMemSize,parameter,READ_WRITE,STRING,SF,小区服务参数管理,RrcProv,Device.Services.FAPService.{i}.FAPControl.NR.RrcProv.,DEVICE_SERVICES_FAPSERVICE_FAPCONTROL_NR_RRCPROV,LST RRC_PROV;MOD RRC_PROV,YES_EXISTING_JSON_PARENT_GROUP,medium,SF,小区服务参数管理（总体）,FAP 载波基本配置,Device.Services.FAPService.{i}.,,,json_seed_and_catalog_existing_group,omcgo/internal/config/parammodel/mmlstandardloader/seeds/cmcc_tdlte_v23.json; omcgo/datamodels/mml-catalog/cmcc-tdlte-v2.3.json,参数 path 位于现有 JSON/seed 分组对象路径之下，可挂到该父分组；需确认是否过宽,,,,
Device.Services.FAPService.{i}.CellConfig.{i}.NR.RrmLogConfig.OamLogFileCount,parameter,READ_WRITE,STRING,SF,小区服务参数管理,RrmLogConfig,Device.Services.FAPService.{i}.CellConfig.{i}.NR.RrmLogConfig.,DEVICE_SERVICES_FAPSERVICE_CELLCONFIG_NR_RRMLOGCONFIG,LST RRM_LOG_CONFIG;MOD RRM_LOG_CONFIG,YES_EXISTING_JSON_PARENT_GROUP,medium,SF,小区服务参数管理（总体）,FAP 载波基本配置,Device.Services.FAPService.{i}.,,,json_seed_and_catalog_existing_group,omcgo/internal/config/parammodel/mmlstandardloader/seeds/cmcc_tdlte_v23.json; omcgo/datamodels/mml-catalog/cmcc-tdlte-v2.3.json,参数 path 位于现有 JSON/seed 分组对象路径之下，可挂到该父分组；需确认是否过宽,,,,
Device.Services.FAPService.{i}.CellConfig.{i}.NR.RrmLogConfig.OamLogFileSize,parameter,READ_WRITE,STRING,SF,小区服务参数管理,RrmLogConfig,Device.Services.FAPService.{i}.CellConfig.{i}.NR.RrmLogConfig.,DEVICE_SERVICES_FAPSERVICE_CELLCONFIG_NR_RRMLOGCONFIG,LST RRM_LOG_CONFIG;MOD RRM_LOG_CONFIG,YES_EXISTING_JSON_PARENT_GROUP,medium,SF,小区服务参数管理（总体）,FAP 载波基本配置,Device.Services.FAPService.{i}.,,,json_seed_and_catalog_existing_group,omcgo/internal/config/parammodel/mmlstandardloader/seeds/cmcc_tdlte_v23.json; omcgo/datamodels/mml-catalog/cmcc-tdlte-v2.3.json,参数 path 位于现有 JSON/seed 分组对象路径之下，可挂到该父分组；需确认是否过宽,,,,
Device.Services.FAPService.{i}.CellConfig.{i}.NR.RrmLogConfig.OamShmSize,parameter,READ_WRITE,STRING,SF,小区服务参数管理,RrmLogConfig,Device.Services.FAPService.{i}.CellConfig.{i}.NR.RrmLogConfig.,DEVICE_SERVICES_FAPSERVICE_CELLCONFIG_NR_RRMLOGCONFIG,LST RRM_LOG_CONFIG;MOD RRM_LOG_CONFIG,YES_EXISTING_JSON_PARENT_GROUP,medium,SF,小区服务参数管理（总体）,FAP 载波基本配置,Device.Services.FAPService.{i}.,,,json_seed_and_catalog_existing_group,omcgo/internal/config/parammodel/mmlstandardloader/seeds/cmcc_tdlte_v23.json; omcgo/datamodels/mml-catalog/cmcc-tdlte-v2.3.json,参数 path 位于现有 JSON/seed 分组对象路径之下，可挂到该父分组；需确认是否过宽,,,,
Device.Services.FAPService.{i}.CellConfig.{i}.NR.RrmLogConfig.RrmFileCount,parameter,READ_WRITE,STRING,SF,小区服务参数管理,RrmLogConfig,Device.Services.FAPService.{i}.CellConfig.{i}.NR.RrmLogConfig.,DEVICE_SERVICES_FAPSERVICE_CELLCONFIG_NR_RRMLOGCONFIG,LST RRM_LOG_CONFIG;MOD RRM_LOG_CONFIG,YES_EXISTING_JSON_PARENT_GROUP,medium,SF,小区服务参数管理（总体）,FAP 载波基本配置,Device.Services.FAPService.{i}.,,,json_seed_and_catalog_existing_group,omcgo/internal/config/parammodel/mmlstandardloader/seeds/cmcc_tdlte_v23.json; omcgo/datamodels/mml-catalog/cmcc-tdlte-v2.3.json,参数 path 位于现有 JSON/seed 分组对象路径之下，可挂到该父分组；需确认是否过宽,,,,
Device.Services.FAPService.{i}.CellConfig.{i}.NR.RrmLogConfig.RrmLogFilesize,parameter,READ_WRITE,STRING,SF,小区服务参数管理,RrmLogConfig,Device.Services.FAPService.{i}.CellConfig.{i}.NR.RrmLogConfig.,DEVICE_SERVICES_FAPSERVICE_CELLCONFIG_NR_RRMLOGCONFIG,LST RRM_LOG_CONFIG;MOD RRM_LOG_CONFIG,YES_EXISTING_JSON_PARENT_GROUP,medium,SF,小区服务参数管理（总体）,FAP 载波基本配置,Device.Services.FAPService.{i}.,,,json_seed_and_catalog_existing_group,omcgo/internal/config/parammodel/mmlstandardloader/seeds/cmcc_tdlte_v23.json; omcgo/datamodels/mml-catalog/cmcc-tdlte-v2.3.json,参数 path 位于现有 JSON/seed 分组对象路径之下，可挂到该父分组；需确认是否过宽,,,,
Device.Services.FAPService.{i}.CellConfig.{i}.NR.RrmLogConfig.RrmLogLevel,parameter,READ_WRITE,STRING,SF,小区服务参数管理,RrmLogConfig,Device.Services.FAPService.{i}.CellConfig.{i}.NR.RrmLogConfig.,DEVICE_SERVICES_FAPSERVICE_CELLCONFIG_NR_RRMLOGCONFIG,LST RRM_LOG_CONFIG;MOD RRM_LOG_CONFIG,YES_EXISTING_JSON_PARENT_GROUP,medium,SF,小区服务参数管理（总体）,FAP 载波基本配置,Device.Services.FAPService.{i}.,,,json_seed_and_catalog_existing_group,omcgo/internal/config/parammodel/mmlstandardloader/seeds/cmcc_tdlte_v23.json; omcgo/datamodels/mml-catalog/cmcc-tdlte-v2.3.json,参数 path 位于现有 JSON/seed 分组对象路径之下，可挂到该父分组；需确认是否过宽,,,,
Device.Services.FAPService.{i}.CellConfig.{i}.NR.RrmLogConfig.RrmShmSize,parameter,READ_WRITE,STRING,SF,小区服务参数管理,RrmLogConfig,Device.Services.FAPService.{i}.CellConfig.{i}.NR.RrmLogConfig.,DEVICE_SERVICES_FAPSERVICE_CELLCONFIG_NR_RRMLOGCONFIG,LST RRM_LOG_CONFIG;MOD RRM_LOG_CONFIG,YES_EXISTING_JSON_PARENT_GROUP,medium,SF,小区服务参数管理（总体）,FAP 载波基本配置,Device.Services.FAPService.{i}.,,,json_seed_and_catalog_existing_group,omcgo/internal/config/parammodel/mmlstandardloader/seeds/cmcc_tdlte_v23.json; omcgo/datamodels/mml-catalog/cmcc-tdlte-v2.3.json,参数 path 位于现有 JSON/seed 分组对象路径之下，可挂到该父分组；需确认是否过宽,,,,
Device.Services.FAPService.{i}.X_COM.LTE.SchedulerConfig.DLSchedulerType,parameter,READ_WRITE,STRING,SF,小区服务参数管理,SchedulerConfig,Device.Services.FAPService.{i}.X_COM.LTE.SchedulerConfig.,DEVICE_SERVICES_FAPSERVICE_X_COM_LTE_SCHEDULERCONFIG,LST SCHEDULER_CONFIG;MOD SCHEDULER_CONFIG,YES_EXISTING_JSON_PARENT_GROUP,medium,SF,小区服务参数管理（总体）,FAP 载波基本配置,Device.Services.FAPService.{i}.,,,json_seed_and_catalog_existing_group,omcgo/internal/config/parammodel/mmlstandardloader/seeds/cmcc_tdlte_v23.json; omcgo/datamodels/mml-catalog/cmcc-tdlte-v2.3.json,参数 path 位于现有 JSON/seed 分组对象路径之下，可挂到该父分组；需确认是否过宽,,,,
Device.Services.FAPService.{i}.X_COM.LTE.SchedulerConfig.ULSchedulerType,parameter,READ_WRITE,STRING,SF,小区服务参数管理,SchedulerConfig,Device.Services.FAPService.{i}.X_COM.LTE.SchedulerConfig.,DEVICE_SERVICES_FAPSERVICE_X_COM_LTE_SCHEDULERCONFIG,LST SCHEDULER_CONFIG;MOD SCHEDULER_CONFIG,YES_EXISTING_JSON_PARENT_GROUP,medium,SF,小区服务参数管理（总体）,FAP 载波基本配置,Device.Services.FAPService.{i}.,,,json_seed_and_catalog_existing_group,omcgo/internal/config/parammodel/mmlstandardloader/seeds/cmcc_tdlte_v23.json; omcgo/datamodels/mml-catalog/cmcc-tdlte-v2.3.json,参数 path 位于现有 JSON/seed 分组对象路径之下，可挂到该父分组；需确认是否过宽,,,,
Device.Services.FAPService.{i}.CellConfig.{i}.NR.CN.TA.{i}.PLMNList.{i}.SliceList.{i},parameter,READ_WRITE,STRING,SF,小区服务参数管理,SliceList,Device.Services.FAPService.{i}.CellConfig.{i}.NR.CN.TA.{i}.PLMNList.{i}.SliceList.,DEVICE_SERVICES_FAPSERVICE_CELLCONFIG_NR_CN_TA_PLMNLIST_SLICELIST,LST SLICE_LIST;MOD SLICE_LIST,YES_EXISTING_JSON_PARENT_GROUP,medium,SF,小区服务参数管理（总体）,FAP 载波基本配置,Device.Services.FAPService.{i}.,,,json_seed_and_catalog_existing_group,omcgo/internal/config/parammodel/mmlstandardloader/seeds/cmcc_tdlte_v23.json; omcgo/datamodels/mml-catalog/cmcc-tdlte-v2.3.json,参数 path 位于现有 JSON/seed 分组对象路径之下，可挂到该父分组；需确认是否过宽,,,,
Device.Services.FAPService.{i}.CellConfig.{i}.NR.CN.TA.{i},parameter,READ_WRITE,STRING,SF,小区服务参数管理,TA,Device.Services.FAPService.{i}.CellConfig.{i}.NR.CN.TA.,DEVICE_SERVICES_FAPSERVICE_CELLCONFIG_NR_CN_TA,LST TA;MOD TA,YES_EXISTING_JSON_PARENT_GROUP,medium,SF,小区服务参数管理（总体）,FAP 载波基本配置,Device.Services.FAPService.{i}.,,,json_seed_and_catalog_existing_group,omcgo/internal/config/parammodel/mmlstandardloader/seeds/cmcc_tdlte_v23.json; omcgo/datamodels/mml-catalog/cmcc-tdlte-v2.3.json,参数 path 位于现有 JSON/seed 分组对象路径之下，可挂到该父分组；需确认是否过宽,,,,
Device.Services.FAPService.{i}.FAPControl.NR.X2apDscp.Dscp,parameter,READ_WRITE,STRING,SF,小区服务参数管理,X2apDscp,Device.Services.FAPService.{i}.FAPControl.NR.X2apDscp.,DEVICE_SERVICES_FAPSERVICE_FAPCONTROL_NR_X2APDSCP,LST X2AP_DSCP;MOD X2AP_DSCP,YES_EXISTING_JSON_PARENT_GROUP,medium,SF,小区服务参数管理（总体）,FAP 载波基本配置,Device.Services.FAPService.{i}.,,,json_seed_and_catalog_existing_group,omcgo/internal/config/parammodel/mmlstandardloader/seeds/cmcc_tdlte_v23.json; omcgo/datamodels/mml-catalog/cmcc-tdlte-v2.3.json,参数 path 位于现有 JSON/seed 分组对象路径之下，可挂到该父分组；需确认是否过宽,,,,
Device.Services.FAPService.{i}.FAPControl.NR.X2apDscp.VlanPrio,parameter,READ_WRITE,STRING,SF,小区服务参数管理,X2apDscp,Device.Services.FAPService.{i}.FAPControl.NR.X2apDscp.,DEVICE_SERVICES_FAPSERVICE_FAPCONTROL_NR_X2APDSCP,LST X2AP_DSCP;MOD X2AP_DSCP,YES_EXISTING_JSON_PARENT_GROUP,medium,SF,小区服务参数管理（总体）,FAP 载波基本配置,Device.Services.FAPService.{i}.,,,json_seed_and_catalog_existing_group,omcgo/internal/config/parammodel/mmlstandardloader/seeds/cmcc_tdlte_v23.json; omcgo/datamodels/mml-catalog/cmcc-tdlte-v2.3.json,参数 path 位于现有 JSON/seed 分组对象路径之下，可挂到该父分组；需确认是否过宽,,,,
Device.Services.FAPService.{i}.FAPControl.NR.XnBlackList.{i},parameter,READ_WRITE,STRING,SF,小区服务参数管理,XnBlackList,Device.Services.FAPService.{i}.FAPControl.NR.XnBlackList.,DEVICE_SERVICES_FAPSERVICE_FAPCONTROL_NR_XNBLACKLIST,LST XN_BLACK_LIST;MOD XN_BLACK_LIST,YES_EXISTING_JSON_PARENT_GROUP,medium,SF,小区服务参数管理（总体）,FAP 载波基本配置,Device.Services.FAPService.{i}.,,,json_seed_and_catalog_existing_group,omcgo/internal/config/parammodel/mmlstandardloader/seeds/cmcc_tdlte_v23.json; omcgo/datamodels/mml-catalog/cmcc-tdlte-v2.3.json,参数 path 位于现有 JSON/seed 分组对象路径之下，可挂到该父分组；需确认是否过宽,,,,
Device.Services.FAPService.{i}.FAPControl.NR.XnIpAddrMapInfo.{i},parameter,READ_WRITE,STRING,SF,小区服务参数管理,XnIpAddrMapInfo,Device.Services.FAPService.{i}.FAPControl.NR.XnIpAddrMapInfo.,DEVICE_SERVICES_FAPSERVICE_FAPCONTROL_NR_XNIPADDRMAPINFO,LST XN_IP_ADDR_MAP_INFO;MOD XN_IP_ADDR_MAP_INFO,YES_EXISTING_JSON_PARENT_GROUP,medium,SF,小区服务参数管理（总体）,FAP 载波基本配置,Device.Services.FAPService.{i}.,,,json_seed_and_catalog_existing_group,omcgo/internal/config/parammodel/mmlstandardloader/seeds/cmcc_tdlte_v23.json; omcgo/datamodels/mml-catalog/cmcc-tdlte-v2.3.json,参数 path 位于现有 JSON/seed 分组对象路径之下，可挂到该父分组；需确认是否过宽,,,,
Device.Services.FAPService.{i}.FAPControl.NR.XnapDscp.Dscp,parameter,READ_WRITE,STRING,SF,小区服务参数管理,XnapDscp,Device.Services.FAPService.{i}.FAPControl.NR.XnapDscp.,DEVICE_SERVICES_FAPSERVICE_FAPCONTROL_NR_XNAPDSCP,LST XNAP_DSCP;MOD XNAP_DSCP,YES_EXISTING_JSON_PARENT_GROUP,medium,SF,小区服务参数管理（总体）,FAP 载波基本配置,Device.Services.FAPService.{i}.,,,json_seed_and_catalog_existing_group,omcgo/internal/config/parammodel/mmlstandardloader/seeds/cmcc_tdlte_v23.json; omcgo/datamodels/mml-catalog/cmcc-tdlte-v2.3.json,参数 path 位于现有 JSON/seed 分组对象路径之下，可挂到该父分组；需确认是否过宽,,,,
Device.Services.FAPService.{i}.FAPControl.NR.XnapDscp.VlanPrio,parameter,READ_WRITE,STRING,SF,小区服务参数管理,XnapDscp,Device.Services.FAPService.{i}.FAPControl.NR.XnapDscp.,DEVICE_SERVICES_FAPSERVICE_FAPCONTROL_NR_XNAPDSCP,LST XNAP_DSCP;MOD XNAP_DSCP,YES_EXISTING_JSON_PARENT_GROUP,medium,SF,小区服务参数管理（总体）,FAP 载波基本配置,Device.Services.FAPService.{i}.,,,json_seed_and_catalog_existing_group,omcgo/internal/config/parammodel/mmlstandardloader/seeds/cmcc_tdlte_v23.json; omcgo/datamodels/mml-catalog/cmcc-tdlte-v2.3.json,参数 path 位于现有 JSON/seed 分组对象路径之下，可挂到该父分组；需确认是否过宽,,,,
Device.Services.FAPService.EMBEDDED_EPCBearerLBOQos.{i}.ArpPci,parameter,READ_WRITE,STRING,SF,小区服务参数管理,{i},Device.Services.FAPService.EMBEDDED_EPCBearerLBOQos.{i}.,DEVICE_SERVICES_FAPSERVICE_EMBEDDED_EPCBEARERLBOQOS,LST EMBEDDED_EPCBEARER_LBOQOS;MOD EMBEDDED_EPCBEARER_LBOQOS,NO_SECONDARY_MATCH,none,,,,,,,,,未在现有 XML/JSON 分组节点或模型库文档中找到可复用分组,,,,
Device.Services.FAPService.EMBEDDED_EPCBearerLBOQos.{i}.ArpPl,parameter,READ_WRITE,STRING,SF,小区服务参数管理,{i},Device.Services.FAPService.EMBEDDED_EPCBearerLBOQos.{i}.,DEVICE_SERVICES_FAPSERVICE_EMBEDDED_EPCBEARERLBOQOS,LST EMBEDDED_EPCBEARER_LBOQOS;MOD EMBEDDED_EPCBEARER_LBOQOS,NO_SECONDARY_MATCH,none,,,,,,,,,未在现有 XML/JSON 分组节点或模型库文档中找到可复用分组,,,,
Device.Services.FAPService.EMBEDDED_EPCBearerLBOQos.{i}.ArpPvi,parameter,READ_WRITE,STRING,SF,小区服务参数管理,{i},Device.Services.FAPService.EMBEDDED_EPCBearerLBOQos.{i}.,DEVICE_SERVICES_FAPSERVICE_EMBEDDED_EPCBEARERLBOQOS,LST EMBEDDED_EPCBEARER_LBOQOS;MOD EMBEDDED_EPCBEARER_LBOQOS,NO_SECONDARY_MATCH,none,,,,,,,,,未在现有 XML/JSON 分组节点或模型库文档中找到可复用分组,,,,
Device.Services.FAPService.EMBEDDED_EPCBearerLBOQos.{i}.GbrDl,parameter,READ_WRITE,STRING,SF,小区服务参数管理,{i},Device.Services.FAPService.EMBEDDED_EPCBearerLBOQos.{i}.,DEVICE_SERVICES_FAPSERVICE_EMBEDDED_EPCBEARERLBOQOS,LST EMBEDDED_EPCBEARER_LBOQOS;MOD EMBEDDED_EPCBEARER_LBOQOS,NO_SECONDARY_MATCH,none,,,,,,,,,未在现有 XML/JSON 分组节点或模型库文档中找到可复用分组,,,,
Device.Services.FAPService.EMBEDDED_EPCBearerLBOQos.{i}.GbrUl,parameter,READ_WRITE,STRING,SF,小区服务参数管理,{i},Device.Services.FAPService.EMBEDDED_EPCBearerLBOQos.{i}.,DEVICE_SERVICES_FAPSERVICE_EMBEDDED_EPCBEARERLBOQOS,LST EMBEDDED_EPCBEARER_LBOQOS;MOD EMBEDDED_EPCBEARER_LBOQOS,NO_SECONDARY_MATCH,none,,,,,,,,,未在现有 XML/JSON 分组节点或模型库文档中找到可复用分组,,,,
Device.Services.FAPService.EMBEDDED_EPCBearerLBOQos.{i}.MbrDl,parameter,READ_WRITE,STRING,SF,小区服务参数管理,{i},Device.Services.FAPService.EMBEDDED_EPCBearerLBOQos.{i}.,DEVICE_SERVICES_FAPSERVICE_EMBEDDED_EPCBEARERLBOQOS,LST EMBEDDED_EPCBEARER_LBOQOS;MOD EMBEDDED_EPCBEARER_LBOQOS,NO_SECONDARY_MATCH,none,,,,,,,,,未在现有 XML/JSON 分组节点或模型库文档中找到可复用分组,,,,
Device.Services.FAPService.EMBEDDED_EPCBearerLBOQos.{i}.MbrUl,parameter,READ_WRITE,STRING,SF,小区服务参数管理,{i},Device.Services.FAPService.EMBEDDED_EPCBearerLBOQos.{i}.,DEVICE_SERVICES_FAPSERVICE_EMBEDDED_EPCBEARERLBOQOS,LST EMBEDDED_EPCBEARER_LBOQOS;MOD EMBEDDED_EPCBEARER_LBOQOS,NO_SECONDARY_MATCH,none,,,,,,,,,未在现有 XML/JSON 分组节点或模型库文档中找到可复用分组,,,,
Device.Services.FAPService.EMBEDDED_EPCBearerLBOQos.{i}.PccId,parameter,READ_WRITE,STRING,SF,小区服务参数管理,{i},Device.Services.FAPService.EMBEDDED_EPCBearerLBOQos.{i}.,DEVICE_SERVICES_FAPSERVICE_EMBEDDED_EPCBEARERLBOQOS,LST EMBEDDED_EPCBEARER_LBOQOS;MOD EMBEDDED_EPCBEARER_LBOQOS,NO_SECONDARY_MATCH,none,,,,,,,,,未在现有 XML/JSON 分组节点或模型库文档中找到可复用分组,,,,
Device.Services.FAPService.EMBEDDED_EPCBearerLBOQos.{i}.PccName,parameter,READ_WRITE,STRING,SF,小区服务参数管理,{i},Device.Services.FAPService.EMBEDDED_EPCBearerLBOQos.{i}.,DEVICE_SERVICES_FAPSERVICE_EMBEDDED_EPCBEARERLBOQOS,LST EMBEDDED_EPCBEARER_LBOQOS;MOD EMBEDDED_EPCBEARER_LBOQOS,NO_SECONDARY_MATCH,none,,,,,,,,,未在现有 XML/JSON 分组节点或模型库文档中找到可复用分组,,,,
Device.Services.FAPService.EMBEDDED_EPCBearerLBOQos.{i}.PfList,parameter,READ_WRITE,STRING,SF,小区服务参数管理,{i},Device.Services.FAPService.EMBEDDED_EPCBearerLBOQos.{i}.,DEVICE_SERVICES_FAPSERVICE_EMBEDDED_EPCBEARERLBOQOS,LST EMBEDDED_EPCBEARER_LBOQOS;MOD EMBEDDED_EPCBEARER_LBOQOS,NO_SECONDARY_MATCH,none,,,,,,,,,未在现有 XML/JSON 分组节点或模型库文档中找到可复用分组,,,,
Device.Services.FAPService.EMBEDDED_EPCBearerLBOQos.{i}.Precedence,parameter,READ_WRITE,STRING,SF,小区服务参数管理,{i},Device.Services.FAPService.EMBEDDED_EPCBearerLBOQos.{i}.,DEVICE_SERVICES_FAPSERVICE_EMBEDDED_EPCBEARERLBOQOS,LST EMBEDDED_EPCBEARER_LBOQOS;MOD EMBEDDED_EPCBEARER_LBOQOS,NO_SECONDARY_MATCH,none,,,,,,,,,未在现有 XML/JSON 分组节点或模型库文档中找到可复用分组,,,,
Device.Services.FAPService.EMBEDDED_EPCBearerLBOQos.{i}.Qci,parameter,READ_WRITE,STRING,SF,小区服务参数管理,{i},Device.Services.FAPService.EMBEDDED_EPCBearerLBOQos.{i}.,DEVICE_SERVICES_FAPSERVICE_EMBEDDED_EPCBEARERLBOQOS,LST EMBEDDED_EPCBEARER_LBOQOS;MOD EMBEDDED_EPCBEARER_LBOQOS,NO_SECONDARY_MATCH,none,,,,,,,,,未在现有 XML/JSON 分组节点或模型库文档中找到可复用分组,,,,
Device.Services.FAPService.EMBEDDED_EPCBearerLBOTft.{i}.AppName,parameter,READ_WRITE,STRING,SF,小区服务参数管理,{i},Device.Services.FAPService.EMBEDDED_EPCBearerLBOTft.{i}.,DEVICE_SERVICES_FAPSERVICE_EMBEDDED_EPCBEARERLBOTFT,LST EMBEDDED_EPCBEARER_LBOTFT;MOD EMBEDDED_EPCBEARER_LBOTFT,NO_SECONDARY_MATCH,none,,,,,,,,,未在现有 XML/JSON 分组节点或模型库文档中找到可复用分组,,,,
Device.Services.FAPService.EMBEDDED_EPCBearerLBOTft.{i}.IpMask,parameter,READ_WRITE,STRING,SF,小区服务参数管理,{i},Device.Services.FAPService.EMBEDDED_EPCBearerLBOTft.{i}.,DEVICE_SERVICES_FAPSERVICE_EMBEDDED_EPCBEARERLBOTFT,LST EMBEDDED_EPCBEARER_LBOTFT;MOD EMBEDDED_EPCBEARER_LBOTFT,NO_SECONDARY_MATCH,none,,,,,,,,,未在现有 XML/JSON 分组节点或模型库文档中找到可复用分组,,,,
Device.Services.FAPService.EMBEDDED_EPCBearerLBOTft.{i}.IpPort,parameter,READ_WRITE,STRING,SF,小区服务参数管理,{i},Device.Services.FAPService.EMBEDDED_EPCBearerLBOTft.{i}.,DEVICE_SERVICES_FAPSERVICE_EMBEDDED_EPCBEARERLBOTFT,LST EMBEDDED_EPCBEARER_LBOTFT;MOD EMBEDDED_EPCBEARER_LBOTFT,NO_SECONDARY_MATCH,none,,,,,,,,,未在现有 XML/JSON 分组节点或模型库文档中找到可复用分组,,,,
Device.Services.FAPService.EMBEDDED_EPCBearerLBOTft.{i}.PfId,parameter,READ_WRITE,STRING,SF,小区服务参数管理,{i},Device.Services.FAPService.EMBEDDED_EPCBearerLBOTft.{i}.,DEVICE_SERVICES_FAPSERVICE_EMBEDDED_EPCBEARERLBOTFT,LST EMBEDDED_EPCBEARER_LBOTFT;MOD EMBEDDED_EPCBEARER_LBOTFT,NO_SECONDARY_MATCH,none,,,,,,,,,未在现有 XML/JSON 分组节点或模型库文档中找到可复用分组,,,,
Device.Services.FAPService.EMBEDDED_EPCBearerLBOTft.{i}.ProtocolId,parameter,READ_WRITE,STRING,SF,小区服务参数管理,{i},Device.Services.FAPService.EMBEDDED_EPCBearerLBOTft.{i}.,DEVICE_SERVICES_FAPSERVICE_EMBEDDED_EPCBEARERLBOTFT,LST EMBEDDED_EPCBEARER_LBOTFT;MOD EMBEDDED_EPCBEARER_LBOTFT,NO_SECONDARY_MATCH,none,,,,,,,,,未在现有 XML/JSON 分组节点或模型库文档中找到可复用分组,,,,
Device.Services.FAPService.MmePoolConfigParam.{i}.MMEIp,parameter,READ_WRITE,STRING,SF,小区服务参数管理,{i},Device.Services.FAPService.MmePoolConfigParam.{i}.,DEVICE_SERVICES_FAPSERVICE_MMEPOOLCONFIGPARAM,LST MME_POOL_CONFIG_PARAM;MOD MME_POOL_CONFIG_PARAM,NO_SECONDARY_MATCH,none,,,,,,,,,未在现有 XML/JSON 分组节点或模型库文档中找到可复用分组,,,,
Device.Services.FAPService.{i}.CellConfig.LTE.MmePoolConfigParam.{i}.MMECode,parameter,READ_ONLY,U_INT,SF,小区服务参数管理,{i},Device.Services.FAPService.{i}.CellConfig.LTE.MmePoolConfigParam.{i}.,DEVICE_SERVICES_FAPSERVICE_CELLCONFIG_LTE_MMEPOOLCONFIGPARAM,LST MME_POOL_CONFIG_PARAM,YES_EXISTING_JSON_PARENT_GROUP,medium,SF,小区服务参数管理（总体）,FAP 载波基本配置,Device.Services.FAPService.{i}.,,,json_seed_and_catalog_existing_group,omcgo/internal/config/parammodel/mmlstandardloader/seeds/cmcc_tdlte_v23.json; omcgo/datamodels/mml-catalog/cmcc-tdlte-v2.3.json,参数 path 位于现有 JSON/seed 分组对象路径之下，可挂到该父分组；需确认是否过宽,MME地址,LTE V2.1.xlsx,SF,7
Device.Services.FAPService.{i}.CellConfig.LTE.MmePoolConfigParam.{i}.MMEGroupID,parameter,READ_ONLY,U_INT,SF,小区服务参数管理,{i},Device.Services.FAPService.{i}.CellConfig.LTE.MmePoolConfigParam.{i}.,DEVICE_SERVICES_FAPSERVICE_CELLCONFIG_LTE_MMEPOOLCONFIGPARAM,LST MME_POOL_CONFIG_PARAM,YES_EXISTING_JSON_PARENT_GROUP,medium,SF,小区服务参数管理（总体）,FAP 载波基本配置,Device.Services.FAPService.{i}.,,,json_seed_and_catalog_existing_group,omcgo/internal/config/parammodel/mmlstandardloader/seeds/cmcc_tdlte_v23.json; omcgo/datamodels/mml-catalog/cmcc-tdlte-v2.3.json,参数 path 位于现有 JSON/seed 分组对象路径之下，可挂到该父分组；需确认是否过宽,MME地址,LTE V2.1.xlsx,SF,6
Device.Services.FAPService.{i}.CellConfig.LTE.MmePoolConfigParam.{i}.MMEIp1,parameter,READ_WRITE,STRING,SF,小区服务参数管理,{i},Device.Services.FAPService.{i}.CellConfig.LTE.MmePoolConfigParam.{i}.,DEVICE_SERVICES_FAPSERVICE_CELLCONFIG_LTE_MMEPOOLCONFIGPARAM,LST MME_POOL_CONFIG_PARAM;MOD MME_POOL_CONFIG_PARAM,YES_EXISTING_JSON_PARENT_GROUP,medium,SF,小区服务参数管理（总体）,FAP 载波基本配置,Device.Services.FAPService.{i}.,,,json_seed_and_catalog_existing_group,omcgo/internal/config/parammodel/mmlstandardloader/seeds/cmcc_tdlte_v23.json; omcgo/datamodels/mml-catalog/cmcc-tdlte-v2.3.json,参数 path 位于现有 JSON/seed 分组对象路径之下，可挂到该父分组；需确认是否过宽,MME地址,LTE V2.1.xlsx,SF,8
Device.Services.FAPService.{i}.CellConfig.LTE.MmePoolConfigParam.{i}.MMEIp2,parameter,READ_ONLY,STRING,SF,小区服务参数管理,{i},Device.Services.FAPService.{i}.CellConfig.LTE.MmePoolConfigParam.{i}.,DEVICE_SERVICES_FAPSERVICE_CELLCONFIG_LTE_MMEPOOLCONFIGPARAM,LST MME_POOL_CONFIG_PARAM,YES_EXISTING_JSON_PARENT_GROUP,medium,SF,小区服务参数管理（总体）,FAP 载波基本配置,Device.Services.FAPService.{i}.,,,json_seed_and_catalog_existing_group,omcgo/internal/config/parammodel/mmlstandardloader/seeds/cmcc_tdlte_v23.json; omcgo/datamodels/mml-catalog/cmcc-tdlte-v2.3.json,参数 path 位于现有 JSON/seed 分组对象路径之下，可挂到该父分组；需确认是否过宽,MME地址,LTE V2.1.xlsx,SF,9
Device.Services.FAPService.{i}.CellConfig.LTE.MmePoolConfigParam.{i}.PLMNID,parameter,READ_WRITE,STRING,SF,小区服务参数管理,{i},Device.Services.FAPService.{i}.CellConfig.LTE.MmePoolConfigParam.{i}.,DEVICE_SERVICES_FAPSERVICE_CELLCONFIG_LTE_MMEPOOLCONFIGPARAM,LST MME_POOL_CONFIG_PARAM;MOD MME_POOL_CONFIG_PARAM,YES_EXISTING_JSON_PARENT_GROUP,medium,SF,小区服务参数管理（总体）,FAP 载波基本配置,Device.Services.FAPService.{i}.,,,json_seed_and_catalog_existing_group,omcgo/internal/config/parammodel/mmlstandardloader/seeds/cmcc_tdlte_v23.json; omcgo/datamodels/mml-catalog/cmcc-tdlte-v2.3.json,参数 path 位于现有 JSON/seed 分组对象路径之下，可挂到该父分组；需确认是否过宽,MME地址,LTE V2.1.xlsx,SF,5
Device.Services.FAPService.{i}.CellConfig.LTE.MocnConfigParam.{i}.MMEIp,parameter,READ_WRITE,STRING,SF,小区服务参数管理,{i},Device.Services.FAPService.{i}.CellConfig.LTE.MocnConfigParam.{i}.,DEVICE_SERVICES_FAPSERVICE_CELLCONFIG_LTE_MOCNCONFIGPARAM,LST MOCN_CONFIG_PARAM;MOD MOCN_CONFIG_PARAM,YES_EXISTING_JSON_PARENT_GROUP,medium,SF,小区服务参数管理（总体）,FAP 载波基本配置,Device.Services.FAPService.{i}.,,,json_seed_and_catalog_existing_group,omcgo/internal/config/parammodel/mmlstandardloader/seeds/cmcc_tdlte_v23.json; omcgo/datamodels/mml-catalog/cmcc-tdlte-v2.3.json,参数 path 位于现有 JSON/seed 分组对象路径之下，可挂到该父分组；需确认是否过宽,,,,
Device.Services.FAPService.{i}.CellConfig.LTE.MocnConfigParam.{i}.MMEStatus,parameter,READ_WRITE,STRING,SF,小区服务参数管理,{i},Device.Services.FAPService.{i}.CellConfig.LTE.MocnConfigParam.{i}.,DEVICE_SERVICES_FAPSERVICE_CELLCONFIG_LTE_MOCNCONFIGPARAM,LST MOCN_CONFIG_PARAM;MOD MOCN_CONFIG_PARAM,YES_EXISTING_JSON_PARENT_GROUP,medium,SF,小区服务参数管理（总体）,FAP 载波基本配置,Device.Services.FAPService.{i}.,,,json_seed_and_catalog_existing_group,omcgo/internal/config/parammodel/mmlstandardloader/seeds/cmcc_tdlte_v23.json; omcgo/datamodels/mml-catalog/cmcc-tdlte-v2.3.json,参数 path 位于现有 JSON/seed 分组对象路径之下，可挂到该父分组；需确认是否过宽,,,,
Device.Services.FAPService.{i}.CellConfig.LTE.MocnConfigParam.{i}.PLMNID,parameter,READ_WRITE,STRING,SF,小区服务参数管理,{i},Device.Services.FAPService.{i}.CellConfig.LTE.MocnConfigParam.{i}.,DEVICE_SERVICES_FAPSERVICE_CELLCONFIG_LTE_MOCNCONFIGPARAM,LST MOCN_CONFIG_PARAM;MOD MOCN_CONFIG_PARAM,YES_EXISTING_JSON_PARENT_GROUP,medium,SF,小区服务参数管理（总体）,FAP 载波基本配置,Device.Services.FAPService.{i}.,,,json_seed_and_catalog_existing_group,omcgo/internal/config/parammodel/mmlstandardloader/seeds/cmcc_tdlte_v23.json; omcgo/datamodels/mml-catalog/cmcc-tdlte-v2.3.json,参数 path 位于现有 JSON/seed 分组对象路径之下，可挂到该父分组；需确认是否过宽,,,,
Device.Services.FAPService.{i}.CellConfig.LTE.MocnConfigParam.{i}.S1CIfname,parameter,READ_WRITE,STRING,SF,小区服务参数管理,{i},Device.Services.FAPService.{i}.CellConfig.LTE.MocnConfigParam.{i}.,DEVICE_SERVICES_FAPSERVICE_CELLCONFIG_LTE_MOCNCONFIGPARAM,LST MOCN_CONFIG_PARAM;MOD MOCN_CONFIG_PARAM,YES_EXISTING_JSON_PARENT_GROUP,medium,SF,小区服务参数管理（总体）,FAP 载波基本配置,Device.Services.FAPService.{i}.,,,json_seed_and_catalog_existing_group,omcgo/internal/config/parammodel/mmlstandardloader/seeds/cmcc_tdlte_v23.json; omcgo/datamodels/mml-catalog/cmcc-tdlte-v2.3.json,参数 path 位于现有 JSON/seed 分组对象路径之下，可挂到该父分组；需确认是否过宽,,,,
Device.Services.FAPService.{i}.CellConfig.LTE.MocnConfigParam.{i}.S1CIp,parameter,READ_WRITE,STRING,SF,小区服务参数管理,{i},Device.Services.FAPService.{i}.CellConfig.LTE.MocnConfigParam.{i}.,DEVICE_SERVICES_FAPSERVICE_CELLCONFIG_LTE_MOCNCONFIGPARAM,LST MOCN_CONFIG_PARAM;MOD MOCN_CONFIG_PARAM,YES_EXISTING_JSON_PARENT_GROUP,medium,SF,小区服务参数管理（总体）,FAP 载波基本配置,Device.Services.FAPService.{i}.,,,json_seed_and_catalog_existing_group,omcgo/internal/config/parammodel/mmlstandardloader/seeds/cmcc_tdlte_v23.json; omcgo/datamodels/mml-catalog/cmcc-tdlte-v2.3.json,参数 path 位于现有 JSON/seed 分组对象路径之下，可挂到该父分组；需确认是否过宽,,,,
Device.Services.FAPService.{i}.CellConfig.LTE.MocnConfigParam.{i}.S1UIfname,parameter,READ_WRITE,STRING,SF,小区服务参数管理,{i},Device.Services.FAPService.{i}.CellConfig.LTE.MocnConfigParam.{i}.,DEVICE_SERVICES_FAPSERVICE_CELLCONFIG_LTE_MOCNCONFIGPARAM,LST MOCN_CONFIG_PARAM;MOD MOCN_CONFIG_PARAM,YES_EXISTING_JSON_PARENT_GROUP,medium,SF,小区服务参数管理（总体）,FAP 载波基本配置,Device.Services.FAPService.{i}.,,,json_seed_and_catalog_existing_group,omcgo/internal/config/parammodel/mmlstandardloader/seeds/cmcc_tdlte_v23.json; omcgo/datamodels/mml-catalog/cmcc-tdlte-v2.3.json,参数 path 位于现有 JSON/seed 分组对象路径之下，可挂到该父分组；需确认是否过宽,,,,
Device.Services.FAPService.{i}.CellConfig.LTE.MocnConfigParam.{i}.S1UIp,parameter,READ_WRITE,STRING,SF,小区服务参数管理,{i},Device.Services.FAPService.{i}.CellConfig.LTE.MocnConfigParam.{i}.,DEVICE_SERVICES_FAPSERVICE_CELLCONFIG_LTE_MOCNCONFIGPARAM,LST MOCN_CONFIG_PARAM;MOD MOCN_CONFIG_PARAM,YES_EXISTING_JSON_PARENT_GROUP,medium,SF,小区服务参数管理（总体）,FAP 载波基本配置,Device.Services.FAPService.{i}.,,,json_seed_and_catalog_existing_group,omcgo/internal/config/parammodel/mmlstandardloader/seeds/cmcc_tdlte_v23.json; omcgo/datamodels/mml-catalog/cmcc-tdlte-v2.3.json,参数 path 位于现有 JSON/seed 分组对象路径之下，可挂到该父分组；需确认是否过宽,,,,
Device.Services.FAPService.{i}.CellConfig.LTE.MultiIpsecConfigParam.{i}.DpdAction,parameter,READ_WRITE,STRING,SF,小区服务参数管理,{i},Device.Services.FAPService.{i}.CellConfig.LTE.MultiIpsecConfigParam.{i}.,DEVICE_SERVICES_FAPSERVICE_CELLCONFIG_LTE_MULTIIPSECCONFIGPARAM,LST MULTI_IPSEC_CONFIG_PARAM;MOD MULTI_IPSEC_CONFIG_PARAM,YES_EXISTING_JSON_PARENT_GROUP,medium,SF,小区服务参数管理（总体）,FAP 载波基本配置,Device.Services.FAPService.{i}.,,,json_seed_and_catalog_existing_group,omcgo/internal/config/parammodel/mmlstandardloader/seeds/cmcc_tdlte_v23.json; omcgo/datamodels/mml-catalog/cmcc-tdlte-v2.3.json,参数 path 位于现有 JSON/seed 分组对象路径之下，可挂到该父分组；需确认是否过宽,,,,
Device.Services.FAPService.{i}.CellConfig.LTE.MultiIpsecConfigParam.{i}.DpdDelay,parameter,READ_WRITE,STRING,SF,小区服务参数管理,{i},Device.Services.FAPService.{i}.CellConfig.LTE.MultiIpsecConfigParam.{i}.,DEVICE_SERVICES_FAPSERVICE_CELLCONFIG_LTE_MULTIIPSECCONFIGPARAM,LST MULTI_IPSEC_CONFIG_PARAM;MOD MULTI_IPSEC_CONFIG_PARAM,YES_EXISTING_JSON_PARENT_GROUP,medium,SF,小区服务参数管理（总体）,FAP 载波基本配置,Device.Services.FAPService.{i}.,,,json_seed_and_catalog_existing_group,omcgo/internal/config/parammodel/mmlstandardloader/seeds/cmcc_tdlte_v23.json; omcgo/datamodels/mml-catalog/cmcc-tdlte-v2.3.json,参数 path 位于现有 JSON/seed 分组对象路径之下，可挂到该父分组；需确认是否过宽,,,,
Device.Services.FAPService.{i}.CellConfig.LTE.MultiIpsecConfigParam.{i}.Enable,parameter,READ_WRITE,STRING,SF,小区服务参数管理,{i},Device.Services.FAPService.{i}.CellConfig.LTE.MultiIpsecConfigParam.{i}.,DEVICE_SERVICES_FAPSERVICE_CELLCONFIG_LTE_MULTIIPSECCONFIGPARAM,LST MULTI_IPSEC_CONFIG_PARAM;MOD MULTI_IPSEC_CONFIG_PARAM,YES_EXISTING_JSON_PARENT_GROUP,medium,SF,小区服务参数管理（总体）,FAP 载波基本配置,Device.Services.FAPService.{i}.,,,json_seed_and_catalog_existing_group,omcgo/internal/config/parammodel/mmlstandardloader/seeds/cmcc_tdlte_v23.json; omcgo/datamodels/mml-catalog/cmcc-tdlte-v2.3.json,参数 path 位于现有 JSON/seed 分组对象路径之下，可挂到该父分组；需确认是否过宽,,,,
Device.Services.FAPService.{i}.CellConfig.LTE.MultiIpsecConfigParam.{i}.EspAuthentication,parameter,READ_WRITE,STRING,SF,小区服务参数管理,{i},Device.Services.FAPService.{i}.CellConfig.LTE.MultiIpsecConfigParam.{i}.,DEVICE_SERVICES_FAPSERVICE_CELLCONFIG_LTE_MULTIIPSECCONFIGPARAM,LST MULTI_IPSEC_CONFIG_PARAM;MOD MULTI_IPSEC_CONFIG_PARAM,YES_EXISTING_JSON_PARENT_GROUP,medium,SF,小区服务参数管理（总体）,FAP 载波基本配置,Device.Services.FAPService.{i}.,,,json_seed_and_catalog_existing_group,omcgo/internal/config/parammodel/mmlstandardloader/seeds/cmcc_tdlte_v23.json; omcgo/datamodels/mml-catalog/cmcc-tdlte-v2.3.json,参数 path 位于现有 JSON/seed 分组对象路径之下，可挂到该父分组；需确认是否过宽,,,,
Device.Services.FAPService.{i}.CellConfig.LTE.MultiIpsecConfigParam.{i}.EspDhGroup,parameter,READ_WRITE,STRING,SF,小区服务参数管理,{i},Device.Services.FAPService.{i}.CellConfig.LTE.MultiIpsecConfigParam.{i}.,DEVICE_SERVICES_FAPSERVICE_CELLCONFIG_LTE_MULTIIPSECCONFIGPARAM,LST MULTI_IPSEC_CONFIG_PARAM;MOD MULTI_IPSEC_CONFIG_PARAM,YES_EXISTING_JSON_PARENT_GROUP,medium,SF,小区服务参数管理（总体）,FAP 载波基本配置,Device.Services.FAPService.{i}.,,,json_seed_and_catalog_existing_group,omcgo/internal/config/parammodel/mmlstandardloader/seeds/cmcc_tdlte_v23.json; omcgo/datamodels/mml-catalog/cmcc-tdlte-v2.3.json,参数 path 位于现有 JSON/seed 分组对象路径之下，可挂到该父分组；需确认是否过宽,,,,
Device.Services.FAPService.{i}.CellConfig.LTE.MultiIpsecConfigParam.{i}.EspenCryption,parameter,READ_WRITE,STRING,SF,小区服务参数管理,{i},Device.Services.FAPService.{i}.CellConfig.LTE.MultiIpsecConfigParam.{i}.,DEVICE_SERVICES_FAPSERVICE_CELLCONFIG_LTE_MULTIIPSECCONFIGPARAM,LST MULTI_IPSEC_CONFIG_PARAM;MOD MULTI_IPSEC_CONFIG_PARAM,YES_EXISTING_JSON_PARENT_GROUP,medium,SF,小区服务参数管理（总体）,FAP 载波基本配置,Device.Services.FAPService.{i}.,,,json_seed_and_catalog_existing_group,omcgo/internal/config/parammodel/mmlstandardloader/seeds/cmcc_tdlte_v23.json; omcgo/datamodels/mml-catalog/cmcc-tdlte-v2.3.json,参数 path 位于现有 JSON/seed 分组对象路径之下，可挂到该父分组；需确认是否过宽,,,,
Device.Services.FAPService.{i}.CellConfig.LTE.MultiIpsecConfigParam.{i}.Fragmetation,parameter,READ_WRITE,STRING,SF,小区服务参数管理,{i},Device.Services.FAPService.{i}.CellConfig.LTE.MultiIpsecConfigParam.{i}.,DEVICE_SERVICES_FAPSERVICE_CELLCONFIG_LTE_MULTIIPSECCONFIGPARAM,LST MULTI_IPSEC_CONFIG_PARAM;MOD MULTI_IPSEC_CONFIG_PARAM,YES_EXISTING_JSON_PARENT_GROUP,medium,SF,小区服务参数管理（总体）,FAP 载波基本配置,Device.Services.FAPService.{i}.,,,json_seed_and_catalog_existing_group,omcgo/internal/config/parammodel/mmlstandardloader/seeds/cmcc_tdlte_v23.json; omcgo/datamodels/mml-catalog/cmcc-tdlte-v2.3.json,参数 path 位于现有 JSON/seed 分组对象路径之下，可挂到该父分组；需确认是否过宽,,,,
Device.Services.FAPService.{i}.CellConfig.LTE.MultiIpsecConfigParam.{i}.IkeAuthentication,parameter,READ_WRITE,STRING,SF,小区服务参数管理,{i},Device.Services.FAPService.{i}.CellConfig.LTE.MultiIpsecConfigParam.{i}.,DEVICE_SERVICES_FAPSERVICE_CELLCONFIG_LTE_MULTIIPSECCONFIGPARAM,LST MULTI_IPSEC_CONFIG_PARAM;MOD MULTI_IPSEC_CONFIG_PARAM,YES_EXISTING_JSON_PARENT_GROUP,medium,SF,小区服务参数管理（总体）,FAP 载波基本配置,Device.Services.FAPService.{i}.,,,json_seed_and_catalog_existing_group,omcgo/internal/config/parammodel/mmlstandardloader/seeds/cmcc_tdlte_v23.json; omcgo/datamodels/mml-catalog/cmcc-tdlte-v2.3.json,参数 path 位于现有 JSON/seed 分组对象路径之下，可挂到该父分组；需确认是否过宽,,,,
Device.Services.FAPService.{i}.CellConfig.LTE.MultiIpsecConfigParam.{i}.IkeDhGroup,parameter,READ_WRITE,STRING,SF,小区服务参数管理,{i},Device.Services.FAPService.{i}.CellConfig.LTE.MultiIpsecConfigParam.{i}.,DEVICE_SERVICES_FAPSERVICE_CELLCONFIG_LTE_MULTIIPSECCONFIGPARAM,LST MULTI_IPSEC_CONFIG_PARAM;MOD MULTI_IPSEC_CONFIG_PARAM,YES_EXISTING_JSON_PARENT_GROUP,medium,SF,小区服务参数管理（总体）,FAP 载波基本配置,Device.Services.FAPService.{i}.,,,json_seed_and_catalog_existing_group,omcgo/internal/config/parammodel/mmlstandardloader/seeds/cmcc_tdlte_v23.json; omcgo/datamodels/mml-catalog/cmcc-tdlte-v2.3.json,参数 path 位于现有 JSON/seed 分组对象路径之下，可挂到该父分组；需确认是否过宽,,,,
Device.Services.FAPService.{i}.CellConfig.LTE.MultiIpsecConfigParam.{i}.IkeLifeTime,parameter,READ_WRITE,STRING,SF,小区服务参数管理,{i},Device.Services.FAPService.{i}.CellConfig.LTE.MultiIpsecConfigParam.{i}.,DEVICE_SERVICES_FAPSERVICE_CELLCONFIG_LTE_MULTIIPSECCONFIGPARAM,LST MULTI_IPSEC_CONFIG_PARAM;MOD MULTI_IPSEC_CONFIG_PARAM,YES_EXISTING_JSON_PARENT_GROUP,medium,SF,小区服务参数管理（总体）,FAP 载波基本配置,Device.Services.FAPService.{i}.,,,json_seed_and_catalog_existing_group,omcgo/internal/config/parammodel/mmlstandardloader/seeds/cmcc_tdlte_v23.json; omcgo/datamodels/mml-catalog/cmcc-tdlte-v2.3.json,参数 path 位于现有 JSON/seed 分组对象路径之下，可挂到该父分组；需确认是否过宽,,,,
Device.Services.FAPService.{i}.CellConfig.LTE.MultiIpsecConfigParam.{i}.IkeenCryption,parameter,READ_WRITE,STRING,SF,小区服务参数管理,{i},Device.Services.FAPService.{i}.CellConfig.LTE.MultiIpsecConfigParam.{i}.,DEVICE_SERVICES_FAPSERVICE_CELLCONFIG_LTE_MULTIIPSECCONFIGPARAM,LST MULTI_IPSEC_CONFIG_PARAM;MOD MULTI_IPSEC_CONFIG_PARAM,YES_EXISTING_JSON_PARENT_GROUP,medium,SF,小区服务参数管理（总体）,FAP 载波基本配置,Device.Services.FAPService.{i}.,,,json_seed_and_catalog_existing_group,omcgo/internal/config/parammodel/mmlstandardloader/seeds/cmcc_tdlte_v23.json; omcgo/datamodels/mml-catalog/cmcc-tdlte-v2.3.json,参数 path 位于现有 JSON/seed 分组对象路径之下，可挂到该父分组；需确认是否过宽,,,,
Device.Services.FAPService.{i}.CellConfig.LTE.MultiIpsecConfigParam.{i}.KeyLife,parameter,READ_WRITE,STRING,SF,小区服务参数管理,{i},Device.Services.FAPService.{i}.CellConfig.LTE.MultiIpsecConfigParam.{i}.,DEVICE_SERVICES_FAPSERVICE_CELLCONFIG_LTE_MULTIIPSECCONFIGPARAM,LST MULTI_IPSEC_CONFIG_PARAM;MOD MULTI_IPSEC_CONFIG_PARAM,YES_EXISTING_JSON_PARENT_GROUP,medium,SF,小区服务参数管理（总体）,FAP 载波基本配置,Device.Services.FAPService.{i}.,,,json_seed_and_catalog_existing_group,omcgo/internal/config/parammodel/mmlstandardloader/seeds/cmcc_tdlte_v23.json; omcgo/datamodels/mml-catalog/cmcc-tdlte-v2.3.json,参数 path 位于现有 JSON/seed 分组对象路径之下，可挂到该父分组；需确认是否过宽,,,,
Device.Services.FAPService.{i}.CellConfig.LTE.MultiIpsecConfigParam.{i}.LeftAuth,parameter,READ_WRITE,STRING,SF,小区服务参数管理,{i},Device.Services.FAPService.{i}.CellConfig.LTE.MultiIpsecConfigParam.{i}.,DEVICE_SERVICES_FAPSERVICE_CELLCONFIG_LTE_MULTIIPSECCONFIGPARAM,LST MULTI_IPSEC_CONFIG_PARAM;MOD MULTI_IPSEC_CONFIG_PARAM,YES_EXISTING_JSON_PARENT_GROUP,medium,SF,小区服务参数管理（总体）,FAP 载波基本配置,Device.Services.FAPService.{i}.,,,json_seed_and_catalog_existing_group,omcgo/internal/config/parammodel/mmlstandardloader/seeds/cmcc_tdlte_v23.json; omcgo/datamodels/mml-catalog/cmcc-tdlte-v2.3.json,参数 path 位于现有 JSON/seed 分组对象路径之下，可挂到该父分组；需确认是否过宽,,,,
Device.Services.FAPService.{i}.CellConfig.LTE.MultiIpsecConfigParam.{i}.LeftCert,parameter,READ_WRITE,STRING,SF,小区服务参数管理,{i},Device.Services.FAPService.{i}.CellConfig.LTE.MultiIpsecConfigParam.{i}.,DEVICE_SERVICES_FAPSERVICE_CELLCONFIG_LTE_MULTIIPSECCONFIGPARAM,LST MULTI_IPSEC_CONFIG_PARAM;MOD MULTI_IPSEC_CONFIG_PARAM,YES_EXISTING_JSON_PARENT_GROUP,medium,SF,小区服务参数管理（总体）,FAP 载波基本配置,Device.Services.FAPService.{i}.,,,json_seed_and_catalog_existing_group,omcgo/internal/config/parammodel/mmlstandardloader/seeds/cmcc_tdlte_v23.json; omcgo/datamodels/mml-catalog/cmcc-tdlte-v2.3.json,参数 path 位于现有 JSON/seed 分组对象路径之下，可挂到该父分组；需确认是否过宽,,,,
Device.Services.FAPService.{i}.CellConfig.LTE.MultiIpsecConfigParam.{i}.LeftId,parameter,READ_WRITE,STRING,SF,小区服务参数管理,{i},Device.Services.FAPService.{i}.CellConfig.LTE.MultiIpsecConfigParam.{i}.,DEVICE_SERVICES_FAPSERVICE_CELLCONFIG_LTE_MULTIIPSECCONFIGPARAM,LST MULTI_IPSEC_CONFIG_PARAM;MOD MULTI_IPSEC_CONFIG_PARAM,YES_EXISTING_JSON_PARENT_GROUP,medium,SF,小区服务参数管理（总体）,FAP 载波基本配置,Device.Services.FAPService.{i}.,,,json_seed_and_catalog_existing_group,omcgo/internal/config/parammodel/mmlstandardloader/seeds/cmcc_tdlte_v23.json; omcgo/datamodels/mml-catalog/cmcc-tdlte-v2.3.json,参数 path 位于现有 JSON/seed 分组对象路径之下，可挂到该父分组；需确认是否过宽,,,,
Device.Services.FAPService.{i}.CellConfig.LTE.MultiIpsecConfigParam.{i}.LeftIp,parameter,READ_WRITE,STRING,SF,小区服务参数管理,{i},Device.Services.FAPService.{i}.CellConfig.LTE.MultiIpsecConfigParam.{i}.,DEVICE_SERVICES_FAPSERVICE_CELLCONFIG_LTE_MULTIIPSECCONFIGPARAM,LST MULTI_IPSEC_CONFIG_PARAM;MOD MULTI_IPSEC_CONFIG_PARAM,YES_EXISTING_JSON_PARENT_GROUP,medium,SF,小区服务参数管理（总体）,FAP 载波基本配置,Device.Services.FAPService.{i}.,,,json_seed_and_catalog_existing_group,omcgo/internal/config/parammodel/mmlstandardloader/seeds/cmcc_tdlte_v23.json; omcgo/datamodels/mml-catalog/cmcc-tdlte-v2.3.json,参数 path 位于现有 JSON/seed 分组对象路径之下，可挂到该父分组；需确认是否过宽,,,,
Device.Services.FAPService.{i}.CellConfig.LTE.MultiIpsecConfigParam.{i}.LeftSourceIp,parameter,READ_WRITE,STRING,SF,小区服务参数管理,{i},Device.Services.FAPService.{i}.CellConfig.LTE.MultiIpsecConfigParam.{i}.,DEVICE_SERVICES_FAPSERVICE_CELLCONFIG_LTE_MULTIIPSECCONFIGPARAM,LST MULTI_IPSEC_CONFIG_PARAM;MOD MULTI_IPSEC_CONFIG_PARAM,YES_EXISTING_JSON_PARENT_GROUP,medium,SF,小区服务参数管理（总体）,FAP 载波基本配置,Device.Services.FAPService.{i}.,,,json_seed_and_catalog_existing_group,omcgo/internal/config/parammodel/mmlstandardloader/seeds/cmcc_tdlte_v23.json; omcgo/datamodels/mml-catalog/cmcc-tdlte-v2.3.json,参数 path 位于现有 JSON/seed 分组对象路径之下，可挂到该父分组；需确认是否过宽,,,,
Device.Services.FAPService.{i}.CellConfig.LTE.MultiIpsecConfigParam.{i}.LeftSubnet,parameter,READ_WRITE,STRING,SF,小区服务参数管理,{i},Device.Services.FAPService.{i}.CellConfig.LTE.MultiIpsecConfigParam.{i}.,DEVICE_SERVICES_FAPSERVICE_CELLCONFIG_LTE_MULTIIPSECCONFIGPARAM,LST MULTI_IPSEC_CONFIG_PARAM;MOD MULTI_IPSEC_CONFIG_PARAM,YES_EXISTING_JSON_PARENT_GROUP,medium,SF,小区服务参数管理（总体）,FAP 载波基本配置,Device.Services.FAPService.{i}.,,,json_seed_and_catalog_existing_group,omcgo/internal/config/parammodel/mmlstandardloader/seeds/cmcc_tdlte_v23.json; omcgo/datamodels/mml-catalog/cmcc-tdlte-v2.3.json,参数 path 位于现有 JSON/seed 分组对象路径之下，可挂到该父分组；需确认是否过宽,,,,
Device.Services.FAPService.{i}.CellConfig.LTE.MultiIpsecConfigParam.{i}.ReKeyMargin,parameter,READ_WRITE,STRING,SF,小区服务参数管理,{i},Device.Services.FAPService.{i}.CellConfig.LTE.MultiIpsecConfigParam.{i}.,DEVICE_SERVICES_FAPSERVICE_CELLCONFIG_LTE_MULTIIPSECCONFIGPARAM,LST MULTI_IPSEC_CONFIG_PARAM;MOD MULTI_IPSEC_CONFIG_PARAM,YES_EXISTING_JSON_PARENT_GROUP,medium,SF,小区服务参数管理（总体）,FAP 载波基本配置,Device.Services.FAPService.{i}.,,,json_seed_and_catalog_existing_group,omcgo/internal/config/parammodel/mmlstandardloader/seeds/cmcc_tdlte_v23.json; omcgo/datamodels/mml-catalog/cmcc-tdlte-v2.3.json,参数 path 位于现有 JSON/seed 分组对象路径之下，可挂到该父分组；需确认是否过宽,,,,
Device.Services.FAPService.{i}.CellConfig.LTE.MultiIpsecConfigParam.{i}.Right,parameter,READ_WRITE,STRING,SF,小区服务参数管理,{i},Device.Services.FAPService.{i}.CellConfig.LTE.MultiIpsecConfigParam.{i}.,DEVICE_SERVICES_FAPSERVICE_CELLCONFIG_LTE_MULTIIPSECCONFIGPARAM,LST MULTI_IPSEC_CONFIG_PARAM;MOD MULTI_IPSEC_CONFIG_PARAM,YES_EXISTING_JSON_PARENT_GROUP,medium,SF,小区服务参数管理（总体）,FAP 载波基本配置,Device.Services.FAPService.{i}.,,,json_seed_and_catalog_existing_group,omcgo/internal/config/parammodel/mmlstandardloader/seeds/cmcc_tdlte_v23.json; omcgo/datamodels/mml-catalog/cmcc-tdlte-v2.3.json,参数 path 位于现有 JSON/seed 分组对象路径之下，可挂到该父分组；需确认是否过宽,,,,
Device.Services.FAPService.{i}.CellConfig.LTE.MultiIpsecConfigParam.{i}.RightAuth,parameter,READ_WRITE,STRING,SF,小区服务参数管理,{i},Device.Services.FAPService.{i}.CellConfig.LTE.MultiIpsecConfigParam.{i}.,DEVICE_SERVICES_FAPSERVICE_CELLCONFIG_LTE_MULTIIPSECCONFIGPARAM,LST MULTI_IPSEC_CONFIG_PARAM;MOD MULTI_IPSEC_CONFIG_PARAM,YES_EXISTING_JSON_PARENT_GROUP,medium,SF,小区服务参数管理（总体）,FAP 载波基本配置,Device.Services.FAPService.{i}.,,,json_seed_and_catalog_existing_group,omcgo/internal/config/parammodel/mmlstandardloader/seeds/cmcc_tdlte_v23.json; omcgo/datamodels/mml-catalog/cmcc-tdlte-v2.3.json,参数 path 位于现有 JSON/seed 分组对象路径之下，可挂到该父分组；需确认是否过宽,,,,
Device.Services.FAPService.{i}.CellConfig.LTE.MultiIpsecConfigParam.{i}.RightId,parameter,READ_WRITE,STRING,SF,小区服务参数管理,{i},Device.Services.FAPService.{i}.CellConfig.LTE.MultiIpsecConfigParam.{i}.,DEVICE_SERVICES_FAPSERVICE_CELLCONFIG_LTE_MULTIIPSECCONFIGPARAM,LST MULTI_IPSEC_CONFIG_PARAM;MOD MULTI_IPSEC_CONFIG_PARAM,YES_EXISTING_JSON_PARENT_GROUP,medium,SF,小区服务参数管理（总体）,FAP 载波基本配置,Device.Services.FAPService.{i}.,,,json_seed_and_catalog_existing_group,omcgo/internal/config/parammodel/mmlstandardloader/seeds/cmcc_tdlte_v23.json; omcgo/datamodels/mml-catalog/cmcc-tdlte-v2.3.json,参数 path 位于现有 JSON/seed 分组对象路径之下，可挂到该父分组；需确认是否过宽,,,,
Device.Services.FAPService.{i}.CellConfig.LTE.MultiIpsecConfigParam.{i}.RightSubnet,parameter,READ_WRITE,STRING,SF,小区服务参数管理,{i},Device.Services.FAPService.{i}.CellConfig.LTE.MultiIpsecConfigParam.{i}.,DEVICE_SERVICES_FAPSERVICE_CELLCONFIG_LTE_MULTIIPSECCONFIGPARAM,LST MULTI_IPSEC_CONFIG_PARAM;MOD MULTI_IPSEC_CONFIG_PARAM,YES_EXISTING_JSON_PARENT_GROUP,medium,SF,小区服务参数管理（总体）,FAP 载波基本配置,Device.Services.FAPService.{i}.,,,json_seed_and_catalog_existing_group,omcgo/internal/config/parammodel/mmlstandardloader/seeds/cmcc_tdlte_v23.json; omcgo/datamodels/mml-catalog/cmcc-tdlte-v2.3.json,参数 path 位于现有 JSON/seed 分组对象路径之下，可挂到该父分组；需确认是否过宽,,,,
Device.Services.FAPService.{i}.CellConfig.LTE.MultiIpsecConfigParam.{i}.SecretKey,parameter,READ_WRITE,STRING,SF,小区服务参数管理,{i},Device.Services.FAPService.{i}.CellConfig.LTE.MultiIpsecConfigParam.{i}.,DEVICE_SERVICES_FAPSERVICE_CELLCONFIG_LTE_MULTIIPSECCONFIGPARAM,LST MULTI_IPSEC_CONFIG_PARAM;MOD MULTI_IPSEC_CONFIG_PARAM,YES_EXISTING_JSON_PARENT_GROUP,medium,SF,小区服务参数管理（总体）,FAP 载波基本配置,Device.Services.FAPService.{i}.,,,json_seed_and_catalog_existing_group,omcgo/internal/config/parammodel/mmlstandardloader/seeds/cmcc_tdlte_v23.json; omcgo/datamodels/mml-catalog/cmcc-tdlte-v2.3.json,参数 path 位于现有 JSON/seed 分组对象路径之下，可挂到该父分组；需确认是否过宽,,,,
Device.Services.FAPService.{i}.CellConfig.LTE.MultiIpsecConfigParam.{i}.TunnelName,parameter,READ_WRITE,STRING,SF,小区服务参数管理,{i},Device.Services.FAPService.{i}.CellConfig.LTE.MultiIpsecConfigParam.{i}.,DEVICE_SERVICES_FAPSERVICE_CELLCONFIG_LTE_MULTIIPSECCONFIGPARAM,LST MULTI_IPSEC_CONFIG_PARAM;MOD MULTI_IPSEC_CONFIG_PARAM,YES_EXISTING_JSON_PARENT_GROUP,medium,SF,小区服务参数管理（总体）,FAP 载波基本配置,Device.Services.FAPService.{i}.,,,json_seed_and_catalog_existing_group,omcgo/internal/config/parammodel/mmlstandardloader/seeds/cmcc_tdlte_v23.json; omcgo/datamodels/mml-catalog/cmcc-tdlte-v2.3.json,参数 path 位于现有 JSON/seed 分组对象路径之下，可挂到该父分组；需确认是否过宽,,,,
Device.Services.FAPService.{i}.CellConfig.LTE.S1U.{i}.FarIpSubnetworkList,parameter,READ_ONLY,STRING,SF,小区服务参数管理,{i},Device.Services.FAPService.{i}.CellConfig.LTE.S1U.{i}.,DEVICE_SERVICES_FAPSERVICE_CELLCONFIG_LTE_S1U,LST S1_U,YES_EXISTING_JSON_PARENT_GROUP,medium,SF,小区服务参数管理（总体）,FAP 载波基本配置,Device.Services.FAPService.{i}.,,,json_seed_and_catalog_existing_group,omcgo/internal/config/parammodel/mmlstandardloader/seeds/cmcc_tdlte_v23.json; omcgo/datamodels/mml-catalog/cmcc-tdlte-v2.3.json,参数 path 位于现有 JSON/seed 分组对象路径之下，可挂到该父分组；需确认是否过宽,S1-U对象,LTE V2.1.xlsx,SF,11
Device.Services.FAPService.{i}.CellConfig.LTE.S1U.{i}.LocIpAddrList,parameter,READ_ONLY,STRING,SF,小区服务参数管理,{i},Device.Services.FAPService.{i}.CellConfig.LTE.S1U.{i}.,DEVICE_SERVICES_FAPSERVICE_CELLCONFIG_LTE_S1U,LST S1_U,YES_EXISTING_JSON_PARENT_GROUP,medium,SF,小区服务参数管理（总体）,FAP 载波基本配置,Device.Services.FAPService.{i}.,,,json_seed_and_catalog_existing_group,omcgo/internal/config/parammodel/mmlstandardloader/seeds/cmcc_tdlte_v23.json; omcgo/datamodels/mml-catalog/cmcc-tdlte-v2.3.json,参数 path 位于现有 JSON/seed 分组对象路径之下，可挂到该父分组；需确认是否过宽,S1-U对象,LTE V2.1.xlsx,SF,10
Device.Services.FAPService.{i}.CellConfig.{i}.NR.CN.TA.{i}.NrcellIdentity,parameter,READ_WRITE,STRING,SF,小区服务参数管理,{i},Device.Services.FAPService.{i}.CellConfig.{i}.NR.CN.TA.{i}.,DEVICE_SERVICES_FAPSERVICE_CELLCONFIG_NR_CN_TA,LST TA;MOD TA,YES_QUICKSETTINGS_XML_GROUP,high,,,核心网参数,,gnb-core,,quicksettings_xml_exact_standardPath,omcgo/data/quicksettings/BaiBNQ.xml#gnb-core:核心网参数(NrcellIdentity),quicksettings XML 已有同 standardPath 的前端分组,小区标识参数,中国移动5G扩展型皮基站网管南向接口数据模型规范v1.9.4.xlsx,SJ,28
Device.Services.FAPService.{i}.CellConfig.{i}.NR.CN.TA.{i}.PLMNList.{i}.IsPrimaryPlmn,parameter,READ_WRITE,STRING,SF,小区服务参数管理,{i},Device.Services.FAPService.{i}.CellConfig.{i}.NR.CN.TA.{i}.PLMNList.{i}.,DEVICE_SERVICES_FAPSERVICE_CELLCONFIG_NR_CN_TA_PLMNLIST,LST PLMNLIST;MOD PLMNLIST,YES_EXISTING_JSON_PARENT_GROUP,medium,SF,小区服务参数管理（总体）,FAP 载波基本配置,Device.Services.FAPService.{i}.,,,json_seed_and_catalog_existing_group,omcgo/internal/config/parammodel/mmlstandardloader/seeds/cmcc_tdlte_v23.json; omcgo/datamodels/mml-catalog/cmcc-tdlte-v2.3.json,参数 path 位于现有 JSON/seed 分组对象路径之下，可挂到该父分组；需确认是否过宽,,,,
Device.Services.FAPService.{i}.CellConfig.{i}.NR.CN.TA.{i}.PLMNList.{i}.PLMNID,parameter,READ_WRITE,STRING,SF,小区服务参数管理,{i},Device.Services.FAPService.{i}.CellConfig.{i}.NR.CN.TA.{i}.PLMNList.{i}.,DEVICE_SERVICES_FAPSERVICE_CELLCONFIG_NR_CN_TA_PLMNLIST,LST PLMNLIST;MOD PLMNLIST,YES_QUICKSETTINGS_XML_GROUP,high,,,核心网参数,,gnb-core,,quicksettings_xml_exact_standardPath,omcgo/data/quicksettings/BaiBNQ.xml#gnb-core:核心网参数(PLMNID),quicksettings XML 已有同 standardPath 的前端分组,小区标识参数,中国移动5G扩展型皮基站网管南向接口数据模型规范v1.9.4.xlsx,SJ,30
Device.Services.FAPService.{i}.CellConfig.{i}.NR.CN.TA.{i}.PLMNList.{i}.SliceList.{i}.NguIpIndex,parameter,READ_WRITE,STRING,SF,小区服务参数管理,{i},Device.Services.FAPService.{i}.CellConfig.{i}.NR.CN.TA.{i}.PLMNList.{i}.SliceList.{i}.,DEVICE_SERVICES_FAPSERVICE_CELLCONFIG_NR_CN_TA_PLMNLIST_SLICELIST,LST SLICE_LIST;MOD SLICE_LIST,YES_EXISTING_JSON_PARENT_GROUP,medium,SF,小区服务参数管理（总体）,FAP 载波基本配置,Device.Services.FAPService.{i}.,,,json_seed_and_catalog_existing_group,omcgo/internal/config/parammodel/mmlstandardloader/seeds/cmcc_tdlte_v23.json; omcgo/datamodels/mml-catalog/cmcc-tdlte-v2.3.json,参数 path 位于现有 JSON/seed 分组对象路径之下，可挂到该父分组；需确认是否过宽,,,,
Device.Services.FAPService.{i}.CellConfig.{i}.NR.CN.TA.{i}.PLMNList.{i}.SliceList.{i}.SNSSAI,parameter,READ_WRITE,STRING,SF,小区服务参数管理,{i},Device.Services.FAPService.{i}.CellConfig.{i}.NR.CN.TA.{i}.PLMNList.{i}.SliceList.{i}.,DEVICE_SERVICES_FAPSERVICE_CELLCONFIG_NR_CN_TA_PLMNLIST_SLICELIST,LST SLICE_LIST;MOD SLICE_LIST,YES_EXISTING_JSON_PARENT_GROUP,medium,SF,小区服务参数管理（总体）,FAP 载波基本配置,Device.Services.FAPService.{i}.,,,json_seed_and_catalog_existing_group,omcgo/internal/config/parammodel/mmlstandardloader/seeds/cmcc_tdlte_v23.json; omcgo/datamodels/mml-catalog/cmcc-tdlte-v2.3.json,参数 path 位于现有 JSON/seed 分组对象路径之下，可挂到该父分组；需确认是否过宽,小区标识参数,NR v1.7.xlsx,SJ,27
Device.Services.FAPService.{i}.CellConfig.{i}.NR.CN.TA.{i}.Ranac,parameter,READ_WRITE,STRING,SF,小区服务参数管理,{i},Device.Services.FAPService.{i}.CellConfig.{i}.NR.CN.TA.{i}.,DEVICE_SERVICES_FAPSERVICE_CELLCONFIG_NR_CN_TA,LST TA;MOD TA,YES_EXISTING_JSON_PARENT_GROUP,medium,SF,小区服务参数管理（总体）,FAP 载波基本配置,Device.Services.FAPService.{i}.,,,json_seed_and_catalog_existing_group,omcgo/internal/config/parammodel/mmlstandardloader/seeds/cmcc_tdlte_v23.json; omcgo/datamodels/mml-catalog/cmcc-tdlte-v2.3.json,参数 path 位于现有 JSON/seed 分组对象路径之下，可挂到该父分组；需确认是否过宽,小区标识参数,中国移动5G扩展型皮基站网管南向接口数据模型规范v1.9.4.xlsx,SJ,27
Device.Services.FAPService.{i}.CellConfig.{i}.NrSibParams.{i}.Sib2Enable,parameter,READ_WRITE,STRING,SF,小区服务参数管理,{i},Device.Services.FAPService.{i}.CellConfig.{i}.NrSibParams.{i}.,DEVICE_SERVICES_FAPSERVICE_CELLCONFIG_NRSIBPARAMS,LST NR_SIB_PARAMS;MOD NR_SIB_PARAMS,YES_EXISTING_JSON_PARENT_GROUP,medium,SF,小区服务参数管理（总体）,FAP 载波基本配置,Device.Services.FAPService.{i}.,,,json_seed_and_catalog_existing_group,omcgo/internal/config/parammodel/mmlstandardloader/seeds/cmcc_tdlte_v23.json; omcgo/datamodels/mml-catalog/cmcc-tdlte-v2.3.json,参数 path 位于现有 JSON/seed 分组对象路径之下，可挂到该父分组；需确认是否过宽,,,,
Device.Services.FAPService.{i}.CellConfig.{i}.NrSibParams.{i}.Sib3Enable,parameter,READ_WRITE,STRING,SF,小区服务参数管理,{i},Device.Services.FAPService.{i}.CellConfig.{i}.NrSibParams.{i}.,DEVICE_SERVICES_FAPSERVICE_CELLCONFIG_NRSIBPARAMS,LST NR_SIB_PARAMS;MOD NR_SIB_PARAMS,YES_EXISTING_JSON_PARENT_GROUP,medium,SF,小区服务参数管理（总体）,FAP 载波基本配置,Device.Services.FAPService.{i}.,,,json_seed_and_catalog_existing_group,omcgo/internal/config/parammodel/mmlstandardloader/seeds/cmcc_tdlte_v23.json; omcgo/datamodels/mml-catalog/cmcc-tdlte-v2.3.json,参数 path 位于现有 JSON/seed 分组对象路径之下，可挂到该父分组；需确认是否过宽,,,,
Device.Services.FAPService.{i}.CellConfig.{i}.NrSibParams.{i}.Sib4Enable,parameter,READ_WRITE,STRING,SF,小区服务参数管理,{i},Device.Services.FAPService.{i}.CellConfig.{i}.NrSibParams.{i}.,DEVICE_SERVICES_FAPSERVICE_CELLCONFIG_NRSIBPARAMS,LST NR_SIB_PARAMS;MOD NR_SIB_PARAMS,YES_EXISTING_JSON_PARENT_GROUP,medium,SF,小区服务参数管理（总体）,FAP 载波基本配置,Device.Services.FAPService.{i}.,,,json_seed_and_catalog_existing_group,omcgo/internal/config/parammodel/mmlstandardloader/seeds/cmcc_tdlte_v23.json; omcgo/datamodels/mml-catalog/cmcc-tdlte-v2.3.json,参数 path 位于现有 JSON/seed 分组对象路径之下，可挂到该父分组；需确认是否过宽,,,,
Device.Services.FAPService.{i}.CellConfig.{i}.NrSibParams.{i}.Sib5Enable,parameter,READ_WRITE,STRING,SF,小区服务参数管理,{i},Device.Services.FAPService.{i}.CellConfig.{i}.NrSibParams.{i}.,DEVICE_SERVICES_FAPSERVICE_CELLCONFIG_NRSIBPARAMS,LST NR_SIB_PARAMS;MOD NR_SIB_PARAMS,YES_EXISTING_JSON_PARENT_GROUP,medium,SF,小区服务参数管理（总体）,FAP 载波基本配置,Device.Services.FAPService.{i}.,,,json_seed_and_catalog_existing_group,omcgo/internal/config/parammodel/mmlstandardloader/seeds/cmcc_tdlte_v23.json; omcgo/datamodels/mml-catalog/cmcc-tdlte-v2.3.json,参数 path 位于现有 JSON/seed 分组对象路径之下，可挂到该父分组；需确认是否过宽,,,,
Device.Services.FAPService.{i}.CellConfig.{i}.NrSibParams.{i}.Sib9DaylightsavingTime,parameter,READ_WRITE,STRING,SF,小区服务参数管理,{i},Device.Services.FAPService.{i}.CellConfig.{i}.NrSibParams.{i}.,DEVICE_SERVICES_FAPSERVICE_CELLCONFIG_NRSIBPARAMS,LST NR_SIB_PARAMS;MOD NR_SIB_PARAMS,YES_EXISTING_JSON_PARENT_GROUP,medium,SF,小区服务参数管理（总体）,FAP 载波基本配置,Device.Services.FAPService.{i}.,,,json_seed_and_catalog_existing_group,omcgo/internal/config/parammodel/mmlstandardloader/seeds/cmcc_tdlte_v23.json; omcgo/datamodels/mml-catalog/cmcc-tdlte-v2.3.json,参数 path 位于现有 JSON/seed 分组对象路径之下，可挂到该父分组；需确认是否过宽,,,,
Device.Services.FAPService.{i}.CellConfig.{i}.NrSibParams.{i}.Sib9Enable,parameter,READ_WRITE,STRING,SF,小区服务参数管理,{i},Device.Services.FAPService.{i}.CellConfig.{i}.NrSibParams.{i}.,DEVICE_SERVICES_FAPSERVICE_CELLCONFIG_NRSIBPARAMS,LST NR_SIB_PARAMS;MOD NR_SIB_PARAMS,YES_EXISTING_JSON_PARENT_GROUP,medium,SF,小区服务参数管理（总体）,FAP 载波基本配置,Device.Services.FAPService.{i}.,,,json_seed_and_catalog_existing_group,omcgo/internal/config/parammodel/mmlstandardloader/seeds/cmcc_tdlte_v23.json; omcgo/datamodels/mml-catalog/cmcc-tdlte-v2.3.json,参数 path 位于现有 JSON/seed 分组对象路径之下，可挂到该父分组；需确认是否过宽,,,,
Device.Services.FAPService.{i}.CellConfig.{i}.NrSibParams.{i}.Sib9Leapseconds,parameter,READ_WRITE,STRING,SF,小区服务参数管理,{i},Device.Services.FAPService.{i}.CellConfig.{i}.NrSibParams.{i}.,DEVICE_SERVICES_FAPSERVICE_CELLCONFIG_NRSIBPARAMS,LST NR_SIB_PARAMS;MOD NR_SIB_PARAMS,YES_EXISTING_JSON_PARENT_GROUP,medium,SF,小区服务参数管理（总体）,FAP 载波基本配置,Device.Services.FAPService.{i}.,,,json_seed_and_catalog_existing_group,omcgo/internal/config/parammodel/mmlstandardloader/seeds/cmcc_tdlte_v23.json; omcgo/datamodels/mml-catalog/cmcc-tdlte-v2.3.json,参数 path 位于现有 JSON/seed 分组对象路径之下，可挂到该父分组；需确认是否过宽,,,,
Device.Services.FAPService.{i}.FAPControl.EMBEDDED_EPC.L2.Apn.{i}.apnDefault,parameter,READ_WRITE,STRING,SF,小区服务参数管理,{i},Device.Services.FAPService.{i}.FAPControl.EMBEDDED_EPC.L2.Apn.{i}.,DEVICE_SERVICES_FAPSERVICE_FAPCONTROL_EMBEDDED_EPC_L2_APN,LST APN;MOD APN,YES_EXISTING_JSON_PARENT_GROUP,medium,SF,小区服务参数管理（总体）,FAP 载波基本配置,Device.Services.FAPService.{i}.,,,json_seed_and_catalog_existing_group,omcgo/internal/config/parammodel/mmlstandardloader/seeds/cmcc_tdlte_v23.json; omcgo/datamodels/mml-catalog/cmcc-tdlte-v2.3.json,参数 path 位于现有 JSON/seed 分组对象路径之下，可挂到该父分组；需确认是否过宽,,,,
Device.Services.FAPService.{i}.FAPControl.EMBEDDED_EPC.L2.Apn.{i}.apnName,parameter,READ_WRITE,STRING,SF,小区服务参数管理,{i},Device.Services.FAPService.{i}.FAPControl.EMBEDDED_EPC.L2.Apn.{i}.,DEVICE_SERVICES_FAPSERVICE_FAPCONTROL_EMBEDDED_EPC_L2_APN,LST APN;MOD APN,YES_EXISTING_JSON_PARENT_GROUP,medium,SF,小区服务参数管理（总体）,FAP 载波基本配置,Device.Services.FAPService.{i}.,,,json_seed_and_catalog_existing_group,omcgo/internal/config/parammodel/mmlstandardloader/seeds/cmcc_tdlte_v23.json; omcgo/datamodels/mml-catalog/cmcc-tdlte-v2.3.json,参数 path 位于现有 JSON/seed 分组对象路径之下，可挂到该父分组；需确认是否过宽,,,,
Device.Services.FAPService.{i}.FAPControl.EMBEDDED_EPC.L2.Apn.{i}.apnType,parameter,READ_WRITE,STRING,SF,小区服务参数管理,{i},Device.Services.FAPService.{i}.FAPControl.EMBEDDED_EPC.L2.Apn.{i}.,DEVICE_SERVICES_FAPSERVICE_FAPCONTROL_EMBEDDED_EPC_L2_APN,LST APN;MOD APN,YES_EXISTING_JSON_PARENT_GROUP,medium,SF,小区服务参数管理（总体）,FAP 载波基本配置,Device.Services.FAPService.{i}.,,,json_seed_and_catalog_existing_group,omcgo/internal/config/parammodel/mmlstandardloader/seeds/cmcc_tdlte_v23.json; omcgo/datamodels/mml-catalog/cmcc-tdlte-v2.3.json,参数 path 位于现有 JSON/seed 分组对象路径之下，可挂到该父分组；需确认是否过宽,,,,
Device.Services.FAPService.{i}.FAPControl.EMBEDDED_EPC.L2.Apn.{i}.apnVlanId,parameter,READ_WRITE,STRING,SF,小区服务参数管理,{i},Device.Services.FAPService.{i}.FAPControl.EMBEDDED_EPC.L2.Apn.{i}.,DEVICE_SERVICES_FAPSERVICE_FAPCONTROL_EMBEDDED_EPC_L2_APN,LST APN;MOD APN,YES_EXISTING_JSON_PARENT_GROUP,medium,SF,小区服务参数管理（总体）,FAP 载波基本配置,Device.Services.FAPService.{i}.,,,json_seed_and_catalog_existing_group,omcgo/internal/config/parammodel/mmlstandardloader/seeds/cmcc_tdlte_v23.json; omcgo/datamodels/mml-catalog/cmcc-tdlte-v2.3.json,参数 path 位于现有 JSON/seed 分组对象路径之下，可挂到该父分组；需确认是否过宽,,,,
Device.Services.FAPService.{i}.FAPControl.EMBEDDED_EPC.L2.VxLan.{i}.id,parameter,READ_WRITE,STRING,SF,小区服务参数管理,{i},Device.Services.FAPService.{i}.FAPControl.EMBEDDED_EPC.L2.VxLan.{i}.,DEVICE_SERVICES_FAPSERVICE_FAPCONTROL_EMBEDDED_EPC_L2_VXLAN,LST VX_LAN;MOD VX_LAN,YES_EXISTING_JSON_PARENT_GROUP,medium,SF,小区服务参数管理（总体）,FAP 载波基本配置,Device.Services.FAPService.{i}.,,,json_seed_and_catalog_existing_group,omcgo/internal/config/parammodel/mmlstandardloader/seeds/cmcc_tdlte_v23.json; omcgo/datamodels/mml-catalog/cmcc-tdlte-v2.3.json,参数 path 位于现有 JSON/seed 分组对象路径之下，可挂到该父分组；需确认是否过宽,,,,
Device.Services.FAPService.{i}.FAPControl.Halob.L2.Apn.{i}.apnDefault,parameter,READ_WRITE,STRING,SF,小区服务参数管理,{i},Device.Services.FAPService.{i}.FAPControl.Halob.L2.Apn.{i}.,DEVICE_SERVICES_FAPSERVICE_FAPCONTROL_HALOB_L2_APN,LST APN;MOD APN,YES_EXISTING_JSON_PARENT_GROUP,medium,SF,小区服务参数管理（总体）,FAP 载波基本配置,Device.Services.FAPService.{i}.,,,json_seed_and_catalog_existing_group,omcgo/internal/config/parammodel/mmlstandardloader/seeds/cmcc_tdlte_v23.json; omcgo/datamodels/mml-catalog/cmcc-tdlte-v2.3.json,参数 path 位于现有 JSON/seed 分组对象路径之下，可挂到该父分组；需确认是否过宽,,,,
Device.Services.FAPService.{i}.FAPControl.Halob.L2.Apn.{i}.apnName,parameter,READ_WRITE,STRING,SF,小区服务参数管理,{i},Device.Services.FAPService.{i}.FAPControl.Halob.L2.Apn.{i}.,DEVICE_SERVICES_FAPSERVICE_FAPCONTROL_HALOB_L2_APN,LST APN;MOD APN,YES_EXISTING_JSON_PARENT_GROUP,medium,SF,小区服务参数管理（总体）,FAP 载波基本配置,Device.Services.FAPService.{i}.,,,json_seed_and_catalog_existing_group,omcgo/internal/config/parammodel/mmlstandardloader/seeds/cmcc_tdlte_v23.json; omcgo/datamodels/mml-catalog/cmcc-tdlte-v2.3.json,参数 path 位于现有 JSON/seed 分组对象路径之下，可挂到该父分组；需确认是否过宽,,,,
Device.Services.FAPService.{i}.FAPControl.Halob.L2.Apn.{i}.apnType,parameter,READ_WRITE,STRING,SF,小区服务参数管理,{i},Device.Services.FAPService.{i}.FAPControl.Halob.L2.Apn.{i}.,DEVICE_SERVICES_FAPSERVICE_FAPCONTROL_HALOB_L2_APN,LST APN;MOD APN,YES_EXISTING_JSON_PARENT_GROUP,medium,SF,小区服务参数管理（总体）,FAP 载波基本配置,Device.Services.FAPService.{i}.,,,json_seed_and_catalog_existing_group,omcgo/internal/config/parammodel/mmlstandardloader/seeds/cmcc_tdlte_v23.json; omcgo/datamodels/mml-catalog/cmcc-tdlte-v2.3.json,参数 path 位于现有 JSON/seed 分组对象路径之下，可挂到该父分组；需确认是否过宽,,,,
Device.Services.FAPService.{i}.FAPControl.Halob.L2.Apn.{i}.apnVlanId,parameter,READ_WRITE,STRING,SF,小区服务参数管理,{i},Device.Services.FAPService.{i}.FAPControl.Halob.L2.Apn.{i}.,DEVICE_SERVICES_FAPSERVICE_FAPCONTROL_HALOB_L2_APN,LST APN;MOD APN,YES_EXISTING_JSON_PARENT_GROUP,medium,SF,小区服务参数管理（总体）,FAP 载波基本配置,Device.Services.FAPService.{i}.,,,json_seed_and_catalog_existing_group,omcgo/internal/config/parammodel/mmlstandardloader/seeds/cmcc_tdlte_v23.json; omcgo/datamodels/mml-catalog/cmcc-tdlte-v2.3.json,参数 path 位于现有 JSON/seed 分组对象路径之下，可挂到该父分组；需确认是否过宽,,,,
Device.Services.FAPService.{i}.FAPControl.Halob.L2.VxLan.{i}.apnName,parameter,READ_WRITE,STRING,SF,小区服务参数管理,{i},Device.Services.FAPService.{i}.FAPControl.Halob.L2.VxLan.{i}.,DEVICE_SERVICES_FAPSERVICE_FAPCONTROL_HALOB_L2_VXLAN,LST VX_LAN;MOD VX_LAN,YES_EXISTING_JSON_PARENT_GROUP,medium,SF,小区服务参数管理（总体）,FAP 载波基本配置,Device.Services.FAPService.{i}.,,,json_seed_and_catalog_existing_group,omcgo/internal/config/parammodel/mmlstandardloader/seeds/cmcc_tdlte_v23.json; omcgo/datamodels/mml-catalog/cmcc-tdlte-v2.3.json,参数 path 位于现有 JSON/seed 分组对象路径之下，可挂到该父分组；需确认是否过宽,,,,
Device.Services.FAPService.{i}.FAPControl.Halob.L2.VxLan.{i}.id,parameter,READ_WRITE,STRING,SF,小区服务参数管理,{i},Device.Services.FAPService.{i}.FAPControl.Halob.L2.VxLan.{i}.,DEVICE_SERVICES_FAPSERVICE_FAPCONTROL_HALOB_L2_VXLAN,LST VX_LAN;MOD VX_LAN,YES_EXISTING_JSON_PARENT_GROUP,medium,SF,小区服务参数管理（总体）,FAP 载波基本配置,Device.Services.FAPService.{i}.,,,json_seed_and_catalog_existing_group,omcgo/internal/config/parammodel/mmlstandardloader/seeds/cmcc_tdlte_v23.json; omcgo/datamodels/mml-catalog/cmcc-tdlte-v2.3.json,参数 path 位于现有 JSON/seed 分组对象路径之下，可挂到该父分组；需确认是否过宽,,,,
Device.Services.FAPService.{i}.FAPControl.LTE.HSS.SubInfoList.{i}.APNINFO,parameter,READ_WRITE,STRING,SF,小区服务参数管理,{i},Device.Services.FAPService.{i}.FAPControl.LTE.HSS.SubInfoList.{i}.,DEVICE_SERVICES_FAPSERVICE_FAPCONTROL_LTE_HSS_SUBINFOLIST,LST SUB_INFO_LIST;MOD SUB_INFO_LIST,YES_EXISTING_JSON_PARENT_GROUP,medium,SF,小区服务参数管理（总体）,FAP 载波基本配置,Device.Services.FAPService.{i}.,,,json_seed_and_catalog_existing_group,omcgo/internal/config/parammodel/mmlstandardloader/seeds/cmcc_tdlte_v23.json; omcgo/datamodels/mml-catalog/cmcc-tdlte-v2.3.json,参数 path 位于现有 JSON/seed 分组对象路径之下，可挂到该父分组；需确认是否过宽,,,,
Device.Services.FAPService.{i}.FAPControl.LTE.HSS.SubInfoList.{i}.IMSINFO,parameter,READ_WRITE,STRING,SF,小区服务参数管理,{i},Device.Services.FAPService.{i}.FAPControl.LTE.HSS.SubInfoList.{i}.,DEVICE_SERVICES_FAPSERVICE_FAPCONTROL_LTE_HSS_SUBINFOLIST,LST SUB_INFO_LIST;MOD SUB_INFO_LIST,YES_EXISTING_JSON_PARENT_GROUP,medium,SF,小区服务参数管理（总体）,FAP 载波基本配置,Device.Services.FAPService.{i}.,,,json_seed_and_catalog_existing_group,omcgo/internal/config/parammodel/mmlstandardloader/seeds/cmcc_tdlte_v23.json; omcgo/datamodels/mml-catalog/cmcc-tdlte-v2.3.json,参数 path 位于现有 JSON/seed 分组对象路径之下，可挂到该父分组；需确认是否过宽,,,,
Device.Services.FAPService.{i}.FAPControl.LTE.HSS.SubInfoList.{i}.SUBINFO,parameter,READ_WRITE,STRING,SF,小区服务参数管理,{i},Device.Services.FAPService.{i}.FAPControl.LTE.HSS.SubInfoList.{i}.,DEVICE_SERVICES_FAPSERVICE_FAPCONTROL_LTE_HSS_SUBINFOLIST,LST SUB_INFO_LIST;MOD SUB_INFO_LIST,YES_EXISTING_JSON_PARENT_GROUP,medium,SF,小区服务参数管理（总体）,FAP 载波基本配置,Device.Services.FAPService.{i}.,,,json_seed_and_catalog_existing_group,omcgo/internal/config/parammodel/mmlstandardloader/seeds/cmcc_tdlte_v23.json; omcgo/datamodels/mml-catalog/cmcc-tdlte-v2.3.json,参数 path 位于现有 JSON/seed 分组对象路径之下，可挂到该父分组；需确认是否过宽,,,,
Device.Services.FAPService.{i}.FAPControl.LTE.LICENSE.Capacity.{i}.DelayAvaliable,parameter,READ_ONLY,U_INT,SF,小区服务参数管理,{i},Device.Services.FAPService.{i}.FAPControl.LTE.LICENSE.Capacity.{i}.,DEVICE_SERVICES_FAPSERVICE_FAPCONTROL_LTE_LICENSE_CAPACITY,LST CAPACITY,YES_EXISTING_JSON_PARENT_GROUP,medium,SF,小区服务参数管理（总体）,FAP 载波基本配置,Device.Services.FAPService.{i}.,,,json_seed_and_catalog_existing_group,omcgo/internal/config/parammodel/mmlstandardloader/seeds/cmcc_tdlte_v23.json; omcgo/datamodels/mml-catalog/cmcc-tdlte-v2.3.json,参数 path 位于现有 JSON/seed 分组对象路径之下，可挂到该父分组；需确认是否过宽,,,,
Device.Services.FAPService.{i}.FAPControl.LTE.LICENSE.Capacity.{i}.DelayControl,parameter,READ_WRITE,U_INT,SF,小区服务参数管理,{i},Device.Services.FAPService.{i}.FAPControl.LTE.LICENSE.Capacity.{i}.,DEVICE_SERVICES_FAPSERVICE_FAPCONTROL_LTE_LICENSE_CAPACITY,LST CAPACITY;MOD CAPACITY,YES_EXISTING_JSON_PARENT_GROUP,medium,SF,小区服务参数管理（总体）,FAP 载波基本配置,Device.Services.FAPService.{i}.,,,json_seed_and_catalog_existing_group,omcgo/internal/config/parammodel/mmlstandardloader/seeds/cmcc_tdlte_v23.json; omcgo/datamodels/mml-catalog/cmcc-tdlte-v2.3.json,参数 path 位于现有 JSON/seed 分组对象路径之下，可挂到该父分组；需确认是否过宽,,,,
Device.Services.FAPService.{i}.FAPControl.LTE.LICENSE.Capacity.{i}.Description,parameter,READ_ONLY,STRING,SF,小区服务参数管理,{i},Device.Services.FAPService.{i}.FAPControl.LTE.LICENSE.Capacity.{i}.,DEVICE_SERVICES_FAPSERVICE_FAPCONTROL_LTE_LICENSE_CAPACITY,LST CAPACITY,YES_EXISTING_JSON_PARENT_GROUP,medium,SF,小区服务参数管理（总体）,FAP 载波基本配置,Device.Services.FAPService.{i}.,,,json_seed_and_catalog_existing_group,omcgo/internal/config/parammodel/mmlstandardloader/seeds/cmcc_tdlte_v23.json; omcgo/datamodels/mml-catalog/cmcc-tdlte-v2.3.json,参数 path 位于现有 JSON/seed 分组对象路径之下，可挂到该父分组；需确认是否过宽,,,,
Device.Services.FAPService.{i}.FAPControl.LTE.LICENSE.Capacity.{i}.ID,parameter,READ_ONLY,STRING,SF,小区服务参数管理,{i},Device.Services.FAPService.{i}.FAPControl.LTE.LICENSE.Capacity.{i}.,DEVICE_SERVICES_FAPSERVICE_FAPCONTROL_LTE_LICENSE_CAPACITY,LST CAPACITY,YES_EXISTING_JSON_PARENT_GROUP,medium,SF,小区服务参数管理（总体）,FAP 载波基本配置,Device.Services.FAPService.{i}.,,,json_seed_and_catalog_existing_group,omcgo/internal/config/parammodel/mmlstandardloader/seeds/cmcc_tdlte_v23.json; omcgo/datamodels/mml-catalog/cmcc-tdlte-v2.3.json,参数 path 位于现有 JSON/seed 分组对象路径之下，可挂到该父分组；需确认是否过宽,,,,
Device.Services.FAPService.{i}.FAPControl.LTE.LICENSE.Capacity.{i}.RemainingPeriod,parameter,READ_ONLY,STRING,SF,小区服务参数管理,{i},Device.Services.FAPService.{i}.FAPControl.LTE.LICENSE.Capacity.{i}.,DEVICE_SERVICES_FAPSERVICE_FAPCONTROL_LTE_LICENSE_CAPACITY,LST CAPACITY,YES_EXISTING_JSON_PARENT_GROUP,medium,SF,小区服务参数管理（总体）,FAP 载波基本配置,Device.Services.FAPService.{i}.,,,json_seed_and_catalog_existing_group,omcgo/internal/config/parammodel/mmlstandardloader/seeds/cmcc_tdlte_v23.json; omcgo/datamodels/mml-catalog/cmcc-tdlte-v2.3.json,参数 path 位于现有 JSON/seed 分组对象路径之下，可挂到该父分组；需确认是否过宽,,,,
Device.Services.FAPService.{i}.FAPControl.LTE.LICENSE.Capacity.{i}.ValidPeriod,parameter,READ_ONLY,STRING,SF,小区服务参数管理,{i},Device.Services.FAPService.{i}.FAPControl.LTE.LICENSE.Capacity.{i}.,DEVICE_SERVICES_FAPSERVICE_FAPCONTROL_LTE_LICENSE_CAPACITY,LST CAPACITY,YES_EXISTING_JSON_PARENT_GROUP,medium,SF,小区服务参数管理（总体）,FAP 载波基本配置,Device.Services.FAPService.{i}.,,,json_seed_and_catalog_existing_group,omcgo/internal/config/parammodel/mmlstandardloader/seeds/cmcc_tdlte_v23.json; omcgo/datamodels/mml-catalog/cmcc-tdlte-v2.3.json,参数 path 位于现有 JSON/seed 分组对象路径之下，可挂到该父分组；需确认是否过宽,,,,
Device.Services.FAPService.{i}.FAPControl.LTE.LICENSE.Capacity.{i}.Value,parameter,READ_ONLY,STRING,SF,小区服务参数管理,{i},Device.Services.FAPService.{i}.FAPControl.LTE.LICENSE.Capacity.{i}.,DEVICE_SERVICES_FAPSERVICE_FAPCONTROL_LTE_LICENSE_CAPACITY,LST CAPACITY,YES_EXISTING_JSON_PARENT_GROUP,medium,SF,小区服务参数管理（总体）,FAP 载波基本配置,Device.Services.FAPService.{i}.,,,json_seed_and_catalog_existing_group,omcgo/internal/config/parammodel/mmlstandardloader/seeds/cmcc_tdlte_v23.json; omcgo/datamodels/mml-catalog/cmcc-tdlte-v2.3.json,参数 path 位于现有 JSON/seed 分组对象路径之下，可挂到该父分组；需确认是否过宽,,,,
Device.Services.FAPService.{i}.FAPControl.NR.AMFPoolConfigParam.{i}.AmfIP1,parameter,READ_WRITE,STRING,SF,小区服务参数管理,{i},Device.Services.FAPService.{i}.FAPControl.NR.AMFPoolConfigParam.{i}.,DEVICE_SERVICES_FAPSERVICE_FAPCONTROL_NR_AMFPOOLCONFIGPARAM,LST AMFPOOL_CONFIG_PARAM;MOD AMFPOOL_CONFIG_PARAM,YES_QUICKSETTINGS_XML_GROUP,high,,,核心网参数,,gnb-core,,quicksettings_xml_exact_standardPath,omcgo/data/quicksettings/BaiBNQ.xml#gnb-core:核心网参数(AmfIP1),quicksettings XML 已有同 standardPath 的前端分组,AMF地址,中国移动5G扩展型皮基站网管南向接口数据模型规范v1.9.4.xlsx,SF,8
Device.Services.FAPService.{i}.FAPControl.NR.AMFPoolConfigParam.{i}.NR_AMF_IS_DEFAULT,parameter,READ_WRITE,STRING,SF,小区服务参数管理,{i},Device.Services.FAPService.{i}.FAPControl.NR.AMFPoolConfigParam.{i}.,DEVICE_SERVICES_FAPSERVICE_FAPCONTROL_NR_AMFPOOLCONFIGPARAM,LST AMFPOOL_CONFIG_PARAM;MOD AMFPOOL_CONFIG_PARAM,YES_EXISTING_JSON_PARENT_GROUP,medium,SF,小区服务参数管理（总体）,FAP 载波基本配置,Device.Services.FAPService.{i}.,,,json_seed_and_catalog_existing_group,omcgo/internal/config/parammodel/mmlstandardloader/seeds/cmcc_tdlte_v23.json; omcgo/datamodels/mml-catalog/cmcc-tdlte-v2.3.json,参数 path 位于现有 JSON/seed 分组对象路径之下，可挂到该父分组；需确认是否过宽,,,,
Device.Services.FAPService.{i}.FAPControl.NR.AMFPoolConfigParam.{i}.PLMNID,parameter,READ_WRITE,STRING,SF,小区服务参数管理,{i},Device.Services.FAPService.{i}.FAPControl.NR.AMFPoolConfigParam.{i}.,DEVICE_SERVICES_FAPSERVICE_FAPCONTROL_NR_AMFPOOLCONFIGPARAM,LST AMFPOOL_CONFIG_PARAM;MOD AMFPOOL_CONFIG_PARAM,YES_EXISTING_JSON_PARENT_GROUP,medium,SF,小区服务参数管理（总体）,FAP 载波基本配置,Device.Services.FAPService.{i}.,,,json_seed_and_catalog_existing_group,omcgo/internal/config/parammodel/mmlstandardloader/seeds/cmcc_tdlte_v23.json; omcgo/datamodels/mml-catalog/cmcc-tdlte-v2.3.json,参数 path 位于现有 JSON/seed 分组对象路径之下，可挂到该父分组；需确认是否过宽,AMF地址,中国移动5G扩展型皮基站网管南向接口数据模型规范v1.9.4.xlsx,SF,3
Device.Services.FAPService.{i}.FAPControl.NR.DscpList.{i}.Dscp,parameter,READ_WRITE,STRING,SF,小区服务参数管理,{i},Device.Services.FAPService.{i}.FAPControl.NR.DscpList.{i}.,DEVICE_SERVICES_FAPSERVICE_FAPCONTROL_NR_DSCPLIST,LST DSCP_LIST;MOD DSCP_LIST,YES_EXISTING_JSON_PARENT_GROUP,medium,SF,小区服务参数管理（总体）,FAP 载波基本配置,Device.Services.FAPService.{i}.,,,json_seed_and_catalog_existing_group,omcgo/internal/config/parammodel/mmlstandardloader/seeds/cmcc_tdlte_v23.json; omcgo/datamodels/mml-catalog/cmcc-tdlte-v2.3.json,参数 path 位于现有 JSON/seed 分组对象路径之下，可挂到该父分组；需确认是否过宽,,,,
Device.Services.FAPService.{i}.FAPControl.NR.DscpList.{i}.VlanPrio,parameter,READ_WRITE,STRING,SF,小区服务参数管理,{i},Device.Services.FAPService.{i}.FAPControl.NR.DscpList.{i}.,DEVICE_SERVICES_FAPSERVICE_FAPCONTROL_NR_DSCPLIST,LST DSCP_LIST;MOD DSCP_LIST,YES_EXISTING_JSON_PARENT_GROUP,medium,SF,小区服务参数管理（总体）,FAP 载波基本配置,Device.Services.FAPService.{i}.,,,json_seed_and_catalog_existing_group,omcgo/internal/config/parammodel/mmlstandardloader/seeds/cmcc_tdlte_v23.json; omcgo/datamodels/mml-catalog/cmcc-tdlte-v2.3.json,参数 path 位于现有 JSON/seed 分组对象路径之下，可挂到该父分组；需确认是否过宽,,,,
Device.Services.FAPService.{i}.FAPControl.NR.XnBlackList.{i}.RemoteAddress,parameter,READ_WRITE,STRING,SF,小区服务参数管理,{i},Device.Services.FAPService.{i}.FAPControl.NR.XnBlackList.{i}.,DEVICE_SERVICES_FAPSERVICE_FAPCONTROL_NR_XNBLACKLIST,LST XN_BLACK_LIST;MOD XN_BLACK_LIST,YES_EXISTING_JSON_PARENT_GROUP,medium,SF,小区服务参数管理（总体）,FAP 载波基本配置,Device.Services.FAPService.{i}.,,,json_seed_and_catalog_existing_group,omcgo/internal/config/parammodel/mmlstandardloader/seeds/cmcc_tdlte_v23.json; omcgo/datamodels/mml-catalog/cmcc-tdlte-v2.3.json,参数 path 位于现有 JSON/seed 分组对象路径之下，可挂到该父分组；需确认是否过宽,,,,
Device.Services.FAPService.{i}.FAPControl.NR.XnIpAddrMapInfo.{i}.PLMNID,parameter,READ_WRITE,STRING,SF,小区服务参数管理,{i},Device.Services.FAPService.{i}.FAPControl.NR.XnIpAddrMapInfo.{i}.,DEVICE_SERVICES_FAPSERVICE_FAPCONTROL_NR_XNIPADDRMAPINFO,LST XN_IP_ADDR_MAP_INFO;MOD XN_IP_ADDR_MAP_INFO,YES_EXISTING_JSON_PARENT_GROUP,medium,SF,小区服务参数管理（总体）,FAP 载波基本配置,Device.Services.FAPService.{i}.,,,json_seed_and_catalog_existing_group,omcgo/internal/config/parammodel/mmlstandardloader/seeds/cmcc_tdlte_v23.json; omcgo/datamodels/mml-catalog/cmcc-tdlte-v2.3.json,参数 path 位于现有 JSON/seed 分组对象路径之下，可挂到该父分组；需确认是否过宽,,,,
Device.Services.FAPService.{i}.FAPControl.NR.XnIpAddrMapInfo.{i}.RemoteAddress,parameter,READ_WRITE,STRING,SF,小区服务参数管理,{i},Device.Services.FAPService.{i}.FAPControl.NR.XnIpAddrMapInfo.{i}.,DEVICE_SERVICES_FAPSERVICE_FAPCONTROL_NR_XNIPADDRMAPINFO,LST XN_IP_ADDR_MAP_INFO;MOD XN_IP_ADDR_MAP_INFO,YES_EXISTING_JSON_PARENT_GROUP,medium,SF,小区服务参数管理（总体）,FAP 载波基本配置,Device.Services.FAPService.{i}.,,,json_seed_and_catalog_existing_group,omcgo/internal/config/parammodel/mmlstandardloader/seeds/cmcc_tdlte_v23.json; omcgo/datamodels/mml-catalog/cmcc-tdlte-v2.3.json,参数 path 位于现有 JSON/seed 分组对象路径之下，可挂到该父分组；需确认是否过宽,Xn链接信息,中国移动5G扩展型皮基站网管南向接口数据模型规范v1.9.4.xlsx,SF,13
Device.Services.FAPService.{i}.FAPControl.NR.XnIpAddrMapInfo.{i}.XnHoEnable,parameter,READ_WRITE,STRING,SF,小区服务参数管理,{i},Device.Services.FAPService.{i}.FAPControl.NR.XnIpAddrMapInfo.{i}.,DEVICE_SERVICES_FAPSERVICE_FAPCONTROL_NR_XNIPADDRMAPINFO,LST XN_IP_ADDR_MAP_INFO;MOD XN_IP_ADDR_MAP_INFO,YES_EXISTING_JSON_PARENT_GROUP,medium,SF,小区服务参数管理（总体）,FAP 载波基本配置,Device.Services.FAPService.{i}.,,,json_seed_and_catalog_existing_group,omcgo/internal/config/parammodel/mmlstandardloader/seeds/cmcc_tdlte_v23.json; omcgo/datamodels/mml-catalog/cmcc-tdlte-v2.3.json,参数 path 位于现有 JSON/seed 分组对象路径之下，可挂到该父分组；需确认是否过宽,,,,
Device.Services.FAPService.{i}.FAPControl.NR.XnIpAddrMapInfo.{i}.XnLinkEnable,parameter,READ_WRITE,STRING,SF,小区服务参数管理,{i},Device.Services.FAPService.{i}.FAPControl.NR.XnIpAddrMapInfo.{i}.,DEVICE_SERVICES_FAPSERVICE_FAPCONTROL_NR_XNIPADDRMAPINFO,LST XN_IP_ADDR_MAP_INFO;MOD XN_IP_ADDR_MAP_INFO,YES_EXISTING_JSON_PARENT_GROUP,medium,SF,小区服务参数管理（总体）,FAP 载波基本配置,Device.Services.FAPService.{i}.,,,json_seed_and_catalog_existing_group,omcgo/internal/config/parammodel/mmlstandardloader/seeds/cmcc_tdlte_v23.json; omcgo/datamodels/mml-catalog/cmcc-tdlte-v2.3.json,参数 path 位于现有 JSON/seed 分组对象路径之下，可挂到该父分组；需确认是否过宽,,,,
Device.Services.FAPService.{i}.FAPControl.NR.XnIpAddrMapInfo.{i}.XnStatus,parameter,READ_WRITE,STRING,SF,小区服务参数管理,{i},Device.Services.FAPService.{i}.FAPControl.NR.XnIpAddrMapInfo.{i}.,DEVICE_SERVICES_FAPSERVICE_FAPCONTROL_NR_XNIPADDRMAPINFO,LST XN_IP_ADDR_MAP_INFO;MOD XN_IP_ADDR_MAP_INFO,YES_EXISTING_JSON_PARENT_GROUP,medium,SF,小区服务参数管理（总体）,FAP 载波基本配置,Device.Services.FAPService.{i}.,,,json_seed_and_catalog_existing_group,omcgo/internal/config/parammodel/mmlstandardloader/seeds/cmcc_tdlte_v23.json; omcgo/datamodels/mml-catalog/cmcc-tdlte-v2.3.json,参数 path 位于现有 JSON/seed 分组对象路径之下，可挂到该父分组；需确认是否过宽,,,,
Device.Services.FAPService.{i}.FAPControl.Qos.QosSstInfo.{i}.MaxResourceReserved,parameter,READ_WRITE,STRING,SF,小区服务参数管理,{i},Device.Services.FAPService.{i}.FAPControl.Qos.QosSstInfo.{i}.,DEVICE_SERVICES_FAPSERVICE_FAPCONTROL_QOS_QOSSSTINFO,LST QOS_SST_INFO;MOD QOS_SST_INFO,YES_EXISTING_JSON_PARENT_GROUP,medium,SF,小区服务参数管理（总体）,FAP 载波基本配置,Device.Services.FAPService.{i}.,,,json_seed_and_catalog_existing_group,omcgo/internal/config/parammodel/mmlstandardloader/seeds/cmcc_tdlte_v23.json; omcgo/datamodels/mml-catalog/cmcc-tdlte-v2.3.json,参数 path 位于现有 JSON/seed 分组对象路径之下，可挂到该父分组；需确认是否过宽,,,,
Device.Services.FAPService.{i}.FAPControl.Qos.QosSstInfo.{i}.MinResourceReserved,parameter,READ_WRITE,STRING,SF,小区服务参数管理,{i},Device.Services.FAPService.{i}.FAPControl.Qos.QosSstInfo.{i}.,DEVICE_SERVICES_FAPSERVICE_FAPCONTROL_QOS_QOSSSTINFO,LST QOS_SST_INFO;MOD QOS_SST_INFO,YES_EXISTING_JSON_PARENT_GROUP,medium,SF,小区服务参数管理（总体）,FAP 载波基本配置,Device.Services.FAPService.{i}.,,,json_seed_and_catalog_existing_group,omcgo/internal/config/parammodel/mmlstandardloader/seeds/cmcc_tdlte_v23.json; omcgo/datamodels/mml-catalog/cmcc-tdlte-v2.3.json,参数 path 位于现有 JSON/seed 分组对象路径之下，可挂到该父分组；需确认是否过宽,,,,
Device.Services.FAPService.{i}.FAPControl.Qos.QosSstInfo.{i}.Sst,parameter,READ_WRITE,STRING,SF,小区服务参数管理,{i},Device.Services.FAPService.{i}.FAPControl.Qos.QosSstInfo.{i}.,DEVICE_SERVICES_FAPSERVICE_FAPCONTROL_QOS_QOSSSTINFO,LST QOS_SST_INFO;MOD QOS_SST_INFO,YES_EXISTING_JSON_PARENT_GROUP,medium,SF,小区服务参数管理（总体）,FAP 载波基本配置,Device.Services.FAPService.{i}.,,,json_seed_and_catalog_existing_group,omcgo/internal/config/parammodel/mmlstandardloader/seeds/cmcc_tdlte_v23.json; omcgo/datamodels/mml-catalog/cmcc-tdlte-v2.3.json,参数 path 位于现有 JSON/seed 分组对象路径之下，可挂到该父分组；需确认是否过宽,,,,
Device.Services.FAPService.{i}.FAPControl.Qos.QosSstInfo.{i}.SstResourceType,parameter,READ_WRITE,STRING,SF,小区服务参数管理,{i},Device.Services.FAPService.{i}.FAPControl.Qos.QosSstInfo.{i}.,DEVICE_SERVICES_FAPSERVICE_FAPCONTROL_QOS_QOSSSTINFO,LST QOS_SST_INFO;MOD QOS_SST_INFO,YES_EXISTING_JSON_PARENT_GROUP,medium,SF,小区服务参数管理（总体）,FAP 载波基本配置,Device.Services.FAPService.{i}.,,,json_seed_and_catalog_existing_group,omcgo/internal/config/parammodel/mmlstandardloader/seeds/cmcc_tdlte_v23.json; omcgo/datamodels/mml-catalog/cmcc-tdlte-v2.3.json,参数 path 位于现有 JSON/seed 分组对象路径之下，可挂到该父分组；需确认是否过宽,,,,
Device.Services.FAPService.{i}.FAPControl.X2IpAddrMapInfo.{i}.EnbId,parameter,READ_WRITE,U_INT,SF,小区服务参数管理,{i},Device.Services.FAPService.{i}.FAPControl.X2IpAddrMapInfo.{i}.,DEVICE_SERVICES_FAPSERVICE_FAPCONTROL_X2IPADDRMAPINFO,LST X2_IP_ADDR_MAP_INFO;MOD X2_IP_ADDR_MAP_INFO,YES_EXISTING_JSON_PARENT_GROUP,medium,SF,小区服务参数管理（总体）,FAP 载波基本配置,Device.Services.FAPService.{i}.,,,json_seed_and_catalog_existing_group,omcgo/internal/config/parammodel/mmlstandardloader/seeds/cmcc_tdlte_v23.json; omcgo/datamodels/mml-catalog/cmcc-tdlte-v2.3.json,参数 path 位于现有 JSON/seed 分组对象路径之下，可挂到该父分组；需确认是否过宽,X2连接地址,LTE V2.1.xlsx,SF,24
Device.Services.FAPService.{i}.FAPControl.X2IpAddrMapInfo.{i}.EnbType,parameter,READ_WRITE,U_INT,SF,小区服务参数管理,{i},Device.Services.FAPService.{i}.FAPControl.X2IpAddrMapInfo.{i}.,DEVICE_SERVICES_FAPSERVICE_FAPCONTROL_X2IPADDRMAPINFO,LST X2_IP_ADDR_MAP_INFO;MOD X2_IP_ADDR_MAP_INFO,YES_EXISTING_JSON_PARENT_GROUP,medium,SF,小区服务参数管理（总体）,FAP 载波基本配置,Device.Services.FAPService.{i}.,,,json_seed_and_catalog_existing_group,omcgo/internal/config/parammodel/mmlstandardloader/seeds/cmcc_tdlte_v23.json; omcgo/datamodels/mml-catalog/cmcc-tdlte-v2.3.json,参数 path 位于现有 JSON/seed 分组对象路径之下，可挂到该父分组；需确认是否过宽,X2连接地址,LTE V2.1.xlsx,SF,23
Device.Services.FAPService.{i}.FAPControl.X2IpAddrMapInfo.{i}.PLMNID,parameter,READ_WRITE,STRING,SF,小区服务参数管理,{i},Device.Services.FAPService.{i}.FAPControl.X2IpAddrMapInfo.{i}.,DEVICE_SERVICES_FAPSERVICE_FAPCONTROL_X2IPADDRMAPINFO,LST X2_IP_ADDR_MAP_INFO;MOD X2_IP_ADDR_MAP_INFO,YES_EXISTING_JSON_PARENT_GROUP,medium,SF,小区服务参数管理（总体）,FAP 载波基本配置,Device.Services.FAPService.{i}.,,,json_seed_and_catalog_existing_group,omcgo/internal/config/parammodel/mmlstandardloader/seeds/cmcc_tdlte_v23.json; omcgo/datamodels/mml-catalog/cmcc-tdlte-v2.3.json,参数 path 位于现有 JSON/seed 分组对象路径之下，可挂到该父分组；需确认是否过宽,X2连接地址,LTE V2.1.xlsx,SF,22
Device.Services.FAPService.{i}.FAPControl.X2IpAddrMapInfo.{i}.SubnetMask,parameter,READ_WRITE,STRING,SF,小区服务参数管理,{i},Device.Services.FAPService.{i}.FAPControl.X2IpAddrMapInfo.{i}.,DEVICE_SERVICES_FAPSERVICE_FAPCONTROL_X2IPADDRMAPINFO,LST X2_IP_ADDR_MAP_INFO;MOD X2_IP_ADDR_MAP_INFO,YES_EXISTING_JSON_PARENT_GROUP,medium,SF,小区服务参数管理（总体）,FAP 载波基本配置,Device.Services.FAPService.{i}.,,,json_seed_and_catalog_existing_group,omcgo/internal/config/parammodel/mmlstandardloader/seeds/cmcc_tdlte_v23.json; omcgo/datamodels/mml-catalog/cmcc-tdlte-v2.3.json,参数 path 位于现有 JSON/seed 分组对象路径之下，可挂到该父分组；需确认是否过宽,X2连接地址,LTE V2.1.xlsx,SF,26
Device.Services.FAPService.{i}.FAPControl.X2IpAddrMapInfo.{i}.WanIpAddress,parameter,READ_WRITE,STRING,SF,小区服务参数管理,{i},Device.Services.FAPService.{i}.FAPControl.X2IpAddrMapInfo.{i}.,DEVICE_SERVICES_FAPSERVICE_FAPCONTROL_X2IPADDRMAPINFO,LST X2_IP_ADDR_MAP_INFO;MOD X2_IP_ADDR_MAP_INFO,YES_EXISTING_JSON_PARENT_GROUP,medium,SF,小区服务参数管理（总体）,FAP 载波基本配置,Device.Services.FAPService.{i}.,,,json_seed_and_catalog_existing_group,omcgo/internal/config/parammodel/mmlstandardloader/seeds/cmcc_tdlte_v23.json; omcgo/datamodels/mml-catalog/cmcc-tdlte-v2.3.json,参数 path 位于现有 JSON/seed 分组对象路径之下，可挂到该父分组；需确认是否过宽,X2连接地址,LTE V2.1.xlsx,SF,25
Device.Services.FAPService.{i}.Transport.SCTP.Enable,parameter,READ_WRITE,BOOLEAN,SG,SCTP参数管理,SCTP,Device.Services.FAPService.{i}.Transport.SCTP.,DEVICE_SERVICES_FAPSERVICE_TRANSPORT_SCTP,LST TRANSPORT_SCTP;MOD TRANSPORT_SCTP,YES_EXISTING_JSON_PARENT_GROUP,medium,SF,小区服务参数管理（总体）,FAP 载波基本配置,Device.Services.FAPService.{i}.,,,json_seed_and_catalog_existing_group,omcgo/internal/config/parammodel/mmlstandardloader/seeds/cmcc_tdlte_v23.json; omcgo/datamodels/mml-catalog/cmcc-tdlte-v2.3.json,参数 path 位于现有 JSON/seed 分组对象路径之下，可挂到该父分组；需确认是否过宽,SCTP参数管理,中国移动5G扩展型皮基站网管南向接口数据模型规范v1.9.4.xlsx,SN,2
Device.Services.FAPService.{i}.Transport.SCTP.HBInterval,parameter,READ_WRITE,U_INT,SG,SCTP参数管理,SCTP,Device.Services.FAPService.{i}.Transport.SCTP.,DEVICE_SERVICES_FAPSERVICE_TRANSPORT_SCTP,LST TRANSPORT_SCTP;MOD TRANSPORT_SCTP,YES_EXISTING_JSON_PARENT_GROUP,medium,SF,小区服务参数管理（总体）,FAP 载波基本配置,Device.Services.FAPService.{i}.,,,json_seed_and_catalog_existing_group,omcgo/internal/config/parammodel/mmlstandardloader/seeds/cmcc_tdlte_v23.json; omcgo/datamodels/mml-catalog/cmcc-tdlte-v2.3.json,参数 path 位于现有 JSON/seed 分组对象路径之下，可挂到该父分组；需确认是否过宽,SCTP参数管理,中国移动5G扩展型皮基站网管南向接口数据模型规范v1.9.4.xlsx,SN,7
Device.Services.FAPService.{i}.Transport.SCTP.MaxAssociationRetransmits,parameter,READ_WRITE,U_INT,SG,SCTP参数管理,SCTP,Device.Services.FAPService.{i}.Transport.SCTP.,DEVICE_SERVICES_FAPSERVICE_TRANSPORT_SCTP,LST TRANSPORT_SCTP;MOD TRANSPORT_SCTP,YES_EXISTING_JSON_PARENT_GROUP,medium,SF,小区服务参数管理（总体）,FAP 载波基本配置,Device.Services.FAPService.{i}.,,,json_seed_and_catalog_existing_group,omcgo/internal/config/parammodel/mmlstandardloader/seeds/cmcc_tdlte_v23.json; omcgo/datamodels/mml-catalog/cmcc-tdlte-v2.3.json,参数 path 位于现有 JSON/seed 分组对象路径之下，可挂到该父分组；需确认是否过宽,SCTP参数管理,中国移动5G扩展型皮基站网管南向接口数据模型规范v1.9.4.xlsx,SN,9
Device.Services.FAPService.{i}.Transport.SCTP.MaxInitRetransmits,parameter,READ_WRITE,U_INT,SG,SCTP参数管理,SCTP,Device.Services.FAPService.{i}.Transport.SCTP.,DEVICE_SERVICES_FAPSERVICE_TRANSPORT_SCTP,LST TRANSPORT_SCTP;MOD TRANSPORT_SCTP,YES_EXISTING_JSON_PARENT_GROUP,medium,SF,小区服务参数管理（总体）,FAP 载波基本配置,Device.Services.FAPService.{i}.,,,json_seed_and_catalog_existing_group,omcgo/internal/config/parammodel/mmlstandardloader/seeds/cmcc_tdlte_v23.json; omcgo/datamodels/mml-catalog/cmcc-tdlte-v2.3.json,参数 path 位于现有 JSON/seed 分组对象路径之下，可挂到该父分组；需确认是否过宽,SCTP参数管理,中国移动5G扩展型皮基站网管南向接口数据模型规范v1.9.4.xlsx,SN,6
Device.Services.FAPService.{i}.Transport.SCTP.MaxPathRetransmits,parameter,READ_WRITE,U_INT,SG,SCTP参数管理,SCTP,Device.Services.FAPService.{i}.Transport.SCTP.,DEVICE_SERVICES_FAPSERVICE_TRANSPORT_SCTP,LST TRANSPORT_SCTP;MOD TRANSPORT_SCTP,YES_EXISTING_JSON_PARENT_GROUP,medium,SF,小区服务参数管理（总体）,FAP 载波基本配置,Device.Services.FAPService.{i}.,,,json_seed_and_catalog_existing_group,omcgo/internal/config/parammodel/mmlstandardloader/seeds/cmcc_tdlte_v23.json; omcgo/datamodels/mml-catalog/cmcc-tdlte-v2.3.json,参数 path 位于现有 JSON/seed 分组对象路径之下，可挂到该父分组；需确认是否过宽,SCTP参数管理,中国移动5G扩展型皮基站网管南向接口数据模型规范v1.9.4.xlsx,SN,8
Device.Services.FAPService.{i}.Transport.SCTP.RTOInitial,parameter,READ_WRITE,U_INT,SG,SCTP参数管理,SCTP,Device.Services.FAPService.{i}.Transport.SCTP.,DEVICE_SERVICES_FAPSERVICE_TRANSPORT_SCTP,LST TRANSPORT_SCTP;MOD TRANSPORT_SCTP,YES_EXISTING_JSON_PARENT_GROUP,medium,SF,小区服务参数管理（总体）,FAP 载波基本配置,Device.Services.FAPService.{i}.,,,json_seed_and_catalog_existing_group,omcgo/internal/config/parammodel/mmlstandardloader/seeds/cmcc_tdlte_v23.json; omcgo/datamodels/mml-catalog/cmcc-tdlte-v2.3.json,参数 path 位于现有 JSON/seed 分组对象路径之下，可挂到该父分组；需确认是否过宽,SCTP参数管理,中国移动5G扩展型皮基站网管南向接口数据模型规范v1.9.4.xlsx,SN,3
Device.Services.FAPService.{i}.Transport.SCTP.RTOMax,parameter,READ_WRITE,U_INT,SG,SCTP参数管理,SCTP,Device.Services.FAPService.{i}.Transport.SCTP.,DEVICE_SERVICES_FAPSERVICE_TRANSPORT_SCTP,LST TRANSPORT_SCTP;MOD TRANSPORT_SCTP,YES_EXISTING_JSON_PARENT_GROUP,medium,SF,小区服务参数管理（总体）,FAP 载波基本配置,Device.Services.FAPService.{i}.,,,json_seed_and_catalog_existing_group,omcgo/internal/config/parammodel/mmlstandardloader/seeds/cmcc_tdlte_v23.json; omcgo/datamodels/mml-catalog/cmcc-tdlte-v2.3.json,参数 path 位于现有 JSON/seed 分组对象路径之下，可挂到该父分组；需确认是否过宽,SCTP参数管理,中国移动5G扩展型皮基站网管南向接口数据模型规范v1.9.4.xlsx,SN,5
Device.Services.FAPService.{i}.Transport.SCTP.RTOMin,parameter,READ_WRITE,U_INT,SG,SCTP参数管理,SCTP,Device.Services.FAPService.{i}.Transport.SCTP.,DEVICE_SERVICES_FAPSERVICE_TRANSPORT_SCTP,LST TRANSPORT_SCTP;MOD TRANSPORT_SCTP,YES_EXISTING_JSON_PARENT_GROUP,medium,SF,小区服务参数管理（总体）,FAP 载波基本配置,Device.Services.FAPService.{i}.,,,json_seed_and_catalog_existing_group,omcgo/internal/config/parammodel/mmlstandardloader/seeds/cmcc_tdlte_v23.json; omcgo/datamodels/mml-catalog/cmcc-tdlte-v2.3.json,参数 path 位于现有 JSON/seed 分组对象路径之下，可挂到该父分组；需确认是否过宽,SCTP参数管理,中国移动5G扩展型皮基站网管南向接口数据模型规范v1.9.4.xlsx,SN,4
Device.Services.FAPService.{i}.Transport.SCTP.ValCookieLife,parameter,READ_WRITE,U_INT,SG,SCTP参数管理,SCTP,Device.Services.FAPService.{i}.Transport.SCTP.,DEVICE_SERVICES_FAPSERVICE_TRANSPORT_SCTP,LST TRANSPORT_SCTP;MOD TRANSPORT_SCTP,YES_EXISTING_JSON_PARENT_GROUP,medium,SF,小区服务参数管理（总体）,FAP 载波基本配置,Device.Services.FAPService.{i}.,,,json_seed_and_catalog_existing_group,omcgo/internal/config/parammodel/mmlstandardloader/seeds/cmcc_tdlte_v23.json; omcgo/datamodels/mml-catalog/cmcc-tdlte-v2.3.json,参数 path 位于现有 JSON/seed 分组对象路径之下，可挂到该父分组；需确认是否过宽,SCTP参数管理,中国移动5G扩展型皮基站网管南向接口数据模型规范v1.9.4.xlsx,SN,10
Device.Services.FAPService.{i}.Transport.SCTP.Assoc.{i}.LocalPort,parameter,READ_ONLY,U_INT,SG,SCTP参数管理,{i},Device.Services.FAPService.{i}.Transport.SCTP.Assoc.{i}.,DEVICE_SERVICES_FAPSERVICE_TRANSPORT_SCTP_ASSOC,LST ASSOC,YES_EXISTING_JSON_PARENT_GROUP,medium,SF,小区服务参数管理（总体）,FAP 载波基本配置,Device.Services.FAPService.{i}.,,,json_seed_and_catalog_existing_group,omcgo/internal/config/parammodel/mmlstandardloader/seeds/cmcc_tdlte_v23.json; omcgo/datamodels/mml-catalog/cmcc-tdlte-v2.3.json,参数 path 位于现有 JSON/seed 分组对象路径之下，可挂到该父分组；需确认是否过宽,SCTP参数管理,LTE V2.1.xlsx,SG,12
Device.Services.FAPService.{i}.Transport.SCTP.Assoc.{i}.PrimaryPeerAddress,parameter,READ_ONLY,STRING,SG,SCTP参数管理,{i},Device.Services.FAPService.{i}.Transport.SCTP.Assoc.{i}.,DEVICE_SERVICES_FAPSERVICE_TRANSPORT_SCTP_ASSOC,LST ASSOC,YES_EXISTING_JSON_PARENT_GROUP,medium,SF,小区服务参数管理（总体）,FAP 载波基本配置,Device.Services.FAPService.{i}.,,,json_seed_and_catalog_existing_group,omcgo/internal/config/parammodel/mmlstandardloader/seeds/cmcc_tdlte_v23.json; omcgo/datamodels/mml-catalog/cmcc-tdlte-v2.3.json,参数 path 位于现有 JSON/seed 分组对象路径之下，可挂到该父分组；需确认是否过宽,SCTP参数管理,LTE V2.1.xlsx,SG,13
Device.Services.FAPService.{i}.Transport.SCTP.Assoc.{i}.RemotePort,parameter,READ_ONLY,U_INT,SG,SCTP参数管理,{i},Device.Services.FAPService.{i}.Transport.SCTP.Assoc.{i}.,DEVICE_SERVICES_FAPSERVICE_TRANSPORT_SCTP_ASSOC,LST ASSOC,YES_EXISTING_JSON_PARENT_GROUP,medium,SF,小区服务参数管理（总体）,FAP 载波基本配置,Device.Services.FAPService.{i}.,,,json_seed_and_catalog_existing_group,omcgo/internal/config/parammodel/mmlstandardloader/seeds/cmcc_tdlte_v23.json; omcgo/datamodels/mml-catalog/cmcc-tdlte-v2.3.json,参数 path 位于现有 JSON/seed 分组对象路径之下，可挂到该父分组；需确认是否过宽,SCTP参数管理,LTE V2.1.xlsx,SG,14
Device.Services.FAPService.{i}.Transport.SCTP.Assoc.{i}.SCTPAssocLocalAddr,parameter,READ_ONLY,STRING,SG,SCTP参数管理,{i},Device.Services.FAPService.{i}.Transport.SCTP.Assoc.{i}.,DEVICE_SERVICES_FAPSERVICE_TRANSPORT_SCTP_ASSOC,LST ASSOC,YES_EXISTING_JSON_PARENT_GROUP,medium,SF,小区服务参数管理（总体）,FAP 载波基本配置,Device.Services.FAPService.{i}.,,,json_seed_and_catalog_existing_group,omcgo/internal/config/parammodel/mmlstandardloader/seeds/cmcc_tdlte_v23.json; omcgo/datamodels/mml-catalog/cmcc-tdlte-v2.3.json,参数 path 位于现有 JSON/seed 分组对象路径之下，可挂到该父分组；需确认是否过宽,SCTP参数管理,LTE V2.1.xlsx,SG,11
Device.Services.FAPService.{i}.CellConfig.{i}.NR.RAN.PHY.Antenna.NumOfRxAntenna,parameter,READ_WRITE,INT,SH,RAN协议栈参数,Antenna,Device.Services.FAPService.{i}.CellConfig.{i}.NR.RAN.PHY.Antenna.,DEVICE_SERVICES_FAPSERVICE_CELLCONFIG_NR_RAN_PHY_ANTENNA,LST ANTENNA;MOD ANTENNA,YES_EXISTING_JSON_PARENT_GROUP,medium,SF,小区服务参数管理（总体）,FAP 载波基本配置,Device.Services.FAPService.{i}.,,,json_seed_and_catalog_existing_group,omcgo/internal/config/parammodel/mmlstandardloader/seeds/cmcc_tdlte_v23.json; omcgo/datamodels/mml-catalog/cmcc-tdlte-v2.3.json,参数 path 位于现有 JSON/seed 分组对象路径之下，可挂到该父分组；需确认是否过宽,物理层参数管理,中国移动5G扩展型皮基站网管南向接口数据模型规范v1.9.4.xlsx,SK,123
Device.Services.FAPService.{i}.CellConfig.{i}.NR.RAN.PHY.Antenna.NumOfTxAntenna,parameter,READ_WRITE,STRING,SH,RAN协议栈参数,Antenna,Device.Services.FAPService.{i}.CellConfig.{i}.NR.RAN.PHY.Antenna.,DEVICE_SERVICES_FAPSERVICE_CELLCONFIG_NR_RAN_PHY_ANTENNA,LST ANTENNA;MOD ANTENNA,YES_QUICKSETTINGS_XML_GROUP,high,,,小区参数,,gnb-cell,,quicksettings_xml_exact_standardPath,omcgo/data/quicksettings/BaiBNQ.xml#gnb-cell:小区参数(NumOfTxAntenna),quicksettings XML 已有同 standardPath 的前端分组,物理层参数管理,中国移动5G扩展型皮基站网管南向接口数据模型规范v1.9.4.xlsx,SK,122
Device.Services.FAPService.{i}.CellConfig.LTE.RAN.PHY.AntennaInfo.AntennaPortsCount,parameter,READ_WRITE,STRING,SH,RAN协议栈参数,AntennaInfo,Device.Services.FAPService.{i}.CellConfig.LTE.RAN.PHY.AntennaInfo.,DEVICE_SERVICES_FAPSERVICE_CELLCONFIG_LTE_RAN_PHY_ANTENNAINFO,LST ANTENNA_INFO;MOD ANTENNA_INFO,YES_QUICKSETTINGS_XML_GROUP,high,,,小区参数,,enb-cell,,quicksettings_xml_exact_standardPath,omcgo/data/quicksettings/BM.xml#enb-cell:小区参数(AntennaPortsCount),quicksettings XML 已有同 standardPath 的前端分组,,,,
Device.Services.FAPService.{i}.CellConfig.LTE.RAN.PHY.AntennaInfo.Multiplex,parameter,READ_WRITE,STRING,SH,RAN协议栈参数,AntennaInfo,Device.Services.FAPService.{i}.CellConfig.LTE.RAN.PHY.AntennaInfo.,DEVICE_SERVICES_FAPSERVICE_CELLCONFIG_LTE_RAN_PHY_ANTENNAINFO,LST ANTENNA_INFO;MOD ANTENNA_INFO,YES_EXISTING_JSON_PARENT_GROUP,medium,SH,RAN协议栈参数,RAN PHY 物理层,Device.Services.FAPService.{i}.CellConfig.LTE.RAN.PHY.,,,json_seed_and_catalog_existing_group,omcgo/internal/config/parammodel/mmlstandardloader/seeds/cmcc_tdlte_v23.json; omcgo/datamodels/mml-catalog/cmcc-tdlte-v2.3.json,参数 path 位于现有 JSON/seed 分组对象路径之下，可挂到该父分组；需确认是否过宽,,,,
Device.Services.FAPService.{i}.CellConfig.{i}.NR.RAN.PHY.BWP.BWPDL.{i},parameter,READ_WRITE,STRING,SH,RAN协议栈参数,BWPDL,Device.Services.FAPService.{i}.CellConfig.{i}.NR.RAN.PHY.BWP.BWPDL.,DEVICE_SERVICES_FAPSERVICE_CELLCONFIG_NR_RAN_PHY_BWP_BWPDL,LST BWPDL;MOD BWPDL,YES_EXISTING_JSON_PARENT_GROUP,medium,SF,小区服务参数管理（总体）,FAP 载波基本配置,Device.Services.FAPService.{i}.,,,json_seed_and_catalog_existing_group,omcgo/internal/config/parammodel/mmlstandardloader/seeds/cmcc_tdlte_v23.json; omcgo/datamodels/mml-catalog/cmcc-tdlte-v2.3.json,参数 path 位于现有 JSON/seed 分组对象路径之下，可挂到该父分组；需确认是否过宽,,,,
Device.Services.FAPService.{i}.CellConfig.LTE.RAN.CA.CaEnable,parameter,READ_WRITE,STRING,SH,RAN协议栈参数,CA,Device.Services.FAPService.{i}.CellConfig.LTE.RAN.CA.,DEVICE_SERVICES_FAPSERVICE_CELLCONFIG_LTE_RAN_CA,LST CA;MOD CA,YES_EXISTING_JSON_PARENT_GROUP,medium,SF,小区服务参数管理（总体）,FAP 载波基本配置,Device.Services.FAPService.{i}.,,,json_seed_and_catalog_existing_group,omcgo/internal/config/parammodel/mmlstandardloader/seeds/cmcc_tdlte_v23.json; omcgo/datamodels/mml-catalog/cmcc-tdlte-v2.3.json,参数 path 位于现有 JSON/seed 分组对象路径之下，可挂到该父分组；需确认是否过宽,,,,
Device.Services.FAPService.{i}.CellConfig.{i}.NR.RAN.PHY.BWP.BWPDL.{i}.PDCCH.CommonControlResourceSet.CceRegMappingType.InterleaverSize,parameter,READ_WRITE,STRING,SH,RAN协议栈参数,CceRegMappingType,Device.Services.FAPService.{i}.CellConfig.{i}.NR.RAN.PHY.BWP.BWPDL.{i}.PDCCH.CommonControlResourceSet.CceRegMappingType.,DEVICE_SERVICES_FAPSERVICE_CELLCONFIG_NR_RAN_PHY_BWP_BWPDL_PDCCH_COMMONCONTROLRESOURCESET_CCEREGMAPPINGTYPE,LST CCE_REG_MAPPING_TYPE;MOD CCE_REG_MAPPING_TYPE,YES_EXISTING_JSON_PARENT_GROUP,medium,SF,小区服务参数管理（总体）,FAP 载波基本配置,Device.Services.FAPService.{i}.,,,json_seed_and_catalog_existing_group,omcgo/internal/config/parammodel/mmlstandardloader/seeds/cmcc_tdlte_v23.json; omcgo/datamodels/mml-catalog/cmcc-tdlte-v2.3.json,参数 path 位于现有 JSON/seed 分组对象路径之下，可挂到该父分组；需确认是否过宽,物理层参数管理,中国移动5G扩展型皮基站网管南向接口数据模型规范v1.9.4.xlsx,SK,99
Device.Services.FAPService.{i}.CellConfig.{i}.NR.RAN.PHY.BWP.BWPDL.{i}.PDCCH.CommonControlResourceSet.CceRegMappingType.RegBundleSize,parameter,READ_WRITE,STRING,SH,RAN协议栈参数,CceRegMappingType,Device.Services.FAPService.{i}.CellConfig.{i}.NR.RAN.PHY.BWP.BWPDL.{i}.PDCCH.CommonControlResourceSet.CceRegMappingType.,DEVICE_SERVICES_FAPSERVICE_CELLCONFIG_NR_RAN_PHY_BWP_BWPDL_PDCCH_COMMONCONTROLRESOURCESET_CCEREGMAPPINGTYPE,LST CCE_REG_MAPPING_TYPE;MOD CCE_REG_MAPPING_TYPE,YES_EXISTING_JSON_PARENT_GROUP,medium,SF,小区服务参数管理（总体）,FAP 载波基本配置,Device.Services.FAPService.{i}.,,,json_seed_and_catalog_existing_group,omcgo/internal/config/parammodel/mmlstandardloader/seeds/cmcc_tdlte_v23.json; omcgo/datamodels/mml-catalog/cmcc-tdlte-v2.3.json,参数 path 位于现有 JSON/seed 分组对象路径之下，可挂到该父分组；需确认是否过宽,物理层参数管理,中国移动5G扩展型皮基站网管南向接口数据模型规范v1.9.4.xlsx,SK,98
Device.Services.FAPService.{i}.CellConfig.{i}.NR.RAN.PHY.BWP.BWPDL.{i}.PDCCH.CommonControlResourceSet.CceRegMappingType.RegType,parameter,READ_WRITE,STRING,SH,RAN协议栈参数,CceRegMappingType,Device.Services.FAPService.{i}.CellConfig.{i}.NR.RAN.PHY.BWP.BWPDL.{i}.PDCCH.CommonControlResourceSet.CceRegMappingType.,DEVICE_SERVICES_FAPSERVICE_CELLCONFIG_NR_RAN_PHY_BWP_BWPDL_PDCCH_COMMONCONTROLRESOURCESET_CCEREGMAPPINGTYPE,LST CCE_REG_MAPPING_TYPE;MOD CCE_REG_MAPPING_TYPE,YES_EXISTING_JSON_PARENT_GROUP,medium,SF,小区服务参数管理（总体）,FAP 载波基本配置,Device.Services.FAPService.{i}.,,,json_seed_and_catalog_existing_group,omcgo/internal/config/parammodel/mmlstandardloader/seeds/cmcc_tdlte_v23.json; omcgo/datamodels/mml-catalog/cmcc-tdlte-v2.3.json,参数 path 位于现有 JSON/seed 分组对象路径之下，可挂到该父分组；需确认是否过宽,物理层参数管理,中国移动5G扩展型皮基站网管南向接口数据模型规范v1.9.4.xlsx,SK,97
Device.Services.FAPService.{i}.CellConfig.{i}.NR.RAN.PHY.BWP.BWPDL.{i}.PDCCH.CommonControlResourceSet.CceRegMappingType.ShiftIndex,parameter,READ_WRITE,STRING,SH,RAN协议栈参数,CceRegMappingType,Device.Services.FAPService.{i}.CellConfig.{i}.NR.RAN.PHY.BWP.BWPDL.{i}.PDCCH.CommonControlResourceSet.CceRegMappingType.,DEVICE_SERVICES_FAPSERVICE_CELLCONFIG_NR_RAN_PHY_BWP_BWPDL_PDCCH_COMMONCONTROLRESOURCESET_CCEREGMAPPINGTYPE,LST CCE_REG_MAPPING_TYPE;MOD CCE_REG_MAPPING_TYPE,YES_EXISTING_JSON_PARENT_GROUP,medium,SF,小区服务参数管理（总体）,FAP 载波基本配置,Device.Services.FAPService.{i}.,,,json_seed_and_catalog_existing_group,omcgo/internal/config/parammodel/mmlstandardloader/seeds/cmcc_tdlte_v23.json; omcgo/datamodels/mml-catalog/cmcc-tdlte-v2.3.json,参数 path 位于现有 JSON/seed 分组对象路径之下，可挂到该父分组；需确认是否过宽,物理层参数管理,中国移动5G扩展型皮基站网管南向接口数据模型规范v1.9.4.xlsx,SK,100
Device.Services.FAPService.{i}.FAPControl.NR.RAN.Common.AdminState,parameter,READ_WRITE,STRING,SH,RAN协议栈参数,Common,Device.Services.FAPService.{i}.FAPControl.NR.RAN.Common.,DEVICE_SERVICES_FAPSERVICE_FAPCONTROL_NR_RAN_COMMON,LST COMMON;MOD COMMON,YES_EXISTING_JSON_PARENT_GROUP,medium,SF,小区服务参数管理（总体）,FAP 载波基本配置,Device.Services.FAPService.{i}.,,,json_seed_and_catalog_existing_group,omcgo/internal/config/parammodel/mmlstandardloader/seeds/cmcc_tdlte_v23.json; omcgo/datamodels/mml-catalog/cmcc-tdlte-v2.3.json,参数 path 位于现有 JSON/seed 分组对象路径之下，可挂到该父分组；需确认是否过宽,gNB参数,中国移动5G扩展型皮基站网管南向接口数据模型规范v1.9.4.xlsx,SF,19
Device.Services.FAPService.{i}.FAPControl.NR.RAN.Common.gNBId,parameter,READ_WRITE,STRING,SH,RAN协议栈参数,Common,Device.Services.FAPService.{i}.FAPControl.NR.RAN.Common.,DEVICE_SERVICES_FAPSERVICE_FAPCONTROL_NR_RAN_COMMON,LST COMMON;MOD COMMON,YES_QUICKSETTINGS_XML_GROUP,high,,,核心网参数,,gnb-core,,quicksettings_xml_exact_standardPath,omcgo/data/quicksettings/BaiBNQ.xml#gnb-core:核心网参数(gNBId),quicksettings XML 已有同 standardPath 的前端分组,gNB参数,中国移动5G扩展型皮基站网管南向接口数据模型规范v1.9.4.xlsx,SF,17
Device.Services.FAPService.{i}.FAPControl.NR.RAN.Common.gNBIdLength,parameter,READ_WRITE,STRING,SH,RAN协议栈参数,Common,Device.Services.FAPService.{i}.FAPControl.NR.RAN.Common.,DEVICE_SERVICES_FAPSERVICE_FAPCONTROL_NR_RAN_COMMON,LST COMMON;MOD COMMON,YES_QUICKSETTINGS_XML_GROUP,high,,,核心网参数,,gnb-core,,quicksettings_xml_exact_standardPath,omcgo/data/quicksettings/BaiBNQ.xml#gnb-core:核心网参数(gNBIdLength),quicksettings XML 已有同 standardPath 的前端分组,gNB参数,中国移动5G扩展型皮基站网管南向接口数据模型规范v1.9.4.xlsx,SF,16
Device.Services.FAPService.{i}.CellConfig.{i}.NR.RAN.PHY.BWP.BWPDL.{i}.PDCCH.CommonControlResourceSet.ControlResourceSetId,parameter,READ_WRITE,STRING,SH,RAN协议栈参数,CommonControlResourceSet,Device.Services.FAPService.{i}.CellConfig.{i}.NR.RAN.PHY.BWP.BWPDL.{i}.PDCCH.CommonControlResourceSet.,DEVICE_SERVICES_FAPSERVICE_CELLCONFIG_NR_RAN_PHY_BWP_BWPDL_PDCCH_COMMONCONTROLRESOURCESET,LST COMMON_CONTROL_RESOURCE_SET;MOD COMMON_CONTROL_RESOURCE_SET,YES_EXISTING_JSON_PARENT_GROUP,medium,SF,小区服务参数管理（总体）,FAP 载波基本配置,Device.Services.FAPService.{i}.,,,json_seed_and_catalog_existing_group,omcgo/internal/config/parammodel/mmlstandardloader/seeds/cmcc_tdlte_v23.json; omcgo/datamodels/mml-catalog/cmcc-tdlte-v2.3.json,参数 path 位于现有 JSON/seed 分组对象路径之下，可挂到该父分组；需确认是否过宽,物理层参数管理,中国移动5G扩展型皮基站网管南向接口数据模型规范v1.9.4.xlsx,SK,94
Device.Services.FAPService.{i}.CellConfig.{i}.NR.RAN.PHY.BWP.BWPDL.{i}.PDCCH.CommonControlResourceSet.Duration,parameter,READ_WRITE,STRING,SH,RAN协议栈参数,CommonControlResourceSet,Device.Services.FAPService.{i}.CellConfig.{i}.NR.RAN.PHY.BWP.BWPDL.{i}.PDCCH.CommonControlResourceSet.,DEVICE_SERVICES_FAPSERVICE_CELLCONFIG_NR_RAN_PHY_BWP_BWPDL_PDCCH_COMMONCONTROLRESOURCESET,LST COMMON_CONTROL_RESOURCE_SET;MOD COMMON_CONTROL_RESOURCE_SET,YES_EXISTING_JSON_PARENT_GROUP,medium,SF,小区服务参数管理（总体）,FAP 载波基本配置,Device.Services.FAPService.{i}.,,,json_seed_and_catalog_existing_group,omcgo/internal/config/parammodel/mmlstandardloader/seeds/cmcc_tdlte_v23.json; omcgo/datamodels/mml-catalog/cmcc-tdlte-v2.3.json,参数 path 位于现有 JSON/seed 分组对象路径之下，可挂到该父分组；需确认是否过宽,物理层参数管理,中国移动5G扩展型皮基站网管南向接口数据模型规范v1.9.4.xlsx,SK,96
Device.Services.FAPService.{i}.CellConfig.{i}.NR.RAN.PHY.BWP.BWPDL.{i}.PDCCH.CommonControlResourceSet.FrequencyDomainResources,parameter,READ_WRITE,STRING,SH,RAN协议栈参数,CommonControlResourceSet,Device.Services.FAPService.{i}.CellConfig.{i}.NR.RAN.PHY.BWP.BWPDL.{i}.PDCCH.CommonControlResourceSet.,DEVICE_SERVICES_FAPSERVICE_CELLCONFIG_NR_RAN_PHY_BWP_BWPDL_PDCCH_COMMONCONTROLRESOURCESET,LST COMMON_CONTROL_RESOURCE_SET;MOD COMMON_CONTROL_RESOURCE_SET,YES_EXISTING_JSON_PARENT_GROUP,medium,SF,小区服务参数管理（总体）,FAP 载波基本配置,Device.Services.FAPService.{i}.,,,json_seed_and_catalog_existing_group,omcgo/internal/config/parammodel/mmlstandardloader/seeds/cmcc_tdlte_v23.json; omcgo/datamodels/mml-catalog/cmcc-tdlte-v2.3.json,参数 path 位于现有 JSON/seed 分组对象路径之下，可挂到该父分组；需确认是否过宽,物理层参数管理,中国移动5G扩展型皮基站网管南向接口数据模型规范v1.9.4.xlsx,SK,95
Device.Services.FAPService.{i}.CellConfig.{i}.NR.RAN.PHY.BWP.BWPDL.{i}.PDCCH.CommonControlResourceSet.PrecoderGranularity,parameter,READ_WRITE,STRING,SH,RAN协议栈参数,CommonControlResourceSet,Device.Services.FAPService.{i}.CellConfig.{i}.NR.RAN.PHY.BWP.BWPDL.{i}.PDCCH.CommonControlResourceSet.,DEVICE_SERVICES_FAPSERVICE_CELLCONFIG_NR_RAN_PHY_BWP_BWPDL_PDCCH_COMMONCONTROLRESOURCESET,LST COMMON_CONTROL_RESOURCE_SET;MOD COMMON_CONTROL_RESOURCE_SET,YES_EXISTING_JSON_PARENT_GROUP,medium,SF,小区服务参数管理（总体）,FAP 载波基本配置,Device.Services.FAPService.{i}.,,,json_seed_and_catalog_existing_group,omcgo/internal/config/parammodel/mmlstandardloader/seeds/cmcc_tdlte_v23.json; omcgo/datamodels/mml-catalog/cmcc-tdlte-v2.3.json,参数 path 位于现有 JSON/seed 分组对象路径之下，可挂到该父分组；需确认是否过宽,物理层参数管理,中国移动5G扩展型皮基站网管南向接口数据模型规范v1.9.4.xlsx,SK,101
Device.Services.FAPService.{i}.CellConfig.{i}.NR.RAN.PHY.BWP.BWPDL.{i}.PDCCH.CommonSearchSpaceList.{i},parameter,READ_WRITE,STRING,SH,RAN协议栈参数,CommonSearchSpaceList,Device.Services.FAPService.{i}.CellConfig.{i}.NR.RAN.PHY.BWP.BWPDL.{i}.PDCCH.CommonSearchSpaceList.,DEVICE_SERVICES_FAPSERVICE_CELLCONFIG_NR_RAN_PHY_BWP_BWPDL_PDCCH_COMMONSEARCHSPACELIST,LST COMMON_SEARCH_SPACE_LIST;MOD COMMON_SEARCH_SPACE_LIST,YES_EXISTING_JSON_PARENT_GROUP,medium,SF,小区服务参数管理（总体）,FAP 载波基本配置,Device.Services.FAPService.{i}.,,,json_seed_and_catalog_existing_group,omcgo/internal/config/parammodel/mmlstandardloader/seeds/cmcc_tdlte_v23.json; omcgo/datamodels/mml-catalog/cmcc-tdlte-v2.3.json,参数 path 位于现有 JSON/seed 分组对象路径之下，可挂到该父分组；需确认是否过宽,,,,
Device.Services.FAPService.{i}.CellConfig.{i}.NR.RAN.PHY.BWP.BWPDL.{i}.PDCCH.DedicatedCtlResourceSet.{i},parameter,READ_WRITE,STRING,SH,RAN协议栈参数,DedicatedCtlResourceSet,Device.Services.FAPService.{i}.CellConfig.{i}.NR.RAN.PHY.BWP.BWPDL.{i}.PDCCH.DedicatedCtlResourceSet.,DEVICE_SERVICES_FAPSERVICE_CELLCONFIG_NR_RAN_PHY_BWP_BWPDL_PDCCH_DEDICATEDCTLRESOURCESET,LST DEDICATED_CTL_RESOURCE_SET;MOD DEDICATED_CTL_RESOURCE_SET,YES_EXISTING_JSON_PARENT_GROUP,medium,SF,小区服务参数管理（总体）,FAP 载波基本配置,Device.Services.FAPService.{i}.,,,json_seed_and_catalog_existing_group,omcgo/internal/config/parammodel/mmlstandardloader/seeds/cmcc_tdlte_v23.json; omcgo/datamodels/mml-catalog/cmcc-tdlte-v2.3.json,参数 path 位于现有 JSON/seed 分组对象路径之下，可挂到该父分组；需确认是否过宽,,,,
Device.Services.FAPService.{i}.CellConfig.{i}.NR.RAN.EnergySaveParam.EnergySavingDelayTime,parameter,READ_WRITE,STRING,SH,RAN协议栈参数,EnergySaveParam,Device.Services.FAPService.{i}.CellConfig.{i}.NR.RAN.EnergySaveParam.,DEVICE_SERVICES_FAPSERVICE_CELLCONFIG_NR_RAN_ENERGYSAVEPARAM,LST ENERGY_SAVE_PARAM;MOD ENERGY_SAVE_PARAM,YES_EXISTING_JSON_PARENT_GROUP,medium,SF,小区服务参数管理（总体）,FAP 载波基本配置,Device.Services.FAPService.{i}.,,,json_seed_and_catalog_existing_group,omcgo/internal/config/parammodel/mmlstandardloader/seeds/cmcc_tdlte_v23.json; omcgo/datamodels/mml-catalog/cmcc-tdlte-v2.3.json,参数 path 位于现有 JSON/seed 分组对象路径之下，可挂到该父分组；需确认是否过宽,节能管理参数,中国移动5G扩展型皮基站网管南向接口数据模型规范v1.9.4.xlsx,SJ,57
Device.Services.FAPService.{i}.CellConfig.{i}.NR.RAN.EnergySaveParam.EnergySavingTime,parameter,READ_WRITE,STRING,SH,RAN协议栈参数,EnergySaveParam,Device.Services.FAPService.{i}.CellConfig.{i}.NR.RAN.EnergySaveParam.,DEVICE_SERVICES_FAPSERVICE_CELLCONFIG_NR_RAN_ENERGYSAVEPARAM,LST ENERGY_SAVE_PARAM;MOD ENERGY_SAVE_PARAM,YES_EXISTING_JSON_PARENT_GROUP,medium,SF,小区服务参数管理（总体）,FAP 载波基本配置,Device.Services.FAPService.{i}.,,,json_seed_and_catalog_existing_group,omcgo/internal/config/parammodel/mmlstandardloader/seeds/cmcc_tdlte_v23.json; omcgo/datamodels/mml-catalog/cmcc-tdlte-v2.3.json,参数 path 位于现有 JSON/seed 分组对象路径之下，可挂到该父分组；需确认是否过宽,节能管理参数,中国移动5G扩展型皮基站网管南向接口数据模型规范v1.9.4.xlsx,SJ,56
Device.Services.FAPService.{i}.CellConfig.{i}.NR.RAN.EnergySaveParam.EnergySavingType,parameter,READ_WRITE,STRING,SH,RAN协议栈参数,EnergySaveParam,Device.Services.FAPService.{i}.CellConfig.{i}.NR.RAN.EnergySaveParam.,DEVICE_SERVICES_FAPSERVICE_CELLCONFIG_NR_RAN_ENERGYSAVEPARAM,LST ENERGY_SAVE_PARAM;MOD ENERGY_SAVE_PARAM,YES_EXISTING_JSON_PARENT_GROUP,medium,SF,小区服务参数管理（总体）,FAP 载波基本配置,Device.Services.FAPService.{i}.,,,json_seed_and_catalog_existing_group,omcgo/internal/config/parammodel/mmlstandardloader/seeds/cmcc_tdlte_v23.json; omcgo/datamodels/mml-catalog/cmcc-tdlte-v2.3.json,参数 path 位于现有 JSON/seed 分组对象路径之下，可挂到该父分组；需确认是否过宽,节能管理参数,中国移动5G扩展型皮基站网管南向接口数据模型规范v1.9.4.xlsx,SJ,55
Device.Services.FAPService.{i}.CellConfig.{i}.NR.RAN.EnergySaveParam.PrbLowThreshold,parameter,READ_WRITE,STRING,SH,RAN协议栈参数,EnergySaveParam,Device.Services.FAPService.{i}.CellConfig.{i}.NR.RAN.EnergySaveParam.,DEVICE_SERVICES_FAPSERVICE_CELLCONFIG_NR_RAN_ENERGYSAVEPARAM,LST ENERGY_SAVE_PARAM;MOD ENERGY_SAVE_PARAM,YES_EXISTING_JSON_PARENT_GROUP,medium,SF,小区服务参数管理（总体）,FAP 载波基本配置,Device.Services.FAPService.{i}.,,,json_seed_and_catalog_existing_group,omcgo/internal/config/parammodel/mmlstandardloader/seeds/cmcc_tdlte_v23.json; omcgo/datamodels/mml-catalog/cmcc-tdlte-v2.3.json,参数 path 位于现有 JSON/seed 分组对象路径之下，可挂到该父分组；需确认是否过宽,节能管理参数,中国移动5G扩展型皮基站网管南向接口数据模型规范v1.9.4.xlsx,SJ,59
Device.Services.FAPService.{i}.CellConfig.{i}.NR.RAN.EnergySaveParam.PrbReportPeriod,parameter,READ_WRITE,STRING,SH,RAN协议栈参数,EnergySaveParam,Device.Services.FAPService.{i}.CellConfig.{i}.NR.RAN.EnergySaveParam.,DEVICE_SERVICES_FAPSERVICE_CELLCONFIG_NR_RAN_ENERGYSAVEPARAM,LST ENERGY_SAVE_PARAM;MOD ENERGY_SAVE_PARAM,YES_EXISTING_JSON_PARENT_GROUP,medium,SF,小区服务参数管理（总体）,FAP 载波基本配置,Device.Services.FAPService.{i}.,,,json_seed_and_catalog_existing_group,omcgo/internal/config/parammodel/mmlstandardloader/seeds/cmcc_tdlte_v23.json; omcgo/datamodels/mml-catalog/cmcc-tdlte-v2.3.json,参数 path 位于现有 JSON/seed 分组对象路径之下，可挂到该父分组；需确认是否过宽,,,,
Device.Services.FAPService.{i}.CellConfig.{i}.NR.RAN.EnergySaveParam.RRCLowThreshold,parameter,READ_WRITE,STRING,SH,RAN协议栈参数,EnergySaveParam,Device.Services.FAPService.{i}.CellConfig.{i}.NR.RAN.EnergySaveParam.,DEVICE_SERVICES_FAPSERVICE_CELLCONFIG_NR_RAN_ENERGYSAVEPARAM,LST ENERGY_SAVE_PARAM;MOD ENERGY_SAVE_PARAM,YES_EXISTING_JSON_PARENT_GROUP,medium,SF,小区服务参数管理（总体）,FAP 载波基本配置,Device.Services.FAPService.{i}.,,,json_seed_and_catalog_existing_group,omcgo/internal/config/parammodel/mmlstandardloader/seeds/cmcc_tdlte_v23.json; omcgo/datamodels/mml-catalog/cmcc-tdlte-v2.3.json,参数 path 位于现有 JSON/seed 分组对象路径之下，可挂到该父分组；需确认是否过宽,节能管理参数,中国移动5G扩展型皮基站网管南向接口数据模型规范v1.9.4.xlsx,SJ,60
Device.Services.FAPService.{i}.CellConfig.{i}.NR.RAN.PHY.FrequencyInfoDLSIB.OffsetToPointA,parameter,READ_WRITE,STRING,SH,RAN协议栈参数,FrequencyInfoDLSIB,Device.Services.FAPService.{i}.CellConfig.{i}.NR.RAN.PHY.FrequencyInfoDLSIB.,DEVICE_SERVICES_FAPSERVICE_CELLCONFIG_NR_RAN_PHY_FREQUENCYINFODLSIB,LST FREQUENCY_INFO_DLSIB;MOD FREQUENCY_INFO_DLSIB,YES_QUICKSETTINGS_XML_GROUP,high,,,小区参数,,gnb-cell,,quicksettings_xml_exact_standardPath,omcgo/data/quicksettings/BaiBNQ.xml#gnb-cell:小区参数(OffsetToPointA),quicksettings XML 已有同 standardPath 的前端分组,物理层参数管理,中国移动5G扩展型皮基站网管南向接口数据模型规范v1.9.4.xlsx,SK,2
Device.Services.FAPService.{i}.CellConfig.LTE.RAN.CA.PARAMS.CARRIER_MODE,parameter,READ_WRITE,BOOLEAN,SH,RAN协议栈参数,PARAMS,Device.Services.FAPService.{i}.CellConfig.LTE.RAN.CA.PARAMS.,DEVICE_SERVICES_FAPSERVICE_CELLCONFIG_LTE_RAN_CA_PARAMS,LST PARAMS;MOD PARAMS,YES_EXISTING_JSON_PARENT_GROUP,medium,SF,小区服务参数管理（总体）,FAP 载波基本配置,Device.Services.FAPService.{i}.,,,json_seed_and_catalog_existing_group,omcgo/internal/config/parammodel/mmlstandardloader/seeds/cmcc_tdlte_v23.json; omcgo/datamodels/mml-catalog/cmcc-tdlte-v2.3.json,参数 path 位于现有 JSON/seed 分组对象路径之下，可挂到该父分组；需确认是否过宽,,,,
Device.Services.FAPService.{i}.CellConfig.LTE.RAN.CA.PARAMS.NumOfCells,parameter,READ_WRITE,INT,SH,RAN协议栈参数,PARAMS,Device.Services.FAPService.{i}.CellConfig.LTE.RAN.CA.PARAMS.,DEVICE_SERVICES_FAPSERVICE_CELLCONFIG_LTE_RAN_CA_PARAMS,LST PARAMS;MOD PARAMS,YES_EXISTING_JSON_PARENT_GROUP,medium,SF,小区服务参数管理（总体）,FAP 载波基本配置,Device.Services.FAPService.{i}.,,,json_seed_and_catalog_existing_group,omcgo/internal/config/parammodel/mmlstandardloader/seeds/cmcc_tdlte_v23.json; omcgo/datamodels/mml-catalog/cmcc-tdlte-v2.3.json,参数 path 位于现有 JSON/seed 分组对象路径之下，可挂到该父分组；需确认是否过宽,,,,
Device.Services.FAPService.{i}.CellConfig.{i}.NR.RAN.PHY.BWP.BWPDL.{i}.PDCCH.PDCCHConfigCommon.ControlResourceSetZero,parameter,READ_WRITE,STRING,SH,RAN协议栈参数,PDCCHConfigCommon,Device.Services.FAPService.{i}.CellConfig.{i}.NR.RAN.PHY.BWP.BWPDL.{i}.PDCCH.PDCCHConfigCommon.,DEVICE_SERVICES_FAPSERVICE_CELLCONFIG_NR_RAN_PHY_BWP_BWPDL_PDCCH_PDCCHCONFIGCOMMON,LST PDCCHCONFIG_COMMON;MOD PDCCHCONFIG_COMMON,YES_EXISTING_JSON_PARENT_GROUP,medium,SF,小区服务参数管理（总体）,FAP 载波基本配置,Device.Services.FAPService.{i}.,,,json_seed_and_catalog_existing_group,omcgo/internal/config/parammodel/mmlstandardloader/seeds/cmcc_tdlte_v23.json; omcgo/datamodels/mml-catalog/cmcc-tdlte-v2.3.json,参数 path 位于现有 JSON/seed 分组对象路径之下，可挂到该父分组；需确认是否过宽,物理层参数管理,中国移动5G扩展型皮基站网管南向接口数据模型规范v1.9.4.xlsx,SK,88
Device.Services.FAPService.{i}.CellConfig.{i}.NR.RAN.PHY.BWP.BWPDL.{i}.PDCCH.PDCCHConfigCommon.PagingSearchSpace,parameter,READ_WRITE,STRING,SH,RAN协议栈参数,PDCCHConfigCommon,Device.Services.FAPService.{i}.CellConfig.{i}.NR.RAN.PHY.BWP.BWPDL.{i}.PDCCH.PDCCHConfigCommon.,DEVICE_SERVICES_FAPSERVICE_CELLCONFIG_NR_RAN_PHY_BWP_BWPDL_PDCCH_PDCCHCONFIGCOMMON,LST PDCCHCONFIG_COMMON;MOD PDCCHCONFIG_COMMON,YES_EXISTING_JSON_PARENT_GROUP,medium,SF,小区服务参数管理（总体）,FAP 载波基本配置,Device.Services.FAPService.{i}.,,,json_seed_and_catalog_existing_group,omcgo/internal/config/parammodel/mmlstandardloader/seeds/cmcc_tdlte_v23.json; omcgo/datamodels/mml-catalog/cmcc-tdlte-v2.3.json,参数 path 位于现有 JSON/seed 分组对象路径之下，可挂到该父分组；需确认是否过宽,物理层参数管理,中国移动5G扩展型皮基站网管南向接口数据模型规范v1.9.4.xlsx,SK,92
Device.Services.FAPService.{i}.CellConfig.{i}.NR.RAN.PHY.BWP.BWPDL.{i}.PDCCH.PDCCHConfigCommon.RaSearchSpace,parameter,READ_WRITE,STRING,SH,RAN协议栈参数,PDCCHConfigCommon,Device.Services.FAPService.{i}.CellConfig.{i}.NR.RAN.PHY.BWP.BWPDL.{i}.PDCCH.PDCCHConfigCommon.,DEVICE_SERVICES_FAPSERVICE_CELLCONFIG_NR_RAN_PHY_BWP_BWPDL_PDCCH_PDCCHCONFIGCOMMON,LST PDCCHCONFIG_COMMON;MOD PDCCHCONFIG_COMMON,YES_EXISTING_JSON_PARENT_GROUP,medium,SF,小区服务参数管理（总体）,FAP 载波基本配置,Device.Services.FAPService.{i}.,,,json_seed_and_catalog_existing_group,omcgo/internal/config/parammodel/mmlstandardloader/seeds/cmcc_tdlte_v23.json; omcgo/datamodels/mml-catalog/cmcc-tdlte-v2.3.json,参数 path 位于现有 JSON/seed 分组对象路径之下，可挂到该父分组；需确认是否过宽,物理层参数管理,中国移动5G扩展型皮基站网管南向接口数据模型规范v1.9.4.xlsx,SK,93
Device.Services.FAPService.{i}.CellConfig.{i}.NR.RAN.PHY.BWP.BWPDL.{i}.PDCCH.PDCCHConfigCommon.SearchSpaceOtherSystemInformation,parameter,READ_WRITE,STRING,SH,RAN协议栈参数,PDCCHConfigCommon,Device.Services.FAPService.{i}.CellConfig.{i}.NR.RAN.PHY.BWP.BWPDL.{i}.PDCCH.PDCCHConfigCommon.,DEVICE_SERVICES_FAPSERVICE_CELLCONFIG_NR_RAN_PHY_BWP_BWPDL_PDCCH_PDCCHCONFIGCOMMON,LST PDCCHCONFIG_COMMON;MOD PDCCHCONFIG_COMMON,YES_EXISTING_JSON_PARENT_GROUP,medium,SF,小区服务参数管理（总体）,FAP 载波基本配置,Device.Services.FAPService.{i}.,,,json_seed_and_catalog_existing_group,omcgo/internal/config/parammodel/mmlstandardloader/seeds/cmcc_tdlte_v23.json; omcgo/datamodels/mml-catalog/cmcc-tdlte-v2.3.json,参数 path 位于现有 JSON/seed 分组对象路径之下，可挂到该父分组；需确认是否过宽,物理层参数管理,中国移动5G扩展型皮基站网管南向接口数据模型规范v1.9.4.xlsx,SK,91
Device.Services.FAPService.{i}.CellConfig.{i}.NR.RAN.PHY.BWP.BWPDL.{i}.PDCCH.PDCCHConfigCommon.SearchSpaceSIB1,parameter,READ_WRITE,STRING,SH,RAN协议栈参数,PDCCHConfigCommon,Device.Services.FAPService.{i}.CellConfig.{i}.NR.RAN.PHY.BWP.BWPDL.{i}.PDCCH.PDCCHConfigCommon.,DEVICE_SERVICES_FAPSERVICE_CELLCONFIG_NR_RAN_PHY_BWP_BWPDL_PDCCH_PDCCHCONFIGCOMMON,LST PDCCHCONFIG_COMMON;MOD PDCCHCONFIG_COMMON,YES_EXISTING_JSON_PARENT_GROUP,medium,SF,小区服务参数管理（总体）,FAP 载波基本配置,Device.Services.FAPService.{i}.,,,json_seed_and_catalog_existing_group,omcgo/internal/config/parammodel/mmlstandardloader/seeds/cmcc_tdlte_v23.json; omcgo/datamodels/mml-catalog/cmcc-tdlte-v2.3.json,参数 path 位于现有 JSON/seed 分组对象路径之下，可挂到该父分组；需确认是否过宽,物理层参数管理,中国移动5G扩展型皮基站网管南向接口数据模型规范v1.9.4.xlsx,SK,90
Device.Services.FAPService.{i}.CellConfig.{i}.NR.RAN.PHY.BWP.BWPDL.{i}.PDCCH.PDCCHConfigCommon.SearchSpaceZero,parameter,READ_WRITE,STRING,SH,RAN协议栈参数,PDCCHConfigCommon,Device.Services.FAPService.{i}.CellConfig.{i}.NR.RAN.PHY.BWP.BWPDL.{i}.PDCCH.PDCCHConfigCommon.,DEVICE_SERVICES_FAPSERVICE_CELLCONFIG_NR_RAN_PHY_BWP_BWPDL_PDCCH_PDCCHCONFIGCOMMON,LST PDCCHCONFIG_COMMON;MOD PDCCHCONFIG_COMMON,YES_EXISTING_JSON_PARENT_GROUP,medium,SF,小区服务参数管理（总体）,FAP 载波基本配置,Device.Services.FAPService.{i}.,,,json_seed_and_catalog_existing_group,omcgo/internal/config/parammodel/mmlstandardloader/seeds/cmcc_tdlte_v23.json; omcgo/datamodels/mml-catalog/cmcc-tdlte-v2.3.json,参数 path 位于现有 JSON/seed 分组对象路径之下，可挂到该父分组；需确认是否过宽,物理层参数管理,中国移动5G扩展型皮基站网管南向接口数据模型规范v1.9.4.xlsx,SK,89
Device.Services.FAPService.{i}.CellConfig.{i}.NR.RAN.PHY.BWP.BWPDL.{i}.PDSCH.PDSCHDedicatedTimeDomainResourceAllocationList.{i},parameter,READ_WRITE,STRING,SH,RAN协议栈参数,PDSCHDedicatedTimeDomainResourceAllocationList,Device.Services.FAPService.{i}.CellConfig.{i}.NR.RAN.PHY.BWP.BWPDL.{i}.PDSCH.PDSCHDedicatedTimeDomainResourceAllocationList.,DEVICE_SERVICES_FAPSERVICE_CELLCONFIG_NR_RAN_PHY_BWP_BWPDL_PDSCH_PDSCHDEDICATEDTIMEDOMAINRESOURCEALLOCATIONLIST,LST PDSCHDEDICATED_TIME_DOMAIN_RESOURCE_ALLOCATION_LIST;MOD PDSCHDEDICATED_TIME_DOMAIN_RESOURCE_ALLOCATION_LIST,YES_EXISTING_JSON_PARENT_GROUP,medium,SF,小区服务参数管理（总体）,FAP 载波基本配置,Device.Services.FAPService.{i}.,,,json_seed_and_catalog_existing_group,omcgo/internal/config/parammodel/mmlstandardloader/seeds/cmcc_tdlte_v23.json; omcgo/datamodels/mml-catalog/cmcc-tdlte-v2.3.json,参数 path 位于现有 JSON/seed 分组对象路径之下，可挂到该父分组；需确认是否过宽,,,,
Device.Services.FAPService.{i}.CellConfig.{i}.NR.RAN.PHY.BWP.BWPDL.{i}.PDSCH.PDSCHTimeDomainResourceAllocationList.{i},parameter,READ_WRITE,STRING,SH,RAN协议栈参数,PDSCHTimeDomainResourceAllocationList,Device.Services.FAPService.{i}.CellConfig.{i}.NR.RAN.PHY.BWP.BWPDL.{i}.PDSCH.PDSCHTimeDomainResourceAllocationList.,DEVICE_SERVICES_FAPSERVICE_CELLCONFIG_NR_RAN_PHY_BWP_BWPDL_PDSCH_PDSCHTIMEDOMAINRESOURCEALLOCATIONLIST,LST PDSCHTIME_DOMAIN_RESOURCE_ALLOCATION_LIST;MOD PDSCHTIME_DOMAIN_RESOURCE_ALLOCATION_LIST,YES_EXISTING_JSON_PARENT_GROUP,medium,SF,小区服务参数管理（总体）,FAP 载波基本配置,Device.Services.FAPService.{i}.,,,json_seed_and_catalog_existing_group,omcgo/internal/config/parammodel/mmlstandardloader/seeds/cmcc_tdlte_v23.json; omcgo/datamodels/mml-catalog/cmcc-tdlte-v2.3.json,参数 path 位于现有 JSON/seed 分组对象路径之下，可挂到该父分组；需确认是否过宽,,,,
Device.Services.FAPService.{i}.CellConfig.{i}.NR.RAN.PHY.BWP.BWPDL.{i}.PDschConfig.DmrsAdditionalPosition,parameter,READ_WRITE,STRING,SH,RAN协议栈参数,PDschConfig,Device.Services.FAPService.{i}.CellConfig.{i}.NR.RAN.PHY.BWP.BWPDL.{i}.PDschConfig.,DEVICE_SERVICES_FAPSERVICE_CELLCONFIG_NR_RAN_PHY_BWP_BWPDL_PDSCHCONFIG,LST PDSCH_CONFIG;MOD PDSCH_CONFIG,YES_EXISTING_JSON_PARENT_GROUP,medium,SF,小区服务参数管理（总体）,FAP 载波基本配置,Device.Services.FAPService.{i}.,,,json_seed_and_catalog_existing_group,omcgo/internal/config/parammodel/mmlstandardloader/seeds/cmcc_tdlte_v23.json; omcgo/datamodels/mml-catalog/cmcc-tdlte-v2.3.json,参数 path 位于现有 JSON/seed 分组对象路径之下，可挂到该父分组；需确认是否过宽,,,,
Device.Services.FAPService.{i}.CellConfig.{i}.NR.RAN.PHY.BWP.BWPDL.{i}.PDschConfig.MaxMimoLayer,parameter,READ_WRITE,STRING,SH,RAN协议栈参数,PDschConfig,Device.Services.FAPService.{i}.CellConfig.{i}.NR.RAN.PHY.BWP.BWPDL.{i}.PDschConfig.,DEVICE_SERVICES_FAPSERVICE_CELLCONFIG_NR_RAN_PHY_BWP_BWPDL_PDSCHCONFIG,LST PDSCH_CONFIG;MOD PDSCH_CONFIG,YES_EXISTING_JSON_PARENT_GROUP,medium,SF,小区服务参数管理（总体）,FAP 载波基本配置,Device.Services.FAPService.{i}.,,,json_seed_and_catalog_existing_group,omcgo/internal/config/parammodel/mmlstandardloader/seeds/cmcc_tdlte_v23.json; omcgo/datamodels/mml-catalog/cmcc-tdlte-v2.3.json,参数 path 位于现有 JSON/seed 分组对象路径之下，可挂到该父分组；需确认是否过宽,,,,
Device.Services.FAPService.{i}.CellConfig.{i}.NR.RAN.PHY.BWP.BWPDL.{i}.PDschConfig.McsTable,parameter,READ_WRITE,STRING,SH,RAN协议栈参数,PDschConfig,Device.Services.FAPService.{i}.CellConfig.{i}.NR.RAN.PHY.BWP.BWPDL.{i}.PDschConfig.,DEVICE_SERVICES_FAPSERVICE_CELLCONFIG_NR_RAN_PHY_BWP_BWPDL_PDSCHCONFIG,LST PDSCH_CONFIG;MOD PDSCH_CONFIG,YES_EXISTING_JSON_PARENT_GROUP,medium,SF,小区服务参数管理（总体）,FAP 载波基本配置,Device.Services.FAPService.{i}.,,,json_seed_and_catalog_existing_group,omcgo/internal/config/parammodel/mmlstandardloader/seeds/cmcc_tdlte_v23.json; omcgo/datamodels/mml-catalog/cmcc-tdlte-v2.3.json,参数 path 位于现有 JSON/seed 分组对象路径之下，可挂到该父分组；需确认是否过宽,,,,
Device.Services.FAPService.{i}.CellConfig.{i}.NR.RAN.QOS.{i},parameter,READ_WRITE,STRING,SH,RAN协议栈参数,QOS,Device.Services.FAPService.{i}.CellConfig.{i}.NR.RAN.QOS.,DEVICE_SERVICES_FAPSERVICE_CELLCONFIG_NR_RAN_QOS,LST QOS;MOD QOS,YES_EXISTING_JSON_PARENT_GROUP,medium,SF,小区服务参数管理（总体）,FAP 载波基本配置,Device.Services.FAPService.{i}.,,,json_seed_and_catalog_existing_group,omcgo/internal/config/parammodel/mmlstandardloader/seeds/cmcc_tdlte_v23.json; omcgo/datamodels/mml-catalog/cmcc-tdlte-v2.3.json,参数 path 位于现有 JSON/seed 分组对象路径之下，可挂到该父分组；需确认是否过宽,,,,
Device.Services.FAPService.{i}.CellConfig.{i}.NR.RAN.PowerMaxLimit,parameter,READ_WRITE,STRING,SH,RAN协议栈参数,RAN,Device.Services.FAPService.{i}.CellConfig.{i}.NR.RAN.,DEVICE_SERVICES_FAPSERVICE_CELLCONFIG_NR_RAN,LST NR_RAN;MOD NR_RAN,YES_EXISTING_JSON_PARENT_GROUP,medium,SF,小区服务参数管理（总体）,FAP 载波基本配置,Device.Services.FAPService.{i}.,,,json_seed_and_catalog_existing_group,omcgo/internal/config/parammodel/mmlstandardloader/seeds/cmcc_tdlte_v23.json; omcgo/datamodels/mml-catalog/cmcc-tdlte-v2.3.json,参数 path 位于现有 JSON/seed 分组对象路径之下，可挂到该父分组；需确认是否过宽,,,,
Device.Services.FAPService.{i}.CellConfig.{i}.NR.RAN.PowerMinLimit,parameter,READ_WRITE,STRING,SH,RAN协议栈参数,RAN,Device.Services.FAPService.{i}.CellConfig.{i}.NR.RAN.,DEVICE_SERVICES_FAPSERVICE_CELLCONFIG_NR_RAN,LST NR_RAN;MOD NR_RAN,YES_EXISTING_JSON_PARENT_GROUP,medium,SF,小区服务参数管理（总体）,FAP 载波基本配置,Device.Services.FAPService.{i}.,,,json_seed_and_catalog_existing_group,omcgo/internal/config/parammodel/mmlstandardloader/seeds/cmcc_tdlte_v23.json; omcgo/datamodels/mml-catalog/cmcc-tdlte-v2.3.json,参数 path 位于现有 JSON/seed 分组对象路径之下，可挂到该父分组；需确认是否过宽,,,,
Device.Services.FAPService.{i}.CellConfig.{i}.NR.RAN.PowerModify,parameter,READ_WRITE,INT,SH,RAN协议栈参数,RAN,Device.Services.FAPService.{i}.CellConfig.{i}.NR.RAN.,DEVICE_SERVICES_FAPSERVICE_CELLCONFIG_NR_RAN,LST NR_RAN;MOD NR_RAN,YES_EXISTING_JSON_PARENT_GROUP,medium,SF,小区服务参数管理（总体）,FAP 载波基本配置,Device.Services.FAPService.{i}.,,,json_seed_and_catalog_existing_group,omcgo/internal/config/parammodel/mmlstandardloader/seeds/cmcc_tdlte_v23.json; omcgo/datamodels/mml-catalog/cmcc-tdlte-v2.3.json,参数 path 位于现有 JSON/seed 分组对象路径之下，可挂到该父分组；需确认是否过宽,,,,
Device.Services.FAPService.{i}.CellConfig.{i}.NR.RAN.rftxEnable,parameter,READ_WRITE,STRING,SH,RAN协议栈参数,RAN,Device.Services.FAPService.{i}.CellConfig.{i}.NR.RAN.,DEVICE_SERVICES_FAPSERVICE_CELLCONFIG_NR_RAN,LST NR_RAN;MOD NR_RAN,YES_EXISTING_JSON_PARENT_GROUP,medium,SF,小区服务参数管理（总体）,FAP 载波基本配置,Device.Services.FAPService.{i}.,,,json_seed_and_catalog_existing_group,omcgo/internal/config/parammodel/mmlstandardloader/seeds/cmcc_tdlte_v23.json; omcgo/datamodels/mml-catalog/cmcc-tdlte-v2.3.json,参数 path 位于现有 JSON/seed 分组对象路径之下，可挂到该父分组；需确认是否过宽,,,,
Device.Services.FAPService.Device.Services.FAPService.{i}.CellConfig.LTE.RAN.RF.DLBandwidth,parameter,READ_WRITE,STRING,SH,RAN协议栈参数,RF,Device.Services.FAPService.Device.Services.FAPService.{i}.CellConfig.LTE.RAN.RF.,DEVICE_SERVICES_FAPSERVICE_DEVICE_SERVICES_FAPSERVICE_CELLCONFIG_LTE_RAN_RF,LST RF;MOD RF,NO_SECONDARY_MATCH,none,,,,,,,,,未在现有 XML/JSON 分组节点或模型库文档中找到可复用分组,,,,
Device.Services.FAPService.{i}.CellConfig.LTE.RAN.RF.AdminCellState,parameter,READ_WRITE,STRING,SH,RAN协议栈参数,RF,Device.Services.FAPService.{i}.CellConfig.LTE.RAN.RF.,DEVICE_SERVICES_FAPSERVICE_CELLCONFIG_LTE_RAN_RF,LST RF;MOD RF,YES_SAME_EXISTING_GROUP_CODE,high,SH,RAN协议栈参数,RF,Device.Services.FAPService.{i}.CellConfig.LTE.RAN.RF.,DEVICE_SERVICES_FAPSERVICE_CELLCONFIG_LTE_RAN_RF,LST FAP_SERVICE;MOD FAP_SERVICE,existing_mml_group_code_from_analysis,omcgo/data/model-library/standard-params-to-mml-tree-analysis-20260703.detail.csv,同一 target_group_code 已有 already_in_mml 参数，可复用该分组节点,,,,
Device.Services.FAPService.{i}.CellConfig.LTE.RAN.RF.EnbCellType,parameter,READ_WRITE,STRING,SH,RAN协议栈参数,RF,Device.Services.FAPService.{i}.CellConfig.LTE.RAN.RF.,DEVICE_SERVICES_FAPSERVICE_CELLCONFIG_LTE_RAN_RF,LST RF;MOD RF,YES_SAME_EXISTING_GROUP_CODE,high,SH,RAN协议栈参数,RF,Device.Services.FAPService.{i}.CellConfig.LTE.RAN.RF.,DEVICE_SERVICES_FAPSERVICE_CELLCONFIG_LTE_RAN_RF,LST FAP_SERVICE;MOD FAP_SERVICE,existing_mml_group_code_from_analysis,omcgo/data/model-library/standard-params-to-mml-tree-analysis-20260703.detail.csv,同一 target_group_code 已有 already_in_mml 参数，可复用该分组节点,,,,
Device.Services.FAPService.{i}.CellConfig.LTE.RAN.RF.ForceRadioEnable,parameter,READ_WRITE,BOOLEAN,SH,RAN协议栈参数,RF,Device.Services.FAPService.{i}.CellConfig.LTE.RAN.RF.,DEVICE_SERVICES_FAPSERVICE_CELLCONFIG_LTE_RAN_RF,LST RF;MOD RF,YES_SAME_EXISTING_GROUP_CODE,high,SH,RAN协议栈参数,RF,Device.Services.FAPService.{i}.CellConfig.LTE.RAN.RF.,DEVICE_SERVICES_FAPSERVICE_CELLCONFIG_LTE_RAN_RF,LST FAP_SERVICE;MOD FAP_SERVICE,existing_mml_group_code_from_analysis,omcgo/data/model-library/standard-params-to-mml-tree-analysis-20260703.detail.csv,同一 target_group_code 已有 already_in_mml 参数，可复用该分组节点,,,,
Device.Services.FAPService.{i}.CellConfig.LTE.RAN.RF.LteCellWithRuList,parameter,READ_WRITE,STRING,SH,RAN协议栈参数,RF,Device.Services.FAPService.{i}.CellConfig.LTE.RAN.RF.,DEVICE_SERVICES_FAPSERVICE_CELLCONFIG_LTE_RAN_RF,LST RF;MOD RF,YES_SAME_EXISTING_GROUP_CODE,high,SH,RAN协议栈参数,RF,Device.Services.FAPService.{i}.CellConfig.LTE.RAN.RF.,DEVICE_SERVICES_FAPSERVICE_CELLCONFIG_LTE_RAN_RF,LST FAP_SERVICE;MOD FAP_SERVICE,existing_mml_group_code_from_analysis,omcgo/data/model-library/standard-params-to-mml-tree-analysis-20260703.detail.csv,同一 target_group_code 已有 already_in_mml 参数，可复用该分组节点,,,,
Device.Services.FAPService.{i}.CellConfig.LTE.RAN.RF.X_COM_MaxTxPowerExpanded,parameter,READ_WRITE,STRING,SH,RAN协议栈参数,RF,Device.Services.FAPService.{i}.CellConfig.LTE.RAN.RF.,DEVICE_SERVICES_FAPSERVICE_CELLCONFIG_LTE_RAN_RF,LST RF;MOD RF,YES_SAME_EXISTING_GROUP_CODE,high,SH,RAN协议栈参数,RF,Device.Services.FAPService.{i}.CellConfig.LTE.RAN.RF.,DEVICE_SERVICES_FAPSERVICE_CELLCONFIG_LTE_RAN_RF,LST FAP_SERVICE;MOD FAP_SERVICE,existing_mml_group_code_from_analysis,omcgo/data/model-library/standard-params-to-mml-tree-analysis-20260703.detail.csv,同一 target_group_code 已有 already_in_mml 参数，可复用该分组节点,,,,
Device.Services.FAPService.{i}.CellConfig.LTE.RAN.RF.X_COM_RadioEnable,parameter,READ_WRITE,STRING,SH,RAN协议栈参数,RF,Device.Services.FAPService.{i}.CellConfig.LTE.RAN.RF.,DEVICE_SERVICES_FAPSERVICE_CELLCONFIG_LTE_RAN_RF,LST RF;MOD RF,YES_SAME_EXISTING_GROUP_CODE,high,SH,RAN协议栈参数,RF,Device.Services.FAPService.{i}.CellConfig.LTE.RAN.RF.,DEVICE_SERVICES_FAPSERVICE_CELLCONFIG_LTE_RAN_RF,LST FAP_SERVICE;MOD FAP_SERVICE,existing_mml_group_code_from_analysis,omcgo/data/model-library/standard-params-to-mml-tree-analysis-20260703.detail.csv,同一 target_group_code 已有 already_in_mml 参数，可复用该分组节点,,,,
Device.Services.FAPService.{i}.CellConfig.{i}.NR.RAN.RF.NRARFCNDL,parameter,READ_WRITE,STRING,SH,RAN协议栈参数,RF,Device.Services.FAPService.{i}.CellConfig.{i}.NR.RAN.RF.,DEVICE_SERVICES_FAPSERVICE_CELLCONFIG_NR_RAN_RF,LST RF;MOD RF,YES_QUICKSETTINGS_XML_GROUP,high,,,小区参数,,gnb-cell,,quicksettings_xml_exact_standardPath,omcgo/data/quicksettings/BaiBNQ.xml#gnb-cell:小区参数(NRARFCNDL),quicksettings XML 已有同 standardPath 的前端分组,小区参数管理,中国移动5G扩展型皮基站网管南向接口数据模型规范v1.9.4.xlsx,SJ,9
Device.Services.FAPService.{i}.CellConfig.{i}.NR.RAN.RF.NRARFCNUL,parameter,READ_WRITE,STRING,SH,RAN协议栈参数,RF,Device.Services.FAPService.{i}.CellConfig.{i}.NR.RAN.RF.,DEVICE_SERVICES_FAPSERVICE_CELLCONFIG_NR_RAN_RF,LST RF;MOD RF,YES_QUICKSETTINGS_XML_GROUP,high,,,小区参数,,gnb-cell,,quicksettings_xml_exact_standardPath,omcgo/data/quicksettings/BaiBNQ.xml#gnb-cell:小区参数(NRARFCNUL),quicksettings XML 已有同 standardPath 的前端分组,小区参数管理,中国移动5G扩展型皮基站网管南向接口数据模型规范v1.9.4.xlsx,SJ,14
Device.Services.FAPService.{i}.CellConfig.{i}.NR.RAN.RF.PhyCellID,parameter,READ_WRITE,STRING,SH,RAN协议栈参数,RF,Device.Services.FAPService.{i}.CellConfig.{i}.NR.RAN.RF.,DEVICE_SERVICES_FAPSERVICE_CELLCONFIG_NR_RAN_RF,LST RF;MOD RF,YES_QUICKSETTINGS_XML_GROUP,high,,,小区参数,,gnb-cell,,quicksettings_xml_exact_standardPath,omcgo/data/quicksettings/BaiBNQ.xml#gnb-cell:小区参数(PCI),quicksettings XML 已有同 standardPath 的前端分组,小区参数管理,中国移动5G扩展型皮基站网管南向接口数据模型规范v1.9.4.xlsx,SJ,10
Device.Services.FAPService.{i}.CellConfig.{i}.NR.RAN.RF.SsbFrequency,parameter,READ_WRITE,STRING,SH,RAN协议栈参数,RF,Device.Services.FAPService.{i}.CellConfig.{i}.NR.RAN.RF.,DEVICE_SERVICES_FAPSERVICE_CELLCONFIG_NR_RAN_RF,LST RF;MOD RF,YES_EXISTING_JSON_PARENT_GROUP,medium,SF,小区服务参数管理（总体）,FAP 载波基本配置,Device.Services.FAPService.{i}.,,,json_seed_and_catalog_existing_group,omcgo/internal/config/parammodel/mmlstandardloader/seeds/cmcc_tdlte_v23.json; omcgo/datamodels/mml-catalog/cmcc-tdlte-v2.3.json,参数 path 位于现有 JSON/seed 分组对象路径之下，可挂到该父分组；需确认是否过宽,小区参数管理,中国移动5G扩展型皮基站网管南向接口数据模型规范v1.9.4.xlsx,SJ,16
Device.Services.FAPService.{i}.CellConfig.LTE.RAN.RRCTimers.T304,parameter,READ_WRITE,STRING,SH,RAN协议栈参数,RRCTimers,Device.Services.FAPService.{i}.CellConfig.LTE.RAN.RRCTimers.,DEVICE_SERVICES_FAPSERVICE_CELLCONFIG_LTE_RAN_RRCTIMERS,LST RRCTIMERS;MOD RRCTIMERS,YES_SAME_EXISTING_GROUP_CODE,high,SH,RAN协议栈参数,RRCTimers,Device.Services.FAPService.{i}.CellConfig.LTE.RAN.RRCTimers.,DEVICE_SERVICES_FAPSERVICE_CELLCONFIG_LTE_RAN_RRCTIMERS,LST FAP_SERVICE;MOD FAP_SERVICE,existing_mml_group_code_from_analysis,omcgo/data/model-library/standard-params-to-mml-tree-analysis-20260703.detail.csv,同一 target_group_code 已有 already_in_mml 参数，可复用该分组节点,,,,
Device.Services.FAPService.{i}.CellConfig.LTE.RAN.RRCTimers.T319,parameter,READ_WRITE,STRING,SH,RAN协议栈参数,RRCTimers,Device.Services.FAPService.{i}.CellConfig.LTE.RAN.RRCTimers.,DEVICE_SERVICES_FAPSERVICE_CELLCONFIG_LTE_RAN_RRCTIMERS,LST RRCTIMERS;MOD RRCTIMERS,YES_SAME_EXISTING_GROUP_CODE,high,SH,RAN协议栈参数,RRCTimers,Device.Services.FAPService.{i}.CellConfig.LTE.RAN.RRCTimers.,DEVICE_SERVICES_FAPSERVICE_CELLCONFIG_LTE_RAN_RRCTIMERS,LST FAP_SERVICE;MOD FAP_SERVICE,existing_mml_group_code_from_analysis,omcgo/data/model-library/standard-params-to-mml-tree-analysis-20260703.detail.csv,同一 target_group_code 已有 already_in_mml 参数，可复用该分组节点,,,,
Device.Services.FAPService.{i}.CellConfig.{i}.NR.RAN.PHY.FrequencyInfoDLSIB.ScsSpecificCarrierList.{i}.SCSSpecificCarrier.CarrierBandwidth,parameter,READ_WRITE,STRING,SH,RAN协议栈参数,SCSSpecificCarrier,Device.Services.FAPService.{i}.CellConfig.{i}.NR.RAN.PHY.FrequencyInfoDLSIB.ScsSpecificCarrierList.{i}.SCSSpecificCarrier.,DEVICE_SERVICES_FAPSERVICE_CELLCONFIG_NR_RAN_PHY_FREQUENCYINFODLSIB_SCSSPECIFICCARRIERLIST_SCSSPECIFICCARRIER,LST SCSSPECIFIC_CARRIER;MOD SCSSPECIFIC_CARRIER,YES_QUICKSETTINGS_XML_GROUP,high,,,小区参数,,gnb-cell,,quicksettings_xml_exact_standardPath,omcgo/data/quicksettings/BaiBNQ.xml#gnb-cell:小区参数(DLCarrierBandWidth),quicksettings XML 已有同 standardPath 的前端分组,物理层参数管理,中国移动5G扩展型皮基站网管南向接口数据模型规范v1.9.4.xlsx,SK,6
Device.Services.FAPService.{i}.CellConfig.{i}.NR.RAN.PHY.FrequencyInfoDLSIB.ScsSpecificCarrierList.{i}.SCSSpecificCarrier.SubcarrierSpacing,parameter,READ_WRITE,STRING,SH,RAN协议栈参数,SCSSpecificCarrier,Device.Services.FAPService.{i}.CellConfig.{i}.NR.RAN.PHY.FrequencyInfoDLSIB.ScsSpecificCarrierList.{i}.SCSSpecificCarrier.,DEVICE_SERVICES_FAPSERVICE_CELLCONFIG_NR_RAN_PHY_FREQUENCYINFODLSIB_SCSSPECIFICCARRIERLIST_SCSSPECIFICCARRIER,LST SCSSPECIFIC_CARRIER;MOD SCSSPECIFIC_CARRIER,YES_QUICKSETTINGS_XML_GROUP,high,,,小区参数,,gnb-cell,,quicksettings_xml_exact_standardPath,omcgo/data/quicksettings/BaiBNQ.xml#gnb-cell:小区参数(DLSubCarrierSpacing),quicksettings XML 已有同 standardPath 的前端分组,物理层参数管理,中国移动5G扩展型皮基站网管南向接口数据模型规范v1.9.4.xlsx,SK,5
Device.Services.FAPService.{i}.CellConfig.{i}.NR.RAN.PHY.FrequencyInfoULSIB.ScsSpecificCarrierList.{i}.SCSSpecificCarrier.CarrierBandwidth,parameter,READ_WRITE,STRING,SH,RAN协议栈参数,SCSSpecificCarrier,Device.Services.FAPService.{i}.CellConfig.{i}.NR.RAN.PHY.FrequencyInfoULSIB.ScsSpecificCarrierList.{i}.SCSSpecificCarrier.,DEVICE_SERVICES_FAPSERVICE_CELLCONFIG_NR_RAN_PHY_FREQUENCYINFOULSIB_SCSSPECIFICCARRIERLIST_SCSSPECIFICCARRIER,LST SCSSPECIFIC_CARRIER;MOD SCSSPECIFIC_CARRIER,YES_QUICKSETTINGS_XML_GROUP,high,,,小区参数,,gnb-cell,,quicksettings_xml_exact_standardPath,omcgo/data/quicksettings/BaiBNQ.xml#gnb-cell:小区参数(ULCarrierBandWidth),quicksettings XML 已有同 standardPath 的前端分组,物理层参数管理,中国移动5G扩展型皮基站网管南向接口数据模型规范v1.9.4.xlsx,SK,9
Device.Services.FAPService.{i}.CellConfig.{i}.NR.RAN.PHY.FrequencyInfoULSIB.ScsSpecificCarrierList.{i}.SCSSpecificCarrier.SubcarrierSpacing,parameter,READ_WRITE,STRING,SH,RAN协议栈参数,SCSSpecificCarrier,Device.Services.FAPService.{i}.CellConfig.{i}.NR.RAN.PHY.FrequencyInfoULSIB.ScsSpecificCarrierList.{i}.SCSSpecificCarrier.,DEVICE_SERVICES_FAPSERVICE_CELLCONFIG_NR_RAN_PHY_FREQUENCYINFOULSIB_SCSSPECIFICCARRIERLIST_SCSSPECIFICCARRIER,LST SCSSPECIFIC_CARRIER;MOD SCSSPECIFIC_CARRIER,YES_QUICKSETTINGS_XML_GROUP,high,,,小区参数,,gnb-cell,,quicksettings_xml_exact_standardPath,omcgo/data/quicksettings/BaiBNQ.xml#gnb-cell:小区参数(ULSubCarrierSpacing),quicksettings XML 已有同 standardPath 的前端分组,物理层参数管理,中国移动5G扩展型皮基站网管南向接口数据模型规范v1.9.4.xlsx,SK,8
Device.Services.FAPService.{i}.CellConfig.{i}.NR.RAN.PHY.SSB.SsbSubcarrierOffset,parameter,READ_WRITE,STRING,SH,RAN协议栈参数,SSB,Device.Services.FAPService.{i}.CellConfig.{i}.NR.RAN.PHY.SSB.,DEVICE_SERVICES_FAPSERVICE_CELLCONFIG_NR_RAN_PHY_SSB,LST SSB;MOD SSB,YES_QUICKSETTINGS_XML_GROUP,high,,,小区参数,,gnb-cell,,quicksettings_xml_exact_standardPath,omcgo/data/quicksettings/BaiBNQ.xml#gnb-cell:小区参数(SsbSubcarrierOffset),quicksettings XML 已有同 standardPath 的前端分组,物理层参数管理,中国移动5G扩展型皮基站网管南向接口数据模型规范v1.9.4.xlsx,SK,12
Device.Services.FAPService.{i}.CellConfig.{i}.NR.RAN.PHY.BWP.BWPDL.{i}.PDCCH.CommonSearchSpaceList.{i}.nrofCandidates.AggregationLevel1,parameter,READ_WRITE,STRING,SH,RAN协议栈参数,nrofCandidates,Device.Services.FAPService.{i}.CellConfig.{i}.NR.RAN.PHY.BWP.BWPDL.{i}.PDCCH.CommonSearchSpaceList.{i}.nrofCandidates.,DEVICE_SERVICES_FAPSERVICE_CELLCONFIG_NR_RAN_PHY_BWP_BWPDL_PDCCH_COMMONSEARCHSPACELIST_NROFCANDIDATES,LST NROF_CANDIDATES;MOD NROF_CANDIDATES,YES_EXISTING_JSON_PARENT_GROUP,medium,SF,小区服务参数管理（总体）,FAP 载波基本配置,Device.Services.FAPService.{i}.,,,json_seed_and_catalog_existing_group,omcgo/internal/config/parammodel/mmlstandardloader/seeds/cmcc_tdlte_v23.json; omcgo/datamodels/mml-catalog/cmcc-tdlte-v2.3.json,参数 path 位于现有 JSON/seed 分组对象路径之下，可挂到该父分组；需确认是否过宽,物理层参数管理,中国移动5G扩展型皮基站网管南向接口数据模型规范v1.9.4.xlsx,SK,109
Device.Services.FAPService.{i}.CellConfig.{i}.NR.RAN.PHY.BWP.BWPDL.{i}.PDCCH.CommonSearchSpaceList.{i}.nrofCandidates.AggregationLevel16,parameter,READ_WRITE,STRING,SH,RAN协议栈参数,nrofCandidates,Device.Services.FAPService.{i}.CellConfig.{i}.NR.RAN.PHY.BWP.BWPDL.{i}.PDCCH.CommonSearchSpaceList.{i}.nrofCandidates.,DEVICE_SERVICES_FAPSERVICE_CELLCONFIG_NR_RAN_PHY_BWP_BWPDL_PDCCH_COMMONSEARCHSPACELIST_NROFCANDIDATES,LST NROF_CANDIDATES;MOD NROF_CANDIDATES,YES_EXISTING_JSON_PARENT_GROUP,medium,SF,小区服务参数管理（总体）,FAP 载波基本配置,Device.Services.FAPService.{i}.,,,json_seed_and_catalog_existing_group,omcgo/internal/config/parammodel/mmlstandardloader/seeds/cmcc_tdlte_v23.json; omcgo/datamodels/mml-catalog/cmcc-tdlte-v2.3.json,参数 path 位于现有 JSON/seed 分组对象路径之下，可挂到该父分组；需确认是否过宽,物理层参数管理,中国移动5G扩展型皮基站网管南向接口数据模型规范v1.9.4.xlsx,SK,113
Device.Services.FAPService.{i}.CellConfig.{i}.NR.RAN.PHY.BWP.BWPDL.{i}.PDCCH.CommonSearchSpaceList.{i}.nrofCandidates.AggregationLevel2,parameter,READ_WRITE,STRING,SH,RAN协议栈参数,nrofCandidates,Device.Services.FAPService.{i}.CellConfig.{i}.NR.RAN.PHY.BWP.BWPDL.{i}.PDCCH.CommonSearchSpaceList.{i}.nrofCandidates.,DEVICE_SERVICES_FAPSERVICE_CELLCONFIG_NR_RAN_PHY_BWP_BWPDL_PDCCH_COMMONSEARCHSPACELIST_NROFCANDIDATES,LST NROF_CANDIDATES;MOD NROF_CANDIDATES,YES_EXISTING_JSON_PARENT_GROUP,medium,SF,小区服务参数管理（总体）,FAP 载波基本配置,Device.Services.FAPService.{i}.,,,json_seed_and_catalog_existing_group,omcgo/internal/config/parammodel/mmlstandardloader/seeds/cmcc_tdlte_v23.json; omcgo/datamodels/mml-catalog/cmcc-tdlte-v2.3.json,参数 path 位于现有 JSON/seed 分组对象路径之下，可挂到该父分组；需确认是否过宽,物理层参数管理,中国移动5G扩展型皮基站网管南向接口数据模型规范v1.9.4.xlsx,SK,110
Device.Services.FAPService.{i}.CellConfig.{i}.NR.RAN.PHY.BWP.BWPDL.{i}.PDCCH.CommonSearchSpaceList.{i}.nrofCandidates.AggregationLevel4,parameter,READ_WRITE,STRING,SH,RAN协议栈参数,nrofCandidates,Device.Services.FAPService.{i}.CellConfig.{i}.NR.RAN.PHY.BWP.BWPDL.{i}.PDCCH.CommonSearchSpaceList.{i}.nrofCandidates.,DEVICE_SERVICES_FAPSERVICE_CELLCONFIG_NR_RAN_PHY_BWP_BWPDL_PDCCH_COMMONSEARCHSPACELIST_NROFCANDIDATES,LST NROF_CANDIDATES;MOD NROF_CANDIDATES,YES_EXISTING_JSON_PARENT_GROUP,medium,SF,小区服务参数管理（总体）,FAP 载波基本配置,Device.Services.FAPService.{i}.,,,json_seed_and_catalog_existing_group,omcgo/internal/config/parammodel/mmlstandardloader/seeds/cmcc_tdlte_v23.json; omcgo/datamodels/mml-catalog/cmcc-tdlte-v2.3.json,参数 path 位于现有 JSON/seed 分组对象路径之下，可挂到该父分组；需确认是否过宽,物理层参数管理,中国移动5G扩展型皮基站网管南向接口数据模型规范v1.9.4.xlsx,SK,111
Device.Services.FAPService.{i}.CellConfig.{i}.NR.RAN.PHY.BWP.BWPDL.{i}.PDCCH.CommonSearchSpaceList.{i}.nrofCandidates.AggregationLevel8,parameter,READ_WRITE,STRING,SH,RAN协议栈参数,nrofCandidates,Device.Services.FAPService.{i}.CellConfig.{i}.NR.RAN.PHY.BWP.BWPDL.{i}.PDCCH.CommonSearchSpaceList.{i}.nrofCandidates.,DEVICE_SERVICES_FAPSERVICE_CELLCONFIG_NR_RAN_PHY_BWP_BWPDL_PDCCH_COMMONSEARCHSPACELIST_NROFCANDIDATES,LST NROF_CANDIDATES;MOD NROF_CANDIDATES,YES_EXISTING_JSON_PARENT_GROUP,medium,SF,小区服务参数管理（总体）,FAP 载波基本配置,Device.Services.FAPService.{i}.,,,json_seed_and_catalog_existing_group,omcgo/internal/config/parammodel/mmlstandardloader/seeds/cmcc_tdlte_v23.json; omcgo/datamodels/mml-catalog/cmcc-tdlte-v2.3.json,参数 path 位于现有 JSON/seed 分组对象路径之下，可挂到该父分组；需确认是否过宽,物理层参数管理,中国移动5G扩展型皮基站网管南向接口数据模型规范v1.9.4.xlsx,SK,112
Device.Services.FAPService.{i}.CellConfig.{i}.NR.RAN.PHY.TddULDLConfigurationCommon.pattern1.DlULTransmissionPeriodicity,parameter,READ_WRITE,STRING,SH,RAN协议栈参数,pattern1,Device.Services.FAPService.{i}.CellConfig.{i}.NR.RAN.PHY.TddULDLConfigurationCommon.pattern1.,DEVICE_SERVICES_FAPSERVICE_CELLCONFIG_NR_RAN_PHY_TDDULDLCONFIGURATIONCOMMON_PATTERN1,LST PATTERN1;MOD PATTERN1,YES_QUICKSETTINGS_XML_GROUP,high,,,TDD 配置,,gnb-tdd,,quicksettings_xml_exact_standardPath,omcgo/data/quicksettings/BaiBNQ.xml#gnb-tdd:TDD 配置(DlULTransmissionPeriodicity),quicksettings XML 已有同 standardPath 的前端分组,物理层参数管理,中国移动5G扩展型皮基站网管南向接口数据模型规范v1.9.4.xlsx,SK,17
Device.Services.FAPService.{i}.CellConfig.{i}.NR.RAN.PHY.TddULDLConfigurationCommon.pattern1.NrofDownlinkSlots,parameter,READ_WRITE,STRING,SH,RAN协议栈参数,pattern1,Device.Services.FAPService.{i}.CellConfig.{i}.NR.RAN.PHY.TddULDLConfigurationCommon.pattern1.,DEVICE_SERVICES_FAPSERVICE_CELLCONFIG_NR_RAN_PHY_TDDULDLCONFIGURATIONCOMMON_PATTERN1,LST PATTERN1;MOD PATTERN1,YES_QUICKSETTINGS_XML_GROUP,high,,,TDD 配置,,gnb-tdd,,quicksettings_xml_exact_standardPath,omcgo/data/quicksettings/BaiBNQ.xml#gnb-tdd:TDD 配置(NrofDownlinkSlots),quicksettings XML 已有同 standardPath 的前端分组,物理层参数管理,中国移动5G扩展型皮基站网管南向接口数据模型规范v1.9.4.xlsx,SK,18
Device.Services.FAPService.{i}.CellConfig.{i}.NR.RAN.PHY.TddULDLConfigurationCommon.pattern1.NrofDownlinkSymbols,parameter,READ_WRITE,STRING,SH,RAN协议栈参数,pattern1,Device.Services.FAPService.{i}.CellConfig.{i}.NR.RAN.PHY.TddULDLConfigurationCommon.pattern1.,DEVICE_SERVICES_FAPSERVICE_CELLCONFIG_NR_RAN_PHY_TDDULDLCONFIGURATIONCOMMON_PATTERN1,LST PATTERN1;MOD PATTERN1,YES_QUICKSETTINGS_XML_GROUP,high,,,TDD 配置,,gnb-tdd,,quicksettings_xml_exact_standardPath,omcgo/data/quicksettings/BaiBNQ.xml#gnb-tdd:TDD 配置(NrofDownlinkSymbols),quicksettings XML 已有同 standardPath 的前端分组,物理层参数管理,中国移动5G扩展型皮基站网管南向接口数据模型规范v1.9.4.xlsx,SK,19
Device.Services.FAPService.{i}.CellConfig.{i}.NR.RAN.PHY.TddULDLConfigurationCommon.pattern1.NrofUplinkSlots,parameter,READ_WRITE,STRING,SH,RAN协议栈参数,pattern1,Device.Services.FAPService.{i}.CellConfig.{i}.NR.RAN.PHY.TddULDLConfigurationCommon.pattern1.,DEVICE_SERVICES_FAPSERVICE_CELLCONFIG_NR_RAN_PHY_TDDULDLCONFIGURATIONCOMMON_PATTERN1,LST PATTERN1;MOD PATTERN1,YES_QUICKSETTINGS_XML_GROUP,high,,,TDD 配置,,gnb-tdd,,quicksettings_xml_exact_standardPath,omcgo/data/quicksettings/BaiBNQ.xml#gnb-tdd:TDD 配置(NrofUplinkSlots),quicksettings XML 已有同 standardPath 的前端分组,物理层参数管理,中国移动5G扩展型皮基站网管南向接口数据模型规范v1.9.4.xlsx,SK,20
Device.Services.FAPService.{i}.CellConfig.{i}.NR.RAN.PHY.TddULDLConfigurationCommon.pattern1.NrofUplinkSymbols,parameter,READ_WRITE,STRING,SH,RAN协议栈参数,pattern1,Device.Services.FAPService.{i}.CellConfig.{i}.NR.RAN.PHY.TddULDLConfigurationCommon.pattern1.,DEVICE_SERVICES_FAPSERVICE_CELLCONFIG_NR_RAN_PHY_TDDULDLCONFIGURATIONCOMMON_PATTERN1,LST PATTERN1;MOD PATTERN1,YES_QUICKSETTINGS_XML_GROUP,high,,,TDD 配置,,gnb-tdd,,quicksettings_xml_exact_standardPath,omcgo/data/quicksettings/BaiBNQ.xml#gnb-tdd:TDD 配置(NrofUplinkSymbols),quicksettings XML 已有同 standardPath 的前端分组,物理层参数管理,中国移动5G扩展型皮基站网管南向接口数据模型规范v1.9.4.xlsx,SK,21
Device.Services.FAPService.{i}.CellConfig.{i}.NR.RAN.PHY.TddULDLConfigurationCommon.pattern2.DlULTransmissionPeriodicity,parameter,READ_WRITE,STRING,SH,RAN协议栈参数,pattern2,Device.Services.FAPService.{i}.CellConfig.{i}.NR.RAN.PHY.TddULDLConfigurationCommon.pattern2.,DEVICE_SERVICES_FAPSERVICE_CELLCONFIG_NR_RAN_PHY_TDDULDLCONFIGURATIONCOMMON_PATTERN2,LST PATTERN2;MOD PATTERN2,YES_QUICKSETTINGS_XML_GROUP,high,,,TDD 配置,,gnb-tdd,,quicksettings_xml_exact_standardPath,omcgo/data/quicksettings/BaiBNQ.xml#gnb-tdd:TDD 配置(Pat2DlULTransmissionPeriodicity),quicksettings XML 已有同 standardPath 的前端分组,物理层参数管理,中国移动5G扩展型皮基站网管南向接口数据模型规范v1.9.4.xlsx,SK,22
Device.Services.FAPService.{i}.CellConfig.{i}.NR.RAN.PHY.TddULDLConfigurationCommon.pattern2.NrofDownlinkSlots,parameter,READ_WRITE,STRING,SH,RAN协议栈参数,pattern2,Device.Services.FAPService.{i}.CellConfig.{i}.NR.RAN.PHY.TddULDLConfigurationCommon.pattern2.,DEVICE_SERVICES_FAPSERVICE_CELLCONFIG_NR_RAN_PHY_TDDULDLCONFIGURATIONCOMMON_PATTERN2,LST PATTERN2;MOD PATTERN2,YES_QUICKSETTINGS_XML_GROUP,high,,,TDD 配置,,gnb-tdd,,quicksettings_xml_exact_standardPath,omcgo/data/quicksettings/BaiBNQ.xml#gnb-tdd:TDD 配置(Pat2NrofDownlinkSlots),quicksettings XML 已有同 standardPath 的前端分组,物理层参数管理,中国移动5G扩展型皮基站网管南向接口数据模型规范v1.9.4.xlsx,SK,23
Device.Services.FAPService.{i}.CellConfig.{i}.NR.RAN.PHY.TddULDLConfigurationCommon.pattern2.NrofDownlinkSymbols,parameter,READ_WRITE,STRING,SH,RAN协议栈参数,pattern2,Device.Services.FAPService.{i}.CellConfig.{i}.NR.RAN.PHY.TddULDLConfigurationCommon.pattern2.,DEVICE_SERVICES_FAPSERVICE_CELLCONFIG_NR_RAN_PHY_TDDULDLCONFIGURATIONCOMMON_PATTERN2,LST PATTERN2;MOD PATTERN2,YES_QUICKSETTINGS_XML_GROUP,high,,,TDD 配置,,gnb-tdd,,quicksettings_xml_exact_standardPath,omcgo/data/quicksettings/BaiBNQ.xml#gnb-tdd:TDD 配置(Pat2NrofDownlinkSymbols),quicksettings XML 已有同 standardPath 的前端分组,物理层参数管理,中国移动5G扩展型皮基站网管南向接口数据模型规范v1.9.4.xlsx,SK,24
Device.Services.FAPService.{i}.CellConfig.{i}.NR.RAN.PHY.TddULDLConfigurationCommon.pattern2.NrofUplinkSlots,parameter,READ_WRITE,STRING,SH,RAN协议栈参数,pattern2,Device.Services.FAPService.{i}.CellConfig.{i}.NR.RAN.PHY.TddULDLConfigurationCommon.pattern2.,DEVICE_SERVICES_FAPSERVICE_CELLCONFIG_NR_RAN_PHY_TDDULDLCONFIGURATIONCOMMON_PATTERN2,LST PATTERN2;MOD PATTERN2,YES_QUICKSETTINGS_XML_GROUP,high,,,TDD 配置,,gnb-tdd,,quicksettings_xml_exact_standardPath,omcgo/data/quicksettings/BaiBNQ.xml#gnb-tdd:TDD 配置(Pat2NrofUplinkSlots),quicksettings XML 已有同 standardPath 的前端分组,物理层参数管理,中国移动5G扩展型皮基站网管南向接口数据模型规范v1.9.4.xlsx,SK,25
Device.Services.FAPService.{i}.CellConfig.{i}.NR.RAN.PHY.TddULDLConfigurationCommon.pattern2.NrofUplinkSymbols,parameter,READ_WRITE,STRING,SH,RAN协议栈参数,pattern2,Device.Services.FAPService.{i}.CellConfig.{i}.NR.RAN.PHY.TddULDLConfigurationCommon.pattern2.,DEVICE_SERVICES_FAPSERVICE_CELLCONFIG_NR_RAN_PHY_TDDULDLCONFIGURATIONCOMMON_PATTERN2,LST PATTERN2;MOD PATTERN2,YES_QUICKSETTINGS_XML_GROUP,high,,,TDD 配置,,gnb-tdd,,quicksettings_xml_exact_standardPath,omcgo/data/quicksettings/BaiBNQ.xml#gnb-tdd:TDD 配置(Pat2NrofUplinkSymbols),quicksettings XML 已有同 standardPath 的前端分组,物理层参数管理,中国移动5G扩展型皮基站网管南向接口数据模型规范v1.9.4.xlsx,SK,26
Device.Services.FAPService.{i}.CellConfig.{i}.NR.RAN.PHY.BWP.BWPDL.{i}.Bandwidth,parameter,READ_WRITE,STRING,SH,RAN协议栈参数,{i},Device.Services.FAPService.{i}.CellConfig.{i}.NR.RAN.PHY.BWP.BWPDL.{i}.,DEVICE_SERVICES_FAPSERVICE_CELLCONFIG_NR_RAN_PHY_BWP_BWPDL,LST BWPDL;MOD BWPDL,YES_EXISTING_JSON_PARENT_GROUP,medium,SF,小区服务参数管理（总体）,FAP 载波基本配置,Device.Services.FAPService.{i}.,,,json_seed_and_catalog_existing_group,omcgo/internal/config/parammodel/mmlstandardloader/seeds/cmcc_tdlte_v23.json; omcgo/datamodels/mml-catalog/cmcc-tdlte-v2.3.json,参数 path 位于现有 JSON/seed 分组对象路径之下，可挂到该父分组；需确认是否过宽,物理层参数管理,中国移动5G扩展型皮基站网管南向接口数据模型规范v1.9.4.xlsx,SK,31
Device.Services.FAPService.{i}.CellConfig.{i}.NR.RAN.PHY.BWP.BWPDL.{i}.CyclicPrefix,parameter,READ_WRITE,STRING,SH,RAN协议栈参数,{i},Device.Services.FAPService.{i}.CellConfig.{i}.NR.RAN.PHY.BWP.BWPDL.{i}.,DEVICE_SERVICES_FAPSERVICE_CELLCONFIG_NR_RAN_PHY_BWP_BWPDL,LST BWPDL;MOD BWPDL,YES_EXISTING_JSON_PARENT_GROUP,medium,SF,小区服务参数管理（总体）,FAP 载波基本配置,Device.Services.FAPService.{i}.,,,json_seed_and_catalog_existing_group,omcgo/internal/config/parammodel/mmlstandardloader/seeds/cmcc_tdlte_v23.json; omcgo/datamodels/mml-catalog/cmcc-tdlte-v2.3.json,参数 path 位于现有 JSON/seed 分组对象路径之下，可挂到该父分组；需确认是否过宽,物理层参数管理,中国移动5G扩展型皮基站网管南向接口数据模型规范v1.9.4.xlsx,SK,33
Device.Services.FAPService.{i}.CellConfig.{i}.NR.RAN.PHY.BWP.BWPDL.{i}.DlBWPId,parameter,READ_WRITE,STRING,SH,RAN协议栈参数,{i},Device.Services.FAPService.{i}.CellConfig.{i}.NR.RAN.PHY.BWP.BWPDL.{i}.,DEVICE_SERVICES_FAPSERVICE_CELLCONFIG_NR_RAN_PHY_BWP_BWPDL,LST BWPDL;MOD BWPDL,YES_EXISTING_JSON_PARENT_GROUP,medium,SF,小区服务参数管理（总体）,FAP 载波基本配置,Device.Services.FAPService.{i}.,,,json_seed_and_catalog_existing_group,omcgo/internal/config/parammodel/mmlstandardloader/seeds/cmcc_tdlte_v23.json; omcgo/datamodels/mml-catalog/cmcc-tdlte-v2.3.json,参数 path 位于现有 JSON/seed 分组对象路径之下，可挂到该父分组；需确认是否过宽,物理层参数管理,中国移动5G扩展型皮基站网管南向接口数据模型规范v1.9.4.xlsx,SK,28
Device.Services.FAPService.{i}.CellConfig.{i}.NR.RAN.PHY.BWP.BWPDL.{i}.InitDlMcs,parameter,READ_WRITE,STRING,SH,RAN协议栈参数,{i},Device.Services.FAPService.{i}.CellConfig.{i}.NR.RAN.PHY.BWP.BWPDL.{i}.,DEVICE_SERVICES_FAPSERVICE_CELLCONFIG_NR_RAN_PHY_BWP_BWPDL,LST BWPDL;MOD BWPDL,YES_EXISTING_JSON_PARENT_GROUP,medium,SF,小区服务参数管理（总体）,FAP 载波基本配置,Device.Services.FAPService.{i}.,,,json_seed_and_catalog_existing_group,omcgo/internal/config/parammodel/mmlstandardloader/seeds/cmcc_tdlte_v23.json; omcgo/datamodels/mml-catalog/cmcc-tdlte-v2.3.json,参数 path 位于现有 JSON/seed 分组对象路径之下，可挂到该父分组；需确认是否过宽,,,,
Device.Services.FAPService.{i}.CellConfig.{i}.NR.RAN.PHY.BWP.BWPDL.{i}.MaxDlUeToBeScheduledInSlot,parameter,READ_WRITE,STRING,SH,RAN协议栈参数,{i},Device.Services.FAPService.{i}.CellConfig.{i}.NR.RAN.PHY.BWP.BWPDL.{i}.,DEVICE_SERVICES_FAPSERVICE_CELLCONFIG_NR_RAN_PHY_BWP_BWPDL,LST BWPDL;MOD BWPDL,YES_EXISTING_JSON_PARENT_GROUP,medium,SF,小区服务参数管理（总体）,FAP 载波基本配置,Device.Services.FAPService.{i}.,,,json_seed_and_catalog_existing_group,omcgo/internal/config/parammodel/mmlstandardloader/seeds/cmcc_tdlte_v23.json; omcgo/datamodels/mml-catalog/cmcc-tdlte-v2.3.json,参数 path 位于现有 JSON/seed 分组对象路径之下，可挂到该父分组；需确认是否过宽,,,,
Device.Services.FAPService.{i}.CellConfig.{i}.NR.RAN.PHY.BWP.BWPDL.{i}.PDCCH.CommonSearchSpaceList.{i}.ControlResourceSetId,parameter,READ_WRITE,STRING,SH,RAN协议栈参数,{i},Device.Services.FAPService.{i}.CellConfig.{i}.NR.RAN.PHY.BWP.BWPDL.{i}.PDCCH.CommonSearchSpaceList.{i}.,DEVICE_SERVICES_FAPSERVICE_CELLCONFIG_NR_RAN_PHY_BWP_BWPDL_PDCCH_COMMONSEARCHSPACELIST,LST COMMON_SEARCH_SPACE_LIST;MOD COMMON_SEARCH_SPACE_LIST,YES_EXISTING_JSON_PARENT_GROUP,medium,SF,小区服务参数管理（总体）,FAP 载波基本配置,Device.Services.FAPService.{i}.,,,json_seed_and_catalog_existing_group,omcgo/internal/config/parammodel/mmlstandardloader/seeds/cmcc_tdlte_v23.json; omcgo/datamodels/mml-catalog/cmcc-tdlte-v2.3.json,参数 path 位于现有 JSON/seed 分组对象路径之下，可挂到该父分组；需确认是否过宽,物理层参数管理,中国移动5G扩展型皮基站网管南向接口数据模型规范v1.9.4.xlsx,SK,104
Device.Services.FAPService.{i}.CellConfig.{i}.NR.RAN.PHY.BWP.BWPDL.{i}.PDCCH.CommonSearchSpaceList.{i}.DciFormat00And10En,parameter,READ_WRITE,STRING,SH,RAN协议栈参数,{i},Device.Services.FAPService.{i}.CellConfig.{i}.NR.RAN.PHY.BWP.BWPDL.{i}.PDCCH.CommonSearchSpaceList.{i}.,DEVICE_SERVICES_FAPSERVICE_CELLCONFIG_NR_RAN_PHY_BWP_BWPDL_PDCCH_COMMONSEARCHSPACELIST,LST COMMON_SEARCH_SPACE_LIST;MOD COMMON_SEARCH_SPACE_LIST,YES_EXISTING_JSON_PARENT_GROUP,medium,SF,小区服务参数管理（总体）,FAP 载波基本配置,Device.Services.FAPService.{i}.,,,json_seed_and_catalog_existing_group,omcgo/internal/config/parammodel/mmlstandardloader/seeds/cmcc_tdlte_v23.json; omcgo/datamodels/mml-catalog/cmcc-tdlte-v2.3.json,参数 path 位于现有 JSON/seed 分组对象路径之下，可挂到该父分组；需确认是否过宽,物理层参数管理,中国移动5G扩展型皮基站网管南向接口数据模型规范v1.9.4.xlsx,SK,115
Device.Services.FAPService.{i}.CellConfig.{i}.NR.RAN.PHY.BWP.BWPDL.{i}.PDCCH.CommonSearchSpaceList.{i}.Duration,parameter,READ_WRITE,STRING,SH,RAN协议栈参数,{i},Device.Services.FAPService.{i}.CellConfig.{i}.NR.RAN.PHY.BWP.BWPDL.{i}.PDCCH.CommonSearchSpaceList.{i}.,DEVICE_SERVICES_FAPSERVICE_CELLCONFIG_NR_RAN_PHY_BWP_BWPDL_PDCCH_COMMONSEARCHSPACELIST,LST COMMON_SEARCH_SPACE_LIST;MOD COMMON_SEARCH_SPACE_LIST,YES_EXISTING_JSON_PARENT_GROUP,medium,SF,小区服务参数管理（总体）,FAP 载波基本配置,Device.Services.FAPService.{i}.,,,json_seed_and_catalog_existing_group,omcgo/internal/config/parammodel/mmlstandardloader/seeds/cmcc_tdlte_v23.json; omcgo/datamodels/mml-catalog/cmcc-tdlte-v2.3.json,参数 path 位于现有 JSON/seed 分组对象路径之下，可挂到该父分组；需确认是否过宽,物理层参数管理,中国移动5G扩展型皮基站网管南向接口数据模型规范v1.9.4.xlsx,SK,107
Device.Services.FAPService.{i}.CellConfig.{i}.NR.RAN.PHY.BWP.BWPDL.{i}.PDCCH.CommonSearchSpaceList.{i}.MonitoringSlotOffset,parameter,READ_WRITE,STRING,SH,RAN协议栈参数,{i},Device.Services.FAPService.{i}.CellConfig.{i}.NR.RAN.PHY.BWP.BWPDL.{i}.PDCCH.CommonSearchSpaceList.{i}.,DEVICE_SERVICES_FAPSERVICE_CELLCONFIG_NR_RAN_PHY_BWP_BWPDL_PDCCH_COMMONSEARCHSPACELIST,LST COMMON_SEARCH_SPACE_LIST;MOD COMMON_SEARCH_SPACE_LIST,YES_EXISTING_JSON_PARENT_GROUP,medium,SF,小区服务参数管理（总体）,FAP 载波基本配置,Device.Services.FAPService.{i}.,,,json_seed_and_catalog_existing_group,omcgo/internal/config/parammodel/mmlstandardloader/seeds/cmcc_tdlte_v23.json; omcgo/datamodels/mml-catalog/cmcc-tdlte-v2.3.json,参数 path 位于现有 JSON/seed 分组对象路径之下，可挂到该父分组；需确认是否过宽,物理层参数管理,中国移动5G扩展型皮基站网管南向接口数据模型规范v1.9.4.xlsx,SK,106
Device.Services.FAPService.{i}.CellConfig.{i}.NR.RAN.PHY.BWP.BWPDL.{i}.PDCCH.CommonSearchSpaceList.{i}.MonitoringSlotPeriodicity,parameter,READ_WRITE,STRING,SH,RAN协议栈参数,{i},Device.Services.FAPService.{i}.CellConfig.{i}.NR.RAN.PHY.BWP.BWPDL.{i}.PDCCH.CommonSearchSpaceList.{i}.,DEVICE_SERVICES_FAPSERVICE_CELLCONFIG_NR_RAN_PHY_BWP_BWPDL_PDCCH_COMMONSEARCHSPACELIST,LST COMMON_SEARCH_SPACE_LIST;MOD COMMON_SEARCH_SPACE_LIST,YES_EXISTING_JSON_PARENT_GROUP,medium,SF,小区服务参数管理（总体）,FAP 载波基本配置,Device.Services.FAPService.{i}.,,,json_seed_and_catalog_existing_group,omcgo/internal/config/parammodel/mmlstandardloader/seeds/cmcc_tdlte_v23.json; omcgo/datamodels/mml-catalog/cmcc-tdlte-v2.3.json,参数 path 位于现有 JSON/seed 分组对象路径之下，可挂到该父分组；需确认是否过宽,物理层参数管理,中国移动5G扩展型皮基站网管南向接口数据模型规范v1.9.4.xlsx,SK,105
Device.Services.FAPService.{i}.CellConfig.{i}.NR.RAN.PHY.BWP.BWPDL.{i}.PDCCH.CommonSearchSpaceList.{i}.MonitoringSymbolsWithinSlot,parameter,READ_WRITE,STRING,SH,RAN协议栈参数,{i},Device.Services.FAPService.{i}.CellConfig.{i}.NR.RAN.PHY.BWP.BWPDL.{i}.PDCCH.CommonSearchSpaceList.{i}.,DEVICE_SERVICES_FAPSERVICE_CELLCONFIG_NR_RAN_PHY_BWP_BWPDL_PDCCH_COMMONSEARCHSPACELIST,LST COMMON_SEARCH_SPACE_LIST;MOD COMMON_SEARCH_SPACE_LIST,YES_EXISTING_JSON_PARENT_GROUP,medium,SF,小区服务参数管理（总体）,FAP 载波基本配置,Device.Services.FAPService.{i}.,,,json_seed_and_catalog_existing_group,omcgo/internal/config/parammodel/mmlstandardloader/seeds/cmcc_tdlte_v23.json; omcgo/datamodels/mml-catalog/cmcc-tdlte-v2.3.json,参数 path 位于现有 JSON/seed 分组对象路径之下，可挂到该父分组；需确认是否过宽,物理层参数管理,中国移动5G扩展型皮基站网管南向接口数据模型规范v1.9.4.xlsx,SK,108
Device.Services.FAPService.{i}.CellConfig.{i}.NR.RAN.PHY.BWP.BWPDL.{i}.PDCCH.CommonSearchSpaceList.{i}.SearchSpaceId,parameter,READ_WRITE,STRING,SH,RAN协议栈参数,{i},Device.Services.FAPService.{i}.CellConfig.{i}.NR.RAN.PHY.BWP.BWPDL.{i}.PDCCH.CommonSearchSpaceList.{i}.,DEVICE_SERVICES_FAPSERVICE_CELLCONFIG_NR_RAN_PHY_BWP_BWPDL_PDCCH_COMMONSEARCHSPACELIST,LST COMMON_SEARCH_SPACE_LIST;MOD COMMON_SEARCH_SPACE_LIST,YES_EXISTING_JSON_PARENT_GROUP,medium,SF,小区服务参数管理（总体）,FAP 载波基本配置,Device.Services.FAPService.{i}.,,,json_seed_and_catalog_existing_group,omcgo/internal/config/parammodel/mmlstandardloader/seeds/cmcc_tdlte_v23.json; omcgo/datamodels/mml-catalog/cmcc-tdlte-v2.3.json,参数 path 位于现有 JSON/seed 分组对象路径之下，可挂到该父分组；需确认是否过宽,物理层参数管理,中国移动5G扩展型皮基站网管南向接口数据模型规范v1.9.4.xlsx,SK,103
Device.Services.FAPService.{i}.CellConfig.{i}.NR.RAN.PHY.BWP.BWPDL.{i}.PDCCH.CommonSearchSpaceList.{i}.SearchSpaceType,parameter,READ_WRITE,STRING,SH,RAN协议栈参数,{i},Device.Services.FAPService.{i}.CellConfig.{i}.NR.RAN.PHY.BWP.BWPDL.{i}.PDCCH.CommonSearchSpaceList.{i}.,DEVICE_SERVICES_FAPSERVICE_CELLCONFIG_NR_RAN_PHY_BWP_BWPDL_PDCCH_COMMONSEARCHSPACELIST,LST COMMON_SEARCH_SPACE_LIST;MOD COMMON_SEARCH_SPACE_LIST,YES_EXISTING_JSON_PARENT_GROUP,medium,SF,小区服务参数管理（总体）,FAP 载波基本配置,Device.Services.FAPService.{i}.,,,json_seed_and_catalog_existing_group,omcgo/internal/config/parammodel/mmlstandardloader/seeds/cmcc_tdlte_v23.json; omcgo/datamodels/mml-catalog/cmcc-tdlte-v2.3.json,参数 path 位于现有 JSON/seed 分组对象路径之下，可挂到该父分组；需确认是否过宽,物理层参数管理,中国移动5G扩展型皮基站网管南向接口数据模型规范v1.9.4.xlsx,SK,114
Device.Services.FAPService.{i}.CellConfig.{i}.NR.RAN.PHY.BWP.BWPDL.{i}.PDCCH.DedicatedCtlResourceSet.{i}.DedicateCceRegInterleaverSize,parameter,READ_WRITE,STRING,SH,RAN协议栈参数,{i},Device.Services.FAPService.{i}.CellConfig.{i}.NR.RAN.PHY.BWP.BWPDL.{i}.PDCCH.DedicatedCtlResourceSet.{i}.,DEVICE_SERVICES_FAPSERVICE_CELLCONFIG_NR_RAN_PHY_BWP_BWPDL_PDCCH_DEDICATEDCTLRESOURCESET,LST DEDICATED_CTL_RESOURCE_SET;MOD DEDICATED_CTL_RESOURCE_SET,YES_EXISTING_JSON_PARENT_GROUP,medium,SF,小区服务参数管理（总体）,FAP 载波基本配置,Device.Services.FAPService.{i}.,,,json_seed_and_catalog_existing_group,omcgo/internal/config/parammodel/mmlstandardloader/seeds/cmcc_tdlte_v23.json; omcgo/datamodels/mml-catalog/cmcc-tdlte-v2.3.json,参数 path 位于现有 JSON/seed 分组对象路径之下，可挂到该父分组；需确认是否过宽,,,,
Device.Services.FAPService.{i}.CellConfig.{i}.NR.RAN.PHY.BWP.BWPDL.{i}.PDCCH.DedicatedCtlResourceSet.{i}.DedicateCceRegMappingType,parameter,READ_WRITE,STRING,SH,RAN协议栈参数,{i},Device.Services.FAPService.{i}.CellConfig.{i}.NR.RAN.PHY.BWP.BWPDL.{i}.PDCCH.DedicatedCtlResourceSet.{i}.,DEVICE_SERVICES_FAPSERVICE_CELLCONFIG_NR_RAN_PHY_BWP_BWPDL_PDCCH_DEDICATEDCTLRESOURCESET,LST DEDICATED_CTL_RESOURCE_SET;MOD DEDICATED_CTL_RESOURCE_SET,YES_EXISTING_JSON_PARENT_GROUP,medium,SF,小区服务参数管理（总体）,FAP 载波基本配置,Device.Services.FAPService.{i}.,,,json_seed_and_catalog_existing_group,omcgo/internal/config/parammodel/mmlstandardloader/seeds/cmcc_tdlte_v23.json; omcgo/datamodels/mml-catalog/cmcc-tdlte-v2.3.json,参数 path 位于现有 JSON/seed 分组对象路径之下，可挂到该父分组；需确认是否过宽,,,,
Device.Services.FAPService.{i}.CellConfig.{i}.NR.RAN.PHY.BWP.BWPDL.{i}.PDCCH.DedicatedCtlResourceSet.{i}.DedicateCceRegShiftIndex,parameter,READ_WRITE,STRING,SH,RAN协议栈参数,{i},Device.Services.FAPService.{i}.CellConfig.{i}.NR.RAN.PHY.BWP.BWPDL.{i}.PDCCH.DedicatedCtlResourceSet.{i}.,DEVICE_SERVICES_FAPSERVICE_CELLCONFIG_NR_RAN_PHY_BWP_BWPDL_PDCCH_DEDICATEDCTLRESOURCESET,LST DEDICATED_CTL_RESOURCE_SET;MOD DEDICATED_CTL_RESOURCE_SET,YES_EXISTING_JSON_PARENT_GROUP,medium,SF,小区服务参数管理（总体）,FAP 载波基本配置,Device.Services.FAPService.{i}.,,,json_seed_and_catalog_existing_group,omcgo/internal/config/parammodel/mmlstandardloader/seeds/cmcc_tdlte_v23.json; omcgo/datamodels/mml-catalog/cmcc-tdlte-v2.3.json,参数 path 位于现有 JSON/seed 分组对象路径之下，可挂到该父分组；需确认是否过宽,,,,
Device.Services.FAPService.{i}.CellConfig.{i}.NR.RAN.PHY.BWP.BWPDL.{i}.PDCCH.DedicatedCtlResourceSet.{i}.DedicateCceRegbundleType,parameter,READ_WRITE,STRING,SH,RAN协议栈参数,{i},Device.Services.FAPService.{i}.CellConfig.{i}.NR.RAN.PHY.BWP.BWPDL.{i}.PDCCH.DedicatedCtlResourceSet.{i}.,DEVICE_SERVICES_FAPSERVICE_CELLCONFIG_NR_RAN_PHY_BWP_BWPDL_PDCCH_DEDICATEDCTLRESOURCESET,LST DEDICATED_CTL_RESOURCE_SET;MOD DEDICATED_CTL_RESOURCE_SET,YES_EXISTING_JSON_PARENT_GROUP,medium,SF,小区服务参数管理（总体）,FAP 载波基本配置,Device.Services.FAPService.{i}.,,,json_seed_and_catalog_existing_group,omcgo/internal/config/parammodel/mmlstandardloader/seeds/cmcc_tdlte_v23.json; omcgo/datamodels/mml-catalog/cmcc-tdlte-v2.3.json,参数 path 位于现有 JSON/seed 分组对象路径之下，可挂到该父分组；需确认是否过宽,,,,
Device.Services.FAPService.{i}.CellConfig.{i}.NR.RAN.PHY.BWP.BWPDL.{i}.PDCCH.DedicatedCtlResourceSet.{i}.DedicateDuration,parameter,READ_WRITE,STRING,SH,RAN协议栈参数,{i},Device.Services.FAPService.{i}.CellConfig.{i}.NR.RAN.PHY.BWP.BWPDL.{i}.PDCCH.DedicatedCtlResourceSet.{i}.,DEVICE_SERVICES_FAPSERVICE_CELLCONFIG_NR_RAN_PHY_BWP_BWPDL_PDCCH_DEDICATEDCTLRESOURCESET,LST DEDICATED_CTL_RESOURCE_SET;MOD DEDICATED_CTL_RESOURCE_SET,YES_EXISTING_JSON_PARENT_GROUP,medium,SF,小区服务参数管理（总体）,FAP 载波基本配置,Device.Services.FAPService.{i}.,,,json_seed_and_catalog_existing_group,omcgo/internal/config/parammodel/mmlstandardloader/seeds/cmcc_tdlte_v23.json; omcgo/datamodels/mml-catalog/cmcc-tdlte-v2.3.json,参数 path 位于现有 JSON/seed 分组对象路径之下，可挂到该父分组；需确认是否过宽,,,,
Device.Services.FAPService.{i}.CellConfig.{i}.NR.RAN.PHY.BWP.BWPDL.{i}.PDCCH.DedicatedCtlResourceSet.{i}.DedicateFrequencyDomainResources,parameter,READ_WRITE,STRING,SH,RAN协议栈参数,{i},Device.Services.FAPService.{i}.CellConfig.{i}.NR.RAN.PHY.BWP.BWPDL.{i}.PDCCH.DedicatedCtlResourceSet.{i}.,DEVICE_SERVICES_FAPSERVICE_CELLCONFIG_NR_RAN_PHY_BWP_BWPDL_PDCCH_DEDICATEDCTLRESOURCESET,LST DEDICATED_CTL_RESOURCE_SET;MOD DEDICATED_CTL_RESOURCE_SET,YES_EXISTING_JSON_PARENT_GROUP,medium,SF,小区服务参数管理（总体）,FAP 载波基本配置,Device.Services.FAPService.{i}.,,,json_seed_and_catalog_existing_group,omcgo/internal/config/parammodel/mmlstandardloader/seeds/cmcc_tdlte_v23.json; omcgo/datamodels/mml-catalog/cmcc-tdlte-v2.3.json,参数 path 位于现有 JSON/seed 分组对象路径之下，可挂到该父分组；需确认是否过宽,,,,
Device.Services.FAPService.{i}.CellConfig.{i}.NR.RAN.PHY.BWP.BWPDL.{i}.PDCCH.DedicatedCtlResourceSet.{i}.DedicatePrecoderGranularity,parameter,READ_WRITE,STRING,SH,RAN协议栈参数,{i},Device.Services.FAPService.{i}.CellConfig.{i}.NR.RAN.PHY.BWP.BWPDL.{i}.PDCCH.DedicatedCtlResourceSet.{i}.,DEVICE_SERVICES_FAPSERVICE_CELLCONFIG_NR_RAN_PHY_BWP_BWPDL_PDCCH_DEDICATEDCTLRESOURCESET,LST DEDICATED_CTL_RESOURCE_SET;MOD DEDICATED_CTL_RESOURCE_SET,YES_EXISTING_JSON_PARENT_GROUP,medium,SF,小区服务参数管理（总体）,FAP 载波基本配置,Device.Services.FAPService.{i}.,,,json_seed_and_catalog_existing_group,omcgo/internal/config/parammodel/mmlstandardloader/seeds/cmcc_tdlte_v23.json; omcgo/datamodels/mml-catalog/cmcc-tdlte-v2.3.json,参数 path 位于现有 JSON/seed 分组对象路径之下，可挂到该父分组；需确认是否过宽,,,,
Device.Services.FAPService.{i}.CellConfig.{i}.NR.RAN.PHY.BWP.BWPDL.{i}.PDCCH.DedicatedCtlResourceSet.{i}.DedicatedResourceSetId,parameter,READ_WRITE,STRING,SH,RAN协议栈参数,{i},Device.Services.FAPService.{i}.CellConfig.{i}.NR.RAN.PHY.BWP.BWPDL.{i}.PDCCH.DedicatedCtlResourceSet.{i}.,DEVICE_SERVICES_FAPSERVICE_CELLCONFIG_NR_RAN_PHY_BWP_BWPDL_PDCCH_DEDICATEDCTLRESOURCESET,LST DEDICATED_CTL_RESOURCE_SET;MOD DEDICATED_CTL_RESOURCE_SET,YES_EXISTING_JSON_PARENT_GROUP,medium,SF,小区服务参数管理（总体）,FAP 载波基本配置,Device.Services.FAPService.{i}.,,,json_seed_and_catalog_existing_group,omcgo/internal/config/parammodel/mmlstandardloader/seeds/cmcc_tdlte_v23.json; omcgo/datamodels/mml-catalog/cmcc-tdlte-v2.3.json,参数 path 位于现有 JSON/seed 分组对象路径之下，可挂到该父分组；需确认是否过宽,,,,
Device.Services.FAPService.{i}.CellConfig.{i}.NR.RAN.PHY.BWP.BWPDL.{i}.PDSCH.PDSCHDedicatedTimeDomainResourceAllocationList.{i}.StartSymbolAndLength,parameter,READ_WRITE,STRING,SH,RAN协议栈参数,{i},Device.Services.FAPService.{i}.CellConfig.{i}.NR.RAN.PHY.BWP.BWPDL.{i}.PDSCH.PDSCHDedicatedTimeDomainResourceAllocationList.{i}.,DEVICE_SERVICES_FAPSERVICE_CELLCONFIG_NR_RAN_PHY_BWP_BWPDL_PDSCH_PDSCHDEDICATEDTIMEDOMAINRESOURCEALLOCATIONLIST,LST PDSCHDEDICATED_TIME_DOMAIN_RESOURCE_ALLOCATION_LIST;MOD PDSCHDEDICATED_TIME_DOMAIN_RESOURCE_ALLOCATION_LIST,YES_EXISTING_JSON_PARENT_GROUP,medium,SF,小区服务参数管理（总体）,FAP 载波基本配置,Device.Services.FAPService.{i}.,,,json_seed_and_catalog_existing_group,omcgo/internal/config/parammodel/mmlstandardloader/seeds/cmcc_tdlte_v23.json; omcgo/datamodels/mml-catalog/cmcc-tdlte-v2.3.json,参数 path 位于现有 JSON/seed 分组对象路径之下，可挂到该父分组；需确认是否过宽,,,,
Device.Services.FAPService.{i}.CellConfig.{i}.NR.RAN.PHY.BWP.BWPDL.{i}.PDSCH.PDSCHTimeDomainResourceAllocationList.{i}.StartSymbolAndLength,parameter,READ_WRITE,STRING,SH,RAN协议栈参数,{i},Device.Services.FAPService.{i}.CellConfig.{i}.NR.RAN.PHY.BWP.BWPDL.{i}.PDSCH.PDSCHTimeDomainResourceAllocationList.{i}.,DEVICE_SERVICES_FAPSERVICE_CELLCONFIG_NR_RAN_PHY_BWP_BWPDL_PDSCH_PDSCHTIMEDOMAINRESOURCEALLOCATIONLIST,LST PDSCHTIME_DOMAIN_RESOURCE_ALLOCATION_LIST;MOD PDSCHTIME_DOMAIN_RESOURCE_ALLOCATION_LIST,YES_EXISTING_JSON_PARENT_GROUP,medium,SF,小区服务参数管理（总体）,FAP 载波基本配置,Device.Services.FAPService.{i}.,,,json_seed_and_catalog_existing_group,omcgo/internal/config/parammodel/mmlstandardloader/seeds/cmcc_tdlte_v23.json; omcgo/datamodels/mml-catalog/cmcc-tdlte-v2.3.json,参数 path 位于现有 JSON/seed 分组对象路径之下，可挂到该父分组；需确认是否过宽,物理层参数管理,中国移动5G扩展型皮基站网管南向接口数据模型规范v1.9.4.xlsx,SK,119
Device.Services.FAPService.{i}.CellConfig.{i}.NR.RAN.PHY.BWP.BWPDL.{i}.PMaxULPower,parameter,READ_WRITE,STRING,SH,RAN协议栈参数,{i},Device.Services.FAPService.{i}.CellConfig.{i}.NR.RAN.PHY.BWP.BWPDL.{i}.,DEVICE_SERVICES_FAPSERVICE_CELLCONFIG_NR_RAN_PHY_BWP_BWPDL,LST BWPDL;MOD BWPDL,YES_EXISTING_JSON_PARENT_GROUP,medium,SF,小区服务参数管理（总体）,FAP 载波基本配置,Device.Services.FAPService.{i}.,,,json_seed_and_catalog_existing_group,omcgo/internal/config/parammodel/mmlstandardloader/seeds/cmcc_tdlte_v23.json; omcgo/datamodels/mml-catalog/cmcc-tdlte-v2.3.json,参数 path 位于现有 JSON/seed 分组对象路径之下，可挂到该父分组；需确认是否过宽,,,,
Device.Services.FAPService.{i}.CellConfig.{i}.NR.RAN.PHY.BWP.BWPDL.{i}.StartPrbPosition,parameter,READ_WRITE,STRING,SH,RAN协议栈参数,{i},Device.Services.FAPService.{i}.CellConfig.{i}.NR.RAN.PHY.BWP.BWPDL.{i}.,DEVICE_SERVICES_FAPSERVICE_CELLCONFIG_NR_RAN_PHY_BWP_BWPDL,LST BWPDL;MOD BWPDL,YES_EXISTING_JSON_PARENT_GROUP,medium,SF,小区服务参数管理（总体）,FAP 载波基本配置,Device.Services.FAPService.{i}.,,,json_seed_and_catalog_existing_group,omcgo/internal/config/parammodel/mmlstandardloader/seeds/cmcc_tdlte_v23.json; omcgo/datamodels/mml-catalog/cmcc-tdlte-v2.3.json,参数 path 位于现有 JSON/seed 分组对象路径之下，可挂到该父分组；需确认是否过宽,物理层参数管理,中国移动5G扩展型皮基站网管南向接口数据模型规范v1.9.4.xlsx,SK,30
Device.Services.FAPService.{i}.CellConfig.{i}.NR.RAN.PHY.BWP.BWPDL.{i}.SubcarrierSpacing,parameter,READ_WRITE,STRING,SH,RAN协议栈参数,{i},Device.Services.FAPService.{i}.CellConfig.{i}.NR.RAN.PHY.BWP.BWPDL.{i}.,DEVICE_SERVICES_FAPSERVICE_CELLCONFIG_NR_RAN_PHY_BWP_BWPDL,LST BWPDL;MOD BWPDL,YES_EXISTING_JSON_PARENT_GROUP,medium,SF,小区服务参数管理（总体）,FAP 载波基本配置,Device.Services.FAPService.{i}.,,,json_seed_and_catalog_existing_group,omcgo/internal/config/parammodel/mmlstandardloader/seeds/cmcc_tdlte_v23.json; omcgo/datamodels/mml-catalog/cmcc-tdlte-v2.3.json,参数 path 位于现有 JSON/seed 分组对象路径之下，可挂到该父分组；需确认是否过宽,物理层参数管理,中国移动5G扩展型皮基站网管南向接口数据模型规范v1.9.4.xlsx,SK,32
Device.Services.FAPService.{i}.CellConfig.{i}.NR.RAN.PHY.FrequencyInfoDLSIB.MultiFrequencyBandListNRSIB.{i}.FreqBandIndicatorNR,parameter,READ_WRITE,STRING,SH,RAN协议栈参数,{i},Device.Services.FAPService.{i}.CellConfig.{i}.NR.RAN.PHY.FrequencyInfoDLSIB.MultiFrequencyBandListNRSIB.{i}.,DEVICE_SERVICES_FAPSERVICE_CELLCONFIG_NR_RAN_PHY_FREQUENCYINFODLSIB_MULTIFREQUENCYBANDLISTNRSIB,LST MULTI_FREQUENCY_BAND_LIST_NRSIB;MOD MULTI_FREQUENCY_BAND_LIST_NRSIB,YES_QUICKSETTINGS_XML_GROUP,high,,,小区参数,,gnb-cell,,quicksettings_xml_exact_standardPath,omcgo/data/quicksettings/BaiBNQ.xml#gnb-cell:小区参数(Band),quicksettings XML 已有同 standardPath 的前端分组,物理层参数管理,中国移动5G扩展型皮基站网管南向接口数据模型规范v1.9.4.xlsx,SK,3
Device.Services.FAPService.{i}.CellConfig.{i}.NR.RAN.QOS.{i}.5QI,parameter,READ_WRITE,STRING,SH,RAN协议栈参数,{i},Device.Services.FAPService.{i}.CellConfig.{i}.NR.RAN.QOS.{i}.,DEVICE_SERVICES_FAPSERVICE_CELLCONFIG_NR_RAN_QOS,LST QOS;MOD QOS,YES_EXISTING_JSON_PARENT_GROUP,medium,SF,小区服务参数管理（总体）,FAP 载波基本配置,Device.Services.FAPService.{i}.,,,json_seed_and_catalog_existing_group,omcgo/internal/config/parammodel/mmlstandardloader/seeds/cmcc_tdlte_v23.json; omcgo/datamodels/mml-catalog/cmcc-tdlte-v2.3.json,参数 path 位于现有 JSON/seed 分组对象路径之下，可挂到该父分组；需确认是否过宽,,,,
Device.Services.FAPService.{i}.CellConfig.{i}.NR.RAN.QOS.{i}.AllowedIntegrityAlgo,parameter,READ_WRITE,STRING,SH,RAN协议栈参数,{i},Device.Services.FAPService.{i}.CellConfig.{i}.NR.RAN.QOS.{i}.,DEVICE_SERVICES_FAPSERVICE_CELLCONFIG_NR_RAN_QOS,LST QOS;MOD QOS,YES_EXISTING_JSON_PARENT_GROUP,medium,SF,小区服务参数管理（总体）,FAP 载波基本配置,Device.Services.FAPService.{i}.,,,json_seed_and_catalog_existing_group,omcgo/internal/config/parammodel/mmlstandardloader/seeds/cmcc_tdlte_v23.json; omcgo/datamodels/mml-catalog/cmcc-tdlte-v2.3.json,参数 path 位于现有 JSON/seed 分组对象路径之下，可挂到该父分组；需确认是否过宽,,,,
Device.Services.FAPService.{i}.CellConfig.{i}.NR.RAN.QOS.{i}.DiscardTimer,parameter,READ_WRITE,STRING,SH,RAN协议栈参数,{i},Device.Services.FAPService.{i}.CellConfig.{i}.NR.RAN.QOS.{i}.,DEVICE_SERVICES_FAPSERVICE_CELLCONFIG_NR_RAN_QOS,LST QOS;MOD QOS,YES_EXISTING_JSON_PARENT_GROUP,medium,SF,小区服务参数管理（总体）,FAP 载波基本配置,Device.Services.FAPService.{i}.,,,json_seed_and_catalog_existing_group,omcgo/internal/config/parammodel/mmlstandardloader/seeds/cmcc_tdlte_v23.json; omcgo/datamodels/mml-catalog/cmcc-tdlte-v2.3.json,参数 path 位于现有 JSON/seed 分组对象路径之下，可挂到该父分组；需确认是否过宽,,,,
Device.Services.FAPService.{i}.CellConfig.{i}.NR.RAN.QOS.{i}.DlDataSplitThreshold,parameter,READ_WRITE,STRING,SH,RAN协议栈参数,{i},Device.Services.FAPService.{i}.CellConfig.{i}.NR.RAN.QOS.{i}.,DEVICE_SERVICES_FAPSERVICE_CELLCONFIG_NR_RAN_QOS,LST QOS;MOD QOS,YES_EXISTING_JSON_PARENT_GROUP,medium,SF,小区服务参数管理（总体）,FAP 载波基本配置,Device.Services.FAPService.{i}.,,,json_seed_and_catalog_existing_group,omcgo/internal/config/parammodel/mmlstandardloader/seeds/cmcc_tdlte_v23.json; omcgo/datamodels/mml-catalog/cmcc-tdlte-v2.3.json,参数 path 位于现有 JSON/seed 分组对象路径之下，可挂到该父分组；需确认是否过宽,,,,
Device.Services.FAPService.{i}.CellConfig.{i}.NR.RAN.QOS.{i}.DrbInactivityTimerConfig,parameter,READ_WRITE,STRING,SH,RAN协议栈参数,{i},Device.Services.FAPService.{i}.CellConfig.{i}.NR.RAN.QOS.{i}.,DEVICE_SERVICES_FAPSERVICE_CELLCONFIG_NR_RAN_QOS,LST QOS;MOD QOS,YES_EXISTING_JSON_PARENT_GROUP,medium,SF,小区服务参数管理（总体）,FAP 载波基本配置,Device.Services.FAPService.{i}.,,,json_seed_and_catalog_existing_group,omcgo/internal/config/parammodel/mmlstandardloader/seeds/cmcc_tdlte_v23.json; omcgo/datamodels/mml-catalog/cmcc-tdlte-v2.3.json,参数 path 位于现有 JSON/seed 分组对象路径之下，可挂到该父分组；需确认是否过宽,,,,
Device.Services.FAPService.{i}.CellConfig.{i}.NR.RAN.QOS.{i}.Dscp,parameter,READ_WRITE,STRING,SH,RAN协议栈参数,{i},Device.Services.FAPService.{i}.CellConfig.{i}.NR.RAN.QOS.{i}.,DEVICE_SERVICES_FAPSERVICE_CELLCONFIG_NR_RAN_QOS,LST QOS;MOD QOS,YES_EXISTING_JSON_PARENT_GROUP,medium,SF,小区服务参数管理（总体）,FAP 载波基本配置,Device.Services.FAPService.{i}.,,,json_seed_and_catalog_existing_group,omcgo/internal/config/parammodel/mmlstandardloader/seeds/cmcc_tdlte_v23.json; omcgo/datamodels/mml-catalog/cmcc-tdlte-v2.3.json,参数 path 位于现有 JSON/seed 分组对象路径之下，可挂到该父分组；需确认是否过宽,,,,
Device.Services.FAPService.{i}.CellConfig.{i}.NR.RAN.QOS.{i}.Enable,parameter,READ_WRITE,STRING,SH,RAN协议栈参数,{i},Device.Services.FAPService.{i}.CellConfig.{i}.NR.RAN.QOS.{i}.,DEVICE_SERVICES_FAPSERVICE_CELLCONFIG_NR_RAN_QOS,LST QOS;MOD QOS,YES_EXISTING_JSON_PARENT_GROUP,medium,SF,小区服务参数管理（总体）,FAP 载波基本配置,Device.Services.FAPService.{i}.,,,json_seed_and_catalog_existing_group,omcgo/internal/config/parammodel/mmlstandardloader/seeds/cmcc_tdlte_v23.json; omcgo/datamodels/mml-catalog/cmcc-tdlte-v2.3.json,参数 path 位于现有 JSON/seed 分组对象路径之下，可挂到该父分组；需确认是否过宽,,,,
Device.Services.FAPService.{i}.CellConfig.{i}.NR.RAN.QOS.{i}.EnableRohc,parameter,READ_WRITE,STRING,SH,RAN协议栈参数,{i},Device.Services.FAPService.{i}.CellConfig.{i}.NR.RAN.QOS.{i}.,DEVICE_SERVICES_FAPSERVICE_CELLCONFIG_NR_RAN_QOS,LST QOS;MOD QOS,YES_EXISTING_JSON_PARENT_GROUP,medium,SF,小区服务参数管理（总体）,FAP 载波基本配置,Device.Services.FAPService.{i}.,,,json_seed_and_catalog_existing_group,omcgo/internal/config/parammodel/mmlstandardloader/seeds/cmcc_tdlte_v23.json; omcgo/datamodels/mml-catalog/cmcc-tdlte-v2.3.json,参数 path 位于现有 JSON/seed 分组对象路径之下，可挂到该父分组；需确认是否过宽,,,,
Device.Services.FAPService.{i}.CellConfig.{i}.NR.RAN.QOS.{i}.IsDefault,parameter,READ_WRITE,STRING,SH,RAN协议栈参数,{i},Device.Services.FAPService.{i}.CellConfig.{i}.NR.RAN.QOS.{i}.,DEVICE_SERVICES_FAPSERVICE_CELLCONFIG_NR_RAN_QOS,LST QOS;MOD QOS,YES_EXISTING_JSON_PARENT_GROUP,medium,SF,小区服务参数管理（总体）,FAP 载波基本配置,Device.Services.FAPService.{i}.,,,json_seed_and_catalog_existing_group,omcgo/internal/config/parammodel/mmlstandardloader/seeds/cmcc_tdlte_v23.json; omcgo/datamodels/mml-catalog/cmcc-tdlte-v2.3.json,参数 path 位于现有 JSON/seed 分组对象路径之下，可挂到该父分组；需确认是否过宽,,,,
Device.Services.FAPService.{i}.CellConfig.{i}.NR.RAN.QOS.{i}.LongDrxCycle,parameter,READ_WRITE,STRING,SH,RAN协议栈参数,{i},Device.Services.FAPService.{i}.CellConfig.{i}.NR.RAN.QOS.{i}.,DEVICE_SERVICES_FAPSERVICE_CELLCONFIG_NR_RAN_QOS,LST QOS;MOD QOS,YES_EXISTING_JSON_PARENT_GROUP,medium,SF,小区服务参数管理（总体）,FAP 载波基本配置,Device.Services.FAPService.{i}.,,,json_seed_and_catalog_existing_group,omcgo/internal/config/parammodel/mmlstandardloader/seeds/cmcc_tdlte_v23.json; omcgo/datamodels/mml-catalog/cmcc-tdlte-v2.3.json,参数 path 位于现有 JSON/seed 分组对象路径之下，可挂到该父分组；需确认是否过宽,,,,
Device.Services.FAPService.{i}.CellConfig.{i}.NR.RAN.QOS.{i}.MappingDrbIndex,parameter,READ_WRITE,STRING,SH,RAN协议栈参数,{i},Device.Services.FAPService.{i}.CellConfig.{i}.NR.RAN.QOS.{i}.,DEVICE_SERVICES_FAPSERVICE_CELLCONFIG_NR_RAN_QOS,LST QOS;MOD QOS,YES_EXISTING_JSON_PARENT_GROUP,medium,SF,小区服务参数管理（总体）,FAP 载波基本配置,Device.Services.FAPService.{i}.,,,json_seed_and_catalog_existing_group,omcgo/internal/config/parammodel/mmlstandardloader/seeds/cmcc_tdlte_v23.json; omcgo/datamodels/mml-catalog/cmcc-tdlte-v2.3.json,参数 path 位于现有 JSON/seed 分组对象路径之下，可挂到该父分组；需确认是否过宽,,,,
Device.Services.FAPService.{i}.CellConfig.{i}.NR.RAN.QOS.{i}.MinBr,parameter,READ_WRITE,STRING,SH,RAN协议栈参数,{i},Device.Services.FAPService.{i}.CellConfig.{i}.NR.RAN.QOS.{i}.,DEVICE_SERVICES_FAPSERVICE_CELLCONFIG_NR_RAN_QOS,LST QOS;MOD QOS,YES_EXISTING_JSON_PARENT_GROUP,medium,SF,小区服务参数管理（总体）,FAP 载波基本配置,Device.Services.FAPService.{i}.,,,json_seed_and_catalog_existing_group,omcgo/internal/config/parammodel/mmlstandardloader/seeds/cmcc_tdlte_v23.json; omcgo/datamodels/mml-catalog/cmcc-tdlte-v2.3.json,参数 path 位于现有 JSON/seed 分组对象路径之下，可挂到该父分组；需确认是否过宽,,,,
Device.Services.FAPService.{i}.CellConfig.{i}.NR.RAN.QOS.{i}.PdcpDuplicationActivated,parameter,READ_WRITE,STRING,SH,RAN协议栈参数,{i},Device.Services.FAPService.{i}.CellConfig.{i}.NR.RAN.QOS.{i}.,DEVICE_SERVICES_FAPSERVICE_CELLCONFIG_NR_RAN_QOS,LST QOS;MOD QOS,YES_EXISTING_JSON_PARENT_GROUP,medium,SF,小区服务参数管理（总体）,FAP 载波基本配置,Device.Services.FAPService.{i}.,,,json_seed_and_catalog_existing_group,omcgo/internal/config/parammodel/mmlstandardloader/seeds/cmcc_tdlte_v23.json; omcgo/datamodels/mml-catalog/cmcc-tdlte-v2.3.json,参数 path 位于现有 JSON/seed 分组对象路径之下，可挂到该父分组；需确认是否过宽,,,,
Device.Services.FAPService.{i}.CellConfig.{i}.NR.RAN.QOS.{i}.PdcpSnSizeDl,parameter,READ_WRITE,STRING,SH,RAN协议栈参数,{i},Device.Services.FAPService.{i}.CellConfig.{i}.NR.RAN.QOS.{i}.,DEVICE_SERVICES_FAPSERVICE_CELLCONFIG_NR_RAN_QOS,LST QOS;MOD QOS,YES_EXISTING_JSON_PARENT_GROUP,medium,SF,小区服务参数管理（总体）,FAP 载波基本配置,Device.Services.FAPService.{i}.,,,json_seed_and_catalog_existing_group,omcgo/internal/config/parammodel/mmlstandardloader/seeds/cmcc_tdlte_v23.json; omcgo/datamodels/mml-catalog/cmcc-tdlte-v2.3.json,参数 path 位于现有 JSON/seed 分组对象路径之下，可挂到该父分组；需确认是否过宽,,,,
Device.Services.FAPService.{i}.CellConfig.{i}.NR.RAN.QOS.{i}.PdcpSnSizeUl,parameter,READ_WRITE,STRING,SH,RAN协议栈参数,{i},Device.Services.FAPService.{i}.CellConfig.{i}.NR.RAN.QOS.{i}.,DEVICE_SERVICES_FAPSERVICE_CELLCONFIG_NR_RAN_QOS,LST QOS;MOD QOS,YES_EXISTING_JSON_PARENT_GROUP,medium,SF,小区服务参数管理（总体）,FAP 载波基本配置,Device.Services.FAPService.{i}.,,,json_seed_and_catalog_existing_group,omcgo/internal/config/parammodel/mmlstandardloader/seeds/cmcc_tdlte_v23.json; omcgo/datamodels/mml-catalog/cmcc-tdlte-v2.3.json,参数 path 位于现有 JSON/seed 分组对象路径之下，可挂到该父分组；需确认是否过宽,,,,
Device.Services.FAPService.{i}.CellConfig.{i}.NR.RAN.QOS.{i}.PrimaryPath,parameter,READ_WRITE,STRING,SH,RAN协议栈参数,{i},Device.Services.FAPService.{i}.CellConfig.{i}.NR.RAN.QOS.{i}.,DEVICE_SERVICES_FAPSERVICE_CELLCONFIG_NR_RAN_QOS,LST QOS;MOD QOS,YES_EXISTING_JSON_PARENT_GROUP,medium,SF,小区服务参数管理（总体）,FAP 载波基本配置,Device.Services.FAPService.{i}.,,,json_seed_and_catalog_existing_group,omcgo/internal/config/parammodel/mmlstandardloader/seeds/cmcc_tdlte_v23.json; omcgo/datamodels/mml-catalog/cmcc-tdlte-v2.3.json,参数 path 位于现有 JSON/seed 分组对象路径之下，可挂到该父分组；需确认是否过宽,,,,
Device.Services.FAPService.{i}.CellConfig.{i}.NR.RAN.QOS.{i}.PrimaryPathDl,parameter,READ_WRITE,STRING,SH,RAN协议栈参数,{i},Device.Services.FAPService.{i}.CellConfig.{i}.NR.RAN.QOS.{i}.,DEVICE_SERVICES_FAPSERVICE_CELLCONFIG_NR_RAN_QOS,LST QOS;MOD QOS,YES_EXISTING_JSON_PARENT_GROUP,medium,SF,小区服务参数管理（总体）,FAP 载波基本配置,Device.Services.FAPService.{i}.,,,json_seed_and_catalog_existing_group,omcgo/internal/config/parammodel/mmlstandardloader/seeds/cmcc_tdlte_v23.json; omcgo/datamodels/mml-catalog/cmcc-tdlte-v2.3.json,参数 path 位于现有 JSON/seed 分组对象路径之下，可挂到该父分组；需确认是否过宽,,,,
Device.Services.FAPService.{i}.CellConfig.{i}.NR.RAN.QOS.{i}.Priority,parameter,READ_WRITE,STRING,SH,RAN协议栈参数,{i},Device.Services.FAPService.{i}.CellConfig.{i}.NR.RAN.QOS.{i}.,DEVICE_SERVICES_FAPSERVICE_CELLCONFIG_NR_RAN_QOS,LST QOS;MOD QOS,YES_EXISTING_JSON_PARENT_GROUP,medium,SF,小区服务参数管理（总体）,FAP 载波基本配置,Device.Services.FAPService.{i}.,,,json_seed_and_catalog_existing_group,omcgo/internal/config/parammodel/mmlstandardloader/seeds/cmcc_tdlte_v23.json; omcgo/datamodels/mml-catalog/cmcc-tdlte-v2.3.json,参数 path 位于现有 JSON/seed 分组对象路径之下，可挂到该父分组；需确认是否过宽,,,,
Device.Services.FAPService.{i}.CellConfig.{i}.NR.RAN.QOS.{i}.RlcMode,parameter,READ_WRITE,STRING,SH,RAN协议栈参数,{i},Device.Services.FAPService.{i}.CellConfig.{i}.NR.RAN.QOS.{i}.,DEVICE_SERVICES_FAPSERVICE_CELLCONFIG_NR_RAN_QOS,LST QOS;MOD QOS,YES_EXISTING_JSON_PARENT_GROUP,medium,SF,小区服务参数管理（总体）,FAP 载波基本配置,Device.Services.FAPService.{i}.,,,json_seed_and_catalog_existing_group,omcgo/internal/config/parammodel/mmlstandardloader/seeds/cmcc_tdlte_v23.json; omcgo/datamodels/mml-catalog/cmcc-tdlte-v2.3.json,参数 path 位于现有 JSON/seed 分组对象路径之下，可挂到该父分组；需确认是否过宽,,,,
Device.Services.FAPService.{i}.CellConfig.{i}.NR.RAN.QOS.{i}.RohcProfile0x0001,parameter,READ_WRITE,STRING,SH,RAN协议栈参数,{i},Device.Services.FAPService.{i}.CellConfig.{i}.NR.RAN.QOS.{i}.,DEVICE_SERVICES_FAPSERVICE_CELLCONFIG_NR_RAN_QOS,LST QOS;MOD QOS,YES_EXISTING_JSON_PARENT_GROUP,medium,SF,小区服务参数管理（总体）,FAP 载波基本配置,Device.Services.FAPService.{i}.,,,json_seed_and_catalog_existing_group,omcgo/internal/config/parammodel/mmlstandardloader/seeds/cmcc_tdlte_v23.json; omcgo/datamodels/mml-catalog/cmcc-tdlte-v2.3.json,参数 path 位于现有 JSON/seed 分组对象路径之下，可挂到该父分组；需确认是否过宽,,,,
Device.Services.FAPService.{i}.CellConfig.{i}.NR.RAN.QOS.{i}.RohcProfile0x0002,parameter,READ_WRITE,STRING,SH,RAN协议栈参数,{i},Device.Services.FAPService.{i}.CellConfig.{i}.NR.RAN.QOS.{i}.,DEVICE_SERVICES_FAPSERVICE_CELLCONFIG_NR_RAN_QOS,LST QOS;MOD QOS,YES_EXISTING_JSON_PARENT_GROUP,medium,SF,小区服务参数管理（总体）,FAP 载波基本配置,Device.Services.FAPService.{i}.,,,json_seed_and_catalog_existing_group,omcgo/internal/config/parammodel/mmlstandardloader/seeds/cmcc_tdlte_v23.json; omcgo/datamodels/mml-catalog/cmcc-tdlte-v2.3.json,参数 path 位于现有 JSON/seed 分组对象路径之下，可挂到该父分组；需确认是否过宽,,,,
Device.Services.FAPService.{i}.CellConfig.{i}.NR.RAN.QOS.{i}.RohcProfile0x0006,parameter,READ_WRITE,STRING,SH,RAN协议栈参数,{i},Device.Services.FAPService.{i}.CellConfig.{i}.NR.RAN.QOS.{i}.,DEVICE_SERVICES_FAPSERVICE_CELLCONFIG_NR_RAN_QOS,LST QOS;MOD QOS,YES_EXISTING_JSON_PARENT_GROUP,medium,SF,小区服务参数管理（总体）,FAP 载波基本配置,Device.Services.FAPService.{i}.,,,json_seed_and_catalog_existing_group,omcgo/internal/config/parammodel/mmlstandardloader/seeds/cmcc_tdlte_v23.json; omcgo/datamodels/mml-catalog/cmcc-tdlte-v2.3.json,参数 path 位于现有 JSON/seed 分组对象路径之下，可挂到该父分组；需确认是否过宽,,,,
Device.Services.FAPService.{i}.CellConfig.{i}.NR.RAN.QOS.{i}.ShortDrxCycle,parameter,READ_WRITE,STRING,SH,RAN协议栈参数,{i},Device.Services.FAPService.{i}.CellConfig.{i}.NR.RAN.QOS.{i}.,DEVICE_SERVICES_FAPSERVICE_CELLCONFIG_NR_RAN_QOS,LST QOS;MOD QOS,YES_EXISTING_JSON_PARENT_GROUP,medium,SF,小区服务参数管理（总体）,FAP 载波基本配置,Device.Services.FAPService.{i}.,,,json_seed_and_catalog_existing_group,omcgo/internal/config/parammodel/mmlstandardloader/seeds/cmcc_tdlte_v23.json; omcgo/datamodels/mml-catalog/cmcc-tdlte-v2.3.json,参数 path 位于现有 JSON/seed 分组对象路径之下，可挂到该父分组；需确认是否过宽,,,,
Device.Services.FAPService.{i}.CellConfig.{i}.NR.RAN.QOS.{i}.ShortDrxCycleTimer,parameter,READ_WRITE,STRING,SH,RAN协议栈参数,{i},Device.Services.FAPService.{i}.CellConfig.{i}.NR.RAN.QOS.{i}.,DEVICE_SERVICES_FAPSERVICE_CELLCONFIG_NR_RAN_QOS,LST QOS;MOD QOS,YES_EXISTING_JSON_PARENT_GROUP,medium,SF,小区服务参数管理（总体）,FAP 载波基本配置,Device.Services.FAPService.{i}.,,,json_seed_and_catalog_existing_group,omcgo/internal/config/parammodel/mmlstandardloader/seeds/cmcc_tdlte_v23.json; omcgo/datamodels/mml-catalog/cmcc-tdlte-v2.3.json,参数 path 位于现有 JSON/seed 分组对象路径之下，可挂到该父分组；需确认是否过宽,,,,
Device.Services.FAPService.{i}.CellConfig.{i}.NR.RAN.QOS.{i}.SnFieldLengthAmDl,parameter,READ_WRITE,STRING,SH,RAN协议栈参数,{i},Device.Services.FAPService.{i}.CellConfig.{i}.NR.RAN.QOS.{i}.,DEVICE_SERVICES_FAPSERVICE_CELLCONFIG_NR_RAN_QOS,LST QOS;MOD QOS,YES_EXISTING_JSON_PARENT_GROUP,medium,SF,小区服务参数管理（总体）,FAP 载波基本配置,Device.Services.FAPService.{i}.,,,json_seed_and_catalog_existing_group,omcgo/internal/config/parammodel/mmlstandardloader/seeds/cmcc_tdlte_v23.json; omcgo/datamodels/mml-catalog/cmcc-tdlte-v2.3.json,参数 path 位于现有 JSON/seed 分组对象路径之下，可挂到该父分组；需确认是否过宽,,,,
Device.Services.FAPService.{i}.CellConfig.{i}.NR.RAN.QOS.{i}.SnFieldLengthAmUl,parameter,READ_WRITE,STRING,SH,RAN协议栈参数,{i},Device.Services.FAPService.{i}.CellConfig.{i}.NR.RAN.QOS.{i}.,DEVICE_SERVICES_FAPSERVICE_CELLCONFIG_NR_RAN_QOS,LST QOS;MOD QOS,YES_EXISTING_JSON_PARENT_GROUP,medium,SF,小区服务参数管理（总体）,FAP 载波基本配置,Device.Services.FAPService.{i}.,,,json_seed_and_catalog_existing_group,omcgo/internal/config/parammodel/mmlstandardloader/seeds/cmcc_tdlte_v23.json; omcgo/datamodels/mml-catalog/cmcc-tdlte-v2.3.json,参数 path 位于现有 JSON/seed 分组对象路径之下，可挂到该父分组；需确认是否过宽,,,,
Device.Services.FAPService.{i}.CellConfig.{i}.NR.RAN.QOS.{i}.SnFieldLengthUmDl,parameter,READ_WRITE,STRING,SH,RAN协议栈参数,{i},Device.Services.FAPService.{i}.CellConfig.{i}.NR.RAN.QOS.{i}.,DEVICE_SERVICES_FAPSERVICE_CELLCONFIG_NR_RAN_QOS,LST QOS;MOD QOS,YES_EXISTING_JSON_PARENT_GROUP,medium,SF,小区服务参数管理（总体）,FAP 载波基本配置,Device.Services.FAPService.{i}.,,,json_seed_and_catalog_existing_group,omcgo/internal/config/parammodel/mmlstandardloader/seeds/cmcc_tdlte_v23.json; omcgo/datamodels/mml-catalog/cmcc-tdlte-v2.3.json,参数 path 位于现有 JSON/seed 分组对象路径之下，可挂到该父分组；需确认是否过宽,,,,
Device.Services.FAPService.{i}.CellConfig.{i}.NR.RAN.QOS.{i}.SnFieldLengthUmUl,parameter,READ_WRITE,STRING,SH,RAN协议栈参数,{i},Device.Services.FAPService.{i}.CellConfig.{i}.NR.RAN.QOS.{i}.,DEVICE_SERVICES_FAPSERVICE_CELLCONFIG_NR_RAN_QOS,LST QOS;MOD QOS,YES_EXISTING_JSON_PARENT_GROUP,medium,SF,小区服务参数管理（总体）,FAP 载波基本配置,Device.Services.FAPService.{i}.,,,json_seed_and_catalog_existing_group,omcgo/internal/config/parammodel/mmlstandardloader/seeds/cmcc_tdlte_v23.json; omcgo/datamodels/mml-catalog/cmcc-tdlte-v2.3.json,参数 path 位于现有 JSON/seed 分组对象路径之下，可挂到该父分组；需确认是否过宽,,,,
Device.Services.FAPService.{i}.CellConfig.{i}.NR.RAN.QOS.{i}.StatusReportRequired,parameter,READ_WRITE,STRING,SH,RAN协议栈参数,{i},Device.Services.FAPService.{i}.CellConfig.{i}.NR.RAN.QOS.{i}.,DEVICE_SERVICES_FAPSERVICE_CELLCONFIG_NR_RAN_QOS,LST QOS;MOD QOS,YES_EXISTING_JSON_PARENT_GROUP,medium,SF,小区服务参数管理（总体）,FAP 载波基本配置,Device.Services.FAPService.{i}.,,,json_seed_and_catalog_existing_group,omcgo/internal/config/parammodel/mmlstandardloader/seeds/cmcc_tdlte_v23.json; omcgo/datamodels/mml-catalog/cmcc-tdlte-v2.3.json,参数 path 位于现有 JSON/seed 分组对象路径之下，可挂到该父分组；需确认是否过宽,,,,
Device.Services.FAPService.{i}.CellConfig.{i}.NR.RAN.QOS.{i}.TReorderingPdcp,parameter,READ_WRITE,STRING,SH,RAN协议栈参数,{i},Device.Services.FAPService.{i}.CellConfig.{i}.NR.RAN.QOS.{i}.,DEVICE_SERVICES_FAPSERVICE_CELLCONFIG_NR_RAN_QOS,LST QOS;MOD QOS,YES_EXISTING_JSON_PARENT_GROUP,medium,SF,小区服务参数管理（总体）,FAP 载波基本配置,Device.Services.FAPService.{i}.,,,json_seed_and_catalog_existing_group,omcgo/internal/config/parammodel/mmlstandardloader/seeds/cmcc_tdlte_v23.json; omcgo/datamodels/mml-catalog/cmcc-tdlte-v2.3.json,参数 path 位于现有 JSON/seed 分组对象路径之下，可挂到该父分组；需确认是否过宽,,,,
Device.Services.FAPService.{i}.CellConfig.{i}.NR.RAN.QOS.{i}.TReorderingUE,parameter,READ_WRITE,STRING,SH,RAN协议栈参数,{i},Device.Services.FAPService.{i}.CellConfig.{i}.NR.RAN.QOS.{i}.,DEVICE_SERVICES_FAPSERVICE_CELLCONFIG_NR_RAN_QOS,LST QOS;MOD QOS,YES_EXISTING_JSON_PARENT_GROUP,medium,SF,小区服务参数管理（总体）,FAP 载波基本配置,Device.Services.FAPService.{i}.,,,json_seed_and_catalog_existing_group,omcgo/internal/config/parammodel/mmlstandardloader/seeds/cmcc_tdlte_v23.json; omcgo/datamodels/mml-catalog/cmcc-tdlte-v2.3.json,参数 path 位于现有 JSON/seed 分组对象路径之下，可挂到该父分组；需确认是否过宽,,,,
Device.Services.FAPService.{i}.CellConfig.{i}.NR.RAN.QOS.{i}.Type,parameter,READ_WRITE,STRING,SH,RAN协议栈参数,{i},Device.Services.FAPService.{i}.CellConfig.{i}.NR.RAN.QOS.{i}.,DEVICE_SERVICES_FAPSERVICE_CELLCONFIG_NR_RAN_QOS,LST QOS;MOD QOS,YES_EXISTING_JSON_PARENT_GROUP,medium,SF,小区服务参数管理（总体）,FAP 载波基本配置,Device.Services.FAPService.{i}.,,,json_seed_and_catalog_existing_group,omcgo/internal/config/parammodel/mmlstandardloader/seeds/cmcc_tdlte_v23.json; omcgo/datamodels/mml-catalog/cmcc-tdlte-v2.3.json,参数 path 位于现有 JSON/seed 分组对象路径之下，可挂到该父分组；需确认是否过宽,,,,
Device.Services.FAPService.{i}.CellConfig.{i}.NR.RAN.QOS.{i}.UeInactivityTimerConfig,parameter,READ_WRITE,STRING,SH,RAN协议栈参数,{i},Device.Services.FAPService.{i}.CellConfig.{i}.NR.RAN.QOS.{i}.,DEVICE_SERVICES_FAPSERVICE_CELLCONFIG_NR_RAN_QOS,LST QOS;MOD QOS,YES_EXISTING_JSON_PARENT_GROUP,medium,SF,小区服务参数管理（总体）,FAP 载波基本配置,Device.Services.FAPService.{i}.,,,json_seed_and_catalog_existing_group,omcgo/internal/config/parammodel/mmlstandardloader/seeds/cmcc_tdlte_v23.json; omcgo/datamodels/mml-catalog/cmcc-tdlte-v2.3.json,参数 path 位于现有 JSON/seed 分组对象路径之下，可挂到该父分组；需确认是否过宽,,,,
Device.Services.FAPService.{i}.CellConfig.{i}.NR.RAN.QOS.{i}.UlConfig,parameter,READ_WRITE,STRING,SH,RAN协议栈参数,{i},Device.Services.FAPService.{i}.CellConfig.{i}.NR.RAN.QOS.{i}.,DEVICE_SERVICES_FAPSERVICE_CELLCONFIG_NR_RAN_QOS,LST QOS;MOD QOS,YES_EXISTING_JSON_PARENT_GROUP,medium,SF,小区服务参数管理（总体）,FAP 载波基本配置,Device.Services.FAPService.{i}.,,,json_seed_and_catalog_existing_group,omcgo/internal/config/parammodel/mmlstandardloader/seeds/cmcc_tdlte_v23.json; omcgo/datamodels/mml-catalog/cmcc-tdlte-v2.3.json,参数 path 位于现有 JSON/seed 分组对象路径之下，可挂到该父分组；需确认是否过宽,,,,
Device.Services.FAPService.{i}.CellConfig.{i}.NR.RAN.QOS.{i}.UlDataSplitThreshold,parameter,READ_WRITE,STRING,SH,RAN协议栈参数,{i},Device.Services.FAPService.{i}.CellConfig.{i}.NR.RAN.QOS.{i}.,DEVICE_SERVICES_FAPSERVICE_CELLCONFIG_NR_RAN_QOS,LST QOS;MOD QOS,YES_EXISTING_JSON_PARENT_GROUP,medium,SF,小区服务参数管理（总体）,FAP 载波基本配置,Device.Services.FAPService.{i}.,,,json_seed_and_catalog_existing_group,omcgo/internal/config/parammodel/mmlstandardloader/seeds/cmcc_tdlte_v23.json; omcgo/datamodels/mml-catalog/cmcc-tdlte-v2.3.json,参数 path 位于现有 JSON/seed 分组对象路径之下，可挂到该父分组；需确认是否过宽,,,,
Device.Services.FAPService.{i}.CellConfig.LTE.RAN.NeighborList.LTECell.{i},parameter,READ_WRITE,STRING,SI,邻区参数管理,LTECell,Device.Services.FAPService.{i}.CellConfig.LTE.RAN.NeighborList.LTECell.,DEVICE_SERVICES_FAPSERVICE_CELLCONFIG_LTE_RAN_NEIGHBORLIST_LTECELL,LST LTECELL;MOD LTECELL,YES_SAME_EXISTING_GROUP_CODE,high,SI,邻区参数管理,LTE 同系统邻区,Device.Services.FAPService.{i}.CellConfig.LTE.RAN.NeighborList.LTECell.{i}.,DEVICE_SERVICES_FAPSERVICE_CELLCONFIG_LTE_RAN_NEIGHBORLIST_LTECELL,LST LTE_CELL;MOD LTE_CELL,existing_mml_group_code_from_analysis,omcgo/data/model-library/standard-params-to-mml-tree-analysis-20260703.detail.csv,同一 target_group_code 已有 already_in_mml 参数，可复用该分组节点,,,,
Device.Services.FAPService.{i}.CellConfig.{i}.NR.RAN.NeighborList.LTECell.{i},parameter,READ_WRITE,STRING,SI,邻区参数管理,LTECell,Device.Services.FAPService.{i}.CellConfig.{i}.NR.RAN.NeighborList.LTECell.,DEVICE_SERVICES_FAPSERVICE_CELLCONFIG_NR_RAN_NEIGHBORLIST_LTECELL,LST LTECELL;MOD LTECELL,YES_EXISTING_JSON_PARENT_GROUP,medium,SF,小区服务参数管理（总体）,FAP 载波基本配置,Device.Services.FAPService.{i}.,,,json_seed_and_catalog_existing_group,omcgo/internal/config/parammodel/mmlstandardloader/seeds/cmcc_tdlte_v23.json; omcgo/datamodels/mml-catalog/cmcc-tdlte-v2.3.json,参数 path 位于现有 JSON/seed 分组对象路径之下，可挂到该父分组；需确认是否过宽,,,,
Device.Services.FAPService.{i}.CellConfig.{i}.NR.RAN.NeighborList.NRCell.{i},parameter,READ_WRITE,STRING,SI,邻区参数管理,NRCell,Device.Services.FAPService.{i}.CellConfig.{i}.NR.RAN.NeighborList.NRCell.,DEVICE_SERVICES_FAPSERVICE_CELLCONFIG_NR_RAN_NEIGHBORLIST_NRCELL,LST NRCELL;MOD NRCELL,YES_EXISTING_JSON_PARENT_GROUP,medium,SF,小区服务参数管理（总体）,FAP 载波基本配置,Device.Services.FAPService.{i}.,,,json_seed_and_catalog_existing_group,omcgo/internal/config/parammodel/mmlstandardloader/seeds/cmcc_tdlte_v23.json; omcgo/datamodels/mml-catalog/cmcc-tdlte-v2.3.json,参数 path 位于现有 JSON/seed 分组对象路径之下，可挂到该父分组；需确认是否过宽,,,,
Device.Services.FAPService.{i}.CellConfig.LTE.RAN.NeighborList.5GCell.{i}.CellId,parameter,READ_WRITE,STRING,SI,邻区参数管理,{i},Device.Services.FAPService.{i}.CellConfig.LTE.RAN.NeighborList.5GCell.{i}.,DEVICE_SERVICES_FAPSERVICE_CELLCONFIG_LTE_RAN_NEIGHBORLIST_5GCELL,LST 5_GCELL;MOD 5_GCELL,YES_EXISTING_JSON_PARENT_GROUP,medium,SF,小区服务参数管理（总体）,FAP 载波基本配置,Device.Services.FAPService.{i}.,,,json_seed_and_catalog_existing_group,omcgo/internal/config/parammodel/mmlstandardloader/seeds/cmcc_tdlte_v23.json; omcgo/datamodels/mml-catalog/cmcc-tdlte-v2.3.json,参数 path 位于现有 JSON/seed 分组对象路径之下，可挂到该父分组；需确认是否过宽,,,,
Device.Services.FAPService.{i}.CellConfig.LTE.RAN.NeighborList.5GCell.{i}.GnbId,parameter,READ_WRITE,STRING,SI,邻区参数管理,{i},Device.Services.FAPService.{i}.CellConfig.LTE.RAN.NeighborList.5GCell.{i}.,DEVICE_SERVICES_FAPSERVICE_CELLCONFIG_LTE_RAN_NEIGHBORLIST_5GCELL,LST 5_GCELL;MOD 5_GCELL,YES_EXISTING_JSON_PARENT_GROUP,medium,SF,小区服务参数管理（总体）,FAP 载波基本配置,Device.Services.FAPService.{i}.,,,json_seed_and_catalog_existing_group,omcgo/internal/config/parammodel/mmlstandardloader/seeds/cmcc_tdlte_v23.json; omcgo/datamodels/mml-catalog/cmcc-tdlte-v2.3.json,参数 path 位于现有 JSON/seed 分组对象路径之下，可挂到该父分组；需确认是否过宽,,,,
Device.Services.FAPService.{i}.CellConfig.LTE.RAN.NeighborList.5GCell.{i}.GnbIdLength,parameter,READ_WRITE,STRING,SI,邻区参数管理,{i},Device.Services.FAPService.{i}.CellConfig.LTE.RAN.NeighborList.5GCell.{i}.,DEVICE_SERVICES_FAPSERVICE_CELLCONFIG_LTE_RAN_NEIGHBORLIST_5GCELL,LST 5_GCELL;MOD 5_GCELL,YES_EXISTING_JSON_PARENT_GROUP,medium,SF,小区服务参数管理（总体）,FAP 载波基本配置,Device.Services.FAPService.{i}.,,,json_seed_and_catalog_existing_group,omcgo/internal/config/parammodel/mmlstandardloader/seeds/cmcc_tdlte_v23.json; omcgo/datamodels/mml-catalog/cmcc-tdlte-v2.3.json,参数 path 位于现有 JSON/seed 分组对象路径之下，可挂到该父分组；需确认是否过宽,,,,
Device.Services.FAPService.{i}.CellConfig.LTE.RAN.NeighborList.5GCell.{i}.PCI,parameter,READ_WRITE,STRING,SI,邻区参数管理,{i},Device.Services.FAPService.{i}.CellConfig.LTE.RAN.NeighborList.5GCell.{i}.,DEVICE_SERVICES_FAPSERVICE_CELLCONFIG_LTE_RAN_NEIGHBORLIST_5GCELL,LST 5_GCELL;MOD 5_GCELL,YES_EXISTING_JSON_PARENT_GROUP,medium,SF,小区服务参数管理（总体）,FAP 载波基本配置,Device.Services.FAPService.{i}.,,,json_seed_and_catalog_existing_group,omcgo/internal/config/parammodel/mmlstandardloader/seeds/cmcc_tdlte_v23.json; omcgo/datamodels/mml-catalog/cmcc-tdlte-v2.3.json,参数 path 位于现有 JSON/seed 分组对象路径之下，可挂到该父分组；需确认是否过宽,,,,
Device.Services.FAPService.{i}.CellConfig.LTE.RAN.NeighborList.5GCell.{i}.PLMNID,parameter,READ_WRITE,STRING,SI,邻区参数管理,{i},Device.Services.FAPService.{i}.CellConfig.LTE.RAN.NeighborList.5GCell.{i}.,DEVICE_SERVICES_FAPSERVICE_CELLCONFIG_LTE_RAN_NEIGHBORLIST_5GCELL,LST 5_GCELL;MOD 5_GCELL,YES_EXISTING_JSON_PARENT_GROUP,medium,SF,小区服务参数管理（总体）,FAP 载波基本配置,Device.Services.FAPService.{i}.,,,json_seed_and_catalog_existing_group,omcgo/internal/config/parammodel/mmlstandardloader/seeds/cmcc_tdlte_v23.json; omcgo/datamodels/mml-catalog/cmcc-tdlte-v2.3.json,参数 path 位于现有 JSON/seed 分组对象路径之下，可挂到该父分组；需确认是否过宽,,,,
Device.Services.FAPService.{i}.CellConfig.LTE.RAN.NeighborList.5GCell.{i}.QOFFSET,parameter,READ_WRITE,STRING,SI,邻区参数管理,{i},Device.Services.FAPService.{i}.CellConfig.LTE.RAN.NeighborList.5GCell.{i}.,DEVICE_SERVICES_FAPSERVICE_CELLCONFIG_LTE_RAN_NEIGHBORLIST_5GCELL,LST 5_GCELL;MOD 5_GCELL,YES_EXISTING_JSON_PARENT_GROUP,medium,SF,小区服务参数管理（总体）,FAP 载波基本配置,Device.Services.FAPService.{i}.,,,json_seed_and_catalog_existing_group,omcgo/internal/config/parammodel/mmlstandardloader/seeds/cmcc_tdlte_v23.json; omcgo/datamodels/mml-catalog/cmcc-tdlte-v2.3.json,参数 path 位于现有 JSON/seed 分组对象路径之下，可挂到该父分组；需确认是否过宽,,,,
Device.Services.FAPService.{i}.CellConfig.LTE.RAN.NeighborList.5GCell.{i}.SSB,parameter,READ_WRITE,STRING,SI,邻区参数管理,{i},Device.Services.FAPService.{i}.CellConfig.LTE.RAN.NeighborList.5GCell.{i}.,DEVICE_SERVICES_FAPSERVICE_CELLCONFIG_LTE_RAN_NEIGHBORLIST_5GCELL,LST 5_GCELL;MOD 5_GCELL,YES_EXISTING_JSON_PARENT_GROUP,medium,SF,小区服务参数管理（总体）,FAP 载波基本配置,Device.Services.FAPService.{i}.,,,json_seed_and_catalog_existing_group,omcgo/internal/config/parammodel/mmlstandardloader/seeds/cmcc_tdlte_v23.json; omcgo/datamodels/mml-catalog/cmcc-tdlte-v2.3.json,参数 path 位于现有 JSON/seed 分组对象路径之下，可挂到该父分组；需确认是否过宽,,,,
Device.Services.FAPService.{i}.CellConfig.LTE.RAN.NeighborList.5GCell.{i}.TAC,parameter,READ_WRITE,STRING,SI,邻区参数管理,{i},Device.Services.FAPService.{i}.CellConfig.LTE.RAN.NeighborList.5GCell.{i}.,DEVICE_SERVICES_FAPSERVICE_CELLCONFIG_LTE_RAN_NEIGHBORLIST_5GCELL,LST 5_GCELL;MOD 5_GCELL,YES_EXISTING_JSON_PARENT_GROUP,medium,SF,小区服务参数管理（总体）,FAP 载波基本配置,Device.Services.FAPService.{i}.,,,json_seed_and_catalog_existing_group,omcgo/internal/config/parammodel/mmlstandardloader/seeds/cmcc_tdlte_v23.json; omcgo/datamodels/mml-catalog/cmcc-tdlte-v2.3.json,参数 path 位于现有 JSON/seed 分组对象路径之下，可挂到该父分组；需确认是否过宽,,,,
Device.Services.FAPService.{i}.CellConfig.LTE.RAN.NeighborListInUse.LTECell.{i}.Blacklisted,parameter,READ_WRITE,STRING,SI,邻区参数管理,{i},Device.Services.FAPService.{i}.CellConfig.LTE.RAN.NeighborListInUse.LTECell.{i}.,DEVICE_SERVICES_FAPSERVICE_CELLCONFIG_LTE_RAN_NEIGHBORLISTINUSE_LTECELL,LST LTECELL;MOD LTECELL,YES_EXISTING_JSON_PARENT_GROUP,medium,SF,小区服务参数管理（总体）,FAP 载波基本配置,Device.Services.FAPService.{i}.,,,json_seed_and_catalog_existing_group,omcgo/internal/config/parammodel/mmlstandardloader/seeds/cmcc_tdlte_v23.json; omcgo/datamodels/mml-catalog/cmcc-tdlte-v2.3.json,参数 path 位于现有 JSON/seed 分组对象路径之下，可挂到该父分组；需确认是否过宽,,,,
Device.Services.FAPService.{i}.CellConfig.LTE.RAN.NeighborListInUse.LTECell.{i}.CID,parameter,READ_WRITE,STRING,SI,邻区参数管理,{i},Device.Services.FAPService.{i}.CellConfig.LTE.RAN.NeighborListInUse.LTECell.{i}.,DEVICE_SERVICES_FAPSERVICE_CELLCONFIG_LTE_RAN_NEIGHBORLISTINUSE_LTECELL,LST LTECELL;MOD LTECELL,YES_EXISTING_JSON_PARENT_GROUP,medium,SF,小区服务参数管理（总体）,FAP 载波基本配置,Device.Services.FAPService.{i}.,,,json_seed_and_catalog_existing_group,omcgo/internal/config/parammodel/mmlstandardloader/seeds/cmcc_tdlte_v23.json; omcgo/datamodels/mml-catalog/cmcc-tdlte-v2.3.json,参数 path 位于现有 JSON/seed 分组对象路径之下，可挂到该父分组；需确认是否过宽,,,,
Device.Services.FAPService.{i}.CellConfig.LTE.RAN.NeighborListInUse.LTECell.{i}.CIO,parameter,READ_WRITE,STRING,SI,邻区参数管理,{i},Device.Services.FAPService.{i}.CellConfig.LTE.RAN.NeighborListInUse.LTECell.{i}.,DEVICE_SERVICES_FAPSERVICE_CELLCONFIG_LTE_RAN_NEIGHBORLISTINUSE_LTECELL,LST LTECELL;MOD LTECELL,YES_EXISTING_JSON_PARENT_GROUP,medium,SF,小区服务参数管理（总体）,FAP 载波基本配置,Device.Services.FAPService.{i}.,,,json_seed_and_catalog_existing_group,omcgo/internal/config/parammodel/mmlstandardloader/seeds/cmcc_tdlte_v23.json; omcgo/datamodels/mml-catalog/cmcc-tdlte-v2.3.json,参数 path 位于现有 JSON/seed 分组对象路径之下，可挂到该父分组；需确认是否过宽,,,,
Device.Services.FAPService.{i}.CellConfig.LTE.RAN.NeighborListInUse.LTECell.{i}.EUTRACarrierARFCN,parameter,READ_WRITE,STRING,SI,邻区参数管理,{i},Device.Services.FAPService.{i}.CellConfig.LTE.RAN.NeighborListInUse.LTECell.{i}.,DEVICE_SERVICES_FAPSERVICE_CELLCONFIG_LTE_RAN_NEIGHBORLISTINUSE_LTECELL,LST LTECELL;MOD LTECELL,YES_EXISTING_JSON_PARENT_GROUP,medium,SF,小区服务参数管理（总体）,FAP 载波基本配置,Device.Services.FAPService.{i}.,,,json_seed_and_catalog_existing_group,omcgo/internal/config/parammodel/mmlstandardloader/seeds/cmcc_tdlte_v23.json; omcgo/datamodels/mml-catalog/cmcc-tdlte-v2.3.json,参数 path 位于现有 JSON/seed 分组对象路径之下，可挂到该父分组；需确认是否过宽,,,,
Device.Services.FAPService.{i}.CellConfig.LTE.RAN.NeighborListInUse.LTECell.{i}.PLMNID,parameter,READ_WRITE,STRING,SI,邻区参数管理,{i},Device.Services.FAPService.{i}.CellConfig.LTE.RAN.NeighborListInUse.LTECell.{i}.,DEVICE_SERVICES_FAPSERVICE_CELLCONFIG_LTE_RAN_NEIGHBORLISTINUSE_LTECELL,LST LTECELL;MOD LTECELL,YES_EXISTING_JSON_PARENT_GROUP,medium,SF,小区服务参数管理（总体）,FAP 载波基本配置,Device.Services.FAPService.{i}.,,,json_seed_and_catalog_existing_group,omcgo/internal/config/parammodel/mmlstandardloader/seeds/cmcc_tdlte_v23.json; omcgo/datamodels/mml-catalog/cmcc-tdlte-v2.3.json,参数 path 位于现有 JSON/seed 分组对象路径之下，可挂到该父分组；需确认是否过宽,,,,
Device.Services.FAPService.{i}.CellConfig.LTE.RAN.NeighborListInUse.LTECell.{i}.PhyCellID,parameter,READ_WRITE,STRING,SI,邻区参数管理,{i},Device.Services.FAPService.{i}.CellConfig.LTE.RAN.NeighborListInUse.LTECell.{i}.,DEVICE_SERVICES_FAPSERVICE_CELLCONFIG_LTE_RAN_NEIGHBORLISTINUSE_LTECELL,LST LTECELL;MOD LTECELL,YES_EXISTING_JSON_PARENT_GROUP,medium,SF,小区服务参数管理（总体）,FAP 载波基本配置,Device.Services.FAPService.{i}.,,,json_seed_and_catalog_existing_group,omcgo/internal/config/parammodel/mmlstandardloader/seeds/cmcc_tdlte_v23.json; omcgo/datamodels/mml-catalog/cmcc-tdlte-v2.3.json,参数 path 位于现有 JSON/seed 分组对象路径之下，可挂到该父分组；需确认是否过宽,,,,
Device.Services.FAPService.{i}.CellConfig.LTE.RAN.NeighborListInUse.LTECell.{i}.QOffset,parameter,READ_WRITE,STRING,SI,邻区参数管理,{i},Device.Services.FAPService.{i}.CellConfig.LTE.RAN.NeighborListInUse.LTECell.{i}.,DEVICE_SERVICES_FAPSERVICE_CELLCONFIG_LTE_RAN_NEIGHBORLISTINUSE_LTECELL,LST LTECELL;MOD LTECELL,YES_EXISTING_JSON_PARENT_GROUP,medium,SF,小区服务参数管理（总体）,FAP 载波基本配置,Device.Services.FAPService.{i}.,,,json_seed_and_catalog_existing_group,omcgo/internal/config/parammodel/mmlstandardloader/seeds/cmcc_tdlte_v23.json; omcgo/datamodels/mml-catalog/cmcc-tdlte-v2.3.json,参数 path 位于现有 JSON/seed 分组对象路径之下，可挂到该父分组；需确认是否过宽,,,,
Device.Services.FAPService.{i}.CellConfig.LTE.RAN.NeighborListInUse.LTECell.{i}.RSTxPower,parameter,READ_WRITE,STRING,SI,邻区参数管理,{i},Device.Services.FAPService.{i}.CellConfig.LTE.RAN.NeighborListInUse.LTECell.{i}.,DEVICE_SERVICES_FAPSERVICE_CELLCONFIG_LTE_RAN_NEIGHBORLISTINUSE_LTECELL,LST LTECELL;MOD LTECELL,YES_EXISTING_JSON_PARENT_GROUP,medium,SF,小区服务参数管理（总体）,FAP 载波基本配置,Device.Services.FAPService.{i}.,,,json_seed_and_catalog_existing_group,omcgo/internal/config/parammodel/mmlstandardloader/seeds/cmcc_tdlte_v23.json; omcgo/datamodels/mml-catalog/cmcc-tdlte-v2.3.json,参数 path 位于现有 JSON/seed 分组对象路径之下，可挂到该父分组；需确认是否过宽,,,,
Device.Services.FAPService.{i}.CellConfig.LTE.RAN.NeighborListInUse.LTECell.{i}.X_RADISYS_COM_IN_USE_ACCES_MODE,parameter,READ_WRITE,STRING,SI,邻区参数管理,{i},Device.Services.FAPService.{i}.CellConfig.LTE.RAN.NeighborListInUse.LTECell.{i}.,DEVICE_SERVICES_FAPSERVICE_CELLCONFIG_LTE_RAN_NEIGHBORLISTINUSE_LTECELL,LST LTECELL;MOD LTECELL,YES_EXISTING_JSON_PARENT_GROUP,medium,SF,小区服务参数管理（总体）,FAP 载波基本配置,Device.Services.FAPService.{i}.,,,json_seed_and_catalog_existing_group,omcgo/internal/config/parammodel/mmlstandardloader/seeds/cmcc_tdlte_v23.json; omcgo/datamodels/mml-catalog/cmcc-tdlte-v2.3.json,参数 path 位于现有 JSON/seed 分组对象路径之下，可挂到该父分组；需确认是否过宽,,,,
Device.Services.FAPService.{i}.CellConfig.LTE.RAN.NeighborListInUse.LTECell.{i}.X_RADISYS_COM_IN_USE_CP_DL,parameter,READ_WRITE,STRING,SI,邻区参数管理,{i},Device.Services.FAPService.{i}.CellConfig.LTE.RAN.NeighborListInUse.LTECell.{i}.,DEVICE_SERVICES_FAPSERVICE_CELLCONFIG_LTE_RAN_NEIGHBORLISTINUSE_LTECELL,LST LTECELL;MOD LTECELL,YES_EXISTING_JSON_PARENT_GROUP,medium,SF,小区服务参数管理（总体）,FAP 载波基本配置,Device.Services.FAPService.{i}.,,,json_seed_and_catalog_existing_group,omcgo/internal/config/parammodel/mmlstandardloader/seeds/cmcc_tdlte_v23.json; omcgo/datamodels/mml-catalog/cmcc-tdlte-v2.3.json,参数 path 位于现有 JSON/seed 分组对象路径之下，可挂到该父分组；需确认是否过宽,,,,
Device.Services.FAPService.{i}.CellConfig.LTE.RAN.NeighborListInUse.LTECell.{i}.X_RADISYS_COM_IN_USE_CP_UL,parameter,READ_WRITE,STRING,SI,邻区参数管理,{i},Device.Services.FAPService.{i}.CellConfig.LTE.RAN.NeighborListInUse.LTECell.{i}.,DEVICE_SERVICES_FAPSERVICE_CELLCONFIG_LTE_RAN_NEIGHBORLISTINUSE_LTECELL,LST LTECELL;MOD LTECELL,YES_EXISTING_JSON_PARENT_GROUP,medium,SF,小区服务参数管理（总体）,FAP 载波基本配置,Device.Services.FAPService.{i}.,,,json_seed_and_catalog_existing_group,omcgo/internal/config/parammodel/mmlstandardloader/seeds/cmcc_tdlte_v23.json; omcgo/datamodels/mml-catalog/cmcc-tdlte-v2.3.json,参数 path 位于现有 JSON/seed 分组对象路径之下，可挂到该父分组；需确认是否过宽,,,,
Device.Services.FAPService.{i}.CellConfig.LTE.RAN.NeighborListInUse.LTECell.{i}.X_RADISYS_COM_IN_USE_CSGId,parameter,READ_WRITE,STRING,SI,邻区参数管理,{i},Device.Services.FAPService.{i}.CellConfig.LTE.RAN.NeighborListInUse.LTECell.{i}.,DEVICE_SERVICES_FAPSERVICE_CELLCONFIG_LTE_RAN_NEIGHBORLISTINUSE_LTECELL,LST LTECELL;MOD LTECELL,YES_EXISTING_JSON_PARENT_GROUP,medium,SF,小区服务参数管理（总体）,FAP 载波基本配置,Device.Services.FAPService.{i}.,,,json_seed_and_catalog_existing_group,omcgo/internal/config/parammodel/mmlstandardloader/seeds/cmcc_tdlte_v23.json; omcgo/datamodels/mml-catalog/cmcc-tdlte-v2.3.json,参数 path 位于现有 JSON/seed 分组对象路径之下，可挂到该父分组；需确认是否过宽,,,,
Device.Services.FAPService.{i}.CellConfig.LTE.RAN.NeighborListInUse.LTECell.{i}.X_RADISYS_COM_IN_USE_CSGIndicator,parameter,READ_WRITE,STRING,SI,邻区参数管理,{i},Device.Services.FAPService.{i}.CellConfig.LTE.RAN.NeighborListInUse.LTECell.{i}.,DEVICE_SERVICES_FAPSERVICE_CELLCONFIG_LTE_RAN_NEIGHBORLISTINUSE_LTECELL,LST LTECELL;MOD LTECELL,YES_EXISTING_JSON_PARENT_GROUP,medium,SF,小区服务参数管理（总体）,FAP 载波基本配置,Device.Services.FAPService.{i}.,,,json_seed_and_catalog_existing_group,omcgo/internal/config/parammodel/mmlstandardloader/seeds/cmcc_tdlte_v23.json; omcgo/datamodels/mml-catalog/cmcc-tdlte-v2.3.json,参数 path 位于现有 JSON/seed 分组对象路径之下，可挂到该父分组；需确认是否过宽,,,,
Device.Services.FAPService.{i}.CellConfig.LTE.RAN.NeighborListInUse.LTECell.{i}.X_RADISYS_COM_IN_USE_DL_BW,parameter,READ_WRITE,STRING,SI,邻区参数管理,{i},Device.Services.FAPService.{i}.CellConfig.LTE.RAN.NeighborListInUse.LTECell.{i}.,DEVICE_SERVICES_FAPSERVICE_CELLCONFIG_LTE_RAN_NEIGHBORLISTINUSE_LTECELL,LST LTECELL;MOD LTECELL,YES_EXISTING_JSON_PARENT_GROUP,medium,SF,小区服务参数管理（总体）,FAP 载波基本配置,Device.Services.FAPService.{i}.,,,json_seed_and_catalog_existing_group,omcgo/internal/config/parammodel/mmlstandardloader/seeds/cmcc_tdlte_v23.json; omcgo/datamodels/mml-catalog/cmcc-tdlte-v2.3.json,参数 path 位于现有 JSON/seed 分组对象路径之下，可挂到该父分组；需确认是否过宽,,,,
Device.Services.FAPService.{i}.CellConfig.LTE.RAN.NeighborListInUse.LTECell.{i}.X_RADISYS_COM_IN_USE_EUTRAULEarfcn,parameter,READ_WRITE,STRING,SI,邻区参数管理,{i},Device.Services.FAPService.{i}.CellConfig.LTE.RAN.NeighborListInUse.LTECell.{i}.,DEVICE_SERVICES_FAPSERVICE_CELLCONFIG_LTE_RAN_NEIGHBORLISTINUSE_LTECELL,LST LTECELL;MOD LTECELL,YES_EXISTING_JSON_PARENT_GROUP,medium,SF,小区服务参数管理（总体）,FAP 载波基本配置,Device.Services.FAPService.{i}.,,,json_seed_and_catalog_existing_group,omcgo/internal/config/parammodel/mmlstandardloader/seeds/cmcc_tdlte_v23.json; omcgo/datamodels/mml-catalog/cmcc-tdlte-v2.3.json,参数 path 位于现有 JSON/seed 分组对象路径之下，可挂到该父分组；需确认是否过宽,,,,
Device.Services.FAPService.{i}.CellConfig.LTE.RAN.NeighborListInUse.LTECell.{i}.X_RADISYS_COM_IN_USE_IntraFreqNeighPCI,parameter,READ_WRITE,STRING,SI,邻区参数管理,{i},Device.Services.FAPService.{i}.CellConfig.LTE.RAN.NeighborListInUse.LTECell.{i}.,DEVICE_SERVICES_FAPSERVICE_CELLCONFIG_LTE_RAN_NEIGHBORLISTINUSE_LTECELL,LST LTECELL;MOD LTECELL,YES_EXISTING_JSON_PARENT_GROUP,medium,SF,小区服务参数管理（总体）,FAP 载波基本配置,Device.Services.FAPService.{i}.,,,json_seed_and_catalog_existing_group,omcgo/internal/config/parammodel/mmlstandardloader/seeds/cmcc_tdlte_v23.json; omcgo/datamodels/mml-catalog/cmcc-tdlte-v2.3.json,参数 path 位于现有 JSON/seed 分组对象路径之下，可挂到该父分组；需确认是否过宽,,,,
Device.Services.FAPService.{i}.CellConfig.LTE.RAN.NeighborListInUse.LTECell.{i}.X_RADISYS_COM_IN_USE_IsBarred,parameter,READ_WRITE,STRING,SI,邻区参数管理,{i},Device.Services.FAPService.{i}.CellConfig.LTE.RAN.NeighborListInUse.LTECell.{i}.,DEVICE_SERVICES_FAPSERVICE_CELLCONFIG_LTE_RAN_NEIGHBORLISTINUSE_LTECELL,LST LTECELL;MOD LTECELL,YES_EXISTING_JSON_PARENT_GROUP,medium,SF,小区服务参数管理（总体）,FAP 载波基本配置,Device.Services.FAPService.{i}.,,,json_seed_and_catalog_existing_group,omcgo/internal/config/parammodel/mmlstandardloader/seeds/cmcc_tdlte_v23.json; omcgo/datamodels/mml-catalog/cmcc-tdlte-v2.3.json,参数 path 位于现有 JSON/seed 分组对象路径之下，可挂到该父分组；需确认是否过宽,,,,
Device.Services.FAPService.{i}.CellConfig.LTE.RAN.NeighborListInUse.LTECell.{i}.X_RADISYS_COM_IN_USE_LteBand,parameter,READ_WRITE,STRING,SI,邻区参数管理,{i},Device.Services.FAPService.{i}.CellConfig.LTE.RAN.NeighborListInUse.LTECell.{i}.,DEVICE_SERVICES_FAPSERVICE_CELLCONFIG_LTE_RAN_NEIGHBORLISTINUSE_LTECELL,LST LTECELL;MOD LTECELL,YES_EXISTING_JSON_PARENT_GROUP,medium,SF,小区服务参数管理（总体）,FAP 载波基本配置,Device.Services.FAPService.{i}.,,,json_seed_and_catalog_existing_group,omcgo/internal/config/parammodel/mmlstandardloader/seeds/cmcc_tdlte_v23.json; omcgo/datamodels/mml-catalog/cmcc-tdlte-v2.3.json,参数 path 位于现有 JSON/seed 分组对象路径之下，可挂到该父分组；需确认是否过宽,,,,
Device.Services.FAPService.{i}.CellConfig.LTE.RAN.NeighborListInUse.LTECell.{i}.X_RADISYS_COM_IN_USE_NUM_ANTENNA,parameter,READ_WRITE,STRING,SI,邻区参数管理,{i},Device.Services.FAPService.{i}.CellConfig.LTE.RAN.NeighborListInUse.LTECell.{i}.,DEVICE_SERVICES_FAPSERVICE_CELLCONFIG_LTE_RAN_NEIGHBORLISTINUSE_LTECELL,LST LTECELL;MOD LTECELL,YES_EXISTING_JSON_PARENT_GROUP,medium,SF,小区服务参数管理（总体）,FAP 载波基本配置,Device.Services.FAPService.{i}.,,,json_seed_and_catalog_existing_group,omcgo/internal/config/parammodel/mmlstandardloader/seeds/cmcc_tdlte_v23.json; omcgo/datamodels/mml-catalog/cmcc-tdlte-v2.3.json,参数 path 位于现有 JSON/seed 分组对象路径之下，可挂到该父分组；需确认是否过宽,,,,
Device.Services.FAPService.{i}.CellConfig.LTE.RAN.NeighborListInUse.LTECell.{i}.X_RADISYS_COM_IN_USE_PrachCfgPresent,parameter,READ_WRITE,STRING,SI,邻区参数管理,{i},Device.Services.FAPService.{i}.CellConfig.LTE.RAN.NeighborListInUse.LTECell.{i}.,DEVICE_SERVICES_FAPSERVICE_CELLCONFIG_LTE_RAN_NEIGHBORLISTINUSE_LTECELL,LST LTECELL;MOD LTECELL,YES_EXISTING_JSON_PARENT_GROUP,medium,SF,小区服务参数管理（总体）,FAP 载波基本配置,Device.Services.FAPService.{i}.,,,json_seed_and_catalog_existing_group,omcgo/internal/config/parammodel/mmlstandardloader/seeds/cmcc_tdlte_v23.json; omcgo/datamodels/mml-catalog/cmcc-tdlte-v2.3.json,参数 path 位于现有 JSON/seed 分组对象路径之下，可挂到该父分组；需确认是否过宽,,,,
Device.Services.FAPService.{i}.CellConfig.LTE.RAN.NeighborListInUse.LTECell.{i}.X_RADISYS_COM_IN_USE_PrachConfigIndex,parameter,READ_WRITE,STRING,SI,邻区参数管理,{i},Device.Services.FAPService.{i}.CellConfig.LTE.RAN.NeighborListInUse.LTECell.{i}.,DEVICE_SERVICES_FAPSERVICE_CELLCONFIG_LTE_RAN_NEIGHBORLISTINUSE_LTECELL,LST LTECELL;MOD LTECELL,YES_EXISTING_JSON_PARENT_GROUP,medium,SF,小区服务参数管理（总体）,FAP 载波基本配置,Device.Services.FAPService.{i}.,,,json_seed_and_catalog_existing_group,omcgo/internal/config/parammodel/mmlstandardloader/seeds/cmcc_tdlte_v23.json; omcgo/datamodels/mml-catalog/cmcc-tdlte-v2.3.json,参数 path 位于现有 JSON/seed 分组对象路径之下，可挂到该父分组；需确认是否过宽,,,,
Device.Services.FAPService.{i}.CellConfig.LTE.RAN.NeighborListInUse.LTECell.{i}.X_RADISYS_COM_IN_USE_PrachFrqOffset,parameter,READ_WRITE,STRING,SI,邻区参数管理,{i},Device.Services.FAPService.{i}.CellConfig.LTE.RAN.NeighborListInUse.LTECell.{i}.,DEVICE_SERVICES_FAPSERVICE_CELLCONFIG_LTE_RAN_NEIGHBORLISTINUSE_LTECELL,LST LTECELL;MOD LTECELL,YES_EXISTING_JSON_PARENT_GROUP,medium,SF,小区服务参数管理（总体）,FAP 载波基本配置,Device.Services.FAPService.{i}.,,,json_seed_and_catalog_existing_group,omcgo/internal/config/parammodel/mmlstandardloader/seeds/cmcc_tdlte_v23.json; omcgo/datamodels/mml-catalog/cmcc-tdlte-v2.3.json,参数 path 位于现有 JSON/seed 分组对象路径之下，可挂到该父分组；需确认是否过宽,,,,
Device.Services.FAPService.{i}.CellConfig.LTE.RAN.NeighborListInUse.LTECell.{i}.X_RADISYS_COM_IN_USE_PrachHighSpeedFlag,parameter,READ_WRITE,STRING,SI,邻区参数管理,{i},Device.Services.FAPService.{i}.CellConfig.LTE.RAN.NeighborListInUse.LTECell.{i}.,DEVICE_SERVICES_FAPSERVICE_CELLCONFIG_LTE_RAN_NEIGHBORLISTINUSE_LTECELL,LST LTECELL;MOD LTECELL,YES_EXISTING_JSON_PARENT_GROUP,medium,SF,小区服务参数管理（总体）,FAP 载波基本配置,Device.Services.FAPService.{i}.,,,json_seed_and_catalog_existing_group,omcgo/internal/config/parammodel/mmlstandardloader/seeds/cmcc_tdlte_v23.json; omcgo/datamodels/mml-catalog/cmcc-tdlte-v2.3.json,参数 path 位于现有 JSON/seed 分组对象路径之下，可挂到该父分组；需确认是否过宽,,,,
Device.Services.FAPService.{i}.CellConfig.LTE.RAN.NeighborListInUse.LTECell.{i}.X_RADISYS_COM_IN_USE_PrachRootSeqIdx,parameter,READ_WRITE,STRING,SI,邻区参数管理,{i},Device.Services.FAPService.{i}.CellConfig.LTE.RAN.NeighborListInUse.LTECell.{i}.,DEVICE_SERVICES_FAPSERVICE_CELLCONFIG_LTE_RAN_NEIGHBORLISTINUSE_LTECELL,LST LTECELL;MOD LTECELL,YES_EXISTING_JSON_PARENT_GROUP,medium,SF,小区服务参数管理（总体）,FAP 载波基本配置,Device.Services.FAPService.{i}.,,,json_seed_and_catalog_existing_group,omcgo/internal/config/parammodel/mmlstandardloader/seeds/cmcc_tdlte_v23.json; omcgo/datamodels/mml-catalog/cmcc-tdlte-v2.3.json,参数 path 位于现有 JSON/seed 分组对象路径之下，可挂到该父分组；需确认是否过宽,,,,
Device.Services.FAPService.{i}.CellConfig.LTE.RAN.NeighborListInUse.LTECell.{i}.X_RADISYS_COM_IN_USE_PrachZeroCorrelationZoneConfig,parameter,READ_WRITE,STRING,SI,邻区参数管理,{i},Device.Services.FAPService.{i}.CellConfig.LTE.RAN.NeighborListInUse.LTECell.{i}.,DEVICE_SERVICES_FAPSERVICE_CELLCONFIG_LTE_RAN_NEIGHBORLISTINUSE_LTECELL,LST LTECELL;MOD LTECELL,YES_EXISTING_JSON_PARENT_GROUP,medium,SF,小区服务参数管理（总体）,FAP 载波基本配置,Device.Services.FAPService.{i}.,,,json_seed_and_catalog_existing_group,omcgo/internal/config/parammodel/mmlstandardloader/seeds/cmcc_tdlte_v23.json; omcgo/datamodels/mml-catalog/cmcc-tdlte-v2.3.json,参数 path 位于现有 JSON/seed 分组对象路径之下，可挂到该父分组；需确认是否过宽,,,,
Device.Services.FAPService.{i}.CellConfig.LTE.RAN.NeighborListInUse.LTECell.{i}.X_RADISYS_COM_IN_USE_RSRP,parameter,READ_WRITE,STRING,SI,邻区参数管理,{i},Device.Services.FAPService.{i}.CellConfig.LTE.RAN.NeighborListInUse.LTECell.{i}.,DEVICE_SERVICES_FAPSERVICE_CELLCONFIG_LTE_RAN_NEIGHBORLISTINUSE_LTECELL,LST LTECELL;MOD LTECELL,YES_EXISTING_JSON_PARENT_GROUP,medium,SF,小区服务参数管理（总体）,FAP 载波基本配置,Device.Services.FAPService.{i}.,,,json_seed_and_catalog_existing_group,omcgo/internal/config/parammodel/mmlstandardloader/seeds/cmcc_tdlte_v23.json; omcgo/datamodels/mml-catalog/cmcc-tdlte-v2.3.json,参数 path 位于现有 JSON/seed 分组对象路径之下，可挂到该父分组；需确认是否过宽,,,,
Device.Services.FAPService.{i}.CellConfig.LTE.RAN.NeighborListInUse.LTECell.{i}.X_RADISYS_COM_IN_USE_RSSI,parameter,READ_WRITE,STRING,SI,邻区参数管理,{i},Device.Services.FAPService.{i}.CellConfig.LTE.RAN.NeighborListInUse.LTECell.{i}.,DEVICE_SERVICES_FAPSERVICE_CELLCONFIG_LTE_RAN_NEIGHBORLISTINUSE_LTECELL,LST LTECELL;MOD LTECELL,YES_EXISTING_JSON_PARENT_GROUP,medium,SF,小区服务参数管理（总体）,FAP 载波基本配置,Device.Services.FAPService.{i}.,,,json_seed_and_catalog_existing_group,omcgo/internal/config/parammodel/mmlstandardloader/seeds/cmcc_tdlte_v23.json; omcgo/datamodels/mml-catalog/cmcc-tdlte-v2.3.json,参数 path 位于现有 JSON/seed 分组对象路径之下，可挂到该父分组；需确认是否过宽,,,,
Device.Services.FAPService.{i}.CellConfig.LTE.RAN.NeighborListInUse.LTECell.{i}.X_RADISYS_COM_IN_USE_SPL_SF_CFG,parameter,READ_WRITE,STRING,SI,邻区参数管理,{i},Device.Services.FAPService.{i}.CellConfig.LTE.RAN.NeighborListInUse.LTECell.{i}.,DEVICE_SERVICES_FAPSERVICE_CELLCONFIG_LTE_RAN_NEIGHBORLISTINUSE_LTECELL,LST LTECELL;MOD LTECELL,YES_EXISTING_JSON_PARENT_GROUP,medium,SF,小区服务参数管理（总体）,FAP 载波基本配置,Device.Services.FAPService.{i}.,,,json_seed_and_catalog_existing_group,omcgo/internal/config/parammodel/mmlstandardloader/seeds/cmcc_tdlte_v23.json; omcgo/datamodels/mml-catalog/cmcc-tdlte-v2.3.json,参数 path 位于现有 JSON/seed 分组对象路径之下，可挂到该父分组；需确认是否过宽,,,,
Device.Services.FAPService.{i}.CellConfig.LTE.RAN.NeighborListInUse.LTECell.{i}.X_RADISYS_COM_IN_USE_TAC,parameter,READ_WRITE,STRING,SI,邻区参数管理,{i},Device.Services.FAPService.{i}.CellConfig.LTE.RAN.NeighborListInUse.LTECell.{i}.,DEVICE_SERVICES_FAPSERVICE_CELLCONFIG_LTE_RAN_NEIGHBORLISTINUSE_LTECELL,LST LTECELL;MOD LTECELL,YES_EXISTING_JSON_PARENT_GROUP,medium,SF,小区服务参数管理（总体）,FAP 载波基本配置,Device.Services.FAPService.{i}.,,,json_seed_and_catalog_existing_group,omcgo/internal/config/parammodel/mmlstandardloader/seeds/cmcc_tdlte_v23.json; omcgo/datamodels/mml-catalog/cmcc-tdlte-v2.3.json,参数 path 位于现有 JSON/seed 分组对象路径之下，可挂到该父分组；需确认是否过宽,,,,
Device.Services.FAPService.{i}.CellConfig.LTE.RAN.NeighborListInUse.LTECell.{i}.X_RADISYS_COM_IN_USE_ULDL_SUB_FRM_CFG,parameter,READ_WRITE,STRING,SI,邻区参数管理,{i},Device.Services.FAPService.{i}.CellConfig.LTE.RAN.NeighborListInUse.LTECell.{i}.,DEVICE_SERVICES_FAPSERVICE_CELLCONFIG_LTE_RAN_NEIGHBORLISTINUSE_LTECELL,LST LTECELL;MOD LTECELL,YES_EXISTING_JSON_PARENT_GROUP,medium,SF,小区服务参数管理（总体）,FAP 载波基本配置,Device.Services.FAPService.{i}.,,,json_seed_and_catalog_existing_group,omcgo/internal/config/parammodel/mmlstandardloader/seeds/cmcc_tdlte_v23.json; omcgo/datamodels/mml-catalog/cmcc-tdlte-v2.3.json,参数 path 位于现有 JSON/seed 分组对象路径之下，可挂到该父分组；需确认是否过宽,,,,
Device.Services.FAPService.{i}.CellConfig.LTE.RAN.NeighborListInUse.LTECell.{i}.X_RADISYS_COM_IN_USE_UL_BW,parameter,READ_WRITE,STRING,SI,邻区参数管理,{i},Device.Services.FAPService.{i}.CellConfig.LTE.RAN.NeighborListInUse.LTECell.{i}.,DEVICE_SERVICES_FAPSERVICE_CELLCONFIG_LTE_RAN_NEIGHBORLISTINUSE_LTECELL,LST LTECELL;MOD LTECELL,YES_EXISTING_JSON_PARENT_GROUP,medium,SF,小区服务参数管理（总体）,FAP 载波基本配置,Device.Services.FAPService.{i}.,,,json_seed_and_catalog_existing_group,omcgo/internal/config/parammodel/mmlstandardloader/seeds/cmcc_tdlte_v23.json; omcgo/datamodels/mml-catalog/cmcc-tdlte-v2.3.json,参数 path 位于现有 JSON/seed 分组对象路径之下，可挂到该父分组；需确认是否过宽,,,,
Device.Services.FAPService.{i}.CellConfig.{i}.LTE.RAN.NeighborList.LTECell.{i}.CID,parameter,READ_WRITE,U_INT,SI,邻区参数管理,{i},Device.Services.FAPService.{i}.CellConfig.{i}.LTE.RAN.NeighborList.LTECell.{i}.,DEVICE_SERVICES_FAPSERVICE_CELLCONFIG_LTE_RAN_NEIGHBORLIST_LTECELL,LST LTECELL;MOD LTECELL,YES_SAME_EXISTING_GROUP_CODE,high,SI,邻区参数管理,LTE 同系统邻区,Device.Services.FAPService.{i}.CellConfig.LTE.RAN.NeighborList.LTECell.{i}.,DEVICE_SERVICES_FAPSERVICE_CELLCONFIG_LTE_RAN_NEIGHBORLIST_LTECELL,LST LTE_CELL;MOD LTE_CELL,existing_mml_group_code_from_analysis,omcgo/data/model-library/standard-params-to-mml-tree-analysis-20260703.detail.csv,同一 target_group_code 已有 already_in_mml 参数，可复用该分组节点,,,,
Device.Services.FAPService.{i}.CellConfig.{i}.LTE.RAN.NeighborList.LTECell.{i}.CIO,parameter,READ_WRITE,INT,SI,邻区参数管理,{i},Device.Services.FAPService.{i}.CellConfig.{i}.LTE.RAN.NeighborList.LTECell.{i}.,DEVICE_SERVICES_FAPSERVICE_CELLCONFIG_LTE_RAN_NEIGHBORLIST_LTECELL,LST LTECELL;MOD LTECELL,YES_SAME_EXISTING_GROUP_CODE,high,SI,邻区参数管理,LTE 同系统邻区,Device.Services.FAPService.{i}.CellConfig.LTE.RAN.NeighborList.LTECell.{i}.,DEVICE_SERVICES_FAPSERVICE_CELLCONFIG_LTE_RAN_NEIGHBORLIST_LTECELL,LST LTE_CELL;MOD LTE_CELL,existing_mml_group_code_from_analysis,omcgo/data/model-library/standard-params-to-mml-tree-analysis-20260703.detail.csv,同一 target_group_code 已有 already_in_mml 参数，可复用该分组节点,,,,
Device.Services.FAPService.{i}.CellConfig.{i}.LTE.RAN.NeighborList.LTECell.{i}.EUTRACarrierARFCN,parameter,READ_WRITE,U_INT,SI,邻区参数管理,{i},Device.Services.FAPService.{i}.CellConfig.{i}.LTE.RAN.NeighborList.LTECell.{i}.,DEVICE_SERVICES_FAPSERVICE_CELLCONFIG_LTE_RAN_NEIGHBORLIST_LTECELL,LST LTECELL;MOD LTECELL,YES_SAME_EXISTING_GROUP_CODE,high,SI,邻区参数管理,LTE 同系统邻区,Device.Services.FAPService.{i}.CellConfig.LTE.RAN.NeighborList.LTECell.{i}.,DEVICE_SERVICES_FAPSERVICE_CELLCONFIG_LTE_RAN_NEIGHBORLIST_LTECELL,LST LTE_CELL;MOD LTE_CELL,existing_mml_group_code_from_analysis,omcgo/data/model-library/standard-params-to-mml-tree-analysis-20260703.detail.csv,同一 target_group_code 已有 already_in_mml 参数，可复用该分组节点,,,,
Device.Services.FAPService.{i}.CellConfig.{i}.LTE.RAN.NeighborList.LTECell.{i}.PLMNID,parameter,READ_WRITE,STRING,SI,邻区参数管理,{i},Device.Services.FAPService.{i}.CellConfig.{i}.LTE.RAN.NeighborList.LTECell.{i}.,DEVICE_SERVICES_FAPSERVICE_CELLCONFIG_LTE_RAN_NEIGHBORLIST_LTECELL,LST LTECELL;MOD LTECELL,YES_SAME_EXISTING_GROUP_CODE,high,SI,邻区参数管理,LTE 同系统邻区,Device.Services.FAPService.{i}.CellConfig.LTE.RAN.NeighborList.LTECell.{i}.,DEVICE_SERVICES_FAPSERVICE_CELLCONFIG_LTE_RAN_NEIGHBORLIST_LTECELL,LST LTE_CELL;MOD LTE_CELL,existing_mml_group_code_from_analysis,omcgo/data/model-library/standard-params-to-mml-tree-analysis-20260703.detail.csv,同一 target_group_code 已有 already_in_mml 参数，可复用该分组节点,,,,
Device.Services.FAPService.{i}.CellConfig.{i}.LTE.RAN.NeighborList.LTECell.{i}.PhyCellID,parameter,READ_WRITE,U_INT,SI,邻区参数管理,{i},Device.Services.FAPService.{i}.CellConfig.{i}.LTE.RAN.NeighborList.LTECell.{i}.,DEVICE_SERVICES_FAPSERVICE_CELLCONFIG_LTE_RAN_NEIGHBORLIST_LTECELL,LST LTECELL;MOD LTECELL,YES_SAME_EXISTING_GROUP_CODE,high,SI,邻区参数管理,LTE 同系统邻区,Device.Services.FAPService.{i}.CellConfig.LTE.RAN.NeighborList.LTECell.{i}.,DEVICE_SERVICES_FAPSERVICE_CELLCONFIG_LTE_RAN_NEIGHBORLIST_LTECELL,LST LTE_CELL;MOD LTE_CELL,existing_mml_group_code_from_analysis,omcgo/data/model-library/standard-params-to-mml-tree-analysis-20260703.detail.csv,同一 target_group_code 已有 already_in_mml 参数，可复用该分组节点,,,,
Device.Services.FAPService.{i}.CellConfig.{i}.LTE.RAN.NeighborList.LTECell.{i}.QOffset,parameter,READ_WRITE,INT,SI,邻区参数管理,{i},Device.Services.FAPService.{i}.CellConfig.{i}.LTE.RAN.NeighborList.LTECell.{i}.,DEVICE_SERVICES_FAPSERVICE_CELLCONFIG_LTE_RAN_NEIGHBORLIST_LTECELL,LST LTECELL;MOD LTECELL,YES_SAME_EXISTING_GROUP_CODE,high,SI,邻区参数管理,LTE 同系统邻区,Device.Services.FAPService.{i}.CellConfig.LTE.RAN.NeighborList.LTECell.{i}.,DEVICE_SERVICES_FAPSERVICE_CELLCONFIG_LTE_RAN_NEIGHBORLIST_LTECELL,LST LTE_CELL;MOD LTE_CELL,existing_mml_group_code_from_analysis,omcgo/data/model-library/standard-params-to-mml-tree-analysis-20260703.detail.csv,同一 target_group_code 已有 already_in_mml 参数，可复用该分组节点,,,,
Device.Services.FAPService.{i}.CellConfig.{i}.LTE.RAN.NeighborList.LTECell.{i}.TAC,parameter,READ_WRITE,U_INT,SI,邻区参数管理,{i},Device.Services.FAPService.{i}.CellConfig.{i}.LTE.RAN.NeighborList.LTECell.{i}.,DEVICE_SERVICES_FAPSERVICE_CELLCONFIG_LTE_RAN_NEIGHBORLIST_LTECELL,LST LTECELL;MOD LTECELL,YES_SAME_EXISTING_GROUP_CODE,high,SI,邻区参数管理,LTE 同系统邻区,Device.Services.FAPService.{i}.CellConfig.LTE.RAN.NeighborList.LTECell.{i}.,DEVICE_SERVICES_FAPSERVICE_CELLCONFIG_LTE_RAN_NEIGHBORLIST_LTECELL,LST LTE_CELL;MOD LTE_CELL,existing_mml_group_code_from_analysis,omcgo/data/model-library/standard-params-to-mml-tree-analysis-20260703.detail.csv,同一 target_group_code 已有 already_in_mml 参数，可复用该分组节点,,,,
Device.Services.FAPService.{i}.CellConfig.{i}.NR.RAN.NeighborList.LTECell.{i}.Blacklisted,parameter,READ_WRITE,STRING,SI,邻区参数管理,{i},Device.Services.FAPService.{i}.CellConfig.{i}.NR.RAN.NeighborList.LTECell.{i}.,DEVICE_SERVICES_FAPSERVICE_CELLCONFIG_NR_RAN_NEIGHBORLIST_LTECELL,LST LTECELL;MOD LTECELL,YES_EXISTING_JSON_PARENT_GROUP,medium,SF,小区服务参数管理（总体）,FAP 载波基本配置,Device.Services.FAPService.{i}.,,,json_seed_and_catalog_existing_group,omcgo/internal/config/parammodel/mmlstandardloader/seeds/cmcc_tdlte_v23.json; omcgo/datamodels/mml-catalog/cmcc-tdlte-v2.3.json,参数 path 位于现有 JSON/seed 分组对象路径之下，可挂到该父分组；需确认是否过宽,LTE邻区参数管理,中国移动5G扩展型皮基站网管南向接口数据模型规范v1.9.4.xlsx,SL,26
Device.Services.FAPService.{i}.CellConfig.{i}.NR.RAN.NeighborList.LTECell.{i}.ECGI,parameter,READ_WRITE,STRING,SI,邻区参数管理,{i},Device.Services.FAPService.{i}.CellConfig.{i}.NR.RAN.NeighborList.LTECell.{i}.,DEVICE_SERVICES_FAPSERVICE_CELLCONFIG_NR_RAN_NEIGHBORLIST_LTECELL,LST LTECELL;MOD LTECELL,YES_EXISTING_JSON_PARENT_GROUP,medium,SF,小区服务参数管理（总体）,FAP 载波基本配置,Device.Services.FAPService.{i}.,,,json_seed_and_catalog_existing_group,omcgo/internal/config/parammodel/mmlstandardloader/seeds/cmcc_tdlte_v23.json; omcgo/datamodels/mml-catalog/cmcc-tdlte-v2.3.json,参数 path 位于现有 JSON/seed 分组对象路径之下，可挂到该父分组；需确认是否过宽,,,,
Device.Services.FAPService.{i}.CellConfig.{i}.NR.RAN.NeighborList.LTECell.{i}.EnbType,parameter,READ_WRITE,STRING,SI,邻区参数管理,{i},Device.Services.FAPService.{i}.CellConfig.{i}.NR.RAN.NeighborList.LTECell.{i}.,DEVICE_SERVICES_FAPSERVICE_CELLCONFIG_NR_RAN_NEIGHBORLIST_LTECELL,LST LTECELL;MOD LTECELL,YES_EXISTING_JSON_PARENT_GROUP,medium,SF,小区服务参数管理（总体）,FAP 载波基本配置,Device.Services.FAPService.{i}.,,,json_seed_and_catalog_existing_group,omcgo/internal/config/parammodel/mmlstandardloader/seeds/cmcc_tdlte_v23.json; omcgo/datamodels/mml-catalog/cmcc-tdlte-v2.3.json,参数 path 位于现有 JSON/seed 分组对象路径之下，可挂到该父分组；需确认是否过宽,LTE邻区参数管理,中国移动5G扩展型皮基站网管南向接口数据模型规范v1.9.4.xlsx,SL,28
Device.Services.FAPService.{i}.CellConfig.{i}.NR.RAN.NeighborList.LTECell.{i}.NoRemoveEnable,parameter,READ_WRITE,STRING,SI,邻区参数管理,{i},Device.Services.FAPService.{i}.CellConfig.{i}.NR.RAN.NeighborList.LTECell.{i}.,DEVICE_SERVICES_FAPSERVICE_CELLCONFIG_NR_RAN_NEIGHBORLIST_LTECELL,LST LTECELL;MOD LTECELL,YES_EXISTING_JSON_PARENT_GROUP,medium,SF,小区服务参数管理（总体）,FAP 载波基本配置,Device.Services.FAPService.{i}.,,,json_seed_and_catalog_existing_group,omcgo/internal/config/parammodel/mmlstandardloader/seeds/cmcc_tdlte_v23.json; omcgo/datamodels/mml-catalog/cmcc-tdlte-v2.3.json,参数 path 位于现有 JSON/seed 分组对象路径之下，可挂到该父分组；需确认是否过宽,LTE邻区参数管理,中国移动5G扩展型皮基站网管南向接口数据模型规范v1.9.4.xlsx,SL,30
Device.Services.FAPService.{i}.CellConfig.{i}.NR.RAN.NeighborList.LTECell.{i}.QQualMinOffsetCell,parameter,READ_WRITE,STRING,SI,邻区参数管理,{i},Device.Services.FAPService.{i}.CellConfig.{i}.NR.RAN.NeighborList.LTECell.{i}.,DEVICE_SERVICES_FAPSERVICE_CELLCONFIG_NR_RAN_NEIGHBORLIST_LTECELL,LST LTECELL;MOD LTECELL,YES_EXISTING_JSON_PARENT_GROUP,medium,SF,小区服务参数管理（总体）,FAP 载波基本配置,Device.Services.FAPService.{i}.,,,json_seed_and_catalog_existing_group,omcgo/internal/config/parammodel/mmlstandardloader/seeds/cmcc_tdlte_v23.json; omcgo/datamodels/mml-catalog/cmcc-tdlte-v2.3.json,参数 path 位于现有 JSON/seed 分组对象路径之下，可挂到该父分组；需确认是否过宽,LTE邻区参数管理,中国移动5G扩展型皮基站网管南向接口数据模型规范v1.9.4.xlsx,SL,24
Device.Services.FAPService.{i}.CellConfig.{i}.NR.RAN.NeighborList.LTECell.{i}.QRxLevMinOffsetCell,parameter,READ_WRITE,STRING,SI,邻区参数管理,{i},Device.Services.FAPService.{i}.CellConfig.{i}.NR.RAN.NeighborList.LTECell.{i}.,DEVICE_SERVICES_FAPSERVICE_CELLCONFIG_NR_RAN_NEIGHBORLIST_LTECELL,LST LTECELL;MOD LTECELL,YES_EXISTING_JSON_PARENT_GROUP,medium,SF,小区服务参数管理（总体）,FAP 载波基本配置,Device.Services.FAPService.{i}.,,,json_seed_and_catalog_existing_group,omcgo/internal/config/parammodel/mmlstandardloader/seeds/cmcc_tdlte_v23.json; omcgo/datamodels/mml-catalog/cmcc-tdlte-v2.3.json,参数 path 位于现有 JSON/seed 分组对象路径之下，可挂到该父分组；需确认是否过宽,LTE邻区参数管理,中国移动5G扩展型皮基站网管南向接口数据模型规范v1.9.4.xlsx,SL,23
Device.Services.FAPService.{i}.CellConfig.{i}.NR.RAN.NeighborList.NRCell.{i}.Blacklisted,parameter,READ_WRITE,STRING,SI,邻区参数管理,{i},Device.Services.FAPService.{i}.CellConfig.{i}.NR.RAN.NeighborList.NRCell.{i}.,DEVICE_SERVICES_FAPSERVICE_CELLCONFIG_NR_RAN_NEIGHBORLIST_NRCELL,LST NRCELL;MOD NRCELL,YES_EXISTING_JSON_PARENT_GROUP,medium,SF,小区服务参数管理（总体）,FAP 载波基本配置,Device.Services.FAPService.{i}.,,,json_seed_and_catalog_existing_group,omcgo/internal/config/parammodel/mmlstandardloader/seeds/cmcc_tdlte_v23.json; omcgo/datamodels/mml-catalog/cmcc-tdlte-v2.3.json,参数 path 位于现有 JSON/seed 分组对象路径之下，可挂到该父分组；需确认是否过宽,5G邻区参数管理,NR v1.7.xlsx,SL,13
Device.Services.FAPService.{i}.CellConfig.{i}.NR.RAN.NeighborList.NRCell.{i}.CID,parameter,READ_WRITE,STRING,SI,邻区参数管理,{i},Device.Services.FAPService.{i}.CellConfig.{i}.NR.RAN.NeighborList.NRCell.{i}.,DEVICE_SERVICES_FAPSERVICE_CELLCONFIG_NR_RAN_NEIGHBORLIST_NRCELL,LST NRCELL;MOD NRCELL,YES_EXISTING_JSON_PARENT_GROUP,medium,SF,小区服务参数管理（总体）,FAP 载波基本配置,Device.Services.FAPService.{i}.,,,json_seed_and_catalog_existing_group,omcgo/internal/config/parammodel/mmlstandardloader/seeds/cmcc_tdlte_v23.json; omcgo/datamodels/mml-catalog/cmcc-tdlte-v2.3.json,参数 path 位于现有 JSON/seed 分组对象路径之下，可挂到该父分组；需确认是否过宽,5G邻区参数管理,中国移动5G扩展型皮基站网管南向接口数据模型规范v1.9.4.xlsx,SL,3
Device.Services.FAPService.{i}.CellConfig.{i}.NR.RAN.NeighborList.NRCell.{i}.CIO,parameter,READ_WRITE,STRING,SI,邻区参数管理,{i},Device.Services.FAPService.{i}.CellConfig.{i}.NR.RAN.NeighborList.NRCell.{i}.,DEVICE_SERVICES_FAPSERVICE_CELLCONFIG_NR_RAN_NEIGHBORLIST_NRCELL,LST NRCELL;MOD NRCELL,YES_EXISTING_JSON_PARENT_GROUP,medium,SF,小区服务参数管理（总体）,FAP 载波基本配置,Device.Services.FAPService.{i}.,,,json_seed_and_catalog_existing_group,omcgo/internal/config/parammodel/mmlstandardloader/seeds/cmcc_tdlte_v23.json; omcgo/datamodels/mml-catalog/cmcc-tdlte-v2.3.json,参数 path 位于现有 JSON/seed 分组对象路径之下，可挂到该父分组；需确认是否过宽,5G邻区参数管理,中国移动5G扩展型皮基站网管南向接口数据模型规范v1.9.4.xlsx,SL,13
Device.Services.FAPService.{i}.CellConfig.{i}.NR.RAN.NeighborList.NRCell.{i}.NRCarrierARFCN,parameter,READ_WRITE,STRING,SI,邻区参数管理,{i},Device.Services.FAPService.{i}.CellConfig.{i}.NR.RAN.NeighborList.NRCell.{i}.,DEVICE_SERVICES_FAPSERVICE_CELLCONFIG_NR_RAN_NEIGHBORLIST_NRCELL,LST NRCELL;MOD NRCELL,YES_EXISTING_JSON_PARENT_GROUP,medium,SF,小区服务参数管理（总体）,FAP 载波基本配置,Device.Services.FAPService.{i}.,,,json_seed_and_catalog_existing_group,omcgo/internal/config/parammodel/mmlstandardloader/seeds/cmcc_tdlte_v23.json; omcgo/datamodels/mml-catalog/cmcc-tdlte-v2.3.json,参数 path 位于现有 JSON/seed 分组对象路径之下，可挂到该父分组；需确认是否过宽,5G邻区参数管理,中国移动5G扩展型皮基站网管南向接口数据模型规范v1.9.4.xlsx,SL,5
Device.Services.FAPService.{i}.CellConfig.{i}.NR.RAN.NeighborList.NRCell.{i}.NoRemoveEnable,parameter,READ_WRITE,STRING,SI,邻区参数管理,{i},Device.Services.FAPService.{i}.CellConfig.{i}.NR.RAN.NeighborList.NRCell.{i}.,DEVICE_SERVICES_FAPSERVICE_CELLCONFIG_NR_RAN_NEIGHBORLIST_NRCELL,LST NRCELL;MOD NRCELL,YES_EXISTING_JSON_PARENT_GROUP,medium,SF,小区服务参数管理（总体）,FAP 载波基本配置,Device.Services.FAPService.{i}.,,,json_seed_and_catalog_existing_group,omcgo/internal/config/parammodel/mmlstandardloader/seeds/cmcc_tdlte_v23.json; omcgo/datamodels/mml-catalog/cmcc-tdlte-v2.3.json,参数 path 位于现有 JSON/seed 分组对象路径之下，可挂到该父分组；需确认是否过宽,5G邻区参数管理,中国移动5G扩展型皮基站网管南向接口数据模型规范v1.9.4.xlsx,SL,15
Device.Services.FAPService.{i}.CellConfig.{i}.NR.RAN.NeighborList.NRCell.{i}.PLMNID,parameter,READ_WRITE,STRING,SI,邻区参数管理,{i},Device.Services.FAPService.{i}.CellConfig.{i}.NR.RAN.NeighborList.NRCell.{i}.,DEVICE_SERVICES_FAPSERVICE_CELLCONFIG_NR_RAN_NEIGHBORLIST_NRCELL,LST NRCELL;MOD NRCELL,YES_EXISTING_JSON_PARENT_GROUP,medium,SF,小区服务参数管理（总体）,FAP 载波基本配置,Device.Services.FAPService.{i}.,,,json_seed_and_catalog_existing_group,omcgo/internal/config/parammodel/mmlstandardloader/seeds/cmcc_tdlte_v23.json; omcgo/datamodels/mml-catalog/cmcc-tdlte-v2.3.json,参数 path 位于现有 JSON/seed 分组对象路径之下，可挂到该父分组；需确认是否过宽,5G邻区参数管理,中国移动5G扩展型皮基站网管南向接口数据模型规范v1.9.4.xlsx,SL,2
Device.Services.FAPService.{i}.CellConfig.{i}.NR.RAN.NeighborList.NRCell.{i}.PhyCellID,parameter,READ_WRITE,STRING,SI,邻区参数管理,{i},Device.Services.FAPService.{i}.CellConfig.{i}.NR.RAN.NeighborList.NRCell.{i}.,DEVICE_SERVICES_FAPSERVICE_CELLCONFIG_NR_RAN_NEIGHBORLIST_NRCELL,LST NRCELL;MOD NRCELL,YES_EXISTING_JSON_PARENT_GROUP,medium,SF,小区服务参数管理（总体）,FAP 载波基本配置,Device.Services.FAPService.{i}.,,,json_seed_and_catalog_existing_group,omcgo/internal/config/parammodel/mmlstandardloader/seeds/cmcc_tdlte_v23.json; omcgo/datamodels/mml-catalog/cmcc-tdlte-v2.3.json,参数 path 位于现有 JSON/seed 分组对象路径之下，可挂到该父分组；需确认是否过宽,5G邻区参数管理,中国移动5G扩展型皮基站网管南向接口数据模型规范v1.9.4.xlsx,SL,8
Device.Services.FAPService.{i}.CellConfig.{i}.NR.RAN.NeighborList.NRCell.{i}.QQualMinOffsetCell,parameter,READ_WRITE,STRING,SI,邻区参数管理,{i},Device.Services.FAPService.{i}.CellConfig.{i}.NR.RAN.NeighborList.NRCell.{i}.,DEVICE_SERVICES_FAPSERVICE_CELLCONFIG_NR_RAN_NEIGHBORLIST_NRCELL,LST NRCELL;MOD NRCELL,YES_EXISTING_JSON_PARENT_GROUP,medium,SF,小区服务参数管理（总体）,FAP 载波基本配置,Device.Services.FAPService.{i}.,,,json_seed_and_catalog_existing_group,omcgo/internal/config/parammodel/mmlstandardloader/seeds/cmcc_tdlte_v23.json; omcgo/datamodels/mml-catalog/cmcc-tdlte-v2.3.json,参数 path 位于现有 JSON/seed 分组对象路径之下，可挂到该父分组；需确认是否过宽,5G邻区参数管理,中国移动5G扩展型皮基站网管南向接口数据模型规范v1.9.4.xlsx,SL,12
Device.Services.FAPService.{i}.CellConfig.{i}.NR.RAN.NeighborList.NRCell.{i}.QRxLevMinOffsetCell,parameter,READ_WRITE,STRING,SI,邻区参数管理,{i},Device.Services.FAPService.{i}.CellConfig.{i}.NR.RAN.NeighborList.NRCell.{i}.,DEVICE_SERVICES_FAPSERVICE_CELLCONFIG_NR_RAN_NEIGHBORLIST_NRCELL,LST NRCELL;MOD NRCELL,YES_EXISTING_JSON_PARENT_GROUP,medium,SF,小区服务参数管理（总体）,FAP 载波基本配置,Device.Services.FAPService.{i}.,,,json_seed_and_catalog_existing_group,omcgo/internal/config/parammodel/mmlstandardloader/seeds/cmcc_tdlte_v23.json; omcgo/datamodels/mml-catalog/cmcc-tdlte-v2.3.json,参数 path 位于现有 JSON/seed 分组对象路径之下，可挂到该父分组；需确认是否过宽,5G邻区参数管理,中国移动5G扩展型皮基站网管南向接口数据模型规范v1.9.4.xlsx,SL,11
Device.Services.FAPService.{i}.CellConfig.{i}.NR.RAN.NeighborList.NRCell.{i}.Qoffset,parameter,READ_WRITE,STRING,SI,邻区参数管理,{i},Device.Services.FAPService.{i}.CellConfig.{i}.NR.RAN.NeighborList.NRCell.{i}.,DEVICE_SERVICES_FAPSERVICE_CELLCONFIG_NR_RAN_NEIGHBORLIST_NRCELL,LST NRCELL;MOD NRCELL,YES_EXISTING_JSON_PARENT_GROUP,medium,SF,小区服务参数管理（总体）,FAP 载波基本配置,Device.Services.FAPService.{i}.,,,json_seed_and_catalog_existing_group,omcgo/internal/config/parammodel/mmlstandardloader/seeds/cmcc_tdlte_v23.json; omcgo/datamodels/mml-catalog/cmcc-tdlte-v2.3.json,参数 path 位于现有 JSON/seed 分组对象路径之下，可挂到该父分组；需确认是否过宽,5G邻区参数管理,中国移动5G扩展型皮基站网管南向接口数据模型规范v1.9.4.xlsx,SL,10
Device.Services.FAPService.{i}.CellConfig.{i}.NR.RAN.NeighborList.NRCell.{i}.TAC,parameter,READ_WRITE,STRING,SI,邻区参数管理,{i},Device.Services.FAPService.{i}.CellConfig.{i}.NR.RAN.NeighborList.NRCell.{i}.,DEVICE_SERVICES_FAPSERVICE_CELLCONFIG_NR_RAN_NEIGHBORLIST_NRCELL,LST NRCELL;MOD NRCELL,YES_EXISTING_JSON_PARENT_GROUP,medium,SF,小区服务参数管理（总体）,FAP 载波基本配置,Device.Services.FAPService.{i}.,,,json_seed_and_catalog_existing_group,omcgo/internal/config/parammodel/mmlstandardloader/seeds/cmcc_tdlte_v23.json; omcgo/datamodels/mml-catalog/cmcc-tdlte-v2.3.json,参数 path 位于现有 JSON/seed 分组对象路径之下，可挂到该父分组；需确认是否过宽,5G邻区参数管理,中国移动5G扩展型皮基站网管南向接口数据模型规范v1.9.4.xlsx,SL,9
Device.Services.FAPService.{i}.CellConfig.{i}.NR.RAN.NeighborList.NRCell.{i}.gNBIdLength,parameter,READ_WRITE,STRING,SI,邻区参数管理,{i},Device.Services.FAPService.{i}.CellConfig.{i}.NR.RAN.NeighborList.NRCell.{i}.,DEVICE_SERVICES_FAPSERVICE_CELLCONFIG_NR_RAN_NEIGHBORLIST_NRCELL,LST NRCELL;MOD NRCELL,YES_EXISTING_JSON_PARENT_GROUP,medium,SF,小区服务参数管理（总体）,FAP 载波基本配置,Device.Services.FAPService.{i}.,,,json_seed_and_catalog_existing_group,omcgo/internal/config/parammodel/mmlstandardloader/seeds/cmcc_tdlte_v23.json; omcgo/datamodels/mml-catalog/cmcc-tdlte-v2.3.json,参数 path 位于现有 JSON/seed 分组对象路径之下，可挂到该父分组；需确认是否过宽,5G邻区参数管理,中国移动5G扩展型皮基站网管南向接口数据模型规范v1.9.4.xlsx,SL,4
Device.Services.FAPService.{i}.CellConfig.{i}.NR.RAN.NeighborList.NRCell.{i}.ssbFrequency,parameter,READ_WRITE,STRING,SI,邻区参数管理,{i},Device.Services.FAPService.{i}.CellConfig.{i}.NR.RAN.NeighborList.NRCell.{i}.,DEVICE_SERVICES_FAPSERVICE_CELLCONFIG_NR_RAN_NEIGHBORLIST_NRCELL,LST NRCELL;MOD NRCELL,YES_EXISTING_JSON_PARENT_GROUP,medium,SF,小区服务参数管理（总体）,FAP 载波基本配置,Device.Services.FAPService.{i}.,,,json_seed_and_catalog_existing_group,omcgo/internal/config/parammodel/mmlstandardloader/seeds/cmcc_tdlte_v23.json; omcgo/datamodels/mml-catalog/cmcc-tdlte-v2.3.json,参数 path 位于现有 JSON/seed 分组对象路径之下，可挂到该父分组；需确认是否过宽,5G邻区参数管理,中国移动5G扩展型皮基站网管南向接口数据模型规范v1.9.4.xlsx,SL,6
Device.Services.FAPService.{i}.CellConfig.{i}.NR.RAN.NeighborList.NRCell.{i}.ssbSubcarrierSpacing,parameter,READ_WRITE,STRING,SI,邻区参数管理,{i},Device.Services.FAPService.{i}.CellConfig.{i}.NR.RAN.NeighborList.NRCell.{i}.,DEVICE_SERVICES_FAPSERVICE_CELLCONFIG_NR_RAN_NEIGHBORLIST_NRCELL,LST NRCELL;MOD NRCELL,YES_EXISTING_JSON_PARENT_GROUP,medium,SF,小区服务参数管理（总体）,FAP 载波基本配置,Device.Services.FAPService.{i}.,,,json_seed_and_catalog_existing_group,omcgo/internal/config/parammodel/mmlstandardloader/seeds/cmcc_tdlte_v23.json; omcgo/datamodels/mml-catalog/cmcc-tdlte-v2.3.json,参数 path 位于现有 JSON/seed 分组对象路径之下，可挂到该父分组；需确认是否过宽,5G邻区参数管理,中国移动5G扩展型皮基站网管南向接口数据模型规范v1.9.4.xlsx,SL,7
DeviceGSM.Bts.{i}.NeighborListMode,parameter,READ_ONLY,STRING,SI,邻区参数管理,{i},DeviceGSM.Bts.{i}.,DEVICEGSM_BTS,LST BTS,YES_QUICKSETTINGS_XML_GROUP,high,,,BTS 配置,,bsc-bts-config,,quicksettings_xml_exact_standardPath,omcgo/data/quicksettings/BSC.xml#bsc-bts-config:BTS 配置(NeighborListMode),quicksettings XML 已有同 standardPath 的前端分组,,,,
DeviceGSM.Bts.{i}.Si2quaterNeighborListAdd,parameter,READ_ONLY,STRING,SI,邻区参数管理,{i},DeviceGSM.Bts.{i}.,DEVICEGSM_BTS,LST BTS,YES_PARAM_MAPPING_XML_OBJECT,medium-low,,,Bts,DeviceGSM.Bts.,,,param_mapping_xml_object_prefix,omcgo/data/param-mappings/BSC.xml,param-mappings XML 已有对象前缀，可作为对象分组依据；缺少 MML 章节/中文组名,,,,
DeviceGSM.Bts.{i}.Si2quaterNeighborListDel,parameter,READ_ONLY,STRING,SI,邻区参数管理,{i},DeviceGSM.Bts.{i}.,DEVICEGSM_BTS,LST BTS,YES_PARAM_MAPPING_XML_OBJECT,medium-low,,,Bts,DeviceGSM.Bts.,,,param_mapping_xml_object_prefix,omcgo/data/param-mappings/BSC.xml,param-mappings XML 已有对象前缀，可作为对象分组依据；缺少 MML 章节/中文组名,,,,
Device.Services.FAPService.{i}.CellConfig.{i}.NR.RAN.Mobility.ConnMode.NR.A1MeasureCtrl.{i},parameter,READ_WRITE,STRING,SJ,移动性参数管理,A1MeasureCtrl,Device.Services.FAPService.{i}.CellConfig.{i}.NR.RAN.Mobility.ConnMode.NR.A1MeasureCtrl.,DEVICE_SERVICES_FAPSERVICE_CELLCONFIG_NR_RAN_MOBILITY_CONNMODE_NR_A1MEASURECTRL,LST A1_MEASURE_CTRL;MOD A1_MEASURE_CTRL,YES_EXISTING_JSON_PARENT_GROUP,medium,SF,小区服务参数管理（总体）,FAP 载波基本配置,Device.Services.FAPService.{i}.,,,json_seed_and_catalog_existing_group,omcgo/internal/config/parammodel/mmlstandardloader/seeds/cmcc_tdlte_v23.json; omcgo/datamodels/mml-catalog/cmcc-tdlte-v2.3.json,参数 path 位于现有 JSON/seed 分组对象路径之下，可挂到该父分组；需确认是否过宽,,,,
Device.Services.FAPService.{i}.CellConfig.{i}.NR.RAN.Mobility.ConnMode.NR.A2MeasureCtrl.{i},parameter,READ_WRITE,STRING,SJ,移动性参数管理,A2MeasureCtrl,Device.Services.FAPService.{i}.CellConfig.{i}.NR.RAN.Mobility.ConnMode.NR.A2MeasureCtrl.,DEVICE_SERVICES_FAPSERVICE_CELLCONFIG_NR_RAN_MOBILITY_CONNMODE_NR_A2MEASURECTRL,LST A2_MEASURE_CTRL;MOD A2_MEASURE_CTRL,YES_EXISTING_JSON_PARENT_GROUP,medium,SF,小区服务参数管理（总体）,FAP 载波基本配置,Device.Services.FAPService.{i}.,,,json_seed_and_catalog_existing_group,omcgo/internal/config/parammodel/mmlstandardloader/seeds/cmcc_tdlte_v23.json; omcgo/datamodels/mml-catalog/cmcc-tdlte-v2.3.json,参数 path 位于现有 JSON/seed 分组对象路径之下，可挂到该父分组；需确认是否过宽,,,,
Device.Services.FAPService.{i}.CellConfig.{i}.NR.RAN.Mobility.ConnMode.NR.A3MeasureCtrl.{i},parameter,READ_WRITE,STRING,SJ,移动性参数管理,A3MeasureCtrl,Device.Services.FAPService.{i}.CellConfig.{i}.NR.RAN.Mobility.ConnMode.NR.A3MeasureCtrl.,DEVICE_SERVICES_FAPSERVICE_CELLCONFIG_NR_RAN_MOBILITY_CONNMODE_NR_A3MEASURECTRL,LST A3_MEASURE_CTRL;MOD A3_MEASURE_CTRL,YES_EXISTING_JSON_PARENT_GROUP,medium,SF,小区服务参数管理（总体）,FAP 载波基本配置,Device.Services.FAPService.{i}.,,,json_seed_and_catalog_existing_group,omcgo/internal/config/parammodel/mmlstandardloader/seeds/cmcc_tdlte_v23.json; omcgo/datamodels/mml-catalog/cmcc-tdlte-v2.3.json,参数 path 位于现有 JSON/seed 分组对象路径之下，可挂到该父分组；需确认是否过宽,,,,
Device.Services.FAPService.{i}.CellConfig.{i}.NR.RAN.Mobility.ConnMode.NR.A4MeasureCtrl.{i},parameter,READ_WRITE,STRING,SJ,移动性参数管理,A4MeasureCtrl,Device.Services.FAPService.{i}.CellConfig.{i}.NR.RAN.Mobility.ConnMode.NR.A4MeasureCtrl.,DEVICE_SERVICES_FAPSERVICE_CELLCONFIG_NR_RAN_MOBILITY_CONNMODE_NR_A4MEASURECTRL,LST A4_MEASURE_CTRL;MOD A4_MEASURE_CTRL,YES_EXISTING_JSON_PARENT_GROUP,medium,SF,小区服务参数管理（总体）,FAP 载波基本配置,Device.Services.FAPService.{i}.,,,json_seed_and_catalog_existing_group,omcgo/internal/config/parammodel/mmlstandardloader/seeds/cmcc_tdlte_v23.json; omcgo/datamodels/mml-catalog/cmcc-tdlte-v2.3.json,参数 path 位于现有 JSON/seed 分组对象路径之下，可挂到该父分组；需确认是否过宽,,,,
Device.Services.FAPService.{i}.CellConfig.{i}.NR.RAN.Mobility.ConnMode.NR.A5MeasureCtrl.{i},parameter,READ_WRITE,STRING,SJ,移动性参数管理,A5MeasureCtrl,Device.Services.FAPService.{i}.CellConfig.{i}.NR.RAN.Mobility.ConnMode.NR.A5MeasureCtrl.,DEVICE_SERVICES_FAPSERVICE_CELLCONFIG_NR_RAN_MOBILITY_CONNMODE_NR_A5MEASURECTRL,LST A5_MEASURE_CTRL;MOD A5_MEASURE_CTRL,YES_EXISTING_JSON_PARENT_GROUP,medium,SF,小区服务参数管理（总体）,FAP 载波基本配置,Device.Services.FAPService.{i}.,,,json_seed_and_catalog_existing_group,omcgo/internal/config/parammodel/mmlstandardloader/seeds/cmcc_tdlte_v23.json; omcgo/datamodels/mml-catalog/cmcc-tdlte-v2.3.json,参数 path 位于现有 JSON/seed 分组对象路径之下，可挂到该父分组；需确认是否过宽,,,,
Device.Services.FAPService.{i}.CellConfig.{i}.NR.RAN.Mobility.ConnMode.IRAT.B1MeasureCtrl.{i},parameter,READ_WRITE,STRING,SJ,移动性参数管理,B1MeasureCtrl,Device.Services.FAPService.{i}.CellConfig.{i}.NR.RAN.Mobility.ConnMode.IRAT.B1MeasureCtrl.,DEVICE_SERVICES_FAPSERVICE_CELLCONFIG_NR_RAN_MOBILITY_CONNMODE_IRAT_B1MEASURECTRL,LST B1_MEASURE_CTRL;MOD B1_MEASURE_CTRL,YES_EXISTING_JSON_PARENT_GROUP,medium,SF,小区服务参数管理（总体）,FAP 载波基本配置,Device.Services.FAPService.{i}.,,,json_seed_and_catalog_existing_group,omcgo/internal/config/parammodel/mmlstandardloader/seeds/cmcc_tdlte_v23.json; omcgo/datamodels/mml-catalog/cmcc-tdlte-v2.3.json,参数 path 位于现有 JSON/seed 分组对象路径之下，可挂到该父分组；需确认是否过宽,,,,
Device.Services.FAPService.{i}.CellConfig.{i}.NR.RAN.Mobility.ConnMode.IRAT.B2MeasureCtrl.{i},parameter,READ_WRITE,STRING,SJ,移动性参数管理,B2MeasureCtrl,Device.Services.FAPService.{i}.CellConfig.{i}.NR.RAN.Mobility.ConnMode.IRAT.B2MeasureCtrl.,DEVICE_SERVICES_FAPSERVICE_CELLCONFIG_NR_RAN_MOBILITY_CONNMODE_IRAT_B2MEASURECTRL,LST B2_MEASURE_CTRL;MOD B2_MEASURE_CTRL,YES_EXISTING_JSON_PARENT_GROUP,medium,SF,小区服务参数管理（总体）,FAP 载波基本配置,Device.Services.FAPService.{i}.,,,json_seed_and_catalog_existing_group,omcgo/internal/config/parammodel/mmlstandardloader/seeds/cmcc_tdlte_v23.json; omcgo/datamodels/mml-catalog/cmcc-tdlte-v2.3.json,参数 path 位于现有 JSON/seed 分组对象路径之下，可挂到该父分组；需确认是否过宽,,,,
Device.Services.FAPService.{i}.CellConfig.LTE.RAN.Mobility.IdleMode.InterFreq.Carrier.{i},parameter,READ_WRITE,STRING,SJ,移动性参数管理,Carrier,Device.Services.FAPService.{i}.CellConfig.LTE.RAN.Mobility.IdleMode.InterFreq.Carrier.,DEVICE_SERVICES_FAPSERVICE_CELLCONFIG_LTE_RAN_MOBILITY_IDLEMODE_INTERFREQ_CARRIER,LST CARRIER;MOD CARRIER,YES_SAME_EXISTING_GROUP_CODE,high,SJ,移动性参数管理,空闲态异频载波,Device.Services.FAPService.{i}.CellConfig.LTE.RAN.Mobility.IdleMode.InterFreq.Carrier.{i}.,DEVICE_SERVICES_FAPSERVICE_CELLCONFIG_LTE_RAN_MOBILITY_IDLEMODE_INTERFREQ_CARRIER,LST CARRIER;MOD CARRIER,existing_mml_group_code_from_analysis,omcgo/data/model-library/standard-params-to-mml-tree-analysis-20260703.detail.csv,同一 target_group_code 已有 already_in_mml 参数，可复用该分组节点,,,,
Device.Services.FAPService.{i}.CellConfig.{i}.NR.RAN.Mobility.ConnMode.EUTRA.Carrier.{i},parameter,READ_WRITE,STRING,SJ,移动性参数管理,Carrier,Device.Services.FAPService.{i}.CellConfig.{i}.NR.RAN.Mobility.ConnMode.EUTRA.Carrier.,DEVICE_SERVICES_FAPSERVICE_CELLCONFIG_NR_RAN_MOBILITY_CONNMODE_EUTRA_CARRIER,LST CARRIER;MOD CARRIER,YES_EXISTING_JSON_PARENT_GROUP,medium,SF,小区服务参数管理（总体）,FAP 载波基本配置,Device.Services.FAPService.{i}.,,,json_seed_and_catalog_existing_group,omcgo/internal/config/parammodel/mmlstandardloader/seeds/cmcc_tdlte_v23.json; omcgo/datamodels/mml-catalog/cmcc-tdlte-v2.3.json,参数 path 位于现有 JSON/seed 分组对象路径之下，可挂到该父分组；需确认是否过宽,,,,
Device.Services.FAPService.{i}.CellConfig.{i}.NR.RAN.Mobility.ConnMode.NR.InterFreq.Carrier.{i},parameter,READ_WRITE,STRING,SJ,移动性参数管理,Carrier,Device.Services.FAPService.{i}.CellConfig.{i}.NR.RAN.Mobility.ConnMode.NR.InterFreq.Carrier.,DEVICE_SERVICES_FAPSERVICE_CELLCONFIG_NR_RAN_MOBILITY_CONNMODE_NR_INTERFREQ_CARRIER,LST CARRIER;MOD CARRIER,YES_EXISTING_JSON_PARENT_GROUP,medium,SF,小区服务参数管理（总体）,FAP 载波基本配置,Device.Services.FAPService.{i}.,,,json_seed_and_catalog_existing_group,omcgo/internal/config/parammodel/mmlstandardloader/seeds/cmcc_tdlte_v23.json; omcgo/datamodels/mml-catalog/cmcc-tdlte-v2.3.json,参数 path 位于现有 JSON/seed 分组对象路径之下，可挂到该父分组；需确认是否过宽,,,,
Device.Services.FAPService.{i}.CellConfig.{i}.NR.RAN.Mobility.IdleMode.EUTRA.Carrier.{i},parameter,READ_WRITE,STRING,SJ,移动性参数管理,Carrier,Device.Services.FAPService.{i}.CellConfig.{i}.NR.RAN.Mobility.IdleMode.EUTRA.Carrier.,DEVICE_SERVICES_FAPSERVICE_CELLCONFIG_NR_RAN_MOBILITY_IDLEMODE_EUTRA_CARRIER,LST CARRIER;MOD CARRIER,YES_EXISTING_JSON_PARENT_GROUP,medium,SF,小区服务参数管理（总体）,FAP 载波基本配置,Device.Services.FAPService.{i}.,,,json_seed_and_catalog_existing_group,omcgo/internal/config/parammodel/mmlstandardloader/seeds/cmcc_tdlte_v23.json; omcgo/datamodels/mml-catalog/cmcc-tdlte-v2.3.json,参数 path 位于现有 JSON/seed 分组对象路径之下，可挂到该父分组；需确认是否过宽,,,,
Device.Services.FAPService.{i}.CellConfig.{i}.NR.RAN.Mobility.IdleMode.InterFreq.Carrier.{i},parameter,READ_WRITE,STRING,SJ,移动性参数管理,Carrier,Device.Services.FAPService.{i}.CellConfig.{i}.NR.RAN.Mobility.IdleMode.InterFreq.Carrier.,DEVICE_SERVICES_FAPSERVICE_CELLCONFIG_NR_RAN_MOBILITY_IDLEMODE_INTERFREQ_CARRIER,LST CARRIER;MOD CARRIER,YES_EXISTING_JSON_PARENT_GROUP,medium,SF,小区服务参数管理（总体）,FAP 载波基本配置,Device.Services.FAPService.{i}.,,,json_seed_and_catalog_existing_group,omcgo/internal/config/parammodel/mmlstandardloader/seeds/cmcc_tdlte_v23.json; omcgo/datamodels/mml-catalog/cmcc-tdlte-v2.3.json,参数 path 位于现有 JSON/seed 分组对象路径之下，可挂到该父分组；需确认是否过宽,,,,
Device.Services.FAPService.{i}.CellConfig.{i}.NR.RAN.Mobility.IdleMode.Common.Qhyst,parameter,READ_WRITE,STRING,SJ,移动性参数管理,Common,Device.Services.FAPService.{i}.CellConfig.{i}.NR.RAN.Mobility.IdleMode.Common.,DEVICE_SERVICES_FAPSERVICE_CELLCONFIG_NR_RAN_MOBILITY_IDLEMODE_COMMON,LST COMMON;MOD COMMON,YES_EXISTING_JSON_PARENT_GROUP,medium,SF,小区服务参数管理（总体）,FAP 载波基本配置,Device.Services.FAPService.{i}.,,,json_seed_and_catalog_existing_group,omcgo/internal/config/parammodel/mmlstandardloader/seeds/cmcc_tdlte_v23.json; omcgo/datamodels/mml-catalog/cmcc-tdlte-v2.3.json,参数 path 位于现有 JSON/seed 分组对象路径之下，可挂到该父分组；需确认是否过宽,重选公共参数,中国移动5G扩展型皮基站网管南向接口数据模型规范v1.9.4.xlsx,SM,302
Device.Services.FAPService.{i}.CellConfig.{i}.NR.RAN.Mobility.IdleMode.IntraFreq.CellReselectionPriority,parameter,READ_WRITE,STRING,SJ,移动性参数管理,IntraFreq,Device.Services.FAPService.{i}.CellConfig.{i}.NR.RAN.Mobility.IdleMode.IntraFreq.,DEVICE_SERVICES_FAPSERVICE_CELLCONFIG_NR_RAN_MOBILITY_IDLEMODE_INTRAFREQ,LST INTRA_FREQ;MOD INTRA_FREQ,YES_EXISTING_JSON_PARENT_GROUP,medium,SF,小区服务参数管理（总体）,FAP 载波基本配置,Device.Services.FAPService.{i}.,,,json_seed_and_catalog_existing_group,omcgo/internal/config/parammodel/mmlstandardloader/seeds/cmcc_tdlte_v23.json; omcgo/datamodels/mml-catalog/cmcc-tdlte-v2.3.json,参数 path 位于现有 JSON/seed 分组对象路径之下，可挂到该父分组；需确认是否过宽,同频重选参数,中国移动5G扩展型皮基站网管南向接口数据模型规范v1.9.4.xlsx,SM,313
Device.Services.FAPService.{i}.CellConfig.{i}.NR.RAN.Mobility.IdleMode.IntraFreq.DeriveSSBIndexFromCell,parameter,READ_WRITE,STRING,SJ,移动性参数管理,IntraFreq,Device.Services.FAPService.{i}.CellConfig.{i}.NR.RAN.Mobility.IdleMode.IntraFreq.,DEVICE_SERVICES_FAPSERVICE_CELLCONFIG_NR_RAN_MOBILITY_IDLEMODE_INTRAFREQ,LST INTRA_FREQ;MOD INTRA_FREQ,YES_EXISTING_JSON_PARENT_GROUP,medium,SF,小区服务参数管理（总体）,FAP 载波基本配置,Device.Services.FAPService.{i}.,,,json_seed_and_catalog_existing_group,omcgo/internal/config/parammodel/mmlstandardloader/seeds/cmcc_tdlte_v23.json; omcgo/datamodels/mml-catalog/cmcc-tdlte-v2.3.json,参数 path 位于现有 JSON/seed 分组对象路径之下，可挂到该父分组；需确认是否过宽,同频重选参数,中国移动5G扩展型皮基站网管南向接口数据模型规范v1.9.4.xlsx,SM,320
Device.Services.FAPService.{i}.CellConfig.{i}.NR.RAN.Mobility.IdleMode.IntraFreq.QQualMinSIB1,parameter,READ_WRITE,STRING,SJ,移动性参数管理,IntraFreq,Device.Services.FAPService.{i}.CellConfig.{i}.NR.RAN.Mobility.IdleMode.IntraFreq.,DEVICE_SERVICES_FAPSERVICE_CELLCONFIG_NR_RAN_MOBILITY_IDLEMODE_INTRAFREQ,LST INTRA_FREQ;MOD INTRA_FREQ,YES_EXISTING_JSON_PARENT_GROUP,medium,SF,小区服务参数管理（总体）,FAP 载波基本配置,Device.Services.FAPService.{i}.,,,json_seed_and_catalog_existing_group,omcgo/internal/config/parammodel/mmlstandardloader/seeds/cmcc_tdlte_v23.json; omcgo/datamodels/mml-catalog/cmcc-tdlte-v2.3.json,参数 path 位于现有 JSON/seed 分组对象路径之下，可挂到该父分组；需确认是否过宽,同频重选参数,中国移动5G扩展型皮基站网管南向接口数据模型规范v1.9.4.xlsx,SM,319
Device.Services.FAPService.{i}.CellConfig.{i}.NR.RAN.Mobility.IdleMode.IntraFreq.QRxLevMinOffset,parameter,READ_WRITE,STRING,SJ,移动性参数管理,IntraFreq,Device.Services.FAPService.{i}.CellConfig.{i}.NR.RAN.Mobility.IdleMode.IntraFreq.,DEVICE_SERVICES_FAPSERVICE_CELLCONFIG_NR_RAN_MOBILITY_IDLEMODE_INTRAFREQ,LST INTRA_FREQ;MOD INTRA_FREQ,YES_EXISTING_JSON_PARENT_GROUP,medium,SF,小区服务参数管理（总体）,FAP 载波基本配置,Device.Services.FAPService.{i}.,,,json_seed_and_catalog_existing_group,omcgo/internal/config/parammodel/mmlstandardloader/seeds/cmcc_tdlte_v23.json; omcgo/datamodels/mml-catalog/cmcc-tdlte-v2.3.json,参数 path 位于现有 JSON/seed 分组对象路径之下，可挂到该父分组；需确认是否过宽,同频重选参数,中国移动5G扩展型皮基站网管南向接口数据模型规范v1.9.4.xlsx,SM,308
Device.Services.FAPService.{i}.CellConfig.{i}.NR.RAN.Mobility.IdleMode.IntraFreq.QRxLevMinSIB1,parameter,READ_WRITE,STRING,SJ,移动性参数管理,IntraFreq,Device.Services.FAPService.{i}.CellConfig.{i}.NR.RAN.Mobility.IdleMode.IntraFreq.,DEVICE_SERVICES_FAPSERVICE_CELLCONFIG_NR_RAN_MOBILITY_IDLEMODE_INTRAFREQ,LST INTRA_FREQ;MOD INTRA_FREQ,YES_EXISTING_JSON_PARENT_GROUP,medium,SF,小区服务参数管理（总体）,FAP 载波基本配置,Device.Services.FAPService.{i}.,,,json_seed_and_catalog_existing_group,omcgo/internal/config/parammodel/mmlstandardloader/seeds/cmcc_tdlte_v23.json; omcgo/datamodels/mml-catalog/cmcc-tdlte-v2.3.json,参数 path 位于现有 JSON/seed 分组对象路径之下，可挂到该父分组；需确认是否过宽,同频重选参数,中国移动5G扩展型皮基站网管南向接口数据模型规范v1.9.4.xlsx,SM,305
Device.Services.FAPService.{i}.CellConfig.{i}.NR.RAN.Mobility.IdleMode.IntraFreq.QRxLevMinSIB2,parameter,READ_WRITE,STRING,SJ,移动性参数管理,IntraFreq,Device.Services.FAPService.{i}.CellConfig.{i}.NR.RAN.Mobility.IdleMode.IntraFreq.,DEVICE_SERVICES_FAPSERVICE_CELLCONFIG_NR_RAN_MOBILITY_IDLEMODE_INTRAFREQ,LST INTRA_FREQ;MOD INTRA_FREQ,YES_EXISTING_JSON_PARENT_GROUP,medium,SF,小区服务参数管理（总体）,FAP 载波基本配置,Device.Services.FAPService.{i}.,,,json_seed_and_catalog_existing_group,omcgo/internal/config/parammodel/mmlstandardloader/seeds/cmcc_tdlte_v23.json; omcgo/datamodels/mml-catalog/cmcc-tdlte-v2.3.json,参数 path 位于现有 JSON/seed 分组对象路径之下，可挂到该父分组；需确认是否过宽,同频重选参数,中国移动5G扩展型皮基站网管南向接口数据模型规范v1.9.4.xlsx,SM,306
Device.Services.FAPService.{i}.CellConfig.{i}.NR.RAN.Mobility.IdleMode.IntraFreq.Qqualminoffset,parameter,READ_WRITE,STRING,SJ,移动性参数管理,IntraFreq,Device.Services.FAPService.{i}.CellConfig.{i}.NR.RAN.Mobility.IdleMode.IntraFreq.,DEVICE_SERVICES_FAPSERVICE_CELLCONFIG_NR_RAN_MOBILITY_IDLEMODE_INTRAFREQ,LST INTRA_FREQ;MOD INTRA_FREQ,YES_EXISTING_JSON_PARENT_GROUP,medium,SF,小区服务参数管理（总体）,FAP 载波基本配置,Device.Services.FAPService.{i}.,,,json_seed_and_catalog_existing_group,omcgo/internal/config/parammodel/mmlstandardloader/seeds/cmcc_tdlte_v23.json; omcgo/datamodels/mml-catalog/cmcc-tdlte-v2.3.json,参数 path 位于现有 JSON/seed 分组对象路径之下，可挂到该父分组；需确认是否过宽,同频重选参数,中国移动5G扩展型皮基站网管南向接口数据模型规范v1.9.4.xlsx,SM,307
Device.Services.FAPService.{i}.CellConfig.{i}.NR.RAN.Mobility.IdleMode.IntraFreq.SIntraSearchP,parameter,READ_WRITE,STRING,SJ,移动性参数管理,IntraFreq,Device.Services.FAPService.{i}.CellConfig.{i}.NR.RAN.Mobility.IdleMode.IntraFreq.,DEVICE_SERVICES_FAPSERVICE_CELLCONFIG_NR_RAN_MOBILITY_IDLEMODE_INTRAFREQ,LST INTRA_FREQ;MOD INTRA_FREQ,YES_EXISTING_JSON_PARENT_GROUP,medium,SF,小区服务参数管理（总体）,FAP 载波基本配置,Device.Services.FAPService.{i}.,,,json_seed_and_catalog_existing_group,omcgo/internal/config/parammodel/mmlstandardloader/seeds/cmcc_tdlte_v23.json; omcgo/datamodels/mml-catalog/cmcc-tdlte-v2.3.json,参数 path 位于现有 JSON/seed 分组对象路径之下，可挂到该父分组；需确认是否过宽,同频重选参数,中国移动5G扩展型皮基站网管南向接口数据模型规范v1.9.4.xlsx,SM,310
Device.Services.FAPService.{i}.CellConfig.{i}.NR.RAN.Mobility.IdleMode.IntraFreq.SNonIntraSearchP,parameter,READ_WRITE,STRING,SJ,移动性参数管理,IntraFreq,Device.Services.FAPService.{i}.CellConfig.{i}.NR.RAN.Mobility.IdleMode.IntraFreq.,DEVICE_SERVICES_FAPSERVICE_CELLCONFIG_NR_RAN_MOBILITY_IDLEMODE_INTRAFREQ,LST INTRA_FREQ;MOD INTRA_FREQ,YES_EXISTING_JSON_PARENT_GROUP,medium,SF,小区服务参数管理（总体）,FAP 载波基本配置,Device.Services.FAPService.{i}.,,,json_seed_and_catalog_existing_group,omcgo/internal/config/parammodel/mmlstandardloader/seeds/cmcc_tdlte_v23.json; omcgo/datamodels/mml-catalog/cmcc-tdlte-v2.3.json,参数 path 位于现有 JSON/seed 分组对象路径之下，可挂到该父分组；需确认是否过宽,同频重选参数,中国移动5G扩展型皮基站网管南向接口数据模型规范v1.9.4.xlsx,SM,323
Device.Services.FAPService.{i}.CellConfig.{i}.NR.RAN.Mobility.IdleMode.IntraFreq.SNonIntraSearchQ,parameter,READ_WRITE,STRING,SJ,移动性参数管理,IntraFreq,Device.Services.FAPService.{i}.CellConfig.{i}.NR.RAN.Mobility.IdleMode.IntraFreq.,DEVICE_SERVICES_FAPSERVICE_CELLCONFIG_NR_RAN_MOBILITY_IDLEMODE_INTRAFREQ,LST INTRA_FREQ;MOD INTRA_FREQ,YES_EXISTING_JSON_PARENT_GROUP,medium,SF,小区服务参数管理（总体）,FAP 载波基本配置,Device.Services.FAPService.{i}.,,,json_seed_and_catalog_existing_group,omcgo/internal/config/parammodel/mmlstandardloader/seeds/cmcc_tdlte_v23.json; omcgo/datamodels/mml-catalog/cmcc-tdlte-v2.3.json,参数 path 位于现有 JSON/seed 分组对象路径之下，可挂到该父分组；需确认是否过宽,同频重选参数,中国移动5G扩展型皮基站网管南向接口数据模型规范v1.9.4.xlsx,SM,324
Device.Services.FAPService.{i}.CellConfig.{i}.NR.RAN.Mobility.IdleMode.IntraFreq.TReselectionNR,parameter,READ_WRITE,STRING,SJ,移动性参数管理,IntraFreq,Device.Services.FAPService.{i}.CellConfig.{i}.NR.RAN.Mobility.IdleMode.IntraFreq.,DEVICE_SERVICES_FAPSERVICE_CELLCONFIG_NR_RAN_MOBILITY_IDLEMODE_INTRAFREQ,LST INTRA_FREQ;MOD INTRA_FREQ,YES_EXISTING_JSON_PARENT_GROUP,medium,SF,小区服务参数管理（总体）,FAP 载波基本配置,Device.Services.FAPService.{i}.,,,json_seed_and_catalog_existing_group,omcgo/internal/config/parammodel/mmlstandardloader/seeds/cmcc_tdlte_v23.json; omcgo/datamodels/mml-catalog/cmcc-tdlte-v2.3.json,参数 path 位于现有 JSON/seed 分组对象路径之下，可挂到该父分组；需确认是否过宽,同频重选参数,中国移动5G扩展型皮基站网管南向接口数据模型规范v1.9.4.xlsx,SM,312
Device.Services.FAPService.{i}.CellConfig.{i}.NR.RAN.Mobility.IdleMode.IntraFreq.ThreshServingLowP,parameter,READ_WRITE,STRING,SJ,移动性参数管理,IntraFreq,Device.Services.FAPService.{i}.CellConfig.{i}.NR.RAN.Mobility.IdleMode.IntraFreq.,DEVICE_SERVICES_FAPSERVICE_CELLCONFIG_NR_RAN_MOBILITY_IDLEMODE_INTRAFREQ,LST INTRA_FREQ;MOD INTRA_FREQ,YES_EXISTING_JSON_PARENT_GROUP,medium,SF,小区服务参数管理（总体）,FAP 载波基本配置,Device.Services.FAPService.{i}.,,,json_seed_and_catalog_existing_group,omcgo/internal/config/parammodel/mmlstandardloader/seeds/cmcc_tdlte_v23.json; omcgo/datamodels/mml-catalog/cmcc-tdlte-v2.3.json,参数 path 位于现有 JSON/seed 分组对象路径之下，可挂到该父分组；需确认是否过宽,同频重选参数,中国移动5G扩展型皮基站网管南向接口数据模型规范v1.9.4.xlsx,SM,316
Device.Services.FAPService.{i}.CellConfig.{i}.NR.RAN.Mobility.ConnMode.NR.MeasureCtrl.MobilityStrategy,parameter,READ_WRITE,STRING,SJ,移动性参数管理,MeasureCtrl,Device.Services.FAPService.{i}.CellConfig.{i}.NR.RAN.Mobility.ConnMode.NR.MeasureCtrl.,DEVICE_SERVICES_FAPSERVICE_CELLCONFIG_NR_RAN_MOBILITY_CONNMODE_NR_MEASURECTRL,LST MEASURE_CTRL;MOD MEASURE_CTRL,YES_EXISTING_JSON_PARENT_GROUP,medium,SF,小区服务参数管理（总体）,FAP 载波基本配置,Device.Services.FAPService.{i}.,,,json_seed_and_catalog_existing_group,omcgo/internal/config/parammodel/mmlstandardloader/seeds/cmcc_tdlte_v23.json; omcgo/datamodels/mml-catalog/cmcc-tdlte-v2.3.json,参数 path 位于现有 JSON/seed 分组对象路径之下，可挂到该父分组；需确认是否过宽,,,,
Device.Services.FAPService.{i}.CellConfig.{i}.NR.RAN.Mobility.ConnMode.NR.PeriodMeasCtrl.{i},parameter,READ_WRITE,STRING,SJ,移动性参数管理,PeriodMeasCtrl,Device.Services.FAPService.{i}.CellConfig.{i}.NR.RAN.Mobility.ConnMode.NR.PeriodMeasCtrl.,DEVICE_SERVICES_FAPSERVICE_CELLCONFIG_NR_RAN_MOBILITY_CONNMODE_NR_PERIODMEASCTRL,LST PERIOD_MEAS_CTRL;MOD PERIOD_MEAS_CTRL,YES_EXISTING_JSON_PARENT_GROUP,medium,SF,小区服务参数管理（总体）,FAP 载波基本配置,Device.Services.FAPService.{i}.,,,json_seed_and_catalog_existing_group,omcgo/internal/config/parammodel/mmlstandardloader/seeds/cmcc_tdlte_v23.json; omcgo/datamodels/mml-catalog/cmcc-tdlte-v2.3.json,参数 path 位于现有 JSON/seed 分组对象路径之下，可挂到该父分组；需确认是否过宽,多实例Object个数读写属性,中国移动5G扩展型皮基站网管南向接口数据模型规范v1.9.4.xlsx,多实例参数Object个数读写属性,51
Device.Services.FAPService.{i}.CellConfig.LTE.RAN.Mobility.ConnMode.IRAT.X_COM_UTRANTDD.B2Threshold2UTRATDDRSCP,parameter,READ_WRITE,STRING,SJ,移动性参数管理,X_COM_UTRANTDD,Device.Services.FAPService.{i}.CellConfig.LTE.RAN.Mobility.ConnMode.IRAT.X_COM_UTRANTDD.,DEVICE_SERVICES_FAPSERVICE_CELLCONFIG_LTE_RAN_MOBILITY_CONNMODE_IRAT_X_COM_UTRANTDD,LST X_COM_UTRANTDD;MOD X_COM_UTRANTDD,YES_EXISTING_JSON_PARENT_GROUP,medium,SJ,移动性参数管理,连接态 IRAT 测量,Device.Services.FAPService.{i}.CellConfig.LTE.RAN.Mobility.ConnMode.IRAT.,,,json_seed_and_catalog_existing_group,omcgo/internal/config/parammodel/mmlstandardloader/seeds/cmcc_tdlte_v23.json; omcgo/datamodels/mml-catalog/cmcc-tdlte-v2.3.json,参数 path 位于现有 JSON/seed 分组对象路径之下，可挂到该父分组；需确认是否过宽,,,,
Device.Services.FAPService.{i}.CellConfig.{i}.LTE.RAN.Mobility.IdleMode.InterFreq.Carrier.{i}.CellReselectionPriority,parameter,READ_WRITE,U_INT,SJ,移动性参数管理,{i},Device.Services.FAPService.{i}.CellConfig.{i}.LTE.RAN.Mobility.IdleMode.InterFreq.Carrier.{i}.,DEVICE_SERVICES_FAPSERVICE_CELLCONFIG_LTE_RAN_MOBILITY_IDLEMODE_INTERFREQ_CARRIER,LST CARRIER;MOD CARRIER,YES_SAME_EXISTING_GROUP_CODE,high,SJ,移动性参数管理,空闲态异频载波,Device.Services.FAPService.{i}.CellConfig.LTE.RAN.Mobility.IdleMode.InterFreq.Carrier.{i}.,DEVICE_SERVICES_FAPSERVICE_CELLCONFIG_LTE_RAN_MOBILITY_IDLEMODE_INTERFREQ_CARRIER,LST CARRIER;MOD CARRIER,existing_mml_group_code_from_analysis,omcgo/data/model-library/standard-params-to-mml-tree-analysis-20260703.detail.csv,同一 target_group_code 已有 already_in_mml 参数，可复用该分组节点,,,,
Device.Services.FAPService.{i}.CellConfig.{i}.LTE.RAN.Mobility.IdleMode.InterFreq.Carrier.{i}.EUTRACarrierARFCN,parameter,READ_WRITE,U_INT,SJ,移动性参数管理,{i},Device.Services.FAPService.{i}.CellConfig.{i}.LTE.RAN.Mobility.IdleMode.InterFreq.Carrier.{i}.,DEVICE_SERVICES_FAPSERVICE_CELLCONFIG_LTE_RAN_MOBILITY_IDLEMODE_INTERFREQ_CARRIER,LST CARRIER;MOD CARRIER,YES_SAME_EXISTING_GROUP_CODE,high,SJ,移动性参数管理,空闲态异频载波,Device.Services.FAPService.{i}.CellConfig.LTE.RAN.Mobility.IdleMode.InterFreq.Carrier.{i}.,DEVICE_SERVICES_FAPSERVICE_CELLCONFIG_LTE_RAN_MOBILITY_IDLEMODE_INTERFREQ_CARRIER,LST CARRIER;MOD CARRIER,existing_mml_group_code_from_analysis,omcgo/data/model-library/standard-params-to-mml-tree-analysis-20260703.detail.csv,同一 target_group_code 已有 already_in_mml 参数，可复用该分组节点,,,,
Device.Services.FAPService.{i}.CellConfig.{i}.LTE.RAN.Mobility.IdleMode.InterFreq.Carrier.{i}.PMax,parameter,READ_WRITE,INT,SJ,移动性参数管理,{i},Device.Services.FAPService.{i}.CellConfig.{i}.LTE.RAN.Mobility.IdleMode.InterFreq.Carrier.{i}.,DEVICE_SERVICES_FAPSERVICE_CELLCONFIG_LTE_RAN_MOBILITY_IDLEMODE_INTERFREQ_CARRIER,LST CARRIER;MOD CARRIER,YES_SAME_EXISTING_GROUP_CODE,high,SJ,移动性参数管理,空闲态异频载波,Device.Services.FAPService.{i}.CellConfig.LTE.RAN.Mobility.IdleMode.InterFreq.Carrier.{i}.,DEVICE_SERVICES_FAPSERVICE_CELLCONFIG_LTE_RAN_MOBILITY_IDLEMODE_INTERFREQ_CARRIER,LST CARRIER;MOD CARRIER,existing_mml_group_code_from_analysis,omcgo/data/model-library/standard-params-to-mml-tree-analysis-20260703.detail.csv,同一 target_group_code 已有 already_in_mml 参数，可复用该分组节点,,,,
Device.Services.FAPService.{i}.CellConfig.{i}.LTE.RAN.Mobility.IdleMode.InterFreq.Carrier.{i}.QOffsetFreq,parameter,READ_WRITE,INT,SJ,移动性参数管理,{i},Device.Services.FAPService.{i}.CellConfig.{i}.LTE.RAN.Mobility.IdleMode.InterFreq.Carrier.{i}.,DEVICE_SERVICES_FAPSERVICE_CELLCONFIG_LTE_RAN_MOBILITY_IDLEMODE_INTERFREQ_CARRIER,LST CARRIER;MOD CARRIER,YES_SAME_EXISTING_GROUP_CODE,high,SJ,移动性参数管理,空闲态异频载波,Device.Services.FAPService.{i}.CellConfig.LTE.RAN.Mobility.IdleMode.InterFreq.Carrier.{i}.,DEVICE_SERVICES_FAPSERVICE_CELLCONFIG_LTE_RAN_MOBILITY_IDLEMODE_INTERFREQ_CARRIER,LST CARRIER;MOD CARRIER,existing_mml_group_code_from_analysis,omcgo/data/model-library/standard-params-to-mml-tree-analysis-20260703.detail.csv,同一 target_group_code 已有 already_in_mml 参数，可复用该分组节点,,,,
Device.Services.FAPService.{i}.CellConfig.{i}.LTE.RAN.Mobility.IdleMode.InterFreq.Carrier.{i}.QRxLevMinSIB5,parameter,READ_WRITE,INT,SJ,移动性参数管理,{i},Device.Services.FAPService.{i}.CellConfig.{i}.LTE.RAN.Mobility.IdleMode.InterFreq.Carrier.{i}.,DEVICE_SERVICES_FAPSERVICE_CELLCONFIG_LTE_RAN_MOBILITY_IDLEMODE_INTERFREQ_CARRIER,LST CARRIER;MOD CARRIER,YES_SAME_EXISTING_GROUP_CODE,high,SJ,移动性参数管理,空闲态异频载波,Device.Services.FAPService.{i}.CellConfig.LTE.RAN.Mobility.IdleMode.InterFreq.Carrier.{i}.,DEVICE_SERVICES_FAPSERVICE_CELLCONFIG_LTE_RAN_MOBILITY_IDLEMODE_INTERFREQ_CARRIER,LST CARRIER;MOD CARRIER,existing_mml_group_code_from_analysis,omcgo/data/model-library/standard-params-to-mml-tree-analysis-20260703.detail.csv,同一 target_group_code 已有 already_in_mml 参数，可复用该分组节点,,,,
Device.Services.FAPService.{i}.CellConfig.{i}.LTE.RAN.Mobility.IdleMode.InterFreq.Carrier.{i}.ThreshXHigh,parameter,READ_WRITE,U_INT,SJ,移动性参数管理,{i},Device.Services.FAPService.{i}.CellConfig.{i}.LTE.RAN.Mobility.IdleMode.InterFreq.Carrier.{i}.,DEVICE_SERVICES_FAPSERVICE_CELLCONFIG_LTE_RAN_MOBILITY_IDLEMODE_INTERFREQ_CARRIER,LST CARRIER;MOD CARRIER,YES_SAME_EXISTING_GROUP_CODE,high,SJ,移动性参数管理,空闲态异频载波,Device.Services.FAPService.{i}.CellConfig.LTE.RAN.Mobility.IdleMode.InterFreq.Carrier.{i}.,DEVICE_SERVICES_FAPSERVICE_CELLCONFIG_LTE_RAN_MOBILITY_IDLEMODE_INTERFREQ_CARRIER,LST CARRIER;MOD CARRIER,existing_mml_group_code_from_analysis,omcgo/data/model-library/standard-params-to-mml-tree-analysis-20260703.detail.csv,同一 target_group_code 已有 already_in_mml 参数，可复用该分组节点,,,,
Device.Services.FAPService.{i}.CellConfig.{i}.LTE.RAN.Mobility.IdleMode.InterFreq.Carrier.{i}.ThreshXLow,parameter,READ_WRITE,U_INT,SJ,移动性参数管理,{i},Device.Services.FAPService.{i}.CellConfig.{i}.LTE.RAN.Mobility.IdleMode.InterFreq.Carrier.{i}.,DEVICE_SERVICES_FAPSERVICE_CELLCONFIG_LTE_RAN_MOBILITY_IDLEMODE_INTERFREQ_CARRIER,LST CARRIER;MOD CARRIER,YES_SAME_EXISTING_GROUP_CODE,high,SJ,移动性参数管理,空闲态异频载波,Device.Services.FAPService.{i}.CellConfig.LTE.RAN.Mobility.IdleMode.InterFreq.Carrier.{i}.,DEVICE_SERVICES_FAPSERVICE_CELLCONFIG_LTE_RAN_MOBILITY_IDLEMODE_INTERFREQ_CARRIER,LST CARRIER;MOD CARRIER,existing_mml_group_code_from_analysis,omcgo/data/model-library/standard-params-to-mml-tree-analysis-20260703.detail.csv,同一 target_group_code 已有 already_in_mml 参数，可复用该分组节点,,,,
Device.Services.FAPService.{i}.CellConfig.{i}.NR.RAN.Mobility.ConnMode.EUTRA.Carrier.{i}.AllowedMeasBandwidth,parameter,READ_WRITE,STRING,SJ,移动性参数管理,{i},Device.Services.FAPService.{i}.CellConfig.{i}.NR.RAN.Mobility.ConnMode.EUTRA.Carrier.{i}.,DEVICE_SERVICES_FAPSERVICE_CELLCONFIG_NR_RAN_MOBILITY_CONNMODE_EUTRA_CARRIER,LST CARRIER;MOD CARRIER,YES_EXISTING_JSON_PARENT_GROUP,medium,SF,小区服务参数管理（总体）,FAP 载波基本配置,Device.Services.FAPService.{i}.,,,json_seed_and_catalog_existing_group,omcgo/internal/config/parammodel/mmlstandardloader/seeds/cmcc_tdlte_v23.json; omcgo/datamodels/mml-catalog/cmcc-tdlte-v2.3.json,参数 path 位于现有 JSON/seed 分组对象路径之下，可挂到该父分组；需确认是否过宽,,,,
Device.Services.FAPService.{i}.CellConfig.{i}.NR.RAN.Mobility.ConnMode.EUTRA.Carrier.{i}.PresenceAntennaPort1,parameter,READ_WRITE,STRING,SJ,移动性参数管理,{i},Device.Services.FAPService.{i}.CellConfig.{i}.NR.RAN.Mobility.ConnMode.EUTRA.Carrier.{i}.,DEVICE_SERVICES_FAPSERVICE_CELLCONFIG_NR_RAN_MOBILITY_CONNMODE_EUTRA_CARRIER,LST CARRIER;MOD CARRIER,YES_EXISTING_JSON_PARENT_GROUP,medium,SF,小区服务参数管理（总体）,FAP 载波基本配置,Device.Services.FAPService.{i}.,,,json_seed_and_catalog_existing_group,omcgo/internal/config/parammodel/mmlstandardloader/seeds/cmcc_tdlte_v23.json; omcgo/datamodels/mml-catalog/cmcc-tdlte-v2.3.json,参数 path 位于现有 JSON/seed 分组对象路径之下，可挂到该父分组；需确认是否过宽,,,,
Device.Services.FAPService.{i}.CellConfig.{i}.NR.RAN.Mobility.ConnMode.EUTRA.Carrier.{i}.QQualMin,parameter,READ_WRITE,STRING,SJ,移动性参数管理,{i},Device.Services.FAPService.{i}.CellConfig.{i}.NR.RAN.Mobility.ConnMode.EUTRA.Carrier.{i}.,DEVICE_SERVICES_FAPSERVICE_CELLCONFIG_NR_RAN_MOBILITY_CONNMODE_EUTRA_CARRIER,LST CARRIER;MOD CARRIER,YES_EXISTING_JSON_PARENT_GROUP,medium,SF,小区服务参数管理（总体）,FAP 载波基本配置,Device.Services.FAPService.{i}.,,,json_seed_and_catalog_existing_group,omcgo/internal/config/parammodel/mmlstandardloader/seeds/cmcc_tdlte_v23.json; omcgo/datamodels/mml-catalog/cmcc-tdlte-v2.3.json,参数 path 位于现有 JSON/seed 分组对象路径之下，可挂到该父分组；需确认是否过宽,,,,
Device.Services.FAPService.{i}.CellConfig.{i}.NR.RAN.Mobility.ConnMode.EUTRA.Carrier.{i}.WideBandRsrqMeas,parameter,READ_WRITE,STRING,SJ,移动性参数管理,{i},Device.Services.FAPService.{i}.CellConfig.{i}.NR.RAN.Mobility.ConnMode.EUTRA.Carrier.{i}.,DEVICE_SERVICES_FAPSERVICE_CELLCONFIG_NR_RAN_MOBILITY_CONNMODE_EUTRA_CARRIER,LST CARRIER;MOD CARRIER,YES_EXISTING_JSON_PARENT_GROUP,medium,SF,小区服务参数管理（总体）,FAP 载波基本配置,Device.Services.FAPService.{i}.,,,json_seed_and_catalog_existing_group,omcgo/internal/config/parammodel/mmlstandardloader/seeds/cmcc_tdlte_v23.json; omcgo/datamodels/mml-catalog/cmcc-tdlte-v2.3.json,参数 path 位于现有 JSON/seed 分组对象路径之下，可挂到该父分组；需确认是否过宽,,,,
Device.Services.FAPService.{i}.CellConfig.{i}.NR.RAN.Mobility.ConnMode.IRAT.B1MeasureCtrl.{i}.B1ThresholdEUTRARsrp,parameter,READ_WRITE,STRING,SJ,移动性参数管理,{i},Device.Services.FAPService.{i}.CellConfig.{i}.NR.RAN.Mobility.ConnMode.IRAT.B1MeasureCtrl.{i}.,DEVICE_SERVICES_FAPSERVICE_CELLCONFIG_NR_RAN_MOBILITY_CONNMODE_IRAT_B1MEASURECTRL,LST B1_MEASURE_CTRL;MOD B1_MEASURE_CTRL,YES_EXISTING_JSON_PARENT_GROUP,medium,SF,小区服务参数管理（总体）,FAP 载波基本配置,Device.Services.FAPService.{i}.,,,json_seed_and_catalog_existing_group,omcgo/internal/config/parammodel/mmlstandardloader/seeds/cmcc_tdlte_v23.json; omcgo/datamodels/mml-catalog/cmcc-tdlte-v2.3.json,参数 path 位于现有 JSON/seed 分组对象路径之下，可挂到该父分组；需确认是否过宽,B1事件测量控制参数,中国移动5G扩展型皮基站网管南向接口数据模型规范v1.9.4.xlsx,SM,241
Device.Services.FAPService.{i}.CellConfig.{i}.NR.RAN.Mobility.ConnMode.IRAT.B1MeasureCtrl.{i}.B1ThresholdEUTRARsrq,parameter,READ_WRITE,STRING,SJ,移动性参数管理,{i},Device.Services.FAPService.{i}.CellConfig.{i}.NR.RAN.Mobility.ConnMode.IRAT.B1MeasureCtrl.{i}.,DEVICE_SERVICES_FAPSERVICE_CELLCONFIG_NR_RAN_MOBILITY_CONNMODE_IRAT_B1MEASURECTRL,LST B1_MEASURE_CTRL;MOD B1_MEASURE_CTRL,YES_EXISTING_JSON_PARENT_GROUP,medium,SF,小区服务参数管理（总体）,FAP 载波基本配置,Device.Services.FAPService.{i}.,,,json_seed_and_catalog_existing_group,omcgo/internal/config/parammodel/mmlstandardloader/seeds/cmcc_tdlte_v23.json; omcgo/datamodels/mml-catalog/cmcc-tdlte-v2.3.json,参数 path 位于现有 JSON/seed 分组对象路径之下，可挂到该父分组；需确认是否过宽,B1事件测量控制参数,中国移动5G扩展型皮基站网管南向接口数据模型规范v1.9.4.xlsx,SM,242
Device.Services.FAPService.{i}.CellConfig.{i}.NR.RAN.Mobility.ConnMode.IRAT.B1MeasureCtrl.{i}.B1ThresholdEUTRASinr,parameter,READ_WRITE,STRING,SJ,移动性参数管理,{i},Device.Services.FAPService.{i}.CellConfig.{i}.NR.RAN.Mobility.ConnMode.IRAT.B1MeasureCtrl.{i}.,DEVICE_SERVICES_FAPSERVICE_CELLCONFIG_NR_RAN_MOBILITY_CONNMODE_IRAT_B1MEASURECTRL,LST B1_MEASURE_CTRL;MOD B1_MEASURE_CTRL,YES_EXISTING_JSON_PARENT_GROUP,medium,SF,小区服务参数管理（总体）,FAP 载波基本配置,Device.Services.FAPService.{i}.,,,json_seed_and_catalog_existing_group,omcgo/internal/config/parammodel/mmlstandardloader/seeds/cmcc_tdlte_v23.json; omcgo/datamodels/mml-catalog/cmcc-tdlte-v2.3.json,参数 path 位于现有 JSON/seed 分组对象路径之下，可挂到该父分组；需确认是否过宽,B1事件测量控制参数,中国移动5G扩展型皮基站网管南向接口数据模型规范v1.9.4.xlsx,SM,243
Device.Services.FAPService.{i}.CellConfig.{i}.NR.RAN.Mobility.ConnMode.IRAT.B1MeasureCtrl.{i}.Enable,parameter,READ_WRITE,STRING,SJ,移动性参数管理,{i},Device.Services.FAPService.{i}.CellConfig.{i}.NR.RAN.Mobility.ConnMode.IRAT.B1MeasureCtrl.{i}.,DEVICE_SERVICES_FAPSERVICE_CELLCONFIG_NR_RAN_MOBILITY_CONNMODE_IRAT_B1MEASURECTRL,LST B1_MEASURE_CTRL;MOD B1_MEASURE_CTRL,YES_EXISTING_JSON_PARENT_GROUP,medium,SF,小区服务参数管理（总体）,FAP 载波基本配置,Device.Services.FAPService.{i}.,,,json_seed_and_catalog_existing_group,omcgo/internal/config/parammodel/mmlstandardloader/seeds/cmcc_tdlte_v23.json; omcgo/datamodels/mml-catalog/cmcc-tdlte-v2.3.json,参数 path 位于现有 JSON/seed 分组对象路径之下，可挂到该父分组；需确认是否过宽,B1事件测量控制参数,中国移动5G扩展型皮基站网管南向接口数据模型规范v1.9.4.xlsx,SM,239
Device.Services.FAPService.{i}.CellConfig.{i}.NR.RAN.Mobility.ConnMode.IRAT.B1MeasureCtrl.{i}.Hysteresis,parameter,READ_WRITE,STRING,SJ,移动性参数管理,{i},Device.Services.FAPService.{i}.CellConfig.{i}.NR.RAN.Mobility.ConnMode.IRAT.B1MeasureCtrl.{i}.,DEVICE_SERVICES_FAPSERVICE_CELLCONFIG_NR_RAN_MOBILITY_CONNMODE_IRAT_B1MEASURECTRL,LST B1_MEASURE_CTRL;MOD B1_MEASURE_CTRL,YES_EXISTING_JSON_PARENT_GROUP,medium,SF,小区服务参数管理（总体）,FAP 载波基本配置,Device.Services.FAPService.{i}.,,,json_seed_and_catalog_existing_group,omcgo/internal/config/parammodel/mmlstandardloader/seeds/cmcc_tdlte_v23.json; omcgo/datamodels/mml-catalog/cmcc-tdlte-v2.3.json,参数 path 位于现有 JSON/seed 分组对象路径之下，可挂到该父分组；需确认是否过宽,B1事件测量控制参数,中国移动5G扩展型皮基站网管南向接口数据模型规范v1.9.4.xlsx,SM,244
Device.Services.FAPService.{i}.CellConfig.{i}.NR.RAN.Mobility.ConnMode.IRAT.B1MeasureCtrl.{i}.MaxReportCells,parameter,READ_WRITE,STRING,SJ,移动性参数管理,{i},Device.Services.FAPService.{i}.CellConfig.{i}.NR.RAN.Mobility.ConnMode.IRAT.B1MeasureCtrl.{i}.,DEVICE_SERVICES_FAPSERVICE_CELLCONFIG_NR_RAN_MOBILITY_CONNMODE_IRAT_B1MEASURECTRL,LST B1_MEASURE_CTRL;MOD B1_MEASURE_CTRL,YES_EXISTING_JSON_PARENT_GROUP,medium,SF,小区服务参数管理（总体）,FAP 载波基本配置,Device.Services.FAPService.{i}.,,,json_seed_and_catalog_existing_group,omcgo/internal/config/parammodel/mmlstandardloader/seeds/cmcc_tdlte_v23.json; omcgo/datamodels/mml-catalog/cmcc-tdlte-v2.3.json,参数 path 位于现有 JSON/seed 分组对象路径之下，可挂到该父分组；需确认是否过宽,B1事件测量控制参数,中国移动5G扩展型皮基站网管南向接口数据模型规范v1.9.4.xlsx,SM,245
Device.Services.FAPService.{i}.CellConfig.{i}.NR.RAN.Mobility.ConnMode.IRAT.B1MeasureCtrl.{i}.MeasurePurpose,parameter,READ_WRITE,STRING,SJ,移动性参数管理,{i},Device.Services.FAPService.{i}.CellConfig.{i}.NR.RAN.Mobility.ConnMode.IRAT.B1MeasureCtrl.{i}.,DEVICE_SERVICES_FAPSERVICE_CELLCONFIG_NR_RAN_MOBILITY_CONNMODE_IRAT_B1MEASURECTRL,LST B1_MEASURE_CTRL;MOD B1_MEASURE_CTRL,YES_EXISTING_JSON_PARENT_GROUP,medium,SF,小区服务参数管理（总体）,FAP 载波基本配置,Device.Services.FAPService.{i}.,,,json_seed_and_catalog_existing_group,omcgo/internal/config/parammodel/mmlstandardloader/seeds/cmcc_tdlte_v23.json; omcgo/datamodels/mml-catalog/cmcc-tdlte-v2.3.json,参数 path 位于现有 JSON/seed 分组对象路径之下，可挂到该父分组；需确认是否过宽,B1事件测量控制参数,中国移动5G扩展型皮基站网管南向接口数据模型规范v1.9.4.xlsx,SM,246
Device.Services.FAPService.{i}.CellConfig.{i}.NR.RAN.Mobility.ConnMode.IRAT.B1MeasureCtrl.{i}.PLMNID,parameter,READ_WRITE,STRING,SJ,移动性参数管理,{i},Device.Services.FAPService.{i}.CellConfig.{i}.NR.RAN.Mobility.ConnMode.IRAT.B1MeasureCtrl.{i}.,DEVICE_SERVICES_FAPSERVICE_CELLCONFIG_NR_RAN_MOBILITY_CONNMODE_IRAT_B1MEASURECTRL,LST B1_MEASURE_CTRL;MOD B1_MEASURE_CTRL,YES_EXISTING_JSON_PARENT_GROUP,medium,SF,小区服务参数管理（总体）,FAP 载波基本配置,Device.Services.FAPService.{i}.,,,json_seed_and_catalog_existing_group,omcgo/internal/config/parammodel/mmlstandardloader/seeds/cmcc_tdlte_v23.json; omcgo/datamodels/mml-catalog/cmcc-tdlte-v2.3.json,参数 path 位于现有 JSON/seed 分组对象路径之下，可挂到该父分组；需确认是否过宽,,,,
Device.Services.FAPService.{i}.CellConfig.{i}.NR.RAN.Mobility.ConnMode.IRAT.B1MeasureCtrl.{i}.ReportAmount,parameter,READ_WRITE,STRING,SJ,移动性参数管理,{i},Device.Services.FAPService.{i}.CellConfig.{i}.NR.RAN.Mobility.ConnMode.IRAT.B1MeasureCtrl.{i}.,DEVICE_SERVICES_FAPSERVICE_CELLCONFIG_NR_RAN_MOBILITY_CONNMODE_IRAT_B1MEASURECTRL,LST B1_MEASURE_CTRL;MOD B1_MEASURE_CTRL,YES_EXISTING_JSON_PARENT_GROUP,medium,SF,小区服务参数管理（总体）,FAP 载波基本配置,Device.Services.FAPService.{i}.,,,json_seed_and_catalog_existing_group,omcgo/internal/config/parammodel/mmlstandardloader/seeds/cmcc_tdlte_v23.json; omcgo/datamodels/mml-catalog/cmcc-tdlte-v2.3.json,参数 path 位于现有 JSON/seed 分组对象路径之下，可挂到该父分组；需确认是否过宽,B1事件测量控制参数,中国移动5G扩展型皮基站网管南向接口数据模型规范v1.9.4.xlsx,SM,247
Device.Services.FAPService.{i}.CellConfig.{i}.NR.RAN.Mobility.ConnMode.IRAT.B1MeasureCtrl.{i}.ReportInterval,parameter,READ_WRITE,STRING,SJ,移动性参数管理,{i},Device.Services.FAPService.{i}.CellConfig.{i}.NR.RAN.Mobility.ConnMode.IRAT.B1MeasureCtrl.{i}.,DEVICE_SERVICES_FAPSERVICE_CELLCONFIG_NR_RAN_MOBILITY_CONNMODE_IRAT_B1MEASURECTRL,LST B1_MEASURE_CTRL;MOD B1_MEASURE_CTRL,YES_EXISTING_JSON_PARENT_GROUP,medium,SF,小区服务参数管理（总体）,FAP 载波基本配置,Device.Services.FAPService.{i}.,,,json_seed_and_catalog_existing_group,omcgo/internal/config/parammodel/mmlstandardloader/seeds/cmcc_tdlte_v23.json; omcgo/datamodels/mml-catalog/cmcc-tdlte-v2.3.json,参数 path 位于现有 JSON/seed 分组对象路径之下，可挂到该父分组；需确认是否过宽,B1事件测量控制参数,中国移动5G扩展型皮基站网管南向接口数据模型规范v1.9.4.xlsx,SM,248
Device.Services.FAPService.{i}.CellConfig.{i}.NR.RAN.Mobility.ConnMode.IRAT.B1MeasureCtrl.{i}.ReportOnLeave,parameter,READ_WRITE,STRING,SJ,移动性参数管理,{i},Device.Services.FAPService.{i}.CellConfig.{i}.NR.RAN.Mobility.ConnMode.IRAT.B1MeasureCtrl.{i}.,DEVICE_SERVICES_FAPSERVICE_CELLCONFIG_NR_RAN_MOBILITY_CONNMODE_IRAT_B1MEASURECTRL,LST B1_MEASURE_CTRL;MOD B1_MEASURE_CTRL,YES_EXISTING_JSON_PARENT_GROUP,medium,SF,小区服务参数管理（总体）,FAP 载波基本配置,Device.Services.FAPService.{i}.,,,json_seed_and_catalog_existing_group,omcgo/internal/config/parammodel/mmlstandardloader/seeds/cmcc_tdlte_v23.json; omcgo/datamodels/mml-catalog/cmcc-tdlte-v2.3.json,参数 path 位于现有 JSON/seed 分组对象路径之下，可挂到该父分组；需确认是否过宽,B1事件测量控制参数,中国移动5G扩展型皮基站网管南向接口数据模型规范v1.9.4.xlsx,SM,251
Device.Services.FAPService.{i}.CellConfig.{i}.NR.RAN.Mobility.ConnMode.IRAT.B1MeasureCtrl.{i}.ReportQuantity,parameter,READ_WRITE,STRING,SJ,移动性参数管理,{i},Device.Services.FAPService.{i}.CellConfig.{i}.NR.RAN.Mobility.ConnMode.IRAT.B1MeasureCtrl.{i}.,DEVICE_SERVICES_FAPSERVICE_CELLCONFIG_NR_RAN_MOBILITY_CONNMODE_IRAT_B1MEASURECTRL,LST B1_MEASURE_CTRL;MOD B1_MEASURE_CTRL,YES_EXISTING_JSON_PARENT_GROUP,medium,SF,小区服务参数管理（总体）,FAP 载波基本配置,Device.Services.FAPService.{i}.,,,json_seed_and_catalog_existing_group,omcgo/internal/config/parammodel/mmlstandardloader/seeds/cmcc_tdlte_v23.json; omcgo/datamodels/mml-catalog/cmcc-tdlte-v2.3.json,参数 path 位于现有 JSON/seed 分组对象路径之下，可挂到该父分组；需确认是否过宽,B1事件测量控制参数,中国移动5G扩展型皮基站网管南向接口数据模型规范v1.9.4.xlsx,SM,250
Device.Services.FAPService.{i}.CellConfig.{i}.NR.RAN.Mobility.ConnMode.IRAT.B1MeasureCtrl.{i}.ThresholdTriggerType,parameter,READ_WRITE,STRING,SJ,移动性参数管理,{i},Device.Services.FAPService.{i}.CellConfig.{i}.NR.RAN.Mobility.ConnMode.IRAT.B1MeasureCtrl.{i}.,DEVICE_SERVICES_FAPSERVICE_CELLCONFIG_NR_RAN_MOBILITY_CONNMODE_IRAT_B1MEASURECTRL,LST B1_MEASURE_CTRL;MOD B1_MEASURE_CTRL,YES_EXISTING_JSON_PARENT_GROUP,medium,SF,小区服务参数管理（总体）,FAP 载波基本配置,Device.Services.FAPService.{i}.,,,json_seed_and_catalog_existing_group,omcgo/internal/config/parammodel/mmlstandardloader/seeds/cmcc_tdlte_v23.json; omcgo/datamodels/mml-catalog/cmcc-tdlte-v2.3.json,参数 path 位于现有 JSON/seed 分组对象路径之下，可挂到该父分组；需确认是否过宽,,,,
Device.Services.FAPService.{i}.CellConfig.{i}.NR.RAN.Mobility.ConnMode.IRAT.B1MeasureCtrl.{i}.TimeToTrigger,parameter,READ_WRITE,STRING,SJ,移动性参数管理,{i},Device.Services.FAPService.{i}.CellConfig.{i}.NR.RAN.Mobility.ConnMode.IRAT.B1MeasureCtrl.{i}.,DEVICE_SERVICES_FAPSERVICE_CELLCONFIG_NR_RAN_MOBILITY_CONNMODE_IRAT_B1MEASURECTRL,LST B1_MEASURE_CTRL;MOD B1_MEASURE_CTRL,YES_EXISTING_JSON_PARENT_GROUP,medium,SF,小区服务参数管理（总体）,FAP 载波基本配置,Device.Services.FAPService.{i}.,,,json_seed_and_catalog_existing_group,omcgo/internal/config/parammodel/mmlstandardloader/seeds/cmcc_tdlte_v23.json; omcgo/datamodels/mml-catalog/cmcc-tdlte-v2.3.json,参数 path 位于现有 JSON/seed 分组对象路径之下，可挂到该父分组；需确认是否过宽,B1事件测量控制参数,中国移动5G扩展型皮基站网管南向接口数据模型规范v1.9.4.xlsx,SM,249
Device.Services.FAPService.{i}.CellConfig.{i}.NR.RAN.Mobility.ConnMode.IRAT.B2MeasureCtrl.{i}.B2Threshold1RSRP,parameter,READ_WRITE,STRING,SJ,移动性参数管理,{i},Device.Services.FAPService.{i}.CellConfig.{i}.NR.RAN.Mobility.ConnMode.IRAT.B2MeasureCtrl.{i}.,DEVICE_SERVICES_FAPSERVICE_CELLCONFIG_NR_RAN_MOBILITY_CONNMODE_IRAT_B2MEASURECTRL,LST B2_MEASURE_CTRL;MOD B2_MEASURE_CTRL,YES_EXISTING_JSON_PARENT_GROUP,medium,SF,小区服务参数管理（总体）,FAP 载波基本配置,Device.Services.FAPService.{i}.,,,json_seed_and_catalog_existing_group,omcgo/internal/config/parammodel/mmlstandardloader/seeds/cmcc_tdlte_v23.json; omcgo/datamodels/mml-catalog/cmcc-tdlte-v2.3.json,参数 path 位于现有 JSON/seed 分组对象路径之下，可挂到该父分组；需确认是否过宽,B2事件测量控制参数,中国移动5G扩展型皮基站网管南向接口数据模型规范v1.9.4.xlsx,SM,267
Device.Services.FAPService.{i}.CellConfig.{i}.NR.RAN.Mobility.ConnMode.IRAT.B2MeasureCtrl.{i}.B2Threshold1RSRQ,parameter,READ_WRITE,STRING,SJ,移动性参数管理,{i},Device.Services.FAPService.{i}.CellConfig.{i}.NR.RAN.Mobility.ConnMode.IRAT.B2MeasureCtrl.{i}.,DEVICE_SERVICES_FAPSERVICE_CELLCONFIG_NR_RAN_MOBILITY_CONNMODE_IRAT_B2MEASURECTRL,LST B2_MEASURE_CTRL;MOD B2_MEASURE_CTRL,YES_EXISTING_JSON_PARENT_GROUP,medium,SF,小区服务参数管理（总体）,FAP 载波基本配置,Device.Services.FAPService.{i}.,,,json_seed_and_catalog_existing_group,omcgo/internal/config/parammodel/mmlstandardloader/seeds/cmcc_tdlte_v23.json; omcgo/datamodels/mml-catalog/cmcc-tdlte-v2.3.json,参数 path 位于现有 JSON/seed 分组对象路径之下，可挂到该父分组；需确认是否过宽,B2事件测量控制参数,中国移动5G扩展型皮基站网管南向接口数据模型规范v1.9.4.xlsx,SM,268
Device.Services.FAPService.{i}.CellConfig.{i}.NR.RAN.Mobility.ConnMode.IRAT.B2MeasureCtrl.{i}.B2Threshold1SINR,parameter,READ_WRITE,STRING,SJ,移动性参数管理,{i},Device.Services.FAPService.{i}.CellConfig.{i}.NR.RAN.Mobility.ConnMode.IRAT.B2MeasureCtrl.{i}.,DEVICE_SERVICES_FAPSERVICE_CELLCONFIG_NR_RAN_MOBILITY_CONNMODE_IRAT_B2MEASURECTRL,LST B2_MEASURE_CTRL;MOD B2_MEASURE_CTRL,YES_EXISTING_JSON_PARENT_GROUP,medium,SF,小区服务参数管理（总体）,FAP 载波基本配置,Device.Services.FAPService.{i}.,,,json_seed_and_catalog_existing_group,omcgo/internal/config/parammodel/mmlstandardloader/seeds/cmcc_tdlte_v23.json; omcgo/datamodels/mml-catalog/cmcc-tdlte-v2.3.json,参数 path 位于现有 JSON/seed 分组对象路径之下，可挂到该父分组；需确认是否过宽,B2事件测量控制参数,中国移动5G扩展型皮基站网管南向接口数据模型规范v1.9.4.xlsx,SM,269
Device.Services.FAPService.{i}.CellConfig.{i}.NR.RAN.Mobility.ConnMode.IRAT.B2MeasureCtrl.{i}.B2Threshold2EUTRARSRP,parameter,READ_WRITE,STRING,SJ,移动性参数管理,{i},Device.Services.FAPService.{i}.CellConfig.{i}.NR.RAN.Mobility.ConnMode.IRAT.B2MeasureCtrl.{i}.,DEVICE_SERVICES_FAPSERVICE_CELLCONFIG_NR_RAN_MOBILITY_CONNMODE_IRAT_B2MEASURECTRL,LST B2_MEASURE_CTRL;MOD B2_MEASURE_CTRL,YES_EXISTING_JSON_PARENT_GROUP,medium,SF,小区服务参数管理（总体）,FAP 载波基本配置,Device.Services.FAPService.{i}.,,,json_seed_and_catalog_existing_group,omcgo/internal/config/parammodel/mmlstandardloader/seeds/cmcc_tdlte_v23.json; omcgo/datamodels/mml-catalog/cmcc-tdlte-v2.3.json,参数 path 位于现有 JSON/seed 分组对象路径之下，可挂到该父分组；需确认是否过宽,B2事件测量控制参数,中国移动5G扩展型皮基站网管南向接口数据模型规范v1.9.4.xlsx,SM,270
Device.Services.FAPService.{i}.CellConfig.{i}.NR.RAN.Mobility.ConnMode.IRAT.B2MeasureCtrl.{i}.B2Threshold2EUTRARSRQ,parameter,READ_WRITE,STRING,SJ,移动性参数管理,{i},Device.Services.FAPService.{i}.CellConfig.{i}.NR.RAN.Mobility.ConnMode.IRAT.B2MeasureCtrl.{i}.,DEVICE_SERVICES_FAPSERVICE_CELLCONFIG_NR_RAN_MOBILITY_CONNMODE_IRAT_B2MEASURECTRL,LST B2_MEASURE_CTRL;MOD B2_MEASURE_CTRL,YES_EXISTING_JSON_PARENT_GROUP,medium,SF,小区服务参数管理（总体）,FAP 载波基本配置,Device.Services.FAPService.{i}.,,,json_seed_and_catalog_existing_group,omcgo/internal/config/parammodel/mmlstandardloader/seeds/cmcc_tdlte_v23.json; omcgo/datamodels/mml-catalog/cmcc-tdlte-v2.3.json,参数 path 位于现有 JSON/seed 分组对象路径之下，可挂到该父分组；需确认是否过宽,B2事件测量控制参数,中国移动5G扩展型皮基站网管南向接口数据模型规范v1.9.4.xlsx,SM,271
Device.Services.FAPService.{i}.CellConfig.{i}.NR.RAN.Mobility.ConnMode.IRAT.B2MeasureCtrl.{i}.B2Threshold2EUTRASINR,parameter,READ_WRITE,STRING,SJ,移动性参数管理,{i},Device.Services.FAPService.{i}.CellConfig.{i}.NR.RAN.Mobility.ConnMode.IRAT.B2MeasureCtrl.{i}.,DEVICE_SERVICES_FAPSERVICE_CELLCONFIG_NR_RAN_MOBILITY_CONNMODE_IRAT_B2MEASURECTRL,LST B2_MEASURE_CTRL;MOD B2_MEASURE_CTRL,YES_EXISTING_JSON_PARENT_GROUP,medium,SF,小区服务参数管理（总体）,FAP 载波基本配置,Device.Services.FAPService.{i}.,,,json_seed_and_catalog_existing_group,omcgo/internal/config/parammodel/mmlstandardloader/seeds/cmcc_tdlte_v23.json; omcgo/datamodels/mml-catalog/cmcc-tdlte-v2.3.json,参数 path 位于现有 JSON/seed 分组对象路径之下，可挂到该父分组；需确认是否过宽,B2事件测量控制参数,中国移动5G扩展型皮基站网管南向接口数据模型规范v1.9.4.xlsx,SM,272
Device.Services.FAPService.{i}.CellConfig.{i}.NR.RAN.Mobility.ConnMode.IRAT.B2MeasureCtrl.{i}.Enable,parameter,READ_WRITE,STRING,SJ,移动性参数管理,{i},Device.Services.FAPService.{i}.CellConfig.{i}.NR.RAN.Mobility.ConnMode.IRAT.B2MeasureCtrl.{i}.,DEVICE_SERVICES_FAPSERVICE_CELLCONFIG_NR_RAN_MOBILITY_CONNMODE_IRAT_B2MEASURECTRL,LST B2_MEASURE_CTRL;MOD B2_MEASURE_CTRL,YES_EXISTING_JSON_PARENT_GROUP,medium,SF,小区服务参数管理（总体）,FAP 载波基本配置,Device.Services.FAPService.{i}.,,,json_seed_and_catalog_existing_group,omcgo/internal/config/parammodel/mmlstandardloader/seeds/cmcc_tdlte_v23.json; omcgo/datamodels/mml-catalog/cmcc-tdlte-v2.3.json,参数 path 位于现有 JSON/seed 分组对象路径之下，可挂到该父分组；需确认是否过宽,B2事件测量控制参数,中国移动5G扩展型皮基站网管南向接口数据模型规范v1.9.4.xlsx,SM,265
Device.Services.FAPService.{i}.CellConfig.{i}.NR.RAN.Mobility.ConnMode.IRAT.B2MeasureCtrl.{i}.Hysteresis,parameter,READ_WRITE,STRING,SJ,移动性参数管理,{i},Device.Services.FAPService.{i}.CellConfig.{i}.NR.RAN.Mobility.ConnMode.IRAT.B2MeasureCtrl.{i}.,DEVICE_SERVICES_FAPSERVICE_CELLCONFIG_NR_RAN_MOBILITY_CONNMODE_IRAT_B2MEASURECTRL,LST B2_MEASURE_CTRL;MOD B2_MEASURE_CTRL,YES_EXISTING_JSON_PARENT_GROUP,medium,SF,小区服务参数管理（总体）,FAP 载波基本配置,Device.Services.FAPService.{i}.,,,json_seed_and_catalog_existing_group,omcgo/internal/config/parammodel/mmlstandardloader/seeds/cmcc_tdlte_v23.json; omcgo/datamodels/mml-catalog/cmcc-tdlte-v2.3.json,参数 path 位于现有 JSON/seed 分组对象路径之下，可挂到该父分组；需确认是否过宽,B2事件测量控制参数,中国移动5G扩展型皮基站网管南向接口数据模型规范v1.9.4.xlsx,SM,273
Device.Services.FAPService.{i}.CellConfig.{i}.NR.RAN.Mobility.ConnMode.IRAT.B2MeasureCtrl.{i}.MaxReportCells,parameter,READ_WRITE,STRING,SJ,移动性参数管理,{i},Device.Services.FAPService.{i}.CellConfig.{i}.NR.RAN.Mobility.ConnMode.IRAT.B2MeasureCtrl.{i}.,DEVICE_SERVICES_FAPSERVICE_CELLCONFIG_NR_RAN_MOBILITY_CONNMODE_IRAT_B2MEASURECTRL,LST B2_MEASURE_CTRL;MOD B2_MEASURE_CTRL,YES_EXISTING_JSON_PARENT_GROUP,medium,SF,小区服务参数管理（总体）,FAP 载波基本配置,Device.Services.FAPService.{i}.,,,json_seed_and_catalog_existing_group,omcgo/internal/config/parammodel/mmlstandardloader/seeds/cmcc_tdlte_v23.json; omcgo/datamodels/mml-catalog/cmcc-tdlte-v2.3.json,参数 path 位于现有 JSON/seed 分组对象路径之下，可挂到该父分组；需确认是否过宽,B2事件测量控制参数,中国移动5G扩展型皮基站网管南向接口数据模型规范v1.9.4.xlsx,SM,274
Device.Services.FAPService.{i}.CellConfig.{i}.NR.RAN.Mobility.ConnMode.IRAT.B2MeasureCtrl.{i}.MeasurePurpose,parameter,READ_WRITE,STRING,SJ,移动性参数管理,{i},Device.Services.FAPService.{i}.CellConfig.{i}.NR.RAN.Mobility.ConnMode.IRAT.B2MeasureCtrl.{i}.,DEVICE_SERVICES_FAPSERVICE_CELLCONFIG_NR_RAN_MOBILITY_CONNMODE_IRAT_B2MEASURECTRL,LST B2_MEASURE_CTRL;MOD B2_MEASURE_CTRL,YES_EXISTING_JSON_PARENT_GROUP,medium,SF,小区服务参数管理（总体）,FAP 载波基本配置,Device.Services.FAPService.{i}.,,,json_seed_and_catalog_existing_group,omcgo/internal/config/parammodel/mmlstandardloader/seeds/cmcc_tdlte_v23.json; omcgo/datamodels/mml-catalog/cmcc-tdlte-v2.3.json,参数 path 位于现有 JSON/seed 分组对象路径之下，可挂到该父分组；需确认是否过宽,B2事件测量控制参数,中国移动5G扩展型皮基站网管南向接口数据模型规范v1.9.4.xlsx,SM,275
Device.Services.FAPService.{i}.CellConfig.{i}.NR.RAN.Mobility.ConnMode.IRAT.B2MeasureCtrl.{i}.PLMNID,parameter,READ_WRITE,STRING,SJ,移动性参数管理,{i},Device.Services.FAPService.{i}.CellConfig.{i}.NR.RAN.Mobility.ConnMode.IRAT.B2MeasureCtrl.{i}.,DEVICE_SERVICES_FAPSERVICE_CELLCONFIG_NR_RAN_MOBILITY_CONNMODE_IRAT_B2MEASURECTRL,LST B2_MEASURE_CTRL;MOD B2_MEASURE_CTRL,YES_EXISTING_JSON_PARENT_GROUP,medium,SF,小区服务参数管理（总体）,FAP 载波基本配置,Device.Services.FAPService.{i}.,,,json_seed_and_catalog_existing_group,omcgo/internal/config/parammodel/mmlstandardloader/seeds/cmcc_tdlte_v23.json; omcgo/datamodels/mml-catalog/cmcc-tdlte-v2.3.json,参数 path 位于现有 JSON/seed 分组对象路径之下，可挂到该父分组；需确认是否过宽,,,,
Device.Services.FAPService.{i}.CellConfig.{i}.NR.RAN.Mobility.ConnMode.IRAT.B2MeasureCtrl.{i}.ReportAmount,parameter,READ_WRITE,STRING,SJ,移动性参数管理,{i},Device.Services.FAPService.{i}.CellConfig.{i}.NR.RAN.Mobility.ConnMode.IRAT.B2MeasureCtrl.{i}.,DEVICE_SERVICES_FAPSERVICE_CELLCONFIG_NR_RAN_MOBILITY_CONNMODE_IRAT_B2MEASURECTRL,LST B2_MEASURE_CTRL;MOD B2_MEASURE_CTRL,YES_EXISTING_JSON_PARENT_GROUP,medium,SF,小区服务参数管理（总体）,FAP 载波基本配置,Device.Services.FAPService.{i}.,,,json_seed_and_catalog_existing_group,omcgo/internal/config/parammodel/mmlstandardloader/seeds/cmcc_tdlte_v23.json; omcgo/datamodels/mml-catalog/cmcc-tdlte-v2.3.json,参数 path 位于现有 JSON/seed 分组对象路径之下，可挂到该父分组；需确认是否过宽,B2事件测量控制参数,中国移动5G扩展型皮基站网管南向接口数据模型规范v1.9.4.xlsx,SM,276
Device.Services.FAPService.{i}.CellConfig.{i}.NR.RAN.Mobility.ConnMode.IRAT.B2MeasureCtrl.{i}.ReportInterval,parameter,READ_WRITE,STRING,SJ,移动性参数管理,{i},Device.Services.FAPService.{i}.CellConfig.{i}.NR.RAN.Mobility.ConnMode.IRAT.B2MeasureCtrl.{i}.,DEVICE_SERVICES_FAPSERVICE_CELLCONFIG_NR_RAN_MOBILITY_CONNMODE_IRAT_B2MEASURECTRL,LST B2_MEASURE_CTRL;MOD B2_MEASURE_CTRL,YES_EXISTING_JSON_PARENT_GROUP,medium,SF,小区服务参数管理（总体）,FAP 载波基本配置,Device.Services.FAPService.{i}.,,,json_seed_and_catalog_existing_group,omcgo/internal/config/parammodel/mmlstandardloader/seeds/cmcc_tdlte_v23.json; omcgo/datamodels/mml-catalog/cmcc-tdlte-v2.3.json,参数 path 位于现有 JSON/seed 分组对象路径之下，可挂到该父分组；需确认是否过宽,B2事件测量控制参数,中国移动5G扩展型皮基站网管南向接口数据模型规范v1.9.4.xlsx,SM,277
Device.Services.FAPService.{i}.CellConfig.{i}.NR.RAN.Mobility.ConnMode.IRAT.B2MeasureCtrl.{i}.ReportOnLeave,parameter,READ_WRITE,STRING,SJ,移动性参数管理,{i},Device.Services.FAPService.{i}.CellConfig.{i}.NR.RAN.Mobility.ConnMode.IRAT.B2MeasureCtrl.{i}.,DEVICE_SERVICES_FAPSERVICE_CELLCONFIG_NR_RAN_MOBILITY_CONNMODE_IRAT_B2MEASURECTRL,LST B2_MEASURE_CTRL;MOD B2_MEASURE_CTRL,YES_EXISTING_JSON_PARENT_GROUP,medium,SF,小区服务参数管理（总体）,FAP 载波基本配置,Device.Services.FAPService.{i}.,,,json_seed_and_catalog_existing_group,omcgo/internal/config/parammodel/mmlstandardloader/seeds/cmcc_tdlte_v23.json; omcgo/datamodels/mml-catalog/cmcc-tdlte-v2.3.json,参数 path 位于现有 JSON/seed 分组对象路径之下，可挂到该父分组；需确认是否过宽,B2事件测量控制参数,中国移动5G扩展型皮基站网管南向接口数据模型规范v1.9.4.xlsx,SM,280
Device.Services.FAPService.{i}.CellConfig.{i}.NR.RAN.Mobility.ConnMode.IRAT.B2MeasureCtrl.{i}.ReportQuantity,parameter,READ_WRITE,STRING,SJ,移动性参数管理,{i},Device.Services.FAPService.{i}.CellConfig.{i}.NR.RAN.Mobility.ConnMode.IRAT.B2MeasureCtrl.{i}.,DEVICE_SERVICES_FAPSERVICE_CELLCONFIG_NR_RAN_MOBILITY_CONNMODE_IRAT_B2MEASURECTRL,LST B2_MEASURE_CTRL;MOD B2_MEASURE_CTRL,YES_EXISTING_JSON_PARENT_GROUP,medium,SF,小区服务参数管理（总体）,FAP 载波基本配置,Device.Services.FAPService.{i}.,,,json_seed_and_catalog_existing_group,omcgo/internal/config/parammodel/mmlstandardloader/seeds/cmcc_tdlte_v23.json; omcgo/datamodels/mml-catalog/cmcc-tdlte-v2.3.json,参数 path 位于现有 JSON/seed 分组对象路径之下，可挂到该父分组；需确认是否过宽,B2事件测量控制参数,中国移动5G扩展型皮基站网管南向接口数据模型规范v1.9.4.xlsx,SM,279
Device.Services.FAPService.{i}.CellConfig.{i}.NR.RAN.Mobility.ConnMode.IRAT.B2MeasureCtrl.{i}.Threshold2TriggerType,parameter,READ_WRITE,STRING,SJ,移动性参数管理,{i},Device.Services.FAPService.{i}.CellConfig.{i}.NR.RAN.Mobility.ConnMode.IRAT.B2MeasureCtrl.{i}.,DEVICE_SERVICES_FAPSERVICE_CELLCONFIG_NR_RAN_MOBILITY_CONNMODE_IRAT_B2MEASURECTRL,LST B2_MEASURE_CTRL;MOD B2_MEASURE_CTRL,YES_EXISTING_JSON_PARENT_GROUP,medium,SF,小区服务参数管理（总体）,FAP 载波基本配置,Device.Services.FAPService.{i}.,,,json_seed_and_catalog_existing_group,omcgo/internal/config/parammodel/mmlstandardloader/seeds/cmcc_tdlte_v23.json; omcgo/datamodels/mml-catalog/cmcc-tdlte-v2.3.json,参数 path 位于现有 JSON/seed 分组对象路径之下，可挂到该父分组；需确认是否过宽,,,,
Device.Services.FAPService.{i}.CellConfig.{i}.NR.RAN.Mobility.ConnMode.IRAT.B2MeasureCtrl.{i}.ThresholdTriggerType,parameter,READ_WRITE,STRING,SJ,移动性参数管理,{i},Device.Services.FAPService.{i}.CellConfig.{i}.NR.RAN.Mobility.ConnMode.IRAT.B2MeasureCtrl.{i}.,DEVICE_SERVICES_FAPSERVICE_CELLCONFIG_NR_RAN_MOBILITY_CONNMODE_IRAT_B2MEASURECTRL,LST B2_MEASURE_CTRL;MOD B2_MEASURE_CTRL,YES_EXISTING_JSON_PARENT_GROUP,medium,SF,小区服务参数管理（总体）,FAP 载波基本配置,Device.Services.FAPService.{i}.,,,json_seed_and_catalog_existing_group,omcgo/internal/config/parammodel/mmlstandardloader/seeds/cmcc_tdlte_v23.json; omcgo/datamodels/mml-catalog/cmcc-tdlte-v2.3.json,参数 path 位于现有 JSON/seed 分组对象路径之下，可挂到该父分组；需确认是否过宽,,,,
Device.Services.FAPService.{i}.CellConfig.{i}.NR.RAN.Mobility.ConnMode.IRAT.B2MeasureCtrl.{i}.TimeToTrigger,parameter,READ_WRITE,STRING,SJ,移动性参数管理,{i},Device.Services.FAPService.{i}.CellConfig.{i}.NR.RAN.Mobility.ConnMode.IRAT.B2MeasureCtrl.{i}.,DEVICE_SERVICES_FAPSERVICE_CELLCONFIG_NR_RAN_MOBILITY_CONNMODE_IRAT_B2MEASURECTRL,LST B2_MEASURE_CTRL;MOD B2_MEASURE_CTRL,YES_EXISTING_JSON_PARENT_GROUP,medium,SF,小区服务参数管理（总体）,FAP 载波基本配置,Device.Services.FAPService.{i}.,,,json_seed_and_catalog_existing_group,omcgo/internal/config/parammodel/mmlstandardloader/seeds/cmcc_tdlte_v23.json; omcgo/datamodels/mml-catalog/cmcc-tdlte-v2.3.json,参数 path 位于现有 JSON/seed 分组对象路径之下，可挂到该父分组；需确认是否过宽,B2事件测量控制参数,中国移动5G扩展型皮基站网管南向接口数据模型规范v1.9.4.xlsx,SM,278
Device.Services.FAPService.{i}.CellConfig.{i}.NR.RAN.Mobility.ConnMode.NR.A1MeasureCtrl.{i}.A1ThresholdRSRP,parameter,READ_WRITE,STRING,SJ,移动性参数管理,{i},Device.Services.FAPService.{i}.CellConfig.{i}.NR.RAN.Mobility.ConnMode.NR.A1MeasureCtrl.{i}.,DEVICE_SERVICES_FAPSERVICE_CELLCONFIG_NR_RAN_MOBILITY_CONNMODE_NR_A1MEASURECTRL,LST A1_MEASURE_CTRL;MOD A1_MEASURE_CTRL,YES_EXISTING_JSON_PARENT_GROUP,medium,SF,小区服务参数管理（总体）,FAP 载波基本配置,Device.Services.FAPService.{i}.,,,json_seed_and_catalog_existing_group,omcgo/internal/config/parammodel/mmlstandardloader/seeds/cmcc_tdlte_v23.json; omcgo/datamodels/mml-catalog/cmcc-tdlte-v2.3.json,参数 path 位于现有 JSON/seed 分组对象路径之下，可挂到该父分组；需确认是否过宽,A1事件测量控制参数,中国移动5G扩展型皮基站网管南向接口数据模型规范v1.9.4.xlsx,SM,5
Device.Services.FAPService.{i}.CellConfig.{i}.NR.RAN.Mobility.ConnMode.NR.A1MeasureCtrl.{i}.A1ThresholdRSRQ,parameter,READ_WRITE,STRING,SJ,移动性参数管理,{i},Device.Services.FAPService.{i}.CellConfig.{i}.NR.RAN.Mobility.ConnMode.NR.A1MeasureCtrl.{i}.,DEVICE_SERVICES_FAPSERVICE_CELLCONFIG_NR_RAN_MOBILITY_CONNMODE_NR_A1MEASURECTRL,LST A1_MEASURE_CTRL;MOD A1_MEASURE_CTRL,YES_EXISTING_JSON_PARENT_GROUP,medium,SF,小区服务参数管理（总体）,FAP 载波基本配置,Device.Services.FAPService.{i}.,,,json_seed_and_catalog_existing_group,omcgo/internal/config/parammodel/mmlstandardloader/seeds/cmcc_tdlte_v23.json; omcgo/datamodels/mml-catalog/cmcc-tdlte-v2.3.json,参数 path 位于现有 JSON/seed 分组对象路径之下，可挂到该父分组；需确认是否过宽,A1事件测量控制参数,中国移动5G扩展型皮基站网管南向接口数据模型规范v1.9.4.xlsx,SM,6
Device.Services.FAPService.{i}.CellConfig.{i}.NR.RAN.Mobility.ConnMode.NR.A1MeasureCtrl.{i}.A1ThresholdSINR,parameter,READ_WRITE,STRING,SJ,移动性参数管理,{i},Device.Services.FAPService.{i}.CellConfig.{i}.NR.RAN.Mobility.ConnMode.NR.A1MeasureCtrl.{i}.,DEVICE_SERVICES_FAPSERVICE_CELLCONFIG_NR_RAN_MOBILITY_CONNMODE_NR_A1MEASURECTRL,LST A1_MEASURE_CTRL;MOD A1_MEASURE_CTRL,YES_EXISTING_JSON_PARENT_GROUP,medium,SF,小区服务参数管理（总体）,FAP 载波基本配置,Device.Services.FAPService.{i}.,,,json_seed_and_catalog_existing_group,omcgo/internal/config/parammodel/mmlstandardloader/seeds/cmcc_tdlte_v23.json; omcgo/datamodels/mml-catalog/cmcc-tdlte-v2.3.json,参数 path 位于现有 JSON/seed 分组对象路径之下，可挂到该父分组；需确认是否过宽,A1事件测量控制参数,中国移动5G扩展型皮基站网管南向接口数据模型规范v1.9.4.xlsx,SM,7
Device.Services.FAPService.{i}.CellConfig.{i}.NR.RAN.Mobility.ConnMode.NR.A1MeasureCtrl.{i}.Enable,parameter,READ_WRITE,STRING,SJ,移动性参数管理,{i},Device.Services.FAPService.{i}.CellConfig.{i}.NR.RAN.Mobility.ConnMode.NR.A1MeasureCtrl.{i}.,DEVICE_SERVICES_FAPSERVICE_CELLCONFIG_NR_RAN_MOBILITY_CONNMODE_NR_A1MEASURECTRL,LST A1_MEASURE_CTRL;MOD A1_MEASURE_CTRL,YES_EXISTING_JSON_PARENT_GROUP,medium,SF,小区服务参数管理（总体）,FAP 载波基本配置,Device.Services.FAPService.{i}.,,,json_seed_and_catalog_existing_group,omcgo/internal/config/parammodel/mmlstandardloader/seeds/cmcc_tdlte_v23.json; omcgo/datamodels/mml-catalog/cmcc-tdlte-v2.3.json,参数 path 位于现有 JSON/seed 分组对象路径之下，可挂到该父分组；需确认是否过宽,A1事件测量控制参数,中国移动5G扩展型皮基站网管南向接口数据模型规范v1.9.4.xlsx,SM,3
Device.Services.FAPService.{i}.CellConfig.{i}.NR.RAN.Mobility.ConnMode.NR.A1MeasureCtrl.{i}.Hysteresis,parameter,READ_WRITE,STRING,SJ,移动性参数管理,{i},Device.Services.FAPService.{i}.CellConfig.{i}.NR.RAN.Mobility.ConnMode.NR.A1MeasureCtrl.{i}.,DEVICE_SERVICES_FAPSERVICE_CELLCONFIG_NR_RAN_MOBILITY_CONNMODE_NR_A1MEASURECTRL,LST A1_MEASURE_CTRL;MOD A1_MEASURE_CTRL,YES_EXISTING_JSON_PARENT_GROUP,medium,SF,小区服务参数管理（总体）,FAP 载波基本配置,Device.Services.FAPService.{i}.,,,json_seed_and_catalog_existing_group,omcgo/internal/config/parammodel/mmlstandardloader/seeds/cmcc_tdlte_v23.json; omcgo/datamodels/mml-catalog/cmcc-tdlte-v2.3.json,参数 path 位于现有 JSON/seed 分组对象路径之下，可挂到该父分组；需确认是否过宽,A1事件测量控制参数,中国移动5G扩展型皮基站网管南向接口数据模型规范v1.9.4.xlsx,SM,11
Device.Services.FAPService.{i}.CellConfig.{i}.NR.RAN.Mobility.ConnMode.NR.A1MeasureCtrl.{i}.IncludeBeamMeasurements,parameter,READ_WRITE,STRING,SJ,移动性参数管理,{i},Device.Services.FAPService.{i}.CellConfig.{i}.NR.RAN.Mobility.ConnMode.NR.A1MeasureCtrl.{i}.,DEVICE_SERVICES_FAPSERVICE_CELLCONFIG_NR_RAN_MOBILITY_CONNMODE_NR_A1MEASURECTRL,LST A1_MEASURE_CTRL;MOD A1_MEASURE_CTRL,YES_EXISTING_JSON_PARENT_GROUP,medium,SF,小区服务参数管理（总体）,FAP 载波基本配置,Device.Services.FAPService.{i}.,,,json_seed_and_catalog_existing_group,omcgo/internal/config/parammodel/mmlstandardloader/seeds/cmcc_tdlte_v23.json; omcgo/datamodels/mml-catalog/cmcc-tdlte-v2.3.json,参数 path 位于现有 JSON/seed 分组对象路径之下，可挂到该父分组；需确认是否过宽,A1事件测量控制参数,中国移动5G扩展型皮基站网管南向接口数据模型规范v1.9.4.xlsx,SM,19
Device.Services.FAPService.{i}.CellConfig.{i}.NR.RAN.Mobility.ConnMode.NR.A1MeasureCtrl.{i}.MaxNrofRSIndexToReport,parameter,READ_WRITE,STRING,SJ,移动性参数管理,{i},Device.Services.FAPService.{i}.CellConfig.{i}.NR.RAN.Mobility.ConnMode.NR.A1MeasureCtrl.{i}.,DEVICE_SERVICES_FAPSERVICE_CELLCONFIG_NR_RAN_MOBILITY_CONNMODE_NR_A1MEASURECTRL,LST A1_MEASURE_CTRL;MOD A1_MEASURE_CTRL,YES_EXISTING_JSON_PARENT_GROUP,medium,SF,小区服务参数管理（总体）,FAP 载波基本配置,Device.Services.FAPService.{i}.,,,json_seed_and_catalog_existing_group,omcgo/internal/config/parammodel/mmlstandardloader/seeds/cmcc_tdlte_v23.json; omcgo/datamodels/mml-catalog/cmcc-tdlte-v2.3.json,参数 path 位于现有 JSON/seed 分组对象路径之下，可挂到该父分组；需确认是否过宽,A1事件测量控制参数,中国移动5G扩展型皮基站网管南向接口数据模型规范v1.9.4.xlsx,SM,9
Device.Services.FAPService.{i}.CellConfig.{i}.NR.RAN.Mobility.ConnMode.NR.A1MeasureCtrl.{i}.MaxReportCells,parameter,READ_WRITE,STRING,SJ,移动性参数管理,{i},Device.Services.FAPService.{i}.CellConfig.{i}.NR.RAN.Mobility.ConnMode.NR.A1MeasureCtrl.{i}.,DEVICE_SERVICES_FAPSERVICE_CELLCONFIG_NR_RAN_MOBILITY_CONNMODE_NR_A1MEASURECTRL,LST A1_MEASURE_CTRL;MOD A1_MEASURE_CTRL,YES_EXISTING_JSON_PARENT_GROUP,medium,SF,小区服务参数管理（总体）,FAP 载波基本配置,Device.Services.FAPService.{i}.,,,json_seed_and_catalog_existing_group,omcgo/internal/config/parammodel/mmlstandardloader/seeds/cmcc_tdlte_v23.json; omcgo/datamodels/mml-catalog/cmcc-tdlte-v2.3.json,参数 path 位于现有 JSON/seed 分组对象路径之下，可挂到该父分组；需确认是否过宽,A1事件测量控制参数,中国移动5G扩展型皮基站网管南向接口数据模型规范v1.9.4.xlsx,SM,12
Device.Services.FAPService.{i}.CellConfig.{i}.NR.RAN.Mobility.ConnMode.NR.A1MeasureCtrl.{i}.MeasurePurpose,parameter,READ_WRITE,STRING,SJ,移动性参数管理,{i},Device.Services.FAPService.{i}.CellConfig.{i}.NR.RAN.Mobility.ConnMode.NR.A1MeasureCtrl.{i}.,DEVICE_SERVICES_FAPSERVICE_CELLCONFIG_NR_RAN_MOBILITY_CONNMODE_NR_A1MEASURECTRL,LST A1_MEASURE_CTRL;MOD A1_MEASURE_CTRL,YES_EXISTING_JSON_PARENT_GROUP,medium,SF,小区服务参数管理（总体）,FAP 载波基本配置,Device.Services.FAPService.{i}.,,,json_seed_and_catalog_existing_group,omcgo/internal/config/parammodel/mmlstandardloader/seeds/cmcc_tdlte_v23.json; omcgo/datamodels/mml-catalog/cmcc-tdlte-v2.3.json,参数 path 位于现有 JSON/seed 分组对象路径之下，可挂到该父分组；需确认是否过宽,A1事件测量控制参数,中国移动5G扩展型皮基站网管南向接口数据模型规范v1.9.4.xlsx,SM,13
Device.Services.FAPService.{i}.CellConfig.{i}.NR.RAN.Mobility.ConnMode.NR.A1MeasureCtrl.{i}.PLMNID,parameter,READ_WRITE,STRING,SJ,移动性参数管理,{i},Device.Services.FAPService.{i}.CellConfig.{i}.NR.RAN.Mobility.ConnMode.NR.A1MeasureCtrl.{i}.,DEVICE_SERVICES_FAPSERVICE_CELLCONFIG_NR_RAN_MOBILITY_CONNMODE_NR_A1MEASURECTRL,LST A1_MEASURE_CTRL;MOD A1_MEASURE_CTRL,YES_EXISTING_JSON_PARENT_GROUP,medium,SF,小区服务参数管理（总体）,FAP 载波基本配置,Device.Services.FAPService.{i}.,,,json_seed_and_catalog_existing_group,omcgo/internal/config/parammodel/mmlstandardloader/seeds/cmcc_tdlte_v23.json; omcgo/datamodels/mml-catalog/cmcc-tdlte-v2.3.json,参数 path 位于现有 JSON/seed 分组对象路径之下，可挂到该父分组；需确认是否过宽,,,,
Device.Services.FAPService.{i}.CellConfig.{i}.NR.RAN.Mobility.ConnMode.NR.A1MeasureCtrl.{i}.ReportAmount,parameter,READ_WRITE,STRING,SJ,移动性参数管理,{i},Device.Services.FAPService.{i}.CellConfig.{i}.NR.RAN.Mobility.ConnMode.NR.A1MeasureCtrl.{i}.,DEVICE_SERVICES_FAPSERVICE_CELLCONFIG_NR_RAN_MOBILITY_CONNMODE_NR_A1MEASURECTRL,LST A1_MEASURE_CTRL;MOD A1_MEASURE_CTRL,YES_EXISTING_JSON_PARENT_GROUP,medium,SF,小区服务参数管理（总体）,FAP 载波基本配置,Device.Services.FAPService.{i}.,,,json_seed_and_catalog_existing_group,omcgo/internal/config/parammodel/mmlstandardloader/seeds/cmcc_tdlte_v23.json; omcgo/datamodels/mml-catalog/cmcc-tdlte-v2.3.json,参数 path 位于现有 JSON/seed 分组对象路径之下，可挂到该父分组；需确认是否过宽,A1事件测量控制参数,中国移动5G扩展型皮基站网管南向接口数据模型规范v1.9.4.xlsx,SM,14
Device.Services.FAPService.{i}.CellConfig.{i}.NR.RAN.Mobility.ConnMode.NR.A1MeasureCtrl.{i}.ReportInterval,parameter,READ_WRITE,STRING,SJ,移动性参数管理,{i},Device.Services.FAPService.{i}.CellConfig.{i}.NR.RAN.Mobility.ConnMode.NR.A1MeasureCtrl.{i}.,DEVICE_SERVICES_FAPSERVICE_CELLCONFIG_NR_RAN_MOBILITY_CONNMODE_NR_A1MEASURECTRL,LST A1_MEASURE_CTRL;MOD A1_MEASURE_CTRL,YES_EXISTING_JSON_PARENT_GROUP,medium,SF,小区服务参数管理（总体）,FAP 载波基本配置,Device.Services.FAPService.{i}.,,,json_seed_and_catalog_existing_group,omcgo/internal/config/parammodel/mmlstandardloader/seeds/cmcc_tdlte_v23.json; omcgo/datamodels/mml-catalog/cmcc-tdlte-v2.3.json,参数 path 位于现有 JSON/seed 分组对象路径之下，可挂到该父分组；需确认是否过宽,A1事件测量控制参数,中国移动5G扩展型皮基站网管南向接口数据模型规范v1.9.4.xlsx,SM,15
Device.Services.FAPService.{i}.CellConfig.{i}.NR.RAN.Mobility.ConnMode.NR.A1MeasureCtrl.{i}.ReportOnLeave,parameter,READ_WRITE,STRING,SJ,移动性参数管理,{i},Device.Services.FAPService.{i}.CellConfig.{i}.NR.RAN.Mobility.ConnMode.NR.A1MeasureCtrl.{i}.,DEVICE_SERVICES_FAPSERVICE_CELLCONFIG_NR_RAN_MOBILITY_CONNMODE_NR_A1MEASURECTRL,LST A1_MEASURE_CTRL;MOD A1_MEASURE_CTRL,YES_EXISTING_JSON_PARENT_GROUP,medium,SF,小区服务参数管理（总体）,FAP 载波基本配置,Device.Services.FAPService.{i}.,,,json_seed_and_catalog_existing_group,omcgo/internal/config/parammodel/mmlstandardloader/seeds/cmcc_tdlte_v23.json; omcgo/datamodels/mml-catalog/cmcc-tdlte-v2.3.json,参数 path 位于现有 JSON/seed 分组对象路径之下，可挂到该父分组；需确认是否过宽,A1事件测量控制参数,中国移动5G扩展型皮基站网管南向接口数据模型规范v1.9.4.xlsx,SM,10
Device.Services.FAPService.{i}.CellConfig.{i}.NR.RAN.Mobility.ConnMode.NR.A1MeasureCtrl.{i}.ReportQuantityCell,parameter,READ_WRITE,STRING,SJ,移动性参数管理,{i},Device.Services.FAPService.{i}.CellConfig.{i}.NR.RAN.Mobility.ConnMode.NR.A1MeasureCtrl.{i}.,DEVICE_SERVICES_FAPSERVICE_CELLCONFIG_NR_RAN_MOBILITY_CONNMODE_NR_A1MEASURECTRL,LST A1_MEASURE_CTRL;MOD A1_MEASURE_CTRL,YES_EXISTING_JSON_PARENT_GROUP,medium,SF,小区服务参数管理（总体）,FAP 载波基本配置,Device.Services.FAPService.{i}.,,,json_seed_and_catalog_existing_group,omcgo/internal/config/parammodel/mmlstandardloader/seeds/cmcc_tdlte_v23.json; omcgo/datamodels/mml-catalog/cmcc-tdlte-v2.3.json,参数 path 位于现有 JSON/seed 分组对象路径之下，可挂到该父分组；需确认是否过宽,A1事件测量控制参数,中国移动5G扩展型皮基站网管南向接口数据模型规范v1.9.4.xlsx,SM,16
Device.Services.FAPService.{i}.CellConfig.{i}.NR.RAN.Mobility.ConnMode.NR.A1MeasureCtrl.{i}.RptQuantityRsIndex,parameter,READ_WRITE,STRING,SJ,移动性参数管理,{i},Device.Services.FAPService.{i}.CellConfig.{i}.NR.RAN.Mobility.ConnMode.NR.A1MeasureCtrl.{i}.,DEVICE_SERVICES_FAPSERVICE_CELLCONFIG_NR_RAN_MOBILITY_CONNMODE_NR_A1MEASURECTRL,LST A1_MEASURE_CTRL;MOD A1_MEASURE_CTRL,YES_EXISTING_JSON_PARENT_GROUP,medium,SF,小区服务参数管理（总体）,FAP 载波基本配置,Device.Services.FAPService.{i}.,,,json_seed_and_catalog_existing_group,omcgo/internal/config/parammodel/mmlstandardloader/seeds/cmcc_tdlte_v23.json; omcgo/datamodels/mml-catalog/cmcc-tdlte-v2.3.json,参数 path 位于现有 JSON/seed 分组对象路径之下，可挂到该父分组；需确认是否过宽,A1事件测量控制参数,中国移动5G扩展型皮基站网管南向接口数据模型规范v1.9.4.xlsx,SM,8
Device.Services.FAPService.{i}.CellConfig.{i}.NR.RAN.Mobility.ConnMode.NR.A1MeasureCtrl.{i}.RsType,parameter,READ_WRITE,STRING,SJ,移动性参数管理,{i},Device.Services.FAPService.{i}.CellConfig.{i}.NR.RAN.Mobility.ConnMode.NR.A1MeasureCtrl.{i}.,DEVICE_SERVICES_FAPSERVICE_CELLCONFIG_NR_RAN_MOBILITY_CONNMODE_NR_A1MEASURECTRL,LST A1_MEASURE_CTRL;MOD A1_MEASURE_CTRL,YES_EXISTING_JSON_PARENT_GROUP,medium,SF,小区服务参数管理（总体）,FAP 载波基本配置,Device.Services.FAPService.{i}.,,,json_seed_and_catalog_existing_group,omcgo/internal/config/parammodel/mmlstandardloader/seeds/cmcc_tdlte_v23.json; omcgo/datamodels/mml-catalog/cmcc-tdlte-v2.3.json,参数 path 位于现有 JSON/seed 分组对象路径之下，可挂到该父分组；需确认是否过宽,A1事件测量控制参数,中国移动5G扩展型皮基站网管南向接口数据模型规范v1.9.4.xlsx,SM,18
Device.Services.FAPService.{i}.CellConfig.{i}.NR.RAN.Mobility.ConnMode.NR.A1MeasureCtrl.{i}.ThresholdTriggerType,parameter,READ_WRITE,STRING,SJ,移动性参数管理,{i},Device.Services.FAPService.{i}.CellConfig.{i}.NR.RAN.Mobility.ConnMode.NR.A1MeasureCtrl.{i}.,DEVICE_SERVICES_FAPSERVICE_CELLCONFIG_NR_RAN_MOBILITY_CONNMODE_NR_A1MEASURECTRL,LST A1_MEASURE_CTRL;MOD A1_MEASURE_CTRL,YES_EXISTING_JSON_PARENT_GROUP,medium,SF,小区服务参数管理（总体）,FAP 载波基本配置,Device.Services.FAPService.{i}.,,,json_seed_and_catalog_existing_group,omcgo/internal/config/parammodel/mmlstandardloader/seeds/cmcc_tdlte_v23.json; omcgo/datamodels/mml-catalog/cmcc-tdlte-v2.3.json,参数 path 位于现有 JSON/seed 分组对象路径之下，可挂到该父分组；需确认是否过宽,,,,
Device.Services.FAPService.{i}.CellConfig.{i}.NR.RAN.Mobility.ConnMode.NR.A1MeasureCtrl.{i}.TimeToTrigger,parameter,READ_WRITE,STRING,SJ,移动性参数管理,{i},Device.Services.FAPService.{i}.CellConfig.{i}.NR.RAN.Mobility.ConnMode.NR.A1MeasureCtrl.{i}.,DEVICE_SERVICES_FAPSERVICE_CELLCONFIG_NR_RAN_MOBILITY_CONNMODE_NR_A1MEASURECTRL,LST A1_MEASURE_CTRL;MOD A1_MEASURE_CTRL,YES_EXISTING_JSON_PARENT_GROUP,medium,SF,小区服务参数管理（总体）,FAP 载波基本配置,Device.Services.FAPService.{i}.,,,json_seed_and_catalog_existing_group,omcgo/internal/config/parammodel/mmlstandardloader/seeds/cmcc_tdlte_v23.json; omcgo/datamodels/mml-catalog/cmcc-tdlte-v2.3.json,参数 path 位于现有 JSON/seed 分组对象路径之下，可挂到该父分组；需确认是否过宽,A1事件测量控制参数,中国移动5G扩展型皮基站网管南向接口数据模型规范v1.9.4.xlsx,SM,17
Device.Services.FAPService.{i}.CellConfig.{i}.NR.RAN.Mobility.ConnMode.NR.A2MeasureCtrl.{i}.A2ThresholdRSRP,parameter,READ_WRITE,STRING,SJ,移动性参数管理,{i},Device.Services.FAPService.{i}.CellConfig.{i}.NR.RAN.Mobility.ConnMode.NR.A2MeasureCtrl.{i}.,DEVICE_SERVICES_FAPSERVICE_CELLCONFIG_NR_RAN_MOBILITY_CONNMODE_NR_A2MEASURECTRL,LST A2_MEASURE_CTRL;MOD A2_MEASURE_CTRL,YES_EXISTING_JSON_PARENT_GROUP,medium,SF,小区服务参数管理（总体）,FAP 载波基本配置,Device.Services.FAPService.{i}.,,,json_seed_and_catalog_existing_group,omcgo/internal/config/parammodel/mmlstandardloader/seeds/cmcc_tdlte_v23.json; omcgo/datamodels/mml-catalog/cmcc-tdlte-v2.3.json,参数 path 位于现有 JSON/seed 分组对象路径之下，可挂到该父分组；需确认是否过宽,A2事件测量控制参数,中国移动5G扩展型皮基站网管南向接口数据模型规范v1.9.4.xlsx,SM,56
Device.Services.FAPService.{i}.CellConfig.{i}.NR.RAN.Mobility.ConnMode.NR.A2MeasureCtrl.{i}.A2ThresholdRSRQ,parameter,READ_WRITE,STRING,SJ,移动性参数管理,{i},Device.Services.FAPService.{i}.CellConfig.{i}.NR.RAN.Mobility.ConnMode.NR.A2MeasureCtrl.{i}.,DEVICE_SERVICES_FAPSERVICE_CELLCONFIG_NR_RAN_MOBILITY_CONNMODE_NR_A2MEASURECTRL,LST A2_MEASURE_CTRL;MOD A2_MEASURE_CTRL,YES_EXISTING_JSON_PARENT_GROUP,medium,SF,小区服务参数管理（总体）,FAP 载波基本配置,Device.Services.FAPService.{i}.,,,json_seed_and_catalog_existing_group,omcgo/internal/config/parammodel/mmlstandardloader/seeds/cmcc_tdlte_v23.json; omcgo/datamodels/mml-catalog/cmcc-tdlte-v2.3.json,参数 path 位于现有 JSON/seed 分组对象路径之下，可挂到该父分组；需确认是否过宽,A2事件测量控制参数,中国移动5G扩展型皮基站网管南向接口数据模型规范v1.9.4.xlsx,SM,57
Device.Services.FAPService.{i}.CellConfig.{i}.NR.RAN.Mobility.ConnMode.NR.A2MeasureCtrl.{i}.A2ThresholdSINR,parameter,READ_WRITE,STRING,SJ,移动性参数管理,{i},Device.Services.FAPService.{i}.CellConfig.{i}.NR.RAN.Mobility.ConnMode.NR.A2MeasureCtrl.{i}.,DEVICE_SERVICES_FAPSERVICE_CELLCONFIG_NR_RAN_MOBILITY_CONNMODE_NR_A2MEASURECTRL,LST A2_MEASURE_CTRL;MOD A2_MEASURE_CTRL,YES_EXISTING_JSON_PARENT_GROUP,medium,SF,小区服务参数管理（总体）,FAP 载波基本配置,Device.Services.FAPService.{i}.,,,json_seed_and_catalog_existing_group,omcgo/internal/config/parammodel/mmlstandardloader/seeds/cmcc_tdlte_v23.json; omcgo/datamodels/mml-catalog/cmcc-tdlte-v2.3.json,参数 path 位于现有 JSON/seed 分组对象路径之下，可挂到该父分组；需确认是否过宽,A2事件测量控制参数,中国移动5G扩展型皮基站网管南向接口数据模型规范v1.9.4.xlsx,SM,58
Device.Services.FAPService.{i}.CellConfig.{i}.NR.RAN.Mobility.ConnMode.NR.A2MeasureCtrl.{i}.Enable,parameter,READ_WRITE,STRING,SJ,移动性参数管理,{i},Device.Services.FAPService.{i}.CellConfig.{i}.NR.RAN.Mobility.ConnMode.NR.A2MeasureCtrl.{i}.,DEVICE_SERVICES_FAPSERVICE_CELLCONFIG_NR_RAN_MOBILITY_CONNMODE_NR_A2MEASURECTRL,LST A2_MEASURE_CTRL;MOD A2_MEASURE_CTRL,YES_EXISTING_JSON_PARENT_GROUP,medium,SF,小区服务参数管理（总体）,FAP 载波基本配置,Device.Services.FAPService.{i}.,,,json_seed_and_catalog_existing_group,omcgo/internal/config/parammodel/mmlstandardloader/seeds/cmcc_tdlte_v23.json; omcgo/datamodels/mml-catalog/cmcc-tdlte-v2.3.json,参数 path 位于现有 JSON/seed 分组对象路径之下，可挂到该父分组；需确认是否过宽,A2事件测量控制参数,中国移动5G扩展型皮基站网管南向接口数据模型规范v1.9.4.xlsx,SM,54
Device.Services.FAPService.{i}.CellConfig.{i}.NR.RAN.Mobility.ConnMode.NR.A2MeasureCtrl.{i}.Hysteresis,parameter,READ_WRITE,STRING,SJ,移动性参数管理,{i},Device.Services.FAPService.{i}.CellConfig.{i}.NR.RAN.Mobility.ConnMode.NR.A2MeasureCtrl.{i}.,DEVICE_SERVICES_FAPSERVICE_CELLCONFIG_NR_RAN_MOBILITY_CONNMODE_NR_A2MEASURECTRL,LST A2_MEASURE_CTRL;MOD A2_MEASURE_CTRL,YES_EXISTING_JSON_PARENT_GROUP,medium,SF,小区服务参数管理（总体）,FAP 载波基本配置,Device.Services.FAPService.{i}.,,,json_seed_and_catalog_existing_group,omcgo/internal/config/parammodel/mmlstandardloader/seeds/cmcc_tdlte_v23.json; omcgo/datamodels/mml-catalog/cmcc-tdlte-v2.3.json,参数 path 位于现有 JSON/seed 分组对象路径之下，可挂到该父分组；需确认是否过宽,A2事件测量控制参数,中国移动5G扩展型皮基站网管南向接口数据模型规范v1.9.4.xlsx,SM,62
Device.Services.FAPService.{i}.CellConfig.{i}.NR.RAN.Mobility.ConnMode.NR.A2MeasureCtrl.{i}.IncludeBeamMeasurements,parameter,READ_WRITE,STRING,SJ,移动性参数管理,{i},Device.Services.FAPService.{i}.CellConfig.{i}.NR.RAN.Mobility.ConnMode.NR.A2MeasureCtrl.{i}.,DEVICE_SERVICES_FAPSERVICE_CELLCONFIG_NR_RAN_MOBILITY_CONNMODE_NR_A2MEASURECTRL,LST A2_MEASURE_CTRL;MOD A2_MEASURE_CTRL,YES_EXISTING_JSON_PARENT_GROUP,medium,SF,小区服务参数管理（总体）,FAP 载波基本配置,Device.Services.FAPService.{i}.,,,json_seed_and_catalog_existing_group,omcgo/internal/config/parammodel/mmlstandardloader/seeds/cmcc_tdlte_v23.json; omcgo/datamodels/mml-catalog/cmcc-tdlte-v2.3.json,参数 path 位于现有 JSON/seed 分组对象路径之下，可挂到该父分组；需确认是否过宽,A2事件测量控制参数,中国移动5G扩展型皮基站网管南向接口数据模型规范v1.9.4.xlsx,SM,70
Device.Services.FAPService.{i}.CellConfig.{i}.NR.RAN.Mobility.ConnMode.NR.A2MeasureCtrl.{i}.MaxNrofRSIndexToReport,parameter,READ_WRITE,STRING,SJ,移动性参数管理,{i},Device.Services.FAPService.{i}.CellConfig.{i}.NR.RAN.Mobility.ConnMode.NR.A2MeasureCtrl.{i}.,DEVICE_SERVICES_FAPSERVICE_CELLCONFIG_NR_RAN_MOBILITY_CONNMODE_NR_A2MEASURECTRL,LST A2_MEASURE_CTRL;MOD A2_MEASURE_CTRL,YES_EXISTING_JSON_PARENT_GROUP,medium,SF,小区服务参数管理（总体）,FAP 载波基本配置,Device.Services.FAPService.{i}.,,,json_seed_and_catalog_existing_group,omcgo/internal/config/parammodel/mmlstandardloader/seeds/cmcc_tdlte_v23.json; omcgo/datamodels/mml-catalog/cmcc-tdlte-v2.3.json,参数 path 位于现有 JSON/seed 分组对象路径之下，可挂到该父分组；需确认是否过宽,A2事件测量控制参数,中国移动5G扩展型皮基站网管南向接口数据模型规范v1.9.4.xlsx,SM,60
Device.Services.FAPService.{i}.CellConfig.{i}.NR.RAN.Mobility.ConnMode.NR.A2MeasureCtrl.{i}.MaxReportCells,parameter,READ_WRITE,STRING,SJ,移动性参数管理,{i},Device.Services.FAPService.{i}.CellConfig.{i}.NR.RAN.Mobility.ConnMode.NR.A2MeasureCtrl.{i}.,DEVICE_SERVICES_FAPSERVICE_CELLCONFIG_NR_RAN_MOBILITY_CONNMODE_NR_A2MEASURECTRL,LST A2_MEASURE_CTRL;MOD A2_MEASURE_CTRL,YES_EXISTING_JSON_PARENT_GROUP,medium,SF,小区服务参数管理（总体）,FAP 载波基本配置,Device.Services.FAPService.{i}.,,,json_seed_and_catalog_existing_group,omcgo/internal/config/parammodel/mmlstandardloader/seeds/cmcc_tdlte_v23.json; omcgo/datamodels/mml-catalog/cmcc-tdlte-v2.3.json,参数 path 位于现有 JSON/seed 分组对象路径之下，可挂到该父分组；需确认是否过宽,A2事件测量控制参数,中国移动5G扩展型皮基站网管南向接口数据模型规范v1.9.4.xlsx,SM,63
Device.Services.FAPService.{i}.CellConfig.{i}.NR.RAN.Mobility.ConnMode.NR.A2MeasureCtrl.{i}.MeasurePurpose,parameter,READ_WRITE,STRING,SJ,移动性参数管理,{i},Device.Services.FAPService.{i}.CellConfig.{i}.NR.RAN.Mobility.ConnMode.NR.A2MeasureCtrl.{i}.,DEVICE_SERVICES_FAPSERVICE_CELLCONFIG_NR_RAN_MOBILITY_CONNMODE_NR_A2MEASURECTRL,LST A2_MEASURE_CTRL;MOD A2_MEASURE_CTRL,YES_EXISTING_JSON_PARENT_GROUP,medium,SF,小区服务参数管理（总体）,FAP 载波基本配置,Device.Services.FAPService.{i}.,,,json_seed_and_catalog_existing_group,omcgo/internal/config/parammodel/mmlstandardloader/seeds/cmcc_tdlte_v23.json; omcgo/datamodels/mml-catalog/cmcc-tdlte-v2.3.json,参数 path 位于现有 JSON/seed 分组对象路径之下，可挂到该父分组；需确认是否过宽,A2事件测量控制参数,中国移动5G扩展型皮基站网管南向接口数据模型规范v1.9.4.xlsx,SM,64
Device.Services.FAPService.{i}.CellConfig.{i}.NR.RAN.Mobility.ConnMode.NR.A2MeasureCtrl.{i}.PLMNID,parameter,READ_WRITE,STRING,SJ,移动性参数管理,{i},Device.Services.FAPService.{i}.CellConfig.{i}.NR.RAN.Mobility.ConnMode.NR.A2MeasureCtrl.{i}.,DEVICE_SERVICES_FAPSERVICE_CELLCONFIG_NR_RAN_MOBILITY_CONNMODE_NR_A2MEASURECTRL,LST A2_MEASURE_CTRL;MOD A2_MEASURE_CTRL,YES_EXISTING_JSON_PARENT_GROUP,medium,SF,小区服务参数管理（总体）,FAP 载波基本配置,Device.Services.FAPService.{i}.,,,json_seed_and_catalog_existing_group,omcgo/internal/config/parammodel/mmlstandardloader/seeds/cmcc_tdlte_v23.json; omcgo/datamodels/mml-catalog/cmcc-tdlte-v2.3.json,参数 path 位于现有 JSON/seed 分组对象路径之下，可挂到该父分组；需确认是否过宽,,,,
Device.Services.FAPService.{i}.CellConfig.{i}.NR.RAN.Mobility.ConnMode.NR.A2MeasureCtrl.{i}.ReportAmount,parameter,READ_WRITE,STRING,SJ,移动性参数管理,{i},Device.Services.FAPService.{i}.CellConfig.{i}.NR.RAN.Mobility.ConnMode.NR.A2MeasureCtrl.{i}.,DEVICE_SERVICES_FAPSERVICE_CELLCONFIG_NR_RAN_MOBILITY_CONNMODE_NR_A2MEASURECTRL,LST A2_MEASURE_CTRL;MOD A2_MEASURE_CTRL,YES_EXISTING_JSON_PARENT_GROUP,medium,SF,小区服务参数管理（总体）,FAP 载波基本配置,Device.Services.FAPService.{i}.,,,json_seed_and_catalog_existing_group,omcgo/internal/config/parammodel/mmlstandardloader/seeds/cmcc_tdlte_v23.json; omcgo/datamodels/mml-catalog/cmcc-tdlte-v2.3.json,参数 path 位于现有 JSON/seed 分组对象路径之下，可挂到该父分组；需确认是否过宽,A2事件测量控制参数,中国移动5G扩展型皮基站网管南向接口数据模型规范v1.9.4.xlsx,SM,65
Device.Services.FAPService.{i}.CellConfig.{i}.NR.RAN.Mobility.ConnMode.NR.A2MeasureCtrl.{i}.ReportInterval,parameter,READ_WRITE,STRING,SJ,移动性参数管理,{i},Device.Services.FAPService.{i}.CellConfig.{i}.NR.RAN.Mobility.ConnMode.NR.A2MeasureCtrl.{i}.,DEVICE_SERVICES_FAPSERVICE_CELLCONFIG_NR_RAN_MOBILITY_CONNMODE_NR_A2MEASURECTRL,LST A2_MEASURE_CTRL;MOD A2_MEASURE_CTRL,YES_EXISTING_JSON_PARENT_GROUP,medium,SF,小区服务参数管理（总体）,FAP 载波基本配置,Device.Services.FAPService.{i}.,,,json_seed_and_catalog_existing_group,omcgo/internal/config/parammodel/mmlstandardloader/seeds/cmcc_tdlte_v23.json; omcgo/datamodels/mml-catalog/cmcc-tdlte-v2.3.json,参数 path 位于现有 JSON/seed 分组对象路径之下，可挂到该父分组；需确认是否过宽,A2事件测量控制参数,中国移动5G扩展型皮基站网管南向接口数据模型规范v1.9.4.xlsx,SM,66
Device.Services.FAPService.{i}.CellConfig.{i}.NR.RAN.Mobility.ConnMode.NR.A2MeasureCtrl.{i}.ReportOnLeave,parameter,READ_WRITE,STRING,SJ,移动性参数管理,{i},Device.Services.FAPService.{i}.CellConfig.{i}.NR.RAN.Mobility.ConnMode.NR.A2MeasureCtrl.{i}.,DEVICE_SERVICES_FAPSERVICE_CELLCONFIG_NR_RAN_MOBILITY_CONNMODE_NR_A2MEASURECTRL,LST A2_MEASURE_CTRL;MOD A2_MEASURE_CTRL,YES_EXISTING_JSON_PARENT_GROUP,medium,SF,小区服务参数管理（总体）,FAP 载波基本配置,Device.Services.FAPService.{i}.,,,json_seed_and_catalog_existing_group,omcgo/internal/config/parammodel/mmlstandardloader/seeds/cmcc_tdlte_v23.json; omcgo/datamodels/mml-catalog/cmcc-tdlte-v2.3.json,参数 path 位于现有 JSON/seed 分组对象路径之下，可挂到该父分组；需确认是否过宽,A2事件测量控制参数,中国移动5G扩展型皮基站网管南向接口数据模型规范v1.9.4.xlsx,SM,61
Device.Services.FAPService.{i}.CellConfig.{i}.NR.RAN.Mobility.ConnMode.NR.A2MeasureCtrl.{i}.ReportQuantityCell,parameter,READ_WRITE,STRING,SJ,移动性参数管理,{i},Device.Services.FAPService.{i}.CellConfig.{i}.NR.RAN.Mobility.ConnMode.NR.A2MeasureCtrl.{i}.,DEVICE_SERVICES_FAPSERVICE_CELLCONFIG_NR_RAN_MOBILITY_CONNMODE_NR_A2MEASURECTRL,LST A2_MEASURE_CTRL;MOD A2_MEASURE_CTRL,YES_EXISTING_JSON_PARENT_GROUP,medium,SF,小区服务参数管理（总体）,FAP 载波基本配置,Device.Services.FAPService.{i}.,,,json_seed_and_catalog_existing_group,omcgo/internal/config/parammodel/mmlstandardloader/seeds/cmcc_tdlte_v23.json; omcgo/datamodels/mml-catalog/cmcc-tdlte-v2.3.json,参数 path 位于现有 JSON/seed 分组对象路径之下，可挂到该父分组；需确认是否过宽,A2事件测量控制参数,中国移动5G扩展型皮基站网管南向接口数据模型规范v1.9.4.xlsx,SM,67
Device.Services.FAPService.{i}.CellConfig.{i}.NR.RAN.Mobility.ConnMode.NR.A2MeasureCtrl.{i}.RptQuantityRsIndex,parameter,READ_WRITE,STRING,SJ,移动性参数管理,{i},Device.Services.FAPService.{i}.CellConfig.{i}.NR.RAN.Mobility.ConnMode.NR.A2MeasureCtrl.{i}.,DEVICE_SERVICES_FAPSERVICE_CELLCONFIG_NR_RAN_MOBILITY_CONNMODE_NR_A2MEASURECTRL,LST A2_MEASURE_CTRL;MOD A2_MEASURE_CTRL,YES_EXISTING_JSON_PARENT_GROUP,medium,SF,小区服务参数管理（总体）,FAP 载波基本配置,Device.Services.FAPService.{i}.,,,json_seed_and_catalog_existing_group,omcgo/internal/config/parammodel/mmlstandardloader/seeds/cmcc_tdlte_v23.json; omcgo/datamodels/mml-catalog/cmcc-tdlte-v2.3.json,参数 path 位于现有 JSON/seed 分组对象路径之下，可挂到该父分组；需确认是否过宽,A2事件测量控制参数,中国移动5G扩展型皮基站网管南向接口数据模型规范v1.9.4.xlsx,SM,59
Device.Services.FAPService.{i}.CellConfig.{i}.NR.RAN.Mobility.ConnMode.NR.A2MeasureCtrl.{i}.RsType,parameter,READ_WRITE,STRING,SJ,移动性参数管理,{i},Device.Services.FAPService.{i}.CellConfig.{i}.NR.RAN.Mobility.ConnMode.NR.A2MeasureCtrl.{i}.,DEVICE_SERVICES_FAPSERVICE_CELLCONFIG_NR_RAN_MOBILITY_CONNMODE_NR_A2MEASURECTRL,LST A2_MEASURE_CTRL;MOD A2_MEASURE_CTRL,YES_EXISTING_JSON_PARENT_GROUP,medium,SF,小区服务参数管理（总体）,FAP 载波基本配置,Device.Services.FAPService.{i}.,,,json_seed_and_catalog_existing_group,omcgo/internal/config/parammodel/mmlstandardloader/seeds/cmcc_tdlte_v23.json; omcgo/datamodels/mml-catalog/cmcc-tdlte-v2.3.json,参数 path 位于现有 JSON/seed 分组对象路径之下，可挂到该父分组；需确认是否过宽,A2事件测量控制参数,中国移动5G扩展型皮基站网管南向接口数据模型规范v1.9.4.xlsx,SM,69
Device.Services.FAPService.{i}.CellConfig.{i}.NR.RAN.Mobility.ConnMode.NR.A2MeasureCtrl.{i}.ThresholdTriggerType,parameter,READ_WRITE,STRING,SJ,移动性参数管理,{i},Device.Services.FAPService.{i}.CellConfig.{i}.NR.RAN.Mobility.ConnMode.NR.A2MeasureCtrl.{i}.,DEVICE_SERVICES_FAPSERVICE_CELLCONFIG_NR_RAN_MOBILITY_CONNMODE_NR_A2MEASURECTRL,LST A2_MEASURE_CTRL;MOD A2_MEASURE_CTRL,YES_EXISTING_JSON_PARENT_GROUP,medium,SF,小区服务参数管理（总体）,FAP 载波基本配置,Device.Services.FAPService.{i}.,,,json_seed_and_catalog_existing_group,omcgo/internal/config/parammodel/mmlstandardloader/seeds/cmcc_tdlte_v23.json; omcgo/datamodels/mml-catalog/cmcc-tdlte-v2.3.json,参数 path 位于现有 JSON/seed 分组对象路径之下，可挂到该父分组；需确认是否过宽,,,,
Device.Services.FAPService.{i}.CellConfig.{i}.NR.RAN.Mobility.ConnMode.NR.A2MeasureCtrl.{i}.TimeToTrigger,parameter,READ_WRITE,STRING,SJ,移动性参数管理,{i},Device.Services.FAPService.{i}.CellConfig.{i}.NR.RAN.Mobility.ConnMode.NR.A2MeasureCtrl.{i}.,DEVICE_SERVICES_FAPSERVICE_CELLCONFIG_NR_RAN_MOBILITY_CONNMODE_NR_A2MEASURECTRL,LST A2_MEASURE_CTRL;MOD A2_MEASURE_CTRL,YES_EXISTING_JSON_PARENT_GROUP,medium,SF,小区服务参数管理（总体）,FAP 载波基本配置,Device.Services.FAPService.{i}.,,,json_seed_and_catalog_existing_group,omcgo/internal/config/parammodel/mmlstandardloader/seeds/cmcc_tdlte_v23.json; omcgo/datamodels/mml-catalog/cmcc-tdlte-v2.3.json,参数 path 位于现有 JSON/seed 分组对象路径之下，可挂到该父分组；需确认是否过宽,A2事件测量控制参数,中国移动5G扩展型皮基站网管南向接口数据模型规范v1.9.4.xlsx,SM,68
Device.Services.FAPService.{i}.CellConfig.{i}.NR.RAN.Mobility.ConnMode.NR.A3MeasureCtrl.{i}.A3OffsetRSRP,parameter,READ_WRITE,STRING,SJ,移动性参数管理,{i},Device.Services.FAPService.{i}.CellConfig.{i}.NR.RAN.Mobility.ConnMode.NR.A3MeasureCtrl.{i}.,DEVICE_SERVICES_FAPSERVICE_CELLCONFIG_NR_RAN_MOBILITY_CONNMODE_NR_A3MEASURECTRL,LST A3_MEASURE_CTRL;MOD A3_MEASURE_CTRL,YES_EXISTING_JSON_PARENT_GROUP,medium,SF,小区服务参数管理（总体）,FAP 载波基本配置,Device.Services.FAPService.{i}.,,,json_seed_and_catalog_existing_group,omcgo/internal/config/parammodel/mmlstandardloader/seeds/cmcc_tdlte_v23.json; omcgo/datamodels/mml-catalog/cmcc-tdlte-v2.3.json,参数 path 位于现有 JSON/seed 分组对象路径之下，可挂到该父分组；需确认是否过宽,A3事件测量控制参数,中国移动5G扩展型皮基站网管南向接口数据模型规范v1.9.4.xlsx,SM,107
Device.Services.FAPService.{i}.CellConfig.{i}.NR.RAN.Mobility.ConnMode.NR.A3MeasureCtrl.{i}.A3OffsetRSRQ,parameter,READ_WRITE,STRING,SJ,移动性参数管理,{i},Device.Services.FAPService.{i}.CellConfig.{i}.NR.RAN.Mobility.ConnMode.NR.A3MeasureCtrl.{i}.,DEVICE_SERVICES_FAPSERVICE_CELLCONFIG_NR_RAN_MOBILITY_CONNMODE_NR_A3MEASURECTRL,LST A3_MEASURE_CTRL;MOD A3_MEASURE_CTRL,YES_EXISTING_JSON_PARENT_GROUP,medium,SF,小区服务参数管理（总体）,FAP 载波基本配置,Device.Services.FAPService.{i}.,,,json_seed_and_catalog_existing_group,omcgo/internal/config/parammodel/mmlstandardloader/seeds/cmcc_tdlte_v23.json; omcgo/datamodels/mml-catalog/cmcc-tdlte-v2.3.json,参数 path 位于现有 JSON/seed 分组对象路径之下，可挂到该父分组；需确认是否过宽,A3事件测量控制参数,中国移动5G扩展型皮基站网管南向接口数据模型规范v1.9.4.xlsx,SM,108
Device.Services.FAPService.{i}.CellConfig.{i}.NR.RAN.Mobility.ConnMode.NR.A3MeasureCtrl.{i}.A3OffsetSINR,parameter,READ_WRITE,STRING,SJ,移动性参数管理,{i},Device.Services.FAPService.{i}.CellConfig.{i}.NR.RAN.Mobility.ConnMode.NR.A3MeasureCtrl.{i}.,DEVICE_SERVICES_FAPSERVICE_CELLCONFIG_NR_RAN_MOBILITY_CONNMODE_NR_A3MEASURECTRL,LST A3_MEASURE_CTRL;MOD A3_MEASURE_CTRL,YES_EXISTING_JSON_PARENT_GROUP,medium,SF,小区服务参数管理（总体）,FAP 载波基本配置,Device.Services.FAPService.{i}.,,,json_seed_and_catalog_existing_group,omcgo/internal/config/parammodel/mmlstandardloader/seeds/cmcc_tdlte_v23.json; omcgo/datamodels/mml-catalog/cmcc-tdlte-v2.3.json,参数 path 位于现有 JSON/seed 分组对象路径之下，可挂到该父分组；需确认是否过宽,A3事件测量控制参数,中国移动5G扩展型皮基站网管南向接口数据模型规范v1.9.4.xlsx,SM,109
Device.Services.FAPService.{i}.CellConfig.{i}.NR.RAN.Mobility.ConnMode.NR.A3MeasureCtrl.{i}.Enable,parameter,READ_WRITE,STRING,SJ,移动性参数管理,{i},Device.Services.FAPService.{i}.CellConfig.{i}.NR.RAN.Mobility.ConnMode.NR.A3MeasureCtrl.{i}.,DEVICE_SERVICES_FAPSERVICE_CELLCONFIG_NR_RAN_MOBILITY_CONNMODE_NR_A3MEASURECTRL,LST A3_MEASURE_CTRL;MOD A3_MEASURE_CTRL,YES_EXISTING_JSON_PARENT_GROUP,medium,SF,小区服务参数管理（总体）,FAP 载波基本配置,Device.Services.FAPService.{i}.,,,json_seed_and_catalog_existing_group,omcgo/internal/config/parammodel/mmlstandardloader/seeds/cmcc_tdlte_v23.json; omcgo/datamodels/mml-catalog/cmcc-tdlte-v2.3.json,参数 path 位于现有 JSON/seed 分组对象路径之下，可挂到该父分组；需确认是否过宽,A3事件测量控制参数,中国移动5G扩展型皮基站网管南向接口数据模型规范v1.9.4.xlsx,SM,105
Device.Services.FAPService.{i}.CellConfig.{i}.NR.RAN.Mobility.ConnMode.NR.A3MeasureCtrl.{i}.Hysteresis,parameter,READ_WRITE,STRING,SJ,移动性参数管理,{i},Device.Services.FAPService.{i}.CellConfig.{i}.NR.RAN.Mobility.ConnMode.NR.A3MeasureCtrl.{i}.,DEVICE_SERVICES_FAPSERVICE_CELLCONFIG_NR_RAN_MOBILITY_CONNMODE_NR_A3MEASURECTRL,LST A3_MEASURE_CTRL;MOD A3_MEASURE_CTRL,YES_EXISTING_JSON_PARENT_GROUP,medium,SF,小区服务参数管理（总体）,FAP 载波基本配置,Device.Services.FAPService.{i}.,,,json_seed_and_catalog_existing_group,omcgo/internal/config/parammodel/mmlstandardloader/seeds/cmcc_tdlte_v23.json; omcgo/datamodels/mml-catalog/cmcc-tdlte-v2.3.json,参数 path 位于现有 JSON/seed 分组对象路径之下，可挂到该父分组；需确认是否过宽,A3事件测量控制参数,中国移动5G扩展型皮基站网管南向接口数据模型规范v1.9.4.xlsx,SM,112
Device.Services.FAPService.{i}.CellConfig.{i}.NR.RAN.Mobility.ConnMode.NR.A3MeasureCtrl.{i}.IncludeBeamMeasurements,parameter,READ_WRITE,STRING,SJ,移动性参数管理,{i},Device.Services.FAPService.{i}.CellConfig.{i}.NR.RAN.Mobility.ConnMode.NR.A3MeasureCtrl.{i}.,DEVICE_SERVICES_FAPSERVICE_CELLCONFIG_NR_RAN_MOBILITY_CONNMODE_NR_A3MEASURECTRL,LST A3_MEASURE_CTRL;MOD A3_MEASURE_CTRL,YES_EXISTING_JSON_PARENT_GROUP,medium,SF,小区服务参数管理（总体）,FAP 载波基本配置,Device.Services.FAPService.{i}.,,,json_seed_and_catalog_existing_group,omcgo/internal/config/parammodel/mmlstandardloader/seeds/cmcc_tdlte_v23.json; omcgo/datamodels/mml-catalog/cmcc-tdlte-v2.3.json,参数 path 位于现有 JSON/seed 分组对象路径之下，可挂到该父分组；需确认是否过宽,A3事件测量控制参数,中国移动5G扩展型皮基站网管南向接口数据模型规范v1.9.4.xlsx,SM,122
Device.Services.FAPService.{i}.CellConfig.{i}.NR.RAN.Mobility.ConnMode.NR.A3MeasureCtrl.{i}.MaxNrofRSIndexToReport,parameter,READ_WRITE,STRING,SJ,移动性参数管理,{i},Device.Services.FAPService.{i}.CellConfig.{i}.NR.RAN.Mobility.ConnMode.NR.A3MeasureCtrl.{i}.,DEVICE_SERVICES_FAPSERVICE_CELLCONFIG_NR_RAN_MOBILITY_CONNMODE_NR_A3MEASURECTRL,LST A3_MEASURE_CTRL;MOD A3_MEASURE_CTRL,YES_EXISTING_JSON_PARENT_GROUP,medium,SF,小区服务参数管理（总体）,FAP 载波基本配置,Device.Services.FAPService.{i}.,,,json_seed_and_catalog_existing_group,omcgo/internal/config/parammodel/mmlstandardloader/seeds/cmcc_tdlte_v23.json; omcgo/datamodels/mml-catalog/cmcc-tdlte-v2.3.json,参数 path 位于现有 JSON/seed 分组对象路径之下，可挂到该父分组；需确认是否过宽,A3事件测量控制参数,中国移动5G扩展型皮基站网管南向接口数据模型规范v1.9.4.xlsx,SM,111
Device.Services.FAPService.{i}.CellConfig.{i}.NR.RAN.Mobility.ConnMode.NR.A3MeasureCtrl.{i}.MaxReportCells,parameter,READ_WRITE,STRING,SJ,移动性参数管理,{i},Device.Services.FAPService.{i}.CellConfig.{i}.NR.RAN.Mobility.ConnMode.NR.A3MeasureCtrl.{i}.,DEVICE_SERVICES_FAPSERVICE_CELLCONFIG_NR_RAN_MOBILITY_CONNMODE_NR_A3MEASURECTRL,LST A3_MEASURE_CTRL;MOD A3_MEASURE_CTRL,YES_EXISTING_JSON_PARENT_GROUP,medium,SF,小区服务参数管理（总体）,FAP 载波基本配置,Device.Services.FAPService.{i}.,,,json_seed_and_catalog_existing_group,omcgo/internal/config/parammodel/mmlstandardloader/seeds/cmcc_tdlte_v23.json; omcgo/datamodels/mml-catalog/cmcc-tdlte-v2.3.json,参数 path 位于现有 JSON/seed 分组对象路径之下，可挂到该父分组；需确认是否过宽,A3事件测量控制参数,中国移动5G扩展型皮基站网管南向接口数据模型规范v1.9.4.xlsx,SM,113
Device.Services.FAPService.{i}.CellConfig.{i}.NR.RAN.Mobility.ConnMode.NR.A3MeasureCtrl.{i}.MeasurePurpose,parameter,READ_WRITE,STRING,SJ,移动性参数管理,{i},Device.Services.FAPService.{i}.CellConfig.{i}.NR.RAN.Mobility.ConnMode.NR.A3MeasureCtrl.{i}.,DEVICE_SERVICES_FAPSERVICE_CELLCONFIG_NR_RAN_MOBILITY_CONNMODE_NR_A3MEASURECTRL,LST A3_MEASURE_CTRL;MOD A3_MEASURE_CTRL,YES_EXISTING_JSON_PARENT_GROUP,medium,SF,小区服务参数管理（总体）,FAP 载波基本配置,Device.Services.FAPService.{i}.,,,json_seed_and_catalog_existing_group,omcgo/internal/config/parammodel/mmlstandardloader/seeds/cmcc_tdlte_v23.json; omcgo/datamodels/mml-catalog/cmcc-tdlte-v2.3.json,参数 path 位于现有 JSON/seed 分组对象路径之下，可挂到该父分组；需确认是否过宽,A3事件测量控制参数,中国移动5G扩展型皮基站网管南向接口数据模型规范v1.9.4.xlsx,SM,114
Device.Services.FAPService.{i}.CellConfig.{i}.NR.RAN.Mobility.ConnMode.NR.A3MeasureCtrl.{i}.PLMNID,parameter,READ_WRITE,STRING,SJ,移动性参数管理,{i},Device.Services.FAPService.{i}.CellConfig.{i}.NR.RAN.Mobility.ConnMode.NR.A3MeasureCtrl.{i}.,DEVICE_SERVICES_FAPSERVICE_CELLCONFIG_NR_RAN_MOBILITY_CONNMODE_NR_A3MEASURECTRL,LST A3_MEASURE_CTRL;MOD A3_MEASURE_CTRL,YES_EXISTING_JSON_PARENT_GROUP,medium,SF,小区服务参数管理（总体）,FAP 载波基本配置,Device.Services.FAPService.{i}.,,,json_seed_and_catalog_existing_group,omcgo/internal/config/parammodel/mmlstandardloader/seeds/cmcc_tdlte_v23.json; omcgo/datamodels/mml-catalog/cmcc-tdlte-v2.3.json,参数 path 位于现有 JSON/seed 分组对象路径之下，可挂到该父分组；需确认是否过宽,,,,
Device.Services.FAPService.{i}.CellConfig.{i}.NR.RAN.Mobility.ConnMode.NR.A3MeasureCtrl.{i}.ReportAmount,parameter,READ_WRITE,STRING,SJ,移动性参数管理,{i},Device.Services.FAPService.{i}.CellConfig.{i}.NR.RAN.Mobility.ConnMode.NR.A3MeasureCtrl.{i}.,DEVICE_SERVICES_FAPSERVICE_CELLCONFIG_NR_RAN_MOBILITY_CONNMODE_NR_A3MEASURECTRL,LST A3_MEASURE_CTRL;MOD A3_MEASURE_CTRL,YES_EXISTING_JSON_PARENT_GROUP,medium,SF,小区服务参数管理（总体）,FAP 载波基本配置,Device.Services.FAPService.{i}.,,,json_seed_and_catalog_existing_group,omcgo/internal/config/parammodel/mmlstandardloader/seeds/cmcc_tdlte_v23.json; omcgo/datamodels/mml-catalog/cmcc-tdlte-v2.3.json,参数 path 位于现有 JSON/seed 分组对象路径之下，可挂到该父分组；需确认是否过宽,A3事件测量控制参数,中国移动5G扩展型皮基站网管南向接口数据模型规范v1.9.4.xlsx,SM,115
Device.Services.FAPService.{i}.CellConfig.{i}.NR.RAN.Mobility.ConnMode.NR.A3MeasureCtrl.{i}.ReportInterval,parameter,READ_WRITE,STRING,SJ,移动性参数管理,{i},Device.Services.FAPService.{i}.CellConfig.{i}.NR.RAN.Mobility.ConnMode.NR.A3MeasureCtrl.{i}.,DEVICE_SERVICES_FAPSERVICE_CELLCONFIG_NR_RAN_MOBILITY_CONNMODE_NR_A3MEASURECTRL,LST A3_MEASURE_CTRL;MOD A3_MEASURE_CTRL,YES_EXISTING_JSON_PARENT_GROUP,medium,SF,小区服务参数管理（总体）,FAP 载波基本配置,Device.Services.FAPService.{i}.,,,json_seed_and_catalog_existing_group,omcgo/internal/config/parammodel/mmlstandardloader/seeds/cmcc_tdlte_v23.json; omcgo/datamodels/mml-catalog/cmcc-tdlte-v2.3.json,参数 path 位于现有 JSON/seed 分组对象路径之下，可挂到该父分组；需确认是否过宽,A3事件测量控制参数,中国移动5G扩展型皮基站网管南向接口数据模型规范v1.9.4.xlsx,SM,117
Device.Services.FAPService.{i}.CellConfig.{i}.NR.RAN.Mobility.ConnMode.NR.A3MeasureCtrl.{i}.ReportOnLeave,parameter,READ_WRITE,STRING,SJ,移动性参数管理,{i},Device.Services.FAPService.{i}.CellConfig.{i}.NR.RAN.Mobility.ConnMode.NR.A3MeasureCtrl.{i}.,DEVICE_SERVICES_FAPSERVICE_CELLCONFIG_NR_RAN_MOBILITY_CONNMODE_NR_A3MEASURECTRL,LST A3_MEASURE_CTRL;MOD A3_MEASURE_CTRL,YES_EXISTING_JSON_PARENT_GROUP,medium,SF,小区服务参数管理（总体）,FAP 载波基本配置,Device.Services.FAPService.{i}.,,,json_seed_and_catalog_existing_group,omcgo/internal/config/parammodel/mmlstandardloader/seeds/cmcc_tdlte_v23.json; omcgo/datamodels/mml-catalog/cmcc-tdlte-v2.3.json,参数 path 位于现有 JSON/seed 分组对象路径之下，可挂到该父分组；需确认是否过宽,A3事件测量控制参数,中国移动5G扩展型皮基站网管南向接口数据模型规范v1.9.4.xlsx,SM,116
Device.Services.FAPService.{i}.CellConfig.{i}.NR.RAN.Mobility.ConnMode.NR.A3MeasureCtrl.{i}.ReportQuantityCell,parameter,READ_WRITE,STRING,SJ,移动性参数管理,{i},Device.Services.FAPService.{i}.CellConfig.{i}.NR.RAN.Mobility.ConnMode.NR.A3MeasureCtrl.{i}.,DEVICE_SERVICES_FAPSERVICE_CELLCONFIG_NR_RAN_MOBILITY_CONNMODE_NR_A3MEASURECTRL,LST A3_MEASURE_CTRL;MOD A3_MEASURE_CTRL,YES_EXISTING_JSON_PARENT_GROUP,medium,SF,小区服务参数管理（总体）,FAP 载波基本配置,Device.Services.FAPService.{i}.,,,json_seed_and_catalog_existing_group,omcgo/internal/config/parammodel/mmlstandardloader/seeds/cmcc_tdlte_v23.json; omcgo/datamodels/mml-catalog/cmcc-tdlte-v2.3.json,参数 path 位于现有 JSON/seed 分组对象路径之下，可挂到该父分组；需确认是否过宽,A3事件测量控制参数,中国移动5G扩展型皮基站网管南向接口数据模型规范v1.9.4.xlsx,SM,118
Device.Services.FAPService.{i}.CellConfig.{i}.NR.RAN.Mobility.ConnMode.NR.A3MeasureCtrl.{i}.RptQuantityRsIndex,parameter,READ_WRITE,STRING,SJ,移动性参数管理,{i},Device.Services.FAPService.{i}.CellConfig.{i}.NR.RAN.Mobility.ConnMode.NR.A3MeasureCtrl.{i}.,DEVICE_SERVICES_FAPSERVICE_CELLCONFIG_NR_RAN_MOBILITY_CONNMODE_NR_A3MEASURECTRL,LST A3_MEASURE_CTRL;MOD A3_MEASURE_CTRL,YES_EXISTING_JSON_PARENT_GROUP,medium,SF,小区服务参数管理（总体）,FAP 载波基本配置,Device.Services.FAPService.{i}.,,,json_seed_and_catalog_existing_group,omcgo/internal/config/parammodel/mmlstandardloader/seeds/cmcc_tdlte_v23.json; omcgo/datamodels/mml-catalog/cmcc-tdlte-v2.3.json,参数 path 位于现有 JSON/seed 分组对象路径之下，可挂到该父分组；需确认是否过宽,A3事件测量控制参数,中国移动5G扩展型皮基站网管南向接口数据模型规范v1.9.4.xlsx,SM,110
Device.Services.FAPService.{i}.CellConfig.{i}.NR.RAN.Mobility.ConnMode.NR.A3MeasureCtrl.{i}.RsType,parameter,READ_WRITE,STRING,SJ,移动性参数管理,{i},Device.Services.FAPService.{i}.CellConfig.{i}.NR.RAN.Mobility.ConnMode.NR.A3MeasureCtrl.{i}.,DEVICE_SERVICES_FAPSERVICE_CELLCONFIG_NR_RAN_MOBILITY_CONNMODE_NR_A3MEASURECTRL,LST A3_MEASURE_CTRL;MOD A3_MEASURE_CTRL,YES_EXISTING_JSON_PARENT_GROUP,medium,SF,小区服务参数管理（总体）,FAP 载波基本配置,Device.Services.FAPService.{i}.,,,json_seed_and_catalog_existing_group,omcgo/internal/config/parammodel/mmlstandardloader/seeds/cmcc_tdlte_v23.json; omcgo/datamodels/mml-catalog/cmcc-tdlte-v2.3.json,参数 path 位于现有 JSON/seed 分组对象路径之下，可挂到该父分组；需确认是否过宽,A3事件测量控制参数,中国移动5G扩展型皮基站网管南向接口数据模型规范v1.9.4.xlsx,SM,121
Device.Services.FAPService.{i}.CellConfig.{i}.NR.RAN.Mobility.ConnMode.NR.A3MeasureCtrl.{i}.ThresholdTriggerType,parameter,READ_WRITE,STRING,SJ,移动性参数管理,{i},Device.Services.FAPService.{i}.CellConfig.{i}.NR.RAN.Mobility.ConnMode.NR.A3MeasureCtrl.{i}.,DEVICE_SERVICES_FAPSERVICE_CELLCONFIG_NR_RAN_MOBILITY_CONNMODE_NR_A3MEASURECTRL,LST A3_MEASURE_CTRL;MOD A3_MEASURE_CTRL,YES_EXISTING_JSON_PARENT_GROUP,medium,SF,小区服务参数管理（总体）,FAP 载波基本配置,Device.Services.FAPService.{i}.,,,json_seed_and_catalog_existing_group,omcgo/internal/config/parammodel/mmlstandardloader/seeds/cmcc_tdlte_v23.json; omcgo/datamodels/mml-catalog/cmcc-tdlte-v2.3.json,参数 path 位于现有 JSON/seed 分组对象路径之下，可挂到该父分组；需确认是否过宽,,,,
Device.Services.FAPService.{i}.CellConfig.{i}.NR.RAN.Mobility.ConnMode.NR.A3MeasureCtrl.{i}.TimeToTrigger,parameter,READ_WRITE,STRING,SJ,移动性参数管理,{i},Device.Services.FAPService.{i}.CellConfig.{i}.NR.RAN.Mobility.ConnMode.NR.A3MeasureCtrl.{i}.,DEVICE_SERVICES_FAPSERVICE_CELLCONFIG_NR_RAN_MOBILITY_CONNMODE_NR_A3MEASURECTRL,LST A3_MEASURE_CTRL;MOD A3_MEASURE_CTRL,YES_EXISTING_JSON_PARENT_GROUP,medium,SF,小区服务参数管理（总体）,FAP 载波基本配置,Device.Services.FAPService.{i}.,,,json_seed_and_catalog_existing_group,omcgo/internal/config/parammodel/mmlstandardloader/seeds/cmcc_tdlte_v23.json; omcgo/datamodels/mml-catalog/cmcc-tdlte-v2.3.json,参数 path 位于现有 JSON/seed 分组对象路径之下，可挂到该父分组；需确认是否过宽,A3事件测量控制参数,中国移动5G扩展型皮基站网管南向接口数据模型规范v1.9.4.xlsx,SM,119
Device.Services.FAPService.{i}.CellConfig.{i}.NR.RAN.Mobility.ConnMode.NR.A3MeasureCtrl.{i}.UseWhiteCellList,parameter,READ_WRITE,STRING,SJ,移动性参数管理,{i},Device.Services.FAPService.{i}.CellConfig.{i}.NR.RAN.Mobility.ConnMode.NR.A3MeasureCtrl.{i}.,DEVICE_SERVICES_FAPSERVICE_CELLCONFIG_NR_RAN_MOBILITY_CONNMODE_NR_A3MEASURECTRL,LST A3_MEASURE_CTRL;MOD A3_MEASURE_CTRL,YES_EXISTING_JSON_PARENT_GROUP,medium,SF,小区服务参数管理（总体）,FAP 载波基本配置,Device.Services.FAPService.{i}.,,,json_seed_and_catalog_existing_group,omcgo/internal/config/parammodel/mmlstandardloader/seeds/cmcc_tdlte_v23.json; omcgo/datamodels/mml-catalog/cmcc-tdlte-v2.3.json,参数 path 位于现有 JSON/seed 分组对象路径之下，可挂到该父分组；需确认是否过宽,A3事件测量控制参数,中国移动5G扩展型皮基站网管南向接口数据模型规范v1.9.4.xlsx,SM,120
Device.Services.FAPService.{i}.CellConfig.{i}.NR.RAN.Mobility.ConnMode.NR.A4MeasureCtrl.{i}.A4ThresholdRSRP,parameter,READ_WRITE,STRING,SJ,移动性参数管理,{i},Device.Services.FAPService.{i}.CellConfig.{i}.NR.RAN.Mobility.ConnMode.NR.A4MeasureCtrl.{i}.,DEVICE_SERVICES_FAPSERVICE_CELLCONFIG_NR_RAN_MOBILITY_CONNMODE_NR_A4MEASURECTRL,LST A4_MEASURE_CTRL;MOD A4_MEASURE_CTRL,YES_EXISTING_JSON_PARENT_GROUP,medium,SF,小区服务参数管理（总体）,FAP 载波基本配置,Device.Services.FAPService.{i}.,,,json_seed_and_catalog_existing_group,omcgo/internal/config/parammodel/mmlstandardloader/seeds/cmcc_tdlte_v23.json; omcgo/datamodels/mml-catalog/cmcc-tdlte-v2.3.json,参数 path 位于现有 JSON/seed 分组对象路径之下，可挂到该父分组；需确认是否过宽,A4事件测量控制参数,中国移动5G扩展型皮基站网管南向接口数据模型规范v1.9.4.xlsx,SM,161
Device.Services.FAPService.{i}.CellConfig.{i}.NR.RAN.Mobility.ConnMode.NR.A4MeasureCtrl.{i}.A4ThresholdRSRQ,parameter,READ_WRITE,STRING,SJ,移动性参数管理,{i},Device.Services.FAPService.{i}.CellConfig.{i}.NR.RAN.Mobility.ConnMode.NR.A4MeasureCtrl.{i}.,DEVICE_SERVICES_FAPSERVICE_CELLCONFIG_NR_RAN_MOBILITY_CONNMODE_NR_A4MEASURECTRL,LST A4_MEASURE_CTRL;MOD A4_MEASURE_CTRL,YES_EXISTING_JSON_PARENT_GROUP,medium,SF,小区服务参数管理（总体）,FAP 载波基本配置,Device.Services.FAPService.{i}.,,,json_seed_and_catalog_existing_group,omcgo/internal/config/parammodel/mmlstandardloader/seeds/cmcc_tdlte_v23.json; omcgo/datamodels/mml-catalog/cmcc-tdlte-v2.3.json,参数 path 位于现有 JSON/seed 分组对象路径之下，可挂到该父分组；需确认是否过宽,A4事件测量控制参数,中国移动5G扩展型皮基站网管南向接口数据模型规范v1.9.4.xlsx,SM,162
Device.Services.FAPService.{i}.CellConfig.{i}.NR.RAN.Mobility.ConnMode.NR.A4MeasureCtrl.{i}.A4ThresholdSINR,parameter,READ_WRITE,STRING,SJ,移动性参数管理,{i},Device.Services.FAPService.{i}.CellConfig.{i}.NR.RAN.Mobility.ConnMode.NR.A4MeasureCtrl.{i}.,DEVICE_SERVICES_FAPSERVICE_CELLCONFIG_NR_RAN_MOBILITY_CONNMODE_NR_A4MEASURECTRL,LST A4_MEASURE_CTRL;MOD A4_MEASURE_CTRL,YES_EXISTING_JSON_PARENT_GROUP,medium,SF,小区服务参数管理（总体）,FAP 载波基本配置,Device.Services.FAPService.{i}.,,,json_seed_and_catalog_existing_group,omcgo/internal/config/parammodel/mmlstandardloader/seeds/cmcc_tdlte_v23.json; omcgo/datamodels/mml-catalog/cmcc-tdlte-v2.3.json,参数 path 位于现有 JSON/seed 分组对象路径之下，可挂到该父分组；需确认是否过宽,A4事件测量控制参数,中国移动5G扩展型皮基站网管南向接口数据模型规范v1.9.4.xlsx,SM,163
Device.Services.FAPService.{i}.CellConfig.{i}.NR.RAN.Mobility.ConnMode.NR.A4MeasureCtrl.{i}.Enable,parameter,READ_WRITE,STRING,SJ,移动性参数管理,{i},Device.Services.FAPService.{i}.CellConfig.{i}.NR.RAN.Mobility.ConnMode.NR.A4MeasureCtrl.{i}.,DEVICE_SERVICES_FAPSERVICE_CELLCONFIG_NR_RAN_MOBILITY_CONNMODE_NR_A4MEASURECTRL,LST A4_MEASURE_CTRL;MOD A4_MEASURE_CTRL,YES_EXISTING_JSON_PARENT_GROUP,medium,SF,小区服务参数管理（总体）,FAP 载波基本配置,Device.Services.FAPService.{i}.,,,json_seed_and_catalog_existing_group,omcgo/internal/config/parammodel/mmlstandardloader/seeds/cmcc_tdlte_v23.json; omcgo/datamodels/mml-catalog/cmcc-tdlte-v2.3.json,参数 path 位于现有 JSON/seed 分组对象路径之下，可挂到该父分组；需确认是否过宽,A4事件测量控制参数,中国移动5G扩展型皮基站网管南向接口数据模型规范v1.9.4.xlsx,SM,159
Device.Services.FAPService.{i}.CellConfig.{i}.NR.RAN.Mobility.ConnMode.NR.A4MeasureCtrl.{i}.Hysteresis,parameter,READ_WRITE,STRING,SJ,移动性参数管理,{i},Device.Services.FAPService.{i}.CellConfig.{i}.NR.RAN.Mobility.ConnMode.NR.A4MeasureCtrl.{i}.,DEVICE_SERVICES_FAPSERVICE_CELLCONFIG_NR_RAN_MOBILITY_CONNMODE_NR_A4MEASURECTRL,LST A4_MEASURE_CTRL;MOD A4_MEASURE_CTRL,YES_EXISTING_JSON_PARENT_GROUP,medium,SF,小区服务参数管理（总体）,FAP 载波基本配置,Device.Services.FAPService.{i}.,,,json_seed_and_catalog_existing_group,omcgo/internal/config/parammodel/mmlstandardloader/seeds/cmcc_tdlte_v23.json; omcgo/datamodels/mml-catalog/cmcc-tdlte-v2.3.json,参数 path 位于现有 JSON/seed 分组对象路径之下，可挂到该父分组；需确认是否过宽,A4事件测量控制参数,中国移动5G扩展型皮基站网管南向接口数据模型规范v1.9.4.xlsx,SM,167
Device.Services.FAPService.{i}.CellConfig.{i}.NR.RAN.Mobility.ConnMode.NR.A4MeasureCtrl.{i}.IncludeBeamMeasurements,parameter,READ_WRITE,STRING,SJ,移动性参数管理,{i},Device.Services.FAPService.{i}.CellConfig.{i}.NR.RAN.Mobility.ConnMode.NR.A4MeasureCtrl.{i}.,DEVICE_SERVICES_FAPSERVICE_CELLCONFIG_NR_RAN_MOBILITY_CONNMODE_NR_A4MEASURECTRL,LST A4_MEASURE_CTRL;MOD A4_MEASURE_CTRL,YES_EXISTING_JSON_PARENT_GROUP,medium,SF,小区服务参数管理（总体）,FAP 载波基本配置,Device.Services.FAPService.{i}.,,,json_seed_and_catalog_existing_group,omcgo/internal/config/parammodel/mmlstandardloader/seeds/cmcc_tdlte_v23.json; omcgo/datamodels/mml-catalog/cmcc-tdlte-v2.3.json,参数 path 位于现有 JSON/seed 分组对象路径之下，可挂到该父分组；需确认是否过宽,A4事件测量控制参数,中国移动5G扩展型皮基站网管南向接口数据模型规范v1.9.4.xlsx,SM,176
Device.Services.FAPService.{i}.CellConfig.{i}.NR.RAN.Mobility.ConnMode.NR.A4MeasureCtrl.{i}.MaxNrofRSIndexToReport,parameter,READ_WRITE,STRING,SJ,移动性参数管理,{i},Device.Services.FAPService.{i}.CellConfig.{i}.NR.RAN.Mobility.ConnMode.NR.A4MeasureCtrl.{i}.,DEVICE_SERVICES_FAPSERVICE_CELLCONFIG_NR_RAN_MOBILITY_CONNMODE_NR_A4MEASURECTRL,LST A4_MEASURE_CTRL;MOD A4_MEASURE_CTRL,YES_EXISTING_JSON_PARENT_GROUP,medium,SF,小区服务参数管理（总体）,FAP 载波基本配置,Device.Services.FAPService.{i}.,,,json_seed_and_catalog_existing_group,omcgo/internal/config/parammodel/mmlstandardloader/seeds/cmcc_tdlte_v23.json; omcgo/datamodels/mml-catalog/cmcc-tdlte-v2.3.json,参数 path 位于现有 JSON/seed 分组对象路径之下，可挂到该父分组；需确认是否过宽,A4事件测量控制参数,中国移动5G扩展型皮基站网管南向接口数据模型规范v1.9.4.xlsx,SM,165
Device.Services.FAPService.{i}.CellConfig.{i}.NR.RAN.Mobility.ConnMode.NR.A4MeasureCtrl.{i}.MaxReportCells,parameter,READ_WRITE,STRING,SJ,移动性参数管理,{i},Device.Services.FAPService.{i}.CellConfig.{i}.NR.RAN.Mobility.ConnMode.NR.A4MeasureCtrl.{i}.,DEVICE_SERVICES_FAPSERVICE_CELLCONFIG_NR_RAN_MOBILITY_CONNMODE_NR_A4MEASURECTRL,LST A4_MEASURE_CTRL;MOD A4_MEASURE_CTRL,YES_EXISTING_JSON_PARENT_GROUP,medium,SF,小区服务参数管理（总体）,FAP 载波基本配置,Device.Services.FAPService.{i}.,,,json_seed_and_catalog_existing_group,omcgo/internal/config/parammodel/mmlstandardloader/seeds/cmcc_tdlte_v23.json; omcgo/datamodels/mml-catalog/cmcc-tdlte-v2.3.json,参数 path 位于现有 JSON/seed 分组对象路径之下，可挂到该父分组；需确认是否过宽,A4事件测量控制参数,中国移动5G扩展型皮基站网管南向接口数据模型规范v1.9.4.xlsx,SM,168
Device.Services.FAPService.{i}.CellConfig.{i}.NR.RAN.Mobility.ConnMode.NR.A4MeasureCtrl.{i}.MeasurePurpose,parameter,READ_WRITE,STRING,SJ,移动性参数管理,{i},Device.Services.FAPService.{i}.CellConfig.{i}.NR.RAN.Mobility.ConnMode.NR.A4MeasureCtrl.{i}.,DEVICE_SERVICES_FAPSERVICE_CELLCONFIG_NR_RAN_MOBILITY_CONNMODE_NR_A4MEASURECTRL,LST A4_MEASURE_CTRL;MOD A4_MEASURE_CTRL,YES_EXISTING_JSON_PARENT_GROUP,medium,SF,小区服务参数管理（总体）,FAP 载波基本配置,Device.Services.FAPService.{i}.,,,json_seed_and_catalog_existing_group,omcgo/internal/config/parammodel/mmlstandardloader/seeds/cmcc_tdlte_v23.json; omcgo/datamodels/mml-catalog/cmcc-tdlte-v2.3.json,参数 path 位于现有 JSON/seed 分组对象路径之下，可挂到该父分组；需确认是否过宽,A4事件测量控制参数,中国移动5G扩展型皮基站网管南向接口数据模型规范v1.9.4.xlsx,SM,169
Device.Services.FAPService.{i}.CellConfig.{i}.NR.RAN.Mobility.ConnMode.NR.A4MeasureCtrl.{i}.PLMNID,parameter,READ_WRITE,STRING,SJ,移动性参数管理,{i},Device.Services.FAPService.{i}.CellConfig.{i}.NR.RAN.Mobility.ConnMode.NR.A4MeasureCtrl.{i}.,DEVICE_SERVICES_FAPSERVICE_CELLCONFIG_NR_RAN_MOBILITY_CONNMODE_NR_A4MEASURECTRL,LST A4_MEASURE_CTRL;MOD A4_MEASURE_CTRL,YES_EXISTING_JSON_PARENT_GROUP,medium,SF,小区服务参数管理（总体）,FAP 载波基本配置,Device.Services.FAPService.{i}.,,,json_seed_and_catalog_existing_group,omcgo/internal/config/parammodel/mmlstandardloader/seeds/cmcc_tdlte_v23.json; omcgo/datamodels/mml-catalog/cmcc-tdlte-v2.3.json,参数 path 位于现有 JSON/seed 分组对象路径之下，可挂到该父分组；需确认是否过宽,,,,
Device.Services.FAPService.{i}.CellConfig.{i}.NR.RAN.Mobility.ConnMode.NR.A4MeasureCtrl.{i}.ReportAmount,parameter,READ_WRITE,STRING,SJ,移动性参数管理,{i},Device.Services.FAPService.{i}.CellConfig.{i}.NR.RAN.Mobility.ConnMode.NR.A4MeasureCtrl.{i}.,DEVICE_SERVICES_FAPSERVICE_CELLCONFIG_NR_RAN_MOBILITY_CONNMODE_NR_A4MEASURECTRL,LST A4_MEASURE_CTRL;MOD A4_MEASURE_CTRL,YES_EXISTING_JSON_PARENT_GROUP,medium,SF,小区服务参数管理（总体）,FAP 载波基本配置,Device.Services.FAPService.{i}.,,,json_seed_and_catalog_existing_group,omcgo/internal/config/parammodel/mmlstandardloader/seeds/cmcc_tdlte_v23.json; omcgo/datamodels/mml-catalog/cmcc-tdlte-v2.3.json,参数 path 位于现有 JSON/seed 分组对象路径之下，可挂到该父分组；需确认是否过宽,A4事件测量控制参数,中国移动5G扩展型皮基站网管南向接口数据模型规范v1.9.4.xlsx,SM,170
Device.Services.FAPService.{i}.CellConfig.{i}.NR.RAN.Mobility.ConnMode.NR.A4MeasureCtrl.{i}.ReportInterval,parameter,READ_WRITE,STRING,SJ,移动性参数管理,{i},Device.Services.FAPService.{i}.CellConfig.{i}.NR.RAN.Mobility.ConnMode.NR.A4MeasureCtrl.{i}.,DEVICE_SERVICES_FAPSERVICE_CELLCONFIG_NR_RAN_MOBILITY_CONNMODE_NR_A4MEASURECTRL,LST A4_MEASURE_CTRL;MOD A4_MEASURE_CTRL,YES_EXISTING_JSON_PARENT_GROUP,medium,SF,小区服务参数管理（总体）,FAP 载波基本配置,Device.Services.FAPService.{i}.,,,json_seed_and_catalog_existing_group,omcgo/internal/config/parammodel/mmlstandardloader/seeds/cmcc_tdlte_v23.json; omcgo/datamodels/mml-catalog/cmcc-tdlte-v2.3.json,参数 path 位于现有 JSON/seed 分组对象路径之下，可挂到该父分组；需确认是否过宽,A4事件测量控制参数,中国移动5G扩展型皮基站网管南向接口数据模型规范v1.9.4.xlsx,SM,171
Device.Services.FAPService.{i}.CellConfig.{i}.NR.RAN.Mobility.ConnMode.NR.A4MeasureCtrl.{i}.ReportOnLeave,parameter,READ_WRITE,STRING,SJ,移动性参数管理,{i},Device.Services.FAPService.{i}.CellConfig.{i}.NR.RAN.Mobility.ConnMode.NR.A4MeasureCtrl.{i}.,DEVICE_SERVICES_FAPSERVICE_CELLCONFIG_NR_RAN_MOBILITY_CONNMODE_NR_A4MEASURECTRL,LST A4_MEASURE_CTRL;MOD A4_MEASURE_CTRL,YES_EXISTING_JSON_PARENT_GROUP,medium,SF,小区服务参数管理（总体）,FAP 载波基本配置,Device.Services.FAPService.{i}.,,,json_seed_and_catalog_existing_group,omcgo/internal/config/parammodel/mmlstandardloader/seeds/cmcc_tdlte_v23.json; omcgo/datamodels/mml-catalog/cmcc-tdlte-v2.3.json,参数 path 位于现有 JSON/seed 分组对象路径之下，可挂到该父分组；需确认是否过宽,A4事件测量控制参数,中国移动5G扩展型皮基站网管南向接口数据模型规范v1.9.4.xlsx,SM,166
Device.Services.FAPService.{i}.CellConfig.{i}.NR.RAN.Mobility.ConnMode.NR.A4MeasureCtrl.{i}.ReportQuantityCell,parameter,READ_WRITE,STRING,SJ,移动性参数管理,{i},Device.Services.FAPService.{i}.CellConfig.{i}.NR.RAN.Mobility.ConnMode.NR.A4MeasureCtrl.{i}.,DEVICE_SERVICES_FAPSERVICE_CELLCONFIG_NR_RAN_MOBILITY_CONNMODE_NR_A4MEASURECTRL,LST A4_MEASURE_CTRL;MOD A4_MEASURE_CTRL,YES_EXISTING_JSON_PARENT_GROUP,medium,SF,小区服务参数管理（总体）,FAP 载波基本配置,Device.Services.FAPService.{i}.,,,json_seed_and_catalog_existing_group,omcgo/internal/config/parammodel/mmlstandardloader/seeds/cmcc_tdlte_v23.json; omcgo/datamodels/mml-catalog/cmcc-tdlte-v2.3.json,参数 path 位于现有 JSON/seed 分组对象路径之下，可挂到该父分组；需确认是否过宽,A4事件测量控制参数,中国移动5G扩展型皮基站网管南向接口数据模型规范v1.9.4.xlsx,SM,172
Device.Services.FAPService.{i}.CellConfig.{i}.NR.RAN.Mobility.ConnMode.NR.A4MeasureCtrl.{i}.RptQuantityRsIndex,parameter,READ_WRITE,STRING,SJ,移动性参数管理,{i},Device.Services.FAPService.{i}.CellConfig.{i}.NR.RAN.Mobility.ConnMode.NR.A4MeasureCtrl.{i}.,DEVICE_SERVICES_FAPSERVICE_CELLCONFIG_NR_RAN_MOBILITY_CONNMODE_NR_A4MEASURECTRL,LST A4_MEASURE_CTRL;MOD A4_MEASURE_CTRL,YES_EXISTING_JSON_PARENT_GROUP,medium,SF,小区服务参数管理（总体）,FAP 载波基本配置,Device.Services.FAPService.{i}.,,,json_seed_and_catalog_existing_group,omcgo/internal/config/parammodel/mmlstandardloader/seeds/cmcc_tdlte_v23.json; omcgo/datamodels/mml-catalog/cmcc-tdlte-v2.3.json,参数 path 位于现有 JSON/seed 分组对象路径之下，可挂到该父分组；需确认是否过宽,A4事件测量控制参数,中国移动5G扩展型皮基站网管南向接口数据模型规范v1.9.4.xlsx,SM,164
Device.Services.FAPService.{i}.CellConfig.{i}.NR.RAN.Mobility.ConnMode.NR.A4MeasureCtrl.{i}.RsType,parameter,READ_WRITE,STRING,SJ,移动性参数管理,{i},Device.Services.FAPService.{i}.CellConfig.{i}.NR.RAN.Mobility.ConnMode.NR.A4MeasureCtrl.{i}.,DEVICE_SERVICES_FAPSERVICE_CELLCONFIG_NR_RAN_MOBILITY_CONNMODE_NR_A4MEASURECTRL,LST A4_MEASURE_CTRL;MOD A4_MEASURE_CTRL,YES_EXISTING_JSON_PARENT_GROUP,medium,SF,小区服务参数管理（总体）,FAP 载波基本配置,Device.Services.FAPService.{i}.,,,json_seed_and_catalog_existing_group,omcgo/internal/config/parammodel/mmlstandardloader/seeds/cmcc_tdlte_v23.json; omcgo/datamodels/mml-catalog/cmcc-tdlte-v2.3.json,参数 path 位于现有 JSON/seed 分组对象路径之下，可挂到该父分组；需确认是否过宽,A4事件测量控制参数,中国移动5G扩展型皮基站网管南向接口数据模型规范v1.9.4.xlsx,SM,175
Device.Services.FAPService.{i}.CellConfig.{i}.NR.RAN.Mobility.ConnMode.NR.A4MeasureCtrl.{i}.ThresholdTriggerType,parameter,READ_WRITE,STRING,SJ,移动性参数管理,{i},Device.Services.FAPService.{i}.CellConfig.{i}.NR.RAN.Mobility.ConnMode.NR.A4MeasureCtrl.{i}.,DEVICE_SERVICES_FAPSERVICE_CELLCONFIG_NR_RAN_MOBILITY_CONNMODE_NR_A4MEASURECTRL,LST A4_MEASURE_CTRL;MOD A4_MEASURE_CTRL,YES_EXISTING_JSON_PARENT_GROUP,medium,SF,小区服务参数管理（总体）,FAP 载波基本配置,Device.Services.FAPService.{i}.,,,json_seed_and_catalog_existing_group,omcgo/internal/config/parammodel/mmlstandardloader/seeds/cmcc_tdlte_v23.json; omcgo/datamodels/mml-catalog/cmcc-tdlte-v2.3.json,参数 path 位于现有 JSON/seed 分组对象路径之下，可挂到该父分组；需确认是否过宽,,,,
Device.Services.FAPService.{i}.CellConfig.{i}.NR.RAN.Mobility.ConnMode.NR.A4MeasureCtrl.{i}.TimeToTrigger,parameter,READ_WRITE,STRING,SJ,移动性参数管理,{i},Device.Services.FAPService.{i}.CellConfig.{i}.NR.RAN.Mobility.ConnMode.NR.A4MeasureCtrl.{i}.,DEVICE_SERVICES_FAPSERVICE_CELLCONFIG_NR_RAN_MOBILITY_CONNMODE_NR_A4MEASURECTRL,LST A4_MEASURE_CTRL;MOD A4_MEASURE_CTRL,YES_EXISTING_JSON_PARENT_GROUP,medium,SF,小区服务参数管理（总体）,FAP 载波基本配置,Device.Services.FAPService.{i}.,,,json_seed_and_catalog_existing_group,omcgo/internal/config/parammodel/mmlstandardloader/seeds/cmcc_tdlte_v23.json; omcgo/datamodels/mml-catalog/cmcc-tdlte-v2.3.json,参数 path 位于现有 JSON/seed 分组对象路径之下，可挂到该父分组；需确认是否过宽,A4事件测量控制参数,中国移动5G扩展型皮基站网管南向接口数据模型规范v1.9.4.xlsx,SM,173
Device.Services.FAPService.{i}.CellConfig.{i}.NR.RAN.Mobility.ConnMode.NR.A4MeasureCtrl.{i}.UseWhiteCellList,parameter,READ_WRITE,STRING,SJ,移动性参数管理,{i},Device.Services.FAPService.{i}.CellConfig.{i}.NR.RAN.Mobility.ConnMode.NR.A4MeasureCtrl.{i}.,DEVICE_SERVICES_FAPSERVICE_CELLCONFIG_NR_RAN_MOBILITY_CONNMODE_NR_A4MEASURECTRL,LST A4_MEASURE_CTRL;MOD A4_MEASURE_CTRL,YES_EXISTING_JSON_PARENT_GROUP,medium,SF,小区服务参数管理（总体）,FAP 载波基本配置,Device.Services.FAPService.{i}.,,,json_seed_and_catalog_existing_group,omcgo/internal/config/parammodel/mmlstandardloader/seeds/cmcc_tdlte_v23.json; omcgo/datamodels/mml-catalog/cmcc-tdlte-v2.3.json,参数 path 位于现有 JSON/seed 分组对象路径之下，可挂到该父分组；需确认是否过宽,A4事件测量控制参数,中国移动5G扩展型皮基站网管南向接口数据模型规范v1.9.4.xlsx,SM,174
Device.Services.FAPService.{i}.CellConfig.{i}.NR.RAN.Mobility.ConnMode.NR.A5MeasureCtrl.{i}.A5Threshold1RSRP,parameter,READ_WRITE,STRING,SJ,移动性参数管理,{i},Device.Services.FAPService.{i}.CellConfig.{i}.NR.RAN.Mobility.ConnMode.NR.A5MeasureCtrl.{i}.,DEVICE_SERVICES_FAPSERVICE_CELLCONFIG_NR_RAN_MOBILITY_CONNMODE_NR_A5MEASURECTRL,LST A5_MEASURE_CTRL;MOD A5_MEASURE_CTRL,YES_EXISTING_JSON_PARENT_GROUP,medium,SF,小区服务参数管理（总体）,FAP 载波基本配置,Device.Services.FAPService.{i}.,,,json_seed_and_catalog_existing_group,omcgo/internal/config/parammodel/mmlstandardloader/seeds/cmcc_tdlte_v23.json; omcgo/datamodels/mml-catalog/cmcc-tdlte-v2.3.json,参数 path 位于现有 JSON/seed 分组对象路径之下，可挂到该父分组；需确认是否过宽,A5事件测量控制参数,中国移动5G扩展型皮基站网管南向接口数据模型规范v1.9.4.xlsx,SM,197
Device.Services.FAPService.{i}.CellConfig.{i}.NR.RAN.Mobility.ConnMode.NR.A5MeasureCtrl.{i}.A5Threshold1RSRQ,parameter,READ_WRITE,STRING,SJ,移动性参数管理,{i},Device.Services.FAPService.{i}.CellConfig.{i}.NR.RAN.Mobility.ConnMode.NR.A5MeasureCtrl.{i}.,DEVICE_SERVICES_FAPSERVICE_CELLCONFIG_NR_RAN_MOBILITY_CONNMODE_NR_A5MEASURECTRL,LST A5_MEASURE_CTRL;MOD A5_MEASURE_CTRL,YES_EXISTING_JSON_PARENT_GROUP,medium,SF,小区服务参数管理（总体）,FAP 载波基本配置,Device.Services.FAPService.{i}.,,,json_seed_and_catalog_existing_group,omcgo/internal/config/parammodel/mmlstandardloader/seeds/cmcc_tdlte_v23.json; omcgo/datamodels/mml-catalog/cmcc-tdlte-v2.3.json,参数 path 位于现有 JSON/seed 分组对象路径之下，可挂到该父分组；需确认是否过宽,A5事件测量控制参数,中国移动5G扩展型皮基站网管南向接口数据模型规范v1.9.4.xlsx,SM,198
Device.Services.FAPService.{i}.CellConfig.{i}.NR.RAN.Mobility.ConnMode.NR.A5MeasureCtrl.{i}.A5Threshold1SINR,parameter,READ_WRITE,STRING,SJ,移动性参数管理,{i},Device.Services.FAPService.{i}.CellConfig.{i}.NR.RAN.Mobility.ConnMode.NR.A5MeasureCtrl.{i}.,DEVICE_SERVICES_FAPSERVICE_CELLCONFIG_NR_RAN_MOBILITY_CONNMODE_NR_A5MEASURECTRL,LST A5_MEASURE_CTRL;MOD A5_MEASURE_CTRL,YES_EXISTING_JSON_PARENT_GROUP,medium,SF,小区服务参数管理（总体）,FAP 载波基本配置,Device.Services.FAPService.{i}.,,,json_seed_and_catalog_existing_group,omcgo/internal/config/parammodel/mmlstandardloader/seeds/cmcc_tdlte_v23.json; omcgo/datamodels/mml-catalog/cmcc-tdlte-v2.3.json,参数 path 位于现有 JSON/seed 分组对象路径之下，可挂到该父分组；需确认是否过宽,A5事件测量控制参数,中国移动5G扩展型皮基站网管南向接口数据模型规范v1.9.4.xlsx,SM,199
Device.Services.FAPService.{i}.CellConfig.{i}.NR.RAN.Mobility.ConnMode.NR.A5MeasureCtrl.{i}.A5Threshold2RSRP,parameter,READ_WRITE,STRING,SJ,移动性参数管理,{i},Device.Services.FAPService.{i}.CellConfig.{i}.NR.RAN.Mobility.ConnMode.NR.A5MeasureCtrl.{i}.,DEVICE_SERVICES_FAPSERVICE_CELLCONFIG_NR_RAN_MOBILITY_CONNMODE_NR_A5MEASURECTRL,LST A5_MEASURE_CTRL;MOD A5_MEASURE_CTRL,YES_EXISTING_JSON_PARENT_GROUP,medium,SF,小区服务参数管理（总体）,FAP 载波基本配置,Device.Services.FAPService.{i}.,,,json_seed_and_catalog_existing_group,omcgo/internal/config/parammodel/mmlstandardloader/seeds/cmcc_tdlte_v23.json; omcgo/datamodels/mml-catalog/cmcc-tdlte-v2.3.json,参数 path 位于现有 JSON/seed 分组对象路径之下，可挂到该父分组；需确认是否过宽,A5事件测量控制参数,中国移动5G扩展型皮基站网管南向接口数据模型规范v1.9.4.xlsx,SM,201
Device.Services.FAPService.{i}.CellConfig.{i}.NR.RAN.Mobility.ConnMode.NR.A5MeasureCtrl.{i}.A5Threshold2RSRQ,parameter,READ_WRITE,STRING,SJ,移动性参数管理,{i},Device.Services.FAPService.{i}.CellConfig.{i}.NR.RAN.Mobility.ConnMode.NR.A5MeasureCtrl.{i}.,DEVICE_SERVICES_FAPSERVICE_CELLCONFIG_NR_RAN_MOBILITY_CONNMODE_NR_A5MEASURECTRL,LST A5_MEASURE_CTRL;MOD A5_MEASURE_CTRL,YES_EXISTING_JSON_PARENT_GROUP,medium,SF,小区服务参数管理（总体）,FAP 载波基本配置,Device.Services.FAPService.{i}.,,,json_seed_and_catalog_existing_group,omcgo/internal/config/parammodel/mmlstandardloader/seeds/cmcc_tdlte_v23.json; omcgo/datamodels/mml-catalog/cmcc-tdlte-v2.3.json,参数 path 位于现有 JSON/seed 分组对象路径之下，可挂到该父分组；需确认是否过宽,A5事件测量控制参数,中国移动5G扩展型皮基站网管南向接口数据模型规范v1.9.4.xlsx,SM,202
Device.Services.FAPService.{i}.CellConfig.{i}.NR.RAN.Mobility.ConnMode.NR.A5MeasureCtrl.{i}.A5Threshold2SINR,parameter,READ_WRITE,STRING,SJ,移动性参数管理,{i},Device.Services.FAPService.{i}.CellConfig.{i}.NR.RAN.Mobility.ConnMode.NR.A5MeasureCtrl.{i}.,DEVICE_SERVICES_FAPSERVICE_CELLCONFIG_NR_RAN_MOBILITY_CONNMODE_NR_A5MEASURECTRL,LST A5_MEASURE_CTRL;MOD A5_MEASURE_CTRL,YES_EXISTING_JSON_PARENT_GROUP,medium,SF,小区服务参数管理（总体）,FAP 载波基本配置,Device.Services.FAPService.{i}.,,,json_seed_and_catalog_existing_group,omcgo/internal/config/parammodel/mmlstandardloader/seeds/cmcc_tdlte_v23.json; omcgo/datamodels/mml-catalog/cmcc-tdlte-v2.3.json,参数 path 位于现有 JSON/seed 分组对象路径之下，可挂到该父分组；需确认是否过宽,A5事件测量控制参数,中国移动5G扩展型皮基站网管南向接口数据模型规范v1.9.4.xlsx,SM,203
Device.Services.FAPService.{i}.CellConfig.{i}.NR.RAN.Mobility.ConnMode.NR.A5MeasureCtrl.{i}.Enable,parameter,READ_WRITE,STRING,SJ,移动性参数管理,{i},Device.Services.FAPService.{i}.CellConfig.{i}.NR.RAN.Mobility.ConnMode.NR.A5MeasureCtrl.{i}.,DEVICE_SERVICES_FAPSERVICE_CELLCONFIG_NR_RAN_MOBILITY_CONNMODE_NR_A5MEASURECTRL,LST A5_MEASURE_CTRL;MOD A5_MEASURE_CTRL,YES_EXISTING_JSON_PARENT_GROUP,medium,SF,小区服务参数管理（总体）,FAP 载波基本配置,Device.Services.FAPService.{i}.,,,json_seed_and_catalog_existing_group,omcgo/internal/config/parammodel/mmlstandardloader/seeds/cmcc_tdlte_v23.json; omcgo/datamodels/mml-catalog/cmcc-tdlte-v2.3.json,参数 path 位于现有 JSON/seed 分组对象路径之下，可挂到该父分组；需确认是否过宽,A5事件测量控制参数,中国移动5G扩展型皮基站网管南向接口数据模型规范v1.9.4.xlsx,SM,195
Device.Services.FAPService.{i}.CellConfig.{i}.NR.RAN.Mobility.ConnMode.NR.A5MeasureCtrl.{i}.Hysteresis,parameter,READ_WRITE,STRING,SJ,移动性参数管理,{i},Device.Services.FAPService.{i}.CellConfig.{i}.NR.RAN.Mobility.ConnMode.NR.A5MeasureCtrl.{i}.,DEVICE_SERVICES_FAPSERVICE_CELLCONFIG_NR_RAN_MOBILITY_CONNMODE_NR_A5MEASURECTRL,LST A5_MEASURE_CTRL;MOD A5_MEASURE_CTRL,YES_EXISTING_JSON_PARENT_GROUP,medium,SF,小区服务参数管理（总体）,FAP 载波基本配置,Device.Services.FAPService.{i}.,,,json_seed_and_catalog_existing_group,omcgo/internal/config/parammodel/mmlstandardloader/seeds/cmcc_tdlte_v23.json; omcgo/datamodels/mml-catalog/cmcc-tdlte-v2.3.json,参数 path 位于现有 JSON/seed 分组对象路径之下，可挂到该父分组；需确认是否过宽,A5事件测量控制参数,中国移动5G扩展型皮基站网管南向接口数据模型规范v1.9.4.xlsx,SM,207
Device.Services.FAPService.{i}.CellConfig.{i}.NR.RAN.Mobility.ConnMode.NR.A5MeasureCtrl.{i}.IncludeBeamMeasurements,parameter,READ_WRITE,STRING,SJ,移动性参数管理,{i},Device.Services.FAPService.{i}.CellConfig.{i}.NR.RAN.Mobility.ConnMode.NR.A5MeasureCtrl.{i}.,DEVICE_SERVICES_FAPSERVICE_CELLCONFIG_NR_RAN_MOBILITY_CONNMODE_NR_A5MEASURECTRL,LST A5_MEASURE_CTRL;MOD A5_MEASURE_CTRL,YES_EXISTING_JSON_PARENT_GROUP,medium,SF,小区服务参数管理（总体）,FAP 载波基本配置,Device.Services.FAPService.{i}.,,,json_seed_and_catalog_existing_group,omcgo/internal/config/parammodel/mmlstandardloader/seeds/cmcc_tdlte_v23.json; omcgo/datamodels/mml-catalog/cmcc-tdlte-v2.3.json,参数 path 位于现有 JSON/seed 分组对象路径之下，可挂到该父分组；需确认是否过宽,A5事件测量控制参数,中国移动5G扩展型皮基站网管南向接口数据模型规范v1.9.4.xlsx,SM,216
Device.Services.FAPService.{i}.CellConfig.{i}.NR.RAN.Mobility.ConnMode.NR.A5MeasureCtrl.{i}.MaxNrofRSIndexToReport,parameter,READ_WRITE,STRING,SJ,移动性参数管理,{i},Device.Services.FAPService.{i}.CellConfig.{i}.NR.RAN.Mobility.ConnMode.NR.A5MeasureCtrl.{i}.,DEVICE_SERVICES_FAPSERVICE_CELLCONFIG_NR_RAN_MOBILITY_CONNMODE_NR_A5MEASURECTRL,LST A5_MEASURE_CTRL;MOD A5_MEASURE_CTRL,YES_EXISTING_JSON_PARENT_GROUP,medium,SF,小区服务参数管理（总体）,FAP 载波基本配置,Device.Services.FAPService.{i}.,,,json_seed_and_catalog_existing_group,omcgo/internal/config/parammodel/mmlstandardloader/seeds/cmcc_tdlte_v23.json; omcgo/datamodels/mml-catalog/cmcc-tdlte-v2.3.json,参数 path 位于现有 JSON/seed 分组对象路径之下，可挂到该父分组；需确认是否过宽,A5事件测量控制参数,中国移动5G扩展型皮基站网管南向接口数据模型规范v1.9.4.xlsx,SM,205
Device.Services.FAPService.{i}.CellConfig.{i}.NR.RAN.Mobility.ConnMode.NR.A5MeasureCtrl.{i}.MaxReportCells,parameter,READ_WRITE,STRING,SJ,移动性参数管理,{i},Device.Services.FAPService.{i}.CellConfig.{i}.NR.RAN.Mobility.ConnMode.NR.A5MeasureCtrl.{i}.,DEVICE_SERVICES_FAPSERVICE_CELLCONFIG_NR_RAN_MOBILITY_CONNMODE_NR_A5MEASURECTRL,LST A5_MEASURE_CTRL;MOD A5_MEASURE_CTRL,YES_EXISTING_JSON_PARENT_GROUP,medium,SF,小区服务参数管理（总体）,FAP 载波基本配置,Device.Services.FAPService.{i}.,,,json_seed_and_catalog_existing_group,omcgo/internal/config/parammodel/mmlstandardloader/seeds/cmcc_tdlte_v23.json; omcgo/datamodels/mml-catalog/cmcc-tdlte-v2.3.json,参数 path 位于现有 JSON/seed 分组对象路径之下，可挂到该父分组；需确认是否过宽,A5事件测量控制参数,中国移动5G扩展型皮基站网管南向接口数据模型规范v1.9.4.xlsx,SM,208
Device.Services.FAPService.{i}.CellConfig.{i}.NR.RAN.Mobility.ConnMode.NR.A5MeasureCtrl.{i}.MeasurePurpose,parameter,READ_WRITE,STRING,SJ,移动性参数管理,{i},Device.Services.FAPService.{i}.CellConfig.{i}.NR.RAN.Mobility.ConnMode.NR.A5MeasureCtrl.{i}.,DEVICE_SERVICES_FAPSERVICE_CELLCONFIG_NR_RAN_MOBILITY_CONNMODE_NR_A5MEASURECTRL,LST A5_MEASURE_CTRL;MOD A5_MEASURE_CTRL,YES_EXISTING_JSON_PARENT_GROUP,medium,SF,小区服务参数管理（总体）,FAP 载波基本配置,Device.Services.FAPService.{i}.,,,json_seed_and_catalog_existing_group,omcgo/internal/config/parammodel/mmlstandardloader/seeds/cmcc_tdlte_v23.json; omcgo/datamodels/mml-catalog/cmcc-tdlte-v2.3.json,参数 path 位于现有 JSON/seed 分组对象路径之下，可挂到该父分组；需确认是否过宽,A5事件测量控制参数,中国移动5G扩展型皮基站网管南向接口数据模型规范v1.9.4.xlsx,SM,209
Device.Services.FAPService.{i}.CellConfig.{i}.NR.RAN.Mobility.ConnMode.NR.A5MeasureCtrl.{i}.PLMNID,parameter,READ_WRITE,STRING,SJ,移动性参数管理,{i},Device.Services.FAPService.{i}.CellConfig.{i}.NR.RAN.Mobility.ConnMode.NR.A5MeasureCtrl.{i}.,DEVICE_SERVICES_FAPSERVICE_CELLCONFIG_NR_RAN_MOBILITY_CONNMODE_NR_A5MEASURECTRL,LST A5_MEASURE_CTRL;MOD A5_MEASURE_CTRL,YES_EXISTING_JSON_PARENT_GROUP,medium,SF,小区服务参数管理（总体）,FAP 载波基本配置,Device.Services.FAPService.{i}.,,,json_seed_and_catalog_existing_group,omcgo/internal/config/parammodel/mmlstandardloader/seeds/cmcc_tdlte_v23.json; omcgo/datamodels/mml-catalog/cmcc-tdlte-v2.3.json,参数 path 位于现有 JSON/seed 分组对象路径之下，可挂到该父分组；需确认是否过宽,,,,
Device.Services.FAPService.{i}.CellConfig.{i}.NR.RAN.Mobility.ConnMode.NR.A5MeasureCtrl.{i}.ReportAmount,parameter,READ_WRITE,STRING,SJ,移动性参数管理,{i},Device.Services.FAPService.{i}.CellConfig.{i}.NR.RAN.Mobility.ConnMode.NR.A5MeasureCtrl.{i}.,DEVICE_SERVICES_FAPSERVICE_CELLCONFIG_NR_RAN_MOBILITY_CONNMODE_NR_A5MEASURECTRL,LST A5_MEASURE_CTRL;MOD A5_MEASURE_CTRL,YES_EXISTING_JSON_PARENT_GROUP,medium,SF,小区服务参数管理（总体）,FAP 载波基本配置,Device.Services.FAPService.{i}.,,,json_seed_and_catalog_existing_group,omcgo/internal/config/parammodel/mmlstandardloader/seeds/cmcc_tdlte_v23.json; omcgo/datamodels/mml-catalog/cmcc-tdlte-v2.3.json,参数 path 位于现有 JSON/seed 分组对象路径之下，可挂到该父分组；需确认是否过宽,A5事件测量控制参数,中国移动5G扩展型皮基站网管南向接口数据模型规范v1.9.4.xlsx,SM,210
Device.Services.FAPService.{i}.CellConfig.{i}.NR.RAN.Mobility.ConnMode.NR.A5MeasureCtrl.{i}.ReportInterval,parameter,READ_WRITE,STRING,SJ,移动性参数管理,{i},Device.Services.FAPService.{i}.CellConfig.{i}.NR.RAN.Mobility.ConnMode.NR.A5MeasureCtrl.{i}.,DEVICE_SERVICES_FAPSERVICE_CELLCONFIG_NR_RAN_MOBILITY_CONNMODE_NR_A5MEASURECTRL,LST A5_MEASURE_CTRL;MOD A5_MEASURE_CTRL,YES_EXISTING_JSON_PARENT_GROUP,medium,SF,小区服务参数管理（总体）,FAP 载波基本配置,Device.Services.FAPService.{i}.,,,json_seed_and_catalog_existing_group,omcgo/internal/config/parammodel/mmlstandardloader/seeds/cmcc_tdlte_v23.json; omcgo/datamodels/mml-catalog/cmcc-tdlte-v2.3.json,参数 path 位于现有 JSON/seed 分组对象路径之下，可挂到该父分组；需确认是否过宽,A5事件测量控制参数,中国移动5G扩展型皮基站网管南向接口数据模型规范v1.9.4.xlsx,SM,211
Device.Services.FAPService.{i}.CellConfig.{i}.NR.RAN.Mobility.ConnMode.NR.A5MeasureCtrl.{i}.ReportOnLeave,parameter,READ_WRITE,STRING,SJ,移动性参数管理,{i},Device.Services.FAPService.{i}.CellConfig.{i}.NR.RAN.Mobility.ConnMode.NR.A5MeasureCtrl.{i}.,DEVICE_SERVICES_FAPSERVICE_CELLCONFIG_NR_RAN_MOBILITY_CONNMODE_NR_A5MEASURECTRL,LST A5_MEASURE_CTRL;MOD A5_MEASURE_CTRL,YES_EXISTING_JSON_PARENT_GROUP,medium,SF,小区服务参数管理（总体）,FAP 载波基本配置,Device.Services.FAPService.{i}.,,,json_seed_and_catalog_existing_group,omcgo/internal/config/parammodel/mmlstandardloader/seeds/cmcc_tdlte_v23.json; omcgo/datamodels/mml-catalog/cmcc-tdlte-v2.3.json,参数 path 位于现有 JSON/seed 分组对象路径之下，可挂到该父分组；需确认是否过宽,A5事件测量控制参数,中国移动5G扩展型皮基站网管南向接口数据模型规范v1.9.4.xlsx,SM,206
Device.Services.FAPService.{i}.CellConfig.{i}.NR.RAN.Mobility.ConnMode.NR.A5MeasureCtrl.{i}.ReportQuantityCell,parameter,READ_WRITE,STRING,SJ,移动性参数管理,{i},Device.Services.FAPService.{i}.CellConfig.{i}.NR.RAN.Mobility.ConnMode.NR.A5MeasureCtrl.{i}.,DEVICE_SERVICES_FAPSERVICE_CELLCONFIG_NR_RAN_MOBILITY_CONNMODE_NR_A5MEASURECTRL,LST A5_MEASURE_CTRL;MOD A5_MEASURE_CTRL,YES_EXISTING_JSON_PARENT_GROUP,medium,SF,小区服务参数管理（总体）,FAP 载波基本配置,Device.Services.FAPService.{i}.,,,json_seed_and_catalog_existing_group,omcgo/internal/config/parammodel/mmlstandardloader/seeds/cmcc_tdlte_v23.json; omcgo/datamodels/mml-catalog/cmcc-tdlte-v2.3.json,参数 path 位于现有 JSON/seed 分组对象路径之下，可挂到该父分组；需确认是否过宽,A5事件测量控制参数,中国移动5G扩展型皮基站网管南向接口数据模型规范v1.9.4.xlsx,SM,212
Device.Services.FAPService.{i}.CellConfig.{i}.NR.RAN.Mobility.ConnMode.NR.A5MeasureCtrl.{i}.RptQuantityRsIndex,parameter,READ_WRITE,STRING,SJ,移动性参数管理,{i},Device.Services.FAPService.{i}.CellConfig.{i}.NR.RAN.Mobility.ConnMode.NR.A5MeasureCtrl.{i}.,DEVICE_SERVICES_FAPSERVICE_CELLCONFIG_NR_RAN_MOBILITY_CONNMODE_NR_A5MEASURECTRL,LST A5_MEASURE_CTRL;MOD A5_MEASURE_CTRL,YES_EXISTING_JSON_PARENT_GROUP,medium,SF,小区服务参数管理（总体）,FAP 载波基本配置,Device.Services.FAPService.{i}.,,,json_seed_and_catalog_existing_group,omcgo/internal/config/parammodel/mmlstandardloader/seeds/cmcc_tdlte_v23.json; omcgo/datamodels/mml-catalog/cmcc-tdlte-v2.3.json,参数 path 位于现有 JSON/seed 分组对象路径之下，可挂到该父分组；需确认是否过宽,A5事件测量控制参数,中国移动5G扩展型皮基站网管南向接口数据模型规范v1.9.4.xlsx,SM,204
Device.Services.FAPService.{i}.CellConfig.{i}.NR.RAN.Mobility.ConnMode.NR.A5MeasureCtrl.{i}.RsType,parameter,READ_WRITE,STRING,SJ,移动性参数管理,{i},Device.Services.FAPService.{i}.CellConfig.{i}.NR.RAN.Mobility.ConnMode.NR.A5MeasureCtrl.{i}.,DEVICE_SERVICES_FAPSERVICE_CELLCONFIG_NR_RAN_MOBILITY_CONNMODE_NR_A5MEASURECTRL,LST A5_MEASURE_CTRL;MOD A5_MEASURE_CTRL,YES_EXISTING_JSON_PARENT_GROUP,medium,SF,小区服务参数管理（总体）,FAP 载波基本配置,Device.Services.FAPService.{i}.,,,json_seed_and_catalog_existing_group,omcgo/internal/config/parammodel/mmlstandardloader/seeds/cmcc_tdlte_v23.json; omcgo/datamodels/mml-catalog/cmcc-tdlte-v2.3.json,参数 path 位于现有 JSON/seed 分组对象路径之下，可挂到该父分组；需确认是否过宽,A5事件测量控制参数,中国移动5G扩展型皮基站网管南向接口数据模型规范v1.9.4.xlsx,SM,215
Device.Services.FAPService.{i}.CellConfig.{i}.NR.RAN.Mobility.ConnMode.NR.A5MeasureCtrl.{i}.Threshold2TriggerType,parameter,READ_WRITE,STRING,SJ,移动性参数管理,{i},Device.Services.FAPService.{i}.CellConfig.{i}.NR.RAN.Mobility.ConnMode.NR.A5MeasureCtrl.{i}.,DEVICE_SERVICES_FAPSERVICE_CELLCONFIG_NR_RAN_MOBILITY_CONNMODE_NR_A5MEASURECTRL,LST A5_MEASURE_CTRL;MOD A5_MEASURE_CTRL,YES_EXISTING_JSON_PARENT_GROUP,medium,SF,小区服务参数管理（总体）,FAP 载波基本配置,Device.Services.FAPService.{i}.,,,json_seed_and_catalog_existing_group,omcgo/internal/config/parammodel/mmlstandardloader/seeds/cmcc_tdlte_v23.json; omcgo/datamodels/mml-catalog/cmcc-tdlte-v2.3.json,参数 path 位于现有 JSON/seed 分组对象路径之下，可挂到该父分组；需确认是否过宽,,,,
Device.Services.FAPService.{i}.CellConfig.{i}.NR.RAN.Mobility.ConnMode.NR.A5MeasureCtrl.{i}.ThresholdTriggerType,parameter,READ_WRITE,STRING,SJ,移动性参数管理,{i},Device.Services.FAPService.{i}.CellConfig.{i}.NR.RAN.Mobility.ConnMode.NR.A5MeasureCtrl.{i}.,DEVICE_SERVICES_FAPSERVICE_CELLCONFIG_NR_RAN_MOBILITY_CONNMODE_NR_A5MEASURECTRL,LST A5_MEASURE_CTRL;MOD A5_MEASURE_CTRL,YES_EXISTING_JSON_PARENT_GROUP,medium,SF,小区服务参数管理（总体）,FAP 载波基本配置,Device.Services.FAPService.{i}.,,,json_seed_and_catalog_existing_group,omcgo/internal/config/parammodel/mmlstandardloader/seeds/cmcc_tdlte_v23.json; omcgo/datamodels/mml-catalog/cmcc-tdlte-v2.3.json,参数 path 位于现有 JSON/seed 分组对象路径之下，可挂到该父分组；需确认是否过宽,,,,
Device.Services.FAPService.{i}.CellConfig.{i}.NR.RAN.Mobility.ConnMode.NR.A5MeasureCtrl.{i}.TimeToTrigger,parameter,READ_WRITE,STRING,SJ,移动性参数管理,{i},Device.Services.FAPService.{i}.CellConfig.{i}.NR.RAN.Mobility.ConnMode.NR.A5MeasureCtrl.{i}.,DEVICE_SERVICES_FAPSERVICE_CELLCONFIG_NR_RAN_MOBILITY_CONNMODE_NR_A5MEASURECTRL,LST A5_MEASURE_CTRL;MOD A5_MEASURE_CTRL,YES_EXISTING_JSON_PARENT_GROUP,medium,SF,小区服务参数管理（总体）,FAP 载波基本配置,Device.Services.FAPService.{i}.,,,json_seed_and_catalog_existing_group,omcgo/internal/config/parammodel/mmlstandardloader/seeds/cmcc_tdlte_v23.json; omcgo/datamodels/mml-catalog/cmcc-tdlte-v2.3.json,参数 path 位于现有 JSON/seed 分组对象路径之下，可挂到该父分组；需确认是否过宽,A5事件测量控制参数,中国移动5G扩展型皮基站网管南向接口数据模型规范v1.9.4.xlsx,SM,213
Device.Services.FAPService.{i}.CellConfig.{i}.NR.RAN.Mobility.ConnMode.NR.A5MeasureCtrl.{i}.UseWhiteCellList,parameter,READ_WRITE,STRING,SJ,移动性参数管理,{i},Device.Services.FAPService.{i}.CellConfig.{i}.NR.RAN.Mobility.ConnMode.NR.A5MeasureCtrl.{i}.,DEVICE_SERVICES_FAPSERVICE_CELLCONFIG_NR_RAN_MOBILITY_CONNMODE_NR_A5MEASURECTRL,LST A5_MEASURE_CTRL;MOD A5_MEASURE_CTRL,YES_EXISTING_JSON_PARENT_GROUP,medium,SF,小区服务参数管理（总体）,FAP 载波基本配置,Device.Services.FAPService.{i}.,,,json_seed_and_catalog_existing_group,omcgo/internal/config/parammodel/mmlstandardloader/seeds/cmcc_tdlte_v23.json; omcgo/datamodels/mml-catalog/cmcc-tdlte-v2.3.json,参数 path 位于现有 JSON/seed 分组对象路径之下，可挂到该父分组；需确认是否过宽,A5事件测量控制参数,中国移动5G扩展型皮基站网管南向接口数据模型规范v1.9.4.xlsx,SM,214
Device.Services.FAPService.{i}.CellConfig.{i}.NR.RAN.Mobility.ConnMode.NR.InterFreq.Carrier.{i}.Bitmap,parameter,READ_WRITE,STRING,SJ,移动性参数管理,{i},Device.Services.FAPService.{i}.CellConfig.{i}.NR.RAN.Mobility.ConnMode.NR.InterFreq.Carrier.{i}.,DEVICE_SERVICES_FAPSERVICE_CELLCONFIG_NR_RAN_MOBILITY_CONNMODE_NR_INTERFREQ_CARRIER,LST CARRIER;MOD CARRIER,YES_EXISTING_JSON_PARENT_GROUP,medium,SF,小区服务参数管理（总体）,FAP 载波基本配置,Device.Services.FAPService.{i}.,,,json_seed_and_catalog_existing_group,omcgo/internal/config/parammodel/mmlstandardloader/seeds/cmcc_tdlte_v23.json; omcgo/datamodels/mml-catalog/cmcc-tdlte-v2.3.json,参数 path 位于现有 JSON/seed 分组对象路径之下，可挂到该父分组；需确认是否过宽,,,,
Device.Services.FAPService.{i}.CellConfig.{i}.NR.RAN.Mobility.ConnMode.NR.InterFreq.Carrier.{i}.BitmapType,parameter,READ_WRITE,STRING,SJ,移动性参数管理,{i},Device.Services.FAPService.{i}.CellConfig.{i}.NR.RAN.Mobility.ConnMode.NR.InterFreq.Carrier.{i}.,DEVICE_SERVICES_FAPSERVICE_CELLCONFIG_NR_RAN_MOBILITY_CONNMODE_NR_INTERFREQ_CARRIER,LST CARRIER;MOD CARRIER,YES_EXISTING_JSON_PARENT_GROUP,medium,SF,小区服务参数管理（总体）,FAP 载波基本配置,Device.Services.FAPService.{i}.,,,json_seed_and_catalog_existing_group,omcgo/internal/config/parammodel/mmlstandardloader/seeds/cmcc_tdlte_v23.json; omcgo/datamodels/mml-catalog/cmcc-tdlte-v2.3.json,参数 path 位于现有 JSON/seed 分组对象路径之下，可挂到该父分组；需确认是否过宽,,,,
Device.Services.FAPService.{i}.CellConfig.{i}.NR.RAN.Mobility.ConnMode.NR.InterFreq.Carrier.{i}.DeriveSSBIndexFromCell,parameter,READ_WRITE,STRING,SJ,移动性参数管理,{i},Device.Services.FAPService.{i}.CellConfig.{i}.NR.RAN.Mobility.ConnMode.NR.InterFreq.Carrier.{i}.,DEVICE_SERVICES_FAPSERVICE_CELLCONFIG_NR_RAN_MOBILITY_CONNMODE_NR_INTERFREQ_CARRIER,LST CARRIER;MOD CARRIER,YES_EXISTING_JSON_PARENT_GROUP,medium,SF,小区服务参数管理（总体）,FAP 载波基本配置,Device.Services.FAPService.{i}.,,,json_seed_and_catalog_existing_group,omcgo/internal/config/parammodel/mmlstandardloader/seeds/cmcc_tdlte_v23.json; omcgo/datamodels/mml-catalog/cmcc-tdlte-v2.3.json,参数 path 位于现有 JSON/seed 分组对象路径之下，可挂到该父分组；需确认是否过宽,,,,
Device.Services.FAPService.{i}.CellConfig.{i}.NR.RAN.Mobility.ConnMode.NR.InterFreq.Carrier.{i}.Enable,parameter,READ_WRITE,STRING,SJ,移动性参数管理,{i},Device.Services.FAPService.{i}.CellConfig.{i}.NR.RAN.Mobility.ConnMode.NR.InterFreq.Carrier.{i}.,DEVICE_SERVICES_FAPSERVICE_CELLCONFIG_NR_RAN_MOBILITY_CONNMODE_NR_INTERFREQ_CARRIER,LST CARRIER;MOD CARRIER,YES_EXISTING_JSON_PARENT_GROUP,medium,SF,小区服务参数管理（总体）,FAP 载波基本配置,Device.Services.FAPService.{i}.,,,json_seed_and_catalog_existing_group,omcgo/internal/config/parammodel/mmlstandardloader/seeds/cmcc_tdlte_v23.json; omcgo/datamodels/mml-catalog/cmcc-tdlte-v2.3.json,参数 path 位于现有 JSON/seed 分组对象路径之下，可挂到该父分组；需确认是否过宽,,,,
Device.Services.FAPService.{i}.CellConfig.{i}.NR.RAN.Mobility.ConnMode.NR.InterFreq.Carrier.{i}.FreqBandIndicatorNR,parameter,READ_WRITE,STRING,SJ,移动性参数管理,{i},Device.Services.FAPService.{i}.CellConfig.{i}.NR.RAN.Mobility.ConnMode.NR.InterFreq.Carrier.{i}.,DEVICE_SERVICES_FAPSERVICE_CELLCONFIG_NR_RAN_MOBILITY_CONNMODE_NR_INTERFREQ_CARRIER,LST CARRIER;MOD CARRIER,YES_EXISTING_JSON_PARENT_GROUP,medium,SF,小区服务参数管理（总体）,FAP 载波基本配置,Device.Services.FAPService.{i}.,,,json_seed_and_catalog_existing_group,omcgo/internal/config/parammodel/mmlstandardloader/seeds/cmcc_tdlte_v23.json; omcgo/datamodels/mml-catalog/cmcc-tdlte-v2.3.json,参数 path 位于现有 JSON/seed 分组对象路径之下，可挂到该父分组；需确认是否过宽,,,,
Device.Services.FAPService.{i}.CellConfig.{i}.NR.RAN.Mobility.ConnMode.NR.InterFreq.Carrier.{i}.NrofSSBlocksToAverage,parameter,READ_WRITE,STRING,SJ,移动性参数管理,{i},Device.Services.FAPService.{i}.CellConfig.{i}.NR.RAN.Mobility.ConnMode.NR.InterFreq.Carrier.{i}.,DEVICE_SERVICES_FAPSERVICE_CELLCONFIG_NR_RAN_MOBILITY_CONNMODE_NR_INTERFREQ_CARRIER,LST CARRIER;MOD CARRIER,YES_EXISTING_JSON_PARENT_GROUP,medium,SF,小区服务参数管理（总体）,FAP 载波基本配置,Device.Services.FAPService.{i}.,,,json_seed_and_catalog_existing_group,omcgo/internal/config/parammodel/mmlstandardloader/seeds/cmcc_tdlte_v23.json; omcgo/datamodels/mml-catalog/cmcc-tdlte-v2.3.json,参数 path 位于现有 JSON/seed 分组对象路径之下，可挂到该父分组；需确认是否过宽,,,,
Device.Services.FAPService.{i}.CellConfig.{i}.NR.RAN.Mobility.ConnMode.NR.InterFreq.Carrier.{i}.OffsetToPointA,parameter,READ_WRITE,STRING,SJ,移动性参数管理,{i},Device.Services.FAPService.{i}.CellConfig.{i}.NR.RAN.Mobility.ConnMode.NR.InterFreq.Carrier.{i}.,DEVICE_SERVICES_FAPSERVICE_CELLCONFIG_NR_RAN_MOBILITY_CONNMODE_NR_INTERFREQ_CARRIER,LST CARRIER;MOD CARRIER,YES_EXISTING_JSON_PARENT_GROUP,medium,SF,小区服务参数管理（总体）,FAP 载波基本配置,Device.Services.FAPService.{i}.,,,json_seed_and_catalog_existing_group,omcgo/internal/config/parammodel/mmlstandardloader/seeds/cmcc_tdlte_v23.json; omcgo/datamodels/mml-catalog/cmcc-tdlte-v2.3.json,参数 path 位于现有 JSON/seed 分组对象路径之下，可挂到该父分组；需确认是否过宽,,,,
Device.Services.FAPService.{i}.CellConfig.{i}.NR.RAN.Mobility.ConnMode.NR.InterFreq.Carrier.{i}.RsrpOffsetCsiRs,parameter,READ_WRITE,STRING,SJ,移动性参数管理,{i},Device.Services.FAPService.{i}.CellConfig.{i}.NR.RAN.Mobility.ConnMode.NR.InterFreq.Carrier.{i}.,DEVICE_SERVICES_FAPSERVICE_CELLCONFIG_NR_RAN_MOBILITY_CONNMODE_NR_INTERFREQ_CARRIER,LST CARRIER;MOD CARRIER,YES_EXISTING_JSON_PARENT_GROUP,medium,SF,小区服务参数管理（总体）,FAP 载波基本配置,Device.Services.FAPService.{i}.,,,json_seed_and_catalog_existing_group,omcgo/internal/config/parammodel/mmlstandardloader/seeds/cmcc_tdlte_v23.json; omcgo/datamodels/mml-catalog/cmcc-tdlte-v2.3.json,参数 path 位于现有 JSON/seed 分组对象路径之下，可挂到该父分组；需确认是否过宽,,,,
Device.Services.FAPService.{i}.CellConfig.{i}.NR.RAN.Mobility.ConnMode.NR.InterFreq.Carrier.{i}.RsrpOffsetSSB,parameter,READ_WRITE,STRING,SJ,移动性参数管理,{i},Device.Services.FAPService.{i}.CellConfig.{i}.NR.RAN.Mobility.ConnMode.NR.InterFreq.Carrier.{i}.,DEVICE_SERVICES_FAPSERVICE_CELLCONFIG_NR_RAN_MOBILITY_CONNMODE_NR_INTERFREQ_CARRIER,LST CARRIER;MOD CARRIER,YES_EXISTING_JSON_PARENT_GROUP,medium,SF,小区服务参数管理（总体）,FAP 载波基本配置,Device.Services.FAPService.{i}.,,,json_seed_and_catalog_existing_group,omcgo/internal/config/parammodel/mmlstandardloader/seeds/cmcc_tdlte_v23.json; omcgo/datamodels/mml-catalog/cmcc-tdlte-v2.3.json,参数 path 位于现有 JSON/seed 分组对象路径之下，可挂到该父分组；需确认是否过宽,,,,
Device.Services.FAPService.{i}.CellConfig.{i}.NR.RAN.Mobility.ConnMode.NR.InterFreq.Carrier.{i}.RsrqOffsetCsiRs,parameter,READ_WRITE,STRING,SJ,移动性参数管理,{i},Device.Services.FAPService.{i}.CellConfig.{i}.NR.RAN.Mobility.ConnMode.NR.InterFreq.Carrier.{i}.,DEVICE_SERVICES_FAPSERVICE_CELLCONFIG_NR_RAN_MOBILITY_CONNMODE_NR_INTERFREQ_CARRIER,LST CARRIER;MOD CARRIER,YES_EXISTING_JSON_PARENT_GROUP,medium,SF,小区服务参数管理（总体）,FAP 载波基本配置,Device.Services.FAPService.{i}.,,,json_seed_and_catalog_existing_group,omcgo/internal/config/parammodel/mmlstandardloader/seeds/cmcc_tdlte_v23.json; omcgo/datamodels/mml-catalog/cmcc-tdlte-v2.3.json,参数 path 位于现有 JSON/seed 分组对象路径之下，可挂到该父分组；需确认是否过宽,,,,
Device.Services.FAPService.{i}.CellConfig.{i}.NR.RAN.Mobility.ConnMode.NR.InterFreq.Carrier.{i}.RsrqOffsetSSB,parameter,READ_WRITE,STRING,SJ,移动性参数管理,{i},Device.Services.FAPService.{i}.CellConfig.{i}.NR.RAN.Mobility.ConnMode.NR.InterFreq.Carrier.{i}.,DEVICE_SERVICES_FAPSERVICE_CELLCONFIG_NR_RAN_MOBILITY_CONNMODE_NR_INTERFREQ_CARRIER,LST CARRIER;MOD CARRIER,YES_EXISTING_JSON_PARENT_GROUP,medium,SF,小区服务参数管理（总体）,FAP 载波基本配置,Device.Services.FAPService.{i}.,,,json_seed_and_catalog_existing_group,omcgo/internal/config/parammodel/mmlstandardloader/seeds/cmcc_tdlte_v23.json; omcgo/datamodels/mml-catalog/cmcc-tdlte-v2.3.json,参数 path 位于现有 JSON/seed 分组对象路径之下，可挂到该父分组；需确认是否过宽,,,,
Device.Services.FAPService.{i}.CellConfig.{i}.NR.RAN.Mobility.ConnMode.NR.InterFreq.Carrier.{i}.SSBFrequency,parameter,READ_WRITE,STRING,SJ,移动性参数管理,{i},Device.Services.FAPService.{i}.CellConfig.{i}.NR.RAN.Mobility.ConnMode.NR.InterFreq.Carrier.{i}.,DEVICE_SERVICES_FAPSERVICE_CELLCONFIG_NR_RAN_MOBILITY_CONNMODE_NR_INTERFREQ_CARRIER,LST CARRIER;MOD CARRIER,YES_EXISTING_JSON_PARENT_GROUP,medium,SF,小区服务参数管理（总体）,FAP 载波基本配置,Device.Services.FAPService.{i}.,,,json_seed_and_catalog_existing_group,omcgo/internal/config/parammodel/mmlstandardloader/seeds/cmcc_tdlte_v23.json; omcgo/datamodels/mml-catalog/cmcc-tdlte-v2.3.json,参数 path 位于现有 JSON/seed 分组对象路径之下，可挂到该父分组；需确认是否过宽,,,,
Device.Services.FAPService.{i}.CellConfig.{i}.NR.RAN.Mobility.ConnMode.NR.InterFreq.Carrier.{i}.SSBlocksConsolidationRsrp,parameter,READ_WRITE,STRING,SJ,移动性参数管理,{i},Device.Services.FAPService.{i}.CellConfig.{i}.NR.RAN.Mobility.ConnMode.NR.InterFreq.Carrier.{i}.,DEVICE_SERVICES_FAPSERVICE_CELLCONFIG_NR_RAN_MOBILITY_CONNMODE_NR_INTERFREQ_CARRIER,LST CARRIER;MOD CARRIER,YES_EXISTING_JSON_PARENT_GROUP,medium,SF,小区服务参数管理（总体）,FAP 载波基本配置,Device.Services.FAPService.{i}.,,,json_seed_and_catalog_existing_group,omcgo/internal/config/parammodel/mmlstandardloader/seeds/cmcc_tdlte_v23.json; omcgo/datamodels/mml-catalog/cmcc-tdlte-v2.3.json,参数 path 位于现有 JSON/seed 分组对象路径之下，可挂到该父分组；需确认是否过宽,,,,
Device.Services.FAPService.{i}.CellConfig.{i}.NR.RAN.Mobility.ConnMode.NR.InterFreq.Carrier.{i}.SSBlocksConsolidationRsrq,parameter,READ_WRITE,STRING,SJ,移动性参数管理,{i},Device.Services.FAPService.{i}.CellConfig.{i}.NR.RAN.Mobility.ConnMode.NR.InterFreq.Carrier.{i}.,DEVICE_SERVICES_FAPSERVICE_CELLCONFIG_NR_RAN_MOBILITY_CONNMODE_NR_INTERFREQ_CARRIER,LST CARRIER;MOD CARRIER,YES_EXISTING_JSON_PARENT_GROUP,medium,SF,小区服务参数管理（总体）,FAP 载波基本配置,Device.Services.FAPService.{i}.,,,json_seed_and_catalog_existing_group,omcgo/internal/config/parammodel/mmlstandardloader/seeds/cmcc_tdlte_v23.json; omcgo/datamodels/mml-catalog/cmcc-tdlte-v2.3.json,参数 path 位于现有 JSON/seed 分组对象路径之下，可挂到该父分组；需确认是否过宽,,,,
Device.Services.FAPService.{i}.CellConfig.{i}.NR.RAN.Mobility.ConnMode.NR.InterFreq.Carrier.{i}.SSBlocksConsolidationSinr,parameter,READ_WRITE,STRING,SJ,移动性参数管理,{i},Device.Services.FAPService.{i}.CellConfig.{i}.NR.RAN.Mobility.ConnMode.NR.InterFreq.Carrier.{i}.,DEVICE_SERVICES_FAPSERVICE_CELLCONFIG_NR_RAN_MOBILITY_CONNMODE_NR_INTERFREQ_CARRIER,LST CARRIER;MOD CARRIER,YES_EXISTING_JSON_PARENT_GROUP,medium,SF,小区服务参数管理（总体）,FAP 载波基本配置,Device.Services.FAPService.{i}.,,,json_seed_and_catalog_existing_group,omcgo/internal/config/parammodel/mmlstandardloader/seeds/cmcc_tdlte_v23.json; omcgo/datamodels/mml-catalog/cmcc-tdlte-v2.3.json,参数 path 位于现有 JSON/seed 分组对象路径之下，可挂到该父分组；需确认是否过宽,,,,
Device.Services.FAPService.{i}.CellConfig.{i}.NR.RAN.Mobility.ConnMode.NR.InterFreq.Carrier.{i}.SinrOffsetCsiRs,parameter,READ_WRITE,STRING,SJ,移动性参数管理,{i},Device.Services.FAPService.{i}.CellConfig.{i}.NR.RAN.Mobility.ConnMode.NR.InterFreq.Carrier.{i}.,DEVICE_SERVICES_FAPSERVICE_CELLCONFIG_NR_RAN_MOBILITY_CONNMODE_NR_INTERFREQ_CARRIER,LST CARRIER;MOD CARRIER,YES_EXISTING_JSON_PARENT_GROUP,medium,SF,小区服务参数管理（总体）,FAP 载波基本配置,Device.Services.FAPService.{i}.,,,json_seed_and_catalog_existing_group,omcgo/internal/config/parammodel/mmlstandardloader/seeds/cmcc_tdlte_v23.json; omcgo/datamodels/mml-catalog/cmcc-tdlte-v2.3.json,参数 path 位于现有 JSON/seed 分组对象路径之下，可挂到该父分组；需确认是否过宽,,,,
Device.Services.FAPService.{i}.CellConfig.{i}.NR.RAN.Mobility.ConnMode.NR.InterFreq.Carrier.{i}.SinrOffsetSSB,parameter,READ_WRITE,STRING,SJ,移动性参数管理,{i},Device.Services.FAPService.{i}.CellConfig.{i}.NR.RAN.Mobility.ConnMode.NR.InterFreq.Carrier.{i}.,DEVICE_SERVICES_FAPSERVICE_CELLCONFIG_NR_RAN_MOBILITY_CONNMODE_NR_INTERFREQ_CARRIER,LST CARRIER;MOD CARRIER,YES_EXISTING_JSON_PARENT_GROUP,medium,SF,小区服务参数管理（总体）,FAP 载波基本配置,Device.Services.FAPService.{i}.,,,json_seed_and_catalog_existing_group,omcgo/internal/config/parammodel/mmlstandardloader/seeds/cmcc_tdlte_v23.json; omcgo/datamodels/mml-catalog/cmcc-tdlte-v2.3.json,参数 path 位于现有 JSON/seed 分组对象路径之下，可挂到该父分组；需确认是否过宽,,,,
Device.Services.FAPService.{i}.CellConfig.{i}.NR.RAN.Mobility.ConnMode.NR.InterFreq.Carrier.{i}.SmtcDuration,parameter,READ_WRITE,STRING,SJ,移动性参数管理,{i},Device.Services.FAPService.{i}.CellConfig.{i}.NR.RAN.Mobility.ConnMode.NR.InterFreq.Carrier.{i}.,DEVICE_SERVICES_FAPSERVICE_CELLCONFIG_NR_RAN_MOBILITY_CONNMODE_NR_INTERFREQ_CARRIER,LST CARRIER;MOD CARRIER,YES_EXISTING_JSON_PARENT_GROUP,medium,SF,小区服务参数管理（总体）,FAP 载波基本配置,Device.Services.FAPService.{i}.,,,json_seed_and_catalog_existing_group,omcgo/internal/config/parammodel/mmlstandardloader/seeds/cmcc_tdlte_v23.json; omcgo/datamodels/mml-catalog/cmcc-tdlte-v2.3.json,参数 path 位于现有 JSON/seed 分组对象路径之下，可挂到该父分组；需确认是否过宽,,,,
Device.Services.FAPService.{i}.CellConfig.{i}.NR.RAN.Mobility.ConnMode.NR.InterFreq.Carrier.{i}.SmtcOffset,parameter,READ_WRITE,STRING,SJ,移动性参数管理,{i},Device.Services.FAPService.{i}.CellConfig.{i}.NR.RAN.Mobility.ConnMode.NR.InterFreq.Carrier.{i}.,DEVICE_SERVICES_FAPSERVICE_CELLCONFIG_NR_RAN_MOBILITY_CONNMODE_NR_INTERFREQ_CARRIER,LST CARRIER;MOD CARRIER,YES_EXISTING_JSON_PARENT_GROUP,medium,SF,小区服务参数管理（总体）,FAP 载波基本配置,Device.Services.FAPService.{i}.,,,json_seed_and_catalog_existing_group,omcgo/internal/config/parammodel/mmlstandardloader/seeds/cmcc_tdlte_v23.json; omcgo/datamodels/mml-catalog/cmcc-tdlte-v2.3.json,参数 path 位于现有 JSON/seed 分组对象路径之下，可挂到该父分组；需确认是否过宽,,,,
Device.Services.FAPService.{i}.CellConfig.{i}.NR.RAN.Mobility.ConnMode.NR.InterFreq.Carrier.{i}.SmtcPeriodicity,parameter,READ_WRITE,STRING,SJ,移动性参数管理,{i},Device.Services.FAPService.{i}.CellConfig.{i}.NR.RAN.Mobility.ConnMode.NR.InterFreq.Carrier.{i}.,DEVICE_SERVICES_FAPSERVICE_CELLCONFIG_NR_RAN_MOBILITY_CONNMODE_NR_INTERFREQ_CARRIER,LST CARRIER;MOD CARRIER,YES_EXISTING_JSON_PARENT_GROUP,medium,SF,小区服务参数管理（总体）,FAP 载波基本配置,Device.Services.FAPService.{i}.,,,json_seed_and_catalog_existing_group,omcgo/internal/config/parammodel/mmlstandardloader/seeds/cmcc_tdlte_v23.json; omcgo/datamodels/mml-catalog/cmcc-tdlte-v2.3.json,参数 path 位于现有 JSON/seed 分组对象路径之下，可挂到该父分组；需确认是否过宽,,,,
Device.Services.FAPService.{i}.CellConfig.{i}.NR.RAN.Mobility.ConnMode.NR.InterFreq.Carrier.{i}.SsbSubcarrierOffset,parameter,READ_WRITE,STRING,SJ,移动性参数管理,{i},Device.Services.FAPService.{i}.CellConfig.{i}.NR.RAN.Mobility.ConnMode.NR.InterFreq.Carrier.{i}.,DEVICE_SERVICES_FAPSERVICE_CELLCONFIG_NR_RAN_MOBILITY_CONNMODE_NR_INTERFREQ_CARRIER,LST CARRIER;MOD CARRIER,YES_EXISTING_JSON_PARENT_GROUP,medium,SF,小区服务参数管理（总体）,FAP 载波基本配置,Device.Services.FAPService.{i}.,,,json_seed_and_catalog_existing_group,omcgo/internal/config/parammodel/mmlstandardloader/seeds/cmcc_tdlte_v23.json; omcgo/datamodels/mml-catalog/cmcc-tdlte-v2.3.json,参数 path 位于现有 JSON/seed 分组对象路径之下，可挂到该父分组；需确认是否过宽,,,,
Device.Services.FAPService.{i}.CellConfig.{i}.NR.RAN.Mobility.ConnMode.NR.InterFreq.Carrier.{i}.SubcarrierSpacing,parameter,READ_WRITE,STRING,SJ,移动性参数管理,{i},Device.Services.FAPService.{i}.CellConfig.{i}.NR.RAN.Mobility.ConnMode.NR.InterFreq.Carrier.{i}.,DEVICE_SERVICES_FAPSERVICE_CELLCONFIG_NR_RAN_MOBILITY_CONNMODE_NR_INTERFREQ_CARRIER,LST CARRIER;MOD CARRIER,YES_EXISTING_JSON_PARENT_GROUP,medium,SF,小区服务参数管理（总体）,FAP 载波基本配置,Device.Services.FAPService.{i}.,,,json_seed_and_catalog_existing_group,omcgo/internal/config/parammodel/mmlstandardloader/seeds/cmcc_tdlte_v23.json; omcgo/datamodels/mml-catalog/cmcc-tdlte-v2.3.json,参数 path 位于现有 JSON/seed 分组对象路径之下，可挂到该父分组；需确认是否过宽,,,,
Device.Services.FAPService.{i}.CellConfig.{i}.NR.RAN.Mobility.ConnMode.NR.PeriodMeasCtrl.{i}.MaxReportCells,parameter,READ_WRITE,STRING,SJ,移动性参数管理,{i},Device.Services.FAPService.{i}.CellConfig.{i}.NR.RAN.Mobility.ConnMode.NR.PeriodMeasCtrl.{i}.,DEVICE_SERVICES_FAPSERVICE_CELLCONFIG_NR_RAN_MOBILITY_CONNMODE_NR_PERIODMEASCTRL,LST PERIOD_MEAS_CTRL;MOD PERIOD_MEAS_CTRL,YES_EXISTING_JSON_PARENT_GROUP,medium,SF,小区服务参数管理（总体）,FAP 载波基本配置,Device.Services.FAPService.{i}.,,,json_seed_and_catalog_existing_group,omcgo/internal/config/parammodel/mmlstandardloader/seeds/cmcc_tdlte_v23.json; omcgo/datamodels/mml-catalog/cmcc-tdlte-v2.3.json,参数 path 位于现有 JSON/seed 分组对象路径之下，可挂到该父分组；需确认是否过宽,周期性测量的配置,中国移动5G扩展型皮基站网管南向接口数据模型规范v1.9.4.xlsx,SM,361
Device.Services.FAPService.{i}.CellConfig.{i}.NR.RAN.Mobility.ConnMode.NR.PeriodMeasCtrl.{i}.MeasurePurpose,parameter,READ_WRITE,STRING,SJ,移动性参数管理,{i},Device.Services.FAPService.{i}.CellConfig.{i}.NR.RAN.Mobility.ConnMode.NR.PeriodMeasCtrl.{i}.,DEVICE_SERVICES_FAPSERVICE_CELLCONFIG_NR_RAN_MOBILITY_CONNMODE_NR_PERIODMEASCTRL,LST PERIOD_MEAS_CTRL;MOD PERIOD_MEAS_CTRL,YES_EXISTING_JSON_PARENT_GROUP,medium,SF,小区服务参数管理（总体）,FAP 载波基本配置,Device.Services.FAPService.{i}.,,,json_seed_and_catalog_existing_group,omcgo/internal/config/parammodel/mmlstandardloader/seeds/cmcc_tdlte_v23.json; omcgo/datamodels/mml-catalog/cmcc-tdlte-v2.3.json,参数 path 位于现有 JSON/seed 分组对象路径之下，可挂到该父分组；需确认是否过宽,周期性测量的配置,中国移动5G扩展型皮基站网管南向接口数据模型规范v1.9.4.xlsx,SM,359
Device.Services.FAPService.{i}.CellConfig.{i}.NR.RAN.Mobility.ConnMode.NR.PeriodMeasCtrl.{i}.ReportAmount,parameter,READ_WRITE,STRING,SJ,移动性参数管理,{i},Device.Services.FAPService.{i}.CellConfig.{i}.NR.RAN.Mobility.ConnMode.NR.PeriodMeasCtrl.{i}.,DEVICE_SERVICES_FAPSERVICE_CELLCONFIG_NR_RAN_MOBILITY_CONNMODE_NR_PERIODMEASCTRL,LST PERIOD_MEAS_CTRL;MOD PERIOD_MEAS_CTRL,YES_EXISTING_JSON_PARENT_GROUP,medium,SF,小区服务参数管理（总体）,FAP 载波基本配置,Device.Services.FAPService.{i}.,,,json_seed_and_catalog_existing_group,omcgo/internal/config/parammodel/mmlstandardloader/seeds/cmcc_tdlte_v23.json; omcgo/datamodels/mml-catalog/cmcc-tdlte-v2.3.json,参数 path 位于现有 JSON/seed 分组对象路径之下，可挂到该父分组；需确认是否过宽,周期性测量的配置,中国移动5G扩展型皮基站网管南向接口数据模型规范v1.9.4.xlsx,SM,363
Device.Services.FAPService.{i}.CellConfig.{i}.NR.RAN.Mobility.ConnMode.NR.PeriodMeasCtrl.{i}.ReportInterval,parameter,READ_WRITE,STRING,SJ,移动性参数管理,{i},Device.Services.FAPService.{i}.CellConfig.{i}.NR.RAN.Mobility.ConnMode.NR.PeriodMeasCtrl.{i}.,DEVICE_SERVICES_FAPSERVICE_CELLCONFIG_NR_RAN_MOBILITY_CONNMODE_NR_PERIODMEASCTRL,LST PERIOD_MEAS_CTRL;MOD PERIOD_MEAS_CTRL,YES_EXISTING_JSON_PARENT_GROUP,medium,SF,小区服务参数管理（总体）,FAP 载波基本配置,Device.Services.FAPService.{i}.,,,json_seed_and_catalog_existing_group,omcgo/internal/config/parammodel/mmlstandardloader/seeds/cmcc_tdlte_v23.json; omcgo/datamodels/mml-catalog/cmcc-tdlte-v2.3.json,参数 path 位于现有 JSON/seed 分组对象路径之下，可挂到该父分组；需确认是否过宽,周期性测量的配置,中国移动5G扩展型皮基站网管南向接口数据模型规范v1.9.4.xlsx,SM,362
Device.Services.FAPService.{i}.CellConfig.{i}.NR.RAN.Mobility.ConnMode.NR.PeriodMeasCtrl.{i}.ReportQuantity,parameter,READ_WRITE,STRING,SJ,移动性参数管理,{i},Device.Services.FAPService.{i}.CellConfig.{i}.NR.RAN.Mobility.ConnMode.NR.PeriodMeasCtrl.{i}.,DEVICE_SERVICES_FAPSERVICE_CELLCONFIG_NR_RAN_MOBILITY_CONNMODE_NR_PERIODMEASCTRL,LST PERIOD_MEAS_CTRL;MOD PERIOD_MEAS_CTRL,YES_EXISTING_JSON_PARENT_GROUP,medium,SF,小区服务参数管理（总体）,FAP 载波基本配置,Device.Services.FAPService.{i}.,,,json_seed_and_catalog_existing_group,omcgo/internal/config/parammodel/mmlstandardloader/seeds/cmcc_tdlte_v23.json; omcgo/datamodels/mml-catalog/cmcc-tdlte-v2.3.json,参数 path 位于现有 JSON/seed 分组对象路径之下，可挂到该父分组；需确认是否过宽,周期性测量的配置,中国移动5G扩展型皮基站网管南向接口数据模型规范v1.9.4.xlsx,SM,360
Device.Services.FAPService.{i}.CellConfig.{i}.NR.RAN.Mobility.IdleMode.EUTRA.Carrier.{i}.AllowedMeasBandwidth,parameter,READ_WRITE,STRING,SJ,移动性参数管理,{i},Device.Services.FAPService.{i}.CellConfig.{i}.NR.RAN.Mobility.IdleMode.EUTRA.Carrier.{i}.,DEVICE_SERVICES_FAPSERVICE_CELLCONFIG_NR_RAN_MOBILITY_IDLEMODE_EUTRA_CARRIER,LST CARRIER;MOD CARRIER,YES_EXISTING_JSON_PARENT_GROUP,medium,SF,小区服务参数管理（总体）,FAP 载波基本配置,Device.Services.FAPService.{i}.,,,json_seed_and_catalog_existing_group,omcgo/internal/config/parammodel/mmlstandardloader/seeds/cmcc_tdlte_v23.json; omcgo/datamodels/mml-catalog/cmcc-tdlte-v2.3.json,参数 path 位于现有 JSON/seed 分组对象路径之下，可挂到该父分组；需确认是否过宽,异系统重选参数,中国移动5G扩展型皮基站网管南向接口数据模型规范v1.9.4.xlsx,SM,355
Device.Services.FAPService.{i}.CellConfig.{i}.NR.RAN.Mobility.IdleMode.EUTRA.Carrier.{i}.BlackPhysCellIdRange,parameter,READ_WRITE,STRING,SJ,移动性参数管理,{i},Device.Services.FAPService.{i}.CellConfig.{i}.NR.RAN.Mobility.IdleMode.EUTRA.Carrier.{i}.,DEVICE_SERVICES_FAPSERVICE_CELLCONFIG_NR_RAN_MOBILITY_IDLEMODE_EUTRA_CARRIER,LST CARRIER;MOD CARRIER,YES_EXISTING_JSON_PARENT_GROUP,medium,SF,小区服务参数管理（总体）,FAP 载波基本配置,Device.Services.FAPService.{i}.,,,json_seed_and_catalog_existing_group,omcgo/internal/config/parammodel/mmlstandardloader/seeds/cmcc_tdlte_v23.json; omcgo/datamodels/mml-catalog/cmcc-tdlte-v2.3.json,参数 path 位于现有 JSON/seed 分组对象路径之下，可挂到该父分组；需确认是否过宽,异系统重选参数,中国移动5G扩展型皮基站网管南向接口数据模型规范v1.9.4.xlsx,SM,358
Device.Services.FAPService.{i}.CellConfig.{i}.NR.RAN.Mobility.IdleMode.EUTRA.Carrier.{i}.BlackPhysCellIdStart,parameter,READ_WRITE,STRING,SJ,移动性参数管理,{i},Device.Services.FAPService.{i}.CellConfig.{i}.NR.RAN.Mobility.IdleMode.EUTRA.Carrier.{i}.,DEVICE_SERVICES_FAPSERVICE_CELLCONFIG_NR_RAN_MOBILITY_IDLEMODE_EUTRA_CARRIER,LST CARRIER;MOD CARRIER,YES_EXISTING_JSON_PARENT_GROUP,medium,SF,小区服务参数管理（总体）,FAP 载波基本配置,Device.Services.FAPService.{i}.,,,json_seed_and_catalog_existing_group,omcgo/internal/config/parammodel/mmlstandardloader/seeds/cmcc_tdlte_v23.json; omcgo/datamodels/mml-catalog/cmcc-tdlte-v2.3.json,参数 path 位于现有 JSON/seed 分组对象路径之下，可挂到该父分组；需确认是否过宽,异系统重选参数,中国移动5G扩展型皮基站网管南向接口数据模型规范v1.9.4.xlsx,SM,357
Device.Services.FAPService.{i}.CellConfig.{i}.NR.RAN.Mobility.IdleMode.EUTRA.Carrier.{i}.CellReselectionPriority,parameter,READ_WRITE,STRING,SJ,移动性参数管理,{i},Device.Services.FAPService.{i}.CellConfig.{i}.NR.RAN.Mobility.IdleMode.EUTRA.Carrier.{i}.,DEVICE_SERVICES_FAPSERVICE_CELLCONFIG_NR_RAN_MOBILITY_IDLEMODE_EUTRA_CARRIER,LST CARRIER;MOD CARRIER,YES_EXISTING_JSON_PARENT_GROUP,medium,SF,小区服务参数管理（总体）,FAP 载波基本配置,Device.Services.FAPService.{i}.,,,json_seed_and_catalog_existing_group,omcgo/internal/config/parammodel/mmlstandardloader/seeds/cmcc_tdlte_v23.json; omcgo/datamodels/mml-catalog/cmcc-tdlte-v2.3.json,参数 path 位于现有 JSON/seed 分组对象路径之下，可挂到该父分组；需确认是否过宽,异系统重选参数,中国移动5G扩展型皮基站网管南向接口数据模型规范v1.9.4.xlsx,SM,347
Device.Services.FAPService.{i}.CellConfig.{i}.NR.RAN.Mobility.IdleMode.EUTRA.Carrier.{i}.EUTRACarrierARFCN,parameter,READ_WRITE,STRING,SJ,移动性参数管理,{i},Device.Services.FAPService.{i}.CellConfig.{i}.NR.RAN.Mobility.IdleMode.EUTRA.Carrier.{i}.,DEVICE_SERVICES_FAPSERVICE_CELLCONFIG_NR_RAN_MOBILITY_IDLEMODE_EUTRA_CARRIER,LST CARRIER;MOD CARRIER,YES_EXISTING_JSON_PARENT_GROUP,medium,SF,小区服务参数管理（总体）,FAP 载波基本配置,Device.Services.FAPService.{i}.,,,json_seed_and_catalog_existing_group,omcgo/internal/config/parammodel/mmlstandardloader/seeds/cmcc_tdlte_v23.json; omcgo/datamodels/mml-catalog/cmcc-tdlte-v2.3.json,参数 path 位于现有 JSON/seed 分组对象路径之下，可挂到该父分组；需确认是否过宽,异系统重选参数,中国移动5G扩展型皮基站网管南向接口数据模型规范v1.9.4.xlsx,SM,345
Device.Services.FAPService.{i}.CellConfig.{i}.NR.RAN.Mobility.IdleMode.EUTRA.Carrier.{i}.PMaxEUTRA,parameter,READ_WRITE,STRING,SJ,移动性参数管理,{i},Device.Services.FAPService.{i}.CellConfig.{i}.NR.RAN.Mobility.IdleMode.EUTRA.Carrier.{i}.,DEVICE_SERVICES_FAPSERVICE_CELLCONFIG_NR_RAN_MOBILITY_IDLEMODE_EUTRA_CARRIER,LST CARRIER;MOD CARRIER,YES_EXISTING_JSON_PARENT_GROUP,medium,SF,小区服务参数管理（总体）,FAP 载波基本配置,Device.Services.FAPService.{i}.,,,json_seed_and_catalog_existing_group,omcgo/internal/config/parammodel/mmlstandardloader/seeds/cmcc_tdlte_v23.json; omcgo/datamodels/mml-catalog/cmcc-tdlte-v2.3.json,参数 path 位于现有 JSON/seed 分组对象路径之下，可挂到该父分组；需确认是否过宽,异系统重选参数,中国移动5G扩展型皮基站网管南向接口数据模型规范v1.9.4.xlsx,SM,352
Device.Services.FAPService.{i}.CellConfig.{i}.NR.RAN.Mobility.IdleMode.EUTRA.Carrier.{i}.PresenceAntennaPort1,parameter,READ_WRITE,STRING,SJ,移动性参数管理,{i},Device.Services.FAPService.{i}.CellConfig.{i}.NR.RAN.Mobility.IdleMode.EUTRA.Carrier.{i}.,DEVICE_SERVICES_FAPSERVICE_CELLCONFIG_NR_RAN_MOBILITY_IDLEMODE_EUTRA_CARRIER,LST CARRIER;MOD CARRIER,YES_EXISTING_JSON_PARENT_GROUP,medium,SF,小区服务参数管理（总体）,FAP 载波基本配置,Device.Services.FAPService.{i}.,,,json_seed_and_catalog_existing_group,omcgo/internal/config/parammodel/mmlstandardloader/seeds/cmcc_tdlte_v23.json; omcgo/datamodels/mml-catalog/cmcc-tdlte-v2.3.json,参数 path 位于现有 JSON/seed 分组对象路径之下，可挂到该父分组；需确认是否过宽,异系统重选参数,中国移动5G扩展型皮基站网管南向接口数据模型规范v1.9.4.xlsx,SM,356
Device.Services.FAPService.{i}.CellConfig.{i}.NR.RAN.Mobility.IdleMode.EUTRA.Carrier.{i}.QQualMin,parameter,READ_WRITE,STRING,SJ,移动性参数管理,{i},Device.Services.FAPService.{i}.CellConfig.{i}.NR.RAN.Mobility.IdleMode.EUTRA.Carrier.{i}.,DEVICE_SERVICES_FAPSERVICE_CELLCONFIG_NR_RAN_MOBILITY_IDLEMODE_EUTRA_CARRIER,LST CARRIER;MOD CARRIER,YES_EXISTING_JSON_PARENT_GROUP,medium,SF,小区服务参数管理（总体）,FAP 载波基本配置,Device.Services.FAPService.{i}.,,,json_seed_and_catalog_existing_group,omcgo/internal/config/parammodel/mmlstandardloader/seeds/cmcc_tdlte_v23.json; omcgo/datamodels/mml-catalog/cmcc-tdlte-v2.3.json,参数 path 位于现有 JSON/seed 分组对象路径之下，可挂到该父分组；需确认是否过宽,异系统重选参数,中国移动5G扩展型皮基站网管南向接口数据模型规范v1.9.4.xlsx,SM,351
Device.Services.FAPService.{i}.CellConfig.{i}.NR.RAN.Mobility.IdleMode.EUTRA.Carrier.{i}.QRxLevMin,parameter,READ_WRITE,STRING,SJ,移动性参数管理,{i},Device.Services.FAPService.{i}.CellConfig.{i}.NR.RAN.Mobility.IdleMode.EUTRA.Carrier.{i}.,DEVICE_SERVICES_FAPSERVICE_CELLCONFIG_NR_RAN_MOBILITY_IDLEMODE_EUTRA_CARRIER,LST CARRIER;MOD CARRIER,YES_EXISTING_JSON_PARENT_GROUP,medium,SF,小区服务参数管理（总体）,FAP 载波基本配置,Device.Services.FAPService.{i}.,,,json_seed_and_catalog_existing_group,omcgo/internal/config/parammodel/mmlstandardloader/seeds/cmcc_tdlte_v23.json; omcgo/datamodels/mml-catalog/cmcc-tdlte-v2.3.json,参数 path 位于现有 JSON/seed 分组对象路径之下，可挂到该父分组；需确认是否过宽,异系统重选参数,中国移动5G扩展型皮基站网管南向接口数据模型规范v1.9.4.xlsx,SM,350
Device.Services.FAPService.{i}.CellConfig.{i}.NR.RAN.Mobility.IdleMode.EUTRA.Carrier.{i}.TReselectionEUTRA,parameter,READ_WRITE,STRING,SJ,移动性参数管理,{i},Device.Services.FAPService.{i}.CellConfig.{i}.NR.RAN.Mobility.IdleMode.EUTRA.Carrier.{i}.,DEVICE_SERVICES_FAPSERVICE_CELLCONFIG_NR_RAN_MOBILITY_IDLEMODE_EUTRA_CARRIER,LST CARRIER;MOD CARRIER,YES_EXISTING_JSON_PARENT_GROUP,medium,SF,小区服务参数管理（总体）,FAP 载波基本配置,Device.Services.FAPService.{i}.,,,json_seed_and_catalog_existing_group,omcgo/internal/config/parammodel/mmlstandardloader/seeds/cmcc_tdlte_v23.json; omcgo/datamodels/mml-catalog/cmcc-tdlte-v2.3.json,参数 path 位于现有 JSON/seed 分组对象路径之下，可挂到该父分组；需确认是否过宽,异系统重选参数,NR v1.7.xlsx,SM,327
Device.Services.FAPService.{i}.CellConfig.{i}.NR.RAN.Mobility.IdleMode.EUTRA.Carrier.{i}.ThreshXHigh,parameter,READ_WRITE,STRING,SJ,移动性参数管理,{i},Device.Services.FAPService.{i}.CellConfig.{i}.NR.RAN.Mobility.IdleMode.EUTRA.Carrier.{i}.,DEVICE_SERVICES_FAPSERVICE_CELLCONFIG_NR_RAN_MOBILITY_IDLEMODE_EUTRA_CARRIER,LST CARRIER;MOD CARRIER,YES_EXISTING_JSON_PARENT_GROUP,medium,SF,小区服务参数管理（总体）,FAP 载波基本配置,Device.Services.FAPService.{i}.,,,json_seed_and_catalog_existing_group,omcgo/internal/config/parammodel/mmlstandardloader/seeds/cmcc_tdlte_v23.json; omcgo/datamodels/mml-catalog/cmcc-tdlte-v2.3.json,参数 path 位于现有 JSON/seed 分组对象路径之下，可挂到该父分组；需确认是否过宽,异系统重选参数,中国移动5G扩展型皮基站网管南向接口数据模型规范v1.9.4.xlsx,SM,348
Device.Services.FAPService.{i}.CellConfig.{i}.NR.RAN.Mobility.IdleMode.EUTRA.Carrier.{i}.ThreshXHighQ,parameter,READ_WRITE,STRING,SJ,移动性参数管理,{i},Device.Services.FAPService.{i}.CellConfig.{i}.NR.RAN.Mobility.IdleMode.EUTRA.Carrier.{i}.,DEVICE_SERVICES_FAPSERVICE_CELLCONFIG_NR_RAN_MOBILITY_IDLEMODE_EUTRA_CARRIER,LST CARRIER;MOD CARRIER,YES_EXISTING_JSON_PARENT_GROUP,medium,SF,小区服务参数管理（总体）,FAP 载波基本配置,Device.Services.FAPService.{i}.,,,json_seed_and_catalog_existing_group,omcgo/internal/config/parammodel/mmlstandardloader/seeds/cmcc_tdlte_v23.json; omcgo/datamodels/mml-catalog/cmcc-tdlte-v2.3.json,参数 path 位于现有 JSON/seed 分组对象路径之下，可挂到该父分组；需确认是否过宽,异系统重选参数,中国移动5G扩展型皮基站网管南向接口数据模型规范v1.9.4.xlsx,SM,353
Device.Services.FAPService.{i}.CellConfig.{i}.NR.RAN.Mobility.IdleMode.EUTRA.Carrier.{i}.ThreshXLow,parameter,READ_WRITE,STRING,SJ,移动性参数管理,{i},Device.Services.FAPService.{i}.CellConfig.{i}.NR.RAN.Mobility.IdleMode.EUTRA.Carrier.{i}.,DEVICE_SERVICES_FAPSERVICE_CELLCONFIG_NR_RAN_MOBILITY_IDLEMODE_EUTRA_CARRIER,LST CARRIER;MOD CARRIER,YES_EXISTING_JSON_PARENT_GROUP,medium,SF,小区服务参数管理（总体）,FAP 载波基本配置,Device.Services.FAPService.{i}.,,,json_seed_and_catalog_existing_group,omcgo/internal/config/parammodel/mmlstandardloader/seeds/cmcc_tdlte_v23.json; omcgo/datamodels/mml-catalog/cmcc-tdlte-v2.3.json,参数 path 位于现有 JSON/seed 分组对象路径之下，可挂到该父分组；需确认是否过宽,异系统重选参数,中国移动5G扩展型皮基站网管南向接口数据模型规范v1.9.4.xlsx,SM,349
Device.Services.FAPService.{i}.CellConfig.{i}.NR.RAN.Mobility.IdleMode.InterFreq.Carrier.{i}.AbsThreshSSBlocksConsolidation,parameter,READ_WRITE,STRING,SJ,移动性参数管理,{i},Device.Services.FAPService.{i}.CellConfig.{i}.NR.RAN.Mobility.IdleMode.InterFreq.Carrier.{i}.,DEVICE_SERVICES_FAPSERVICE_CELLCONFIG_NR_RAN_MOBILITY_IDLEMODE_INTERFREQ_CARRIER,LST CARRIER;MOD CARRIER,YES_EXISTING_JSON_PARENT_GROUP,medium,SF,小区服务参数管理（总体）,FAP 载波基本配置,Device.Services.FAPService.{i}.,,,json_seed_and_catalog_existing_group,omcgo/internal/config/parammodel/mmlstandardloader/seeds/cmcc_tdlte_v23.json; omcgo/datamodels/mml-catalog/cmcc-tdlte-v2.3.json,参数 path 位于现有 JSON/seed 分组对象路径之下，可挂到该父分组；需确认是否过宽,异频重选参数,NR v1.7.xlsx,SM,308
Device.Services.FAPService.{i}.CellConfig.{i}.NR.RAN.Mobility.IdleMode.InterFreq.Carrier.{i}.BlackPhysCellIdRange,parameter,READ_WRITE,STRING,SJ,移动性参数管理,{i},Device.Services.FAPService.{i}.CellConfig.{i}.NR.RAN.Mobility.IdleMode.InterFreq.Carrier.{i}.,DEVICE_SERVICES_FAPSERVICE_CELLCONFIG_NR_RAN_MOBILITY_IDLEMODE_INTERFREQ_CARRIER,LST CARRIER;MOD CARRIER,YES_EXISTING_JSON_PARENT_GROUP,medium,SF,小区服务参数管理（总体）,FAP 载波基本配置,Device.Services.FAPService.{i}.,,,json_seed_and_catalog_existing_group,omcgo/internal/config/parammodel/mmlstandardloader/seeds/cmcc_tdlte_v23.json; omcgo/datamodels/mml-catalog/cmcc-tdlte-v2.3.json,参数 path 位于现有 JSON/seed 分组对象路径之下，可挂到该父分组；需确认是否过宽,异频重选参数,中国移动5G扩展型皮基站网管南向接口数据模型规范v1.9.4.xlsx,SM,344
Device.Services.FAPService.{i}.CellConfig.{i}.NR.RAN.Mobility.IdleMode.InterFreq.Carrier.{i}.BlackPhysCellIdStart,parameter,READ_WRITE,STRING,SJ,移动性参数管理,{i},Device.Services.FAPService.{i}.CellConfig.{i}.NR.RAN.Mobility.IdleMode.InterFreq.Carrier.{i}.,DEVICE_SERVICES_FAPSERVICE_CELLCONFIG_NR_RAN_MOBILITY_IDLEMODE_INTERFREQ_CARRIER,LST CARRIER;MOD CARRIER,YES_EXISTING_JSON_PARENT_GROUP,medium,SF,小区服务参数管理（总体）,FAP 载波基本配置,Device.Services.FAPService.{i}.,,,json_seed_and_catalog_existing_group,omcgo/internal/config/parammodel/mmlstandardloader/seeds/cmcc_tdlte_v23.json; omcgo/datamodels/mml-catalog/cmcc-tdlte-v2.3.json,参数 path 位于现有 JSON/seed 分组对象路径之下，可挂到该父分组；需确认是否过宽,异频重选参数,中国移动5G扩展型皮基站网管南向接口数据模型规范v1.9.4.xlsx,SM,343
Device.Services.FAPService.{i}.CellConfig.{i}.NR.RAN.Mobility.IdleMode.InterFreq.Carrier.{i}.CellReselectionPriority,parameter,READ_WRITE,STRING,SJ,移动性参数管理,{i},Device.Services.FAPService.{i}.CellConfig.{i}.NR.RAN.Mobility.IdleMode.InterFreq.Carrier.{i}.,DEVICE_SERVICES_FAPSERVICE_CELLCONFIG_NR_RAN_MOBILITY_IDLEMODE_INTERFREQ_CARRIER,LST CARRIER;MOD CARRIER,YES_EXISTING_JSON_PARENT_GROUP,medium,SF,小区服务参数管理（总体）,FAP 载波基本配置,Device.Services.FAPService.{i}.,,,json_seed_and_catalog_existing_group,omcgo/internal/config/parammodel/mmlstandardloader/seeds/cmcc_tdlte_v23.json; omcgo/datamodels/mml-catalog/cmcc-tdlte-v2.3.json,参数 path 位于现有 JSON/seed 分组对象路径之下，可挂到该父分组；需确认是否过宽,异频重选参数,中国移动5G扩展型皮基站网管南向接口数据模型规范v1.9.4.xlsx,SM,340
Device.Services.FAPService.{i}.CellConfig.{i}.NR.RAN.Mobility.IdleMode.InterFreq.Carrier.{i}.CellReselectionSubPriority,parameter,READ_WRITE,STRING,SJ,移动性参数管理,{i},Device.Services.FAPService.{i}.CellConfig.{i}.NR.RAN.Mobility.IdleMode.InterFreq.Carrier.{i}.,DEVICE_SERVICES_FAPSERVICE_CELLCONFIG_NR_RAN_MOBILITY_IDLEMODE_INTERFREQ_CARRIER,LST CARRIER;MOD CARRIER,YES_EXISTING_JSON_PARENT_GROUP,medium,SF,小区服务参数管理（总体）,FAP 载波基本配置,Device.Services.FAPService.{i}.,,,json_seed_and_catalog_existing_group,omcgo/internal/config/parammodel/mmlstandardloader/seeds/cmcc_tdlte_v23.json; omcgo/datamodels/mml-catalog/cmcc-tdlte-v2.3.json,参数 path 位于现有 JSON/seed 分组对象路径之下，可挂到该父分组；需确认是否过宽,异频重选参数,中国移动5G扩展型皮基站网管南向接口数据模型规范v1.9.4.xlsx,SM,341
Device.Services.FAPService.{i}.CellConfig.{i}.NR.RAN.Mobility.IdleMode.InterFreq.Carrier.{i}.DeriveSSBIndexFromCell,parameter,READ_WRITE,STRING,SJ,移动性参数管理,{i},Device.Services.FAPService.{i}.CellConfig.{i}.NR.RAN.Mobility.IdleMode.InterFreq.Carrier.{i}.,DEVICE_SERVICES_FAPSERVICE_CELLCONFIG_NR_RAN_MOBILITY_IDLEMODE_INTERFREQ_CARRIER,LST CARRIER;MOD CARRIER,YES_EXISTING_JSON_PARENT_GROUP,medium,SF,小区服务参数管理（总体）,FAP 载波基本配置,Device.Services.FAPService.{i}.,,,json_seed_and_catalog_existing_group,omcgo/internal/config/parammodel/mmlstandardloader/seeds/cmcc_tdlte_v23.json; omcgo/datamodels/mml-catalog/cmcc-tdlte-v2.3.json,参数 path 位于现有 JSON/seed 分组对象路径之下，可挂到该父分组；需确认是否过宽,异频重选参数,中国移动5G扩展型皮基站网管南向接口数据模型规范v1.9.4.xlsx,SM,331
Device.Services.FAPService.{i}.CellConfig.{i}.NR.RAN.Mobility.IdleMode.InterFreq.Carrier.{i}.DlCarrierFreq,parameter,READ_WRITE,STRING,SJ,移动性参数管理,{i},Device.Services.FAPService.{i}.CellConfig.{i}.NR.RAN.Mobility.IdleMode.InterFreq.Carrier.{i}.,DEVICE_SERVICES_FAPSERVICE_CELLCONFIG_NR_RAN_MOBILITY_IDLEMODE_INTERFREQ_CARRIER,LST CARRIER;MOD CARRIER,YES_EXISTING_JSON_PARENT_GROUP,medium,SF,小区服务参数管理（总体）,FAP 载波基本配置,Device.Services.FAPService.{i}.,,,json_seed_and_catalog_existing_group,omcgo/internal/config/parammodel/mmlstandardloader/seeds/cmcc_tdlte_v23.json; omcgo/datamodels/mml-catalog/cmcc-tdlte-v2.3.json,参数 path 位于现有 JSON/seed 分组对象路径之下，可挂到该父分组；需确认是否过宽,异频重选参数,中国移动5G扩展型皮基站网管南向接口数据模型规范v1.9.4.xlsx,SM,325
Device.Services.FAPService.{i}.CellConfig.{i}.NR.RAN.Mobility.IdleMode.InterFreq.Carrier.{i}.NrofSSBlocksToAverage,parameter,READ_WRITE,STRING,SJ,移动性参数管理,{i},Device.Services.FAPService.{i}.CellConfig.{i}.NR.RAN.Mobility.IdleMode.InterFreq.Carrier.{i}.,DEVICE_SERVICES_FAPSERVICE_CELLCONFIG_NR_RAN_MOBILITY_IDLEMODE_INTERFREQ_CARRIER,LST CARRIER;MOD CARRIER,YES_EXISTING_JSON_PARENT_GROUP,medium,SF,小区服务参数管理（总体）,FAP 载波基本配置,Device.Services.FAPService.{i}.,,,json_seed_and_catalog_existing_group,omcgo/internal/config/parammodel/mmlstandardloader/seeds/cmcc_tdlte_v23.json; omcgo/datamodels/mml-catalog/cmcc-tdlte-v2.3.json,参数 path 位于现有 JSON/seed 分组对象路径之下，可挂到该父分组；需确认是否过宽,异频重选参数,中国移动5G扩展型皮基站网管南向接口数据模型规范v1.9.4.xlsx,SM,326
Device.Services.FAPService.{i}.CellConfig.{i}.NR.RAN.Mobility.IdleMode.InterFreq.Carrier.{i}.Pmax,parameter,READ_WRITE,STRING,SJ,移动性参数管理,{i},Device.Services.FAPService.{i}.CellConfig.{i}.NR.RAN.Mobility.IdleMode.InterFreq.Carrier.{i}.,DEVICE_SERVICES_FAPSERVICE_CELLCONFIG_NR_RAN_MOBILITY_IDLEMODE_INTERFREQ_CARRIER,LST CARRIER;MOD CARRIER,YES_EXISTING_JSON_PARENT_GROUP,medium,SF,小区服务参数管理（总体）,FAP 载波基本配置,Device.Services.FAPService.{i}.,,,json_seed_and_catalog_existing_group,omcgo/internal/config/parammodel/mmlstandardloader/seeds/cmcc_tdlte_v23.json; omcgo/datamodels/mml-catalog/cmcc-tdlte-v2.3.json,参数 path 位于现有 JSON/seed 分组对象路径之下，可挂到该父分组；需确认是否过宽,异频重选参数,中国移动5G扩展型皮基站网管南向接口数据模型规范v1.9.4.xlsx,SM,334
Device.Services.FAPService.{i}.CellConfig.{i}.NR.RAN.Mobility.IdleMode.InterFreq.Carrier.{i}.QOffsetFreq,parameter,READ_WRITE,STRING,SJ,移动性参数管理,{i},Device.Services.FAPService.{i}.CellConfig.{i}.NR.RAN.Mobility.IdleMode.InterFreq.Carrier.{i}.,DEVICE_SERVICES_FAPSERVICE_CELLCONFIG_NR_RAN_MOBILITY_IDLEMODE_INTERFREQ_CARRIER,LST CARRIER;MOD CARRIER,YES_EXISTING_JSON_PARENT_GROUP,medium,SF,小区服务参数管理（总体）,FAP 载波基本配置,Device.Services.FAPService.{i}.,,,json_seed_and_catalog_existing_group,omcgo/internal/config/parammodel/mmlstandardloader/seeds/cmcc_tdlte_v23.json; omcgo/datamodels/mml-catalog/cmcc-tdlte-v2.3.json,参数 path 位于现有 JSON/seed 分组对象路径之下，可挂到该父分组；需确认是否过宽,异频重选参数,中国移动5G扩展型皮基站网管南向接口数据模型规范v1.9.4.xlsx,SM,342
Device.Services.FAPService.{i}.CellConfig.{i}.NR.RAN.Mobility.IdleMode.InterFreq.Carrier.{i}.QQualMin,parameter,READ_WRITE,STRING,SJ,移动性参数管理,{i},Device.Services.FAPService.{i}.CellConfig.{i}.NR.RAN.Mobility.IdleMode.InterFreq.Carrier.{i}.,DEVICE_SERVICES_FAPSERVICE_CELLCONFIG_NR_RAN_MOBILITY_IDLEMODE_INTERFREQ_CARRIER,LST CARRIER;MOD CARRIER,YES_EXISTING_JSON_PARENT_GROUP,medium,SF,小区服务参数管理（总体）,FAP 载波基本配置,Device.Services.FAPService.{i}.,,,json_seed_and_catalog_existing_group,omcgo/internal/config/parammodel/mmlstandardloader/seeds/cmcc_tdlte_v23.json; omcgo/datamodels/mml-catalog/cmcc-tdlte-v2.3.json,参数 path 位于现有 JSON/seed 分组对象路径之下，可挂到该父分组；需确认是否过宽,异频重选参数,中国移动5G扩展型皮基站网管南向接口数据模型规范v1.9.4.xlsx,SM,333
Device.Services.FAPService.{i}.CellConfig.{i}.NR.RAN.Mobility.IdleMode.InterFreq.Carrier.{i}.QRxLevMin,parameter,READ_WRITE,STRING,SJ,移动性参数管理,{i},Device.Services.FAPService.{i}.CellConfig.{i}.NR.RAN.Mobility.IdleMode.InterFreq.Carrier.{i}.,DEVICE_SERVICES_FAPSERVICE_CELLCONFIG_NR_RAN_MOBILITY_IDLEMODE_INTERFREQ_CARRIER,LST CARRIER;MOD CARRIER,YES_EXISTING_JSON_PARENT_GROUP,medium,SF,小区服务参数管理（总体）,FAP 载波基本配置,Device.Services.FAPService.{i}.,,,json_seed_and_catalog_existing_group,omcgo/internal/config/parammodel/mmlstandardloader/seeds/cmcc_tdlte_v23.json; omcgo/datamodels/mml-catalog/cmcc-tdlte-v2.3.json,参数 path 位于现有 JSON/seed 分组对象路径之下，可挂到该父分组；需确认是否过宽,异频重选参数,中国移动5G扩展型皮基站网管南向接口数据模型规范v1.9.4.xlsx,SM,332
Device.Services.FAPService.{i}.CellConfig.{i}.NR.RAN.Mobility.IdleMode.InterFreq.Carrier.{i}.SsbSubcarrierSpacing,parameter,READ_WRITE,STRING,SJ,移动性参数管理,{i},Device.Services.FAPService.{i}.CellConfig.{i}.NR.RAN.Mobility.IdleMode.InterFreq.Carrier.{i}.,DEVICE_SERVICES_FAPSERVICE_CELLCONFIG_NR_RAN_MOBILITY_IDLEMODE_INTERFREQ_CARRIER,LST CARRIER;MOD CARRIER,YES_EXISTING_JSON_PARENT_GROUP,medium,SF,小区服务参数管理（总体）,FAP 载波基本配置,Device.Services.FAPService.{i}.,,,json_seed_and_catalog_existing_group,omcgo/internal/config/parammodel/mmlstandardloader/seeds/cmcc_tdlte_v23.json; omcgo/datamodels/mml-catalog/cmcc-tdlte-v2.3.json,参数 path 位于现有 JSON/seed 分组对象路径之下，可挂到该父分组；需确认是否过宽,异频重选参数,中国移动5G扩展型皮基站网管南向接口数据模型规范v1.9.4.xlsx,SM,330
Device.Services.FAPService.{i}.CellConfig.{i}.NR.RAN.Mobility.IdleMode.InterFreq.Carrier.{i}.TReselectionNR,parameter,READ_WRITE,STRING,SJ,移动性参数管理,{i},Device.Services.FAPService.{i}.CellConfig.{i}.NR.RAN.Mobility.IdleMode.InterFreq.Carrier.{i}.,DEVICE_SERVICES_FAPSERVICE_CELLCONFIG_NR_RAN_MOBILITY_IDLEMODE_INTERFREQ_CARRIER,LST CARRIER;MOD CARRIER,YES_EXISTING_JSON_PARENT_GROUP,medium,SF,小区服务参数管理（总体）,FAP 载波基本配置,Device.Services.FAPService.{i}.,,,json_seed_and_catalog_existing_group,omcgo/internal/config/parammodel/mmlstandardloader/seeds/cmcc_tdlte_v23.json; omcgo/datamodels/mml-catalog/cmcc-tdlte-v2.3.json,参数 path 位于现有 JSON/seed 分组对象路径之下，可挂到该父分组；需确认是否过宽,异频重选参数,中国移动5G扩展型皮基站网管南向接口数据模型规范v1.9.4.xlsx,SM,335
Device.Services.FAPService.{i}.CellConfig.{i}.NR.RAN.Mobility.IdleMode.InterFreq.Carrier.{i}.ThreshXHighP,parameter,READ_WRITE,STRING,SJ,移动性参数管理,{i},Device.Services.FAPService.{i}.CellConfig.{i}.NR.RAN.Mobility.IdleMode.InterFreq.Carrier.{i}.,DEVICE_SERVICES_FAPSERVICE_CELLCONFIG_NR_RAN_MOBILITY_IDLEMODE_INTERFREQ_CARRIER,LST CARRIER;MOD CARRIER,YES_EXISTING_JSON_PARENT_GROUP,medium,SF,小区服务参数管理（总体）,FAP 载波基本配置,Device.Services.FAPService.{i}.,,,json_seed_and_catalog_existing_group,omcgo/internal/config/parammodel/mmlstandardloader/seeds/cmcc_tdlte_v23.json; omcgo/datamodels/mml-catalog/cmcc-tdlte-v2.3.json,参数 path 位于现有 JSON/seed 分组对象路径之下，可挂到该父分组；需确认是否过宽,异频重选参数,中国移动5G扩展型皮基站网管南向接口数据模型规范v1.9.4.xlsx,SM,336
Device.Services.FAPService.{i}.CellConfig.{i}.NR.RAN.Mobility.IdleMode.InterFreq.Carrier.{i}.ThreshXHighQ,parameter,READ_WRITE,STRING,SJ,移动性参数管理,{i},Device.Services.FAPService.{i}.CellConfig.{i}.NR.RAN.Mobility.IdleMode.InterFreq.Carrier.{i}.,DEVICE_SERVICES_FAPSERVICE_CELLCONFIG_NR_RAN_MOBILITY_IDLEMODE_INTERFREQ_CARRIER,LST CARRIER;MOD CARRIER,YES_EXISTING_JSON_PARENT_GROUP,medium,SF,小区服务参数管理（总体）,FAP 载波基本配置,Device.Services.FAPService.{i}.,,,json_seed_and_catalog_existing_group,omcgo/internal/config/parammodel/mmlstandardloader/seeds/cmcc_tdlte_v23.json; omcgo/datamodels/mml-catalog/cmcc-tdlte-v2.3.json,参数 path 位于现有 JSON/seed 分组对象路径之下，可挂到该父分组；需确认是否过宽,异频重选参数,中国移动5G扩展型皮基站网管南向接口数据模型规范v1.9.4.xlsx,SM,338
Device.Services.FAPService.{i}.CellConfig.{i}.NR.RAN.Mobility.IdleMode.InterFreq.Carrier.{i}.ThreshXLowP,parameter,READ_WRITE,STRING,SJ,移动性参数管理,{i},Device.Services.FAPService.{i}.CellConfig.{i}.NR.RAN.Mobility.IdleMode.InterFreq.Carrier.{i}.,DEVICE_SERVICES_FAPSERVICE_CELLCONFIG_NR_RAN_MOBILITY_IDLEMODE_INTERFREQ_CARRIER,LST CARRIER;MOD CARRIER,YES_EXISTING_JSON_PARENT_GROUP,medium,SF,小区服务参数管理（总体）,FAP 载波基本配置,Device.Services.FAPService.{i}.,,,json_seed_and_catalog_existing_group,omcgo/internal/config/parammodel/mmlstandardloader/seeds/cmcc_tdlte_v23.json; omcgo/datamodels/mml-catalog/cmcc-tdlte-v2.3.json,参数 path 位于现有 JSON/seed 分组对象路径之下，可挂到该父分组；需确认是否过宽,异频重选参数,中国移动5G扩展型皮基站网管南向接口数据模型规范v1.9.4.xlsx,SM,337
Device.Services.FAPService.{i}.CellConfig.{i}.NR.RAN.Mobility.IdleMode.InterFreq.Carrier.{i}.ThreshXLowQ,parameter,READ_WRITE,STRING,SJ,移动性参数管理,{i},Device.Services.FAPService.{i}.CellConfig.{i}.NR.RAN.Mobility.IdleMode.InterFreq.Carrier.{i}.,DEVICE_SERVICES_FAPSERVICE_CELLCONFIG_NR_RAN_MOBILITY_IDLEMODE_INTERFREQ_CARRIER,LST CARRIER;MOD CARRIER,YES_EXISTING_JSON_PARENT_GROUP,medium,SF,小区服务参数管理（总体）,FAP 载波基本配置,Device.Services.FAPService.{i}.,,,json_seed_and_catalog_existing_group,omcgo/internal/config/parammodel/mmlstandardloader/seeds/cmcc_tdlte_v23.json; omcgo/datamodels/mml-catalog/cmcc-tdlte-v2.3.json,参数 path 位于现有 JSON/seed 分组对象路径之下，可挂到该父分组；需确认是否过宽,异频重选参数,中国移动5G扩展型皮基站网管南向接口数据模型规范v1.9.4.xlsx,SM,339
Device.Services.FAPService.{i}.CellConfig.{i}.NR.RAN.Mobility.IdleMode.InterFreq.Carrier.{i}.ThresholdRSRQ,parameter,READ_WRITE,STRING,SJ,移动性参数管理,{i},Device.Services.FAPService.{i}.CellConfig.{i}.NR.RAN.Mobility.IdleMode.InterFreq.Carrier.{i}.,DEVICE_SERVICES_FAPSERVICE_CELLCONFIG_NR_RAN_MOBILITY_IDLEMODE_INTERFREQ_CARRIER,LST CARRIER;MOD CARRIER,YES_EXISTING_JSON_PARENT_GROUP,medium,SF,小区服务参数管理（总体）,FAP 载波基本配置,Device.Services.FAPService.{i}.,,,json_seed_and_catalog_existing_group,omcgo/internal/config/parammodel/mmlstandardloader/seeds/cmcc_tdlte_v23.json; omcgo/datamodels/mml-catalog/cmcc-tdlte-v2.3.json,参数 path 位于现有 JSON/seed 分组对象路径之下，可挂到该父分组；需确认是否过宽,异频重选参数,中国移动5G扩展型皮基站网管南向接口数据模型规范v1.9.4.xlsx,SM,328
Device.Services.FAPService.{i}.CellConfig.{i}.NR.RAN.Mobility.IdleMode.InterFreq.Carrier.{i}.ThresholdSINR,parameter,READ_WRITE,STRING,SJ,移动性参数管理,{i},Device.Services.FAPService.{i}.CellConfig.{i}.NR.RAN.Mobility.IdleMode.InterFreq.Carrier.{i}.,DEVICE_SERVICES_FAPSERVICE_CELLCONFIG_NR_RAN_MOBILITY_IDLEMODE_INTERFREQ_CARRIER,LST CARRIER;MOD CARRIER,YES_EXISTING_JSON_PARENT_GROUP,medium,SF,小区服务参数管理（总体）,FAP 载波基本配置,Device.Services.FAPService.{i}.,,,json_seed_and_catalog_existing_group,omcgo/internal/config/parammodel/mmlstandardloader/seeds/cmcc_tdlte_v23.json; omcgo/datamodels/mml-catalog/cmcc-tdlte-v2.3.json,参数 path 位于现有 JSON/seed 分组对象路径之下，可挂到该父分组；需确认是否过宽,异频重选参数,中国移动5G扩展型皮基站网管南向接口数据模型规范v1.9.4.xlsx,SM,329
Device.Services.FAPService.{i}.FAPControl.NR.SelfConfig.SONConfigParam.ANR.A3RSRPOffset,parameter,READ_WRITE,STRING,SK,SON参数管理,ANR,Device.Services.FAPService.{i}.FAPControl.NR.SelfConfig.SONConfigParam.ANR.,DEVICE_SERVICES_FAPSERVICE_FAPCONTROL_NR_SELFCONFIG_SONCONFIGPARAM_ANR,LST ANR;MOD ANR,YES_EXISTING_JSON_PARENT_GROUP,medium,SF,小区服务参数管理（总体）,FAP 载波基本配置,Device.Services.FAPService.{i}.,,,json_seed_and_catalog_existing_group,omcgo/internal/config/parammodel/mmlstandardloader/seeds/cmcc_tdlte_v23.json; omcgo/datamodels/mml-catalog/cmcc-tdlte-v2.3.json,参数 path 位于现有 JSON/seed 分组对象路径之下，可挂到该父分组；需确认是否过宽,SON参数管理,中国移动5G扩展型皮基站网管南向接口数据模型规范v1.9.4.xlsx,SG,15
Device.Services.FAPService.{i}.FAPControl.NR.SelfConfig.SONConfigParam.ANR.AutoAdjustEnable,parameter,READ_WRITE,STRING,SK,SON参数管理,ANR,Device.Services.FAPService.{i}.FAPControl.NR.SelfConfig.SONConfigParam.ANR.,DEVICE_SERVICES_FAPSERVICE_FAPCONTROL_NR_SELFCONFIG_SONCONFIGPARAM_ANR,LST ANR;MOD ANR,YES_EXISTING_JSON_PARENT_GROUP,medium,SF,小区服务参数管理（总体）,FAP 载波基本配置,Device.Services.FAPService.{i}.,,,json_seed_and_catalog_existing_group,omcgo/internal/config/parammodel/mmlstandardloader/seeds/cmcc_tdlte_v23.json; omcgo/datamodels/mml-catalog/cmcc-tdlte-v2.3.json,参数 path 位于现有 JSON/seed 分组对象路径之下，可挂到该父分组；需确认是否过宽,SON参数管理,中国移动5G扩展型皮基站网管南向接口数据模型规范v1.9.4.xlsx,SG,18
Device.Services.FAPService.{i}.FAPControl.NR.SelfConfig.SONConfigParam.ANR.AutoRemoveEnable,parameter,READ_WRITE,STRING,SK,SON参数管理,ANR,Device.Services.FAPService.{i}.FAPControl.NR.SelfConfig.SONConfigParam.ANR.,DEVICE_SERVICES_FAPSERVICE_FAPCONTROL_NR_SELFCONFIG_SONCONFIGPARAM_ANR,LST ANR;MOD ANR,YES_EXISTING_JSON_PARENT_GROUP,medium,SF,小区服务参数管理（总体）,FAP 载波基本配置,Device.Services.FAPService.{i}.,,,json_seed_and_catalog_existing_group,omcgo/internal/config/parammodel/mmlstandardloader/seeds/cmcc_tdlte_v23.json; omcgo/datamodels/mml-catalog/cmcc-tdlte-v2.3.json,参数 path 位于现有 JSON/seed 分组对象路径之下，可挂到该父分组；需确认是否过宽,SON参数管理,中国移动5G扩展型皮基站网管南向接口数据模型规范v1.9.4.xlsx,SG,21
Device.Services.FAPService.{i}.FAPControl.NR.SelfConfig.SONConfigParam.ANR.AutoRemoveMaxCell,parameter,READ_WRITE,STRING,SK,SON参数管理,ANR,Device.Services.FAPService.{i}.FAPControl.NR.SelfConfig.SONConfigParam.ANR.,DEVICE_SERVICES_FAPSERVICE_FAPCONTROL_NR_SELFCONFIG_SONCONFIGPARAM_ANR,LST ANR;MOD ANR,YES_EXISTING_JSON_PARENT_GROUP,medium,SF,小区服务参数管理（总体）,FAP 载波基本配置,Device.Services.FAPService.{i}.,,,json_seed_and_catalog_existing_group,omcgo/internal/config/parammodel/mmlstandardloader/seeds/cmcc_tdlte_v23.json; omcgo/datamodels/mml-catalog/cmcc-tdlte-v2.3.json,参数 path 位于现有 JSON/seed 分组对象路径之下，可挂到该父分组；需确认是否过宽,SON参数管理,中国移动5G扩展型皮基站网管南向接口数据模型规范v1.9.4.xlsx,SG,23
Device.Services.FAPService.{i}.FAPControl.NR.SelfConfig.SONConfigParam.ANR.AutoRemovePeriod,parameter,READ_WRITE,STRING,SK,SON参数管理,ANR,Device.Services.FAPService.{i}.FAPControl.NR.SelfConfig.SONConfigParam.ANR.,DEVICE_SERVICES_FAPSERVICE_FAPCONTROL_NR_SELFCONFIG_SONCONFIGPARAM_ANR,LST ANR;MOD ANR,YES_EXISTING_JSON_PARENT_GROUP,medium,SF,小区服务参数管理（总体）,FAP 载波基本配置,Device.Services.FAPService.{i}.,,,json_seed_and_catalog_existing_group,omcgo/internal/config/parammodel/mmlstandardloader/seeds/cmcc_tdlte_v23.json; omcgo/datamodels/mml-catalog/cmcc-tdlte-v2.3.json,参数 path 位于现有 JSON/seed 分组对象路径之下，可挂到该父分组；需确认是否过宽,SON参数管理,中国移动5G扩展型皮基站网管南向接口数据模型规范v1.9.4.xlsx,SG,22
Device.Services.FAPService.{i}.FAPControl.NR.SelfConfig.SONConfigParam.ANR.BiNRCellEnable,parameter,READ_WRITE,STRING,SK,SON参数管理,ANR,Device.Services.FAPService.{i}.FAPControl.NR.SelfConfig.SONConfigParam.ANR.,DEVICE_SERVICES_FAPSERVICE_FAPCONTROL_NR_SELFCONFIG_SONCONFIGPARAM_ANR,LST ANR;MOD ANR,YES_EXISTING_JSON_PARENT_GROUP,medium,SF,小区服务参数管理（总体）,FAP 载波基本配置,Device.Services.FAPService.{i}.,,,json_seed_and_catalog_existing_group,omcgo/internal/config/parammodel/mmlstandardloader/seeds/cmcc_tdlte_v23.json; omcgo/datamodels/mml-catalog/cmcc-tdlte-v2.3.json,参数 path 位于现有 JSON/seed 分组对象路径之下，可挂到该父分组；需确认是否过宽,SON参数管理,中国移动5G扩展型皮基站网管南向接口数据模型规范v1.9.4.xlsx,SG,13
Device.Services.FAPService.{i}.FAPControl.NR.SelfConfig.SONConfigParam.ANR.EUTRANEnable,parameter,READ_WRITE,STRING,SK,SON参数管理,ANR,Device.Services.FAPService.{i}.FAPControl.NR.SelfConfig.SONConfigParam.ANR.,DEVICE_SERVICES_FAPSERVICE_FAPCONTROL_NR_SELFCONFIG_SONCONFIGPARAM_ANR,LST ANR;MOD ANR,YES_EXISTING_JSON_PARENT_GROUP,medium,SF,小区服务参数管理（总体）,FAP 载波基本配置,Device.Services.FAPService.{i}.,,,json_seed_and_catalog_existing_group,omcgo/internal/config/parammodel/mmlstandardloader/seeds/cmcc_tdlte_v23.json; omcgo/datamodels/mml-catalog/cmcc-tdlte-v2.3.json,参数 path 位于现有 JSON/seed 分组对象路径之下，可挂到该父分组；需确认是否过宽,SON参数管理,中国移动5G扩展型皮基站网管南向接口数据模型规范v1.9.4.xlsx,SG,12
Device.Services.FAPService.{i}.FAPControl.NR.SelfConfig.SONConfigParam.ANR.Enable,parameter,READ_WRITE,STRING,SK,SON参数管理,ANR,Device.Services.FAPService.{i}.FAPControl.NR.SelfConfig.SONConfigParam.ANR.,DEVICE_SERVICES_FAPSERVICE_FAPCONTROL_NR_SELFCONFIG_SONCONFIGPARAM_ANR,LST ANR;MOD ANR,YES_EXISTING_JSON_PARENT_GROUP,medium,SF,小区服务参数管理（总体）,FAP 载波基本配置,Device.Services.FAPService.{i}.,,,json_seed_and_catalog_existing_group,omcgo/internal/config/parammodel/mmlstandardloader/seeds/cmcc_tdlte_v23.json; omcgo/datamodels/mml-catalog/cmcc-tdlte-v2.3.json,参数 path 位于现有 JSON/seed 分组对象路径之下，可挂到该父分组；需确认是否过宽,SON参数管理,中国移动5G扩展型皮基站网管南向接口数据模型规范v1.9.4.xlsx,SG,9
Device.Services.FAPService.{i}.FAPControl.NR.SelfConfig.SONConfigParam.ANR.InterFeqEnable,parameter,READ_WRITE,STRING,SK,SON参数管理,ANR,Device.Services.FAPService.{i}.FAPControl.NR.SelfConfig.SONConfigParam.ANR.,DEVICE_SERVICES_FAPSERVICE_FAPCONTROL_NR_SELFCONFIG_SONCONFIGPARAM_ANR,LST ANR;MOD ANR,YES_EXISTING_JSON_PARENT_GROUP,medium,SF,小区服务参数管理（总体）,FAP 载波基本配置,Device.Services.FAPService.{i}.,,,json_seed_and_catalog_existing_group,omcgo/internal/config/parammodel/mmlstandardloader/seeds/cmcc_tdlte_v23.json; omcgo/datamodels/mml-catalog/cmcc-tdlte-v2.3.json,参数 path 位于现有 JSON/seed 分组对象路径之下，可挂到该父分组；需确认是否过宽,SON参数管理,中国移动5G扩展型皮基站网管南向接口数据模型规范v1.9.4.xlsx,SG,10
Device.Services.FAPService.{i}.FAPControl.NR.SelfConfig.SONConfigParam.ANR.KPIPeriod,parameter,READ_WRITE,STRING,SK,SON参数管理,ANR,Device.Services.FAPService.{i}.FAPControl.NR.SelfConfig.SONConfigParam.ANR.,DEVICE_SERVICES_FAPSERVICE_FAPCONTROL_NR_SELFCONFIG_SONCONFIGPARAM_ANR,LST ANR;MOD ANR,YES_EXISTING_JSON_PARENT_GROUP,medium,SF,小区服务参数管理（总体）,FAP 载波基本配置,Device.Services.FAPService.{i}.,,,json_seed_and_catalog_existing_group,omcgo/internal/config/parammodel/mmlstandardloader/seeds/cmcc_tdlte_v23.json; omcgo/datamodels/mml-catalog/cmcc-tdlte-v2.3.json,参数 path 位于现有 JSON/seed 分组对象路径之下，可挂到该父分组；需确认是否过宽,SON参数管理,中国移动5G扩展型皮基站网管南向接口数据模型规范v1.9.4.xlsx,SG,17
Device.Services.FAPService.{i}.FAPControl.NR.SelfConfig.SONConfigParam.ANR.MRTriggerType,parameter,READ_WRITE,STRING,SK,SON参数管理,ANR,Device.Services.FAPService.{i}.FAPControl.NR.SelfConfig.SONConfigParam.ANR.,DEVICE_SERVICES_FAPSERVICE_FAPCONTROL_NR_SELFCONFIG_SONCONFIGPARAM_ANR,LST ANR;MOD ANR,YES_EXISTING_JSON_PARENT_GROUP,medium,SF,小区服务参数管理（总体）,FAP 载波基本配置,Device.Services.FAPService.{i}.,,,json_seed_and_catalog_existing_group,omcgo/internal/config/parammodel/mmlstandardloader/seeds/cmcc_tdlte_v23.json; omcgo/datamodels/mml-catalog/cmcc-tdlte-v2.3.json,参数 path 位于现有 JSON/seed 分组对象路径之下，可挂到该父分组；需确认是否过宽,,,,
Device.Services.FAPService.{i}.FAPControl.NR.SelfConfig.SONConfigParam.ANR.MaxHoSuccess,parameter,READ_WRITE,STRING,SK,SON参数管理,ANR,Device.Services.FAPService.{i}.FAPControl.NR.SelfConfig.SONConfigParam.ANR.,DEVICE_SERVICES_FAPSERVICE_FAPCONTROL_NR_SELFCONFIG_SONCONFIGPARAM_ANR,LST ANR;MOD ANR,YES_EXISTING_JSON_PARENT_GROUP,medium,SF,小区服务参数管理（总体）,FAP 载波基本配置,Device.Services.FAPService.{i}.,,,json_seed_and_catalog_existing_group,omcgo/internal/config/parammodel/mmlstandardloader/seeds/cmcc_tdlte_v23.json; omcgo/datamodels/mml-catalog/cmcc-tdlte-v2.3.json,参数 path 位于现有 JSON/seed 分组对象路径之下，可挂到该父分组；需确认是否过宽,,,,
Device.Services.FAPService.{i}.FAPControl.NR.SelfConfig.SONConfigParam.ANR.MaxHoTimes,parameter,READ_WRITE,STRING,SK,SON参数管理,ANR,Device.Services.FAPService.{i}.FAPControl.NR.SelfConfig.SONConfigParam.ANR.,DEVICE_SERVICES_FAPSERVICE_FAPCONTROL_NR_SELFCONFIG_SONCONFIGPARAM_ANR,LST ANR;MOD ANR,YES_EXISTING_JSON_PARENT_GROUP,medium,SF,小区服务参数管理（总体）,FAP 载波基本配置,Device.Services.FAPService.{i}.,,,json_seed_and_catalog_existing_group,omcgo/internal/config/parammodel/mmlstandardloader/seeds/cmcc_tdlte_v23.json; omcgo/datamodels/mml-catalog/cmcc-tdlte-v2.3.json,参数 path 位于现有 JSON/seed 分组对象路径之下，可挂到该父分组；需确认是否过宽,,,,
Device.Services.FAPService.{i}.FAPControl.NR.SelfConfig.SONConfigParam.ANR.RSRPReferenceEnable,parameter,READ_WRITE,STRING,SK,SON参数管理,ANR,Device.Services.FAPService.{i}.FAPControl.NR.SelfConfig.SONConfigParam.ANR.,DEVICE_SERVICES_FAPSERVICE_FAPCONTROL_NR_SELFCONFIG_SONCONFIGPARAM_ANR,LST ANR;MOD ANR,YES_EXISTING_JSON_PARENT_GROUP,medium,SF,小区服务参数管理（总体）,FAP 载波基本配置,Device.Services.FAPService.{i}.,,,json_seed_and_catalog_existing_group,omcgo/internal/config/parammodel/mmlstandardloader/seeds/cmcc_tdlte_v23.json; omcgo/datamodels/mml-catalog/cmcc-tdlte-v2.3.json,参数 path 位于现有 JSON/seed 分组对象路径之下，可挂到该父分组；需确认是否过宽,SON参数管理,中国移动5G扩展型皮基站网管南向接口数据模型规范v1.9.4.xlsx,SG,14
Device.Services.FAPService.{i}.FAPControl.NR.SelfConfig.SONConfigParam.ANR.RSRPThreshold,parameter,READ_WRITE,STRING,SK,SON参数管理,ANR,Device.Services.FAPService.{i}.FAPControl.NR.SelfConfig.SONConfigParam.ANR.,DEVICE_SERVICES_FAPSERVICE_FAPCONTROL_NR_SELFCONFIG_SONCONFIGPARAM_ANR,LST ANR;MOD ANR,YES_EXISTING_JSON_PARENT_GROUP,medium,SF,小区服务参数管理（总体）,FAP 载波基本配置,Device.Services.FAPService.{i}.,,,json_seed_and_catalog_existing_group,omcgo/internal/config/parammodel/mmlstandardloader/seeds/cmcc_tdlte_v23.json; omcgo/datamodels/mml-catalog/cmcc-tdlte-v2.3.json,参数 path 位于现有 JSON/seed 分组对象路径之下，可挂到该父分组；需确认是否过宽,SON参数管理,中国移动5G扩展型皮基站网管南向接口数据模型规范v1.9.4.xlsx,SG,16
Device.FAP.Ipsec.{i},parameter,READ_WRITE,STRING,SM,IPsec参数管理,Ipsec,Device.FAP.Ipsec.,DEVICE_FAP_IPSEC,LST IPSEC;MOD IPSEC,YES_PARAM_MAPPING_XML_OBJECT,medium-low,,,Ipsec,Device.FAP.Ipsec.,,,param_mapping_xml_object_prefix,omcgo/data/param-mappings/BLQ.xml,param-mappings XML 已有对象前缀，可作为对象分组依据；缺少 MML 章节/中文组名,,,,
Device.Nr.Ipsec.NgapIpsecBindInterface,parameter,READ_WRITE,STRING,SM,IPsec参数管理,Ipsec,Device.Nr.Ipsec.,DEVICE_NR_IPSEC,LST IPSEC;MOD IPSEC,NO_SECONDARY_MATCH,none,,,,,,,,,未在现有 XML/JSON 分组节点或模型库文档中找到可复用分组,,,,
Device.Nr.Ipsec.NguIpsecBindInterface,parameter,READ_WRITE,STRING,SM,IPsec参数管理,Ipsec,Device.Nr.Ipsec.,DEVICE_NR_IPSEC,LST IPSEC;MOD IPSEC,NO_SECONDARY_MATCH,none,,,,,,,,,未在现有 XML/JSON 分组节点或模型库文档中找到可复用分组,,,,
Device.Services.FAPService.Ipsec.IPSEC_ASN_DEBUG_LEVEL,parameter,READ_WRITE,STRING,SM,IPsec参数管理,Ipsec,Device.Services.FAPService.Ipsec.,DEVICE_SERVICES_FAPSERVICE_IPSEC,LST IPSEC;MOD IPSEC,NO_SECONDARY_MATCH,none,,,,,,,,,未在现有 XML/JSON 分组节点或模型库文档中找到可复用分组,,,,
Device.Services.FAPService.Ipsec.IPSEC_CFG_DEBUG_LEVEL,parameter,READ_WRITE,STRING,SM,IPsec参数管理,Ipsec,Device.Services.FAPService.Ipsec.,DEVICE_SERVICES_FAPSERVICE_IPSEC,LST IPSEC;MOD IPSEC,NO_SECONDARY_MATCH,none,,,,,,,,,未在现有 XML/JSON 分组节点或模型库文档中找到可复用分组,,,,
Device.Services.FAPService.Ipsec.IPSEC_CHD_DEBUG_LEVEL,parameter,READ_WRITE,STRING,SM,IPsec参数管理,Ipsec,Device.Services.FAPService.Ipsec.,DEVICE_SERVICES_FAPSERVICE_IPSEC,LST IPSEC;MOD IPSEC,NO_SECONDARY_MATCH,none,,,,,,,,,未在现有 XML/JSON 分组节点或模型库文档中找到可复用分组,,,,
Device.Services.FAPService.Ipsec.IPSEC_ENABLE,parameter,READ_WRITE,BOOLEAN,SM,IPsec参数管理,Ipsec,Device.Services.FAPService.Ipsec.,DEVICE_SERVICES_FAPSERVICE_IPSEC,LST IPSEC;MOD IPSEC,YES_QUICKSETTINGS_XML_GROUP,high,,,IPSec 配置,,device-ipsec-control,,quicksettings_xml_exact_standardPath,omcgo/data/quicksettings/BLQ.xml#device-ipsec-control:IPSec 配置(IPSEC_ENABLE),quicksettings XML 已有同 standardPath 的前端分组,,,,
Device.Services.FAPService.Ipsec.IPSEC_ESP_DEBUG_LEVEL,parameter,READ_WRITE,STRING,SM,IPsec参数管理,Ipsec,Device.Services.FAPService.Ipsec.,DEVICE_SERVICES_FAPSERVICE_IPSEC,LST IPSEC;MOD IPSEC,NO_SECONDARY_MATCH,none,,,,,,,,,未在现有 XML/JSON 分组节点或模型库文档中找到可复用分组,,,,
Device.Services.FAPService.Ipsec.IPSEC_IKE_DEBUG_LEVEL,parameter,READ_WRITE,STRING,SM,IPsec参数管理,Ipsec,Device.Services.FAPService.Ipsec.,DEVICE_SERVICES_FAPSERVICE_IPSEC,LST IPSEC;MOD IPSEC,NO_SECONDARY_MATCH,none,,,,,,,,,未在现有 XML/JSON 分组节点或模型库文档中找到可复用分组,,,,
Device.Services.FAPService.Ipsec.IPSEC_IMSI,parameter,READ_WRITE,STRING,SM,IPsec参数管理,Ipsec,Device.Services.FAPService.Ipsec.,DEVICE_SERVICES_FAPSERVICE_IPSEC,LST IPSEC;MOD IPSEC,NO_SECONDARY_MATCH,none,,,,,,,,,未在现有 XML/JSON 分组节点或模型库文档中找到可复用分组,,,,
Device.Services.FAPService.Ipsec.IPSEC_KEY,parameter,READ_WRITE,STRING,SM,IPsec参数管理,Ipsec,Device.Services.FAPService.Ipsec.,DEVICE_SERVICES_FAPSERVICE_IPSEC,LST IPSEC;MOD IPSEC,NO_SECONDARY_MATCH,none,,,,,,,,,未在现有 XML/JSON 分组节点或模型库文档中找到可复用分组,,,,
Device.Services.FAPService.Ipsec.IPSEC_KNL_DEBUG_LEVEL,parameter,READ_WRITE,STRING,SM,IPsec参数管理,Ipsec,Device.Services.FAPService.Ipsec.,DEVICE_SERVICES_FAPSERVICE_IPSEC,LST IPSEC;MOD IPSEC,NO_SECONDARY_MATCH,none,,,,,,,,,未在现有 XML/JSON 分组节点或模型库文档中找到可复用分组,,,,
Device.Services.FAPService.Ipsec.IPSEC_LIB_DEBUG_LEVEL,parameter,READ_WRITE,STRING,SM,IPsec参数管理,Ipsec,Device.Services.FAPService.Ipsec.,DEVICE_SERVICES_FAPSERVICE_IPSEC,LST IPSEC;MOD IPSEC,NO_SECONDARY_MATCH,none,,,,,,,,,未在现有 XML/JSON 分组节点或模型库文档中找到可复用分组,,,,
Device.Services.FAPService.Ipsec.IPSEC_MGR_DEBUG_LEVEL,parameter,READ_WRITE,STRING,SM,IPsec参数管理,Ipsec,Device.Services.FAPService.Ipsec.,DEVICE_SERVICES_FAPSERVICE_IPSEC,LST IPSEC;MOD IPSEC,NO_SECONDARY_MATCH,none,,,,,,,,,未在现有 XML/JSON 分组节点或模型库文档中找到可复用分组,,,,
Device.Services.FAPService.Ipsec.IPSEC_MSS,parameter,READ_WRITE,STRING,SM,IPsec参数管理,Ipsec,Device.Services.FAPService.Ipsec.,DEVICE_SERVICES_FAPSERVICE_IPSEC,LST IPSEC;MOD IPSEC,NO_SECONDARY_MATCH,none,,,,,,,,,未在现有 XML/JSON 分组节点或模型库文档中找到可复用分组,,,,
Device.Services.FAPService.Ipsec.IPSEC_MTU,parameter,READ_WRITE,STRING,SM,IPsec参数管理,Ipsec,Device.Services.FAPService.Ipsec.,DEVICE_SERVICES_FAPSERVICE_IPSEC,LST IPSEC;MOD IPSEC,NO_SECONDARY_MATCH,none,,,,,,,,,未在现有 XML/JSON 分组节点或模型库文档中找到可复用分组,,,,
Device.Services.FAPService.Ipsec.IPSEC_OPC,parameter,READ_WRITE,STRING,SM,IPsec参数管理,Ipsec,Device.Services.FAPService.Ipsec.,DEVICE_SERVICES_FAPSERVICE_IPSEC,LST IPSEC;MOD IPSEC,NO_SECONDARY_MATCH,none,,,,,,,,,未在现有 XML/JSON 分组节点或模型库文档中找到可复用分组,,,,
Device.Services.FAPService.Ipsec.IPSEC_PORT,parameter,READ_WRITE,STRING,SM,IPsec参数管理,Ipsec,Device.Services.FAPService.Ipsec.,DEVICE_SERVICES_FAPSERVICE_IPSEC,LST IPSEC;MOD IPSEC,NO_SECONDARY_MATCH,none,,,,,,,,,未在现有 XML/JSON 分组节点或模型库文档中找到可复用分组,,,,
Device.Services.FAPService.Ipsec.IPSEC_PORT_NAT_T,parameter,READ_WRITE,STRING,SM,IPsec参数管理,Ipsec,Device.Services.FAPService.Ipsec.,DEVICE_SERVICES_FAPSERVICE_IPSEC,LST IPSEC;MOD IPSEC,NO_SECONDARY_MATCH,none,,,,,,,,,未在现有 XML/JSON 分组节点或模型库文档中找到可复用分组,,,,
Device.Services.FAPService.Ipsec.IPSEC_RETRY_INITIATE_INTERVAL,parameter,READ_WRITE,STRING,SM,IPsec参数管理,Ipsec,Device.Services.FAPService.Ipsec.,DEVICE_SERVICES_FAPSERVICE_IPSEC,LST IPSEC;MOD IPSEC,NO_SECONDARY_MATCH,none,,,,,,,,,未在现有 XML/JSON 分组节点或模型库文档中找到可复用分组,,,,
Device.Services.FAPService.Ipsec.IPSEC_RIGHTIKEPORT,parameter,READ_WRITE,STRING,SM,IPsec参数管理,Ipsec,Device.Services.FAPService.Ipsec.,DEVICE_SERVICES_FAPSERVICE_IPSEC,LST IPSEC;MOD IPSEC,NO_SECONDARY_MATCH,none,,,,,,,,,未在现有 XML/JSON 分组节点或模型库文档中找到可复用分组,,,,
Device.Services.FAPService.Ipsec.IPSEC_USIM_ENABLE,parameter,READ_WRITE,STRING,SM,IPsec参数管理,Ipsec,Device.Services.FAPService.Ipsec.,DEVICE_SERVICES_FAPSERVICE_IPSEC,LST IPSEC;MOD IPSEC,NO_SECONDARY_MATCH,none,,,,,,,,,未在现有 XML/JSON 分组节点或模型库文档中找到可复用分组,,,,
Device.Services.FAPService.Ipsec.IpsecUsimAuthenticationEnable,parameter,READ_WRITE,STRING,SM,IPsec参数管理,Ipsec,Device.Services.FAPService.Ipsec.,DEVICE_SERVICES_FAPSERVICE_IPSEC,LST IPSEC;MOD IPSEC,NO_SECONDARY_MATCH,none,,,,,,,,,未在现有 XML/JSON 分组节点或模型库文档中找到可复用分组,,,,
Device.Services.FAPService.Ipsec.LEFT_INTERFACE,parameter,READ_WRITE,STRING,SM,IPsec参数管理,Ipsec,Device.Services.FAPService.Ipsec.,DEVICE_SERVICES_FAPSERVICE_IPSEC,LST IPSEC;MOD IPSEC,NO_SECONDARY_MATCH,none,,,,,,,,,未在现有 XML/JSON 分组节点或模型库文档中找到可复用分组,,,,
Device.FAP.Ipsec.{i}.DPDACTION,parameter,READ_WRITE,INT,SM,IPsec参数管理,{i},Device.FAP.Ipsec.{i}.,DEVICE_FAP_IPSEC,LST IPSEC;MOD IPSEC,YES_PARAM_MAPPING_XML_OBJECT,medium-low,,,Ipsec,Device.FAP.Ipsec.,,,param_mapping_xml_object_prefix,omcgo/data/param-mappings/BLQ.xml,param-mappings XML 已有对象前缀，可作为对象分组依据；缺少 MML 章节/中文组名,,,,
Device.FAP.Ipsec.{i}.DPDDELAY,parameter,READ_WRITE,STRING,SM,IPsec参数管理,{i},Device.FAP.Ipsec.{i}.,DEVICE_FAP_IPSEC,LST IPSEC;MOD IPSEC,YES_PARAM_MAPPING_XML_OBJECT,medium-low,,,Ipsec,Device.FAP.Ipsec.,,,param_mapping_xml_object_prefix,omcgo/data/param-mappings/BLQ.xml,param-mappings XML 已有对象前缀，可作为对象分组依据；缺少 MML 章节/中文组名,,,,
Device.FAP.Ipsec.{i}.ESP_AUTHENTICATION,parameter,READ_WRITE,INT,SM,IPsec参数管理,{i},Device.FAP.Ipsec.{i}.,DEVICE_FAP_IPSEC,LST IPSEC;MOD IPSEC,YES_PARAM_MAPPING_XML_OBJECT,medium-low,,,Ipsec,Device.FAP.Ipsec.,,,param_mapping_xml_object_prefix,omcgo/data/param-mappings/BLQ.xml,param-mappings XML 已有对象前缀，可作为对象分组依据；缺少 MML 章节/中文组名,,,,
Device.FAP.Ipsec.{i}.ESP_DH_GROUP,parameter,READ_WRITE,INT,SM,IPsec参数管理,{i},Device.FAP.Ipsec.{i}.,DEVICE_FAP_IPSEC,LST IPSEC;MOD IPSEC,YES_PARAM_MAPPING_XML_OBJECT,medium-low,,,Ipsec,Device.FAP.Ipsec.,,,param_mapping_xml_object_prefix,omcgo/data/param-mappings/BLQ.xml,param-mappings XML 已有对象前缀，可作为对象分组依据；缺少 MML 章节/中文组名,,,,
Device.FAP.Ipsec.{i}.ESP_ENCRYPTION,parameter,READ_WRITE,INT,SM,IPsec参数管理,{i},Device.FAP.Ipsec.{i}.,DEVICE_FAP_IPSEC,LST IPSEC;MOD IPSEC,YES_PARAM_MAPPING_XML_OBJECT,medium-low,,,Ipsec,Device.FAP.Ipsec.,,,param_mapping_xml_object_prefix,omcgo/data/param-mappings/BLQ.xml,param-mappings XML 已有对象前缀，可作为对象分组依据；缺少 MML 章节/中文组名,,,,
Device.FAP.Ipsec.{i}.FRAGMENTATION,parameter,READ_WRITE,INT,SM,IPsec参数管理,{i},Device.FAP.Ipsec.{i}.,DEVICE_FAP_IPSEC,LST IPSEC;MOD IPSEC,YES_PARAM_MAPPING_XML_OBJECT,medium-low,,,Ipsec,Device.FAP.Ipsec.,,,param_mapping_xml_object_prefix,omcgo/data/param-mappings/BLQ.xml,param-mappings XML 已有对象前缀，可作为对象分组依据；缺少 MML 章节/中文组名,,,,
Device.FAP.Ipsec.{i}.IKELIFETIME,parameter,READ_WRITE,STRING,SM,IPsec参数管理,{i},Device.FAP.Ipsec.{i}.,DEVICE_FAP_IPSEC,LST IPSEC;MOD IPSEC,YES_PARAM_MAPPING_XML_OBJECT,medium-low,,,Ipsec,Device.FAP.Ipsec.,,,param_mapping_xml_object_prefix,omcgo/data/param-mappings/BLQ.xml,param-mappings XML 已有对象前缀，可作为对象分组依据；缺少 MML 章节/中文组名,,,,
Device.FAP.Ipsec.{i}.IKE_AUTHENTICATION,parameter,READ_WRITE,INT,SM,IPsec参数管理,{i},Device.FAP.Ipsec.{i}.,DEVICE_FAP_IPSEC,LST IPSEC;MOD IPSEC,YES_PARAM_MAPPING_XML_OBJECT,medium-low,,,Ipsec,Device.FAP.Ipsec.,,,param_mapping_xml_object_prefix,omcgo/data/param-mappings/BLQ.xml,param-mappings XML 已有对象前缀，可作为对象分组依据；缺少 MML 章节/中文组名,,,,
Device.FAP.Ipsec.{i}.IKE_DH_GROUP,parameter,READ_WRITE,INT,SM,IPsec参数管理,{i},Device.FAP.Ipsec.{i}.,DEVICE_FAP_IPSEC,LST IPSEC;MOD IPSEC,YES_PARAM_MAPPING_XML_OBJECT,medium-low,,,Ipsec,Device.FAP.Ipsec.,,,param_mapping_xml_object_prefix,omcgo/data/param-mappings/BLQ.xml,param-mappings XML 已有对象前缀，可作为对象分组依据；缺少 MML 章节/中文组名,,,,
Device.FAP.Ipsec.{i}.IKE_ENCRYPTION,parameter,READ_WRITE,INT,SM,IPsec参数管理,{i},Device.FAP.Ipsec.{i}.,DEVICE_FAP_IPSEC,LST IPSEC;MOD IPSEC,YES_PARAM_MAPPING_XML_OBJECT,medium-low,,,Ipsec,Device.FAP.Ipsec.,,,param_mapping_xml_object_prefix,omcgo/data/param-mappings/BLQ.xml,param-mappings XML 已有对象前缀，可作为对象分组依据；缺少 MML 章节/中文组名,,,,
Device.FAP.Ipsec.{i}.KEYLIFE,parameter,READ_WRITE,STRING,SM,IPsec参数管理,{i},Device.FAP.Ipsec.{i}.,DEVICE_FAP_IPSEC,LST IPSEC;MOD IPSEC,YES_PARAM_MAPPING_XML_OBJECT,medium-low,,,Ipsec,Device.FAP.Ipsec.,,,param_mapping_xml_object_prefix,omcgo/data/param-mappings/BLQ.xml,param-mappings XML 已有对象前缀，可作为对象分组依据；缺少 MML 章节/中文组名,,,,
Device.FAP.Ipsec.{i}.LEFTSOURCEIP,parameter,READ_WRITE,STRING,SM,IPsec参数管理,{i},Device.FAP.Ipsec.{i}.,DEVICE_FAP_IPSEC,LST IPSEC;MOD IPSEC,YES_PARAM_MAPPING_XML_OBJECT,medium-low,,,Ipsec,Device.FAP.Ipsec.,,,param_mapping_xml_object_prefix,omcgo/data/param-mappings/BLQ.xml,param-mappings XML 已有对象前缀，可作为对象分组依据；缺少 MML 章节/中文组名,,,,
Device.FAP.Ipsec.{i}.LEFTSUBNET,parameter,READ_WRITE,STRING,SM,IPsec参数管理,{i},Device.FAP.Ipsec.{i}.,DEVICE_FAP_IPSEC,LST IPSEC;MOD IPSEC,YES_PARAM_MAPPING_XML_OBJECT,medium-low,,,Ipsec,Device.FAP.Ipsec.,,,param_mapping_xml_object_prefix,omcgo/data/param-mappings/BLQ.xml,param-mappings XML 已有对象前缀，可作为对象分组依据；缺少 MML 章节/中文组名,,,,
Device.FAP.Ipsec.{i}.LEFT_AUTH,parameter,READ_WRITE,INT,SM,IPsec参数管理,{i},Device.FAP.Ipsec.{i}.,DEVICE_FAP_IPSEC,LST IPSEC;MOD IPSEC,YES_PARAM_MAPPING_XML_OBJECT,medium-low,,,Ipsec,Device.FAP.Ipsec.,,,param_mapping_xml_object_prefix,omcgo/data/param-mappings/BLQ.xml,param-mappings XML 已有对象前缀，可作为对象分组依据；缺少 MML 章节/中文组名,,,,
Device.FAP.Ipsec.{i}.LEFT_CERT,parameter,READ_WRITE,STRING,SM,IPsec参数管理,{i},Device.FAP.Ipsec.{i}.,DEVICE_FAP_IPSEC,LST IPSEC;MOD IPSEC,YES_PARAM_MAPPING_XML_OBJECT,medium-low,,,Ipsec,Device.FAP.Ipsec.,,,param_mapping_xml_object_prefix,omcgo/data/param-mappings/BLQ.xml,param-mappings XML 已有对象前缀，可作为对象分组依据；缺少 MML 章节/中文组名,,,,
Device.FAP.Ipsec.{i}.LEFT_IDENTIFIER,parameter,READ_WRITE,STRING,SM,IPsec参数管理,{i},Device.FAP.Ipsec.{i}.,DEVICE_FAP_IPSEC,LST IPSEC;MOD IPSEC,YES_PARAM_MAPPING_XML_OBJECT,medium-low,,,Ipsec,Device.FAP.Ipsec.,,,param_mapping_xml_object_prefix,omcgo/data/param-mappings/BLQ.xml,param-mappings XML 已有对象前缀，可作为对象分组依据；缺少 MML 章节/中文组名,,,,
Device.FAP.Ipsec.{i}.LEFT_INTERFACE,parameter,READ_WRITE,STRING,SM,IPsec参数管理,{i},Device.FAP.Ipsec.{i}.,DEVICE_FAP_IPSEC,LST IPSEC;MOD IPSEC,YES_PARAM_MAPPING_XML_OBJECT,medium-low,,,Ipsec,Device.FAP.Ipsec.,,,param_mapping_xml_object_prefix,omcgo/data/param-mappings/BLQ.xml,param-mappings XML 已有对象前缀，可作为对象分组依据；缺少 MML 章节/中文组名,,,,
Device.FAP.Ipsec.{i}.LEFT_SUBNET,parameter,READ_WRITE,STRING,SM,IPsec参数管理,{i},Device.FAP.Ipsec.{i}.,DEVICE_FAP_IPSEC,LST IPSEC;MOD IPSEC,YES_PARAM_MAPPING_XML_OBJECT,medium-low,,,Ipsec,Device.FAP.Ipsec.,,,param_mapping_xml_object_prefix,omcgo/data/param-mappings/BLQ.xml,param-mappings XML 已有对象前缀，可作为对象分组依据；缺少 MML 章节/中文组名,,,,
Device.FAP.Ipsec.{i}.REKEYMARGIN,parameter,READ_WRITE,STRING,SM,IPsec参数管理,{i},Device.FAP.Ipsec.{i}.,DEVICE_FAP_IPSEC,LST IPSEC;MOD IPSEC,YES_PARAM_MAPPING_XML_OBJECT,medium-low,,,Ipsec,Device.FAP.Ipsec.,,,param_mapping_xml_object_prefix,omcgo/data/param-mappings/BLQ.xml,param-mappings XML 已有对象前缀，可作为对象分组依据；缺少 MML 章节/中文组名,,,,
Device.FAP.Ipsec.{i}.RIGHT_AUTH,parameter,READ_WRITE,INT,SM,IPsec参数管理,{i},Device.FAP.Ipsec.{i}.,DEVICE_FAP_IPSEC,LST IPSEC;MOD IPSEC,YES_PARAM_MAPPING_XML_OBJECT,medium-low,,,Ipsec,Device.FAP.Ipsec.,,,param_mapping_xml_object_prefix,omcgo/data/param-mappings/BLQ.xml,param-mappings XML 已有对象前缀，可作为对象分组依据；缺少 MML 章节/中文组名,,,,
Device.FAP.Ipsec.{i}.RIGHT_IDENTIFIER,parameter,READ_WRITE,STRING,SM,IPsec参数管理,{i},Device.FAP.Ipsec.{i}.,DEVICE_FAP_IPSEC,LST IPSEC;MOD IPSEC,YES_PARAM_MAPPING_XML_OBJECT,medium-low,,,Ipsec,Device.FAP.Ipsec.,,,param_mapping_xml_object_prefix,omcgo/data/param-mappings/BLQ.xml,param-mappings XML 已有对象前缀，可作为对象分组依据；缺少 MML 章节/中文组名,,,,
Device.FAP.Ipsec.{i}.RIGHT_SUBNET,parameter,READ_WRITE,STRING,SM,IPsec参数管理,{i},Device.FAP.Ipsec.{i}.,DEVICE_FAP_IPSEC,LST IPSEC;MOD IPSEC,YES_PARAM_MAPPING_XML_OBJECT,medium-low,,,Ipsec,Device.FAP.Ipsec.,,,param_mapping_xml_object_prefix,omcgo/data/param-mappings/BLQ.xml,param-mappings XML 已有对象前缀，可作为对象分组依据；缺少 MML 章节/中文组名,,,,
Device.FAP.Ipsec.{i}.SECRET_KEY,parameter,READ_WRITE,STRING,SM,IPsec参数管理,{i},Device.FAP.Ipsec.{i}.,DEVICE_FAP_IPSEC,LST IPSEC;MOD IPSEC,YES_PARAM_MAPPING_XML_OBJECT,medium-low,,,Ipsec,Device.FAP.Ipsec.,,,param_mapping_xml_object_prefix,omcgo/data/param-mappings/BLQ.xml,param-mappings XML 已有对象前缀，可作为对象分组依据；缺少 MML 章节/中文组名,,,,
Device.FAP.Ipsec.{i}.STATUS,parameter,READ_WRITE,STRING,SM,IPsec参数管理,{i},Device.FAP.Ipsec.{i}.,DEVICE_FAP_IPSEC,LST IPSEC;MOD IPSEC,YES_PARAM_MAPPING_XML_OBJECT,medium-low,,,Ipsec,Device.FAP.Ipsec.,,,param_mapping_xml_object_prefix,omcgo/data/param-mappings/BLQ.xml,param-mappings XML 已有对象前缀，可作为对象分组依据；缺少 MML 章节/中文组名,,,,
Device.FAP.Ipsec.{i}.TUNNEL_CONFIG_LEFTIP,parameter,READ_WRITE,STRING,SM,IPsec参数管理,{i},Device.FAP.Ipsec.{i}.,DEVICE_FAP_IPSEC,LST IPSEC;MOD IPSEC,YES_PARAM_MAPPING_XML_OBJECT,medium-low,,,Ipsec,Device.FAP.Ipsec.,,,param_mapping_xml_object_prefix,omcgo/data/param-mappings/BLQ.xml,param-mappings XML 已有对象前缀，可作为对象分组依据；缺少 MML 章节/中文组名,,,,
Device.FAP.Ipsec.{i}.TUNNEL_ENABLE,parameter,READ_WRITE,BOOLEAN,SM,IPsec参数管理,{i},Device.FAP.Ipsec.{i}.,DEVICE_FAP_IPSEC,LST IPSEC;MOD IPSEC,YES_PARAM_MAPPING_XML_OBJECT,medium-low,,,Ipsec,Device.FAP.Ipsec.,,,param_mapping_xml_object_prefix,omcgo/data/param-mappings/BLQ.xml,param-mappings XML 已有对象前缀，可作为对象分组依据；缺少 MML 章节/中文组名,,,,
Device.FAP.Ipsec.{i}.TUNNEL_FRAGMENTATION,parameter,READ_WRITE,STRING,SM,IPsec参数管理,{i},Device.FAP.Ipsec.{i}.,DEVICE_FAP_IPSEC,LST IPSEC;MOD IPSEC,YES_PARAM_MAPPING_XML_OBJECT,medium-low,,,Ipsec,Device.FAP.Ipsec.,,,param_mapping_xml_object_prefix,omcgo/data/param-mappings/BLQ.xml,param-mappings XML 已有对象前缀，可作为对象分组依据；缺少 MML 章节/中文组名,,,,
Device.FAP.Ipsec.{i}.TUNNEL_GATEWAY,parameter,READ_WRITE,STRING,SM,IPsec参数管理,{i},Device.FAP.Ipsec.{i}.,DEVICE_FAP_IPSEC,LST IPSEC;MOD IPSEC,YES_PARAM_MAPPING_XML_OBJECT,medium-low,,,Ipsec,Device.FAP.Ipsec.,,,param_mapping_xml_object_prefix,omcgo/data/param-mappings/BLQ.xml,param-mappings XML 已有对象前缀，可作为对象分组依据；缺少 MML 章节/中文组名,,,,
Device.FAP.Ipsec.{i}.TUNNEL_LEFT_AUTH,parameter,READ_WRITE,STRING,SM,IPsec参数管理,{i},Device.FAP.Ipsec.{i}.,DEVICE_FAP_IPSEC,LST IPSEC;MOD IPSEC,YES_PARAM_MAPPING_XML_OBJECT,medium-low,,,Ipsec,Device.FAP.Ipsec.,,,param_mapping_xml_object_prefix,omcgo/data/param-mappings/BLQ.xml,param-mappings XML 已有对象前缀，可作为对象分组依据；缺少 MML 章节/中文组名,,,,
Device.FAP.Ipsec.{i}.TUNNEL_LEFT_CERT,parameter,READ_WRITE,STRING,SM,IPsec参数管理,{i},Device.FAP.Ipsec.{i}.,DEVICE_FAP_IPSEC,LST IPSEC;MOD IPSEC,YES_PARAM_MAPPING_XML_OBJECT,medium-low,,,Ipsec,Device.FAP.Ipsec.,,,param_mapping_xml_object_prefix,omcgo/data/param-mappings/BLQ.xml,param-mappings XML 已有对象前缀，可作为对象分组依据；缺少 MML 章节/中文组名,,,,
Device.FAP.Ipsec.{i}.TUNNEL_NAME,parameter,READ_WRITE,STRING,SM,IPsec参数管理,{i},Device.FAP.Ipsec.{i}.,DEVICE_FAP_IPSEC,LST IPSEC;MOD IPSEC,YES_PARAM_MAPPING_XML_OBJECT,medium-low,,,Ipsec,Device.FAP.Ipsec.,,,param_mapping_xml_object_prefix,omcgo/data/param-mappings/BLQ.xml,param-mappings XML 已有对象前缀，可作为对象分组依据；缺少 MML 章节/中文组名,,,,
Device.FAP.Ipsec.{i}.TUNNEL_RIGHT_AUTH,parameter,READ_WRITE,STRING,SM,IPsec参数管理,{i},Device.FAP.Ipsec.{i}.,DEVICE_FAP_IPSEC,LST IPSEC;MOD IPSEC,YES_PARAM_MAPPING_XML_OBJECT,medium-low,,,Ipsec,Device.FAP.Ipsec.,,,param_mapping_xml_object_prefix,omcgo/data/param-mappings/BLQ.xml,param-mappings XML 已有对象前缀，可作为对象分组依据；缺少 MML 章节/中文组名,,,,
Device.FAP.Ipsec.{i}.TUNNEL_SECRET_KEY,parameter,READ_WRITE,STRING,SM,IPsec参数管理,{i},Device.FAP.Ipsec.{i}.,DEVICE_FAP_IPSEC,LST IPSEC;MOD IPSEC,YES_PARAM_MAPPING_XML_OBJECT,medium-low,,,Ipsec,Device.FAP.Ipsec.,,,param_mapping_xml_object_prefix,omcgo/data/param-mappings/BLQ.xml,param-mappings XML 已有对象前缀，可作为对象分组依据；缺少 MML 章节/中文组名,,,,
Device.FAP.Ipsec.{i}.USED_SOURCE_IP,parameter,READ_WRITE,STRING,SM,IPsec参数管理,{i},Device.FAP.Ipsec.{i}.,DEVICE_FAP_IPSEC,LST IPSEC;MOD IPSEC,YES_PARAM_MAPPING_XML_OBJECT,medium-low,,,Ipsec,Device.FAP.Ipsec.,,,param_mapping_xml_object_prefix,omcgo/data/param-mappings/BLQ.xml,param-mappings XML 已有对象前缀，可作为对象分组依据；缺少 MML 章节/中文组名,,,,
