path,current_db_match,match_kind,confidence,chapter_code,chapter_name,command_name,command_code,operation_type,matched_object_prefix,matched_command_count,matched_commands,reason
DeviceGSM.Bts.Index,no,no_current_db_command_node,no,,,,,,,0,,当前 mml_command_groups 只有 18 个章节，且 198 个命令节点均未覆盖该 path 的 exact 或对象前缀
DeviceGSM.IpaUnitId,no,no_current_db_command_node,no,,,,,,,0,,当前 mml_command_groups 只有 18 个章节，且 198 个命令节点均未覆盖该 path 的 exact 或对象前缀
DeviceGSM.OmlRemoteIp,no,no_current_db_command_node,no,,,,,,,0,,当前 mml_command_groups 只有 18 个章节，且 198 个命令节点均未覆盖该 path 的 exact 或对象前缀
DeviceGSM.OmlRemoteIpBak,no,no_current_db_command_node,no,,,,,,,0,,当前 mml_command_groups 只有 18 个章节，且 198 个命令节点均未覆盖该 path 的 exact 或对象前缀
Device.Ethernet.Interface.{i}.IPv4Address.{i},yes,object_prefix_current_command_node,medium,SL,WAN口配置参数管理,接口 IPv4 地址,ADD INTERFACE_I_PV4_ADDRESS,ADD,Device.Ethernet.Interface.IPv4Address.,4,ADD ADD INTERFACE_I_PV4_ADDRESS 接口 IPv4 地址; LST LST INTERFACE_I_PV4_ADDRESS 接口 IPv4 地址; MOD MOD INTERFACE_I_PV4_ADDRESS 接口 IPv4 地址; RMV RMV INTERFACE_I_PV4_ADDRESS 接口 IPv4 地址,当前命令节点已有相同对象前缀，可作为该 path 的现成命令节点归属
Device.Ethernet.Interface.{i}.VlanInterface.{i}.IPv4Address.{i},yes,object_prefix_current_command_node,medium,SL,WAN口配置参数管理,VLAN 子接口 IPv4 地址,ADD VLAN_INTERFACE_I_PV4_ADDRESS,ADD,Device.Ethernet.Interface.VlanInterface.IPv4Address.,4,ADD ADD VLAN_INTERFACE_I_PV4_ADDRESS VLAN 子接口 IPv4 地址; LST LST VLAN_INTERFACE_I_PV4_ADDRESS VLAN 子接口 IPv4 地址; MOD MOD VLAN_INTERFACE_I_PV4_ADDRESS VLAN 子接口 IPv4 地址; RMV RMV VLAN_INTERFACE_I_PV4_ADDRESS VLAN 子接口 IPv4 地址,当前命令节点已有相同对象前缀，可作为该 path 的现成命令节点归属
Device.Ethernet.Interface.{i}.IPv6Address.{i},yes,object_prefix_current_command_node,medium,SL,WAN口配置参数管理,接口 IPv6 地址,ADD INTERFACE_I_PV6_ADDRESS,ADD,Device.Ethernet.Interface.IPv6Address.,4,ADD ADD INTERFACE_I_PV6_ADDRESS 接口 IPv6 地址; LST LST INTERFACE_I_PV6_ADDRESS 接口 IPv6 地址; MOD MOD INTERFACE_I_PV6_ADDRESS 接口 IPv6 地址; RMV RMV INTERFACE_I_PV6_ADDRESS 接口 IPv6 地址,当前命令节点已有相同对象前缀，可作为该 path 的现成命令节点归属
Device.Ethernet.Interface.{i}.VlanInterface.{i}.IPv6Address.{i},yes,object_prefix_current_command_node,medium,SL,WAN口配置参数管理,VLAN 子接口 IPv6 地址,ADD VLAN_INTERFACE_I_PV6_ADDRESS,ADD,Device.Ethernet.Interface.VlanInterface.IPv6Address.,4,ADD ADD VLAN_INTERFACE_I_PV6_ADDRESS VLAN 子接口 IPv6 地址; LST LST VLAN_INTERFACE_I_PV6_ADDRESS VLAN 子接口 IPv6 地址; MOD MOD VLAN_INTERFACE_I_PV6_ADDRESS VLAN 子接口 IPv6 地址; RMV RMV VLAN_INTERFACE_I_PV6_ADDRESS VLAN 子接口 IPv6 地址,当前命令节点已有相同对象前缀，可作为该 path 的现成命令节点归属
Device.Ethernet.Interface.{i},yes,object_prefix_current_command_node,medium,SL,WAN口配置参数管理,以太网接口,ADD ETHERNET_INTERFACE,ADD,Device.Ethernet.Interface.,5,ADD ADD ETHERNET_INTERFACE 以太网接口; ADD ADD INTERFACE 以太网接口; LST LST ETHERNET_INTERFACE 以太网接口; MOD MOD ETHERNET_INTERFACE 以太网接口; RMV RMV ETHERNET_INTERFACE 以太网接口,当前命令节点已有相同对象前缀，可作为该 path 的现成命令节点归属
Device.Ethernet.IpRoute.{i},yes,object_prefix_current_command_node,medium,SL,WAN口配置参数管理,静态路由表项,ADD ETHERNET_IP_ROUTE,ADD,Device.Ethernet.IpRoute.,5,ADD ADD ETHERNET_IP_ROUTE 静态路由表项; ADD ADD IP_ROUTE 静态路由表项; LST LST ETHERNET_IP_ROUTE 静态路由表项; MOD MOD ETHERNET_IP_ROUTE 静态路由表项; RMV RMV ETHERNET_IP_ROUTE 静态路由表项,当前命令节点已有相同对象前缀，可作为该 path 的现成命令节点归属
Device.Ethernet.Interface.{i}.PppoeAddress.{i},yes,object_prefix_current_command_node,medium,SL,WAN口配置参数管理,以太网接口,ADD ETHERNET_INTERFACE,ADD,Device.Ethernet.Interface.,5,ADD ADD ETHERNET_INTERFACE 以太网接口; ADD ADD INTERFACE 以太网接口; LST LST ETHERNET_INTERFACE 以太网接口; MOD MOD ETHERNET_INTERFACE 以太网接口; RMV RMV ETHERNET_INTERFACE 以太网接口,当前命令节点已有相同对象前缀，可作为该 path 的现成命令节点归属
DeviceGSM.Bts.Trx.Index,no,no_current_db_command_node,no,,,,,,,0,,当前 mml_command_groups 只有 18 个章节，且 198 个命令节点均未覆盖该 path 的 exact 或对象前缀
Device.Ethernet.Interface.{i}.VlanInterface.{i},yes,object_prefix_current_command_node,medium,SL,WAN口配置参数管理,VLAN 子接口,ADD VLAN_INTERFACE,ADD,Device.Ethernet.Interface.VlanInterface.,4,ADD ADD VLAN_INTERFACE VLAN 子接口; LST LST VLAN_INTERFACE VLAN 子接口; MOD MOD VLAN_INTERFACE VLAN 子接口; RMV RMV VLAN_INTERFACE VLAN 子接口,当前命令节点已有相同对象前缀，可作为该 path 的现成命令节点归属
Device.Ethernet.Interface.{i}.VlanInterface.{i}.VlanPppoeAddress.{i},yes,object_prefix_current_command_node,medium,SL,WAN口配置参数管理,VLAN 子接口,ADD VLAN_INTERFACE,ADD,Device.Ethernet.Interface.VlanInterface.,4,ADD ADD VLAN_INTERFACE VLAN 子接口; LST LST VLAN_INTERFACE VLAN 子接口; MOD MOD VLAN_INTERFACE VLAN 子接口; RMV RMV VLAN_INTERFACE VLAN 子接口,当前命令节点已有相同对象前缀，可作为该 path 的现成命令节点归属
DeviceGSM.Bts.{i}.handover2.afs-bias.rxlev,no,no_current_db_command_node,no,,,,,,,0,,当前 mml_command_groups 只有 18 个章节，且 198 个命令节点均未覆盖该 path 的 exact 或对象前缀
DeviceGSM.Bts.{i}.handover2.afs-bias.rxqual,no,no_current_db_command_node,no,,,,,,,0,,当前 mml_command_groups 只有 18 个章节，且 198 个命令节点均未覆盖该 path 的 exact 或对象前缀
DeviceGSM.Bts.{i}.handover1.power.budget.hysteresis,no,no_current_db_command_node,no,,,,,,,0,,当前 mml_command_groups 只有 18 个章节，且 198 个命令节点均未覆盖该 path 的 exact 或对象前缀
DeviceGSM.Bts.{i}.handover1.power.budget.interval,no,no_current_db_command_node,no,,,,,,,0,,当前 mml_command_groups 只有 18 个章节，且 198 个命令节点均未覆盖该 path 的 exact 或对象前缀
DeviceGSM.Bts.{i}.handover2.power.budget.hysteresis,no,no_current_db_command_node,no,,,,,,,0,,当前 mml_command_groups 只有 18 个章节，且 198 个命令节点均未覆盖该 path 的 exact 或对象前缀
DeviceGSM.Bts.{i}.handover2.power.budget.interval,no,no_current_db_command_node,no,,,,,,,0,,当前 mml_command_groups 只有 18 个章节，且 198 个命令节点均未覆盖该 path 的 exact 或对象前缀
DeviceGSM.Bts.{i}.handover2.assignment,no,no_current_db_command_node,no,,,,,,,0,,当前 mml_command_groups 只有 18 个章节，且 198 个命令节点均未覆盖该 path 的 exact 或对象前缀
DeviceGSM.Bts.{i}.handover2.max-handovers,no,no_current_db_command_node,no,,,,,,,0,,当前 mml_command_groups 只有 18 个章节，且 198 个命令节点均未覆盖该 path 的 exact 或对象前缀
DeviceGSM.Bts.{i}.handover2.retries,no,no_current_db_command_node,no,,,,,,,0,,当前 mml_command_groups 只有 18 个章节，且 198 个命令节点均未覆盖该 path 的 exact 或对象前缀
DeviceGSM.Bts.{i}.handover2.tdma-measurement,no,no_current_db_command_node,no,,,,,,,0,,当前 mml_command_groups 只有 18 个章节，且 198 个命令节点均未覆盖该 path 的 exact 或对象前缀
DeviceGSM.Bts.{i}.handover1.maximum.distance,no,no_current_db_command_node,no,,,,,,,0,,当前 mml_command_groups 只有 18 个章节，且 198 个命令节点均未覆盖该 path 的 exact 或对象前缀
DeviceGSM.Bts.{i}.handover2.maximum.distance,no,no_current_db_command_node,no,,,,,,,0,,当前 mml_command_groups 只有 18 个章节，且 198 个命令节点均未覆盖该 path 的 exact 或对象前缀
DeviceGSM.Bts.{i}.handover2.min.rxlev,no,no_current_db_command_node,no,,,,,,,0,,当前 mml_command_groups 只有 18 个章节，且 198 个命令节点均未覆盖该 path 的 exact 或对象前缀
DeviceGSM.Bts.{i}.handover2.min.rxqual,no,no_current_db_command_node,no,,,,,,,0,,当前 mml_command_groups 只有 18 个章节，且 198 个命令节点均未覆盖该 path 的 exact 或对象前缀
DeviceGSM.Bts.{i}.handover2.min-free-slots.tch-f,no,no_current_db_command_node,no,,,,,,,0,,当前 mml_command_groups 只有 18 个章节，且 198 个命令节点均未覆盖该 path 的 exact 或对象前缀
DeviceGSM.Bts.{i}.handover2.min-free-slots.tch-h,no,no_current_db_command_node,no,,,,,,,0,,当前 mml_command_groups 只有 18 个章节，且 198 个命令节点均未覆盖该 path 的 exact 或对象前缀
DeviceGSM.Bts.{i}.handover1.window.rxlev.neighbor.averaging,no,no_current_db_command_node,no,,,,,,,0,,当前 mml_command_groups 只有 18 个章节，且 198 个命令节点均未覆盖该 path 的 exact 或对象前缀
DeviceGSM.Bts.{i}.handover2.window.rxlev.neighbor.averaging,no,no_current_db_command_node,no,,,,,,,0,,当前 mml_command_groups 只有 18 个章节，且 198 个命令节点均未覆盖该 path 的 exact 或对象前缀
DeviceGSM.Bts.{i}.handover2.penalty-time.failed-assignment,no,no_current_db_command_node,no,,,,,,,0,,当前 mml_command_groups 只有 18 个章节，且 198 个命令节点均未覆盖该 path 的 exact 或对象前缀
DeviceGSM.Bts.{i}.handover2.penalty-time.failed-ho,no,no_current_db_command_node,no,,,,,,,0,,当前 mml_command_groups 只有 18 个章节，且 198 个命令节点均未覆盖该 path 的 exact 或对象前缀
DeviceGSM.Bts.{i}.handover2.penalty-time.low-rxqual-assignment,no,no_current_db_command_node,no,,,,,,,0,,当前 mml_command_groups 只有 18 个章节，且 198 个命令节点均未覆盖该 path 的 exact 或对象前缀
DeviceGSM.Bts.{i}.handover2.penalty-time.low-rxqual-ho,no,no_current_db_command_node,no,,,,,,,0,,当前 mml_command_groups 只有 18 个章节，且 198 个命令节点均未覆盖该 path 的 exact 或对象前缀
DeviceGSM.Bts.{i}.handover2.penalty-time.max-distance,no,no_current_db_command_node,no,,,,,,,0,,当前 mml_command_groups 只有 18 个章节，且 198 个命令节点均未覆盖该 path 的 exact 或对象前缀
DeviceGSM.Bts.{i}.handover1.window.rxlev.averaging,no,no_current_db_command_node,no,,,,,,,0,,当前 mml_command_groups 只有 18 个章节，且 198 个命令节点均未覆盖该 path 的 exact 或对象前缀
DeviceGSM.Bts.{i}.handover2.window.rxlev.averaging,no,no_current_db_command_node,no,,,,,,,0,,当前 mml_command_groups 只有 18 个章节，且 198 个命令节点均未覆盖该 path 的 exact 或对象前缀
DeviceGSM.Bts.{i}.handover1.window.rxqual.averaging,no,no_current_db_command_node,no,,,,,,,0,,当前 mml_command_groups 只有 18 个章节，且 198 个命令节点均未覆盖该 path 的 exact 或对象前缀
DeviceGSM.Bts.{i}.handover2.window.rxqual.averaging,no,no_current_db_command_node,no,,,,,,,0,,当前 mml_command_groups 只有 18 个章节，且 198 个命令节点均未覆盖该 path 的 exact 或对象前缀
Device.Ethernet.Interface.{i}.PppoeAddress.{i}.Ipv4SubnetMask,yes,object_prefix_current_command_node,medium,SL,WAN口配置参数管理,以太网接口,ADD ETHERNET_INTERFACE,ADD,Device.Ethernet.Interface.,5,ADD ADD ETHERNET_INTERFACE 以太网接口; ADD ADD INTERFACE 以太网接口; LST LST ETHERNET_INTERFACE 以太网接口; MOD MOD ETHERNET_INTERFACE 以太网接口; RMV RMV ETHERNET_INTERFACE 以太网接口,当前命令节点已有相同对象前缀，可作为该 path 的现成命令节点归属
Device.Ethernet.Interface.{i}.PppoeAddress.{i}.PppoeAddressType,yes,object_prefix_current_command_node,medium,SL,WAN口配置参数管理,以太网接口,ADD ETHERNET_INTERFACE,ADD,Device.Ethernet.Interface.,5,ADD ADD ETHERNET_INTERFACE 以太网接口; ADD ADD INTERFACE 以太网接口; LST LST ETHERNET_INTERFACE 以太网接口; MOD MOD ETHERNET_INTERFACE 以太网接口; RMV RMV ETHERNET_INTERFACE 以太网接口,当前命令节点已有相同对象前缀，可作为该 path 的现成命令节点归属
Device.Ethernet.Interface.{i}.PppoeAddress.{i}.PppoeConnectStatus,yes,object_prefix_current_command_node,medium,SL,WAN口配置参数管理,以太网接口,ADD ETHERNET_INTERFACE,ADD,Device.Ethernet.Interface.,5,ADD ADD ETHERNET_INTERFACE 以太网接口; ADD ADD INTERFACE 以太网接口; LST LST ETHERNET_INTERFACE 以太网接口; MOD MOD ETHERNET_INTERFACE 以太网接口; RMV RMV ETHERNET_INTERFACE 以太网接口,当前命令节点已有相同对象前缀，可作为该 path 的现成命令节点归属
Device.Ethernet.Interface.{i}.PppoeAddress.{i}.PppoeDiallingMethod,yes,object_prefix_current_command_node,medium,SL,WAN口配置参数管理,以太网接口,ADD ETHERNET_INTERFACE,ADD,Device.Ethernet.Interface.,5,ADD ADD ETHERNET_INTERFACE 以太网接口; ADD ADD INTERFACE 以太网接口; LST LST ETHERNET_INTERFACE 以太网接口; MOD MOD ETHERNET_INTERFACE 以太网接口; RMV RMV ETHERNET_INTERFACE 以太网接口,当前命令节点已有相同对象前缀，可作为该 path 的现成命令节点归属
Device.Ethernet.Interface.{i}.PppoeAddress.{i}.PppoeIpAddress,yes,object_prefix_current_command_node,medium,SL,WAN口配置参数管理,以太网接口,ADD ETHERNET_INTERFACE,ADD,Device.Ethernet.Interface.,5,ADD ADD ETHERNET_INTERFACE 以太网接口; ADD ADD INTERFACE 以太网接口; LST LST ETHERNET_INTERFACE 以太网接口; MOD MOD ETHERNET_INTERFACE 以太网接口; RMV RMV ETHERNET_INTERFACE 以太网接口,当前命令节点已有相同对象前缀，可作为该 path 的现成命令节点归属
Device.Ethernet.Interface.{i}.PppoeAddress.{i}.PppoePassword,yes,object_prefix_current_command_node,medium,SL,WAN口配置参数管理,以太网接口,ADD ETHERNET_INTERFACE,ADD,Device.Ethernet.Interface.,5,ADD ADD ETHERNET_INTERFACE 以太网接口; ADD ADD INTERFACE 以太网接口; LST LST ETHERNET_INTERFACE 以太网接口; MOD MOD ETHERNET_INTERFACE 以太网接口; RMV RMV ETHERNET_INTERFACE 以太网接口,当前命令节点已有相同对象前缀，可作为该 path 的现成命令节点归属
Device.Ethernet.Interface.{i}.PppoeAddress.{i}.PppoeUser,yes,object_prefix_current_command_node,medium,SL,WAN口配置参数管理,以太网接口,ADD ETHERNET_INTERFACE,ADD,Device.Ethernet.Interface.,5,ADD ADD ETHERNET_INTERFACE 以太网接口; ADD ADD INTERFACE 以太网接口; LST LST ETHERNET_INTERFACE 以太网接口; MOD MOD ETHERNET_INTERFACE 以太网接口; RMV RMV ETHERNET_INTERFACE 以太网接口,当前命令节点已有相同对象前缀，可作为该 path 的现成命令节点归属
Device.Ethernet.Interface.{i}.VlanInterface.{i}.VlanPppoeAddress.{i}.Ipv4SubnetMask,yes,object_prefix_current_command_node,medium,SL,WAN口配置参数管理,VLAN 子接口,ADD VLAN_INTERFACE,ADD,Device.Ethernet.Interface.VlanInterface.,4,ADD ADD VLAN_INTERFACE VLAN 子接口; LST LST VLAN_INTERFACE VLAN 子接口; MOD MOD VLAN_INTERFACE VLAN 子接口; RMV RMV VLAN_INTERFACE VLAN 子接口,当前命令节点已有相同对象前缀，可作为该 path 的现成命令节点归属
Device.Ethernet.Interface.{i}.VlanInterface.{i}.VlanPppoeAddress.{i}.PppoeAddressType,yes,object_prefix_current_command_node,medium,SL,WAN口配置参数管理,VLAN 子接口,ADD VLAN_INTERFACE,ADD,Device.Ethernet.Interface.VlanInterface.,4,ADD ADD VLAN_INTERFACE VLAN 子接口; LST LST VLAN_INTERFACE VLAN 子接口; MOD MOD VLAN_INTERFACE VLAN 子接口; RMV RMV VLAN_INTERFACE VLAN 子接口,当前命令节点已有相同对象前缀，可作为该 path 的现成命令节点归属
Device.Ethernet.Interface.{i}.VlanInterface.{i}.VlanPppoeAddress.{i}.PppoeConnectStatus,yes,object_prefix_current_command_node,medium,SL,WAN口配置参数管理,VLAN 子接口,ADD VLAN_INTERFACE,ADD,Device.Ethernet.Interface.VlanInterface.,4,ADD ADD VLAN_INTERFACE VLAN 子接口; LST LST VLAN_INTERFACE VLAN 子接口; MOD MOD VLAN_INTERFACE VLAN 子接口; RMV RMV VLAN_INTERFACE VLAN 子接口,当前命令节点已有相同对象前缀，可作为该 path 的现成命令节点归属
Device.Ethernet.Interface.{i}.VlanInterface.{i}.VlanPppoeAddress.{i}.PppoeDiallingMethod,yes,object_prefix_current_command_node,medium,SL,WAN口配置参数管理,VLAN 子接口,ADD VLAN_INTERFACE,ADD,Device.Ethernet.Interface.VlanInterface.,4,ADD ADD VLAN_INTERFACE VLAN 子接口; LST LST VLAN_INTERFACE VLAN 子接口; MOD MOD VLAN_INTERFACE VLAN 子接口; RMV RMV VLAN_INTERFACE VLAN 子接口,当前命令节点已有相同对象前缀，可作为该 path 的现成命令节点归属
Device.Ethernet.Interface.{i}.VlanInterface.{i}.VlanPppoeAddress.{i}.PppoeIpAddress,yes,object_prefix_current_command_node,medium,SL,WAN口配置参数管理,VLAN 子接口,ADD VLAN_INTERFACE,ADD,Device.Ethernet.Interface.VlanInterface.,4,ADD ADD VLAN_INTERFACE VLAN 子接口; LST LST VLAN_INTERFACE VLAN 子接口; MOD MOD VLAN_INTERFACE VLAN 子接口; RMV RMV VLAN_INTERFACE VLAN 子接口,当前命令节点已有相同对象前缀，可作为该 path 的现成命令节点归属
Device.Ethernet.Interface.{i}.VlanInterface.{i}.VlanPppoeAddress.{i}.PppoePassword,yes,object_prefix_current_command_node,medium,SL,WAN口配置参数管理,VLAN 子接口,ADD VLAN_INTERFACE,ADD,Device.Ethernet.Interface.VlanInterface.,4,ADD ADD VLAN_INTERFACE VLAN 子接口; LST LST VLAN_INTERFACE VLAN 子接口; MOD MOD VLAN_INTERFACE VLAN 子接口; RMV RMV VLAN_INTERFACE VLAN 子接口,当前命令节点已有相同对象前缀，可作为该 path 的现成命令节点归属
Device.Ethernet.Interface.{i}.VlanInterface.{i}.VlanPppoeAddress.{i}.PppoeUser,yes,object_prefix_current_command_node,medium,SL,WAN口配置参数管理,VLAN 子接口,ADD VLAN_INTERFACE,ADD,Device.Ethernet.Interface.VlanInterface.,4,ADD ADD VLAN_INTERFACE VLAN 子接口; LST LST VLAN_INTERFACE VLAN 子接口; MOD MOD VLAN_INTERFACE VLAN 子接口; RMV RMV VLAN_INTERFACE VLAN 子接口,当前命令节点已有相同对象前缀，可作为该 path 的现成命令节点归属
Device.Services.GsmBTSCellDT.{i}.BscSelect,no,no_current_db_command_node,no,,,,,,,0,,当前 mml_command_groups 只有 18 个章节，且 198 个命令节点均未覆盖该 path 的 exact 或对象前缀
Device.Services.GsmBTSCellDT.{i}.CurrLocAreaCode,no,no_current_db_command_node,no,,,,,,,0,,当前 mml_command_groups 只有 18 个章节，且 198 个命令节点均未覆盖该 path 的 exact 或对象前缀
Device.Services.GsmBTSCellDT.{i}.CurrentArfcn,no,no_current_db_command_node,no,,,,,,,0,,当前 mml_command_groups 只有 18 个章节，且 198 个命令节点均未覆盖该 path 的 exact 或对象前缀
Device.Services.GsmBTSCellDT.{i}.GsmBSIC,no,no_current_db_command_node,no,,,,,,,0,,当前 mml_command_groups 只有 18 个章节，且 198 个命令节点均未覆盖该 path 的 exact 或对象前缀
Device.Services.GsmBTSCellDT.{i}.GsmBtsBand,no,no_current_db_command_node,no,,,,,,,0,,当前 mml_command_groups 只有 18 个章节，且 198 个命令节点均未覆盖该 path 的 exact 或对象前缀
Device.Services.GsmBTSCellDT.{i}.GsmBtsBindMib,no,no_current_db_command_node,no,,,,,,,0,,当前 mml_command_groups 只有 18 个章节，且 198 个命令节点均未覆盖该 path 的 exact 或对象前缀
Device.Services.GsmBTSCellDT.{i}.GsmBtsRFPower,no,no_current_db_command_node,no,,,,,,,0,,当前 mml_command_groups 只有 18 个章节，且 198 个命令节点均未覆盖该 path 的 exact 或对象前缀
Device.Services.GsmBTSCellDT.{i}.GsmCellID,no,no_current_db_command_node,no,,,,,,,0,,当前 mml_command_groups 只有 18 个章节，且 198 个命令节点均未覆盖该 path 的 exact 或对象前缀
Device.Services.GsmBTSCellDT.{i}.GsmCellWithRuRelation,no,no_current_db_command_node,no,,,,,,,0,,当前 mml_command_groups 只有 18 个章节，且 198 个命令节点均未覆盖该 path 的 exact 或对象前缀
Device.Services.GsmBTSCellDT.{i}.GsmMACStubVal,no,no_current_db_command_node,no,,,,,,,0,,当前 mml_command_groups 只有 18 个章节，且 198 个命令节点均未覆盖该 path 的 exact 或对象前缀
Device.Services.GsmBTSCellDT.{i}.GsmMACTraceMsgType,no,no_current_db_command_node,no,,,,,,,0,,当前 mml_command_groups 只有 18 个章节，且 198 个命令节点均未覆盖该 path 的 exact 或对象前缀
Device.Services.GsmBTSCellDT.{i}.GsmMACTraceNum,no,no_current_db_command_node,no,,,,,,,0,,当前 mml_command_groups 只有 18 个章节，且 198 个命令节点均未覆盖该 path 的 exact 或对象前缀
Device.Services.GsmBTSCellDT.{i}.GsmMACTtiSwitch,no,no_current_db_command_node,no,,,,,,,0,,当前 mml_command_groups 只有 18 个章节，且 198 个命令节点均未覆盖该 path 的 exact 或对象前缀
Device.Services.GsmBTSCellDT.{i}.IPAUnitID,no,no_current_db_command_node,no,,,,,,,0,,当前 mml_command_groups 只有 18 个章节，且 198 个命令节点均未覆盖该 path 的 exact 或对象前缀
Device.Services.GsmBTSCellDT.{i}.MobileNetworkCode,no,no_current_db_command_node,no,,,,,,,0,,当前 mml_command_groups 只有 18 个章节，且 198 个命令节点均未覆盖该 path 的 exact 或对象前缀
Device.Services.GsmBTSCellDT.{i}.NetworkCountryCode,no,no_current_db_command_node,no,,,,,,,0,,当前 mml_command_groups 只有 18 个章节，且 198 个命令节点均未覆盖该 path 的 exact 或对象前缀
Device.Services.GsmBTSCellDT.{i}.OMLRemoteIP,no,no_current_db_command_node,no,,,,,,,0,,当前 mml_command_groups 只有 18 个章节，且 198 个命令节点均未覆盖该 path 的 exact 或对象前缀
Device.Services.GsmBTSCellDT.{i}.OMLRemoteIPBak,no,no_current_db_command_node,no,,,,,,,0,,当前 mml_command_groups 只有 18 个章节，且 198 个命令节点均未覆盖该 path 的 exact 或对象前缀
Device.Services.GsmBTSCellDT.{i}.OpState,no,no_current_db_command_node,no,,,,,,,0,,当前 mml_command_groups 只有 18 个章节，且 198 个命令节点均未覆盖该 path 的 exact 或对象前缀
Device.Services.GsmBTSCellDT.{i}.RfState,no,no_current_db_command_node,no,,,,,,,0,,当前 mml_command_groups 只有 18 个章节，且 198 个命令节点均未覆盖该 path 的 exact 或对象前缀
Device.Services.GsmBTSCellDT.{i}.UeCount,no,no_current_db_command_node,no,,,,,,,0,,当前 mml_command_groups 只有 18 个章节，且 198 个命令节点均未覆盖该 path 的 exact 或对象前缀
DeviceGSM.Bts.{i}.Band,no,no_current_db_command_node,no,,,,,,,0,,当前 mml_command_groups 只有 18 个章节，且 198 个命令节点均未覆盖该 path 的 exact 或对象前缀
DeviceGSM.Bts.{i}.Bsic,no,no_current_db_command_node,no,,,,,,,0,,当前 mml_command_groups 只有 18 个章节，且 198 个命令节点均未覆盖该 path 的 exact 或对象前缀
DeviceGSM.Bts.{i}.C0PowerRed,no,no_current_db_command_node,no,,,,,,,0,,当前 mml_command_groups 只有 18 个章节，且 198 个命令节点均未覆盖该 path 的 exact 或对象前缀
DeviceGSM.Bts.{i}.CellId,no,no_current_db_command_node,no,,,,,,,0,,当前 mml_command_groups 只有 18 个章节，且 198 个命令节点均未覆盖该 path 的 exact 或对象前缀
DeviceGSM.Bts.{i}.CellReselectHysteresis,no,no_current_db_command_node,no,,,,,,,0,,当前 mml_command_groups 只有 18 个章节，且 198 个命令节点均未覆盖该 path 的 exact 或对象前缀
DeviceGSM.Bts.{i}.CellReselectOffset,no,no_current_db_command_node,no,,,,,,,0,,当前 mml_command_groups 只有 18 个章节，且 198 个命令节点均未覆盖该 path 的 exact 或对象前缀
DeviceGSM.Bts.{i}.CellReselectPenaltyTime,no,no_current_db_command_node,no,,,,,,,0,,当前 mml_command_groups 只有 18 个章节，且 198 个命令节点均未覆盖该 path 的 exact 或对象前缀
DeviceGSM.Bts.{i}.CodecSupport,no,no_current_db_command_node,no,,,,,,,0,,当前 mml_command_groups 只有 18 个章节，且 198 个命令节点均未覆盖该 path 的 exact 或对象前缀
DeviceGSM.Bts.{i}.GprsMode,no,no_current_db_command_node,no,,,,,,,0,,当前 mml_command_groups 只有 18 个章节，且 198 个命令节点均未覆盖该 path 的 exact 或对象前缀
DeviceGSM.Bts.{i}.HandoverAlgorithm,no,no_current_db_command_node,no,,,,,,,0,,当前 mml_command_groups 只有 18 个章节，且 198 个命令节点均未覆盖该 path 的 exact 或对象前缀
DeviceGSM.Bts.{i}.IpaRslIp,no,no_current_db_command_node,no,,,,,,,0,,当前 mml_command_groups 只有 18 个章节，且 198 个命令节点均未覆盖该 path 的 exact 或对象前缀
DeviceGSM.Bts.{i}.IpaUnitId,no,no_current_db_command_node,no,,,,,,,0,,当前 mml_command_groups 只有 18 个章节，且 198 个命令节点均未覆盖该 path 的 exact 或对象前缀
DeviceGSM.Bts.{i}.LocationAreaCode,no,no_current_db_command_node,no,,,,,,,0,,当前 mml_command_groups 只有 18 个章节，且 198 个命令节点均未覆盖该 path 的 exact 或对象前缀
DeviceGSM.Bts.{i}.MsMaxPower,no,no_current_db_command_node,no,,,,,,,0,,当前 mml_command_groups 只有 18 个章节，且 198 个命令节点均未覆盖该 path 的 exact 或对象前缀
DeviceGSM.Bts.{i}.NeighborCgiAdd,no,no_current_db_command_node,no,,,,,,,0,,当前 mml_command_groups 只有 18 个章节，且 198 个命令节点均未覆盖该 path 的 exact 或对象前缀
DeviceGSM.Bts.{i}.NeighborCgiDel,no,no_current_db_command_node,no,,,,,,,0,,当前 mml_command_groups 只有 18 个章节，且 198 个命令节点均未覆盖该 path 的 exact 或对象前缀
DeviceGSM.Bts.{i}.NumofTrxChannel,no,no_current_db_command_node,no,,,,,,,0,,当前 mml_command_groups 只有 18 个章节，且 198 个命令节点均未覆盖该 path 的 exact 或对象前缀
DeviceGSM.Bts.{i}.OmlConnectState,no,no_current_db_command_node,no,,,,,,,0,,当前 mml_command_groups 只有 18 个章节，且 198 个命令节点均未覆盖该 path 的 exact 或对象前缀
DeviceGSM.Bts.{i}.OmlIpaStreamId,no,no_current_db_command_node,no,,,,,,,0,,当前 mml_command_groups 只有 18 个章节，且 198 个命令节点均未覆盖该 path 的 exact 或对象前缀
DeviceGSM.Bts.{i}.RachCellBarred,no,no_current_db_command_node,no,,,,,,,0,,当前 mml_command_groups 只有 18 个章节，且 198 个命令节点均未覆盖该 path 的 exact 或对象前缀
DeviceGSM.Bts.{i}.Trx.{i}.Arfcn,no,no_current_db_command_node,no,,,,,,,0,,当前 mml_command_groups 只有 18 个章节，且 198 个命令节点均未覆盖该 path 的 exact 或对象前缀
DeviceGSM.Bts.{i}.Trx.{i}.MaxPowerRed,no,no_current_db_command_node,no,,,,,,,0,,当前 mml_command_groups 只有 18 个章节，且 198 个命令节点均未覆盖该 path 的 exact 或对象前缀
DeviceGSM.Bts.{i}.Trx.{i}.RfLocked,no,no_current_db_command_node,no,,,,,,,0,,当前 mml_command_groups 只有 18 个章节，且 198 个命令节点均未覆盖该 path 的 exact 或对象前缀
DeviceGSM.Bts.{i}.Trx.{i}.Ts.{i}.PhyChanConfig,no,no_current_db_command_node,no,,,,,,,0,,当前 mml_command_groups 只有 18 个章节，且 198 个命令节点均未覆盖该 path 的 exact 或对象前缀
DeviceGSM.Bts.{i}.handover,no,no_current_db_command_node,no,,,,,,,0,,当前 mml_command_groups 只有 18 个章节，且 198 个命令节点均未覆盖该 path 的 exact 或对象前缀
Device.DeviceInfo.AntennaInfo.Azimuth,yes,object_prefix_current_command_node,medium,SA,设备信息参数管理,设备基本信息,LST DEVICE_INFO,LST,Device.DeviceInfo.,2,LST LST DEVICE_INFO 设备基本信息; MOD MOD DEVICE_INFO 设备基本信息,当前命令节点已有相同对象前缀，可作为该 path 的现成命令节点归属
Device.DeviceInfo.AntennaInfo.Azimuth2,yes,object_prefix_current_command_node,medium,SA,设备信息参数管理,设备基本信息,LST DEVICE_INFO,LST,Device.DeviceInfo.,2,LST LST DEVICE_INFO 设备基本信息; MOD MOD DEVICE_INFO 设备基本信息,当前命令节点已有相同对象前缀，可作为该 path 的现成命令节点归属
Device.DeviceInfo.AntennaInfo.Azimuth3,yes,object_prefix_current_command_node,medium,SA,设备信息参数管理,设备基本信息,LST DEVICE_INFO,LST,Device.DeviceInfo.,2,LST LST DEVICE_INFO 设备基本信息; MOD MOD DEVICE_INFO 设备基本信息,当前命令节点已有相同对象前缀，可作为该 path 的现成命令节点归属
Device.DeviceInfo.AntennaInfo.Beamwidth,yes,object_prefix_current_command_node,medium,SA,设备信息参数管理,设备基本信息,LST DEVICE_INFO,LST,Device.DeviceInfo.,2,LST LST DEVICE_INFO 设备基本信息; MOD MOD DEVICE_INFO 设备基本信息,当前命令节点已有相同对象前缀，可作为该 path 的现成命令节点归属
Device.DeviceInfo.AntennaInfo.Beamwidth2,yes,object_prefix_current_command_node,medium,SA,设备信息参数管理,设备基本信息,LST DEVICE_INFO,LST,Device.DeviceInfo.,2,LST LST DEVICE_INFO 设备基本信息; MOD MOD DEVICE_INFO 设备基本信息,当前命令节点已有相同对象前缀，可作为该 path 的现成命令节点归属
Device.DeviceInfo.AntennaInfo.Beamwidth3,yes,object_prefix_current_command_node,medium,SA,设备信息参数管理,设备基本信息,LST DEVICE_INFO,LST,Device.DeviceInfo.,2,LST LST DEVICE_INFO 设备基本信息; MOD MOD DEVICE_INFO 设备基本信息,当前命令节点已有相同对象前缀，可作为该 path 的现成命令节点归属
Device.DeviceInfo.AntennaInfo.Downtilt,yes,object_prefix_current_command_node,medium,SA,设备信息参数管理,设备基本信息,LST DEVICE_INFO,LST,Device.DeviceInfo.,2,LST LST DEVICE_INFO 设备基本信息; MOD MOD DEVICE_INFO 设备基本信息,当前命令节点已有相同对象前缀，可作为该 path 的现成命令节点归属
Device.DeviceInfo.AntennaInfo.Downtilt2,yes,object_prefix_current_command_node,medium,SA,设备信息参数管理,设备基本信息,LST DEVICE_INFO,LST,Device.DeviceInfo.,2,LST LST DEVICE_INFO 设备基本信息; MOD MOD DEVICE_INFO 设备基本信息,当前命令节点已有相同对象前缀，可作为该 path 的现成命令节点归属
Device.DeviceInfo.AntennaInfo.Downtilt3,yes,object_prefix_current_command_node,medium,SA,设备信息参数管理,设备基本信息,LST DEVICE_INFO,LST,Device.DeviceInfo.,2,LST LST DEVICE_INFO 设备基本信息; MOD MOD DEVICE_INFO 设备基本信息,当前命令节点已有相同对象前缀，可作为该 path 的现成命令节点归属
Device.DeviceInfo.AntennaInfo.Gain,yes,object_prefix_current_command_node,medium,SA,设备信息参数管理,设备基本信息,LST DEVICE_INFO,LST,Device.DeviceInfo.,2,LST LST DEVICE_INFO 设备基本信息; MOD MOD DEVICE_INFO 设备基本信息,当前命令节点已有相同对象前缀，可作为该 path 的现成命令节点归属
Device.DeviceInfo.AntennaInfo.Gain2,yes,object_prefix_current_command_node,medium,SA,设备信息参数管理,设备基本信息,LST DEVICE_INFO,LST,Device.DeviceInfo.,2,LST LST DEVICE_INFO 设备基本信息; MOD MOD DEVICE_INFO 设备基本信息,当前命令节点已有相同对象前缀，可作为该 path 的现成命令节点归属
Device.DeviceInfo.AntennaInfo.Gain3,yes,object_prefix_current_command_node,medium,SA,设备信息参数管理,设备基本信息,LST DEVICE_INFO,LST,Device.DeviceInfo.,2,LST LST DEVICE_INFO 设备基本信息; MOD MOD DEVICE_INFO 设备基本信息,当前命令节点已有相同对象前缀，可作为该 path 的现成命令节点归属
Device.DeviceInfo.AntennaInfo.Height,yes,object_prefix_current_command_node,medium,SA,设备信息参数管理,设备基本信息,LST DEVICE_INFO,LST,Device.DeviceInfo.,2,LST LST DEVICE_INFO 设备基本信息; MOD MOD DEVICE_INFO 设备基本信息,当前命令节点已有相同对象前缀，可作为该 path 的现成命令节点归属
Device.DeviceInfo.AntennaInfo.Height2,yes,object_prefix_current_command_node,medium,SA,设备信息参数管理,设备基本信息,LST DEVICE_INFO,LST,Device.DeviceInfo.,2,LST LST DEVICE_INFO 设备基本信息; MOD MOD DEVICE_INFO 设备基本信息,当前命令节点已有相同对象前缀，可作为该 path 的现成命令节点归属
Device.DeviceInfo.AntennaInfo.Height3,yes,object_prefix_current_command_node,medium,SA,设备信息参数管理,设备基本信息,LST DEVICE_INFO,LST,Device.DeviceInfo.,2,LST LST DEVICE_INFO 设备基本信息; MOD MOD DEVICE_INFO 设备基本信息,当前命令节点已有相同对象前缀，可作为该 path 的现成命令节点归属
Device.DeviceInfo.AntennaInfo.HeightType,yes,object_prefix_current_command_node,medium,SA,设备信息参数管理,设备基本信息,LST DEVICE_INFO,LST,Device.DeviceInfo.,2,LST LST DEVICE_INFO 设备基本信息; MOD MOD DEVICE_INFO 设备基本信息,当前命令节点已有相同对象前缀，可作为该 path 的现成命令节点归属
Device.DeviceInfo.AntennaInfo.HeightType2,yes,object_prefix_current_command_node,medium,SA,设备信息参数管理,设备基本信息,LST DEVICE_INFO,LST,Device.DeviceInfo.,2,LST LST DEVICE_INFO 设备基本信息; MOD MOD DEVICE_INFO 设备基本信息,当前命令节点已有相同对象前缀，可作为该 path 的现成命令节点归属
Device.DeviceInfo.AntennaInfo.HeightType3,yes,object_prefix_current_command_node,medium,SA,设备信息参数管理,设备基本信息,LST DEVICE_INFO,LST,Device.DeviceInfo.,2,LST LST DEVICE_INFO 设备基本信息; MOD MOD DEVICE_INFO 设备基本信息,当前命令节点已有相同对象前缀，可作为该 path 的现成命令节点归属
Device.DeviceInfo.CellConfig.{i}.AntennaInfo.Model,yes,object_prefix_current_command_node,medium,SA,设备信息参数管理,设备基本信息,LST DEVICE_INFO,LST,Device.DeviceInfo.,2,LST LST DEVICE_INFO 设备基本信息; MOD MOD DEVICE_INFO 设备基本信息,当前命令节点已有相同对象前缀，可作为该 path 的现成命令节点归属
Device.DeviceInfo.BTS.CurrentArfcn,yes,object_prefix_current_command_node,medium,SA,设备信息参数管理,设备基本信息,LST DEVICE_INFO,LST,Device.DeviceInfo.,2,LST LST DEVICE_INFO 设备基本信息; MOD MOD DEVICE_INFO 设备基本信息,当前命令节点已有相同对象前缀，可作为该 path 的现成命令节点归属
Device.DeviceInfo.BTS.CurrentLac,yes,object_prefix_current_command_node,medium,SA,设备信息参数管理,设备基本信息,LST DEVICE_INFO,LST,Device.DeviceInfo.,2,LST LST DEVICE_INFO 设备基本信息; MOD MOD DEVICE_INFO 设备基本信息,当前命令节点已有相同对象前缀，可作为该 path 的现成命令节点归属
Device.DeviceInfo.SAS.CPI.cpiLatitude,yes,object_prefix_current_command_node,medium,SA,设备信息参数管理,设备基本信息,LST DEVICE_INFO,LST,Device.DeviceInfo.,2,LST LST DEVICE_INFO 设备基本信息; MOD MOD DEVICE_INFO 设备基本信息,当前命令节点已有相同对象前缀，可作为该 path 的现成命令节点归属
Device.DeviceInfo.SAS.CPI.cpiLongitude,yes,object_prefix_current_command_node,medium,SA,设备信息参数管理,设备基本信息,LST DEVICE_INFO,LST,Device.DeviceInfo.,2,LST LST DEVICE_INFO 设备基本信息; MOD MOD DEVICE_INFO 设备基本信息,当前命令节点已有相同对象前缀，可作为该 path 的现成命令节点归属
Device.DeviceInfo.GPS.horizontalAccuracy,yes,object_prefix_current_command_node,medium,SA,设备信息参数管理,设备基本信息,LST DEVICE_INFO,LST,Device.DeviceInfo.,2,LST LST DEVICE_INFO 设备基本信息; MOD MOD DEVICE_INFO 设备基本信息,当前命令节点已有相同对象前缀，可作为该 path 的现成命令节点归属
Device.DeviceInfo.GPS.verticalAccuracy,yes,object_prefix_current_command_node,medium,SA,设备信息参数管理,设备基本信息,LST DEVICE_INFO,LST,Device.DeviceInfo.,2,LST LST DEVICE_INFO 设备基本信息; MOD MOD DEVICE_INFO 设备基本信息,当前命令节点已有相同对象前缀，可作为该 path 的现成命令节点归属
Device.DeviceInfo.SAS.FAP.GPS.LockedLatitude,yes,object_prefix_current_command_node,medium,SA,设备信息参数管理,设备基本信息,LST DEVICE_INFO,LST,Device.DeviceInfo.,2,LST LST DEVICE_INFO 设备基本信息; MOD MOD DEVICE_INFO 设备基本信息,当前命令节点已有相同对象前缀，可作为该 path 的现成命令节点归属
Device.DeviceInfo.SAS.FAP.GPS.LockedLatitude2,yes,object_prefix_current_command_node,medium,SA,设备信息参数管理,设备基本信息,LST DEVICE_INFO,LST,Device.DeviceInfo.,2,LST LST DEVICE_INFO 设备基本信息; MOD MOD DEVICE_INFO 设备基本信息,当前命令节点已有相同对象前缀，可作为该 path 的现成命令节点归属
Device.DeviceInfo.SAS.FAP.GPS.LockedLatitude3,yes,object_prefix_current_command_node,medium,SA,设备信息参数管理,设备基本信息,LST DEVICE_INFO,LST,Device.DeviceInfo.,2,LST LST DEVICE_INFO 设备基本信息; MOD MOD DEVICE_INFO 设备基本信息,当前命令节点已有相同对象前缀，可作为该 path 的现成命令节点归属
Device.DeviceInfo.SAS.FAP.GPS.LockedLongitude,yes,object_prefix_current_command_node,medium,SA,设备信息参数管理,设备基本信息,LST DEVICE_INFO,LST,Device.DeviceInfo.,2,LST LST DEVICE_INFO 设备基本信息; MOD MOD DEVICE_INFO 设备基本信息,当前命令节点已有相同对象前缀，可作为该 path 的现成命令节点归属
Device.DeviceInfo.SAS.FAP.GPS.LockedLongitude2,yes,object_prefix_current_command_node,medium,SA,设备信息参数管理,设备基本信息,LST DEVICE_INFO,LST,Device.DeviceInfo.,2,LST LST DEVICE_INFO 设备基本信息; MOD MOD DEVICE_INFO 设备基本信息,当前命令节点已有相同对象前缀，可作为该 path 的现成命令节点归属
Device.DeviceInfo.SAS.FAP.GPS.LockedLongitude3,yes,object_prefix_current_command_node,medium,SA,设备信息参数管理,设备基本信息,LST DEVICE_INFO,LST,Device.DeviceInfo.,2,LST LST DEVICE_INFO 设备基本信息; MOD MOD DEVICE_INFO 设备基本信息,当前命令节点已有相同对象前缀，可作为该 path 的现成命令节点归属
Device.DeviceInfo.GSM.BtsRfPower,yes,object_prefix_current_command_node,medium,SA,设备信息参数管理,设备基本信息,LST DEVICE_INFO,LST,Device.DeviceInfo.,2,LST LST DEVICE_INFO 设备基本信息; MOD MOD DEVICE_INFO 设备基本信息,当前命令节点已有相同对象前缀，可作为该 path 的现成命令节点归属
Device.DeviceInfo.SAS.CallSign,yes,object_prefix_current_command_node,medium,SA,设备信息参数管理,设备基本信息,LST DEVICE_INFO,LST,Device.DeviceInfo.,2,LST LST DEVICE_INFO 设备基本信息; MOD MOD DEVICE_INFO 设备基本信息,当前命令节点已有相同对象前缀，可作为该 path 的现成命令节点归属
Device.DeviceInfo.SAS.ChannelReuse,yes,object_prefix_current_command_node,medium,SA,设备信息参数管理,设备基本信息,LST DEVICE_INFO,LST,Device.DeviceInfo.,2,LST LST DEVICE_INFO 设备基本信息; MOD MOD DEVICE_INFO 设备基本信息,当前命令节点已有相同对象前缀，可作为该 path 的现成命令节点归属
Device.DeviceInfo.SAS.CpiId,yes,object_prefix_current_command_node,medium,SA,设备信息参数管理,设备基本信息,LST DEVICE_INFO,LST,Device.DeviceInfo.,2,LST LST DEVICE_INFO 设备基本信息; MOD MOD DEVICE_INFO 设备基本信息,当前命令节点已有相同对象前缀，可作为该 path 的现成命令节点归属
Device.DeviceInfo.SAS.CpiInstallCertificationTime,yes,object_prefix_current_command_node,medium,SA,设备信息参数管理,设备基本信息,LST DEVICE_INFO,LST,Device.DeviceInfo.,2,LST LST DEVICE_INFO 设备基本信息; MOD MOD DEVICE_INFO 设备基本信息,当前命令节点已有相同对象前缀，可作为该 path 的现成命令节点归属
Device.DeviceInfo.SAS.CpiInstallCertificationTime2,yes,object_prefix_current_command_node,medium,SA,设备信息参数管理,设备基本信息,LST DEVICE_INFO,LST,Device.DeviceInfo.,2,LST LST DEVICE_INFO 设备基本信息; MOD MOD DEVICE_INFO 设备基本信息,当前命令节点已有相同对象前缀，可作为该 path 的现成命令节点归属
Device.DeviceInfo.SAS.CpiInstallCertificationTime3,yes,object_prefix_current_command_node,medium,SA,设备信息参数管理,设备基本信息,LST DEVICE_INFO,LST,Device.DeviceInfo.,2,LST LST DEVICE_INFO 设备基本信息; MOD MOD DEVICE_INFO 设备基本信息,当前命令节点已有相同对象前缀，可作为该 path 的现成命令节点归属
Device.DeviceInfo.SAS.CpiName,yes,object_prefix_current_command_node,medium,SA,设备信息参数管理,设备基本信息,LST DEVICE_INFO,LST,Device.DeviceInfo.,2,LST LST DEVICE_INFO 设备基本信息; MOD MOD DEVICE_INFO 设备基本信息,当前命令节点已有相同对象前缀，可作为该 path 的现成命令节点归属
Device.DeviceInfo.SAS.CpiSignatureData,yes,object_prefix_current_command_node,medium,SA,设备信息参数管理,设备基本信息,LST DEVICE_INFO,LST,Device.DeviceInfo.,2,LST LST DEVICE_INFO 设备基本信息; MOD MOD DEVICE_INFO 设备基本信息,当前命令节点已有相同对象前缀，可作为该 path 的现成命令节点归属
Device.DeviceInfo.SAS.CpiSignatureData2,yes,object_prefix_current_command_node,medium,SA,设备信息参数管理,设备基本信息,LST DEVICE_INFO,LST,Device.DeviceInfo.,2,LST LST DEVICE_INFO 设备基本信息; MOD MOD DEVICE_INFO 设备基本信息,当前命令节点已有相同对象前缀，可作为该 path 的现成命令节点归属
Device.DeviceInfo.SAS.CpiSignatureData3,yes,object_prefix_current_command_node,medium,SA,设备信息参数管理,设备基本信息,LST DEVICE_INFO,LST,Device.DeviceInfo.,2,LST LST DEVICE_INFO 设备基本信息; MOD MOD DEVICE_INFO 设备基本信息,当前命令节点已有相同对象前缀，可作为该 path 的现成命令节点归属
Device.DeviceInfo.SAS.EirpCapability,yes,object_prefix_current_command_node,medium,SA,设备信息参数管理,设备基本信息,LST DEVICE_INFO,LST,Device.DeviceInfo.,2,LST LST DEVICE_INFO 设备基本信息; MOD MOD DEVICE_INFO 设备基本信息,当前命令节点已有相同对象前缀，可作为该 path 的现成命令节点归属
Device.DeviceInfo.SAS.FccId,yes,object_prefix_current_command_node,medium,SA,设备信息参数管理,设备基本信息,LST DEVICE_INFO,LST,Device.DeviceInfo.,2,LST LST DEVICE_INFO 设备基本信息; MOD MOD DEVICE_INFO 设备基本信息,当前命令节点已有相同对象前缀，可作为该 path 的现成命令节点归属
Device.DeviceInfo.SAS.FrequencyContiguous,yes,object_prefix_current_command_node,medium,SA,设备信息参数管理,设备基本信息,LST DEVICE_INFO,LST,Device.DeviceInfo.,2,LST LST DEVICE_INFO 设备基本信息; MOD MOD DEVICE_INFO 设备基本信息,当前命令节点已有相同对象前缀，可作为该 path 的现成命令节点归属
Device.DeviceInfo.SAS.FrequencySelectionLogic,yes,object_prefix_current_command_node,medium,SA,设备信息参数管理,设备基本信息,LST DEVICE_INFO,LST,Device.DeviceInfo.,2,LST LST DEVICE_INFO 设备基本信息; MOD MOD DEVICE_INFO 设备基本信息,当前命令节点已有相同对象前缀，可作为该 path 的现成命令节点归属
Device.DeviceInfo.SAS.LegacyMode,yes,object_prefix_current_command_node,medium,SA,设备信息参数管理,设备基本信息,LST DEVICE_INFO,LST,Device.DeviceInfo.,2,LST LST DEVICE_INFO 设备基本信息; MOD MOD DEVICE_INFO 设备基本信息,当前命令节点已有相同对象前缀，可作为该 path 的现成命令节点归属
Device.DeviceInfo.SAS.MaxEIRP,yes,object_prefix_current_command_node,medium,SA,设备信息参数管理,设备基本信息,LST DEVICE_INFO,LST,Device.DeviceInfo.,2,LST LST DEVICE_INFO 设备基本信息; MOD MOD DEVICE_INFO 设备基本信息,当前命令节点已有相同对象前缀，可作为该 path 的现成命令节点归属
Device.DeviceInfo.SAS.PreferredBandwidth,yes,object_prefix_current_command_node,medium,SA,设备信息参数管理,设备基本信息,LST DEVICE_INFO,LST,Device.DeviceInfo.,2,LST LST DEVICE_INFO 设备基本信息; MOD MOD DEVICE_INFO 设备基本信息,当前命令节点已有相同对象前缀，可作为该 path 的现成命令节点归属
Device.DeviceInfo.SAS.PreferredFrequency,yes,object_prefix_current_command_node,medium,SA,设备信息参数管理,设备基本信息,LST DEVICE_INFO,LST,Device.DeviceInfo.,2,LST LST DEVICE_INFO 设备基本信息; MOD MOD DEVICE_INFO 设备基本信息,当前命令节点已有相同对象前缀，可作为该 path 的现成命令节点归属
Device.DeviceInfo.SAS.PreferredPower,yes,object_prefix_current_command_node,medium,SA,设备信息参数管理,设备基本信息,LST DEVICE_INFO,LST,Device.DeviceInfo.,2,LST LST DEVICE_INFO 设备基本信息; MOD MOD DEVICE_INFO 设备基本信息,当前命令节点已有相同对象前缀，可作为该 path 的现成命令节点归属
Device.DeviceInfo.SAS.RadioEnable,yes,object_prefix_current_command_node,medium,SA,设备信息参数管理,设备基本信息,LST DEVICE_INFO,LST,Device.DeviceInfo.,2,LST LST DEVICE_INFO 设备基本信息; MOD MOD DEVICE_INFO 设备基本信息,当前命令节点已有相同对象前缀，可作为该 path 的现成命令节点归属
Device.DeviceInfo.SAS.RadioEnable1,yes,object_prefix_current_command_node,medium,SA,设备信息参数管理,设备基本信息,LST DEVICE_INFO,LST,Device.DeviceInfo.,2,LST LST DEVICE_INFO 设备基本信息; MOD MOD DEVICE_INFO 设备基本信息,当前命令节点已有相同对象前缀，可作为该 path 的现成命令节点归属
Device.DeviceInfo.SAS.RadioEnable2,yes,object_prefix_current_command_node,medium,SA,设备信息参数管理,设备基本信息,LST DEVICE_INFO,LST,Device.DeviceInfo.,2,LST LST DEVICE_INFO 设备基本信息; MOD MOD DEVICE_INFO 设备基本信息,当前命令节点已有相同对象前缀，可作为该 path 的现成命令节点归属
Device.DeviceInfo.SAS.RadioEnable3,yes,object_prefix_current_command_node,medium,SA,设备信息参数管理,设备基本信息,LST DEVICE_INFO,LST,Device.DeviceInfo.,2,LST LST DEVICE_INFO 设备基本信息; MOD MOD DEVICE_INFO 设备基本信息,当前命令节点已有相同对象前缀，可作为该 path 的现成命令节点归属
Device.DeviceInfo.SAS.RegistrationType,yes,object_prefix_current_command_node,medium,SA,设备信息参数管理,设备基本信息,LST DEVICE_INFO,LST,Device.DeviceInfo.,2,LST LST DEVICE_INFO 设备基本信息; MOD MOD DEVICE_INFO 设备基本信息,当前命令节点已有相同对象前缀，可作为该 path 的现成命令节点归属
Device.DeviceInfo.SAS.ServerUrl,yes,object_prefix_current_command_node,medium,SA,设备信息参数管理,设备基本信息,LST DEVICE_INFO,LST,Device.DeviceInfo.,2,LST LST DEVICE_INFO 设备基本信息; MOD MOD DEVICE_INFO 设备基本信息,当前命令节点已有相同对象前缀，可作为该 path 的现成命令节点归属
Device.DeviceInfo.SAS.Status,yes,object_prefix_current_command_node,medium,SA,设备信息参数管理,设备基本信息,LST DEVICE_INFO,LST,Device.DeviceInfo.,2,LST LST DEVICE_INFO 设备基本信息; MOD MOD DEVICE_INFO 设备基本信息,当前命令节点已有相同对象前缀，可作为该 path 的现成命令节点归属
Device.DeviceInfo.SAS.Status2,yes,object_prefix_current_command_node,medium,SA,设备信息参数管理,设备基本信息,LST DEVICE_INFO,LST,Device.DeviceInfo.,2,LST LST DEVICE_INFO 设备基本信息; MOD MOD DEVICE_INFO 设备基本信息,当前命令节点已有相同对象前缀，可作为该 path 的现成命令节点归属
Device.DeviceInfo.SAS.Status3,yes,object_prefix_current_command_node,medium,SA,设备信息参数管理,设备基本信息,LST DEVICE_INFO,LST,Device.DeviceInfo.,2,LST LST DEVICE_INFO 设备基本信息; MOD MOD DEVICE_INFO 设备基本信息,当前命令节点已有相同对象前缀，可作为该 path 的现成命令节点归属
Device.DeviceInfo.SAS.UserId,yes,object_prefix_current_command_node,medium,SA,设备信息参数管理,设备基本信息,LST DEVICE_INFO,LST,Device.DeviceInfo.,2,LST LST DEVICE_INFO 设备基本信息; MOD MOD DEVICE_INFO 设备基本信息,当前命令节点已有相同对象前缀，可作为该 path 的现成命令节点归属
Device.DeviceInfo.SAS.enableMode,yes,object_prefix_current_command_node,medium,SA,设备信息参数管理,设备基本信息,LST DEVICE_INFO,LST,Device.DeviceInfo.,2,LST LST DEVICE_INFO 设备基本信息; MOD MOD DEVICE_INFO 设备基本信息,当前命令节点已有相同对象前缀，可作为该 path 的现成命令节点归属
Device.DeviceInfo.SAS.groupId,yes,object_prefix_current_command_node,medium,SA,设备信息参数管理,设备基本信息,LST DEVICE_INFO,LST,Device.DeviceInfo.,2,LST LST DEVICE_INFO 设备基本信息; MOD MOD DEVICE_INFO 设备基本信息,当前命令节点已有相同对象前缀，可作为该 path 的现成命令节点归属
Device.DeviceInfo.SAS.groupType,yes,object_prefix_current_command_node,medium,SA,设备信息参数管理,设备基本信息,LST DEVICE_INFO,LST,Device.DeviceInfo.,2,LST LST DEVICE_INFO 设备基本信息; MOD MOD DEVICE_INFO 设备基本信息,当前命令节点已有相同对象前缀，可作为该 path 的现成命令节点归属
Device.DeviceInfo.SAS.reqHighFrequency,yes,object_prefix_current_command_node,medium,SA,设备信息参数管理,设备基本信息,LST DEVICE_INFO,LST,Device.DeviceInfo.,2,LST LST DEVICE_INFO 设备基本信息; MOD MOD DEVICE_INFO 设备基本信息,当前命令节点已有相同对象前缀，可作为该 path 的现成命令节点归属
Device.DeviceInfo.SAS.reqLowFrequency,yes,object_prefix_current_command_node,medium,SA,设备信息参数管理,设备基本信息,LST DEVICE_INFO,LST,Device.DeviceInfo.,2,LST LST DEVICE_INFO 设备基本信息; MOD MOD DEVICE_INFO 设备基本信息,当前命令节点已有相同对象前缀，可作为该 path 的现成命令节点归属
Device.DeviceInfo.SignallingTrace.Enable,yes,object_prefix_current_command_node,medium,SA,设备信息参数管理,设备基本信息,LST DEVICE_INFO,LST,Device.DeviceInfo.,2,LST LST DEVICE_INFO 设备基本信息; MOD MOD DEVICE_INFO 设备基本信息,当前命令节点已有相同对象前缀，可作为该 path 的现成命令节点归属
Device.DeviceInfo.SignallingTrace.IP,yes,object_prefix_current_command_node,medium,SA,设备信息参数管理,设备基本信息,LST DEVICE_INFO,LST,Device.DeviceInfo.,2,LST LST DEVICE_INFO 设备基本信息; MOD MOD DEVICE_INFO 设备基本信息,当前命令节点已有相同对象前缀，可作为该 path 的现成命令节点归属
Device.DeviceInfo.SignallingTrace.Period,yes,object_prefix_current_command_node,medium,SA,设备信息参数管理,设备基本信息,LST DEVICE_INFO,LST,Device.DeviceInfo.,2,LST LST DEVICE_INFO 设备基本信息; MOD MOD DEVICE_INFO 设备基本信息,当前命令节点已有相同对象前缀，可作为该 path 的现成命令节点归属
Device.DeviceInfo.SignallingTrace.Port,yes,object_prefix_current_command_node,medium,SA,设备信息参数管理,设备基本信息,LST DEVICE_INFO,LST,Device.DeviceInfo.,2,LST LST DEVICE_INFO 设备基本信息; MOD MOD DEVICE_INFO 设备基本信息,当前命令节点已有相同对象前缀，可作为该 path 的现成命令节点归属
Device.DeviceInfo.SignallingTrace.TraceID,yes,object_prefix_current_command_node,medium,SA,设备信息参数管理,设备基本信息,LST DEVICE_INFO,LST,Device.DeviceInfo.,2,LST LST DEVICE_INFO 设备基本信息; MOD MOD DEVICE_INFO 设备基本信息,当前命令节点已有相同对象前缀，可作为该 path 的现成命令节点归属
Device.DeviceInfo.SignallingTrace.TraceType,yes,object_prefix_current_command_node,medium,SA,设备信息参数管理,设备基本信息,LST DEVICE_INFO,LST,Device.DeviceInfo.,2,LST LST DEVICE_INFO 设备基本信息; MOD MOD DEVICE_INFO 设备基本信息,当前命令节点已有相同对象前缀，可作为该 path 的现成命令节点归属
Device.DeviceInfo.FAPService.UeAccess.Enable,yes,object_prefix_current_command_node,medium,SA,设备信息参数管理,设备基本信息,LST DEVICE_INFO,LST,Device.DeviceInfo.,2,LST LST DEVICE_INFO 设备基本信息; MOD MOD DEVICE_INFO 设备基本信息,当前命令节点已有相同对象前缀，可作为该 path 的现成命令节点归属
Device.DeviceInfo.UeInfoUpload.Enable,yes,object_prefix_current_command_node,medium,SA,设备信息参数管理,设备基本信息,LST DEVICE_INFO,LST,Device.DeviceInfo.,2,LST LST DEVICE_INFO 设备基本信息; MOD MOD DEVICE_INFO 设备基本信息,当前命令节点已有相同对象前缀，可作为该 path 的现成命令节点归属
Device.DeviceInfo.UeInfoUpload.Url,yes,object_prefix_current_command_node,medium,SA,设备信息参数管理,设备基本信息,LST DEVICE_INFO,LST,Device.DeviceInfo.,2,LST LST DEVICE_INFO 设备基本信息; MOD MOD DEVICE_INFO 设备基本信息,当前命令节点已有相同对象前缀，可作为该 path 的现成命令节点归属
Device.DeviceInfo.EU.{i}.AlarmEvent,yes,object_prefix_current_command_node,medium,SA,设备信息参数管理,设备基本信息,LST DEVICE_INFO,LST,Device.DeviceInfo.,2,LST LST DEVICE_INFO 设备基本信息; MOD MOD DEVICE_INFO 设备基本信息,当前命令节点已有相同对象前缀，可作为该 path 的现成命令节点归属
Device.DeviceInfo.EU.{i}.DLCRCSum,yes,object_prefix_current_command_node,medium,SA,设备信息参数管理,设备基本信息,LST DEVICE_INFO,LST,Device.DeviceInfo.,2,LST LST DEVICE_INFO 设备基本信息; MOD MOD DEVICE_INFO 设备基本信息,当前命令节点已有相同对象前缀，可作为该 path 的现成命令节点归属
Device.DeviceInfo.EU.{i}.HardwareVersion,yes,object_prefix_current_command_node,medium,SA,设备信息参数管理,设备基本信息,LST DEVICE_INFO,LST,Device.DeviceInfo.,2,LST LST DEVICE_INFO 设备基本信息; MOD MOD DEVICE_INFO 设备基本信息,当前命令节点已有相同对象前缀，可作为该 path 的现成命令节点归属
Device.DeviceInfo.EU.{i}.Hop,yes,object_prefix_current_command_node,medium,SA,设备信息参数管理,设备基本信息,LST DEVICE_INFO,LST,Device.DeviceInfo.,2,LST LST DEVICE_INFO 设备基本信息; MOD MOD DEVICE_INFO 设备基本信息,当前命令节点已有相同对象前缀，可作为该 path 的现成命令节点归属
Device.DeviceInfo.EU.{i}.IpAddress,yes,object_prefix_current_command_node,medium,SA,设备信息参数管理,设备基本信息,LST DEVICE_INFO,LST,Device.DeviceInfo.,2,LST LST DEVICE_INFO 设备基本信息; MOD MOD DEVICE_INFO 设备基本信息,当前命令节点已有相同对象前缀，可作为该 path 的现成命令节点归属
Device.DeviceInfo.EU.{i}.Mac,yes,object_prefix_current_command_node,medium,SA,设备信息参数管理,设备基本信息,LST DEVICE_INFO,LST,Device.DeviceInfo.,2,LST LST DEVICE_INFO 设备基本信息; MOD MOD DEVICE_INFO 设备基本信息,当前命令节点已有相同对象前缀，可作为该 path 的现成命令节点归属
Device.DeviceInfo.EU.{i}.ModelName,yes,object_prefix_current_command_node,medium,SA,设备信息参数管理,设备基本信息,LST DEVICE_INFO,LST,Device.DeviceInfo.,2,LST LST DEVICE_INFO 设备基本信息; MOD MOD DEVICE_INFO 设备基本信息,当前命令节点已有相同对象前缀，可作为该 path 的现成命令节点归属
Device.DeviceInfo.EU.{i}.RU.{i}.AlarmEvent,yes,object_prefix_current_command_node,medium,SA,设备信息参数管理,设备基本信息,LST DEVICE_INFO,LST,Device.DeviceInfo.,2,LST LST DEVICE_INFO 设备基本信息; MOD MOD DEVICE_INFO 设备基本信息,当前命令节点已有相同对象前缀，可作为该 path 的现成命令节点归属
Device.DeviceInfo.EU.{i}.RU.{i}.DLCRCSum,yes,object_prefix_current_command_node,medium,SA,设备信息参数管理,设备基本信息,LST DEVICE_INFO,LST,Device.DeviceInfo.,2,LST LST DEVICE_INFO 设备基本信息; MOD MOD DEVICE_INFO 设备基本信息,当前命令节点已有相同对象前缀，可作为该 path 的现成命令节点归属
Device.DeviceInfo.EU.{i}.RU.{i}.Distance,yes,object_prefix_current_command_node,medium,SA,设备信息参数管理,设备基本信息,LST DEVICE_INFO,LST,Device.DeviceInfo.,2,LST LST DEVICE_INFO 设备基本信息; MOD MOD DEVICE_INFO 设备基本信息,当前命令节点已有相同对象前缀，可作为该 path 的现成命令节点归属
Device.DeviceInfo.EU.{i}.RU.{i}.HardwareVersion,yes,object_prefix_current_command_node,medium,SA,设备信息参数管理,设备基本信息,LST DEVICE_INFO,LST,Device.DeviceInfo.,2,LST LST DEVICE_INFO 设备基本信息; MOD MOD DEVICE_INFO 设备基本信息,当前命令节点已有相同对象前缀，可作为该 path 的现成命令节点归属
Device.DeviceInfo.EU.{i}.RU.{i}.Hop,yes,object_prefix_current_command_node,medium,SA,设备信息参数管理,设备基本信息,LST DEVICE_INFO,LST,Device.DeviceInfo.,2,LST LST DEVICE_INFO 设备基本信息; MOD MOD DEVICE_INFO 设备基本信息,当前命令节点已有相同对象前缀，可作为该 path 的现成命令节点归属
Device.DeviceInfo.EU.{i}.RU.{i}.IpAddress,yes,object_prefix_current_command_node,medium,SA,设备信息参数管理,设备基本信息,LST DEVICE_INFO,LST,Device.DeviceInfo.,2,LST LST DEVICE_INFO 设备基本信息; MOD MOD DEVICE_INFO 设备基本信息,当前命令节点已有相同对象前缀，可作为该 path 的现成命令节点归属
Device.DeviceInfo.EU.{i}.RU.{i}.LTECell.{i}.ECI,yes,object_prefix_current_command_node,medium,SA,设备信息参数管理,设备基本信息,LST DEVICE_INFO,LST,Device.DeviceInfo.,2,LST LST DEVICE_INFO 设备基本信息; MOD MOD DEVICE_INFO 设备基本信息,当前命令节点已有相同对象前缀，可作为该 path 的现成命令节点归属
Device.DeviceInfo.EU.{i}.RU.{i}.Mac,yes,object_prefix_current_command_node,medium,SA,设备信息参数管理,设备基本信息,LST DEVICE_INFO,LST,Device.DeviceInfo.,2,LST LST DEVICE_INFO 设备基本信息; MOD MOD DEVICE_INFO 设备基本信息,当前命令节点已有相同对象前缀，可作为该 path 的现成命令节点归属
Device.DeviceInfo.EU.{i}.RU.{i}.MaxTxPower,yes,object_prefix_current_command_node,medium,SA,设备信息参数管理,设备基本信息,LST DEVICE_INFO,LST,Device.DeviceInfo.,2,LST LST DEVICE_INFO 设备基本信息; MOD MOD DEVICE_INFO 设备基本信息,当前命令节点已有相同对象前缀，可作为该 path 的现成命令节点归属
Device.DeviceInfo.EU.{i}.RU.{i}.ModelName,yes,object_prefix_current_command_node,medium,SA,设备信息参数管理,设备基本信息,LST DEVICE_INFO,LST,Device.DeviceInfo.,2,LST LST DEVICE_INFO 设备基本信息; MOD MOD DEVICE_INFO 设备基本信息,当前命令节点已有相同对象前缀，可作为该 path 的现成命令节点归属
Device.DeviceInfo.EU.{i}.RU.{i}.RFTxStatus,yes,object_prefix_current_command_node,medium,SA,设备信息参数管理,设备基本信息,LST DEVICE_INFO,LST,Device.DeviceInfo.,2,LST LST DEVICE_INFO 设备基本信息; MOD MOD DEVICE_INFO 设备基本信息,当前命令节点已有相同对象前缀，可作为该 path 的现成命令节点归属
Device.DeviceInfo.EU.{i}.RU.{i}.Reboot,yes,object_prefix_current_command_node,medium,SA,设备信息参数管理,设备基本信息,LST DEVICE_INFO,LST,Device.DeviceInfo.,2,LST LST DEVICE_INFO 设备基本信息; MOD MOD DEVICE_INFO 设备基本信息,当前命令节点已有相同对象前缀，可作为该 path 的现成命令节点归属
Device.DeviceInfo.EU.{i}.RU.{i}.RouteIndex,yes,object_prefix_current_command_node,medium,SA,设备信息参数管理,设备基本信息,LST DEVICE_INFO,LST,Device.DeviceInfo.,2,LST LST DEVICE_INFO 设备基本信息; MOD MOD DEVICE_INFO 设备基本信息,当前命令节点已有相同对象前缀，可作为该 path 的现成命令节点归属
Device.DeviceInfo.EU.{i}.RU.{i}.SerialNumber,yes,object_prefix_current_command_node,medium,SA,设备信息参数管理,设备基本信息,LST DEVICE_INFO,LST,Device.DeviceInfo.,2,LST LST DEVICE_INFO 设备基本信息; MOD MOD DEVICE_INFO 设备基本信息,当前命令节点已有相同对象前缀，可作为该 path 的现成命令节点归属
Device.DeviceInfo.EU.{i}.RU.{i}.SoftwareVersion,yes,object_prefix_current_command_node,medium,SA,设备信息参数管理,设备基本信息,LST DEVICE_INFO,LST,Device.DeviceInfo.,2,LST LST DEVICE_INFO 设备基本信息; MOD MOD DEVICE_INFO 设备基本信息,当前命令节点已有相同对象前缀，可作为该 path 的现成命令节点归属
Device.DeviceInfo.EU.{i}.RU.{i}.Status,yes,object_prefix_current_command_node,medium,SA,设备信息参数管理,设备基本信息,LST DEVICE_INFO,LST,Device.DeviceInfo.,2,LST LST DEVICE_INFO 设备基本信息; MOD MOD DEVICE_INFO 设备基本信息,当前命令节点已有相同对象前缀，可作为该 path 的现成命令节点归属
Device.DeviceInfo.EU.{i}.RU.{i}.Type,yes,object_prefix_current_command_node,medium,SA,设备信息参数管理,设备基本信息,LST DEVICE_INFO,LST,Device.DeviceInfo.,2,LST LST DEVICE_INFO 设备基本信息; MOD MOD DEVICE_INFO 设备基本信息,当前命令节点已有相同对象前缀，可作为该 path 的现成命令节点归属
Device.DeviceInfo.EU.{i}.RU.{i}.ULCRCSum,yes,object_prefix_current_command_node,medium,SA,设备信息参数管理,设备基本信息,LST DEVICE_INFO,LST,Device.DeviceInfo.,2,LST LST DEVICE_INFO 设备基本信息; MOD MOD DEVICE_INFO 设备基本信息,当前命令节点已有相同对象前缀，可作为该 path 的现成命令节点归属
Device.DeviceInfo.EU.{i}.RU.{i}.UMTSPA,yes,object_prefix_current_command_node,medium,SA,设备信息参数管理,设备基本信息,LST DEVICE_INFO,LST,Device.DeviceInfo.,2,LST LST DEVICE_INFO 设备基本信息; MOD MOD DEVICE_INFO 设备基本信息,当前命令节点已有相同对象前缀，可作为该 path 的现成命令节点归属
Device.DeviceInfo.EU.{i}.RU.{i}.UMTSTargetPower,yes,object_prefix_current_command_node,medium,SA,设备信息参数管理,设备基本信息,LST DEVICE_INFO,LST,Device.DeviceInfo.,2,LST LST DEVICE_INFO 设备基本信息; MOD MOD DEVICE_INFO 设备基本信息,当前命令节点已有相同对象前缀，可作为该 path 的现成命令节点归属
Device.DeviceInfo.EU.{i}.Reboot,yes,object_prefix_current_command_node,medium,SA,设备信息参数管理,设备基本信息,LST DEVICE_INFO,LST,Device.DeviceInfo.,2,LST LST DEVICE_INFO 设备基本信息; MOD MOD DEVICE_INFO 设备基本信息,当前命令节点已有相同对象前缀，可作为该 path 的现成命令节点归属
Device.DeviceInfo.EU.{i}.RouteIndex,yes,object_prefix_current_command_node,medium,SA,设备信息参数管理,设备基本信息,LST DEVICE_INFO,LST,Device.DeviceInfo.,2,LST LST DEVICE_INFO 设备基本信息; MOD MOD DEVICE_INFO 设备基本信息,当前命令节点已有相同对象前缀，可作为该 path 的现成命令节点归属
Device.DeviceInfo.EU.{i}.SerialNumber,yes,object_prefix_current_command_node,medium,SA,设备信息参数管理,设备基本信息,LST DEVICE_INFO,LST,Device.DeviceInfo.,2,LST LST DEVICE_INFO 设备基本信息; MOD MOD DEVICE_INFO 设备基本信息,当前命令节点已有相同对象前缀，可作为该 path 的现成命令节点归属
Device.DeviceInfo.EU.{i}.SoftwareVersion,yes,object_prefix_current_command_node,medium,SA,设备信息参数管理,设备基本信息,LST DEVICE_INFO,LST,Device.DeviceInfo.,2,LST LST DEVICE_INFO 设备基本信息; MOD MOD DEVICE_INFO 设备基本信息,当前命令节点已有相同对象前缀，可作为该 path 的现成命令节点归属
Device.DeviceInfo.EU.{i}.Status,yes,object_prefix_current_command_node,medium,SA,设备信息参数管理,设备基本信息,LST DEVICE_INFO,LST,Device.DeviceInfo.,2,LST LST DEVICE_INFO 设备基本信息; MOD MOD DEVICE_INFO 设备基本信息,当前命令节点已有相同对象前缀，可作为该 path 的现成命令节点归属
Device.DeviceInfo.EU.{i}.Type,yes,object_prefix_current_command_node,medium,SA,设备信息参数管理,设备基本信息,LST DEVICE_INFO,LST,Device.DeviceInfo.,2,LST LST DEVICE_INFO 设备基本信息; MOD MOD DEVICE_INFO 设备基本信息,当前命令节点已有相同对象前缀，可作为该 path 的现成命令节点归属
Device.DeviceInfo.EU.{i}.ULCRCSum,yes,object_prefix_current_command_node,medium,SA,设备信息参数管理,设备基本信息,LST DEVICE_INFO,LST,Device.DeviceInfo.,2,LST LST DEVICE_INFO 设备基本信息; MOD MOD DEVICE_INFO 设备基本信息,当前命令节点已有相同对象前缀，可作为该 path 的现成命令节点归属
Device.DeviceInfo.RU.{i}.HardwareVersion,yes,object_prefix_current_command_node,medium,SA,设备信息参数管理,设备基本信息,LST DEVICE_INFO,LST,Device.DeviceInfo.,2,LST LST DEVICE_INFO 设备基本信息; MOD MOD DEVICE_INFO 设备基本信息,当前命令节点已有相同对象前缀，可作为该 path 的现成命令节点归属
Device.DeviceInfo.RU.{i}.IpAddress,yes,object_prefix_current_command_node,medium,SA,设备信息参数管理,设备基本信息,LST DEVICE_INFO,LST,Device.DeviceInfo.,2,LST LST DEVICE_INFO 设备基本信息; MOD MOD DEVICE_INFO 设备基本信息,当前命令节点已有相同对象前缀，可作为该 path 的现成命令节点归属
Device.DeviceInfo.RU.{i}.MaxTxPower,yes,object_prefix_current_command_node,medium,SA,设备信息参数管理,设备基本信息,LST DEVICE_INFO,LST,Device.DeviceInfo.,2,LST LST DEVICE_INFO 设备基本信息; MOD MOD DEVICE_INFO 设备基本信息,当前命令节点已有相同对象前缀，可作为该 path 的现成命令节点归属
Device.DeviceInfo.RU.{i}.ModelName,yes,object_prefix_current_command_node,medium,SA,设备信息参数管理,设备基本信息,LST DEVICE_INFO,LST,Device.DeviceInfo.,2,LST LST DEVICE_INFO 设备基本信息; MOD MOD DEVICE_INFO 设备基本信息,当前命令节点已有相同对象前缀，可作为该 path 的现成命令节点归属
Device.DeviceInfo.RU.{i}.RFTxStatus,yes,object_prefix_current_command_node,medium,SA,设备信息参数管理,设备基本信息,LST DEVICE_INFO,LST,Device.DeviceInfo.,2,LST LST DEVICE_INFO 设备基本信息; MOD MOD DEVICE_INFO 设备基本信息,当前命令节点已有相同对象前缀，可作为该 path 的现成命令节点归属
Device.DeviceInfo.RU.{i}.RUWithCellRelation,yes,object_prefix_current_command_node,medium,SA,设备信息参数管理,设备基本信息,LST DEVICE_INFO,LST,Device.DeviceInfo.,2,LST LST DEVICE_INFO 设备基本信息; MOD MOD DEVICE_INFO 设备基本信息,当前命令节点已有相同对象前缀，可作为该 path 的现成命令节点归属
Device.DeviceInfo.RU.{i}.Reboot,yes,object_prefix_current_command_node,medium,SA,设备信息参数管理,设备基本信息,LST DEVICE_INFO,LST,Device.DeviceInfo.,2,LST LST DEVICE_INFO 设备基本信息; MOD MOD DEVICE_INFO 设备基本信息,当前命令节点已有相同对象前缀，可作为该 path 的现成命令节点归属
Device.DeviceInfo.RU.{i}.RouteIndex,yes,object_prefix_current_command_node,medium,SA,设备信息参数管理,设备基本信息,LST DEVICE_INFO,LST,Device.DeviceInfo.,2,LST LST DEVICE_INFO 设备基本信息; MOD MOD DEVICE_INFO 设备基本信息,当前命令节点已有相同对象前缀，可作为该 path 的现成命令节点归属
Device.DeviceInfo.RU.{i}.SerialNumber,yes,object_prefix_current_command_node,medium,SA,设备信息参数管理,设备基本信息,LST DEVICE_INFO,LST,Device.DeviceInfo.,2,LST LST DEVICE_INFO 设备基本信息; MOD MOD DEVICE_INFO 设备基本信息,当前命令节点已有相同对象前缀，可作为该 path 的现成命令节点归属
Device.DeviceInfo.RU.{i}.SoftwareVersion,yes,object_prefix_current_command_node,medium,SA,设备信息参数管理,设备基本信息,LST DEVICE_INFO,LST,Device.DeviceInfo.,2,LST LST DEVICE_INFO 设备基本信息; MOD MOD DEVICE_INFO 设备基本信息,当前命令节点已有相同对象前缀，可作为该 path 的现成命令节点归属
Device.DeviceInfo.RU.{i}.SwUpgradeFailCause,yes,object_prefix_current_command_node,medium,SA,设备信息参数管理,设备基本信息,LST DEVICE_INFO,LST,Device.DeviceInfo.,2,LST LST DEVICE_INFO 设备基本信息; MOD MOD DEVICE_INFO 设备基本信息,当前命令节点已有相同对象前缀，可作为该 path 的现成命令节点归属
Device.DeviceInfo.RU.{i}.SwUpgradeStage,yes,object_prefix_current_command_node,medium,SA,设备信息参数管理,设备基本信息,LST DEVICE_INFO,LST,Device.DeviceInfo.,2,LST LST DEVICE_INFO 设备基本信息; MOD MOD DEVICE_INFO 设备基本信息,当前命令节点已有相同对象前缀，可作为该 path 的现成命令节点归属
Device.DeviceInfo.RU.{i}.SwUpgradeStatus,yes,object_prefix_current_command_node,medium,SA,设备信息参数管理,设备基本信息,LST DEVICE_INFO,LST,Device.DeviceInfo.,2,LST LST DEVICE_INFO 设备基本信息; MOD MOD DEVICE_INFO 设备基本信息,当前命令节点已有相同对象前缀，可作为该 path 的现成命令节点归属
Device.DeviceInfo.{i}.UE_Count,yes,object_prefix_current_command_node,medium,SA,设备信息参数管理,设备基本信息,LST DEVICE_INFO,LST,Device.DeviceInfo.,2,LST LST DEVICE_INFO 设备基本信息; MOD MOD DEVICE_INFO 设备基本信息,当前命令节点已有相同对象前缀，可作为该 path 的现成命令节点归属
Device.ManagementServer.sslStatus.endDate,yes,object_prefix_current_command_node,medium,SC,基站网管参数管理,基站网管连接,LST MANAGEMENT_SERVER,LST,Device.ManagementServer.,2,LST LST MANAGEMENT_SERVER 基站网管连接; MOD MOD MANAGEMENT_SERVER 基站网管连接,当前命令节点已有相同对象前缀，可作为该 path 的现成命令节点归属
Device.ManagementServer.sslStatus.startDate,yes,object_prefix_current_command_node,medium,SC,基站网管参数管理,基站网管连接,LST MANAGEMENT_SERVER,LST,Device.ManagementServer.,2,LST LST MANAGEMENT_SERVER 基站网管连接; MOD MOD MANAGEMENT_SERVER 基站网管连接,当前命令节点已有相同对象前缀，可作为该 path 的现成命令节点归属
Device.Services.FAPService.{i}.FAPControl.NR.AMFPoolConfigParam.{i},yes,object_prefix_current_command_node,medium,SF,小区服务参数管理（总体）,FAP 载波基本配置,LST FAP_SERVICE,LST,Device.Services.FAPService.{i}.,2,LST LST FAP_SERVICE FAP 载波基本配置; MOD MOD FAP_SERVICE FAP 载波基本配置,当前命令节点已有相同对象前缀，可作为该 path 的现成命令节点归属
Device.Services.FAPService.{i}.X_COM.LTE.ANR.AnrA3Offset,yes,object_prefix_current_command_node,medium,SF,小区服务参数管理（总体）,FAP 载波基本配置,LST FAP_SERVICE,LST,Device.Services.FAPService.{i}.,2,LST LST FAP_SERVICE FAP 载波基本配置; MOD MOD FAP_SERVICE FAP 载波基本配置,当前命令节点已有相同对象前缀，可作为该 path 的现成命令节点归属
Device.Services.FAPService.{i}.X_COM.LTE.ANR.AnrReportCfgVal,yes,object_prefix_current_command_node,medium,SF,小区服务参数管理（总体）,FAP 载波基本配置,LST FAP_SERVICE,LST,Device.Services.FAPService.{i}.,2,LST LST FAP_SERVICE FAP 载波基本配置; MOD MOD FAP_SERVICE FAP 载波基本配置,当前命令节点已有相同对象前缀，可作为该 path 的现成命令节点归属
Device.Services.FAPService.{i}.X_COM.LTE.ANR.InterAnrA5Threshold1RSRP,yes,object_prefix_current_command_node,medium,SF,小区服务参数管理（总体）,FAP 载波基本配置,LST FAP_SERVICE,LST,Device.Services.FAPService.{i}.,2,LST LST FAP_SERVICE FAP 载波基本配置; MOD MOD FAP_SERVICE FAP 载波基本配置,当前命令节点已有相同对象前缀，可作为该 path 的现成命令节点归属
Device.Services.FAPService.{i}.X_COM.LTE.ANR.InterAnrA5Threshold2RSRP,yes,object_prefix_current_command_node,medium,SF,小区服务参数管理（总体）,FAP 载波基本配置,LST FAP_SERVICE,LST,Device.Services.FAPService.{i}.,2,LST LST FAP_SERVICE FAP 载波基本配置; MOD MOD FAP_SERVICE FAP 载波基本配置,当前命令节点已有相同对象前缀，可作为该 path 的现成命令节点归属
Device.Services.FAPService.{i}.FAPControl.CONFIG_STATS_FLOW.STATS_FLOW_SWITCH,yes,object_prefix_current_command_node,medium,SF,小区服务参数管理（总体）,FAP 载波基本配置,LST FAP_SERVICE,LST,Device.Services.FAPService.{i}.,2,LST LST FAP_SERVICE FAP 载波基本配置; MOD MOD FAP_SERVICE FAP 载波基本配置,当前命令节点已有相同对象前缀，可作为该 path 的现成命令节点归属
Device.Services.FAPService.{i}.FAPControl.CONFIG_STATS_FLOW.STATS_FLOW_UPLOAD_ADDRESS,yes,object_prefix_current_command_node,medium,SF,小区服务参数管理（总体）,FAP 载波基本配置,LST FAP_SERVICE,LST,Device.Services.FAPService.{i}.,2,LST LST FAP_SERVICE FAP 载波基本配置; MOD MOD FAP_SERVICE FAP 载波基本配置,当前命令节点已有相同对象前缀，可作为该 path 的现成命令节点归属
Device.Services.FAPService.{i}.FAPControl.CONFIG_STATS_FLOW.STATS_FLOW_UPLOAD_INTERVAL,yes,object_prefix_current_command_node,medium,SF,小区服务参数管理（总体）,FAP 载波基本配置,LST FAP_SERVICE,LST,Device.Services.FAPService.{i}.,2,LST LST FAP_SERVICE FAP 载波基本配置; MOD MOD FAP_SERVICE FAP 载波基本配置,当前命令节点已有相同对象前缀，可作为该 path 的现成命令节点归属
Device.Services.FAPService.{i}.FAPControl.LTE.LICENSE.Capacity.{i},yes,object_prefix_current_command_node,medium,SF,小区服务参数管理（总体）,FAP 载波基本配置,LST FAP_SERVICE,LST,Device.Services.FAPService.{i}.,2,LST LST FAP_SERVICE FAP 载波基本配置; MOD MOD FAP_SERVICE FAP 载波基本配置,当前命令节点已有相同对象前缀，可作为该 path 的现成命令节点归属
Device.Services.FAPService.{i}.FAPControl.NR.DscpList.{i},yes,object_prefix_current_command_node,medium,SF,小区服务参数管理（总体）,FAP 载波基本配置,LST FAP_SERVICE,LST,Device.Services.FAPService.{i}.,2,LST LST FAP_SERVICE FAP 载波基本配置; MOD MOD FAP_SERVICE FAP 载波基本配置,当前命令节点已有相同对象前缀，可作为该 path 的现成命令节点归属
Device.Services.FAPService.{i}.CellConfig.{i}.NR.Duf1uLog.Duf1uLogLevel,yes,object_prefix_current_command_node,medium,SF,小区服务参数管理（总体）,FAP 载波基本配置,LST FAP_SERVICE,LST,Device.Services.FAPService.{i}.,2,LST LST FAP_SERVICE FAP 载波基本配置; MOD MOD FAP_SERVICE FAP 载波基本配置,当前命令节点已有相同对象前缀，可作为该 path 的现成命令节点归属
Device.Services.FAPService.{i}.FAPControl.NR.DumgrProvLog.DumgrFileCount,yes,object_prefix_current_command_node,medium,SF,小区服务参数管理（总体）,FAP 载波基本配置,LST FAP_SERVICE,LST,Device.Services.FAPService.{i}.,2,LST LST FAP_SERVICE FAP 载波基本配置; MOD MOD FAP_SERVICE FAP 载波基本配置,当前命令节点已有相同对象前缀，可作为该 path 的现成命令节点归属
Device.Services.FAPService.{i}.FAPControl.NR.DumgrProvLog.DumgrLogLevel,yes,object_prefix_current_command_node,medium,SF,小区服务参数管理（总体）,FAP 载波基本配置,LST FAP_SERVICE,LST,Device.Services.FAPService.{i}.,2,LST LST FAP_SERVICE FAP 载波基本配置; MOD MOD FAP_SERVICE FAP 载波基本配置,当前命令节点已有相同对象前缀，可作为该 path 的现成命令节点归属
Device.Services.FAPService.{i}.FAPControl.NR.DumgrProvLog.DumgrMaxLogFilesize,yes,object_prefix_current_command_node,medium,SF,小区服务参数管理（总体）,FAP 载波基本配置,LST FAP_SERVICE,LST,Device.Services.FAPService.{i}.,2,LST LST FAP_SERVICE FAP 载波基本配置; MOD MOD FAP_SERVICE FAP 载波基本配置,当前命令节点已有相同对象前缀，可作为该 path 的现成命令节点归属
Device.Services.FAPService.{i}.FAPControl.NR.DumgrProvLog.DumgrShmSize,yes,object_prefix_current_command_node,medium,SF,小区服务参数管理（总体）,FAP 载波基本配置,LST FAP_SERVICE,LST,Device.Services.FAPService.{i}.,2,LST LST FAP_SERVICE FAP 载波基本配置; MOD MOD FAP_SERVICE FAP 载波基本配置,当前命令节点已有相同对象前缀，可作为该 path 的现成命令节点归属
Device.Services.FAPService.{i}.X_COM.LTE.EUTRA_NEIGHBOR.AllowedMeasBW,yes,object_prefix_current_command_node,medium,SF,小区服务参数管理（总体）,FAP 载波基本配置,LST FAP_SERVICE,LST,Device.Services.FAPService.{i}.,2,LST LST FAP_SERVICE FAP 载波基本配置; MOD MOD FAP_SERVICE FAP 载波基本配置,当前命令节点已有相同对象前缀，可作为该 path 的现成命令节点归属
Device.Services.FAPService.{i}.FAPControl.NR.F1apDscp.Dscp,yes,object_prefix_current_command_node,medium,SF,小区服务参数管理（总体）,FAP 载波基本配置,LST FAP_SERVICE,LST,Device.Services.FAPService.{i}.,2,LST LST FAP_SERVICE FAP 载波基本配置; MOD MOD FAP_SERVICE FAP 载波基本配置,当前命令节点已有相同对象前缀，可作为该 path 的现成命令节点归属
Device.Services.FAPService.{i}.FAPControl.NR.F1apDscp.VlanPrio,yes,object_prefix_current_command_node,medium,SF,小区服务参数管理（总体）,FAP 载波基本配置,LST FAP_SERVICE,LST,Device.Services.FAPService.{i}.,2,LST LST FAP_SERVICE FAP 载波基本配置; MOD MOD FAP_SERVICE FAP 载波基本配置,当前命令节点已有相同对象前缀，可作为该 path 的现成命令节点归属
Device.Services.FAPService.{i}.FAPControl.NR.F1apLog.RrcLogLevel,yes,object_prefix_current_command_node,medium,SF,小区服务参数管理（总体）,FAP 载波基本配置,LST FAP_SERVICE,LST,Device.Services.FAPService.{i}.,2,LST LST FAP_SERVICE FAP 载波基本配置; MOD MOD FAP_SERVICE FAP 载波基本配置,当前命令节点已有相同对象前缀，可作为该 path 的现成命令节点归属
Device.Services.FAPService.{i}.FAPControl.AUTO_START_ENABLE,yes,object_prefix_current_command_node,medium,SF,小区服务参数管理（总体）,FAP 载波基本配置,LST FAP_SERVICE,LST,Device.Services.FAPService.{i}.,2,LST LST FAP_SERVICE FAP 载波基本配置; MOD MOD FAP_SERVICE FAP 载波基本配置,当前命令节点已有相同对象前缀，可作为该 path 的现成命令节点归属
Device.Services.FAPService.{i}.FAPControl.EciAutoEnable,yes,object_prefix_current_command_node,medium,SF,小区服务参数管理（总体）,FAP 载波基本配置,LST FAP_SERVICE,LST,Device.Services.FAPService.{i}.,2,LST LST FAP_SERVICE FAP 载波基本配置; MOD MOD FAP_SERVICE FAP 载波基本配置,当前命令节点已有相同对象前缀，可作为该 path 的现成命令节点归属
Device.Services.FAPService.{i}.FAPControl.PLLSyncState,yes,object_prefix_current_command_node,medium,SF,小区服务参数管理（总体）,FAP 载波基本配置,LST FAP_SERVICE,LST,Device.Services.FAPService.{i}.,2,LST LST FAP_SERVICE FAP 载波基本配置; MOD MOD FAP_SERVICE FAP 载波基本配置,当前命令节点已有相同对象前缀，可作为该 path 的现成命令节点归属
Device.Services.FAPService.{i}.FAPControl.LTE.Gateway.AGPort1,yes,object_prefix_current_command_node,medium,SF,小区服务参数管理（总体）,FAP 载波基本配置,LST FAP_SERVICE,LST,Device.Services.FAPService.{i}.,2,LST LST FAP_SERVICE FAP 载波基本配置; MOD MOD FAP_SERVICE FAP 载波基本配置,当前命令节点已有相同对象前缀，可作为该 path 的现成命令节点归属
Device.Services.FAPService.{i}.FAPControl.LTE.Gateway.AGPort2,yes,object_prefix_current_command_node,medium,SF,小区服务参数管理（总体）,FAP 载波基本配置,LST FAP_SERVICE,LST,Device.Services.FAPService.{i}.,2,LST LST FAP_SERVICE FAP 载波基本配置; MOD MOD FAP_SERVICE FAP 载波基本配置,当前命令节点已有相同对象前缀，可作为该 path 的现成命令节点归属
Device.Services.FAPService.{i}.FAPControl.LTE.Gateway.AGPort3,yes,object_prefix_current_command_node,medium,SF,小区服务参数管理（总体）,FAP 载波基本配置,LST FAP_SERVICE,LST,Device.Services.FAPService.{i}.,2,LST LST FAP_SERVICE FAP 载波基本配置; MOD MOD FAP_SERVICE FAP 载波基本配置,当前命令节点已有相同对象前缀，可作为该 path 的现成命令节点归属
Device.Services.FAPService.{i}.FAPControl.LTE.Gateway.AGServerEnable,yes,object_prefix_current_command_node,medium,SF,小区服务参数管理（总体）,FAP 载波基本配置,LST FAP_SERVICE,LST,Device.Services.FAPService.{i}.,2,LST LST FAP_SERVICE FAP 载波基本配置; MOD MOD FAP_SERVICE FAP 载波基本配置,当前命令节点已有相同对象前缀，可作为该 path 的现成命令节点归属
Device.Services.FAPService.{i}.FAPControl.LTE.Gateway.AGServerIp1,yes,object_prefix_current_command_node,medium,SF,小区服务参数管理（总体）,FAP 载波基本配置,LST FAP_SERVICE,LST,Device.Services.FAPService.{i}.,2,LST LST FAP_SERVICE FAP 载波基本配置; MOD MOD FAP_SERVICE FAP 载波基本配置,当前命令节点已有相同对象前缀，可作为该 path 的现成命令节点归属
Device.Services.FAPService.{i}.FAPControl.LTE.Gateway.AGServerIp2,yes,object_prefix_current_command_node,medium,SF,小区服务参数管理（总体）,FAP 载波基本配置,LST FAP_SERVICE,LST,Device.Services.FAPService.{i}.,2,LST LST FAP_SERVICE FAP 载波基本配置; MOD MOD FAP_SERVICE FAP 载波基本配置,当前命令节点已有相同对象前缀，可作为该 path 的现成命令节点归属
Device.Services.FAPService.{i}.FAPControl.LTE.Gateway.AGServerIp3,yes,object_prefix_current_command_node,medium,SF,小区服务参数管理（总体）,FAP 载波基本配置,LST FAP_SERVICE,LST,Device.Services.FAPService.{i}.,2,LST LST FAP_SERVICE FAP 载波基本配置; MOD MOD FAP_SERVICE FAP 载波基本配置,当前命令节点已有相同对象前缀，可作为该 path 的现成命令节点归属
Device.Services.FAPService.{i}.FAPControl.LTE.Gateway.ExistPlmnidList,yes,object_prefix_current_command_node,medium,SF,小区服务参数管理（总体）,FAP 载波基本配置,LST FAP_SERVICE,LST,Device.Services.FAPService.{i}.,2,LST LST FAP_SERVICE FAP 载波基本配置; MOD MOD FAP_SERVICE FAP 载波基本配置,当前命令节点已有相同对象前缀，可作为该 path 的现成命令节点归属
Device.Services.FAPService.{i}.FAPControl.LTE.Gateway.MultiS1ConnectionMode,yes,object_prefix_current_command_node,medium,SF,小区服务参数管理（总体）,FAP 载波基本配置,LST FAP_SERVICE,LST,Device.Services.FAPService.{i}.,2,LST LST FAP_SERVICE FAP 载波基本配置; MOD MOD FAP_SERVICE FAP 载波基本配置,当前命令节点已有相同对象前缀，可作为该 path 的现成命令节点归属
Device.Services.FAPService.{i}.FAPControl.LTE.Gateway.S1ConnectionMode,yes,object_prefix_current_command_node,medium,SF,小区服务参数管理（总体）,FAP 载波基本配置,LST FAP_SERVICE,LST,Device.Services.FAPService.{i}.,2,LST LST FAP_SERVICE FAP 载波基本配置; MOD MOD FAP_SERVICE FAP 载波基本配置,当前命令节点已有相同对象前缀，可作为该 path 的现成命令节点归属
Device.Services.FAPService.{i}.FAPControl.LTE.Gateway.S1SigLinkPort,yes,object_prefix_current_command_node,medium,SF,小区服务参数管理（总体）,FAP 载波基本配置,LST FAP_SERVICE,LST,Device.Services.FAPService.{i}.,2,LST LST FAP_SERVICE FAP 载波基本配置; MOD MOD FAP_SERVICE FAP 载波基本配置,当前命令节点已有相同对象前缀，可作为该 path 的现成命令节点归属
Device.Services.FAPService.{i}.FAPControl.LTE.Gateway.S1SigLinkServerList,yes,object_prefix_current_command_node,medium,SF,小区服务参数管理（总体）,FAP 载波基本配置,LST FAP_SERVICE,LST,Device.Services.FAPService.{i}.,2,LST LST FAP_SERVICE FAP 载波基本配置; MOD MOD FAP_SERVICE FAP 载波基本配置,当前命令节点已有相同对象前缀，可作为该 path 的现成命令节点归属
Device.Services.FAPService.{i}.FAPControl.LTE.Gateway.SecGWServer1,yes,object_prefix_current_command_node,medium,SF,小区服务参数管理（总体）,FAP 载波基本配置,LST FAP_SERVICE,LST,Device.Services.FAPService.{i}.,2,LST LST FAP_SERVICE FAP 载波基本配置; MOD MOD FAP_SERVICE FAP 载波基本配置,当前命令节点已有相同对象前缀，可作为该 path 的现成命令节点归属
Device.Services.FAPService.{i}.FAPControl.LTE.Gateway.SecGWServer2,yes,object_prefix_current_command_node,medium,SF,小区服务参数管理（总体）,FAP 载波基本配置,LST FAP_SERVICE,LST,Device.Services.FAPService.{i}.,2,LST LST FAP_SERVICE FAP 载波基本配置; MOD MOD FAP_SERVICE FAP 载波基本配置,当前命令节点已有相同对象前缀，可作为该 path 的现成命令节点归属
Device.Services.FAPService.{i}.FAPControl.LTE.Gateway.SecGWServer3,yes,object_prefix_current_command_node,medium,SF,小区服务参数管理（总体）,FAP 载波基本配置,LST FAP_SERVICE,LST,Device.Services.FAPService.{i}.,2,LST LST FAP_SERVICE FAP 载波基本配置; MOD MOD FAP_SERVICE FAP 载波基本配置,当前命令节点已有相同对象前缀，可作为该 path 的现成命令节点归属
Device.Services.FAPService.{i}.X_COM.LTE.GrpPwrCtrl.PhyIctaadjsamp,yes,object_prefix_current_command_node,medium,SF,小区服务参数管理（总体）,FAP 载波基本配置,LST FAP_SERVICE,LST,Device.Services.FAPService.{i}.,2,LST LST FAP_SERVICE FAP 载波基本配置; MOD MOD FAP_SERVICE FAP 载波基本配置,当前命令节点已有相同对象前缀，可作为该 path 的现成命令节点归属
Device.Services.FAPService.{i}.X_COM.LTE.GrpPwrCtrl.PhyPpssncgpsadjsamp,yes,object_prefix_current_command_node,medium,SF,小区服务参数管理（总体）,FAP 载波基本配置,LST FAP_SERVICE,LST,Device.Services.FAPService.{i}.,2,LST LST FAP_SERVICE FAP 载波基本配置; MOD MOD FAP_SERVICE FAP 载波基本配置,当前命令节点已有相同对象前缀，可作为该 path 的现成命令节点归属
Device.Services.FAPService.{i}.FAPControl.NR.GtpuLog.NguCuf1uLogLevel,yes,object_prefix_current_command_node,medium,SF,小区服务参数管理（总体）,FAP 载波基本配置,LST FAP_SERVICE,LST,Device.Services.FAPService.{i}.,2,LST LST FAP_SERVICE FAP 载波基本配置; MOD MOD FAP_SERVICE FAP 载波基本配置,当前命令节点已有相同对象前缀，可作为该 path 的现成命令节点归属
Device.Services.FAPService.{i}.FAPControl.LTE.HSS.APN,yes,object_prefix_current_command_node,medium,SF,小区服务参数管理（总体）,FAP 载波基本配置,LST FAP_SERVICE,LST,Device.Services.FAPService.{i}.,2,LST LST FAP_SERVICE FAP 载波基本配置; MOD MOD FAP_SERVICE FAP 载波基本配置,当前命令节点已有相同对象前缀，可作为该 path 的现成命令节点归属
Device.Services.FAPService.{i}.FAPControl.LTE.HSS.HaloBEnableState,yes,object_prefix_current_command_node,medium,SF,小区服务参数管理（总体）,FAP 载波基本配置,LST FAP_SERVICE,LST,Device.Services.FAPService.{i}.,2,LST LST FAP_SERVICE FAP 载波基本配置; MOD MOD FAP_SERVICE FAP 载波基本配置,当前命令节点已有相同对象前缀，可作为该 path 的现成命令节点归属
Device.Services.FAPService.{i}.FAPControl.LTE.HSS.HaloBMode,yes,object_prefix_current_command_node,medium,SF,小区服务参数管理（总体）,FAP 载波基本配置,LST FAP_SERVICE,LST,Device.Services.FAPService.{i}.,2,LST LST FAP_SERVICE FAP 载波基本配置; MOD MOD FAP_SERVICE FAP 载波基本配置,当前命令节点已有相同对象前缀，可作为该 path 的现成命令节点归属
Device.Services.FAPService.{i}.FAPControl.LTE.HSS.IMS,yes,object_prefix_current_command_node,medium,SF,小区服务参数管理（总体）,FAP 载波基本配置,LST FAP_SERVICE,LST,Device.Services.FAPService.{i}.,2,LST LST FAP_SERVICE FAP 载波基本配置; MOD MOD FAP_SERVICE FAP 载波基本配置,当前命令节点已有相同对象前缀，可作为该 path 的现成命令节点归属
Device.Services.FAPService.{i}.FAPControl.LTE.HSS.IMSI,yes,object_prefix_current_command_node,medium,SF,小区服务参数管理（总体）,FAP 载波基本配置,LST FAP_SERVICE,LST,Device.Services.FAPService.{i}.,2,LST LST FAP_SERVICE FAP 载波基本配置; MOD MOD FAP_SERVICE FAP 载波基本配置,当前命令节点已有相同对象前缀，可作为该 path 的现成命令节点归属
Device.Services.FAPService.{i}.FAPControl.LTE.HSS.RequestApnEnable,yes,object_prefix_current_command_node,medium,SF,小区服务参数管理（总体）,FAP 载波基本配置,LST FAP_SERVICE,LST,Device.Services.FAPService.{i}.,2,LST LST FAP_SERVICE FAP 载波基本配置; MOD MOD FAP_SERVICE FAP 载波基本配置,当前命令节点已有相同对象前缀，可作为该 path 的现成命令节点归属
Device.Services.FAPService.{i}.FAPControl.LTE.HSS.RequestX2Related,yes,object_prefix_current_command_node,medium,SF,小区服务参数管理（总体）,FAP 载波基本配置,LST FAP_SERVICE,LST,Device.Services.FAPService.{i}.,2,LST LST FAP_SERVICE FAP 载波基本配置; MOD MOD FAP_SERVICE FAP 载波基本配置,当前命令节点已有相同对象前缀，可作为该 path 的现成命令节点归属
Device.Services.FAPService.{i}.FAPControl.LTE.HSS.X2RelatedParameters,yes,object_prefix_current_command_node,medium,SF,小区服务参数管理（总体）,FAP 载波基本配置,LST FAP_SERVICE,LST,Device.Services.FAPService.{i}.,2,LST LST FAP_SERVICE FAP 载波基本配置; MOD MOD FAP_SERVICE FAP 载波基本配置,当前命令节点已有相同对象前缀，可作为该 path 的现成命令节点归属
Device.Services.FAPService.{i}.X_COM.LTE.IRAT.B2Threshold2Geran,yes,object_prefix_current_command_node,medium,SF,小区服务参数管理（总体）,FAP 载波基本配置,LST FAP_SERVICE,LST,Device.Services.FAPService.{i}.,2,LST LST FAP_SERVICE FAP 载波基本配置; MOD MOD FAP_SERVICE FAP 载波基本配置,当前命令节点已有相同对象前缀，可作为该 path 的现成命令节点归属
Device.Services.FAPService.{i}.X_COM.LTE.IRAT.B2threshold1RsrpGeran,yes,object_prefix_current_command_node,medium,SF,小区服务参数管理（总体）,FAP 载波基本配置,LST FAP_SERVICE,LST,Device.Services.FAPService.{i}.,2,LST LST FAP_SERVICE FAP 载波基本配置; MOD MOD FAP_SERVICE FAP 载波基本配置,当前命令节点已有相同对象前缀，可作为该 path 的现成命令节点归属
Device.Services.FAPService.{i}.X_COM.LTE.IRAT.B2threshold1RsrpHO,yes,object_prefix_current_command_node,medium,SF,小区服务参数管理（总体）,FAP 载波基本配置,LST FAP_SERVICE,LST,Device.Services.FAPService.{i}.,2,LST LST FAP_SERVICE FAP 载波基本配置; MOD MOD FAP_SERVICE FAP 载波基本配置,当前命令节点已有相同对象前缀，可作为该 path 的现成命令节点归属
Device.Services.FAPService.{i}.X_COM.LTE.IRAT.TargetUlSinr,yes,object_prefix_current_command_node,medium,SF,小区服务参数管理（总体）,FAP 载波基本配置,LST FAP_SERVICE,LST,Device.Services.FAPService.{i}.,2,LST LST FAP_SERVICE FAP 载波基本配置; MOD MOD FAP_SERVICE FAP 载波基本配置,当前命令节点已有相同对象前缀，可作为该 path 的现成命令节点归属
Device.Services.FAPService.{i}.FAPControl.Halob.L2.l2TunnelEnable,yes,object_prefix_current_command_node,medium,SF,小区服务参数管理（总体）,FAP 载波基本配置,LST FAP_SERVICE,LST,Device.Services.FAPService.{i}.,2,LST LST FAP_SERVICE FAP 载波基本配置; MOD MOD FAP_SERVICE FAP 载波基本配置,当前命令节点已有相同对象前缀，可作为该 path 的现成命令节点归属
Device.Services.FAPService.{i}.FAPControl.Halob.L2.l2TunnelIp,yes,object_prefix_current_command_node,medium,SF,小区服务参数管理（总体）,FAP 载波基本配置,LST FAP_SERVICE,LST,Device.Services.FAPService.{i}.,2,LST LST FAP_SERVICE FAP 载波基本配置; MOD MOD FAP_SERVICE FAP 载波基本配置,当前命令节点已有相同对象前缀，可作为该 path 的现成命令节点归属
Device.Services.FAPService.{i}.FAPControl.Halob.L2.l2TunnelMode,yes,object_prefix_current_command_node,medium,SF,小区服务参数管理（总体）,FAP 载波基本配置,LST FAP_SERVICE,LST,Device.Services.FAPService.{i}.,2,LST LST FAP_SERVICE FAP 载波基本配置; MOD MOD FAP_SERVICE FAP 载波基本配置,当前命令节点已有相同对象前缀，可作为该 path 的现成命令节点归属
Device.Services.FAPService.{i}.FAPControl.LTE.LICENSE.Author,yes,object_prefix_current_command_node,medium,SF,小区服务参数管理（总体）,FAP 载波基本配置,LST FAP_SERVICE,LST,Device.Services.FAPService.{i}.,2,LST LST FAP_SERVICE FAP 载波基本配置; MOD MOD FAP_SERVICE FAP 载波基本配置,当前命令节点已有相同对象前缀，可作为该 path 的现成命令节点归属
Device.Services.FAPService.{i}.FAPControl.LTE.LICENSE.CapacityListNumberOfEntries,yes,object_prefix_current_command_node,medium,SF,小区服务参数管理（总体）,FAP 载波基本配置,LST FAP_SERVICE,LST,Device.Services.FAPService.{i}.,2,LST LST FAP_SERVICE FAP 载波基本配置; MOD MOD FAP_SERVICE FAP 载波基本配置,当前命令节点已有相同对象前缀，可作为该 path 的现成命令节点归属
Device.Services.FAPService.{i}.FAPControl.LTE.LICENSE.Code,yes,object_prefix_current_command_node,medium,SF,小区服务参数管理（总体）,FAP 载波基本配置,LST FAP_SERVICE,LST,Device.Services.FAPService.{i}.,2,LST LST FAP_SERVICE FAP 载波基本配置; MOD MOD FAP_SERVICE FAP 载波基本配置,当前命令节点已有相同对象前缀，可作为该 path 的现成命令节点归属
Device.Services.FAPService.{i}.FAPControl.LTE.LICENSE.GenerateDate,yes,object_prefix_current_command_node,medium,SF,小区服务参数管理（总体）,FAP 载波基本配置,LST FAP_SERVICE,LST,Device.Services.FAPService.{i}.,2,LST LST FAP_SERVICE FAP 载波基本配置; MOD MOD FAP_SERVICE FAP 载波基本配置,当前命令节点已有相同对象前缀，可作为该 path 的现成命令节点归属
Device.Services.FAPService.{i}.FAPControl.LTE.LICENSE.HaloBCentralizedModeAvailable,yes,object_prefix_current_command_node,medium,SF,小区服务参数管理（总体）,FAP 载波基本配置,LST FAP_SERVICE,LST,Device.Services.FAPService.{i}.,2,LST LST FAP_SERVICE FAP 载波基本配置; MOD MOD FAP_SERVICE FAP 载波基本配置,当前命令节点已有相同对象前缀，可作为该 path 的现成命令节点归属
Device.Services.FAPService.{i}.FAPControl.LTE.LICENSE.HaloBSingleModeAvailable,yes,object_prefix_current_command_node,medium,SF,小区服务参数管理（总体）,FAP 载波基本配置,LST FAP_SERVICE,LST,Device.Services.FAPService.{i}.,2,LST LST FAP_SERVICE FAP 载波基本配置; MOD MOD FAP_SERVICE FAP 载波基本配置,当前命令节点已有相同对象前缀，可作为该 path 的现成命令节点归属
Device.Services.FAPService.{i}.FAPControl.LTE.LICENSE.SeqNum,yes,object_prefix_current_command_node,medium,SF,小区服务参数管理（总体）,FAP 载波基本配置,LST FAP_SERVICE,LST,Device.Services.FAPService.{i}.,2,LST LST FAP_SERVICE FAP 载波基本配置; MOD MOD FAP_SERVICE FAP 载波基本配置,当前命令节点已有相同对象前缀，可作为该 path 的现成命令节点归属
Device.Services.FAPService.{i}.FAPControl.LTE.LICENSE.Version,yes,object_prefix_current_command_node,medium,SF,小区服务参数管理（总体）,FAP 载波基本配置,LST FAP_SERVICE,LST,Device.Services.FAPService.{i}.,2,LST LST FAP_SERVICE FAP 载波基本配置; MOD MOD FAP_SERVICE FAP 载波基本配置,当前命令节点已有相同对象前缀，可作为该 path 的现成命令节点归属
Device.Services.FAPService.{i}.AccessMgmt.LTE.HNBName,yes,object_prefix_current_command_node,medium,SF,小区服务参数管理（总体）,FAP 载波基本配置,LST FAP_SERVICE,LST,Device.Services.FAPService.{i}.,2,LST LST FAP_SERVICE FAP 载波基本配置; MOD MOD FAP_SERVICE FAP 载波基本配置,当前命令节点已有相同对象前缀，可作为该 path 的现成命令节点归属
Device.Services.FAPService.{i}.AccessMgmt.LTE.MaxUEsServed,yes,object_prefix_current_command_node,medium,SF,小区服务参数管理（总体）,FAP 载波基本配置,LST FAP_SERVICE,LST,Device.Services.FAPService.{i}.,2,LST LST FAP_SERVICE FAP 载波基本配置; MOD MOD FAP_SERVICE FAP 载波基本配置,当前命令节点已有相同对象前缀，可作为该 path 的现成命令节点归属
Device.Services.FAPService.{i}.Capabilities.LTE.BandsSupported,yes,object_prefix_current_command_node,medium,SF,小区服务参数管理（总体）,FAP 载波能力集,LST FAP_SERVICE_CAPABILITIES,LST,Device.Services.FAPService.{i}.Capabilities.LTE.,2,LST LST FAP_SERVICE_CAPABILITIES FAP 载波能力集; MOD MOD FAP_SERVICE_CAPABILITIES FAP 载波能力集,当前命令节点已有相同对象前缀，可作为该 path 的现成命令节点归属
Device.Services.FAPService.{i}.Capabilities.LTE.DuplexMode,yes,object_prefix_current_command_node,medium,SF,小区服务参数管理（总体）,FAP 载波能力集,LST FAP_SERVICE_CAPABILITIES,LST,Device.Services.FAPService.{i}.Capabilities.LTE.,2,LST LST FAP_SERVICE_CAPABILITIES FAP 载波能力集; MOD MOD FAP_SERVICE_CAPABILITIES FAP 载波能力集,当前命令节点已有相同对象前缀，可作为该 path 的现成命令节点归属
Device.Services.FAPService.{i}.Capabilities.LTE.SupportActiveRRCNumbers,yes,object_prefix_current_command_node,medium,SF,小区服务参数管理（总体）,FAP 载波能力集,LST FAP_SERVICE_CAPABILITIES,LST,Device.Services.FAPService.{i}.Capabilities.LTE.,2,LST LST FAP_SERVICE_CAPABILITIES FAP 载波能力集; MOD MOD FAP_SERVICE_CAPABILITIES FAP 载波能力集,当前命令节点已有相同对象前缀，可作为该 path 的现成命令节点归属
Device.Services.FAPService.{i}.Capabilities.LTE.UeInactiveTimer,yes,object_prefix_current_command_node,medium,SF,小区服务参数管理（总体）,FAP 载波能力集,LST FAP_SERVICE_CAPABILITIES,LST,Device.Services.FAPService.{i}.Capabilities.LTE.,2,LST LST FAP_SERVICE_CAPABILITIES FAP 载波能力集; MOD MOD FAP_SERVICE_CAPABILITIES FAP 载波能力集,当前命令节点已有相同对象前缀，可作为该 path 的现成命令节点归属
Device.Services.FAPService.{i}.FAPControl.LTE.AdminState,yes,object_prefix_current_command_node,medium,SF,小区服务参数管理（总体）,FAP 载波基本配置,LST FAP_SERVICE,LST,Device.Services.FAPService.{i}.,2,LST LST FAP_SERVICE FAP 载波基本配置; MOD MOD FAP_SERVICE FAP 载波基本配置,当前命令节点已有相同对象前缀，可作为该 path 的现成命令节点归属
Device.Services.FAPService.{i}.FAPControl.LTE.InUse,yes,object_prefix_current_command_node,medium,SF,小区服务参数管理（总体）,FAP 载波基本配置,LST FAP_SERVICE,LST,Device.Services.FAPService.{i}.,2,LST LST FAP_SERVICE FAP 载波基本配置; MOD MOD FAP_SERVICE FAP 载波基本配置,当前命令节点已有相同对象前缀，可作为该 path 的现成命令节点归属
Device.Services.FAPService.{i}.FAPControl.LTE.OpState,yes,object_prefix_current_command_node,medium,SF,小区服务参数管理（总体）,FAP 载波基本配置,LST FAP_SERVICE,LST,Device.Services.FAPService.{i}.,2,LST LST FAP_SERVICE FAP 载波基本配置; MOD MOD FAP_SERVICE FAP 载波基本配置,当前命令节点已有相同对象前缀，可作为该 path 的现成命令节点归属
Device.Services.FAPService.{i}.FAPControl.LTE.RFTxStatus,yes,object_prefix_current_command_node,medium,SF,小区服务参数管理（总体）,FAP 载波基本配置,LST FAP_SERVICE,LST,Device.Services.FAPService.{i}.,2,LST LST FAP_SERVICE FAP 载波基本配置; MOD MOD FAP_SERVICE FAP 载波基本配置,当前命令节点已有相同对象前缀，可作为该 path 的现成命令节点归属
Device.Services.FAPService.{i}.FAPControl.LTE.RUHOControlEnable,yes,object_prefix_current_command_node,medium,SF,小区服务参数管理（总体）,FAP 载波基本配置,LST FAP_SERVICE,LST,Device.Services.FAPService.{i}.,2,LST LST FAP_SERVICE FAP 载波基本配置; MOD MOD FAP_SERVICE FAP 载波基本配置,当前命令节点已有相同对象前缀，可作为该 path 的现成命令节点归属
Device.Services.FAPService.{i}.FAPControl.LTE.SourcedSignalEnable,yes,object_prefix_current_command_node,medium,SF,小区服务参数管理（总体）,FAP 载波基本配置,LST FAP_SERVICE,LST,Device.Services.FAPService.{i}.,2,LST LST FAP_SERVICE FAP 载波基本配置; MOD MOD FAP_SERVICE FAP 载波基本配置,当前命令节点已有相同对象前缀，可作为该 path 的现成命令节点归属
Device.Services.FAPService.{i}.X_COM.LTE.HOVA3Offset,yes,object_prefix_current_command_node,medium,SF,小区服务参数管理（总体）,FAP 载波基本配置,LST FAP_SERVICE,LST,Device.Services.FAPService.{i}.,2,LST LST FAP_SERVICE FAP 载波基本配置; MOD MOD FAP_SERVICE FAP 载波基本配置,当前命令节点已有相同对象前缀，可作为该 path 的现成命令节点归属
Device.Services.FAPService.{i}.X_COM.LTE.HOVInterA5Threshold1RSRP,yes,object_prefix_current_command_node,medium,SF,小区服务参数管理（总体）,FAP 载波基本配置,LST FAP_SERVICE,LST,Device.Services.FAPService.{i}.,2,LST LST FAP_SERVICE FAP 载波基本配置; MOD MOD FAP_SERVICE FAP 载波基本配置,当前命令节点已有相同对象前缀，可作为该 path 的现成命令节点归属
Device.Services.FAPService.{i}.X_COM.LTE.HOVInterA5Threshold2RSRP,yes,object_prefix_current_command_node,medium,SF,小区服务参数管理（总体）,FAP 载波基本配置,LST FAP_SERVICE,LST,Device.Services.FAPService.{i}.,2,LST LST FAP_SERVICE FAP 载波基本配置; MOD MOD FAP_SERVICE FAP 载波基本配置,当前命令节点已有相同对象前缀，可作为该 path 的现成命令节点归属
Device.Services.FAPService.{i}.FAPControl.NR.LgwFwdCfg.LgwBindName,yes,object_prefix_current_command_node,medium,SF,小区服务参数管理（总体）,FAP 载波基本配置,LST FAP_SERVICE,LST,Device.Services.FAPService.{i}.,2,LST LST FAP_SERVICE FAP 载波基本配置; MOD MOD FAP_SERVICE FAP 载波基本配置,当前命令节点已有相同对象前缀，可作为该 path 的现成命令节点归属
Device.Services.FAPService.{i}.FAPControl.NR.LgwFwdCfg.LgwEnable,yes,object_prefix_current_command_node,medium,SF,小区服务参数管理（总体）,FAP 载波基本配置,LST FAP_SERVICE,LST,Device.Services.FAPService.{i}.,2,LST LST FAP_SERVICE FAP 载波基本配置; MOD MOD FAP_SERVICE FAP 载波基本配置,当前命令节点已有相同对象前缀，可作为该 path 的现成命令节点归属
Device.Services.FAPService.{i}.FAPControl.NR.LgwFwdCfg.LgwFwdIpv4Addr,yes,object_prefix_current_command_node,medium,SF,小区服务参数管理（总体）,FAP 载波基本配置,LST FAP_SERVICE,LST,Device.Services.FAPService.{i}.,2,LST LST FAP_SERVICE FAP 载波基本配置; MOD MOD FAP_SERVICE FAP 载波基本配置,当前命令节点已有相同对象前缀，可作为该 path 的现成命令节点归属
Device.Services.FAPService.{i}.FAPControl.NR.LgwFwdCfg.LgwFwdIpv4Enable,yes,object_prefix_current_command_node,medium,SF,小区服务参数管理（总体）,FAP 载波基本配置,LST FAP_SERVICE,LST,Device.Services.FAPService.{i}.,2,LST LST FAP_SERVICE FAP 载波基本配置; MOD MOD FAP_SERVICE FAP 载波基本配置,当前命令节点已有相同对象前缀，可作为该 path 的现成命令节点归属
Device.Services.FAPService.{i}.FAPControl.NR.LgwFwdCfg.LgwFwdIpv4Mask,yes,object_prefix_current_command_node,medium,SF,小区服务参数管理（总体）,FAP 载波基本配置,LST FAP_SERVICE,LST,Device.Services.FAPService.{i}.,2,LST LST FAP_SERVICE FAP 载波基本配置; MOD MOD FAP_SERVICE FAP 载波基本配置,当前命令节点已有相同对象前缀，可作为该 path 的现成命令节点归属
Device.Services.FAPService.{i}.FAPControl.NR.LgwFwdCfg.LgwFwdIpv6Addr,yes,object_prefix_current_command_node,medium,SF,小区服务参数管理（总体）,FAP 载波基本配置,LST FAP_SERVICE,LST,Device.Services.FAPService.{i}.,2,LST LST FAP_SERVICE FAP 载波基本配置; MOD MOD FAP_SERVICE FAP 载波基本配置,当前命令节点已有相同对象前缀，可作为该 path 的现成命令节点归属
Device.Services.FAPService.{i}.FAPControl.NR.LgwFwdCfg.LgwFwdIpv6Enable,yes,object_prefix_current_command_node,medium,SF,小区服务参数管理（总体）,FAP 载波基本配置,LST FAP_SERVICE,LST,Device.Services.FAPService.{i}.,2,LST LST FAP_SERVICE FAP 载波基本配置; MOD MOD FAP_SERVICE FAP 载波基本配置,当前命令节点已有相同对象前缀，可作为该 path 的现成命令节点归属
Device.Services.FAPService.{i}.FAPControl.NR.LgwFwdCfg.LgwFwdIpv6PrefixLen,yes,object_prefix_current_command_node,medium,SF,小区服务参数管理（总体）,FAP 载波基本配置,LST FAP_SERVICE,LST,Device.Services.FAPService.{i}.,2,LST LST FAP_SERVICE FAP 载波基本配置; MOD MOD FAP_SERVICE FAP 载波基本配置,当前命令节点已有相同对象前缀，可作为该 path 的现成命令节点归属
Device.Services.FAPService.{i}.FAPControl.NR.LgwFwdCfg.LgwFwdMode,yes,object_prefix_current_command_node,medium,SF,小区服务参数管理（总体）,FAP 载波基本配置,LST FAP_SERVICE,LST,Device.Services.FAPService.{i}.,2,LST LST FAP_SERVICE FAP 载波基本配置; MOD MOD FAP_SERVICE FAP 载波基本配置,当前命令节点已有相同对象前缀，可作为该 path 的现成命令节点归属
Device.Services.FAPService.{i}.CellConfig.{i}.NR.MacSchedulerInfo.MacLogLevel,yes,object_prefix_current_command_node,medium,SF,小区服务参数管理（总体）,FAP 载波基本配置,LST FAP_SERVICE,LST,Device.Services.FAPService.{i}.,2,LST LST FAP_SERVICE FAP 载波基本配置; MOD MOD FAP_SERVICE FAP 载波基本配置,当前命令节点已有相同对象前缀，可作为该 path 的现成命令节点归属
Device.Services.FAPService.{i}.CellConfig.{i}.NR.MacSchedulerInfo.SchLogLevel,yes,object_prefix_current_command_node,medium,SF,小区服务参数管理（总体）,FAP 载波基本配置,LST FAP_SERVICE,LST,Device.Services.FAPService.{i}.,2,LST LST FAP_SERVICE FAP 载波基本配置; MOD MOD FAP_SERVICE FAP 载波基本配置,当前命令节点已有相同对象前缀，可作为该 path 的现成命令节点归属
Device.Services.FAPService.{i}.FAPControl.LTE.Gateway.MmePool.Enable,yes,object_prefix_current_command_node,medium,SF,小区服务参数管理（总体）,FAP 载波基本配置,LST FAP_SERVICE,LST,Device.Services.FAPService.{i}.,2,LST LST FAP_SERVICE FAP 载波基本配置; MOD MOD FAP_SERVICE FAP 载波基本配置,当前命令节点已有相同对象前缀，可作为该 path 的现成命令节点归属
Device.Services.FAPService.{i}.FAPControl.LTE.Gateway.MmePool.MmePool1IpsecAddr,yes,object_prefix_current_command_node,medium,SF,小区服务参数管理（总体）,FAP 载波基本配置,LST FAP_SERVICE,LST,Device.Services.FAPService.{i}.,2,LST LST FAP_SERVICE FAP 载波基本配置; MOD MOD FAP_SERVICE FAP 载波基本配置,当前命令节点已有相同对象前缀，可作为该 path 的现成命令节点归属
Device.Services.FAPService.{i}.FAPControl.LTE.Gateway.MmePool.MmePool1List,yes,object_prefix_current_command_node,medium,SF,小区服务参数管理（总体）,FAP 载波基本配置,LST FAP_SERVICE,LST,Device.Services.FAPService.{i}.,2,LST LST FAP_SERVICE FAP 载波基本配置; MOD MOD FAP_SERVICE FAP 载波基本配置,当前命令节点已有相同对象前缀，可作为该 path 的现成命令节点归属
Device.Services.FAPService.{i}.FAPControl.LTE.Gateway.MmePool.MmePool1Status,yes,object_prefix_current_command_node,medium,SF,小区服务参数管理（总体）,FAP 载波基本配置,LST FAP_SERVICE,LST,Device.Services.FAPService.{i}.,2,LST LST FAP_SERVICE FAP 载波基本配置; MOD MOD FAP_SERVICE FAP 载波基本配置,当前命令节点已有相同对象前缀，可作为该 path 的现成命令节点归属
Device.Services.FAPService.{i}.FAPControl.LTE.Gateway.MmePool.MmePool2IpsecAddr,yes,object_prefix_current_command_node,medium,SF,小区服务参数管理（总体）,FAP 载波基本配置,LST FAP_SERVICE,LST,Device.Services.FAPService.{i}.,2,LST LST FAP_SERVICE FAP 载波基本配置; MOD MOD FAP_SERVICE FAP 载波基本配置,当前命令节点已有相同对象前缀，可作为该 path 的现成命令节点归属
Device.Services.FAPService.{i}.FAPControl.LTE.Gateway.MmePool.MmePool2List,yes,object_prefix_current_command_node,medium,SF,小区服务参数管理（总体）,FAP 载波基本配置,LST FAP_SERVICE,LST,Device.Services.FAPService.{i}.,2,LST LST FAP_SERVICE FAP 载波基本配置; MOD MOD FAP_SERVICE FAP 载波基本配置,当前命令节点已有相同对象前缀，可作为该 path 的现成命令节点归属
Device.Services.FAPService.{i}.FAPControl.LTE.Gateway.MmePool.MmePool2Status,yes,object_prefix_current_command_node,medium,SF,小区服务参数管理（总体）,FAP 载波基本配置,LST FAP_SERVICE,LST,Device.Services.FAPService.{i}.,2,LST LST FAP_SERVICE FAP 载波基本配置; MOD MOD FAP_SERVICE FAP 载波基本配置,当前命令节点已有相同对象前缀，可作为该 path 的现成命令节点归属
Device.Services.FAPService.{i}.FAPControl.LTE.Gateway.MmePool.MmePoolListMapIpsecTunnel,yes,object_prefix_current_command_node,medium,SF,小区服务参数管理（总体）,FAP 载波基本配置,LST FAP_SERVICE,LST,Device.Services.FAPService.{i}.,2,LST LST FAP_SERVICE FAP 载波基本配置; MOD MOD FAP_SERVICE FAP 载波基本配置,当前命令节点已有相同对象前缀，可作为该 path 的现成命令节点归属
Device.Services.FAPService.{i}.CellConfig.LTE.MocnConfigParam.{i},yes,object_prefix_current_command_node,medium,SF,小区服务参数管理（总体）,FAP 载波基本配置,LST FAP_SERVICE,LST,Device.Services.FAPService.{i}.,2,LST LST FAP_SERVICE FAP 载波基本配置; MOD MOD FAP_SERVICE FAP 载波基本配置,当前命令节点已有相同对象前缀，可作为该 path 的现成命令节点归属
Device.Services.FAPService.{i}.CellConfig.LTE.MultiIpsecConfigParam.{i},yes,object_prefix_current_command_node,medium,SF,小区服务参数管理（总体）,FAP 载波基本配置,LST FAP_SERVICE,LST,Device.Services.FAPService.{i}.,2,LST LST FAP_SERVICE FAP 载波基本配置; MOD MOD FAP_SERVICE FAP 载波基本配置,当前命令节点已有相同对象前缀，可作为该 path 的现成命令节点归属
Device.Services.FAPService.{i}.FAPControl.NR.MultiPlmnEnable,yes,object_prefix_current_command_node,medium,SF,小区服务参数管理（总体）,FAP 载波基本配置,LST FAP_SERVICE,LST,Device.Services.FAPService.{i}.,2,LST LST FAP_SERVICE FAP 载波基本配置; MOD MOD FAP_SERVICE FAP 载波基本配置,当前命令节点已有相同对象前缀，可作为该 path 的现成命令节点归属
Device.Services.FAPService.{i}.FAPControl.NR.NgapDscp.Dscp,yes,object_prefix_current_command_node,medium,SF,小区服务参数管理（总体）,FAP 载波基本配置,LST FAP_SERVICE,LST,Device.Services.FAPService.{i}.,2,LST LST FAP_SERVICE FAP 载波基本配置; MOD MOD FAP_SERVICE FAP 载波基本配置,当前命令节点已有相同对象前缀，可作为该 path 的现成命令节点归属
Device.Services.FAPService.{i}.FAPControl.NR.NgapDscp.VlanPrio,yes,object_prefix_current_command_node,medium,SF,小区服务参数管理（总体）,FAP 载波基本配置,LST FAP_SERVICE,LST,Device.Services.FAPService.{i}.,2,LST LST FAP_SERVICE FAP 载波基本配置; MOD MOD FAP_SERVICE FAP 载波基本配置,当前命令节点已有相同对象前缀，可作为该 path 的现成命令节点归属
Device.Services.FAPService.{i}.FAPControl.NR.OamDscp.Dscp,yes,object_prefix_current_command_node,medium,SF,小区服务参数管理（总体）,FAP 载波基本配置,LST FAP_SERVICE,LST,Device.Services.FAPService.{i}.,2,LST LST FAP_SERVICE FAP 载波基本配置; MOD MOD FAP_SERVICE FAP 载波基本配置,当前命令节点已有相同对象前缀，可作为该 path 的现成命令节点归属
Device.Services.FAPService.{i}.FAPControl.NR.OamDscp.VlanPrio,yes,object_prefix_current_command_node,medium,SF,小区服务参数管理（总体）,FAP 载波基本配置,LST FAP_SERVICE,LST,Device.Services.FAPService.{i}.,2,LST LST FAP_SERVICE FAP 载波基本配置; MOD MOD FAP_SERVICE FAP 载波基本配置,当前命令节点已有相同对象前缀，可作为该 path 的现成命令节点归属
Device.Services.FAPService.{i}.CellConfig.{i}.NR.CN.TA.{i}.PLMNList.{i},yes,object_prefix_current_command_node,medium,SF,小区服务参数管理（总体）,FAP 载波基本配置,LST FAP_SERVICE,LST,Device.Services.FAPService.{i}.,2,LST LST FAP_SERVICE FAP 载波基本配置; MOD MOD FAP_SERVICE FAP 载波基本配置,当前命令节点已有相同对象前缀，可作为该 path 的现成命令节点归属
Device.Services.FAPService.{i}.FAPControl.NR.PdcpLog.PdcpLogLevel,yes,object_prefix_current_command_node,medium,SF,小区服务参数管理（总体）,FAP 载波基本配置,LST FAP_SERVICE,LST,Device.Services.FAPService.{i}.,2,LST LST FAP_SERVICE FAP 载波基本配置; MOD MOD FAP_SERVICE FAP 载波基本配置,当前命令节点已有相同对象前缀，可作为该 path 的现成命令节点归属
Device.Services.FAPService.{i}.FAPControl.Qos.QosSstInfo.{i},yes,object_prefix_current_command_node,medium,SF,小区服务参数管理（总体）,FAP 载波基本配置,LST FAP_SERVICE,LST,Device.Services.FAPService.{i}.,2,LST LST FAP_SERVICE FAP 载波基本配置; MOD MOD FAP_SERVICE FAP 载波基本配置,当前命令节点已有相同对象前缀，可作为该 path 的现成命令节点归属
Device.Services.FAPService.{i}.FAPControl.NR.RlcLog.RlcLogLevel,yes,object_prefix_current_command_node,medium,SF,小区服务参数管理（总体）,FAP 载波基本配置,LST FAP_SERVICE,LST,Device.Services.FAPService.{i}.,2,LST LST FAP_SERVICE FAP 载波基本配置; MOD MOD FAP_SERVICE FAP 载波基本配置,当前命令节点已有相同对象前缀，可作为该 path 的现成命令节点归属
Device.Services.FAPService.{i}.FAPControl.NR.RlcLog.RlclLogLevel,yes,object_prefix_current_command_node,medium,SF,小区服务参数管理（总体）,FAP 载波基本配置,LST FAP_SERVICE,LST,Device.Services.FAPService.{i}.,2,LST LST FAP_SERVICE FAP 载波基本配置; MOD MOD FAP_SERVICE FAP 载波基本配置,当前命令节点已有相同对象前缀，可作为该 path 的现成命令节点归属
Device.Services.FAPService.{i}.FAPControl.NR.RrcProv.RrcMaxLogFileCount,yes,object_prefix_current_command_node,medium,SF,小区服务参数管理（总体）,FAP 载波基本配置,LST FAP_SERVICE,LST,Device.Services.FAPService.{i}.,2,LST LST FAP_SERVICE FAP 载波基本配置; MOD MOD FAP_SERVICE FAP 载波基本配置,当前命令节点已有相同对象前缀，可作为该 path 的现成命令节点归属
Device.Services.FAPService.{i}.FAPControl.NR.RrcProv.RrcMaxLogFileSize,yes,object_prefix_current_command_node,medium,SF,小区服务参数管理（总体）,FAP 载波基本配置,LST FAP_SERVICE,LST,Device.Services.FAPService.{i}.,2,LST LST FAP_SERVICE FAP 载波基本配置; MOD MOD FAP_SERVICE FAP 载波基本配置,当前命令节点已有相同对象前缀，可作为该 path 的现成命令节点归属
Device.Services.FAPService.{i}.FAPControl.NR.RrcProv.RrcSharedMemSize,yes,object_prefix_current_command_node,medium,SF,小区服务参数管理（总体）,FAP 载波基本配置,LST FAP_SERVICE,LST,Device.Services.FAPService.{i}.,2,LST LST FAP_SERVICE FAP 载波基本配置; MOD MOD FAP_SERVICE FAP 载波基本配置,当前命令节点已有相同对象前缀，可作为该 path 的现成命令节点归属
Device.Services.FAPService.{i}.CellConfig.{i}.NR.RrmLogConfig.OamLogFileCount,yes,object_prefix_current_command_node,medium,SF,小区服务参数管理（总体）,FAP 载波基本配置,LST FAP_SERVICE,LST,Device.Services.FAPService.{i}.,2,LST LST FAP_SERVICE FAP 载波基本配置; MOD MOD FAP_SERVICE FAP 载波基本配置,当前命令节点已有相同对象前缀，可作为该 path 的现成命令节点归属
Device.Services.FAPService.{i}.CellConfig.{i}.NR.RrmLogConfig.OamLogFileSize,yes,object_prefix_current_command_node,medium,SF,小区服务参数管理（总体）,FAP 载波基本配置,LST FAP_SERVICE,LST,Device.Services.FAPService.{i}.,2,LST LST FAP_SERVICE FAP 载波基本配置; MOD MOD FAP_SERVICE FAP 载波基本配置,当前命令节点已有相同对象前缀，可作为该 path 的现成命令节点归属
Device.Services.FAPService.{i}.CellConfig.{i}.NR.RrmLogConfig.OamShmSize,yes,object_prefix_current_command_node,medium,SF,小区服务参数管理（总体）,FAP 载波基本配置,LST FAP_SERVICE,LST,Device.Services.FAPService.{i}.,2,LST LST FAP_SERVICE FAP 载波基本配置; MOD MOD FAP_SERVICE FAP 载波基本配置,当前命令节点已有相同对象前缀，可作为该 path 的现成命令节点归属
Device.Services.FAPService.{i}.CellConfig.{i}.NR.RrmLogConfig.RrmFileCount,yes,object_prefix_current_command_node,medium,SF,小区服务参数管理（总体）,FAP 载波基本配置,LST FAP_SERVICE,LST,Device.Services.FAPService.{i}.,2,LST LST FAP_SERVICE FAP 载波基本配置; MOD MOD FAP_SERVICE FAP 载波基本配置,当前命令节点已有相同对象前缀，可作为该 path 的现成命令节点归属
Device.Services.FAPService.{i}.CellConfig.{i}.NR.RrmLogConfig.RrmLogFilesize,yes,object_prefix_current_command_node,medium,SF,小区服务参数管理（总体）,FAP 载波基本配置,LST FAP_SERVICE,LST,Device.Services.FAPService.{i}.,2,LST LST FAP_SERVICE FAP 载波基本配置; MOD MOD FAP_SERVICE FAP 载波基本配置,当前命令节点已有相同对象前缀，可作为该 path 的现成命令节点归属
Device.Services.FAPService.{i}.CellConfig.{i}.NR.RrmLogConfig.RrmLogLevel,yes,object_prefix_current_command_node,medium,SF,小区服务参数管理（总体）,FAP 载波基本配置,LST FAP_SERVICE,LST,Device.Services.FAPService.{i}.,2,LST LST FAP_SERVICE FAP 载波基本配置; MOD MOD FAP_SERVICE FAP 载波基本配置,当前命令节点已有相同对象前缀，可作为该 path 的现成命令节点归属
Device.Services.FAPService.{i}.CellConfig.{i}.NR.RrmLogConfig.RrmShmSize,yes,object_prefix_current_command_node,medium,SF,小区服务参数管理（总体）,FAP 载波基本配置,LST FAP_SERVICE,LST,Device.Services.FAPService.{i}.,2,LST LST FAP_SERVICE FAP 载波基本配置; MOD MOD FAP_SERVICE FAP 载波基本配置,当前命令节点已有相同对象前缀，可作为该 path 的现成命令节点归属
Device.Services.FAPService.{i}.X_COM.LTE.SchedulerConfig.DLSchedulerType,yes,object_prefix_current_command_node,medium,SF,小区服务参数管理（总体）,FAP 载波基本配置,LST FAP_SERVICE,LST,Device.Services.FAPService.{i}.,2,LST LST FAP_SERVICE FAP 载波基本配置; MOD MOD FAP_SERVICE FAP 载波基本配置,当前命令节点已有相同对象前缀，可作为该 path 的现成命令节点归属
Device.Services.FAPService.{i}.X_COM.LTE.SchedulerConfig.ULSchedulerType,yes,object_prefix_current_command_node,medium,SF,小区服务参数管理（总体）,FAP 载波基本配置,LST FAP_SERVICE,LST,Device.Services.FAPService.{i}.,2,LST LST FAP_SERVICE FAP 载波基本配置; MOD MOD FAP_SERVICE FAP 载波基本配置,当前命令节点已有相同对象前缀，可作为该 path 的现成命令节点归属
Device.Services.FAPService.{i}.CellConfig.{i}.NR.CN.TA.{i}.PLMNList.{i}.SliceList.{i},yes,object_prefix_current_command_node,medium,SF,小区服务参数管理（总体）,FAP 载波基本配置,LST FAP_SERVICE,LST,Device.Services.FAPService.{i}.,2,LST LST FAP_SERVICE FAP 载波基本配置; MOD MOD FAP_SERVICE FAP 载波基本配置,当前命令节点已有相同对象前缀，可作为该 path 的现成命令节点归属
Device.Services.FAPService.{i}.CellConfig.{i}.NR.CN.TA.{i},yes,object_prefix_current_command_node,medium,SF,小区服务参数管理（总体）,FAP 载波基本配置,LST FAP_SERVICE,LST,Device.Services.FAPService.{i}.,2,LST LST FAP_SERVICE FAP 载波基本配置; MOD MOD FAP_SERVICE FAP 载波基本配置,当前命令节点已有相同对象前缀，可作为该 path 的现成命令节点归属
Device.Services.FAPService.{i}.FAPControl.NR.X2apDscp.Dscp,yes,object_prefix_current_command_node,medium,SF,小区服务参数管理（总体）,FAP 载波基本配置,LST FAP_SERVICE,LST,Device.Services.FAPService.{i}.,2,LST LST FAP_SERVICE FAP 载波基本配置; MOD MOD FAP_SERVICE FAP 载波基本配置,当前命令节点已有相同对象前缀，可作为该 path 的现成命令节点归属
Device.Services.FAPService.{i}.FAPControl.NR.X2apDscp.VlanPrio,yes,object_prefix_current_command_node,medium,SF,小区服务参数管理（总体）,FAP 载波基本配置,LST FAP_SERVICE,LST,Device.Services.FAPService.{i}.,2,LST LST FAP_SERVICE FAP 载波基本配置; MOD MOD FAP_SERVICE FAP 载波基本配置,当前命令节点已有相同对象前缀，可作为该 path 的现成命令节点归属
Device.Services.FAPService.{i}.FAPControl.NR.XnBlackList.{i},yes,object_prefix_current_command_node,medium,SF,小区服务参数管理（总体）,FAP 载波基本配置,LST FAP_SERVICE,LST,Device.Services.FAPService.{i}.,2,LST LST FAP_SERVICE FAP 载波基本配置; MOD MOD FAP_SERVICE FAP 载波基本配置,当前命令节点已有相同对象前缀，可作为该 path 的现成命令节点归属
Device.Services.FAPService.{i}.FAPControl.NR.XnIpAddrMapInfo.{i},yes,object_prefix_current_command_node,medium,SF,小区服务参数管理（总体）,FAP 载波基本配置,LST FAP_SERVICE,LST,Device.Services.FAPService.{i}.,2,LST LST FAP_SERVICE FAP 载波基本配置; MOD MOD FAP_SERVICE FAP 载波基本配置,当前命令节点已有相同对象前缀，可作为该 path 的现成命令节点归属
Device.Services.FAPService.{i}.FAPControl.NR.XnapDscp.Dscp,yes,object_prefix_current_command_node,medium,SF,小区服务参数管理（总体）,FAP 载波基本配置,LST FAP_SERVICE,LST,Device.Services.FAPService.{i}.,2,LST LST FAP_SERVICE FAP 载波基本配置; MOD MOD FAP_SERVICE FAP 载波基本配置,当前命令节点已有相同对象前缀，可作为该 path 的现成命令节点归属
Device.Services.FAPService.{i}.FAPControl.NR.XnapDscp.VlanPrio,yes,object_prefix_current_command_node,medium,SF,小区服务参数管理（总体）,FAP 载波基本配置,LST FAP_SERVICE,LST,Device.Services.FAPService.{i}.,2,LST LST FAP_SERVICE FAP 载波基本配置; MOD MOD FAP_SERVICE FAP 载波基本配置,当前命令节点已有相同对象前缀，可作为该 path 的现成命令节点归属
Device.Services.FAPService.{i}.CellConfig.LTE.MmePoolConfigParam.{i}.MMECode,yes,object_prefix_current_command_node,medium,SF,小区服务参数管理（总体）,FAP 载波基本配置,LST FAP_SERVICE,LST,Device.Services.FAPService.{i}.,2,LST LST FAP_SERVICE FAP 载波基本配置; MOD MOD FAP_SERVICE FAP 载波基本配置,当前命令节点已有相同对象前缀，可作为该 path 的现成命令节点归属
Device.Services.FAPService.{i}.CellConfig.LTE.MmePoolConfigParam.{i}.MMEGroupID,yes,object_prefix_current_command_node,medium,SF,小区服务参数管理（总体）,FAP 载波基本配置,LST FAP_SERVICE,LST,Device.Services.FAPService.{i}.,2,LST LST FAP_SERVICE FAP 载波基本配置; MOD MOD FAP_SERVICE FAP 载波基本配置,当前命令节点已有相同对象前缀，可作为该 path 的现成命令节点归属
Device.Services.FAPService.{i}.CellConfig.LTE.MmePoolConfigParam.{i}.MMEIp1,yes,object_prefix_current_command_node,medium,SF,小区服务参数管理（总体）,FAP 载波基本配置,LST FAP_SERVICE,LST,Device.Services.FAPService.{i}.,2,LST LST FAP_SERVICE FAP 载波基本配置; MOD MOD FAP_SERVICE FAP 载波基本配置,当前命令节点已有相同对象前缀，可作为该 path 的现成命令节点归属
Device.Services.FAPService.{i}.CellConfig.LTE.MmePoolConfigParam.{i}.MMEIp2,yes,object_prefix_current_command_node,medium,SF,小区服务参数管理（总体）,FAP 载波基本配置,LST FAP_SERVICE,LST,Device.Services.FAPService.{i}.,2,LST LST FAP_SERVICE FAP 载波基本配置; MOD MOD FAP_SERVICE FAP 载波基本配置,当前命令节点已有相同对象前缀，可作为该 path 的现成命令节点归属
Device.Services.FAPService.{i}.CellConfig.LTE.MmePoolConfigParam.{i}.PLMNID,yes,object_prefix_current_command_node,medium,SF,小区服务参数管理（总体）,FAP 载波基本配置,LST FAP_SERVICE,LST,Device.Services.FAPService.{i}.,2,LST LST FAP_SERVICE FAP 载波基本配置; MOD MOD FAP_SERVICE FAP 载波基本配置,当前命令节点已有相同对象前缀，可作为该 path 的现成命令节点归属
Device.Services.FAPService.{i}.CellConfig.LTE.MocnConfigParam.{i}.MMEIp,yes,object_prefix_current_command_node,medium,SF,小区服务参数管理（总体）,FAP 载波基本配置,LST FAP_SERVICE,LST,Device.Services.FAPService.{i}.,2,LST LST FAP_SERVICE FAP 载波基本配置; MOD MOD FAP_SERVICE FAP 载波基本配置,当前命令节点已有相同对象前缀，可作为该 path 的现成命令节点归属
Device.Services.FAPService.{i}.CellConfig.LTE.MocnConfigParam.{i}.MMEStatus,yes,object_prefix_current_command_node,medium,SF,小区服务参数管理（总体）,FAP 载波基本配置,LST FAP_SERVICE,LST,Device.Services.FAPService.{i}.,2,LST LST FAP_SERVICE FAP 载波基本配置; MOD MOD FAP_SERVICE FAP 载波基本配置,当前命令节点已有相同对象前缀，可作为该 path 的现成命令节点归属
Device.Services.FAPService.{i}.CellConfig.LTE.MocnConfigParam.{i}.PLMNID,yes,object_prefix_current_command_node,medium,SF,小区服务参数管理（总体）,FAP 载波基本配置,LST FAP_SERVICE,LST,Device.Services.FAPService.{i}.,2,LST LST FAP_SERVICE FAP 载波基本配置; MOD MOD FAP_SERVICE FAP 载波基本配置,当前命令节点已有相同对象前缀，可作为该 path 的现成命令节点归属
Device.Services.FAPService.{i}.CellConfig.LTE.MocnConfigParam.{i}.S1CIfname,yes,object_prefix_current_command_node,medium,SF,小区服务参数管理（总体）,FAP 载波基本配置,LST FAP_SERVICE,LST,Device.Services.FAPService.{i}.,2,LST LST FAP_SERVICE FAP 载波基本配置; MOD MOD FAP_SERVICE FAP 载波基本配置,当前命令节点已有相同对象前缀，可作为该 path 的现成命令节点归属
Device.Services.FAPService.{i}.CellConfig.LTE.MocnConfigParam.{i}.S1CIp,yes,object_prefix_current_command_node,medium,SF,小区服务参数管理（总体）,FAP 载波基本配置,LST FAP_SERVICE,LST,Device.Services.FAPService.{i}.,2,LST LST FAP_SERVICE FAP 载波基本配置; MOD MOD FAP_SERVICE FAP 载波基本配置,当前命令节点已有相同对象前缀，可作为该 path 的现成命令节点归属
Device.Services.FAPService.{i}.CellConfig.LTE.MocnConfigParam.{i}.S1UIfname,yes,object_prefix_current_command_node,medium,SF,小区服务参数管理（总体）,FAP 载波基本配置,LST FAP_SERVICE,LST,Device.Services.FAPService.{i}.,2,LST LST FAP_SERVICE FAP 载波基本配置; MOD MOD FAP_SERVICE FAP 载波基本配置,当前命令节点已有相同对象前缀，可作为该 path 的现成命令节点归属
Device.Services.FAPService.{i}.CellConfig.LTE.MocnConfigParam.{i}.S1UIp,yes,object_prefix_current_command_node,medium,SF,小区服务参数管理（总体）,FAP 载波基本配置,LST FAP_SERVICE,LST,Device.Services.FAPService.{i}.,2,LST LST FAP_SERVICE FAP 载波基本配置; MOD MOD FAP_SERVICE FAP 载波基本配置,当前命令节点已有相同对象前缀，可作为该 path 的现成命令节点归属
Device.Services.FAPService.{i}.CellConfig.LTE.MultiIpsecConfigParam.{i}.DpdAction,yes,object_prefix_current_command_node,medium,SF,小区服务参数管理（总体）,FAP 载波基本配置,LST FAP_SERVICE,LST,Device.Services.FAPService.{i}.,2,LST LST FAP_SERVICE FAP 载波基本配置; MOD MOD FAP_SERVICE FAP 载波基本配置,当前命令节点已有相同对象前缀，可作为该 path 的现成命令节点归属
Device.Services.FAPService.{i}.CellConfig.LTE.MultiIpsecConfigParam.{i}.DpdDelay,yes,object_prefix_current_command_node,medium,SF,小区服务参数管理（总体）,FAP 载波基本配置,LST FAP_SERVICE,LST,Device.Services.FAPService.{i}.,2,LST LST FAP_SERVICE FAP 载波基本配置; MOD MOD FAP_SERVICE FAP 载波基本配置,当前命令节点已有相同对象前缀，可作为该 path 的现成命令节点归属
Device.Services.FAPService.{i}.CellConfig.LTE.MultiIpsecConfigParam.{i}.Enable,yes,object_prefix_current_command_node,medium,SF,小区服务参数管理（总体）,FAP 载波基本配置,LST FAP_SERVICE,LST,Device.Services.FAPService.{i}.,2,LST LST FAP_SERVICE FAP 载波基本配置; MOD MOD FAP_SERVICE FAP 载波基本配置,当前命令节点已有相同对象前缀，可作为该 path 的现成命令节点归属
Device.Services.FAPService.{i}.CellConfig.LTE.MultiIpsecConfigParam.{i}.EspAuthentication,yes,object_prefix_current_command_node,medium,SF,小区服务参数管理（总体）,FAP 载波基本配置,LST FAP_SERVICE,LST,Device.Services.FAPService.{i}.,2,LST LST FAP_SERVICE FAP 载波基本配置; MOD MOD FAP_SERVICE FAP 载波基本配置,当前命令节点已有相同对象前缀，可作为该 path 的现成命令节点归属
Device.Services.FAPService.{i}.CellConfig.LTE.MultiIpsecConfigParam.{i}.EspDhGroup,yes,object_prefix_current_command_node,medium,SF,小区服务参数管理（总体）,FAP 载波基本配置,LST FAP_SERVICE,LST,Device.Services.FAPService.{i}.,2,LST LST FAP_SERVICE FAP 载波基本配置; MOD MOD FAP_SERVICE FAP 载波基本配置,当前命令节点已有相同对象前缀，可作为该 path 的现成命令节点归属
Device.Services.FAPService.{i}.CellConfig.LTE.MultiIpsecConfigParam.{i}.EspenCryption,yes,object_prefix_current_command_node,medium,SF,小区服务参数管理（总体）,FAP 载波基本配置,LST FAP_SERVICE,LST,Device.Services.FAPService.{i}.,2,LST LST FAP_SERVICE FAP 载波基本配置; MOD MOD FAP_SERVICE FAP 载波基本配置,当前命令节点已有相同对象前缀，可作为该 path 的现成命令节点归属
Device.Services.FAPService.{i}.CellConfig.LTE.MultiIpsecConfigParam.{i}.Fragmetation,yes,object_prefix_current_command_node,medium,SF,小区服务参数管理（总体）,FAP 载波基本配置,LST FAP_SERVICE,LST,Device.Services.FAPService.{i}.,2,LST LST FAP_SERVICE FAP 载波基本配置; MOD MOD FAP_SERVICE FAP 载波基本配置,当前命令节点已有相同对象前缀，可作为该 path 的现成命令节点归属
Device.Services.FAPService.{i}.CellConfig.LTE.MultiIpsecConfigParam.{i}.IkeAuthentication,yes,object_prefix_current_command_node,medium,SF,小区服务参数管理（总体）,FAP 载波基本配置,LST FAP_SERVICE,LST,Device.Services.FAPService.{i}.,2,LST LST FAP_SERVICE FAP 载波基本配置; MOD MOD FAP_SERVICE FAP 载波基本配置,当前命令节点已有相同对象前缀，可作为该 path 的现成命令节点归属
Device.Services.FAPService.{i}.CellConfig.LTE.MultiIpsecConfigParam.{i}.IkeDhGroup,yes,object_prefix_current_command_node,medium,SF,小区服务参数管理（总体）,FAP 载波基本配置,LST FAP_SERVICE,LST,Device.Services.FAPService.{i}.,2,LST LST FAP_SERVICE FAP 载波基本配置; MOD MOD FAP_SERVICE FAP 载波基本配置,当前命令节点已有相同对象前缀，可作为该 path 的现成命令节点归属
Device.Services.FAPService.{i}.CellConfig.LTE.MultiIpsecConfigParam.{i}.IkeLifeTime,yes,object_prefix_current_command_node,medium,SF,小区服务参数管理（总体）,FAP 载波基本配置,LST FAP_SERVICE,LST,Device.Services.FAPService.{i}.,2,LST LST FAP_SERVICE FAP 载波基本配置; MOD MOD FAP_SERVICE FAP 载波基本配置,当前命令节点已有相同对象前缀，可作为该 path 的现成命令节点归属
Device.Services.FAPService.{i}.CellConfig.LTE.MultiIpsecConfigParam.{i}.IkeenCryption,yes,object_prefix_current_command_node,medium,SF,小区服务参数管理（总体）,FAP 载波基本配置,LST FAP_SERVICE,LST,Device.Services.FAPService.{i}.,2,LST LST FAP_SERVICE FAP 载波基本配置; MOD MOD FAP_SERVICE FAP 载波基本配置,当前命令节点已有相同对象前缀，可作为该 path 的现成命令节点归属
Device.Services.FAPService.{i}.CellConfig.LTE.MultiIpsecConfigParam.{i}.KeyLife,yes,object_prefix_current_command_node,medium,SF,小区服务参数管理（总体）,FAP 载波基本配置,LST FAP_SERVICE,LST,Device.Services.FAPService.{i}.,2,LST LST FAP_SERVICE FAP 载波基本配置; MOD MOD FAP_SERVICE FAP 载波基本配置,当前命令节点已有相同对象前缀，可作为该 path 的现成命令节点归属
Device.Services.FAPService.{i}.CellConfig.LTE.MultiIpsecConfigParam.{i}.LeftAuth,yes,object_prefix_current_command_node,medium,SF,小区服务参数管理（总体）,FAP 载波基本配置,LST FAP_SERVICE,LST,Device.Services.FAPService.{i}.,2,LST LST FAP_SERVICE FAP 载波基本配置; MOD MOD FAP_SERVICE FAP 载波基本配置,当前命令节点已有相同对象前缀，可作为该 path 的现成命令节点归属
Device.Services.FAPService.{i}.CellConfig.LTE.MultiIpsecConfigParam.{i}.LeftCert,yes,object_prefix_current_command_node,medium,SF,小区服务参数管理（总体）,FAP 载波基本配置,LST FAP_SERVICE,LST,Device.Services.FAPService.{i}.,2,LST LST FAP_SERVICE FAP 载波基本配置; MOD MOD FAP_SERVICE FAP 载波基本配置,当前命令节点已有相同对象前缀，可作为该 path 的现成命令节点归属
Device.Services.FAPService.{i}.CellConfig.LTE.MultiIpsecConfigParam.{i}.LeftId,yes,object_prefix_current_command_node,medium,SF,小区服务参数管理（总体）,FAP 载波基本配置,LST FAP_SERVICE,LST,Device.Services.FAPService.{i}.,2,LST LST FAP_SERVICE FAP 载波基本配置; MOD MOD FAP_SERVICE FAP 载波基本配置,当前命令节点已有相同对象前缀，可作为该 path 的现成命令节点归属
Device.Services.FAPService.{i}.CellConfig.LTE.MultiIpsecConfigParam.{i}.LeftIp,yes,object_prefix_current_command_node,medium,SF,小区服务参数管理（总体）,FAP 载波基本配置,LST FAP_SERVICE,LST,Device.Services.FAPService.{i}.,2,LST LST FAP_SERVICE FAP 载波基本配置; MOD MOD FAP_SERVICE FAP 载波基本配置,当前命令节点已有相同对象前缀，可作为该 path 的现成命令节点归属
Device.Services.FAPService.{i}.CellConfig.LTE.MultiIpsecConfigParam.{i}.LeftSourceIp,yes,object_prefix_current_command_node,medium,SF,小区服务参数管理（总体）,FAP 载波基本配置,LST FAP_SERVICE,LST,Device.Services.FAPService.{i}.,2,LST LST FAP_SERVICE FAP 载波基本配置; MOD MOD FAP_SERVICE FAP 载波基本配置,当前命令节点已有相同对象前缀，可作为该 path 的现成命令节点归属
Device.Services.FAPService.{i}.CellConfig.LTE.MultiIpsecConfigParam.{i}.LeftSubnet,yes,object_prefix_current_command_node,medium,SF,小区服务参数管理（总体）,FAP 载波基本配置,LST FAP_SERVICE,LST,Device.Services.FAPService.{i}.,2,LST LST FAP_SERVICE FAP 载波基本配置; MOD MOD FAP_SERVICE FAP 载波基本配置,当前命令节点已有相同对象前缀，可作为该 path 的现成命令节点归属
Device.Services.FAPService.{i}.CellConfig.LTE.MultiIpsecConfigParam.{i}.ReKeyMargin,yes,object_prefix_current_command_node,medium,SF,小区服务参数管理（总体）,FAP 载波基本配置,LST FAP_SERVICE,LST,Device.Services.FAPService.{i}.,2,LST LST FAP_SERVICE FAP 载波基本配置; MOD MOD FAP_SERVICE FAP 载波基本配置,当前命令节点已有相同对象前缀，可作为该 path 的现成命令节点归属
Device.Services.FAPService.{i}.CellConfig.LTE.MultiIpsecConfigParam.{i}.Right,yes,object_prefix_current_command_node,medium,SF,小区服务参数管理（总体）,FAP 载波基本配置,LST FAP_SERVICE,LST,Device.Services.FAPService.{i}.,2,LST LST FAP_SERVICE FAP 载波基本配置; MOD MOD FAP_SERVICE FAP 载波基本配置,当前命令节点已有相同对象前缀，可作为该 path 的现成命令节点归属
Device.Services.FAPService.{i}.CellConfig.LTE.MultiIpsecConfigParam.{i}.RightAuth,yes,object_prefix_current_command_node,medium,SF,小区服务参数管理（总体）,FAP 载波基本配置,LST FAP_SERVICE,LST,Device.Services.FAPService.{i}.,2,LST LST FAP_SERVICE FAP 载波基本配置; MOD MOD FAP_SERVICE FAP 载波基本配置,当前命令节点已有相同对象前缀，可作为该 path 的现成命令节点归属
Device.Services.FAPService.{i}.CellConfig.LTE.MultiIpsecConfigParam.{i}.RightId,yes,object_prefix_current_command_node,medium,SF,小区服务参数管理（总体）,FAP 载波基本配置,LST FAP_SERVICE,LST,Device.Services.FAPService.{i}.,2,LST LST FAP_SERVICE FAP 载波基本配置; MOD MOD FAP_SERVICE FAP 载波基本配置,当前命令节点已有相同对象前缀，可作为该 path 的现成命令节点归属
Device.Services.FAPService.{i}.CellConfig.LTE.MultiIpsecConfigParam.{i}.RightSubnet,yes,object_prefix_current_command_node,medium,SF,小区服务参数管理（总体）,FAP 载波基本配置,LST FAP_SERVICE,LST,Device.Services.FAPService.{i}.,2,LST LST FAP_SERVICE FAP 载波基本配置; MOD MOD FAP_SERVICE FAP 载波基本配置,当前命令节点已有相同对象前缀，可作为该 path 的现成命令节点归属
Device.Services.FAPService.{i}.CellConfig.LTE.MultiIpsecConfigParam.{i}.SecretKey,yes,object_prefix_current_command_node,medium,SF,小区服务参数管理（总体）,FAP 载波基本配置,LST FAP_SERVICE,LST,Device.Services.FAPService.{i}.,2,LST LST FAP_SERVICE FAP 载波基本配置; MOD MOD FAP_SERVICE FAP 载波基本配置,当前命令节点已有相同对象前缀，可作为该 path 的现成命令节点归属
Device.Services.FAPService.{i}.CellConfig.LTE.MultiIpsecConfigParam.{i}.TunnelName,yes,object_prefix_current_command_node,medium,SF,小区服务参数管理（总体）,FAP 载波基本配置,LST FAP_SERVICE,LST,Device.Services.FAPService.{i}.,2,LST LST FAP_SERVICE FAP 载波基本配置; MOD MOD FAP_SERVICE FAP 载波基本配置,当前命令节点已有相同对象前缀，可作为该 path 的现成命令节点归属
Device.Services.FAPService.{i}.CellConfig.LTE.S1U.{i}.FarIpSubnetworkList,yes,object_prefix_current_command_node,medium,SF,小区服务参数管理（总体）,FAP 载波基本配置,LST FAP_SERVICE,LST,Device.Services.FAPService.{i}.,2,LST LST FAP_SERVICE FAP 载波基本配置; MOD MOD FAP_SERVICE FAP 载波基本配置,当前命令节点已有相同对象前缀，可作为该 path 的现成命令节点归属
Device.Services.FAPService.{i}.CellConfig.LTE.S1U.{i}.LocIpAddrList,yes,object_prefix_current_command_node,medium,SF,小区服务参数管理（总体）,FAP 载波基本配置,LST FAP_SERVICE,LST,Device.Services.FAPService.{i}.,2,LST LST FAP_SERVICE FAP 载波基本配置; MOD MOD FAP_SERVICE FAP 载波基本配置,当前命令节点已有相同对象前缀，可作为该 path 的现成命令节点归属
Device.Services.FAPService.{i}.CellConfig.{i}.NR.CN.TA.{i}.NrcellIdentity,yes,object_prefix_current_command_node,medium,SF,小区服务参数管理（总体）,FAP 载波基本配置,LST FAP_SERVICE,LST,Device.Services.FAPService.{i}.,2,LST LST FAP_SERVICE FAP 载波基本配置; MOD MOD FAP_SERVICE FAP 载波基本配置,当前命令节点已有相同对象前缀，可作为该 path 的现成命令节点归属
Device.Services.FAPService.{i}.CellConfig.{i}.NR.CN.TA.{i}.PLMNList.{i}.IsPrimaryPlmn,yes,object_prefix_current_command_node,medium,SF,小区服务参数管理（总体）,FAP 载波基本配置,LST FAP_SERVICE,LST,Device.Services.FAPService.{i}.,2,LST LST FAP_SERVICE FAP 载波基本配置; MOD MOD FAP_SERVICE FAP 载波基本配置,当前命令节点已有相同对象前缀，可作为该 path 的现成命令节点归属
Device.Services.FAPService.{i}.CellConfig.{i}.NR.CN.TA.{i}.PLMNList.{i}.PLMNID,yes,object_prefix_current_command_node,medium,SF,小区服务参数管理（总体）,FAP 载波基本配置,LST FAP_SERVICE,LST,Device.Services.FAPService.{i}.,2,LST LST FAP_SERVICE FAP 载波基本配置; MOD MOD FAP_SERVICE FAP 载波基本配置,当前命令节点已有相同对象前缀，可作为该 path 的现成命令节点归属
Device.Services.FAPService.{i}.CellConfig.{i}.NR.CN.TA.{i}.PLMNList.{i}.SliceList.{i}.NguIpIndex,yes,object_prefix_current_command_node,medium,SF,小区服务参数管理（总体）,FAP 载波基本配置,LST FAP_SERVICE,LST,Device.Services.FAPService.{i}.,2,LST LST FAP_SERVICE FAP 载波基本配置; MOD MOD FAP_SERVICE FAP 载波基本配置,当前命令节点已有相同对象前缀，可作为该 path 的现成命令节点归属
Device.Services.FAPService.{i}.CellConfig.{i}.NR.CN.TA.{i}.PLMNList.{i}.SliceList.{i}.SNSSAI,yes,object_prefix_current_command_node,medium,SF,小区服务参数管理（总体）,FAP 载波基本配置,LST FAP_SERVICE,LST,Device.Services.FAPService.{i}.,2,LST LST FAP_SERVICE FAP 载波基本配置; MOD MOD FAP_SERVICE FAP 载波基本配置,当前命令节点已有相同对象前缀，可作为该 path 的现成命令节点归属
Device.Services.FAPService.{i}.CellConfig.{i}.NR.CN.TA.{i}.Ranac,yes,object_prefix_current_command_node,medium,SF,小区服务参数管理（总体）,FAP 载波基本配置,LST FAP_SERVICE,LST,Device.Services.FAPService.{i}.,2,LST LST FAP_SERVICE FAP 载波基本配置; MOD MOD FAP_SERVICE FAP 载波基本配置,当前命令节点已有相同对象前缀，可作为该 path 的现成命令节点归属
Device.Services.FAPService.{i}.CellConfig.{i}.NrSibParams.{i}.Sib2Enable,yes,object_prefix_current_command_node,medium,SF,小区服务参数管理（总体）,FAP 载波基本配置,LST FAP_SERVICE,LST,Device.Services.FAPService.{i}.,2,LST LST FAP_SERVICE FAP 载波基本配置; MOD MOD FAP_SERVICE FAP 载波基本配置,当前命令节点已有相同对象前缀，可作为该 path 的现成命令节点归属
Device.Services.FAPService.{i}.CellConfig.{i}.NrSibParams.{i}.Sib3Enable,yes,object_prefix_current_command_node,medium,SF,小区服务参数管理（总体）,FAP 载波基本配置,LST FAP_SERVICE,LST,Device.Services.FAPService.{i}.,2,LST LST FAP_SERVICE FAP 载波基本配置; MOD MOD FAP_SERVICE FAP 载波基本配置,当前命令节点已有相同对象前缀，可作为该 path 的现成命令节点归属
Device.Services.FAPService.{i}.CellConfig.{i}.NrSibParams.{i}.Sib4Enable,yes,object_prefix_current_command_node,medium,SF,小区服务参数管理（总体）,FAP 载波基本配置,LST FAP_SERVICE,LST,Device.Services.FAPService.{i}.,2,LST LST FAP_SERVICE FAP 载波基本配置; MOD MOD FAP_SERVICE FAP 载波基本配置,当前命令节点已有相同对象前缀，可作为该 path 的现成命令节点归属
Device.Services.FAPService.{i}.CellConfig.{i}.NrSibParams.{i}.Sib5Enable,yes,object_prefix_current_command_node,medium,SF,小区服务参数管理（总体）,FAP 载波基本配置,LST FAP_SERVICE,LST,Device.Services.FAPService.{i}.,2,LST LST FAP_SERVICE FAP 载波基本配置; MOD MOD FAP_SERVICE FAP 载波基本配置,当前命令节点已有相同对象前缀，可作为该 path 的现成命令节点归属
Device.Services.FAPService.{i}.CellConfig.{i}.NrSibParams.{i}.Sib9DaylightsavingTime,yes,object_prefix_current_command_node,medium,SF,小区服务参数管理（总体）,FAP 载波基本配置,LST FAP_SERVICE,LST,Device.Services.FAPService.{i}.,2,LST LST FAP_SERVICE FAP 载波基本配置; MOD MOD FAP_SERVICE FAP 载波基本配置,当前命令节点已有相同对象前缀，可作为该 path 的现成命令节点归属
Device.Services.FAPService.{i}.CellConfig.{i}.NrSibParams.{i}.Sib9Enable,yes,object_prefix_current_command_node,medium,SF,小区服务参数管理（总体）,FAP 载波基本配置,LST FAP_SERVICE,LST,Device.Services.FAPService.{i}.,2,LST LST FAP_SERVICE FAP 载波基本配置; MOD MOD FAP_SERVICE FAP 载波基本配置,当前命令节点已有相同对象前缀，可作为该 path 的现成命令节点归属
Device.Services.FAPService.{i}.CellConfig.{i}.NrSibParams.{i}.Sib9Leapseconds,yes,object_prefix_current_command_node,medium,SF,小区服务参数管理（总体）,FAP 载波基本配置,LST FAP_SERVICE,LST,Device.Services.FAPService.{i}.,2,LST LST FAP_SERVICE FAP 载波基本配置; MOD MOD FAP_SERVICE FAP 载波基本配置,当前命令节点已有相同对象前缀，可作为该 path 的现成命令节点归属
Device.Services.FAPService.{i}.FAPControl.EMBEDDED_EPC.L2.Apn.{i}.apnDefault,yes,object_prefix_current_command_node,medium,SF,小区服务参数管理（总体）,FAP 载波基本配置,LST FAP_SERVICE,LST,Device.Services.FAPService.{i}.,2,LST LST FAP_SERVICE FAP 载波基本配置; MOD MOD FAP_SERVICE FAP 载波基本配置,当前命令节点已有相同对象前缀，可作为该 path 的现成命令节点归属
Device.Services.FAPService.{i}.FAPControl.EMBEDDED_EPC.L2.Apn.{i}.apnName,yes,object_prefix_current_command_node,medium,SF,小区服务参数管理（总体）,FAP 载波基本配置,LST FAP_SERVICE,LST,Device.Services.FAPService.{i}.,2,LST LST FAP_SERVICE FAP 载波基本配置; MOD MOD FAP_SERVICE FAP 载波基本配置,当前命令节点已有相同对象前缀，可作为该 path 的现成命令节点归属
Device.Services.FAPService.{i}.FAPControl.EMBEDDED_EPC.L2.Apn.{i}.apnType,yes,object_prefix_current_command_node,medium,SF,小区服务参数管理（总体）,FAP 载波基本配置,LST FAP_SERVICE,LST,Device.Services.FAPService.{i}.,2,LST LST FAP_SERVICE FAP 载波基本配置; MOD MOD FAP_SERVICE FAP 载波基本配置,当前命令节点已有相同对象前缀，可作为该 path 的现成命令节点归属
Device.Services.FAPService.{i}.FAPControl.EMBEDDED_EPC.L2.Apn.{i}.apnVlanId,yes,object_prefix_current_command_node,medium,SF,小区服务参数管理（总体）,FAP 载波基本配置,LST FAP_SERVICE,LST,Device.Services.FAPService.{i}.,2,LST LST FAP_SERVICE FAP 载波基本配置; MOD MOD FAP_SERVICE FAP 载波基本配置,当前命令节点已有相同对象前缀，可作为该 path 的现成命令节点归属
Device.Services.FAPService.{i}.FAPControl.EMBEDDED_EPC.L2.VxLan.{i}.id,yes,object_prefix_current_command_node,medium,SF,小区服务参数管理（总体）,FAP 载波基本配置,LST FAP_SERVICE,LST,Device.Services.FAPService.{i}.,2,LST LST FAP_SERVICE FAP 载波基本配置; MOD MOD FAP_SERVICE FAP 载波基本配置,当前命令节点已有相同对象前缀，可作为该 path 的现成命令节点归属
Device.Services.FAPService.{i}.FAPControl.Halob.L2.Apn.{i}.apnDefault,yes,object_prefix_current_command_node,medium,SF,小区服务参数管理（总体）,FAP 载波基本配置,LST FAP_SERVICE,LST,Device.Services.FAPService.{i}.,2,LST LST FAP_SERVICE FAP 载波基本配置; MOD MOD FAP_SERVICE FAP 载波基本配置,当前命令节点已有相同对象前缀，可作为该 path 的现成命令节点归属
Device.Services.FAPService.{i}.FAPControl.Halob.L2.Apn.{i}.apnName,yes,object_prefix_current_command_node,medium,SF,小区服务参数管理（总体）,FAP 载波基本配置,LST FAP_SERVICE,LST,Device.Services.FAPService.{i}.,2,LST LST FAP_SERVICE FAP 载波基本配置; MOD MOD FAP_SERVICE FAP 载波基本配置,当前命令节点已有相同对象前缀，可作为该 path 的现成命令节点归属
Device.Services.FAPService.{i}.FAPControl.Halob.L2.Apn.{i}.apnType,yes,object_prefix_current_command_node,medium,SF,小区服务参数管理（总体）,FAP 载波基本配置,LST FAP_SERVICE,LST,Device.Services.FAPService.{i}.,2,LST LST FAP_SERVICE FAP 载波基本配置; MOD MOD FAP_SERVICE FAP 载波基本配置,当前命令节点已有相同对象前缀，可作为该 path 的现成命令节点归属
Device.Services.FAPService.{i}.FAPControl.Halob.L2.Apn.{i}.apnVlanId,yes,object_prefix_current_command_node,medium,SF,小区服务参数管理（总体）,FAP 载波基本配置,LST FAP_SERVICE,LST,Device.Services.FAPService.{i}.,2,LST LST FAP_SERVICE FAP 载波基本配置; MOD MOD FAP_SERVICE FAP 载波基本配置,当前命令节点已有相同对象前缀，可作为该 path 的现成命令节点归属
Device.Services.FAPService.{i}.FAPControl.Halob.L2.VxLan.{i}.apnName,yes,object_prefix_current_command_node,medium,SF,小区服务参数管理（总体）,FAP 载波基本配置,LST FAP_SERVICE,LST,Device.Services.FAPService.{i}.,2,LST LST FAP_SERVICE FAP 载波基本配置; MOD MOD FAP_SERVICE FAP 载波基本配置,当前命令节点已有相同对象前缀，可作为该 path 的现成命令节点归属
Device.Services.FAPService.{i}.FAPControl.Halob.L2.VxLan.{i}.id,yes,object_prefix_current_command_node,medium,SF,小区服务参数管理（总体）,FAP 载波基本配置,LST FAP_SERVICE,LST,Device.Services.FAPService.{i}.,2,LST LST FAP_SERVICE FAP 载波基本配置; MOD MOD FAP_SERVICE FAP 载波基本配置,当前命令节点已有相同对象前缀，可作为该 path 的现成命令节点归属
Device.Services.FAPService.{i}.FAPControl.LTE.HSS.SubInfoList.{i}.APNINFO,yes,object_prefix_current_command_node,medium,SF,小区服务参数管理（总体）,FAP 载波基本配置,LST FAP_SERVICE,LST,Device.Services.FAPService.{i}.,2,LST LST FAP_SERVICE FAP 载波基本配置; MOD MOD FAP_SERVICE FAP 载波基本配置,当前命令节点已有相同对象前缀，可作为该 path 的现成命令节点归属
Device.Services.FAPService.{i}.FAPControl.LTE.HSS.SubInfoList.{i}.IMSINFO,yes,object_prefix_current_command_node,medium,SF,小区服务参数管理（总体）,FAP 载波基本配置,LST FAP_SERVICE,LST,Device.Services.FAPService.{i}.,2,LST LST FAP_SERVICE FAP 载波基本配置; MOD MOD FAP_SERVICE FAP 载波基本配置,当前命令节点已有相同对象前缀，可作为该 path 的现成命令节点归属
Device.Services.FAPService.{i}.FAPControl.LTE.HSS.SubInfoList.{i}.SUBINFO,yes,object_prefix_current_command_node,medium,SF,小区服务参数管理（总体）,FAP 载波基本配置,LST FAP_SERVICE,LST,Device.Services.FAPService.{i}.,2,LST LST FAP_SERVICE FAP 载波基本配置; MOD MOD FAP_SERVICE FAP 载波基本配置,当前命令节点已有相同对象前缀，可作为该 path 的现成命令节点归属
Device.Services.FAPService.{i}.FAPControl.LTE.LICENSE.Capacity.{i}.DelayAvaliable,yes,object_prefix_current_command_node,medium,SF,小区服务参数管理（总体）,FAP 载波基本配置,LST FAP_SERVICE,LST,Device.Services.FAPService.{i}.,2,LST LST FAP_SERVICE FAP 载波基本配置; MOD MOD FAP_SERVICE FAP 载波基本配置,当前命令节点已有相同对象前缀，可作为该 path 的现成命令节点归属
Device.Services.FAPService.{i}.FAPControl.LTE.LICENSE.Capacity.{i}.DelayControl,yes,object_prefix_current_command_node,medium,SF,小区服务参数管理（总体）,FAP 载波基本配置,LST FAP_SERVICE,LST,Device.Services.FAPService.{i}.,2,LST LST FAP_SERVICE FAP 载波基本配置; MOD MOD FAP_SERVICE FAP 载波基本配置,当前命令节点已有相同对象前缀，可作为该 path 的现成命令节点归属
Device.Services.FAPService.{i}.FAPControl.LTE.LICENSE.Capacity.{i}.Description,yes,object_prefix_current_command_node,medium,SF,小区服务参数管理（总体）,FAP 载波基本配置,LST FAP_SERVICE,LST,Device.Services.FAPService.{i}.,2,LST LST FAP_SERVICE FAP 载波基本配置; MOD MOD FAP_SERVICE FAP 载波基本配置,当前命令节点已有相同对象前缀，可作为该 path 的现成命令节点归属
Device.Services.FAPService.{i}.FAPControl.LTE.LICENSE.Capacity.{i}.ID,yes,object_prefix_current_command_node,medium,SF,小区服务参数管理（总体）,FAP 载波基本配置,LST FAP_SERVICE,LST,Device.Services.FAPService.{i}.,2,LST LST FAP_SERVICE FAP 载波基本配置; MOD MOD FAP_SERVICE FAP 载波基本配置,当前命令节点已有相同对象前缀，可作为该 path 的现成命令节点归属
Device.Services.FAPService.{i}.FAPControl.LTE.LICENSE.Capacity.{i}.RemainingPeriod,yes,object_prefix_current_command_node,medium,SF,小区服务参数管理（总体）,FAP 载波基本配置,LST FAP_SERVICE,LST,Device.Services.FAPService.{i}.,2,LST LST FAP_SERVICE FAP 载波基本配置; MOD MOD FAP_SERVICE FAP 载波基本配置,当前命令节点已有相同对象前缀，可作为该 path 的现成命令节点归属
Device.Services.FAPService.{i}.FAPControl.LTE.LICENSE.Capacity.{i}.ValidPeriod,yes,object_prefix_current_command_node,medium,SF,小区服务参数管理（总体）,FAP 载波基本配置,LST FAP_SERVICE,LST,Device.Services.FAPService.{i}.,2,LST LST FAP_SERVICE FAP 载波基本配置; MOD MOD FAP_SERVICE FAP 载波基本配置,当前命令节点已有相同对象前缀，可作为该 path 的现成命令节点归属
Device.Services.FAPService.{i}.FAPControl.LTE.LICENSE.Capacity.{i}.Value,yes,object_prefix_current_command_node,medium,SF,小区服务参数管理（总体）,FAP 载波基本配置,LST FAP_SERVICE,LST,Device.Services.FAPService.{i}.,2,LST LST FAP_SERVICE FAP 载波基本配置; MOD MOD FAP_SERVICE FAP 载波基本配置,当前命令节点已有相同对象前缀，可作为该 path 的现成命令节点归属
Device.Services.FAPService.{i}.FAPControl.NR.AMFPoolConfigParam.{i}.AmfIP1,yes,object_prefix_current_command_node,medium,SF,小区服务参数管理（总体）,FAP 载波基本配置,LST FAP_SERVICE,LST,Device.Services.FAPService.{i}.,2,LST LST FAP_SERVICE FAP 载波基本配置; MOD MOD FAP_SERVICE FAP 载波基本配置,当前命令节点已有相同对象前缀，可作为该 path 的现成命令节点归属
Device.Services.FAPService.{i}.FAPControl.NR.AMFPoolConfigParam.{i}.NR_AMF_IS_DEFAULT,yes,object_prefix_current_command_node,medium,SF,小区服务参数管理（总体）,FAP 载波基本配置,LST FAP_SERVICE,LST,Device.Services.FAPService.{i}.,2,LST LST FAP_SERVICE FAP 载波基本配置; MOD MOD FAP_SERVICE FAP 载波基本配置,当前命令节点已有相同对象前缀，可作为该 path 的现成命令节点归属
Device.Services.FAPService.{i}.FAPControl.NR.AMFPoolConfigParam.{i}.PLMNID,yes,object_prefix_current_command_node,medium,SF,小区服务参数管理（总体）,FAP 载波基本配置,LST FAP_SERVICE,LST,Device.Services.FAPService.{i}.,2,LST LST FAP_SERVICE FAP 载波基本配置; MOD MOD FAP_SERVICE FAP 载波基本配置,当前命令节点已有相同对象前缀，可作为该 path 的现成命令节点归属
Device.Services.FAPService.{i}.FAPControl.NR.DscpList.{i}.Dscp,yes,object_prefix_current_command_node,medium,SF,小区服务参数管理（总体）,FAP 载波基本配置,LST FAP_SERVICE,LST,Device.Services.FAPService.{i}.,2,LST LST FAP_SERVICE FAP 载波基本配置; MOD MOD FAP_SERVICE FAP 载波基本配置,当前命令节点已有相同对象前缀，可作为该 path 的现成命令节点归属
Device.Services.FAPService.{i}.FAPControl.NR.DscpList.{i}.VlanPrio,yes,object_prefix_current_command_node,medium,SF,小区服务参数管理（总体）,FAP 载波基本配置,LST FAP_SERVICE,LST,Device.Services.FAPService.{i}.,2,LST LST FAP_SERVICE FAP 载波基本配置; MOD MOD FAP_SERVICE FAP 载波基本配置,当前命令节点已有相同对象前缀，可作为该 path 的现成命令节点归属
Device.Services.FAPService.{i}.FAPControl.NR.XnBlackList.{i}.RemoteAddress,yes,object_prefix_current_command_node,medium,SF,小区服务参数管理（总体）,FAP 载波基本配置,LST FAP_SERVICE,LST,Device.Services.FAPService.{i}.,2,LST LST FAP_SERVICE FAP 载波基本配置; MOD MOD FAP_SERVICE FAP 载波基本配置,当前命令节点已有相同对象前缀，可作为该 path 的现成命令节点归属
Device.Services.FAPService.{i}.FAPControl.NR.XnIpAddrMapInfo.{i}.PLMNID,yes,object_prefix_current_command_node,medium,SF,小区服务参数管理（总体）,FAP 载波基本配置,LST FAP_SERVICE,LST,Device.Services.FAPService.{i}.,2,LST LST FAP_SERVICE FAP 载波基本配置; MOD MOD FAP_SERVICE FAP 载波基本配置,当前命令节点已有相同对象前缀，可作为该 path 的现成命令节点归属
Device.Services.FAPService.{i}.FAPControl.NR.XnIpAddrMapInfo.{i}.RemoteAddress,yes,object_prefix_current_command_node,medium,SF,小区服务参数管理（总体）,FAP 载波基本配置,LST FAP_SERVICE,LST,Device.Services.FAPService.{i}.,2,LST LST FAP_SERVICE FAP 载波基本配置; MOD MOD FAP_SERVICE FAP 载波基本配置,当前命令节点已有相同对象前缀，可作为该 path 的现成命令节点归属
Device.Services.FAPService.{i}.FAPControl.NR.XnIpAddrMapInfo.{i}.XnHoEnable,yes,object_prefix_current_command_node,medium,SF,小区服务参数管理（总体）,FAP 载波基本配置,LST FAP_SERVICE,LST,Device.Services.FAPService.{i}.,2,LST LST FAP_SERVICE FAP 载波基本配置; MOD MOD FAP_SERVICE FAP 载波基本配置,当前命令节点已有相同对象前缀，可作为该 path 的现成命令节点归属
Device.Services.FAPService.{i}.FAPControl.NR.XnIpAddrMapInfo.{i}.XnLinkEnable,yes,object_prefix_current_command_node,medium,SF,小区服务参数管理（总体）,FAP 载波基本配置,LST FAP_SERVICE,LST,Device.Services.FAPService.{i}.,2,LST LST FAP_SERVICE FAP 载波基本配置; MOD MOD FAP_SERVICE FAP 载波基本配置,当前命令节点已有相同对象前缀，可作为该 path 的现成命令节点归属
Device.Services.FAPService.{i}.FAPControl.NR.XnIpAddrMapInfo.{i}.XnStatus,yes,object_prefix_current_command_node,medium,SF,小区服务参数管理（总体）,FAP 载波基本配置,LST FAP_SERVICE,LST,Device.Services.FAPService.{i}.,2,LST LST FAP_SERVICE FAP 载波基本配置; MOD MOD FAP_SERVICE FAP 载波基本配置,当前命令节点已有相同对象前缀，可作为该 path 的现成命令节点归属
Device.Services.FAPService.{i}.FAPControl.Qos.QosSstInfo.{i}.MaxResourceReserved,yes,object_prefix_current_command_node,medium,SF,小区服务参数管理（总体）,FAP 载波基本配置,LST FAP_SERVICE,LST,Device.Services.FAPService.{i}.,2,LST LST FAP_SERVICE FAP 载波基本配置; MOD MOD FAP_SERVICE FAP 载波基本配置,当前命令节点已有相同对象前缀，可作为该 path 的现成命令节点归属
Device.Services.FAPService.{i}.FAPControl.Qos.QosSstInfo.{i}.MinResourceReserved,yes,object_prefix_current_command_node,medium,SF,小区服务参数管理（总体）,FAP 载波基本配置,LST FAP_SERVICE,LST,Device.Services.FAPService.{i}.,2,LST LST FAP_SERVICE FAP 载波基本配置; MOD MOD FAP_SERVICE FAP 载波基本配置,当前命令节点已有相同对象前缀，可作为该 path 的现成命令节点归属
Device.Services.FAPService.{i}.FAPControl.Qos.QosSstInfo.{i}.Sst,yes,object_prefix_current_command_node,medium,SF,小区服务参数管理（总体）,FAP 载波基本配置,LST FAP_SERVICE,LST,Device.Services.FAPService.{i}.,2,LST LST FAP_SERVICE FAP 载波基本配置; MOD MOD FAP_SERVICE FAP 载波基本配置,当前命令节点已有相同对象前缀，可作为该 path 的现成命令节点归属
Device.Services.FAPService.{i}.FAPControl.Qos.QosSstInfo.{i}.SstResourceType,yes,object_prefix_current_command_node,medium,SF,小区服务参数管理（总体）,FAP 载波基本配置,LST FAP_SERVICE,LST,Device.Services.FAPService.{i}.,2,LST LST FAP_SERVICE FAP 载波基本配置; MOD MOD FAP_SERVICE FAP 载波基本配置,当前命令节点已有相同对象前缀，可作为该 path 的现成命令节点归属
Device.Services.FAPService.{i}.FAPControl.X2IpAddrMapInfo.{i}.EnbId,yes,object_prefix_current_command_node,medium,SF,小区服务参数管理（总体）,FAP 载波基本配置,LST FAP_SERVICE,LST,Device.Services.FAPService.{i}.,2,LST LST FAP_SERVICE FAP 载波基本配置; MOD MOD FAP_SERVICE FAP 载波基本配置,当前命令节点已有相同对象前缀，可作为该 path 的现成命令节点归属
Device.Services.FAPService.{i}.FAPControl.X2IpAddrMapInfo.{i}.EnbType,yes,object_prefix_current_command_node,medium,SF,小区服务参数管理（总体）,FAP 载波基本配置,LST FAP_SERVICE,LST,Device.Services.FAPService.{i}.,2,LST LST FAP_SERVICE FAP 载波基本配置; MOD MOD FAP_SERVICE FAP 载波基本配置,当前命令节点已有相同对象前缀，可作为该 path 的现成命令节点归属
Device.Services.FAPService.{i}.FAPControl.X2IpAddrMapInfo.{i}.PLMNID,yes,object_prefix_current_command_node,medium,SF,小区服务参数管理（总体）,FAP 载波基本配置,LST FAP_SERVICE,LST,Device.Services.FAPService.{i}.,2,LST LST FAP_SERVICE FAP 载波基本配置; MOD MOD FAP_SERVICE FAP 载波基本配置,当前命令节点已有相同对象前缀，可作为该 path 的现成命令节点归属
Device.Services.FAPService.{i}.FAPControl.X2IpAddrMapInfo.{i}.SubnetMask,yes,object_prefix_current_command_node,medium,SF,小区服务参数管理（总体）,FAP 载波基本配置,LST FAP_SERVICE,LST,Device.Services.FAPService.{i}.,2,LST LST FAP_SERVICE FAP 载波基本配置; MOD MOD FAP_SERVICE FAP 载波基本配置,当前命令节点已有相同对象前缀，可作为该 path 的现成命令节点归属
Device.Services.FAPService.{i}.FAPControl.X2IpAddrMapInfo.{i}.WanIpAddress,yes,object_prefix_current_command_node,medium,SF,小区服务参数管理（总体）,FAP 载波基本配置,LST FAP_SERVICE,LST,Device.Services.FAPService.{i}.,2,LST LST FAP_SERVICE FAP 载波基本配置; MOD MOD FAP_SERVICE FAP 载波基本配置,当前命令节点已有相同对象前缀，可作为该 path 的现成命令节点归属
Device.Services.FAPService.{i}.Transport.SCTP.Enable,yes,object_prefix_current_command_node,medium,SF,小区服务参数管理（总体）,FAP 载波基本配置,LST FAP_SERVICE,LST,Device.Services.FAPService.{i}.,2,LST LST FAP_SERVICE FAP 载波基本配置; MOD MOD FAP_SERVICE FAP 载波基本配置,当前命令节点已有相同对象前缀，可作为该 path 的现成命令节点归属
Device.Services.FAPService.{i}.Transport.SCTP.HBInterval,yes,object_prefix_current_command_node,medium,SF,小区服务参数管理（总体）,FAP 载波基本配置,LST FAP_SERVICE,LST,Device.Services.FAPService.{i}.,2,LST LST FAP_SERVICE FAP 载波基本配置; MOD MOD FAP_SERVICE FAP 载波基本配置,当前命令节点已有相同对象前缀，可作为该 path 的现成命令节点归属
Device.Services.FAPService.{i}.Transport.SCTP.MaxAssociationRetransmits,yes,object_prefix_current_command_node,medium,SF,小区服务参数管理（总体）,FAP 载波基本配置,LST FAP_SERVICE,LST,Device.Services.FAPService.{i}.,2,LST LST FAP_SERVICE FAP 载波基本配置; MOD MOD FAP_SERVICE FAP 载波基本配置,当前命令节点已有相同对象前缀，可作为该 path 的现成命令节点归属
Device.Services.FAPService.{i}.Transport.SCTP.MaxInitRetransmits,yes,object_prefix_current_command_node,medium,SF,小区服务参数管理（总体）,FAP 载波基本配置,LST FAP_SERVICE,LST,Device.Services.FAPService.{i}.,2,LST LST FAP_SERVICE FAP 载波基本配置; MOD MOD FAP_SERVICE FAP 载波基本配置,当前命令节点已有相同对象前缀，可作为该 path 的现成命令节点归属
Device.Services.FAPService.{i}.Transport.SCTP.MaxPathRetransmits,yes,object_prefix_current_command_node,medium,SF,小区服务参数管理（总体）,FAP 载波基本配置,LST FAP_SERVICE,LST,Device.Services.FAPService.{i}.,2,LST LST FAP_SERVICE FAP 载波基本配置; MOD MOD FAP_SERVICE FAP 载波基本配置,当前命令节点已有相同对象前缀，可作为该 path 的现成命令节点归属
Device.Services.FAPService.{i}.Transport.SCTP.RTOInitial,yes,object_prefix_current_command_node,medium,SF,小区服务参数管理（总体）,FAP 载波基本配置,LST FAP_SERVICE,LST,Device.Services.FAPService.{i}.,2,LST LST FAP_SERVICE FAP 载波基本配置; MOD MOD FAP_SERVICE FAP 载波基本配置,当前命令节点已有相同对象前缀，可作为该 path 的现成命令节点归属
Device.Services.FAPService.{i}.Transport.SCTP.RTOMax,yes,object_prefix_current_command_node,medium,SF,小区服务参数管理（总体）,FAP 载波基本配置,LST FAP_SERVICE,LST,Device.Services.FAPService.{i}.,2,LST LST FAP_SERVICE FAP 载波基本配置; MOD MOD FAP_SERVICE FAP 载波基本配置,当前命令节点已有相同对象前缀，可作为该 path 的现成命令节点归属
Device.Services.FAPService.{i}.Transport.SCTP.RTOMin,yes,object_prefix_current_command_node,medium,SF,小区服务参数管理（总体）,FAP 载波基本配置,LST FAP_SERVICE,LST,Device.Services.FAPService.{i}.,2,LST LST FAP_SERVICE FAP 载波基本配置; MOD MOD FAP_SERVICE FAP 载波基本配置,当前命令节点已有相同对象前缀，可作为该 path 的现成命令节点归属
Device.Services.FAPService.{i}.Transport.SCTP.ValCookieLife,yes,object_prefix_current_command_node,medium,SF,小区服务参数管理（总体）,FAP 载波基本配置,LST FAP_SERVICE,LST,Device.Services.FAPService.{i}.,2,LST LST FAP_SERVICE FAP 载波基本配置; MOD MOD FAP_SERVICE FAP 载波基本配置,当前命令节点已有相同对象前缀，可作为该 path 的现成命令节点归属
Device.Services.FAPService.{i}.Transport.SCTP.Assoc.{i}.LocalPort,yes,object_prefix_current_command_node,medium,SF,小区服务参数管理（总体）,FAP 载波基本配置,LST FAP_SERVICE,LST,Device.Services.FAPService.{i}.,2,LST LST FAP_SERVICE FAP 载波基本配置; MOD MOD FAP_SERVICE FAP 载波基本配置,当前命令节点已有相同对象前缀，可作为该 path 的现成命令节点归属
Device.Services.FAPService.{i}.Transport.SCTP.Assoc.{i}.PrimaryPeerAddress,yes,object_prefix_current_command_node,medium,SF,小区服务参数管理（总体）,FAP 载波基本配置,LST FAP_SERVICE,LST,Device.Services.FAPService.{i}.,2,LST LST FAP_SERVICE FAP 载波基本配置; MOD MOD FAP_SERVICE FAP 载波基本配置,当前命令节点已有相同对象前缀，可作为该 path 的现成命令节点归属
Device.Services.FAPService.{i}.Transport.SCTP.Assoc.{i}.RemotePort,yes,object_prefix_current_command_node,medium,SF,小区服务参数管理（总体）,FAP 载波基本配置,LST FAP_SERVICE,LST,Device.Services.FAPService.{i}.,2,LST LST FAP_SERVICE FAP 载波基本配置; MOD MOD FAP_SERVICE FAP 载波基本配置,当前命令节点已有相同对象前缀，可作为该 path 的现成命令节点归属
Device.Services.FAPService.{i}.Transport.SCTP.Assoc.{i}.SCTPAssocLocalAddr,yes,object_prefix_current_command_node,medium,SF,小区服务参数管理（总体）,FAP 载波基本配置,LST FAP_SERVICE,LST,Device.Services.FAPService.{i}.,2,LST LST FAP_SERVICE FAP 载波基本配置; MOD MOD FAP_SERVICE FAP 载波基本配置,当前命令节点已有相同对象前缀，可作为该 path 的现成命令节点归属
Device.Services.FAPService.{i}.CellConfig.{i}.NR.RAN.PHY.Antenna.NumOfRxAntenna,yes,object_prefix_current_command_node,medium,SF,小区服务参数管理（总体）,FAP 载波基本配置,LST FAP_SERVICE,LST,Device.Services.FAPService.{i}.,2,LST LST FAP_SERVICE FAP 载波基本配置; MOD MOD FAP_SERVICE FAP 载波基本配置,当前命令节点已有相同对象前缀，可作为该 path 的现成命令节点归属
Device.Services.FAPService.{i}.CellConfig.{i}.NR.RAN.PHY.Antenna.NumOfTxAntenna,yes,object_prefix_current_command_node,medium,SF,小区服务参数管理（总体）,FAP 载波基本配置,LST FAP_SERVICE,LST,Device.Services.FAPService.{i}.,2,LST LST FAP_SERVICE FAP 载波基本配置; MOD MOD FAP_SERVICE FAP 载波基本配置,当前命令节点已有相同对象前缀，可作为该 path 的现成命令节点归属
Device.Services.FAPService.{i}.CellConfig.LTE.RAN.PHY.AntennaInfo.AntennaPortsCount,yes,object_prefix_current_command_node,medium,SF,小区服务参数管理（总体）,FAP 载波基本配置,LST FAP_SERVICE,LST,Device.Services.FAPService.{i}.CellConfig.LTE.RAN.,2,LST LST FAP_SERVICE FAP 载波基本配置; MOD MOD FAP_SERVICE FAP 载波基本配置,当前命令节点已有相同对象前缀，可作为该 path 的现成命令节点归属
Device.Services.FAPService.{i}.CellConfig.LTE.RAN.PHY.AntennaInfo.Multiplex,yes,object_prefix_current_command_node,medium,SF,小区服务参数管理（总体）,FAP 载波基本配置,LST FAP_SERVICE,LST,Device.Services.FAPService.{i}.CellConfig.LTE.RAN.,2,LST LST FAP_SERVICE FAP 载波基本配置; MOD MOD FAP_SERVICE FAP 载波基本配置,当前命令节点已有相同对象前缀，可作为该 path 的现成命令节点归属
Device.Services.FAPService.{i}.CellConfig.{i}.NR.RAN.PHY.BWP.BWPDL.{i},yes,object_prefix_current_command_node,medium,SF,小区服务参数管理（总体）,FAP 载波基本配置,LST FAP_SERVICE,LST,Device.Services.FAPService.{i}.,2,LST LST FAP_SERVICE FAP 载波基本配置; MOD MOD FAP_SERVICE FAP 载波基本配置,当前命令节点已有相同对象前缀，可作为该 path 的现成命令节点归属
Device.Services.FAPService.{i}.CellConfig.LTE.RAN.CA.CaEnable,yes,object_prefix_current_command_node,medium,SF,小区服务参数管理（总体）,FAP 载波基本配置,LST FAP_SERVICE,LST,Device.Services.FAPService.{i}.CellConfig.LTE.RAN.,2,LST LST FAP_SERVICE FAP 载波基本配置; MOD MOD FAP_SERVICE FAP 载波基本配置,当前命令节点已有相同对象前缀，可作为该 path 的现成命令节点归属
Device.Services.FAPService.{i}.CellConfig.{i}.NR.RAN.PHY.BWP.BWPDL.{i}.PDCCH.CommonControlResourceSet.CceRegMappingType.InterleaverSize,yes,object_prefix_current_command_node,medium,SF,小区服务参数管理（总体）,FAP 载波基本配置,LST FAP_SERVICE,LST,Device.Services.FAPService.{i}.,2,LST LST FAP_SERVICE FAP 载波基本配置; MOD MOD FAP_SERVICE FAP 载波基本配置,当前命令节点已有相同对象前缀，可作为该 path 的现成命令节点归属
Device.Services.FAPService.{i}.CellConfig.{i}.NR.RAN.PHY.BWP.BWPDL.{i}.PDCCH.CommonControlResourceSet.CceRegMappingType.RegBundleSize,yes,object_prefix_current_command_node,medium,SF,小区服务参数管理（总体）,FAP 载波基本配置,LST FAP_SERVICE,LST,Device.Services.FAPService.{i}.,2,LST LST FAP_SERVICE FAP 载波基本配置; MOD MOD FAP_SERVICE FAP 载波基本配置,当前命令节点已有相同对象前缀，可作为该 path 的现成命令节点归属
Device.Services.FAPService.{i}.CellConfig.{i}.NR.RAN.PHY.BWP.BWPDL.{i}.PDCCH.CommonControlResourceSet.CceRegMappingType.RegType,yes,object_prefix_current_command_node,medium,SF,小区服务参数管理（总体）,FAP 载波基本配置,LST FAP_SERVICE,LST,Device.Services.FAPService.{i}.,2,LST LST FAP_SERVICE FAP 载波基本配置; MOD MOD FAP_SERVICE FAP 载波基本配置,当前命令节点已有相同对象前缀，可作为该 path 的现成命令节点归属
Device.Services.FAPService.{i}.CellConfig.{i}.NR.RAN.PHY.BWP.BWPDL.{i}.PDCCH.CommonControlResourceSet.CceRegMappingType.ShiftIndex,yes,object_prefix_current_command_node,medium,SF,小区服务参数管理（总体）,FAP 载波基本配置,LST FAP_SERVICE,LST,Device.Services.FAPService.{i}.,2,LST LST FAP_SERVICE FAP 载波基本配置; MOD MOD FAP_SERVICE FAP 载波基本配置,当前命令节点已有相同对象前缀，可作为该 path 的现成命令节点归属
Device.Services.FAPService.{i}.FAPControl.NR.RAN.Common.AdminState,yes,object_prefix_current_command_node,medium,SF,小区服务参数管理（总体）,FAP 载波基本配置,LST FAP_SERVICE,LST,Device.Services.FAPService.{i}.,2,LST LST FAP_SERVICE FAP 载波基本配置; MOD MOD FAP_SERVICE FAP 载波基本配置,当前命令节点已有相同对象前缀，可作为该 path 的现成命令节点归属
Device.Services.FAPService.{i}.FAPControl.NR.RAN.Common.gNBId,yes,object_prefix_current_command_node,medium,SF,小区服务参数管理（总体）,FAP 载波基本配置,LST FAP_SERVICE,LST,Device.Services.FAPService.{i}.,2,LST LST FAP_SERVICE FAP 载波基本配置; MOD MOD FAP_SERVICE FAP 载波基本配置,当前命令节点已有相同对象前缀，可作为该 path 的现成命令节点归属
Device.Services.FAPService.{i}.FAPControl.NR.RAN.Common.gNBIdLength,yes,object_prefix_current_command_node,medium,SF,小区服务参数管理（总体）,FAP 载波基本配置,LST FAP_SERVICE,LST,Device.Services.FAPService.{i}.,2,LST LST FAP_SERVICE FAP 载波基本配置; MOD MOD FAP_SERVICE FAP 载波基本配置,当前命令节点已有相同对象前缀，可作为该 path 的现成命令节点归属
Device.Services.FAPService.{i}.CellConfig.{i}.NR.RAN.PHY.BWP.BWPDL.{i}.PDCCH.CommonControlResourceSet.ControlResourceSetId,yes,object_prefix_current_command_node,medium,SF,小区服务参数管理（总体）,FAP 载波基本配置,LST FAP_SERVICE,LST,Device.Services.FAPService.{i}.,2,LST LST FAP_SERVICE FAP 载波基本配置; MOD MOD FAP_SERVICE FAP 载波基本配置,当前命令节点已有相同对象前缀，可作为该 path 的现成命令节点归属
Device.Services.FAPService.{i}.CellConfig.{i}.NR.RAN.PHY.BWP.BWPDL.{i}.PDCCH.CommonControlResourceSet.Duration,yes,object_prefix_current_command_node,medium,SF,小区服务参数管理（总体）,FAP 载波基本配置,LST FAP_SERVICE,LST,Device.Services.FAPService.{i}.,2,LST LST FAP_SERVICE FAP 载波基本配置; MOD MOD FAP_SERVICE FAP 载波基本配置,当前命令节点已有相同对象前缀，可作为该 path 的现成命令节点归属
Device.Services.FAPService.{i}.CellConfig.{i}.NR.RAN.PHY.BWP.BWPDL.{i}.PDCCH.CommonControlResourceSet.FrequencyDomainResources,yes,object_prefix_current_command_node,medium,SF,小区服务参数管理（总体）,FAP 载波基本配置,LST FAP_SERVICE,LST,Device.Services.FAPService.{i}.,2,LST LST FAP_SERVICE FAP 载波基本配置; MOD MOD FAP_SERVICE FAP 载波基本配置,当前命令节点已有相同对象前缀，可作为该 path 的现成命令节点归属
Device.Services.FAPService.{i}.CellConfig.{i}.NR.RAN.PHY.BWP.BWPDL.{i}.PDCCH.CommonControlResourceSet.PrecoderGranularity,yes,object_prefix_current_command_node,medium,SF,小区服务参数管理（总体）,FAP 载波基本配置,LST FAP_SERVICE,LST,Device.Services.FAPService.{i}.,2,LST LST FAP_SERVICE FAP 载波基本配置; MOD MOD FAP_SERVICE FAP 载波基本配置,当前命令节点已有相同对象前缀，可作为该 path 的现成命令节点归属
Device.Services.FAPService.{i}.CellConfig.{i}.NR.RAN.PHY.BWP.BWPDL.{i}.PDCCH.CommonSearchSpaceList.{i},yes,object_prefix_current_command_node,medium,SF,小区服务参数管理（总体）,FAP 载波基本配置,LST FAP_SERVICE,LST,Device.Services.FAPService.{i}.,2,LST LST FAP_SERVICE FAP 载波基本配置; MOD MOD FAP_SERVICE FAP 载波基本配置,当前命令节点已有相同对象前缀，可作为该 path 的现成命令节点归属
Device.Services.FAPService.{i}.CellConfig.{i}.NR.RAN.PHY.BWP.BWPDL.{i}.PDCCH.DedicatedCtlResourceSet.{i},yes,object_prefix_current_command_node,medium,SF,小区服务参数管理（总体）,FAP 载波基本配置,LST FAP_SERVICE,LST,Device.Services.FAPService.{i}.,2,LST LST FAP_SERVICE FAP 载波基本配置; MOD MOD FAP_SERVICE FAP 载波基本配置,当前命令节点已有相同对象前缀，可作为该 path 的现成命令节点归属
Device.Services.FAPService.{i}.CellConfig.{i}.NR.RAN.EnergySaveParam.EnergySavingDelayTime,yes,object_prefix_current_command_node,medium,SF,小区服务参数管理（总体）,FAP 载波基本配置,LST FAP_SERVICE,LST,Device.Services.FAPService.{i}.,2,LST LST FAP_SERVICE FAP 载波基本配置; MOD MOD FAP_SERVICE FAP 载波基本配置,当前命令节点已有相同对象前缀，可作为该 path 的现成命令节点归属
Device.Services.FAPService.{i}.CellConfig.{i}.NR.RAN.EnergySaveParam.EnergySavingTime,yes,object_prefix_current_command_node,medium,SF,小区服务参数管理（总体）,FAP 载波基本配置,LST FAP_SERVICE,LST,Device.Services.FAPService.{i}.,2,LST LST FAP_SERVICE FAP 载波基本配置; MOD MOD FAP_SERVICE FAP 载波基本配置,当前命令节点已有相同对象前缀，可作为该 path 的现成命令节点归属
Device.Services.FAPService.{i}.CellConfig.{i}.NR.RAN.EnergySaveParam.EnergySavingType,yes,object_prefix_current_command_node,medium,SF,小区服务参数管理（总体）,FAP 载波基本配置,LST FAP_SERVICE,LST,Device.Services.FAPService.{i}.,2,LST LST FAP_SERVICE FAP 载波基本配置; MOD MOD FAP_SERVICE FAP 载波基本配置,当前命令节点已有相同对象前缀，可作为该 path 的现成命令节点归属
Device.Services.FAPService.{i}.CellConfig.{i}.NR.RAN.EnergySaveParam.PrbLowThreshold,yes,object_prefix_current_command_node,medium,SF,小区服务参数管理（总体）,FAP 载波基本配置,LST FAP_SERVICE,LST,Device.Services.FAPService.{i}.,2,LST LST FAP_SERVICE FAP 载波基本配置; MOD MOD FAP_SERVICE FAP 载波基本配置,当前命令节点已有相同对象前缀，可作为该 path 的现成命令节点归属
Device.Services.FAPService.{i}.CellConfig.{i}.NR.RAN.EnergySaveParam.PrbReportPeriod,yes,object_prefix_current_command_node,medium,SF,小区服务参数管理（总体）,FAP 载波基本配置,LST FAP_SERVICE,LST,Device.Services.FAPService.{i}.,2,LST LST FAP_SERVICE FAP 载波基本配置; MOD MOD FAP_SERVICE FAP 载波基本配置,当前命令节点已有相同对象前缀，可作为该 path 的现成命令节点归属
Device.Services.FAPService.{i}.CellConfig.{i}.NR.RAN.EnergySaveParam.RRCLowThreshold,yes,object_prefix_current_command_node,medium,SF,小区服务参数管理（总体）,FAP 载波基本配置,LST FAP_SERVICE,LST,Device.Services.FAPService.{i}.,2,LST LST FAP_SERVICE FAP 载波基本配置; MOD MOD FAP_SERVICE FAP 载波基本配置,当前命令节点已有相同对象前缀，可作为该 path 的现成命令节点归属
Device.Services.FAPService.{i}.CellConfig.{i}.NR.RAN.PHY.FrequencyInfoDLSIB.OffsetToPointA,yes,object_prefix_current_command_node,medium,SF,小区服务参数管理（总体）,FAP 载波基本配置,LST FAP_SERVICE,LST,Device.Services.FAPService.{i}.,2,LST LST FAP_SERVICE FAP 载波基本配置; MOD MOD FAP_SERVICE FAP 载波基本配置,当前命令节点已有相同对象前缀，可作为该 path 的现成命令节点归属
Device.Services.FAPService.{i}.CellConfig.LTE.RAN.CA.PARAMS.CARRIER_MODE,yes,object_prefix_current_command_node,medium,SF,小区服务参数管理（总体）,FAP 载波基本配置,LST FAP_SERVICE,LST,Device.Services.FAPService.{i}.CellConfig.LTE.RAN.,2,LST LST FAP_SERVICE FAP 载波基本配置; MOD MOD FAP_SERVICE FAP 载波基本配置,当前命令节点已有相同对象前缀，可作为该 path 的现成命令节点归属
Device.Services.FAPService.{i}.CellConfig.LTE.RAN.CA.PARAMS.NumOfCells,yes,object_prefix_current_command_node,medium,SF,小区服务参数管理（总体）,FAP 载波基本配置,LST FAP_SERVICE,LST,Device.Services.FAPService.{i}.CellConfig.LTE.RAN.,2,LST LST FAP_SERVICE FAP 载波基本配置; MOD MOD FAP_SERVICE FAP 载波基本配置,当前命令节点已有相同对象前缀，可作为该 path 的现成命令节点归属
Device.Services.FAPService.{i}.CellConfig.{i}.NR.RAN.PHY.BWP.BWPDL.{i}.PDCCH.PDCCHConfigCommon.ControlResourceSetZero,yes,object_prefix_current_command_node,medium,SF,小区服务参数管理（总体）,FAP 载波基本配置,LST FAP_SERVICE,LST,Device.Services.FAPService.{i}.,2,LST LST FAP_SERVICE FAP 载波基本配置; MOD MOD FAP_SERVICE FAP 载波基本配置,当前命令节点已有相同对象前缀，可作为该 path 的现成命令节点归属
Device.Services.FAPService.{i}.CellConfig.{i}.NR.RAN.PHY.BWP.BWPDL.{i}.PDCCH.PDCCHConfigCommon.PagingSearchSpace,yes,object_prefix_current_command_node,medium,SF,小区服务参数管理（总体）,FAP 载波基本配置,LST FAP_SERVICE,LST,Device.Services.FAPService.{i}.,2,LST LST FAP_SERVICE FAP 载波基本配置; MOD MOD FAP_SERVICE FAP 载波基本配置,当前命令节点已有相同对象前缀，可作为该 path 的现成命令节点归属
Device.Services.FAPService.{i}.CellConfig.{i}.NR.RAN.PHY.BWP.BWPDL.{i}.PDCCH.PDCCHConfigCommon.RaSearchSpace,yes,object_prefix_current_command_node,medium,SF,小区服务参数管理（总体）,FAP 载波基本配置,LST FAP_SERVICE,LST,Device.Services.FAPService.{i}.,2,LST LST FAP_SERVICE FAP 载波基本配置; MOD MOD FAP_SERVICE FAP 载波基本配置,当前命令节点已有相同对象前缀，可作为该 path 的现成命令节点归属
Device.Services.FAPService.{i}.CellConfig.{i}.NR.RAN.PHY.BWP.BWPDL.{i}.PDCCH.PDCCHConfigCommon.SearchSpaceOtherSystemInformation,yes,object_prefix_current_command_node,medium,SF,小区服务参数管理（总体）,FAP 载波基本配置,LST FAP_SERVICE,LST,Device.Services.FAPService.{i}.,2,LST LST FAP_SERVICE FAP 载波基本配置; MOD MOD FAP_SERVICE FAP 载波基本配置,当前命令节点已有相同对象前缀，可作为该 path 的现成命令节点归属
Device.Services.FAPService.{i}.CellConfig.{i}.NR.RAN.PHY.BWP.BWPDL.{i}.PDCCH.PDCCHConfigCommon.SearchSpaceSIB1,yes,object_prefix_current_command_node,medium,SF,小区服务参数管理（总体）,FAP 载波基本配置,LST FAP_SERVICE,LST,Device.Services.FAPService.{i}.,2,LST LST FAP_SERVICE FAP 载波基本配置; MOD MOD FAP_SERVICE FAP 载波基本配置,当前命令节点已有相同对象前缀，可作为该 path 的现成命令节点归属
Device.Services.FAPService.{i}.CellConfig.{i}.NR.RAN.PHY.BWP.BWPDL.{i}.PDCCH.PDCCHConfigCommon.SearchSpaceZero,yes,object_prefix_current_command_node,medium,SF,小区服务参数管理（总体）,FAP 载波基本配置,LST FAP_SERVICE,LST,Device.Services.FAPService.{i}.,2,LST LST FAP_SERVICE FAP 载波基本配置; MOD MOD FAP_SERVICE FAP 载波基本配置,当前命令节点已有相同对象前缀，可作为该 path 的现成命令节点归属
Device.Services.FAPService.{i}.CellConfig.{i}.NR.RAN.PHY.BWP.BWPDL.{i}.PDSCH.PDSCHDedicatedTimeDomainResourceAllocationList.{i},yes,object_prefix_current_command_node,medium,SF,小区服务参数管理（总体）,FAP 载波基本配置,LST FAP_SERVICE,LST,Device.Services.FAPService.{i}.,2,LST LST FAP_SERVICE FAP 载波基本配置; MOD MOD FAP_SERVICE FAP 载波基本配置,当前命令节点已有相同对象前缀，可作为该 path 的现成命令节点归属
Device.Services.FAPService.{i}.CellConfig.{i}.NR.RAN.PHY.BWP.BWPDL.{i}.PDSCH.PDSCHTimeDomainResourceAllocationList.{i},yes,object_prefix_current_command_node,medium,SF,小区服务参数管理（总体）,FAP 载波基本配置,LST FAP_SERVICE,LST,Device.Services.FAPService.{i}.,2,LST LST FAP_SERVICE FAP 载波基本配置; MOD MOD FAP_SERVICE FAP 载波基本配置,当前命令节点已有相同对象前缀，可作为该 path 的现成命令节点归属
Device.Services.FAPService.{i}.CellConfig.{i}.NR.RAN.PHY.BWP.BWPDL.{i}.PDschConfig.DmrsAdditionalPosition,yes,object_prefix_current_command_node,medium,SF,小区服务参数管理（总体）,FAP 载波基本配置,LST FAP_SERVICE,LST,Device.Services.FAPService.{i}.,2,LST LST FAP_SERVICE FAP 载波基本配置; MOD MOD FAP_SERVICE FAP 载波基本配置,当前命令节点已有相同对象前缀，可作为该 path 的现成命令节点归属
Device.Services.FAPService.{i}.CellConfig.{i}.NR.RAN.PHY.BWP.BWPDL.{i}.PDschConfig.MaxMimoLayer,yes,object_prefix_current_command_node,medium,SF,小区服务参数管理（总体）,FAP 载波基本配置,LST FAP_SERVICE,LST,Device.Services.FAPService.{i}.,2,LST LST FAP_SERVICE FAP 载波基本配置; MOD MOD FAP_SERVICE FAP 载波基本配置,当前命令节点已有相同对象前缀，可作为该 path 的现成命令节点归属
Device.Services.FAPService.{i}.CellConfig.{i}.NR.RAN.PHY.BWP.BWPDL.{i}.PDschConfig.McsTable,yes,object_prefix_current_command_node,medium,SF,小区服务参数管理（总体）,FAP 载波基本配置,LST FAP_SERVICE,LST,Device.Services.FAPService.{i}.,2,LST LST FAP_SERVICE FAP 载波基本配置; MOD MOD FAP_SERVICE FAP 载波基本配置,当前命令节点已有相同对象前缀，可作为该 path 的现成命令节点归属
Device.Services.FAPService.{i}.CellConfig.{i}.NR.RAN.QOS.{i},yes,object_prefix_current_command_node,medium,SF,小区服务参数管理（总体）,FAP 载波基本配置,LST FAP_SERVICE,LST,Device.Services.FAPService.{i}.,2,LST LST FAP_SERVICE FAP 载波基本配置; MOD MOD FAP_SERVICE FAP 载波基本配置,当前命令节点已有相同对象前缀，可作为该 path 的现成命令节点归属
Device.Services.FAPService.{i}.CellConfig.{i}.NR.RAN.PowerMaxLimit,yes,object_prefix_current_command_node,medium,SF,小区服务参数管理（总体）,FAP 载波基本配置,LST FAP_SERVICE,LST,Device.Services.FAPService.{i}.,2,LST LST FAP_SERVICE FAP 载波基本配置; MOD MOD FAP_SERVICE FAP 载波基本配置,当前命令节点已有相同对象前缀，可作为该 path 的现成命令节点归属
Device.Services.FAPService.{i}.CellConfig.{i}.NR.RAN.PowerMinLimit,yes,object_prefix_current_command_node,medium,SF,小区服务参数管理（总体）,FAP 载波基本配置,LST FAP_SERVICE,LST,Device.Services.FAPService.{i}.,2,LST LST FAP_SERVICE FAP 载波基本配置; MOD MOD FAP_SERVICE FAP 载波基本配置,当前命令节点已有相同对象前缀，可作为该 path 的现成命令节点归属
Device.Services.FAPService.{i}.CellConfig.{i}.NR.RAN.PowerModify,yes,object_prefix_current_command_node,medium,SF,小区服务参数管理（总体）,FAP 载波基本配置,LST FAP_SERVICE,LST,Device.Services.FAPService.{i}.,2,LST LST FAP_SERVICE FAP 载波基本配置; MOD MOD FAP_SERVICE FAP 载波基本配置,当前命令节点已有相同对象前缀，可作为该 path 的现成命令节点归属
Device.Services.FAPService.{i}.CellConfig.{i}.NR.RAN.rftxEnable,yes,object_prefix_current_command_node,medium,SF,小区服务参数管理（总体）,FAP 载波基本配置,LST FAP_SERVICE,LST,Device.Services.FAPService.{i}.,2,LST LST FAP_SERVICE FAP 载波基本配置; MOD MOD FAP_SERVICE FAP 载波基本配置,当前命令节点已有相同对象前缀，可作为该 path 的现成命令节点归属
Device.Services.FAPService.{i}.CellConfig.LTE.RAN.RF.AdminCellState,yes,object_prefix_current_command_node,medium,SF,小区服务参数管理（总体）,FAP 载波基本配置,LST FAP_SERVICE,LST,Device.Services.FAPService.{i}.CellConfig.LTE.RAN.RF.,2,LST LST FAP_SERVICE FAP 载波基本配置; MOD MOD FAP_SERVICE FAP 载波基本配置,当前命令节点已有相同对象前缀，可作为该 path 的现成命令节点归属
Device.Services.FAPService.{i}.CellConfig.LTE.RAN.RF.EnbCellType,yes,object_prefix_current_command_node,medium,SF,小区服务参数管理（总体）,FAP 载波基本配置,LST FAP_SERVICE,LST,Device.Services.FAPService.{i}.CellConfig.LTE.RAN.RF.,2,LST LST FAP_SERVICE FAP 载波基本配置; MOD MOD FAP_SERVICE FAP 载波基本配置,当前命令节点已有相同对象前缀，可作为该 path 的现成命令节点归属
Device.Services.FAPService.{i}.CellConfig.LTE.RAN.RF.ForceRadioEnable,yes,object_prefix_current_command_node,medium,SF,小区服务参数管理（总体）,FAP 载波基本配置,LST FAP_SERVICE,LST,Device.Services.FAPService.{i}.CellConfig.LTE.RAN.RF.,2,LST LST FAP_SERVICE FAP 载波基本配置; MOD MOD FAP_SERVICE FAP 载波基本配置,当前命令节点已有相同对象前缀，可作为该 path 的现成命令节点归属
Device.Services.FAPService.{i}.CellConfig.LTE.RAN.RF.LteCellWithRuList,yes,object_prefix_current_command_node,medium,SF,小区服务参数管理（总体）,FAP 载波基本配置,LST FAP_SERVICE,LST,Device.Services.FAPService.{i}.CellConfig.LTE.RAN.RF.,2,LST LST FAP_SERVICE FAP 载波基本配置; MOD MOD FAP_SERVICE FAP 载波基本配置,当前命令节点已有相同对象前缀，可作为该 path 的现成命令节点归属
Device.Services.FAPService.{i}.CellConfig.LTE.RAN.RF.X_COM_MaxTxPowerExpanded,yes,object_prefix_current_command_node,medium,SF,小区服务参数管理（总体）,FAP 载波基本配置,LST FAP_SERVICE,LST,Device.Services.FAPService.{i}.CellConfig.LTE.RAN.RF.,2,LST LST FAP_SERVICE FAP 载波基本配置; MOD MOD FAP_SERVICE FAP 载波基本配置,当前命令节点已有相同对象前缀，可作为该 path 的现成命令节点归属
Device.Services.FAPService.{i}.CellConfig.LTE.RAN.RF.X_COM_RadioEnable,yes,object_prefix_current_command_node,medium,SF,小区服务参数管理（总体）,FAP 载波基本配置,LST FAP_SERVICE,LST,Device.Services.FAPService.{i}.CellConfig.LTE.RAN.RF.,2,LST LST FAP_SERVICE FAP 载波基本配置; MOD MOD FAP_SERVICE FAP 载波基本配置,当前命令节点已有相同对象前缀，可作为该 path 的现成命令节点归属
Device.Services.FAPService.{i}.CellConfig.{i}.NR.RAN.RF.NRARFCNDL,yes,object_prefix_current_command_node,medium,SF,小区服务参数管理（总体）,FAP 载波基本配置,LST FAP_SERVICE,LST,Device.Services.FAPService.{i}.,2,LST LST FAP_SERVICE FAP 载波基本配置; MOD MOD FAP_SERVICE FAP 载波基本配置,当前命令节点已有相同对象前缀，可作为该 path 的现成命令节点归属
Device.Services.FAPService.{i}.CellConfig.{i}.NR.RAN.RF.NRARFCNUL,yes,object_prefix_current_command_node,medium,SF,小区服务参数管理（总体）,FAP 载波基本配置,LST FAP_SERVICE,LST,Device.Services.FAPService.{i}.,2,LST LST FAP_SERVICE FAP 载波基本配置; MOD MOD FAP_SERVICE FAP 载波基本配置,当前命令节点已有相同对象前缀，可作为该 path 的现成命令节点归属
Device.Services.FAPService.{i}.CellConfig.{i}.NR.RAN.RF.PhyCellID,yes,object_prefix_current_command_node,medium,SF,小区服务参数管理（总体）,FAP 载波基本配置,LST FAP_SERVICE,LST,Device.Services.FAPService.{i}.,2,LST LST FAP_SERVICE FAP 载波基本配置; MOD MOD FAP_SERVICE FAP 载波基本配置,当前命令节点已有相同对象前缀，可作为该 path 的现成命令节点归属
Device.Services.FAPService.{i}.CellConfig.{i}.NR.RAN.RF.SsbFrequency,yes,object_prefix_current_command_node,medium,SF,小区服务参数管理（总体）,FAP 载波基本配置,LST FAP_SERVICE,LST,Device.Services.FAPService.{i}.,2,LST LST FAP_SERVICE FAP 载波基本配置; MOD MOD FAP_SERVICE FAP 载波基本配置,当前命令节点已有相同对象前缀，可作为该 path 的现成命令节点归属
Device.Services.FAPService.{i}.CellConfig.LTE.RAN.RRCTimers.T304,yes,object_prefix_current_command_node,medium,SF,小区服务参数管理（总体）,FAP 载波基本配置,LST FAP_SERVICE,LST,Device.Services.FAPService.{i}.CellConfig.LTE.RAN.RRCTimers.,2,LST LST FAP_SERVICE FAP 载波基本配置; MOD MOD FAP_SERVICE FAP 载波基本配置,当前命令节点已有相同对象前缀，可作为该 path 的现成命令节点归属
Device.Services.FAPService.{i}.CellConfig.LTE.RAN.RRCTimers.T319,yes,object_prefix_current_command_node,medium,SF,小区服务参数管理（总体）,FAP 载波基本配置,LST FAP_SERVICE,LST,Device.Services.FAPService.{i}.CellConfig.LTE.RAN.RRCTimers.,2,LST LST FAP_SERVICE FAP 载波基本配置; MOD MOD FAP_SERVICE FAP 载波基本配置,当前命令节点已有相同对象前缀，可作为该 path 的现成命令节点归属
Device.Services.FAPService.{i}.CellConfig.{i}.NR.RAN.PHY.FrequencyInfoDLSIB.ScsSpecificCarrierList.{i}.SCSSpecificCarrier.CarrierBandwidth,yes,object_prefix_current_command_node,medium,SF,小区服务参数管理（总体）,FAP 载波基本配置,LST FAP_SERVICE,LST,Device.Services.FAPService.{i}.,2,LST LST FAP_SERVICE FAP 载波基本配置; MOD MOD FAP_SERVICE FAP 载波基本配置,当前命令节点已有相同对象前缀，可作为该 path 的现成命令节点归属
Device.Services.FAPService.{i}.CellConfig.{i}.NR.RAN.PHY.FrequencyInfoDLSIB.ScsSpecificCarrierList.{i}.SCSSpecificCarrier.SubcarrierSpacing,yes,object_prefix_current_command_node,medium,SF,小区服务参数管理（总体）,FAP 载波基本配置,LST FAP_SERVICE,LST,Device.Services.FAPService.{i}.,2,LST LST FAP_SERVICE FAP 载波基本配置; MOD MOD FAP_SERVICE FAP 载波基本配置,当前命令节点已有相同对象前缀，可作为该 path 的现成命令节点归属
Device.Services.FAPService.{i}.CellConfig.{i}.NR.RAN.PHY.FrequencyInfoULSIB.ScsSpecificCarrierList.{i}.SCSSpecificCarrier.CarrierBandwidth,yes,object_prefix_current_command_node,medium,SF,小区服务参数管理（总体）,FAP 载波基本配置,LST FAP_SERVICE,LST,Device.Services.FAPService.{i}.,2,LST LST FAP_SERVICE FAP 载波基本配置; MOD MOD FAP_SERVICE FAP 载波基本配置,当前命令节点已有相同对象前缀，可作为该 path 的现成命令节点归属
Device.Services.FAPService.{i}.CellConfig.{i}.NR.RAN.PHY.FrequencyInfoULSIB.ScsSpecificCarrierList.{i}.SCSSpecificCarrier.SubcarrierSpacing,yes,object_prefix_current_command_node,medium,SF,小区服务参数管理（总体）,FAP 载波基本配置,LST FAP_SERVICE,LST,Device.Services.FAPService.{i}.,2,LST LST FAP_SERVICE FAP 载波基本配置; MOD MOD FAP_SERVICE FAP 载波基本配置,当前命令节点已有相同对象前缀，可作为该 path 的现成命令节点归属
Device.Services.FAPService.{i}.CellConfig.{i}.NR.RAN.PHY.SSB.SsbSubcarrierOffset,yes,object_prefix_current_command_node,medium,SF,小区服务参数管理（总体）,FAP 载波基本配置,LST FAP_SERVICE,LST,Device.Services.FAPService.{i}.,2,LST LST FAP_SERVICE FAP 载波基本配置; MOD MOD FAP_SERVICE FAP 载波基本配置,当前命令节点已有相同对象前缀，可作为该 path 的现成命令节点归属
Device.Services.FAPService.{i}.CellConfig.{i}.NR.RAN.PHY.BWP.BWPDL.{i}.PDCCH.CommonSearchSpaceList.{i}.nrofCandidates.AggregationLevel1,yes,object_prefix_current_command_node,medium,SF,小区服务参数管理（总体）,FAP 载波基本配置,LST FAP_SERVICE,LST,Device.Services.FAPService.{i}.,2,LST LST FAP_SERVICE FAP 载波基本配置; MOD MOD FAP_SERVICE FAP 载波基本配置,当前命令节点已有相同对象前缀，可作为该 path 的现成命令节点归属
Device.Services.FAPService.{i}.CellConfig.{i}.NR.RAN.PHY.BWP.BWPDL.{i}.PDCCH.CommonSearchSpaceList.{i}.nrofCandidates.AggregationLevel16,yes,object_prefix_current_command_node,medium,SF,小区服务参数管理（总体）,FAP 载波基本配置,LST FAP_SERVICE,LST,Device.Services.FAPService.{i}.,2,LST LST FAP_SERVICE FAP 载波基本配置; MOD MOD FAP_SERVICE FAP 载波基本配置,当前命令节点已有相同对象前缀，可作为该 path 的现成命令节点归属
Device.Services.FAPService.{i}.CellConfig.{i}.NR.RAN.PHY.BWP.BWPDL.{i}.PDCCH.CommonSearchSpaceList.{i}.nrofCandidates.AggregationLevel2,yes,object_prefix_current_command_node,medium,SF,小区服务参数管理（总体）,FAP 载波基本配置,LST FAP_SERVICE,LST,Device.Services.FAPService.{i}.,2,LST LST FAP_SERVICE FAP 载波基本配置; MOD MOD FAP_SERVICE FAP 载波基本配置,当前命令节点已有相同对象前缀，可作为该 path 的现成命令节点归属
Device.Services.FAPService.{i}.CellConfig.{i}.NR.RAN.PHY.BWP.BWPDL.{i}.PDCCH.CommonSearchSpaceList.{i}.nrofCandidates.AggregationLevel4,yes,object_prefix_current_command_node,medium,SF,小区服务参数管理（总体）,FAP 载波基本配置,LST FAP_SERVICE,LST,Device.Services.FAPService.{i}.,2,LST LST FAP_SERVICE FAP 载波基本配置; MOD MOD FAP_SERVICE FAP 载波基本配置,当前命令节点已有相同对象前缀，可作为该 path 的现成命令节点归属
Device.Services.FAPService.{i}.CellConfig.{i}.NR.RAN.PHY.BWP.BWPDL.{i}.PDCCH.CommonSearchSpaceList.{i}.nrofCandidates.AggregationLevel8,yes,object_prefix_current_command_node,medium,SF,小区服务参数管理（总体）,FAP 载波基本配置,LST FAP_SERVICE,LST,Device.Services.FAPService.{i}.,2,LST LST FAP_SERVICE FAP 载波基本配置; MOD MOD FAP_SERVICE FAP 载波基本配置,当前命令节点已有相同对象前缀，可作为该 path 的现成命令节点归属
Device.Services.FAPService.{i}.CellConfig.{i}.NR.RAN.PHY.TddULDLConfigurationCommon.pattern1.DlULTransmissionPeriodicity,yes,object_prefix_current_command_node,medium,SF,小区服务参数管理（总体）,FAP 载波基本配置,LST FAP_SERVICE,LST,Device.Services.FAPService.{i}.,2,LST LST FAP_SERVICE FAP 载波基本配置; MOD MOD FAP_SERVICE FAP 载波基本配置,当前命令节点已有相同对象前缀，可作为该 path 的现成命令节点归属
Device.Services.FAPService.{i}.CellConfig.{i}.NR.RAN.PHY.TddULDLConfigurationCommon.pattern1.NrofDownlinkSlots,yes,object_prefix_current_command_node,medium,SF,小区服务参数管理（总体）,FAP 载波基本配置,LST FAP_SERVICE,LST,Device.Services.FAPService.{i}.,2,LST LST FAP_SERVICE FAP 载波基本配置; MOD MOD FAP_SERVICE FAP 载波基本配置,当前命令节点已有相同对象前缀，可作为该 path 的现成命令节点归属
Device.Services.FAPService.{i}.CellConfig.{i}.NR.RAN.PHY.TddULDLConfigurationCommon.pattern1.NrofDownlinkSymbols,yes,object_prefix_current_command_node,medium,SF,小区服务参数管理（总体）,FAP 载波基本配置,LST FAP_SERVICE,LST,Device.Services.FAPService.{i}.,2,LST LST FAP_SERVICE FAP 载波基本配置; MOD MOD FAP_SERVICE FAP 载波基本配置,当前命令节点已有相同对象前缀，可作为该 path 的现成命令节点归属
Device.Services.FAPService.{i}.CellConfig.{i}.NR.RAN.PHY.TddULDLConfigurationCommon.pattern1.NrofUplinkSlots,yes,object_prefix_current_command_node,medium,SF,小区服务参数管理（总体）,FAP 载波基本配置,LST FAP_SERVICE,LST,Device.Services.FAPService.{i}.,2,LST LST FAP_SERVICE FAP 载波基本配置; MOD MOD FAP_SERVICE FAP 载波基本配置,当前命令节点已有相同对象前缀，可作为该 path 的现成命令节点归属
Device.Services.FAPService.{i}.CellConfig.{i}.NR.RAN.PHY.TddULDLConfigurationCommon.pattern1.NrofUplinkSymbols,yes,object_prefix_current_command_node,medium,SF,小区服务参数管理（总体）,FAP 载波基本配置,LST FAP_SERVICE,LST,Device.Services.FAPService.{i}.,2,LST LST FAP_SERVICE FAP 载波基本配置; MOD MOD FAP_SERVICE FAP 载波基本配置,当前命令节点已有相同对象前缀，可作为该 path 的现成命令节点归属
Device.Services.FAPService.{i}.CellConfig.{i}.NR.RAN.PHY.TddULDLConfigurationCommon.pattern2.DlULTransmissionPeriodicity,yes,object_prefix_current_command_node,medium,SF,小区服务参数管理（总体）,FAP 载波基本配置,LST FAP_SERVICE,LST,Device.Services.FAPService.{i}.,2,LST LST FAP_SERVICE FAP 载波基本配置; MOD MOD FAP_SERVICE FAP 载波基本配置,当前命令节点已有相同对象前缀，可作为该 path 的现成命令节点归属
Device.Services.FAPService.{i}.CellConfig.{i}.NR.RAN.PHY.TddULDLConfigurationCommon.pattern2.NrofDownlinkSlots,yes,object_prefix_current_command_node,medium,SF,小区服务参数管理（总体）,FAP 载波基本配置,LST FAP_SERVICE,LST,Device.Services.FAPService.{i}.,2,LST LST FAP_SERVICE FAP 载波基本配置; MOD MOD FAP_SERVICE FAP 载波基本配置,当前命令节点已有相同对象前缀，可作为该 path 的现成命令节点归属
Device.Services.FAPService.{i}.CellConfig.{i}.NR.RAN.PHY.TddULDLConfigurationCommon.pattern2.NrofDownlinkSymbols,yes,object_prefix_current_command_node,medium,SF,小区服务参数管理（总体）,FAP 载波基本配置,LST FAP_SERVICE,LST,Device.Services.FAPService.{i}.,2,LST LST FAP_SERVICE FAP 载波基本配置; MOD MOD FAP_SERVICE FAP 载波基本配置,当前命令节点已有相同对象前缀，可作为该 path 的现成命令节点归属
Device.Services.FAPService.{i}.CellConfig.{i}.NR.RAN.PHY.TddULDLConfigurationCommon.pattern2.NrofUplinkSlots,yes,object_prefix_current_command_node,medium,SF,小区服务参数管理（总体）,FAP 载波基本配置,LST FAP_SERVICE,LST,Device.Services.FAPService.{i}.,2,LST LST FAP_SERVICE FAP 载波基本配置; MOD MOD FAP_SERVICE FAP 载波基本配置,当前命令节点已有相同对象前缀，可作为该 path 的现成命令节点归属
Device.Services.FAPService.{i}.CellConfig.{i}.NR.RAN.PHY.TddULDLConfigurationCommon.pattern2.NrofUplinkSymbols,yes,object_prefix_current_command_node,medium,SF,小区服务参数管理（总体）,FAP 载波基本配置,LST FAP_SERVICE,LST,Device.Services.FAPService.{i}.,2,LST LST FAP_SERVICE FAP 载波基本配置; MOD MOD FAP_SERVICE FAP 载波基本配置,当前命令节点已有相同对象前缀，可作为该 path 的现成命令节点归属
Device.Services.FAPService.{i}.CellConfig.{i}.NR.RAN.PHY.BWP.BWPDL.{i}.Bandwidth,yes,object_prefix_current_command_node,medium,SF,小区服务参数管理（总体）,FAP 载波基本配置,LST FAP_SERVICE,LST,Device.Services.FAPService.{i}.,2,LST LST FAP_SERVICE FAP 载波基本配置; MOD MOD FAP_SERVICE FAP 载波基本配置,当前命令节点已有相同对象前缀，可作为该 path 的现成命令节点归属
Device.Services.FAPService.{i}.CellConfig.{i}.NR.RAN.PHY.BWP.BWPDL.{i}.CyclicPrefix,yes,object_prefix_current_command_node,medium,SF,小区服务参数管理（总体）,FAP 载波基本配置,LST FAP_SERVICE,LST,Device.Services.FAPService.{i}.,2,LST LST FAP_SERVICE FAP 载波基本配置; MOD MOD FAP_SERVICE FAP 载波基本配置,当前命令节点已有相同对象前缀，可作为该 path 的现成命令节点归属
Device.Services.FAPService.{i}.CellConfig.{i}.NR.RAN.PHY.BWP.BWPDL.{i}.DlBWPId,yes,object_prefix_current_command_node,medium,SF,小区服务参数管理（总体）,FAP 载波基本配置,LST FAP_SERVICE,LST,Device.Services.FAPService.{i}.,2,LST LST FAP_SERVICE FAP 载波基本配置; MOD MOD FAP_SERVICE FAP 载波基本配置,当前命令节点已有相同对象前缀，可作为该 path 的现成命令节点归属
Device.Services.FAPService.{i}.CellConfig.{i}.NR.RAN.PHY.BWP.BWPDL.{i}.InitDlMcs,yes,object_prefix_current_command_node,medium,SF,小区服务参数管理（总体）,FAP 载波基本配置,LST FAP_SERVICE,LST,Device.Services.FAPService.{i}.,2,LST LST FAP_SERVICE FAP 载波基本配置; MOD MOD FAP_SERVICE FAP 载波基本配置,当前命令节点已有相同对象前缀，可作为该 path 的现成命令节点归属
Device.Services.FAPService.{i}.CellConfig.{i}.NR.RAN.PHY.BWP.BWPDL.{i}.MaxDlUeToBeScheduledInSlot,yes,object_prefix_current_command_node,medium,SF,小区服务参数管理（总体）,FAP 载波基本配置,LST FAP_SERVICE,LST,Device.Services.FAPService.{i}.,2,LST LST FAP_SERVICE FAP 载波基本配置; MOD MOD FAP_SERVICE FAP 载波基本配置,当前命令节点已有相同对象前缀，可作为该 path 的现成命令节点归属
Device.Services.FAPService.{i}.CellConfig.{i}.NR.RAN.PHY.BWP.BWPDL.{i}.PDCCH.CommonSearchSpaceList.{i}.ControlResourceSetId,yes,object_prefix_current_command_node,medium,SF,小区服务参数管理（总体）,FAP 载波基本配置,LST FAP_SERVICE,LST,Device.Services.FAPService.{i}.,2,LST LST FAP_SERVICE FAP 载波基本配置; MOD MOD FAP_SERVICE FAP 载波基本配置,当前命令节点已有相同对象前缀，可作为该 path 的现成命令节点归属
Device.Services.FAPService.{i}.CellConfig.{i}.NR.RAN.PHY.BWP.BWPDL.{i}.PDCCH.CommonSearchSpaceList.{i}.DciFormat00And10En,yes,object_prefix_current_command_node,medium,SF,小区服务参数管理（总体）,FAP 载波基本配置,LST FAP_SERVICE,LST,Device.Services.FAPService.{i}.,2,LST LST FAP_SERVICE FAP 载波基本配置; MOD MOD FAP_SERVICE FAP 载波基本配置,当前命令节点已有相同对象前缀，可作为该 path 的现成命令节点归属
Device.Services.FAPService.{i}.CellConfig.{i}.NR.RAN.PHY.BWP.BWPDL.{i}.PDCCH.CommonSearchSpaceList.{i}.Duration,yes,object_prefix_current_command_node,medium,SF,小区服务参数管理（总体）,FAP 载波基本配置,LST FAP_SERVICE,LST,Device.Services.FAPService.{i}.,2,LST LST FAP_SERVICE FAP 载波基本配置; MOD MOD FAP_SERVICE FAP 载波基本配置,当前命令节点已有相同对象前缀，可作为该 path 的现成命令节点归属
Device.Services.FAPService.{i}.CellConfig.{i}.NR.RAN.PHY.BWP.BWPDL.{i}.PDCCH.CommonSearchSpaceList.{i}.MonitoringSlotOffset,yes,object_prefix_current_command_node,medium,SF,小区服务参数管理（总体）,FAP 载波基本配置,LST FAP_SERVICE,LST,Device.Services.FAPService.{i}.,2,LST LST FAP_SERVICE FAP 载波基本配置; MOD MOD FAP_SERVICE FAP 载波基本配置,当前命令节点已有相同对象前缀，可作为该 path 的现成命令节点归属
Device.Services.FAPService.{i}.CellConfig.{i}.NR.RAN.PHY.BWP.BWPDL.{i}.PDCCH.CommonSearchSpaceList.{i}.MonitoringSlotPeriodicity,yes,object_prefix_current_command_node,medium,SF,小区服务参数管理（总体）,FAP 载波基本配置,LST FAP_SERVICE,LST,Device.Services.FAPService.{i}.,2,LST LST FAP_SERVICE FAP 载波基本配置; MOD MOD FAP_SERVICE FAP 载波基本配置,当前命令节点已有相同对象前缀，可作为该 path 的现成命令节点归属
Device.Services.FAPService.{i}.CellConfig.{i}.NR.RAN.PHY.BWP.BWPDL.{i}.PDCCH.CommonSearchSpaceList.{i}.MonitoringSymbolsWithinSlot,yes,object_prefix_current_command_node,medium,SF,小区服务参数管理（总体）,FAP 载波基本配置,LST FAP_SERVICE,LST,Device.Services.FAPService.{i}.,2,LST LST FAP_SERVICE FAP 载波基本配置; MOD MOD FAP_SERVICE FAP 载波基本配置,当前命令节点已有相同对象前缀，可作为该 path 的现成命令节点归属
Device.Services.FAPService.{i}.CellConfig.{i}.NR.RAN.PHY.BWP.BWPDL.{i}.PDCCH.CommonSearchSpaceList.{i}.SearchSpaceId,yes,object_prefix_current_command_node,medium,SF,小区服务参数管理（总体）,FAP 载波基本配置,LST FAP_SERVICE,LST,Device.Services.FAPService.{i}.,2,LST LST FAP_SERVICE FAP 载波基本配置; MOD MOD FAP_SERVICE FAP 载波基本配置,当前命令节点已有相同对象前缀，可作为该 path 的现成命令节点归属
Device.Services.FAPService.{i}.CellConfig.{i}.NR.RAN.PHY.BWP.BWPDL.{i}.PDCCH.CommonSearchSpaceList.{i}.SearchSpaceType,yes,object_prefix_current_command_node,medium,SF,小区服务参数管理（总体）,FAP 载波基本配置,LST FAP_SERVICE,LST,Device.Services.FAPService.{i}.,2,LST LST FAP_SERVICE FAP 载波基本配置; MOD MOD FAP_SERVICE FAP 载波基本配置,当前命令节点已有相同对象前缀，可作为该 path 的现成命令节点归属
Device.Services.FAPService.{i}.CellConfig.{i}.NR.RAN.PHY.BWP.BWPDL.{i}.PDCCH.DedicatedCtlResourceSet.{i}.DedicateCceRegInterleaverSize,yes,object_prefix_current_command_node,medium,SF,小区服务参数管理（总体）,FAP 载波基本配置,LST FAP_SERVICE,LST,Device.Services.FAPService.{i}.,2,LST LST FAP_SERVICE FAP 载波基本配置; MOD MOD FAP_SERVICE FAP 载波基本配置,当前命令节点已有相同对象前缀，可作为该 path 的现成命令节点归属
Device.Services.FAPService.{i}.CellConfig.{i}.NR.RAN.PHY.BWP.BWPDL.{i}.PDCCH.DedicatedCtlResourceSet.{i}.DedicateCceRegMappingType,yes,object_prefix_current_command_node,medium,SF,小区服务参数管理（总体）,FAP 载波基本配置,LST FAP_SERVICE,LST,Device.Services.FAPService.{i}.,2,LST LST FAP_SERVICE FAP 载波基本配置; MOD MOD FAP_SERVICE FAP 载波基本配置,当前命令节点已有相同对象前缀，可作为该 path 的现成命令节点归属
Device.Services.FAPService.{i}.CellConfig.{i}.NR.RAN.PHY.BWP.BWPDL.{i}.PDCCH.DedicatedCtlResourceSet.{i}.DedicateCceRegShiftIndex,yes,object_prefix_current_command_node,medium,SF,小区服务参数管理（总体）,FAP 载波基本配置,LST FAP_SERVICE,LST,Device.Services.FAPService.{i}.,2,LST LST FAP_SERVICE FAP 载波基本配置; MOD MOD FAP_SERVICE FAP 载波基本配置,当前命令节点已有相同对象前缀，可作为该 path 的现成命令节点归属
Device.Services.FAPService.{i}.CellConfig.{i}.NR.RAN.PHY.BWP.BWPDL.{i}.PDCCH.DedicatedCtlResourceSet.{i}.DedicateCceRegbundleType,yes,object_prefix_current_command_node,medium,SF,小区服务参数管理（总体）,FAP 载波基本配置,LST FAP_SERVICE,LST,Device.Services.FAPService.{i}.,2,LST LST FAP_SERVICE FAP 载波基本配置; MOD MOD FAP_SERVICE FAP 载波基本配置,当前命令节点已有相同对象前缀，可作为该 path 的现成命令节点归属
Device.Services.FAPService.{i}.CellConfig.{i}.NR.RAN.PHY.BWP.BWPDL.{i}.PDCCH.DedicatedCtlResourceSet.{i}.DedicateDuration,yes,object_prefix_current_command_node,medium,SF,小区服务参数管理（总体）,FAP 载波基本配置,LST FAP_SERVICE,LST,Device.Services.FAPService.{i}.,2,LST LST FAP_SERVICE FAP 载波基本配置; MOD MOD FAP_SERVICE FAP 载波基本配置,当前命令节点已有相同对象前缀，可作为该 path 的现成命令节点归属
Device.Services.FAPService.{i}.CellConfig.{i}.NR.RAN.PHY.BWP.BWPDL.{i}.PDCCH.DedicatedCtlResourceSet.{i}.DedicateFrequencyDomainResources,yes,object_prefix_current_command_node,medium,SF,小区服务参数管理（总体）,FAP 载波基本配置,LST FAP_SERVICE,LST,Device.Services.FAPService.{i}.,2,LST LST FAP_SERVICE FAP 载波基本配置; MOD MOD FAP_SERVICE FAP 载波基本配置,当前命令节点已有相同对象前缀，可作为该 path 的现成命令节点归属
Device.Services.FAPService.{i}.CellConfig.{i}.NR.RAN.PHY.BWP.BWPDL.{i}.PDCCH.DedicatedCtlResourceSet.{i}.DedicatePrecoderGranularity,yes,object_prefix_current_command_node,medium,SF,小区服务参数管理（总体）,FAP 载波基本配置,LST FAP_SERVICE,LST,Device.Services.FAPService.{i}.,2,LST LST FAP_SERVICE FAP 载波基本配置; MOD MOD FAP_SERVICE FAP 载波基本配置,当前命令节点已有相同对象前缀，可作为该 path 的现成命令节点归属
Device.Services.FAPService.{i}.CellConfig.{i}.NR.RAN.PHY.BWP.BWPDL.{i}.PDCCH.DedicatedCtlResourceSet.{i}.DedicatedResourceSetId,yes,object_prefix_current_command_node,medium,SF,小区服务参数管理（总体）,FAP 载波基本配置,LST FAP_SERVICE,LST,Device.Services.FAPService.{i}.,2,LST LST FAP_SERVICE FAP 载波基本配置; MOD MOD FAP_SERVICE FAP 载波基本配置,当前命令节点已有相同对象前缀，可作为该 path 的现成命令节点归属
Device.Services.FAPService.{i}.CellConfig.{i}.NR.RAN.PHY.BWP.BWPDL.{i}.PDSCH.PDSCHDedicatedTimeDomainResourceAllocationList.{i}.StartSymbolAndLength,yes,object_prefix_current_command_node,medium,SF,小区服务参数管理（总体）,FAP 载波基本配置,LST FAP_SERVICE,LST,Device.Services.FAPService.{i}.,2,LST LST FAP_SERVICE FAP 载波基本配置; MOD MOD FAP_SERVICE FAP 载波基本配置,当前命令节点已有相同对象前缀，可作为该 path 的现成命令节点归属
Device.Services.FAPService.{i}.CellConfig.{i}.NR.RAN.PHY.BWP.BWPDL.{i}.PDSCH.PDSCHTimeDomainResourceAllocationList.{i}.StartSymbolAndLength,yes,object_prefix_current_command_node,medium,SF,小区服务参数管理（总体）,FAP 载波基本配置,LST FAP_SERVICE,LST,Device.Services.FAPService.{i}.,2,LST LST FAP_SERVICE FAP 载波基本配置; MOD MOD FAP_SERVICE FAP 载波基本配置,当前命令节点已有相同对象前缀，可作为该 path 的现成命令节点归属
Device.Services.FAPService.{i}.CellConfig.{i}.NR.RAN.PHY.BWP.BWPDL.{i}.PMaxULPower,yes,object_prefix_current_command_node,medium,SF,小区服务参数管理（总体）,FAP 载波基本配置,LST FAP_SERVICE,LST,Device.Services.FAPService.{i}.,2,LST LST FAP_SERVICE FAP 载波基本配置; MOD MOD FAP_SERVICE FAP 载波基本配置,当前命令节点已有相同对象前缀，可作为该 path 的现成命令节点归属
Device.Services.FAPService.{i}.CellConfig.{i}.NR.RAN.PHY.BWP.BWPDL.{i}.StartPrbPosition,yes,object_prefix_current_command_node,medium,SF,小区服务参数管理（总体）,FAP 载波基本配置,LST FAP_SERVICE,LST,Device.Services.FAPService.{i}.,2,LST LST FAP_SERVICE FAP 载波基本配置; MOD MOD FAP_SERVICE FAP 载波基本配置,当前命令节点已有相同对象前缀，可作为该 path 的现成命令节点归属
Device.Services.FAPService.{i}.CellConfig.{i}.NR.RAN.PHY.BWP.BWPDL.{i}.SubcarrierSpacing,yes,object_prefix_current_command_node,medium,SF,小区服务参数管理（总体）,FAP 载波基本配置,LST FAP_SERVICE,LST,Device.Services.FAPService.{i}.,2,LST LST FAP_SERVICE FAP 载波基本配置; MOD MOD FAP_SERVICE FAP 载波基本配置,当前命令节点已有相同对象前缀，可作为该 path 的现成命令节点归属
Device.Services.FAPService.{i}.CellConfig.{i}.NR.RAN.PHY.FrequencyInfoDLSIB.MultiFrequencyBandListNRSIB.{i}.FreqBandIndicatorNR,yes,object_prefix_current_command_node,medium,SF,小区服务参数管理（总体）,FAP 载波基本配置,LST FAP_SERVICE,LST,Device.Services.FAPService.{i}.,2,LST LST FAP_SERVICE FAP 载波基本配置; MOD MOD FAP_SERVICE FAP 载波基本配置,当前命令节点已有相同对象前缀，可作为该 path 的现成命令节点归属
Device.Services.FAPService.{i}.CellConfig.{i}.NR.RAN.QOS.{i}.5QI,yes,object_prefix_current_command_node,medium,SF,小区服务参数管理（总体）,FAP 载波基本配置,LST FAP_SERVICE,LST,Device.Services.FAPService.{i}.,2,LST LST FAP_SERVICE FAP 载波基本配置; MOD MOD FAP_SERVICE FAP 载波基本配置,当前命令节点已有相同对象前缀，可作为该 path 的现成命令节点归属
Device.Services.FAPService.{i}.CellConfig.{i}.NR.RAN.QOS.{i}.AllowedIntegrityAlgo,yes,object_prefix_current_command_node,medium,SF,小区服务参数管理（总体）,FAP 载波基本配置,LST FAP_SERVICE,LST,Device.Services.FAPService.{i}.,2,LST LST FAP_SERVICE FAP 载波基本配置; MOD MOD FAP_SERVICE FAP 载波基本配置,当前命令节点已有相同对象前缀，可作为该 path 的现成命令节点归属
Device.Services.FAPService.{i}.CellConfig.{i}.NR.RAN.QOS.{i}.DiscardTimer,yes,object_prefix_current_command_node,medium,SF,小区服务参数管理（总体）,FAP 载波基本配置,LST FAP_SERVICE,LST,Device.Services.FAPService.{i}.,2,LST LST FAP_SERVICE FAP 载波基本配置; MOD MOD FAP_SERVICE FAP 载波基本配置,当前命令节点已有相同对象前缀，可作为该 path 的现成命令节点归属
Device.Services.FAPService.{i}.CellConfig.{i}.NR.RAN.QOS.{i}.DlDataSplitThreshold,yes,object_prefix_current_command_node,medium,SF,小区服务参数管理（总体）,FAP 载波基本配置,LST FAP_SERVICE,LST,Device.Services.FAPService.{i}.,2,LST LST FAP_SERVICE FAP 载波基本配置; MOD MOD FAP_SERVICE FAP 载波基本配置,当前命令节点已有相同对象前缀，可作为该 path 的现成命令节点归属
Device.Services.FAPService.{i}.CellConfig.{i}.NR.RAN.QOS.{i}.DrbInactivityTimerConfig,yes,object_prefix_current_command_node,medium,SF,小区服务参数管理（总体）,FAP 载波基本配置,LST FAP_SERVICE,LST,Device.Services.FAPService.{i}.,2,LST LST FAP_SERVICE FAP 载波基本配置; MOD MOD FAP_SERVICE FAP 载波基本配置,当前命令节点已有相同对象前缀，可作为该 path 的现成命令节点归属
Device.Services.FAPService.{i}.CellConfig.{i}.NR.RAN.QOS.{i}.Dscp,yes,object_prefix_current_command_node,medium,SF,小区服务参数管理（总体）,FAP 载波基本配置,LST FAP_SERVICE,LST,Device.Services.FAPService.{i}.,2,LST LST FAP_SERVICE FAP 载波基本配置; MOD MOD FAP_SERVICE FAP 载波基本配置,当前命令节点已有相同对象前缀，可作为该 path 的现成命令节点归属
Device.Services.FAPService.{i}.CellConfig.{i}.NR.RAN.QOS.{i}.Enable,yes,object_prefix_current_command_node,medium,SF,小区服务参数管理（总体）,FAP 载波基本配置,LST FAP_SERVICE,LST,Device.Services.FAPService.{i}.,2,LST LST FAP_SERVICE FAP 载波基本配置; MOD MOD FAP_SERVICE FAP 载波基本配置,当前命令节点已有相同对象前缀，可作为该 path 的现成命令节点归属
Device.Services.FAPService.{i}.CellConfig.{i}.NR.RAN.QOS.{i}.EnableRohc,yes,object_prefix_current_command_node,medium,SF,小区服务参数管理（总体）,FAP 载波基本配置,LST FAP_SERVICE,LST,Device.Services.FAPService.{i}.,2,LST LST FAP_SERVICE FAP 载波基本配置; MOD MOD FAP_SERVICE FAP 载波基本配置,当前命令节点已有相同对象前缀，可作为该 path 的现成命令节点归属
Device.Services.FAPService.{i}.CellConfig.{i}.NR.RAN.QOS.{i}.IsDefault,yes,object_prefix_current_command_node,medium,SF,小区服务参数管理（总体）,FAP 载波基本配置,LST FAP_SERVICE,LST,Device.Services.FAPService.{i}.,2,LST LST FAP_SERVICE FAP 载波基本配置; MOD MOD FAP_SERVICE FAP 载波基本配置,当前命令节点已有相同对象前缀，可作为该 path 的现成命令节点归属
Device.Services.FAPService.{i}.CellConfig.{i}.NR.RAN.QOS.{i}.LongDrxCycle,yes,object_prefix_current_command_node,medium,SF,小区服务参数管理（总体）,FAP 载波基本配置,LST FAP_SERVICE,LST,Device.Services.FAPService.{i}.,2,LST LST FAP_SERVICE FAP 载波基本配置; MOD MOD FAP_SERVICE FAP 载波基本配置,当前命令节点已有相同对象前缀，可作为该 path 的现成命令节点归属
Device.Services.FAPService.{i}.CellConfig.{i}.NR.RAN.QOS.{i}.MappingDrbIndex,yes,object_prefix_current_command_node,medium,SF,小区服务参数管理（总体）,FAP 载波基本配置,LST FAP_SERVICE,LST,Device.Services.FAPService.{i}.,2,LST LST FAP_SERVICE FAP 载波基本配置; MOD MOD FAP_SERVICE FAP 载波基本配置,当前命令节点已有相同对象前缀，可作为该 path 的现成命令节点归属
Device.Services.FAPService.{i}.CellConfig.{i}.NR.RAN.QOS.{i}.MinBr,yes,object_prefix_current_command_node,medium,SF,小区服务参数管理（总体）,FAP 载波基本配置,LST FAP_SERVICE,LST,Device.Services.FAPService.{i}.,2,LST LST FAP_SERVICE FAP 载波基本配置; MOD MOD FAP_SERVICE FAP 载波基本配置,当前命令节点已有相同对象前缀，可作为该 path 的现成命令节点归属
Device.Services.FAPService.{i}.CellConfig.{i}.NR.RAN.QOS.{i}.PdcpDuplicationActivated,yes,object_prefix_current_command_node,medium,SF,小区服务参数管理（总体）,FAP 载波基本配置,LST FAP_SERVICE,LST,Device.Services.FAPService.{i}.,2,LST LST FAP_SERVICE FAP 载波基本配置; MOD MOD FAP_SERVICE FAP 载波基本配置,当前命令节点已有相同对象前缀，可作为该 path 的现成命令节点归属
Device.Services.FAPService.{i}.CellConfig.{i}.NR.RAN.QOS.{i}.PdcpSnSizeDl,yes,object_prefix_current_command_node,medium,SF,小区服务参数管理（总体）,FAP 载波基本配置,LST FAP_SERVICE,LST,Device.Services.FAPService.{i}.,2,LST LST FAP_SERVICE FAP 载波基本配置; MOD MOD FAP_SERVICE FAP 载波基本配置,当前命令节点已有相同对象前缀，可作为该 path 的现成命令节点归属
Device.Services.FAPService.{i}.CellConfig.{i}.NR.RAN.QOS.{i}.PdcpSnSizeUl,yes,object_prefix_current_command_node,medium,SF,小区服务参数管理（总体）,FAP 载波基本配置,LST FAP_SERVICE,LST,Device.Services.FAPService.{i}.,2,LST LST FAP_SERVICE FAP 载波基本配置; MOD MOD FAP_SERVICE FAP 载波基本配置,当前命令节点已有相同对象前缀，可作为该 path 的现成命令节点归属
Device.Services.FAPService.{i}.CellConfig.{i}.NR.RAN.QOS.{i}.PrimaryPath,yes,object_prefix_current_command_node,medium,SF,小区服务参数管理（总体）,FAP 载波基本配置,LST FAP_SERVICE,LST,Device.Services.FAPService.{i}.,2,LST LST FAP_SERVICE FAP 载波基本配置; MOD MOD FAP_SERVICE FAP 载波基本配置,当前命令节点已有相同对象前缀，可作为该 path 的现成命令节点归属
Device.Services.FAPService.{i}.CellConfig.{i}.NR.RAN.QOS.{i}.PrimaryPathDl,yes,object_prefix_current_command_node,medium,SF,小区服务参数管理（总体）,FAP 载波基本配置,LST FAP_SERVICE,LST,Device.Services.FAPService.{i}.,2,LST LST FAP_SERVICE FAP 载波基本配置; MOD MOD FAP_SERVICE FAP 载波基本配置,当前命令节点已有相同对象前缀，可作为该 path 的现成命令节点归属
Device.Services.FAPService.{i}.CellConfig.{i}.NR.RAN.QOS.{i}.Priority,yes,object_prefix_current_command_node,medium,SF,小区服务参数管理（总体）,FAP 载波基本配置,LST FAP_SERVICE,LST,Device.Services.FAPService.{i}.,2,LST LST FAP_SERVICE FAP 载波基本配置; MOD MOD FAP_SERVICE FAP 载波基本配置,当前命令节点已有相同对象前缀，可作为该 path 的现成命令节点归属
Device.Services.FAPService.{i}.CellConfig.{i}.NR.RAN.QOS.{i}.RlcMode,yes,object_prefix_current_command_node,medium,SF,小区服务参数管理（总体）,FAP 载波基本配置,LST FAP_SERVICE,LST,Device.Services.FAPService.{i}.,2,LST LST FAP_SERVICE FAP 载波基本配置; MOD MOD FAP_SERVICE FAP 载波基本配置,当前命令节点已有相同对象前缀，可作为该 path 的现成命令节点归属
Device.Services.FAPService.{i}.CellConfig.{i}.NR.RAN.QOS.{i}.RohcProfile0x0001,yes,object_prefix_current_command_node,medium,SF,小区服务参数管理（总体）,FAP 载波基本配置,LST FAP_SERVICE,LST,Device.Services.FAPService.{i}.,2,LST LST FAP_SERVICE FAP 载波基本配置; MOD MOD FAP_SERVICE FAP 载波基本配置,当前命令节点已有相同对象前缀，可作为该 path 的现成命令节点归属
Device.Services.FAPService.{i}.CellConfig.{i}.NR.RAN.QOS.{i}.RohcProfile0x0002,yes,object_prefix_current_command_node,medium,SF,小区服务参数管理（总体）,FAP 载波基本配置,LST FAP_SERVICE,LST,Device.Services.FAPService.{i}.,2,LST LST FAP_SERVICE FAP 载波基本配置; MOD MOD FAP_SERVICE FAP 载波基本配置,当前命令节点已有相同对象前缀，可作为该 path 的现成命令节点归属
Device.Services.FAPService.{i}.CellConfig.{i}.NR.RAN.QOS.{i}.RohcProfile0x0006,yes,object_prefix_current_command_node,medium,SF,小区服务参数管理（总体）,FAP 载波基本配置,LST FAP_SERVICE,LST,Device.Services.FAPService.{i}.,2,LST LST FAP_SERVICE FAP 载波基本配置; MOD MOD FAP_SERVICE FAP 载波基本配置,当前命令节点已有相同对象前缀，可作为该 path 的现成命令节点归属
Device.Services.FAPService.{i}.CellConfig.{i}.NR.RAN.QOS.{i}.ShortDrxCycle,yes,object_prefix_current_command_node,medium,SF,小区服务参数管理（总体）,FAP 载波基本配置,LST FAP_SERVICE,LST,Device.Services.FAPService.{i}.,2,LST LST FAP_SERVICE FAP 载波基本配置; MOD MOD FAP_SERVICE FAP 载波基本配置,当前命令节点已有相同对象前缀，可作为该 path 的现成命令节点归属
Device.Services.FAPService.{i}.CellConfig.{i}.NR.RAN.QOS.{i}.ShortDrxCycleTimer,yes,object_prefix_current_command_node,medium,SF,小区服务参数管理（总体）,FAP 载波基本配置,LST FAP_SERVICE,LST,Device.Services.FAPService.{i}.,2,LST LST FAP_SERVICE FAP 载波基本配置; MOD MOD FAP_SERVICE FAP 载波基本配置,当前命令节点已有相同对象前缀，可作为该 path 的现成命令节点归属
Device.Services.FAPService.{i}.CellConfig.{i}.NR.RAN.QOS.{i}.SnFieldLengthAmDl,yes,object_prefix_current_command_node,medium,SF,小区服务参数管理（总体）,FAP 载波基本配置,LST FAP_SERVICE,LST,Device.Services.FAPService.{i}.,2,LST LST FAP_SERVICE FAP 载波基本配置; MOD MOD FAP_SERVICE FAP 载波基本配置,当前命令节点已有相同对象前缀，可作为该 path 的现成命令节点归属
Device.Services.FAPService.{i}.CellConfig.{i}.NR.RAN.QOS.{i}.SnFieldLengthAmUl,yes,object_prefix_current_command_node,medium,SF,小区服务参数管理（总体）,FAP 载波基本配置,LST FAP_SERVICE,LST,Device.Services.FAPService.{i}.,2,LST LST FAP_SERVICE FAP 载波基本配置; MOD MOD FAP_SERVICE FAP 载波基本配置,当前命令节点已有相同对象前缀，可作为该 path 的现成命令节点归属
Device.Services.FAPService.{i}.CellConfig.{i}.NR.RAN.QOS.{i}.SnFieldLengthUmDl,yes,object_prefix_current_command_node,medium,SF,小区服务参数管理（总体）,FAP 载波基本配置,LST FAP_SERVICE,LST,Device.Services.FAPService.{i}.,2,LST LST FAP_SERVICE FAP 载波基本配置; MOD MOD FAP_SERVICE FAP 载波基本配置,当前命令节点已有相同对象前缀，可作为该 path 的现成命令节点归属
Device.Services.FAPService.{i}.CellConfig.{i}.NR.RAN.QOS.{i}.SnFieldLengthUmUl,yes,object_prefix_current_command_node,medium,SF,小区服务参数管理（总体）,FAP 载波基本配置,LST FAP_SERVICE,LST,Device.Services.FAPService.{i}.,2,LST LST FAP_SERVICE FAP 载波基本配置; MOD MOD FAP_SERVICE FAP 载波基本配置,当前命令节点已有相同对象前缀，可作为该 path 的现成命令节点归属
Device.Services.FAPService.{i}.CellConfig.{i}.NR.RAN.QOS.{i}.StatusReportRequired,yes,object_prefix_current_command_node,medium,SF,小区服务参数管理（总体）,FAP 载波基本配置,LST FAP_SERVICE,LST,Device.Services.FAPService.{i}.,2,LST LST FAP_SERVICE FAP 载波基本配置; MOD MOD FAP_SERVICE FAP 载波基本配置,当前命令节点已有相同对象前缀，可作为该 path 的现成命令节点归属
Device.Services.FAPService.{i}.CellConfig.{i}.NR.RAN.QOS.{i}.TReorderingPdcp,yes,object_prefix_current_command_node,medium,SF,小区服务参数管理（总体）,FAP 载波基本配置,LST FAP_SERVICE,LST,Device.Services.FAPService.{i}.,2,LST LST FAP_SERVICE FAP 载波基本配置; MOD MOD FAP_SERVICE FAP 载波基本配置,当前命令节点已有相同对象前缀，可作为该 path 的现成命令节点归属
Device.Services.FAPService.{i}.CellConfig.{i}.NR.RAN.QOS.{i}.TReorderingUE,yes,object_prefix_current_command_node,medium,SF,小区服务参数管理（总体）,FAP 载波基本配置,LST FAP_SERVICE,LST,Device.Services.FAPService.{i}.,2,LST LST FAP_SERVICE FAP 载波基本配置; MOD MOD FAP_SERVICE FAP 载波基本配置,当前命令节点已有相同对象前缀，可作为该 path 的现成命令节点归属
Device.Services.FAPService.{i}.CellConfig.{i}.NR.RAN.QOS.{i}.Type,yes,object_prefix_current_command_node,medium,SF,小区服务参数管理（总体）,FAP 载波基本配置,LST FAP_SERVICE,LST,Device.Services.FAPService.{i}.,2,LST LST FAP_SERVICE FAP 载波基本配置; MOD MOD FAP_SERVICE FAP 载波基本配置,当前命令节点已有相同对象前缀，可作为该 path 的现成命令节点归属
Device.Services.FAPService.{i}.CellConfig.{i}.NR.RAN.QOS.{i}.UeInactivityTimerConfig,yes,object_prefix_current_command_node,medium,SF,小区服务参数管理（总体）,FAP 载波基本配置,LST FAP_SERVICE,LST,Device.Services.FAPService.{i}.,2,LST LST FAP_SERVICE FAP 载波基本配置; MOD MOD FAP_SERVICE FAP 载波基本配置,当前命令节点已有相同对象前缀，可作为该 path 的现成命令节点归属
Device.Services.FAPService.{i}.CellConfig.{i}.NR.RAN.QOS.{i}.UlConfig,yes,object_prefix_current_command_node,medium,SF,小区服务参数管理（总体）,FAP 载波基本配置,LST FAP_SERVICE,LST,Device.Services.FAPService.{i}.,2,LST LST FAP_SERVICE FAP 载波基本配置; MOD MOD FAP_SERVICE FAP 载波基本配置,当前命令节点已有相同对象前缀，可作为该 path 的现成命令节点归属
Device.Services.FAPService.{i}.CellConfig.{i}.NR.RAN.QOS.{i}.UlDataSplitThreshold,yes,object_prefix_current_command_node,medium,SF,小区服务参数管理（总体）,FAP 载波基本配置,LST FAP_SERVICE,LST,Device.Services.FAPService.{i}.,2,LST LST FAP_SERVICE FAP 载波基本配置; MOD MOD FAP_SERVICE FAP 载波基本配置,当前命令节点已有相同对象前缀，可作为该 path 的现成命令节点归属
Device.Services.FAPService.{i}.CellConfig.LTE.RAN.NeighborList.LTECell.{i},yes,object_prefix_current_command_node,medium,SI,邻区参数管理,LTE 同系统邻区,ADD LTE_CELL,ADD,Device.Services.FAPService.CellConfig.LTE.RAN.NeighborList.LTECell.,4,ADD ADD LTE_CELL LTE 同系统邻区; LST LST LTE_CELL LTE 同系统邻区; MOD MOD LTE_CELL LTE 同系统邻区; RMV RMV LTE_CELL LTE 同系统邻区,当前命令节点已有相同对象前缀，可作为该 path 的现成命令节点归属
Device.Services.FAPService.{i}.CellConfig.{i}.NR.RAN.NeighborList.LTECell.{i},yes,object_prefix_current_command_node,medium,SF,小区服务参数管理（总体）,FAP 载波基本配置,LST FAP_SERVICE,LST,Device.Services.FAPService.{i}.,2,LST LST FAP_SERVICE FAP 载波基本配置; MOD MOD FAP_SERVICE FAP 载波基本配置,当前命令节点已有相同对象前缀，可作为该 path 的现成命令节点归属
Device.Services.FAPService.{i}.CellConfig.{i}.NR.RAN.NeighborList.NRCell.{i},yes,object_prefix_current_command_node,medium,SF,小区服务参数管理（总体）,FAP 载波基本配置,LST FAP_SERVICE,LST,Device.Services.FAPService.{i}.,2,LST LST FAP_SERVICE FAP 载波基本配置; MOD MOD FAP_SERVICE FAP 载波基本配置,当前命令节点已有相同对象前缀，可作为该 path 的现成命令节点归属
Device.Services.FAPService.{i}.CellConfig.LTE.RAN.NeighborList.5GCell.{i}.CellId,yes,object_prefix_current_command_node,medium,SF,小区服务参数管理（总体）,FAP 载波基本配置,LST FAP_SERVICE,LST,Device.Services.FAPService.{i}.CellConfig.LTE.RAN.,2,LST LST FAP_SERVICE FAP 载波基本配置; MOD MOD FAP_SERVICE FAP 载波基本配置,当前命令节点已有相同对象前缀，可作为该 path 的现成命令节点归属
Device.Services.FAPService.{i}.CellConfig.LTE.RAN.NeighborList.5GCell.{i}.GnbId,yes,object_prefix_current_command_node,medium,SF,小区服务参数管理（总体）,FAP 载波基本配置,LST FAP_SERVICE,LST,Device.Services.FAPService.{i}.CellConfig.LTE.RAN.,2,LST LST FAP_SERVICE FAP 载波基本配置; MOD MOD FAP_SERVICE FAP 载波基本配置,当前命令节点已有相同对象前缀，可作为该 path 的现成命令节点归属
Device.Services.FAPService.{i}.CellConfig.LTE.RAN.NeighborList.5GCell.{i}.GnbIdLength,yes,object_prefix_current_command_node,medium,SF,小区服务参数管理（总体）,FAP 载波基本配置,LST FAP_SERVICE,LST,Device.Services.FAPService.{i}.CellConfig.LTE.RAN.,2,LST LST FAP_SERVICE FAP 载波基本配置; MOD MOD FAP_SERVICE FAP 载波基本配置,当前命令节点已有相同对象前缀，可作为该 path 的现成命令节点归属
Device.Services.FAPService.{i}.CellConfig.LTE.RAN.NeighborList.5GCell.{i}.PCI,yes,object_prefix_current_command_node,medium,SF,小区服务参数管理（总体）,FAP 载波基本配置,LST FAP_SERVICE,LST,Device.Services.FAPService.{i}.CellConfig.LTE.RAN.,2,LST LST FAP_SERVICE FAP 载波基本配置; MOD MOD FAP_SERVICE FAP 载波基本配置,当前命令节点已有相同对象前缀，可作为该 path 的现成命令节点归属
Device.Services.FAPService.{i}.CellConfig.LTE.RAN.NeighborList.5GCell.{i}.PLMNID,yes,object_prefix_current_command_node,medium,SF,小区服务参数管理（总体）,FAP 载波基本配置,LST FAP_SERVICE,LST,Device.Services.FAPService.{i}.CellConfig.LTE.RAN.,2,LST LST FAP_SERVICE FAP 载波基本配置; MOD MOD FAP_SERVICE FAP 载波基本配置,当前命令节点已有相同对象前缀，可作为该 path 的现成命令节点归属
Device.Services.FAPService.{i}.CellConfig.LTE.RAN.NeighborList.5GCell.{i}.QOFFSET,yes,object_prefix_current_command_node,medium,SF,小区服务参数管理（总体）,FAP 载波基本配置,LST FAP_SERVICE,LST,Device.Services.FAPService.{i}.CellConfig.LTE.RAN.,2,LST LST FAP_SERVICE FAP 载波基本配置; MOD MOD FAP_SERVICE FAP 载波基本配置,当前命令节点已有相同对象前缀，可作为该 path 的现成命令节点归属
Device.Services.FAPService.{i}.CellConfig.LTE.RAN.NeighborList.5GCell.{i}.SSB,yes,object_prefix_current_command_node,medium,SF,小区服务参数管理（总体）,FAP 载波基本配置,LST FAP_SERVICE,LST,Device.Services.FAPService.{i}.CellConfig.LTE.RAN.,2,LST LST FAP_SERVICE FAP 载波基本配置; MOD MOD FAP_SERVICE FAP 载波基本配置,当前命令节点已有相同对象前缀，可作为该 path 的现成命令节点归属
Device.Services.FAPService.{i}.CellConfig.LTE.RAN.NeighborList.5GCell.{i}.TAC,yes,object_prefix_current_command_node,medium,SF,小区服务参数管理（总体）,FAP 载波基本配置,LST FAP_SERVICE,LST,Device.Services.FAPService.{i}.CellConfig.LTE.RAN.,2,LST LST FAP_SERVICE FAP 载波基本配置; MOD MOD FAP_SERVICE FAP 载波基本配置,当前命令节点已有相同对象前缀，可作为该 path 的现成命令节点归属
Device.Services.FAPService.{i}.CellConfig.LTE.RAN.NeighborListInUse.LTECell.{i}.Blacklisted,yes,object_prefix_current_command_node,medium,SF,小区服务参数管理（总体）,FAP 载波基本配置,LST FAP_SERVICE,LST,Device.Services.FAPService.{i}.CellConfig.LTE.RAN.,2,LST LST FAP_SERVICE FAP 载波基本配置; MOD MOD FAP_SERVICE FAP 载波基本配置,当前命令节点已有相同对象前缀，可作为该 path 的现成命令节点归属
Device.Services.FAPService.{i}.CellConfig.LTE.RAN.NeighborListInUse.LTECell.{i}.CID,yes,object_prefix_current_command_node,medium,SF,小区服务参数管理（总体）,FAP 载波基本配置,LST FAP_SERVICE,LST,Device.Services.FAPService.{i}.CellConfig.LTE.RAN.,2,LST LST FAP_SERVICE FAP 载波基本配置; MOD MOD FAP_SERVICE FAP 载波基本配置,当前命令节点已有相同对象前缀，可作为该 path 的现成命令节点归属
Device.Services.FAPService.{i}.CellConfig.LTE.RAN.NeighborListInUse.LTECell.{i}.CIO,yes,object_prefix_current_command_node,medium,SF,小区服务参数管理（总体）,FAP 载波基本配置,LST FAP_SERVICE,LST,Device.Services.FAPService.{i}.CellConfig.LTE.RAN.,2,LST LST FAP_SERVICE FAP 载波基本配置; MOD MOD FAP_SERVICE FAP 载波基本配置,当前命令节点已有相同对象前缀，可作为该 path 的现成命令节点归属
Device.Services.FAPService.{i}.CellConfig.LTE.RAN.NeighborListInUse.LTECell.{i}.EUTRACarrierARFCN,yes,object_prefix_current_command_node,medium,SF,小区服务参数管理（总体）,FAP 载波基本配置,LST FAP_SERVICE,LST,Device.Services.FAPService.{i}.CellConfig.LTE.RAN.,2,LST LST FAP_SERVICE FAP 载波基本配置; MOD MOD FAP_SERVICE FAP 载波基本配置,当前命令节点已有相同对象前缀，可作为该 path 的现成命令节点归属
Device.Services.FAPService.{i}.CellConfig.LTE.RAN.NeighborListInUse.LTECell.{i}.PLMNID,yes,object_prefix_current_command_node,medium,SF,小区服务参数管理（总体）,FAP 载波基本配置,LST FAP_SERVICE,LST,Device.Services.FAPService.{i}.CellConfig.LTE.RAN.,2,LST LST FAP_SERVICE FAP 载波基本配置; MOD MOD FAP_SERVICE FAP 载波基本配置,当前命令节点已有相同对象前缀，可作为该 path 的现成命令节点归属
Device.Services.FAPService.{i}.CellConfig.LTE.RAN.NeighborListInUse.LTECell.{i}.PhyCellID,yes,object_prefix_current_command_node,medium,SF,小区服务参数管理（总体）,FAP 载波基本配置,LST FAP_SERVICE,LST,Device.Services.FAPService.{i}.CellConfig.LTE.RAN.,2,LST LST FAP_SERVICE FAP 载波基本配置; MOD MOD FAP_SERVICE FAP 载波基本配置,当前命令节点已有相同对象前缀，可作为该 path 的现成命令节点归属
Device.Services.FAPService.{i}.CellConfig.LTE.RAN.NeighborListInUse.LTECell.{i}.QOffset,yes,object_prefix_current_command_node,medium,SF,小区服务参数管理（总体）,FAP 载波基本配置,LST FAP_SERVICE,LST,Device.Services.FAPService.{i}.CellConfig.LTE.RAN.,2,LST LST FAP_SERVICE FAP 载波基本配置; MOD MOD FAP_SERVICE FAP 载波基本配置,当前命令节点已有相同对象前缀，可作为该 path 的现成命令节点归属
Device.Services.FAPService.{i}.CellConfig.LTE.RAN.NeighborListInUse.LTECell.{i}.RSTxPower,yes,object_prefix_current_command_node,medium,SF,小区服务参数管理（总体）,FAP 载波基本配置,LST FAP_SERVICE,LST,Device.Services.FAPService.{i}.CellConfig.LTE.RAN.,2,LST LST FAP_SERVICE FAP 载波基本配置; MOD MOD FAP_SERVICE FAP 载波基本配置,当前命令节点已有相同对象前缀，可作为该 path 的现成命令节点归属
Device.Services.FAPService.{i}.CellConfig.LTE.RAN.NeighborListInUse.LTECell.{i}.X_RADISYS_COM_IN_USE_ACCES_MODE,yes,object_prefix_current_command_node,medium,SF,小区服务参数管理（总体）,FAP 载波基本配置,LST FAP_SERVICE,LST,Device.Services.FAPService.{i}.CellConfig.LTE.RAN.,2,LST LST FAP_SERVICE FAP 载波基本配置; MOD MOD FAP_SERVICE FAP 载波基本配置,当前命令节点已有相同对象前缀，可作为该 path 的现成命令节点归属
Device.Services.FAPService.{i}.CellConfig.LTE.RAN.NeighborListInUse.LTECell.{i}.X_RADISYS_COM_IN_USE_CP_DL,yes,object_prefix_current_command_node,medium,SF,小区服务参数管理（总体）,FAP 载波基本配置,LST FAP_SERVICE,LST,Device.Services.FAPService.{i}.CellConfig.LTE.RAN.,2,LST LST FAP_SERVICE FAP 载波基本配置; MOD MOD FAP_SERVICE FAP 载波基本配置,当前命令节点已有相同对象前缀，可作为该 path 的现成命令节点归属
Device.Services.FAPService.{i}.CellConfig.LTE.RAN.NeighborListInUse.LTECell.{i}.X_RADISYS_COM_IN_USE_CP_UL,yes,object_prefix_current_command_node,medium,SF,小区服务参数管理（总体）,FAP 载波基本配置,LST FAP_SERVICE,LST,Device.Services.FAPService.{i}.CellConfig.LTE.RAN.,2,LST LST FAP_SERVICE FAP 载波基本配置; MOD MOD FAP_SERVICE FAP 载波基本配置,当前命令节点已有相同对象前缀，可作为该 path 的现成命令节点归属
Device.Services.FAPService.{i}.CellConfig.LTE.RAN.NeighborListInUse.LTECell.{i}.X_RADISYS_COM_IN_USE_CSGId,yes,object_prefix_current_command_node,medium,SF,小区服务参数管理（总体）,FAP 载波基本配置,LST FAP_SERVICE,LST,Device.Services.FAPService.{i}.CellConfig.LTE.RAN.,2,LST LST FAP_SERVICE FAP 载波基本配置; MOD MOD FAP_SERVICE FAP 载波基本配置,当前命令节点已有相同对象前缀，可作为该 path 的现成命令节点归属
Device.Services.FAPService.{i}.CellConfig.LTE.RAN.NeighborListInUse.LTECell.{i}.X_RADISYS_COM_IN_USE_CSGIndicator,yes,object_prefix_current_command_node,medium,SF,小区服务参数管理（总体）,FAP 载波基本配置,LST FAP_SERVICE,LST,Device.Services.FAPService.{i}.CellConfig.LTE.RAN.,2,LST LST FAP_SERVICE FAP 载波基本配置; MOD MOD FAP_SERVICE FAP 载波基本配置,当前命令节点已有相同对象前缀，可作为该 path 的现成命令节点归属
Device.Services.FAPService.{i}.CellConfig.LTE.RAN.NeighborListInUse.LTECell.{i}.X_RADISYS_COM_IN_USE_DL_BW,yes,object_prefix_current_command_node,medium,SF,小区服务参数管理（总体）,FAP 载波基本配置,LST FAP_SERVICE,LST,Device.Services.FAPService.{i}.CellConfig.LTE.RAN.,2,LST LST FAP_SERVICE FAP 载波基本配置; MOD MOD FAP_SERVICE FAP 载波基本配置,当前命令节点已有相同对象前缀，可作为该 path 的现成命令节点归属
Device.Services.FAPService.{i}.CellConfig.LTE.RAN.NeighborListInUse.LTECell.{i}.X_RADISYS_COM_IN_USE_EUTRAULEarfcn,yes,object_prefix_current_command_node,medium,SF,小区服务参数管理（总体）,FAP 载波基本配置,LST FAP_SERVICE,LST,Device.Services.FAPService.{i}.CellConfig.LTE.RAN.,2,LST LST FAP_SERVICE FAP 载波基本配置; MOD MOD FAP_SERVICE FAP 载波基本配置,当前命令节点已有相同对象前缀，可作为该 path 的现成命令节点归属
Device.Services.FAPService.{i}.CellConfig.LTE.RAN.NeighborListInUse.LTECell.{i}.X_RADISYS_COM_IN_USE_IntraFreqNeighPCI,yes,object_prefix_current_command_node,medium,SF,小区服务参数管理（总体）,FAP 载波基本配置,LST FAP_SERVICE,LST,Device.Services.FAPService.{i}.CellConfig.LTE.RAN.,2,LST LST FAP_SERVICE FAP 载波基本配置; MOD MOD FAP_SERVICE FAP 载波基本配置,当前命令节点已有相同对象前缀，可作为该 path 的现成命令节点归属
Device.Services.FAPService.{i}.CellConfig.LTE.RAN.NeighborListInUse.LTECell.{i}.X_RADISYS_COM_IN_USE_IsBarred,yes,object_prefix_current_command_node,medium,SF,小区服务参数管理（总体）,FAP 载波基本配置,LST FAP_SERVICE,LST,Device.Services.FAPService.{i}.CellConfig.LTE.RAN.,2,LST LST FAP_SERVICE FAP 载波基本配置; MOD MOD FAP_SERVICE FAP 载波基本配置,当前命令节点已有相同对象前缀，可作为该 path 的现成命令节点归属
Device.Services.FAPService.{i}.CellConfig.LTE.RAN.NeighborListInUse.LTECell.{i}.X_RADISYS_COM_IN_USE_LteBand,yes,object_prefix_current_command_node,medium,SF,小区服务参数管理（总体）,FAP 载波基本配置,LST FAP_SERVICE,LST,Device.Services.FAPService.{i}.CellConfig.LTE.RAN.,2,LST LST FAP_SERVICE FAP 载波基本配置; MOD MOD FAP_SERVICE FAP 载波基本配置,当前命令节点已有相同对象前缀，可作为该 path 的现成命令节点归属
Device.Services.FAPService.{i}.CellConfig.LTE.RAN.NeighborListInUse.LTECell.{i}.X_RADISYS_COM_IN_USE_NUM_ANTENNA,yes,object_prefix_current_command_node,medium,SF,小区服务参数管理（总体）,FAP 载波基本配置,LST FAP_SERVICE,LST,Device.Services.FAPService.{i}.CellConfig.LTE.RAN.,2,LST LST FAP_SERVICE FAP 载波基本配置; MOD MOD FAP_SERVICE FAP 载波基本配置,当前命令节点已有相同对象前缀，可作为该 path 的现成命令节点归属
Device.Services.FAPService.{i}.CellConfig.LTE.RAN.NeighborListInUse.LTECell.{i}.X_RADISYS_COM_IN_USE_PrachCfgPresent,yes,object_prefix_current_command_node,medium,SF,小区服务参数管理（总体）,FAP 载波基本配置,LST FAP_SERVICE,LST,Device.Services.FAPService.{i}.CellConfig.LTE.RAN.,2,LST LST FAP_SERVICE FAP 载波基本配置; MOD MOD FAP_SERVICE FAP 载波基本配置,当前命令节点已有相同对象前缀，可作为该 path 的现成命令节点归属
Device.Services.FAPService.{i}.CellConfig.LTE.RAN.NeighborListInUse.LTECell.{i}.X_RADISYS_COM_IN_USE_PrachConfigIndex,yes,object_prefix_current_command_node,medium,SF,小区服务参数管理（总体）,FAP 载波基本配置,LST FAP_SERVICE,LST,Device.Services.FAPService.{i}.CellConfig.LTE.RAN.,2,LST LST FAP_SERVICE FAP 载波基本配置; MOD MOD FAP_SERVICE FAP 载波基本配置,当前命令节点已有相同对象前缀，可作为该 path 的现成命令节点归属
Device.Services.FAPService.{i}.CellConfig.LTE.RAN.NeighborListInUse.LTECell.{i}.X_RADISYS_COM_IN_USE_PrachFrqOffset,yes,object_prefix_current_command_node,medium,SF,小区服务参数管理（总体）,FAP 载波基本配置,LST FAP_SERVICE,LST,Device.Services.FAPService.{i}.CellConfig.LTE.RAN.,2,LST LST FAP_SERVICE FAP 载波基本配置; MOD MOD FAP_SERVICE FAP 载波基本配置,当前命令节点已有相同对象前缀，可作为该 path 的现成命令节点归属
Device.Services.FAPService.{i}.CellConfig.LTE.RAN.NeighborListInUse.LTECell.{i}.X_RADISYS_COM_IN_USE_PrachHighSpeedFlag,yes,object_prefix_current_command_node,medium,SF,小区服务参数管理（总体）,FAP 载波基本配置,LST FAP_SERVICE,LST,Device.Services.FAPService.{i}.CellConfig.LTE.RAN.,2,LST LST FAP_SERVICE FAP 载波基本配置; MOD MOD FAP_SERVICE FAP 载波基本配置,当前命令节点已有相同对象前缀，可作为该 path 的现成命令节点归属
Device.Services.FAPService.{i}.CellConfig.LTE.RAN.NeighborListInUse.LTECell.{i}.X_RADISYS_COM_IN_USE_PrachRootSeqIdx,yes,object_prefix_current_command_node,medium,SF,小区服务参数管理（总体）,FAP 载波基本配置,LST FAP_SERVICE,LST,Device.Services.FAPService.{i}.CellConfig.LTE.RAN.,2,LST LST FAP_SERVICE FAP 载波基本配置; MOD MOD FAP_SERVICE FAP 载波基本配置,当前命令节点已有相同对象前缀，可作为该 path 的现成命令节点归属
Device.Services.FAPService.{i}.CellConfig.LTE.RAN.NeighborListInUse.LTECell.{i}.X_RADISYS_COM_IN_USE_PrachZeroCorrelationZoneConfig,yes,object_prefix_current_command_node,medium,SF,小区服务参数管理（总体）,FAP 载波基本配置,LST FAP_SERVICE,LST,Device.Services.FAPService.{i}.CellConfig.LTE.RAN.,2,LST LST FAP_SERVICE FAP 载波基本配置; MOD MOD FAP_SERVICE FAP 载波基本配置,当前命令节点已有相同对象前缀，可作为该 path 的现成命令节点归属
Device.Services.FAPService.{i}.CellConfig.LTE.RAN.NeighborListInUse.LTECell.{i}.X_RADISYS_COM_IN_USE_RSRP,yes,object_prefix_current_command_node,medium,SF,小区服务参数管理（总体）,FAP 载波基本配置,LST FAP_SERVICE,LST,Device.Services.FAPService.{i}.CellConfig.LTE.RAN.,2,LST LST FAP_SERVICE FAP 载波基本配置; MOD MOD FAP_SERVICE FAP 载波基本配置,当前命令节点已有相同对象前缀，可作为该 path 的现成命令节点归属
Device.Services.FAPService.{i}.CellConfig.LTE.RAN.NeighborListInUse.LTECell.{i}.X_RADISYS_COM_IN_USE_RSSI,yes,object_prefix_current_command_node,medium,SF,小区服务参数管理（总体）,FAP 载波基本配置,LST FAP_SERVICE,LST,Device.Services.FAPService.{i}.CellConfig.LTE.RAN.,2,LST LST FAP_SERVICE FAP 载波基本配置; MOD MOD FAP_SERVICE FAP 载波基本配置,当前命令节点已有相同对象前缀，可作为该 path 的现成命令节点归属
Device.Services.FAPService.{i}.CellConfig.LTE.RAN.NeighborListInUse.LTECell.{i}.X_RADISYS_COM_IN_USE_SPL_SF_CFG,yes,object_prefix_current_command_node,medium,SF,小区服务参数管理（总体）,FAP 载波基本配置,LST FAP_SERVICE,LST,Device.Services.FAPService.{i}.CellConfig.LTE.RAN.,2,LST LST FAP_SERVICE FAP 载波基本配置; MOD MOD FAP_SERVICE FAP 载波基本配置,当前命令节点已有相同对象前缀，可作为该 path 的现成命令节点归属
Device.Services.FAPService.{i}.CellConfig.LTE.RAN.NeighborListInUse.LTECell.{i}.X_RADISYS_COM_IN_USE_TAC,yes,object_prefix_current_command_node,medium,SF,小区服务参数管理（总体）,FAP 载波基本配置,LST FAP_SERVICE,LST,Device.Services.FAPService.{i}.CellConfig.LTE.RAN.,2,LST LST FAP_SERVICE FAP 载波基本配置; MOD MOD FAP_SERVICE FAP 载波基本配置,当前命令节点已有相同对象前缀，可作为该 path 的现成命令节点归属
Device.Services.FAPService.{i}.CellConfig.LTE.RAN.NeighborListInUse.LTECell.{i}.X_RADISYS_COM_IN_USE_ULDL_SUB_FRM_CFG,yes,object_prefix_current_command_node,medium,SF,小区服务参数管理（总体）,FAP 载波基本配置,LST FAP_SERVICE,LST,Device.Services.FAPService.{i}.CellConfig.LTE.RAN.,2,LST LST FAP_SERVICE FAP 载波基本配置; MOD MOD FAP_SERVICE FAP 载波基本配置,当前命令节点已有相同对象前缀，可作为该 path 的现成命令节点归属
Device.Services.FAPService.{i}.CellConfig.LTE.RAN.NeighborListInUse.LTECell.{i}.X_RADISYS_COM_IN_USE_UL_BW,yes,object_prefix_current_command_node,medium,SF,小区服务参数管理（总体）,FAP 载波基本配置,LST FAP_SERVICE,LST,Device.Services.FAPService.{i}.CellConfig.LTE.RAN.,2,LST LST FAP_SERVICE FAP 载波基本配置; MOD MOD FAP_SERVICE FAP 载波基本配置,当前命令节点已有相同对象前缀，可作为该 path 的现成命令节点归属
Device.Services.FAPService.{i}.CellConfig.{i}.LTE.RAN.NeighborList.LTECell.{i}.CID,yes,object_prefix_current_command_node,medium,SI,邻区参数管理,LTE 同系统邻区,ADD LTE_CELL,ADD,Device.Services.FAPService.CellConfig.LTE.RAN.NeighborList.LTECell.,4,ADD ADD LTE_CELL LTE 同系统邻区; LST LST LTE_CELL LTE 同系统邻区; MOD MOD LTE_CELL LTE 同系统邻区; RMV RMV LTE_CELL LTE 同系统邻区,当前命令节点已有相同对象前缀，可作为该 path 的现成命令节点归属
Device.Services.FAPService.{i}.CellConfig.{i}.LTE.RAN.NeighborList.LTECell.{i}.CIO,yes,object_prefix_current_command_node,medium,SI,邻区参数管理,LTE 同系统邻区,ADD LTE_CELL,ADD,Device.Services.FAPService.CellConfig.LTE.RAN.NeighborList.LTECell.,4,ADD ADD LTE_CELL LTE 同系统邻区; LST LST LTE_CELL LTE 同系统邻区; MOD MOD LTE_CELL LTE 同系统邻区; RMV RMV LTE_CELL LTE 同系统邻区,当前命令节点已有相同对象前缀，可作为该 path 的现成命令节点归属
Device.Services.FAPService.{i}.CellConfig.{i}.LTE.RAN.NeighborList.LTECell.{i}.EUTRACarrierARFCN,yes,object_prefix_current_command_node,medium,SI,邻区参数管理,LTE 同系统邻区,ADD LTE_CELL,ADD,Device.Services.FAPService.CellConfig.LTE.RAN.NeighborList.LTECell.,4,ADD ADD LTE_CELL LTE 同系统邻区; LST LST LTE_CELL LTE 同系统邻区; MOD MOD LTE_CELL LTE 同系统邻区; RMV RMV LTE_CELL LTE 同系统邻区,当前命令节点已有相同对象前缀，可作为该 path 的现成命令节点归属
Device.Services.FAPService.{i}.CellConfig.{i}.LTE.RAN.NeighborList.LTECell.{i}.PLMNID,yes,object_prefix_current_command_node,medium,SI,邻区参数管理,LTE 同系统邻区,ADD LTE_CELL,ADD,Device.Services.FAPService.CellConfig.LTE.RAN.NeighborList.LTECell.,4,ADD ADD LTE_CELL LTE 同系统邻区; LST LST LTE_CELL LTE 同系统邻区; MOD MOD LTE_CELL LTE 同系统邻区; RMV RMV LTE_CELL LTE 同系统邻区,当前命令节点已有相同对象前缀，可作为该 path 的现成命令节点归属
Device.Services.FAPService.{i}.CellConfig.{i}.LTE.RAN.NeighborList.LTECell.{i}.PhyCellID,yes,object_prefix_current_command_node,medium,SI,邻区参数管理,LTE 同系统邻区,ADD LTE_CELL,ADD,Device.Services.FAPService.CellConfig.LTE.RAN.NeighborList.LTECell.,4,ADD ADD LTE_CELL LTE 同系统邻区; LST LST LTE_CELL LTE 同系统邻区; MOD MOD LTE_CELL LTE 同系统邻区; RMV RMV LTE_CELL LTE 同系统邻区,当前命令节点已有相同对象前缀，可作为该 path 的现成命令节点归属
Device.Services.FAPService.{i}.CellConfig.{i}.LTE.RAN.NeighborList.LTECell.{i}.QOffset,yes,object_prefix_current_command_node,medium,SI,邻区参数管理,LTE 同系统邻区,ADD LTE_CELL,ADD,Device.Services.FAPService.CellConfig.LTE.RAN.NeighborList.LTECell.,4,ADD ADD LTE_CELL LTE 同系统邻区; LST LST LTE_CELL LTE 同系统邻区; MOD MOD LTE_CELL LTE 同系统邻区; RMV RMV LTE_CELL LTE 同系统邻区,当前命令节点已有相同对象前缀，可作为该 path 的现成命令节点归属
Device.Services.FAPService.{i}.CellConfig.{i}.LTE.RAN.NeighborList.LTECell.{i}.TAC,yes,object_prefix_current_command_node,medium,SI,邻区参数管理,LTE 同系统邻区,ADD LTE_CELL,ADD,Device.Services.FAPService.CellConfig.LTE.RAN.NeighborList.LTECell.,4,ADD ADD LTE_CELL LTE 同系统邻区; LST LST LTE_CELL LTE 同系统邻区; MOD MOD LTE_CELL LTE 同系统邻区; RMV RMV LTE_CELL LTE 同系统邻区,当前命令节点已有相同对象前缀，可作为该 path 的现成命令节点归属
Device.Services.FAPService.{i}.CellConfig.{i}.NR.RAN.NeighborList.LTECell.{i}.Blacklisted,yes,object_prefix_current_command_node,medium,SF,小区服务参数管理（总体）,FAP 载波基本配置,LST FAP_SERVICE,LST,Device.Services.FAPService.{i}.,2,LST LST FAP_SERVICE FAP 载波基本配置; MOD MOD FAP_SERVICE FAP 载波基本配置,当前命令节点已有相同对象前缀，可作为该 path 的现成命令节点归属
Device.Services.FAPService.{i}.CellConfig.{i}.NR.RAN.NeighborList.LTECell.{i}.ECGI,yes,object_prefix_current_command_node,medium,SF,小区服务参数管理（总体）,FAP 载波基本配置,LST FAP_SERVICE,LST,Device.Services.FAPService.{i}.,2,LST LST FAP_SERVICE FAP 载波基本配置; MOD MOD FAP_SERVICE FAP 载波基本配置,当前命令节点已有相同对象前缀，可作为该 path 的现成命令节点归属
Device.Services.FAPService.{i}.CellConfig.{i}.NR.RAN.NeighborList.LTECell.{i}.EnbType,yes,object_prefix_current_command_node,medium,SF,小区服务参数管理（总体）,FAP 载波基本配置,LST FAP_SERVICE,LST,Device.Services.FAPService.{i}.,2,LST LST FAP_SERVICE FAP 载波基本配置; MOD MOD FAP_SERVICE FAP 载波基本配置,当前命令节点已有相同对象前缀，可作为该 path 的现成命令节点归属
Device.Services.FAPService.{i}.CellConfig.{i}.NR.RAN.NeighborList.LTECell.{i}.NoRemoveEnable,yes,object_prefix_current_command_node,medium,SF,小区服务参数管理（总体）,FAP 载波基本配置,LST FAP_SERVICE,LST,Device.Services.FAPService.{i}.,2,LST LST FAP_SERVICE FAP 载波基本配置; MOD MOD FAP_SERVICE FAP 载波基本配置,当前命令节点已有相同对象前缀，可作为该 path 的现成命令节点归属
Device.Services.FAPService.{i}.CellConfig.{i}.NR.RAN.NeighborList.LTECell.{i}.QQualMinOffsetCell,yes,object_prefix_current_command_node,medium,SF,小区服务参数管理（总体）,FAP 载波基本配置,LST FAP_SERVICE,LST,Device.Services.FAPService.{i}.,2,LST LST FAP_SERVICE FAP 载波基本配置; MOD MOD FAP_SERVICE FAP 载波基本配置,当前命令节点已有相同对象前缀，可作为该 path 的现成命令节点归属
Device.Services.FAPService.{i}.CellConfig.{i}.NR.RAN.NeighborList.LTECell.{i}.QRxLevMinOffsetCell,yes,object_prefix_current_command_node,medium,SF,小区服务参数管理（总体）,FAP 载波基本配置,LST FAP_SERVICE,LST,Device.Services.FAPService.{i}.,2,LST LST FAP_SERVICE FAP 载波基本配置; MOD MOD FAP_SERVICE FAP 载波基本配置,当前命令节点已有相同对象前缀，可作为该 path 的现成命令节点归属
Device.Services.FAPService.{i}.CellConfig.{i}.NR.RAN.NeighborList.NRCell.{i}.Blacklisted,yes,object_prefix_current_command_node,medium,SF,小区服务参数管理（总体）,FAP 载波基本配置,LST FAP_SERVICE,LST,Device.Services.FAPService.{i}.,2,LST LST FAP_SERVICE FAP 载波基本配置; MOD MOD FAP_SERVICE FAP 载波基本配置,当前命令节点已有相同对象前缀，可作为该 path 的现成命令节点归属
Device.Services.FAPService.{i}.CellConfig.{i}.NR.RAN.NeighborList.NRCell.{i}.CID,yes,object_prefix_current_command_node,medium,SF,小区服务参数管理（总体）,FAP 载波基本配置,LST FAP_SERVICE,LST,Device.Services.FAPService.{i}.,2,LST LST FAP_SERVICE FAP 载波基本配置; MOD MOD FAP_SERVICE FAP 载波基本配置,当前命令节点已有相同对象前缀，可作为该 path 的现成命令节点归属
Device.Services.FAPService.{i}.CellConfig.{i}.NR.RAN.NeighborList.NRCell.{i}.CIO,yes,object_prefix_current_command_node,medium,SF,小区服务参数管理（总体）,FAP 载波基本配置,LST FAP_SERVICE,LST,Device.Services.FAPService.{i}.,2,LST LST FAP_SERVICE FAP 载波基本配置; MOD MOD FAP_SERVICE FAP 载波基本配置,当前命令节点已有相同对象前缀，可作为该 path 的现成命令节点归属
Device.Services.FAPService.{i}.CellConfig.{i}.NR.RAN.NeighborList.NRCell.{i}.NRCarrierARFCN,yes,object_prefix_current_command_node,medium,SF,小区服务参数管理（总体）,FAP 载波基本配置,LST FAP_SERVICE,LST,Device.Services.FAPService.{i}.,2,LST LST FAP_SERVICE FAP 载波基本配置; MOD MOD FAP_SERVICE FAP 载波基本配置,当前命令节点已有相同对象前缀，可作为该 path 的现成命令节点归属
Device.Services.FAPService.{i}.CellConfig.{i}.NR.RAN.NeighborList.NRCell.{i}.NoRemoveEnable,yes,object_prefix_current_command_node,medium,SF,小区服务参数管理（总体）,FAP 载波基本配置,LST FAP_SERVICE,LST,Device.Services.FAPService.{i}.,2,LST LST FAP_SERVICE FAP 载波基本配置; MOD MOD FAP_SERVICE FAP 载波基本配置,当前命令节点已有相同对象前缀，可作为该 path 的现成命令节点归属
Device.Services.FAPService.{i}.CellConfig.{i}.NR.RAN.NeighborList.NRCell.{i}.PLMNID,yes,object_prefix_current_command_node,medium,SF,小区服务参数管理（总体）,FAP 载波基本配置,LST FAP_SERVICE,LST,Device.Services.FAPService.{i}.,2,LST LST FAP_SERVICE FAP 载波基本配置; MOD MOD FAP_SERVICE FAP 载波基本配置,当前命令节点已有相同对象前缀，可作为该 path 的现成命令节点归属
Device.Services.FAPService.{i}.CellConfig.{i}.NR.RAN.NeighborList.NRCell.{i}.PhyCellID,yes,object_prefix_current_command_node,medium,SF,小区服务参数管理（总体）,FAP 载波基本配置,LST FAP_SERVICE,LST,Device.Services.FAPService.{i}.,2,LST LST FAP_SERVICE FAP 载波基本配置; MOD MOD FAP_SERVICE FAP 载波基本配置,当前命令节点已有相同对象前缀，可作为该 path 的现成命令节点归属
Device.Services.FAPService.{i}.CellConfig.{i}.NR.RAN.NeighborList.NRCell.{i}.QQualMinOffsetCell,yes,object_prefix_current_command_node,medium,SF,小区服务参数管理（总体）,FAP 载波基本配置,LST FAP_SERVICE,LST,Device.Services.FAPService.{i}.,2,LST LST FAP_SERVICE FAP 载波基本配置; MOD MOD FAP_SERVICE FAP 载波基本配置,当前命令节点已有相同对象前缀，可作为该 path 的现成命令节点归属
Device.Services.FAPService.{i}.CellConfig.{i}.NR.RAN.NeighborList.NRCell.{i}.QRxLevMinOffsetCell,yes,object_prefix_current_command_node,medium,SF,小区服务参数管理（总体）,FAP 载波基本配置,LST FAP_SERVICE,LST,Device.Services.FAPService.{i}.,2,LST LST FAP_SERVICE FAP 载波基本配置; MOD MOD FAP_SERVICE FAP 载波基本配置,当前命令节点已有相同对象前缀，可作为该 path 的现成命令节点归属
Device.Services.FAPService.{i}.CellConfig.{i}.NR.RAN.NeighborList.NRCell.{i}.Qoffset,yes,object_prefix_current_command_node,medium,SF,小区服务参数管理（总体）,FAP 载波基本配置,LST FAP_SERVICE,LST,Device.Services.FAPService.{i}.,2,LST LST FAP_SERVICE FAP 载波基本配置; MOD MOD FAP_SERVICE FAP 载波基本配置,当前命令节点已有相同对象前缀，可作为该 path 的现成命令节点归属
Device.Services.FAPService.{i}.CellConfig.{i}.NR.RAN.NeighborList.NRCell.{i}.TAC,yes,object_prefix_current_command_node,medium,SF,小区服务参数管理（总体）,FAP 载波基本配置,LST FAP_SERVICE,LST,Device.Services.FAPService.{i}.,2,LST LST FAP_SERVICE FAP 载波基本配置; MOD MOD FAP_SERVICE FAP 载波基本配置,当前命令节点已有相同对象前缀，可作为该 path 的现成命令节点归属
Device.Services.FAPService.{i}.CellConfig.{i}.NR.RAN.NeighborList.NRCell.{i}.gNBIdLength,yes,object_prefix_current_command_node,medium,SF,小区服务参数管理（总体）,FAP 载波基本配置,LST FAP_SERVICE,LST,Device.Services.FAPService.{i}.,2,LST LST FAP_SERVICE FAP 载波基本配置; MOD MOD FAP_SERVICE FAP 载波基本配置,当前命令节点已有相同对象前缀，可作为该 path 的现成命令节点归属
Device.Services.FAPService.{i}.CellConfig.{i}.NR.RAN.NeighborList.NRCell.{i}.ssbFrequency,yes,object_prefix_current_command_node,medium,SF,小区服务参数管理（总体）,FAP 载波基本配置,LST FAP_SERVICE,LST,Device.Services.FAPService.{i}.,2,LST LST FAP_SERVICE FAP 载波基本配置; MOD MOD FAP_SERVICE FAP 载波基本配置,当前命令节点已有相同对象前缀，可作为该 path 的现成命令节点归属
Device.Services.FAPService.{i}.CellConfig.{i}.NR.RAN.NeighborList.NRCell.{i}.ssbSubcarrierSpacing,yes,object_prefix_current_command_node,medium,SF,小区服务参数管理（总体）,FAP 载波基本配置,LST FAP_SERVICE,LST,Device.Services.FAPService.{i}.,2,LST LST FAP_SERVICE FAP 载波基本配置; MOD MOD FAP_SERVICE FAP 载波基本配置,当前命令节点已有相同对象前缀，可作为该 path 的现成命令节点归属
DeviceGSM.Bts.{i}.NeighborListMode,no,no_current_db_command_node,no,,,,,,,0,,当前 mml_command_groups 只有 18 个章节，且 198 个命令节点均未覆盖该 path 的 exact 或对象前缀
DeviceGSM.Bts.{i}.Si2quaterNeighborListAdd,no,no_current_db_command_node,no,,,,,,,0,,当前 mml_command_groups 只有 18 个章节，且 198 个命令节点均未覆盖该 path 的 exact 或对象前缀
DeviceGSM.Bts.{i}.Si2quaterNeighborListDel,no,no_current_db_command_node,no,,,,,,,0,,当前 mml_command_groups 只有 18 个章节，且 198 个命令节点均未覆盖该 path 的 exact 或对象前缀
Device.Services.FAPService.{i}.CellConfig.{i}.NR.RAN.Mobility.ConnMode.NR.A1MeasureCtrl.{i},yes,object_prefix_current_command_node,medium,SF,小区服务参数管理（总体）,FAP 载波基本配置,LST FAP_SERVICE,LST,Device.Services.FAPService.{i}.,2,LST LST FAP_SERVICE FAP 载波基本配置; MOD MOD FAP_SERVICE FAP 载波基本配置,当前命令节点已有相同对象前缀，可作为该 path 的现成命令节点归属
Device.Services.FAPService.{i}.CellConfig.{i}.NR.RAN.Mobility.ConnMode.NR.A2MeasureCtrl.{i},yes,object_prefix_current_command_node,medium,SF,小区服务参数管理（总体）,FAP 载波基本配置,LST FAP_SERVICE,LST,Device.Services.FAPService.{i}.,2,LST LST FAP_SERVICE FAP 载波基本配置; MOD MOD FAP_SERVICE FAP 载波基本配置,当前命令节点已有相同对象前缀，可作为该 path 的现成命令节点归属
Device.Services.FAPService.{i}.CellConfig.{i}.NR.RAN.Mobility.ConnMode.NR.A3MeasureCtrl.{i},yes,object_prefix_current_command_node,medium,SF,小区服务参数管理（总体）,FAP 载波基本配置,LST FAP_SERVICE,LST,Device.Services.FAPService.{i}.,2,LST LST FAP_SERVICE FAP 载波基本配置; MOD MOD FAP_SERVICE FAP 载波基本配置,当前命令节点已有相同对象前缀，可作为该 path 的现成命令节点归属
Device.Services.FAPService.{i}.CellConfig.{i}.NR.RAN.Mobility.ConnMode.NR.A4MeasureCtrl.{i},yes,object_prefix_current_command_node,medium,SF,小区服务参数管理（总体）,FAP 载波基本配置,LST FAP_SERVICE,LST,Device.Services.FAPService.{i}.,2,LST LST FAP_SERVICE FAP 载波基本配置; MOD MOD FAP_SERVICE FAP 载波基本配置,当前命令节点已有相同对象前缀，可作为该 path 的现成命令节点归属
Device.Services.FAPService.{i}.CellConfig.{i}.NR.RAN.Mobility.ConnMode.NR.A5MeasureCtrl.{i},yes,object_prefix_current_command_node,medium,SF,小区服务参数管理（总体）,FAP 载波基本配置,LST FAP_SERVICE,LST,Device.Services.FAPService.{i}.,2,LST LST FAP_SERVICE FAP 载波基本配置; MOD MOD FAP_SERVICE FAP 载波基本配置,当前命令节点已有相同对象前缀，可作为该 path 的现成命令节点归属
Device.Services.FAPService.{i}.CellConfig.{i}.NR.RAN.Mobility.ConnMode.IRAT.B1MeasureCtrl.{i},yes,object_prefix_current_command_node,medium,SF,小区服务参数管理（总体）,FAP 载波基本配置,LST FAP_SERVICE,LST,Device.Services.FAPService.{i}.,2,LST LST FAP_SERVICE FAP 载波基本配置; MOD MOD FAP_SERVICE FAP 载波基本配置,当前命令节点已有相同对象前缀，可作为该 path 的现成命令节点归属
Device.Services.FAPService.{i}.CellConfig.{i}.NR.RAN.Mobility.ConnMode.IRAT.B2MeasureCtrl.{i},yes,object_prefix_current_command_node,medium,SF,小区服务参数管理（总体）,FAP 载波基本配置,LST FAP_SERVICE,LST,Device.Services.FAPService.{i}.,2,LST LST FAP_SERVICE FAP 载波基本配置; MOD MOD FAP_SERVICE FAP 载波基本配置,当前命令节点已有相同对象前缀，可作为该 path 的现成命令节点归属
Device.Services.FAPService.{i}.CellConfig.LTE.RAN.Mobility.IdleMode.InterFreq.Carrier.{i},yes,object_prefix_current_command_node,medium,SJ,移动性参数管理,空闲态异频载波,ADD CARRIER,ADD,Device.Services.FAPService.CellConfig.LTE.RAN.Mobility.IdleMode.InterFreq.Carrier.,4,ADD ADD CARRIER 空闲态异频载波; LST LST CARRIER 空闲态异频载波; MOD MOD CARRIER 空闲态异频载波; RMV RMV CARRIER 空闲态异频载波,当前命令节点已有相同对象前缀，可作为该 path 的现成命令节点归属
Device.Services.FAPService.{i}.CellConfig.{i}.NR.RAN.Mobility.ConnMode.EUTRA.Carrier.{i},yes,object_prefix_current_command_node,medium,SF,小区服务参数管理（总体）,FAP 载波基本配置,LST FAP_SERVICE,LST,Device.Services.FAPService.{i}.,2,LST LST FAP_SERVICE FAP 载波基本配置; MOD MOD FAP_SERVICE FAP 载波基本配置,当前命令节点已有相同对象前缀，可作为该 path 的现成命令节点归属
Device.Services.FAPService.{i}.CellConfig.{i}.NR.RAN.Mobility.ConnMode.NR.InterFreq.Carrier.{i},yes,object_prefix_current_command_node,medium,SF,小区服务参数管理（总体）,FAP 载波基本配置,LST FAP_SERVICE,LST,Device.Services.FAPService.{i}.,2,LST LST FAP_SERVICE FAP 载波基本配置; MOD MOD FAP_SERVICE FAP 载波基本配置,当前命令节点已有相同对象前缀，可作为该 path 的现成命令节点归属
Device.Services.FAPService.{i}.CellConfig.{i}.NR.RAN.Mobility.IdleMode.EUTRA.Carrier.{i},yes,object_prefix_current_command_node,medium,SF,小区服务参数管理（总体）,FAP 载波基本配置,LST FAP_SERVICE,LST,Device.Services.FAPService.{i}.,2,LST LST FAP_SERVICE FAP 载波基本配置; MOD MOD FAP_SERVICE FAP 载波基本配置,当前命令节点已有相同对象前缀，可作为该 path 的现成命令节点归属
Device.Services.FAPService.{i}.CellConfig.{i}.NR.RAN.Mobility.IdleMode.InterFreq.Carrier.{i},yes,object_prefix_current_command_node,medium,SF,小区服务参数管理（总体）,FAP 载波基本配置,LST FAP_SERVICE,LST,Device.Services.FAPService.{i}.,2,LST LST FAP_SERVICE FAP 载波基本配置; MOD MOD FAP_SERVICE FAP 载波基本配置,当前命令节点已有相同对象前缀，可作为该 path 的现成命令节点归属
Device.Services.FAPService.{i}.CellConfig.{i}.NR.RAN.Mobility.IdleMode.Common.Qhyst,yes,object_prefix_current_command_node,medium,SF,小区服务参数管理（总体）,FAP 载波基本配置,LST FAP_SERVICE,LST,Device.Services.FAPService.{i}.,2,LST LST FAP_SERVICE FAP 载波基本配置; MOD MOD FAP_SERVICE FAP 载波基本配置,当前命令节点已有相同对象前缀，可作为该 path 的现成命令节点归属
Device.Services.FAPService.{i}.CellConfig.{i}.NR.RAN.Mobility.IdleMode.IntraFreq.CellReselectionPriority,yes,object_prefix_current_command_node,medium,SF,小区服务参数管理（总体）,FAP 载波基本配置,LST FAP_SERVICE,LST,Device.Services.FAPService.{i}.,2,LST LST FAP_SERVICE FAP 载波基本配置; MOD MOD FAP_SERVICE FAP 载波基本配置,当前命令节点已有相同对象前缀，可作为该 path 的现成命令节点归属
Device.Services.FAPService.{i}.CellConfig.{i}.NR.RAN.Mobility.IdleMode.IntraFreq.DeriveSSBIndexFromCell,yes,object_prefix_current_command_node,medium,SF,小区服务参数管理（总体）,FAP 载波基本配置,LST FAP_SERVICE,LST,Device.Services.FAPService.{i}.,2,LST LST FAP_SERVICE FAP 载波基本配置; MOD MOD FAP_SERVICE FAP 载波基本配置,当前命令节点已有相同对象前缀，可作为该 path 的现成命令节点归属
Device.Services.FAPService.{i}.CellConfig.{i}.NR.RAN.Mobility.IdleMode.IntraFreq.QQualMinSIB1,yes,object_prefix_current_command_node,medium,SF,小区服务参数管理（总体）,FAP 载波基本配置,LST FAP_SERVICE,LST,Device.Services.FAPService.{i}.,2,LST LST FAP_SERVICE FAP 载波基本配置; MOD MOD FAP_SERVICE FAP 载波基本配置,当前命令节点已有相同对象前缀，可作为该 path 的现成命令节点归属
Device.Services.FAPService.{i}.CellConfig.{i}.NR.RAN.Mobility.IdleMode.IntraFreq.QRxLevMinOffset,yes,object_prefix_current_command_node,medium,SF,小区服务参数管理（总体）,FAP 载波基本配置,LST FAP_SERVICE,LST,Device.Services.FAPService.{i}.,2,LST LST FAP_SERVICE FAP 载波基本配置; MOD MOD FAP_SERVICE FAP 载波基本配置,当前命令节点已有相同对象前缀，可作为该 path 的现成命令节点归属
Device.Services.FAPService.{i}.CellConfig.{i}.NR.RAN.Mobility.IdleMode.IntraFreq.QRxLevMinSIB1,yes,object_prefix_current_command_node,medium,SF,小区服务参数管理（总体）,FAP 载波基本配置,LST FAP_SERVICE,LST,Device.Services.FAPService.{i}.,2,LST LST FAP_SERVICE FAP 载波基本配置; MOD MOD FAP_SERVICE FAP 载波基本配置,当前命令节点已有相同对象前缀，可作为该 path 的现成命令节点归属
Device.Services.FAPService.{i}.CellConfig.{i}.NR.RAN.Mobility.IdleMode.IntraFreq.QRxLevMinSIB2,yes,object_prefix_current_command_node,medium,SF,小区服务参数管理（总体）,FAP 载波基本配置,LST FAP_SERVICE,LST,Device.Services.FAPService.{i}.,2,LST LST FAP_SERVICE FAP 载波基本配置; MOD MOD FAP_SERVICE FAP 载波基本配置,当前命令节点已有相同对象前缀，可作为该 path 的现成命令节点归属
Device.Services.FAPService.{i}.CellConfig.{i}.NR.RAN.Mobility.IdleMode.IntraFreq.Qqualminoffset,yes,object_prefix_current_command_node,medium,SF,小区服务参数管理（总体）,FAP 载波基本配置,LST FAP_SERVICE,LST,Device.Services.FAPService.{i}.,2,LST LST FAP_SERVICE FAP 载波基本配置; MOD MOD FAP_SERVICE FAP 载波基本配置,当前命令节点已有相同对象前缀，可作为该 path 的现成命令节点归属
Device.Services.FAPService.{i}.CellConfig.{i}.NR.RAN.Mobility.IdleMode.IntraFreq.SIntraSearchP,yes,object_prefix_current_command_node,medium,SF,小区服务参数管理（总体）,FAP 载波基本配置,LST FAP_SERVICE,LST,Device.Services.FAPService.{i}.,2,LST LST FAP_SERVICE FAP 载波基本配置; MOD MOD FAP_SERVICE FAP 载波基本配置,当前命令节点已有相同对象前缀，可作为该 path 的现成命令节点归属
Device.Services.FAPService.{i}.CellConfig.{i}.NR.RAN.Mobility.IdleMode.IntraFreq.SNonIntraSearchP,yes,object_prefix_current_command_node,medium,SF,小区服务参数管理（总体）,FAP 载波基本配置,LST FAP_SERVICE,LST,Device.Services.FAPService.{i}.,2,LST LST FAP_SERVICE FAP 载波基本配置; MOD MOD FAP_SERVICE FAP 载波基本配置,当前命令节点已有相同对象前缀，可作为该 path 的现成命令节点归属
Device.Services.FAPService.{i}.CellConfig.{i}.NR.RAN.Mobility.IdleMode.IntraFreq.SNonIntraSearchQ,yes,object_prefix_current_command_node,medium,SF,小区服务参数管理（总体）,FAP 载波基本配置,LST FAP_SERVICE,LST,Device.Services.FAPService.{i}.,2,LST LST FAP_SERVICE FAP 载波基本配置; MOD MOD FAP_SERVICE FAP 载波基本配置,当前命令节点已有相同对象前缀，可作为该 path 的现成命令节点归属
Device.Services.FAPService.{i}.CellConfig.{i}.NR.RAN.Mobility.IdleMode.IntraFreq.TReselectionNR,yes,object_prefix_current_command_node,medium,SF,小区服务参数管理（总体）,FAP 载波基本配置,LST FAP_SERVICE,LST,Device.Services.FAPService.{i}.,2,LST LST FAP_SERVICE FAP 载波基本配置; MOD MOD FAP_SERVICE FAP 载波基本配置,当前命令节点已有相同对象前缀，可作为该 path 的现成命令节点归属
Device.Services.FAPService.{i}.CellConfig.{i}.NR.RAN.Mobility.IdleMode.IntraFreq.ThreshServingLowP,yes,object_prefix_current_command_node,medium,SF,小区服务参数管理（总体）,FAP 载波基本配置,LST FAP_SERVICE,LST,Device.Services.FAPService.{i}.,2,LST LST FAP_SERVICE FAP 载波基本配置; MOD MOD FAP_SERVICE FAP 载波基本配置,当前命令节点已有相同对象前缀，可作为该 path 的现成命令节点归属
Device.Services.FAPService.{i}.CellConfig.{i}.NR.RAN.Mobility.ConnMode.NR.MeasureCtrl.MobilityStrategy,yes,object_prefix_current_command_node,medium,SF,小区服务参数管理（总体）,FAP 载波基本配置,LST FAP_SERVICE,LST,Device.Services.FAPService.{i}.,2,LST LST FAP_SERVICE FAP 载波基本配置; MOD MOD FAP_SERVICE FAP 载波基本配置,当前命令节点已有相同对象前缀，可作为该 path 的现成命令节点归属
Device.Services.FAPService.{i}.CellConfig.{i}.NR.RAN.Mobility.ConnMode.NR.PeriodMeasCtrl.{i},yes,object_prefix_current_command_node,medium,SF,小区服务参数管理（总体）,FAP 载波基本配置,LST FAP_SERVICE,LST,Device.Services.FAPService.{i}.,2,LST LST FAP_SERVICE FAP 载波基本配置; MOD MOD FAP_SERVICE FAP 载波基本配置,当前命令节点已有相同对象前缀，可作为该 path 的现成命令节点归属
Device.Services.FAPService.{i}.CellConfig.LTE.RAN.Mobility.ConnMode.IRAT.X_COM_UTRANTDD.B2Threshold2UTRATDDRSCP,yes,object_prefix_current_command_node,medium,SJ,移动性参数管理,连接态 IRAT 测量,LST CONN_MODE_IRAT,LST,Device.Services.FAPService.{i}.CellConfig.LTE.RAN.Mobility.ConnMode.IRAT.,2,LST LST CONN_MODE_IRAT 连接态 IRAT 测量; MOD MOD CONN_MODE_IRAT 连接态 IRAT 测量,当前命令节点已有相同对象前缀，可作为该 path 的现成命令节点归属
Device.Services.FAPService.{i}.CellConfig.{i}.LTE.RAN.Mobility.IdleMode.InterFreq.Carrier.{i}.CellReselectionPriority,yes,object_prefix_current_command_node,medium,SJ,移动性参数管理,空闲态异频载波,ADD CARRIER,ADD,Device.Services.FAPService.CellConfig.LTE.RAN.Mobility.IdleMode.InterFreq.Carrier.,4,ADD ADD CARRIER 空闲态异频载波; LST LST CARRIER 空闲态异频载波; MOD MOD CARRIER 空闲态异频载波; RMV RMV CARRIER 空闲态异频载波,当前命令节点已有相同对象前缀，可作为该 path 的现成命令节点归属
Device.Services.FAPService.{i}.CellConfig.{i}.LTE.RAN.Mobility.IdleMode.InterFreq.Carrier.{i}.EUTRACarrierARFCN,yes,object_prefix_current_command_node,medium,SJ,移动性参数管理,空闲态异频载波,ADD CARRIER,ADD,Device.Services.FAPService.CellConfig.LTE.RAN.Mobility.IdleMode.InterFreq.Carrier.,4,ADD ADD CARRIER 空闲态异频载波; LST LST CARRIER 空闲态异频载波; MOD MOD CARRIER 空闲态异频载波; RMV RMV CARRIER 空闲态异频载波,当前命令节点已有相同对象前缀，可作为该 path 的现成命令节点归属
Device.Services.FAPService.{i}.CellConfig.{i}.LTE.RAN.Mobility.IdleMode.InterFreq.Carrier.{i}.PMax,yes,object_prefix_current_command_node,medium,SJ,移动性参数管理,空闲态异频载波,ADD CARRIER,ADD,Device.Services.FAPService.CellConfig.LTE.RAN.Mobility.IdleMode.InterFreq.Carrier.,4,ADD ADD CARRIER 空闲态异频载波; LST LST CARRIER 空闲态异频载波; MOD MOD CARRIER 空闲态异频载波; RMV RMV CARRIER 空闲态异频载波,当前命令节点已有相同对象前缀，可作为该 path 的现成命令节点归属
Device.Services.FAPService.{i}.CellConfig.{i}.LTE.RAN.Mobility.IdleMode.InterFreq.Carrier.{i}.QOffsetFreq,yes,object_prefix_current_command_node,medium,SJ,移动性参数管理,空闲态异频载波,ADD CARRIER,ADD,Device.Services.FAPService.CellConfig.LTE.RAN.Mobility.IdleMode.InterFreq.Carrier.,4,ADD ADD CARRIER 空闲态异频载波; LST LST CARRIER 空闲态异频载波; MOD MOD CARRIER 空闲态异频载波; RMV RMV CARRIER 空闲态异频载波,当前命令节点已有相同对象前缀，可作为该 path 的现成命令节点归属
Device.Services.FAPService.{i}.CellConfig.{i}.LTE.RAN.Mobility.IdleMode.InterFreq.Carrier.{i}.QRxLevMinSIB5,yes,object_prefix_current_command_node,medium,SJ,移动性参数管理,空闲态异频载波,ADD CARRIER,ADD,Device.Services.FAPService.CellConfig.LTE.RAN.Mobility.IdleMode.InterFreq.Carrier.,4,ADD ADD CARRIER 空闲态异频载波; LST LST CARRIER 空闲态异频载波; MOD MOD CARRIER 空闲态异频载波; RMV RMV CARRIER 空闲态异频载波,当前命令节点已有相同对象前缀，可作为该 path 的现成命令节点归属
Device.Services.FAPService.{i}.CellConfig.{i}.LTE.RAN.Mobility.IdleMode.InterFreq.Carrier.{i}.ThreshXHigh,yes,object_prefix_current_command_node,medium,SJ,移动性参数管理,空闲态异频载波,ADD CARRIER,ADD,Device.Services.FAPService.CellConfig.LTE.RAN.Mobility.IdleMode.InterFreq.Carrier.,4,ADD ADD CARRIER 空闲态异频载波; LST LST CARRIER 空闲态异频载波; MOD MOD CARRIER 空闲态异频载波; RMV RMV CARRIER 空闲态异频载波,当前命令节点已有相同对象前缀，可作为该 path 的现成命令节点归属
Device.Services.FAPService.{i}.CellConfig.{i}.LTE.RAN.Mobility.IdleMode.InterFreq.Carrier.{i}.ThreshXLow,yes,object_prefix_current_command_node,medium,SJ,移动性参数管理,空闲态异频载波,ADD CARRIER,ADD,Device.Services.FAPService.CellConfig.LTE.RAN.Mobility.IdleMode.InterFreq.Carrier.,4,ADD ADD CARRIER 空闲态异频载波; LST LST CARRIER 空闲态异频载波; MOD MOD CARRIER 空闲态异频载波; RMV RMV CARRIER 空闲态异频载波,当前命令节点已有相同对象前缀，可作为该 path 的现成命令节点归属
Device.Services.FAPService.{i}.CellConfig.{i}.NR.RAN.Mobility.ConnMode.EUTRA.Carrier.{i}.AllowedMeasBandwidth,yes,object_prefix_current_command_node,medium,SF,小区服务参数管理（总体）,FAP 载波基本配置,LST FAP_SERVICE,LST,Device.Services.FAPService.{i}.,2,LST LST FAP_SERVICE FAP 载波基本配置; MOD MOD FAP_SERVICE FAP 载波基本配置,当前命令节点已有相同对象前缀，可作为该 path 的现成命令节点归属
Device.Services.FAPService.{i}.CellConfig.{i}.NR.RAN.Mobility.ConnMode.EUTRA.Carrier.{i}.PresenceAntennaPort1,yes,object_prefix_current_command_node,medium,SF,小区服务参数管理（总体）,FAP 载波基本配置,LST FAP_SERVICE,LST,Device.Services.FAPService.{i}.,2,LST LST FAP_SERVICE FAP 载波基本配置; MOD MOD FAP_SERVICE FAP 载波基本配置,当前命令节点已有相同对象前缀，可作为该 path 的现成命令节点归属
Device.Services.FAPService.{i}.CellConfig.{i}.NR.RAN.Mobility.ConnMode.EUTRA.Carrier.{i}.QQualMin,yes,object_prefix_current_command_node,medium,SF,小区服务参数管理（总体）,FAP 载波基本配置,LST FAP_SERVICE,LST,Device.Services.FAPService.{i}.,2,LST LST FAP_SERVICE FAP 载波基本配置; MOD MOD FAP_SERVICE FAP 载波基本配置,当前命令节点已有相同对象前缀，可作为该 path 的现成命令节点归属
Device.Services.FAPService.{i}.CellConfig.{i}.NR.RAN.Mobility.ConnMode.EUTRA.Carrier.{i}.WideBandRsrqMeas,yes,object_prefix_current_command_node,medium,SF,小区服务参数管理（总体）,FAP 载波基本配置,LST FAP_SERVICE,LST,Device.Services.FAPService.{i}.,2,LST LST FAP_SERVICE FAP 载波基本配置; MOD MOD FAP_SERVICE FAP 载波基本配置,当前命令节点已有相同对象前缀，可作为该 path 的现成命令节点归属
Device.Services.FAPService.{i}.CellConfig.{i}.NR.RAN.Mobility.ConnMode.IRAT.B1MeasureCtrl.{i}.B1ThresholdEUTRARsrp,yes,object_prefix_current_command_node,medium,SF,小区服务参数管理（总体）,FAP 载波基本配置,LST FAP_SERVICE,LST,Device.Services.FAPService.{i}.,2,LST LST FAP_SERVICE FAP 载波基本配置; MOD MOD FAP_SERVICE FAP 载波基本配置,当前命令节点已有相同对象前缀，可作为该 path 的现成命令节点归属
Device.Services.FAPService.{i}.CellConfig.{i}.NR.RAN.Mobility.ConnMode.IRAT.B1MeasureCtrl.{i}.B1ThresholdEUTRARsrq,yes,object_prefix_current_command_node,medium,SF,小区服务参数管理（总体）,FAP 载波基本配置,LST FAP_SERVICE,LST,Device.Services.FAPService.{i}.,2,LST LST FAP_SERVICE FAP 载波基本配置; MOD MOD FAP_SERVICE FAP 载波基本配置,当前命令节点已有相同对象前缀，可作为该 path 的现成命令节点归属
Device.Services.FAPService.{i}.CellConfig.{i}.NR.RAN.Mobility.ConnMode.IRAT.B1MeasureCtrl.{i}.B1ThresholdEUTRASinr,yes,object_prefix_current_command_node,medium,SF,小区服务参数管理（总体）,FAP 载波基本配置,LST FAP_SERVICE,LST,Device.Services.FAPService.{i}.,2,LST LST FAP_SERVICE FAP 载波基本配置; MOD MOD FAP_SERVICE FAP 载波基本配置,当前命令节点已有相同对象前缀，可作为该 path 的现成命令节点归属
Device.Services.FAPService.{i}.CellConfig.{i}.NR.RAN.Mobility.ConnMode.IRAT.B1MeasureCtrl.{i}.Enable,yes,object_prefix_current_command_node,medium,SF,小区服务参数管理（总体）,FAP 载波基本配置,LST FAP_SERVICE,LST,Device.Services.FAPService.{i}.,2,LST LST FAP_SERVICE FAP 载波基本配置; MOD MOD FAP_SERVICE FAP 载波基本配置,当前命令节点已有相同对象前缀，可作为该 path 的现成命令节点归属
Device.Services.FAPService.{i}.CellConfig.{i}.NR.RAN.Mobility.ConnMode.IRAT.B1MeasureCtrl.{i}.Hysteresis,yes,object_prefix_current_command_node,medium,SF,小区服务参数管理（总体）,FAP 载波基本配置,LST FAP_SERVICE,LST,Device.Services.FAPService.{i}.,2,LST LST FAP_SERVICE FAP 载波基本配置; MOD MOD FAP_SERVICE FAP 载波基本配置,当前命令节点已有相同对象前缀，可作为该 path 的现成命令节点归属
Device.Services.FAPService.{i}.CellConfig.{i}.NR.RAN.Mobility.ConnMode.IRAT.B1MeasureCtrl.{i}.MaxReportCells,yes,object_prefix_current_command_node,medium,SF,小区服务参数管理（总体）,FAP 载波基本配置,LST FAP_SERVICE,LST,Device.Services.FAPService.{i}.,2,LST LST FAP_SERVICE FAP 载波基本配置; MOD MOD FAP_SERVICE FAP 载波基本配置,当前命令节点已有相同对象前缀，可作为该 path 的现成命令节点归属
Device.Services.FAPService.{i}.CellConfig.{i}.NR.RAN.Mobility.ConnMode.IRAT.B1MeasureCtrl.{i}.MeasurePurpose,yes,object_prefix_current_command_node,medium,SF,小区服务参数管理（总体）,FAP 载波基本配置,LST FAP_SERVICE,LST,Device.Services.FAPService.{i}.,2,LST LST FAP_SERVICE FAP 载波基本配置; MOD MOD FAP_SERVICE FAP 载波基本配置,当前命令节点已有相同对象前缀，可作为该 path 的现成命令节点归属
Device.Services.FAPService.{i}.CellConfig.{i}.NR.RAN.Mobility.ConnMode.IRAT.B1MeasureCtrl.{i}.PLMNID,yes,object_prefix_current_command_node,medium,SF,小区服务参数管理（总体）,FAP 载波基本配置,LST FAP_SERVICE,LST,Device.Services.FAPService.{i}.,2,LST LST FAP_SERVICE FAP 载波基本配置; MOD MOD FAP_SERVICE FAP 载波基本配置,当前命令节点已有相同对象前缀，可作为该 path 的现成命令节点归属
Device.Services.FAPService.{i}.CellConfig.{i}.NR.RAN.Mobility.ConnMode.IRAT.B1MeasureCtrl.{i}.ReportAmount,yes,object_prefix_current_command_node,medium,SF,小区服务参数管理（总体）,FAP 载波基本配置,LST FAP_SERVICE,LST,Device.Services.FAPService.{i}.,2,LST LST FAP_SERVICE FAP 载波基本配置; MOD MOD FAP_SERVICE FAP 载波基本配置,当前命令节点已有相同对象前缀，可作为该 path 的现成命令节点归属
Device.Services.FAPService.{i}.CellConfig.{i}.NR.RAN.Mobility.ConnMode.IRAT.B1MeasureCtrl.{i}.ReportInterval,yes,object_prefix_current_command_node,medium,SF,小区服务参数管理（总体）,FAP 载波基本配置,LST FAP_SERVICE,LST,Device.Services.FAPService.{i}.,2,LST LST FAP_SERVICE FAP 载波基本配置; MOD MOD FAP_SERVICE FAP 载波基本配置,当前命令节点已有相同对象前缀，可作为该 path 的现成命令节点归属
Device.Services.FAPService.{i}.CellConfig.{i}.NR.RAN.Mobility.ConnMode.IRAT.B1MeasureCtrl.{i}.ReportOnLeave,yes,object_prefix_current_command_node,medium,SF,小区服务参数管理（总体）,FAP 载波基本配置,LST FAP_SERVICE,LST,Device.Services.FAPService.{i}.,2,LST LST FAP_SERVICE FAP 载波基本配置; MOD MOD FAP_SERVICE FAP 载波基本配置,当前命令节点已有相同对象前缀，可作为该 path 的现成命令节点归属
Device.Services.FAPService.{i}.CellConfig.{i}.NR.RAN.Mobility.ConnMode.IRAT.B1MeasureCtrl.{i}.ReportQuantity,yes,object_prefix_current_command_node,medium,SF,小区服务参数管理（总体）,FAP 载波基本配置,LST FAP_SERVICE,LST,Device.Services.FAPService.{i}.,2,LST LST FAP_SERVICE FAP 载波基本配置; MOD MOD FAP_SERVICE FAP 载波基本配置,当前命令节点已有相同对象前缀，可作为该 path 的现成命令节点归属
Device.Services.FAPService.{i}.CellConfig.{i}.NR.RAN.Mobility.ConnMode.IRAT.B1MeasureCtrl.{i}.ThresholdTriggerType,yes,object_prefix_current_command_node,medium,SF,小区服务参数管理（总体）,FAP 载波基本配置,LST FAP_SERVICE,LST,Device.Services.FAPService.{i}.,2,LST LST FAP_SERVICE FAP 载波基本配置; MOD MOD FAP_SERVICE FAP 载波基本配置,当前命令节点已有相同对象前缀，可作为该 path 的现成命令节点归属
Device.Services.FAPService.{i}.CellConfig.{i}.NR.RAN.Mobility.ConnMode.IRAT.B1MeasureCtrl.{i}.TimeToTrigger,yes,object_prefix_current_command_node,medium,SF,小区服务参数管理（总体）,FAP 载波基本配置,LST FAP_SERVICE,LST,Device.Services.FAPService.{i}.,2,LST LST FAP_SERVICE FAP 载波基本配置; MOD MOD FAP_SERVICE FAP 载波基本配置,当前命令节点已有相同对象前缀，可作为该 path 的现成命令节点归属
Device.Services.FAPService.{i}.CellConfig.{i}.NR.RAN.Mobility.ConnMode.IRAT.B2MeasureCtrl.{i}.B2Threshold1RSRP,yes,object_prefix_current_command_node,medium,SF,小区服务参数管理（总体）,FAP 载波基本配置,LST FAP_SERVICE,LST,Device.Services.FAPService.{i}.,2,LST LST FAP_SERVICE FAP 载波基本配置; MOD MOD FAP_SERVICE FAP 载波基本配置,当前命令节点已有相同对象前缀，可作为该 path 的现成命令节点归属
Device.Services.FAPService.{i}.CellConfig.{i}.NR.RAN.Mobility.ConnMode.IRAT.B2MeasureCtrl.{i}.B2Threshold1RSRQ,yes,object_prefix_current_command_node,medium,SF,小区服务参数管理（总体）,FAP 载波基本配置,LST FAP_SERVICE,LST,Device.Services.FAPService.{i}.,2,LST LST FAP_SERVICE FAP 载波基本配置; MOD MOD FAP_SERVICE FAP 载波基本配置,当前命令节点已有相同对象前缀，可作为该 path 的现成命令节点归属
Device.Services.FAPService.{i}.CellConfig.{i}.NR.RAN.Mobility.ConnMode.IRAT.B2MeasureCtrl.{i}.B2Threshold1SINR,yes,object_prefix_current_command_node,medium,SF,小区服务参数管理（总体）,FAP 载波基本配置,LST FAP_SERVICE,LST,Device.Services.FAPService.{i}.,2,LST LST FAP_SERVICE FAP 载波基本配置; MOD MOD FAP_SERVICE FAP 载波基本配置,当前命令节点已有相同对象前缀，可作为该 path 的现成命令节点归属
Device.Services.FAPService.{i}.CellConfig.{i}.NR.RAN.Mobility.ConnMode.IRAT.B2MeasureCtrl.{i}.B2Threshold2EUTRARSRP,yes,object_prefix_current_command_node,medium,SF,小区服务参数管理（总体）,FAP 载波基本配置,LST FAP_SERVICE,LST,Device.Services.FAPService.{i}.,2,LST LST FAP_SERVICE FAP 载波基本配置; MOD MOD FAP_SERVICE FAP 载波基本配置,当前命令节点已有相同对象前缀，可作为该 path 的现成命令节点归属
Device.Services.FAPService.{i}.CellConfig.{i}.NR.RAN.Mobility.ConnMode.IRAT.B2MeasureCtrl.{i}.B2Threshold2EUTRARSRQ,yes,object_prefix_current_command_node,medium,SF,小区服务参数管理（总体）,FAP 载波基本配置,LST FAP_SERVICE,LST,Device.Services.FAPService.{i}.,2,LST LST FAP_SERVICE FAP 载波基本配置; MOD MOD FAP_SERVICE FAP 载波基本配置,当前命令节点已有相同对象前缀，可作为该 path 的现成命令节点归属
Device.Services.FAPService.{i}.CellConfig.{i}.NR.RAN.Mobility.ConnMode.IRAT.B2MeasureCtrl.{i}.B2Threshold2EUTRASINR,yes,object_prefix_current_command_node,medium,SF,小区服务参数管理（总体）,FAP 载波基本配置,LST FAP_SERVICE,LST,Device.Services.FAPService.{i}.,2,LST LST FAP_SERVICE FAP 载波基本配置; MOD MOD FAP_SERVICE FAP 载波基本配置,当前命令节点已有相同对象前缀，可作为该 path 的现成命令节点归属
Device.Services.FAPService.{i}.CellConfig.{i}.NR.RAN.Mobility.ConnMode.IRAT.B2MeasureCtrl.{i}.Enable,yes,object_prefix_current_command_node,medium,SF,小区服务参数管理（总体）,FAP 载波基本配置,LST FAP_SERVICE,LST,Device.Services.FAPService.{i}.,2,LST LST FAP_SERVICE FAP 载波基本配置; MOD MOD FAP_SERVICE FAP 载波基本配置,当前命令节点已有相同对象前缀，可作为该 path 的现成命令节点归属
Device.Services.FAPService.{i}.CellConfig.{i}.NR.RAN.Mobility.ConnMode.IRAT.B2MeasureCtrl.{i}.Hysteresis,yes,object_prefix_current_command_node,medium,SF,小区服务参数管理（总体）,FAP 载波基本配置,LST FAP_SERVICE,LST,Device.Services.FAPService.{i}.,2,LST LST FAP_SERVICE FAP 载波基本配置; MOD MOD FAP_SERVICE FAP 载波基本配置,当前命令节点已有相同对象前缀，可作为该 path 的现成命令节点归属
Device.Services.FAPService.{i}.CellConfig.{i}.NR.RAN.Mobility.ConnMode.IRAT.B2MeasureCtrl.{i}.MaxReportCells,yes,object_prefix_current_command_node,medium,SF,小区服务参数管理（总体）,FAP 载波基本配置,LST FAP_SERVICE,LST,Device.Services.FAPService.{i}.,2,LST LST FAP_SERVICE FAP 载波基本配置; MOD MOD FAP_SERVICE FAP 载波基本配置,当前命令节点已有相同对象前缀，可作为该 path 的现成命令节点归属
Device.Services.FAPService.{i}.CellConfig.{i}.NR.RAN.Mobility.ConnMode.IRAT.B2MeasureCtrl.{i}.MeasurePurpose,yes,object_prefix_current_command_node,medium,SF,小区服务参数管理（总体）,FAP 载波基本配置,LST FAP_SERVICE,LST,Device.Services.FAPService.{i}.,2,LST LST FAP_SERVICE FAP 载波基本配置; MOD MOD FAP_SERVICE FAP 载波基本配置,当前命令节点已有相同对象前缀，可作为该 path 的现成命令节点归属
Device.Services.FAPService.{i}.CellConfig.{i}.NR.RAN.Mobility.ConnMode.IRAT.B2MeasureCtrl.{i}.PLMNID,yes,object_prefix_current_command_node,medium,SF,小区服务参数管理（总体）,FAP 载波基本配置,LST FAP_SERVICE,LST,Device.Services.FAPService.{i}.,2,LST LST FAP_SERVICE FAP 载波基本配置; MOD MOD FAP_SERVICE FAP 载波基本配置,当前命令节点已有相同对象前缀，可作为该 path 的现成命令节点归属
Device.Services.FAPService.{i}.CellConfig.{i}.NR.RAN.Mobility.ConnMode.IRAT.B2MeasureCtrl.{i}.ReportAmount,yes,object_prefix_current_command_node,medium,SF,小区服务参数管理（总体）,FAP 载波基本配置,LST FAP_SERVICE,LST,Device.Services.FAPService.{i}.,2,LST LST FAP_SERVICE FAP 载波基本配置; MOD MOD FAP_SERVICE FAP 载波基本配置,当前命令节点已有相同对象前缀，可作为该 path 的现成命令节点归属
Device.Services.FAPService.{i}.CellConfig.{i}.NR.RAN.Mobility.ConnMode.IRAT.B2MeasureCtrl.{i}.ReportInterval,yes,object_prefix_current_command_node,medium,SF,小区服务参数管理（总体）,FAP 载波基本配置,LST FAP_SERVICE,LST,Device.Services.FAPService.{i}.,2,LST LST FAP_SERVICE FAP 载波基本配置; MOD MOD FAP_SERVICE FAP 载波基本配置,当前命令节点已有相同对象前缀，可作为该 path 的现成命令节点归属
Device.Services.FAPService.{i}.CellConfig.{i}.NR.RAN.Mobility.ConnMode.IRAT.B2MeasureCtrl.{i}.ReportOnLeave,yes,object_prefix_current_command_node,medium,SF,小区服务参数管理（总体）,FAP 载波基本配置,LST FAP_SERVICE,LST,Device.Services.FAPService.{i}.,2,LST LST FAP_SERVICE FAP 载波基本配置; MOD MOD FAP_SERVICE FAP 载波基本配置,当前命令节点已有相同对象前缀，可作为该 path 的现成命令节点归属
Device.Services.FAPService.{i}.CellConfig.{i}.NR.RAN.Mobility.ConnMode.IRAT.B2MeasureCtrl.{i}.ReportQuantity,yes,object_prefix_current_command_node,medium,SF,小区服务参数管理（总体）,FAP 载波基本配置,LST FAP_SERVICE,LST,Device.Services.FAPService.{i}.,2,LST LST FAP_SERVICE FAP 载波基本配置; MOD MOD FAP_SERVICE FAP 载波基本配置,当前命令节点已有相同对象前缀，可作为该 path 的现成命令节点归属
Device.Services.FAPService.{i}.CellConfig.{i}.NR.RAN.Mobility.ConnMode.IRAT.B2MeasureCtrl.{i}.Threshold2TriggerType,yes,object_prefix_current_command_node,medium,SF,小区服务参数管理（总体）,FAP 载波基本配置,LST FAP_SERVICE,LST,Device.Services.FAPService.{i}.,2,LST LST FAP_SERVICE FAP 载波基本配置; MOD MOD FAP_SERVICE FAP 载波基本配置,当前命令节点已有相同对象前缀，可作为该 path 的现成命令节点归属
Device.Services.FAPService.{i}.CellConfig.{i}.NR.RAN.Mobility.ConnMode.IRAT.B2MeasureCtrl.{i}.ThresholdTriggerType,yes,object_prefix_current_command_node,medium,SF,小区服务参数管理（总体）,FAP 载波基本配置,LST FAP_SERVICE,LST,Device.Services.FAPService.{i}.,2,LST LST FAP_SERVICE FAP 载波基本配置; MOD MOD FAP_SERVICE FAP 载波基本配置,当前命令节点已有相同对象前缀，可作为该 path 的现成命令节点归属
Device.Services.FAPService.{i}.CellConfig.{i}.NR.RAN.Mobility.ConnMode.IRAT.B2MeasureCtrl.{i}.TimeToTrigger,yes,object_prefix_current_command_node,medium,SF,小区服务参数管理（总体）,FAP 载波基本配置,LST FAP_SERVICE,LST,Device.Services.FAPService.{i}.,2,LST LST FAP_SERVICE FAP 载波基本配置; MOD MOD FAP_SERVICE FAP 载波基本配置,当前命令节点已有相同对象前缀，可作为该 path 的现成命令节点归属
Device.Services.FAPService.{i}.CellConfig.{i}.NR.RAN.Mobility.ConnMode.NR.A1MeasureCtrl.{i}.A1ThresholdRSRP,yes,object_prefix_current_command_node,medium,SF,小区服务参数管理（总体）,FAP 载波基本配置,LST FAP_SERVICE,LST,Device.Services.FAPService.{i}.,2,LST LST FAP_SERVICE FAP 载波基本配置; MOD MOD FAP_SERVICE FAP 载波基本配置,当前命令节点已有相同对象前缀，可作为该 path 的现成命令节点归属
Device.Services.FAPService.{i}.CellConfig.{i}.NR.RAN.Mobility.ConnMode.NR.A1MeasureCtrl.{i}.A1ThresholdRSRQ,yes,object_prefix_current_command_node,medium,SF,小区服务参数管理（总体）,FAP 载波基本配置,LST FAP_SERVICE,LST,Device.Services.FAPService.{i}.,2,LST LST FAP_SERVICE FAP 载波基本配置; MOD MOD FAP_SERVICE FAP 载波基本配置,当前命令节点已有相同对象前缀，可作为该 path 的现成命令节点归属
Device.Services.FAPService.{i}.CellConfig.{i}.NR.RAN.Mobility.ConnMode.NR.A1MeasureCtrl.{i}.A1ThresholdSINR,yes,object_prefix_current_command_node,medium,SF,小区服务参数管理（总体）,FAP 载波基本配置,LST FAP_SERVICE,LST,Device.Services.FAPService.{i}.,2,LST LST FAP_SERVICE FAP 载波基本配置; MOD MOD FAP_SERVICE FAP 载波基本配置,当前命令节点已有相同对象前缀，可作为该 path 的现成命令节点归属
Device.Services.FAPService.{i}.CellConfig.{i}.NR.RAN.Mobility.ConnMode.NR.A1MeasureCtrl.{i}.Enable,yes,object_prefix_current_command_node,medium,SF,小区服务参数管理（总体）,FAP 载波基本配置,LST FAP_SERVICE,LST,Device.Services.FAPService.{i}.,2,LST LST FAP_SERVICE FAP 载波基本配置; MOD MOD FAP_SERVICE FAP 载波基本配置,当前命令节点已有相同对象前缀，可作为该 path 的现成命令节点归属
Device.Services.FAPService.{i}.CellConfig.{i}.NR.RAN.Mobility.ConnMode.NR.A1MeasureCtrl.{i}.Hysteresis,yes,object_prefix_current_command_node,medium,SF,小区服务参数管理（总体）,FAP 载波基本配置,LST FAP_SERVICE,LST,Device.Services.FAPService.{i}.,2,LST LST FAP_SERVICE FAP 载波基本配置; MOD MOD FAP_SERVICE FAP 载波基本配置,当前命令节点已有相同对象前缀，可作为该 path 的现成命令节点归属
Device.Services.FAPService.{i}.CellConfig.{i}.NR.RAN.Mobility.ConnMode.NR.A1MeasureCtrl.{i}.IncludeBeamMeasurements,yes,object_prefix_current_command_node,medium,SF,小区服务参数管理（总体）,FAP 载波基本配置,LST FAP_SERVICE,LST,Device.Services.FAPService.{i}.,2,LST LST FAP_SERVICE FAP 载波基本配置; MOD MOD FAP_SERVICE FAP 载波基本配置,当前命令节点已有相同对象前缀，可作为该 path 的现成命令节点归属
Device.Services.FAPService.{i}.CellConfig.{i}.NR.RAN.Mobility.ConnMode.NR.A1MeasureCtrl.{i}.MaxNrofRSIndexToReport,yes,object_prefix_current_command_node,medium,SF,小区服务参数管理（总体）,FAP 载波基本配置,LST FAP_SERVICE,LST,Device.Services.FAPService.{i}.,2,LST LST FAP_SERVICE FAP 载波基本配置; MOD MOD FAP_SERVICE FAP 载波基本配置,当前命令节点已有相同对象前缀，可作为该 path 的现成命令节点归属
Device.Services.FAPService.{i}.CellConfig.{i}.NR.RAN.Mobility.ConnMode.NR.A1MeasureCtrl.{i}.MaxReportCells,yes,object_prefix_current_command_node,medium,SF,小区服务参数管理（总体）,FAP 载波基本配置,LST FAP_SERVICE,LST,Device.Services.FAPService.{i}.,2,LST LST FAP_SERVICE FAP 载波基本配置; MOD MOD FAP_SERVICE FAP 载波基本配置,当前命令节点已有相同对象前缀，可作为该 path 的现成命令节点归属
Device.Services.FAPService.{i}.CellConfig.{i}.NR.RAN.Mobility.ConnMode.NR.A1MeasureCtrl.{i}.MeasurePurpose,yes,object_prefix_current_command_node,medium,SF,小区服务参数管理（总体）,FAP 载波基本配置,LST FAP_SERVICE,LST,Device.Services.FAPService.{i}.,2,LST LST FAP_SERVICE FAP 载波基本配置; MOD MOD FAP_SERVICE FAP 载波基本配置,当前命令节点已有相同对象前缀，可作为该 path 的现成命令节点归属
Device.Services.FAPService.{i}.CellConfig.{i}.NR.RAN.Mobility.ConnMode.NR.A1MeasureCtrl.{i}.PLMNID,yes,object_prefix_current_command_node,medium,SF,小区服务参数管理（总体）,FAP 载波基本配置,LST FAP_SERVICE,LST,Device.Services.FAPService.{i}.,2,LST LST FAP_SERVICE FAP 载波基本配置; MOD MOD FAP_SERVICE FAP 载波基本配置,当前命令节点已有相同对象前缀，可作为该 path 的现成命令节点归属
Device.Services.FAPService.{i}.CellConfig.{i}.NR.RAN.Mobility.ConnMode.NR.A1MeasureCtrl.{i}.ReportAmount,yes,object_prefix_current_command_node,medium,SF,小区服务参数管理（总体）,FAP 载波基本配置,LST FAP_SERVICE,LST,Device.Services.FAPService.{i}.,2,LST LST FAP_SERVICE FAP 载波基本配置; MOD MOD FAP_SERVICE FAP 载波基本配置,当前命令节点已有相同对象前缀，可作为该 path 的现成命令节点归属
Device.Services.FAPService.{i}.CellConfig.{i}.NR.RAN.Mobility.ConnMode.NR.A1MeasureCtrl.{i}.ReportInterval,yes,object_prefix_current_command_node,medium,SF,小区服务参数管理（总体）,FAP 载波基本配置,LST FAP_SERVICE,LST,Device.Services.FAPService.{i}.,2,LST LST FAP_SERVICE FAP 载波基本配置; MOD MOD FAP_SERVICE FAP 载波基本配置,当前命令节点已有相同对象前缀，可作为该 path 的现成命令节点归属
Device.Services.FAPService.{i}.CellConfig.{i}.NR.RAN.Mobility.ConnMode.NR.A1MeasureCtrl.{i}.ReportOnLeave,yes,object_prefix_current_command_node,medium,SF,小区服务参数管理（总体）,FAP 载波基本配置,LST FAP_SERVICE,LST,Device.Services.FAPService.{i}.,2,LST LST FAP_SERVICE FAP 载波基本配置; MOD MOD FAP_SERVICE FAP 载波基本配置,当前命令节点已有相同对象前缀，可作为该 path 的现成命令节点归属
Device.Services.FAPService.{i}.CellConfig.{i}.NR.RAN.Mobility.ConnMode.NR.A1MeasureCtrl.{i}.ReportQuantityCell,yes,object_prefix_current_command_node,medium,SF,小区服务参数管理（总体）,FAP 载波基本配置,LST FAP_SERVICE,LST,Device.Services.FAPService.{i}.,2,LST LST FAP_SERVICE FAP 载波基本配置; MOD MOD FAP_SERVICE FAP 载波基本配置,当前命令节点已有相同对象前缀，可作为该 path 的现成命令节点归属
Device.Services.FAPService.{i}.CellConfig.{i}.NR.RAN.Mobility.ConnMode.NR.A1MeasureCtrl.{i}.RptQuantityRsIndex,yes,object_prefix_current_command_node,medium,SF,小区服务参数管理（总体）,FAP 载波基本配置,LST FAP_SERVICE,LST,Device.Services.FAPService.{i}.,2,LST LST FAP_SERVICE FAP 载波基本配置; MOD MOD FAP_SERVICE FAP 载波基本配置,当前命令节点已有相同对象前缀，可作为该 path 的现成命令节点归属
Device.Services.FAPService.{i}.CellConfig.{i}.NR.RAN.Mobility.ConnMode.NR.A1MeasureCtrl.{i}.RsType,yes,object_prefix_current_command_node,medium,SF,小区服务参数管理（总体）,FAP 载波基本配置,LST FAP_SERVICE,LST,Device.Services.FAPService.{i}.,2,LST LST FAP_SERVICE FAP 载波基本配置; MOD MOD FAP_SERVICE FAP 载波基本配置,当前命令节点已有相同对象前缀，可作为该 path 的现成命令节点归属
Device.Services.FAPService.{i}.CellConfig.{i}.NR.RAN.Mobility.ConnMode.NR.A1MeasureCtrl.{i}.ThresholdTriggerType,yes,object_prefix_current_command_node,medium,SF,小区服务参数管理（总体）,FAP 载波基本配置,LST FAP_SERVICE,LST,Device.Services.FAPService.{i}.,2,LST LST FAP_SERVICE FAP 载波基本配置; MOD MOD FAP_SERVICE FAP 载波基本配置,当前命令节点已有相同对象前缀，可作为该 path 的现成命令节点归属
Device.Services.FAPService.{i}.CellConfig.{i}.NR.RAN.Mobility.ConnMode.NR.A1MeasureCtrl.{i}.TimeToTrigger,yes,object_prefix_current_command_node,medium,SF,小区服务参数管理（总体）,FAP 载波基本配置,LST FAP_SERVICE,LST,Device.Services.FAPService.{i}.,2,LST LST FAP_SERVICE FAP 载波基本配置; MOD MOD FAP_SERVICE FAP 载波基本配置,当前命令节点已有相同对象前缀，可作为该 path 的现成命令节点归属
Device.Services.FAPService.{i}.CellConfig.{i}.NR.RAN.Mobility.ConnMode.NR.A2MeasureCtrl.{i}.A2ThresholdRSRP,yes,object_prefix_current_command_node,medium,SF,小区服务参数管理（总体）,FAP 载波基本配置,LST FAP_SERVICE,LST,Device.Services.FAPService.{i}.,2,LST LST FAP_SERVICE FAP 载波基本配置; MOD MOD FAP_SERVICE FAP 载波基本配置,当前命令节点已有相同对象前缀，可作为该 path 的现成命令节点归属
Device.Services.FAPService.{i}.CellConfig.{i}.NR.RAN.Mobility.ConnMode.NR.A2MeasureCtrl.{i}.A2ThresholdRSRQ,yes,object_prefix_current_command_node,medium,SF,小区服务参数管理（总体）,FAP 载波基本配置,LST FAP_SERVICE,LST,Device.Services.FAPService.{i}.,2,LST LST FAP_SERVICE FAP 载波基本配置; MOD MOD FAP_SERVICE FAP 载波基本配置,当前命令节点已有相同对象前缀，可作为该 path 的现成命令节点归属
Device.Services.FAPService.{i}.CellConfig.{i}.NR.RAN.Mobility.ConnMode.NR.A2MeasureCtrl.{i}.A2ThresholdSINR,yes,object_prefix_current_command_node,medium,SF,小区服务参数管理（总体）,FAP 载波基本配置,LST FAP_SERVICE,LST,Device.Services.FAPService.{i}.,2,LST LST FAP_SERVICE FAP 载波基本配置; MOD MOD FAP_SERVICE FAP 载波基本配置,当前命令节点已有相同对象前缀，可作为该 path 的现成命令节点归属
Device.Services.FAPService.{i}.CellConfig.{i}.NR.RAN.Mobility.ConnMode.NR.A2MeasureCtrl.{i}.Enable,yes,object_prefix_current_command_node,medium,SF,小区服务参数管理（总体）,FAP 载波基本配置,LST FAP_SERVICE,LST,Device.Services.FAPService.{i}.,2,LST LST FAP_SERVICE FAP 载波基本配置; MOD MOD FAP_SERVICE FAP 载波基本配置,当前命令节点已有相同对象前缀，可作为该 path 的现成命令节点归属
Device.Services.FAPService.{i}.CellConfig.{i}.NR.RAN.Mobility.ConnMode.NR.A2MeasureCtrl.{i}.Hysteresis,yes,object_prefix_current_command_node,medium,SF,小区服务参数管理（总体）,FAP 载波基本配置,LST FAP_SERVICE,LST,Device.Services.FAPService.{i}.,2,LST LST FAP_SERVICE FAP 载波基本配置; MOD MOD FAP_SERVICE FAP 载波基本配置,当前命令节点已有相同对象前缀，可作为该 path 的现成命令节点归属
Device.Services.FAPService.{i}.CellConfig.{i}.NR.RAN.Mobility.ConnMode.NR.A2MeasureCtrl.{i}.IncludeBeamMeasurements,yes,object_prefix_current_command_node,medium,SF,小区服务参数管理（总体）,FAP 载波基本配置,LST FAP_SERVICE,LST,Device.Services.FAPService.{i}.,2,LST LST FAP_SERVICE FAP 载波基本配置; MOD MOD FAP_SERVICE FAP 载波基本配置,当前命令节点已有相同对象前缀，可作为该 path 的现成命令节点归属
Device.Services.FAPService.{i}.CellConfig.{i}.NR.RAN.Mobility.ConnMode.NR.A2MeasureCtrl.{i}.MaxNrofRSIndexToReport,yes,object_prefix_current_command_node,medium,SF,小区服务参数管理（总体）,FAP 载波基本配置,LST FAP_SERVICE,LST,Device.Services.FAPService.{i}.,2,LST LST FAP_SERVICE FAP 载波基本配置; MOD MOD FAP_SERVICE FAP 载波基本配置,当前命令节点已有相同对象前缀，可作为该 path 的现成命令节点归属
Device.Services.FAPService.{i}.CellConfig.{i}.NR.RAN.Mobility.ConnMode.NR.A2MeasureCtrl.{i}.MaxReportCells,yes,object_prefix_current_command_node,medium,SF,小区服务参数管理（总体）,FAP 载波基本配置,LST FAP_SERVICE,LST,Device.Services.FAPService.{i}.,2,LST LST FAP_SERVICE FAP 载波基本配置; MOD MOD FAP_SERVICE FAP 载波基本配置,当前命令节点已有相同对象前缀，可作为该 path 的现成命令节点归属
Device.Services.FAPService.{i}.CellConfig.{i}.NR.RAN.Mobility.ConnMode.NR.A2MeasureCtrl.{i}.MeasurePurpose,yes,object_prefix_current_command_node,medium,SF,小区服务参数管理（总体）,FAP 载波基本配置,LST FAP_SERVICE,LST,Device.Services.FAPService.{i}.,2,LST LST FAP_SERVICE FAP 载波基本配置; MOD MOD FAP_SERVICE FAP 载波基本配置,当前命令节点已有相同对象前缀，可作为该 path 的现成命令节点归属
Device.Services.FAPService.{i}.CellConfig.{i}.NR.RAN.Mobility.ConnMode.NR.A2MeasureCtrl.{i}.PLMNID,yes,object_prefix_current_command_node,medium,SF,小区服务参数管理（总体）,FAP 载波基本配置,LST FAP_SERVICE,LST,Device.Services.FAPService.{i}.,2,LST LST FAP_SERVICE FAP 载波基本配置; MOD MOD FAP_SERVICE FAP 载波基本配置,当前命令节点已有相同对象前缀，可作为该 path 的现成命令节点归属
Device.Services.FAPService.{i}.CellConfig.{i}.NR.RAN.Mobility.ConnMode.NR.A2MeasureCtrl.{i}.ReportAmount,yes,object_prefix_current_command_node,medium,SF,小区服务参数管理（总体）,FAP 载波基本配置,LST FAP_SERVICE,LST,Device.Services.FAPService.{i}.,2,LST LST FAP_SERVICE FAP 载波基本配置; MOD MOD FAP_SERVICE FAP 载波基本配置,当前命令节点已有相同对象前缀，可作为该 path 的现成命令节点归属
Device.Services.FAPService.{i}.CellConfig.{i}.NR.RAN.Mobility.ConnMode.NR.A2MeasureCtrl.{i}.ReportInterval,yes,object_prefix_current_command_node,medium,SF,小区服务参数管理（总体）,FAP 载波基本配置,LST FAP_SERVICE,LST,Device.Services.FAPService.{i}.,2,LST LST FAP_SERVICE FAP 载波基本配置; MOD MOD FAP_SERVICE FAP 载波基本配置,当前命令节点已有相同对象前缀，可作为该 path 的现成命令节点归属
Device.Services.FAPService.{i}.CellConfig.{i}.NR.RAN.Mobility.ConnMode.NR.A2MeasureCtrl.{i}.ReportOnLeave,yes,object_prefix_current_command_node,medium,SF,小区服务参数管理（总体）,FAP 载波基本配置,LST FAP_SERVICE,LST,Device.Services.FAPService.{i}.,2,LST LST FAP_SERVICE FAP 载波基本配置; MOD MOD FAP_SERVICE FAP 载波基本配置,当前命令节点已有相同对象前缀，可作为该 path 的现成命令节点归属
Device.Services.FAPService.{i}.CellConfig.{i}.NR.RAN.Mobility.ConnMode.NR.A2MeasureCtrl.{i}.ReportQuantityCell,yes,object_prefix_current_command_node,medium,SF,小区服务参数管理（总体）,FAP 载波基本配置,LST FAP_SERVICE,LST,Device.Services.FAPService.{i}.,2,LST LST FAP_SERVICE FAP 载波基本配置; MOD MOD FAP_SERVICE FAP 载波基本配置,当前命令节点已有相同对象前缀，可作为该 path 的现成命令节点归属
Device.Services.FAPService.{i}.CellConfig.{i}.NR.RAN.Mobility.ConnMode.NR.A2MeasureCtrl.{i}.RptQuantityRsIndex,yes,object_prefix_current_command_node,medium,SF,小区服务参数管理（总体）,FAP 载波基本配置,LST FAP_SERVICE,LST,Device.Services.FAPService.{i}.,2,LST LST FAP_SERVICE FAP 载波基本配置; MOD MOD FAP_SERVICE FAP 载波基本配置,当前命令节点已有相同对象前缀，可作为该 path 的现成命令节点归属
Device.Services.FAPService.{i}.CellConfig.{i}.NR.RAN.Mobility.ConnMode.NR.A2MeasureCtrl.{i}.RsType,yes,object_prefix_current_command_node,medium,SF,小区服务参数管理（总体）,FAP 载波基本配置,LST FAP_SERVICE,LST,Device.Services.FAPService.{i}.,2,LST LST FAP_SERVICE FAP 载波基本配置; MOD MOD FAP_SERVICE FAP 载波基本配置,当前命令节点已有相同对象前缀，可作为该 path 的现成命令节点归属
Device.Services.FAPService.{i}.CellConfig.{i}.NR.RAN.Mobility.ConnMode.NR.A2MeasureCtrl.{i}.ThresholdTriggerType,yes,object_prefix_current_command_node,medium,SF,小区服务参数管理（总体）,FAP 载波基本配置,LST FAP_SERVICE,LST,Device.Services.FAPService.{i}.,2,LST LST FAP_SERVICE FAP 载波基本配置; MOD MOD FAP_SERVICE FAP 载波基本配置,当前命令节点已有相同对象前缀，可作为该 path 的现成命令节点归属
Device.Services.FAPService.{i}.CellConfig.{i}.NR.RAN.Mobility.ConnMode.NR.A2MeasureCtrl.{i}.TimeToTrigger,yes,object_prefix_current_command_node,medium,SF,小区服务参数管理（总体）,FAP 载波基本配置,LST FAP_SERVICE,LST,Device.Services.FAPService.{i}.,2,LST LST FAP_SERVICE FAP 载波基本配置; MOD MOD FAP_SERVICE FAP 载波基本配置,当前命令节点已有相同对象前缀，可作为该 path 的现成命令节点归属
Device.Services.FAPService.{i}.CellConfig.{i}.NR.RAN.Mobility.ConnMode.NR.A3MeasureCtrl.{i}.A3OffsetRSRP,yes,object_prefix_current_command_node,medium,SF,小区服务参数管理（总体）,FAP 载波基本配置,LST FAP_SERVICE,LST,Device.Services.FAPService.{i}.,2,LST LST FAP_SERVICE FAP 载波基本配置; MOD MOD FAP_SERVICE FAP 载波基本配置,当前命令节点已有相同对象前缀，可作为该 path 的现成命令节点归属
Device.Services.FAPService.{i}.CellConfig.{i}.NR.RAN.Mobility.ConnMode.NR.A3MeasureCtrl.{i}.A3OffsetRSRQ,yes,object_prefix_current_command_node,medium,SF,小区服务参数管理（总体）,FAP 载波基本配置,LST FAP_SERVICE,LST,Device.Services.FAPService.{i}.,2,LST LST FAP_SERVICE FAP 载波基本配置; MOD MOD FAP_SERVICE FAP 载波基本配置,当前命令节点已有相同对象前缀，可作为该 path 的现成命令节点归属
Device.Services.FAPService.{i}.CellConfig.{i}.NR.RAN.Mobility.ConnMode.NR.A3MeasureCtrl.{i}.A3OffsetSINR,yes,object_prefix_current_command_node,medium,SF,小区服务参数管理（总体）,FAP 载波基本配置,LST FAP_SERVICE,LST,Device.Services.FAPService.{i}.,2,LST LST FAP_SERVICE FAP 载波基本配置; MOD MOD FAP_SERVICE FAP 载波基本配置,当前命令节点已有相同对象前缀，可作为该 path 的现成命令节点归属
Device.Services.FAPService.{i}.CellConfig.{i}.NR.RAN.Mobility.ConnMode.NR.A3MeasureCtrl.{i}.Enable,yes,object_prefix_current_command_node,medium,SF,小区服务参数管理（总体）,FAP 载波基本配置,LST FAP_SERVICE,LST,Device.Services.FAPService.{i}.,2,LST LST FAP_SERVICE FAP 载波基本配置; MOD MOD FAP_SERVICE FAP 载波基本配置,当前命令节点已有相同对象前缀，可作为该 path 的现成命令节点归属
Device.Services.FAPService.{i}.CellConfig.{i}.NR.RAN.Mobility.ConnMode.NR.A3MeasureCtrl.{i}.Hysteresis,yes,object_prefix_current_command_node,medium,SF,小区服务参数管理（总体）,FAP 载波基本配置,LST FAP_SERVICE,LST,Device.Services.FAPService.{i}.,2,LST LST FAP_SERVICE FAP 载波基本配置; MOD MOD FAP_SERVICE FAP 载波基本配置,当前命令节点已有相同对象前缀，可作为该 path 的现成命令节点归属
Device.Services.FAPService.{i}.CellConfig.{i}.NR.RAN.Mobility.ConnMode.NR.A3MeasureCtrl.{i}.IncludeBeamMeasurements,yes,object_prefix_current_command_node,medium,SF,小区服务参数管理（总体）,FAP 载波基本配置,LST FAP_SERVICE,LST,Device.Services.FAPService.{i}.,2,LST LST FAP_SERVICE FAP 载波基本配置; MOD MOD FAP_SERVICE FAP 载波基本配置,当前命令节点已有相同对象前缀，可作为该 path 的现成命令节点归属
Device.Services.FAPService.{i}.CellConfig.{i}.NR.RAN.Mobility.ConnMode.NR.A3MeasureCtrl.{i}.MaxNrofRSIndexToReport,yes,object_prefix_current_command_node,medium,SF,小区服务参数管理（总体）,FAP 载波基本配置,LST FAP_SERVICE,LST,Device.Services.FAPService.{i}.,2,LST LST FAP_SERVICE FAP 载波基本配置; MOD MOD FAP_SERVICE FAP 载波基本配置,当前命令节点已有相同对象前缀，可作为该 path 的现成命令节点归属
Device.Services.FAPService.{i}.CellConfig.{i}.NR.RAN.Mobility.ConnMode.NR.A3MeasureCtrl.{i}.MaxReportCells,yes,object_prefix_current_command_node,medium,SF,小区服务参数管理（总体）,FAP 载波基本配置,LST FAP_SERVICE,LST,Device.Services.FAPService.{i}.,2,LST LST FAP_SERVICE FAP 载波基本配置; MOD MOD FAP_SERVICE FAP 载波基本配置,当前命令节点已有相同对象前缀，可作为该 path 的现成命令节点归属
Device.Services.FAPService.{i}.CellConfig.{i}.NR.RAN.Mobility.ConnMode.NR.A3MeasureCtrl.{i}.MeasurePurpose,yes,object_prefix_current_command_node,medium,SF,小区服务参数管理（总体）,FAP 载波基本配置,LST FAP_SERVICE,LST,Device.Services.FAPService.{i}.,2,LST LST FAP_SERVICE FAP 载波基本配置; MOD MOD FAP_SERVICE FAP 载波基本配置,当前命令节点已有相同对象前缀，可作为该 path 的现成命令节点归属
Device.Services.FAPService.{i}.CellConfig.{i}.NR.RAN.Mobility.ConnMode.NR.A3MeasureCtrl.{i}.PLMNID,yes,object_prefix_current_command_node,medium,SF,小区服务参数管理（总体）,FAP 载波基本配置,LST FAP_SERVICE,LST,Device.Services.FAPService.{i}.,2,LST LST FAP_SERVICE FAP 载波基本配置; MOD MOD FAP_SERVICE FAP 载波基本配置,当前命令节点已有相同对象前缀，可作为该 path 的现成命令节点归属
Device.Services.FAPService.{i}.CellConfig.{i}.NR.RAN.Mobility.ConnMode.NR.A3MeasureCtrl.{i}.ReportAmount,yes,object_prefix_current_command_node,medium,SF,小区服务参数管理（总体）,FAP 载波基本配置,LST FAP_SERVICE,LST,Device.Services.FAPService.{i}.,2,LST LST FAP_SERVICE FAP 载波基本配置; MOD MOD FAP_SERVICE FAP 载波基本配置,当前命令节点已有相同对象前缀，可作为该 path 的现成命令节点归属
Device.Services.FAPService.{i}.CellConfig.{i}.NR.RAN.Mobility.ConnMode.NR.A3MeasureCtrl.{i}.ReportInterval,yes,object_prefix_current_command_node,medium,SF,小区服务参数管理（总体）,FAP 载波基本配置,LST FAP_SERVICE,LST,Device.Services.FAPService.{i}.,2,LST LST FAP_SERVICE FAP 载波基本配置; MOD MOD FAP_SERVICE FAP 载波基本配置,当前命令节点已有相同对象前缀，可作为该 path 的现成命令节点归属
Device.Services.FAPService.{i}.CellConfig.{i}.NR.RAN.Mobility.ConnMode.NR.A3MeasureCtrl.{i}.ReportOnLeave,yes,object_prefix_current_command_node,medium,SF,小区服务参数管理（总体）,FAP 载波基本配置,LST FAP_SERVICE,LST,Device.Services.FAPService.{i}.,2,LST LST FAP_SERVICE FAP 载波基本配置; MOD MOD FAP_SERVICE FAP 载波基本配置,当前命令节点已有相同对象前缀，可作为该 path 的现成命令节点归属
Device.Services.FAPService.{i}.CellConfig.{i}.NR.RAN.Mobility.ConnMode.NR.A3MeasureCtrl.{i}.ReportQuantityCell,yes,object_prefix_current_command_node,medium,SF,小区服务参数管理（总体）,FAP 载波基本配置,LST FAP_SERVICE,LST,Device.Services.FAPService.{i}.,2,LST LST FAP_SERVICE FAP 载波基本配置; MOD MOD FAP_SERVICE FAP 载波基本配置,当前命令节点已有相同对象前缀，可作为该 path 的现成命令节点归属
Device.Services.FAPService.{i}.CellConfig.{i}.NR.RAN.Mobility.ConnMode.NR.A3MeasureCtrl.{i}.RptQuantityRsIndex,yes,object_prefix_current_command_node,medium,SF,小区服务参数管理（总体）,FAP 载波基本配置,LST FAP_SERVICE,LST,Device.Services.FAPService.{i}.,2,LST LST FAP_SERVICE FAP 载波基本配置; MOD MOD FAP_SERVICE FAP 载波基本配置,当前命令节点已有相同对象前缀，可作为该 path 的现成命令节点归属
Device.Services.FAPService.{i}.CellConfig.{i}.NR.RAN.Mobility.ConnMode.NR.A3MeasureCtrl.{i}.RsType,yes,object_prefix_current_command_node,medium,SF,小区服务参数管理（总体）,FAP 载波基本配置,LST FAP_SERVICE,LST,Device.Services.FAPService.{i}.,2,LST LST FAP_SERVICE FAP 载波基本配置; MOD MOD FAP_SERVICE FAP 载波基本配置,当前命令节点已有相同对象前缀，可作为该 path 的现成命令节点归属
Device.Services.FAPService.{i}.CellConfig.{i}.NR.RAN.Mobility.ConnMode.NR.A3MeasureCtrl.{i}.ThresholdTriggerType,yes,object_prefix_current_command_node,medium,SF,小区服务参数管理（总体）,FAP 载波基本配置,LST FAP_SERVICE,LST,Device.Services.FAPService.{i}.,2,LST LST FAP_SERVICE FAP 载波基本配置; MOD MOD FAP_SERVICE FAP 载波基本配置,当前命令节点已有相同对象前缀，可作为该 path 的现成命令节点归属
Device.Services.FAPService.{i}.CellConfig.{i}.NR.RAN.Mobility.ConnMode.NR.A3MeasureCtrl.{i}.TimeToTrigger,yes,object_prefix_current_command_node,medium,SF,小区服务参数管理（总体）,FAP 载波基本配置,LST FAP_SERVICE,LST,Device.Services.FAPService.{i}.,2,LST LST FAP_SERVICE FAP 载波基本配置; MOD MOD FAP_SERVICE FAP 载波基本配置,当前命令节点已有相同对象前缀，可作为该 path 的现成命令节点归属
Device.Services.FAPService.{i}.CellConfig.{i}.NR.RAN.Mobility.ConnMode.NR.A3MeasureCtrl.{i}.UseWhiteCellList,yes,object_prefix_current_command_node,medium,SF,小区服务参数管理（总体）,FAP 载波基本配置,LST FAP_SERVICE,LST,Device.Services.FAPService.{i}.,2,LST LST FAP_SERVICE FAP 载波基本配置; MOD MOD FAP_SERVICE FAP 载波基本配置,当前命令节点已有相同对象前缀，可作为该 path 的现成命令节点归属
Device.Services.FAPService.{i}.CellConfig.{i}.NR.RAN.Mobility.ConnMode.NR.A4MeasureCtrl.{i}.A4ThresholdRSRP,yes,object_prefix_current_command_node,medium,SF,小区服务参数管理（总体）,FAP 载波基本配置,LST FAP_SERVICE,LST,Device.Services.FAPService.{i}.,2,LST LST FAP_SERVICE FAP 载波基本配置; MOD MOD FAP_SERVICE FAP 载波基本配置,当前命令节点已有相同对象前缀，可作为该 path 的现成命令节点归属
Device.Services.FAPService.{i}.CellConfig.{i}.NR.RAN.Mobility.ConnMode.NR.A4MeasureCtrl.{i}.A4ThresholdRSRQ,yes,object_prefix_current_command_node,medium,SF,小区服务参数管理（总体）,FAP 载波基本配置,LST FAP_SERVICE,LST,Device.Services.FAPService.{i}.,2,LST LST FAP_SERVICE FAP 载波基本配置; MOD MOD FAP_SERVICE FAP 载波基本配置,当前命令节点已有相同对象前缀，可作为该 path 的现成命令节点归属
Device.Services.FAPService.{i}.CellConfig.{i}.NR.RAN.Mobility.ConnMode.NR.A4MeasureCtrl.{i}.A4ThresholdSINR,yes,object_prefix_current_command_node,medium,SF,小区服务参数管理（总体）,FAP 载波基本配置,LST FAP_SERVICE,LST,Device.Services.FAPService.{i}.,2,LST LST FAP_SERVICE FAP 载波基本配置; MOD MOD FAP_SERVICE FAP 载波基本配置,当前命令节点已有相同对象前缀，可作为该 path 的现成命令节点归属
Device.Services.FAPService.{i}.CellConfig.{i}.NR.RAN.Mobility.ConnMode.NR.A4MeasureCtrl.{i}.Enable,yes,object_prefix_current_command_node,medium,SF,小区服务参数管理（总体）,FAP 载波基本配置,LST FAP_SERVICE,LST,Device.Services.FAPService.{i}.,2,LST LST FAP_SERVICE FAP 载波基本配置; MOD MOD FAP_SERVICE FAP 载波基本配置,当前命令节点已有相同对象前缀，可作为该 path 的现成命令节点归属
Device.Services.FAPService.{i}.CellConfig.{i}.NR.RAN.Mobility.ConnMode.NR.A4MeasureCtrl.{i}.Hysteresis,yes,object_prefix_current_command_node,medium,SF,小区服务参数管理（总体）,FAP 载波基本配置,LST FAP_SERVICE,LST,Device.Services.FAPService.{i}.,2,LST LST FAP_SERVICE FAP 载波基本配置; MOD MOD FAP_SERVICE FAP 载波基本配置,当前命令节点已有相同对象前缀，可作为该 path 的现成命令节点归属
Device.Services.FAPService.{i}.CellConfig.{i}.NR.RAN.Mobility.ConnMode.NR.A4MeasureCtrl.{i}.IncludeBeamMeasurements,yes,object_prefix_current_command_node,medium,SF,小区服务参数管理（总体）,FAP 载波基本配置,LST FAP_SERVICE,LST,Device.Services.FAPService.{i}.,2,LST LST FAP_SERVICE FAP 载波基本配置; MOD MOD FAP_SERVICE FAP 载波基本配置,当前命令节点已有相同对象前缀，可作为该 path 的现成命令节点归属
Device.Services.FAPService.{i}.CellConfig.{i}.NR.RAN.Mobility.ConnMode.NR.A4MeasureCtrl.{i}.MaxNrofRSIndexToReport,yes,object_prefix_current_command_node,medium,SF,小区服务参数管理（总体）,FAP 载波基本配置,LST FAP_SERVICE,LST,Device.Services.FAPService.{i}.,2,LST LST FAP_SERVICE FAP 载波基本配置; MOD MOD FAP_SERVICE FAP 载波基本配置,当前命令节点已有相同对象前缀，可作为该 path 的现成命令节点归属
Device.Services.FAPService.{i}.CellConfig.{i}.NR.RAN.Mobility.ConnMode.NR.A4MeasureCtrl.{i}.MaxReportCells,yes,object_prefix_current_command_node,medium,SF,小区服务参数管理（总体）,FAP 载波基本配置,LST FAP_SERVICE,LST,Device.Services.FAPService.{i}.,2,LST LST FAP_SERVICE FAP 载波基本配置; MOD MOD FAP_SERVICE FAP 载波基本配置,当前命令节点已有相同对象前缀，可作为该 path 的现成命令节点归属
Device.Services.FAPService.{i}.CellConfig.{i}.NR.RAN.Mobility.ConnMode.NR.A4MeasureCtrl.{i}.MeasurePurpose,yes,object_prefix_current_command_node,medium,SF,小区服务参数管理（总体）,FAP 载波基本配置,LST FAP_SERVICE,LST,Device.Services.FAPService.{i}.,2,LST LST FAP_SERVICE FAP 载波基本配置; MOD MOD FAP_SERVICE FAP 载波基本配置,当前命令节点已有相同对象前缀，可作为该 path 的现成命令节点归属
Device.Services.FAPService.{i}.CellConfig.{i}.NR.RAN.Mobility.ConnMode.NR.A4MeasureCtrl.{i}.PLMNID,yes,object_prefix_current_command_node,medium,SF,小区服务参数管理（总体）,FAP 载波基本配置,LST FAP_SERVICE,LST,Device.Services.FAPService.{i}.,2,LST LST FAP_SERVICE FAP 载波基本配置; MOD MOD FAP_SERVICE FAP 载波基本配置,当前命令节点已有相同对象前缀，可作为该 path 的现成命令节点归属
Device.Services.FAPService.{i}.CellConfig.{i}.NR.RAN.Mobility.ConnMode.NR.A4MeasureCtrl.{i}.ReportAmount,yes,object_prefix_current_command_node,medium,SF,小区服务参数管理（总体）,FAP 载波基本配置,LST FAP_SERVICE,LST,Device.Services.FAPService.{i}.,2,LST LST FAP_SERVICE FAP 载波基本配置; MOD MOD FAP_SERVICE FAP 载波基本配置,当前命令节点已有相同对象前缀，可作为该 path 的现成命令节点归属
Device.Services.FAPService.{i}.CellConfig.{i}.NR.RAN.Mobility.ConnMode.NR.A4MeasureCtrl.{i}.ReportInterval,yes,object_prefix_current_command_node,medium,SF,小区服务参数管理（总体）,FAP 载波基本配置,LST FAP_SERVICE,LST,Device.Services.FAPService.{i}.,2,LST LST FAP_SERVICE FAP 载波基本配置; MOD MOD FAP_SERVICE FAP 载波基本配置,当前命令节点已有相同对象前缀，可作为该 path 的现成命令节点归属
Device.Services.FAPService.{i}.CellConfig.{i}.NR.RAN.Mobility.ConnMode.NR.A4MeasureCtrl.{i}.ReportOnLeave,yes,object_prefix_current_command_node,medium,SF,小区服务参数管理（总体）,FAP 载波基本配置,LST FAP_SERVICE,LST,Device.Services.FAPService.{i}.,2,LST LST FAP_SERVICE FAP 载波基本配置; MOD MOD FAP_SERVICE FAP 载波基本配置,当前命令节点已有相同对象前缀，可作为该 path 的现成命令节点归属
Device.Services.FAPService.{i}.CellConfig.{i}.NR.RAN.Mobility.ConnMode.NR.A4MeasureCtrl.{i}.ReportQuantityCell,yes,object_prefix_current_command_node,medium,SF,小区服务参数管理（总体）,FAP 载波基本配置,LST FAP_SERVICE,LST,Device.Services.FAPService.{i}.,2,LST LST FAP_SERVICE FAP 载波基本配置; MOD MOD FAP_SERVICE FAP 载波基本配置,当前命令节点已有相同对象前缀，可作为该 path 的现成命令节点归属
Device.Services.FAPService.{i}.CellConfig.{i}.NR.RAN.Mobility.ConnMode.NR.A4MeasureCtrl.{i}.RptQuantityRsIndex,yes,object_prefix_current_command_node,medium,SF,小区服务参数管理（总体）,FAP 载波基本配置,LST FAP_SERVICE,LST,Device.Services.FAPService.{i}.,2,LST LST FAP_SERVICE FAP 载波基本配置; MOD MOD FAP_SERVICE FAP 载波基本配置,当前命令节点已有相同对象前缀，可作为该 path 的现成命令节点归属
Device.Services.FAPService.{i}.CellConfig.{i}.NR.RAN.Mobility.ConnMode.NR.A4MeasureCtrl.{i}.RsType,yes,object_prefix_current_command_node,medium,SF,小区服务参数管理（总体）,FAP 载波基本配置,LST FAP_SERVICE,LST,Device.Services.FAPService.{i}.,2,LST LST FAP_SERVICE FAP 载波基本配置; MOD MOD FAP_SERVICE FAP 载波基本配置,当前命令节点已有相同对象前缀，可作为该 path 的现成命令节点归属
Device.Services.FAPService.{i}.CellConfig.{i}.NR.RAN.Mobility.ConnMode.NR.A4MeasureCtrl.{i}.ThresholdTriggerType,yes,object_prefix_current_command_node,medium,SF,小区服务参数管理（总体）,FAP 载波基本配置,LST FAP_SERVICE,LST,Device.Services.FAPService.{i}.,2,LST LST FAP_SERVICE FAP 载波基本配置; MOD MOD FAP_SERVICE FAP 载波基本配置,当前命令节点已有相同对象前缀，可作为该 path 的现成命令节点归属
Device.Services.FAPService.{i}.CellConfig.{i}.NR.RAN.Mobility.ConnMode.NR.A4MeasureCtrl.{i}.TimeToTrigger,yes,object_prefix_current_command_node,medium,SF,小区服务参数管理（总体）,FAP 载波基本配置,LST FAP_SERVICE,LST,Device.Services.FAPService.{i}.,2,LST LST FAP_SERVICE FAP 载波基本配置; MOD MOD FAP_SERVICE FAP 载波基本配置,当前命令节点已有相同对象前缀，可作为该 path 的现成命令节点归属
Device.Services.FAPService.{i}.CellConfig.{i}.NR.RAN.Mobility.ConnMode.NR.A4MeasureCtrl.{i}.UseWhiteCellList,yes,object_prefix_current_command_node,medium,SF,小区服务参数管理（总体）,FAP 载波基本配置,LST FAP_SERVICE,LST,Device.Services.FAPService.{i}.,2,LST LST FAP_SERVICE FAP 载波基本配置; MOD MOD FAP_SERVICE FAP 载波基本配置,当前命令节点已有相同对象前缀，可作为该 path 的现成命令节点归属
Device.Services.FAPService.{i}.CellConfig.{i}.NR.RAN.Mobility.ConnMode.NR.A5MeasureCtrl.{i}.A5Threshold1RSRP,yes,object_prefix_current_command_node,medium,SF,小区服务参数管理（总体）,FAP 载波基本配置,LST FAP_SERVICE,LST,Device.Services.FAPService.{i}.,2,LST LST FAP_SERVICE FAP 载波基本配置; MOD MOD FAP_SERVICE FAP 载波基本配置,当前命令节点已有相同对象前缀，可作为该 path 的现成命令节点归属
Device.Services.FAPService.{i}.CellConfig.{i}.NR.RAN.Mobility.ConnMode.NR.A5MeasureCtrl.{i}.A5Threshold1RSRQ,yes,object_prefix_current_command_node,medium,SF,小区服务参数管理（总体）,FAP 载波基本配置,LST FAP_SERVICE,LST,Device.Services.FAPService.{i}.,2,LST LST FAP_SERVICE FAP 载波基本配置; MOD MOD FAP_SERVICE FAP 载波基本配置,当前命令节点已有相同对象前缀，可作为该 path 的现成命令节点归属
Device.Services.FAPService.{i}.CellConfig.{i}.NR.RAN.Mobility.ConnMode.NR.A5MeasureCtrl.{i}.A5Threshold1SINR,yes,object_prefix_current_command_node,medium,SF,小区服务参数管理（总体）,FAP 载波基本配置,LST FAP_SERVICE,LST,Device.Services.FAPService.{i}.,2,LST LST FAP_SERVICE FAP 载波基本配置; MOD MOD FAP_SERVICE FAP 载波基本配置,当前命令节点已有相同对象前缀，可作为该 path 的现成命令节点归属
Device.Services.FAPService.{i}.CellConfig.{i}.NR.RAN.Mobility.ConnMode.NR.A5MeasureCtrl.{i}.A5Threshold2RSRP,yes,object_prefix_current_command_node,medium,SF,小区服务参数管理（总体）,FAP 载波基本配置,LST FAP_SERVICE,LST,Device.Services.FAPService.{i}.,2,LST LST FAP_SERVICE FAP 载波基本配置; MOD MOD FAP_SERVICE FAP 载波基本配置,当前命令节点已有相同对象前缀，可作为该 path 的现成命令节点归属
Device.Services.FAPService.{i}.CellConfig.{i}.NR.RAN.Mobility.ConnMode.NR.A5MeasureCtrl.{i}.A5Threshold2RSRQ,yes,object_prefix_current_command_node,medium,SF,小区服务参数管理（总体）,FAP 载波基本配置,LST FAP_SERVICE,LST,Device.Services.FAPService.{i}.,2,LST LST FAP_SERVICE FAP 载波基本配置; MOD MOD FAP_SERVICE FAP 载波基本配置,当前命令节点已有相同对象前缀，可作为该 path 的现成命令节点归属
Device.Services.FAPService.{i}.CellConfig.{i}.NR.RAN.Mobility.ConnMode.NR.A5MeasureCtrl.{i}.A5Threshold2SINR,yes,object_prefix_current_command_node,medium,SF,小区服务参数管理（总体）,FAP 载波基本配置,LST FAP_SERVICE,LST,Device.Services.FAPService.{i}.,2,LST LST FAP_SERVICE FAP 载波基本配置; MOD MOD FAP_SERVICE FAP 载波基本配置,当前命令节点已有相同对象前缀，可作为该 path 的现成命令节点归属
Device.Services.FAPService.{i}.CellConfig.{i}.NR.RAN.Mobility.ConnMode.NR.A5MeasureCtrl.{i}.Enable,yes,object_prefix_current_command_node,medium,SF,小区服务参数管理（总体）,FAP 载波基本配置,LST FAP_SERVICE,LST,Device.Services.FAPService.{i}.,2,LST LST FAP_SERVICE FAP 载波基本配置; MOD MOD FAP_SERVICE FAP 载波基本配置,当前命令节点已有相同对象前缀，可作为该 path 的现成命令节点归属
Device.Services.FAPService.{i}.CellConfig.{i}.NR.RAN.Mobility.ConnMode.NR.A5MeasureCtrl.{i}.Hysteresis,yes,object_prefix_current_command_node,medium,SF,小区服务参数管理（总体）,FAP 载波基本配置,LST FAP_SERVICE,LST,Device.Services.FAPService.{i}.,2,LST LST FAP_SERVICE FAP 载波基本配置; MOD MOD FAP_SERVICE FAP 载波基本配置,当前命令节点已有相同对象前缀，可作为该 path 的现成命令节点归属
Device.Services.FAPService.{i}.CellConfig.{i}.NR.RAN.Mobility.ConnMode.NR.A5MeasureCtrl.{i}.IncludeBeamMeasurements,yes,object_prefix_current_command_node,medium,SF,小区服务参数管理（总体）,FAP 载波基本配置,LST FAP_SERVICE,LST,Device.Services.FAPService.{i}.,2,LST LST FAP_SERVICE FAP 载波基本配置; MOD MOD FAP_SERVICE FAP 载波基本配置,当前命令节点已有相同对象前缀，可作为该 path 的现成命令节点归属
Device.Services.FAPService.{i}.CellConfig.{i}.NR.RAN.Mobility.ConnMode.NR.A5MeasureCtrl.{i}.MaxNrofRSIndexToReport,yes,object_prefix_current_command_node,medium,SF,小区服务参数管理（总体）,FAP 载波基本配置,LST FAP_SERVICE,LST,Device.Services.FAPService.{i}.,2,LST LST FAP_SERVICE FAP 载波基本配置; MOD MOD FAP_SERVICE FAP 载波基本配置,当前命令节点已有相同对象前缀，可作为该 path 的现成命令节点归属
Device.Services.FAPService.{i}.CellConfig.{i}.NR.RAN.Mobility.ConnMode.NR.A5MeasureCtrl.{i}.MaxReportCells,yes,object_prefix_current_command_node,medium,SF,小区服务参数管理（总体）,FAP 载波基本配置,LST FAP_SERVICE,LST,Device.Services.FAPService.{i}.,2,LST LST FAP_SERVICE FAP 载波基本配置; MOD MOD FAP_SERVICE FAP 载波基本配置,当前命令节点已有相同对象前缀，可作为该 path 的现成命令节点归属
Device.Services.FAPService.{i}.CellConfig.{i}.NR.RAN.Mobility.ConnMode.NR.A5MeasureCtrl.{i}.MeasurePurpose,yes,object_prefix_current_command_node,medium,SF,小区服务参数管理（总体）,FAP 载波基本配置,LST FAP_SERVICE,LST,Device.Services.FAPService.{i}.,2,LST LST FAP_SERVICE FAP 载波基本配置; MOD MOD FAP_SERVICE FAP 载波基本配置,当前命令节点已有相同对象前缀，可作为该 path 的现成命令节点归属
Device.Services.FAPService.{i}.CellConfig.{i}.NR.RAN.Mobility.ConnMode.NR.A5MeasureCtrl.{i}.PLMNID,yes,object_prefix_current_command_node,medium,SF,小区服务参数管理（总体）,FAP 载波基本配置,LST FAP_SERVICE,LST,Device.Services.FAPService.{i}.,2,LST LST FAP_SERVICE FAP 载波基本配置; MOD MOD FAP_SERVICE FAP 载波基本配置,当前命令节点已有相同对象前缀，可作为该 path 的现成命令节点归属
Device.Services.FAPService.{i}.CellConfig.{i}.NR.RAN.Mobility.ConnMode.NR.A5MeasureCtrl.{i}.ReportAmount,yes,object_prefix_current_command_node,medium,SF,小区服务参数管理（总体）,FAP 载波基本配置,LST FAP_SERVICE,LST,Device.Services.FAPService.{i}.,2,LST LST FAP_SERVICE FAP 载波基本配置; MOD MOD FAP_SERVICE FAP 载波基本配置,当前命令节点已有相同对象前缀，可作为该 path 的现成命令节点归属
Device.Services.FAPService.{i}.CellConfig.{i}.NR.RAN.Mobility.ConnMode.NR.A5MeasureCtrl.{i}.ReportInterval,yes,object_prefix_current_command_node,medium,SF,小区服务参数管理（总体）,FAP 载波基本配置,LST FAP_SERVICE,LST,Device.Services.FAPService.{i}.,2,LST LST FAP_SERVICE FAP 载波基本配置; MOD MOD FAP_SERVICE FAP 载波基本配置,当前命令节点已有相同对象前缀，可作为该 path 的现成命令节点归属
Device.Services.FAPService.{i}.CellConfig.{i}.NR.RAN.Mobility.ConnMode.NR.A5MeasureCtrl.{i}.ReportOnLeave,yes,object_prefix_current_command_node,medium,SF,小区服务参数管理（总体）,FAP 载波基本配置,LST FAP_SERVICE,LST,Device.Services.FAPService.{i}.,2,LST LST FAP_SERVICE FAP 载波基本配置; MOD MOD FAP_SERVICE FAP 载波基本配置,当前命令节点已有相同对象前缀，可作为该 path 的现成命令节点归属
Device.Services.FAPService.{i}.CellConfig.{i}.NR.RAN.Mobility.ConnMode.NR.A5MeasureCtrl.{i}.ReportQuantityCell,yes,object_prefix_current_command_node,medium,SF,小区服务参数管理（总体）,FAP 载波基本配置,LST FAP_SERVICE,LST,Device.Services.FAPService.{i}.,2,LST LST FAP_SERVICE FAP 载波基本配置; MOD MOD FAP_SERVICE FAP 载波基本配置,当前命令节点已有相同对象前缀，可作为该 path 的现成命令节点归属
Device.Services.FAPService.{i}.CellConfig.{i}.NR.RAN.Mobility.ConnMode.NR.A5MeasureCtrl.{i}.RptQuantityRsIndex,yes,object_prefix_current_command_node,medium,SF,小区服务参数管理（总体）,FAP 载波基本配置,LST FAP_SERVICE,LST,Device.Services.FAPService.{i}.,2,LST LST FAP_SERVICE FAP 载波基本配置; MOD MOD FAP_SERVICE FAP 载波基本配置,当前命令节点已有相同对象前缀，可作为该 path 的现成命令节点归属
Device.Services.FAPService.{i}.CellConfig.{i}.NR.RAN.Mobility.ConnMode.NR.A5MeasureCtrl.{i}.RsType,yes,object_prefix_current_command_node,medium,SF,小区服务参数管理（总体）,FAP 载波基本配置,LST FAP_SERVICE,LST,Device.Services.FAPService.{i}.,2,LST LST FAP_SERVICE FAP 载波基本配置; MOD MOD FAP_SERVICE FAP 载波基本配置,当前命令节点已有相同对象前缀，可作为该 path 的现成命令节点归属
Device.Services.FAPService.{i}.CellConfig.{i}.NR.RAN.Mobility.ConnMode.NR.A5MeasureCtrl.{i}.Threshold2TriggerType,yes,object_prefix_current_command_node,medium,SF,小区服务参数管理（总体）,FAP 载波基本配置,LST FAP_SERVICE,LST,Device.Services.FAPService.{i}.,2,LST LST FAP_SERVICE FAP 载波基本配置; MOD MOD FAP_SERVICE FAP 载波基本配置,当前命令节点已有相同对象前缀，可作为该 path 的现成命令节点归属
Device.Services.FAPService.{i}.CellConfig.{i}.NR.RAN.Mobility.ConnMode.NR.A5MeasureCtrl.{i}.ThresholdTriggerType,yes,object_prefix_current_command_node,medium,SF,小区服务参数管理（总体）,FAP 载波基本配置,LST FAP_SERVICE,LST,Device.Services.FAPService.{i}.,2,LST LST FAP_SERVICE FAP 载波基本配置; MOD MOD FAP_SERVICE FAP 载波基本配置,当前命令节点已有相同对象前缀，可作为该 path 的现成命令节点归属
Device.Services.FAPService.{i}.CellConfig.{i}.NR.RAN.Mobility.ConnMode.NR.A5MeasureCtrl.{i}.TimeToTrigger,yes,object_prefix_current_command_node,medium,SF,小区服务参数管理（总体）,FAP 载波基本配置,LST FAP_SERVICE,LST,Device.Services.FAPService.{i}.,2,LST LST FAP_SERVICE FAP 载波基本配置; MOD MOD FAP_SERVICE FAP 载波基本配置,当前命令节点已有相同对象前缀，可作为该 path 的现成命令节点归属
Device.Services.FAPService.{i}.CellConfig.{i}.NR.RAN.Mobility.ConnMode.NR.A5MeasureCtrl.{i}.UseWhiteCellList,yes,object_prefix_current_command_node,medium,SF,小区服务参数管理（总体）,FAP 载波基本配置,LST FAP_SERVICE,LST,Device.Services.FAPService.{i}.,2,LST LST FAP_SERVICE FAP 载波基本配置; MOD MOD FAP_SERVICE FAP 载波基本配置,当前命令节点已有相同对象前缀，可作为该 path 的现成命令节点归属
Device.Services.FAPService.{i}.CellConfig.{i}.NR.RAN.Mobility.ConnMode.NR.InterFreq.Carrier.{i}.Bitmap,yes,object_prefix_current_command_node,medium,SF,小区服务参数管理（总体）,FAP 载波基本配置,LST FAP_SERVICE,LST,Device.Services.FAPService.{i}.,2,LST LST FAP_SERVICE FAP 载波基本配置; MOD MOD FAP_SERVICE FAP 载波基本配置,当前命令节点已有相同对象前缀，可作为该 path 的现成命令节点归属
Device.Services.FAPService.{i}.CellConfig.{i}.NR.RAN.Mobility.ConnMode.NR.InterFreq.Carrier.{i}.BitmapType,yes,object_prefix_current_command_node,medium,SF,小区服务参数管理（总体）,FAP 载波基本配置,LST FAP_SERVICE,LST,Device.Services.FAPService.{i}.,2,LST LST FAP_SERVICE FAP 载波基本配置; MOD MOD FAP_SERVICE FAP 载波基本配置,当前命令节点已有相同对象前缀，可作为该 path 的现成命令节点归属
Device.Services.FAPService.{i}.CellConfig.{i}.NR.RAN.Mobility.ConnMode.NR.InterFreq.Carrier.{i}.DeriveSSBIndexFromCell,yes,object_prefix_current_command_node,medium,SF,小区服务参数管理（总体）,FAP 载波基本配置,LST FAP_SERVICE,LST,Device.Services.FAPService.{i}.,2,LST LST FAP_SERVICE FAP 载波基本配置; MOD MOD FAP_SERVICE FAP 载波基本配置,当前命令节点已有相同对象前缀，可作为该 path 的现成命令节点归属
Device.Services.FAPService.{i}.CellConfig.{i}.NR.RAN.Mobility.ConnMode.NR.InterFreq.Carrier.{i}.Enable,yes,object_prefix_current_command_node,medium,SF,小区服务参数管理（总体）,FAP 载波基本配置,LST FAP_SERVICE,LST,Device.Services.FAPService.{i}.,2,LST LST FAP_SERVICE FAP 载波基本配置; MOD MOD FAP_SERVICE FAP 载波基本配置,当前命令节点已有相同对象前缀，可作为该 path 的现成命令节点归属
Device.Services.FAPService.{i}.CellConfig.{i}.NR.RAN.Mobility.ConnMode.NR.InterFreq.Carrier.{i}.FreqBandIndicatorNR,yes,object_prefix_current_command_node,medium,SF,小区服务参数管理（总体）,FAP 载波基本配置,LST FAP_SERVICE,LST,Device.Services.FAPService.{i}.,2,LST LST FAP_SERVICE FAP 载波基本配置; MOD MOD FAP_SERVICE FAP 载波基本配置,当前命令节点已有相同对象前缀，可作为该 path 的现成命令节点归属
Device.Services.FAPService.{i}.CellConfig.{i}.NR.RAN.Mobility.ConnMode.NR.InterFreq.Carrier.{i}.NrofSSBlocksToAverage,yes,object_prefix_current_command_node,medium,SF,小区服务参数管理（总体）,FAP 载波基本配置,LST FAP_SERVICE,LST,Device.Services.FAPService.{i}.,2,LST LST FAP_SERVICE FAP 载波基本配置; MOD MOD FAP_SERVICE FAP 载波基本配置,当前命令节点已有相同对象前缀，可作为该 path 的现成命令节点归属
Device.Services.FAPService.{i}.CellConfig.{i}.NR.RAN.Mobility.ConnMode.NR.InterFreq.Carrier.{i}.OffsetToPointA,yes,object_prefix_current_command_node,medium,SF,小区服务参数管理（总体）,FAP 载波基本配置,LST FAP_SERVICE,LST,Device.Services.FAPService.{i}.,2,LST LST FAP_SERVICE FAP 载波基本配置; MOD MOD FAP_SERVICE FAP 载波基本配置,当前命令节点已有相同对象前缀，可作为该 path 的现成命令节点归属
Device.Services.FAPService.{i}.CellConfig.{i}.NR.RAN.Mobility.ConnMode.NR.InterFreq.Carrier.{i}.RsrpOffsetCsiRs,yes,object_prefix_current_command_node,medium,SF,小区服务参数管理（总体）,FAP 载波基本配置,LST FAP_SERVICE,LST,Device.Services.FAPService.{i}.,2,LST LST FAP_SERVICE FAP 载波基本配置; MOD MOD FAP_SERVICE FAP 载波基本配置,当前命令节点已有相同对象前缀，可作为该 path 的现成命令节点归属
Device.Services.FAPService.{i}.CellConfig.{i}.NR.RAN.Mobility.ConnMode.NR.InterFreq.Carrier.{i}.RsrpOffsetSSB,yes,object_prefix_current_command_node,medium,SF,小区服务参数管理（总体）,FAP 载波基本配置,LST FAP_SERVICE,LST,Device.Services.FAPService.{i}.,2,LST LST FAP_SERVICE FAP 载波基本配置; MOD MOD FAP_SERVICE FAP 载波基本配置,当前命令节点已有相同对象前缀，可作为该 path 的现成命令节点归属
Device.Services.FAPService.{i}.CellConfig.{i}.NR.RAN.Mobility.ConnMode.NR.InterFreq.Carrier.{i}.RsrqOffsetCsiRs,yes,object_prefix_current_command_node,medium,SF,小区服务参数管理（总体）,FAP 载波基本配置,LST FAP_SERVICE,LST,Device.Services.FAPService.{i}.,2,LST LST FAP_SERVICE FAP 载波基本配置; MOD MOD FAP_SERVICE FAP 载波基本配置,当前命令节点已有相同对象前缀，可作为该 path 的现成命令节点归属
Device.Services.FAPService.{i}.CellConfig.{i}.NR.RAN.Mobility.ConnMode.NR.InterFreq.Carrier.{i}.RsrqOffsetSSB,yes,object_prefix_current_command_node,medium,SF,小区服务参数管理（总体）,FAP 载波基本配置,LST FAP_SERVICE,LST,Device.Services.FAPService.{i}.,2,LST LST FAP_SERVICE FAP 载波基本配置; MOD MOD FAP_SERVICE FAP 载波基本配置,当前命令节点已有相同对象前缀，可作为该 path 的现成命令节点归属
Device.Services.FAPService.{i}.CellConfig.{i}.NR.RAN.Mobility.ConnMode.NR.InterFreq.Carrier.{i}.SSBFrequency,yes,object_prefix_current_command_node,medium,SF,小区服务参数管理（总体）,FAP 载波基本配置,LST FAP_SERVICE,LST,Device.Services.FAPService.{i}.,2,LST LST FAP_SERVICE FAP 载波基本配置; MOD MOD FAP_SERVICE FAP 载波基本配置,当前命令节点已有相同对象前缀，可作为该 path 的现成命令节点归属
Device.Services.FAPService.{i}.CellConfig.{i}.NR.RAN.Mobility.ConnMode.NR.InterFreq.Carrier.{i}.SSBlocksConsolidationRsrp,yes,object_prefix_current_command_node,medium,SF,小区服务参数管理（总体）,FAP 载波基本配置,LST FAP_SERVICE,LST,Device.Services.FAPService.{i}.,2,LST LST FAP_SERVICE FAP 载波基本配置; MOD MOD FAP_SERVICE FAP 载波基本配置,当前命令节点已有相同对象前缀，可作为该 path 的现成命令节点归属
Device.Services.FAPService.{i}.CellConfig.{i}.NR.RAN.Mobility.ConnMode.NR.InterFreq.Carrier.{i}.SSBlocksConsolidationRsrq,yes,object_prefix_current_command_node,medium,SF,小区服务参数管理（总体）,FAP 载波基本配置,LST FAP_SERVICE,LST,Device.Services.FAPService.{i}.,2,LST LST FAP_SERVICE FAP 载波基本配置; MOD MOD FAP_SERVICE FAP 载波基本配置,当前命令节点已有相同对象前缀，可作为该 path 的现成命令节点归属
Device.Services.FAPService.{i}.CellConfig.{i}.NR.RAN.Mobility.ConnMode.NR.InterFreq.Carrier.{i}.SSBlocksConsolidationSinr,yes,object_prefix_current_command_node,medium,SF,小区服务参数管理（总体）,FAP 载波基本配置,LST FAP_SERVICE,LST,Device.Services.FAPService.{i}.,2,LST LST FAP_SERVICE FAP 载波基本配置; MOD MOD FAP_SERVICE FAP 载波基本配置,当前命令节点已有相同对象前缀，可作为该 path 的现成命令节点归属
Device.Services.FAPService.{i}.CellConfig.{i}.NR.RAN.Mobility.ConnMode.NR.InterFreq.Carrier.{i}.SinrOffsetCsiRs,yes,object_prefix_current_command_node,medium,SF,小区服务参数管理（总体）,FAP 载波基本配置,LST FAP_SERVICE,LST,Device.Services.FAPService.{i}.,2,LST LST FAP_SERVICE FAP 载波基本配置; MOD MOD FAP_SERVICE FAP 载波基本配置,当前命令节点已有相同对象前缀，可作为该 path 的现成命令节点归属
Device.Services.FAPService.{i}.CellConfig.{i}.NR.RAN.Mobility.ConnMode.NR.InterFreq.Carrier.{i}.SinrOffsetSSB,yes,object_prefix_current_command_node,medium,SF,小区服务参数管理（总体）,FAP 载波基本配置,LST FAP_SERVICE,LST,Device.Services.FAPService.{i}.,2,LST LST FAP_SERVICE FAP 载波基本配置; MOD MOD FAP_SERVICE FAP 载波基本配置,当前命令节点已有相同对象前缀，可作为该 path 的现成命令节点归属
Device.Services.FAPService.{i}.CellConfig.{i}.NR.RAN.Mobility.ConnMode.NR.InterFreq.Carrier.{i}.SmtcDuration,yes,object_prefix_current_command_node,medium,SF,小区服务参数管理（总体）,FAP 载波基本配置,LST FAP_SERVICE,LST,Device.Services.FAPService.{i}.,2,LST LST FAP_SERVICE FAP 载波基本配置; MOD MOD FAP_SERVICE FAP 载波基本配置,当前命令节点已有相同对象前缀，可作为该 path 的现成命令节点归属
Device.Services.FAPService.{i}.CellConfig.{i}.NR.RAN.Mobility.ConnMode.NR.InterFreq.Carrier.{i}.SmtcOffset,yes,object_prefix_current_command_node,medium,SF,小区服务参数管理（总体）,FAP 载波基本配置,LST FAP_SERVICE,LST,Device.Services.FAPService.{i}.,2,LST LST FAP_SERVICE FAP 载波基本配置; MOD MOD FAP_SERVICE FAP 载波基本配置,当前命令节点已有相同对象前缀，可作为该 path 的现成命令节点归属
Device.Services.FAPService.{i}.CellConfig.{i}.NR.RAN.Mobility.ConnMode.NR.InterFreq.Carrier.{i}.SmtcPeriodicity,yes,object_prefix_current_command_node,medium,SF,小区服务参数管理（总体）,FAP 载波基本配置,LST FAP_SERVICE,LST,Device.Services.FAPService.{i}.,2,LST LST FAP_SERVICE FAP 载波基本配置; MOD MOD FAP_SERVICE FAP 载波基本配置,当前命令节点已有相同对象前缀，可作为该 path 的现成命令节点归属
Device.Services.FAPService.{i}.CellConfig.{i}.NR.RAN.Mobility.ConnMode.NR.InterFreq.Carrier.{i}.SsbSubcarrierOffset,yes,object_prefix_current_command_node,medium,SF,小区服务参数管理（总体）,FAP 载波基本配置,LST FAP_SERVICE,LST,Device.Services.FAPService.{i}.,2,LST LST FAP_SERVICE FAP 载波基本配置; MOD MOD FAP_SERVICE FAP 载波基本配置,当前命令节点已有相同对象前缀，可作为该 path 的现成命令节点归属
Device.Services.FAPService.{i}.CellConfig.{i}.NR.RAN.Mobility.ConnMode.NR.InterFreq.Carrier.{i}.SubcarrierSpacing,yes,object_prefix_current_command_node,medium,SF,小区服务参数管理（总体）,FAP 载波基本配置,LST FAP_SERVICE,LST,Device.Services.FAPService.{i}.,2,LST LST FAP_SERVICE FAP 载波基本配置; MOD MOD FAP_SERVICE FAP 载波基本配置,当前命令节点已有相同对象前缀，可作为该 path 的现成命令节点归属
Device.Services.FAPService.{i}.CellConfig.{i}.NR.RAN.Mobility.ConnMode.NR.PeriodMeasCtrl.{i}.MaxReportCells,yes,object_prefix_current_command_node,medium,SF,小区服务参数管理（总体）,FAP 载波基本配置,LST FAP_SERVICE,LST,Device.Services.FAPService.{i}.,2,LST LST FAP_SERVICE FAP 载波基本配置; MOD MOD FAP_SERVICE FAP 载波基本配置,当前命令节点已有相同对象前缀，可作为该 path 的现成命令节点归属
Device.Services.FAPService.{i}.CellConfig.{i}.NR.RAN.Mobility.ConnMode.NR.PeriodMeasCtrl.{i}.MeasurePurpose,yes,object_prefix_current_command_node,medium,SF,小区服务参数管理（总体）,FAP 载波基本配置,LST FAP_SERVICE,LST,Device.Services.FAPService.{i}.,2,LST LST FAP_SERVICE FAP 载波基本配置; MOD MOD FAP_SERVICE FAP 载波基本配置,当前命令节点已有相同对象前缀，可作为该 path 的现成命令节点归属
Device.Services.FAPService.{i}.CellConfig.{i}.NR.RAN.Mobility.ConnMode.NR.PeriodMeasCtrl.{i}.ReportAmount,yes,object_prefix_current_command_node,medium,SF,小区服务参数管理（总体）,FAP 载波基本配置,LST FAP_SERVICE,LST,Device.Services.FAPService.{i}.,2,LST LST FAP_SERVICE FAP 载波基本配置; MOD MOD FAP_SERVICE FAP 载波基本配置,当前命令节点已有相同对象前缀，可作为该 path 的现成命令节点归属
Device.Services.FAPService.{i}.CellConfig.{i}.NR.RAN.Mobility.ConnMode.NR.PeriodMeasCtrl.{i}.ReportInterval,yes,object_prefix_current_command_node,medium,SF,小区服务参数管理（总体）,FAP 载波基本配置,LST FAP_SERVICE,LST,Device.Services.FAPService.{i}.,2,LST LST FAP_SERVICE FAP 载波基本配置; MOD MOD FAP_SERVICE FAP 载波基本配置,当前命令节点已有相同对象前缀，可作为该 path 的现成命令节点归属
Device.Services.FAPService.{i}.CellConfig.{i}.NR.RAN.Mobility.ConnMode.NR.PeriodMeasCtrl.{i}.ReportQuantity,yes,object_prefix_current_command_node,medium,SF,小区服务参数管理（总体）,FAP 载波基本配置,LST FAP_SERVICE,LST,Device.Services.FAPService.{i}.,2,LST LST FAP_SERVICE FAP 载波基本配置; MOD MOD FAP_SERVICE FAP 载波基本配置,当前命令节点已有相同对象前缀，可作为该 path 的现成命令节点归属
Device.Services.FAPService.{i}.CellConfig.{i}.NR.RAN.Mobility.IdleMode.EUTRA.Carrier.{i}.AllowedMeasBandwidth,yes,object_prefix_current_command_node,medium,SF,小区服务参数管理（总体）,FAP 载波基本配置,LST FAP_SERVICE,LST,Device.Services.FAPService.{i}.,2,LST LST FAP_SERVICE FAP 载波基本配置; MOD MOD FAP_SERVICE FAP 载波基本配置,当前命令节点已有相同对象前缀，可作为该 path 的现成命令节点归属
Device.Services.FAPService.{i}.CellConfig.{i}.NR.RAN.Mobility.IdleMode.EUTRA.Carrier.{i}.BlackPhysCellIdRange,yes,object_prefix_current_command_node,medium,SF,小区服务参数管理（总体）,FAP 载波基本配置,LST FAP_SERVICE,LST,Device.Services.FAPService.{i}.,2,LST LST FAP_SERVICE FAP 载波基本配置; MOD MOD FAP_SERVICE FAP 载波基本配置,当前命令节点已有相同对象前缀，可作为该 path 的现成命令节点归属
Device.Services.FAPService.{i}.CellConfig.{i}.NR.RAN.Mobility.IdleMode.EUTRA.Carrier.{i}.BlackPhysCellIdStart,yes,object_prefix_current_command_node,medium,SF,小区服务参数管理（总体）,FAP 载波基本配置,LST FAP_SERVICE,LST,Device.Services.FAPService.{i}.,2,LST LST FAP_SERVICE FAP 载波基本配置; MOD MOD FAP_SERVICE FAP 载波基本配置,当前命令节点已有相同对象前缀，可作为该 path 的现成命令节点归属
Device.Services.FAPService.{i}.CellConfig.{i}.NR.RAN.Mobility.IdleMode.EUTRA.Carrier.{i}.CellReselectionPriority,yes,object_prefix_current_command_node,medium,SF,小区服务参数管理（总体）,FAP 载波基本配置,LST FAP_SERVICE,LST,Device.Services.FAPService.{i}.,2,LST LST FAP_SERVICE FAP 载波基本配置; MOD MOD FAP_SERVICE FAP 载波基本配置,当前命令节点已有相同对象前缀，可作为该 path 的现成命令节点归属
Device.Services.FAPService.{i}.CellConfig.{i}.NR.RAN.Mobility.IdleMode.EUTRA.Carrier.{i}.EUTRACarrierARFCN,yes,object_prefix_current_command_node,medium,SF,小区服务参数管理（总体）,FAP 载波基本配置,LST FAP_SERVICE,LST,Device.Services.FAPService.{i}.,2,LST LST FAP_SERVICE FAP 载波基本配置; MOD MOD FAP_SERVICE FAP 载波基本配置,当前命令节点已有相同对象前缀，可作为该 path 的现成命令节点归属
Device.Services.FAPService.{i}.CellConfig.{i}.NR.RAN.Mobility.IdleMode.EUTRA.Carrier.{i}.PMaxEUTRA,yes,object_prefix_current_command_node,medium,SF,小区服务参数管理（总体）,FAP 载波基本配置,LST FAP_SERVICE,LST,Device.Services.FAPService.{i}.,2,LST LST FAP_SERVICE FAP 载波基本配置; MOD MOD FAP_SERVICE FAP 载波基本配置,当前命令节点已有相同对象前缀，可作为该 path 的现成命令节点归属
Device.Services.FAPService.{i}.CellConfig.{i}.NR.RAN.Mobility.IdleMode.EUTRA.Carrier.{i}.PresenceAntennaPort1,yes,object_prefix_current_command_node,medium,SF,小区服务参数管理（总体）,FAP 载波基本配置,LST FAP_SERVICE,LST,Device.Services.FAPService.{i}.,2,LST LST FAP_SERVICE FAP 载波基本配置; MOD MOD FAP_SERVICE FAP 载波基本配置,当前命令节点已有相同对象前缀，可作为该 path 的现成命令节点归属
Device.Services.FAPService.{i}.CellConfig.{i}.NR.RAN.Mobility.IdleMode.EUTRA.Carrier.{i}.QQualMin,yes,object_prefix_current_command_node,medium,SF,小区服务参数管理（总体）,FAP 载波基本配置,LST FAP_SERVICE,LST,Device.Services.FAPService.{i}.,2,LST LST FAP_SERVICE FAP 载波基本配置; MOD MOD FAP_SERVICE FAP 载波基本配置,当前命令节点已有相同对象前缀，可作为该 path 的现成命令节点归属
Device.Services.FAPService.{i}.CellConfig.{i}.NR.RAN.Mobility.IdleMode.EUTRA.Carrier.{i}.QRxLevMin,yes,object_prefix_current_command_node,medium,SF,小区服务参数管理（总体）,FAP 载波基本配置,LST FAP_SERVICE,LST,Device.Services.FAPService.{i}.,2,LST LST FAP_SERVICE FAP 载波基本配置; MOD MOD FAP_SERVICE FAP 载波基本配置,当前命令节点已有相同对象前缀，可作为该 path 的现成命令节点归属
Device.Services.FAPService.{i}.CellConfig.{i}.NR.RAN.Mobility.IdleMode.EUTRA.Carrier.{i}.TReselectionEUTRA,yes,object_prefix_current_command_node,medium,SF,小区服务参数管理（总体）,FAP 载波基本配置,LST FAP_SERVICE,LST,Device.Services.FAPService.{i}.,2,LST LST FAP_SERVICE FAP 载波基本配置; MOD MOD FAP_SERVICE FAP 载波基本配置,当前命令节点已有相同对象前缀，可作为该 path 的现成命令节点归属
Device.Services.FAPService.{i}.CellConfig.{i}.NR.RAN.Mobility.IdleMode.EUTRA.Carrier.{i}.ThreshXHigh,yes,object_prefix_current_command_node,medium,SF,小区服务参数管理（总体）,FAP 载波基本配置,LST FAP_SERVICE,LST,Device.Services.FAPService.{i}.,2,LST LST FAP_SERVICE FAP 载波基本配置; MOD MOD FAP_SERVICE FAP 载波基本配置,当前命令节点已有相同对象前缀，可作为该 path 的现成命令节点归属
Device.Services.FAPService.{i}.CellConfig.{i}.NR.RAN.Mobility.IdleMode.EUTRA.Carrier.{i}.ThreshXHighQ,yes,object_prefix_current_command_node,medium,SF,小区服务参数管理（总体）,FAP 载波基本配置,LST FAP_SERVICE,LST,Device.Services.FAPService.{i}.,2,LST LST FAP_SERVICE FAP 载波基本配置; MOD MOD FAP_SERVICE FAP 载波基本配置,当前命令节点已有相同对象前缀，可作为该 path 的现成命令节点归属
Device.Services.FAPService.{i}.CellConfig.{i}.NR.RAN.Mobility.IdleMode.EUTRA.Carrier.{i}.ThreshXLow,yes,object_prefix_current_command_node,medium,SF,小区服务参数管理（总体）,FAP 载波基本配置,LST FAP_SERVICE,LST,Device.Services.FAPService.{i}.,2,LST LST FAP_SERVICE FAP 载波基本配置; MOD MOD FAP_SERVICE FAP 载波基本配置,当前命令节点已有相同对象前缀，可作为该 path 的现成命令节点归属
Device.Services.FAPService.{i}.CellConfig.{i}.NR.RAN.Mobility.IdleMode.InterFreq.Carrier.{i}.AbsThreshSSBlocksConsolidation,yes,object_prefix_current_command_node,medium,SF,小区服务参数管理（总体）,FAP 载波基本配置,LST FAP_SERVICE,LST,Device.Services.FAPService.{i}.,2,LST LST FAP_SERVICE FAP 载波基本配置; MOD MOD FAP_SERVICE FAP 载波基本配置,当前命令节点已有相同对象前缀，可作为该 path 的现成命令节点归属
Device.Services.FAPService.{i}.CellConfig.{i}.NR.RAN.Mobility.IdleMode.InterFreq.Carrier.{i}.BlackPhysCellIdRange,yes,object_prefix_current_command_node,medium,SF,小区服务参数管理（总体）,FAP 载波基本配置,LST FAP_SERVICE,LST,Device.Services.FAPService.{i}.,2,LST LST FAP_SERVICE FAP 载波基本配置; MOD MOD FAP_SERVICE FAP 载波基本配置,当前命令节点已有相同对象前缀，可作为该 path 的现成命令节点归属
Device.Services.FAPService.{i}.CellConfig.{i}.NR.RAN.Mobility.IdleMode.InterFreq.Carrier.{i}.BlackPhysCellIdStart,yes,object_prefix_current_command_node,medium,SF,小区服务参数管理（总体）,FAP 载波基本配置,LST FAP_SERVICE,LST,Device.Services.FAPService.{i}.,2,LST LST FAP_SERVICE FAP 载波基本配置; MOD MOD FAP_SERVICE FAP 载波基本配置,当前命令节点已有相同对象前缀，可作为该 path 的现成命令节点归属
Device.Services.FAPService.{i}.CellConfig.{i}.NR.RAN.Mobility.IdleMode.InterFreq.Carrier.{i}.CellReselectionPriority,yes,object_prefix_current_command_node,medium,SF,小区服务参数管理（总体）,FAP 载波基本配置,LST FAP_SERVICE,LST,Device.Services.FAPService.{i}.,2,LST LST FAP_SERVICE FAP 载波基本配置; MOD MOD FAP_SERVICE FAP 载波基本配置,当前命令节点已有相同对象前缀，可作为该 path 的现成命令节点归属
Device.Services.FAPService.{i}.CellConfig.{i}.NR.RAN.Mobility.IdleMode.InterFreq.Carrier.{i}.CellReselectionSubPriority,yes,object_prefix_current_command_node,medium,SF,小区服务参数管理（总体）,FAP 载波基本配置,LST FAP_SERVICE,LST,Device.Services.FAPService.{i}.,2,LST LST FAP_SERVICE FAP 载波基本配置; MOD MOD FAP_SERVICE FAP 载波基本配置,当前命令节点已有相同对象前缀，可作为该 path 的现成命令节点归属
Device.Services.FAPService.{i}.CellConfig.{i}.NR.RAN.Mobility.IdleMode.InterFreq.Carrier.{i}.DeriveSSBIndexFromCell,yes,object_prefix_current_command_node,medium,SF,小区服务参数管理（总体）,FAP 载波基本配置,LST FAP_SERVICE,LST,Device.Services.FAPService.{i}.,2,LST LST FAP_SERVICE FAP 载波基本配置; MOD MOD FAP_SERVICE FAP 载波基本配置,当前命令节点已有相同对象前缀，可作为该 path 的现成命令节点归属
Device.Services.FAPService.{i}.CellConfig.{i}.NR.RAN.Mobility.IdleMode.InterFreq.Carrier.{i}.DlCarrierFreq,yes,object_prefix_current_command_node,medium,SF,小区服务参数管理（总体）,FAP 载波基本配置,LST FAP_SERVICE,LST,Device.Services.FAPService.{i}.,2,LST LST FAP_SERVICE FAP 载波基本配置; MOD MOD FAP_SERVICE FAP 载波基本配置,当前命令节点已有相同对象前缀，可作为该 path 的现成命令节点归属
Device.Services.FAPService.{i}.CellConfig.{i}.NR.RAN.Mobility.IdleMode.InterFreq.Carrier.{i}.NrofSSBlocksToAverage,yes,object_prefix_current_command_node,medium,SF,小区服务参数管理（总体）,FAP 载波基本配置,LST FAP_SERVICE,LST,Device.Services.FAPService.{i}.,2,LST LST FAP_SERVICE FAP 载波基本配置; MOD MOD FAP_SERVICE FAP 载波基本配置,当前命令节点已有相同对象前缀，可作为该 path 的现成命令节点归属
Device.Services.FAPService.{i}.CellConfig.{i}.NR.RAN.Mobility.IdleMode.InterFreq.Carrier.{i}.Pmax,yes,object_prefix_current_command_node,medium,SF,小区服务参数管理（总体）,FAP 载波基本配置,LST FAP_SERVICE,LST,Device.Services.FAPService.{i}.,2,LST LST FAP_SERVICE FAP 载波基本配置; MOD MOD FAP_SERVICE FAP 载波基本配置,当前命令节点已有相同对象前缀，可作为该 path 的现成命令节点归属
Device.Services.FAPService.{i}.CellConfig.{i}.NR.RAN.Mobility.IdleMode.InterFreq.Carrier.{i}.QOffsetFreq,yes,object_prefix_current_command_node,medium,SF,小区服务参数管理（总体）,FAP 载波基本配置,LST FAP_SERVICE,LST,Device.Services.FAPService.{i}.,2,LST LST FAP_SERVICE FAP 载波基本配置; MOD MOD FAP_SERVICE FAP 载波基本配置,当前命令节点已有相同对象前缀，可作为该 path 的现成命令节点归属
Device.Services.FAPService.{i}.CellConfig.{i}.NR.RAN.Mobility.IdleMode.InterFreq.Carrier.{i}.QQualMin,yes,object_prefix_current_command_node,medium,SF,小区服务参数管理（总体）,FAP 载波基本配置,LST FAP_SERVICE,LST,Device.Services.FAPService.{i}.,2,LST LST FAP_SERVICE FAP 载波基本配置; MOD MOD FAP_SERVICE FAP 载波基本配置,当前命令节点已有相同对象前缀，可作为该 path 的现成命令节点归属
Device.Services.FAPService.{i}.CellConfig.{i}.NR.RAN.Mobility.IdleMode.InterFreq.Carrier.{i}.QRxLevMin,yes,object_prefix_current_command_node,medium,SF,小区服务参数管理（总体）,FAP 载波基本配置,LST FAP_SERVICE,LST,Device.Services.FAPService.{i}.,2,LST LST FAP_SERVICE FAP 载波基本配置; MOD MOD FAP_SERVICE FAP 载波基本配置,当前命令节点已有相同对象前缀，可作为该 path 的现成命令节点归属
Device.Services.FAPService.{i}.CellConfig.{i}.NR.RAN.Mobility.IdleMode.InterFreq.Carrier.{i}.SsbSubcarrierSpacing,yes,object_prefix_current_command_node,medium,SF,小区服务参数管理（总体）,FAP 载波基本配置,LST FAP_SERVICE,LST,Device.Services.FAPService.{i}.,2,LST LST FAP_SERVICE FAP 载波基本配置; MOD MOD FAP_SERVICE FAP 载波基本配置,当前命令节点已有相同对象前缀，可作为该 path 的现成命令节点归属
Device.Services.FAPService.{i}.CellConfig.{i}.NR.RAN.Mobility.IdleMode.InterFreq.Carrier.{i}.TReselectionNR,yes,object_prefix_current_command_node,medium,SF,小区服务参数管理（总体）,FAP 载波基本配置,LST FAP_SERVICE,LST,Device.Services.FAPService.{i}.,2,LST LST FAP_SERVICE FAP 载波基本配置; MOD MOD FAP_SERVICE FAP 载波基本配置,当前命令节点已有相同对象前缀，可作为该 path 的现成命令节点归属
Device.Services.FAPService.{i}.CellConfig.{i}.NR.RAN.Mobility.IdleMode.InterFreq.Carrier.{i}.ThreshXHighP,yes,object_prefix_current_command_node,medium,SF,小区服务参数管理（总体）,FAP 载波基本配置,LST FAP_SERVICE,LST,Device.Services.FAPService.{i}.,2,LST LST FAP_SERVICE FAP 载波基本配置; MOD MOD FAP_SERVICE FAP 载波基本配置,当前命令节点已有相同对象前缀，可作为该 path 的现成命令节点归属
Device.Services.FAPService.{i}.CellConfig.{i}.NR.RAN.Mobility.IdleMode.InterFreq.Carrier.{i}.ThreshXHighQ,yes,object_prefix_current_command_node,medium,SF,小区服务参数管理（总体）,FAP 载波基本配置,LST FAP_SERVICE,LST,Device.Services.FAPService.{i}.,2,LST LST FAP_SERVICE FAP 载波基本配置; MOD MOD FAP_SERVICE FAP 载波基本配置,当前命令节点已有相同对象前缀，可作为该 path 的现成命令节点归属
Device.Services.FAPService.{i}.CellConfig.{i}.NR.RAN.Mobility.IdleMode.InterFreq.Carrier.{i}.ThreshXLowP,yes,object_prefix_current_command_node,medium,SF,小区服务参数管理（总体）,FAP 载波基本配置,LST FAP_SERVICE,LST,Device.Services.FAPService.{i}.,2,LST LST FAP_SERVICE FAP 载波基本配置; MOD MOD FAP_SERVICE FAP 载波基本配置,当前命令节点已有相同对象前缀，可作为该 path 的现成命令节点归属
Device.Services.FAPService.{i}.CellConfig.{i}.NR.RAN.Mobility.IdleMode.InterFreq.Carrier.{i}.ThreshXLowQ,yes,object_prefix_current_command_node,medium,SF,小区服务参数管理（总体）,FAP 载波基本配置,LST FAP_SERVICE,LST,Device.Services.FAPService.{i}.,2,LST LST FAP_SERVICE FAP 载波基本配置; MOD MOD FAP_SERVICE FAP 载波基本配置,当前命令节点已有相同对象前缀，可作为该 path 的现成命令节点归属
Device.Services.FAPService.{i}.CellConfig.{i}.NR.RAN.Mobility.IdleMode.InterFreq.Carrier.{i}.ThresholdRSRQ,yes,object_prefix_current_command_node,medium,SF,小区服务参数管理（总体）,FAP 载波基本配置,LST FAP_SERVICE,LST,Device.Services.FAPService.{i}.,2,LST LST FAP_SERVICE FAP 载波基本配置; MOD MOD FAP_SERVICE FAP 载波基本配置,当前命令节点已有相同对象前缀，可作为该 path 的现成命令节点归属
Device.Services.FAPService.{i}.CellConfig.{i}.NR.RAN.Mobility.IdleMode.InterFreq.Carrier.{i}.ThresholdSINR,yes,object_prefix_current_command_node,medium,SF,小区服务参数管理（总体）,FAP 载波基本配置,LST FAP_SERVICE,LST,Device.Services.FAPService.{i}.,2,LST LST FAP_SERVICE FAP 载波基本配置; MOD MOD FAP_SERVICE FAP 载波基本配置,当前命令节点已有相同对象前缀，可作为该 path 的现成命令节点归属
Device.Services.FAPService.{i}.FAPControl.NR.SelfConfig.SONConfigParam.ANR.A3RSRPOffset,yes,object_prefix_current_command_node,medium,SF,小区服务参数管理（总体）,FAP 载波基本配置,LST FAP_SERVICE,LST,Device.Services.FAPService.{i}.,2,LST LST FAP_SERVICE FAP 载波基本配置; MOD MOD FAP_SERVICE FAP 载波基本配置,当前命令节点已有相同对象前缀，可作为该 path 的现成命令节点归属
Device.Services.FAPService.{i}.FAPControl.NR.SelfConfig.SONConfigParam.ANR.AutoAdjustEnable,yes,object_prefix_current_command_node,medium,SF,小区服务参数管理（总体）,FAP 载波基本配置,LST FAP_SERVICE,LST,Device.Services.FAPService.{i}.,2,LST LST FAP_SERVICE FAP 载波基本配置; MOD MOD FAP_SERVICE FAP 载波基本配置,当前命令节点已有相同对象前缀，可作为该 path 的现成命令节点归属
Device.Services.FAPService.{i}.FAPControl.NR.SelfConfig.SONConfigParam.ANR.AutoRemoveEnable,yes,object_prefix_current_command_node,medium,SF,小区服务参数管理（总体）,FAP 载波基本配置,LST FAP_SERVICE,LST,Device.Services.FAPService.{i}.,2,LST LST FAP_SERVICE FAP 载波基本配置; MOD MOD FAP_SERVICE FAP 载波基本配置,当前命令节点已有相同对象前缀，可作为该 path 的现成命令节点归属
Device.Services.FAPService.{i}.FAPControl.NR.SelfConfig.SONConfigParam.ANR.AutoRemoveMaxCell,yes,object_prefix_current_command_node,medium,SF,小区服务参数管理（总体）,FAP 载波基本配置,LST FAP_SERVICE,LST,Device.Services.FAPService.{i}.,2,LST LST FAP_SERVICE FAP 载波基本配置; MOD MOD FAP_SERVICE FAP 载波基本配置,当前命令节点已有相同对象前缀，可作为该 path 的现成命令节点归属
Device.Services.FAPService.{i}.FAPControl.NR.SelfConfig.SONConfigParam.ANR.AutoRemovePeriod,yes,object_prefix_current_command_node,medium,SF,小区服务参数管理（总体）,FAP 载波基本配置,LST FAP_SERVICE,LST,Device.Services.FAPService.{i}.,2,LST LST FAP_SERVICE FAP 载波基本配置; MOD MOD FAP_SERVICE FAP 载波基本配置,当前命令节点已有相同对象前缀，可作为该 path 的现成命令节点归属
Device.Services.FAPService.{i}.FAPControl.NR.SelfConfig.SONConfigParam.ANR.BiNRCellEnable,yes,object_prefix_current_command_node,medium,SF,小区服务参数管理（总体）,FAP 载波基本配置,LST FAP_SERVICE,LST,Device.Services.FAPService.{i}.,2,LST LST FAP_SERVICE FAP 载波基本配置; MOD MOD FAP_SERVICE FAP 载波基本配置,当前命令节点已有相同对象前缀，可作为该 path 的现成命令节点归属
Device.Services.FAPService.{i}.FAPControl.NR.SelfConfig.SONConfigParam.ANR.EUTRANEnable,yes,object_prefix_current_command_node,medium,SF,小区服务参数管理（总体）,FAP 载波基本配置,LST FAP_SERVICE,LST,Device.Services.FAPService.{i}.,2,LST LST FAP_SERVICE FAP 载波基本配置; MOD MOD FAP_SERVICE FAP 载波基本配置,当前命令节点已有相同对象前缀，可作为该 path 的现成命令节点归属
Device.Services.FAPService.{i}.FAPControl.NR.SelfConfig.SONConfigParam.ANR.Enable,yes,object_prefix_current_command_node,medium,SF,小区服务参数管理（总体）,FAP 载波基本配置,LST FAP_SERVICE,LST,Device.Services.FAPService.{i}.,2,LST LST FAP_SERVICE FAP 载波基本配置; MOD MOD FAP_SERVICE FAP 载波基本配置,当前命令节点已有相同对象前缀，可作为该 path 的现成命令节点归属
Device.Services.FAPService.{i}.FAPControl.NR.SelfConfig.SONConfigParam.ANR.InterFeqEnable,yes,object_prefix_current_command_node,medium,SF,小区服务参数管理（总体）,FAP 载波基本配置,LST FAP_SERVICE,LST,Device.Services.FAPService.{i}.,2,LST LST FAP_SERVICE FAP 载波基本配置; MOD MOD FAP_SERVICE FAP 载波基本配置,当前命令节点已有相同对象前缀，可作为该 path 的现成命令节点归属
Device.Services.FAPService.{i}.FAPControl.NR.SelfConfig.SONConfigParam.ANR.KPIPeriod,yes,object_prefix_current_command_node,medium,SF,小区服务参数管理（总体）,FAP 载波基本配置,LST FAP_SERVICE,LST,Device.Services.FAPService.{i}.,2,LST LST FAP_SERVICE FAP 载波基本配置; MOD MOD FAP_SERVICE FAP 载波基本配置,当前命令节点已有相同对象前缀，可作为该 path 的现成命令节点归属
Device.Services.FAPService.{i}.FAPControl.NR.SelfConfig.SONConfigParam.ANR.MRTriggerType,yes,object_prefix_current_command_node,medium,SF,小区服务参数管理（总体）,FAP 载波基本配置,LST FAP_SERVICE,LST,Device.Services.FAPService.{i}.,2,LST LST FAP_SERVICE FAP 载波基本配置; MOD MOD FAP_SERVICE FAP 载波基本配置,当前命令节点已有相同对象前缀，可作为该 path 的现成命令节点归属
Device.Services.FAPService.{i}.FAPControl.NR.SelfConfig.SONConfigParam.ANR.MaxHoSuccess,yes,object_prefix_current_command_node,medium,SF,小区服务参数管理（总体）,FAP 载波基本配置,LST FAP_SERVICE,LST,Device.Services.FAPService.{i}.,2,LST LST FAP_SERVICE FAP 载波基本配置; MOD MOD FAP_SERVICE FAP 载波基本配置,当前命令节点已有相同对象前缀，可作为该 path 的现成命令节点归属
Device.Services.FAPService.{i}.FAPControl.NR.SelfConfig.SONConfigParam.ANR.MaxHoTimes,yes,object_prefix_current_command_node,medium,SF,小区服务参数管理（总体）,FAP 载波基本配置,LST FAP_SERVICE,LST,Device.Services.FAPService.{i}.,2,LST LST FAP_SERVICE FAP 载波基本配置; MOD MOD FAP_SERVICE FAP 载波基本配置,当前命令节点已有相同对象前缀，可作为该 path 的现成命令节点归属
Device.Services.FAPService.{i}.FAPControl.NR.SelfConfig.SONConfigParam.ANR.RSRPReferenceEnable,yes,object_prefix_current_command_node,medium,SF,小区服务参数管理（总体）,FAP 载波基本配置,LST FAP_SERVICE,LST,Device.Services.FAPService.{i}.,2,LST LST FAP_SERVICE FAP 载波基本配置; MOD MOD FAP_SERVICE FAP 载波基本配置,当前命令节点已有相同对象前缀，可作为该 path 的现成命令节点归属
Device.Services.FAPService.{i}.FAPControl.NR.SelfConfig.SONConfigParam.ANR.RSRPThreshold,yes,object_prefix_current_command_node,medium,SF,小区服务参数管理（总体）,FAP 载波基本配置,LST FAP_SERVICE,LST,Device.Services.FAPService.{i}.,2,LST LST FAP_SERVICE FAP 载波基本配置; MOD MOD FAP_SERVICE FAP 载波基本配置,当前命令节点已有相同对象前缀，可作为该 path 的现成命令节点归属
Device.FAP.Ipsec.{i},no,no_current_db_command_node,no,,,,,,,0,,当前 mml_command_groups 只有 18 个章节，且 198 个命令节点均未覆盖该 path 的 exact 或对象前缀
Device.Services.FAPService.Ipsec.IPSEC_ENABLE,yes,object_prefix_current_command_node,medium,SF,小区服务参数管理（总体）,FAP 载波基本配置,LST FAP_SERVICE,LST,Device.Services.FAPService.{i}.,2,LST LST FAP_SERVICE FAP 载波基本配置; MOD MOD FAP_SERVICE FAP 载波基本配置,当前命令节点已有相同对象前缀，可作为该 path 的现成命令节点归属
Device.FAP.Ipsec.{i}.DPDACTION,no,no_current_db_command_node,no,,,,,,,0,,当前 mml_command_groups 只有 18 个章节，且 198 个命令节点均未覆盖该 path 的 exact 或对象前缀
Device.FAP.Ipsec.{i}.DPDDELAY,no,no_current_db_command_node,no,,,,,,,0,,当前 mml_command_groups 只有 18 个章节，且 198 个命令节点均未覆盖该 path 的 exact 或对象前缀
Device.FAP.Ipsec.{i}.ESP_AUTHENTICATION,no,no_current_db_command_node,no,,,,,,,0,,当前 mml_command_groups 只有 18 个章节，且 198 个命令节点均未覆盖该 path 的 exact 或对象前缀
Device.FAP.Ipsec.{i}.ESP_DH_GROUP,no,no_current_db_command_node,no,,,,,,,0,,当前 mml_command_groups 只有 18 个章节，且 198 个命令节点均未覆盖该 path 的 exact 或对象前缀
Device.FAP.Ipsec.{i}.ESP_ENCRYPTION,no,no_current_db_command_node,no,,,,,,,0,,当前 mml_command_groups 只有 18 个章节，且 198 个命令节点均未覆盖该 path 的 exact 或对象前缀
Device.FAP.Ipsec.{i}.FRAGMENTATION,no,no_current_db_command_node,no,,,,,,,0,,当前 mml_command_groups 只有 18 个章节，且 198 个命令节点均未覆盖该 path 的 exact 或对象前缀
Device.FAP.Ipsec.{i}.IKELIFETIME,no,no_current_db_command_node,no,,,,,,,0,,当前 mml_command_groups 只有 18 个章节，且 198 个命令节点均未覆盖该 path 的 exact 或对象前缀
Device.FAP.Ipsec.{i}.IKE_AUTHENTICATION,no,no_current_db_command_node,no,,,,,,,0,,当前 mml_command_groups 只有 18 个章节，且 198 个命令节点均未覆盖该 path 的 exact 或对象前缀
Device.FAP.Ipsec.{i}.IKE_DH_GROUP,no,no_current_db_command_node,no,,,,,,,0,,当前 mml_command_groups 只有 18 个章节，且 198 个命令节点均未覆盖该 path 的 exact 或对象前缀
Device.FAP.Ipsec.{i}.IKE_ENCRYPTION,no,no_current_db_command_node,no,,,,,,,0,,当前 mml_command_groups 只有 18 个章节，且 198 个命令节点均未覆盖该 path 的 exact 或对象前缀
Device.FAP.Ipsec.{i}.KEYLIFE,no,no_current_db_command_node,no,,,,,,,0,,当前 mml_command_groups 只有 18 个章节，且 198 个命令节点均未覆盖该 path 的 exact 或对象前缀
Device.FAP.Ipsec.{i}.LEFTSOURCEIP,no,no_current_db_command_node,no,,,,,,,0,,当前 mml_command_groups 只有 18 个章节，且 198 个命令节点均未覆盖该 path 的 exact 或对象前缀
Device.FAP.Ipsec.{i}.LEFTSUBNET,no,no_current_db_command_node,no,,,,,,,0,,当前 mml_command_groups 只有 18 个章节，且 198 个命令节点均未覆盖该 path 的 exact 或对象前缀
Device.FAP.Ipsec.{i}.LEFT_AUTH,no,no_current_db_command_node,no,,,,,,,0,,当前 mml_command_groups 只有 18 个章节，且 198 个命令节点均未覆盖该 path 的 exact 或对象前缀
Device.FAP.Ipsec.{i}.LEFT_CERT,no,no_current_db_command_node,no,,,,,,,0,,当前 mml_command_groups 只有 18 个章节，且 198 个命令节点均未覆盖该 path 的 exact 或对象前缀
Device.FAP.Ipsec.{i}.LEFT_IDENTIFIER,no,no_current_db_command_node,no,,,,,,,0,,当前 mml_command_groups 只有 18 个章节，且 198 个命令节点均未覆盖该 path 的 exact 或对象前缀
Device.FAP.Ipsec.{i}.LEFT_INTERFACE,no,no_current_db_command_node,no,,,,,,,0,,当前 mml_command_groups 只有 18 个章节，且 198 个命令节点均未覆盖该 path 的 exact 或对象前缀
Device.FAP.Ipsec.{i}.LEFT_SUBNET,no,no_current_db_command_node,no,,,,,,,0,,当前 mml_command_groups 只有 18 个章节，且 198 个命令节点均未覆盖该 path 的 exact 或对象前缀
Device.FAP.Ipsec.{i}.REKEYMARGIN,no,no_current_db_command_node,no,,,,,,,0,,当前 mml_command_groups 只有 18 个章节，且 198 个命令节点均未覆盖该 path 的 exact 或对象前缀
Device.FAP.Ipsec.{i}.RIGHT_AUTH,no,no_current_db_command_node,no,,,,,,,0,,当前 mml_command_groups 只有 18 个章节，且 198 个命令节点均未覆盖该 path 的 exact 或对象前缀
Device.FAP.Ipsec.{i}.RIGHT_IDENTIFIER,no,no_current_db_command_node,no,,,,,,,0,,当前 mml_command_groups 只有 18 个章节，且 198 个命令节点均未覆盖该 path 的 exact 或对象前缀
Device.FAP.Ipsec.{i}.RIGHT_SUBNET,no,no_current_db_command_node,no,,,,,,,0,,当前 mml_command_groups 只有 18 个章节，且 198 个命令节点均未覆盖该 path 的 exact 或对象前缀
Device.FAP.Ipsec.{i}.SECRET_KEY,no,no_current_db_command_node,no,,,,,,,0,,当前 mml_command_groups 只有 18 个章节，且 198 个命令节点均未覆盖该 path 的 exact 或对象前缀
Device.FAP.Ipsec.{i}.STATUS,no,no_current_db_command_node,no,,,,,,,0,,当前 mml_command_groups 只有 18 个章节，且 198 个命令节点均未覆盖该 path 的 exact 或对象前缀
Device.FAP.Ipsec.{i}.TUNNEL_CONFIG_LEFTIP,no,no_current_db_command_node,no,,,,,,,0,,当前 mml_command_groups 只有 18 个章节，且 198 个命令节点均未覆盖该 path 的 exact 或对象前缀
Device.FAP.Ipsec.{i}.TUNNEL_ENABLE,no,no_current_db_command_node,no,,,,,,,0,,当前 mml_command_groups 只有 18 个章节，且 198 个命令节点均未覆盖该 path 的 exact 或对象前缀
Device.FAP.Ipsec.{i}.TUNNEL_FRAGMENTATION,no,no_current_db_command_node,no,,,,,,,0,,当前 mml_command_groups 只有 18 个章节，且 198 个命令节点均未覆盖该 path 的 exact 或对象前缀
Device.FAP.Ipsec.{i}.TUNNEL_GATEWAY,no,no_current_db_command_node,no,,,,,,,0,,当前 mml_command_groups 只有 18 个章节，且 198 个命令节点均未覆盖该 path 的 exact 或对象前缀
Device.FAP.Ipsec.{i}.TUNNEL_LEFT_AUTH,no,no_current_db_command_node,no,,,,,,,0,,当前 mml_command_groups 只有 18 个章节，且 198 个命令节点均未覆盖该 path 的 exact 或对象前缀
Device.FAP.Ipsec.{i}.TUNNEL_LEFT_CERT,no,no_current_db_command_node,no,,,,,,,0,,当前 mml_command_groups 只有 18 个章节，且 198 个命令节点均未覆盖该 path 的 exact 或对象前缀
Device.FAP.Ipsec.{i}.TUNNEL_NAME,no,no_current_db_command_node,no,,,,,,,0,,当前 mml_command_groups 只有 18 个章节，且 198 个命令节点均未覆盖该 path 的 exact 或对象前缀
Device.FAP.Ipsec.{i}.TUNNEL_RIGHT_AUTH,no,no_current_db_command_node,no,,,,,,,0,,当前 mml_command_groups 只有 18 个章节，且 198 个命令节点均未覆盖该 path 的 exact 或对象前缀
Device.FAP.Ipsec.{i}.TUNNEL_SECRET_KEY,no,no_current_db_command_node,no,,,,,,,0,,当前 mml_command_groups 只有 18 个章节，且 198 个命令节点均未覆盖该 path 的 exact 或对象前缀
Device.FAP.Ipsec.{i}.USED_SOURCE_IP,no,no_current_db_command_node,no,,,,,,,0,,当前 mml_command_groups 只有 18 个章节，且 198 个命令节点均未覆盖该 path 的 exact 或对象前缀
