path,secondary_node_match,secondary_match_kind,secondary_confidence,reason,chapter_code,chapter_name,secondary_node_name,secondary_object_path,secondary_group_code,source_type,source_file,rematch_decision,strict_match_level,access,data_type,old_target_node_name,old_target_object_path,old_target_group_code
Device.Ethernet.Interface.{i}.IPv4Address.{i},yes,direct_existing_command_group,high,同 target_group_code 已有 MML 参数，属于当前参数树的二级命令分组,SL,WAN口配置参数管理,接口 IPv4 地址,Device.Ethernet.Interface.{i}.IPv4Address.{i}.,DEVICE_ETHERNET_INTERFACE_IPV4ADDRESS,existing_mml_group_code_from_analysis,omcgo/data/model-library/standard-params-to-mml-tree-analysis-20260703.detail.csv,YES_SAME_EXISTING_GROUP_CODE,direct_existing_mml_group,READ_WRITE,STRING,IPv4Address,Device.Ethernet.Interface.{i}.IPv4Address.,
Device.Ethernet.Interface.{i}.VlanInterface.{i}.IPv4Address.{i},yes,direct_existing_command_group,high,同 target_group_code 已有 MML 参数，属于当前参数树的二级命令分组,SL,WAN口配置参数管理,VLAN 子接口 IPv4 地址,Device.Ethernet.Interface.{i}.VlanInterface.{i}.IPv4Address.{i}.,DEVICE_ETHERNET_INTERFACE_VLANINTERFACE_IPV4ADDRESS,existing_mml_group_code_from_analysis,omcgo/data/model-library/standard-params-to-mml-tree-analysis-20260703.detail.csv,YES_SAME_EXISTING_GROUP_CODE,direct_existing_mml_group,READ_WRITE,STRING,IPv4Address,Device.Ethernet.Interface.{i}.VlanInterface.{i}.IPv4Address.,
Device.Ethernet.Interface.{i}.IPv6Address.{i},yes,direct_existing_command_group,high,同 target_group_code 已有 MML 参数，属于当前参数树的二级命令分组,SL,WAN口配置参数管理,接口 IPv6 地址,Device.Ethernet.Interface.{i}.IPv6Address.{i}.,DEVICE_ETHERNET_INTERFACE_IPV6ADDRESS,existing_mml_group_code_from_analysis,omcgo/data/model-library/standard-params-to-mml-tree-analysis-20260703.detail.csv,YES_SAME_EXISTING_GROUP_CODE,direct_existing_mml_group,READ_WRITE,STRING,IPv6Address,Device.Ethernet.Interface.{i}.IPv6Address.,
Device.Ethernet.Interface.{i}.VlanInterface.{i}.IPv6Address.{i},yes,direct_existing_command_group,high,同 target_group_code 已有 MML 参数，属于当前参数树的二级命令分组,SL,WAN口配置参数管理,VLAN 子接口 IPv6 地址,Device.Ethernet.Interface.{i}.VlanInterface.{i}.IPv6Address.{i}.,DEVICE_ETHERNET_INTERFACE_VLANINTERFACE_IPV6ADDRESS,existing_mml_group_code_from_analysis,omcgo/data/model-library/standard-params-to-mml-tree-analysis-20260703.detail.csv,YES_SAME_EXISTING_GROUP_CODE,direct_existing_mml_group,READ_WRITE,STRING,IPv6Address,Device.Ethernet.Interface.{i}.VlanInterface.{i}.IPv6Address.,
Device.Ethernet.Interface.{i},yes,direct_existing_command_group,high,同 target_group_code 已有 MML 参数，属于当前参数树的二级命令分组,SL,WAN口配置参数管理,以太网接口,Device.Ethernet.Interface.{i}.,DEVICE_ETHERNET_INTERFACE,existing_mml_group_code_from_analysis,omcgo/data/model-library/standard-params-to-mml-tree-analysis-20260703.detail.csv,YES_SAME_EXISTING_GROUP_CODE,direct_existing_mml_group,READ_WRITE,STRING,Interface,Device.Ethernet.Interface.,
Device.Ethernet.IpRoute.{i},yes,direct_existing_command_group,high,同 target_group_code 已有 MML 参数，属于当前参数树的二级命令分组,SL,WAN口配置参数管理,静态路由表项,Device.Ethernet.IpRoute.{i}.,DEVICE_ETHERNET_IPROUTE,existing_mml_group_code_from_analysis,omcgo/data/model-library/standard-params-to-mml-tree-analysis-20260703.detail.csv,YES_SAME_EXISTING_GROUP_CODE,direct_existing_mml_group,READ_WRITE,STRING,IpRoute,Device.Ethernet.IpRoute.,
Device.Ethernet.Interface.{i}.PppoeAddress.{i},yes,existing_command_object_parent,medium,path 位于当前 MML seed/catalog 二级命令节点 object_path 下，可挂入该二级节点；需确认分组是否过粗,SL,WAN口配置参数管理,以太网接口,Device.Ethernet.Interface.{i}.,,json_seed_and_catalog_existing_group,omcgo/internal/config/parammodel/mmlstandardloader/seeds/cmcc_tdlte_v23.json; omcgo/datamodels/mml-catalog/cmcc-tdlte-v2.3.json,YES_EXISTING_JSON_PARENT_GROUP,existing_mml_parent_object_group,READ_WRITE,STRING,PppoeAddress,Device.Ethernet.Interface.{i}.PppoeAddress.,
Device.Ethernet.Interface.{i}.VlanInterface.{i},yes,direct_existing_command_group,high,同 target_group_code 已有 MML 参数，属于当前参数树的二级命令分组,SL,WAN口配置参数管理,VLAN 子接口,Device.Ethernet.Interface.{i}.VlanInterface.{i}.,DEVICE_ETHERNET_INTERFACE_VLANINTERFACE,existing_mml_group_code_from_analysis,omcgo/data/model-library/standard-params-to-mml-tree-analysis-20260703.detail.csv,YES_SAME_EXISTING_GROUP_CODE,direct_existing_mml_group,READ_WRITE,STRING,VlanInterface,Device.Ethernet.Interface.{i}.VlanInterface.,
Device.Ethernet.Interface.{i}.VlanInterface.{i}.VlanPppoeAddress.{i},yes,existing_command_object_parent,medium,path 位于当前 MML seed/catalog 二级命令节点 object_path 下，可挂入该二级节点；需确认分组是否过粗,SL,WAN口配置参数管理,VLAN 子接口,Device.Ethernet.Interface.{i}.VlanInterface.{i}.,,json_seed_and_catalog_existing_group,omcgo/internal/config/parammodel/mmlstandardloader/seeds/cmcc_tdlte_v23.json; omcgo/datamodels/mml-catalog/cmcc-tdlte-v2.3.json,YES_EXISTING_JSON_PARENT_GROUP,existing_mml_parent_object_group,READ_WRITE,STRING,VlanPppoeAddress,Device.Ethernet.Interface.{i}.VlanInterface.{i}.VlanPppoeAddress.,
Device.Ethernet.Interface.{i}.PppoeAddress.{i}.Ipv4SubnetMask,yes,existing_command_object_parent,medium,path 位于当前 MML seed/catalog 二级命令节点 object_path 下，可挂入该二级节点；需确认分组是否过粗,SL,WAN口配置参数管理,以太网接口,Device.Ethernet.Interface.{i}.,,json_seed_and_catalog_existing_group,omcgo/internal/config/parammodel/mmlstandardloader/seeds/cmcc_tdlte_v23.json; omcgo/datamodels/mml-catalog/cmcc-tdlte-v2.3.json,YES_EXISTING_JSON_PARENT_GROUP,existing_mml_parent_object_group,READ_WRITE,STRING,{i},Device.Ethernet.Interface.{i}.PppoeAddress.{i}.,
Device.Ethernet.Interface.{i}.PppoeAddress.{i}.PppoeAddressType,yes,existing_command_object_parent,medium,path 位于当前 MML seed/catalog 二级命令节点 object_path 下，可挂入该二级节点；需确认分组是否过粗,SL,WAN口配置参数管理,以太网接口,Device.Ethernet.Interface.{i}.,,json_seed_and_catalog_existing_group,omcgo/internal/config/parammodel/mmlstandardloader/seeds/cmcc_tdlte_v23.json; omcgo/datamodels/mml-catalog/cmcc-tdlte-v2.3.json,YES_EXISTING_JSON_PARENT_GROUP,existing_mml_parent_object_group,READ_WRITE,STRING,{i},Device.Ethernet.Interface.{i}.PppoeAddress.{i}.,
Device.Ethernet.Interface.{i}.PppoeAddress.{i}.PppoeConnectStatus,yes,existing_command_object_parent,medium,path 位于当前 MML seed/catalog 二级命令节点 object_path 下，可挂入该二级节点；需确认分组是否过粗,SL,WAN口配置参数管理,以太网接口,Device.Ethernet.Interface.{i}.,,json_seed_and_catalog_existing_group,omcgo/internal/config/parammodel/mmlstandardloader/seeds/cmcc_tdlte_v23.json; omcgo/datamodels/mml-catalog/cmcc-tdlte-v2.3.json,YES_EXISTING_JSON_PARENT_GROUP,existing_mml_parent_object_group,READ_WRITE,STRING,{i},Device.Ethernet.Interface.{i}.PppoeAddress.{i}.,
Device.Ethernet.Interface.{i}.PppoeAddress.{i}.PppoeDiallingMethod,yes,existing_command_object_parent,medium,path 位于当前 MML seed/catalog 二级命令节点 object_path 下，可挂入该二级节点；需确认分组是否过粗,SL,WAN口配置参数管理,以太网接口,Device.Ethernet.Interface.{i}.,,json_seed_and_catalog_existing_group,omcgo/internal/config/parammodel/mmlstandardloader/seeds/cmcc_tdlte_v23.json; omcgo/datamodels/mml-catalog/cmcc-tdlte-v2.3.json,YES_EXISTING_JSON_PARENT_GROUP,existing_mml_parent_object_group,READ_WRITE,STRING,{i},Device.Ethernet.Interface.{i}.PppoeAddress.{i}.,
Device.Ethernet.Interface.{i}.PppoeAddress.{i}.PppoeIpAddress,yes,existing_command_object_parent,medium,path 位于当前 MML seed/catalog 二级命令节点 object_path 下，可挂入该二级节点；需确认分组是否过粗,SL,WAN口配置参数管理,以太网接口,Device.Ethernet.Interface.{i}.,,json_seed_and_catalog_existing_group,omcgo/internal/config/parammodel/mmlstandardloader/seeds/cmcc_tdlte_v23.json; omcgo/datamodels/mml-catalog/cmcc-tdlte-v2.3.json,YES_EXISTING_JSON_PARENT_GROUP,existing_mml_parent_object_group,READ_WRITE,STRING,{i},Device.Ethernet.Interface.{i}.PppoeAddress.{i}.,
Device.Ethernet.Interface.{i}.PppoeAddress.{i}.PppoePassword,yes,existing_command_object_parent,medium,path 位于当前 MML seed/catalog 二级命令节点 object_path 下，可挂入该二级节点；需确认分组是否过粗,SL,WAN口配置参数管理,以太网接口,Device.Ethernet.Interface.{i}.,,json_seed_and_catalog_existing_group,omcgo/internal/config/parammodel/mmlstandardloader/seeds/cmcc_tdlte_v23.json; omcgo/datamodels/mml-catalog/cmcc-tdlte-v2.3.json,YES_EXISTING_JSON_PARENT_GROUP,existing_mml_parent_object_group,READ_WRITE,STRING,{i},Device.Ethernet.Interface.{i}.PppoeAddress.{i}.,
Device.Ethernet.Interface.{i}.PppoeAddress.{i}.PppoeUser,yes,existing_command_object_parent,medium,path 位于当前 MML seed/catalog 二级命令节点 object_path 下，可挂入该二级节点；需确认分组是否过粗,SL,WAN口配置参数管理,以太网接口,Device.Ethernet.Interface.{i}.,,json_seed_and_catalog_existing_group,omcgo/internal/config/parammodel/mmlstandardloader/seeds/cmcc_tdlte_v23.json; omcgo/datamodels/mml-catalog/cmcc-tdlte-v2.3.json,YES_EXISTING_JSON_PARENT_GROUP,existing_mml_parent_object_group,READ_WRITE,STRING,{i},Device.Ethernet.Interface.{i}.PppoeAddress.{i}.,
Device.Ethernet.Interface.{i}.VlanInterface.{i}.VlanPppoeAddress.{i}.Ipv4SubnetMask,yes,existing_command_object_parent,medium,path 位于当前 MML seed/catalog 二级命令节点 object_path 下，可挂入该二级节点；需确认分组是否过粗,SL,WAN口配置参数管理,VLAN 子接口,Device.Ethernet.Interface.{i}.VlanInterface.{i}.,,json_seed_and_catalog_existing_group,omcgo/internal/config/parammodel/mmlstandardloader/seeds/cmcc_tdlte_v23.json; omcgo/datamodels/mml-catalog/cmcc-tdlte-v2.3.json,YES_EXISTING_JSON_PARENT_GROUP,existing_mml_parent_object_group,READ_WRITE,STRING,{i},Device.Ethernet.Interface.{i}.VlanInterface.{i}.VlanPppoeAddress.{i}.,
Device.Ethernet.Interface.{i}.VlanInterface.{i}.VlanPppoeAddress.{i}.PppoeAddressType,yes,existing_command_object_parent,medium,path 位于当前 MML seed/catalog 二级命令节点 object_path 下，可挂入该二级节点；需确认分组是否过粗,SL,WAN口配置参数管理,VLAN 子接口,Device.Ethernet.Interface.{i}.VlanInterface.{i}.,,json_seed_and_catalog_existing_group,omcgo/internal/config/parammodel/mmlstandardloader/seeds/cmcc_tdlte_v23.json; omcgo/datamodels/mml-catalog/cmcc-tdlte-v2.3.json,YES_EXISTING_JSON_PARENT_GROUP,existing_mml_parent_object_group,READ_WRITE,STRING,{i},Device.Ethernet.Interface.{i}.VlanInterface.{i}.VlanPppoeAddress.{i}.,
Device.Ethernet.Interface.{i}.VlanInterface.{i}.VlanPppoeAddress.{i}.PppoeConnectStatus,yes,existing_command_object_parent,medium,path 位于当前 MML seed/catalog 二级命令节点 object_path 下，可挂入该二级节点；需确认分组是否过粗,SL,WAN口配置参数管理,VLAN 子接口,Device.Ethernet.Interface.{i}.VlanInterface.{i}.,,json_seed_and_catalog_existing_group,omcgo/internal/config/parammodel/mmlstandardloader/seeds/cmcc_tdlte_v23.json; omcgo/datamodels/mml-catalog/cmcc-tdlte-v2.3.json,YES_EXISTING_JSON_PARENT_GROUP,existing_mml_parent_object_group,READ_WRITE,STRING,{i},Device.Ethernet.Interface.{i}.VlanInterface.{i}.VlanPppoeAddress.{i}.,
Device.Ethernet.Interface.{i}.VlanInterface.{i}.VlanPppoeAddress.{i}.PppoeDiallingMethod,yes,existing_command_object_parent,medium,path 位于当前 MML seed/catalog 二级命令节点 object_path 下，可挂入该二级节点；需确认分组是否过粗,SL,WAN口配置参数管理,VLAN 子接口,Device.Ethernet.Interface.{i}.VlanInterface.{i}.,,json_seed_and_catalog_existing_group,omcgo/internal/config/parammodel/mmlstandardloader/seeds/cmcc_tdlte_v23.json; omcgo/datamodels/mml-catalog/cmcc-tdlte-v2.3.json,YES_EXISTING_JSON_PARENT_GROUP,existing_mml_parent_object_group,READ_WRITE,STRING,{i},Device.Ethernet.Interface.{i}.VlanInterface.{i}.VlanPppoeAddress.{i}.,
Device.Ethernet.Interface.{i}.VlanInterface.{i}.VlanPppoeAddress.{i}.PppoeIpAddress,yes,existing_command_object_parent,medium,path 位于当前 MML seed/catalog 二级命令节点 object_path 下，可挂入该二级节点；需确认分组是否过粗,SL,WAN口配置参数管理,VLAN 子接口,Device.Ethernet.Interface.{i}.VlanInterface.{i}.,,json_seed_and_catalog_existing_group,omcgo/internal/config/parammodel/mmlstandardloader/seeds/cmcc_tdlte_v23.json; omcgo/datamodels/mml-catalog/cmcc-tdlte-v2.3.json,YES_EXISTING_JSON_PARENT_GROUP,existing_mml_parent_object_group,READ_WRITE,STRING,{i},Device.Ethernet.Interface.{i}.VlanInterface.{i}.VlanPppoeAddress.{i}.,
Device.Ethernet.Interface.{i}.VlanInterface.{i}.VlanPppoeAddress.{i}.PppoePassword,yes,existing_command_object_parent,medium,path 位于当前 MML seed/catalog 二级命令节点 object_path 下，可挂入该二级节点；需确认分组是否过粗,SL,WAN口配置参数管理,VLAN 子接口,Device.Ethernet.Interface.{i}.VlanInterface.{i}.,,json_seed_and_catalog_existing_group,omcgo/internal/config/parammodel/mmlstandardloader/seeds/cmcc_tdlte_v23.json; omcgo/datamodels/mml-catalog/cmcc-tdlte-v2.3.json,YES_EXISTING_JSON_PARENT_GROUP,existing_mml_parent_object_group,READ_WRITE,STRING,{i},Device.Ethernet.Interface.{i}.VlanInterface.{i}.VlanPppoeAddress.{i}.,
Device.Ethernet.Interface.{i}.VlanInterface.{i}.VlanPppoeAddress.{i}.PppoeUser,yes,existing_command_object_parent,medium,path 位于当前 MML seed/catalog 二级命令节点 object_path 下，可挂入该二级节点；需确认分组是否过粗,SL,WAN口配置参数管理,VLAN 子接口,Device.Ethernet.Interface.{i}.VlanInterface.{i}.,,json_seed_and_catalog_existing_group,omcgo/internal/config/parammodel/mmlstandardloader/seeds/cmcc_tdlte_v23.json; omcgo/datamodels/mml-catalog/cmcc-tdlte-v2.3.json,YES_EXISTING_JSON_PARENT_GROUP,existing_mml_parent_object_group,READ_WRITE,STRING,{i},Device.Ethernet.Interface.{i}.VlanInterface.{i}.VlanPppoeAddress.{i}.,
Device.DeviceInfo.AntennaInfo.Azimuth,yes,existing_command_object_parent,medium,path 位于当前 MML seed/catalog 二级命令节点 object_path 下，可挂入该二级节点；需确认分组是否过粗,SA,设备信息参数管理,设备基本信息,Device.DeviceInfo.,,json_seed_and_catalog_existing_group,omcgo/internal/config/parammodel/mmlstandardloader/seeds/cmcc_tdlte_v23.json; omcgo/datamodels/mml-catalog/cmcc-tdlte-v2.3.json,YES_EXISTING_JSON_PARENT_GROUP,existing_mml_parent_object_group,READ_WRITE,INT,AntennaInfo,Device.DeviceInfo.AntennaInfo.,
Device.DeviceInfo.AntennaInfo.Azimuth2,yes,existing_command_object_parent,medium,path 位于当前 MML seed/catalog 二级命令节点 object_path 下，可挂入该二级节点；需确认分组是否过粗,SA,设备信息参数管理,设备基本信息,Device.DeviceInfo.,,json_seed_and_catalog_existing_group,omcgo/internal/config/parammodel/mmlstandardloader/seeds/cmcc_tdlte_v23.json; omcgo/datamodels/mml-catalog/cmcc-tdlte-v2.3.json,YES_EXISTING_JSON_PARENT_GROUP,existing_mml_parent_object_group,READ_WRITE,INT,AntennaInfo,Device.DeviceInfo.AntennaInfo.,
Device.DeviceInfo.AntennaInfo.Azimuth3,yes,existing_command_object_parent,medium,path 位于当前 MML seed/catalog 二级命令节点 object_path 下，可挂入该二级节点；需确认分组是否过粗,SA,设备信息参数管理,设备基本信息,Device.DeviceInfo.,,json_seed_and_catalog_existing_group,omcgo/internal/config/parammodel/mmlstandardloader/seeds/cmcc_tdlte_v23.json; omcgo/datamodels/mml-catalog/cmcc-tdlte-v2.3.json,YES_EXISTING_JSON_PARENT_GROUP,existing_mml_parent_object_group,READ_WRITE,INT,AntennaInfo,Device.DeviceInfo.AntennaInfo.,
Device.DeviceInfo.AntennaInfo.Beamwidth,yes,existing_command_object_parent,medium,path 位于当前 MML seed/catalog 二级命令节点 object_path 下，可挂入该二级节点；需确认分组是否过粗,SA,设备信息参数管理,设备基本信息,Device.DeviceInfo.,,json_seed_and_catalog_existing_group,omcgo/internal/config/parammodel/mmlstandardloader/seeds/cmcc_tdlte_v23.json; omcgo/datamodels/mml-catalog/cmcc-tdlte-v2.3.json,YES_EXISTING_JSON_PARENT_GROUP,existing_mml_parent_object_group,READ_WRITE,INT,AntennaInfo,Device.DeviceInfo.AntennaInfo.,
Device.DeviceInfo.AntennaInfo.Beamwidth2,yes,existing_command_object_parent,medium,path 位于当前 MML seed/catalog 二级命令节点 object_path 下，可挂入该二级节点；需确认分组是否过粗,SA,设备信息参数管理,设备基本信息,Device.DeviceInfo.,,json_seed_and_catalog_existing_group,omcgo/internal/config/parammodel/mmlstandardloader/seeds/cmcc_tdlte_v23.json; omcgo/datamodels/mml-catalog/cmcc-tdlte-v2.3.json,YES_EXISTING_JSON_PARENT_GROUP,existing_mml_parent_object_group,READ_WRITE,INT,AntennaInfo,Device.DeviceInfo.AntennaInfo.,
Device.DeviceInfo.AntennaInfo.Beamwidth3,yes,existing_command_object_parent,medium,path 位于当前 MML seed/catalog 二级命令节点 object_path 下，可挂入该二级节点；需确认分组是否过粗,SA,设备信息参数管理,设备基本信息,Device.DeviceInfo.,,json_seed_and_catalog_existing_group,omcgo/internal/config/parammodel/mmlstandardloader/seeds/cmcc_tdlte_v23.json; omcgo/datamodels/mml-catalog/cmcc-tdlte-v2.3.json,YES_EXISTING_JSON_PARENT_GROUP,existing_mml_parent_object_group,READ_WRITE,INT,AntennaInfo,Device.DeviceInfo.AntennaInfo.,
Device.DeviceInfo.AntennaInfo.Downtilt,yes,existing_command_object_parent,medium,path 位于当前 MML seed/catalog 二级命令节点 object_path 下，可挂入该二级节点；需确认分组是否过粗,SA,设备信息参数管理,设备基本信息,Device.DeviceInfo.,,json_seed_and_catalog_existing_group,omcgo/internal/config/parammodel/mmlstandardloader/seeds/cmcc_tdlte_v23.json; omcgo/datamodels/mml-catalog/cmcc-tdlte-v2.3.json,YES_EXISTING_JSON_PARENT_GROUP,existing_mml_parent_object_group,READ_WRITE,INT,AntennaInfo,Device.DeviceInfo.AntennaInfo.,
Device.DeviceInfo.AntennaInfo.Downtilt2,yes,existing_command_object_parent,medium,path 位于当前 MML seed/catalog 二级命令节点 object_path 下，可挂入该二级节点；需确认分组是否过粗,SA,设备信息参数管理,设备基本信息,Device.DeviceInfo.,,json_seed_and_catalog_existing_group,omcgo/internal/config/parammodel/mmlstandardloader/seeds/cmcc_tdlte_v23.json; omcgo/datamodels/mml-catalog/cmcc-tdlte-v2.3.json,YES_EXISTING_JSON_PARENT_GROUP,existing_mml_parent_object_group,READ_WRITE,INT,AntennaInfo,Device.DeviceInfo.AntennaInfo.,
Device.DeviceInfo.AntennaInfo.Downtilt3,yes,existing_command_object_parent,medium,path 位于当前 MML seed/catalog 二级命令节点 object_path 下，可挂入该二级节点；需确认分组是否过粗,SA,设备信息参数管理,设备基本信息,Device.DeviceInfo.,,json_seed_and_catalog_existing_group,omcgo/internal/config/parammodel/mmlstandardloader/seeds/cmcc_tdlte_v23.json; omcgo/datamodels/mml-catalog/cmcc-tdlte-v2.3.json,YES_EXISTING_JSON_PARENT_GROUP,existing_mml_parent_object_group,READ_WRITE,INT,AntennaInfo,Device.DeviceInfo.AntennaInfo.,
Device.DeviceInfo.AntennaInfo.Gain,yes,existing_command_object_parent,medium,path 位于当前 MML seed/catalog 二级命令节点 object_path 下，可挂入该二级节点；需确认分组是否过粗,SA,设备信息参数管理,设备基本信息,Device.DeviceInfo.,,json_seed_and_catalog_existing_group,omcgo/internal/config/parammodel/mmlstandardloader/seeds/cmcc_tdlte_v23.json; omcgo/datamodels/mml-catalog/cmcc-tdlte-v2.3.json,YES_EXISTING_JSON_PARENT_GROUP,existing_mml_parent_object_group,READ_WRITE,INT,AntennaInfo,Device.DeviceInfo.AntennaInfo.,
Device.DeviceInfo.AntennaInfo.Gain2,yes,existing_command_object_parent,medium,path 位于当前 MML seed/catalog 二级命令节点 object_path 下，可挂入该二级节点；需确认分组是否过粗,SA,设备信息参数管理,设备基本信息,Device.DeviceInfo.,,json_seed_and_catalog_existing_group,omcgo/internal/config/parammodel/mmlstandardloader/seeds/cmcc_tdlte_v23.json; omcgo/datamodels/mml-catalog/cmcc-tdlte-v2.3.json,YES_EXISTING_JSON_PARENT_GROUP,existing_mml_parent_object_group,READ_WRITE,INT,AntennaInfo,Device.DeviceInfo.AntennaInfo.,
Device.DeviceInfo.AntennaInfo.Gain3,yes,existing_command_object_parent,medium,path 位于当前 MML seed/catalog 二级命令节点 object_path 下，可挂入该二级节点；需确认分组是否过粗,SA,设备信息参数管理,设备基本信息,Device.DeviceInfo.,,json_seed_and_catalog_existing_group,omcgo/internal/config/parammodel/mmlstandardloader/seeds/cmcc_tdlte_v23.json; omcgo/datamodels/mml-catalog/cmcc-tdlte-v2.3.json,YES_EXISTING_JSON_PARENT_GROUP,existing_mml_parent_object_group,READ_WRITE,INT,AntennaInfo,Device.DeviceInfo.AntennaInfo.,
Device.DeviceInfo.AntennaInfo.Height,yes,existing_command_object_parent,medium,path 位于当前 MML seed/catalog 二级命令节点 object_path 下，可挂入该二级节点；需确认分组是否过粗,SA,设备信息参数管理,设备基本信息,Device.DeviceInfo.,,json_seed_and_catalog_existing_group,omcgo/internal/config/parammodel/mmlstandardloader/seeds/cmcc_tdlte_v23.json; omcgo/datamodels/mml-catalog/cmcc-tdlte-v2.3.json,YES_EXISTING_JSON_PARENT_GROUP,existing_mml_parent_object_group,READ_WRITE,U_INT,AntennaInfo,Device.DeviceInfo.AntennaInfo.,
Device.DeviceInfo.AntennaInfo.Height2,yes,existing_command_object_parent,medium,path 位于当前 MML seed/catalog 二级命令节点 object_path 下，可挂入该二级节点；需确认分组是否过粗,SA,设备信息参数管理,设备基本信息,Device.DeviceInfo.,,json_seed_and_catalog_existing_group,omcgo/internal/config/parammodel/mmlstandardloader/seeds/cmcc_tdlte_v23.json; omcgo/datamodels/mml-catalog/cmcc-tdlte-v2.3.json,YES_EXISTING_JSON_PARENT_GROUP,existing_mml_parent_object_group,READ_WRITE,U_INT,AntennaInfo,Device.DeviceInfo.AntennaInfo.,
Device.DeviceInfo.AntennaInfo.Height3,yes,existing_command_object_parent,medium,path 位于当前 MML seed/catalog 二级命令节点 object_path 下，可挂入该二级节点；需确认分组是否过粗,SA,设备信息参数管理,设备基本信息,Device.DeviceInfo.,,json_seed_and_catalog_existing_group,omcgo/internal/config/parammodel/mmlstandardloader/seeds/cmcc_tdlte_v23.json; omcgo/datamodels/mml-catalog/cmcc-tdlte-v2.3.json,YES_EXISTING_JSON_PARENT_GROUP,existing_mml_parent_object_group,READ_WRITE,U_INT,AntennaInfo,Device.DeviceInfo.AntennaInfo.,
Device.DeviceInfo.AntennaInfo.HeightType,yes,existing_command_object_parent,medium,path 位于当前 MML seed/catalog 二级命令节点 object_path 下，可挂入该二级节点；需确认分组是否过粗,SA,设备信息参数管理,设备基本信息,Device.DeviceInfo.,,json_seed_and_catalog_existing_group,omcgo/internal/config/parammodel/mmlstandardloader/seeds/cmcc_tdlte_v23.json; omcgo/datamodels/mml-catalog/cmcc-tdlte-v2.3.json,YES_EXISTING_JSON_PARENT_GROUP,existing_mml_parent_object_group,READ_WRITE,STRING,AntennaInfo,Device.DeviceInfo.AntennaInfo.,
Device.DeviceInfo.AntennaInfo.HeightType2,yes,existing_command_object_parent,medium,path 位于当前 MML seed/catalog 二级命令节点 object_path 下，可挂入该二级节点；需确认分组是否过粗,SA,设备信息参数管理,设备基本信息,Device.DeviceInfo.,,json_seed_and_catalog_existing_group,omcgo/internal/config/parammodel/mmlstandardloader/seeds/cmcc_tdlte_v23.json; omcgo/datamodels/mml-catalog/cmcc-tdlte-v2.3.json,YES_EXISTING_JSON_PARENT_GROUP,existing_mml_parent_object_group,READ_ONLY,STRING,AntennaInfo,Device.DeviceInfo.AntennaInfo.,
Device.DeviceInfo.AntennaInfo.HeightType3,yes,existing_command_object_parent,medium,path 位于当前 MML seed/catalog 二级命令节点 object_path 下，可挂入该二级节点；需确认分组是否过粗,SA,设备信息参数管理,设备基本信息,Device.DeviceInfo.,,json_seed_and_catalog_existing_group,omcgo/internal/config/parammodel/mmlstandardloader/seeds/cmcc_tdlte_v23.json; omcgo/datamodels/mml-catalog/cmcc-tdlte-v2.3.json,YES_EXISTING_JSON_PARENT_GROUP,existing_mml_parent_object_group,READ_ONLY,STRING,AntennaInfo,Device.DeviceInfo.AntennaInfo.,
Device.DeviceInfo.CellConfig.{i}.AntennaInfo.Model,yes,existing_command_object_parent,medium,path 位于当前 MML seed/catalog 二级命令节点 object_path 下，可挂入该二级节点；需确认分组是否过粗,SA,设备信息参数管理,设备基本信息,Device.DeviceInfo.,,json_seed_and_catalog_existing_group,omcgo/internal/config/parammodel/mmlstandardloader/seeds/cmcc_tdlte_v23.json; omcgo/datamodels/mml-catalog/cmcc-tdlte-v2.3.json,YES_EXISTING_JSON_PARENT_GROUP,existing_mml_parent_object_group,READ_WRITE,STRING,AntennaInfo,Device.DeviceInfo.CellConfig.{i}.AntennaInfo.,
Device.DeviceInfo.SAS.CPI.cpiLatitude,yes,existing_command_object_parent,medium,path 位于当前 MML seed/catalog 二级命令节点 object_path 下，可挂入该二级节点；需确认分组是否过粗,SA,设备信息参数管理,设备基本信息,Device.DeviceInfo.,,json_seed_and_catalog_existing_group,omcgo/internal/config/parammodel/mmlstandardloader/seeds/cmcc_tdlte_v23.json; omcgo/datamodels/mml-catalog/cmcc-tdlte-v2.3.json,YES_EXISTING_JSON_PARENT_GROUP,existing_mml_parent_object_group,READ_WRITE,INT,CPI,Device.DeviceInfo.SAS.CPI.,
Device.DeviceInfo.SAS.CPI.cpiLongitude,yes,existing_command_object_parent,medium,path 位于当前 MML seed/catalog 二级命令节点 object_path 下，可挂入该二级节点；需确认分组是否过粗,SA,设备信息参数管理,设备基本信息,Device.DeviceInfo.,,json_seed_and_catalog_existing_group,omcgo/internal/config/parammodel/mmlstandardloader/seeds/cmcc_tdlte_v23.json; omcgo/datamodels/mml-catalog/cmcc-tdlte-v2.3.json,YES_EXISTING_JSON_PARENT_GROUP,existing_mml_parent_object_group,READ_WRITE,INT,CPI,Device.DeviceInfo.SAS.CPI.,
Device.DeviceInfo.GPS.horizontalAccuracy,yes,existing_command_object_parent,medium,path 位于当前 MML seed/catalog 二级命令节点 object_path 下，可挂入该二级节点；需确认分组是否过粗,SA,设备信息参数管理,设备基本信息,Device.DeviceInfo.,,json_seed_and_catalog_existing_group,omcgo/internal/config/parammodel/mmlstandardloader/seeds/cmcc_tdlte_v23.json; omcgo/datamodels/mml-catalog/cmcc-tdlte-v2.3.json,YES_EXISTING_JSON_PARENT_GROUP,existing_mml_parent_object_group,READ_WRITE,U_INT,GPS,Device.DeviceInfo.GPS.,
Device.DeviceInfo.GPS.verticalAccuracy,yes,existing_command_object_parent,medium,path 位于当前 MML seed/catalog 二级命令节点 object_path 下，可挂入该二级节点；需确认分组是否过粗,SA,设备信息参数管理,设备基本信息,Device.DeviceInfo.,,json_seed_and_catalog_existing_group,omcgo/internal/config/parammodel/mmlstandardloader/seeds/cmcc_tdlte_v23.json; omcgo/datamodels/mml-catalog/cmcc-tdlte-v2.3.json,YES_EXISTING_JSON_PARENT_GROUP,existing_mml_parent_object_group,READ_WRITE,U_INT,GPS,Device.DeviceInfo.GPS.,
Device.DeviceInfo.SAS.FAP.GPS.LockedLatitude,yes,existing_command_object_parent,medium,path 位于当前 MML seed/catalog 二级命令节点 object_path 下，可挂入该二级节点；需确认分组是否过粗,SA,设备信息参数管理,设备基本信息,Device.DeviceInfo.,,json_seed_and_catalog_existing_group,omcgo/internal/config/parammodel/mmlstandardloader/seeds/cmcc_tdlte_v23.json; omcgo/datamodels/mml-catalog/cmcc-tdlte-v2.3.json,YES_EXISTING_JSON_PARENT_GROUP,existing_mml_parent_object_group,READ_WRITE,INT,GPS,Device.DeviceInfo.SAS.FAP.GPS.,
Device.DeviceInfo.SAS.FAP.GPS.LockedLatitude2,yes,existing_command_object_parent,medium,path 位于当前 MML seed/catalog 二级命令节点 object_path 下，可挂入该二级节点；需确认分组是否过粗,SA,设备信息参数管理,设备基本信息,Device.DeviceInfo.,,json_seed_and_catalog_existing_group,omcgo/internal/config/parammodel/mmlstandardloader/seeds/cmcc_tdlte_v23.json; omcgo/datamodels/mml-catalog/cmcc-tdlte-v2.3.json,YES_EXISTING_JSON_PARENT_GROUP,existing_mml_parent_object_group,READ_WRITE,INT,GPS,Device.DeviceInfo.SAS.FAP.GPS.,
Device.DeviceInfo.SAS.FAP.GPS.LockedLatitude3,yes,existing_command_object_parent,medium,path 位于当前 MML seed/catalog 二级命令节点 object_path 下，可挂入该二级节点；需确认分组是否过粗,SA,设备信息参数管理,设备基本信息,Device.DeviceInfo.,,json_seed_and_catalog_existing_group,omcgo/internal/config/parammodel/mmlstandardloader/seeds/cmcc_tdlte_v23.json; omcgo/datamodels/mml-catalog/cmcc-tdlte-v2.3.json,YES_EXISTING_JSON_PARENT_GROUP,existing_mml_parent_object_group,READ_WRITE,INT,GPS,Device.DeviceInfo.SAS.FAP.GPS.,
Device.DeviceInfo.SAS.FAP.GPS.LockedLongitude,yes,existing_command_object_parent,medium,path 位于当前 MML seed/catalog 二级命令节点 object_path 下，可挂入该二级节点；需确认分组是否过粗,SA,设备信息参数管理,设备基本信息,Device.DeviceInfo.,,json_seed_and_catalog_existing_group,omcgo/internal/config/parammodel/mmlstandardloader/seeds/cmcc_tdlte_v23.json; omcgo/datamodels/mml-catalog/cmcc-tdlte-v2.3.json,YES_EXISTING_JSON_PARENT_GROUP,existing_mml_parent_object_group,READ_WRITE,INT,GPS,Device.DeviceInfo.SAS.FAP.GPS.,
Device.DeviceInfo.SAS.FAP.GPS.LockedLongitude2,yes,existing_command_object_parent,medium,path 位于当前 MML seed/catalog 二级命令节点 object_path 下，可挂入该二级节点；需确认分组是否过粗,SA,设备信息参数管理,设备基本信息,Device.DeviceInfo.,,json_seed_and_catalog_existing_group,omcgo/internal/config/parammodel/mmlstandardloader/seeds/cmcc_tdlte_v23.json; omcgo/datamodels/mml-catalog/cmcc-tdlte-v2.3.json,YES_EXISTING_JSON_PARENT_GROUP,existing_mml_parent_object_group,READ_WRITE,INT,GPS,Device.DeviceInfo.SAS.FAP.GPS.,
Device.DeviceInfo.SAS.FAP.GPS.LockedLongitude3,yes,existing_command_object_parent,medium,path 位于当前 MML seed/catalog 二级命令节点 object_path 下，可挂入该二级节点；需确认分组是否过粗,SA,设备信息参数管理,设备基本信息,Device.DeviceInfo.,,json_seed_and_catalog_existing_group,omcgo/internal/config/parammodel/mmlstandardloader/seeds/cmcc_tdlte_v23.json; omcgo/datamodels/mml-catalog/cmcc-tdlte-v2.3.json,YES_EXISTING_JSON_PARENT_GROUP,existing_mml_parent_object_group,READ_WRITE,INT,GPS,Device.DeviceInfo.SAS.FAP.GPS.,
Device.DeviceInfo.SAS.CallSign,yes,existing_command_object_parent,medium,path 位于当前 MML seed/catalog 二级命令节点 object_path 下，可挂入该二级节点；需确认分组是否过粗,SA,设备信息参数管理,设备基本信息,Device.DeviceInfo.,,json_seed_and_catalog_existing_group,omcgo/internal/config/parammodel/mmlstandardloader/seeds/cmcc_tdlte_v23.json; omcgo/datamodels/mml-catalog/cmcc-tdlte-v2.3.json,YES_EXISTING_JSON_PARENT_GROUP,existing_mml_parent_object_group,READ_WRITE,STRING,SAS,Device.DeviceInfo.SAS.,
Device.DeviceInfo.SAS.ChannelReuse,yes,existing_command_object_parent,medium,path 位于当前 MML seed/catalog 二级命令节点 object_path 下，可挂入该二级节点；需确认分组是否过粗,SA,设备信息参数管理,设备基本信息,Device.DeviceInfo.,,json_seed_and_catalog_existing_group,omcgo/internal/config/parammodel/mmlstandardloader/seeds/cmcc_tdlte_v23.json; omcgo/datamodels/mml-catalog/cmcc-tdlte-v2.3.json,YES_EXISTING_JSON_PARENT_GROUP,existing_mml_parent_object_group,READ_WRITE,BOOLEAN,SAS,Device.DeviceInfo.SAS.,
Device.DeviceInfo.SAS.CpiId,yes,existing_command_object_parent,medium,path 位于当前 MML seed/catalog 二级命令节点 object_path 下，可挂入该二级节点；需确认分组是否过粗,SA,设备信息参数管理,设备基本信息,Device.DeviceInfo.,,json_seed_and_catalog_existing_group,omcgo/internal/config/parammodel/mmlstandardloader/seeds/cmcc_tdlte_v23.json; omcgo/datamodels/mml-catalog/cmcc-tdlte-v2.3.json,YES_EXISTING_JSON_PARENT_GROUP,existing_mml_parent_object_group,READ_WRITE,STRING,SAS,Device.DeviceInfo.SAS.,
Device.DeviceInfo.SAS.CpiInstallCertificationTime,yes,existing_command_object_parent,medium,path 位于当前 MML seed/catalog 二级命令节点 object_path 下，可挂入该二级节点；需确认分组是否过粗,SA,设备信息参数管理,设备基本信息,Device.DeviceInfo.,,json_seed_and_catalog_existing_group,omcgo/internal/config/parammodel/mmlstandardloader/seeds/cmcc_tdlte_v23.json; omcgo/datamodels/mml-catalog/cmcc-tdlte-v2.3.json,YES_EXISTING_JSON_PARENT_GROUP,existing_mml_parent_object_group,READ_WRITE,STRING,SAS,Device.DeviceInfo.SAS.,
Device.DeviceInfo.SAS.CpiInstallCertificationTime2,yes,existing_command_object_parent,medium,path 位于当前 MML seed/catalog 二级命令节点 object_path 下，可挂入该二级节点；需确认分组是否过粗,SA,设备信息参数管理,设备基本信息,Device.DeviceInfo.,,json_seed_and_catalog_existing_group,omcgo/internal/config/parammodel/mmlstandardloader/seeds/cmcc_tdlte_v23.json; omcgo/datamodels/mml-catalog/cmcc-tdlte-v2.3.json,YES_EXISTING_JSON_PARENT_GROUP,existing_mml_parent_object_group,READ_WRITE,STRING,SAS,Device.DeviceInfo.SAS.,
Device.DeviceInfo.SAS.CpiInstallCertificationTime3,yes,existing_command_object_parent,medium,path 位于当前 MML seed/catalog 二级命令节点 object_path 下，可挂入该二级节点；需确认分组是否过粗,SA,设备信息参数管理,设备基本信息,Device.DeviceInfo.,,json_seed_and_catalog_existing_group,omcgo/internal/config/parammodel/mmlstandardloader/seeds/cmcc_tdlte_v23.json; omcgo/datamodels/mml-catalog/cmcc-tdlte-v2.3.json,YES_EXISTING_JSON_PARENT_GROUP,existing_mml_parent_object_group,READ_WRITE,STRING,SAS,Device.DeviceInfo.SAS.,
Device.DeviceInfo.SAS.CpiName,yes,existing_command_object_parent,medium,path 位于当前 MML seed/catalog 二级命令节点 object_path 下，可挂入该二级节点；需确认分组是否过粗,SA,设备信息参数管理,设备基本信息,Device.DeviceInfo.,,json_seed_and_catalog_existing_group,omcgo/internal/config/parammodel/mmlstandardloader/seeds/cmcc_tdlte_v23.json; omcgo/datamodels/mml-catalog/cmcc-tdlte-v2.3.json,YES_EXISTING_JSON_PARENT_GROUP,existing_mml_parent_object_group,READ_WRITE,STRING,SAS,Device.DeviceInfo.SAS.,
Device.DeviceInfo.SAS.CpiSignatureData,yes,existing_command_object_parent,medium,path 位于当前 MML seed/catalog 二级命令节点 object_path 下，可挂入该二级节点；需确认分组是否过粗,SA,设备信息参数管理,设备基本信息,Device.DeviceInfo.,,json_seed_and_catalog_existing_group,omcgo/internal/config/parammodel/mmlstandardloader/seeds/cmcc_tdlte_v23.json; omcgo/datamodels/mml-catalog/cmcc-tdlte-v2.3.json,YES_EXISTING_JSON_PARENT_GROUP,existing_mml_parent_object_group,READ_WRITE,STRING,SAS,Device.DeviceInfo.SAS.,
Device.DeviceInfo.SAS.CpiSignatureData2,yes,existing_command_object_parent,medium,path 位于当前 MML seed/catalog 二级命令节点 object_path 下，可挂入该二级节点；需确认分组是否过粗,SA,设备信息参数管理,设备基本信息,Device.DeviceInfo.,,json_seed_and_catalog_existing_group,omcgo/internal/config/parammodel/mmlstandardloader/seeds/cmcc_tdlte_v23.json; omcgo/datamodels/mml-catalog/cmcc-tdlte-v2.3.json,YES_EXISTING_JSON_PARENT_GROUP,existing_mml_parent_object_group,READ_WRITE,STRING,SAS,Device.DeviceInfo.SAS.,
Device.DeviceInfo.SAS.CpiSignatureData3,yes,existing_command_object_parent,medium,path 位于当前 MML seed/catalog 二级命令节点 object_path 下，可挂入该二级节点；需确认分组是否过粗,SA,设备信息参数管理,设备基本信息,Device.DeviceInfo.,,json_seed_and_catalog_existing_group,omcgo/internal/config/parammodel/mmlstandardloader/seeds/cmcc_tdlte_v23.json; omcgo/datamodels/mml-catalog/cmcc-tdlte-v2.3.json,YES_EXISTING_JSON_PARENT_GROUP,existing_mml_parent_object_group,READ_WRITE,STRING,SAS,Device.DeviceInfo.SAS.,
Device.DeviceInfo.SAS.EirpCapability,yes,existing_command_object_parent,medium,path 位于当前 MML seed/catalog 二级命令节点 object_path 下，可挂入该二级节点；需确认分组是否过粗,SA,设备信息参数管理,设备基本信息,Device.DeviceInfo.,,json_seed_and_catalog_existing_group,omcgo/internal/config/parammodel/mmlstandardloader/seeds/cmcc_tdlte_v23.json; omcgo/datamodels/mml-catalog/cmcc-tdlte-v2.3.json,YES_EXISTING_JSON_PARENT_GROUP,existing_mml_parent_object_group,READ_WRITE,INT,SAS,Device.DeviceInfo.SAS.,
Device.DeviceInfo.SAS.FccId,yes,existing_command_object_parent,medium,path 位于当前 MML seed/catalog 二级命令节点 object_path 下，可挂入该二级节点；需确认分组是否过粗,SA,设备信息参数管理,设备基本信息,Device.DeviceInfo.,,json_seed_and_catalog_existing_group,omcgo/internal/config/parammodel/mmlstandardloader/seeds/cmcc_tdlte_v23.json; omcgo/datamodels/mml-catalog/cmcc-tdlte-v2.3.json,YES_EXISTING_JSON_PARENT_GROUP,existing_mml_parent_object_group,READ_WRITE,STRING,SAS,Device.DeviceInfo.SAS.,
Device.DeviceInfo.SAS.FrequencyContiguous,yes,existing_command_object_parent,medium,path 位于当前 MML seed/catalog 二级命令节点 object_path 下，可挂入该二级节点；需确认分组是否过粗,SA,设备信息参数管理,设备基本信息,Device.DeviceInfo.,,json_seed_and_catalog_existing_group,omcgo/internal/config/parammodel/mmlstandardloader/seeds/cmcc_tdlte_v23.json; omcgo/datamodels/mml-catalog/cmcc-tdlte-v2.3.json,YES_EXISTING_JSON_PARENT_GROUP,existing_mml_parent_object_group,READ_ONLY,STRING,SAS,Device.DeviceInfo.SAS.,
Device.DeviceInfo.SAS.FrequencySelectionLogic,yes,existing_command_object_parent,medium,path 位于当前 MML seed/catalog 二级命令节点 object_path 下，可挂入该二级节点；需确认分组是否过粗,SA,设备信息参数管理,设备基本信息,Device.DeviceInfo.,,json_seed_and_catalog_existing_group,omcgo/internal/config/parammodel/mmlstandardloader/seeds/cmcc_tdlte_v23.json; omcgo/datamodels/mml-catalog/cmcc-tdlte-v2.3.json,YES_EXISTING_JSON_PARENT_GROUP,existing_mml_parent_object_group,READ_WRITE,STRING,SAS,Device.DeviceInfo.SAS.,
Device.DeviceInfo.SAS.LegacyMode,yes,existing_command_object_parent,medium,path 位于当前 MML seed/catalog 二级命令节点 object_path 下，可挂入该二级节点；需确认分组是否过粗,SA,设备信息参数管理,设备基本信息,Device.DeviceInfo.,,json_seed_and_catalog_existing_group,omcgo/internal/config/parammodel/mmlstandardloader/seeds/cmcc_tdlte_v23.json; omcgo/datamodels/mml-catalog/cmcc-tdlte-v2.3.json,YES_EXISTING_JSON_PARENT_GROUP,existing_mml_parent_object_group,READ_WRITE,STRING,SAS,Device.DeviceInfo.SAS.,
Device.DeviceInfo.SAS.MaxEIRP,yes,existing_command_object_parent,medium,path 位于当前 MML seed/catalog 二级命令节点 object_path 下，可挂入该二级节点；需确认分组是否过粗,SA,设备信息参数管理,设备基本信息,Device.DeviceInfo.,,json_seed_and_catalog_existing_group,omcgo/internal/config/parammodel/mmlstandardloader/seeds/cmcc_tdlte_v23.json; omcgo/datamodels/mml-catalog/cmcc-tdlte-v2.3.json,YES_EXISTING_JSON_PARENT_GROUP,existing_mml_parent_object_group,READ_WRITE,INT,SAS,Device.DeviceInfo.SAS.,
Device.DeviceInfo.SAS.PreferredBandwidth,yes,existing_command_object_parent,medium,path 位于当前 MML seed/catalog 二级命令节点 object_path 下，可挂入该二级节点；需确认分组是否过粗,SA,设备信息参数管理,设备基本信息,Device.DeviceInfo.,,json_seed_and_catalog_existing_group,omcgo/internal/config/parammodel/mmlstandardloader/seeds/cmcc_tdlte_v23.json; omcgo/datamodels/mml-catalog/cmcc-tdlte-v2.3.json,YES_EXISTING_JSON_PARENT_GROUP,existing_mml_parent_object_group,READ_WRITE,STRING,SAS,Device.DeviceInfo.SAS.,
Device.DeviceInfo.SAS.PreferredFrequency,yes,existing_command_object_parent,medium,path 位于当前 MML seed/catalog 二级命令节点 object_path 下，可挂入该二级节点；需确认分组是否过粗,SA,设备信息参数管理,设备基本信息,Device.DeviceInfo.,,json_seed_and_catalog_existing_group,omcgo/internal/config/parammodel/mmlstandardloader/seeds/cmcc_tdlte_v23.json; omcgo/datamodels/mml-catalog/cmcc-tdlte-v2.3.json,YES_EXISTING_JSON_PARENT_GROUP,existing_mml_parent_object_group,READ_WRITE,STRING,SAS,Device.DeviceInfo.SAS.,
Device.DeviceInfo.SAS.PreferredPower,yes,existing_command_object_parent,medium,path 位于当前 MML seed/catalog 二级命令节点 object_path 下，可挂入该二级节点；需确认分组是否过粗,SA,设备信息参数管理,设备基本信息,Device.DeviceInfo.,,json_seed_and_catalog_existing_group,omcgo/internal/config/parammodel/mmlstandardloader/seeds/cmcc_tdlte_v23.json; omcgo/datamodels/mml-catalog/cmcc-tdlte-v2.3.json,YES_EXISTING_JSON_PARENT_GROUP,existing_mml_parent_object_group,READ_WRITE,STRING,SAS,Device.DeviceInfo.SAS.,
Device.DeviceInfo.SAS.RadioEnable,yes,existing_command_object_parent,medium,path 位于当前 MML seed/catalog 二级命令节点 object_path 下，可挂入该二级节点；需确认分组是否过粗,SA,设备信息参数管理,设备基本信息,Device.DeviceInfo.,,json_seed_and_catalog_existing_group,omcgo/internal/config/parammodel/mmlstandardloader/seeds/cmcc_tdlte_v23.json; omcgo/datamodels/mml-catalog/cmcc-tdlte-v2.3.json,YES_EXISTING_JSON_PARENT_GROUP,existing_mml_parent_object_group,READ_WRITE,STRING,SAS,Device.DeviceInfo.SAS.,
Device.DeviceInfo.SAS.RadioEnable1,yes,existing_command_object_parent,medium,path 位于当前 MML seed/catalog 二级命令节点 object_path 下，可挂入该二级节点；需确认分组是否过粗,SA,设备信息参数管理,设备基本信息,Device.DeviceInfo.,,json_seed_and_catalog_existing_group,omcgo/internal/config/parammodel/mmlstandardloader/seeds/cmcc_tdlte_v23.json; omcgo/datamodels/mml-catalog/cmcc-tdlte-v2.3.json,YES_EXISTING_JSON_PARENT_GROUP,existing_mml_parent_object_group,READ_WRITE,STRING,SAS,Device.DeviceInfo.SAS.,
Device.DeviceInfo.SAS.RadioEnable2,yes,existing_command_object_parent,medium,path 位于当前 MML seed/catalog 二级命令节点 object_path 下，可挂入该二级节点；需确认分组是否过粗,SA,设备信息参数管理,设备基本信息,Device.DeviceInfo.,,json_seed_and_catalog_existing_group,omcgo/internal/config/parammodel/mmlstandardloader/seeds/cmcc_tdlte_v23.json; omcgo/datamodels/mml-catalog/cmcc-tdlte-v2.3.json,YES_EXISTING_JSON_PARENT_GROUP,existing_mml_parent_object_group,READ_WRITE,STRING,SAS,Device.DeviceInfo.SAS.,
Device.DeviceInfo.SAS.RadioEnable3,yes,existing_command_object_parent,medium,path 位于当前 MML seed/catalog 二级命令节点 object_path 下，可挂入该二级节点；需确认分组是否过粗,SA,设备信息参数管理,设备基本信息,Device.DeviceInfo.,,json_seed_and_catalog_existing_group,omcgo/internal/config/parammodel/mmlstandardloader/seeds/cmcc_tdlte_v23.json; omcgo/datamodels/mml-catalog/cmcc-tdlte-v2.3.json,YES_EXISTING_JSON_PARENT_GROUP,existing_mml_parent_object_group,READ_WRITE,STRING,SAS,Device.DeviceInfo.SAS.,
Device.DeviceInfo.SAS.RegistrationType,yes,existing_command_object_parent,medium,path 位于当前 MML seed/catalog 二级命令节点 object_path 下，可挂入该二级节点；需确认分组是否过粗,SA,设备信息参数管理,设备基本信息,Device.DeviceInfo.,,json_seed_and_catalog_existing_group,omcgo/internal/config/parammodel/mmlstandardloader/seeds/cmcc_tdlte_v23.json; omcgo/datamodels/mml-catalog/cmcc-tdlte-v2.3.json,YES_EXISTING_JSON_PARENT_GROUP,existing_mml_parent_object_group,READ_WRITE,STRING,SAS,Device.DeviceInfo.SAS.,
Device.DeviceInfo.SAS.ServerUrl,yes,existing_command_object_parent,medium,path 位于当前 MML seed/catalog 二级命令节点 object_path 下，可挂入该二级节点；需确认分组是否过粗,SA,设备信息参数管理,设备基本信息,Device.DeviceInfo.,,json_seed_and_catalog_existing_group,omcgo/internal/config/parammodel/mmlstandardloader/seeds/cmcc_tdlte_v23.json; omcgo/datamodels/mml-catalog/cmcc-tdlte-v2.3.json,YES_EXISTING_JSON_PARENT_GROUP,existing_mml_parent_object_group,READ_WRITE,STRING,SAS,Device.DeviceInfo.SAS.,
Device.DeviceInfo.SAS.Status,yes,existing_command_object_parent,medium,path 位于当前 MML seed/catalog 二级命令节点 object_path 下，可挂入该二级节点；需确认分组是否过粗,SA,设备信息参数管理,设备基本信息,Device.DeviceInfo.,,json_seed_and_catalog_existing_group,omcgo/internal/config/parammodel/mmlstandardloader/seeds/cmcc_tdlte_v23.json; omcgo/datamodels/mml-catalog/cmcc-tdlte-v2.3.json,YES_EXISTING_JSON_PARENT_GROUP,existing_mml_parent_object_group,READ_WRITE,STRING,SAS,Device.DeviceInfo.SAS.,
Device.DeviceInfo.SAS.Status2,yes,existing_command_object_parent,medium,path 位于当前 MML seed/catalog 二级命令节点 object_path 下，可挂入该二级节点；需确认分组是否过粗,SA,设备信息参数管理,设备基本信息,Device.DeviceInfo.,,json_seed_and_catalog_existing_group,omcgo/internal/config/parammodel/mmlstandardloader/seeds/cmcc_tdlte_v23.json; omcgo/datamodels/mml-catalog/cmcc-tdlte-v2.3.json,YES_EXISTING_JSON_PARENT_GROUP,existing_mml_parent_object_group,READ_WRITE,STRING,SAS,Device.DeviceInfo.SAS.,
Device.DeviceInfo.SAS.Status3,yes,existing_command_object_parent,medium,path 位于当前 MML seed/catalog 二级命令节点 object_path 下，可挂入该二级节点；需确认分组是否过粗,SA,设备信息参数管理,设备基本信息,Device.DeviceInfo.,,json_seed_and_catalog_existing_group,omcgo/internal/config/parammodel/mmlstandardloader/seeds/cmcc_tdlte_v23.json; omcgo/datamodels/mml-catalog/cmcc-tdlte-v2.3.json,YES_EXISTING_JSON_PARENT_GROUP,existing_mml_parent_object_group,READ_WRITE,STRING,SAS,Device.DeviceInfo.SAS.,
Device.DeviceInfo.SAS.UserId,yes,existing_command_object_parent,medium,path 位于当前 MML seed/catalog 二级命令节点 object_path 下，可挂入该二级节点；需确认分组是否过粗,SA,设备信息参数管理,设备基本信息,Device.DeviceInfo.,,json_seed_and_catalog_existing_group,omcgo/internal/config/parammodel/mmlstandardloader/seeds/cmcc_tdlte_v23.json; omcgo/datamodels/mml-catalog/cmcc-tdlte-v2.3.json,YES_EXISTING_JSON_PARENT_GROUP,existing_mml_parent_object_group,READ_WRITE,STRING,SAS,Device.DeviceInfo.SAS.,
Device.DeviceInfo.SAS.enableMode,yes,existing_command_object_parent,medium,path 位于当前 MML seed/catalog 二级命令节点 object_path 下，可挂入该二级节点；需确认分组是否过粗,SA,设备信息参数管理,设备基本信息,Device.DeviceInfo.,,json_seed_and_catalog_existing_group,omcgo/internal/config/parammodel/mmlstandardloader/seeds/cmcc_tdlte_v23.json; omcgo/datamodels/mml-catalog/cmcc-tdlte-v2.3.json,YES_EXISTING_JSON_PARENT_GROUP,existing_mml_parent_object_group,READ_WRITE,BOOLEAN,SAS,Device.DeviceInfo.SAS.,
Device.DeviceInfo.SAS.groupId,yes,existing_command_object_parent,medium,path 位于当前 MML seed/catalog 二级命令节点 object_path 下，可挂入该二级节点；需确认分组是否过粗,SA,设备信息参数管理,设备基本信息,Device.DeviceInfo.,,json_seed_and_catalog_existing_group,omcgo/internal/config/parammodel/mmlstandardloader/seeds/cmcc_tdlte_v23.json; omcgo/datamodels/mml-catalog/cmcc-tdlte-v2.3.json,YES_EXISTING_JSON_PARENT_GROUP,existing_mml_parent_object_group,READ_WRITE,STRING,SAS,Device.DeviceInfo.SAS.,
Device.DeviceInfo.SAS.groupType,yes,existing_command_object_parent,medium,path 位于当前 MML seed/catalog 二级命令节点 object_path 下，可挂入该二级节点；需确认分组是否过粗,SA,设备信息参数管理,设备基本信息,Device.DeviceInfo.,,json_seed_and_catalog_existing_group,omcgo/internal/config/parammodel/mmlstandardloader/seeds/cmcc_tdlte_v23.json; omcgo/datamodels/mml-catalog/cmcc-tdlte-v2.3.json,YES_EXISTING_JSON_PARENT_GROUP,existing_mml_parent_object_group,READ_WRITE,STRING,SAS,Device.DeviceInfo.SAS.,
Device.DeviceInfo.SAS.reqHighFrequency,yes,existing_command_object_parent,medium,path 位于当前 MML seed/catalog 二级命令节点 object_path 下，可挂入该二级节点；需确认分组是否过粗,SA,设备信息参数管理,设备基本信息,Device.DeviceInfo.,,json_seed_and_catalog_existing_group,omcgo/internal/config/parammodel/mmlstandardloader/seeds/cmcc_tdlte_v23.json; omcgo/datamodels/mml-catalog/cmcc-tdlte-v2.3.json,YES_EXISTING_JSON_PARENT_GROUP,existing_mml_parent_object_group,READ_WRITE,U_INT,SAS,Device.DeviceInfo.SAS.,
Device.DeviceInfo.SAS.reqLowFrequency,yes,existing_command_object_parent,medium,path 位于当前 MML seed/catalog 二级命令节点 object_path 下，可挂入该二级节点；需确认分组是否过粗,SA,设备信息参数管理,设备基本信息,Device.DeviceInfo.,,json_seed_and_catalog_existing_group,omcgo/internal/config/parammodel/mmlstandardloader/seeds/cmcc_tdlte_v23.json; omcgo/datamodels/mml-catalog/cmcc-tdlte-v2.3.json,YES_EXISTING_JSON_PARENT_GROUP,existing_mml_parent_object_group,READ_WRITE,U_INT,SAS,Device.DeviceInfo.SAS.,
Device.DeviceInfo.SignallingTrace.Enable,yes,existing_command_object_parent,medium,path 位于当前 MML seed/catalog 二级命令节点 object_path 下，可挂入该二级节点；需确认分组是否过粗,SA,设备信息参数管理,设备基本信息,Device.DeviceInfo.,,json_seed_and_catalog_existing_group,omcgo/internal/config/parammodel/mmlstandardloader/seeds/cmcc_tdlte_v23.json; omcgo/datamodels/mml-catalog/cmcc-tdlte-v2.3.json,YES_EXISTING_JSON_PARENT_GROUP,existing_mml_parent_object_group,READ_WRITE,BOOLEAN,SignallingTrace,Device.DeviceInfo.SignallingTrace.,
Device.DeviceInfo.SignallingTrace.IP,yes,existing_command_object_parent,medium,path 位于当前 MML seed/catalog 二级命令节点 object_path 下，可挂入该二级节点；需确认分组是否过粗,SA,设备信息参数管理,设备基本信息,Device.DeviceInfo.,,json_seed_and_catalog_existing_group,omcgo/internal/config/parammodel/mmlstandardloader/seeds/cmcc_tdlte_v23.json; omcgo/datamodels/mml-catalog/cmcc-tdlte-v2.3.json,YES_EXISTING_JSON_PARENT_GROUP,existing_mml_parent_object_group,READ_WRITE,STRING,SignallingTrace,Device.DeviceInfo.SignallingTrace.,
Device.DeviceInfo.SignallingTrace.Period,yes,existing_command_object_parent,medium,path 位于当前 MML seed/catalog 二级命令节点 object_path 下，可挂入该二级节点；需确认分组是否过粗,SA,设备信息参数管理,设备基本信息,Device.DeviceInfo.,,json_seed_and_catalog_existing_group,omcgo/internal/config/parammodel/mmlstandardloader/seeds/cmcc_tdlte_v23.json; omcgo/datamodels/mml-catalog/cmcc-tdlte-v2.3.json,YES_EXISTING_JSON_PARENT_GROUP,existing_mml_parent_object_group,READ_WRITE,INT,SignallingTrace,Device.DeviceInfo.SignallingTrace.,
Device.DeviceInfo.SignallingTrace.Port,yes,existing_command_object_parent,medium,path 位于当前 MML seed/catalog 二级命令节点 object_path 下，可挂入该二级节点；需确认分组是否过粗,SA,设备信息参数管理,设备基本信息,Device.DeviceInfo.,,json_seed_and_catalog_existing_group,omcgo/internal/config/parammodel/mmlstandardloader/seeds/cmcc_tdlte_v23.json; omcgo/datamodels/mml-catalog/cmcc-tdlte-v2.3.json,YES_EXISTING_JSON_PARENT_GROUP,existing_mml_parent_object_group,READ_WRITE,STRING,SignallingTrace,Device.DeviceInfo.SignallingTrace.,
Device.DeviceInfo.SignallingTrace.TraceID,yes,existing_command_object_parent,medium,path 位于当前 MML seed/catalog 二级命令节点 object_path 下，可挂入该二级节点；需确认分组是否过粗,SA,设备信息参数管理,设备基本信息,Device.DeviceInfo.,,json_seed_and_catalog_existing_group,omcgo/internal/config/parammodel/mmlstandardloader/seeds/cmcc_tdlte_v23.json; omcgo/datamodels/mml-catalog/cmcc-tdlte-v2.3.json,YES_EXISTING_JSON_PARENT_GROUP,existing_mml_parent_object_group,READ_WRITE,INT,SignallingTrace,Device.DeviceInfo.SignallingTrace.,
Device.DeviceInfo.SignallingTrace.TraceType,yes,existing_command_object_parent,medium,path 位于当前 MML seed/catalog 二级命令节点 object_path 下，可挂入该二级节点；需确认分组是否过粗,SA,设备信息参数管理,设备基本信息,Device.DeviceInfo.,,json_seed_and_catalog_existing_group,omcgo/internal/config/parammodel/mmlstandardloader/seeds/cmcc_tdlte_v23.json; omcgo/datamodels/mml-catalog/cmcc-tdlte-v2.3.json,YES_EXISTING_JSON_PARENT_GROUP,existing_mml_parent_object_group,READ_WRITE,STRING,SignallingTrace,Device.DeviceInfo.SignallingTrace.,
Device.DeviceInfo.FAPService.UeAccess.Enable,yes,existing_command_object_parent,medium,path 位于当前 MML seed/catalog 二级命令节点 object_path 下，可挂入该二级节点；需确认分组是否过粗,SA,设备信息参数管理,设备基本信息,Device.DeviceInfo.,,json_seed_and_catalog_existing_group,omcgo/internal/config/parammodel/mmlstandardloader/seeds/cmcc_tdlte_v23.json; omcgo/datamodels/mml-catalog/cmcc-tdlte-v2.3.json,YES_EXISTING_JSON_PARENT_GROUP,existing_mml_parent_object_group,READ_WRITE,STRING,UeAccess,Device.DeviceInfo.FAPService.UeAccess.,
Device.DeviceInfo.UeInfoUpload.Enable,yes,existing_command_object_parent,medium,path 位于当前 MML seed/catalog 二级命令节点 object_path 下，可挂入该二级节点；需确认分组是否过粗,SA,设备信息参数管理,设备基本信息,Device.DeviceInfo.,,json_seed_and_catalog_existing_group,omcgo/internal/config/parammodel/mmlstandardloader/seeds/cmcc_tdlte_v23.json; omcgo/datamodels/mml-catalog/cmcc-tdlte-v2.3.json,YES_EXISTING_JSON_PARENT_GROUP,existing_mml_parent_object_group,READ_WRITE,BOOLEAN,UeInfoUpload,Device.DeviceInfo.UeInfoUpload.,
Device.DeviceInfo.UeInfoUpload.Url,yes,existing_command_object_parent,medium,path 位于当前 MML seed/catalog 二级命令节点 object_path 下，可挂入该二级节点；需确认分组是否过粗,SA,设备信息参数管理,设备基本信息,Device.DeviceInfo.,,json_seed_and_catalog_existing_group,omcgo/internal/config/parammodel/mmlstandardloader/seeds/cmcc_tdlte_v23.json; omcgo/datamodels/mml-catalog/cmcc-tdlte-v2.3.json,YES_EXISTING_JSON_PARENT_GROUP,existing_mml_parent_object_group,READ_WRITE,STRING,UeInfoUpload,Device.DeviceInfo.UeInfoUpload.,
Device.DeviceInfo.EU.{i}.AlarmEvent,yes,existing_command_object_parent,medium,path 位于当前 MML seed/catalog 二级命令节点 object_path 下，可挂入该二级节点；需确认分组是否过粗,SA,设备信息参数管理,设备基本信息,Device.DeviceInfo.,,json_seed_and_catalog_existing_group,omcgo/internal/config/parammodel/mmlstandardloader/seeds/cmcc_tdlte_v23.json; omcgo/datamodels/mml-catalog/cmcc-tdlte-v2.3.json,YES_EXISTING_JSON_PARENT_GROUP,existing_mml_parent_object_group,READ_ONLY,U_INT,{i},Device.DeviceInfo.EU.{i}.,
Device.DeviceInfo.EU.{i}.DLCRCSum,yes,existing_command_object_parent,medium,path 位于当前 MML seed/catalog 二级命令节点 object_path 下，可挂入该二级节点；需确认分组是否过粗,SA,设备信息参数管理,设备基本信息,Device.DeviceInfo.,,json_seed_and_catalog_existing_group,omcgo/internal/config/parammodel/mmlstandardloader/seeds/cmcc_tdlte_v23.json; omcgo/datamodels/mml-catalog/cmcc-tdlte-v2.3.json,YES_EXISTING_JSON_PARENT_GROUP,existing_mml_parent_object_group,READ_ONLY,STRING,{i},Device.DeviceInfo.EU.{i}.,
Device.DeviceInfo.EU.{i}.HardwareVersion,yes,existing_command_object_parent,medium,path 位于当前 MML seed/catalog 二级命令节点 object_path 下，可挂入该二级节点；需确认分组是否过粗,SA,设备信息参数管理,设备基本信息,Device.DeviceInfo.,,json_seed_and_catalog_existing_group,omcgo/internal/config/parammodel/mmlstandardloader/seeds/cmcc_tdlte_v23.json; omcgo/datamodels/mml-catalog/cmcc-tdlte-v2.3.json,YES_EXISTING_JSON_PARENT_GROUP,existing_mml_parent_object_group,READ_ONLY,STRING,{i},Device.DeviceInfo.EU.{i}.,
Device.DeviceInfo.EU.{i}.Hop,yes,existing_command_object_parent,medium,path 位于当前 MML seed/catalog 二级命令节点 object_path 下，可挂入该二级节点；需确认分组是否过粗,SA,设备信息参数管理,设备基本信息,Device.DeviceInfo.,,json_seed_and_catalog_existing_group,omcgo/internal/config/parammodel/mmlstandardloader/seeds/cmcc_tdlte_v23.json; omcgo/datamodels/mml-catalog/cmcc-tdlte-v2.3.json,YES_EXISTING_JSON_PARENT_GROUP,existing_mml_parent_object_group,READ_ONLY,STRING,{i},Device.DeviceInfo.EU.{i}.,
Device.DeviceInfo.EU.{i}.IpAddress,yes,existing_command_object_parent,medium,path 位于当前 MML seed/catalog 二级命令节点 object_path 下，可挂入该二级节点；需确认分组是否过粗,SA,设备信息参数管理,设备基本信息,Device.DeviceInfo.,,json_seed_and_catalog_existing_group,omcgo/internal/config/parammodel/mmlstandardloader/seeds/cmcc_tdlte_v23.json; omcgo/datamodels/mml-catalog/cmcc-tdlte-v2.3.json,YES_EXISTING_JSON_PARENT_GROUP,existing_mml_parent_object_group,READ_ONLY,STRING,{i},Device.DeviceInfo.EU.{i}.,
Device.DeviceInfo.EU.{i}.Mac,yes,existing_command_object_parent,medium,path 位于当前 MML seed/catalog 二级命令节点 object_path 下，可挂入该二级节点；需确认分组是否过粗,SA,设备信息参数管理,设备基本信息,Device.DeviceInfo.,,json_seed_and_catalog_existing_group,omcgo/internal/config/parammodel/mmlstandardloader/seeds/cmcc_tdlte_v23.json; omcgo/datamodels/mml-catalog/cmcc-tdlte-v2.3.json,YES_EXISTING_JSON_PARENT_GROUP,existing_mml_parent_object_group,READ_ONLY,STRING,{i},Device.DeviceInfo.EU.{i}.,
Device.DeviceInfo.EU.{i}.ModelName,yes,existing_command_object_parent,medium,path 位于当前 MML seed/catalog 二级命令节点 object_path 下，可挂入该二级节点；需确认分组是否过粗,SA,设备信息参数管理,设备基本信息,Device.DeviceInfo.,,json_seed_and_catalog_existing_group,omcgo/internal/config/parammodel/mmlstandardloader/seeds/cmcc_tdlte_v23.json; omcgo/datamodels/mml-catalog/cmcc-tdlte-v2.3.json,YES_EXISTING_JSON_PARENT_GROUP,existing_mml_parent_object_group,READ_ONLY,STRING,{i},Device.DeviceInfo.EU.{i}.,
Device.DeviceInfo.EU.{i}.RU.{i}.AlarmEvent,yes,existing_command_object_parent,medium,path 位于当前 MML seed/catalog 二级命令节点 object_path 下，可挂入该二级节点；需确认分组是否过粗,SA,设备信息参数管理,设备基本信息,Device.DeviceInfo.,,json_seed_and_catalog_existing_group,omcgo/internal/config/parammodel/mmlstandardloader/seeds/cmcc_tdlte_v23.json; omcgo/datamodels/mml-catalog/cmcc-tdlte-v2.3.json,YES_EXISTING_JSON_PARENT_GROUP,existing_mml_parent_object_group,READ_ONLY,U_INT,{i},Device.DeviceInfo.EU.{i}.RU.{i}.,
Device.DeviceInfo.EU.{i}.RU.{i}.DLCRCSum,yes,existing_command_object_parent,medium,path 位于当前 MML seed/catalog 二级命令节点 object_path 下，可挂入该二级节点；需确认分组是否过粗,SA,设备信息参数管理,设备基本信息,Device.DeviceInfo.,,json_seed_and_catalog_existing_group,omcgo/internal/config/parammodel/mmlstandardloader/seeds/cmcc_tdlte_v23.json; omcgo/datamodels/mml-catalog/cmcc-tdlte-v2.3.json,YES_EXISTING_JSON_PARENT_GROUP,existing_mml_parent_object_group,READ_ONLY,STRING,{i},Device.DeviceInfo.EU.{i}.RU.{i}.,
Device.DeviceInfo.EU.{i}.RU.{i}.Distance,yes,existing_command_object_parent,medium,path 位于当前 MML seed/catalog 二级命令节点 object_path 下，可挂入该二级节点；需确认分组是否过粗,SA,设备信息参数管理,设备基本信息,Device.DeviceInfo.,,json_seed_and_catalog_existing_group,omcgo/internal/config/parammodel/mmlstandardloader/seeds/cmcc_tdlte_v23.json; omcgo/datamodels/mml-catalog/cmcc-tdlte-v2.3.json,YES_EXISTING_JSON_PARENT_GROUP,existing_mml_parent_object_group,READ_ONLY,STRING,{i},Device.DeviceInfo.EU.{i}.RU.{i}.,
Device.DeviceInfo.EU.{i}.RU.{i}.HardwareVersion,yes,existing_command_object_parent,medium,path 位于当前 MML seed/catalog 二级命令节点 object_path 下，可挂入该二级节点；需确认分组是否过粗,SA,设备信息参数管理,设备基本信息,Device.DeviceInfo.,,json_seed_and_catalog_existing_group,omcgo/internal/config/parammodel/mmlstandardloader/seeds/cmcc_tdlte_v23.json; omcgo/datamodels/mml-catalog/cmcc-tdlte-v2.3.json,YES_EXISTING_JSON_PARENT_GROUP,existing_mml_parent_object_group,READ_ONLY,STRING,{i},Device.DeviceInfo.EU.{i}.RU.{i}.,
Device.DeviceInfo.EU.{i}.RU.{i}.Hop,yes,existing_command_object_parent,medium,path 位于当前 MML seed/catalog 二级命令节点 object_path 下，可挂入该二级节点；需确认分组是否过粗,SA,设备信息参数管理,设备基本信息,Device.DeviceInfo.,,json_seed_and_catalog_existing_group,omcgo/internal/config/parammodel/mmlstandardloader/seeds/cmcc_tdlte_v23.json; omcgo/datamodels/mml-catalog/cmcc-tdlte-v2.3.json,YES_EXISTING_JSON_PARENT_GROUP,existing_mml_parent_object_group,READ_ONLY,U_INT,{i},Device.DeviceInfo.EU.{i}.RU.{i}.,
Device.DeviceInfo.EU.{i}.RU.{i}.IpAddress,yes,existing_command_object_parent,medium,path 位于当前 MML seed/catalog 二级命令节点 object_path 下，可挂入该二级节点；需确认分组是否过粗,SA,设备信息参数管理,设备基本信息,Device.DeviceInfo.,,json_seed_and_catalog_existing_group,omcgo/internal/config/parammodel/mmlstandardloader/seeds/cmcc_tdlte_v23.json; omcgo/datamodels/mml-catalog/cmcc-tdlte-v2.3.json,YES_EXISTING_JSON_PARENT_GROUP,existing_mml_parent_object_group,READ_ONLY,STRING,{i},Device.DeviceInfo.EU.{i}.RU.{i}.,
Device.DeviceInfo.EU.{i}.RU.{i}.LTECell.{i}.ECI,yes,existing_command_object_parent,medium,path 位于当前 MML seed/catalog 二级命令节点 object_path 下，可挂入该二级节点；需确认分组是否过粗,SA,设备信息参数管理,设备基本信息,Device.DeviceInfo.,,json_seed_and_catalog_existing_group,omcgo/internal/config/parammodel/mmlstandardloader/seeds/cmcc_tdlte_v23.json; omcgo/datamodels/mml-catalog/cmcc-tdlte-v2.3.json,YES_EXISTING_JSON_PARENT_GROUP,existing_mml_parent_object_group,READ_WRITE,U_INT,{i},Device.DeviceInfo.EU.{i}.RU.{i}.LTECell.{i}.,
Device.DeviceInfo.EU.{i}.RU.{i}.Mac,yes,existing_command_object_parent,medium,path 位于当前 MML seed/catalog 二级命令节点 object_path 下，可挂入该二级节点；需确认分组是否过粗,SA,设备信息参数管理,设备基本信息,Device.DeviceInfo.,,json_seed_and_catalog_existing_group,omcgo/internal/config/parammodel/mmlstandardloader/seeds/cmcc_tdlte_v23.json; omcgo/datamodels/mml-catalog/cmcc-tdlte-v2.3.json,YES_EXISTING_JSON_PARENT_GROUP,existing_mml_parent_object_group,READ_ONLY,STRING,{i},Device.DeviceInfo.EU.{i}.RU.{i}.,
Device.DeviceInfo.EU.{i}.RU.{i}.MaxTxPower,yes,existing_command_object_parent,medium,path 位于当前 MML seed/catalog 二级命令节点 object_path 下，可挂入该二级节点；需确认分组是否过粗,SA,设备信息参数管理,设备基本信息,Device.DeviceInfo.,,json_seed_and_catalog_existing_group,omcgo/internal/config/parammodel/mmlstandardloader/seeds/cmcc_tdlte_v23.json; omcgo/datamodels/mml-catalog/cmcc-tdlte-v2.3.json,YES_EXISTING_JSON_PARENT_GROUP,existing_mml_parent_object_group,READ_WRITE,U_INT,{i},Device.DeviceInfo.EU.{i}.RU.{i}.,
Device.DeviceInfo.EU.{i}.RU.{i}.ModelName,yes,existing_command_object_parent,medium,path 位于当前 MML seed/catalog 二级命令节点 object_path 下，可挂入该二级节点；需确认分组是否过粗,SA,设备信息参数管理,设备基本信息,Device.DeviceInfo.,,json_seed_and_catalog_existing_group,omcgo/internal/config/parammodel/mmlstandardloader/seeds/cmcc_tdlte_v23.json; omcgo/datamodels/mml-catalog/cmcc-tdlte-v2.3.json,YES_EXISTING_JSON_PARENT_GROUP,existing_mml_parent_object_group,READ_ONLY,STRING,{i},Device.DeviceInfo.EU.{i}.RU.{i}.,
Device.DeviceInfo.EU.{i}.RU.{i}.RFTxStatus,yes,existing_command_object_parent,medium,path 位于当前 MML seed/catalog 二级命令节点 object_path 下，可挂入该二级节点；需确认分组是否过粗,SA,设备信息参数管理,设备基本信息,Device.DeviceInfo.,,json_seed_and_catalog_existing_group,omcgo/internal/config/parammodel/mmlstandardloader/seeds/cmcc_tdlte_v23.json; omcgo/datamodels/mml-catalog/cmcc-tdlte-v2.3.json,YES_EXISTING_JSON_PARENT_GROUP,existing_mml_parent_object_group,READ_WRITE,BOOLEAN,{i},Device.DeviceInfo.EU.{i}.RU.{i}.,
Device.DeviceInfo.EU.{i}.RU.{i}.Reboot,yes,existing_command_object_parent,medium,path 位于当前 MML seed/catalog 二级命令节点 object_path 下，可挂入该二级节点；需确认分组是否过粗,SA,设备信息参数管理,设备基本信息,Device.DeviceInfo.,,json_seed_and_catalog_existing_group,omcgo/internal/config/parammodel/mmlstandardloader/seeds/cmcc_tdlte_v23.json; omcgo/datamodels/mml-catalog/cmcc-tdlte-v2.3.json,YES_EXISTING_JSON_PARENT_GROUP,existing_mml_parent_object_group,READ_WRITE,BOOLEAN,{i},Device.DeviceInfo.EU.{i}.RU.{i}.,
Device.DeviceInfo.EU.{i}.RU.{i}.RouteIndex,yes,existing_command_object_parent,medium,path 位于当前 MML seed/catalog 二级命令节点 object_path 下，可挂入该二级节点；需确认分组是否过粗,SA,设备信息参数管理,设备基本信息,Device.DeviceInfo.,,json_seed_and_catalog_existing_group,omcgo/internal/config/parammodel/mmlstandardloader/seeds/cmcc_tdlte_v23.json; omcgo/datamodels/mml-catalog/cmcc-tdlte-v2.3.json,YES_EXISTING_JSON_PARENT_GROUP,existing_mml_parent_object_group,READ_ONLY,STRING,{i},Device.DeviceInfo.EU.{i}.RU.{i}.,
Device.DeviceInfo.EU.{i}.RU.{i}.SerialNumber,yes,existing_command_object_parent,medium,path 位于当前 MML seed/catalog 二级命令节点 object_path 下，可挂入该二级节点；需确认分组是否过粗,SA,设备信息参数管理,设备基本信息,Device.DeviceInfo.,,json_seed_and_catalog_existing_group,omcgo/internal/config/parammodel/mmlstandardloader/seeds/cmcc_tdlte_v23.json; omcgo/datamodels/mml-catalog/cmcc-tdlte-v2.3.json,YES_EXISTING_JSON_PARENT_GROUP,existing_mml_parent_object_group,READ_ONLY,STRING,{i},Device.DeviceInfo.EU.{i}.RU.{i}.,
Device.DeviceInfo.EU.{i}.RU.{i}.SoftwareVersion,yes,existing_command_object_parent,medium,path 位于当前 MML seed/catalog 二级命令节点 object_path 下，可挂入该二级节点；需确认分组是否过粗,SA,设备信息参数管理,设备基本信息,Device.DeviceInfo.,,json_seed_and_catalog_existing_group,omcgo/internal/config/parammodel/mmlstandardloader/seeds/cmcc_tdlte_v23.json; omcgo/datamodels/mml-catalog/cmcc-tdlte-v2.3.json,YES_EXISTING_JSON_PARENT_GROUP,existing_mml_parent_object_group,READ_ONLY,STRING,{i},Device.DeviceInfo.EU.{i}.RU.{i}.,
Device.DeviceInfo.EU.{i}.RU.{i}.Status,yes,existing_command_object_parent,medium,path 位于当前 MML seed/catalog 二级命令节点 object_path 下，可挂入该二级节点；需确认分组是否过粗,SA,设备信息参数管理,设备基本信息,Device.DeviceInfo.,,json_seed_and_catalog_existing_group,omcgo/internal/config/parammodel/mmlstandardloader/seeds/cmcc_tdlte_v23.json; omcgo/datamodels/mml-catalog/cmcc-tdlte-v2.3.json,YES_EXISTING_JSON_PARENT_GROUP,existing_mml_parent_object_group,READ_ONLY,U_INT,{i},Device.DeviceInfo.EU.{i}.RU.{i}.,
Device.DeviceInfo.EU.{i}.RU.{i}.Type,yes,existing_command_object_parent,medium,path 位于当前 MML seed/catalog 二级命令节点 object_path 下，可挂入该二级节点；需确认分组是否过粗,SA,设备信息参数管理,设备基本信息,Device.DeviceInfo.,,json_seed_and_catalog_existing_group,omcgo/internal/config/parammodel/mmlstandardloader/seeds/cmcc_tdlte_v23.json; omcgo/datamodels/mml-catalog/cmcc-tdlte-v2.3.json,YES_EXISTING_JSON_PARENT_GROUP,existing_mml_parent_object_group,READ_ONLY,U_INT,{i},Device.DeviceInfo.EU.{i}.RU.{i}.,
Device.DeviceInfo.EU.{i}.RU.{i}.ULCRCSum,yes,existing_command_object_parent,medium,path 位于当前 MML seed/catalog 二级命令节点 object_path 下，可挂入该二级节点；需确认分组是否过粗,SA,设备信息参数管理,设备基本信息,Device.DeviceInfo.,,json_seed_and_catalog_existing_group,omcgo/internal/config/parammodel/mmlstandardloader/seeds/cmcc_tdlte_v23.json; omcgo/datamodels/mml-catalog/cmcc-tdlte-v2.3.json,YES_EXISTING_JSON_PARENT_GROUP,existing_mml_parent_object_group,READ_ONLY,STRING,{i},Device.DeviceInfo.EU.{i}.RU.{i}.,
Device.DeviceInfo.EU.{i}.RU.{i}.UMTSPA,yes,existing_command_object_parent,medium,path 位于当前 MML seed/catalog 二级命令节点 object_path 下，可挂入该二级节点；需确认分组是否过粗,SA,设备信息参数管理,设备基本信息,Device.DeviceInfo.,,json_seed_and_catalog_existing_group,omcgo/internal/config/parammodel/mmlstandardloader/seeds/cmcc_tdlte_v23.json; omcgo/datamodels/mml-catalog/cmcc-tdlte-v2.3.json,YES_EXISTING_JSON_PARENT_GROUP,existing_mml_parent_object_group,READ_WRITE,BOOLEAN,{i},Device.DeviceInfo.EU.{i}.RU.{i}.,
Device.DeviceInfo.EU.{i}.RU.{i}.UMTSTargetPower,yes,existing_command_object_parent,medium,path 位于当前 MML seed/catalog 二级命令节点 object_path 下，可挂入该二级节点；需确认分组是否过粗,SA,设备信息参数管理,设备基本信息,Device.DeviceInfo.,,json_seed_and_catalog_existing_group,omcgo/internal/config/parammodel/mmlstandardloader/seeds/cmcc_tdlte_v23.json; omcgo/datamodels/mml-catalog/cmcc-tdlte-v2.3.json,YES_EXISTING_JSON_PARENT_GROUP,existing_mml_parent_object_group,READ_WRITE,U_INT,{i},Device.DeviceInfo.EU.{i}.RU.{i}.,
Device.DeviceInfo.EU.{i}.Reboot,yes,existing_command_object_parent,medium,path 位于当前 MML seed/catalog 二级命令节点 object_path 下，可挂入该二级节点；需确认分组是否过粗,SA,设备信息参数管理,设备基本信息,Device.DeviceInfo.,,json_seed_and_catalog_existing_group,omcgo/internal/config/parammodel/mmlstandardloader/seeds/cmcc_tdlte_v23.json; omcgo/datamodels/mml-catalog/cmcc-tdlte-v2.3.json,YES_EXISTING_JSON_PARENT_GROUP,existing_mml_parent_object_group,READ_WRITE,BOOLEAN,{i},Device.DeviceInfo.EU.{i}.,
Device.DeviceInfo.EU.{i}.RouteIndex,yes,existing_command_object_parent,medium,path 位于当前 MML seed/catalog 二级命令节点 object_path 下，可挂入该二级节点；需确认分组是否过粗,SA,设备信息参数管理,设备基本信息,Device.DeviceInfo.,,json_seed_and_catalog_existing_group,omcgo/internal/config/parammodel/mmlstandardloader/seeds/cmcc_tdlte_v23.json; omcgo/datamodels/mml-catalog/cmcc-tdlte-v2.3.json,YES_EXISTING_JSON_PARENT_GROUP,existing_mml_parent_object_group,READ_ONLY,STRING,{i},Device.DeviceInfo.EU.{i}.,
Device.DeviceInfo.EU.{i}.SerialNumber,yes,existing_command_object_parent,medium,path 位于当前 MML seed/catalog 二级命令节点 object_path 下，可挂入该二级节点；需确认分组是否过粗,SA,设备信息参数管理,设备基本信息,Device.DeviceInfo.,,json_seed_and_catalog_existing_group,omcgo/internal/config/parammodel/mmlstandardloader/seeds/cmcc_tdlte_v23.json; omcgo/datamodels/mml-catalog/cmcc-tdlte-v2.3.json,YES_EXISTING_JSON_PARENT_GROUP,existing_mml_parent_object_group,READ_ONLY,STRING,{i},Device.DeviceInfo.EU.{i}.,
Device.DeviceInfo.EU.{i}.SoftwareVersion,yes,existing_command_object_parent,medium,path 位于当前 MML seed/catalog 二级命令节点 object_path 下，可挂入该二级节点；需确认分组是否过粗,SA,设备信息参数管理,设备基本信息,Device.DeviceInfo.,,json_seed_and_catalog_existing_group,omcgo/internal/config/parammodel/mmlstandardloader/seeds/cmcc_tdlte_v23.json; omcgo/datamodels/mml-catalog/cmcc-tdlte-v2.3.json,YES_EXISTING_JSON_PARENT_GROUP,existing_mml_parent_object_group,READ_ONLY,STRING,{i},Device.DeviceInfo.EU.{i}.,
Device.DeviceInfo.EU.{i}.Status,yes,existing_command_object_parent,medium,path 位于当前 MML seed/catalog 二级命令节点 object_path 下，可挂入该二级节点；需确认分组是否过粗,SA,设备信息参数管理,设备基本信息,Device.DeviceInfo.,,json_seed_and_catalog_existing_group,omcgo/internal/config/parammodel/mmlstandardloader/seeds/cmcc_tdlte_v23.json; omcgo/datamodels/mml-catalog/cmcc-tdlte-v2.3.json,YES_EXISTING_JSON_PARENT_GROUP,existing_mml_parent_object_group,READ_ONLY,U_INT,{i},Device.DeviceInfo.EU.{i}.,
Device.DeviceInfo.EU.{i}.Type,yes,existing_command_object_parent,medium,path 位于当前 MML seed/catalog 二级命令节点 object_path 下，可挂入该二级节点；需确认分组是否过粗,SA,设备信息参数管理,设备基本信息,Device.DeviceInfo.,,json_seed_and_catalog_existing_group,omcgo/internal/config/parammodel/mmlstandardloader/seeds/cmcc_tdlte_v23.json; omcgo/datamodels/mml-catalog/cmcc-tdlte-v2.3.json,YES_EXISTING_JSON_PARENT_GROUP,existing_mml_parent_object_group,READ_ONLY,U_INT,{i},Device.DeviceInfo.EU.{i}.,
Device.DeviceInfo.EU.{i}.ULCRCSum,yes,existing_command_object_parent,medium,path 位于当前 MML seed/catalog 二级命令节点 object_path 下，可挂入该二级节点；需确认分组是否过粗,SA,设备信息参数管理,设备基本信息,Device.DeviceInfo.,,json_seed_and_catalog_existing_group,omcgo/internal/config/parammodel/mmlstandardloader/seeds/cmcc_tdlte_v23.json; omcgo/datamodels/mml-catalog/cmcc-tdlte-v2.3.json,YES_EXISTING_JSON_PARENT_GROUP,existing_mml_parent_object_group,READ_ONLY,STRING,{i},Device.DeviceInfo.EU.{i}.,
Device.DeviceInfo.RU.{i}.HardwareVersion,yes,existing_command_object_parent,medium,path 位于当前 MML seed/catalog 二级命令节点 object_path 下，可挂入该二级节点；需确认分组是否过粗,SA,设备信息参数管理,设备基本信息,Device.DeviceInfo.,,json_seed_and_catalog_existing_group,omcgo/internal/config/parammodel/mmlstandardloader/seeds/cmcc_tdlte_v23.json; omcgo/datamodels/mml-catalog/cmcc-tdlte-v2.3.json,YES_EXISTING_JSON_PARENT_GROUP,existing_mml_parent_object_group,READ_ONLY,STRING,{i},Device.DeviceInfo.RU.{i}.,
Device.DeviceInfo.RU.{i}.IpAddress,yes,existing_command_object_parent,medium,path 位于当前 MML seed/catalog 二级命令节点 object_path 下，可挂入该二级节点；需确认分组是否过粗,SA,设备信息参数管理,设备基本信息,Device.DeviceInfo.,,json_seed_and_catalog_existing_group,omcgo/internal/config/parammodel/mmlstandardloader/seeds/cmcc_tdlte_v23.json; omcgo/datamodels/mml-catalog/cmcc-tdlte-v2.3.json,YES_EXISTING_JSON_PARENT_GROUP,existing_mml_parent_object_group,READ_ONLY,STRING,{i},Device.DeviceInfo.RU.{i}.,
Device.DeviceInfo.RU.{i}.MaxTxPower,yes,existing_command_object_parent,medium,path 位于当前 MML seed/catalog 二级命令节点 object_path 下，可挂入该二级节点；需确认分组是否过粗,SA,设备信息参数管理,设备基本信息,Device.DeviceInfo.,,json_seed_and_catalog_existing_group,omcgo/internal/config/parammodel/mmlstandardloader/seeds/cmcc_tdlte_v23.json; omcgo/datamodels/mml-catalog/cmcc-tdlte-v2.3.json,YES_EXISTING_JSON_PARENT_GROUP,existing_mml_parent_object_group,READ_WRITE,INT,{i},Device.DeviceInfo.RU.{i}.,
Device.DeviceInfo.RU.{i}.ModelName,yes,existing_command_object_parent,medium,path 位于当前 MML seed/catalog 二级命令节点 object_path 下，可挂入该二级节点；需确认分组是否过粗,SA,设备信息参数管理,设备基本信息,Device.DeviceInfo.,,json_seed_and_catalog_existing_group,omcgo/internal/config/parammodel/mmlstandardloader/seeds/cmcc_tdlte_v23.json; omcgo/datamodels/mml-catalog/cmcc-tdlte-v2.3.json,YES_EXISTING_JSON_PARENT_GROUP,existing_mml_parent_object_group,READ_ONLY,STRING,{i},Device.DeviceInfo.RU.{i}.,
Device.DeviceInfo.RU.{i}.RFTxStatus,yes,existing_command_object_parent,medium,path 位于当前 MML seed/catalog 二级命令节点 object_path 下，可挂入该二级节点；需确认分组是否过粗,SA,设备信息参数管理,设备基本信息,Device.DeviceInfo.,,json_seed_and_catalog_existing_group,omcgo/internal/config/parammodel/mmlstandardloader/seeds/cmcc_tdlte_v23.json; omcgo/datamodels/mml-catalog/cmcc-tdlte-v2.3.json,YES_EXISTING_JSON_PARENT_GROUP,existing_mml_parent_object_group,READ_WRITE,BOOLEAN,{i},Device.DeviceInfo.RU.{i}.,
Device.DeviceInfo.RU.{i}.RUWithCellRelation,yes,existing_command_object_parent,medium,path 位于当前 MML seed/catalog 二级命令节点 object_path 下，可挂入该二级节点；需确认分组是否过粗,SA,设备信息参数管理,设备基本信息,Device.DeviceInfo.,,json_seed_and_catalog_existing_group,omcgo/internal/config/parammodel/mmlstandardloader/seeds/cmcc_tdlte_v23.json; omcgo/datamodels/mml-catalog/cmcc-tdlte-v2.3.json,YES_EXISTING_JSON_PARENT_GROUP,existing_mml_parent_object_group,READ_WRITE,STRING,{i},Device.DeviceInfo.RU.{i}.,
Device.DeviceInfo.RU.{i}.Reboot,yes,existing_command_object_parent,medium,path 位于当前 MML seed/catalog 二级命令节点 object_path 下，可挂入该二级节点；需确认分组是否过粗,SA,设备信息参数管理,设备基本信息,Device.DeviceInfo.,,json_seed_and_catalog_existing_group,omcgo/internal/config/parammodel/mmlstandardloader/seeds/cmcc_tdlte_v23.json; omcgo/datamodels/mml-catalog/cmcc-tdlte-v2.3.json,YES_EXISTING_JSON_PARENT_GROUP,existing_mml_parent_object_group,READ_WRITE,BOOLEAN,{i},Device.DeviceInfo.RU.{i}.,
Device.DeviceInfo.RU.{i}.RouteIndex,yes,existing_command_object_parent,medium,path 位于当前 MML seed/catalog 二级命令节点 object_path 下，可挂入该二级节点；需确认分组是否过粗,SA,设备信息参数管理,设备基本信息,Device.DeviceInfo.,,json_seed_and_catalog_existing_group,omcgo/internal/config/parammodel/mmlstandardloader/seeds/cmcc_tdlte_v23.json; omcgo/datamodels/mml-catalog/cmcc-tdlte-v2.3.json,YES_EXISTING_JSON_PARENT_GROUP,existing_mml_parent_object_group,READ_ONLY,STRING,{i},Device.DeviceInfo.RU.{i}.,
Device.DeviceInfo.RU.{i}.SerialNumber,yes,existing_command_object_parent,medium,path 位于当前 MML seed/catalog 二级命令节点 object_path 下，可挂入该二级节点；需确认分组是否过粗,SA,设备信息参数管理,设备基本信息,Device.DeviceInfo.,,json_seed_and_catalog_existing_group,omcgo/internal/config/parammodel/mmlstandardloader/seeds/cmcc_tdlte_v23.json; omcgo/datamodels/mml-catalog/cmcc-tdlte-v2.3.json,YES_EXISTING_JSON_PARENT_GROUP,existing_mml_parent_object_group,READ_ONLY,STRING,{i},Device.DeviceInfo.RU.{i}.,
Device.DeviceInfo.RU.{i}.SoftwareVersion,yes,existing_command_object_parent,medium,path 位于当前 MML seed/catalog 二级命令节点 object_path 下，可挂入该二级节点；需确认分组是否过粗,SA,设备信息参数管理,设备基本信息,Device.DeviceInfo.,,json_seed_and_catalog_existing_group,omcgo/internal/config/parammodel/mmlstandardloader/seeds/cmcc_tdlte_v23.json; omcgo/datamodels/mml-catalog/cmcc-tdlte-v2.3.json,YES_EXISTING_JSON_PARENT_GROUP,existing_mml_parent_object_group,READ_ONLY,STRING,{i},Device.DeviceInfo.RU.{i}.,
Device.DeviceInfo.RU.{i}.SwUpgradeFailCause,yes,existing_command_object_parent,medium,path 位于当前 MML seed/catalog 二级命令节点 object_path 下，可挂入该二级节点；需确认分组是否过粗,SA,设备信息参数管理,设备基本信息,Device.DeviceInfo.,,json_seed_and_catalog_existing_group,omcgo/internal/config/parammodel/mmlstandardloader/seeds/cmcc_tdlte_v23.json; omcgo/datamodels/mml-catalog/cmcc-tdlte-v2.3.json,YES_EXISTING_JSON_PARENT_GROUP,existing_mml_parent_object_group,READ_ONLY,STRING,{i},Device.DeviceInfo.RU.{i}.,
Device.DeviceInfo.RU.{i}.SwUpgradeStage,yes,existing_command_object_parent,medium,path 位于当前 MML seed/catalog 二级命令节点 object_path 下，可挂入该二级节点；需确认分组是否过粗,SA,设备信息参数管理,设备基本信息,Device.DeviceInfo.,,json_seed_and_catalog_existing_group,omcgo/internal/config/parammodel/mmlstandardloader/seeds/cmcc_tdlte_v23.json; omcgo/datamodels/mml-catalog/cmcc-tdlte-v2.3.json,YES_EXISTING_JSON_PARENT_GROUP,existing_mml_parent_object_group,READ_ONLY,STRING,{i},Device.DeviceInfo.RU.{i}.,
Device.DeviceInfo.RU.{i}.SwUpgradeStatus,yes,existing_command_object_parent,medium,path 位于当前 MML seed/catalog 二级命令节点 object_path 下，可挂入该二级节点；需确认分组是否过粗,SA,设备信息参数管理,设备基本信息,Device.DeviceInfo.,,json_seed_and_catalog_existing_group,omcgo/internal/config/parammodel/mmlstandardloader/seeds/cmcc_tdlte_v23.json; omcgo/datamodels/mml-catalog/cmcc-tdlte-v2.3.json,YES_EXISTING_JSON_PARENT_GROUP,existing_mml_parent_object_group,READ_ONLY,STRING,{i},Device.DeviceInfo.RU.{i}.,
Device.DeviceInfo.{i}.UE_Count,yes,direct_existing_command_group,high,同 target_group_code 已有 MML 参数，属于当前参数树的二级命令分组,SA,设备信息参数管理,设备基本信息,Device.DeviceInfo.,DEVICE_DEVICEINFO,existing_mml_group_code_from_analysis,omcgo/data/model-library/standard-params-to-mml-tree-analysis-20260703.detail.csv,YES_SAME_EXISTING_GROUP_CODE,direct_existing_mml_group,READ_ONLY,INT,{i},Device.DeviceInfo.{i}.,
Device.ManagementServer.sslStatus.endDate,yes,existing_command_object_parent,medium,path 位于当前 MML seed/catalog 二级命令节点 object_path 下，可挂入该二级节点；需确认分组是否过粗,SC,基站网管参数管理,基站网管连接,Device.ManagementServer.,,json_seed_and_catalog_existing_group,omcgo/internal/config/parammodel/mmlstandardloader/seeds/cmcc_tdlte_v23.json; omcgo/datamodels/mml-catalog/cmcc-tdlte-v2.3.json,YES_EXISTING_JSON_PARENT_GROUP,existing_mml_parent_object_group,READ_ONLY,STRING,sslStatus,Device.ManagementServer.sslStatus.,
Device.ManagementServer.sslStatus.startDate,yes,existing_command_object_parent,medium,path 位于当前 MML seed/catalog 二级命令节点 object_path 下，可挂入该二级节点；需确认分组是否过粗,SC,基站网管参数管理,基站网管连接,Device.ManagementServer.,,json_seed_and_catalog_existing_group,omcgo/internal/config/parammodel/mmlstandardloader/seeds/cmcc_tdlte_v23.json; omcgo/datamodels/mml-catalog/cmcc-tdlte-v2.3.json,YES_EXISTING_JSON_PARENT_GROUP,existing_mml_parent_object_group,READ_ONLY,STRING,sslStatus,Device.ManagementServer.sslStatus.,
Device.Services.FAPService.{i}.FAPControl.NR.AMFPoolConfigParam.{i},yes,existing_command_object_parent,medium,path 位于当前 MML seed/catalog 二级命令节点 object_path 下，可挂入该二级节点；需确认分组是否过粗,SF,小区服务参数管理（总体）,FAP 载波基本配置,Device.Services.FAPService.{i}.,,json_seed_and_catalog_existing_group,omcgo/internal/config/parammodel/mmlstandardloader/seeds/cmcc_tdlte_v23.json; omcgo/datamodels/mml-catalog/cmcc-tdlte-v2.3.json,YES_EXISTING_JSON_PARENT_GROUP,existing_mml_parent_object_group,READ_WRITE,STRING,AMFPoolConfigParam,Device.Services.FAPService.{i}.FAPControl.NR.AMFPoolConfigParam.,
Device.Services.FAPService.{i}.X_COM.LTE.ANR.AnrA3Offset,yes,existing_command_object_parent,medium,path 位于当前 MML seed/catalog 二级命令节点 object_path 下，可挂入该二级节点；需确认分组是否过粗,SF,小区服务参数管理（总体）,FAP 载波基本配置,Device.Services.FAPService.{i}.,,json_seed_and_catalog_existing_group,omcgo/internal/config/parammodel/mmlstandardloader/seeds/cmcc_tdlte_v23.json; omcgo/datamodels/mml-catalog/cmcc-tdlte-v2.3.json,YES_EXISTING_JSON_PARENT_GROUP,existing_mml_parent_object_group,READ_WRITE,STRING,ANR,Device.Services.FAPService.{i}.X_COM.LTE.ANR.,
Device.Services.FAPService.{i}.X_COM.LTE.ANR.AnrReportCfgVal,yes,existing_command_object_parent,medium,path 位于当前 MML seed/catalog 二级命令节点 object_path 下，可挂入该二级节点；需确认分组是否过粗,SF,小区服务参数管理（总体）,FAP 载波基本配置,Device.Services.FAPService.{i}.,,json_seed_and_catalog_existing_group,omcgo/internal/config/parammodel/mmlstandardloader/seeds/cmcc_tdlte_v23.json; omcgo/datamodels/mml-catalog/cmcc-tdlte-v2.3.json,YES_EXISTING_JSON_PARENT_GROUP,existing_mml_parent_object_group,READ_WRITE,STRING,ANR,Device.Services.FAPService.{i}.X_COM.LTE.ANR.,
Device.Services.FAPService.{i}.X_COM.LTE.ANR.InterAnrA5Threshold1RSRP,yes,existing_command_object_parent,medium,path 位于当前 MML seed/catalog 二级命令节点 object_path 下，可挂入该二级节点；需确认分组是否过粗,SF,小区服务参数管理（总体）,FAP 载波基本配置,Device.Services.FAPService.{i}.,,json_seed_and_catalog_existing_group,omcgo/internal/config/parammodel/mmlstandardloader/seeds/cmcc_tdlte_v23.json; omcgo/datamodels/mml-catalog/cmcc-tdlte-v2.3.json,YES_EXISTING_JSON_PARENT_GROUP,existing_mml_parent_object_group,READ_WRITE,STRING,ANR,Device.Services.FAPService.{i}.X_COM.LTE.ANR.,
Device.Services.FAPService.{i}.X_COM.LTE.ANR.InterAnrA5Threshold2RSRP,yes,existing_command_object_parent,medium,path 位于当前 MML seed/catalog 二级命令节点 object_path 下，可挂入该二级节点；需确认分组是否过粗,SF,小区服务参数管理（总体）,FAP 载波基本配置,Device.Services.FAPService.{i}.,,json_seed_and_catalog_existing_group,omcgo/internal/config/parammodel/mmlstandardloader/seeds/cmcc_tdlte_v23.json; omcgo/datamodels/mml-catalog/cmcc-tdlte-v2.3.json,YES_EXISTING_JSON_PARENT_GROUP,existing_mml_parent_object_group,READ_WRITE,STRING,ANR,Device.Services.FAPService.{i}.X_COM.LTE.ANR.,
Device.Services.FAPService.{i}.FAPControl.CONFIG_STATS_FLOW.STATS_FLOW_SWITCH,yes,existing_command_object_parent,medium,path 位于当前 MML seed/catalog 二级命令节点 object_path 下，可挂入该二级节点；需确认分组是否过粗,SF,小区服务参数管理（总体）,FAP 载波基本配置,Device.Services.FAPService.{i}.,,json_seed_and_catalog_existing_group,omcgo/internal/config/parammodel/mmlstandardloader/seeds/cmcc_tdlte_v23.json; omcgo/datamodels/mml-catalog/cmcc-tdlte-v2.3.json,YES_EXISTING_JSON_PARENT_GROUP,existing_mml_parent_object_group,READ_WRITE,BOOLEAN,CONFIG_STATS_FLOW,Device.Services.FAPService.{i}.FAPControl.CONFIG_STATS_FLOW.,
Device.Services.FAPService.{i}.FAPControl.CONFIG_STATS_FLOW.STATS_FLOW_UPLOAD_ADDRESS,yes,existing_command_object_parent,medium,path 位于当前 MML seed/catalog 二级命令节点 object_path 下，可挂入该二级节点；需确认分组是否过粗,SF,小区服务参数管理（总体）,FAP 载波基本配置,Device.Services.FAPService.{i}.,,json_seed_and_catalog_existing_group,omcgo/internal/config/parammodel/mmlstandardloader/seeds/cmcc_tdlte_v23.json; omcgo/datamodels/mml-catalog/cmcc-tdlte-v2.3.json,YES_EXISTING_JSON_PARENT_GROUP,existing_mml_parent_object_group,READ_WRITE,STRING,CONFIG_STATS_FLOW,Device.Services.FAPService.{i}.FAPControl.CONFIG_STATS_FLOW.,
Device.Services.FAPService.{i}.FAPControl.CONFIG_STATS_FLOW.STATS_FLOW_UPLOAD_INTERVAL,yes,existing_command_object_parent,medium,path 位于当前 MML seed/catalog 二级命令节点 object_path 下，可挂入该二级节点；需确认分组是否过粗,SF,小区服务参数管理（总体）,FAP 载波基本配置,Device.Services.FAPService.{i}.,,json_seed_and_catalog_existing_group,omcgo/internal/config/parammodel/mmlstandardloader/seeds/cmcc_tdlte_v23.json; omcgo/datamodels/mml-catalog/cmcc-tdlte-v2.3.json,YES_EXISTING_JSON_PARENT_GROUP,existing_mml_parent_object_group,READ_WRITE,INT,CONFIG_STATS_FLOW,Device.Services.FAPService.{i}.FAPControl.CONFIG_STATS_FLOW.,
Device.Services.FAPService.{i}.FAPControl.LTE.LICENSE.Capacity.{i},yes,existing_command_object_parent,medium,path 位于当前 MML seed/catalog 二级命令节点 object_path 下，可挂入该二级节点；需确认分组是否过粗,SF,小区服务参数管理（总体）,FAP 载波基本配置,Device.Services.FAPService.{i}.,,json_seed_and_catalog_existing_group,omcgo/internal/config/parammodel/mmlstandardloader/seeds/cmcc_tdlte_v23.json; omcgo/datamodels/mml-catalog/cmcc-tdlte-v2.3.json,YES_EXISTING_JSON_PARENT_GROUP,existing_mml_parent_object_group,READ_ONLY,STRING,Capacity,Device.Services.FAPService.{i}.FAPControl.LTE.LICENSE.Capacity.,
Device.Services.FAPService.{i}.FAPControl.NR.DscpList.{i},yes,existing_command_object_parent,medium,path 位于当前 MML seed/catalog 二级命令节点 object_path 下，可挂入该二级节点；需确认分组是否过粗,SF,小区服务参数管理（总体）,FAP 载波基本配置,Device.Services.FAPService.{i}.,,json_seed_and_catalog_existing_group,omcgo/internal/config/parammodel/mmlstandardloader/seeds/cmcc_tdlte_v23.json; omcgo/datamodels/mml-catalog/cmcc-tdlte-v2.3.json,YES_EXISTING_JSON_PARENT_GROUP,existing_mml_parent_object_group,READ_WRITE,STRING,DscpList,Device.Services.FAPService.{i}.FAPControl.NR.DscpList.,
Device.Services.FAPService.{i}.CellConfig.{i}.NR.Duf1uLog.Duf1uLogLevel,yes,existing_command_object_parent,medium,path 位于当前 MML seed/catalog 二级命令节点 object_path 下，可挂入该二级节点；需确认分组是否过粗,SF,小区服务参数管理（总体）,FAP 载波基本配置,Device.Services.FAPService.{i}.,,json_seed_and_catalog_existing_group,omcgo/internal/config/parammodel/mmlstandardloader/seeds/cmcc_tdlte_v23.json; omcgo/datamodels/mml-catalog/cmcc-tdlte-v2.3.json,YES_EXISTING_JSON_PARENT_GROUP,existing_mml_parent_object_group,READ_WRITE,STRING,Duf1uLog,Device.Services.FAPService.{i}.CellConfig.{i}.NR.Duf1uLog.,
Device.Services.FAPService.{i}.FAPControl.NR.DumgrProvLog.DumgrFileCount,yes,existing_command_object_parent,medium,path 位于当前 MML seed/catalog 二级命令节点 object_path 下，可挂入该二级节点；需确认分组是否过粗,SF,小区服务参数管理（总体）,FAP 载波基本配置,Device.Services.FAPService.{i}.,,json_seed_and_catalog_existing_group,omcgo/internal/config/parammodel/mmlstandardloader/seeds/cmcc_tdlte_v23.json; omcgo/datamodels/mml-catalog/cmcc-tdlte-v2.3.json,YES_EXISTING_JSON_PARENT_GROUP,existing_mml_parent_object_group,READ_WRITE,STRING,DumgrProvLog,Device.Services.FAPService.{i}.FAPControl.NR.DumgrProvLog.,
Device.Services.FAPService.{i}.FAPControl.NR.DumgrProvLog.DumgrLogLevel,yes,existing_command_object_parent,medium,path 位于当前 MML seed/catalog 二级命令节点 object_path 下，可挂入该二级节点；需确认分组是否过粗,SF,小区服务参数管理（总体）,FAP 载波基本配置,Device.Services.FAPService.{i}.,,json_seed_and_catalog_existing_group,omcgo/internal/config/parammodel/mmlstandardloader/seeds/cmcc_tdlte_v23.json; omcgo/datamodels/mml-catalog/cmcc-tdlte-v2.3.json,YES_EXISTING_JSON_PARENT_GROUP,existing_mml_parent_object_group,READ_WRITE,STRING,DumgrProvLog,Device.Services.FAPService.{i}.FAPControl.NR.DumgrProvLog.,
Device.Services.FAPService.{i}.FAPControl.NR.DumgrProvLog.DumgrMaxLogFilesize,yes,existing_command_object_parent,medium,path 位于当前 MML seed/catalog 二级命令节点 object_path 下，可挂入该二级节点；需确认分组是否过粗,SF,小区服务参数管理（总体）,FAP 载波基本配置,Device.Services.FAPService.{i}.,,json_seed_and_catalog_existing_group,omcgo/internal/config/parammodel/mmlstandardloader/seeds/cmcc_tdlte_v23.json; omcgo/datamodels/mml-catalog/cmcc-tdlte-v2.3.json,YES_EXISTING_JSON_PARENT_GROUP,existing_mml_parent_object_group,READ_WRITE,STRING,DumgrProvLog,Device.Services.FAPService.{i}.FAPControl.NR.DumgrProvLog.,
Device.Services.FAPService.{i}.FAPControl.NR.DumgrProvLog.DumgrShmSize,yes,existing_command_object_parent,medium,path 位于当前 MML seed/catalog 二级命令节点 object_path 下，可挂入该二级节点；需确认分组是否过粗,SF,小区服务参数管理（总体）,FAP 载波基本配置,Device.Services.FAPService.{i}.,,json_seed_and_catalog_existing_group,omcgo/internal/config/parammodel/mmlstandardloader/seeds/cmcc_tdlte_v23.json; omcgo/datamodels/mml-catalog/cmcc-tdlte-v2.3.json,YES_EXISTING_JSON_PARENT_GROUP,existing_mml_parent_object_group,READ_WRITE,STRING,DumgrProvLog,Device.Services.FAPService.{i}.FAPControl.NR.DumgrProvLog.,
Device.Services.FAPService.{i}.X_COM.LTE.EUTRA_NEIGHBOR.AllowedMeasBW,yes,existing_command_object_parent,medium,path 位于当前 MML seed/catalog 二级命令节点 object_path 下，可挂入该二级节点；需确认分组是否过粗,SF,小区服务参数管理（总体）,FAP 载波基本配置,Device.Services.FAPService.{i}.,,json_seed_and_catalog_existing_group,omcgo/internal/config/parammodel/mmlstandardloader/seeds/cmcc_tdlte_v23.json; omcgo/datamodels/mml-catalog/cmcc-tdlte-v2.3.json,YES_EXISTING_JSON_PARENT_GROUP,existing_mml_parent_object_group,READ_WRITE,STRING,EUTRA_NEIGHBOR,Device.Services.FAPService.{i}.X_COM.LTE.EUTRA_NEIGHBOR.,
Device.Services.FAPService.{i}.FAPControl.NR.F1apDscp.Dscp,yes,existing_command_object_parent,medium,path 位于当前 MML seed/catalog 二级命令节点 object_path 下，可挂入该二级节点；需确认分组是否过粗,SF,小区服务参数管理（总体）,FAP 载波基本配置,Device.Services.FAPService.{i}.,,json_seed_and_catalog_existing_group,omcgo/internal/config/parammodel/mmlstandardloader/seeds/cmcc_tdlte_v23.json; omcgo/datamodels/mml-catalog/cmcc-tdlte-v2.3.json,YES_EXISTING_JSON_PARENT_GROUP,existing_mml_parent_object_group,READ_WRITE,STRING,F1apDscp,Device.Services.FAPService.{i}.FAPControl.NR.F1apDscp.,
Device.Services.FAPService.{i}.FAPControl.NR.F1apDscp.VlanPrio,yes,existing_command_object_parent,medium,path 位于当前 MML seed/catalog 二级命令节点 object_path 下，可挂入该二级节点；需确认分组是否过粗,SF,小区服务参数管理（总体）,FAP 载波基本配置,Device.Services.FAPService.{i}.,,json_seed_and_catalog_existing_group,omcgo/internal/config/parammodel/mmlstandardloader/seeds/cmcc_tdlte_v23.json; omcgo/datamodels/mml-catalog/cmcc-tdlte-v2.3.json,YES_EXISTING_JSON_PARENT_GROUP,existing_mml_parent_object_group,READ_WRITE,STRING,F1apDscp,Device.Services.FAPService.{i}.FAPControl.NR.F1apDscp.,
Device.Services.FAPService.{i}.FAPControl.NR.F1apLog.RrcLogLevel,yes,existing_command_object_parent,medium,path 位于当前 MML seed/catalog 二级命令节点 object_path 下，可挂入该二级节点；需确认分组是否过粗,SF,小区服务参数管理（总体）,FAP 载波基本配置,Device.Services.FAPService.{i}.,,json_seed_and_catalog_existing_group,omcgo/internal/config/parammodel/mmlstandardloader/seeds/cmcc_tdlte_v23.json; omcgo/datamodels/mml-catalog/cmcc-tdlte-v2.3.json,YES_EXISTING_JSON_PARENT_GROUP,existing_mml_parent_object_group,READ_WRITE,STRING,F1apLog,Device.Services.FAPService.{i}.FAPControl.NR.F1apLog.,
Device.Services.FAPService.{i}.FAPControl.AUTO_START_ENABLE,yes,existing_command_object_parent,medium,path 位于当前 MML seed/catalog 二级命令节点 object_path 下，可挂入该二级节点；需确认分组是否过粗,SF,小区服务参数管理（总体）,FAP 载波基本配置,Device.Services.FAPService.{i}.,,json_seed_and_catalog_existing_group,omcgo/internal/config/parammodel/mmlstandardloader/seeds/cmcc_tdlte_v23.json; omcgo/datamodels/mml-catalog/cmcc-tdlte-v2.3.json,YES_EXISTING_JSON_PARENT_GROUP,existing_mml_parent_object_group,READ_WRITE,BOOLEAN,FAPControl,Device.Services.FAPService.{i}.FAPControl.,
Device.Services.FAPService.{i}.FAPControl.EciAutoEnable,yes,existing_command_object_parent,medium,path 位于当前 MML seed/catalog 二级命令节点 object_path 下，可挂入该二级节点；需确认分组是否过粗,SF,小区服务参数管理（总体）,FAP 载波基本配置,Device.Services.FAPService.{i}.,,json_seed_and_catalog_existing_group,omcgo/internal/config/parammodel/mmlstandardloader/seeds/cmcc_tdlte_v23.json; omcgo/datamodels/mml-catalog/cmcc-tdlte-v2.3.json,YES_EXISTING_JSON_PARENT_GROUP,existing_mml_parent_object_group,READ_WRITE,STRING,FAPControl,Device.Services.FAPService.{i}.FAPControl.,
Device.Services.FAPService.{i}.FAPControl.PLLSyncState,yes,existing_command_object_parent,medium,path 位于当前 MML seed/catalog 二级命令节点 object_path 下，可挂入该二级节点；需确认分组是否过粗,SF,小区服务参数管理（总体）,FAP 载波基本配置,Device.Services.FAPService.{i}.,,json_seed_and_catalog_existing_group,omcgo/internal/config/parammodel/mmlstandardloader/seeds/cmcc_tdlte_v23.json; omcgo/datamodels/mml-catalog/cmcc-tdlte-v2.3.json,YES_EXISTING_JSON_PARENT_GROUP,existing_mml_parent_object_group,READ_ONLY,STRING,FAPControl,Device.Services.FAPService.{i}.FAPControl.,
Device.Services.FAPService.{i}.FAPControl.LTE.Gateway.AGPort1,yes,existing_command_object_parent,medium,path 位于当前 MML seed/catalog 二级命令节点 object_path 下，可挂入该二级节点；需确认分组是否过粗,SF,小区服务参数管理（总体）,FAP 载波基本配置,Device.Services.FAPService.{i}.,,json_seed_and_catalog_existing_group,omcgo/internal/config/parammodel/mmlstandardloader/seeds/cmcc_tdlte_v23.json; omcgo/datamodels/mml-catalog/cmcc-tdlte-v2.3.json,YES_EXISTING_JSON_PARENT_GROUP,existing_mml_parent_object_group,READ_WRITE,STRING,Gateway,Device.Services.FAPService.{i}.FAPControl.LTE.Gateway.,
Device.Services.FAPService.{i}.FAPControl.LTE.Gateway.AGPort2,yes,existing_command_object_parent,medium,path 位于当前 MML seed/catalog 二级命令节点 object_path 下，可挂入该二级节点；需确认分组是否过粗,SF,小区服务参数管理（总体）,FAP 载波基本配置,Device.Services.FAPService.{i}.,,json_seed_and_catalog_existing_group,omcgo/internal/config/parammodel/mmlstandardloader/seeds/cmcc_tdlte_v23.json; omcgo/datamodels/mml-catalog/cmcc-tdlte-v2.3.json,YES_EXISTING_JSON_PARENT_GROUP,existing_mml_parent_object_group,READ_WRITE,STRING,Gateway,Device.Services.FAPService.{i}.FAPControl.LTE.Gateway.,
Device.Services.FAPService.{i}.FAPControl.LTE.Gateway.AGPort3,yes,existing_command_object_parent,medium,path 位于当前 MML seed/catalog 二级命令节点 object_path 下，可挂入该二级节点；需确认分组是否过粗,SF,小区服务参数管理（总体）,FAP 载波基本配置,Device.Services.FAPService.{i}.,,json_seed_and_catalog_existing_group,omcgo/internal/config/parammodel/mmlstandardloader/seeds/cmcc_tdlte_v23.json; omcgo/datamodels/mml-catalog/cmcc-tdlte-v2.3.json,YES_EXISTING_JSON_PARENT_GROUP,existing_mml_parent_object_group,READ_WRITE,STRING,Gateway,Device.Services.FAPService.{i}.FAPControl.LTE.Gateway.,
Device.Services.FAPService.{i}.FAPControl.LTE.Gateway.AGServerEnable,yes,existing_command_object_parent,medium,path 位于当前 MML seed/catalog 二级命令节点 object_path 下，可挂入该二级节点；需确认分组是否过粗,SF,小区服务参数管理（总体）,FAP 载波基本配置,Device.Services.FAPService.{i}.,,json_seed_and_catalog_existing_group,omcgo/internal/config/parammodel/mmlstandardloader/seeds/cmcc_tdlte_v23.json; omcgo/datamodels/mml-catalog/cmcc-tdlte-v2.3.json,YES_EXISTING_JSON_PARENT_GROUP,existing_mml_parent_object_group,READ_WRITE,BOOLEAN,Gateway,Device.Services.FAPService.{i}.FAPControl.LTE.Gateway.,
Device.Services.FAPService.{i}.FAPControl.LTE.Gateway.AGServerIp1,yes,existing_command_object_parent,medium,path 位于当前 MML seed/catalog 二级命令节点 object_path 下，可挂入该二级节点；需确认分组是否过粗,SF,小区服务参数管理（总体）,FAP 载波基本配置,Device.Services.FAPService.{i}.,,json_seed_and_catalog_existing_group,omcgo/internal/config/parammodel/mmlstandardloader/seeds/cmcc_tdlte_v23.json; omcgo/datamodels/mml-catalog/cmcc-tdlte-v2.3.json,YES_EXISTING_JSON_PARENT_GROUP,existing_mml_parent_object_group,READ_WRITE,STRING,Gateway,Device.Services.FAPService.{i}.FAPControl.LTE.Gateway.,
Device.Services.FAPService.{i}.FAPControl.LTE.Gateway.AGServerIp2,yes,existing_command_object_parent,medium,path 位于当前 MML seed/catalog 二级命令节点 object_path 下，可挂入该二级节点；需确认分组是否过粗,SF,小区服务参数管理（总体）,FAP 载波基本配置,Device.Services.FAPService.{i}.,,json_seed_and_catalog_existing_group,omcgo/internal/config/parammodel/mmlstandardloader/seeds/cmcc_tdlte_v23.json; omcgo/datamodels/mml-catalog/cmcc-tdlte-v2.3.json,YES_EXISTING_JSON_PARENT_GROUP,existing_mml_parent_object_group,READ_WRITE,STRING,Gateway,Device.Services.FAPService.{i}.FAPControl.LTE.Gateway.,
Device.Services.FAPService.{i}.FAPControl.LTE.Gateway.AGServerIp3,yes,existing_command_object_parent,medium,path 位于当前 MML seed/catalog 二级命令节点 object_path 下，可挂入该二级节点；需确认分组是否过粗,SF,小区服务参数管理（总体）,FAP 载波基本配置,Device.Services.FAPService.{i}.,,json_seed_and_catalog_existing_group,omcgo/internal/config/parammodel/mmlstandardloader/seeds/cmcc_tdlte_v23.json; omcgo/datamodels/mml-catalog/cmcc-tdlte-v2.3.json,YES_EXISTING_JSON_PARENT_GROUP,existing_mml_parent_object_group,READ_WRITE,STRING,Gateway,Device.Services.FAPService.{i}.FAPControl.LTE.Gateway.,
Device.Services.FAPService.{i}.FAPControl.LTE.Gateway.ExistPlmnidList,yes,existing_command_object_parent,medium,path 位于当前 MML seed/catalog 二级命令节点 object_path 下，可挂入该二级节点；需确认分组是否过粗,SF,小区服务参数管理（总体）,FAP 载波基本配置,Device.Services.FAPService.{i}.,,json_seed_and_catalog_existing_group,omcgo/internal/config/parammodel/mmlstandardloader/seeds/cmcc_tdlte_v23.json; omcgo/datamodels/mml-catalog/cmcc-tdlte-v2.3.json,YES_EXISTING_JSON_PARENT_GROUP,existing_mml_parent_object_group,READ_WRITE,STRING,Gateway,Device.Services.FAPService.{i}.FAPControl.LTE.Gateway.,
Device.Services.FAPService.{i}.FAPControl.LTE.Gateway.MultiS1ConnectionMode,yes,existing_command_object_parent,medium,path 位于当前 MML seed/catalog 二级命令节点 object_path 下，可挂入该二级节点；需确认分组是否过粗,SF,小区服务参数管理（总体）,FAP 载波基本配置,Device.Services.FAPService.{i}.,,json_seed_and_catalog_existing_group,omcgo/internal/config/parammodel/mmlstandardloader/seeds/cmcc_tdlte_v23.json; omcgo/datamodels/mml-catalog/cmcc-tdlte-v2.3.json,YES_EXISTING_JSON_PARENT_GROUP,existing_mml_parent_object_group,READ_WRITE,STRING,Gateway,Device.Services.FAPService.{i}.FAPControl.LTE.Gateway.,
Device.Services.FAPService.{i}.FAPControl.LTE.Gateway.S1ConnectionMode,yes,existing_command_object_parent,medium,path 位于当前 MML seed/catalog 二级命令节点 object_path 下，可挂入该二级节点；需确认分组是否过粗,SF,小区服务参数管理（总体）,FAP 载波基本配置,Device.Services.FAPService.{i}.,,json_seed_and_catalog_existing_group,omcgo/internal/config/parammodel/mmlstandardloader/seeds/cmcc_tdlte_v23.json; omcgo/datamodels/mml-catalog/cmcc-tdlte-v2.3.json,YES_EXISTING_JSON_PARENT_GROUP,existing_mml_parent_object_group,READ_WRITE,STRING,Gateway,Device.Services.FAPService.{i}.FAPControl.LTE.Gateway.,
Device.Services.FAPService.{i}.FAPControl.LTE.Gateway.S1SigLinkPort,yes,existing_command_object_parent,medium,path 位于当前 MML seed/catalog 二级命令节点 object_path 下，可挂入该二级节点；需确认分组是否过粗,SF,小区服务参数管理（总体）,FAP 载波基本配置,Device.Services.FAPService.{i}.,,json_seed_and_catalog_existing_group,omcgo/internal/config/parammodel/mmlstandardloader/seeds/cmcc_tdlte_v23.json; omcgo/datamodels/mml-catalog/cmcc-tdlte-v2.3.json,YES_EXISTING_JSON_PARENT_GROUP,existing_mml_parent_object_group,READ_WRITE,STRING,Gateway,Device.Services.FAPService.{i}.FAPControl.LTE.Gateway.,
Device.Services.FAPService.{i}.FAPControl.LTE.Gateway.S1SigLinkServerList,yes,existing_command_object_parent,medium,path 位于当前 MML seed/catalog 二级命令节点 object_path 下，可挂入该二级节点；需确认分组是否过粗,SF,小区服务参数管理（总体）,FAP 载波基本配置,Device.Services.FAPService.{i}.,,json_seed_and_catalog_existing_group,omcgo/internal/config/parammodel/mmlstandardloader/seeds/cmcc_tdlte_v23.json; omcgo/datamodels/mml-catalog/cmcc-tdlte-v2.3.json,YES_EXISTING_JSON_PARENT_GROUP,existing_mml_parent_object_group,READ_WRITE,STRING,Gateway,Device.Services.FAPService.{i}.FAPControl.LTE.Gateway.,
Device.Services.FAPService.{i}.FAPControl.LTE.Gateway.SecGWServer1,yes,existing_command_object_parent,medium,path 位于当前 MML seed/catalog 二级命令节点 object_path 下，可挂入该二级节点；需确认分组是否过粗,SF,小区服务参数管理（总体）,FAP 载波基本配置,Device.Services.FAPService.{i}.,,json_seed_and_catalog_existing_group,omcgo/internal/config/parammodel/mmlstandardloader/seeds/cmcc_tdlte_v23.json; omcgo/datamodels/mml-catalog/cmcc-tdlte-v2.3.json,YES_EXISTING_JSON_PARENT_GROUP,existing_mml_parent_object_group,READ_WRITE,STRING,Gateway,Device.Services.FAPService.{i}.FAPControl.LTE.Gateway.,
Device.Services.FAPService.{i}.FAPControl.LTE.Gateway.SecGWServer2,yes,existing_command_object_parent,medium,path 位于当前 MML seed/catalog 二级命令节点 object_path 下，可挂入该二级节点；需确认分组是否过粗,SF,小区服务参数管理（总体）,FAP 载波基本配置,Device.Services.FAPService.{i}.,,json_seed_and_catalog_existing_group,omcgo/internal/config/parammodel/mmlstandardloader/seeds/cmcc_tdlte_v23.json; omcgo/datamodels/mml-catalog/cmcc-tdlte-v2.3.json,YES_EXISTING_JSON_PARENT_GROUP,existing_mml_parent_object_group,READ_WRITE,STRING,Gateway,Device.Services.FAPService.{i}.FAPControl.LTE.Gateway.,
Device.Services.FAPService.{i}.FAPControl.LTE.Gateway.SecGWServer3,yes,existing_command_object_parent,medium,path 位于当前 MML seed/catalog 二级命令节点 object_path 下，可挂入该二级节点；需确认分组是否过粗,SF,小区服务参数管理（总体）,FAP 载波基本配置,Device.Services.FAPService.{i}.,,json_seed_and_catalog_existing_group,omcgo/internal/config/parammodel/mmlstandardloader/seeds/cmcc_tdlte_v23.json; omcgo/datamodels/mml-catalog/cmcc-tdlte-v2.3.json,YES_EXISTING_JSON_PARENT_GROUP,existing_mml_parent_object_group,READ_WRITE,STRING,Gateway,Device.Services.FAPService.{i}.FAPControl.LTE.Gateway.,
Device.Services.FAPService.{i}.X_COM.LTE.GrpPwrCtrl.PhyIctaadjsamp,yes,existing_command_object_parent,medium,path 位于当前 MML seed/catalog 二级命令节点 object_path 下，可挂入该二级节点；需确认分组是否过粗,SF,小区服务参数管理（总体）,FAP 载波基本配置,Device.Services.FAPService.{i}.,,json_seed_and_catalog_existing_group,omcgo/internal/config/parammodel/mmlstandardloader/seeds/cmcc_tdlte_v23.json; omcgo/datamodels/mml-catalog/cmcc-tdlte-v2.3.json,YES_EXISTING_JSON_PARENT_GROUP,existing_mml_parent_object_group,READ_WRITE,STRING,GrpPwrCtrl,Device.Services.FAPService.{i}.X_COM.LTE.GrpPwrCtrl.,
Device.Services.FAPService.{i}.X_COM.LTE.GrpPwrCtrl.PhyPpssncgpsadjsamp,yes,existing_command_object_parent,medium,path 位于当前 MML seed/catalog 二级命令节点 object_path 下，可挂入该二级节点；需确认分组是否过粗,SF,小区服务参数管理（总体）,FAP 载波基本配置,Device.Services.FAPService.{i}.,,json_seed_and_catalog_existing_group,omcgo/internal/config/parammodel/mmlstandardloader/seeds/cmcc_tdlte_v23.json; omcgo/datamodels/mml-catalog/cmcc-tdlte-v2.3.json,YES_EXISTING_JSON_PARENT_GROUP,existing_mml_parent_object_group,READ_WRITE,STRING,GrpPwrCtrl,Device.Services.FAPService.{i}.X_COM.LTE.GrpPwrCtrl.,
Device.Services.FAPService.{i}.FAPControl.NR.GtpuLog.NguCuf1uLogLevel,yes,existing_command_object_parent,medium,path 位于当前 MML seed/catalog 二级命令节点 object_path 下，可挂入该二级节点；需确认分组是否过粗,SF,小区服务参数管理（总体）,FAP 载波基本配置,Device.Services.FAPService.{i}.,,json_seed_and_catalog_existing_group,omcgo/internal/config/parammodel/mmlstandardloader/seeds/cmcc_tdlte_v23.json; omcgo/datamodels/mml-catalog/cmcc-tdlte-v2.3.json,YES_EXISTING_JSON_PARENT_GROUP,existing_mml_parent_object_group,READ_WRITE,STRING,GtpuLog,Device.Services.FAPService.{i}.FAPControl.NR.GtpuLog.,
Device.Services.FAPService.{i}.FAPControl.LTE.HSS.APN,yes,existing_command_object_parent,medium,path 位于当前 MML seed/catalog 二级命令节点 object_path 下，可挂入该二级节点；需确认分组是否过粗,SF,小区服务参数管理（总体）,FAP 载波基本配置,Device.Services.FAPService.{i}.,,json_seed_and_catalog_existing_group,omcgo/internal/config/parammodel/mmlstandardloader/seeds/cmcc_tdlte_v23.json; omcgo/datamodels/mml-catalog/cmcc-tdlte-v2.3.json,YES_EXISTING_JSON_PARENT_GROUP,existing_mml_parent_object_group,READ_ONLY,STRING,HSS,Device.Services.FAPService.{i}.FAPControl.LTE.HSS.,
Device.Services.FAPService.{i}.FAPControl.LTE.HSS.HaloBEnableState,yes,existing_command_object_parent,medium,path 位于当前 MML seed/catalog 二级命令节点 object_path 下，可挂入该二级节点；需确认分组是否过粗,SF,小区服务参数管理（总体）,FAP 载波基本配置,Device.Services.FAPService.{i}.,,json_seed_and_catalog_existing_group,omcgo/internal/config/parammodel/mmlstandardloader/seeds/cmcc_tdlte_v23.json; omcgo/datamodels/mml-catalog/cmcc-tdlte-v2.3.json,YES_EXISTING_JSON_PARENT_GROUP,existing_mml_parent_object_group,READ_WRITE,BOOLEAN,HSS,Device.Services.FAPService.{i}.FAPControl.LTE.HSS.,
Device.Services.FAPService.{i}.FAPControl.LTE.HSS.HaloBMode,yes,existing_command_object_parent,medium,path 位于当前 MML seed/catalog 二级命令节点 object_path 下，可挂入该二级节点；需确认分组是否过粗,SF,小区服务参数管理（总体）,FAP 载波基本配置,Device.Services.FAPService.{i}.,,json_seed_and_catalog_existing_group,omcgo/internal/config/parammodel/mmlstandardloader/seeds/cmcc_tdlte_v23.json; omcgo/datamodels/mml-catalog/cmcc-tdlte-v2.3.json,YES_EXISTING_JSON_PARENT_GROUP,existing_mml_parent_object_group,READ_WRITE,INT,HSS,Device.Services.FAPService.{i}.FAPControl.LTE.HSS.,
Device.Services.FAPService.{i}.FAPControl.LTE.HSS.IMS,yes,existing_command_object_parent,medium,path 位于当前 MML seed/catalog 二级命令节点 object_path 下，可挂入该二级节点；需确认分组是否过粗,SF,小区服务参数管理（总体）,FAP 载波基本配置,Device.Services.FAPService.{i}.,,json_seed_and_catalog_existing_group,omcgo/internal/config/parammodel/mmlstandardloader/seeds/cmcc_tdlte_v23.json; omcgo/datamodels/mml-catalog/cmcc-tdlte-v2.3.json,YES_EXISTING_JSON_PARENT_GROUP,existing_mml_parent_object_group,READ_ONLY,STRING,HSS,Device.Services.FAPService.{i}.FAPControl.LTE.HSS.,
Device.Services.FAPService.{i}.FAPControl.LTE.HSS.IMSI,yes,existing_command_object_parent,medium,path 位于当前 MML seed/catalog 二级命令节点 object_path 下，可挂入该二级节点；需确认分组是否过粗,SF,小区服务参数管理（总体）,FAP 载波基本配置,Device.Services.FAPService.{i}.,,json_seed_and_catalog_existing_group,omcgo/internal/config/parammodel/mmlstandardloader/seeds/cmcc_tdlte_v23.json; omcgo/datamodels/mml-catalog/cmcc-tdlte-v2.3.json,YES_EXISTING_JSON_PARENT_GROUP,existing_mml_parent_object_group,READ_ONLY,STRING,HSS,Device.Services.FAPService.{i}.FAPControl.LTE.HSS.,
Device.Services.FAPService.{i}.FAPControl.LTE.HSS.RequestApnEnable,yes,existing_command_object_parent,medium,path 位于当前 MML seed/catalog 二级命令节点 object_path 下，可挂入该二级节点；需确认分组是否过粗,SF,小区服务参数管理（总体）,FAP 载波基本配置,Device.Services.FAPService.{i}.,,json_seed_and_catalog_existing_group,omcgo/internal/config/parammodel/mmlstandardloader/seeds/cmcc_tdlte_v23.json; omcgo/datamodels/mml-catalog/cmcc-tdlte-v2.3.json,YES_EXISTING_JSON_PARENT_GROUP,existing_mml_parent_object_group,READ_WRITE,BOOLEAN,HSS,Device.Services.FAPService.{i}.FAPControl.LTE.HSS.,
Device.Services.FAPService.{i}.FAPControl.LTE.HSS.RequestX2Related,yes,existing_command_object_parent,medium,path 位于当前 MML seed/catalog 二级命令节点 object_path 下，可挂入该二级节点；需确认分组是否过粗,SF,小区服务参数管理（总体）,FAP 载波基本配置,Device.Services.FAPService.{i}.,,json_seed_and_catalog_existing_group,omcgo/internal/config/parammodel/mmlstandardloader/seeds/cmcc_tdlte_v23.json; omcgo/datamodels/mml-catalog/cmcc-tdlte-v2.3.json,YES_EXISTING_JSON_PARENT_GROUP,existing_mml_parent_object_group,READ_ONLY,STRING,HSS,Device.Services.FAPService.{i}.FAPControl.LTE.HSS.,
Device.Services.FAPService.{i}.FAPControl.LTE.HSS.X2RelatedParameters,yes,existing_command_object_parent,medium,path 位于当前 MML seed/catalog 二级命令节点 object_path 下，可挂入该二级节点；需确认分组是否过粗,SF,小区服务参数管理（总体）,FAP 载波基本配置,Device.Services.FAPService.{i}.,,json_seed_and_catalog_existing_group,omcgo/internal/config/parammodel/mmlstandardloader/seeds/cmcc_tdlte_v23.json; omcgo/datamodels/mml-catalog/cmcc-tdlte-v2.3.json,YES_EXISTING_JSON_PARENT_GROUP,existing_mml_parent_object_group,READ_WRITE,STRING,HSS,Device.Services.FAPService.{i}.FAPControl.LTE.HSS.,
Device.Services.FAPService.{i}.X_COM.LTE.IRAT.B2Threshold2Geran,yes,existing_command_object_parent,medium,path 位于当前 MML seed/catalog 二级命令节点 object_path 下，可挂入该二级节点；需确认分组是否过粗,SF,小区服务参数管理（总体）,FAP 载波基本配置,Device.Services.FAPService.{i}.,,json_seed_and_catalog_existing_group,omcgo/internal/config/parammodel/mmlstandardloader/seeds/cmcc_tdlte_v23.json; omcgo/datamodels/mml-catalog/cmcc-tdlte-v2.3.json,YES_EXISTING_JSON_PARENT_GROUP,existing_mml_parent_object_group,READ_WRITE,STRING,IRAT,Device.Services.FAPService.{i}.X_COM.LTE.IRAT.,
Device.Services.FAPService.{i}.X_COM.LTE.IRAT.B2threshold1RsrpGeran,yes,existing_command_object_parent,medium,path 位于当前 MML seed/catalog 二级命令节点 object_path 下，可挂入该二级节点；需确认分组是否过粗,SF,小区服务参数管理（总体）,FAP 载波基本配置,Device.Services.FAPService.{i}.,,json_seed_and_catalog_existing_group,omcgo/internal/config/parammodel/mmlstandardloader/seeds/cmcc_tdlte_v23.json; omcgo/datamodels/mml-catalog/cmcc-tdlte-v2.3.json,YES_EXISTING_JSON_PARENT_GROUP,existing_mml_parent_object_group,READ_WRITE,STRING,IRAT,Device.Services.FAPService.{i}.X_COM.LTE.IRAT.,
Device.Services.FAPService.{i}.X_COM.LTE.IRAT.B2threshold1RsrpHO,yes,existing_command_object_parent,medium,path 位于当前 MML seed/catalog 二级命令节点 object_path 下，可挂入该二级节点；需确认分组是否过粗,SF,小区服务参数管理（总体）,FAP 载波基本配置,Device.Services.FAPService.{i}.,,json_seed_and_catalog_existing_group,omcgo/internal/config/parammodel/mmlstandardloader/seeds/cmcc_tdlte_v23.json; omcgo/datamodels/mml-catalog/cmcc-tdlte-v2.3.json,YES_EXISTING_JSON_PARENT_GROUP,existing_mml_parent_object_group,READ_WRITE,STRING,IRAT,Device.Services.FAPService.{i}.X_COM.LTE.IRAT.,
Device.Services.FAPService.{i}.X_COM.LTE.IRAT.TargetUlSinr,yes,existing_command_object_parent,medium,path 位于当前 MML seed/catalog 二级命令节点 object_path 下，可挂入该二级节点；需确认分组是否过粗,SF,小区服务参数管理（总体）,FAP 载波基本配置,Device.Services.FAPService.{i}.,,json_seed_and_catalog_existing_group,omcgo/internal/config/parammodel/mmlstandardloader/seeds/cmcc_tdlte_v23.json; omcgo/datamodels/mml-catalog/cmcc-tdlte-v2.3.json,YES_EXISTING_JSON_PARENT_GROUP,existing_mml_parent_object_group,READ_WRITE,STRING,IRAT,Device.Services.FAPService.{i}.X_COM.LTE.IRAT.,
Device.Services.FAPService.{i}.FAPControl.Halob.L2.l2TunnelEnable,yes,existing_command_object_parent,medium,path 位于当前 MML seed/catalog 二级命令节点 object_path 下，可挂入该二级节点；需确认分组是否过粗,SF,小区服务参数管理（总体）,FAP 载波基本配置,Device.Services.FAPService.{i}.,,json_seed_and_catalog_existing_group,omcgo/internal/config/parammodel/mmlstandardloader/seeds/cmcc_tdlte_v23.json; omcgo/datamodels/mml-catalog/cmcc-tdlte-v2.3.json,YES_EXISTING_JSON_PARENT_GROUP,existing_mml_parent_object_group,READ_WRITE,BOOLEAN,L2,Device.Services.FAPService.{i}.FAPControl.Halob.L2.,
Device.Services.FAPService.{i}.FAPControl.Halob.L2.l2TunnelIp,yes,existing_command_object_parent,medium,path 位于当前 MML seed/catalog 二级命令节点 object_path 下，可挂入该二级节点；需确认分组是否过粗,SF,小区服务参数管理（总体）,FAP 载波基本配置,Device.Services.FAPService.{i}.,,json_seed_and_catalog_existing_group,omcgo/internal/config/parammodel/mmlstandardloader/seeds/cmcc_tdlte_v23.json; omcgo/datamodels/mml-catalog/cmcc-tdlte-v2.3.json,YES_EXISTING_JSON_PARENT_GROUP,existing_mml_parent_object_group,READ_WRITE,STRING,L2,Device.Services.FAPService.{i}.FAPControl.Halob.L2.,
Device.Services.FAPService.{i}.FAPControl.Halob.L2.l2TunnelMode,yes,existing_command_object_parent,medium,path 位于当前 MML seed/catalog 二级命令节点 object_path 下，可挂入该二级节点；需确认分组是否过粗,SF,小区服务参数管理（总体）,FAP 载波基本配置,Device.Services.FAPService.{i}.,,json_seed_and_catalog_existing_group,omcgo/internal/config/parammodel/mmlstandardloader/seeds/cmcc_tdlte_v23.json; omcgo/datamodels/mml-catalog/cmcc-tdlte-v2.3.json,YES_EXISTING_JSON_PARENT_GROUP,existing_mml_parent_object_group,READ_WRITE,U_INT,L2,Device.Services.FAPService.{i}.FAPControl.Halob.L2.,
Device.Services.FAPService.{i}.FAPControl.LTE.LICENSE.Author,yes,existing_command_object_parent,medium,path 位于当前 MML seed/catalog 二级命令节点 object_path 下，可挂入该二级节点；需确认分组是否过粗,SF,小区服务参数管理（总体）,FAP 载波基本配置,Device.Services.FAPService.{i}.,,json_seed_and_catalog_existing_group,omcgo/internal/config/parammodel/mmlstandardloader/seeds/cmcc_tdlte_v23.json; omcgo/datamodels/mml-catalog/cmcc-tdlte-v2.3.json,YES_EXISTING_JSON_PARENT_GROUP,existing_mml_parent_object_group,READ_ONLY,STRING,LICENSE,Device.Services.FAPService.{i}.FAPControl.LTE.LICENSE.,
Device.Services.FAPService.{i}.FAPControl.LTE.LICENSE.CapacityListNumberOfEntries,yes,existing_command_object_parent,medium,path 位于当前 MML seed/catalog 二级命令节点 object_path 下，可挂入该二级节点；需确认分组是否过粗,SF,小区服务参数管理（总体）,FAP 载波基本配置,Device.Services.FAPService.{i}.,,json_seed_and_catalog_existing_group,omcgo/internal/config/parammodel/mmlstandardloader/seeds/cmcc_tdlte_v23.json; omcgo/datamodels/mml-catalog/cmcc-tdlte-v2.3.json,YES_EXISTING_JSON_PARENT_GROUP,existing_mml_parent_object_group,READ_ONLY,STRING,LICENSE,Device.Services.FAPService.{i}.FAPControl.LTE.LICENSE.,
Device.Services.FAPService.{i}.FAPControl.LTE.LICENSE.Code,yes,existing_command_object_parent,medium,path 位于当前 MML seed/catalog 二级命令节点 object_path 下，可挂入该二级节点；需确认分组是否过粗,SF,小区服务参数管理（总体）,FAP 载波基本配置,Device.Services.FAPService.{i}.,,json_seed_and_catalog_existing_group,omcgo/internal/config/parammodel/mmlstandardloader/seeds/cmcc_tdlte_v23.json; omcgo/datamodels/mml-catalog/cmcc-tdlte-v2.3.json,YES_EXISTING_JSON_PARENT_GROUP,existing_mml_parent_object_group,READ_ONLY,STRING,LICENSE,Device.Services.FAPService.{i}.FAPControl.LTE.LICENSE.,
Device.Services.FAPService.{i}.FAPControl.LTE.LICENSE.GenerateDate,yes,existing_command_object_parent,medium,path 位于当前 MML seed/catalog 二级命令节点 object_path 下，可挂入该二级节点；需确认分组是否过粗,SF,小区服务参数管理（总体）,FAP 载波基本配置,Device.Services.FAPService.{i}.,,json_seed_and_catalog_existing_group,omcgo/internal/config/parammodel/mmlstandardloader/seeds/cmcc_tdlte_v23.json; omcgo/datamodels/mml-catalog/cmcc-tdlte-v2.3.json,YES_EXISTING_JSON_PARENT_GROUP,existing_mml_parent_object_group,READ_ONLY,STRING,LICENSE,Device.Services.FAPService.{i}.FAPControl.LTE.LICENSE.,
Device.Services.FAPService.{i}.FAPControl.LTE.LICENSE.HaloBCentralizedModeAvailable,yes,existing_command_object_parent,medium,path 位于当前 MML seed/catalog 二级命令节点 object_path 下，可挂入该二级节点；需确认分组是否过粗,SF,小区服务参数管理（总体）,FAP 载波基本配置,Device.Services.FAPService.{i}.,,json_seed_and_catalog_existing_group,omcgo/internal/config/parammodel/mmlstandardloader/seeds/cmcc_tdlte_v23.json; omcgo/datamodels/mml-catalog/cmcc-tdlte-v2.3.json,YES_EXISTING_JSON_PARENT_GROUP,existing_mml_parent_object_group,READ_ONLY,STRING,LICENSE,Device.Services.FAPService.{i}.FAPControl.LTE.LICENSE.,
Device.Services.FAPService.{i}.FAPControl.LTE.LICENSE.HaloBSingleModeAvailable,yes,existing_command_object_parent,medium,path 位于当前 MML seed/catalog 二级命令节点 object_path 下，可挂入该二级节点；需确认分组是否过粗,SF,小区服务参数管理（总体）,FAP 载波基本配置,Device.Services.FAPService.{i}.,,json_seed_and_catalog_existing_group,omcgo/internal/config/parammodel/mmlstandardloader/seeds/cmcc_tdlte_v23.json; omcgo/datamodels/mml-catalog/cmcc-tdlte-v2.3.json,YES_EXISTING_JSON_PARENT_GROUP,existing_mml_parent_object_group,READ_ONLY,STRING,LICENSE,Device.Services.FAPService.{i}.FAPControl.LTE.LICENSE.,
Device.Services.FAPService.{i}.FAPControl.LTE.LICENSE.SeqNum,yes,existing_command_object_parent,medium,path 位于当前 MML seed/catalog 二级命令节点 object_path 下，可挂入该二级节点；需确认分组是否过粗,SF,小区服务参数管理（总体）,FAP 载波基本配置,Device.Services.FAPService.{i}.,,json_seed_and_catalog_existing_group,omcgo/internal/config/parammodel/mmlstandardloader/seeds/cmcc_tdlte_v23.json; omcgo/datamodels/mml-catalog/cmcc-tdlte-v2.3.json,YES_EXISTING_JSON_PARENT_GROUP,existing_mml_parent_object_group,READ_ONLY,STRING,LICENSE,Device.Services.FAPService.{i}.FAPControl.LTE.LICENSE.,
Device.Services.FAPService.{i}.FAPControl.LTE.LICENSE.Version,yes,existing_command_object_parent,medium,path 位于当前 MML seed/catalog 二级命令节点 object_path 下，可挂入该二级节点；需确认分组是否过粗,SF,小区服务参数管理（总体）,FAP 载波基本配置,Device.Services.FAPService.{i}.,,json_seed_and_catalog_existing_group,omcgo/internal/config/parammodel/mmlstandardloader/seeds/cmcc_tdlte_v23.json; omcgo/datamodels/mml-catalog/cmcc-tdlte-v2.3.json,YES_EXISTING_JSON_PARENT_GROUP,existing_mml_parent_object_group,READ_ONLY,STRING,LICENSE,Device.Services.FAPService.{i}.FAPControl.LTE.LICENSE.,
Device.Services.FAPService.{i}.AccessMgmt.LTE.MaxUEsServed,yes,existing_command_object_parent,medium,path 位于当前 MML seed/catalog 二级命令节点 object_path 下，可挂入该二级节点；需确认分组是否过粗,SF,小区服务参数管理（总体）,FAP 载波基本配置,Device.Services.FAPService.{i}.,,json_seed_and_catalog_existing_group,omcgo/internal/config/parammodel/mmlstandardloader/seeds/cmcc_tdlte_v23.json; omcgo/datamodels/mml-catalog/cmcc-tdlte-v2.3.json,YES_EXISTING_JSON_PARENT_GROUP,existing_mml_parent_object_group,READ_WRITE,STRING,LTE,Device.Services.FAPService.{i}.AccessMgmt.LTE.,
Device.Services.FAPService.{i}.Capabilities.LTE.BandsSupported,yes,direct_existing_command_group,high,同 target_group_code 已有 MML 参数，属于当前参数树的二级命令分组,SF,小区服务参数管理,LTE,Device.Services.FAPService.{i}.Capabilities.LTE.,DEVICE_SERVICES_FAPSERVICE_CAPABILITIES_LTE,existing_mml_group_code_from_analysis,omcgo/data/model-library/standard-params-to-mml-tree-analysis-20260703.detail.csv,YES_SAME_EXISTING_GROUP_CODE,direct_existing_mml_group,READ_ONLY,U_INT,LTE,Device.Services.FAPService.{i}.Capabilities.LTE.,
Device.Services.FAPService.{i}.Capabilities.LTE.DuplexMode,yes,direct_existing_command_group,high,同 target_group_code 已有 MML 参数，属于当前参数树的二级命令分组,SF,小区服务参数管理,LTE,Device.Services.FAPService.{i}.Capabilities.LTE.,DEVICE_SERVICES_FAPSERVICE_CAPABILITIES_LTE,existing_mml_group_code_from_analysis,omcgo/data/model-library/standard-params-to-mml-tree-analysis-20260703.detail.csv,YES_SAME_EXISTING_GROUP_CODE,direct_existing_mml_group,READ_ONLY,STRING,LTE,Device.Services.FAPService.{i}.Capabilities.LTE.,
Device.Services.FAPService.{i}.Capabilities.LTE.SupportActiveRRCNumbers,yes,direct_existing_command_group,high,同 target_group_code 已有 MML 参数，属于当前参数树的二级命令分组,SF,小区服务参数管理,LTE,Device.Services.FAPService.{i}.Capabilities.LTE.,DEVICE_SERVICES_FAPSERVICE_CAPABILITIES_LTE,existing_mml_group_code_from_analysis,omcgo/data/model-library/standard-params-to-mml-tree-analysis-20260703.detail.csv,YES_SAME_EXISTING_GROUP_CODE,direct_existing_mml_group,READ_ONLY,U_INT,LTE,Device.Services.FAPService.{i}.Capabilities.LTE.,
Device.Services.FAPService.{i}.Capabilities.LTE.UeInactiveTimer,yes,direct_existing_command_group,high,同 target_group_code 已有 MML 参数，属于当前参数树的二级命令分组,SF,小区服务参数管理,LTE,Device.Services.FAPService.{i}.Capabilities.LTE.,DEVICE_SERVICES_FAPSERVICE_CAPABILITIES_LTE,existing_mml_group_code_from_analysis,omcgo/data/model-library/standard-params-to-mml-tree-analysis-20260703.detail.csv,YES_SAME_EXISTING_GROUP_CODE,direct_existing_mml_group,READ_WRITE,U_INT,LTE,Device.Services.FAPService.{i}.Capabilities.LTE.,
Device.Services.FAPService.{i}.FAPControl.LTE.AdminState,yes,existing_command_object_parent,medium,path 位于当前 MML seed/catalog 二级命令节点 object_path 下，可挂入该二级节点；需确认分组是否过粗,SF,小区服务参数管理（总体）,FAP 载波基本配置,Device.Services.FAPService.{i}.,,json_seed_and_catalog_existing_group,omcgo/internal/config/parammodel/mmlstandardloader/seeds/cmcc_tdlte_v23.json; omcgo/datamodels/mml-catalog/cmcc-tdlte-v2.3.json,YES_EXISTING_JSON_PARENT_GROUP,existing_mml_parent_object_group,READ_WRITE,BOOLEAN,LTE,Device.Services.FAPService.{i}.FAPControl.LTE.,
Device.Services.FAPService.{i}.FAPControl.LTE.InUse,yes,existing_command_object_parent,medium,path 位于当前 MML seed/catalog 二级命令节点 object_path 下，可挂入该二级节点；需确认分组是否过粗,SF,小区服务参数管理（总体）,FAP 载波基本配置,Device.Services.FAPService.{i}.,,json_seed_and_catalog_existing_group,omcgo/internal/config/parammodel/mmlstandardloader/seeds/cmcc_tdlte_v23.json; omcgo/datamodels/mml-catalog/cmcc-tdlte-v2.3.json,YES_EXISTING_JSON_PARENT_GROUP,existing_mml_parent_object_group,READ_WRITE,STRING,LTE,Device.Services.FAPService.{i}.FAPControl.LTE.,
Device.Services.FAPService.{i}.FAPControl.LTE.OpState,yes,existing_command_object_parent,medium,path 位于当前 MML seed/catalog 二级命令节点 object_path 下，可挂入该二级节点；需确认分组是否过粗,SF,小区服务参数管理（总体）,FAP 载波基本配置,Device.Services.FAPService.{i}.,,json_seed_and_catalog_existing_group,omcgo/internal/config/parammodel/mmlstandardloader/seeds/cmcc_tdlte_v23.json; omcgo/datamodels/mml-catalog/cmcc-tdlte-v2.3.json,YES_EXISTING_JSON_PARENT_GROUP,existing_mml_parent_object_group,READ_WRITE,STRING,LTE,Device.Services.FAPService.{i}.FAPControl.LTE.,
Device.Services.FAPService.{i}.FAPControl.LTE.RFTxStatus,yes,existing_command_object_parent,medium,path 位于当前 MML seed/catalog 二级命令节点 object_path 下，可挂入该二级节点；需确认分组是否过粗,SF,小区服务参数管理（总体）,FAP 载波基本配置,Device.Services.FAPService.{i}.,,json_seed_and_catalog_existing_group,omcgo/internal/config/parammodel/mmlstandardloader/seeds/cmcc_tdlte_v23.json; omcgo/datamodels/mml-catalog/cmcc-tdlte-v2.3.json,YES_EXISTING_JSON_PARENT_GROUP,existing_mml_parent_object_group,READ_WRITE,BOOLEAN,LTE,Device.Services.FAPService.{i}.FAPControl.LTE.,
Device.Services.FAPService.{i}.FAPControl.LTE.RUHOControlEnable,yes,existing_command_object_parent,medium,path 位于当前 MML seed/catalog 二级命令节点 object_path 下，可挂入该二级节点；需确认分组是否过粗,SF,小区服务参数管理（总体）,FAP 载波基本配置,Device.Services.FAPService.{i}.,,json_seed_and_catalog_existing_group,omcgo/internal/config/parammodel/mmlstandardloader/seeds/cmcc_tdlte_v23.json; omcgo/datamodels/mml-catalog/cmcc-tdlte-v2.3.json,YES_EXISTING_JSON_PARENT_GROUP,existing_mml_parent_object_group,READ_WRITE,BOOLEAN,LTE,Device.Services.FAPService.{i}.FAPControl.LTE.,
Device.Services.FAPService.{i}.FAPControl.LTE.SourcedSignalEnable,yes,existing_command_object_parent,medium,path 位于当前 MML seed/catalog 二级命令节点 object_path 下，可挂入该二级节点；需确认分组是否过粗,SF,小区服务参数管理（总体）,FAP 载波基本配置,Device.Services.FAPService.{i}.,,json_seed_and_catalog_existing_group,omcgo/internal/config/parammodel/mmlstandardloader/seeds/cmcc_tdlte_v23.json; omcgo/datamodels/mml-catalog/cmcc-tdlte-v2.3.json,YES_EXISTING_JSON_PARENT_GROUP,existing_mml_parent_object_group,READ_WRITE,BOOLEAN,LTE,Device.Services.FAPService.{i}.FAPControl.LTE.,
Device.Services.FAPService.{i}.X_COM.LTE.HOVA3Offset,yes,existing_command_object_parent,medium,path 位于当前 MML seed/catalog 二级命令节点 object_path 下，可挂入该二级节点；需确认分组是否过粗,SF,小区服务参数管理（总体）,FAP 载波基本配置,Device.Services.FAPService.{i}.,,json_seed_and_catalog_existing_group,omcgo/internal/config/parammodel/mmlstandardloader/seeds/cmcc_tdlte_v23.json; omcgo/datamodels/mml-catalog/cmcc-tdlte-v2.3.json,YES_EXISTING_JSON_PARENT_GROUP,existing_mml_parent_object_group,READ_WRITE,STRING,LTE,Device.Services.FAPService.{i}.X_COM.LTE.,
Device.Services.FAPService.{i}.X_COM.LTE.HOVInterA5Threshold1RSRP,yes,existing_command_object_parent,medium,path 位于当前 MML seed/catalog 二级命令节点 object_path 下，可挂入该二级节点；需确认分组是否过粗,SF,小区服务参数管理（总体）,FAP 载波基本配置,Device.Services.FAPService.{i}.,,json_seed_and_catalog_existing_group,omcgo/internal/config/parammodel/mmlstandardloader/seeds/cmcc_tdlte_v23.json; omcgo/datamodels/mml-catalog/cmcc-tdlte-v2.3.json,YES_EXISTING_JSON_PARENT_GROUP,existing_mml_parent_object_group,READ_WRITE,STRING,LTE,Device.Services.FAPService.{i}.X_COM.LTE.,
Device.Services.FAPService.{i}.X_COM.LTE.HOVInterA5Threshold2RSRP,yes,existing_command_object_parent,medium,path 位于当前 MML seed/catalog 二级命令节点 object_path 下，可挂入该二级节点；需确认分组是否过粗,SF,小区服务参数管理（总体）,FAP 载波基本配置,Device.Services.FAPService.{i}.,,json_seed_and_catalog_existing_group,omcgo/internal/config/parammodel/mmlstandardloader/seeds/cmcc_tdlte_v23.json; omcgo/datamodels/mml-catalog/cmcc-tdlte-v2.3.json,YES_EXISTING_JSON_PARENT_GROUP,existing_mml_parent_object_group,READ_WRITE,STRING,LTE,Device.Services.FAPService.{i}.X_COM.LTE.,
Device.Services.FAPService.{i}.FAPControl.NR.LgwFwdCfg.LgwBindName,yes,existing_command_object_parent,medium,path 位于当前 MML seed/catalog 二级命令节点 object_path 下，可挂入该二级节点；需确认分组是否过粗,SF,小区服务参数管理（总体）,FAP 载波基本配置,Device.Services.FAPService.{i}.,,json_seed_and_catalog_existing_group,omcgo/internal/config/parammodel/mmlstandardloader/seeds/cmcc_tdlte_v23.json; omcgo/datamodels/mml-catalog/cmcc-tdlte-v2.3.json,YES_EXISTING_JSON_PARENT_GROUP,existing_mml_parent_object_group,READ_WRITE,STRING,LgwFwdCfg,Device.Services.FAPService.{i}.FAPControl.NR.LgwFwdCfg.,
Device.Services.FAPService.{i}.FAPControl.NR.LgwFwdCfg.LgwEnable,yes,existing_command_object_parent,medium,path 位于当前 MML seed/catalog 二级命令节点 object_path 下，可挂入该二级节点；需确认分组是否过粗,SF,小区服务参数管理（总体）,FAP 载波基本配置,Device.Services.FAPService.{i}.,,json_seed_and_catalog_existing_group,omcgo/internal/config/parammodel/mmlstandardloader/seeds/cmcc_tdlte_v23.json; omcgo/datamodels/mml-catalog/cmcc-tdlte-v2.3.json,YES_EXISTING_JSON_PARENT_GROUP,existing_mml_parent_object_group,READ_WRITE,STRING,LgwFwdCfg,Device.Services.FAPService.{i}.FAPControl.NR.LgwFwdCfg.,
Device.Services.FAPService.{i}.FAPControl.NR.LgwFwdCfg.LgwFwdIpv4Addr,yes,existing_command_object_parent,medium,path 位于当前 MML seed/catalog 二级命令节点 object_path 下，可挂入该二级节点；需确认分组是否过粗,SF,小区服务参数管理（总体）,FAP 载波基本配置,Device.Services.FAPService.{i}.,,json_seed_and_catalog_existing_group,omcgo/internal/config/parammodel/mmlstandardloader/seeds/cmcc_tdlte_v23.json; omcgo/datamodels/mml-catalog/cmcc-tdlte-v2.3.json,YES_EXISTING_JSON_PARENT_GROUP,existing_mml_parent_object_group,READ_WRITE,STRING,LgwFwdCfg,Device.Services.FAPService.{i}.FAPControl.NR.LgwFwdCfg.,
Device.Services.FAPService.{i}.FAPControl.NR.LgwFwdCfg.LgwFwdIpv4Enable,yes,existing_command_object_parent,medium,path 位于当前 MML seed/catalog 二级命令节点 object_path 下，可挂入该二级节点；需确认分组是否过粗,SF,小区服务参数管理（总体）,FAP 载波基本配置,Device.Services.FAPService.{i}.,,json_seed_and_catalog_existing_group,omcgo/internal/config/parammodel/mmlstandardloader/seeds/cmcc_tdlte_v23.json; omcgo/datamodels/mml-catalog/cmcc-tdlte-v2.3.json,YES_EXISTING_JSON_PARENT_GROUP,existing_mml_parent_object_group,READ_WRITE,STRING,LgwFwdCfg,Device.Services.FAPService.{i}.FAPControl.NR.LgwFwdCfg.,
Device.Services.FAPService.{i}.FAPControl.NR.LgwFwdCfg.LgwFwdIpv4Mask,yes,existing_command_object_parent,medium,path 位于当前 MML seed/catalog 二级命令节点 object_path 下，可挂入该二级节点；需确认分组是否过粗,SF,小区服务参数管理（总体）,FAP 载波基本配置,Device.Services.FAPService.{i}.,,json_seed_and_catalog_existing_group,omcgo/internal/config/parammodel/mmlstandardloader/seeds/cmcc_tdlte_v23.json; omcgo/datamodels/mml-catalog/cmcc-tdlte-v2.3.json,YES_EXISTING_JSON_PARENT_GROUP,existing_mml_parent_object_group,READ_WRITE,STRING,LgwFwdCfg,Device.Services.FAPService.{i}.FAPControl.NR.LgwFwdCfg.,
Device.Services.FAPService.{i}.FAPControl.NR.LgwFwdCfg.LgwFwdIpv6Addr,yes,existing_command_object_parent,medium,path 位于当前 MML seed/catalog 二级命令节点 object_path 下，可挂入该二级节点；需确认分组是否过粗,SF,小区服务参数管理（总体）,FAP 载波基本配置,Device.Services.FAPService.{i}.,,json_seed_and_catalog_existing_group,omcgo/internal/config/parammodel/mmlstandardloader/seeds/cmcc_tdlte_v23.json; omcgo/datamodels/mml-catalog/cmcc-tdlte-v2.3.json,YES_EXISTING_JSON_PARENT_GROUP,existing_mml_parent_object_group,READ_WRITE,STRING,LgwFwdCfg,Device.Services.FAPService.{i}.FAPControl.NR.LgwFwdCfg.,
Device.Services.FAPService.{i}.FAPControl.NR.LgwFwdCfg.LgwFwdIpv6Enable,yes,existing_command_object_parent,medium,path 位于当前 MML seed/catalog 二级命令节点 object_path 下，可挂入该二级节点；需确认分组是否过粗,SF,小区服务参数管理（总体）,FAP 载波基本配置,Device.Services.FAPService.{i}.,,json_seed_and_catalog_existing_group,omcgo/internal/config/parammodel/mmlstandardloader/seeds/cmcc_tdlte_v23.json; omcgo/datamodels/mml-catalog/cmcc-tdlte-v2.3.json,YES_EXISTING_JSON_PARENT_GROUP,existing_mml_parent_object_group,READ_WRITE,STRING,LgwFwdCfg,Device.Services.FAPService.{i}.FAPControl.NR.LgwFwdCfg.,
Device.Services.FAPService.{i}.FAPControl.NR.LgwFwdCfg.LgwFwdIpv6PrefixLen,yes,existing_command_object_parent,medium,path 位于当前 MML seed/catalog 二级命令节点 object_path 下，可挂入该二级节点；需确认分组是否过粗,SF,小区服务参数管理（总体）,FAP 载波基本配置,Device.Services.FAPService.{i}.,,json_seed_and_catalog_existing_group,omcgo/internal/config/parammodel/mmlstandardloader/seeds/cmcc_tdlte_v23.json; omcgo/datamodels/mml-catalog/cmcc-tdlte-v2.3.json,YES_EXISTING_JSON_PARENT_GROUP,existing_mml_parent_object_group,READ_WRITE,STRING,LgwFwdCfg,Device.Services.FAPService.{i}.FAPControl.NR.LgwFwdCfg.,
Device.Services.FAPService.{i}.FAPControl.NR.LgwFwdCfg.LgwFwdMode,yes,existing_command_object_parent,medium,path 位于当前 MML seed/catalog 二级命令节点 object_path 下，可挂入该二级节点；需确认分组是否过粗,SF,小区服务参数管理（总体）,FAP 载波基本配置,Device.Services.FAPService.{i}.,,json_seed_and_catalog_existing_group,omcgo/internal/config/parammodel/mmlstandardloader/seeds/cmcc_tdlte_v23.json; omcgo/datamodels/mml-catalog/cmcc-tdlte-v2.3.json,YES_EXISTING_JSON_PARENT_GROUP,existing_mml_parent_object_group,READ_WRITE,STRING,LgwFwdCfg,Device.Services.FAPService.{i}.FAPControl.NR.LgwFwdCfg.,
Device.Services.FAPService.{i}.CellConfig.{i}.NR.MacSchedulerInfo.MacLogLevel,yes,existing_command_object_parent,medium,path 位于当前 MML seed/catalog 二级命令节点 object_path 下，可挂入该二级节点；需确认分组是否过粗,SF,小区服务参数管理（总体）,FAP 载波基本配置,Device.Services.FAPService.{i}.,,json_seed_and_catalog_existing_group,omcgo/internal/config/parammodel/mmlstandardloader/seeds/cmcc_tdlte_v23.json; omcgo/datamodels/mml-catalog/cmcc-tdlte-v2.3.json,YES_EXISTING_JSON_PARENT_GROUP,existing_mml_parent_object_group,READ_WRITE,STRING,MacSchedulerInfo,Device.Services.FAPService.{i}.CellConfig.{i}.NR.MacSchedulerInfo.,
Device.Services.FAPService.{i}.CellConfig.{i}.NR.MacSchedulerInfo.SchLogLevel,yes,existing_command_object_parent,medium,path 位于当前 MML seed/catalog 二级命令节点 object_path 下，可挂入该二级节点；需确认分组是否过粗,SF,小区服务参数管理（总体）,FAP 载波基本配置,Device.Services.FAPService.{i}.,,json_seed_and_catalog_existing_group,omcgo/internal/config/parammodel/mmlstandardloader/seeds/cmcc_tdlte_v23.json; omcgo/datamodels/mml-catalog/cmcc-tdlte-v2.3.json,YES_EXISTING_JSON_PARENT_GROUP,existing_mml_parent_object_group,READ_WRITE,STRING,MacSchedulerInfo,Device.Services.FAPService.{i}.CellConfig.{i}.NR.MacSchedulerInfo.,
Device.Services.FAPService.{i}.FAPControl.LTE.Gateway.MmePool.Enable,yes,existing_command_object_parent,medium,path 位于当前 MML seed/catalog 二级命令节点 object_path 下，可挂入该二级节点；需确认分组是否过粗,SF,小区服务参数管理（总体）,FAP 载波基本配置,Device.Services.FAPService.{i}.,,json_seed_and_catalog_existing_group,omcgo/internal/config/parammodel/mmlstandardloader/seeds/cmcc_tdlte_v23.json; omcgo/datamodels/mml-catalog/cmcc-tdlte-v2.3.json,YES_EXISTING_JSON_PARENT_GROUP,existing_mml_parent_object_group,READ_WRITE,BOOLEAN,MmePool,Device.Services.FAPService.{i}.FAPControl.LTE.Gateway.MmePool.,
Device.Services.FAPService.{i}.FAPControl.LTE.Gateway.MmePool.MmePool1IpsecAddr,yes,existing_command_object_parent,medium,path 位于当前 MML seed/catalog 二级命令节点 object_path 下，可挂入该二级节点；需确认分组是否过粗,SF,小区服务参数管理（总体）,FAP 载波基本配置,Device.Services.FAPService.{i}.,,json_seed_and_catalog_existing_group,omcgo/internal/config/parammodel/mmlstandardloader/seeds/cmcc_tdlte_v23.json; omcgo/datamodels/mml-catalog/cmcc-tdlte-v2.3.json,YES_EXISTING_JSON_PARENT_GROUP,existing_mml_parent_object_group,READ_ONLY,STRING,MmePool,Device.Services.FAPService.{i}.FAPControl.LTE.Gateway.MmePool.,
Device.Services.FAPService.{i}.FAPControl.LTE.Gateway.MmePool.MmePool1List,yes,existing_command_object_parent,medium,path 位于当前 MML seed/catalog 二级命令节点 object_path 下，可挂入该二级节点；需确认分组是否过粗,SF,小区服务参数管理（总体）,FAP 载波基本配置,Device.Services.FAPService.{i}.,,json_seed_and_catalog_existing_group,omcgo/internal/config/parammodel/mmlstandardloader/seeds/cmcc_tdlte_v23.json; omcgo/datamodels/mml-catalog/cmcc-tdlte-v2.3.json,YES_EXISTING_JSON_PARENT_GROUP,existing_mml_parent_object_group,READ_WRITE,STRING,MmePool,Device.Services.FAPService.{i}.FAPControl.LTE.Gateway.MmePool.,
Device.Services.FAPService.{i}.FAPControl.LTE.Gateway.MmePool.MmePool1Status,yes,existing_command_object_parent,medium,path 位于当前 MML seed/catalog 二级命令节点 object_path 下，可挂入该二级节点；需确认分组是否过粗,SF,小区服务参数管理（总体）,FAP 载波基本配置,Device.Services.FAPService.{i}.,,json_seed_and_catalog_existing_group,omcgo/internal/config/parammodel/mmlstandardloader/seeds/cmcc_tdlte_v23.json; omcgo/datamodels/mml-catalog/cmcc-tdlte-v2.3.json,YES_EXISTING_JSON_PARENT_GROUP,existing_mml_parent_object_group,READ_ONLY,STRING,MmePool,Device.Services.FAPService.{i}.FAPControl.LTE.Gateway.MmePool.,
Device.Services.FAPService.{i}.FAPControl.LTE.Gateway.MmePool.MmePool2IpsecAddr,yes,existing_command_object_parent,medium,path 位于当前 MML seed/catalog 二级命令节点 object_path 下，可挂入该二级节点；需确认分组是否过粗,SF,小区服务参数管理（总体）,FAP 载波基本配置,Device.Services.FAPService.{i}.,,json_seed_and_catalog_existing_group,omcgo/internal/config/parammodel/mmlstandardloader/seeds/cmcc_tdlte_v23.json; omcgo/datamodels/mml-catalog/cmcc-tdlte-v2.3.json,YES_EXISTING_JSON_PARENT_GROUP,existing_mml_parent_object_group,READ_ONLY,STRING,MmePool,Device.Services.FAPService.{i}.FAPControl.LTE.Gateway.MmePool.,
Device.Services.FAPService.{i}.FAPControl.LTE.Gateway.MmePool.MmePool2List,yes,existing_command_object_parent,medium,path 位于当前 MML seed/catalog 二级命令节点 object_path 下，可挂入该二级节点；需确认分组是否过粗,SF,小区服务参数管理（总体）,FAP 载波基本配置,Device.Services.FAPService.{i}.,,json_seed_and_catalog_existing_group,omcgo/internal/config/parammodel/mmlstandardloader/seeds/cmcc_tdlte_v23.json; omcgo/datamodels/mml-catalog/cmcc-tdlte-v2.3.json,YES_EXISTING_JSON_PARENT_GROUP,existing_mml_parent_object_group,READ_WRITE,STRING,MmePool,Device.Services.FAPService.{i}.FAPControl.LTE.Gateway.MmePool.,
Device.Services.FAPService.{i}.FAPControl.LTE.Gateway.MmePool.MmePool2Status,yes,existing_command_object_parent,medium,path 位于当前 MML seed/catalog 二级命令节点 object_path 下，可挂入该二级节点；需确认分组是否过粗,SF,小区服务参数管理（总体）,FAP 载波基本配置,Device.Services.FAPService.{i}.,,json_seed_and_catalog_existing_group,omcgo/internal/config/parammodel/mmlstandardloader/seeds/cmcc_tdlte_v23.json; omcgo/datamodels/mml-catalog/cmcc-tdlte-v2.3.json,YES_EXISTING_JSON_PARENT_GROUP,existing_mml_parent_object_group,READ_ONLY,STRING,MmePool,Device.Services.FAPService.{i}.FAPControl.LTE.Gateway.MmePool.,
Device.Services.FAPService.{i}.FAPControl.LTE.Gateway.MmePool.MmePoolListMapIpsecTunnel,yes,existing_command_object_parent,medium,path 位于当前 MML seed/catalog 二级命令节点 object_path 下，可挂入该二级节点；需确认分组是否过粗,SF,小区服务参数管理（总体）,FAP 载波基本配置,Device.Services.FAPService.{i}.,,json_seed_and_catalog_existing_group,omcgo/internal/config/parammodel/mmlstandardloader/seeds/cmcc_tdlte_v23.json; omcgo/datamodels/mml-catalog/cmcc-tdlte-v2.3.json,YES_EXISTING_JSON_PARENT_GROUP,existing_mml_parent_object_group,READ_WRITE,STRING,MmePool,Device.Services.FAPService.{i}.FAPControl.LTE.Gateway.MmePool.,
Device.Services.FAPService.{i}.CellConfig.LTE.MocnConfigParam.{i},yes,existing_command_object_parent,medium,path 位于当前 MML seed/catalog 二级命令节点 object_path 下，可挂入该二级节点；需确认分组是否过粗,SF,小区服务参数管理（总体）,FAP 载波基本配置,Device.Services.FAPService.{i}.,,json_seed_and_catalog_existing_group,omcgo/internal/config/parammodel/mmlstandardloader/seeds/cmcc_tdlte_v23.json; omcgo/datamodels/mml-catalog/cmcc-tdlte-v2.3.json,YES_EXISTING_JSON_PARENT_GROUP,existing_mml_parent_object_group,READ_WRITE,STRING,MocnConfigParam,Device.Services.FAPService.{i}.CellConfig.LTE.MocnConfigParam.,
Device.Services.FAPService.{i}.CellConfig.LTE.MultiIpsecConfigParam.{i},yes,existing_command_object_parent,medium,path 位于当前 MML seed/catalog 二级命令节点 object_path 下，可挂入该二级节点；需确认分组是否过粗,SF,小区服务参数管理（总体）,FAP 载波基本配置,Device.Services.FAPService.{i}.,,json_seed_and_catalog_existing_group,omcgo/internal/config/parammodel/mmlstandardloader/seeds/cmcc_tdlte_v23.json; omcgo/datamodels/mml-catalog/cmcc-tdlte-v2.3.json,YES_EXISTING_JSON_PARENT_GROUP,existing_mml_parent_object_group,READ_WRITE,STRING,MultiIpsecConfigParam,Device.Services.FAPService.{i}.CellConfig.LTE.MultiIpsecConfigParam.,
Device.Services.FAPService.{i}.FAPControl.NR.MultiPlmnEnable,yes,existing_command_object_parent,medium,path 位于当前 MML seed/catalog 二级命令节点 object_path 下，可挂入该二级节点；需确认分组是否过粗,SF,小区服务参数管理（总体）,FAP 载波基本配置,Device.Services.FAPService.{i}.,,json_seed_and_catalog_existing_group,omcgo/internal/config/parammodel/mmlstandardloader/seeds/cmcc_tdlte_v23.json; omcgo/datamodels/mml-catalog/cmcc-tdlte-v2.3.json,YES_EXISTING_JSON_PARENT_GROUP,existing_mml_parent_object_group,READ_WRITE,STRING,NR,Device.Services.FAPService.{i}.FAPControl.NR.,
Device.Services.FAPService.{i}.FAPControl.NR.NgapDscp.Dscp,yes,existing_command_object_parent,medium,path 位于当前 MML seed/catalog 二级命令节点 object_path 下，可挂入该二级节点；需确认分组是否过粗,SF,小区服务参数管理（总体）,FAP 载波基本配置,Device.Services.FAPService.{i}.,,json_seed_and_catalog_existing_group,omcgo/internal/config/parammodel/mmlstandardloader/seeds/cmcc_tdlte_v23.json; omcgo/datamodels/mml-catalog/cmcc-tdlte-v2.3.json,YES_EXISTING_JSON_PARENT_GROUP,existing_mml_parent_object_group,READ_WRITE,STRING,NgapDscp,Device.Services.FAPService.{i}.FAPControl.NR.NgapDscp.,
Device.Services.FAPService.{i}.FAPControl.NR.NgapDscp.VlanPrio,yes,existing_command_object_parent,medium,path 位于当前 MML seed/catalog 二级命令节点 object_path 下，可挂入该二级节点；需确认分组是否过粗,SF,小区服务参数管理（总体）,FAP 载波基本配置,Device.Services.FAPService.{i}.,,json_seed_and_catalog_existing_group,omcgo/internal/config/parammodel/mmlstandardloader/seeds/cmcc_tdlte_v23.json; omcgo/datamodels/mml-catalog/cmcc-tdlte-v2.3.json,YES_EXISTING_JSON_PARENT_GROUP,existing_mml_parent_object_group,READ_WRITE,STRING,NgapDscp,Device.Services.FAPService.{i}.FAPControl.NR.NgapDscp.,
Device.Services.FAPService.{i}.FAPControl.NR.OamDscp.Dscp,yes,existing_command_object_parent,medium,path 位于当前 MML seed/catalog 二级命令节点 object_path 下，可挂入该二级节点；需确认分组是否过粗,SF,小区服务参数管理（总体）,FAP 载波基本配置,Device.Services.FAPService.{i}.,,json_seed_and_catalog_existing_group,omcgo/internal/config/parammodel/mmlstandardloader/seeds/cmcc_tdlte_v23.json; omcgo/datamodels/mml-catalog/cmcc-tdlte-v2.3.json,YES_EXISTING_JSON_PARENT_GROUP,existing_mml_parent_object_group,READ_WRITE,STRING,OamDscp,Device.Services.FAPService.{i}.FAPControl.NR.OamDscp.,
Device.Services.FAPService.{i}.FAPControl.NR.OamDscp.VlanPrio,yes,existing_command_object_parent,medium,path 位于当前 MML seed/catalog 二级命令节点 object_path 下，可挂入该二级节点；需确认分组是否过粗,SF,小区服务参数管理（总体）,FAP 载波基本配置,Device.Services.FAPService.{i}.,,json_seed_and_catalog_existing_group,omcgo/internal/config/parammodel/mmlstandardloader/seeds/cmcc_tdlte_v23.json; omcgo/datamodels/mml-catalog/cmcc-tdlte-v2.3.json,YES_EXISTING_JSON_PARENT_GROUP,existing_mml_parent_object_group,READ_WRITE,STRING,OamDscp,Device.Services.FAPService.{i}.FAPControl.NR.OamDscp.,
Device.Services.FAPService.{i}.CellConfig.{i}.NR.CN.TA.{i}.PLMNList.{i},yes,existing_command_object_parent,medium,path 位于当前 MML seed/catalog 二级命令节点 object_path 下，可挂入该二级节点；需确认分组是否过粗,SF,小区服务参数管理（总体）,FAP 载波基本配置,Device.Services.FAPService.{i}.,,json_seed_and_catalog_existing_group,omcgo/internal/config/parammodel/mmlstandardloader/seeds/cmcc_tdlte_v23.json; omcgo/datamodels/mml-catalog/cmcc-tdlte-v2.3.json,YES_EXISTING_JSON_PARENT_GROUP,existing_mml_parent_object_group,READ_WRITE,STRING,PLMNList,Device.Services.FAPService.{i}.CellConfig.{i}.NR.CN.TA.{i}.PLMNList.,
Device.Services.FAPService.{i}.FAPControl.NR.PdcpLog.PdcpLogLevel,yes,existing_command_object_parent,medium,path 位于当前 MML seed/catalog 二级命令节点 object_path 下，可挂入该二级节点；需确认分组是否过粗,SF,小区服务参数管理（总体）,FAP 载波基本配置,Device.Services.FAPService.{i}.,,json_seed_and_catalog_existing_group,omcgo/internal/config/parammodel/mmlstandardloader/seeds/cmcc_tdlte_v23.json; omcgo/datamodels/mml-catalog/cmcc-tdlte-v2.3.json,YES_EXISTING_JSON_PARENT_GROUP,existing_mml_parent_object_group,READ_WRITE,STRING,PdcpLog,Device.Services.FAPService.{i}.FAPControl.NR.PdcpLog.,
Device.Services.FAPService.{i}.FAPControl.Qos.QosSstInfo.{i},yes,existing_command_object_parent,medium,path 位于当前 MML seed/catalog 二级命令节点 object_path 下，可挂入该二级节点；需确认分组是否过粗,SF,小区服务参数管理（总体）,FAP 载波基本配置,Device.Services.FAPService.{i}.,,json_seed_and_catalog_existing_group,omcgo/internal/config/parammodel/mmlstandardloader/seeds/cmcc_tdlte_v23.json; omcgo/datamodels/mml-catalog/cmcc-tdlte-v2.3.json,YES_EXISTING_JSON_PARENT_GROUP,existing_mml_parent_object_group,READ_WRITE,STRING,QosSstInfo,Device.Services.FAPService.{i}.FAPControl.Qos.QosSstInfo.,
Device.Services.FAPService.{i}.FAPControl.NR.RlcLog.RlcLogLevel,yes,existing_command_object_parent,medium,path 位于当前 MML seed/catalog 二级命令节点 object_path 下，可挂入该二级节点；需确认分组是否过粗,SF,小区服务参数管理（总体）,FAP 载波基本配置,Device.Services.FAPService.{i}.,,json_seed_and_catalog_existing_group,omcgo/internal/config/parammodel/mmlstandardloader/seeds/cmcc_tdlte_v23.json; omcgo/datamodels/mml-catalog/cmcc-tdlte-v2.3.json,YES_EXISTING_JSON_PARENT_GROUP,existing_mml_parent_object_group,READ_WRITE,STRING,RlcLog,Device.Services.FAPService.{i}.FAPControl.NR.RlcLog.,
Device.Services.FAPService.{i}.FAPControl.NR.RlcLog.RlclLogLevel,yes,existing_command_object_parent,medium,path 位于当前 MML seed/catalog 二级命令节点 object_path 下，可挂入该二级节点；需确认分组是否过粗,SF,小区服务参数管理（总体）,FAP 载波基本配置,Device.Services.FAPService.{i}.,,json_seed_and_catalog_existing_group,omcgo/internal/config/parammodel/mmlstandardloader/seeds/cmcc_tdlte_v23.json; omcgo/datamodels/mml-catalog/cmcc-tdlte-v2.3.json,YES_EXISTING_JSON_PARENT_GROUP,existing_mml_parent_object_group,READ_WRITE,STRING,RlcLog,Device.Services.FAPService.{i}.FAPControl.NR.RlcLog.,
Device.Services.FAPService.{i}.FAPControl.NR.RrcProv.RrcMaxLogFileCount,yes,existing_command_object_parent,medium,path 位于当前 MML seed/catalog 二级命令节点 object_path 下，可挂入该二级节点；需确认分组是否过粗,SF,小区服务参数管理（总体）,FAP 载波基本配置,Device.Services.FAPService.{i}.,,json_seed_and_catalog_existing_group,omcgo/internal/config/parammodel/mmlstandardloader/seeds/cmcc_tdlte_v23.json; omcgo/datamodels/mml-catalog/cmcc-tdlte-v2.3.json,YES_EXISTING_JSON_PARENT_GROUP,existing_mml_parent_object_group,READ_WRITE,STRING,RrcProv,Device.Services.FAPService.{i}.FAPControl.NR.RrcProv.,
Device.Services.FAPService.{i}.FAPControl.NR.RrcProv.RrcMaxLogFileSize,yes,existing_command_object_parent,medium,path 位于当前 MML seed/catalog 二级命令节点 object_path 下，可挂入该二级节点；需确认分组是否过粗,SF,小区服务参数管理（总体）,FAP 载波基本配置,Device.Services.FAPService.{i}.,,json_seed_and_catalog_existing_group,omcgo/internal/config/parammodel/mmlstandardloader/seeds/cmcc_tdlte_v23.json; omcgo/datamodels/mml-catalog/cmcc-tdlte-v2.3.json,YES_EXISTING_JSON_PARENT_GROUP,existing_mml_parent_object_group,READ_WRITE,STRING,RrcProv,Device.Services.FAPService.{i}.FAPControl.NR.RrcProv.,
Device.Services.FAPService.{i}.FAPControl.NR.RrcProv.RrcSharedMemSize,yes,existing_command_object_parent,medium,path 位于当前 MML seed/catalog 二级命令节点 object_path 下，可挂入该二级节点；需确认分组是否过粗,SF,小区服务参数管理（总体）,FAP 载波基本配置,Device.Services.FAPService.{i}.,,json_seed_and_catalog_existing_group,omcgo/internal/config/parammodel/mmlstandardloader/seeds/cmcc_tdlte_v23.json; omcgo/datamodels/mml-catalog/cmcc-tdlte-v2.3.json,YES_EXISTING_JSON_PARENT_GROUP,existing_mml_parent_object_group,READ_WRITE,STRING,RrcProv,Device.Services.FAPService.{i}.FAPControl.NR.RrcProv.,
Device.Services.FAPService.{i}.CellConfig.{i}.NR.RrmLogConfig.OamLogFileCount,yes,existing_command_object_parent,medium,path 位于当前 MML seed/catalog 二级命令节点 object_path 下，可挂入该二级节点；需确认分组是否过粗,SF,小区服务参数管理（总体）,FAP 载波基本配置,Device.Services.FAPService.{i}.,,json_seed_and_catalog_existing_group,omcgo/internal/config/parammodel/mmlstandardloader/seeds/cmcc_tdlte_v23.json; omcgo/datamodels/mml-catalog/cmcc-tdlte-v2.3.json,YES_EXISTING_JSON_PARENT_GROUP,existing_mml_parent_object_group,READ_WRITE,STRING,RrmLogConfig,Device.Services.FAPService.{i}.CellConfig.{i}.NR.RrmLogConfig.,
Device.Services.FAPService.{i}.CellConfig.{i}.NR.RrmLogConfig.OamLogFileSize,yes,existing_command_object_parent,medium,path 位于当前 MML seed/catalog 二级命令节点 object_path 下，可挂入该二级节点；需确认分组是否过粗,SF,小区服务参数管理（总体）,FAP 载波基本配置,Device.Services.FAPService.{i}.,,json_seed_and_catalog_existing_group,omcgo/internal/config/parammodel/mmlstandardloader/seeds/cmcc_tdlte_v23.json; omcgo/datamodels/mml-catalog/cmcc-tdlte-v2.3.json,YES_EXISTING_JSON_PARENT_GROUP,existing_mml_parent_object_group,READ_WRITE,STRING,RrmLogConfig,Device.Services.FAPService.{i}.CellConfig.{i}.NR.RrmLogConfig.,
Device.Services.FAPService.{i}.CellConfig.{i}.NR.RrmLogConfig.OamShmSize,yes,existing_command_object_parent,medium,path 位于当前 MML seed/catalog 二级命令节点 object_path 下，可挂入该二级节点；需确认分组是否过粗,SF,小区服务参数管理（总体）,FAP 载波基本配置,Device.Services.FAPService.{i}.,,json_seed_and_catalog_existing_group,omcgo/internal/config/parammodel/mmlstandardloader/seeds/cmcc_tdlte_v23.json; omcgo/datamodels/mml-catalog/cmcc-tdlte-v2.3.json,YES_EXISTING_JSON_PARENT_GROUP,existing_mml_parent_object_group,READ_WRITE,STRING,RrmLogConfig,Device.Services.FAPService.{i}.CellConfig.{i}.NR.RrmLogConfig.,
Device.Services.FAPService.{i}.CellConfig.{i}.NR.RrmLogConfig.RrmFileCount,yes,existing_command_object_parent,medium,path 位于当前 MML seed/catalog 二级命令节点 object_path 下，可挂入该二级节点；需确认分组是否过粗,SF,小区服务参数管理（总体）,FAP 载波基本配置,Device.Services.FAPService.{i}.,,json_seed_and_catalog_existing_group,omcgo/internal/config/parammodel/mmlstandardloader/seeds/cmcc_tdlte_v23.json; omcgo/datamodels/mml-catalog/cmcc-tdlte-v2.3.json,YES_EXISTING_JSON_PARENT_GROUP,existing_mml_parent_object_group,READ_WRITE,STRING,RrmLogConfig,Device.Services.FAPService.{i}.CellConfig.{i}.NR.RrmLogConfig.,
Device.Services.FAPService.{i}.CellConfig.{i}.NR.RrmLogConfig.RrmLogFilesize,yes,existing_command_object_parent,medium,path 位于当前 MML seed/catalog 二级命令节点 object_path 下，可挂入该二级节点；需确认分组是否过粗,SF,小区服务参数管理（总体）,FAP 载波基本配置,Device.Services.FAPService.{i}.,,json_seed_and_catalog_existing_group,omcgo/internal/config/parammodel/mmlstandardloader/seeds/cmcc_tdlte_v23.json; omcgo/datamodels/mml-catalog/cmcc-tdlte-v2.3.json,YES_EXISTING_JSON_PARENT_GROUP,existing_mml_parent_object_group,READ_WRITE,STRING,RrmLogConfig,Device.Services.FAPService.{i}.CellConfig.{i}.NR.RrmLogConfig.,
Device.Services.FAPService.{i}.CellConfig.{i}.NR.RrmLogConfig.RrmLogLevel,yes,existing_command_object_parent,medium,path 位于当前 MML seed/catalog 二级命令节点 object_path 下，可挂入该二级节点；需确认分组是否过粗,SF,小区服务参数管理（总体）,FAP 载波基本配置,Device.Services.FAPService.{i}.,,json_seed_and_catalog_existing_group,omcgo/internal/config/parammodel/mmlstandardloader/seeds/cmcc_tdlte_v23.json; omcgo/datamodels/mml-catalog/cmcc-tdlte-v2.3.json,YES_EXISTING_JSON_PARENT_GROUP,existing_mml_parent_object_group,READ_WRITE,STRING,RrmLogConfig,Device.Services.FAPService.{i}.CellConfig.{i}.NR.RrmLogConfig.,
Device.Services.FAPService.{i}.CellConfig.{i}.NR.RrmLogConfig.RrmShmSize,yes,existing_command_object_parent,medium,path 位于当前 MML seed/catalog 二级命令节点 object_path 下，可挂入该二级节点；需确认分组是否过粗,SF,小区服务参数管理（总体）,FAP 载波基本配置,Device.Services.FAPService.{i}.,,json_seed_and_catalog_existing_group,omcgo/internal/config/parammodel/mmlstandardloader/seeds/cmcc_tdlte_v23.json; omcgo/datamodels/mml-catalog/cmcc-tdlte-v2.3.json,YES_EXISTING_JSON_PARENT_GROUP,existing_mml_parent_object_group,READ_WRITE,STRING,RrmLogConfig,Device.Services.FAPService.{i}.CellConfig.{i}.NR.RrmLogConfig.,
Device.Services.FAPService.{i}.X_COM.LTE.SchedulerConfig.DLSchedulerType,yes,existing_command_object_parent,medium,path 位于当前 MML seed/catalog 二级命令节点 object_path 下，可挂入该二级节点；需确认分组是否过粗,SF,小区服务参数管理（总体）,FAP 载波基本配置,Device.Services.FAPService.{i}.,,json_seed_and_catalog_existing_group,omcgo/internal/config/parammodel/mmlstandardloader/seeds/cmcc_tdlte_v23.json; omcgo/datamodels/mml-catalog/cmcc-tdlte-v2.3.json,YES_EXISTING_JSON_PARENT_GROUP,existing_mml_parent_object_group,READ_WRITE,STRING,SchedulerConfig,Device.Services.FAPService.{i}.X_COM.LTE.SchedulerConfig.,
Device.Services.FAPService.{i}.X_COM.LTE.SchedulerConfig.ULSchedulerType,yes,existing_command_object_parent,medium,path 位于当前 MML seed/catalog 二级命令节点 object_path 下，可挂入该二级节点；需确认分组是否过粗,SF,小区服务参数管理（总体）,FAP 载波基本配置,Device.Services.FAPService.{i}.,,json_seed_and_catalog_existing_group,omcgo/internal/config/parammodel/mmlstandardloader/seeds/cmcc_tdlte_v23.json; omcgo/datamodels/mml-catalog/cmcc-tdlte-v2.3.json,YES_EXISTING_JSON_PARENT_GROUP,existing_mml_parent_object_group,READ_WRITE,STRING,SchedulerConfig,Device.Services.FAPService.{i}.X_COM.LTE.SchedulerConfig.,
Device.Services.FAPService.{i}.CellConfig.{i}.NR.CN.TA.{i}.PLMNList.{i}.SliceList.{i},yes,existing_command_object_parent,medium,path 位于当前 MML seed/catalog 二级命令节点 object_path 下，可挂入该二级节点；需确认分组是否过粗,SF,小区服务参数管理（总体）,FAP 载波基本配置,Device.Services.FAPService.{i}.,,json_seed_and_catalog_existing_group,omcgo/internal/config/parammodel/mmlstandardloader/seeds/cmcc_tdlte_v23.json; omcgo/datamodels/mml-catalog/cmcc-tdlte-v2.3.json,YES_EXISTING_JSON_PARENT_GROUP,existing_mml_parent_object_group,READ_WRITE,STRING,SliceList,Device.Services.FAPService.{i}.CellConfig.{i}.NR.CN.TA.{i}.PLMNList.{i}.SliceList.,
Device.Services.FAPService.{i}.CellConfig.{i}.NR.CN.TA.{i},yes,existing_command_object_parent,medium,path 位于当前 MML seed/catalog 二级命令节点 object_path 下，可挂入该二级节点；需确认分组是否过粗,SF,小区服务参数管理（总体）,FAP 载波基本配置,Device.Services.FAPService.{i}.,,json_seed_and_catalog_existing_group,omcgo/internal/config/parammodel/mmlstandardloader/seeds/cmcc_tdlte_v23.json; omcgo/datamodels/mml-catalog/cmcc-tdlte-v2.3.json,YES_EXISTING_JSON_PARENT_GROUP,existing_mml_parent_object_group,READ_WRITE,STRING,TA,Device.Services.FAPService.{i}.CellConfig.{i}.NR.CN.TA.,
Device.Services.FAPService.{i}.FAPControl.NR.X2apDscp.Dscp,yes,existing_command_object_parent,medium,path 位于当前 MML seed/catalog 二级命令节点 object_path 下，可挂入该二级节点；需确认分组是否过粗,SF,小区服务参数管理（总体）,FAP 载波基本配置,Device.Services.FAPService.{i}.,,json_seed_and_catalog_existing_group,omcgo/internal/config/parammodel/mmlstandardloader/seeds/cmcc_tdlte_v23.json; omcgo/datamodels/mml-catalog/cmcc-tdlte-v2.3.json,YES_EXISTING_JSON_PARENT_GROUP,existing_mml_parent_object_group,READ_WRITE,STRING,X2apDscp,Device.Services.FAPService.{i}.FAPControl.NR.X2apDscp.,
Device.Services.FAPService.{i}.FAPControl.NR.X2apDscp.VlanPrio,yes,existing_command_object_parent,medium,path 位于当前 MML seed/catalog 二级命令节点 object_path 下，可挂入该二级节点；需确认分组是否过粗,SF,小区服务参数管理（总体）,FAP 载波基本配置,Device.Services.FAPService.{i}.,,json_seed_and_catalog_existing_group,omcgo/internal/config/parammodel/mmlstandardloader/seeds/cmcc_tdlte_v23.json; omcgo/datamodels/mml-catalog/cmcc-tdlte-v2.3.json,YES_EXISTING_JSON_PARENT_GROUP,existing_mml_parent_object_group,READ_WRITE,STRING,X2apDscp,Device.Services.FAPService.{i}.FAPControl.NR.X2apDscp.,
Device.Services.FAPService.{i}.FAPControl.NR.XnBlackList.{i},yes,existing_command_object_parent,medium,path 位于当前 MML seed/catalog 二级命令节点 object_path 下，可挂入该二级节点；需确认分组是否过粗,SF,小区服务参数管理（总体）,FAP 载波基本配置,Device.Services.FAPService.{i}.,,json_seed_and_catalog_existing_group,omcgo/internal/config/parammodel/mmlstandardloader/seeds/cmcc_tdlte_v23.json; omcgo/datamodels/mml-catalog/cmcc-tdlte-v2.3.json,YES_EXISTING_JSON_PARENT_GROUP,existing_mml_parent_object_group,READ_WRITE,STRING,XnBlackList,Device.Services.FAPService.{i}.FAPControl.NR.XnBlackList.,
Device.Services.FAPService.{i}.FAPControl.NR.XnIpAddrMapInfo.{i},yes,existing_command_object_parent,medium,path 位于当前 MML seed/catalog 二级命令节点 object_path 下，可挂入该二级节点；需确认分组是否过粗,SF,小区服务参数管理（总体）,FAP 载波基本配置,Device.Services.FAPService.{i}.,,json_seed_and_catalog_existing_group,omcgo/internal/config/parammodel/mmlstandardloader/seeds/cmcc_tdlte_v23.json; omcgo/datamodels/mml-catalog/cmcc-tdlte-v2.3.json,YES_EXISTING_JSON_PARENT_GROUP,existing_mml_parent_object_group,READ_WRITE,STRING,XnIpAddrMapInfo,Device.Services.FAPService.{i}.FAPControl.NR.XnIpAddrMapInfo.,
Device.Services.FAPService.{i}.FAPControl.NR.XnapDscp.Dscp,yes,existing_command_object_parent,medium,path 位于当前 MML seed/catalog 二级命令节点 object_path 下，可挂入该二级节点；需确认分组是否过粗,SF,小区服务参数管理（总体）,FAP 载波基本配置,Device.Services.FAPService.{i}.,,json_seed_and_catalog_existing_group,omcgo/internal/config/parammodel/mmlstandardloader/seeds/cmcc_tdlte_v23.json; omcgo/datamodels/mml-catalog/cmcc-tdlte-v2.3.json,YES_EXISTING_JSON_PARENT_GROUP,existing_mml_parent_object_group,READ_WRITE,STRING,XnapDscp,Device.Services.FAPService.{i}.FAPControl.NR.XnapDscp.,
Device.Services.FAPService.{i}.FAPControl.NR.XnapDscp.VlanPrio,yes,existing_command_object_parent,medium,path 位于当前 MML seed/catalog 二级命令节点 object_path 下，可挂入该二级节点；需确认分组是否过粗,SF,小区服务参数管理（总体）,FAP 载波基本配置,Device.Services.FAPService.{i}.,,json_seed_and_catalog_existing_group,omcgo/internal/config/parammodel/mmlstandardloader/seeds/cmcc_tdlte_v23.json; omcgo/datamodels/mml-catalog/cmcc-tdlte-v2.3.json,YES_EXISTING_JSON_PARENT_GROUP,existing_mml_parent_object_group,READ_WRITE,STRING,XnapDscp,Device.Services.FAPService.{i}.FAPControl.NR.XnapDscp.,
Device.Services.FAPService.{i}.CellConfig.LTE.MmePoolConfigParam.{i}.MMECode,yes,existing_command_object_parent,medium,path 位于当前 MML seed/catalog 二级命令节点 object_path 下，可挂入该二级节点；需确认分组是否过粗,SF,小区服务参数管理（总体）,FAP 载波基本配置,Device.Services.FAPService.{i}.,,json_seed_and_catalog_existing_group,omcgo/internal/config/parammodel/mmlstandardloader/seeds/cmcc_tdlte_v23.json; omcgo/datamodels/mml-catalog/cmcc-tdlte-v2.3.json,YES_EXISTING_JSON_PARENT_GROUP,existing_mml_parent_object_group,READ_ONLY,U_INT,{i},Device.Services.FAPService.{i}.CellConfig.LTE.MmePoolConfigParam.{i}.,
Device.Services.FAPService.{i}.CellConfig.LTE.MmePoolConfigParam.{i}.MMEGroupID,yes,existing_command_object_parent,medium,path 位于当前 MML seed/catalog 二级命令节点 object_path 下，可挂入该二级节点；需确认分组是否过粗,SF,小区服务参数管理（总体）,FAP 载波基本配置,Device.Services.FAPService.{i}.,,json_seed_and_catalog_existing_group,omcgo/internal/config/parammodel/mmlstandardloader/seeds/cmcc_tdlte_v23.json; omcgo/datamodels/mml-catalog/cmcc-tdlte-v2.3.json,YES_EXISTING_JSON_PARENT_GROUP,existing_mml_parent_object_group,READ_ONLY,U_INT,{i},Device.Services.FAPService.{i}.CellConfig.LTE.MmePoolConfigParam.{i}.,
Device.Services.FAPService.{i}.CellConfig.LTE.MmePoolConfigParam.{i}.MMEIp1,yes,existing_command_object_parent,medium,path 位于当前 MML seed/catalog 二级命令节点 object_path 下，可挂入该二级节点；需确认分组是否过粗,SF,小区服务参数管理（总体）,FAP 载波基本配置,Device.Services.FAPService.{i}.,,json_seed_and_catalog_existing_group,omcgo/internal/config/parammodel/mmlstandardloader/seeds/cmcc_tdlte_v23.json; omcgo/datamodels/mml-catalog/cmcc-tdlte-v2.3.json,YES_EXISTING_JSON_PARENT_GROUP,existing_mml_parent_object_group,READ_WRITE,STRING,{i},Device.Services.FAPService.{i}.CellConfig.LTE.MmePoolConfigParam.{i}.,
Device.Services.FAPService.{i}.CellConfig.LTE.MmePoolConfigParam.{i}.MMEIp2,yes,existing_command_object_parent,medium,path 位于当前 MML seed/catalog 二级命令节点 object_path 下，可挂入该二级节点；需确认分组是否过粗,SF,小区服务参数管理（总体）,FAP 载波基本配置,Device.Services.FAPService.{i}.,,json_seed_and_catalog_existing_group,omcgo/internal/config/parammodel/mmlstandardloader/seeds/cmcc_tdlte_v23.json; omcgo/datamodels/mml-catalog/cmcc-tdlte-v2.3.json,YES_EXISTING_JSON_PARENT_GROUP,existing_mml_parent_object_group,READ_ONLY,STRING,{i},Device.Services.FAPService.{i}.CellConfig.LTE.MmePoolConfigParam.{i}.,
Device.Services.FAPService.{i}.CellConfig.LTE.MmePoolConfigParam.{i}.PLMNID,yes,existing_command_object_parent,medium,path 位于当前 MML seed/catalog 二级命令节点 object_path 下，可挂入该二级节点；需确认分组是否过粗,SF,小区服务参数管理（总体）,FAP 载波基本配置,Device.Services.FAPService.{i}.,,json_seed_and_catalog_existing_group,omcgo/internal/config/parammodel/mmlstandardloader/seeds/cmcc_tdlte_v23.json; omcgo/datamodels/mml-catalog/cmcc-tdlte-v2.3.json,YES_EXISTING_JSON_PARENT_GROUP,existing_mml_parent_object_group,READ_WRITE,STRING,{i},Device.Services.FAPService.{i}.CellConfig.LTE.MmePoolConfigParam.{i}.,
Device.Services.FAPService.{i}.CellConfig.LTE.MocnConfigParam.{i}.MMEIp,yes,existing_command_object_parent,medium,path 位于当前 MML seed/catalog 二级命令节点 object_path 下，可挂入该二级节点；需确认分组是否过粗,SF,小区服务参数管理（总体）,FAP 载波基本配置,Device.Services.FAPService.{i}.,,json_seed_and_catalog_existing_group,omcgo/internal/config/parammodel/mmlstandardloader/seeds/cmcc_tdlte_v23.json; omcgo/datamodels/mml-catalog/cmcc-tdlte-v2.3.json,YES_EXISTING_JSON_PARENT_GROUP,existing_mml_parent_object_group,READ_WRITE,STRING,{i},Device.Services.FAPService.{i}.CellConfig.LTE.MocnConfigParam.{i}.,
Device.Services.FAPService.{i}.CellConfig.LTE.MocnConfigParam.{i}.MMEStatus,yes,existing_command_object_parent,medium,path 位于当前 MML seed/catalog 二级命令节点 object_path 下，可挂入该二级节点；需确认分组是否过粗,SF,小区服务参数管理（总体）,FAP 载波基本配置,Device.Services.FAPService.{i}.,,json_seed_and_catalog_existing_group,omcgo/internal/config/parammodel/mmlstandardloader/seeds/cmcc_tdlte_v23.json; omcgo/datamodels/mml-catalog/cmcc-tdlte-v2.3.json,YES_EXISTING_JSON_PARENT_GROUP,existing_mml_parent_object_group,READ_WRITE,STRING,{i},Device.Services.FAPService.{i}.CellConfig.LTE.MocnConfigParam.{i}.,
Device.Services.FAPService.{i}.CellConfig.LTE.MocnConfigParam.{i}.PLMNID,yes,existing_command_object_parent,medium,path 位于当前 MML seed/catalog 二级命令节点 object_path 下，可挂入该二级节点；需确认分组是否过粗,SF,小区服务参数管理（总体）,FAP 载波基本配置,Device.Services.FAPService.{i}.,,json_seed_and_catalog_existing_group,omcgo/internal/config/parammodel/mmlstandardloader/seeds/cmcc_tdlte_v23.json; omcgo/datamodels/mml-catalog/cmcc-tdlte-v2.3.json,YES_EXISTING_JSON_PARENT_GROUP,existing_mml_parent_object_group,READ_WRITE,STRING,{i},Device.Services.FAPService.{i}.CellConfig.LTE.MocnConfigParam.{i}.,
Device.Services.FAPService.{i}.CellConfig.LTE.MocnConfigParam.{i}.S1CIfname,yes,existing_command_object_parent,medium,path 位于当前 MML seed/catalog 二级命令节点 object_path 下，可挂入该二级节点；需确认分组是否过粗,SF,小区服务参数管理（总体）,FAP 载波基本配置,Device.Services.FAPService.{i}.,,json_seed_and_catalog_existing_group,omcgo/internal/config/parammodel/mmlstandardloader/seeds/cmcc_tdlte_v23.json; omcgo/datamodels/mml-catalog/cmcc-tdlte-v2.3.json,YES_EXISTING_JSON_PARENT_GROUP,existing_mml_parent_object_group,READ_WRITE,STRING,{i},Device.Services.FAPService.{i}.CellConfig.LTE.MocnConfigParam.{i}.,
Device.Services.FAPService.{i}.CellConfig.LTE.MocnConfigParam.{i}.S1CIp,yes,existing_command_object_parent,medium,path 位于当前 MML seed/catalog 二级命令节点 object_path 下，可挂入该二级节点；需确认分组是否过粗,SF,小区服务参数管理（总体）,FAP 载波基本配置,Device.Services.FAPService.{i}.,,json_seed_and_catalog_existing_group,omcgo/internal/config/parammodel/mmlstandardloader/seeds/cmcc_tdlte_v23.json; omcgo/datamodels/mml-catalog/cmcc-tdlte-v2.3.json,YES_EXISTING_JSON_PARENT_GROUP,existing_mml_parent_object_group,READ_WRITE,STRING,{i},Device.Services.FAPService.{i}.CellConfig.LTE.MocnConfigParam.{i}.,
Device.Services.FAPService.{i}.CellConfig.LTE.MocnConfigParam.{i}.S1UIfname,yes,existing_command_object_parent,medium,path 位于当前 MML seed/catalog 二级命令节点 object_path 下，可挂入该二级节点；需确认分组是否过粗,SF,小区服务参数管理（总体）,FAP 载波基本配置,Device.Services.FAPService.{i}.,,json_seed_and_catalog_existing_group,omcgo/internal/config/parammodel/mmlstandardloader/seeds/cmcc_tdlte_v23.json; omcgo/datamodels/mml-catalog/cmcc-tdlte-v2.3.json,YES_EXISTING_JSON_PARENT_GROUP,existing_mml_parent_object_group,READ_WRITE,STRING,{i},Device.Services.FAPService.{i}.CellConfig.LTE.MocnConfigParam.{i}.,
Device.Services.FAPService.{i}.CellConfig.LTE.MocnConfigParam.{i}.S1UIp,yes,existing_command_object_parent,medium,path 位于当前 MML seed/catalog 二级命令节点 object_path 下，可挂入该二级节点；需确认分组是否过粗,SF,小区服务参数管理（总体）,FAP 载波基本配置,Device.Services.FAPService.{i}.,,json_seed_and_catalog_existing_group,omcgo/internal/config/parammodel/mmlstandardloader/seeds/cmcc_tdlte_v23.json; omcgo/datamodels/mml-catalog/cmcc-tdlte-v2.3.json,YES_EXISTING_JSON_PARENT_GROUP,existing_mml_parent_object_group,READ_WRITE,STRING,{i},Device.Services.FAPService.{i}.CellConfig.LTE.MocnConfigParam.{i}.,
Device.Services.FAPService.{i}.CellConfig.LTE.MultiIpsecConfigParam.{i}.DpdAction,yes,existing_command_object_parent,medium,path 位于当前 MML seed/catalog 二级命令节点 object_path 下，可挂入该二级节点；需确认分组是否过粗,SF,小区服务参数管理（总体）,FAP 载波基本配置,Device.Services.FAPService.{i}.,,json_seed_and_catalog_existing_group,omcgo/internal/config/parammodel/mmlstandardloader/seeds/cmcc_tdlte_v23.json; omcgo/datamodels/mml-catalog/cmcc-tdlte-v2.3.json,YES_EXISTING_JSON_PARENT_GROUP,existing_mml_parent_object_group,READ_WRITE,STRING,{i},Device.Services.FAPService.{i}.CellConfig.LTE.MultiIpsecConfigParam.{i}.,
Device.Services.FAPService.{i}.CellConfig.LTE.MultiIpsecConfigParam.{i}.DpdDelay,yes,existing_command_object_parent,medium,path 位于当前 MML seed/catalog 二级命令节点 object_path 下，可挂入该二级节点；需确认分组是否过粗,SF,小区服务参数管理（总体）,FAP 载波基本配置,Device.Services.FAPService.{i}.,,json_seed_and_catalog_existing_group,omcgo/internal/config/parammodel/mmlstandardloader/seeds/cmcc_tdlte_v23.json; omcgo/datamodels/mml-catalog/cmcc-tdlte-v2.3.json,YES_EXISTING_JSON_PARENT_GROUP,existing_mml_parent_object_group,READ_WRITE,STRING,{i},Device.Services.FAPService.{i}.CellConfig.LTE.MultiIpsecConfigParam.{i}.,
Device.Services.FAPService.{i}.CellConfig.LTE.MultiIpsecConfigParam.{i}.Enable,yes,existing_command_object_parent,medium,path 位于当前 MML seed/catalog 二级命令节点 object_path 下，可挂入该二级节点；需确认分组是否过粗,SF,小区服务参数管理（总体）,FAP 载波基本配置,Device.Services.FAPService.{i}.,,json_seed_and_catalog_existing_group,omcgo/internal/config/parammodel/mmlstandardloader/seeds/cmcc_tdlte_v23.json; omcgo/datamodels/mml-catalog/cmcc-tdlte-v2.3.json,YES_EXISTING_JSON_PARENT_GROUP,existing_mml_parent_object_group,READ_WRITE,STRING,{i},Device.Services.FAPService.{i}.CellConfig.LTE.MultiIpsecConfigParam.{i}.,
Device.Services.FAPService.{i}.CellConfig.LTE.MultiIpsecConfigParam.{i}.EspAuthentication,yes,existing_command_object_parent,medium,path 位于当前 MML seed/catalog 二级命令节点 object_path 下，可挂入该二级节点；需确认分组是否过粗,SF,小区服务参数管理（总体）,FAP 载波基本配置,Device.Services.FAPService.{i}.,,json_seed_and_catalog_existing_group,omcgo/internal/config/parammodel/mmlstandardloader/seeds/cmcc_tdlte_v23.json; omcgo/datamodels/mml-catalog/cmcc-tdlte-v2.3.json,YES_EXISTING_JSON_PARENT_GROUP,existing_mml_parent_object_group,READ_WRITE,STRING,{i},Device.Services.FAPService.{i}.CellConfig.LTE.MultiIpsecConfigParam.{i}.,
Device.Services.FAPService.{i}.CellConfig.LTE.MultiIpsecConfigParam.{i}.EspDhGroup,yes,existing_command_object_parent,medium,path 位于当前 MML seed/catalog 二级命令节点 object_path 下，可挂入该二级节点；需确认分组是否过粗,SF,小区服务参数管理（总体）,FAP 载波基本配置,Device.Services.FAPService.{i}.,,json_seed_and_catalog_existing_group,omcgo/internal/config/parammodel/mmlstandardloader/seeds/cmcc_tdlte_v23.json; omcgo/datamodels/mml-catalog/cmcc-tdlte-v2.3.json,YES_EXISTING_JSON_PARENT_GROUP,existing_mml_parent_object_group,READ_WRITE,STRING,{i},Device.Services.FAPService.{i}.CellConfig.LTE.MultiIpsecConfigParam.{i}.,
Device.Services.FAPService.{i}.CellConfig.LTE.MultiIpsecConfigParam.{i}.EspenCryption,yes,existing_command_object_parent,medium,path 位于当前 MML seed/catalog 二级命令节点 object_path 下，可挂入该二级节点；需确认分组是否过粗,SF,小区服务参数管理（总体）,FAP 载波基本配置,Device.Services.FAPService.{i}.,,json_seed_and_catalog_existing_group,omcgo/internal/config/parammodel/mmlstandardloader/seeds/cmcc_tdlte_v23.json; omcgo/datamodels/mml-catalog/cmcc-tdlte-v2.3.json,YES_EXISTING_JSON_PARENT_GROUP,existing_mml_parent_object_group,READ_WRITE,STRING,{i},Device.Services.FAPService.{i}.CellConfig.LTE.MultiIpsecConfigParam.{i}.,
Device.Services.FAPService.{i}.CellConfig.LTE.MultiIpsecConfigParam.{i}.Fragmetation,yes,existing_command_object_parent,medium,path 位于当前 MML seed/catalog 二级命令节点 object_path 下，可挂入该二级节点；需确认分组是否过粗,SF,小区服务参数管理（总体）,FAP 载波基本配置,Device.Services.FAPService.{i}.,,json_seed_and_catalog_existing_group,omcgo/internal/config/parammodel/mmlstandardloader/seeds/cmcc_tdlte_v23.json; omcgo/datamodels/mml-catalog/cmcc-tdlte-v2.3.json,YES_EXISTING_JSON_PARENT_GROUP,existing_mml_parent_object_group,READ_WRITE,STRING,{i},Device.Services.FAPService.{i}.CellConfig.LTE.MultiIpsecConfigParam.{i}.,
Device.Services.FAPService.{i}.CellConfig.LTE.MultiIpsecConfigParam.{i}.IkeAuthentication,yes,existing_command_object_parent,medium,path 位于当前 MML seed/catalog 二级命令节点 object_path 下，可挂入该二级节点；需确认分组是否过粗,SF,小区服务参数管理（总体）,FAP 载波基本配置,Device.Services.FAPService.{i}.,,json_seed_and_catalog_existing_group,omcgo/internal/config/parammodel/mmlstandardloader/seeds/cmcc_tdlte_v23.json; omcgo/datamodels/mml-catalog/cmcc-tdlte-v2.3.json,YES_EXISTING_JSON_PARENT_GROUP,existing_mml_parent_object_group,READ_WRITE,STRING,{i},Device.Services.FAPService.{i}.CellConfig.LTE.MultiIpsecConfigParam.{i}.,
Device.Services.FAPService.{i}.CellConfig.LTE.MultiIpsecConfigParam.{i}.IkeDhGroup,yes,existing_command_object_parent,medium,path 位于当前 MML seed/catalog 二级命令节点 object_path 下，可挂入该二级节点；需确认分组是否过粗,SF,小区服务参数管理（总体）,FAP 载波基本配置,Device.Services.FAPService.{i}.,,json_seed_and_catalog_existing_group,omcgo/internal/config/parammodel/mmlstandardloader/seeds/cmcc_tdlte_v23.json; omcgo/datamodels/mml-catalog/cmcc-tdlte-v2.3.json,YES_EXISTING_JSON_PARENT_GROUP,existing_mml_parent_object_group,READ_WRITE,STRING,{i},Device.Services.FAPService.{i}.CellConfig.LTE.MultiIpsecConfigParam.{i}.,
Device.Services.FAPService.{i}.CellConfig.LTE.MultiIpsecConfigParam.{i}.IkeLifeTime,yes,existing_command_object_parent,medium,path 位于当前 MML seed/catalog 二级命令节点 object_path 下，可挂入该二级节点；需确认分组是否过粗,SF,小区服务参数管理（总体）,FAP 载波基本配置,Device.Services.FAPService.{i}.,,json_seed_and_catalog_existing_group,omcgo/internal/config/parammodel/mmlstandardloader/seeds/cmcc_tdlte_v23.json; omcgo/datamodels/mml-catalog/cmcc-tdlte-v2.3.json,YES_EXISTING_JSON_PARENT_GROUP,existing_mml_parent_object_group,READ_WRITE,STRING,{i},Device.Services.FAPService.{i}.CellConfig.LTE.MultiIpsecConfigParam.{i}.,
Device.Services.FAPService.{i}.CellConfig.LTE.MultiIpsecConfigParam.{i}.IkeenCryption,yes,existing_command_object_parent,medium,path 位于当前 MML seed/catalog 二级命令节点 object_path 下，可挂入该二级节点；需确认分组是否过粗,SF,小区服务参数管理（总体）,FAP 载波基本配置,Device.Services.FAPService.{i}.,,json_seed_and_catalog_existing_group,omcgo/internal/config/parammodel/mmlstandardloader/seeds/cmcc_tdlte_v23.json; omcgo/datamodels/mml-catalog/cmcc-tdlte-v2.3.json,YES_EXISTING_JSON_PARENT_GROUP,existing_mml_parent_object_group,READ_WRITE,STRING,{i},Device.Services.FAPService.{i}.CellConfig.LTE.MultiIpsecConfigParam.{i}.,
Device.Services.FAPService.{i}.CellConfig.LTE.MultiIpsecConfigParam.{i}.KeyLife,yes,existing_command_object_parent,medium,path 位于当前 MML seed/catalog 二级命令节点 object_path 下，可挂入该二级节点；需确认分组是否过粗,SF,小区服务参数管理（总体）,FAP 载波基本配置,Device.Services.FAPService.{i}.,,json_seed_and_catalog_existing_group,omcgo/internal/config/parammodel/mmlstandardloader/seeds/cmcc_tdlte_v23.json; omcgo/datamodels/mml-catalog/cmcc-tdlte-v2.3.json,YES_EXISTING_JSON_PARENT_GROUP,existing_mml_parent_object_group,READ_WRITE,STRING,{i},Device.Services.FAPService.{i}.CellConfig.LTE.MultiIpsecConfigParam.{i}.,
Device.Services.FAPService.{i}.CellConfig.LTE.MultiIpsecConfigParam.{i}.LeftAuth,yes,existing_command_object_parent,medium,path 位于当前 MML seed/catalog 二级命令节点 object_path 下，可挂入该二级节点；需确认分组是否过粗,SF,小区服务参数管理（总体）,FAP 载波基本配置,Device.Services.FAPService.{i}.,,json_seed_and_catalog_existing_group,omcgo/internal/config/parammodel/mmlstandardloader/seeds/cmcc_tdlte_v23.json; omcgo/datamodels/mml-catalog/cmcc-tdlte-v2.3.json,YES_EXISTING_JSON_PARENT_GROUP,existing_mml_parent_object_group,READ_WRITE,STRING,{i},Device.Services.FAPService.{i}.CellConfig.LTE.MultiIpsecConfigParam.{i}.,
Device.Services.FAPService.{i}.CellConfig.LTE.MultiIpsecConfigParam.{i}.LeftCert,yes,existing_command_object_parent,medium,path 位于当前 MML seed/catalog 二级命令节点 object_path 下，可挂入该二级节点；需确认分组是否过粗,SF,小区服务参数管理（总体）,FAP 载波基本配置,Device.Services.FAPService.{i}.,,json_seed_and_catalog_existing_group,omcgo/internal/config/parammodel/mmlstandardloader/seeds/cmcc_tdlte_v23.json; omcgo/datamodels/mml-catalog/cmcc-tdlte-v2.3.json,YES_EXISTING_JSON_PARENT_GROUP,existing_mml_parent_object_group,READ_WRITE,STRING,{i},Device.Services.FAPService.{i}.CellConfig.LTE.MultiIpsecConfigParam.{i}.,
Device.Services.FAPService.{i}.CellConfig.LTE.MultiIpsecConfigParam.{i}.LeftId,yes,existing_command_object_parent,medium,path 位于当前 MML seed/catalog 二级命令节点 object_path 下，可挂入该二级节点；需确认分组是否过粗,SF,小区服务参数管理（总体）,FAP 载波基本配置,Device.Services.FAPService.{i}.,,json_seed_and_catalog_existing_group,omcgo/internal/config/parammodel/mmlstandardloader/seeds/cmcc_tdlte_v23.json; omcgo/datamodels/mml-catalog/cmcc-tdlte-v2.3.json,YES_EXISTING_JSON_PARENT_GROUP,existing_mml_parent_object_group,READ_WRITE,STRING,{i},Device.Services.FAPService.{i}.CellConfig.LTE.MultiIpsecConfigParam.{i}.,
Device.Services.FAPService.{i}.CellConfig.LTE.MultiIpsecConfigParam.{i}.LeftIp,yes,existing_command_object_parent,medium,path 位于当前 MML seed/catalog 二级命令节点 object_path 下，可挂入该二级节点；需确认分组是否过粗,SF,小区服务参数管理（总体）,FAP 载波基本配置,Device.Services.FAPService.{i}.,,json_seed_and_catalog_existing_group,omcgo/internal/config/parammodel/mmlstandardloader/seeds/cmcc_tdlte_v23.json; omcgo/datamodels/mml-catalog/cmcc-tdlte-v2.3.json,YES_EXISTING_JSON_PARENT_GROUP,existing_mml_parent_object_group,READ_WRITE,STRING,{i},Device.Services.FAPService.{i}.CellConfig.LTE.MultiIpsecConfigParam.{i}.,
Device.Services.FAPService.{i}.CellConfig.LTE.MultiIpsecConfigParam.{i}.LeftSourceIp,yes,existing_command_object_parent,medium,path 位于当前 MML seed/catalog 二级命令节点 object_path 下，可挂入该二级节点；需确认分组是否过粗,SF,小区服务参数管理（总体）,FAP 载波基本配置,Device.Services.FAPService.{i}.,,json_seed_and_catalog_existing_group,omcgo/internal/config/parammodel/mmlstandardloader/seeds/cmcc_tdlte_v23.json; omcgo/datamodels/mml-catalog/cmcc-tdlte-v2.3.json,YES_EXISTING_JSON_PARENT_GROUP,existing_mml_parent_object_group,READ_WRITE,STRING,{i},Device.Services.FAPService.{i}.CellConfig.LTE.MultiIpsecConfigParam.{i}.,
Device.Services.FAPService.{i}.CellConfig.LTE.MultiIpsecConfigParam.{i}.LeftSubnet,yes,existing_command_object_parent,medium,path 位于当前 MML seed/catalog 二级命令节点 object_path 下，可挂入该二级节点；需确认分组是否过粗,SF,小区服务参数管理（总体）,FAP 载波基本配置,Device.Services.FAPService.{i}.,,json_seed_and_catalog_existing_group,omcgo/internal/config/parammodel/mmlstandardloader/seeds/cmcc_tdlte_v23.json; omcgo/datamodels/mml-catalog/cmcc-tdlte-v2.3.json,YES_EXISTING_JSON_PARENT_GROUP,existing_mml_parent_object_group,READ_WRITE,STRING,{i},Device.Services.FAPService.{i}.CellConfig.LTE.MultiIpsecConfigParam.{i}.,
Device.Services.FAPService.{i}.CellConfig.LTE.MultiIpsecConfigParam.{i}.ReKeyMargin,yes,existing_command_object_parent,medium,path 位于当前 MML seed/catalog 二级命令节点 object_path 下，可挂入该二级节点；需确认分组是否过粗,SF,小区服务参数管理（总体）,FAP 载波基本配置,Device.Services.FAPService.{i}.,,json_seed_and_catalog_existing_group,omcgo/internal/config/parammodel/mmlstandardloader/seeds/cmcc_tdlte_v23.json; omcgo/datamodels/mml-catalog/cmcc-tdlte-v2.3.json,YES_EXISTING_JSON_PARENT_GROUP,existing_mml_parent_object_group,READ_WRITE,STRING,{i},Device.Services.FAPService.{i}.CellConfig.LTE.MultiIpsecConfigParam.{i}.,
Device.Services.FAPService.{i}.CellConfig.LTE.MultiIpsecConfigParam.{i}.Right,yes,existing_command_object_parent,medium,path 位于当前 MML seed/catalog 二级命令节点 object_path 下，可挂入该二级节点；需确认分组是否过粗,SF,小区服务参数管理（总体）,FAP 载波基本配置,Device.Services.FAPService.{i}.,,json_seed_and_catalog_existing_group,omcgo/internal/config/parammodel/mmlstandardloader/seeds/cmcc_tdlte_v23.json; omcgo/datamodels/mml-catalog/cmcc-tdlte-v2.3.json,YES_EXISTING_JSON_PARENT_GROUP,existing_mml_parent_object_group,READ_WRITE,STRING,{i},Device.Services.FAPService.{i}.CellConfig.LTE.MultiIpsecConfigParam.{i}.,
Device.Services.FAPService.{i}.CellConfig.LTE.MultiIpsecConfigParam.{i}.RightAuth,yes,existing_command_object_parent,medium,path 位于当前 MML seed/catalog 二级命令节点 object_path 下，可挂入该二级节点；需确认分组是否过粗,SF,小区服务参数管理（总体）,FAP 载波基本配置,Device.Services.FAPService.{i}.,,json_seed_and_catalog_existing_group,omcgo/internal/config/parammodel/mmlstandardloader/seeds/cmcc_tdlte_v23.json; omcgo/datamodels/mml-catalog/cmcc-tdlte-v2.3.json,YES_EXISTING_JSON_PARENT_GROUP,existing_mml_parent_object_group,READ_WRITE,STRING,{i},Device.Services.FAPService.{i}.CellConfig.LTE.MultiIpsecConfigParam.{i}.,
Device.Services.FAPService.{i}.CellConfig.LTE.MultiIpsecConfigParam.{i}.RightId,yes,existing_command_object_parent,medium,path 位于当前 MML seed/catalog 二级命令节点 object_path 下，可挂入该二级节点；需确认分组是否过粗,SF,小区服务参数管理（总体）,FAP 载波基本配置,Device.Services.FAPService.{i}.,,json_seed_and_catalog_existing_group,omcgo/internal/config/parammodel/mmlstandardloader/seeds/cmcc_tdlte_v23.json; omcgo/datamodels/mml-catalog/cmcc-tdlte-v2.3.json,YES_EXISTING_JSON_PARENT_GROUP,existing_mml_parent_object_group,READ_WRITE,STRING,{i},Device.Services.FAPService.{i}.CellConfig.LTE.MultiIpsecConfigParam.{i}.,
Device.Services.FAPService.{i}.CellConfig.LTE.MultiIpsecConfigParam.{i}.RightSubnet,yes,existing_command_object_parent,medium,path 位于当前 MML seed/catalog 二级命令节点 object_path 下，可挂入该二级节点；需确认分组是否过粗,SF,小区服务参数管理（总体）,FAP 载波基本配置,Device.Services.FAPService.{i}.,,json_seed_and_catalog_existing_group,omcgo/internal/config/parammodel/mmlstandardloader/seeds/cmcc_tdlte_v23.json; omcgo/datamodels/mml-catalog/cmcc-tdlte-v2.3.json,YES_EXISTING_JSON_PARENT_GROUP,existing_mml_parent_object_group,READ_WRITE,STRING,{i},Device.Services.FAPService.{i}.CellConfig.LTE.MultiIpsecConfigParam.{i}.,
Device.Services.FAPService.{i}.CellConfig.LTE.MultiIpsecConfigParam.{i}.SecretKey,yes,existing_command_object_parent,medium,path 位于当前 MML seed/catalog 二级命令节点 object_path 下，可挂入该二级节点；需确认分组是否过粗,SF,小区服务参数管理（总体）,FAP 载波基本配置,Device.Services.FAPService.{i}.,,json_seed_and_catalog_existing_group,omcgo/internal/config/parammodel/mmlstandardloader/seeds/cmcc_tdlte_v23.json; omcgo/datamodels/mml-catalog/cmcc-tdlte-v2.3.json,YES_EXISTING_JSON_PARENT_GROUP,existing_mml_parent_object_group,READ_WRITE,STRING,{i},Device.Services.FAPService.{i}.CellConfig.LTE.MultiIpsecConfigParam.{i}.,
Device.Services.FAPService.{i}.CellConfig.LTE.MultiIpsecConfigParam.{i}.TunnelName,yes,existing_command_object_parent,medium,path 位于当前 MML seed/catalog 二级命令节点 object_path 下，可挂入该二级节点；需确认分组是否过粗,SF,小区服务参数管理（总体）,FAP 载波基本配置,Device.Services.FAPService.{i}.,,json_seed_and_catalog_existing_group,omcgo/internal/config/parammodel/mmlstandardloader/seeds/cmcc_tdlte_v23.json; omcgo/datamodels/mml-catalog/cmcc-tdlte-v2.3.json,YES_EXISTING_JSON_PARENT_GROUP,existing_mml_parent_object_group,READ_WRITE,STRING,{i},Device.Services.FAPService.{i}.CellConfig.LTE.MultiIpsecConfigParam.{i}.,
Device.Services.FAPService.{i}.CellConfig.LTE.S1U.{i}.FarIpSubnetworkList,yes,existing_command_object_parent,medium,path 位于当前 MML seed/catalog 二级命令节点 object_path 下，可挂入该二级节点；需确认分组是否过粗,SF,小区服务参数管理（总体）,FAP 载波基本配置,Device.Services.FAPService.{i}.,,json_seed_and_catalog_existing_group,omcgo/internal/config/parammodel/mmlstandardloader/seeds/cmcc_tdlte_v23.json; omcgo/datamodels/mml-catalog/cmcc-tdlte-v2.3.json,YES_EXISTING_JSON_PARENT_GROUP,existing_mml_parent_object_group,READ_ONLY,STRING,{i},Device.Services.FAPService.{i}.CellConfig.LTE.S1U.{i}.,
Device.Services.FAPService.{i}.CellConfig.LTE.S1U.{i}.LocIpAddrList,yes,existing_command_object_parent,medium,path 位于当前 MML seed/catalog 二级命令节点 object_path 下，可挂入该二级节点；需确认分组是否过粗,SF,小区服务参数管理（总体）,FAP 载波基本配置,Device.Services.FAPService.{i}.,,json_seed_and_catalog_existing_group,omcgo/internal/config/parammodel/mmlstandardloader/seeds/cmcc_tdlte_v23.json; omcgo/datamodels/mml-catalog/cmcc-tdlte-v2.3.json,YES_EXISTING_JSON_PARENT_GROUP,existing_mml_parent_object_group,READ_ONLY,STRING,{i},Device.Services.FAPService.{i}.CellConfig.LTE.S1U.{i}.,
Device.Services.FAPService.{i}.CellConfig.{i}.NR.CN.TA.{i}.PLMNList.{i}.IsPrimaryPlmn,yes,existing_command_object_parent,medium,path 位于当前 MML seed/catalog 二级命令节点 object_path 下，可挂入该二级节点；需确认分组是否过粗,SF,小区服务参数管理（总体）,FAP 载波基本配置,Device.Services.FAPService.{i}.,,json_seed_and_catalog_existing_group,omcgo/internal/config/parammodel/mmlstandardloader/seeds/cmcc_tdlte_v23.json; omcgo/datamodels/mml-catalog/cmcc-tdlte-v2.3.json,YES_EXISTING_JSON_PARENT_GROUP,existing_mml_parent_object_group,READ_WRITE,STRING,{i},Device.Services.FAPService.{i}.CellConfig.{i}.NR.CN.TA.{i}.PLMNList.{i}.,
Device.Services.FAPService.{i}.CellConfig.{i}.NR.CN.TA.{i}.PLMNList.{i}.SliceList.{i}.NguIpIndex,yes,existing_command_object_parent,medium,path 位于当前 MML seed/catalog 二级命令节点 object_path 下，可挂入该二级节点；需确认分组是否过粗,SF,小区服务参数管理（总体）,FAP 载波基本配置,Device.Services.FAPService.{i}.,,json_seed_and_catalog_existing_group,omcgo/internal/config/parammodel/mmlstandardloader/seeds/cmcc_tdlte_v23.json; omcgo/datamodels/mml-catalog/cmcc-tdlte-v2.3.json,YES_EXISTING_JSON_PARENT_GROUP,existing_mml_parent_object_group,READ_WRITE,STRING,{i},Device.Services.FAPService.{i}.CellConfig.{i}.NR.CN.TA.{i}.PLMNList.{i}.SliceList.{i}.,
Device.Services.FAPService.{i}.CellConfig.{i}.NR.CN.TA.{i}.PLMNList.{i}.SliceList.{i}.SNSSAI,yes,existing_command_object_parent,medium,path 位于当前 MML seed/catalog 二级命令节点 object_path 下，可挂入该二级节点；需确认分组是否过粗,SF,小区服务参数管理（总体）,FAP 载波基本配置,Device.Services.FAPService.{i}.,,json_seed_and_catalog_existing_group,omcgo/internal/config/parammodel/mmlstandardloader/seeds/cmcc_tdlte_v23.json; omcgo/datamodels/mml-catalog/cmcc-tdlte-v2.3.json,YES_EXISTING_JSON_PARENT_GROUP,existing_mml_parent_object_group,READ_WRITE,STRING,{i},Device.Services.FAPService.{i}.CellConfig.{i}.NR.CN.TA.{i}.PLMNList.{i}.SliceList.{i}.,
Device.Services.FAPService.{i}.CellConfig.{i}.NR.CN.TA.{i}.Ranac,yes,existing_command_object_parent,medium,path 位于当前 MML seed/catalog 二级命令节点 object_path 下，可挂入该二级节点；需确认分组是否过粗,SF,小区服务参数管理（总体）,FAP 载波基本配置,Device.Services.FAPService.{i}.,,json_seed_and_catalog_existing_group,omcgo/internal/config/parammodel/mmlstandardloader/seeds/cmcc_tdlte_v23.json; omcgo/datamodels/mml-catalog/cmcc-tdlte-v2.3.json,YES_EXISTING_JSON_PARENT_GROUP,existing_mml_parent_object_group,READ_WRITE,STRING,{i},Device.Services.FAPService.{i}.CellConfig.{i}.NR.CN.TA.{i}.,
Device.Services.FAPService.{i}.CellConfig.{i}.NrSibParams.{i}.Sib2Enable,yes,existing_command_object_parent,medium,path 位于当前 MML seed/catalog 二级命令节点 object_path 下，可挂入该二级节点；需确认分组是否过粗,SF,小区服务参数管理（总体）,FAP 载波基本配置,Device.Services.FAPService.{i}.,,json_seed_and_catalog_existing_group,omcgo/internal/config/parammodel/mmlstandardloader/seeds/cmcc_tdlte_v23.json; omcgo/datamodels/mml-catalog/cmcc-tdlte-v2.3.json,YES_EXISTING_JSON_PARENT_GROUP,existing_mml_parent_object_group,READ_WRITE,STRING,{i},Device.Services.FAPService.{i}.CellConfig.{i}.NrSibParams.{i}.,
Device.Services.FAPService.{i}.CellConfig.{i}.NrSibParams.{i}.Sib3Enable,yes,existing_command_object_parent,medium,path 位于当前 MML seed/catalog 二级命令节点 object_path 下，可挂入该二级节点；需确认分组是否过粗,SF,小区服务参数管理（总体）,FAP 载波基本配置,Device.Services.FAPService.{i}.,,json_seed_and_catalog_existing_group,omcgo/internal/config/parammodel/mmlstandardloader/seeds/cmcc_tdlte_v23.json; omcgo/datamodels/mml-catalog/cmcc-tdlte-v2.3.json,YES_EXISTING_JSON_PARENT_GROUP,existing_mml_parent_object_group,READ_WRITE,STRING,{i},Device.Services.FAPService.{i}.CellConfig.{i}.NrSibParams.{i}.,
Device.Services.FAPService.{i}.CellConfig.{i}.NrSibParams.{i}.Sib4Enable,yes,existing_command_object_parent,medium,path 位于当前 MML seed/catalog 二级命令节点 object_path 下，可挂入该二级节点；需确认分组是否过粗,SF,小区服务参数管理（总体）,FAP 载波基本配置,Device.Services.FAPService.{i}.,,json_seed_and_catalog_existing_group,omcgo/internal/config/parammodel/mmlstandardloader/seeds/cmcc_tdlte_v23.json; omcgo/datamodels/mml-catalog/cmcc-tdlte-v2.3.json,YES_EXISTING_JSON_PARENT_GROUP,existing_mml_parent_object_group,READ_WRITE,STRING,{i},Device.Services.FAPService.{i}.CellConfig.{i}.NrSibParams.{i}.,
Device.Services.FAPService.{i}.CellConfig.{i}.NrSibParams.{i}.Sib5Enable,yes,existing_command_object_parent,medium,path 位于当前 MML seed/catalog 二级命令节点 object_path 下，可挂入该二级节点；需确认分组是否过粗,SF,小区服务参数管理（总体）,FAP 载波基本配置,Device.Services.FAPService.{i}.,,json_seed_and_catalog_existing_group,omcgo/internal/config/parammodel/mmlstandardloader/seeds/cmcc_tdlte_v23.json; omcgo/datamodels/mml-catalog/cmcc-tdlte-v2.3.json,YES_EXISTING_JSON_PARENT_GROUP,existing_mml_parent_object_group,READ_WRITE,STRING,{i},Device.Services.FAPService.{i}.CellConfig.{i}.NrSibParams.{i}.,
Device.Services.FAPService.{i}.CellConfig.{i}.NrSibParams.{i}.Sib9DaylightsavingTime,yes,existing_command_object_parent,medium,path 位于当前 MML seed/catalog 二级命令节点 object_path 下，可挂入该二级节点；需确认分组是否过粗,SF,小区服务参数管理（总体）,FAP 载波基本配置,Device.Services.FAPService.{i}.,,json_seed_and_catalog_existing_group,omcgo/internal/config/parammodel/mmlstandardloader/seeds/cmcc_tdlte_v23.json; omcgo/datamodels/mml-catalog/cmcc-tdlte-v2.3.json,YES_EXISTING_JSON_PARENT_GROUP,existing_mml_parent_object_group,READ_WRITE,STRING,{i},Device.Services.FAPService.{i}.CellConfig.{i}.NrSibParams.{i}.,
Device.Services.FAPService.{i}.CellConfig.{i}.NrSibParams.{i}.Sib9Enable,yes,existing_command_object_parent,medium,path 位于当前 MML seed/catalog 二级命令节点 object_path 下，可挂入该二级节点；需确认分组是否过粗,SF,小区服务参数管理（总体）,FAP 载波基本配置,Device.Services.FAPService.{i}.,,json_seed_and_catalog_existing_group,omcgo/internal/config/parammodel/mmlstandardloader/seeds/cmcc_tdlte_v23.json; omcgo/datamodels/mml-catalog/cmcc-tdlte-v2.3.json,YES_EXISTING_JSON_PARENT_GROUP,existing_mml_parent_object_group,READ_WRITE,STRING,{i},Device.Services.FAPService.{i}.CellConfig.{i}.NrSibParams.{i}.,
Device.Services.FAPService.{i}.CellConfig.{i}.NrSibParams.{i}.Sib9Leapseconds,yes,existing_command_object_parent,medium,path 位于当前 MML seed/catalog 二级命令节点 object_path 下，可挂入该二级节点；需确认分组是否过粗,SF,小区服务参数管理（总体）,FAP 载波基本配置,Device.Services.FAPService.{i}.,,json_seed_and_catalog_existing_group,omcgo/internal/config/parammodel/mmlstandardloader/seeds/cmcc_tdlte_v23.json; omcgo/datamodels/mml-catalog/cmcc-tdlte-v2.3.json,YES_EXISTING_JSON_PARENT_GROUP,existing_mml_parent_object_group,READ_WRITE,STRING,{i},Device.Services.FAPService.{i}.CellConfig.{i}.NrSibParams.{i}.,
Device.Services.FAPService.{i}.FAPControl.EMBEDDED_EPC.L2.Apn.{i}.apnDefault,yes,existing_command_object_parent,medium,path 位于当前 MML seed/catalog 二级命令节点 object_path 下，可挂入该二级节点；需确认分组是否过粗,SF,小区服务参数管理（总体）,FAP 载波基本配置,Device.Services.FAPService.{i}.,,json_seed_and_catalog_existing_group,omcgo/internal/config/parammodel/mmlstandardloader/seeds/cmcc_tdlte_v23.json; omcgo/datamodels/mml-catalog/cmcc-tdlte-v2.3.json,YES_EXISTING_JSON_PARENT_GROUP,existing_mml_parent_object_group,READ_WRITE,STRING,{i},Device.Services.FAPService.{i}.FAPControl.EMBEDDED_EPC.L2.Apn.{i}.,
Device.Services.FAPService.{i}.FAPControl.EMBEDDED_EPC.L2.Apn.{i}.apnName,yes,existing_command_object_parent,medium,path 位于当前 MML seed/catalog 二级命令节点 object_path 下，可挂入该二级节点；需确认分组是否过粗,SF,小区服务参数管理（总体）,FAP 载波基本配置,Device.Services.FAPService.{i}.,,json_seed_and_catalog_existing_group,omcgo/internal/config/parammodel/mmlstandardloader/seeds/cmcc_tdlte_v23.json; omcgo/datamodels/mml-catalog/cmcc-tdlte-v2.3.json,YES_EXISTING_JSON_PARENT_GROUP,existing_mml_parent_object_group,READ_WRITE,STRING,{i},Device.Services.FAPService.{i}.FAPControl.EMBEDDED_EPC.L2.Apn.{i}.,
Device.Services.FAPService.{i}.FAPControl.EMBEDDED_EPC.L2.Apn.{i}.apnType,yes,existing_command_object_parent,medium,path 位于当前 MML seed/catalog 二级命令节点 object_path 下，可挂入该二级节点；需确认分组是否过粗,SF,小区服务参数管理（总体）,FAP 载波基本配置,Device.Services.FAPService.{i}.,,json_seed_and_catalog_existing_group,omcgo/internal/config/parammodel/mmlstandardloader/seeds/cmcc_tdlte_v23.json; omcgo/datamodels/mml-catalog/cmcc-tdlte-v2.3.json,YES_EXISTING_JSON_PARENT_GROUP,existing_mml_parent_object_group,READ_WRITE,STRING,{i},Device.Services.FAPService.{i}.FAPControl.EMBEDDED_EPC.L2.Apn.{i}.,
Device.Services.FAPService.{i}.FAPControl.EMBEDDED_EPC.L2.Apn.{i}.apnVlanId,yes,existing_command_object_parent,medium,path 位于当前 MML seed/catalog 二级命令节点 object_path 下，可挂入该二级节点；需确认分组是否过粗,SF,小区服务参数管理（总体）,FAP 载波基本配置,Device.Services.FAPService.{i}.,,json_seed_and_catalog_existing_group,omcgo/internal/config/parammodel/mmlstandardloader/seeds/cmcc_tdlte_v23.json; omcgo/datamodels/mml-catalog/cmcc-tdlte-v2.3.json,YES_EXISTING_JSON_PARENT_GROUP,existing_mml_parent_object_group,READ_WRITE,STRING,{i},Device.Services.FAPService.{i}.FAPControl.EMBEDDED_EPC.L2.Apn.{i}.,
Device.Services.FAPService.{i}.FAPControl.EMBEDDED_EPC.L2.VxLan.{i}.id,yes,existing_command_object_parent,medium,path 位于当前 MML seed/catalog 二级命令节点 object_path 下，可挂入该二级节点；需确认分组是否过粗,SF,小区服务参数管理（总体）,FAP 载波基本配置,Device.Services.FAPService.{i}.,,json_seed_and_catalog_existing_group,omcgo/internal/config/parammodel/mmlstandardloader/seeds/cmcc_tdlte_v23.json; omcgo/datamodels/mml-catalog/cmcc-tdlte-v2.3.json,YES_EXISTING_JSON_PARENT_GROUP,existing_mml_parent_object_group,READ_WRITE,STRING,{i},Device.Services.FAPService.{i}.FAPControl.EMBEDDED_EPC.L2.VxLan.{i}.,
Device.Services.FAPService.{i}.FAPControl.Halob.L2.Apn.{i}.apnDefault,yes,existing_command_object_parent,medium,path 位于当前 MML seed/catalog 二级命令节点 object_path 下，可挂入该二级节点；需确认分组是否过粗,SF,小区服务参数管理（总体）,FAP 载波基本配置,Device.Services.FAPService.{i}.,,json_seed_and_catalog_existing_group,omcgo/internal/config/parammodel/mmlstandardloader/seeds/cmcc_tdlte_v23.json; omcgo/datamodels/mml-catalog/cmcc-tdlte-v2.3.json,YES_EXISTING_JSON_PARENT_GROUP,existing_mml_parent_object_group,READ_WRITE,STRING,{i},Device.Services.FAPService.{i}.FAPControl.Halob.L2.Apn.{i}.,
Device.Services.FAPService.{i}.FAPControl.Halob.L2.Apn.{i}.apnName,yes,existing_command_object_parent,medium,path 位于当前 MML seed/catalog 二级命令节点 object_path 下，可挂入该二级节点；需确认分组是否过粗,SF,小区服务参数管理（总体）,FAP 载波基本配置,Device.Services.FAPService.{i}.,,json_seed_and_catalog_existing_group,omcgo/internal/config/parammodel/mmlstandardloader/seeds/cmcc_tdlte_v23.json; omcgo/datamodels/mml-catalog/cmcc-tdlte-v2.3.json,YES_EXISTING_JSON_PARENT_GROUP,existing_mml_parent_object_group,READ_WRITE,STRING,{i},Device.Services.FAPService.{i}.FAPControl.Halob.L2.Apn.{i}.,
Device.Services.FAPService.{i}.FAPControl.Halob.L2.Apn.{i}.apnType,yes,existing_command_object_parent,medium,path 位于当前 MML seed/catalog 二级命令节点 object_path 下，可挂入该二级节点；需确认分组是否过粗,SF,小区服务参数管理（总体）,FAP 载波基本配置,Device.Services.FAPService.{i}.,,json_seed_and_catalog_existing_group,omcgo/internal/config/parammodel/mmlstandardloader/seeds/cmcc_tdlte_v23.json; omcgo/datamodels/mml-catalog/cmcc-tdlte-v2.3.json,YES_EXISTING_JSON_PARENT_GROUP,existing_mml_parent_object_group,READ_WRITE,STRING,{i},Device.Services.FAPService.{i}.FAPControl.Halob.L2.Apn.{i}.,
Device.Services.FAPService.{i}.FAPControl.Halob.L2.Apn.{i}.apnVlanId,yes,existing_command_object_parent,medium,path 位于当前 MML seed/catalog 二级命令节点 object_path 下，可挂入该二级节点；需确认分组是否过粗,SF,小区服务参数管理（总体）,FAP 载波基本配置,Device.Services.FAPService.{i}.,,json_seed_and_catalog_existing_group,omcgo/internal/config/parammodel/mmlstandardloader/seeds/cmcc_tdlte_v23.json; omcgo/datamodels/mml-catalog/cmcc-tdlte-v2.3.json,YES_EXISTING_JSON_PARENT_GROUP,existing_mml_parent_object_group,READ_WRITE,STRING,{i},Device.Services.FAPService.{i}.FAPControl.Halob.L2.Apn.{i}.,
Device.Services.FAPService.{i}.FAPControl.Halob.L2.VxLan.{i}.apnName,yes,existing_command_object_parent,medium,path 位于当前 MML seed/catalog 二级命令节点 object_path 下，可挂入该二级节点；需确认分组是否过粗,SF,小区服务参数管理（总体）,FAP 载波基本配置,Device.Services.FAPService.{i}.,,json_seed_and_catalog_existing_group,omcgo/internal/config/parammodel/mmlstandardloader/seeds/cmcc_tdlte_v23.json; omcgo/datamodels/mml-catalog/cmcc-tdlte-v2.3.json,YES_EXISTING_JSON_PARENT_GROUP,existing_mml_parent_object_group,READ_WRITE,STRING,{i},Device.Services.FAPService.{i}.FAPControl.Halob.L2.VxLan.{i}.,
Device.Services.FAPService.{i}.FAPControl.Halob.L2.VxLan.{i}.id,yes,existing_command_object_parent,medium,path 位于当前 MML seed/catalog 二级命令节点 object_path 下，可挂入该二级节点；需确认分组是否过粗,SF,小区服务参数管理（总体）,FAP 载波基本配置,Device.Services.FAPService.{i}.,,json_seed_and_catalog_existing_group,omcgo/internal/config/parammodel/mmlstandardloader/seeds/cmcc_tdlte_v23.json; omcgo/datamodels/mml-catalog/cmcc-tdlte-v2.3.json,YES_EXISTING_JSON_PARENT_GROUP,existing_mml_parent_object_group,READ_WRITE,STRING,{i},Device.Services.FAPService.{i}.FAPControl.Halob.L2.VxLan.{i}.,
Device.Services.FAPService.{i}.FAPControl.LTE.HSS.SubInfoList.{i}.APNINFO,yes,existing_command_object_parent,medium,path 位于当前 MML seed/catalog 二级命令节点 object_path 下，可挂入该二级节点；需确认分组是否过粗,SF,小区服务参数管理（总体）,FAP 载波基本配置,Device.Services.FAPService.{i}.,,json_seed_and_catalog_existing_group,omcgo/internal/config/parammodel/mmlstandardloader/seeds/cmcc_tdlte_v23.json; omcgo/datamodels/mml-catalog/cmcc-tdlte-v2.3.json,YES_EXISTING_JSON_PARENT_GROUP,existing_mml_parent_object_group,READ_WRITE,STRING,{i},Device.Services.FAPService.{i}.FAPControl.LTE.HSS.SubInfoList.{i}.,
Device.Services.FAPService.{i}.FAPControl.LTE.HSS.SubInfoList.{i}.IMSINFO,yes,existing_command_object_parent,medium,path 位于当前 MML seed/catalog 二级命令节点 object_path 下，可挂入该二级节点；需确认分组是否过粗,SF,小区服务参数管理（总体）,FAP 载波基本配置,Device.Services.FAPService.{i}.,,json_seed_and_catalog_existing_group,omcgo/internal/config/parammodel/mmlstandardloader/seeds/cmcc_tdlte_v23.json; omcgo/datamodels/mml-catalog/cmcc-tdlte-v2.3.json,YES_EXISTING_JSON_PARENT_GROUP,existing_mml_parent_object_group,READ_WRITE,STRING,{i},Device.Services.FAPService.{i}.FAPControl.LTE.HSS.SubInfoList.{i}.,
Device.Services.FAPService.{i}.FAPControl.LTE.HSS.SubInfoList.{i}.SUBINFO,yes,existing_command_object_parent,medium,path 位于当前 MML seed/catalog 二级命令节点 object_path 下，可挂入该二级节点；需确认分组是否过粗,SF,小区服务参数管理（总体）,FAP 载波基本配置,Device.Services.FAPService.{i}.,,json_seed_and_catalog_existing_group,omcgo/internal/config/parammodel/mmlstandardloader/seeds/cmcc_tdlte_v23.json; omcgo/datamodels/mml-catalog/cmcc-tdlte-v2.3.json,YES_EXISTING_JSON_PARENT_GROUP,existing_mml_parent_object_group,READ_WRITE,STRING,{i},Device.Services.FAPService.{i}.FAPControl.LTE.HSS.SubInfoList.{i}.,
Device.Services.FAPService.{i}.FAPControl.LTE.LICENSE.Capacity.{i}.DelayAvaliable,yes,existing_command_object_parent,medium,path 位于当前 MML seed/catalog 二级命令节点 object_path 下，可挂入该二级节点；需确认分组是否过粗,SF,小区服务参数管理（总体）,FAP 载波基本配置,Device.Services.FAPService.{i}.,,json_seed_and_catalog_existing_group,omcgo/internal/config/parammodel/mmlstandardloader/seeds/cmcc_tdlte_v23.json; omcgo/datamodels/mml-catalog/cmcc-tdlte-v2.3.json,YES_EXISTING_JSON_PARENT_GROUP,existing_mml_parent_object_group,READ_ONLY,U_INT,{i},Device.Services.FAPService.{i}.FAPControl.LTE.LICENSE.Capacity.{i}.,
Device.Services.FAPService.{i}.FAPControl.LTE.LICENSE.Capacity.{i}.DelayControl,yes,existing_command_object_parent,medium,path 位于当前 MML seed/catalog 二级命令节点 object_path 下，可挂入该二级节点；需确认分组是否过粗,SF,小区服务参数管理（总体）,FAP 载波基本配置,Device.Services.FAPService.{i}.,,json_seed_and_catalog_existing_group,omcgo/internal/config/parammodel/mmlstandardloader/seeds/cmcc_tdlte_v23.json; omcgo/datamodels/mml-catalog/cmcc-tdlte-v2.3.json,YES_EXISTING_JSON_PARENT_GROUP,existing_mml_parent_object_group,READ_WRITE,U_INT,{i},Device.Services.FAPService.{i}.FAPControl.LTE.LICENSE.Capacity.{i}.,
Device.Services.FAPService.{i}.FAPControl.LTE.LICENSE.Capacity.{i}.Description,yes,existing_command_object_parent,medium,path 位于当前 MML seed/catalog 二级命令节点 object_path 下，可挂入该二级节点；需确认分组是否过粗,SF,小区服务参数管理（总体）,FAP 载波基本配置,Device.Services.FAPService.{i}.,,json_seed_and_catalog_existing_group,omcgo/internal/config/parammodel/mmlstandardloader/seeds/cmcc_tdlte_v23.json; omcgo/datamodels/mml-catalog/cmcc-tdlte-v2.3.json,YES_EXISTING_JSON_PARENT_GROUP,existing_mml_parent_object_group,READ_ONLY,STRING,{i},Device.Services.FAPService.{i}.FAPControl.LTE.LICENSE.Capacity.{i}.,
Device.Services.FAPService.{i}.FAPControl.LTE.LICENSE.Capacity.{i}.ID,yes,existing_command_object_parent,medium,path 位于当前 MML seed/catalog 二级命令节点 object_path 下，可挂入该二级节点；需确认分组是否过粗,SF,小区服务参数管理（总体）,FAP 载波基本配置,Device.Services.FAPService.{i}.,,json_seed_and_catalog_existing_group,omcgo/internal/config/parammodel/mmlstandardloader/seeds/cmcc_tdlte_v23.json; omcgo/datamodels/mml-catalog/cmcc-tdlte-v2.3.json,YES_EXISTING_JSON_PARENT_GROUP,existing_mml_parent_object_group,READ_ONLY,STRING,{i},Device.Services.FAPService.{i}.FAPControl.LTE.LICENSE.Capacity.{i}.,
Device.Services.FAPService.{i}.FAPControl.LTE.LICENSE.Capacity.{i}.RemainingPeriod,yes,existing_command_object_parent,medium,path 位于当前 MML seed/catalog 二级命令节点 object_path 下，可挂入该二级节点；需确认分组是否过粗,SF,小区服务参数管理（总体）,FAP 载波基本配置,Device.Services.FAPService.{i}.,,json_seed_and_catalog_existing_group,omcgo/internal/config/parammodel/mmlstandardloader/seeds/cmcc_tdlte_v23.json; omcgo/datamodels/mml-catalog/cmcc-tdlte-v2.3.json,YES_EXISTING_JSON_PARENT_GROUP,existing_mml_parent_object_group,READ_ONLY,STRING,{i},Device.Services.FAPService.{i}.FAPControl.LTE.LICENSE.Capacity.{i}.,
Device.Services.FAPService.{i}.FAPControl.LTE.LICENSE.Capacity.{i}.ValidPeriod,yes,existing_command_object_parent,medium,path 位于当前 MML seed/catalog 二级命令节点 object_path 下，可挂入该二级节点；需确认分组是否过粗,SF,小区服务参数管理（总体）,FAP 载波基本配置,Device.Services.FAPService.{i}.,,json_seed_and_catalog_existing_group,omcgo/internal/config/parammodel/mmlstandardloader/seeds/cmcc_tdlte_v23.json; omcgo/datamodels/mml-catalog/cmcc-tdlte-v2.3.json,YES_EXISTING_JSON_PARENT_GROUP,existing_mml_parent_object_group,READ_ONLY,STRING,{i},Device.Services.FAPService.{i}.FAPControl.LTE.LICENSE.Capacity.{i}.,
Device.Services.FAPService.{i}.FAPControl.LTE.LICENSE.Capacity.{i}.Value,yes,existing_command_object_parent,medium,path 位于当前 MML seed/catalog 二级命令节点 object_path 下，可挂入该二级节点；需确认分组是否过粗,SF,小区服务参数管理（总体）,FAP 载波基本配置,Device.Services.FAPService.{i}.,,json_seed_and_catalog_existing_group,omcgo/internal/config/parammodel/mmlstandardloader/seeds/cmcc_tdlte_v23.json; omcgo/datamodels/mml-catalog/cmcc-tdlte-v2.3.json,YES_EXISTING_JSON_PARENT_GROUP,existing_mml_parent_object_group,READ_ONLY,STRING,{i},Device.Services.FAPService.{i}.FAPControl.LTE.LICENSE.Capacity.{i}.,
Device.Services.FAPService.{i}.FAPControl.NR.AMFPoolConfigParam.{i}.NR_AMF_IS_DEFAULT,yes,existing_command_object_parent,medium,path 位于当前 MML seed/catalog 二级命令节点 object_path 下，可挂入该二级节点；需确认分组是否过粗,SF,小区服务参数管理（总体）,FAP 载波基本配置,Device.Services.FAPService.{i}.,,json_seed_and_catalog_existing_group,omcgo/internal/config/parammodel/mmlstandardloader/seeds/cmcc_tdlte_v23.json; omcgo/datamodels/mml-catalog/cmcc-tdlte-v2.3.json,YES_EXISTING_JSON_PARENT_GROUP,existing_mml_parent_object_group,READ_WRITE,STRING,{i},Device.Services.FAPService.{i}.FAPControl.NR.AMFPoolConfigParam.{i}.,
Device.Services.FAPService.{i}.FAPControl.NR.AMFPoolConfigParam.{i}.PLMNID,yes,existing_command_object_parent,medium,path 位于当前 MML seed/catalog 二级命令节点 object_path 下，可挂入该二级节点；需确认分组是否过粗,SF,小区服务参数管理（总体）,FAP 载波基本配置,Device.Services.FAPService.{i}.,,json_seed_and_catalog_existing_group,omcgo/internal/config/parammodel/mmlstandardloader/seeds/cmcc_tdlte_v23.json; omcgo/datamodels/mml-catalog/cmcc-tdlte-v2.3.json,YES_EXISTING_JSON_PARENT_GROUP,existing_mml_parent_object_group,READ_WRITE,STRING,{i},Device.Services.FAPService.{i}.FAPControl.NR.AMFPoolConfigParam.{i}.,
Device.Services.FAPService.{i}.FAPControl.NR.DscpList.{i}.Dscp,yes,existing_command_object_parent,medium,path 位于当前 MML seed/catalog 二级命令节点 object_path 下，可挂入该二级节点；需确认分组是否过粗,SF,小区服务参数管理（总体）,FAP 载波基本配置,Device.Services.FAPService.{i}.,,json_seed_and_catalog_existing_group,omcgo/internal/config/parammodel/mmlstandardloader/seeds/cmcc_tdlte_v23.json; omcgo/datamodels/mml-catalog/cmcc-tdlte-v2.3.json,YES_EXISTING_JSON_PARENT_GROUP,existing_mml_parent_object_group,READ_WRITE,STRING,{i},Device.Services.FAPService.{i}.FAPControl.NR.DscpList.{i}.,
Device.Services.FAPService.{i}.FAPControl.NR.DscpList.{i}.VlanPrio,yes,existing_command_object_parent,medium,path 位于当前 MML seed/catalog 二级命令节点 object_path 下，可挂入该二级节点；需确认分组是否过粗,SF,小区服务参数管理（总体）,FAP 载波基本配置,Device.Services.FAPService.{i}.,,json_seed_and_catalog_existing_group,omcgo/internal/config/parammodel/mmlstandardloader/seeds/cmcc_tdlte_v23.json; omcgo/datamodels/mml-catalog/cmcc-tdlte-v2.3.json,YES_EXISTING_JSON_PARENT_GROUP,existing_mml_parent_object_group,READ_WRITE,STRING,{i},Device.Services.FAPService.{i}.FAPControl.NR.DscpList.{i}.,
Device.Services.FAPService.{i}.FAPControl.NR.XnBlackList.{i}.RemoteAddress,yes,existing_command_object_parent,medium,path 位于当前 MML seed/catalog 二级命令节点 object_path 下，可挂入该二级节点；需确认分组是否过粗,SF,小区服务参数管理（总体）,FAP 载波基本配置,Device.Services.FAPService.{i}.,,json_seed_and_catalog_existing_group,omcgo/internal/config/parammodel/mmlstandardloader/seeds/cmcc_tdlte_v23.json; omcgo/datamodels/mml-catalog/cmcc-tdlte-v2.3.json,YES_EXISTING_JSON_PARENT_GROUP,existing_mml_parent_object_group,READ_WRITE,STRING,{i},Device.Services.FAPService.{i}.FAPControl.NR.XnBlackList.{i}.,
Device.Services.FAPService.{i}.FAPControl.NR.XnIpAddrMapInfo.{i}.PLMNID,yes,existing_command_object_parent,medium,path 位于当前 MML seed/catalog 二级命令节点 object_path 下，可挂入该二级节点；需确认分组是否过粗,SF,小区服务参数管理（总体）,FAP 载波基本配置,Device.Services.FAPService.{i}.,,json_seed_and_catalog_existing_group,omcgo/internal/config/parammodel/mmlstandardloader/seeds/cmcc_tdlte_v23.json; omcgo/datamodels/mml-catalog/cmcc-tdlte-v2.3.json,YES_EXISTING_JSON_PARENT_GROUP,existing_mml_parent_object_group,READ_WRITE,STRING,{i},Device.Services.FAPService.{i}.FAPControl.NR.XnIpAddrMapInfo.{i}.,
Device.Services.FAPService.{i}.FAPControl.NR.XnIpAddrMapInfo.{i}.RemoteAddress,yes,existing_command_object_parent,medium,path 位于当前 MML seed/catalog 二级命令节点 object_path 下，可挂入该二级节点；需确认分组是否过粗,SF,小区服务参数管理（总体）,FAP 载波基本配置,Device.Services.FAPService.{i}.,,json_seed_and_catalog_existing_group,omcgo/internal/config/parammodel/mmlstandardloader/seeds/cmcc_tdlte_v23.json; omcgo/datamodels/mml-catalog/cmcc-tdlte-v2.3.json,YES_EXISTING_JSON_PARENT_GROUP,existing_mml_parent_object_group,READ_WRITE,STRING,{i},Device.Services.FAPService.{i}.FAPControl.NR.XnIpAddrMapInfo.{i}.,
Device.Services.FAPService.{i}.FAPControl.NR.XnIpAddrMapInfo.{i}.XnHoEnable,yes,existing_command_object_parent,medium,path 位于当前 MML seed/catalog 二级命令节点 object_path 下，可挂入该二级节点；需确认分组是否过粗,SF,小区服务参数管理（总体）,FAP 载波基本配置,Device.Services.FAPService.{i}.,,json_seed_and_catalog_existing_group,omcgo/internal/config/parammodel/mmlstandardloader/seeds/cmcc_tdlte_v23.json; omcgo/datamodels/mml-catalog/cmcc-tdlte-v2.3.json,YES_EXISTING_JSON_PARENT_GROUP,existing_mml_parent_object_group,READ_WRITE,STRING,{i},Device.Services.FAPService.{i}.FAPControl.NR.XnIpAddrMapInfo.{i}.,
Device.Services.FAPService.{i}.FAPControl.NR.XnIpAddrMapInfo.{i}.XnLinkEnable,yes,existing_command_object_parent,medium,path 位于当前 MML seed/catalog 二级命令节点 object_path 下，可挂入该二级节点；需确认分组是否过粗,SF,小区服务参数管理（总体）,FAP 载波基本配置,Device.Services.FAPService.{i}.,,json_seed_and_catalog_existing_group,omcgo/internal/config/parammodel/mmlstandardloader/seeds/cmcc_tdlte_v23.json; omcgo/datamodels/mml-catalog/cmcc-tdlte-v2.3.json,YES_EXISTING_JSON_PARENT_GROUP,existing_mml_parent_object_group,READ_WRITE,STRING,{i},Device.Services.FAPService.{i}.FAPControl.NR.XnIpAddrMapInfo.{i}.,
Device.Services.FAPService.{i}.FAPControl.NR.XnIpAddrMapInfo.{i}.XnStatus,yes,existing_command_object_parent,medium,path 位于当前 MML seed/catalog 二级命令节点 object_path 下，可挂入该二级节点；需确认分组是否过粗,SF,小区服务参数管理（总体）,FAP 载波基本配置,Device.Services.FAPService.{i}.,,json_seed_and_catalog_existing_group,omcgo/internal/config/parammodel/mmlstandardloader/seeds/cmcc_tdlte_v23.json; omcgo/datamodels/mml-catalog/cmcc-tdlte-v2.3.json,YES_EXISTING_JSON_PARENT_GROUP,existing_mml_parent_object_group,READ_WRITE,STRING,{i},Device.Services.FAPService.{i}.FAPControl.NR.XnIpAddrMapInfo.{i}.,
Device.Services.FAPService.{i}.FAPControl.Qos.QosSstInfo.{i}.MaxResourceReserved,yes,existing_command_object_parent,medium,path 位于当前 MML seed/catalog 二级命令节点 object_path 下，可挂入该二级节点；需确认分组是否过粗,SF,小区服务参数管理（总体）,FAP 载波基本配置,Device.Services.FAPService.{i}.,,json_seed_and_catalog_existing_group,omcgo/internal/config/parammodel/mmlstandardloader/seeds/cmcc_tdlte_v23.json; omcgo/datamodels/mml-catalog/cmcc-tdlte-v2.3.json,YES_EXISTING_JSON_PARENT_GROUP,existing_mml_parent_object_group,READ_WRITE,STRING,{i},Device.Services.FAPService.{i}.FAPControl.Qos.QosSstInfo.{i}.,
Device.Services.FAPService.{i}.FAPControl.Qos.QosSstInfo.{i}.MinResourceReserved,yes,existing_command_object_parent,medium,path 位于当前 MML seed/catalog 二级命令节点 object_path 下，可挂入该二级节点；需确认分组是否过粗,SF,小区服务参数管理（总体）,FAP 载波基本配置,Device.Services.FAPService.{i}.,,json_seed_and_catalog_existing_group,omcgo/internal/config/parammodel/mmlstandardloader/seeds/cmcc_tdlte_v23.json; omcgo/datamodels/mml-catalog/cmcc-tdlte-v2.3.json,YES_EXISTING_JSON_PARENT_GROUP,existing_mml_parent_object_group,READ_WRITE,STRING,{i},Device.Services.FAPService.{i}.FAPControl.Qos.QosSstInfo.{i}.,
Device.Services.FAPService.{i}.FAPControl.Qos.QosSstInfo.{i}.Sst,yes,existing_command_object_parent,medium,path 位于当前 MML seed/catalog 二级命令节点 object_path 下，可挂入该二级节点；需确认分组是否过粗,SF,小区服务参数管理（总体）,FAP 载波基本配置,Device.Services.FAPService.{i}.,,json_seed_and_catalog_existing_group,omcgo/internal/config/parammodel/mmlstandardloader/seeds/cmcc_tdlte_v23.json; omcgo/datamodels/mml-catalog/cmcc-tdlte-v2.3.json,YES_EXISTING_JSON_PARENT_GROUP,existing_mml_parent_object_group,READ_WRITE,STRING,{i},Device.Services.FAPService.{i}.FAPControl.Qos.QosSstInfo.{i}.,
Device.Services.FAPService.{i}.FAPControl.Qos.QosSstInfo.{i}.SstResourceType,yes,existing_command_object_parent,medium,path 位于当前 MML seed/catalog 二级命令节点 object_path 下，可挂入该二级节点；需确认分组是否过粗,SF,小区服务参数管理（总体）,FAP 载波基本配置,Device.Services.FAPService.{i}.,,json_seed_and_catalog_existing_group,omcgo/internal/config/parammodel/mmlstandardloader/seeds/cmcc_tdlte_v23.json; omcgo/datamodels/mml-catalog/cmcc-tdlte-v2.3.json,YES_EXISTING_JSON_PARENT_GROUP,existing_mml_parent_object_group,READ_WRITE,STRING,{i},Device.Services.FAPService.{i}.FAPControl.Qos.QosSstInfo.{i}.,
Device.Services.FAPService.{i}.FAPControl.X2IpAddrMapInfo.{i}.EnbId,yes,existing_command_object_parent,medium,path 位于当前 MML seed/catalog 二级命令节点 object_path 下，可挂入该二级节点；需确认分组是否过粗,SF,小区服务参数管理（总体）,FAP 载波基本配置,Device.Services.FAPService.{i}.,,json_seed_and_catalog_existing_group,omcgo/internal/config/parammodel/mmlstandardloader/seeds/cmcc_tdlte_v23.json; omcgo/datamodels/mml-catalog/cmcc-tdlte-v2.3.json,YES_EXISTING_JSON_PARENT_GROUP,existing_mml_parent_object_group,READ_WRITE,U_INT,{i},Device.Services.FAPService.{i}.FAPControl.X2IpAddrMapInfo.{i}.,
Device.Services.FAPService.{i}.FAPControl.X2IpAddrMapInfo.{i}.EnbType,yes,existing_command_object_parent,medium,path 位于当前 MML seed/catalog 二级命令节点 object_path 下，可挂入该二级节点；需确认分组是否过粗,SF,小区服务参数管理（总体）,FAP 载波基本配置,Device.Services.FAPService.{i}.,,json_seed_and_catalog_existing_group,omcgo/internal/config/parammodel/mmlstandardloader/seeds/cmcc_tdlte_v23.json; omcgo/datamodels/mml-catalog/cmcc-tdlte-v2.3.json,YES_EXISTING_JSON_PARENT_GROUP,existing_mml_parent_object_group,READ_WRITE,U_INT,{i},Device.Services.FAPService.{i}.FAPControl.X2IpAddrMapInfo.{i}.,
Device.Services.FAPService.{i}.FAPControl.X2IpAddrMapInfo.{i}.PLMNID,yes,existing_command_object_parent,medium,path 位于当前 MML seed/catalog 二级命令节点 object_path 下，可挂入该二级节点；需确认分组是否过粗,SF,小区服务参数管理（总体）,FAP 载波基本配置,Device.Services.FAPService.{i}.,,json_seed_and_catalog_existing_group,omcgo/internal/config/parammodel/mmlstandardloader/seeds/cmcc_tdlte_v23.json; omcgo/datamodels/mml-catalog/cmcc-tdlte-v2.3.json,YES_EXISTING_JSON_PARENT_GROUP,existing_mml_parent_object_group,READ_WRITE,STRING,{i},Device.Services.FAPService.{i}.FAPControl.X2IpAddrMapInfo.{i}.,
Device.Services.FAPService.{i}.FAPControl.X2IpAddrMapInfo.{i}.SubnetMask,yes,existing_command_object_parent,medium,path 位于当前 MML seed/catalog 二级命令节点 object_path 下，可挂入该二级节点；需确认分组是否过粗,SF,小区服务参数管理（总体）,FAP 载波基本配置,Device.Services.FAPService.{i}.,,json_seed_and_catalog_existing_group,omcgo/internal/config/parammodel/mmlstandardloader/seeds/cmcc_tdlte_v23.json; omcgo/datamodels/mml-catalog/cmcc-tdlte-v2.3.json,YES_EXISTING_JSON_PARENT_GROUP,existing_mml_parent_object_group,READ_WRITE,STRING,{i},Device.Services.FAPService.{i}.FAPControl.X2IpAddrMapInfo.{i}.,
Device.Services.FAPService.{i}.FAPControl.X2IpAddrMapInfo.{i}.WanIpAddress,yes,existing_command_object_parent,medium,path 位于当前 MML seed/catalog 二级命令节点 object_path 下，可挂入该二级节点；需确认分组是否过粗,SF,小区服务参数管理（总体）,FAP 载波基本配置,Device.Services.FAPService.{i}.,,json_seed_and_catalog_existing_group,omcgo/internal/config/parammodel/mmlstandardloader/seeds/cmcc_tdlte_v23.json; omcgo/datamodels/mml-catalog/cmcc-tdlte-v2.3.json,YES_EXISTING_JSON_PARENT_GROUP,existing_mml_parent_object_group,READ_WRITE,STRING,{i},Device.Services.FAPService.{i}.FAPControl.X2IpAddrMapInfo.{i}.,
Device.Services.FAPService.{i}.Transport.SCTP.Enable,yes,existing_command_object_parent,medium,path 位于当前 MML seed/catalog 二级命令节点 object_path 下，可挂入该二级节点；需确认分组是否过粗,SF,小区服务参数管理（总体）,FAP 载波基本配置,Device.Services.FAPService.{i}.,,json_seed_and_catalog_existing_group,omcgo/internal/config/parammodel/mmlstandardloader/seeds/cmcc_tdlte_v23.json; omcgo/datamodels/mml-catalog/cmcc-tdlte-v2.3.json,YES_EXISTING_JSON_PARENT_GROUP,existing_mml_parent_object_group,READ_WRITE,BOOLEAN,SCTP,Device.Services.FAPService.{i}.Transport.SCTP.,
Device.Services.FAPService.{i}.Transport.SCTP.HBInterval,yes,existing_command_object_parent,medium,path 位于当前 MML seed/catalog 二级命令节点 object_path 下，可挂入该二级节点；需确认分组是否过粗,SF,小区服务参数管理（总体）,FAP 载波基本配置,Device.Services.FAPService.{i}.,,json_seed_and_catalog_existing_group,omcgo/internal/config/parammodel/mmlstandardloader/seeds/cmcc_tdlte_v23.json; omcgo/datamodels/mml-catalog/cmcc-tdlte-v2.3.json,YES_EXISTING_JSON_PARENT_GROUP,existing_mml_parent_object_group,READ_WRITE,U_INT,SCTP,Device.Services.FAPService.{i}.Transport.SCTP.,
Device.Services.FAPService.{i}.Transport.SCTP.MaxAssociationRetransmits,yes,existing_command_object_parent,medium,path 位于当前 MML seed/catalog 二级命令节点 object_path 下，可挂入该二级节点；需确认分组是否过粗,SF,小区服务参数管理（总体）,FAP 载波基本配置,Device.Services.FAPService.{i}.,,json_seed_and_catalog_existing_group,omcgo/internal/config/parammodel/mmlstandardloader/seeds/cmcc_tdlte_v23.json; omcgo/datamodels/mml-catalog/cmcc-tdlte-v2.3.json,YES_EXISTING_JSON_PARENT_GROUP,existing_mml_parent_object_group,READ_WRITE,U_INT,SCTP,Device.Services.FAPService.{i}.Transport.SCTP.,
Device.Services.FAPService.{i}.Transport.SCTP.MaxInitRetransmits,yes,existing_command_object_parent,medium,path 位于当前 MML seed/catalog 二级命令节点 object_path 下，可挂入该二级节点；需确认分组是否过粗,SF,小区服务参数管理（总体）,FAP 载波基本配置,Device.Services.FAPService.{i}.,,json_seed_and_catalog_existing_group,omcgo/internal/config/parammodel/mmlstandardloader/seeds/cmcc_tdlte_v23.json; omcgo/datamodels/mml-catalog/cmcc-tdlte-v2.3.json,YES_EXISTING_JSON_PARENT_GROUP,existing_mml_parent_object_group,READ_WRITE,U_INT,SCTP,Device.Services.FAPService.{i}.Transport.SCTP.,
Device.Services.FAPService.{i}.Transport.SCTP.MaxPathRetransmits,yes,existing_command_object_parent,medium,path 位于当前 MML seed/catalog 二级命令节点 object_path 下，可挂入该二级节点；需确认分组是否过粗,SF,小区服务参数管理（总体）,FAP 载波基本配置,Device.Services.FAPService.{i}.,,json_seed_and_catalog_existing_group,omcgo/internal/config/parammodel/mmlstandardloader/seeds/cmcc_tdlte_v23.json; omcgo/datamodels/mml-catalog/cmcc-tdlte-v2.3.json,YES_EXISTING_JSON_PARENT_GROUP,existing_mml_parent_object_group,READ_WRITE,U_INT,SCTP,Device.Services.FAPService.{i}.Transport.SCTP.,
Device.Services.FAPService.{i}.Transport.SCTP.RTOInitial,yes,existing_command_object_parent,medium,path 位于当前 MML seed/catalog 二级命令节点 object_path 下，可挂入该二级节点；需确认分组是否过粗,SF,小区服务参数管理（总体）,FAP 载波基本配置,Device.Services.FAPService.{i}.,,json_seed_and_catalog_existing_group,omcgo/internal/config/parammodel/mmlstandardloader/seeds/cmcc_tdlte_v23.json; omcgo/datamodels/mml-catalog/cmcc-tdlte-v2.3.json,YES_EXISTING_JSON_PARENT_GROUP,existing_mml_parent_object_group,READ_WRITE,U_INT,SCTP,Device.Services.FAPService.{i}.Transport.SCTP.,
Device.Services.FAPService.{i}.Transport.SCTP.RTOMax,yes,existing_command_object_parent,medium,path 位于当前 MML seed/catalog 二级命令节点 object_path 下，可挂入该二级节点；需确认分组是否过粗,SF,小区服务参数管理（总体）,FAP 载波基本配置,Device.Services.FAPService.{i}.,,json_seed_and_catalog_existing_group,omcgo/internal/config/parammodel/mmlstandardloader/seeds/cmcc_tdlte_v23.json; omcgo/datamodels/mml-catalog/cmcc-tdlte-v2.3.json,YES_EXISTING_JSON_PARENT_GROUP,existing_mml_parent_object_group,READ_WRITE,U_INT,SCTP,Device.Services.FAPService.{i}.Transport.SCTP.,
Device.Services.FAPService.{i}.Transport.SCTP.RTOMin,yes,existing_command_object_parent,medium,path 位于当前 MML seed/catalog 二级命令节点 object_path 下，可挂入该二级节点；需确认分组是否过粗,SF,小区服务参数管理（总体）,FAP 载波基本配置,Device.Services.FAPService.{i}.,,json_seed_and_catalog_existing_group,omcgo/internal/config/parammodel/mmlstandardloader/seeds/cmcc_tdlte_v23.json; omcgo/datamodels/mml-catalog/cmcc-tdlte-v2.3.json,YES_EXISTING_JSON_PARENT_GROUP,existing_mml_parent_object_group,READ_WRITE,U_INT,SCTP,Device.Services.FAPService.{i}.Transport.SCTP.,
Device.Services.FAPService.{i}.Transport.SCTP.ValCookieLife,yes,existing_command_object_parent,medium,path 位于当前 MML seed/catalog 二级命令节点 object_path 下，可挂入该二级节点；需确认分组是否过粗,SF,小区服务参数管理（总体）,FAP 载波基本配置,Device.Services.FAPService.{i}.,,json_seed_and_catalog_existing_group,omcgo/internal/config/parammodel/mmlstandardloader/seeds/cmcc_tdlte_v23.json; omcgo/datamodels/mml-catalog/cmcc-tdlte-v2.3.json,YES_EXISTING_JSON_PARENT_GROUP,existing_mml_parent_object_group,READ_WRITE,U_INT,SCTP,Device.Services.FAPService.{i}.Transport.SCTP.,
Device.Services.FAPService.{i}.Transport.SCTP.Assoc.{i}.LocalPort,yes,existing_command_object_parent,medium,path 位于当前 MML seed/catalog 二级命令节点 object_path 下，可挂入该二级节点；需确认分组是否过粗,SF,小区服务参数管理（总体）,FAP 载波基本配置,Device.Services.FAPService.{i}.,,json_seed_and_catalog_existing_group,omcgo/internal/config/parammodel/mmlstandardloader/seeds/cmcc_tdlte_v23.json; omcgo/datamodels/mml-catalog/cmcc-tdlte-v2.3.json,YES_EXISTING_JSON_PARENT_GROUP,existing_mml_parent_object_group,READ_ONLY,U_INT,{i},Device.Services.FAPService.{i}.Transport.SCTP.Assoc.{i}.,
Device.Services.FAPService.{i}.Transport.SCTP.Assoc.{i}.PrimaryPeerAddress,yes,existing_command_object_parent,medium,path 位于当前 MML seed/catalog 二级命令节点 object_path 下，可挂入该二级节点；需确认分组是否过粗,SF,小区服务参数管理（总体）,FAP 载波基本配置,Device.Services.FAPService.{i}.,,json_seed_and_catalog_existing_group,omcgo/internal/config/parammodel/mmlstandardloader/seeds/cmcc_tdlte_v23.json; omcgo/datamodels/mml-catalog/cmcc-tdlte-v2.3.json,YES_EXISTING_JSON_PARENT_GROUP,existing_mml_parent_object_group,READ_ONLY,STRING,{i},Device.Services.FAPService.{i}.Transport.SCTP.Assoc.{i}.,
Device.Services.FAPService.{i}.Transport.SCTP.Assoc.{i}.RemotePort,yes,existing_command_object_parent,medium,path 位于当前 MML seed/catalog 二级命令节点 object_path 下，可挂入该二级节点；需确认分组是否过粗,SF,小区服务参数管理（总体）,FAP 载波基本配置,Device.Services.FAPService.{i}.,,json_seed_and_catalog_existing_group,omcgo/internal/config/parammodel/mmlstandardloader/seeds/cmcc_tdlte_v23.json; omcgo/datamodels/mml-catalog/cmcc-tdlte-v2.3.json,YES_EXISTING_JSON_PARENT_GROUP,existing_mml_parent_object_group,READ_ONLY,U_INT,{i},Device.Services.FAPService.{i}.Transport.SCTP.Assoc.{i}.,
Device.Services.FAPService.{i}.Transport.SCTP.Assoc.{i}.SCTPAssocLocalAddr,yes,existing_command_object_parent,medium,path 位于当前 MML seed/catalog 二级命令节点 object_path 下，可挂入该二级节点；需确认分组是否过粗,SF,小区服务参数管理（总体）,FAP 载波基本配置,Device.Services.FAPService.{i}.,,json_seed_and_catalog_existing_group,omcgo/internal/config/parammodel/mmlstandardloader/seeds/cmcc_tdlte_v23.json; omcgo/datamodels/mml-catalog/cmcc-tdlte-v2.3.json,YES_EXISTING_JSON_PARENT_GROUP,existing_mml_parent_object_group,READ_ONLY,STRING,{i},Device.Services.FAPService.{i}.Transport.SCTP.Assoc.{i}.,
Device.Services.FAPService.{i}.CellConfig.{i}.NR.RAN.PHY.Antenna.NumOfRxAntenna,yes,existing_command_object_parent,medium,path 位于当前 MML seed/catalog 二级命令节点 object_path 下，可挂入该二级节点；需确认分组是否过粗,SF,小区服务参数管理（总体）,FAP 载波基本配置,Device.Services.FAPService.{i}.,,json_seed_and_catalog_existing_group,omcgo/internal/config/parammodel/mmlstandardloader/seeds/cmcc_tdlte_v23.json; omcgo/datamodels/mml-catalog/cmcc-tdlte-v2.3.json,YES_EXISTING_JSON_PARENT_GROUP,existing_mml_parent_object_group,READ_WRITE,INT,Antenna,Device.Services.FAPService.{i}.CellConfig.{i}.NR.RAN.PHY.Antenna.,
Device.Services.FAPService.{i}.CellConfig.LTE.RAN.PHY.AntennaInfo.Multiplex,yes,existing_command_object_parent,medium,path 位于当前 MML seed/catalog 二级命令节点 object_path 下，可挂入该二级节点；需确认分组是否过粗,SH,RAN协议栈参数,RAN PHY 物理层,Device.Services.FAPService.{i}.CellConfig.LTE.RAN.PHY.,,json_seed_and_catalog_existing_group,omcgo/internal/config/parammodel/mmlstandardloader/seeds/cmcc_tdlte_v23.json; omcgo/datamodels/mml-catalog/cmcc-tdlte-v2.3.json,YES_EXISTING_JSON_PARENT_GROUP,existing_mml_parent_object_group,READ_WRITE,STRING,AntennaInfo,Device.Services.FAPService.{i}.CellConfig.LTE.RAN.PHY.AntennaInfo.,
Device.Services.FAPService.{i}.CellConfig.{i}.NR.RAN.PHY.BWP.BWPDL.{i},yes,existing_command_object_parent,medium,path 位于当前 MML seed/catalog 二级命令节点 object_path 下，可挂入该二级节点；需确认分组是否过粗,SF,小区服务参数管理（总体）,FAP 载波基本配置,Device.Services.FAPService.{i}.,,json_seed_and_catalog_existing_group,omcgo/internal/config/parammodel/mmlstandardloader/seeds/cmcc_tdlte_v23.json; omcgo/datamodels/mml-catalog/cmcc-tdlte-v2.3.json,YES_EXISTING_JSON_PARENT_GROUP,existing_mml_parent_object_group,READ_WRITE,STRING,BWPDL,Device.Services.FAPService.{i}.CellConfig.{i}.NR.RAN.PHY.BWP.BWPDL.,
Device.Services.FAPService.{i}.CellConfig.LTE.RAN.CA.CaEnable,yes,existing_command_object_parent,medium,path 位于当前 MML seed/catalog 二级命令节点 object_path 下，可挂入该二级节点；需确认分组是否过粗,SF,小区服务参数管理（总体）,FAP 载波基本配置,Device.Services.FAPService.{i}.,,json_seed_and_catalog_existing_group,omcgo/internal/config/parammodel/mmlstandardloader/seeds/cmcc_tdlte_v23.json; omcgo/datamodels/mml-catalog/cmcc-tdlte-v2.3.json,YES_EXISTING_JSON_PARENT_GROUP,existing_mml_parent_object_group,READ_WRITE,STRING,CA,Device.Services.FAPService.{i}.CellConfig.LTE.RAN.CA.,
Device.Services.FAPService.{i}.CellConfig.{i}.NR.RAN.PHY.BWP.BWPDL.{i}.PDCCH.CommonControlResourceSet.CceRegMappingType.InterleaverSize,yes,existing_command_object_parent,medium,path 位于当前 MML seed/catalog 二级命令节点 object_path 下，可挂入该二级节点；需确认分组是否过粗,SF,小区服务参数管理（总体）,FAP 载波基本配置,Device.Services.FAPService.{i}.,,json_seed_and_catalog_existing_group,omcgo/internal/config/parammodel/mmlstandardloader/seeds/cmcc_tdlte_v23.json; omcgo/datamodels/mml-catalog/cmcc-tdlte-v2.3.json,YES_EXISTING_JSON_PARENT_GROUP,existing_mml_parent_object_group,READ_WRITE,STRING,CceRegMappingType,Device.Services.FAPService.{i}.CellConfig.{i}.NR.RAN.PHY.BWP.BWPDL.{i}.PDCCH.CommonControlResourceSet.CceRegMappingType.,
Device.Services.FAPService.{i}.CellConfig.{i}.NR.RAN.PHY.BWP.BWPDL.{i}.PDCCH.CommonControlResourceSet.CceRegMappingType.RegBundleSize,yes,existing_command_object_parent,medium,path 位于当前 MML seed/catalog 二级命令节点 object_path 下，可挂入该二级节点；需确认分组是否过粗,SF,小区服务参数管理（总体）,FAP 载波基本配置,Device.Services.FAPService.{i}.,,json_seed_and_catalog_existing_group,omcgo/internal/config/parammodel/mmlstandardloader/seeds/cmcc_tdlte_v23.json; omcgo/datamodels/mml-catalog/cmcc-tdlte-v2.3.json,YES_EXISTING_JSON_PARENT_GROUP,existing_mml_parent_object_group,READ_WRITE,STRING,CceRegMappingType,Device.Services.FAPService.{i}.CellConfig.{i}.NR.RAN.PHY.BWP.BWPDL.{i}.PDCCH.CommonControlResourceSet.CceRegMappingType.,
Device.Services.FAPService.{i}.CellConfig.{i}.NR.RAN.PHY.BWP.BWPDL.{i}.PDCCH.CommonControlResourceSet.CceRegMappingType.RegType,yes,existing_command_object_parent,medium,path 位于当前 MML seed/catalog 二级命令节点 object_path 下，可挂入该二级节点；需确认分组是否过粗,SF,小区服务参数管理（总体）,FAP 载波基本配置,Device.Services.FAPService.{i}.,,json_seed_and_catalog_existing_group,omcgo/internal/config/parammodel/mmlstandardloader/seeds/cmcc_tdlte_v23.json; omcgo/datamodels/mml-catalog/cmcc-tdlte-v2.3.json,YES_EXISTING_JSON_PARENT_GROUP,existing_mml_parent_object_group,READ_WRITE,STRING,CceRegMappingType,Device.Services.FAPService.{i}.CellConfig.{i}.NR.RAN.PHY.BWP.BWPDL.{i}.PDCCH.CommonControlResourceSet.CceRegMappingType.,
Device.Services.FAPService.{i}.CellConfig.{i}.NR.RAN.PHY.BWP.BWPDL.{i}.PDCCH.CommonControlResourceSet.CceRegMappingType.ShiftIndex,yes,existing_command_object_parent,medium,path 位于当前 MML seed/catalog 二级命令节点 object_path 下，可挂入该二级节点；需确认分组是否过粗,SF,小区服务参数管理（总体）,FAP 载波基本配置,Device.Services.FAPService.{i}.,,json_seed_and_catalog_existing_group,omcgo/internal/config/parammodel/mmlstandardloader/seeds/cmcc_tdlte_v23.json; omcgo/datamodels/mml-catalog/cmcc-tdlte-v2.3.json,YES_EXISTING_JSON_PARENT_GROUP,existing_mml_parent_object_group,READ_WRITE,STRING,CceRegMappingType,Device.Services.FAPService.{i}.CellConfig.{i}.NR.RAN.PHY.BWP.BWPDL.{i}.PDCCH.CommonControlResourceSet.CceRegMappingType.,
Device.Services.FAPService.{i}.FAPControl.NR.RAN.Common.AdminState,yes,existing_command_object_parent,medium,path 位于当前 MML seed/catalog 二级命令节点 object_path 下，可挂入该二级节点；需确认分组是否过粗,SF,小区服务参数管理（总体）,FAP 载波基本配置,Device.Services.FAPService.{i}.,,json_seed_and_catalog_existing_group,omcgo/internal/config/parammodel/mmlstandardloader/seeds/cmcc_tdlte_v23.json; omcgo/datamodels/mml-catalog/cmcc-tdlte-v2.3.json,YES_EXISTING_JSON_PARENT_GROUP,existing_mml_parent_object_group,READ_WRITE,STRING,Common,Device.Services.FAPService.{i}.FAPControl.NR.RAN.Common.,
Device.Services.FAPService.{i}.CellConfig.{i}.NR.RAN.PHY.BWP.BWPDL.{i}.PDCCH.CommonControlResourceSet.ControlResourceSetId,yes,existing_command_object_parent,medium,path 位于当前 MML seed/catalog 二级命令节点 object_path 下，可挂入该二级节点；需确认分组是否过粗,SF,小区服务参数管理（总体）,FAP 载波基本配置,Device.Services.FAPService.{i}.,,json_seed_and_catalog_existing_group,omcgo/internal/config/parammodel/mmlstandardloader/seeds/cmcc_tdlte_v23.json; omcgo/datamodels/mml-catalog/cmcc-tdlte-v2.3.json,YES_EXISTING_JSON_PARENT_GROUP,existing_mml_parent_object_group,READ_WRITE,STRING,CommonControlResourceSet,Device.Services.FAPService.{i}.CellConfig.{i}.NR.RAN.PHY.BWP.BWPDL.{i}.PDCCH.CommonControlResourceSet.,
Device.Services.FAPService.{i}.CellConfig.{i}.NR.RAN.PHY.BWP.BWPDL.{i}.PDCCH.CommonControlResourceSet.Duration,yes,existing_command_object_parent,medium,path 位于当前 MML seed/catalog 二级命令节点 object_path 下，可挂入该二级节点；需确认分组是否过粗,SF,小区服务参数管理（总体）,FAP 载波基本配置,Device.Services.FAPService.{i}.,,json_seed_and_catalog_existing_group,omcgo/internal/config/parammodel/mmlstandardloader/seeds/cmcc_tdlte_v23.json; omcgo/datamodels/mml-catalog/cmcc-tdlte-v2.3.json,YES_EXISTING_JSON_PARENT_GROUP,existing_mml_parent_object_group,READ_WRITE,STRING,CommonControlResourceSet,Device.Services.FAPService.{i}.CellConfig.{i}.NR.RAN.PHY.BWP.BWPDL.{i}.PDCCH.CommonControlResourceSet.,
Device.Services.FAPService.{i}.CellConfig.{i}.NR.RAN.PHY.BWP.BWPDL.{i}.PDCCH.CommonControlResourceSet.FrequencyDomainResources,yes,existing_command_object_parent,medium,path 位于当前 MML seed/catalog 二级命令节点 object_path 下，可挂入该二级节点；需确认分组是否过粗,SF,小区服务参数管理（总体）,FAP 载波基本配置,Device.Services.FAPService.{i}.,,json_seed_and_catalog_existing_group,omcgo/internal/config/parammodel/mmlstandardloader/seeds/cmcc_tdlte_v23.json; omcgo/datamodels/mml-catalog/cmcc-tdlte-v2.3.json,YES_EXISTING_JSON_PARENT_GROUP,existing_mml_parent_object_group,READ_WRITE,STRING,CommonControlResourceSet,Device.Services.FAPService.{i}.CellConfig.{i}.NR.RAN.PHY.BWP.BWPDL.{i}.PDCCH.CommonControlResourceSet.,
Device.Services.FAPService.{i}.CellConfig.{i}.NR.RAN.PHY.BWP.BWPDL.{i}.PDCCH.CommonControlResourceSet.PrecoderGranularity,yes,existing_command_object_parent,medium,path 位于当前 MML seed/catalog 二级命令节点 object_path 下，可挂入该二级节点；需确认分组是否过粗,SF,小区服务参数管理（总体）,FAP 载波基本配置,Device.Services.FAPService.{i}.,,json_seed_and_catalog_existing_group,omcgo/internal/config/parammodel/mmlstandardloader/seeds/cmcc_tdlte_v23.json; omcgo/datamodels/mml-catalog/cmcc-tdlte-v2.3.json,YES_EXISTING_JSON_PARENT_GROUP,existing_mml_parent_object_group,READ_WRITE,STRING,CommonControlResourceSet,Device.Services.FAPService.{i}.CellConfig.{i}.NR.RAN.PHY.BWP.BWPDL.{i}.PDCCH.CommonControlResourceSet.,
Device.Services.FAPService.{i}.CellConfig.{i}.NR.RAN.PHY.BWP.BWPDL.{i}.PDCCH.CommonSearchSpaceList.{i},yes,existing_command_object_parent,medium,path 位于当前 MML seed/catalog 二级命令节点 object_path 下，可挂入该二级节点；需确认分组是否过粗,SF,小区服务参数管理（总体）,FAP 载波基本配置,Device.Services.FAPService.{i}.,,json_seed_and_catalog_existing_group,omcgo/internal/config/parammodel/mmlstandardloader/seeds/cmcc_tdlte_v23.json; omcgo/datamodels/mml-catalog/cmcc-tdlte-v2.3.json,YES_EXISTING_JSON_PARENT_GROUP,existing_mml_parent_object_group,READ_WRITE,STRING,CommonSearchSpaceList,Device.Services.FAPService.{i}.CellConfig.{i}.NR.RAN.PHY.BWP.BWPDL.{i}.PDCCH.CommonSearchSpaceList.,
Device.Services.FAPService.{i}.CellConfig.{i}.NR.RAN.PHY.BWP.BWPDL.{i}.PDCCH.DedicatedCtlResourceSet.{i},yes,existing_command_object_parent,medium,path 位于当前 MML seed/catalog 二级命令节点 object_path 下，可挂入该二级节点；需确认分组是否过粗,SF,小区服务参数管理（总体）,FAP 载波基本配置,Device.Services.FAPService.{i}.,,json_seed_and_catalog_existing_group,omcgo/internal/config/parammodel/mmlstandardloader/seeds/cmcc_tdlte_v23.json; omcgo/datamodels/mml-catalog/cmcc-tdlte-v2.3.json,YES_EXISTING_JSON_PARENT_GROUP,existing_mml_parent_object_group,READ_WRITE,STRING,DedicatedCtlResourceSet,Device.Services.FAPService.{i}.CellConfig.{i}.NR.RAN.PHY.BWP.BWPDL.{i}.PDCCH.DedicatedCtlResourceSet.,
Device.Services.FAPService.{i}.CellConfig.{i}.NR.RAN.EnergySaveParam.EnergySavingDelayTime,yes,existing_command_object_parent,medium,path 位于当前 MML seed/catalog 二级命令节点 object_path 下，可挂入该二级节点；需确认分组是否过粗,SF,小区服务参数管理（总体）,FAP 载波基本配置,Device.Services.FAPService.{i}.,,json_seed_and_catalog_existing_group,omcgo/internal/config/parammodel/mmlstandardloader/seeds/cmcc_tdlte_v23.json; omcgo/datamodels/mml-catalog/cmcc-tdlte-v2.3.json,YES_EXISTING_JSON_PARENT_GROUP,existing_mml_parent_object_group,READ_WRITE,STRING,EnergySaveParam,Device.Services.FAPService.{i}.CellConfig.{i}.NR.RAN.EnergySaveParam.,
Device.Services.FAPService.{i}.CellConfig.{i}.NR.RAN.EnergySaveParam.EnergySavingTime,yes,existing_command_object_parent,medium,path 位于当前 MML seed/catalog 二级命令节点 object_path 下，可挂入该二级节点；需确认分组是否过粗,SF,小区服务参数管理（总体）,FAP 载波基本配置,Device.Services.FAPService.{i}.,,json_seed_and_catalog_existing_group,omcgo/internal/config/parammodel/mmlstandardloader/seeds/cmcc_tdlte_v23.json; omcgo/datamodels/mml-catalog/cmcc-tdlte-v2.3.json,YES_EXISTING_JSON_PARENT_GROUP,existing_mml_parent_object_group,READ_WRITE,STRING,EnergySaveParam,Device.Services.FAPService.{i}.CellConfig.{i}.NR.RAN.EnergySaveParam.,
Device.Services.FAPService.{i}.CellConfig.{i}.NR.RAN.EnergySaveParam.EnergySavingType,yes,existing_command_object_parent,medium,path 位于当前 MML seed/catalog 二级命令节点 object_path 下，可挂入该二级节点；需确认分组是否过粗,SF,小区服务参数管理（总体）,FAP 载波基本配置,Device.Services.FAPService.{i}.,,json_seed_and_catalog_existing_group,omcgo/internal/config/parammodel/mmlstandardloader/seeds/cmcc_tdlte_v23.json; omcgo/datamodels/mml-catalog/cmcc-tdlte-v2.3.json,YES_EXISTING_JSON_PARENT_GROUP,existing_mml_parent_object_group,READ_WRITE,STRING,EnergySaveParam,Device.Services.FAPService.{i}.CellConfig.{i}.NR.RAN.EnergySaveParam.,
Device.Services.FAPService.{i}.CellConfig.{i}.NR.RAN.EnergySaveParam.PrbLowThreshold,yes,existing_command_object_parent,medium,path 位于当前 MML seed/catalog 二级命令节点 object_path 下，可挂入该二级节点；需确认分组是否过粗,SF,小区服务参数管理（总体）,FAP 载波基本配置,Device.Services.FAPService.{i}.,,json_seed_and_catalog_existing_group,omcgo/internal/config/parammodel/mmlstandardloader/seeds/cmcc_tdlte_v23.json; omcgo/datamodels/mml-catalog/cmcc-tdlte-v2.3.json,YES_EXISTING_JSON_PARENT_GROUP,existing_mml_parent_object_group,READ_WRITE,STRING,EnergySaveParam,Device.Services.FAPService.{i}.CellConfig.{i}.NR.RAN.EnergySaveParam.,
Device.Services.FAPService.{i}.CellConfig.{i}.NR.RAN.EnergySaveParam.PrbReportPeriod,yes,existing_command_object_parent,medium,path 位于当前 MML seed/catalog 二级命令节点 object_path 下，可挂入该二级节点；需确认分组是否过粗,SF,小区服务参数管理（总体）,FAP 载波基本配置,Device.Services.FAPService.{i}.,,json_seed_and_catalog_existing_group,omcgo/internal/config/parammodel/mmlstandardloader/seeds/cmcc_tdlte_v23.json; omcgo/datamodels/mml-catalog/cmcc-tdlte-v2.3.json,YES_EXISTING_JSON_PARENT_GROUP,existing_mml_parent_object_group,READ_WRITE,STRING,EnergySaveParam,Device.Services.FAPService.{i}.CellConfig.{i}.NR.RAN.EnergySaveParam.,
Device.Services.FAPService.{i}.CellConfig.{i}.NR.RAN.EnergySaveParam.RRCLowThreshold,yes,existing_command_object_parent,medium,path 位于当前 MML seed/catalog 二级命令节点 object_path 下，可挂入该二级节点；需确认分组是否过粗,SF,小区服务参数管理（总体）,FAP 载波基本配置,Device.Services.FAPService.{i}.,,json_seed_and_catalog_existing_group,omcgo/internal/config/parammodel/mmlstandardloader/seeds/cmcc_tdlte_v23.json; omcgo/datamodels/mml-catalog/cmcc-tdlte-v2.3.json,YES_EXISTING_JSON_PARENT_GROUP,existing_mml_parent_object_group,READ_WRITE,STRING,EnergySaveParam,Device.Services.FAPService.{i}.CellConfig.{i}.NR.RAN.EnergySaveParam.,
Device.Services.FAPService.{i}.CellConfig.LTE.RAN.CA.PARAMS.CARRIER_MODE,yes,existing_command_object_parent,medium,path 位于当前 MML seed/catalog 二级命令节点 object_path 下，可挂入该二级节点；需确认分组是否过粗,SF,小区服务参数管理（总体）,FAP 载波基本配置,Device.Services.FAPService.{i}.,,json_seed_and_catalog_existing_group,omcgo/internal/config/parammodel/mmlstandardloader/seeds/cmcc_tdlte_v23.json; omcgo/datamodels/mml-catalog/cmcc-tdlte-v2.3.json,YES_EXISTING_JSON_PARENT_GROUP,existing_mml_parent_object_group,READ_WRITE,BOOLEAN,PARAMS,Device.Services.FAPService.{i}.CellConfig.LTE.RAN.CA.PARAMS.,
Device.Services.FAPService.{i}.CellConfig.LTE.RAN.CA.PARAMS.NumOfCells,yes,existing_command_object_parent,medium,path 位于当前 MML seed/catalog 二级命令节点 object_path 下，可挂入该二级节点；需确认分组是否过粗,SF,小区服务参数管理（总体）,FAP 载波基本配置,Device.Services.FAPService.{i}.,,json_seed_and_catalog_existing_group,omcgo/internal/config/parammodel/mmlstandardloader/seeds/cmcc_tdlte_v23.json; omcgo/datamodels/mml-catalog/cmcc-tdlte-v2.3.json,YES_EXISTING_JSON_PARENT_GROUP,existing_mml_parent_object_group,READ_WRITE,INT,PARAMS,Device.Services.FAPService.{i}.CellConfig.LTE.RAN.CA.PARAMS.,
Device.Services.FAPService.{i}.CellConfig.{i}.NR.RAN.PHY.BWP.BWPDL.{i}.PDCCH.PDCCHConfigCommon.ControlResourceSetZero,yes,existing_command_object_parent,medium,path 位于当前 MML seed/catalog 二级命令节点 object_path 下，可挂入该二级节点；需确认分组是否过粗,SF,小区服务参数管理（总体）,FAP 载波基本配置,Device.Services.FAPService.{i}.,,json_seed_and_catalog_existing_group,omcgo/internal/config/parammodel/mmlstandardloader/seeds/cmcc_tdlte_v23.json; omcgo/datamodels/mml-catalog/cmcc-tdlte-v2.3.json,YES_EXISTING_JSON_PARENT_GROUP,existing_mml_parent_object_group,READ_WRITE,STRING,PDCCHConfigCommon,Device.Services.FAPService.{i}.CellConfig.{i}.NR.RAN.PHY.BWP.BWPDL.{i}.PDCCH.PDCCHConfigCommon.,
Device.Services.FAPService.{i}.CellConfig.{i}.NR.RAN.PHY.BWP.BWPDL.{i}.PDCCH.PDCCHConfigCommon.PagingSearchSpace,yes,existing_command_object_parent,medium,path 位于当前 MML seed/catalog 二级命令节点 object_path 下，可挂入该二级节点；需确认分组是否过粗,SF,小区服务参数管理（总体）,FAP 载波基本配置,Device.Services.FAPService.{i}.,,json_seed_and_catalog_existing_group,omcgo/internal/config/parammodel/mmlstandardloader/seeds/cmcc_tdlte_v23.json; omcgo/datamodels/mml-catalog/cmcc-tdlte-v2.3.json,YES_EXISTING_JSON_PARENT_GROUP,existing_mml_parent_object_group,READ_WRITE,STRING,PDCCHConfigCommon,Device.Services.FAPService.{i}.CellConfig.{i}.NR.RAN.PHY.BWP.BWPDL.{i}.PDCCH.PDCCHConfigCommon.,
Device.Services.FAPService.{i}.CellConfig.{i}.NR.RAN.PHY.BWP.BWPDL.{i}.PDCCH.PDCCHConfigCommon.RaSearchSpace,yes,existing_command_object_parent,medium,path 位于当前 MML seed/catalog 二级命令节点 object_path 下，可挂入该二级节点；需确认分组是否过粗,SF,小区服务参数管理（总体）,FAP 载波基本配置,Device.Services.FAPService.{i}.,,json_seed_and_catalog_existing_group,omcgo/internal/config/parammodel/mmlstandardloader/seeds/cmcc_tdlte_v23.json; omcgo/datamodels/mml-catalog/cmcc-tdlte-v2.3.json,YES_EXISTING_JSON_PARENT_GROUP,existing_mml_parent_object_group,READ_WRITE,STRING,PDCCHConfigCommon,Device.Services.FAPService.{i}.CellConfig.{i}.NR.RAN.PHY.BWP.BWPDL.{i}.PDCCH.PDCCHConfigCommon.,
Device.Services.FAPService.{i}.CellConfig.{i}.NR.RAN.PHY.BWP.BWPDL.{i}.PDCCH.PDCCHConfigCommon.SearchSpaceOtherSystemInformation,yes,existing_command_object_parent,medium,path 位于当前 MML seed/catalog 二级命令节点 object_path 下，可挂入该二级节点；需确认分组是否过粗,SF,小区服务参数管理（总体）,FAP 载波基本配置,Device.Services.FAPService.{i}.,,json_seed_and_catalog_existing_group,omcgo/internal/config/parammodel/mmlstandardloader/seeds/cmcc_tdlte_v23.json; omcgo/datamodels/mml-catalog/cmcc-tdlte-v2.3.json,YES_EXISTING_JSON_PARENT_GROUP,existing_mml_parent_object_group,READ_WRITE,STRING,PDCCHConfigCommon,Device.Services.FAPService.{i}.CellConfig.{i}.NR.RAN.PHY.BWP.BWPDL.{i}.PDCCH.PDCCHConfigCommon.,
Device.Services.FAPService.{i}.CellConfig.{i}.NR.RAN.PHY.BWP.BWPDL.{i}.PDCCH.PDCCHConfigCommon.SearchSpaceSIB1,yes,existing_command_object_parent,medium,path 位于当前 MML seed/catalog 二级命令节点 object_path 下，可挂入该二级节点；需确认分组是否过粗,SF,小区服务参数管理（总体）,FAP 载波基本配置,Device.Services.FAPService.{i}.,,json_seed_and_catalog_existing_group,omcgo/internal/config/parammodel/mmlstandardloader/seeds/cmcc_tdlte_v23.json; omcgo/datamodels/mml-catalog/cmcc-tdlte-v2.3.json,YES_EXISTING_JSON_PARENT_GROUP,existing_mml_parent_object_group,READ_WRITE,STRING,PDCCHConfigCommon,Device.Services.FAPService.{i}.CellConfig.{i}.NR.RAN.PHY.BWP.BWPDL.{i}.PDCCH.PDCCHConfigCommon.,
Device.Services.FAPService.{i}.CellConfig.{i}.NR.RAN.PHY.BWP.BWPDL.{i}.PDCCH.PDCCHConfigCommon.SearchSpaceZero,yes,existing_command_object_parent,medium,path 位于当前 MML seed/catalog 二级命令节点 object_path 下，可挂入该二级节点；需确认分组是否过粗,SF,小区服务参数管理（总体）,FAP 载波基本配置,Device.Services.FAPService.{i}.,,json_seed_and_catalog_existing_group,omcgo/internal/config/parammodel/mmlstandardloader/seeds/cmcc_tdlte_v23.json; omcgo/datamodels/mml-catalog/cmcc-tdlte-v2.3.json,YES_EXISTING_JSON_PARENT_GROUP,existing_mml_parent_object_group,READ_WRITE,STRING,PDCCHConfigCommon,Device.Services.FAPService.{i}.CellConfig.{i}.NR.RAN.PHY.BWP.BWPDL.{i}.PDCCH.PDCCHConfigCommon.,
Device.Services.FAPService.{i}.CellConfig.{i}.NR.RAN.PHY.BWP.BWPDL.{i}.PDSCH.PDSCHDedicatedTimeDomainResourceAllocationList.{i},yes,existing_command_object_parent,medium,path 位于当前 MML seed/catalog 二级命令节点 object_path 下，可挂入该二级节点；需确认分组是否过粗,SF,小区服务参数管理（总体）,FAP 载波基本配置,Device.Services.FAPService.{i}.,,json_seed_and_catalog_existing_group,omcgo/internal/config/parammodel/mmlstandardloader/seeds/cmcc_tdlte_v23.json; omcgo/datamodels/mml-catalog/cmcc-tdlte-v2.3.json,YES_EXISTING_JSON_PARENT_GROUP,existing_mml_parent_object_group,READ_WRITE,STRING,PDSCHDedicatedTimeDomainResourceAllocationList,Device.Services.FAPService.{i}.CellConfig.{i}.NR.RAN.PHY.BWP.BWPDL.{i}.PDSCH.PDSCHDedicatedTimeDomainResourceAllocationList.,
Device.Services.FAPService.{i}.CellConfig.{i}.NR.RAN.PHY.BWP.BWPDL.{i}.PDSCH.PDSCHTimeDomainResourceAllocationList.{i},yes,existing_command_object_parent,medium,path 位于当前 MML seed/catalog 二级命令节点 object_path 下，可挂入该二级节点；需确认分组是否过粗,SF,小区服务参数管理（总体）,FAP 载波基本配置,Device.Services.FAPService.{i}.,,json_seed_and_catalog_existing_group,omcgo/internal/config/parammodel/mmlstandardloader/seeds/cmcc_tdlte_v23.json; omcgo/datamodels/mml-catalog/cmcc-tdlte-v2.3.json,YES_EXISTING_JSON_PARENT_GROUP,existing_mml_parent_object_group,READ_WRITE,STRING,PDSCHTimeDomainResourceAllocationList,Device.Services.FAPService.{i}.CellConfig.{i}.NR.RAN.PHY.BWP.BWPDL.{i}.PDSCH.PDSCHTimeDomainResourceAllocationList.,
Device.Services.FAPService.{i}.CellConfig.{i}.NR.RAN.PHY.BWP.BWPDL.{i}.PDschConfig.DmrsAdditionalPosition,yes,existing_command_object_parent,medium,path 位于当前 MML seed/catalog 二级命令节点 object_path 下，可挂入该二级节点；需确认分组是否过粗,SF,小区服务参数管理（总体）,FAP 载波基本配置,Device.Services.FAPService.{i}.,,json_seed_and_catalog_existing_group,omcgo/internal/config/parammodel/mmlstandardloader/seeds/cmcc_tdlte_v23.json; omcgo/datamodels/mml-catalog/cmcc-tdlte-v2.3.json,YES_EXISTING_JSON_PARENT_GROUP,existing_mml_parent_object_group,READ_WRITE,STRING,PDschConfig,Device.Services.FAPService.{i}.CellConfig.{i}.NR.RAN.PHY.BWP.BWPDL.{i}.PDschConfig.,
Device.Services.FAPService.{i}.CellConfig.{i}.NR.RAN.PHY.BWP.BWPDL.{i}.PDschConfig.MaxMimoLayer,yes,existing_command_object_parent,medium,path 位于当前 MML seed/catalog 二级命令节点 object_path 下，可挂入该二级节点；需确认分组是否过粗,SF,小区服务参数管理（总体）,FAP 载波基本配置,Device.Services.FAPService.{i}.,,json_seed_and_catalog_existing_group,omcgo/internal/config/parammodel/mmlstandardloader/seeds/cmcc_tdlte_v23.json; omcgo/datamodels/mml-catalog/cmcc-tdlte-v2.3.json,YES_EXISTING_JSON_PARENT_GROUP,existing_mml_parent_object_group,READ_WRITE,STRING,PDschConfig,Device.Services.FAPService.{i}.CellConfig.{i}.NR.RAN.PHY.BWP.BWPDL.{i}.PDschConfig.,
Device.Services.FAPService.{i}.CellConfig.{i}.NR.RAN.PHY.BWP.BWPDL.{i}.PDschConfig.McsTable,yes,existing_command_object_parent,medium,path 位于当前 MML seed/catalog 二级命令节点 object_path 下，可挂入该二级节点；需确认分组是否过粗,SF,小区服务参数管理（总体）,FAP 载波基本配置,Device.Services.FAPService.{i}.,,json_seed_and_catalog_existing_group,omcgo/internal/config/parammodel/mmlstandardloader/seeds/cmcc_tdlte_v23.json; omcgo/datamodels/mml-catalog/cmcc-tdlte-v2.3.json,YES_EXISTING_JSON_PARENT_GROUP,existing_mml_parent_object_group,READ_WRITE,STRING,PDschConfig,Device.Services.FAPService.{i}.CellConfig.{i}.NR.RAN.PHY.BWP.BWPDL.{i}.PDschConfig.,
Device.Services.FAPService.{i}.CellConfig.{i}.NR.RAN.QOS.{i},yes,existing_command_object_parent,medium,path 位于当前 MML seed/catalog 二级命令节点 object_path 下，可挂入该二级节点；需确认分组是否过粗,SF,小区服务参数管理（总体）,FAP 载波基本配置,Device.Services.FAPService.{i}.,,json_seed_and_catalog_existing_group,omcgo/internal/config/parammodel/mmlstandardloader/seeds/cmcc_tdlte_v23.json; omcgo/datamodels/mml-catalog/cmcc-tdlte-v2.3.json,YES_EXISTING_JSON_PARENT_GROUP,existing_mml_parent_object_group,READ_WRITE,STRING,QOS,Device.Services.FAPService.{i}.CellConfig.{i}.NR.RAN.QOS.,
Device.Services.FAPService.{i}.CellConfig.{i}.NR.RAN.PowerMaxLimit,yes,existing_command_object_parent,medium,path 位于当前 MML seed/catalog 二级命令节点 object_path 下，可挂入该二级节点；需确认分组是否过粗,SF,小区服务参数管理（总体）,FAP 载波基本配置,Device.Services.FAPService.{i}.,,json_seed_and_catalog_existing_group,omcgo/internal/config/parammodel/mmlstandardloader/seeds/cmcc_tdlte_v23.json; omcgo/datamodels/mml-catalog/cmcc-tdlte-v2.3.json,YES_EXISTING_JSON_PARENT_GROUP,existing_mml_parent_object_group,READ_WRITE,STRING,RAN,Device.Services.FAPService.{i}.CellConfig.{i}.NR.RAN.,
Device.Services.FAPService.{i}.CellConfig.{i}.NR.RAN.PowerMinLimit,yes,existing_command_object_parent,medium,path 位于当前 MML seed/catalog 二级命令节点 object_path 下，可挂入该二级节点；需确认分组是否过粗,SF,小区服务参数管理（总体）,FAP 载波基本配置,Device.Services.FAPService.{i}.,,json_seed_and_catalog_existing_group,omcgo/internal/config/parammodel/mmlstandardloader/seeds/cmcc_tdlte_v23.json; omcgo/datamodels/mml-catalog/cmcc-tdlte-v2.3.json,YES_EXISTING_JSON_PARENT_GROUP,existing_mml_parent_object_group,READ_WRITE,STRING,RAN,Device.Services.FAPService.{i}.CellConfig.{i}.NR.RAN.,
Device.Services.FAPService.{i}.CellConfig.{i}.NR.RAN.PowerModify,yes,existing_command_object_parent,medium,path 位于当前 MML seed/catalog 二级命令节点 object_path 下，可挂入该二级节点；需确认分组是否过粗,SF,小区服务参数管理（总体）,FAP 载波基本配置,Device.Services.FAPService.{i}.,,json_seed_and_catalog_existing_group,omcgo/internal/config/parammodel/mmlstandardloader/seeds/cmcc_tdlte_v23.json; omcgo/datamodels/mml-catalog/cmcc-tdlte-v2.3.json,YES_EXISTING_JSON_PARENT_GROUP,existing_mml_parent_object_group,READ_WRITE,INT,RAN,Device.Services.FAPService.{i}.CellConfig.{i}.NR.RAN.,
Device.Services.FAPService.{i}.CellConfig.{i}.NR.RAN.rftxEnable,yes,existing_command_object_parent,medium,path 位于当前 MML seed/catalog 二级命令节点 object_path 下，可挂入该二级节点；需确认分组是否过粗,SF,小区服务参数管理（总体）,FAP 载波基本配置,Device.Services.FAPService.{i}.,,json_seed_and_catalog_existing_group,omcgo/internal/config/parammodel/mmlstandardloader/seeds/cmcc_tdlte_v23.json; omcgo/datamodels/mml-catalog/cmcc-tdlte-v2.3.json,YES_EXISTING_JSON_PARENT_GROUP,existing_mml_parent_object_group,READ_WRITE,STRING,RAN,Device.Services.FAPService.{i}.CellConfig.{i}.NR.RAN.,
Device.Services.FAPService.{i}.CellConfig.LTE.RAN.RF.AdminCellState,yes,direct_existing_command_group,high,同 target_group_code 已有 MML 参数，属于当前参数树的二级命令分组,SH,RAN协议栈参数,RF,Device.Services.FAPService.{i}.CellConfig.LTE.RAN.RF.,DEVICE_SERVICES_FAPSERVICE_CELLCONFIG_LTE_RAN_RF,existing_mml_group_code_from_analysis,omcgo/data/model-library/standard-params-to-mml-tree-analysis-20260703.detail.csv,YES_SAME_EXISTING_GROUP_CODE,direct_existing_mml_group,READ_WRITE,STRING,RF,Device.Services.FAPService.{i}.CellConfig.LTE.RAN.RF.,
Device.Services.FAPService.{i}.CellConfig.LTE.RAN.RF.EnbCellType,yes,direct_existing_command_group,high,同 target_group_code 已有 MML 参数，属于当前参数树的二级命令分组,SH,RAN协议栈参数,RF,Device.Services.FAPService.{i}.CellConfig.LTE.RAN.RF.,DEVICE_SERVICES_FAPSERVICE_CELLCONFIG_LTE_RAN_RF,existing_mml_group_code_from_analysis,omcgo/data/model-library/standard-params-to-mml-tree-analysis-20260703.detail.csv,YES_SAME_EXISTING_GROUP_CODE,direct_existing_mml_group,READ_WRITE,STRING,RF,Device.Services.FAPService.{i}.CellConfig.LTE.RAN.RF.,
Device.Services.FAPService.{i}.CellConfig.LTE.RAN.RF.ForceRadioEnable,yes,direct_existing_command_group,high,同 target_group_code 已有 MML 参数，属于当前参数树的二级命令分组,SH,RAN协议栈参数,RF,Device.Services.FAPService.{i}.CellConfig.LTE.RAN.RF.,DEVICE_SERVICES_FAPSERVICE_CELLCONFIG_LTE_RAN_RF,existing_mml_group_code_from_analysis,omcgo/data/model-library/standard-params-to-mml-tree-analysis-20260703.detail.csv,YES_SAME_EXISTING_GROUP_CODE,direct_existing_mml_group,READ_WRITE,BOOLEAN,RF,Device.Services.FAPService.{i}.CellConfig.LTE.RAN.RF.,
Device.Services.FAPService.{i}.CellConfig.LTE.RAN.RF.LteCellWithRuList,yes,direct_existing_command_group,high,同 target_group_code 已有 MML 参数，属于当前参数树的二级命令分组,SH,RAN协议栈参数,RF,Device.Services.FAPService.{i}.CellConfig.LTE.RAN.RF.,DEVICE_SERVICES_FAPSERVICE_CELLCONFIG_LTE_RAN_RF,existing_mml_group_code_from_analysis,omcgo/data/model-library/standard-params-to-mml-tree-analysis-20260703.detail.csv,YES_SAME_EXISTING_GROUP_CODE,direct_existing_mml_group,READ_WRITE,STRING,RF,Device.Services.FAPService.{i}.CellConfig.LTE.RAN.RF.,
Device.Services.FAPService.{i}.CellConfig.LTE.RAN.RF.X_COM_MaxTxPowerExpanded,yes,direct_existing_command_group,high,同 target_group_code 已有 MML 参数，属于当前参数树的二级命令分组,SH,RAN协议栈参数,RF,Device.Services.FAPService.{i}.CellConfig.LTE.RAN.RF.,DEVICE_SERVICES_FAPSERVICE_CELLCONFIG_LTE_RAN_RF,existing_mml_group_code_from_analysis,omcgo/data/model-library/standard-params-to-mml-tree-analysis-20260703.detail.csv,YES_SAME_EXISTING_GROUP_CODE,direct_existing_mml_group,READ_WRITE,STRING,RF,Device.Services.FAPService.{i}.CellConfig.LTE.RAN.RF.,
Device.Services.FAPService.{i}.CellConfig.LTE.RAN.RF.X_COM_RadioEnable,yes,direct_existing_command_group,high,同 target_group_code 已有 MML 参数，属于当前参数树的二级命令分组,SH,RAN协议栈参数,RF,Device.Services.FAPService.{i}.CellConfig.LTE.RAN.RF.,DEVICE_SERVICES_FAPSERVICE_CELLCONFIG_LTE_RAN_RF,existing_mml_group_code_from_analysis,omcgo/data/model-library/standard-params-to-mml-tree-analysis-20260703.detail.csv,YES_SAME_EXISTING_GROUP_CODE,direct_existing_mml_group,READ_WRITE,STRING,RF,Device.Services.FAPService.{i}.CellConfig.LTE.RAN.RF.,
Device.Services.FAPService.{i}.CellConfig.{i}.NR.RAN.RF.SsbFrequency,yes,existing_command_object_parent,medium,path 位于当前 MML seed/catalog 二级命令节点 object_path 下，可挂入该二级节点；需确认分组是否过粗,SF,小区服务参数管理（总体）,FAP 载波基本配置,Device.Services.FAPService.{i}.,,json_seed_and_catalog_existing_group,omcgo/internal/config/parammodel/mmlstandardloader/seeds/cmcc_tdlte_v23.json; omcgo/datamodels/mml-catalog/cmcc-tdlte-v2.3.json,YES_EXISTING_JSON_PARENT_GROUP,existing_mml_parent_object_group,READ_WRITE,STRING,RF,Device.Services.FAPService.{i}.CellConfig.{i}.NR.RAN.RF.,
Device.Services.FAPService.{i}.CellConfig.LTE.RAN.RRCTimers.T304,yes,direct_existing_command_group,high,同 target_group_code 已有 MML 参数，属于当前参数树的二级命令分组,SH,RAN协议栈参数,RRCTimers,Device.Services.FAPService.{i}.CellConfig.LTE.RAN.RRCTimers.,DEVICE_SERVICES_FAPSERVICE_CELLCONFIG_LTE_RAN_RRCTIMERS,existing_mml_group_code_from_analysis,omcgo/data/model-library/standard-params-to-mml-tree-analysis-20260703.detail.csv,YES_SAME_EXISTING_GROUP_CODE,direct_existing_mml_group,READ_WRITE,STRING,RRCTimers,Device.Services.FAPService.{i}.CellConfig.LTE.RAN.RRCTimers.,
Device.Services.FAPService.{i}.CellConfig.LTE.RAN.RRCTimers.T319,yes,direct_existing_command_group,high,同 target_group_code 已有 MML 参数，属于当前参数树的二级命令分组,SH,RAN协议栈参数,RRCTimers,Device.Services.FAPService.{i}.CellConfig.LTE.RAN.RRCTimers.,DEVICE_SERVICES_FAPSERVICE_CELLCONFIG_LTE_RAN_RRCTIMERS,existing_mml_group_code_from_analysis,omcgo/data/model-library/standard-params-to-mml-tree-analysis-20260703.detail.csv,YES_SAME_EXISTING_GROUP_CODE,direct_existing_mml_group,READ_WRITE,STRING,RRCTimers,Device.Services.FAPService.{i}.CellConfig.LTE.RAN.RRCTimers.,
Device.Services.FAPService.{i}.CellConfig.{i}.NR.RAN.PHY.BWP.BWPDL.{i}.PDCCH.CommonSearchSpaceList.{i}.nrofCandidates.AggregationLevel1,yes,existing_command_object_parent,medium,path 位于当前 MML seed/catalog 二级命令节点 object_path 下，可挂入该二级节点；需确认分组是否过粗,SF,小区服务参数管理（总体）,FAP 载波基本配置,Device.Services.FAPService.{i}.,,json_seed_and_catalog_existing_group,omcgo/internal/config/parammodel/mmlstandardloader/seeds/cmcc_tdlte_v23.json; omcgo/datamodels/mml-catalog/cmcc-tdlte-v2.3.json,YES_EXISTING_JSON_PARENT_GROUP,existing_mml_parent_object_group,READ_WRITE,STRING,nrofCandidates,Device.Services.FAPService.{i}.CellConfig.{i}.NR.RAN.PHY.BWP.BWPDL.{i}.PDCCH.CommonSearchSpaceList.{i}.nrofCandidates.,
Device.Services.FAPService.{i}.CellConfig.{i}.NR.RAN.PHY.BWP.BWPDL.{i}.PDCCH.CommonSearchSpaceList.{i}.nrofCandidates.AggregationLevel16,yes,existing_command_object_parent,medium,path 位于当前 MML seed/catalog 二级命令节点 object_path 下，可挂入该二级节点；需确认分组是否过粗,SF,小区服务参数管理（总体）,FAP 载波基本配置,Device.Services.FAPService.{i}.,,json_seed_and_catalog_existing_group,omcgo/internal/config/parammodel/mmlstandardloader/seeds/cmcc_tdlte_v23.json; omcgo/datamodels/mml-catalog/cmcc-tdlte-v2.3.json,YES_EXISTING_JSON_PARENT_GROUP,existing_mml_parent_object_group,READ_WRITE,STRING,nrofCandidates,Device.Services.FAPService.{i}.CellConfig.{i}.NR.RAN.PHY.BWP.BWPDL.{i}.PDCCH.CommonSearchSpaceList.{i}.nrofCandidates.,
Device.Services.FAPService.{i}.CellConfig.{i}.NR.RAN.PHY.BWP.BWPDL.{i}.PDCCH.CommonSearchSpaceList.{i}.nrofCandidates.AggregationLevel2,yes,existing_command_object_parent,medium,path 位于当前 MML seed/catalog 二级命令节点 object_path 下，可挂入该二级节点；需确认分组是否过粗,SF,小区服务参数管理（总体）,FAP 载波基本配置,Device.Services.FAPService.{i}.,,json_seed_and_catalog_existing_group,omcgo/internal/config/parammodel/mmlstandardloader/seeds/cmcc_tdlte_v23.json; omcgo/datamodels/mml-catalog/cmcc-tdlte-v2.3.json,YES_EXISTING_JSON_PARENT_GROUP,existing_mml_parent_object_group,READ_WRITE,STRING,nrofCandidates,Device.Services.FAPService.{i}.CellConfig.{i}.NR.RAN.PHY.BWP.BWPDL.{i}.PDCCH.CommonSearchSpaceList.{i}.nrofCandidates.,
Device.Services.FAPService.{i}.CellConfig.{i}.NR.RAN.PHY.BWP.BWPDL.{i}.PDCCH.CommonSearchSpaceList.{i}.nrofCandidates.AggregationLevel4,yes,existing_command_object_parent,medium,path 位于当前 MML seed/catalog 二级命令节点 object_path 下，可挂入该二级节点；需确认分组是否过粗,SF,小区服务参数管理（总体）,FAP 载波基本配置,Device.Services.FAPService.{i}.,,json_seed_and_catalog_existing_group,omcgo/internal/config/parammodel/mmlstandardloader/seeds/cmcc_tdlte_v23.json; omcgo/datamodels/mml-catalog/cmcc-tdlte-v2.3.json,YES_EXISTING_JSON_PARENT_GROUP,existing_mml_parent_object_group,READ_WRITE,STRING,nrofCandidates,Device.Services.FAPService.{i}.CellConfig.{i}.NR.RAN.PHY.BWP.BWPDL.{i}.PDCCH.CommonSearchSpaceList.{i}.nrofCandidates.,
Device.Services.FAPService.{i}.CellConfig.{i}.NR.RAN.PHY.BWP.BWPDL.{i}.PDCCH.CommonSearchSpaceList.{i}.nrofCandidates.AggregationLevel8,yes,existing_command_object_parent,medium,path 位于当前 MML seed/catalog 二级命令节点 object_path 下，可挂入该二级节点；需确认分组是否过粗,SF,小区服务参数管理（总体）,FAP 载波基本配置,Device.Services.FAPService.{i}.,,json_seed_and_catalog_existing_group,omcgo/internal/config/parammodel/mmlstandardloader/seeds/cmcc_tdlte_v23.json; omcgo/datamodels/mml-catalog/cmcc-tdlte-v2.3.json,YES_EXISTING_JSON_PARENT_GROUP,existing_mml_parent_object_group,READ_WRITE,STRING,nrofCandidates,Device.Services.FAPService.{i}.CellConfig.{i}.NR.RAN.PHY.BWP.BWPDL.{i}.PDCCH.CommonSearchSpaceList.{i}.nrofCandidates.,
Device.Services.FAPService.{i}.CellConfig.{i}.NR.RAN.PHY.BWP.BWPDL.{i}.Bandwidth,yes,existing_command_object_parent,medium,path 位于当前 MML seed/catalog 二级命令节点 object_path 下，可挂入该二级节点；需确认分组是否过粗,SF,小区服务参数管理（总体）,FAP 载波基本配置,Device.Services.FAPService.{i}.,,json_seed_and_catalog_existing_group,omcgo/internal/config/parammodel/mmlstandardloader/seeds/cmcc_tdlte_v23.json; omcgo/datamodels/mml-catalog/cmcc-tdlte-v2.3.json,YES_EXISTING_JSON_PARENT_GROUP,existing_mml_parent_object_group,READ_WRITE,STRING,{i},Device.Services.FAPService.{i}.CellConfig.{i}.NR.RAN.PHY.BWP.BWPDL.{i}.,
Device.Services.FAPService.{i}.CellConfig.{i}.NR.RAN.PHY.BWP.BWPDL.{i}.CyclicPrefix,yes,existing_command_object_parent,medium,path 位于当前 MML seed/catalog 二级命令节点 object_path 下，可挂入该二级节点；需确认分组是否过粗,SF,小区服务参数管理（总体）,FAP 载波基本配置,Device.Services.FAPService.{i}.,,json_seed_and_catalog_existing_group,omcgo/internal/config/parammodel/mmlstandardloader/seeds/cmcc_tdlte_v23.json; omcgo/datamodels/mml-catalog/cmcc-tdlte-v2.3.json,YES_EXISTING_JSON_PARENT_GROUP,existing_mml_parent_object_group,READ_WRITE,STRING,{i},Device.Services.FAPService.{i}.CellConfig.{i}.NR.RAN.PHY.BWP.BWPDL.{i}.,
Device.Services.FAPService.{i}.CellConfig.{i}.NR.RAN.PHY.BWP.BWPDL.{i}.DlBWPId,yes,existing_command_object_parent,medium,path 位于当前 MML seed/catalog 二级命令节点 object_path 下，可挂入该二级节点；需确认分组是否过粗,SF,小区服务参数管理（总体）,FAP 载波基本配置,Device.Services.FAPService.{i}.,,json_seed_and_catalog_existing_group,omcgo/internal/config/parammodel/mmlstandardloader/seeds/cmcc_tdlte_v23.json; omcgo/datamodels/mml-catalog/cmcc-tdlte-v2.3.json,YES_EXISTING_JSON_PARENT_GROUP,existing_mml_parent_object_group,READ_WRITE,STRING,{i},Device.Services.FAPService.{i}.CellConfig.{i}.NR.RAN.PHY.BWP.BWPDL.{i}.,
Device.Services.FAPService.{i}.CellConfig.{i}.NR.RAN.PHY.BWP.BWPDL.{i}.InitDlMcs,yes,existing_command_object_parent,medium,path 位于当前 MML seed/catalog 二级命令节点 object_path 下，可挂入该二级节点；需确认分组是否过粗,SF,小区服务参数管理（总体）,FAP 载波基本配置,Device.Services.FAPService.{i}.,,json_seed_and_catalog_existing_group,omcgo/internal/config/parammodel/mmlstandardloader/seeds/cmcc_tdlte_v23.json; omcgo/datamodels/mml-catalog/cmcc-tdlte-v2.3.json,YES_EXISTING_JSON_PARENT_GROUP,existing_mml_parent_object_group,READ_WRITE,STRING,{i},Device.Services.FAPService.{i}.CellConfig.{i}.NR.RAN.PHY.BWP.BWPDL.{i}.,
Device.Services.FAPService.{i}.CellConfig.{i}.NR.RAN.PHY.BWP.BWPDL.{i}.MaxDlUeToBeScheduledInSlot,yes,existing_command_object_parent,medium,path 位于当前 MML seed/catalog 二级命令节点 object_path 下，可挂入该二级节点；需确认分组是否过粗,SF,小区服务参数管理（总体）,FAP 载波基本配置,Device.Services.FAPService.{i}.,,json_seed_and_catalog_existing_group,omcgo/internal/config/parammodel/mmlstandardloader/seeds/cmcc_tdlte_v23.json; omcgo/datamodels/mml-catalog/cmcc-tdlte-v2.3.json,YES_EXISTING_JSON_PARENT_GROUP,existing_mml_parent_object_group,READ_WRITE,STRING,{i},Device.Services.FAPService.{i}.CellConfig.{i}.NR.RAN.PHY.BWP.BWPDL.{i}.,
Device.Services.FAPService.{i}.CellConfig.{i}.NR.RAN.PHY.BWP.BWPDL.{i}.PDCCH.CommonSearchSpaceList.{i}.ControlResourceSetId,yes,existing_command_object_parent,medium,path 位于当前 MML seed/catalog 二级命令节点 object_path 下，可挂入该二级节点；需确认分组是否过粗,SF,小区服务参数管理（总体）,FAP 载波基本配置,Device.Services.FAPService.{i}.,,json_seed_and_catalog_existing_group,omcgo/internal/config/parammodel/mmlstandardloader/seeds/cmcc_tdlte_v23.json; omcgo/datamodels/mml-catalog/cmcc-tdlte-v2.3.json,YES_EXISTING_JSON_PARENT_GROUP,existing_mml_parent_object_group,READ_WRITE,STRING,{i},Device.Services.FAPService.{i}.CellConfig.{i}.NR.RAN.PHY.BWP.BWPDL.{i}.PDCCH.CommonSearchSpaceList.{i}.,
Device.Services.FAPService.{i}.CellConfig.{i}.NR.RAN.PHY.BWP.BWPDL.{i}.PDCCH.CommonSearchSpaceList.{i}.DciFormat00And10En,yes,existing_command_object_parent,medium,path 位于当前 MML seed/catalog 二级命令节点 object_path 下，可挂入该二级节点；需确认分组是否过粗,SF,小区服务参数管理（总体）,FAP 载波基本配置,Device.Services.FAPService.{i}.,,json_seed_and_catalog_existing_group,omcgo/internal/config/parammodel/mmlstandardloader/seeds/cmcc_tdlte_v23.json; omcgo/datamodels/mml-catalog/cmcc-tdlte-v2.3.json,YES_EXISTING_JSON_PARENT_GROUP,existing_mml_parent_object_group,READ_WRITE,STRING,{i},Device.Services.FAPService.{i}.CellConfig.{i}.NR.RAN.PHY.BWP.BWPDL.{i}.PDCCH.CommonSearchSpaceList.{i}.,
Device.Services.FAPService.{i}.CellConfig.{i}.NR.RAN.PHY.BWP.BWPDL.{i}.PDCCH.CommonSearchSpaceList.{i}.Duration,yes,existing_command_object_parent,medium,path 位于当前 MML seed/catalog 二级命令节点 object_path 下，可挂入该二级节点；需确认分组是否过粗,SF,小区服务参数管理（总体）,FAP 载波基本配置,Device.Services.FAPService.{i}.,,json_seed_and_catalog_existing_group,omcgo/internal/config/parammodel/mmlstandardloader/seeds/cmcc_tdlte_v23.json; omcgo/datamodels/mml-catalog/cmcc-tdlte-v2.3.json,YES_EXISTING_JSON_PARENT_GROUP,existing_mml_parent_object_group,READ_WRITE,STRING,{i},Device.Services.FAPService.{i}.CellConfig.{i}.NR.RAN.PHY.BWP.BWPDL.{i}.PDCCH.CommonSearchSpaceList.{i}.,
Device.Services.FAPService.{i}.CellConfig.{i}.NR.RAN.PHY.BWP.BWPDL.{i}.PDCCH.CommonSearchSpaceList.{i}.MonitoringSlotOffset,yes,existing_command_object_parent,medium,path 位于当前 MML seed/catalog 二级命令节点 object_path 下，可挂入该二级节点；需确认分组是否过粗,SF,小区服务参数管理（总体）,FAP 载波基本配置,Device.Services.FAPService.{i}.,,json_seed_and_catalog_existing_group,omcgo/internal/config/parammodel/mmlstandardloader/seeds/cmcc_tdlte_v23.json; omcgo/datamodels/mml-catalog/cmcc-tdlte-v2.3.json,YES_EXISTING_JSON_PARENT_GROUP,existing_mml_parent_object_group,READ_WRITE,STRING,{i},Device.Services.FAPService.{i}.CellConfig.{i}.NR.RAN.PHY.BWP.BWPDL.{i}.PDCCH.CommonSearchSpaceList.{i}.,
Device.Services.FAPService.{i}.CellConfig.{i}.NR.RAN.PHY.BWP.BWPDL.{i}.PDCCH.CommonSearchSpaceList.{i}.MonitoringSlotPeriodicity,yes,existing_command_object_parent,medium,path 位于当前 MML seed/catalog 二级命令节点 object_path 下，可挂入该二级节点；需确认分组是否过粗,SF,小区服务参数管理（总体）,FAP 载波基本配置,Device.Services.FAPService.{i}.,,json_seed_and_catalog_existing_group,omcgo/internal/config/parammodel/mmlstandardloader/seeds/cmcc_tdlte_v23.json; omcgo/datamodels/mml-catalog/cmcc-tdlte-v2.3.json,YES_EXISTING_JSON_PARENT_GROUP,existing_mml_parent_object_group,READ_WRITE,STRING,{i},Device.Services.FAPService.{i}.CellConfig.{i}.NR.RAN.PHY.BWP.BWPDL.{i}.PDCCH.CommonSearchSpaceList.{i}.,
Device.Services.FAPService.{i}.CellConfig.{i}.NR.RAN.PHY.BWP.BWPDL.{i}.PDCCH.CommonSearchSpaceList.{i}.MonitoringSymbolsWithinSlot,yes,existing_command_object_parent,medium,path 位于当前 MML seed/catalog 二级命令节点 object_path 下，可挂入该二级节点；需确认分组是否过粗,SF,小区服务参数管理（总体）,FAP 载波基本配置,Device.Services.FAPService.{i}.,,json_seed_and_catalog_existing_group,omcgo/internal/config/parammodel/mmlstandardloader/seeds/cmcc_tdlte_v23.json; omcgo/datamodels/mml-catalog/cmcc-tdlte-v2.3.json,YES_EXISTING_JSON_PARENT_GROUP,existing_mml_parent_object_group,READ_WRITE,STRING,{i},Device.Services.FAPService.{i}.CellConfig.{i}.NR.RAN.PHY.BWP.BWPDL.{i}.PDCCH.CommonSearchSpaceList.{i}.,
Device.Services.FAPService.{i}.CellConfig.{i}.NR.RAN.PHY.BWP.BWPDL.{i}.PDCCH.CommonSearchSpaceList.{i}.SearchSpaceId,yes,existing_command_object_parent,medium,path 位于当前 MML seed/catalog 二级命令节点 object_path 下，可挂入该二级节点；需确认分组是否过粗,SF,小区服务参数管理（总体）,FAP 载波基本配置,Device.Services.FAPService.{i}.,,json_seed_and_catalog_existing_group,omcgo/internal/config/parammodel/mmlstandardloader/seeds/cmcc_tdlte_v23.json; omcgo/datamodels/mml-catalog/cmcc-tdlte-v2.3.json,YES_EXISTING_JSON_PARENT_GROUP,existing_mml_parent_object_group,READ_WRITE,STRING,{i},Device.Services.FAPService.{i}.CellConfig.{i}.NR.RAN.PHY.BWP.BWPDL.{i}.PDCCH.CommonSearchSpaceList.{i}.,
Device.Services.FAPService.{i}.CellConfig.{i}.NR.RAN.PHY.BWP.BWPDL.{i}.PDCCH.CommonSearchSpaceList.{i}.SearchSpaceType,yes,existing_command_object_parent,medium,path 位于当前 MML seed/catalog 二级命令节点 object_path 下，可挂入该二级节点；需确认分组是否过粗,SF,小区服务参数管理（总体）,FAP 载波基本配置,Device.Services.FAPService.{i}.,,json_seed_and_catalog_existing_group,omcgo/internal/config/parammodel/mmlstandardloader/seeds/cmcc_tdlte_v23.json; omcgo/datamodels/mml-catalog/cmcc-tdlte-v2.3.json,YES_EXISTING_JSON_PARENT_GROUP,existing_mml_parent_object_group,READ_WRITE,STRING,{i},Device.Services.FAPService.{i}.CellConfig.{i}.NR.RAN.PHY.BWP.BWPDL.{i}.PDCCH.CommonSearchSpaceList.{i}.,
Device.Services.FAPService.{i}.CellConfig.{i}.NR.RAN.PHY.BWP.BWPDL.{i}.PDCCH.DedicatedCtlResourceSet.{i}.DedicateCceRegInterleaverSize,yes,existing_command_object_parent,medium,path 位于当前 MML seed/catalog 二级命令节点 object_path 下，可挂入该二级节点；需确认分组是否过粗,SF,小区服务参数管理（总体）,FAP 载波基本配置,Device.Services.FAPService.{i}.,,json_seed_and_catalog_existing_group,omcgo/internal/config/parammodel/mmlstandardloader/seeds/cmcc_tdlte_v23.json; omcgo/datamodels/mml-catalog/cmcc-tdlte-v2.3.json,YES_EXISTING_JSON_PARENT_GROUP,existing_mml_parent_object_group,READ_WRITE,STRING,{i},Device.Services.FAPService.{i}.CellConfig.{i}.NR.RAN.PHY.BWP.BWPDL.{i}.PDCCH.DedicatedCtlResourceSet.{i}.,
Device.Services.FAPService.{i}.CellConfig.{i}.NR.RAN.PHY.BWP.BWPDL.{i}.PDCCH.DedicatedCtlResourceSet.{i}.DedicateCceRegMappingType,yes,existing_command_object_parent,medium,path 位于当前 MML seed/catalog 二级命令节点 object_path 下，可挂入该二级节点；需确认分组是否过粗,SF,小区服务参数管理（总体）,FAP 载波基本配置,Device.Services.FAPService.{i}.,,json_seed_and_catalog_existing_group,omcgo/internal/config/parammodel/mmlstandardloader/seeds/cmcc_tdlte_v23.json; omcgo/datamodels/mml-catalog/cmcc-tdlte-v2.3.json,YES_EXISTING_JSON_PARENT_GROUP,existing_mml_parent_object_group,READ_WRITE,STRING,{i},Device.Services.FAPService.{i}.CellConfig.{i}.NR.RAN.PHY.BWP.BWPDL.{i}.PDCCH.DedicatedCtlResourceSet.{i}.,
Device.Services.FAPService.{i}.CellConfig.{i}.NR.RAN.PHY.BWP.BWPDL.{i}.PDCCH.DedicatedCtlResourceSet.{i}.DedicateCceRegShiftIndex,yes,existing_command_object_parent,medium,path 位于当前 MML seed/catalog 二级命令节点 object_path 下，可挂入该二级节点；需确认分组是否过粗,SF,小区服务参数管理（总体）,FAP 载波基本配置,Device.Services.FAPService.{i}.,,json_seed_and_catalog_existing_group,omcgo/internal/config/parammodel/mmlstandardloader/seeds/cmcc_tdlte_v23.json; omcgo/datamodels/mml-catalog/cmcc-tdlte-v2.3.json,YES_EXISTING_JSON_PARENT_GROUP,existing_mml_parent_object_group,READ_WRITE,STRING,{i},Device.Services.FAPService.{i}.CellConfig.{i}.NR.RAN.PHY.BWP.BWPDL.{i}.PDCCH.DedicatedCtlResourceSet.{i}.,
Device.Services.FAPService.{i}.CellConfig.{i}.NR.RAN.PHY.BWP.BWPDL.{i}.PDCCH.DedicatedCtlResourceSet.{i}.DedicateCceRegbundleType,yes,existing_command_object_parent,medium,path 位于当前 MML seed/catalog 二级命令节点 object_path 下，可挂入该二级节点；需确认分组是否过粗,SF,小区服务参数管理（总体）,FAP 载波基本配置,Device.Services.FAPService.{i}.,,json_seed_and_catalog_existing_group,omcgo/internal/config/parammodel/mmlstandardloader/seeds/cmcc_tdlte_v23.json; omcgo/datamodels/mml-catalog/cmcc-tdlte-v2.3.json,YES_EXISTING_JSON_PARENT_GROUP,existing_mml_parent_object_group,READ_WRITE,STRING,{i},Device.Services.FAPService.{i}.CellConfig.{i}.NR.RAN.PHY.BWP.BWPDL.{i}.PDCCH.DedicatedCtlResourceSet.{i}.,
Device.Services.FAPService.{i}.CellConfig.{i}.NR.RAN.PHY.BWP.BWPDL.{i}.PDCCH.DedicatedCtlResourceSet.{i}.DedicateDuration,yes,existing_command_object_parent,medium,path 位于当前 MML seed/catalog 二级命令节点 object_path 下，可挂入该二级节点；需确认分组是否过粗,SF,小区服务参数管理（总体）,FAP 载波基本配置,Device.Services.FAPService.{i}.,,json_seed_and_catalog_existing_group,omcgo/internal/config/parammodel/mmlstandardloader/seeds/cmcc_tdlte_v23.json; omcgo/datamodels/mml-catalog/cmcc-tdlte-v2.3.json,YES_EXISTING_JSON_PARENT_GROUP,existing_mml_parent_object_group,READ_WRITE,STRING,{i},Device.Services.FAPService.{i}.CellConfig.{i}.NR.RAN.PHY.BWP.BWPDL.{i}.PDCCH.DedicatedCtlResourceSet.{i}.,
Device.Services.FAPService.{i}.CellConfig.{i}.NR.RAN.PHY.BWP.BWPDL.{i}.PDCCH.DedicatedCtlResourceSet.{i}.DedicateFrequencyDomainResources,yes,existing_command_object_parent,medium,path 位于当前 MML seed/catalog 二级命令节点 object_path 下，可挂入该二级节点；需确认分组是否过粗,SF,小区服务参数管理（总体）,FAP 载波基本配置,Device.Services.FAPService.{i}.,,json_seed_and_catalog_existing_group,omcgo/internal/config/parammodel/mmlstandardloader/seeds/cmcc_tdlte_v23.json; omcgo/datamodels/mml-catalog/cmcc-tdlte-v2.3.json,YES_EXISTING_JSON_PARENT_GROUP,existing_mml_parent_object_group,READ_WRITE,STRING,{i},Device.Services.FAPService.{i}.CellConfig.{i}.NR.RAN.PHY.BWP.BWPDL.{i}.PDCCH.DedicatedCtlResourceSet.{i}.,
Device.Services.FAPService.{i}.CellConfig.{i}.NR.RAN.PHY.BWP.BWPDL.{i}.PDCCH.DedicatedCtlResourceSet.{i}.DedicatePrecoderGranularity,yes,existing_command_object_parent,medium,path 位于当前 MML seed/catalog 二级命令节点 object_path 下，可挂入该二级节点；需确认分组是否过粗,SF,小区服务参数管理（总体）,FAP 载波基本配置,Device.Services.FAPService.{i}.,,json_seed_and_catalog_existing_group,omcgo/internal/config/parammodel/mmlstandardloader/seeds/cmcc_tdlte_v23.json; omcgo/datamodels/mml-catalog/cmcc-tdlte-v2.3.json,YES_EXISTING_JSON_PARENT_GROUP,existing_mml_parent_object_group,READ_WRITE,STRING,{i},Device.Services.FAPService.{i}.CellConfig.{i}.NR.RAN.PHY.BWP.BWPDL.{i}.PDCCH.DedicatedCtlResourceSet.{i}.,
Device.Services.FAPService.{i}.CellConfig.{i}.NR.RAN.PHY.BWP.BWPDL.{i}.PDCCH.DedicatedCtlResourceSet.{i}.DedicatedResourceSetId,yes,existing_command_object_parent,medium,path 位于当前 MML seed/catalog 二级命令节点 object_path 下，可挂入该二级节点；需确认分组是否过粗,SF,小区服务参数管理（总体）,FAP 载波基本配置,Device.Services.FAPService.{i}.,,json_seed_and_catalog_existing_group,omcgo/internal/config/parammodel/mmlstandardloader/seeds/cmcc_tdlte_v23.json; omcgo/datamodels/mml-catalog/cmcc-tdlte-v2.3.json,YES_EXISTING_JSON_PARENT_GROUP,existing_mml_parent_object_group,READ_WRITE,STRING,{i},Device.Services.FAPService.{i}.CellConfig.{i}.NR.RAN.PHY.BWP.BWPDL.{i}.PDCCH.DedicatedCtlResourceSet.{i}.,
Device.Services.FAPService.{i}.CellConfig.{i}.NR.RAN.PHY.BWP.BWPDL.{i}.PDSCH.PDSCHDedicatedTimeDomainResourceAllocationList.{i}.StartSymbolAndLength,yes,existing_command_object_parent,medium,path 位于当前 MML seed/catalog 二级命令节点 object_path 下，可挂入该二级节点；需确认分组是否过粗,SF,小区服务参数管理（总体）,FAP 载波基本配置,Device.Services.FAPService.{i}.,,json_seed_and_catalog_existing_group,omcgo/internal/config/parammodel/mmlstandardloader/seeds/cmcc_tdlte_v23.json; omcgo/datamodels/mml-catalog/cmcc-tdlte-v2.3.json,YES_EXISTING_JSON_PARENT_GROUP,existing_mml_parent_object_group,READ_WRITE,STRING,{i},Device.Services.FAPService.{i}.CellConfig.{i}.NR.RAN.PHY.BWP.BWPDL.{i}.PDSCH.PDSCHDedicatedTimeDomainResourceAllocationList.{i}.,
Device.Services.FAPService.{i}.CellConfig.{i}.NR.RAN.PHY.BWP.BWPDL.{i}.PDSCH.PDSCHTimeDomainResourceAllocationList.{i}.StartSymbolAndLength,yes,existing_command_object_parent,medium,path 位于当前 MML seed/catalog 二级命令节点 object_path 下，可挂入该二级节点；需确认分组是否过粗,SF,小区服务参数管理（总体）,FAP 载波基本配置,Device.Services.FAPService.{i}.,,json_seed_and_catalog_existing_group,omcgo/internal/config/parammodel/mmlstandardloader/seeds/cmcc_tdlte_v23.json; omcgo/datamodels/mml-catalog/cmcc-tdlte-v2.3.json,YES_EXISTING_JSON_PARENT_GROUP,existing_mml_parent_object_group,READ_WRITE,STRING,{i},Device.Services.FAPService.{i}.CellConfig.{i}.NR.RAN.PHY.BWP.BWPDL.{i}.PDSCH.PDSCHTimeDomainResourceAllocationList.{i}.,
Device.Services.FAPService.{i}.CellConfig.{i}.NR.RAN.PHY.BWP.BWPDL.{i}.PMaxULPower,yes,existing_command_object_parent,medium,path 位于当前 MML seed/catalog 二级命令节点 object_path 下，可挂入该二级节点；需确认分组是否过粗,SF,小区服务参数管理（总体）,FAP 载波基本配置,Device.Services.FAPService.{i}.,,json_seed_and_catalog_existing_group,omcgo/internal/config/parammodel/mmlstandardloader/seeds/cmcc_tdlte_v23.json; omcgo/datamodels/mml-catalog/cmcc-tdlte-v2.3.json,YES_EXISTING_JSON_PARENT_GROUP,existing_mml_parent_object_group,READ_WRITE,STRING,{i},Device.Services.FAPService.{i}.CellConfig.{i}.NR.RAN.PHY.BWP.BWPDL.{i}.,
Device.Services.FAPService.{i}.CellConfig.{i}.NR.RAN.PHY.BWP.BWPDL.{i}.StartPrbPosition,yes,existing_command_object_parent,medium,path 位于当前 MML seed/catalog 二级命令节点 object_path 下，可挂入该二级节点；需确认分组是否过粗,SF,小区服务参数管理（总体）,FAP 载波基本配置,Device.Services.FAPService.{i}.,,json_seed_and_catalog_existing_group,omcgo/internal/config/parammodel/mmlstandardloader/seeds/cmcc_tdlte_v23.json; omcgo/datamodels/mml-catalog/cmcc-tdlte-v2.3.json,YES_EXISTING_JSON_PARENT_GROUP,existing_mml_parent_object_group,READ_WRITE,STRING,{i},Device.Services.FAPService.{i}.CellConfig.{i}.NR.RAN.PHY.BWP.BWPDL.{i}.,
Device.Services.FAPService.{i}.CellConfig.{i}.NR.RAN.PHY.BWP.BWPDL.{i}.SubcarrierSpacing,yes,existing_command_object_parent,medium,path 位于当前 MML seed/catalog 二级命令节点 object_path 下，可挂入该二级节点；需确认分组是否过粗,SF,小区服务参数管理（总体）,FAP 载波基本配置,Device.Services.FAPService.{i}.,,json_seed_and_catalog_existing_group,omcgo/internal/config/parammodel/mmlstandardloader/seeds/cmcc_tdlte_v23.json; omcgo/datamodels/mml-catalog/cmcc-tdlte-v2.3.json,YES_EXISTING_JSON_PARENT_GROUP,existing_mml_parent_object_group,READ_WRITE,STRING,{i},Device.Services.FAPService.{i}.CellConfig.{i}.NR.RAN.PHY.BWP.BWPDL.{i}.,
Device.Services.FAPService.{i}.CellConfig.{i}.NR.RAN.QOS.{i}.5QI,yes,existing_command_object_parent,medium,path 位于当前 MML seed/catalog 二级命令节点 object_path 下，可挂入该二级节点；需确认分组是否过粗,SF,小区服务参数管理（总体）,FAP 载波基本配置,Device.Services.FAPService.{i}.,,json_seed_and_catalog_existing_group,omcgo/internal/config/parammodel/mmlstandardloader/seeds/cmcc_tdlte_v23.json; omcgo/datamodels/mml-catalog/cmcc-tdlte-v2.3.json,YES_EXISTING_JSON_PARENT_GROUP,existing_mml_parent_object_group,READ_WRITE,STRING,{i},Device.Services.FAPService.{i}.CellConfig.{i}.NR.RAN.QOS.{i}.,
Device.Services.FAPService.{i}.CellConfig.{i}.NR.RAN.QOS.{i}.AllowedIntegrityAlgo,yes,existing_command_object_parent,medium,path 位于当前 MML seed/catalog 二级命令节点 object_path 下，可挂入该二级节点；需确认分组是否过粗,SF,小区服务参数管理（总体）,FAP 载波基本配置,Device.Services.FAPService.{i}.,,json_seed_and_catalog_existing_group,omcgo/internal/config/parammodel/mmlstandardloader/seeds/cmcc_tdlte_v23.json; omcgo/datamodels/mml-catalog/cmcc-tdlte-v2.3.json,YES_EXISTING_JSON_PARENT_GROUP,existing_mml_parent_object_group,READ_WRITE,STRING,{i},Device.Services.FAPService.{i}.CellConfig.{i}.NR.RAN.QOS.{i}.,
Device.Services.FAPService.{i}.CellConfig.{i}.NR.RAN.QOS.{i}.DiscardTimer,yes,existing_command_object_parent,medium,path 位于当前 MML seed/catalog 二级命令节点 object_path 下，可挂入该二级节点；需确认分组是否过粗,SF,小区服务参数管理（总体）,FAP 载波基本配置,Device.Services.FAPService.{i}.,,json_seed_and_catalog_existing_group,omcgo/internal/config/parammodel/mmlstandardloader/seeds/cmcc_tdlte_v23.json; omcgo/datamodels/mml-catalog/cmcc-tdlte-v2.3.json,YES_EXISTING_JSON_PARENT_GROUP,existing_mml_parent_object_group,READ_WRITE,STRING,{i},Device.Services.FAPService.{i}.CellConfig.{i}.NR.RAN.QOS.{i}.,
Device.Services.FAPService.{i}.CellConfig.{i}.NR.RAN.QOS.{i}.DlDataSplitThreshold,yes,existing_command_object_parent,medium,path 位于当前 MML seed/catalog 二级命令节点 object_path 下，可挂入该二级节点；需确认分组是否过粗,SF,小区服务参数管理（总体）,FAP 载波基本配置,Device.Services.FAPService.{i}.,,json_seed_and_catalog_existing_group,omcgo/internal/config/parammodel/mmlstandardloader/seeds/cmcc_tdlte_v23.json; omcgo/datamodels/mml-catalog/cmcc-tdlte-v2.3.json,YES_EXISTING_JSON_PARENT_GROUP,existing_mml_parent_object_group,READ_WRITE,STRING,{i},Device.Services.FAPService.{i}.CellConfig.{i}.NR.RAN.QOS.{i}.,
Device.Services.FAPService.{i}.CellConfig.{i}.NR.RAN.QOS.{i}.DrbInactivityTimerConfig,yes,existing_command_object_parent,medium,path 位于当前 MML seed/catalog 二级命令节点 object_path 下，可挂入该二级节点；需确认分组是否过粗,SF,小区服务参数管理（总体）,FAP 载波基本配置,Device.Services.FAPService.{i}.,,json_seed_and_catalog_existing_group,omcgo/internal/config/parammodel/mmlstandardloader/seeds/cmcc_tdlte_v23.json; omcgo/datamodels/mml-catalog/cmcc-tdlte-v2.3.json,YES_EXISTING_JSON_PARENT_GROUP,existing_mml_parent_object_group,READ_WRITE,STRING,{i},Device.Services.FAPService.{i}.CellConfig.{i}.NR.RAN.QOS.{i}.,
Device.Services.FAPService.{i}.CellConfig.{i}.NR.RAN.QOS.{i}.Dscp,yes,existing_command_object_parent,medium,path 位于当前 MML seed/catalog 二级命令节点 object_path 下，可挂入该二级节点；需确认分组是否过粗,SF,小区服务参数管理（总体）,FAP 载波基本配置,Device.Services.FAPService.{i}.,,json_seed_and_catalog_existing_group,omcgo/internal/config/parammodel/mmlstandardloader/seeds/cmcc_tdlte_v23.json; omcgo/datamodels/mml-catalog/cmcc-tdlte-v2.3.json,YES_EXISTING_JSON_PARENT_GROUP,existing_mml_parent_object_group,READ_WRITE,STRING,{i},Device.Services.FAPService.{i}.CellConfig.{i}.NR.RAN.QOS.{i}.,
Device.Services.FAPService.{i}.CellConfig.{i}.NR.RAN.QOS.{i}.Enable,yes,existing_command_object_parent,medium,path 位于当前 MML seed/catalog 二级命令节点 object_path 下，可挂入该二级节点；需确认分组是否过粗,SF,小区服务参数管理（总体）,FAP 载波基本配置,Device.Services.FAPService.{i}.,,json_seed_and_catalog_existing_group,omcgo/internal/config/parammodel/mmlstandardloader/seeds/cmcc_tdlte_v23.json; omcgo/datamodels/mml-catalog/cmcc-tdlte-v2.3.json,YES_EXISTING_JSON_PARENT_GROUP,existing_mml_parent_object_group,READ_WRITE,STRING,{i},Device.Services.FAPService.{i}.CellConfig.{i}.NR.RAN.QOS.{i}.,
Device.Services.FAPService.{i}.CellConfig.{i}.NR.RAN.QOS.{i}.EnableRohc,yes,existing_command_object_parent,medium,path 位于当前 MML seed/catalog 二级命令节点 object_path 下，可挂入该二级节点；需确认分组是否过粗,SF,小区服务参数管理（总体）,FAP 载波基本配置,Device.Services.FAPService.{i}.,,json_seed_and_catalog_existing_group,omcgo/internal/config/parammodel/mmlstandardloader/seeds/cmcc_tdlte_v23.json; omcgo/datamodels/mml-catalog/cmcc-tdlte-v2.3.json,YES_EXISTING_JSON_PARENT_GROUP,existing_mml_parent_object_group,READ_WRITE,STRING,{i},Device.Services.FAPService.{i}.CellConfig.{i}.NR.RAN.QOS.{i}.,
Device.Services.FAPService.{i}.CellConfig.{i}.NR.RAN.QOS.{i}.IsDefault,yes,existing_command_object_parent,medium,path 位于当前 MML seed/catalog 二级命令节点 object_path 下，可挂入该二级节点；需确认分组是否过粗,SF,小区服务参数管理（总体）,FAP 载波基本配置,Device.Services.FAPService.{i}.,,json_seed_and_catalog_existing_group,omcgo/internal/config/parammodel/mmlstandardloader/seeds/cmcc_tdlte_v23.json; omcgo/datamodels/mml-catalog/cmcc-tdlte-v2.3.json,YES_EXISTING_JSON_PARENT_GROUP,existing_mml_parent_object_group,READ_WRITE,STRING,{i},Device.Services.FAPService.{i}.CellConfig.{i}.NR.RAN.QOS.{i}.,
Device.Services.FAPService.{i}.CellConfig.{i}.NR.RAN.QOS.{i}.LongDrxCycle,yes,existing_command_object_parent,medium,path 位于当前 MML seed/catalog 二级命令节点 object_path 下，可挂入该二级节点；需确认分组是否过粗,SF,小区服务参数管理（总体）,FAP 载波基本配置,Device.Services.FAPService.{i}.,,json_seed_and_catalog_existing_group,omcgo/internal/config/parammodel/mmlstandardloader/seeds/cmcc_tdlte_v23.json; omcgo/datamodels/mml-catalog/cmcc-tdlte-v2.3.json,YES_EXISTING_JSON_PARENT_GROUP,existing_mml_parent_object_group,READ_WRITE,STRING,{i},Device.Services.FAPService.{i}.CellConfig.{i}.NR.RAN.QOS.{i}.,
Device.Services.FAPService.{i}.CellConfig.{i}.NR.RAN.QOS.{i}.MappingDrbIndex,yes,existing_command_object_parent,medium,path 位于当前 MML seed/catalog 二级命令节点 object_path 下，可挂入该二级节点；需确认分组是否过粗,SF,小区服务参数管理（总体）,FAP 载波基本配置,Device.Services.FAPService.{i}.,,json_seed_and_catalog_existing_group,omcgo/internal/config/parammodel/mmlstandardloader/seeds/cmcc_tdlte_v23.json; omcgo/datamodels/mml-catalog/cmcc-tdlte-v2.3.json,YES_EXISTING_JSON_PARENT_GROUP,existing_mml_parent_object_group,READ_WRITE,STRING,{i},Device.Services.FAPService.{i}.CellConfig.{i}.NR.RAN.QOS.{i}.,
Device.Services.FAPService.{i}.CellConfig.{i}.NR.RAN.QOS.{i}.MinBr,yes,existing_command_object_parent,medium,path 位于当前 MML seed/catalog 二级命令节点 object_path 下，可挂入该二级节点；需确认分组是否过粗,SF,小区服务参数管理（总体）,FAP 载波基本配置,Device.Services.FAPService.{i}.,,json_seed_and_catalog_existing_group,omcgo/internal/config/parammodel/mmlstandardloader/seeds/cmcc_tdlte_v23.json; omcgo/datamodels/mml-catalog/cmcc-tdlte-v2.3.json,YES_EXISTING_JSON_PARENT_GROUP,existing_mml_parent_object_group,READ_WRITE,STRING,{i},Device.Services.FAPService.{i}.CellConfig.{i}.NR.RAN.QOS.{i}.,
Device.Services.FAPService.{i}.CellConfig.{i}.NR.RAN.QOS.{i}.PdcpDuplicationActivated,yes,existing_command_object_parent,medium,path 位于当前 MML seed/catalog 二级命令节点 object_path 下，可挂入该二级节点；需确认分组是否过粗,SF,小区服务参数管理（总体）,FAP 载波基本配置,Device.Services.FAPService.{i}.,,json_seed_and_catalog_existing_group,omcgo/internal/config/parammodel/mmlstandardloader/seeds/cmcc_tdlte_v23.json; omcgo/datamodels/mml-catalog/cmcc-tdlte-v2.3.json,YES_EXISTING_JSON_PARENT_GROUP,existing_mml_parent_object_group,READ_WRITE,STRING,{i},Device.Services.FAPService.{i}.CellConfig.{i}.NR.RAN.QOS.{i}.,
Device.Services.FAPService.{i}.CellConfig.{i}.NR.RAN.QOS.{i}.PdcpSnSizeDl,yes,existing_command_object_parent,medium,path 位于当前 MML seed/catalog 二级命令节点 object_path 下，可挂入该二级节点；需确认分组是否过粗,SF,小区服务参数管理（总体）,FAP 载波基本配置,Device.Services.FAPService.{i}.,,json_seed_and_catalog_existing_group,omcgo/internal/config/parammodel/mmlstandardloader/seeds/cmcc_tdlte_v23.json; omcgo/datamodels/mml-catalog/cmcc-tdlte-v2.3.json,YES_EXISTING_JSON_PARENT_GROUP,existing_mml_parent_object_group,READ_WRITE,STRING,{i},Device.Services.FAPService.{i}.CellConfig.{i}.NR.RAN.QOS.{i}.,
Device.Services.FAPService.{i}.CellConfig.{i}.NR.RAN.QOS.{i}.PdcpSnSizeUl,yes,existing_command_object_parent,medium,path 位于当前 MML seed/catalog 二级命令节点 object_path 下，可挂入该二级节点；需确认分组是否过粗,SF,小区服务参数管理（总体）,FAP 载波基本配置,Device.Services.FAPService.{i}.,,json_seed_and_catalog_existing_group,omcgo/internal/config/parammodel/mmlstandardloader/seeds/cmcc_tdlte_v23.json; omcgo/datamodels/mml-catalog/cmcc-tdlte-v2.3.json,YES_EXISTING_JSON_PARENT_GROUP,existing_mml_parent_object_group,READ_WRITE,STRING,{i},Device.Services.FAPService.{i}.CellConfig.{i}.NR.RAN.QOS.{i}.,
Device.Services.FAPService.{i}.CellConfig.{i}.NR.RAN.QOS.{i}.PrimaryPath,yes,existing_command_object_parent,medium,path 位于当前 MML seed/catalog 二级命令节点 object_path 下，可挂入该二级节点；需确认分组是否过粗,SF,小区服务参数管理（总体）,FAP 载波基本配置,Device.Services.FAPService.{i}.,,json_seed_and_catalog_existing_group,omcgo/internal/config/parammodel/mmlstandardloader/seeds/cmcc_tdlte_v23.json; omcgo/datamodels/mml-catalog/cmcc-tdlte-v2.3.json,YES_EXISTING_JSON_PARENT_GROUP,existing_mml_parent_object_group,READ_WRITE,STRING,{i},Device.Services.FAPService.{i}.CellConfig.{i}.NR.RAN.QOS.{i}.,
Device.Services.FAPService.{i}.CellConfig.{i}.NR.RAN.QOS.{i}.PrimaryPathDl,yes,existing_command_object_parent,medium,path 位于当前 MML seed/catalog 二级命令节点 object_path 下，可挂入该二级节点；需确认分组是否过粗,SF,小区服务参数管理（总体）,FAP 载波基本配置,Device.Services.FAPService.{i}.,,json_seed_and_catalog_existing_group,omcgo/internal/config/parammodel/mmlstandardloader/seeds/cmcc_tdlte_v23.json; omcgo/datamodels/mml-catalog/cmcc-tdlte-v2.3.json,YES_EXISTING_JSON_PARENT_GROUP,existing_mml_parent_object_group,READ_WRITE,STRING,{i},Device.Services.FAPService.{i}.CellConfig.{i}.NR.RAN.QOS.{i}.,
Device.Services.FAPService.{i}.CellConfig.{i}.NR.RAN.QOS.{i}.Priority,yes,existing_command_object_parent,medium,path 位于当前 MML seed/catalog 二级命令节点 object_path 下，可挂入该二级节点；需确认分组是否过粗,SF,小区服务参数管理（总体）,FAP 载波基本配置,Device.Services.FAPService.{i}.,,json_seed_and_catalog_existing_group,omcgo/internal/config/parammodel/mmlstandardloader/seeds/cmcc_tdlte_v23.json; omcgo/datamodels/mml-catalog/cmcc-tdlte-v2.3.json,YES_EXISTING_JSON_PARENT_GROUP,existing_mml_parent_object_group,READ_WRITE,STRING,{i},Device.Services.FAPService.{i}.CellConfig.{i}.NR.RAN.QOS.{i}.,
Device.Services.FAPService.{i}.CellConfig.{i}.NR.RAN.QOS.{i}.RlcMode,yes,existing_command_object_parent,medium,path 位于当前 MML seed/catalog 二级命令节点 object_path 下，可挂入该二级节点；需确认分组是否过粗,SF,小区服务参数管理（总体）,FAP 载波基本配置,Device.Services.FAPService.{i}.,,json_seed_and_catalog_existing_group,omcgo/internal/config/parammodel/mmlstandardloader/seeds/cmcc_tdlte_v23.json; omcgo/datamodels/mml-catalog/cmcc-tdlte-v2.3.json,YES_EXISTING_JSON_PARENT_GROUP,existing_mml_parent_object_group,READ_WRITE,STRING,{i},Device.Services.FAPService.{i}.CellConfig.{i}.NR.RAN.QOS.{i}.,
Device.Services.FAPService.{i}.CellConfig.{i}.NR.RAN.QOS.{i}.RohcProfile0x0001,yes,existing_command_object_parent,medium,path 位于当前 MML seed/catalog 二级命令节点 object_path 下，可挂入该二级节点；需确认分组是否过粗,SF,小区服务参数管理（总体）,FAP 载波基本配置,Device.Services.FAPService.{i}.,,json_seed_and_catalog_existing_group,omcgo/internal/config/parammodel/mmlstandardloader/seeds/cmcc_tdlte_v23.json; omcgo/datamodels/mml-catalog/cmcc-tdlte-v2.3.json,YES_EXISTING_JSON_PARENT_GROUP,existing_mml_parent_object_group,READ_WRITE,STRING,{i},Device.Services.FAPService.{i}.CellConfig.{i}.NR.RAN.QOS.{i}.,
Device.Services.FAPService.{i}.CellConfig.{i}.NR.RAN.QOS.{i}.RohcProfile0x0002,yes,existing_command_object_parent,medium,path 位于当前 MML seed/catalog 二级命令节点 object_path 下，可挂入该二级节点；需确认分组是否过粗,SF,小区服务参数管理（总体）,FAP 载波基本配置,Device.Services.FAPService.{i}.,,json_seed_and_catalog_existing_group,omcgo/internal/config/parammodel/mmlstandardloader/seeds/cmcc_tdlte_v23.json; omcgo/datamodels/mml-catalog/cmcc-tdlte-v2.3.json,YES_EXISTING_JSON_PARENT_GROUP,existing_mml_parent_object_group,READ_WRITE,STRING,{i},Device.Services.FAPService.{i}.CellConfig.{i}.NR.RAN.QOS.{i}.,
Device.Services.FAPService.{i}.CellConfig.{i}.NR.RAN.QOS.{i}.RohcProfile0x0006,yes,existing_command_object_parent,medium,path 位于当前 MML seed/catalog 二级命令节点 object_path 下，可挂入该二级节点；需确认分组是否过粗,SF,小区服务参数管理（总体）,FAP 载波基本配置,Device.Services.FAPService.{i}.,,json_seed_and_catalog_existing_group,omcgo/internal/config/parammodel/mmlstandardloader/seeds/cmcc_tdlte_v23.json; omcgo/datamodels/mml-catalog/cmcc-tdlte-v2.3.json,YES_EXISTING_JSON_PARENT_GROUP,existing_mml_parent_object_group,READ_WRITE,STRING,{i},Device.Services.FAPService.{i}.CellConfig.{i}.NR.RAN.QOS.{i}.,
Device.Services.FAPService.{i}.CellConfig.{i}.NR.RAN.QOS.{i}.ShortDrxCycle,yes,existing_command_object_parent,medium,path 位于当前 MML seed/catalog 二级命令节点 object_path 下，可挂入该二级节点；需确认分组是否过粗,SF,小区服务参数管理（总体）,FAP 载波基本配置,Device.Services.FAPService.{i}.,,json_seed_and_catalog_existing_group,omcgo/internal/config/parammodel/mmlstandardloader/seeds/cmcc_tdlte_v23.json; omcgo/datamodels/mml-catalog/cmcc-tdlte-v2.3.json,YES_EXISTING_JSON_PARENT_GROUP,existing_mml_parent_object_group,READ_WRITE,STRING,{i},Device.Services.FAPService.{i}.CellConfig.{i}.NR.RAN.QOS.{i}.,
Device.Services.FAPService.{i}.CellConfig.{i}.NR.RAN.QOS.{i}.ShortDrxCycleTimer,yes,existing_command_object_parent,medium,path 位于当前 MML seed/catalog 二级命令节点 object_path 下，可挂入该二级节点；需确认分组是否过粗,SF,小区服务参数管理（总体）,FAP 载波基本配置,Device.Services.FAPService.{i}.,,json_seed_and_catalog_existing_group,omcgo/internal/config/parammodel/mmlstandardloader/seeds/cmcc_tdlte_v23.json; omcgo/datamodels/mml-catalog/cmcc-tdlte-v2.3.json,YES_EXISTING_JSON_PARENT_GROUP,existing_mml_parent_object_group,READ_WRITE,STRING,{i},Device.Services.FAPService.{i}.CellConfig.{i}.NR.RAN.QOS.{i}.,
Device.Services.FAPService.{i}.CellConfig.{i}.NR.RAN.QOS.{i}.SnFieldLengthAmDl,yes,existing_command_object_parent,medium,path 位于当前 MML seed/catalog 二级命令节点 object_path 下，可挂入该二级节点；需确认分组是否过粗,SF,小区服务参数管理（总体）,FAP 载波基本配置,Device.Services.FAPService.{i}.,,json_seed_and_catalog_existing_group,omcgo/internal/config/parammodel/mmlstandardloader/seeds/cmcc_tdlte_v23.json; omcgo/datamodels/mml-catalog/cmcc-tdlte-v2.3.json,YES_EXISTING_JSON_PARENT_GROUP,existing_mml_parent_object_group,READ_WRITE,STRING,{i},Device.Services.FAPService.{i}.CellConfig.{i}.NR.RAN.QOS.{i}.,
Device.Services.FAPService.{i}.CellConfig.{i}.NR.RAN.QOS.{i}.SnFieldLengthAmUl,yes,existing_command_object_parent,medium,path 位于当前 MML seed/catalog 二级命令节点 object_path 下，可挂入该二级节点；需确认分组是否过粗,SF,小区服务参数管理（总体）,FAP 载波基本配置,Device.Services.FAPService.{i}.,,json_seed_and_catalog_existing_group,omcgo/internal/config/parammodel/mmlstandardloader/seeds/cmcc_tdlte_v23.json; omcgo/datamodels/mml-catalog/cmcc-tdlte-v2.3.json,YES_EXISTING_JSON_PARENT_GROUP,existing_mml_parent_object_group,READ_WRITE,STRING,{i},Device.Services.FAPService.{i}.CellConfig.{i}.NR.RAN.QOS.{i}.,
Device.Services.FAPService.{i}.CellConfig.{i}.NR.RAN.QOS.{i}.SnFieldLengthUmDl,yes,existing_command_object_parent,medium,path 位于当前 MML seed/catalog 二级命令节点 object_path 下，可挂入该二级节点；需确认分组是否过粗,SF,小区服务参数管理（总体）,FAP 载波基本配置,Device.Services.FAPService.{i}.,,json_seed_and_catalog_existing_group,omcgo/internal/config/parammodel/mmlstandardloader/seeds/cmcc_tdlte_v23.json; omcgo/datamodels/mml-catalog/cmcc-tdlte-v2.3.json,YES_EXISTING_JSON_PARENT_GROUP,existing_mml_parent_object_group,READ_WRITE,STRING,{i},Device.Services.FAPService.{i}.CellConfig.{i}.NR.RAN.QOS.{i}.,
Device.Services.FAPService.{i}.CellConfig.{i}.NR.RAN.QOS.{i}.SnFieldLengthUmUl,yes,existing_command_object_parent,medium,path 位于当前 MML seed/catalog 二级命令节点 object_path 下，可挂入该二级节点；需确认分组是否过粗,SF,小区服务参数管理（总体）,FAP 载波基本配置,Device.Services.FAPService.{i}.,,json_seed_and_catalog_existing_group,omcgo/internal/config/parammodel/mmlstandardloader/seeds/cmcc_tdlte_v23.json; omcgo/datamodels/mml-catalog/cmcc-tdlte-v2.3.json,YES_EXISTING_JSON_PARENT_GROUP,existing_mml_parent_object_group,READ_WRITE,STRING,{i},Device.Services.FAPService.{i}.CellConfig.{i}.NR.RAN.QOS.{i}.,
Device.Services.FAPService.{i}.CellConfig.{i}.NR.RAN.QOS.{i}.StatusReportRequired,yes,existing_command_object_parent,medium,path 位于当前 MML seed/catalog 二级命令节点 object_path 下，可挂入该二级节点；需确认分组是否过粗,SF,小区服务参数管理（总体）,FAP 载波基本配置,Device.Services.FAPService.{i}.,,json_seed_and_catalog_existing_group,omcgo/internal/config/parammodel/mmlstandardloader/seeds/cmcc_tdlte_v23.json; omcgo/datamodels/mml-catalog/cmcc-tdlte-v2.3.json,YES_EXISTING_JSON_PARENT_GROUP,existing_mml_parent_object_group,READ_WRITE,STRING,{i},Device.Services.FAPService.{i}.CellConfig.{i}.NR.RAN.QOS.{i}.,
Device.Services.FAPService.{i}.CellConfig.{i}.NR.RAN.QOS.{i}.TReorderingPdcp,yes,existing_command_object_parent,medium,path 位于当前 MML seed/catalog 二级命令节点 object_path 下，可挂入该二级节点；需确认分组是否过粗,SF,小区服务参数管理（总体）,FAP 载波基本配置,Device.Services.FAPService.{i}.,,json_seed_and_catalog_existing_group,omcgo/internal/config/parammodel/mmlstandardloader/seeds/cmcc_tdlte_v23.json; omcgo/datamodels/mml-catalog/cmcc-tdlte-v2.3.json,YES_EXISTING_JSON_PARENT_GROUP,existing_mml_parent_object_group,READ_WRITE,STRING,{i},Device.Services.FAPService.{i}.CellConfig.{i}.NR.RAN.QOS.{i}.,
Device.Services.FAPService.{i}.CellConfig.{i}.NR.RAN.QOS.{i}.TReorderingUE,yes,existing_command_object_parent,medium,path 位于当前 MML seed/catalog 二级命令节点 object_path 下，可挂入该二级节点；需确认分组是否过粗,SF,小区服务参数管理（总体）,FAP 载波基本配置,Device.Services.FAPService.{i}.,,json_seed_and_catalog_existing_group,omcgo/internal/config/parammodel/mmlstandardloader/seeds/cmcc_tdlte_v23.json; omcgo/datamodels/mml-catalog/cmcc-tdlte-v2.3.json,YES_EXISTING_JSON_PARENT_GROUP,existing_mml_parent_object_group,READ_WRITE,STRING,{i},Device.Services.FAPService.{i}.CellConfig.{i}.NR.RAN.QOS.{i}.,
Device.Services.FAPService.{i}.CellConfig.{i}.NR.RAN.QOS.{i}.Type,yes,existing_command_object_parent,medium,path 位于当前 MML seed/catalog 二级命令节点 object_path 下，可挂入该二级节点；需确认分组是否过粗,SF,小区服务参数管理（总体）,FAP 载波基本配置,Device.Services.FAPService.{i}.,,json_seed_and_catalog_existing_group,omcgo/internal/config/parammodel/mmlstandardloader/seeds/cmcc_tdlte_v23.json; omcgo/datamodels/mml-catalog/cmcc-tdlte-v2.3.json,YES_EXISTING_JSON_PARENT_GROUP,existing_mml_parent_object_group,READ_WRITE,STRING,{i},Device.Services.FAPService.{i}.CellConfig.{i}.NR.RAN.QOS.{i}.,
Device.Services.FAPService.{i}.CellConfig.{i}.NR.RAN.QOS.{i}.UeInactivityTimerConfig,yes,existing_command_object_parent,medium,path 位于当前 MML seed/catalog 二级命令节点 object_path 下，可挂入该二级节点；需确认分组是否过粗,SF,小区服务参数管理（总体）,FAP 载波基本配置,Device.Services.FAPService.{i}.,,json_seed_and_catalog_existing_group,omcgo/internal/config/parammodel/mmlstandardloader/seeds/cmcc_tdlte_v23.json; omcgo/datamodels/mml-catalog/cmcc-tdlte-v2.3.json,YES_EXISTING_JSON_PARENT_GROUP,existing_mml_parent_object_group,READ_WRITE,STRING,{i},Device.Services.FAPService.{i}.CellConfig.{i}.NR.RAN.QOS.{i}.,
Device.Services.FAPService.{i}.CellConfig.{i}.NR.RAN.QOS.{i}.UlConfig,yes,existing_command_object_parent,medium,path 位于当前 MML seed/catalog 二级命令节点 object_path 下，可挂入该二级节点；需确认分组是否过粗,SF,小区服务参数管理（总体）,FAP 载波基本配置,Device.Services.FAPService.{i}.,,json_seed_and_catalog_existing_group,omcgo/internal/config/parammodel/mmlstandardloader/seeds/cmcc_tdlte_v23.json; omcgo/datamodels/mml-catalog/cmcc-tdlte-v2.3.json,YES_EXISTING_JSON_PARENT_GROUP,existing_mml_parent_object_group,READ_WRITE,STRING,{i},Device.Services.FAPService.{i}.CellConfig.{i}.NR.RAN.QOS.{i}.,
Device.Services.FAPService.{i}.CellConfig.{i}.NR.RAN.QOS.{i}.UlDataSplitThreshold,yes,existing_command_object_parent,medium,path 位于当前 MML seed/catalog 二级命令节点 object_path 下，可挂入该二级节点；需确认分组是否过粗,SF,小区服务参数管理（总体）,FAP 载波基本配置,Device.Services.FAPService.{i}.,,json_seed_and_catalog_existing_group,omcgo/internal/config/parammodel/mmlstandardloader/seeds/cmcc_tdlte_v23.json; omcgo/datamodels/mml-catalog/cmcc-tdlte-v2.3.json,YES_EXISTING_JSON_PARENT_GROUP,existing_mml_parent_object_group,READ_WRITE,STRING,{i},Device.Services.FAPService.{i}.CellConfig.{i}.NR.RAN.QOS.{i}.,
Device.Services.FAPService.{i}.CellConfig.LTE.RAN.NeighborList.LTECell.{i},yes,direct_existing_command_group,high,同 target_group_code 已有 MML 参数，属于当前参数树的二级命令分组,SI,邻区参数管理,LTE 同系统邻区,Device.Services.FAPService.{i}.CellConfig.LTE.RAN.NeighborList.LTECell.{i}.,DEVICE_SERVICES_FAPSERVICE_CELLCONFIG_LTE_RAN_NEIGHBORLIST_LTECELL,existing_mml_group_code_from_analysis,omcgo/data/model-library/standard-params-to-mml-tree-analysis-20260703.detail.csv,YES_SAME_EXISTING_GROUP_CODE,direct_existing_mml_group,READ_WRITE,STRING,LTECell,Device.Services.FAPService.{i}.CellConfig.LTE.RAN.NeighborList.LTECell.,
Device.Services.FAPService.{i}.CellConfig.{i}.NR.RAN.NeighborList.LTECell.{i},yes,existing_command_object_parent,medium,path 位于当前 MML seed/catalog 二级命令节点 object_path 下，可挂入该二级节点；需确认分组是否过粗,SF,小区服务参数管理（总体）,FAP 载波基本配置,Device.Services.FAPService.{i}.,,json_seed_and_catalog_existing_group,omcgo/internal/config/parammodel/mmlstandardloader/seeds/cmcc_tdlte_v23.json; omcgo/datamodels/mml-catalog/cmcc-tdlte-v2.3.json,YES_EXISTING_JSON_PARENT_GROUP,existing_mml_parent_object_group,READ_WRITE,STRING,LTECell,Device.Services.FAPService.{i}.CellConfig.{i}.NR.RAN.NeighborList.LTECell.,
Device.Services.FAPService.{i}.CellConfig.{i}.NR.RAN.NeighborList.NRCell.{i},yes,existing_command_object_parent,medium,path 位于当前 MML seed/catalog 二级命令节点 object_path 下，可挂入该二级节点；需确认分组是否过粗,SF,小区服务参数管理（总体）,FAP 载波基本配置,Device.Services.FAPService.{i}.,,json_seed_and_catalog_existing_group,omcgo/internal/config/parammodel/mmlstandardloader/seeds/cmcc_tdlte_v23.json; omcgo/datamodels/mml-catalog/cmcc-tdlte-v2.3.json,YES_EXISTING_JSON_PARENT_GROUP,existing_mml_parent_object_group,READ_WRITE,STRING,NRCell,Device.Services.FAPService.{i}.CellConfig.{i}.NR.RAN.NeighborList.NRCell.,
Device.Services.FAPService.{i}.CellConfig.LTE.RAN.NeighborList.5GCell.{i}.CellId,yes,existing_command_object_parent,medium,path 位于当前 MML seed/catalog 二级命令节点 object_path 下，可挂入该二级节点；需确认分组是否过粗,SF,小区服务参数管理（总体）,FAP 载波基本配置,Device.Services.FAPService.{i}.,,json_seed_and_catalog_existing_group,omcgo/internal/config/parammodel/mmlstandardloader/seeds/cmcc_tdlte_v23.json; omcgo/datamodels/mml-catalog/cmcc-tdlte-v2.3.json,YES_EXISTING_JSON_PARENT_GROUP,existing_mml_parent_object_group,READ_WRITE,STRING,{i},Device.Services.FAPService.{i}.CellConfig.LTE.RAN.NeighborList.5GCell.{i}.,
Device.Services.FAPService.{i}.CellConfig.LTE.RAN.NeighborList.5GCell.{i}.GnbId,yes,existing_command_object_parent,medium,path 位于当前 MML seed/catalog 二级命令节点 object_path 下，可挂入该二级节点；需确认分组是否过粗,SF,小区服务参数管理（总体）,FAP 载波基本配置,Device.Services.FAPService.{i}.,,json_seed_and_catalog_existing_group,omcgo/internal/config/parammodel/mmlstandardloader/seeds/cmcc_tdlte_v23.json; omcgo/datamodels/mml-catalog/cmcc-tdlte-v2.3.json,YES_EXISTING_JSON_PARENT_GROUP,existing_mml_parent_object_group,READ_WRITE,STRING,{i},Device.Services.FAPService.{i}.CellConfig.LTE.RAN.NeighborList.5GCell.{i}.,
Device.Services.FAPService.{i}.CellConfig.LTE.RAN.NeighborList.5GCell.{i}.GnbIdLength,yes,existing_command_object_parent,medium,path 位于当前 MML seed/catalog 二级命令节点 object_path 下，可挂入该二级节点；需确认分组是否过粗,SF,小区服务参数管理（总体）,FAP 载波基本配置,Device.Services.FAPService.{i}.,,json_seed_and_catalog_existing_group,omcgo/internal/config/parammodel/mmlstandardloader/seeds/cmcc_tdlte_v23.json; omcgo/datamodels/mml-catalog/cmcc-tdlte-v2.3.json,YES_EXISTING_JSON_PARENT_GROUP,existing_mml_parent_object_group,READ_WRITE,STRING,{i},Device.Services.FAPService.{i}.CellConfig.LTE.RAN.NeighborList.5GCell.{i}.,
Device.Services.FAPService.{i}.CellConfig.LTE.RAN.NeighborList.5GCell.{i}.PCI,yes,existing_command_object_parent,medium,path 位于当前 MML seed/catalog 二级命令节点 object_path 下，可挂入该二级节点；需确认分组是否过粗,SF,小区服务参数管理（总体）,FAP 载波基本配置,Device.Services.FAPService.{i}.,,json_seed_and_catalog_existing_group,omcgo/internal/config/parammodel/mmlstandardloader/seeds/cmcc_tdlte_v23.json; omcgo/datamodels/mml-catalog/cmcc-tdlte-v2.3.json,YES_EXISTING_JSON_PARENT_GROUP,existing_mml_parent_object_group,READ_WRITE,STRING,{i},Device.Services.FAPService.{i}.CellConfig.LTE.RAN.NeighborList.5GCell.{i}.,
Device.Services.FAPService.{i}.CellConfig.LTE.RAN.NeighborList.5GCell.{i}.PLMNID,yes,existing_command_object_parent,medium,path 位于当前 MML seed/catalog 二级命令节点 object_path 下，可挂入该二级节点；需确认分组是否过粗,SF,小区服务参数管理（总体）,FAP 载波基本配置,Device.Services.FAPService.{i}.,,json_seed_and_catalog_existing_group,omcgo/internal/config/parammodel/mmlstandardloader/seeds/cmcc_tdlte_v23.json; omcgo/datamodels/mml-catalog/cmcc-tdlte-v2.3.json,YES_EXISTING_JSON_PARENT_GROUP,existing_mml_parent_object_group,READ_WRITE,STRING,{i},Device.Services.FAPService.{i}.CellConfig.LTE.RAN.NeighborList.5GCell.{i}.,
Device.Services.FAPService.{i}.CellConfig.LTE.RAN.NeighborList.5GCell.{i}.QOFFSET,yes,existing_command_object_parent,medium,path 位于当前 MML seed/catalog 二级命令节点 object_path 下，可挂入该二级节点；需确认分组是否过粗,SF,小区服务参数管理（总体）,FAP 载波基本配置,Device.Services.FAPService.{i}.,,json_seed_and_catalog_existing_group,omcgo/internal/config/parammodel/mmlstandardloader/seeds/cmcc_tdlte_v23.json; omcgo/datamodels/mml-catalog/cmcc-tdlte-v2.3.json,YES_EXISTING_JSON_PARENT_GROUP,existing_mml_parent_object_group,READ_WRITE,STRING,{i},Device.Services.FAPService.{i}.CellConfig.LTE.RAN.NeighborList.5GCell.{i}.,
Device.Services.FAPService.{i}.CellConfig.LTE.RAN.NeighborList.5GCell.{i}.SSB,yes,existing_command_object_parent,medium,path 位于当前 MML seed/catalog 二级命令节点 object_path 下，可挂入该二级节点；需确认分组是否过粗,SF,小区服务参数管理（总体）,FAP 载波基本配置,Device.Services.FAPService.{i}.,,json_seed_and_catalog_existing_group,omcgo/internal/config/parammodel/mmlstandardloader/seeds/cmcc_tdlte_v23.json; omcgo/datamodels/mml-catalog/cmcc-tdlte-v2.3.json,YES_EXISTING_JSON_PARENT_GROUP,existing_mml_parent_object_group,READ_WRITE,STRING,{i},Device.Services.FAPService.{i}.CellConfig.LTE.RAN.NeighborList.5GCell.{i}.,
Device.Services.FAPService.{i}.CellConfig.LTE.RAN.NeighborList.5GCell.{i}.TAC,yes,existing_command_object_parent,medium,path 位于当前 MML seed/catalog 二级命令节点 object_path 下，可挂入该二级节点；需确认分组是否过粗,SF,小区服务参数管理（总体）,FAP 载波基本配置,Device.Services.FAPService.{i}.,,json_seed_and_catalog_existing_group,omcgo/internal/config/parammodel/mmlstandardloader/seeds/cmcc_tdlte_v23.json; omcgo/datamodels/mml-catalog/cmcc-tdlte-v2.3.json,YES_EXISTING_JSON_PARENT_GROUP,existing_mml_parent_object_group,READ_WRITE,STRING,{i},Device.Services.FAPService.{i}.CellConfig.LTE.RAN.NeighborList.5GCell.{i}.,
Device.Services.FAPService.{i}.CellConfig.LTE.RAN.NeighborListInUse.LTECell.{i}.Blacklisted,yes,existing_command_object_parent,medium,path 位于当前 MML seed/catalog 二级命令节点 object_path 下，可挂入该二级节点；需确认分组是否过粗,SF,小区服务参数管理（总体）,FAP 载波基本配置,Device.Services.FAPService.{i}.,,json_seed_and_catalog_existing_group,omcgo/internal/config/parammodel/mmlstandardloader/seeds/cmcc_tdlte_v23.json; omcgo/datamodels/mml-catalog/cmcc-tdlte-v2.3.json,YES_EXISTING_JSON_PARENT_GROUP,existing_mml_parent_object_group,READ_WRITE,STRING,{i},Device.Services.FAPService.{i}.CellConfig.LTE.RAN.NeighborListInUse.LTECell.{i}.,
Device.Services.FAPService.{i}.CellConfig.LTE.RAN.NeighborListInUse.LTECell.{i}.CID,yes,existing_command_object_parent,medium,path 位于当前 MML seed/catalog 二级命令节点 object_path 下，可挂入该二级节点；需确认分组是否过粗,SF,小区服务参数管理（总体）,FAP 载波基本配置,Device.Services.FAPService.{i}.,,json_seed_and_catalog_existing_group,omcgo/internal/config/parammodel/mmlstandardloader/seeds/cmcc_tdlte_v23.json; omcgo/datamodels/mml-catalog/cmcc-tdlte-v2.3.json,YES_EXISTING_JSON_PARENT_GROUP,existing_mml_parent_object_group,READ_WRITE,STRING,{i},Device.Services.FAPService.{i}.CellConfig.LTE.RAN.NeighborListInUse.LTECell.{i}.,
Device.Services.FAPService.{i}.CellConfig.LTE.RAN.NeighborListInUse.LTECell.{i}.CIO,yes,existing_command_object_parent,medium,path 位于当前 MML seed/catalog 二级命令节点 object_path 下，可挂入该二级节点；需确认分组是否过粗,SF,小区服务参数管理（总体）,FAP 载波基本配置,Device.Services.FAPService.{i}.,,json_seed_and_catalog_existing_group,omcgo/internal/config/parammodel/mmlstandardloader/seeds/cmcc_tdlte_v23.json; omcgo/datamodels/mml-catalog/cmcc-tdlte-v2.3.json,YES_EXISTING_JSON_PARENT_GROUP,existing_mml_parent_object_group,READ_WRITE,STRING,{i},Device.Services.FAPService.{i}.CellConfig.LTE.RAN.NeighborListInUse.LTECell.{i}.,
Device.Services.FAPService.{i}.CellConfig.LTE.RAN.NeighborListInUse.LTECell.{i}.EUTRACarrierARFCN,yes,existing_command_object_parent,medium,path 位于当前 MML seed/catalog 二级命令节点 object_path 下，可挂入该二级节点；需确认分组是否过粗,SF,小区服务参数管理（总体）,FAP 载波基本配置,Device.Services.FAPService.{i}.,,json_seed_and_catalog_existing_group,omcgo/internal/config/parammodel/mmlstandardloader/seeds/cmcc_tdlte_v23.json; omcgo/datamodels/mml-catalog/cmcc-tdlte-v2.3.json,YES_EXISTING_JSON_PARENT_GROUP,existing_mml_parent_object_group,READ_WRITE,STRING,{i},Device.Services.FAPService.{i}.CellConfig.LTE.RAN.NeighborListInUse.LTECell.{i}.,
Device.Services.FAPService.{i}.CellConfig.LTE.RAN.NeighborListInUse.LTECell.{i}.PLMNID,yes,existing_command_object_parent,medium,path 位于当前 MML seed/catalog 二级命令节点 object_path 下，可挂入该二级节点；需确认分组是否过粗,SF,小区服务参数管理（总体）,FAP 载波基本配置,Device.Services.FAPService.{i}.,,json_seed_and_catalog_existing_group,omcgo/internal/config/parammodel/mmlstandardloader/seeds/cmcc_tdlte_v23.json; omcgo/datamodels/mml-catalog/cmcc-tdlte-v2.3.json,YES_EXISTING_JSON_PARENT_GROUP,existing_mml_parent_object_group,READ_WRITE,STRING,{i},Device.Services.FAPService.{i}.CellConfig.LTE.RAN.NeighborListInUse.LTECell.{i}.,
Device.Services.FAPService.{i}.CellConfig.LTE.RAN.NeighborListInUse.LTECell.{i}.PhyCellID,yes,existing_command_object_parent,medium,path 位于当前 MML seed/catalog 二级命令节点 object_path 下，可挂入该二级节点；需确认分组是否过粗,SF,小区服务参数管理（总体）,FAP 载波基本配置,Device.Services.FAPService.{i}.,,json_seed_and_catalog_existing_group,omcgo/internal/config/parammodel/mmlstandardloader/seeds/cmcc_tdlte_v23.json; omcgo/datamodels/mml-catalog/cmcc-tdlte-v2.3.json,YES_EXISTING_JSON_PARENT_GROUP,existing_mml_parent_object_group,READ_WRITE,STRING,{i},Device.Services.FAPService.{i}.CellConfig.LTE.RAN.NeighborListInUse.LTECell.{i}.,
Device.Services.FAPService.{i}.CellConfig.LTE.RAN.NeighborListInUse.LTECell.{i}.QOffset,yes,existing_command_object_parent,medium,path 位于当前 MML seed/catalog 二级命令节点 object_path 下，可挂入该二级节点；需确认分组是否过粗,SF,小区服务参数管理（总体）,FAP 载波基本配置,Device.Services.FAPService.{i}.,,json_seed_and_catalog_existing_group,omcgo/internal/config/parammodel/mmlstandardloader/seeds/cmcc_tdlte_v23.json; omcgo/datamodels/mml-catalog/cmcc-tdlte-v2.3.json,YES_EXISTING_JSON_PARENT_GROUP,existing_mml_parent_object_group,READ_WRITE,STRING,{i},Device.Services.FAPService.{i}.CellConfig.LTE.RAN.NeighborListInUse.LTECell.{i}.,
Device.Services.FAPService.{i}.CellConfig.LTE.RAN.NeighborListInUse.LTECell.{i}.RSTxPower,yes,existing_command_object_parent,medium,path 位于当前 MML seed/catalog 二级命令节点 object_path 下，可挂入该二级节点；需确认分组是否过粗,SF,小区服务参数管理（总体）,FAP 载波基本配置,Device.Services.FAPService.{i}.,,json_seed_and_catalog_existing_group,omcgo/internal/config/parammodel/mmlstandardloader/seeds/cmcc_tdlte_v23.json; omcgo/datamodels/mml-catalog/cmcc-tdlte-v2.3.json,YES_EXISTING_JSON_PARENT_GROUP,existing_mml_parent_object_group,READ_WRITE,STRING,{i},Device.Services.FAPService.{i}.CellConfig.LTE.RAN.NeighborListInUse.LTECell.{i}.,
Device.Services.FAPService.{i}.CellConfig.LTE.RAN.NeighborListInUse.LTECell.{i}.X_RADISYS_COM_IN_USE_ACCES_MODE,yes,existing_command_object_parent,medium,path 位于当前 MML seed/catalog 二级命令节点 object_path 下，可挂入该二级节点；需确认分组是否过粗,SF,小区服务参数管理（总体）,FAP 载波基本配置,Device.Services.FAPService.{i}.,,json_seed_and_catalog_existing_group,omcgo/internal/config/parammodel/mmlstandardloader/seeds/cmcc_tdlte_v23.json; omcgo/datamodels/mml-catalog/cmcc-tdlte-v2.3.json,YES_EXISTING_JSON_PARENT_GROUP,existing_mml_parent_object_group,READ_WRITE,STRING,{i},Device.Services.FAPService.{i}.CellConfig.LTE.RAN.NeighborListInUse.LTECell.{i}.,
Device.Services.FAPService.{i}.CellConfig.LTE.RAN.NeighborListInUse.LTECell.{i}.X_RADISYS_COM_IN_USE_CP_DL,yes,existing_command_object_parent,medium,path 位于当前 MML seed/catalog 二级命令节点 object_path 下，可挂入该二级节点；需确认分组是否过粗,SF,小区服务参数管理（总体）,FAP 载波基本配置,Device.Services.FAPService.{i}.,,json_seed_and_catalog_existing_group,omcgo/internal/config/parammodel/mmlstandardloader/seeds/cmcc_tdlte_v23.json; omcgo/datamodels/mml-catalog/cmcc-tdlte-v2.3.json,YES_EXISTING_JSON_PARENT_GROUP,existing_mml_parent_object_group,READ_WRITE,STRING,{i},Device.Services.FAPService.{i}.CellConfig.LTE.RAN.NeighborListInUse.LTECell.{i}.,
Device.Services.FAPService.{i}.CellConfig.LTE.RAN.NeighborListInUse.LTECell.{i}.X_RADISYS_COM_IN_USE_CP_UL,yes,existing_command_object_parent,medium,path 位于当前 MML seed/catalog 二级命令节点 object_path 下，可挂入该二级节点；需确认分组是否过粗,SF,小区服务参数管理（总体）,FAP 载波基本配置,Device.Services.FAPService.{i}.,,json_seed_and_catalog_existing_group,omcgo/internal/config/parammodel/mmlstandardloader/seeds/cmcc_tdlte_v23.json; omcgo/datamodels/mml-catalog/cmcc-tdlte-v2.3.json,YES_EXISTING_JSON_PARENT_GROUP,existing_mml_parent_object_group,READ_WRITE,STRING,{i},Device.Services.FAPService.{i}.CellConfig.LTE.RAN.NeighborListInUse.LTECell.{i}.,
Device.Services.FAPService.{i}.CellConfig.LTE.RAN.NeighborListInUse.LTECell.{i}.X_RADISYS_COM_IN_USE_CSGId,yes,existing_command_object_parent,medium,path 位于当前 MML seed/catalog 二级命令节点 object_path 下，可挂入该二级节点；需确认分组是否过粗,SF,小区服务参数管理（总体）,FAP 载波基本配置,Device.Services.FAPService.{i}.,,json_seed_and_catalog_existing_group,omcgo/internal/config/parammodel/mmlstandardloader/seeds/cmcc_tdlte_v23.json; omcgo/datamodels/mml-catalog/cmcc-tdlte-v2.3.json,YES_EXISTING_JSON_PARENT_GROUP,existing_mml_parent_object_group,READ_WRITE,STRING,{i},Device.Services.FAPService.{i}.CellConfig.LTE.RAN.NeighborListInUse.LTECell.{i}.,
Device.Services.FAPService.{i}.CellConfig.LTE.RAN.NeighborListInUse.LTECell.{i}.X_RADISYS_COM_IN_USE_CSGIndicator,yes,existing_command_object_parent,medium,path 位于当前 MML seed/catalog 二级命令节点 object_path 下，可挂入该二级节点；需确认分组是否过粗,SF,小区服务参数管理（总体）,FAP 载波基本配置,Device.Services.FAPService.{i}.,,json_seed_and_catalog_existing_group,omcgo/internal/config/parammodel/mmlstandardloader/seeds/cmcc_tdlte_v23.json; omcgo/datamodels/mml-catalog/cmcc-tdlte-v2.3.json,YES_EXISTING_JSON_PARENT_GROUP,existing_mml_parent_object_group,READ_WRITE,STRING,{i},Device.Services.FAPService.{i}.CellConfig.LTE.RAN.NeighborListInUse.LTECell.{i}.,
Device.Services.FAPService.{i}.CellConfig.LTE.RAN.NeighborListInUse.LTECell.{i}.X_RADISYS_COM_IN_USE_DL_BW,yes,existing_command_object_parent,medium,path 位于当前 MML seed/catalog 二级命令节点 object_path 下，可挂入该二级节点；需确认分组是否过粗,SF,小区服务参数管理（总体）,FAP 载波基本配置,Device.Services.FAPService.{i}.,,json_seed_and_catalog_existing_group,omcgo/internal/config/parammodel/mmlstandardloader/seeds/cmcc_tdlte_v23.json; omcgo/datamodels/mml-catalog/cmcc-tdlte-v2.3.json,YES_EXISTING_JSON_PARENT_GROUP,existing_mml_parent_object_group,READ_WRITE,STRING,{i},Device.Services.FAPService.{i}.CellConfig.LTE.RAN.NeighborListInUse.LTECell.{i}.,
Device.Services.FAPService.{i}.CellConfig.LTE.RAN.NeighborListInUse.LTECell.{i}.X_RADISYS_COM_IN_USE_EUTRAULEarfcn,yes,existing_command_object_parent,medium,path 位于当前 MML seed/catalog 二级命令节点 object_path 下，可挂入该二级节点；需确认分组是否过粗,SF,小区服务参数管理（总体）,FAP 载波基本配置,Device.Services.FAPService.{i}.,,json_seed_and_catalog_existing_group,omcgo/internal/config/parammodel/mmlstandardloader/seeds/cmcc_tdlte_v23.json; omcgo/datamodels/mml-catalog/cmcc-tdlte-v2.3.json,YES_EXISTING_JSON_PARENT_GROUP,existing_mml_parent_object_group,READ_WRITE,STRING,{i},Device.Services.FAPService.{i}.CellConfig.LTE.RAN.NeighborListInUse.LTECell.{i}.,
Device.Services.FAPService.{i}.CellConfig.LTE.RAN.NeighborListInUse.LTECell.{i}.X_RADISYS_COM_IN_USE_IntraFreqNeighPCI,yes,existing_command_object_parent,medium,path 位于当前 MML seed/catalog 二级命令节点 object_path 下，可挂入该二级节点；需确认分组是否过粗,SF,小区服务参数管理（总体）,FAP 载波基本配置,Device.Services.FAPService.{i}.,,json_seed_and_catalog_existing_group,omcgo/internal/config/parammodel/mmlstandardloader/seeds/cmcc_tdlte_v23.json; omcgo/datamodels/mml-catalog/cmcc-tdlte-v2.3.json,YES_EXISTING_JSON_PARENT_GROUP,existing_mml_parent_object_group,READ_WRITE,STRING,{i},Device.Services.FAPService.{i}.CellConfig.LTE.RAN.NeighborListInUse.LTECell.{i}.,
Device.Services.FAPService.{i}.CellConfig.LTE.RAN.NeighborListInUse.LTECell.{i}.X_RADISYS_COM_IN_USE_IsBarred,yes,existing_command_object_parent,medium,path 位于当前 MML seed/catalog 二级命令节点 object_path 下，可挂入该二级节点；需确认分组是否过粗,SF,小区服务参数管理（总体）,FAP 载波基本配置,Device.Services.FAPService.{i}.,,json_seed_and_catalog_existing_group,omcgo/internal/config/parammodel/mmlstandardloader/seeds/cmcc_tdlte_v23.json; omcgo/datamodels/mml-catalog/cmcc-tdlte-v2.3.json,YES_EXISTING_JSON_PARENT_GROUP,existing_mml_parent_object_group,READ_WRITE,STRING,{i},Device.Services.FAPService.{i}.CellConfig.LTE.RAN.NeighborListInUse.LTECell.{i}.,
Device.Services.FAPService.{i}.CellConfig.LTE.RAN.NeighborListInUse.LTECell.{i}.X_RADISYS_COM_IN_USE_LteBand,yes,existing_command_object_parent,medium,path 位于当前 MML seed/catalog 二级命令节点 object_path 下，可挂入该二级节点；需确认分组是否过粗,SF,小区服务参数管理（总体）,FAP 载波基本配置,Device.Services.FAPService.{i}.,,json_seed_and_catalog_existing_group,omcgo/internal/config/parammodel/mmlstandardloader/seeds/cmcc_tdlte_v23.json; omcgo/datamodels/mml-catalog/cmcc-tdlte-v2.3.json,YES_EXISTING_JSON_PARENT_GROUP,existing_mml_parent_object_group,READ_WRITE,STRING,{i},Device.Services.FAPService.{i}.CellConfig.LTE.RAN.NeighborListInUse.LTECell.{i}.,
Device.Services.FAPService.{i}.CellConfig.LTE.RAN.NeighborListInUse.LTECell.{i}.X_RADISYS_COM_IN_USE_NUM_ANTENNA,yes,existing_command_object_parent,medium,path 位于当前 MML seed/catalog 二级命令节点 object_path 下，可挂入该二级节点；需确认分组是否过粗,SF,小区服务参数管理（总体）,FAP 载波基本配置,Device.Services.FAPService.{i}.,,json_seed_and_catalog_existing_group,omcgo/internal/config/parammodel/mmlstandardloader/seeds/cmcc_tdlte_v23.json; omcgo/datamodels/mml-catalog/cmcc-tdlte-v2.3.json,YES_EXISTING_JSON_PARENT_GROUP,existing_mml_parent_object_group,READ_WRITE,STRING,{i},Device.Services.FAPService.{i}.CellConfig.LTE.RAN.NeighborListInUse.LTECell.{i}.,
Device.Services.FAPService.{i}.CellConfig.LTE.RAN.NeighborListInUse.LTECell.{i}.X_RADISYS_COM_IN_USE_PrachCfgPresent,yes,existing_command_object_parent,medium,path 位于当前 MML seed/catalog 二级命令节点 object_path 下，可挂入该二级节点；需确认分组是否过粗,SF,小区服务参数管理（总体）,FAP 载波基本配置,Device.Services.FAPService.{i}.,,json_seed_and_catalog_existing_group,omcgo/internal/config/parammodel/mmlstandardloader/seeds/cmcc_tdlte_v23.json; omcgo/datamodels/mml-catalog/cmcc-tdlte-v2.3.json,YES_EXISTING_JSON_PARENT_GROUP,existing_mml_parent_object_group,READ_WRITE,STRING,{i},Device.Services.FAPService.{i}.CellConfig.LTE.RAN.NeighborListInUse.LTECell.{i}.,
Device.Services.FAPService.{i}.CellConfig.LTE.RAN.NeighborListInUse.LTECell.{i}.X_RADISYS_COM_IN_USE_PrachConfigIndex,yes,existing_command_object_parent,medium,path 位于当前 MML seed/catalog 二级命令节点 object_path 下，可挂入该二级节点；需确认分组是否过粗,SF,小区服务参数管理（总体）,FAP 载波基本配置,Device.Services.FAPService.{i}.,,json_seed_and_catalog_existing_group,omcgo/internal/config/parammodel/mmlstandardloader/seeds/cmcc_tdlte_v23.json; omcgo/datamodels/mml-catalog/cmcc-tdlte-v2.3.json,YES_EXISTING_JSON_PARENT_GROUP,existing_mml_parent_object_group,READ_WRITE,STRING,{i},Device.Services.FAPService.{i}.CellConfig.LTE.RAN.NeighborListInUse.LTECell.{i}.,
Device.Services.FAPService.{i}.CellConfig.LTE.RAN.NeighborListInUse.LTECell.{i}.X_RADISYS_COM_IN_USE_PrachFrqOffset,yes,existing_command_object_parent,medium,path 位于当前 MML seed/catalog 二级命令节点 object_path 下，可挂入该二级节点；需确认分组是否过粗,SF,小区服务参数管理（总体）,FAP 载波基本配置,Device.Services.FAPService.{i}.,,json_seed_and_catalog_existing_group,omcgo/internal/config/parammodel/mmlstandardloader/seeds/cmcc_tdlte_v23.json; omcgo/datamodels/mml-catalog/cmcc-tdlte-v2.3.json,YES_EXISTING_JSON_PARENT_GROUP,existing_mml_parent_object_group,READ_WRITE,STRING,{i},Device.Services.FAPService.{i}.CellConfig.LTE.RAN.NeighborListInUse.LTECell.{i}.,
Device.Services.FAPService.{i}.CellConfig.LTE.RAN.NeighborListInUse.LTECell.{i}.X_RADISYS_COM_IN_USE_PrachHighSpeedFlag,yes,existing_command_object_parent,medium,path 位于当前 MML seed/catalog 二级命令节点 object_path 下，可挂入该二级节点；需确认分组是否过粗,SF,小区服务参数管理（总体）,FAP 载波基本配置,Device.Services.FAPService.{i}.,,json_seed_and_catalog_existing_group,omcgo/internal/config/parammodel/mmlstandardloader/seeds/cmcc_tdlte_v23.json; omcgo/datamodels/mml-catalog/cmcc-tdlte-v2.3.json,YES_EXISTING_JSON_PARENT_GROUP,existing_mml_parent_object_group,READ_WRITE,STRING,{i},Device.Services.FAPService.{i}.CellConfig.LTE.RAN.NeighborListInUse.LTECell.{i}.,
Device.Services.FAPService.{i}.CellConfig.LTE.RAN.NeighborListInUse.LTECell.{i}.X_RADISYS_COM_IN_USE_PrachRootSeqIdx,yes,existing_command_object_parent,medium,path 位于当前 MML seed/catalog 二级命令节点 object_path 下，可挂入该二级节点；需确认分组是否过粗,SF,小区服务参数管理（总体）,FAP 载波基本配置,Device.Services.FAPService.{i}.,,json_seed_and_catalog_existing_group,omcgo/internal/config/parammodel/mmlstandardloader/seeds/cmcc_tdlte_v23.json; omcgo/datamodels/mml-catalog/cmcc-tdlte-v2.3.json,YES_EXISTING_JSON_PARENT_GROUP,existing_mml_parent_object_group,READ_WRITE,STRING,{i},Device.Services.FAPService.{i}.CellConfig.LTE.RAN.NeighborListInUse.LTECell.{i}.,
Device.Services.FAPService.{i}.CellConfig.LTE.RAN.NeighborListInUse.LTECell.{i}.X_RADISYS_COM_IN_USE_PrachZeroCorrelationZoneConfig,yes,existing_command_object_parent,medium,path 位于当前 MML seed/catalog 二级命令节点 object_path 下，可挂入该二级节点；需确认分组是否过粗,SF,小区服务参数管理（总体）,FAP 载波基本配置,Device.Services.FAPService.{i}.,,json_seed_and_catalog_existing_group,omcgo/internal/config/parammodel/mmlstandardloader/seeds/cmcc_tdlte_v23.json; omcgo/datamodels/mml-catalog/cmcc-tdlte-v2.3.json,YES_EXISTING_JSON_PARENT_GROUP,existing_mml_parent_object_group,READ_WRITE,STRING,{i},Device.Services.FAPService.{i}.CellConfig.LTE.RAN.NeighborListInUse.LTECell.{i}.,
Device.Services.FAPService.{i}.CellConfig.LTE.RAN.NeighborListInUse.LTECell.{i}.X_RADISYS_COM_IN_USE_RSRP,yes,existing_command_object_parent,medium,path 位于当前 MML seed/catalog 二级命令节点 object_path 下，可挂入该二级节点；需确认分组是否过粗,SF,小区服务参数管理（总体）,FAP 载波基本配置,Device.Services.FAPService.{i}.,,json_seed_and_catalog_existing_group,omcgo/internal/config/parammodel/mmlstandardloader/seeds/cmcc_tdlte_v23.json; omcgo/datamodels/mml-catalog/cmcc-tdlte-v2.3.json,YES_EXISTING_JSON_PARENT_GROUP,existing_mml_parent_object_group,READ_WRITE,STRING,{i},Device.Services.FAPService.{i}.CellConfig.LTE.RAN.NeighborListInUse.LTECell.{i}.,
Device.Services.FAPService.{i}.CellConfig.LTE.RAN.NeighborListInUse.LTECell.{i}.X_RADISYS_COM_IN_USE_RSSI,yes,existing_command_object_parent,medium,path 位于当前 MML seed/catalog 二级命令节点 object_path 下，可挂入该二级节点；需确认分组是否过粗,SF,小区服务参数管理（总体）,FAP 载波基本配置,Device.Services.FAPService.{i}.,,json_seed_and_catalog_existing_group,omcgo/internal/config/parammodel/mmlstandardloader/seeds/cmcc_tdlte_v23.json; omcgo/datamodels/mml-catalog/cmcc-tdlte-v2.3.json,YES_EXISTING_JSON_PARENT_GROUP,existing_mml_parent_object_group,READ_WRITE,STRING,{i},Device.Services.FAPService.{i}.CellConfig.LTE.RAN.NeighborListInUse.LTECell.{i}.,
Device.Services.FAPService.{i}.CellConfig.LTE.RAN.NeighborListInUse.LTECell.{i}.X_RADISYS_COM_IN_USE_SPL_SF_CFG,yes,existing_command_object_parent,medium,path 位于当前 MML seed/catalog 二级命令节点 object_path 下，可挂入该二级节点；需确认分组是否过粗,SF,小区服务参数管理（总体）,FAP 载波基本配置,Device.Services.FAPService.{i}.,,json_seed_and_catalog_existing_group,omcgo/internal/config/parammodel/mmlstandardloader/seeds/cmcc_tdlte_v23.json; omcgo/datamodels/mml-catalog/cmcc-tdlte-v2.3.json,YES_EXISTING_JSON_PARENT_GROUP,existing_mml_parent_object_group,READ_WRITE,STRING,{i},Device.Services.FAPService.{i}.CellConfig.LTE.RAN.NeighborListInUse.LTECell.{i}.,
Device.Services.FAPService.{i}.CellConfig.LTE.RAN.NeighborListInUse.LTECell.{i}.X_RADISYS_COM_IN_USE_TAC,yes,existing_command_object_parent,medium,path 位于当前 MML seed/catalog 二级命令节点 object_path 下，可挂入该二级节点；需确认分组是否过粗,SF,小区服务参数管理（总体）,FAP 载波基本配置,Device.Services.FAPService.{i}.,,json_seed_and_catalog_existing_group,omcgo/internal/config/parammodel/mmlstandardloader/seeds/cmcc_tdlte_v23.json; omcgo/datamodels/mml-catalog/cmcc-tdlte-v2.3.json,YES_EXISTING_JSON_PARENT_GROUP,existing_mml_parent_object_group,READ_WRITE,STRING,{i},Device.Services.FAPService.{i}.CellConfig.LTE.RAN.NeighborListInUse.LTECell.{i}.,
Device.Services.FAPService.{i}.CellConfig.LTE.RAN.NeighborListInUse.LTECell.{i}.X_RADISYS_COM_IN_USE_ULDL_SUB_FRM_CFG,yes,existing_command_object_parent,medium,path 位于当前 MML seed/catalog 二级命令节点 object_path 下，可挂入该二级节点；需确认分组是否过粗,SF,小区服务参数管理（总体）,FAP 载波基本配置,Device.Services.FAPService.{i}.,,json_seed_and_catalog_existing_group,omcgo/internal/config/parammodel/mmlstandardloader/seeds/cmcc_tdlte_v23.json; omcgo/datamodels/mml-catalog/cmcc-tdlte-v2.3.json,YES_EXISTING_JSON_PARENT_GROUP,existing_mml_parent_object_group,READ_WRITE,STRING,{i},Device.Services.FAPService.{i}.CellConfig.LTE.RAN.NeighborListInUse.LTECell.{i}.,
Device.Services.FAPService.{i}.CellConfig.LTE.RAN.NeighborListInUse.LTECell.{i}.X_RADISYS_COM_IN_USE_UL_BW,yes,existing_command_object_parent,medium,path 位于当前 MML seed/catalog 二级命令节点 object_path 下，可挂入该二级节点；需确认分组是否过粗,SF,小区服务参数管理（总体）,FAP 载波基本配置,Device.Services.FAPService.{i}.,,json_seed_and_catalog_existing_group,omcgo/internal/config/parammodel/mmlstandardloader/seeds/cmcc_tdlte_v23.json; omcgo/datamodels/mml-catalog/cmcc-tdlte-v2.3.json,YES_EXISTING_JSON_PARENT_GROUP,existing_mml_parent_object_group,READ_WRITE,STRING,{i},Device.Services.FAPService.{i}.CellConfig.LTE.RAN.NeighborListInUse.LTECell.{i}.,
Device.Services.FAPService.{i}.CellConfig.{i}.LTE.RAN.NeighborList.LTECell.{i}.CID,yes,direct_existing_command_group,high,同 target_group_code 已有 MML 参数，属于当前参数树的二级命令分组,SI,邻区参数管理,LTE 同系统邻区,Device.Services.FAPService.{i}.CellConfig.LTE.RAN.NeighborList.LTECell.{i}.,DEVICE_SERVICES_FAPSERVICE_CELLCONFIG_LTE_RAN_NEIGHBORLIST_LTECELL,existing_mml_group_code_from_analysis,omcgo/data/model-library/standard-params-to-mml-tree-analysis-20260703.detail.csv,YES_SAME_EXISTING_GROUP_CODE,direct_existing_mml_group,READ_WRITE,U_INT,{i},Device.Services.FAPService.{i}.CellConfig.{i}.LTE.RAN.NeighborList.LTECell.{i}.,
Device.Services.FAPService.{i}.CellConfig.{i}.LTE.RAN.NeighborList.LTECell.{i}.CIO,yes,direct_existing_command_group,high,同 target_group_code 已有 MML 参数，属于当前参数树的二级命令分组,SI,邻区参数管理,LTE 同系统邻区,Device.Services.FAPService.{i}.CellConfig.LTE.RAN.NeighborList.LTECell.{i}.,DEVICE_SERVICES_FAPSERVICE_CELLCONFIG_LTE_RAN_NEIGHBORLIST_LTECELL,existing_mml_group_code_from_analysis,omcgo/data/model-library/standard-params-to-mml-tree-analysis-20260703.detail.csv,YES_SAME_EXISTING_GROUP_CODE,direct_existing_mml_group,READ_WRITE,INT,{i},Device.Services.FAPService.{i}.CellConfig.{i}.LTE.RAN.NeighborList.LTECell.{i}.,
Device.Services.FAPService.{i}.CellConfig.{i}.LTE.RAN.NeighborList.LTECell.{i}.EUTRACarrierARFCN,yes,direct_existing_command_group,high,同 target_group_code 已有 MML 参数，属于当前参数树的二级命令分组,SI,邻区参数管理,LTE 同系统邻区,Device.Services.FAPService.{i}.CellConfig.LTE.RAN.NeighborList.LTECell.{i}.,DEVICE_SERVICES_FAPSERVICE_CELLCONFIG_LTE_RAN_NEIGHBORLIST_LTECELL,existing_mml_group_code_from_analysis,omcgo/data/model-library/standard-params-to-mml-tree-analysis-20260703.detail.csv,YES_SAME_EXISTING_GROUP_CODE,direct_existing_mml_group,READ_WRITE,U_INT,{i},Device.Services.FAPService.{i}.CellConfig.{i}.LTE.RAN.NeighborList.LTECell.{i}.,
Device.Services.FAPService.{i}.CellConfig.{i}.LTE.RAN.NeighborList.LTECell.{i}.PLMNID,yes,direct_existing_command_group,high,同 target_group_code 已有 MML 参数，属于当前参数树的二级命令分组,SI,邻区参数管理,LTE 同系统邻区,Device.Services.FAPService.{i}.CellConfig.LTE.RAN.NeighborList.LTECell.{i}.,DEVICE_SERVICES_FAPSERVICE_CELLCONFIG_LTE_RAN_NEIGHBORLIST_LTECELL,existing_mml_group_code_from_analysis,omcgo/data/model-library/standard-params-to-mml-tree-analysis-20260703.detail.csv,YES_SAME_EXISTING_GROUP_CODE,direct_existing_mml_group,READ_WRITE,STRING,{i},Device.Services.FAPService.{i}.CellConfig.{i}.LTE.RAN.NeighborList.LTECell.{i}.,
Device.Services.FAPService.{i}.CellConfig.{i}.LTE.RAN.NeighborList.LTECell.{i}.PhyCellID,yes,direct_existing_command_group,high,同 target_group_code 已有 MML 参数，属于当前参数树的二级命令分组,SI,邻区参数管理,LTE 同系统邻区,Device.Services.FAPService.{i}.CellConfig.LTE.RAN.NeighborList.LTECell.{i}.,DEVICE_SERVICES_FAPSERVICE_CELLCONFIG_LTE_RAN_NEIGHBORLIST_LTECELL,existing_mml_group_code_from_analysis,omcgo/data/model-library/standard-params-to-mml-tree-analysis-20260703.detail.csv,YES_SAME_EXISTING_GROUP_CODE,direct_existing_mml_group,READ_WRITE,U_INT,{i},Device.Services.FAPService.{i}.CellConfig.{i}.LTE.RAN.NeighborList.LTECell.{i}.,
Device.Services.FAPService.{i}.CellConfig.{i}.LTE.RAN.NeighborList.LTECell.{i}.QOffset,yes,direct_existing_command_group,high,同 target_group_code 已有 MML 参数，属于当前参数树的二级命令分组,SI,邻区参数管理,LTE 同系统邻区,Device.Services.FAPService.{i}.CellConfig.LTE.RAN.NeighborList.LTECell.{i}.,DEVICE_SERVICES_FAPSERVICE_CELLCONFIG_LTE_RAN_NEIGHBORLIST_LTECELL,existing_mml_group_code_from_analysis,omcgo/data/model-library/standard-params-to-mml-tree-analysis-20260703.detail.csv,YES_SAME_EXISTING_GROUP_CODE,direct_existing_mml_group,READ_WRITE,INT,{i},Device.Services.FAPService.{i}.CellConfig.{i}.LTE.RAN.NeighborList.LTECell.{i}.,
Device.Services.FAPService.{i}.CellConfig.{i}.LTE.RAN.NeighborList.LTECell.{i}.TAC,yes,direct_existing_command_group,high,同 target_group_code 已有 MML 参数，属于当前参数树的二级命令分组,SI,邻区参数管理,LTE 同系统邻区,Device.Services.FAPService.{i}.CellConfig.LTE.RAN.NeighborList.LTECell.{i}.,DEVICE_SERVICES_FAPSERVICE_CELLCONFIG_LTE_RAN_NEIGHBORLIST_LTECELL,existing_mml_group_code_from_analysis,omcgo/data/model-library/standard-params-to-mml-tree-analysis-20260703.detail.csv,YES_SAME_EXISTING_GROUP_CODE,direct_existing_mml_group,READ_WRITE,U_INT,{i},Device.Services.FAPService.{i}.CellConfig.{i}.LTE.RAN.NeighborList.LTECell.{i}.,
Device.Services.FAPService.{i}.CellConfig.{i}.NR.RAN.NeighborList.LTECell.{i}.Blacklisted,yes,existing_command_object_parent,medium,path 位于当前 MML seed/catalog 二级命令节点 object_path 下，可挂入该二级节点；需确认分组是否过粗,SF,小区服务参数管理（总体）,FAP 载波基本配置,Device.Services.FAPService.{i}.,,json_seed_and_catalog_existing_group,omcgo/internal/config/parammodel/mmlstandardloader/seeds/cmcc_tdlte_v23.json; omcgo/datamodels/mml-catalog/cmcc-tdlte-v2.3.json,YES_EXISTING_JSON_PARENT_GROUP,existing_mml_parent_object_group,READ_WRITE,STRING,{i},Device.Services.FAPService.{i}.CellConfig.{i}.NR.RAN.NeighborList.LTECell.{i}.,
Device.Services.FAPService.{i}.CellConfig.{i}.NR.RAN.NeighborList.LTECell.{i}.ECGI,yes,existing_command_object_parent,medium,path 位于当前 MML seed/catalog 二级命令节点 object_path 下，可挂入该二级节点；需确认分组是否过粗,SF,小区服务参数管理（总体）,FAP 载波基本配置,Device.Services.FAPService.{i}.,,json_seed_and_catalog_existing_group,omcgo/internal/config/parammodel/mmlstandardloader/seeds/cmcc_tdlte_v23.json; omcgo/datamodels/mml-catalog/cmcc-tdlte-v2.3.json,YES_EXISTING_JSON_PARENT_GROUP,existing_mml_parent_object_group,READ_WRITE,STRING,{i},Device.Services.FAPService.{i}.CellConfig.{i}.NR.RAN.NeighborList.LTECell.{i}.,
Device.Services.FAPService.{i}.CellConfig.{i}.NR.RAN.NeighborList.LTECell.{i}.EnbType,yes,existing_command_object_parent,medium,path 位于当前 MML seed/catalog 二级命令节点 object_path 下，可挂入该二级节点；需确认分组是否过粗,SF,小区服务参数管理（总体）,FAP 载波基本配置,Device.Services.FAPService.{i}.,,json_seed_and_catalog_existing_group,omcgo/internal/config/parammodel/mmlstandardloader/seeds/cmcc_tdlte_v23.json; omcgo/datamodels/mml-catalog/cmcc-tdlte-v2.3.json,YES_EXISTING_JSON_PARENT_GROUP,existing_mml_parent_object_group,READ_WRITE,STRING,{i},Device.Services.FAPService.{i}.CellConfig.{i}.NR.RAN.NeighborList.LTECell.{i}.,
Device.Services.FAPService.{i}.CellConfig.{i}.NR.RAN.NeighborList.LTECell.{i}.NoRemoveEnable,yes,existing_command_object_parent,medium,path 位于当前 MML seed/catalog 二级命令节点 object_path 下，可挂入该二级节点；需确认分组是否过粗,SF,小区服务参数管理（总体）,FAP 载波基本配置,Device.Services.FAPService.{i}.,,json_seed_and_catalog_existing_group,omcgo/internal/config/parammodel/mmlstandardloader/seeds/cmcc_tdlte_v23.json; omcgo/datamodels/mml-catalog/cmcc-tdlte-v2.3.json,YES_EXISTING_JSON_PARENT_GROUP,existing_mml_parent_object_group,READ_WRITE,STRING,{i},Device.Services.FAPService.{i}.CellConfig.{i}.NR.RAN.NeighborList.LTECell.{i}.,
Device.Services.FAPService.{i}.CellConfig.{i}.NR.RAN.NeighborList.LTECell.{i}.QQualMinOffsetCell,yes,existing_command_object_parent,medium,path 位于当前 MML seed/catalog 二级命令节点 object_path 下，可挂入该二级节点；需确认分组是否过粗,SF,小区服务参数管理（总体）,FAP 载波基本配置,Device.Services.FAPService.{i}.,,json_seed_and_catalog_existing_group,omcgo/internal/config/parammodel/mmlstandardloader/seeds/cmcc_tdlte_v23.json; omcgo/datamodels/mml-catalog/cmcc-tdlte-v2.3.json,YES_EXISTING_JSON_PARENT_GROUP,existing_mml_parent_object_group,READ_WRITE,STRING,{i},Device.Services.FAPService.{i}.CellConfig.{i}.NR.RAN.NeighborList.LTECell.{i}.,
Device.Services.FAPService.{i}.CellConfig.{i}.NR.RAN.NeighborList.LTECell.{i}.QRxLevMinOffsetCell,yes,existing_command_object_parent,medium,path 位于当前 MML seed/catalog 二级命令节点 object_path 下，可挂入该二级节点；需确认分组是否过粗,SF,小区服务参数管理（总体）,FAP 载波基本配置,Device.Services.FAPService.{i}.,,json_seed_and_catalog_existing_group,omcgo/internal/config/parammodel/mmlstandardloader/seeds/cmcc_tdlte_v23.json; omcgo/datamodels/mml-catalog/cmcc-tdlte-v2.3.json,YES_EXISTING_JSON_PARENT_GROUP,existing_mml_parent_object_group,READ_WRITE,STRING,{i},Device.Services.FAPService.{i}.CellConfig.{i}.NR.RAN.NeighborList.LTECell.{i}.,
Device.Services.FAPService.{i}.CellConfig.{i}.NR.RAN.NeighborList.NRCell.{i}.Blacklisted,yes,existing_command_object_parent,medium,path 位于当前 MML seed/catalog 二级命令节点 object_path 下，可挂入该二级节点；需确认分组是否过粗,SF,小区服务参数管理（总体）,FAP 载波基本配置,Device.Services.FAPService.{i}.,,json_seed_and_catalog_existing_group,omcgo/internal/config/parammodel/mmlstandardloader/seeds/cmcc_tdlte_v23.json; omcgo/datamodels/mml-catalog/cmcc-tdlte-v2.3.json,YES_EXISTING_JSON_PARENT_GROUP,existing_mml_parent_object_group,READ_WRITE,STRING,{i},Device.Services.FAPService.{i}.CellConfig.{i}.NR.RAN.NeighborList.NRCell.{i}.,
Device.Services.FAPService.{i}.CellConfig.{i}.NR.RAN.NeighborList.NRCell.{i}.CID,yes,existing_command_object_parent,medium,path 位于当前 MML seed/catalog 二级命令节点 object_path 下，可挂入该二级节点；需确认分组是否过粗,SF,小区服务参数管理（总体）,FAP 载波基本配置,Device.Services.FAPService.{i}.,,json_seed_and_catalog_existing_group,omcgo/internal/config/parammodel/mmlstandardloader/seeds/cmcc_tdlte_v23.json; omcgo/datamodels/mml-catalog/cmcc-tdlte-v2.3.json,YES_EXISTING_JSON_PARENT_GROUP,existing_mml_parent_object_group,READ_WRITE,STRING,{i},Device.Services.FAPService.{i}.CellConfig.{i}.NR.RAN.NeighborList.NRCell.{i}.,
Device.Services.FAPService.{i}.CellConfig.{i}.NR.RAN.NeighborList.NRCell.{i}.CIO,yes,existing_command_object_parent,medium,path 位于当前 MML seed/catalog 二级命令节点 object_path 下，可挂入该二级节点；需确认分组是否过粗,SF,小区服务参数管理（总体）,FAP 载波基本配置,Device.Services.FAPService.{i}.,,json_seed_and_catalog_existing_group,omcgo/internal/config/parammodel/mmlstandardloader/seeds/cmcc_tdlte_v23.json; omcgo/datamodels/mml-catalog/cmcc-tdlte-v2.3.json,YES_EXISTING_JSON_PARENT_GROUP,existing_mml_parent_object_group,READ_WRITE,STRING,{i},Device.Services.FAPService.{i}.CellConfig.{i}.NR.RAN.NeighborList.NRCell.{i}.,
Device.Services.FAPService.{i}.CellConfig.{i}.NR.RAN.NeighborList.NRCell.{i}.NRCarrierARFCN,yes,existing_command_object_parent,medium,path 位于当前 MML seed/catalog 二级命令节点 object_path 下，可挂入该二级节点；需确认分组是否过粗,SF,小区服务参数管理（总体）,FAP 载波基本配置,Device.Services.FAPService.{i}.,,json_seed_and_catalog_existing_group,omcgo/internal/config/parammodel/mmlstandardloader/seeds/cmcc_tdlte_v23.json; omcgo/datamodels/mml-catalog/cmcc-tdlte-v2.3.json,YES_EXISTING_JSON_PARENT_GROUP,existing_mml_parent_object_group,READ_WRITE,STRING,{i},Device.Services.FAPService.{i}.CellConfig.{i}.NR.RAN.NeighborList.NRCell.{i}.,
Device.Services.FAPService.{i}.CellConfig.{i}.NR.RAN.NeighborList.NRCell.{i}.NoRemoveEnable,yes,existing_command_object_parent,medium,path 位于当前 MML seed/catalog 二级命令节点 object_path 下，可挂入该二级节点；需确认分组是否过粗,SF,小区服务参数管理（总体）,FAP 载波基本配置,Device.Services.FAPService.{i}.,,json_seed_and_catalog_existing_group,omcgo/internal/config/parammodel/mmlstandardloader/seeds/cmcc_tdlte_v23.json; omcgo/datamodels/mml-catalog/cmcc-tdlte-v2.3.json,YES_EXISTING_JSON_PARENT_GROUP,existing_mml_parent_object_group,READ_WRITE,STRING,{i},Device.Services.FAPService.{i}.CellConfig.{i}.NR.RAN.NeighborList.NRCell.{i}.,
Device.Services.FAPService.{i}.CellConfig.{i}.NR.RAN.NeighborList.NRCell.{i}.PLMNID,yes,existing_command_object_parent,medium,path 位于当前 MML seed/catalog 二级命令节点 object_path 下，可挂入该二级节点；需确认分组是否过粗,SF,小区服务参数管理（总体）,FAP 载波基本配置,Device.Services.FAPService.{i}.,,json_seed_and_catalog_existing_group,omcgo/internal/config/parammodel/mmlstandardloader/seeds/cmcc_tdlte_v23.json; omcgo/datamodels/mml-catalog/cmcc-tdlte-v2.3.json,YES_EXISTING_JSON_PARENT_GROUP,existing_mml_parent_object_group,READ_WRITE,STRING,{i},Device.Services.FAPService.{i}.CellConfig.{i}.NR.RAN.NeighborList.NRCell.{i}.,
Device.Services.FAPService.{i}.CellConfig.{i}.NR.RAN.NeighborList.NRCell.{i}.PhyCellID,yes,existing_command_object_parent,medium,path 位于当前 MML seed/catalog 二级命令节点 object_path 下，可挂入该二级节点；需确认分组是否过粗,SF,小区服务参数管理（总体）,FAP 载波基本配置,Device.Services.FAPService.{i}.,,json_seed_and_catalog_existing_group,omcgo/internal/config/parammodel/mmlstandardloader/seeds/cmcc_tdlte_v23.json; omcgo/datamodels/mml-catalog/cmcc-tdlte-v2.3.json,YES_EXISTING_JSON_PARENT_GROUP,existing_mml_parent_object_group,READ_WRITE,STRING,{i},Device.Services.FAPService.{i}.CellConfig.{i}.NR.RAN.NeighborList.NRCell.{i}.,
Device.Services.FAPService.{i}.CellConfig.{i}.NR.RAN.NeighborList.NRCell.{i}.QQualMinOffsetCell,yes,existing_command_object_parent,medium,path 位于当前 MML seed/catalog 二级命令节点 object_path 下，可挂入该二级节点；需确认分组是否过粗,SF,小区服务参数管理（总体）,FAP 载波基本配置,Device.Services.FAPService.{i}.,,json_seed_and_catalog_existing_group,omcgo/internal/config/parammodel/mmlstandardloader/seeds/cmcc_tdlte_v23.json; omcgo/datamodels/mml-catalog/cmcc-tdlte-v2.3.json,YES_EXISTING_JSON_PARENT_GROUP,existing_mml_parent_object_group,READ_WRITE,STRING,{i},Device.Services.FAPService.{i}.CellConfig.{i}.NR.RAN.NeighborList.NRCell.{i}.,
Device.Services.FAPService.{i}.CellConfig.{i}.NR.RAN.NeighborList.NRCell.{i}.QRxLevMinOffsetCell,yes,existing_command_object_parent,medium,path 位于当前 MML seed/catalog 二级命令节点 object_path 下，可挂入该二级节点；需确认分组是否过粗,SF,小区服务参数管理（总体）,FAP 载波基本配置,Device.Services.FAPService.{i}.,,json_seed_and_catalog_existing_group,omcgo/internal/config/parammodel/mmlstandardloader/seeds/cmcc_tdlte_v23.json; omcgo/datamodels/mml-catalog/cmcc-tdlte-v2.3.json,YES_EXISTING_JSON_PARENT_GROUP,existing_mml_parent_object_group,READ_WRITE,STRING,{i},Device.Services.FAPService.{i}.CellConfig.{i}.NR.RAN.NeighborList.NRCell.{i}.,
Device.Services.FAPService.{i}.CellConfig.{i}.NR.RAN.NeighborList.NRCell.{i}.Qoffset,yes,existing_command_object_parent,medium,path 位于当前 MML seed/catalog 二级命令节点 object_path 下，可挂入该二级节点；需确认分组是否过粗,SF,小区服务参数管理（总体）,FAP 载波基本配置,Device.Services.FAPService.{i}.,,json_seed_and_catalog_existing_group,omcgo/internal/config/parammodel/mmlstandardloader/seeds/cmcc_tdlte_v23.json; omcgo/datamodels/mml-catalog/cmcc-tdlte-v2.3.json,YES_EXISTING_JSON_PARENT_GROUP,existing_mml_parent_object_group,READ_WRITE,STRING,{i},Device.Services.FAPService.{i}.CellConfig.{i}.NR.RAN.NeighborList.NRCell.{i}.,
Device.Services.FAPService.{i}.CellConfig.{i}.NR.RAN.NeighborList.NRCell.{i}.TAC,yes,existing_command_object_parent,medium,path 位于当前 MML seed/catalog 二级命令节点 object_path 下，可挂入该二级节点；需确认分组是否过粗,SF,小区服务参数管理（总体）,FAP 载波基本配置,Device.Services.FAPService.{i}.,,json_seed_and_catalog_existing_group,omcgo/internal/config/parammodel/mmlstandardloader/seeds/cmcc_tdlte_v23.json; omcgo/datamodels/mml-catalog/cmcc-tdlte-v2.3.json,YES_EXISTING_JSON_PARENT_GROUP,existing_mml_parent_object_group,READ_WRITE,STRING,{i},Device.Services.FAPService.{i}.CellConfig.{i}.NR.RAN.NeighborList.NRCell.{i}.,
Device.Services.FAPService.{i}.CellConfig.{i}.NR.RAN.NeighborList.NRCell.{i}.gNBIdLength,yes,existing_command_object_parent,medium,path 位于当前 MML seed/catalog 二级命令节点 object_path 下，可挂入该二级节点；需确认分组是否过粗,SF,小区服务参数管理（总体）,FAP 载波基本配置,Device.Services.FAPService.{i}.,,json_seed_and_catalog_existing_group,omcgo/internal/config/parammodel/mmlstandardloader/seeds/cmcc_tdlte_v23.json; omcgo/datamodels/mml-catalog/cmcc-tdlte-v2.3.json,YES_EXISTING_JSON_PARENT_GROUP,existing_mml_parent_object_group,READ_WRITE,STRING,{i},Device.Services.FAPService.{i}.CellConfig.{i}.NR.RAN.NeighborList.NRCell.{i}.,
Device.Services.FAPService.{i}.CellConfig.{i}.NR.RAN.NeighborList.NRCell.{i}.ssbFrequency,yes,existing_command_object_parent,medium,path 位于当前 MML seed/catalog 二级命令节点 object_path 下，可挂入该二级节点；需确认分组是否过粗,SF,小区服务参数管理（总体）,FAP 载波基本配置,Device.Services.FAPService.{i}.,,json_seed_and_catalog_existing_group,omcgo/internal/config/parammodel/mmlstandardloader/seeds/cmcc_tdlte_v23.json; omcgo/datamodels/mml-catalog/cmcc-tdlte-v2.3.json,YES_EXISTING_JSON_PARENT_GROUP,existing_mml_parent_object_group,READ_WRITE,STRING,{i},Device.Services.FAPService.{i}.CellConfig.{i}.NR.RAN.NeighborList.NRCell.{i}.,
Device.Services.FAPService.{i}.CellConfig.{i}.NR.RAN.NeighborList.NRCell.{i}.ssbSubcarrierSpacing,yes,existing_command_object_parent,medium,path 位于当前 MML seed/catalog 二级命令节点 object_path 下，可挂入该二级节点；需确认分组是否过粗,SF,小区服务参数管理（总体）,FAP 载波基本配置,Device.Services.FAPService.{i}.,,json_seed_and_catalog_existing_group,omcgo/internal/config/parammodel/mmlstandardloader/seeds/cmcc_tdlte_v23.json; omcgo/datamodels/mml-catalog/cmcc-tdlte-v2.3.json,YES_EXISTING_JSON_PARENT_GROUP,existing_mml_parent_object_group,READ_WRITE,STRING,{i},Device.Services.FAPService.{i}.CellConfig.{i}.NR.RAN.NeighborList.NRCell.{i}.,
Device.Services.FAPService.{i}.CellConfig.{i}.NR.RAN.Mobility.ConnMode.NR.A1MeasureCtrl.{i},yes,existing_command_object_parent,medium,path 位于当前 MML seed/catalog 二级命令节点 object_path 下，可挂入该二级节点；需确认分组是否过粗,SF,小区服务参数管理（总体）,FAP 载波基本配置,Device.Services.FAPService.{i}.,,json_seed_and_catalog_existing_group,omcgo/internal/config/parammodel/mmlstandardloader/seeds/cmcc_tdlte_v23.json; omcgo/datamodels/mml-catalog/cmcc-tdlte-v2.3.json,YES_EXISTING_JSON_PARENT_GROUP,existing_mml_parent_object_group,READ_WRITE,STRING,A1MeasureCtrl,Device.Services.FAPService.{i}.CellConfig.{i}.NR.RAN.Mobility.ConnMode.NR.A1MeasureCtrl.,
Device.Services.FAPService.{i}.CellConfig.{i}.NR.RAN.Mobility.ConnMode.NR.A2MeasureCtrl.{i},yes,existing_command_object_parent,medium,path 位于当前 MML seed/catalog 二级命令节点 object_path 下，可挂入该二级节点；需确认分组是否过粗,SF,小区服务参数管理（总体）,FAP 载波基本配置,Device.Services.FAPService.{i}.,,json_seed_and_catalog_existing_group,omcgo/internal/config/parammodel/mmlstandardloader/seeds/cmcc_tdlte_v23.json; omcgo/datamodels/mml-catalog/cmcc-tdlte-v2.3.json,YES_EXISTING_JSON_PARENT_GROUP,existing_mml_parent_object_group,READ_WRITE,STRING,A2MeasureCtrl,Device.Services.FAPService.{i}.CellConfig.{i}.NR.RAN.Mobility.ConnMode.NR.A2MeasureCtrl.,
Device.Services.FAPService.{i}.CellConfig.{i}.NR.RAN.Mobility.ConnMode.NR.A3MeasureCtrl.{i},yes,existing_command_object_parent,medium,path 位于当前 MML seed/catalog 二级命令节点 object_path 下，可挂入该二级节点；需确认分组是否过粗,SF,小区服务参数管理（总体）,FAP 载波基本配置,Device.Services.FAPService.{i}.,,json_seed_and_catalog_existing_group,omcgo/internal/config/parammodel/mmlstandardloader/seeds/cmcc_tdlte_v23.json; omcgo/datamodels/mml-catalog/cmcc-tdlte-v2.3.json,YES_EXISTING_JSON_PARENT_GROUP,existing_mml_parent_object_group,READ_WRITE,STRING,A3MeasureCtrl,Device.Services.FAPService.{i}.CellConfig.{i}.NR.RAN.Mobility.ConnMode.NR.A3MeasureCtrl.,
Device.Services.FAPService.{i}.CellConfig.{i}.NR.RAN.Mobility.ConnMode.NR.A4MeasureCtrl.{i},yes,existing_command_object_parent,medium,path 位于当前 MML seed/catalog 二级命令节点 object_path 下，可挂入该二级节点；需确认分组是否过粗,SF,小区服务参数管理（总体）,FAP 载波基本配置,Device.Services.FAPService.{i}.,,json_seed_and_catalog_existing_group,omcgo/internal/config/parammodel/mmlstandardloader/seeds/cmcc_tdlte_v23.json; omcgo/datamodels/mml-catalog/cmcc-tdlte-v2.3.json,YES_EXISTING_JSON_PARENT_GROUP,existing_mml_parent_object_group,READ_WRITE,STRING,A4MeasureCtrl,Device.Services.FAPService.{i}.CellConfig.{i}.NR.RAN.Mobility.ConnMode.NR.A4MeasureCtrl.,
Device.Services.FAPService.{i}.CellConfig.{i}.NR.RAN.Mobility.ConnMode.NR.A5MeasureCtrl.{i},yes,existing_command_object_parent,medium,path 位于当前 MML seed/catalog 二级命令节点 object_path 下，可挂入该二级节点；需确认分组是否过粗,SF,小区服务参数管理（总体）,FAP 载波基本配置,Device.Services.FAPService.{i}.,,json_seed_and_catalog_existing_group,omcgo/internal/config/parammodel/mmlstandardloader/seeds/cmcc_tdlte_v23.json; omcgo/datamodels/mml-catalog/cmcc-tdlte-v2.3.json,YES_EXISTING_JSON_PARENT_GROUP,existing_mml_parent_object_group,READ_WRITE,STRING,A5MeasureCtrl,Device.Services.FAPService.{i}.CellConfig.{i}.NR.RAN.Mobility.ConnMode.NR.A5MeasureCtrl.,
Device.Services.FAPService.{i}.CellConfig.{i}.NR.RAN.Mobility.ConnMode.IRAT.B1MeasureCtrl.{i},yes,existing_command_object_parent,medium,path 位于当前 MML seed/catalog 二级命令节点 object_path 下，可挂入该二级节点；需确认分组是否过粗,SF,小区服务参数管理（总体）,FAP 载波基本配置,Device.Services.FAPService.{i}.,,json_seed_and_catalog_existing_group,omcgo/internal/config/parammodel/mmlstandardloader/seeds/cmcc_tdlte_v23.json; omcgo/datamodels/mml-catalog/cmcc-tdlte-v2.3.json,YES_EXISTING_JSON_PARENT_GROUP,existing_mml_parent_object_group,READ_WRITE,STRING,B1MeasureCtrl,Device.Services.FAPService.{i}.CellConfig.{i}.NR.RAN.Mobility.ConnMode.IRAT.B1MeasureCtrl.,
Device.Services.FAPService.{i}.CellConfig.{i}.NR.RAN.Mobility.ConnMode.IRAT.B2MeasureCtrl.{i},yes,existing_command_object_parent,medium,path 位于当前 MML seed/catalog 二级命令节点 object_path 下，可挂入该二级节点；需确认分组是否过粗,SF,小区服务参数管理（总体）,FAP 载波基本配置,Device.Services.FAPService.{i}.,,json_seed_and_catalog_existing_group,omcgo/internal/config/parammodel/mmlstandardloader/seeds/cmcc_tdlte_v23.json; omcgo/datamodels/mml-catalog/cmcc-tdlte-v2.3.json,YES_EXISTING_JSON_PARENT_GROUP,existing_mml_parent_object_group,READ_WRITE,STRING,B2MeasureCtrl,Device.Services.FAPService.{i}.CellConfig.{i}.NR.RAN.Mobility.ConnMode.IRAT.B2MeasureCtrl.,
Device.Services.FAPService.{i}.CellConfig.LTE.RAN.Mobility.IdleMode.InterFreq.Carrier.{i},yes,direct_existing_command_group,high,同 target_group_code 已有 MML 参数，属于当前参数树的二级命令分组,SJ,移动性参数管理,空闲态异频载波,Device.Services.FAPService.{i}.CellConfig.LTE.RAN.Mobility.IdleMode.InterFreq.Carrier.{i}.,DEVICE_SERVICES_FAPSERVICE_CELLCONFIG_LTE_RAN_MOBILITY_IDLEMODE_INTERFREQ_CARRIER,existing_mml_group_code_from_analysis,omcgo/data/model-library/standard-params-to-mml-tree-analysis-20260703.detail.csv,YES_SAME_EXISTING_GROUP_CODE,direct_existing_mml_group,READ_WRITE,STRING,Carrier,Device.Services.FAPService.{i}.CellConfig.LTE.RAN.Mobility.IdleMode.InterFreq.Carrier.,
Device.Services.FAPService.{i}.CellConfig.{i}.NR.RAN.Mobility.ConnMode.EUTRA.Carrier.{i},yes,existing_command_object_parent,medium,path 位于当前 MML seed/catalog 二级命令节点 object_path 下，可挂入该二级节点；需确认分组是否过粗,SF,小区服务参数管理（总体）,FAP 载波基本配置,Device.Services.FAPService.{i}.,,json_seed_and_catalog_existing_group,omcgo/internal/config/parammodel/mmlstandardloader/seeds/cmcc_tdlte_v23.json; omcgo/datamodels/mml-catalog/cmcc-tdlte-v2.3.json,YES_EXISTING_JSON_PARENT_GROUP,existing_mml_parent_object_group,READ_WRITE,STRING,Carrier,Device.Services.FAPService.{i}.CellConfig.{i}.NR.RAN.Mobility.ConnMode.EUTRA.Carrier.,
Device.Services.FAPService.{i}.CellConfig.{i}.NR.RAN.Mobility.ConnMode.NR.InterFreq.Carrier.{i},yes,existing_command_object_parent,medium,path 位于当前 MML seed/catalog 二级命令节点 object_path 下，可挂入该二级节点；需确认分组是否过粗,SF,小区服务参数管理（总体）,FAP 载波基本配置,Device.Services.FAPService.{i}.,,json_seed_and_catalog_existing_group,omcgo/internal/config/parammodel/mmlstandardloader/seeds/cmcc_tdlte_v23.json; omcgo/datamodels/mml-catalog/cmcc-tdlte-v2.3.json,YES_EXISTING_JSON_PARENT_GROUP,existing_mml_parent_object_group,READ_WRITE,STRING,Carrier,Device.Services.FAPService.{i}.CellConfig.{i}.NR.RAN.Mobility.ConnMode.NR.InterFreq.Carrier.,
Device.Services.FAPService.{i}.CellConfig.{i}.NR.RAN.Mobility.IdleMode.EUTRA.Carrier.{i},yes,existing_command_object_parent,medium,path 位于当前 MML seed/catalog 二级命令节点 object_path 下，可挂入该二级节点；需确认分组是否过粗,SF,小区服务参数管理（总体）,FAP 载波基本配置,Device.Services.FAPService.{i}.,,json_seed_and_catalog_existing_group,omcgo/internal/config/parammodel/mmlstandardloader/seeds/cmcc_tdlte_v23.json; omcgo/datamodels/mml-catalog/cmcc-tdlte-v2.3.json,YES_EXISTING_JSON_PARENT_GROUP,existing_mml_parent_object_group,READ_WRITE,STRING,Carrier,Device.Services.FAPService.{i}.CellConfig.{i}.NR.RAN.Mobility.IdleMode.EUTRA.Carrier.,
Device.Services.FAPService.{i}.CellConfig.{i}.NR.RAN.Mobility.IdleMode.InterFreq.Carrier.{i},yes,existing_command_object_parent,medium,path 位于当前 MML seed/catalog 二级命令节点 object_path 下，可挂入该二级节点；需确认分组是否过粗,SF,小区服务参数管理（总体）,FAP 载波基本配置,Device.Services.FAPService.{i}.,,json_seed_and_catalog_existing_group,omcgo/internal/config/parammodel/mmlstandardloader/seeds/cmcc_tdlte_v23.json; omcgo/datamodels/mml-catalog/cmcc-tdlte-v2.3.json,YES_EXISTING_JSON_PARENT_GROUP,existing_mml_parent_object_group,READ_WRITE,STRING,Carrier,Device.Services.FAPService.{i}.CellConfig.{i}.NR.RAN.Mobility.IdleMode.InterFreq.Carrier.,
Device.Services.FAPService.{i}.CellConfig.{i}.NR.RAN.Mobility.IdleMode.Common.Qhyst,yes,existing_command_object_parent,medium,path 位于当前 MML seed/catalog 二级命令节点 object_path 下，可挂入该二级节点；需确认分组是否过粗,SF,小区服务参数管理（总体）,FAP 载波基本配置,Device.Services.FAPService.{i}.,,json_seed_and_catalog_existing_group,omcgo/internal/config/parammodel/mmlstandardloader/seeds/cmcc_tdlte_v23.json; omcgo/datamodels/mml-catalog/cmcc-tdlte-v2.3.json,YES_EXISTING_JSON_PARENT_GROUP,existing_mml_parent_object_group,READ_WRITE,STRING,Common,Device.Services.FAPService.{i}.CellConfig.{i}.NR.RAN.Mobility.IdleMode.Common.,
Device.Services.FAPService.{i}.CellConfig.{i}.NR.RAN.Mobility.IdleMode.IntraFreq.CellReselectionPriority,yes,existing_command_object_parent,medium,path 位于当前 MML seed/catalog 二级命令节点 object_path 下，可挂入该二级节点；需确认分组是否过粗,SF,小区服务参数管理（总体）,FAP 载波基本配置,Device.Services.FAPService.{i}.,,json_seed_and_catalog_existing_group,omcgo/internal/config/parammodel/mmlstandardloader/seeds/cmcc_tdlte_v23.json; omcgo/datamodels/mml-catalog/cmcc-tdlte-v2.3.json,YES_EXISTING_JSON_PARENT_GROUP,existing_mml_parent_object_group,READ_WRITE,STRING,IntraFreq,Device.Services.FAPService.{i}.CellConfig.{i}.NR.RAN.Mobility.IdleMode.IntraFreq.,
Device.Services.FAPService.{i}.CellConfig.{i}.NR.RAN.Mobility.IdleMode.IntraFreq.DeriveSSBIndexFromCell,yes,existing_command_object_parent,medium,path 位于当前 MML seed/catalog 二级命令节点 object_path 下，可挂入该二级节点；需确认分组是否过粗,SF,小区服务参数管理（总体）,FAP 载波基本配置,Device.Services.FAPService.{i}.,,json_seed_and_catalog_existing_group,omcgo/internal/config/parammodel/mmlstandardloader/seeds/cmcc_tdlte_v23.json; omcgo/datamodels/mml-catalog/cmcc-tdlte-v2.3.json,YES_EXISTING_JSON_PARENT_GROUP,existing_mml_parent_object_group,READ_WRITE,STRING,IntraFreq,Device.Services.FAPService.{i}.CellConfig.{i}.NR.RAN.Mobility.IdleMode.IntraFreq.,
Device.Services.FAPService.{i}.CellConfig.{i}.NR.RAN.Mobility.IdleMode.IntraFreq.QQualMinSIB1,yes,existing_command_object_parent,medium,path 位于当前 MML seed/catalog 二级命令节点 object_path 下，可挂入该二级节点；需确认分组是否过粗,SF,小区服务参数管理（总体）,FAP 载波基本配置,Device.Services.FAPService.{i}.,,json_seed_and_catalog_existing_group,omcgo/internal/config/parammodel/mmlstandardloader/seeds/cmcc_tdlte_v23.json; omcgo/datamodels/mml-catalog/cmcc-tdlte-v2.3.json,YES_EXISTING_JSON_PARENT_GROUP,existing_mml_parent_object_group,READ_WRITE,STRING,IntraFreq,Device.Services.FAPService.{i}.CellConfig.{i}.NR.RAN.Mobility.IdleMode.IntraFreq.,
Device.Services.FAPService.{i}.CellConfig.{i}.NR.RAN.Mobility.IdleMode.IntraFreq.QRxLevMinOffset,yes,existing_command_object_parent,medium,path 位于当前 MML seed/catalog 二级命令节点 object_path 下，可挂入该二级节点；需确认分组是否过粗,SF,小区服务参数管理（总体）,FAP 载波基本配置,Device.Services.FAPService.{i}.,,json_seed_and_catalog_existing_group,omcgo/internal/config/parammodel/mmlstandardloader/seeds/cmcc_tdlte_v23.json; omcgo/datamodels/mml-catalog/cmcc-tdlte-v2.3.json,YES_EXISTING_JSON_PARENT_GROUP,existing_mml_parent_object_group,READ_WRITE,STRING,IntraFreq,Device.Services.FAPService.{i}.CellConfig.{i}.NR.RAN.Mobility.IdleMode.IntraFreq.,
Device.Services.FAPService.{i}.CellConfig.{i}.NR.RAN.Mobility.IdleMode.IntraFreq.QRxLevMinSIB1,yes,existing_command_object_parent,medium,path 位于当前 MML seed/catalog 二级命令节点 object_path 下，可挂入该二级节点；需确认分组是否过粗,SF,小区服务参数管理（总体）,FAP 载波基本配置,Device.Services.FAPService.{i}.,,json_seed_and_catalog_existing_group,omcgo/internal/config/parammodel/mmlstandardloader/seeds/cmcc_tdlte_v23.json; omcgo/datamodels/mml-catalog/cmcc-tdlte-v2.3.json,YES_EXISTING_JSON_PARENT_GROUP,existing_mml_parent_object_group,READ_WRITE,STRING,IntraFreq,Device.Services.FAPService.{i}.CellConfig.{i}.NR.RAN.Mobility.IdleMode.IntraFreq.,
Device.Services.FAPService.{i}.CellConfig.{i}.NR.RAN.Mobility.IdleMode.IntraFreq.QRxLevMinSIB2,yes,existing_command_object_parent,medium,path 位于当前 MML seed/catalog 二级命令节点 object_path 下，可挂入该二级节点；需确认分组是否过粗,SF,小区服务参数管理（总体）,FAP 载波基本配置,Device.Services.FAPService.{i}.,,json_seed_and_catalog_existing_group,omcgo/internal/config/parammodel/mmlstandardloader/seeds/cmcc_tdlte_v23.json; omcgo/datamodels/mml-catalog/cmcc-tdlte-v2.3.json,YES_EXISTING_JSON_PARENT_GROUP,existing_mml_parent_object_group,READ_WRITE,STRING,IntraFreq,Device.Services.FAPService.{i}.CellConfig.{i}.NR.RAN.Mobility.IdleMode.IntraFreq.,
Device.Services.FAPService.{i}.CellConfig.{i}.NR.RAN.Mobility.IdleMode.IntraFreq.Qqualminoffset,yes,existing_command_object_parent,medium,path 位于当前 MML seed/catalog 二级命令节点 object_path 下，可挂入该二级节点；需确认分组是否过粗,SF,小区服务参数管理（总体）,FAP 载波基本配置,Device.Services.FAPService.{i}.,,json_seed_and_catalog_existing_group,omcgo/internal/config/parammodel/mmlstandardloader/seeds/cmcc_tdlte_v23.json; omcgo/datamodels/mml-catalog/cmcc-tdlte-v2.3.json,YES_EXISTING_JSON_PARENT_GROUP,existing_mml_parent_object_group,READ_WRITE,STRING,IntraFreq,Device.Services.FAPService.{i}.CellConfig.{i}.NR.RAN.Mobility.IdleMode.IntraFreq.,
Device.Services.FAPService.{i}.CellConfig.{i}.NR.RAN.Mobility.IdleMode.IntraFreq.SIntraSearchP,yes,existing_command_object_parent,medium,path 位于当前 MML seed/catalog 二级命令节点 object_path 下，可挂入该二级节点；需确认分组是否过粗,SF,小区服务参数管理（总体）,FAP 载波基本配置,Device.Services.FAPService.{i}.,,json_seed_and_catalog_existing_group,omcgo/internal/config/parammodel/mmlstandardloader/seeds/cmcc_tdlte_v23.json; omcgo/datamodels/mml-catalog/cmcc-tdlte-v2.3.json,YES_EXISTING_JSON_PARENT_GROUP,existing_mml_parent_object_group,READ_WRITE,STRING,IntraFreq,Device.Services.FAPService.{i}.CellConfig.{i}.NR.RAN.Mobility.IdleMode.IntraFreq.,
Device.Services.FAPService.{i}.CellConfig.{i}.NR.RAN.Mobility.IdleMode.IntraFreq.SNonIntraSearchP,yes,existing_command_object_parent,medium,path 位于当前 MML seed/catalog 二级命令节点 object_path 下，可挂入该二级节点；需确认分组是否过粗,SF,小区服务参数管理（总体）,FAP 载波基本配置,Device.Services.FAPService.{i}.,,json_seed_and_catalog_existing_group,omcgo/internal/config/parammodel/mmlstandardloader/seeds/cmcc_tdlte_v23.json; omcgo/datamodels/mml-catalog/cmcc-tdlte-v2.3.json,YES_EXISTING_JSON_PARENT_GROUP,existing_mml_parent_object_group,READ_WRITE,STRING,IntraFreq,Device.Services.FAPService.{i}.CellConfig.{i}.NR.RAN.Mobility.IdleMode.IntraFreq.,
Device.Services.FAPService.{i}.CellConfig.{i}.NR.RAN.Mobility.IdleMode.IntraFreq.SNonIntraSearchQ,yes,existing_command_object_parent,medium,path 位于当前 MML seed/catalog 二级命令节点 object_path 下，可挂入该二级节点；需确认分组是否过粗,SF,小区服务参数管理（总体）,FAP 载波基本配置,Device.Services.FAPService.{i}.,,json_seed_and_catalog_existing_group,omcgo/internal/config/parammodel/mmlstandardloader/seeds/cmcc_tdlte_v23.json; omcgo/datamodels/mml-catalog/cmcc-tdlte-v2.3.json,YES_EXISTING_JSON_PARENT_GROUP,existing_mml_parent_object_group,READ_WRITE,STRING,IntraFreq,Device.Services.FAPService.{i}.CellConfig.{i}.NR.RAN.Mobility.IdleMode.IntraFreq.,
Device.Services.FAPService.{i}.CellConfig.{i}.NR.RAN.Mobility.IdleMode.IntraFreq.TReselectionNR,yes,existing_command_object_parent,medium,path 位于当前 MML seed/catalog 二级命令节点 object_path 下，可挂入该二级节点；需确认分组是否过粗,SF,小区服务参数管理（总体）,FAP 载波基本配置,Device.Services.FAPService.{i}.,,json_seed_and_catalog_existing_group,omcgo/internal/config/parammodel/mmlstandardloader/seeds/cmcc_tdlte_v23.json; omcgo/datamodels/mml-catalog/cmcc-tdlte-v2.3.json,YES_EXISTING_JSON_PARENT_GROUP,existing_mml_parent_object_group,READ_WRITE,STRING,IntraFreq,Device.Services.FAPService.{i}.CellConfig.{i}.NR.RAN.Mobility.IdleMode.IntraFreq.,
Device.Services.FAPService.{i}.CellConfig.{i}.NR.RAN.Mobility.IdleMode.IntraFreq.ThreshServingLowP,yes,existing_command_object_parent,medium,path 位于当前 MML seed/catalog 二级命令节点 object_path 下，可挂入该二级节点；需确认分组是否过粗,SF,小区服务参数管理（总体）,FAP 载波基本配置,Device.Services.FAPService.{i}.,,json_seed_and_catalog_existing_group,omcgo/internal/config/parammodel/mmlstandardloader/seeds/cmcc_tdlte_v23.json; omcgo/datamodels/mml-catalog/cmcc-tdlte-v2.3.json,YES_EXISTING_JSON_PARENT_GROUP,existing_mml_parent_object_group,READ_WRITE,STRING,IntraFreq,Device.Services.FAPService.{i}.CellConfig.{i}.NR.RAN.Mobility.IdleMode.IntraFreq.,
Device.Services.FAPService.{i}.CellConfig.{i}.NR.RAN.Mobility.ConnMode.NR.MeasureCtrl.MobilityStrategy,yes,existing_command_object_parent,medium,path 位于当前 MML seed/catalog 二级命令节点 object_path 下，可挂入该二级节点；需确认分组是否过粗,SF,小区服务参数管理（总体）,FAP 载波基本配置,Device.Services.FAPService.{i}.,,json_seed_and_catalog_existing_group,omcgo/internal/config/parammodel/mmlstandardloader/seeds/cmcc_tdlte_v23.json; omcgo/datamodels/mml-catalog/cmcc-tdlte-v2.3.json,YES_EXISTING_JSON_PARENT_GROUP,existing_mml_parent_object_group,READ_WRITE,STRING,MeasureCtrl,Device.Services.FAPService.{i}.CellConfig.{i}.NR.RAN.Mobility.ConnMode.NR.MeasureCtrl.,
Device.Services.FAPService.{i}.CellConfig.{i}.NR.RAN.Mobility.ConnMode.NR.PeriodMeasCtrl.{i},yes,existing_command_object_parent,medium,path 位于当前 MML seed/catalog 二级命令节点 object_path 下，可挂入该二级节点；需确认分组是否过粗,SF,小区服务参数管理（总体）,FAP 载波基本配置,Device.Services.FAPService.{i}.,,json_seed_and_catalog_existing_group,omcgo/internal/config/parammodel/mmlstandardloader/seeds/cmcc_tdlte_v23.json; omcgo/datamodels/mml-catalog/cmcc-tdlte-v2.3.json,YES_EXISTING_JSON_PARENT_GROUP,existing_mml_parent_object_group,READ_WRITE,STRING,PeriodMeasCtrl,Device.Services.FAPService.{i}.CellConfig.{i}.NR.RAN.Mobility.ConnMode.NR.PeriodMeasCtrl.,
Device.Services.FAPService.{i}.CellConfig.LTE.RAN.Mobility.ConnMode.IRAT.X_COM_UTRANTDD.B2Threshold2UTRATDDRSCP,yes,existing_command_object_parent,medium,path 位于当前 MML seed/catalog 二级命令节点 object_path 下，可挂入该二级节点；需确认分组是否过粗,SJ,移动性参数管理,连接态 IRAT 测量,Device.Services.FAPService.{i}.CellConfig.LTE.RAN.Mobility.ConnMode.IRAT.,,json_seed_and_catalog_existing_group,omcgo/internal/config/parammodel/mmlstandardloader/seeds/cmcc_tdlte_v23.json; omcgo/datamodels/mml-catalog/cmcc-tdlte-v2.3.json,YES_EXISTING_JSON_PARENT_GROUP,existing_mml_parent_object_group,READ_WRITE,STRING,X_COM_UTRANTDD,Device.Services.FAPService.{i}.CellConfig.LTE.RAN.Mobility.ConnMode.IRAT.X_COM_UTRANTDD.,
Device.Services.FAPService.{i}.CellConfig.{i}.LTE.RAN.Mobility.IdleMode.InterFreq.Carrier.{i}.CellReselectionPriority,yes,direct_existing_command_group,high,同 target_group_code 已有 MML 参数，属于当前参数树的二级命令分组,SJ,移动性参数管理,空闲态异频载波,Device.Services.FAPService.{i}.CellConfig.LTE.RAN.Mobility.IdleMode.InterFreq.Carrier.{i}.,DEVICE_SERVICES_FAPSERVICE_CELLCONFIG_LTE_RAN_MOBILITY_IDLEMODE_INTERFREQ_CARRIER,existing_mml_group_code_from_analysis,omcgo/data/model-library/standard-params-to-mml-tree-analysis-20260703.detail.csv,YES_SAME_EXISTING_GROUP_CODE,direct_existing_mml_group,READ_WRITE,U_INT,{i},Device.Services.FAPService.{i}.CellConfig.{i}.LTE.RAN.Mobility.IdleMode.InterFreq.Carrier.{i}.,
Device.Services.FAPService.{i}.CellConfig.{i}.LTE.RAN.Mobility.IdleMode.InterFreq.Carrier.{i}.EUTRACarrierARFCN,yes,direct_existing_command_group,high,同 target_group_code 已有 MML 参数，属于当前参数树的二级命令分组,SJ,移动性参数管理,空闲态异频载波,Device.Services.FAPService.{i}.CellConfig.LTE.RAN.Mobility.IdleMode.InterFreq.Carrier.{i}.,DEVICE_SERVICES_FAPSERVICE_CELLCONFIG_LTE_RAN_MOBILITY_IDLEMODE_INTERFREQ_CARRIER,existing_mml_group_code_from_analysis,omcgo/data/model-library/standard-params-to-mml-tree-analysis-20260703.detail.csv,YES_SAME_EXISTING_GROUP_CODE,direct_existing_mml_group,READ_WRITE,U_INT,{i},Device.Services.FAPService.{i}.CellConfig.{i}.LTE.RAN.Mobility.IdleMode.InterFreq.Carrier.{i}.,
Device.Services.FAPService.{i}.CellConfig.{i}.LTE.RAN.Mobility.IdleMode.InterFreq.Carrier.{i}.PMax,yes,direct_existing_command_group,high,同 target_group_code 已有 MML 参数，属于当前参数树的二级命令分组,SJ,移动性参数管理,空闲态异频载波,Device.Services.FAPService.{i}.CellConfig.LTE.RAN.Mobility.IdleMode.InterFreq.Carrier.{i}.,DEVICE_SERVICES_FAPSERVICE_CELLCONFIG_LTE_RAN_MOBILITY_IDLEMODE_INTERFREQ_CARRIER,existing_mml_group_code_from_analysis,omcgo/data/model-library/standard-params-to-mml-tree-analysis-20260703.detail.csv,YES_SAME_EXISTING_GROUP_CODE,direct_existing_mml_group,READ_WRITE,INT,{i},Device.Services.FAPService.{i}.CellConfig.{i}.LTE.RAN.Mobility.IdleMode.InterFreq.Carrier.{i}.,
Device.Services.FAPService.{i}.CellConfig.{i}.LTE.RAN.Mobility.IdleMode.InterFreq.Carrier.{i}.QOffsetFreq,yes,direct_existing_command_group,high,同 target_group_code 已有 MML 参数，属于当前参数树的二级命令分组,SJ,移动性参数管理,空闲态异频载波,Device.Services.FAPService.{i}.CellConfig.LTE.RAN.Mobility.IdleMode.InterFreq.Carrier.{i}.,DEVICE_SERVICES_FAPSERVICE_CELLCONFIG_LTE_RAN_MOBILITY_IDLEMODE_INTERFREQ_CARRIER,existing_mml_group_code_from_analysis,omcgo/data/model-library/standard-params-to-mml-tree-analysis-20260703.detail.csv,YES_SAME_EXISTING_GROUP_CODE,direct_existing_mml_group,READ_WRITE,INT,{i},Device.Services.FAPService.{i}.CellConfig.{i}.LTE.RAN.Mobility.IdleMode.InterFreq.Carrier.{i}.,
Device.Services.FAPService.{i}.CellConfig.{i}.LTE.RAN.Mobility.IdleMode.InterFreq.Carrier.{i}.QRxLevMinSIB5,yes,direct_existing_command_group,high,同 target_group_code 已有 MML 参数，属于当前参数树的二级命令分组,SJ,移动性参数管理,空闲态异频载波,Device.Services.FAPService.{i}.CellConfig.LTE.RAN.Mobility.IdleMode.InterFreq.Carrier.{i}.,DEVICE_SERVICES_FAPSERVICE_CELLCONFIG_LTE_RAN_MOBILITY_IDLEMODE_INTERFREQ_CARRIER,existing_mml_group_code_from_analysis,omcgo/data/model-library/standard-params-to-mml-tree-analysis-20260703.detail.csv,YES_SAME_EXISTING_GROUP_CODE,direct_existing_mml_group,READ_WRITE,INT,{i},Device.Services.FAPService.{i}.CellConfig.{i}.LTE.RAN.Mobility.IdleMode.InterFreq.Carrier.{i}.,
Device.Services.FAPService.{i}.CellConfig.{i}.LTE.RAN.Mobility.IdleMode.InterFreq.Carrier.{i}.ThreshXHigh,yes,direct_existing_command_group,high,同 target_group_code 已有 MML 参数，属于当前参数树的二级命令分组,SJ,移动性参数管理,空闲态异频载波,Device.Services.FAPService.{i}.CellConfig.LTE.RAN.Mobility.IdleMode.InterFreq.Carrier.{i}.,DEVICE_SERVICES_FAPSERVICE_CELLCONFIG_LTE_RAN_MOBILITY_IDLEMODE_INTERFREQ_CARRIER,existing_mml_group_code_from_analysis,omcgo/data/model-library/standard-params-to-mml-tree-analysis-20260703.detail.csv,YES_SAME_EXISTING_GROUP_CODE,direct_existing_mml_group,READ_WRITE,U_INT,{i},Device.Services.FAPService.{i}.CellConfig.{i}.LTE.RAN.Mobility.IdleMode.InterFreq.Carrier.{i}.,
Device.Services.FAPService.{i}.CellConfig.{i}.LTE.RAN.Mobility.IdleMode.InterFreq.Carrier.{i}.ThreshXLow,yes,direct_existing_command_group,high,同 target_group_code 已有 MML 参数，属于当前参数树的二级命令分组,SJ,移动性参数管理,空闲态异频载波,Device.Services.FAPService.{i}.CellConfig.LTE.RAN.Mobility.IdleMode.InterFreq.Carrier.{i}.,DEVICE_SERVICES_FAPSERVICE_CELLCONFIG_LTE_RAN_MOBILITY_IDLEMODE_INTERFREQ_CARRIER,existing_mml_group_code_from_analysis,omcgo/data/model-library/standard-params-to-mml-tree-analysis-20260703.detail.csv,YES_SAME_EXISTING_GROUP_CODE,direct_existing_mml_group,READ_WRITE,U_INT,{i},Device.Services.FAPService.{i}.CellConfig.{i}.LTE.RAN.Mobility.IdleMode.InterFreq.Carrier.{i}.,
Device.Services.FAPService.{i}.CellConfig.{i}.NR.RAN.Mobility.ConnMode.EUTRA.Carrier.{i}.AllowedMeasBandwidth,yes,existing_command_object_parent,medium,path 位于当前 MML seed/catalog 二级命令节点 object_path 下，可挂入该二级节点；需确认分组是否过粗,SF,小区服务参数管理（总体）,FAP 载波基本配置,Device.Services.FAPService.{i}.,,json_seed_and_catalog_existing_group,omcgo/internal/config/parammodel/mmlstandardloader/seeds/cmcc_tdlte_v23.json; omcgo/datamodels/mml-catalog/cmcc-tdlte-v2.3.json,YES_EXISTING_JSON_PARENT_GROUP,existing_mml_parent_object_group,READ_WRITE,STRING,{i},Device.Services.FAPService.{i}.CellConfig.{i}.NR.RAN.Mobility.ConnMode.EUTRA.Carrier.{i}.,
Device.Services.FAPService.{i}.CellConfig.{i}.NR.RAN.Mobility.ConnMode.EUTRA.Carrier.{i}.PresenceAntennaPort1,yes,existing_command_object_parent,medium,path 位于当前 MML seed/catalog 二级命令节点 object_path 下，可挂入该二级节点；需确认分组是否过粗,SF,小区服务参数管理（总体）,FAP 载波基本配置,Device.Services.FAPService.{i}.,,json_seed_and_catalog_existing_group,omcgo/internal/config/parammodel/mmlstandardloader/seeds/cmcc_tdlte_v23.json; omcgo/datamodels/mml-catalog/cmcc-tdlte-v2.3.json,YES_EXISTING_JSON_PARENT_GROUP,existing_mml_parent_object_group,READ_WRITE,STRING,{i},Device.Services.FAPService.{i}.CellConfig.{i}.NR.RAN.Mobility.ConnMode.EUTRA.Carrier.{i}.,
Device.Services.FAPService.{i}.CellConfig.{i}.NR.RAN.Mobility.ConnMode.EUTRA.Carrier.{i}.QQualMin,yes,existing_command_object_parent,medium,path 位于当前 MML seed/catalog 二级命令节点 object_path 下，可挂入该二级节点；需确认分组是否过粗,SF,小区服务参数管理（总体）,FAP 载波基本配置,Device.Services.FAPService.{i}.,,json_seed_and_catalog_existing_group,omcgo/internal/config/parammodel/mmlstandardloader/seeds/cmcc_tdlte_v23.json; omcgo/datamodels/mml-catalog/cmcc-tdlte-v2.3.json,YES_EXISTING_JSON_PARENT_GROUP,existing_mml_parent_object_group,READ_WRITE,STRING,{i},Device.Services.FAPService.{i}.CellConfig.{i}.NR.RAN.Mobility.ConnMode.EUTRA.Carrier.{i}.,
Device.Services.FAPService.{i}.CellConfig.{i}.NR.RAN.Mobility.ConnMode.EUTRA.Carrier.{i}.WideBandRsrqMeas,yes,existing_command_object_parent,medium,path 位于当前 MML seed/catalog 二级命令节点 object_path 下，可挂入该二级节点；需确认分组是否过粗,SF,小区服务参数管理（总体）,FAP 载波基本配置,Device.Services.FAPService.{i}.,,json_seed_and_catalog_existing_group,omcgo/internal/config/parammodel/mmlstandardloader/seeds/cmcc_tdlte_v23.json; omcgo/datamodels/mml-catalog/cmcc-tdlte-v2.3.json,YES_EXISTING_JSON_PARENT_GROUP,existing_mml_parent_object_group,READ_WRITE,STRING,{i},Device.Services.FAPService.{i}.CellConfig.{i}.NR.RAN.Mobility.ConnMode.EUTRA.Carrier.{i}.,
Device.Services.FAPService.{i}.CellConfig.{i}.NR.RAN.Mobility.ConnMode.IRAT.B1MeasureCtrl.{i}.B1ThresholdEUTRARsrp,yes,existing_command_object_parent,medium,path 位于当前 MML seed/catalog 二级命令节点 object_path 下，可挂入该二级节点；需确认分组是否过粗,SF,小区服务参数管理（总体）,FAP 载波基本配置,Device.Services.FAPService.{i}.,,json_seed_and_catalog_existing_group,omcgo/internal/config/parammodel/mmlstandardloader/seeds/cmcc_tdlte_v23.json; omcgo/datamodels/mml-catalog/cmcc-tdlte-v2.3.json,YES_EXISTING_JSON_PARENT_GROUP,existing_mml_parent_object_group,READ_WRITE,STRING,{i},Device.Services.FAPService.{i}.CellConfig.{i}.NR.RAN.Mobility.ConnMode.IRAT.B1MeasureCtrl.{i}.,
Device.Services.FAPService.{i}.CellConfig.{i}.NR.RAN.Mobility.ConnMode.IRAT.B1MeasureCtrl.{i}.B1ThresholdEUTRARsrq,yes,existing_command_object_parent,medium,path 位于当前 MML seed/catalog 二级命令节点 object_path 下，可挂入该二级节点；需确认分组是否过粗,SF,小区服务参数管理（总体）,FAP 载波基本配置,Device.Services.FAPService.{i}.,,json_seed_and_catalog_existing_group,omcgo/internal/config/parammodel/mmlstandardloader/seeds/cmcc_tdlte_v23.json; omcgo/datamodels/mml-catalog/cmcc-tdlte-v2.3.json,YES_EXISTING_JSON_PARENT_GROUP,existing_mml_parent_object_group,READ_WRITE,STRING,{i},Device.Services.FAPService.{i}.CellConfig.{i}.NR.RAN.Mobility.ConnMode.IRAT.B1MeasureCtrl.{i}.,
Device.Services.FAPService.{i}.CellConfig.{i}.NR.RAN.Mobility.ConnMode.IRAT.B1MeasureCtrl.{i}.B1ThresholdEUTRASinr,yes,existing_command_object_parent,medium,path 位于当前 MML seed/catalog 二级命令节点 object_path 下，可挂入该二级节点；需确认分组是否过粗,SF,小区服务参数管理（总体）,FAP 载波基本配置,Device.Services.FAPService.{i}.,,json_seed_and_catalog_existing_group,omcgo/internal/config/parammodel/mmlstandardloader/seeds/cmcc_tdlte_v23.json; omcgo/datamodels/mml-catalog/cmcc-tdlte-v2.3.json,YES_EXISTING_JSON_PARENT_GROUP,existing_mml_parent_object_group,READ_WRITE,STRING,{i},Device.Services.FAPService.{i}.CellConfig.{i}.NR.RAN.Mobility.ConnMode.IRAT.B1MeasureCtrl.{i}.,
Device.Services.FAPService.{i}.CellConfig.{i}.NR.RAN.Mobility.ConnMode.IRAT.B1MeasureCtrl.{i}.Enable,yes,existing_command_object_parent,medium,path 位于当前 MML seed/catalog 二级命令节点 object_path 下，可挂入该二级节点；需确认分组是否过粗,SF,小区服务参数管理（总体）,FAP 载波基本配置,Device.Services.FAPService.{i}.,,json_seed_and_catalog_existing_group,omcgo/internal/config/parammodel/mmlstandardloader/seeds/cmcc_tdlte_v23.json; omcgo/datamodels/mml-catalog/cmcc-tdlte-v2.3.json,YES_EXISTING_JSON_PARENT_GROUP,existing_mml_parent_object_group,READ_WRITE,STRING,{i},Device.Services.FAPService.{i}.CellConfig.{i}.NR.RAN.Mobility.ConnMode.IRAT.B1MeasureCtrl.{i}.,
Device.Services.FAPService.{i}.CellConfig.{i}.NR.RAN.Mobility.ConnMode.IRAT.B1MeasureCtrl.{i}.Hysteresis,yes,existing_command_object_parent,medium,path 位于当前 MML seed/catalog 二级命令节点 object_path 下，可挂入该二级节点；需确认分组是否过粗,SF,小区服务参数管理（总体）,FAP 载波基本配置,Device.Services.FAPService.{i}.,,json_seed_and_catalog_existing_group,omcgo/internal/config/parammodel/mmlstandardloader/seeds/cmcc_tdlte_v23.json; omcgo/datamodels/mml-catalog/cmcc-tdlte-v2.3.json,YES_EXISTING_JSON_PARENT_GROUP,existing_mml_parent_object_group,READ_WRITE,STRING,{i},Device.Services.FAPService.{i}.CellConfig.{i}.NR.RAN.Mobility.ConnMode.IRAT.B1MeasureCtrl.{i}.,
Device.Services.FAPService.{i}.CellConfig.{i}.NR.RAN.Mobility.ConnMode.IRAT.B1MeasureCtrl.{i}.MaxReportCells,yes,existing_command_object_parent,medium,path 位于当前 MML seed/catalog 二级命令节点 object_path 下，可挂入该二级节点；需确认分组是否过粗,SF,小区服务参数管理（总体）,FAP 载波基本配置,Device.Services.FAPService.{i}.,,json_seed_and_catalog_existing_group,omcgo/internal/config/parammodel/mmlstandardloader/seeds/cmcc_tdlte_v23.json; omcgo/datamodels/mml-catalog/cmcc-tdlte-v2.3.json,YES_EXISTING_JSON_PARENT_GROUP,existing_mml_parent_object_group,READ_WRITE,STRING,{i},Device.Services.FAPService.{i}.CellConfig.{i}.NR.RAN.Mobility.ConnMode.IRAT.B1MeasureCtrl.{i}.,
Device.Services.FAPService.{i}.CellConfig.{i}.NR.RAN.Mobility.ConnMode.IRAT.B1MeasureCtrl.{i}.MeasurePurpose,yes,existing_command_object_parent,medium,path 位于当前 MML seed/catalog 二级命令节点 object_path 下，可挂入该二级节点；需确认分组是否过粗,SF,小区服务参数管理（总体）,FAP 载波基本配置,Device.Services.FAPService.{i}.,,json_seed_and_catalog_existing_group,omcgo/internal/config/parammodel/mmlstandardloader/seeds/cmcc_tdlte_v23.json; omcgo/datamodels/mml-catalog/cmcc-tdlte-v2.3.json,YES_EXISTING_JSON_PARENT_GROUP,existing_mml_parent_object_group,READ_WRITE,STRING,{i},Device.Services.FAPService.{i}.CellConfig.{i}.NR.RAN.Mobility.ConnMode.IRAT.B1MeasureCtrl.{i}.,
Device.Services.FAPService.{i}.CellConfig.{i}.NR.RAN.Mobility.ConnMode.IRAT.B1MeasureCtrl.{i}.PLMNID,yes,existing_command_object_parent,medium,path 位于当前 MML seed/catalog 二级命令节点 object_path 下，可挂入该二级节点；需确认分组是否过粗,SF,小区服务参数管理（总体）,FAP 载波基本配置,Device.Services.FAPService.{i}.,,json_seed_and_catalog_existing_group,omcgo/internal/config/parammodel/mmlstandardloader/seeds/cmcc_tdlte_v23.json; omcgo/datamodels/mml-catalog/cmcc-tdlte-v2.3.json,YES_EXISTING_JSON_PARENT_GROUP,existing_mml_parent_object_group,READ_WRITE,STRING,{i},Device.Services.FAPService.{i}.CellConfig.{i}.NR.RAN.Mobility.ConnMode.IRAT.B1MeasureCtrl.{i}.,
Device.Services.FAPService.{i}.CellConfig.{i}.NR.RAN.Mobility.ConnMode.IRAT.B1MeasureCtrl.{i}.ReportAmount,yes,existing_command_object_parent,medium,path 位于当前 MML seed/catalog 二级命令节点 object_path 下，可挂入该二级节点；需确认分组是否过粗,SF,小区服务参数管理（总体）,FAP 载波基本配置,Device.Services.FAPService.{i}.,,json_seed_and_catalog_existing_group,omcgo/internal/config/parammodel/mmlstandardloader/seeds/cmcc_tdlte_v23.json; omcgo/datamodels/mml-catalog/cmcc-tdlte-v2.3.json,YES_EXISTING_JSON_PARENT_GROUP,existing_mml_parent_object_group,READ_WRITE,STRING,{i},Device.Services.FAPService.{i}.CellConfig.{i}.NR.RAN.Mobility.ConnMode.IRAT.B1MeasureCtrl.{i}.,
Device.Services.FAPService.{i}.CellConfig.{i}.NR.RAN.Mobility.ConnMode.IRAT.B1MeasureCtrl.{i}.ReportInterval,yes,existing_command_object_parent,medium,path 位于当前 MML seed/catalog 二级命令节点 object_path 下，可挂入该二级节点；需确认分组是否过粗,SF,小区服务参数管理（总体）,FAP 载波基本配置,Device.Services.FAPService.{i}.,,json_seed_and_catalog_existing_group,omcgo/internal/config/parammodel/mmlstandardloader/seeds/cmcc_tdlte_v23.json; omcgo/datamodels/mml-catalog/cmcc-tdlte-v2.3.json,YES_EXISTING_JSON_PARENT_GROUP,existing_mml_parent_object_group,READ_WRITE,STRING,{i},Device.Services.FAPService.{i}.CellConfig.{i}.NR.RAN.Mobility.ConnMode.IRAT.B1MeasureCtrl.{i}.,
Device.Services.FAPService.{i}.CellConfig.{i}.NR.RAN.Mobility.ConnMode.IRAT.B1MeasureCtrl.{i}.ReportOnLeave,yes,existing_command_object_parent,medium,path 位于当前 MML seed/catalog 二级命令节点 object_path 下，可挂入该二级节点；需确认分组是否过粗,SF,小区服务参数管理（总体）,FAP 载波基本配置,Device.Services.FAPService.{i}.,,json_seed_and_catalog_existing_group,omcgo/internal/config/parammodel/mmlstandardloader/seeds/cmcc_tdlte_v23.json; omcgo/datamodels/mml-catalog/cmcc-tdlte-v2.3.json,YES_EXISTING_JSON_PARENT_GROUP,existing_mml_parent_object_group,READ_WRITE,STRING,{i},Device.Services.FAPService.{i}.CellConfig.{i}.NR.RAN.Mobility.ConnMode.IRAT.B1MeasureCtrl.{i}.,
Device.Services.FAPService.{i}.CellConfig.{i}.NR.RAN.Mobility.ConnMode.IRAT.B1MeasureCtrl.{i}.ReportQuantity,yes,existing_command_object_parent,medium,path 位于当前 MML seed/catalog 二级命令节点 object_path 下，可挂入该二级节点；需确认分组是否过粗,SF,小区服务参数管理（总体）,FAP 载波基本配置,Device.Services.FAPService.{i}.,,json_seed_and_catalog_existing_group,omcgo/internal/config/parammodel/mmlstandardloader/seeds/cmcc_tdlte_v23.json; omcgo/datamodels/mml-catalog/cmcc-tdlte-v2.3.json,YES_EXISTING_JSON_PARENT_GROUP,existing_mml_parent_object_group,READ_WRITE,STRING,{i},Device.Services.FAPService.{i}.CellConfig.{i}.NR.RAN.Mobility.ConnMode.IRAT.B1MeasureCtrl.{i}.,
Device.Services.FAPService.{i}.CellConfig.{i}.NR.RAN.Mobility.ConnMode.IRAT.B1MeasureCtrl.{i}.ThresholdTriggerType,yes,existing_command_object_parent,medium,path 位于当前 MML seed/catalog 二级命令节点 object_path 下，可挂入该二级节点；需确认分组是否过粗,SF,小区服务参数管理（总体）,FAP 载波基本配置,Device.Services.FAPService.{i}.,,json_seed_and_catalog_existing_group,omcgo/internal/config/parammodel/mmlstandardloader/seeds/cmcc_tdlte_v23.json; omcgo/datamodels/mml-catalog/cmcc-tdlte-v2.3.json,YES_EXISTING_JSON_PARENT_GROUP,existing_mml_parent_object_group,READ_WRITE,STRING,{i},Device.Services.FAPService.{i}.CellConfig.{i}.NR.RAN.Mobility.ConnMode.IRAT.B1MeasureCtrl.{i}.,
Device.Services.FAPService.{i}.CellConfig.{i}.NR.RAN.Mobility.ConnMode.IRAT.B1MeasureCtrl.{i}.TimeToTrigger,yes,existing_command_object_parent,medium,path 位于当前 MML seed/catalog 二级命令节点 object_path 下，可挂入该二级节点；需确认分组是否过粗,SF,小区服务参数管理（总体）,FAP 载波基本配置,Device.Services.FAPService.{i}.,,json_seed_and_catalog_existing_group,omcgo/internal/config/parammodel/mmlstandardloader/seeds/cmcc_tdlte_v23.json; omcgo/datamodels/mml-catalog/cmcc-tdlte-v2.3.json,YES_EXISTING_JSON_PARENT_GROUP,existing_mml_parent_object_group,READ_WRITE,STRING,{i},Device.Services.FAPService.{i}.CellConfig.{i}.NR.RAN.Mobility.ConnMode.IRAT.B1MeasureCtrl.{i}.,
Device.Services.FAPService.{i}.CellConfig.{i}.NR.RAN.Mobility.ConnMode.IRAT.B2MeasureCtrl.{i}.B2Threshold1RSRP,yes,existing_command_object_parent,medium,path 位于当前 MML seed/catalog 二级命令节点 object_path 下，可挂入该二级节点；需确认分组是否过粗,SF,小区服务参数管理（总体）,FAP 载波基本配置,Device.Services.FAPService.{i}.,,json_seed_and_catalog_existing_group,omcgo/internal/config/parammodel/mmlstandardloader/seeds/cmcc_tdlte_v23.json; omcgo/datamodels/mml-catalog/cmcc-tdlte-v2.3.json,YES_EXISTING_JSON_PARENT_GROUP,existing_mml_parent_object_group,READ_WRITE,STRING,{i},Device.Services.FAPService.{i}.CellConfig.{i}.NR.RAN.Mobility.ConnMode.IRAT.B2MeasureCtrl.{i}.,
Device.Services.FAPService.{i}.CellConfig.{i}.NR.RAN.Mobility.ConnMode.IRAT.B2MeasureCtrl.{i}.B2Threshold1RSRQ,yes,existing_command_object_parent,medium,path 位于当前 MML seed/catalog 二级命令节点 object_path 下，可挂入该二级节点；需确认分组是否过粗,SF,小区服务参数管理（总体）,FAP 载波基本配置,Device.Services.FAPService.{i}.,,json_seed_and_catalog_existing_group,omcgo/internal/config/parammodel/mmlstandardloader/seeds/cmcc_tdlte_v23.json; omcgo/datamodels/mml-catalog/cmcc-tdlte-v2.3.json,YES_EXISTING_JSON_PARENT_GROUP,existing_mml_parent_object_group,READ_WRITE,STRING,{i},Device.Services.FAPService.{i}.CellConfig.{i}.NR.RAN.Mobility.ConnMode.IRAT.B2MeasureCtrl.{i}.,
Device.Services.FAPService.{i}.CellConfig.{i}.NR.RAN.Mobility.ConnMode.IRAT.B2MeasureCtrl.{i}.B2Threshold1SINR,yes,existing_command_object_parent,medium,path 位于当前 MML seed/catalog 二级命令节点 object_path 下，可挂入该二级节点；需确认分组是否过粗,SF,小区服务参数管理（总体）,FAP 载波基本配置,Device.Services.FAPService.{i}.,,json_seed_and_catalog_existing_group,omcgo/internal/config/parammodel/mmlstandardloader/seeds/cmcc_tdlte_v23.json; omcgo/datamodels/mml-catalog/cmcc-tdlte-v2.3.json,YES_EXISTING_JSON_PARENT_GROUP,existing_mml_parent_object_group,READ_WRITE,STRING,{i},Device.Services.FAPService.{i}.CellConfig.{i}.NR.RAN.Mobility.ConnMode.IRAT.B2MeasureCtrl.{i}.,
Device.Services.FAPService.{i}.CellConfig.{i}.NR.RAN.Mobility.ConnMode.IRAT.B2MeasureCtrl.{i}.B2Threshold2EUTRARSRP,yes,existing_command_object_parent,medium,path 位于当前 MML seed/catalog 二级命令节点 object_path 下，可挂入该二级节点；需确认分组是否过粗,SF,小区服务参数管理（总体）,FAP 载波基本配置,Device.Services.FAPService.{i}.,,json_seed_and_catalog_existing_group,omcgo/internal/config/parammodel/mmlstandardloader/seeds/cmcc_tdlte_v23.json; omcgo/datamodels/mml-catalog/cmcc-tdlte-v2.3.json,YES_EXISTING_JSON_PARENT_GROUP,existing_mml_parent_object_group,READ_WRITE,STRING,{i},Device.Services.FAPService.{i}.CellConfig.{i}.NR.RAN.Mobility.ConnMode.IRAT.B2MeasureCtrl.{i}.,
Device.Services.FAPService.{i}.CellConfig.{i}.NR.RAN.Mobility.ConnMode.IRAT.B2MeasureCtrl.{i}.B2Threshold2EUTRARSRQ,yes,existing_command_object_parent,medium,path 位于当前 MML seed/catalog 二级命令节点 object_path 下，可挂入该二级节点；需确认分组是否过粗,SF,小区服务参数管理（总体）,FAP 载波基本配置,Device.Services.FAPService.{i}.,,json_seed_and_catalog_existing_group,omcgo/internal/config/parammodel/mmlstandardloader/seeds/cmcc_tdlte_v23.json; omcgo/datamodels/mml-catalog/cmcc-tdlte-v2.3.json,YES_EXISTING_JSON_PARENT_GROUP,existing_mml_parent_object_group,READ_WRITE,STRING,{i},Device.Services.FAPService.{i}.CellConfig.{i}.NR.RAN.Mobility.ConnMode.IRAT.B2MeasureCtrl.{i}.,
Device.Services.FAPService.{i}.CellConfig.{i}.NR.RAN.Mobility.ConnMode.IRAT.B2MeasureCtrl.{i}.B2Threshold2EUTRASINR,yes,existing_command_object_parent,medium,path 位于当前 MML seed/catalog 二级命令节点 object_path 下，可挂入该二级节点；需确认分组是否过粗,SF,小区服务参数管理（总体）,FAP 载波基本配置,Device.Services.FAPService.{i}.,,json_seed_and_catalog_existing_group,omcgo/internal/config/parammodel/mmlstandardloader/seeds/cmcc_tdlte_v23.json; omcgo/datamodels/mml-catalog/cmcc-tdlte-v2.3.json,YES_EXISTING_JSON_PARENT_GROUP,existing_mml_parent_object_group,READ_WRITE,STRING,{i},Device.Services.FAPService.{i}.CellConfig.{i}.NR.RAN.Mobility.ConnMode.IRAT.B2MeasureCtrl.{i}.,
Device.Services.FAPService.{i}.CellConfig.{i}.NR.RAN.Mobility.ConnMode.IRAT.B2MeasureCtrl.{i}.Enable,yes,existing_command_object_parent,medium,path 位于当前 MML seed/catalog 二级命令节点 object_path 下，可挂入该二级节点；需确认分组是否过粗,SF,小区服务参数管理（总体）,FAP 载波基本配置,Device.Services.FAPService.{i}.,,json_seed_and_catalog_existing_group,omcgo/internal/config/parammodel/mmlstandardloader/seeds/cmcc_tdlte_v23.json; omcgo/datamodels/mml-catalog/cmcc-tdlte-v2.3.json,YES_EXISTING_JSON_PARENT_GROUP,existing_mml_parent_object_group,READ_WRITE,STRING,{i},Device.Services.FAPService.{i}.CellConfig.{i}.NR.RAN.Mobility.ConnMode.IRAT.B2MeasureCtrl.{i}.,
Device.Services.FAPService.{i}.CellConfig.{i}.NR.RAN.Mobility.ConnMode.IRAT.B2MeasureCtrl.{i}.Hysteresis,yes,existing_command_object_parent,medium,path 位于当前 MML seed/catalog 二级命令节点 object_path 下，可挂入该二级节点；需确认分组是否过粗,SF,小区服务参数管理（总体）,FAP 载波基本配置,Device.Services.FAPService.{i}.,,json_seed_and_catalog_existing_group,omcgo/internal/config/parammodel/mmlstandardloader/seeds/cmcc_tdlte_v23.json; omcgo/datamodels/mml-catalog/cmcc-tdlte-v2.3.json,YES_EXISTING_JSON_PARENT_GROUP,existing_mml_parent_object_group,READ_WRITE,STRING,{i},Device.Services.FAPService.{i}.CellConfig.{i}.NR.RAN.Mobility.ConnMode.IRAT.B2MeasureCtrl.{i}.,
Device.Services.FAPService.{i}.CellConfig.{i}.NR.RAN.Mobility.ConnMode.IRAT.B2MeasureCtrl.{i}.MaxReportCells,yes,existing_command_object_parent,medium,path 位于当前 MML seed/catalog 二级命令节点 object_path 下，可挂入该二级节点；需确认分组是否过粗,SF,小区服务参数管理（总体）,FAP 载波基本配置,Device.Services.FAPService.{i}.,,json_seed_and_catalog_existing_group,omcgo/internal/config/parammodel/mmlstandardloader/seeds/cmcc_tdlte_v23.json; omcgo/datamodels/mml-catalog/cmcc-tdlte-v2.3.json,YES_EXISTING_JSON_PARENT_GROUP,existing_mml_parent_object_group,READ_WRITE,STRING,{i},Device.Services.FAPService.{i}.CellConfig.{i}.NR.RAN.Mobility.ConnMode.IRAT.B2MeasureCtrl.{i}.,
Device.Services.FAPService.{i}.CellConfig.{i}.NR.RAN.Mobility.ConnMode.IRAT.B2MeasureCtrl.{i}.MeasurePurpose,yes,existing_command_object_parent,medium,path 位于当前 MML seed/catalog 二级命令节点 object_path 下，可挂入该二级节点；需确认分组是否过粗,SF,小区服务参数管理（总体）,FAP 载波基本配置,Device.Services.FAPService.{i}.,,json_seed_and_catalog_existing_group,omcgo/internal/config/parammodel/mmlstandardloader/seeds/cmcc_tdlte_v23.json; omcgo/datamodels/mml-catalog/cmcc-tdlte-v2.3.json,YES_EXISTING_JSON_PARENT_GROUP,existing_mml_parent_object_group,READ_WRITE,STRING,{i},Device.Services.FAPService.{i}.CellConfig.{i}.NR.RAN.Mobility.ConnMode.IRAT.B2MeasureCtrl.{i}.,
Device.Services.FAPService.{i}.CellConfig.{i}.NR.RAN.Mobility.ConnMode.IRAT.B2MeasureCtrl.{i}.PLMNID,yes,existing_command_object_parent,medium,path 位于当前 MML seed/catalog 二级命令节点 object_path 下，可挂入该二级节点；需确认分组是否过粗,SF,小区服务参数管理（总体）,FAP 载波基本配置,Device.Services.FAPService.{i}.,,json_seed_and_catalog_existing_group,omcgo/internal/config/parammodel/mmlstandardloader/seeds/cmcc_tdlte_v23.json; omcgo/datamodels/mml-catalog/cmcc-tdlte-v2.3.json,YES_EXISTING_JSON_PARENT_GROUP,existing_mml_parent_object_group,READ_WRITE,STRING,{i},Device.Services.FAPService.{i}.CellConfig.{i}.NR.RAN.Mobility.ConnMode.IRAT.B2MeasureCtrl.{i}.,
Device.Services.FAPService.{i}.CellConfig.{i}.NR.RAN.Mobility.ConnMode.IRAT.B2MeasureCtrl.{i}.ReportAmount,yes,existing_command_object_parent,medium,path 位于当前 MML seed/catalog 二级命令节点 object_path 下，可挂入该二级节点；需确认分组是否过粗,SF,小区服务参数管理（总体）,FAP 载波基本配置,Device.Services.FAPService.{i}.,,json_seed_and_catalog_existing_group,omcgo/internal/config/parammodel/mmlstandardloader/seeds/cmcc_tdlte_v23.json; omcgo/datamodels/mml-catalog/cmcc-tdlte-v2.3.json,YES_EXISTING_JSON_PARENT_GROUP,existing_mml_parent_object_group,READ_WRITE,STRING,{i},Device.Services.FAPService.{i}.CellConfig.{i}.NR.RAN.Mobility.ConnMode.IRAT.B2MeasureCtrl.{i}.,
Device.Services.FAPService.{i}.CellConfig.{i}.NR.RAN.Mobility.ConnMode.IRAT.B2MeasureCtrl.{i}.ReportInterval,yes,existing_command_object_parent,medium,path 位于当前 MML seed/catalog 二级命令节点 object_path 下，可挂入该二级节点；需确认分组是否过粗,SF,小区服务参数管理（总体）,FAP 载波基本配置,Device.Services.FAPService.{i}.,,json_seed_and_catalog_existing_group,omcgo/internal/config/parammodel/mmlstandardloader/seeds/cmcc_tdlte_v23.json; omcgo/datamodels/mml-catalog/cmcc-tdlte-v2.3.json,YES_EXISTING_JSON_PARENT_GROUP,existing_mml_parent_object_group,READ_WRITE,STRING,{i},Device.Services.FAPService.{i}.CellConfig.{i}.NR.RAN.Mobility.ConnMode.IRAT.B2MeasureCtrl.{i}.,
Device.Services.FAPService.{i}.CellConfig.{i}.NR.RAN.Mobility.ConnMode.IRAT.B2MeasureCtrl.{i}.ReportOnLeave,yes,existing_command_object_parent,medium,path 位于当前 MML seed/catalog 二级命令节点 object_path 下，可挂入该二级节点；需确认分组是否过粗,SF,小区服务参数管理（总体）,FAP 载波基本配置,Device.Services.FAPService.{i}.,,json_seed_and_catalog_existing_group,omcgo/internal/config/parammodel/mmlstandardloader/seeds/cmcc_tdlte_v23.json; omcgo/datamodels/mml-catalog/cmcc-tdlte-v2.3.json,YES_EXISTING_JSON_PARENT_GROUP,existing_mml_parent_object_group,READ_WRITE,STRING,{i},Device.Services.FAPService.{i}.CellConfig.{i}.NR.RAN.Mobility.ConnMode.IRAT.B2MeasureCtrl.{i}.,
Device.Services.FAPService.{i}.CellConfig.{i}.NR.RAN.Mobility.ConnMode.IRAT.B2MeasureCtrl.{i}.ReportQuantity,yes,existing_command_object_parent,medium,path 位于当前 MML seed/catalog 二级命令节点 object_path 下，可挂入该二级节点；需确认分组是否过粗,SF,小区服务参数管理（总体）,FAP 载波基本配置,Device.Services.FAPService.{i}.,,json_seed_and_catalog_existing_group,omcgo/internal/config/parammodel/mmlstandardloader/seeds/cmcc_tdlte_v23.json; omcgo/datamodels/mml-catalog/cmcc-tdlte-v2.3.json,YES_EXISTING_JSON_PARENT_GROUP,existing_mml_parent_object_group,READ_WRITE,STRING,{i},Device.Services.FAPService.{i}.CellConfig.{i}.NR.RAN.Mobility.ConnMode.IRAT.B2MeasureCtrl.{i}.,
Device.Services.FAPService.{i}.CellConfig.{i}.NR.RAN.Mobility.ConnMode.IRAT.B2MeasureCtrl.{i}.Threshold2TriggerType,yes,existing_command_object_parent,medium,path 位于当前 MML seed/catalog 二级命令节点 object_path 下，可挂入该二级节点；需确认分组是否过粗,SF,小区服务参数管理（总体）,FAP 载波基本配置,Device.Services.FAPService.{i}.,,json_seed_and_catalog_existing_group,omcgo/internal/config/parammodel/mmlstandardloader/seeds/cmcc_tdlte_v23.json; omcgo/datamodels/mml-catalog/cmcc-tdlte-v2.3.json,YES_EXISTING_JSON_PARENT_GROUP,existing_mml_parent_object_group,READ_WRITE,STRING,{i},Device.Services.FAPService.{i}.CellConfig.{i}.NR.RAN.Mobility.ConnMode.IRAT.B2MeasureCtrl.{i}.,
Device.Services.FAPService.{i}.CellConfig.{i}.NR.RAN.Mobility.ConnMode.IRAT.B2MeasureCtrl.{i}.ThresholdTriggerType,yes,existing_command_object_parent,medium,path 位于当前 MML seed/catalog 二级命令节点 object_path 下，可挂入该二级节点；需确认分组是否过粗,SF,小区服务参数管理（总体）,FAP 载波基本配置,Device.Services.FAPService.{i}.,,json_seed_and_catalog_existing_group,omcgo/internal/config/parammodel/mmlstandardloader/seeds/cmcc_tdlte_v23.json; omcgo/datamodels/mml-catalog/cmcc-tdlte-v2.3.json,YES_EXISTING_JSON_PARENT_GROUP,existing_mml_parent_object_group,READ_WRITE,STRING,{i},Device.Services.FAPService.{i}.CellConfig.{i}.NR.RAN.Mobility.ConnMode.IRAT.B2MeasureCtrl.{i}.,
Device.Services.FAPService.{i}.CellConfig.{i}.NR.RAN.Mobility.ConnMode.IRAT.B2MeasureCtrl.{i}.TimeToTrigger,yes,existing_command_object_parent,medium,path 位于当前 MML seed/catalog 二级命令节点 object_path 下，可挂入该二级节点；需确认分组是否过粗,SF,小区服务参数管理（总体）,FAP 载波基本配置,Device.Services.FAPService.{i}.,,json_seed_and_catalog_existing_group,omcgo/internal/config/parammodel/mmlstandardloader/seeds/cmcc_tdlte_v23.json; omcgo/datamodels/mml-catalog/cmcc-tdlte-v2.3.json,YES_EXISTING_JSON_PARENT_GROUP,existing_mml_parent_object_group,READ_WRITE,STRING,{i},Device.Services.FAPService.{i}.CellConfig.{i}.NR.RAN.Mobility.ConnMode.IRAT.B2MeasureCtrl.{i}.,
Device.Services.FAPService.{i}.CellConfig.{i}.NR.RAN.Mobility.ConnMode.NR.A1MeasureCtrl.{i}.A1ThresholdRSRP,yes,existing_command_object_parent,medium,path 位于当前 MML seed/catalog 二级命令节点 object_path 下，可挂入该二级节点；需确认分组是否过粗,SF,小区服务参数管理（总体）,FAP 载波基本配置,Device.Services.FAPService.{i}.,,json_seed_and_catalog_existing_group,omcgo/internal/config/parammodel/mmlstandardloader/seeds/cmcc_tdlte_v23.json; omcgo/datamodels/mml-catalog/cmcc-tdlte-v2.3.json,YES_EXISTING_JSON_PARENT_GROUP,existing_mml_parent_object_group,READ_WRITE,STRING,{i},Device.Services.FAPService.{i}.CellConfig.{i}.NR.RAN.Mobility.ConnMode.NR.A1MeasureCtrl.{i}.,
Device.Services.FAPService.{i}.CellConfig.{i}.NR.RAN.Mobility.ConnMode.NR.A1MeasureCtrl.{i}.A1ThresholdRSRQ,yes,existing_command_object_parent,medium,path 位于当前 MML seed/catalog 二级命令节点 object_path 下，可挂入该二级节点；需确认分组是否过粗,SF,小区服务参数管理（总体）,FAP 载波基本配置,Device.Services.FAPService.{i}.,,json_seed_and_catalog_existing_group,omcgo/internal/config/parammodel/mmlstandardloader/seeds/cmcc_tdlte_v23.json; omcgo/datamodels/mml-catalog/cmcc-tdlte-v2.3.json,YES_EXISTING_JSON_PARENT_GROUP,existing_mml_parent_object_group,READ_WRITE,STRING,{i},Device.Services.FAPService.{i}.CellConfig.{i}.NR.RAN.Mobility.ConnMode.NR.A1MeasureCtrl.{i}.,
Device.Services.FAPService.{i}.CellConfig.{i}.NR.RAN.Mobility.ConnMode.NR.A1MeasureCtrl.{i}.A1ThresholdSINR,yes,existing_command_object_parent,medium,path 位于当前 MML seed/catalog 二级命令节点 object_path 下，可挂入该二级节点；需确认分组是否过粗,SF,小区服务参数管理（总体）,FAP 载波基本配置,Device.Services.FAPService.{i}.,,json_seed_and_catalog_existing_group,omcgo/internal/config/parammodel/mmlstandardloader/seeds/cmcc_tdlte_v23.json; omcgo/datamodels/mml-catalog/cmcc-tdlte-v2.3.json,YES_EXISTING_JSON_PARENT_GROUP,existing_mml_parent_object_group,READ_WRITE,STRING,{i},Device.Services.FAPService.{i}.CellConfig.{i}.NR.RAN.Mobility.ConnMode.NR.A1MeasureCtrl.{i}.,
Device.Services.FAPService.{i}.CellConfig.{i}.NR.RAN.Mobility.ConnMode.NR.A1MeasureCtrl.{i}.Enable,yes,existing_command_object_parent,medium,path 位于当前 MML seed/catalog 二级命令节点 object_path 下，可挂入该二级节点；需确认分组是否过粗,SF,小区服务参数管理（总体）,FAP 载波基本配置,Device.Services.FAPService.{i}.,,json_seed_and_catalog_existing_group,omcgo/internal/config/parammodel/mmlstandardloader/seeds/cmcc_tdlte_v23.json; omcgo/datamodels/mml-catalog/cmcc-tdlte-v2.3.json,YES_EXISTING_JSON_PARENT_GROUP,existing_mml_parent_object_group,READ_WRITE,STRING,{i},Device.Services.FAPService.{i}.CellConfig.{i}.NR.RAN.Mobility.ConnMode.NR.A1MeasureCtrl.{i}.,
Device.Services.FAPService.{i}.CellConfig.{i}.NR.RAN.Mobility.ConnMode.NR.A1MeasureCtrl.{i}.Hysteresis,yes,existing_command_object_parent,medium,path 位于当前 MML seed/catalog 二级命令节点 object_path 下，可挂入该二级节点；需确认分组是否过粗,SF,小区服务参数管理（总体）,FAP 载波基本配置,Device.Services.FAPService.{i}.,,json_seed_and_catalog_existing_group,omcgo/internal/config/parammodel/mmlstandardloader/seeds/cmcc_tdlte_v23.json; omcgo/datamodels/mml-catalog/cmcc-tdlte-v2.3.json,YES_EXISTING_JSON_PARENT_GROUP,existing_mml_parent_object_group,READ_WRITE,STRING,{i},Device.Services.FAPService.{i}.CellConfig.{i}.NR.RAN.Mobility.ConnMode.NR.A1MeasureCtrl.{i}.,
Device.Services.FAPService.{i}.CellConfig.{i}.NR.RAN.Mobility.ConnMode.NR.A1MeasureCtrl.{i}.IncludeBeamMeasurements,yes,existing_command_object_parent,medium,path 位于当前 MML seed/catalog 二级命令节点 object_path 下，可挂入该二级节点；需确认分组是否过粗,SF,小区服务参数管理（总体）,FAP 载波基本配置,Device.Services.FAPService.{i}.,,json_seed_and_catalog_existing_group,omcgo/internal/config/parammodel/mmlstandardloader/seeds/cmcc_tdlte_v23.json; omcgo/datamodels/mml-catalog/cmcc-tdlte-v2.3.json,YES_EXISTING_JSON_PARENT_GROUP,existing_mml_parent_object_group,READ_WRITE,STRING,{i},Device.Services.FAPService.{i}.CellConfig.{i}.NR.RAN.Mobility.ConnMode.NR.A1MeasureCtrl.{i}.,
Device.Services.FAPService.{i}.CellConfig.{i}.NR.RAN.Mobility.ConnMode.NR.A1MeasureCtrl.{i}.MaxNrofRSIndexToReport,yes,existing_command_object_parent,medium,path 位于当前 MML seed/catalog 二级命令节点 object_path 下，可挂入该二级节点；需确认分组是否过粗,SF,小区服务参数管理（总体）,FAP 载波基本配置,Device.Services.FAPService.{i}.,,json_seed_and_catalog_existing_group,omcgo/internal/config/parammodel/mmlstandardloader/seeds/cmcc_tdlte_v23.json; omcgo/datamodels/mml-catalog/cmcc-tdlte-v2.3.json,YES_EXISTING_JSON_PARENT_GROUP,existing_mml_parent_object_group,READ_WRITE,STRING,{i},Device.Services.FAPService.{i}.CellConfig.{i}.NR.RAN.Mobility.ConnMode.NR.A1MeasureCtrl.{i}.,
Device.Services.FAPService.{i}.CellConfig.{i}.NR.RAN.Mobility.ConnMode.NR.A1MeasureCtrl.{i}.MaxReportCells,yes,existing_command_object_parent,medium,path 位于当前 MML seed/catalog 二级命令节点 object_path 下，可挂入该二级节点；需确认分组是否过粗,SF,小区服务参数管理（总体）,FAP 载波基本配置,Device.Services.FAPService.{i}.,,json_seed_and_catalog_existing_group,omcgo/internal/config/parammodel/mmlstandardloader/seeds/cmcc_tdlte_v23.json; omcgo/datamodels/mml-catalog/cmcc-tdlte-v2.3.json,YES_EXISTING_JSON_PARENT_GROUP,existing_mml_parent_object_group,READ_WRITE,STRING,{i},Device.Services.FAPService.{i}.CellConfig.{i}.NR.RAN.Mobility.ConnMode.NR.A1MeasureCtrl.{i}.,
Device.Services.FAPService.{i}.CellConfig.{i}.NR.RAN.Mobility.ConnMode.NR.A1MeasureCtrl.{i}.MeasurePurpose,yes,existing_command_object_parent,medium,path 位于当前 MML seed/catalog 二级命令节点 object_path 下，可挂入该二级节点；需确认分组是否过粗,SF,小区服务参数管理（总体）,FAP 载波基本配置,Device.Services.FAPService.{i}.,,json_seed_and_catalog_existing_group,omcgo/internal/config/parammodel/mmlstandardloader/seeds/cmcc_tdlte_v23.json; omcgo/datamodels/mml-catalog/cmcc-tdlte-v2.3.json,YES_EXISTING_JSON_PARENT_GROUP,existing_mml_parent_object_group,READ_WRITE,STRING,{i},Device.Services.FAPService.{i}.CellConfig.{i}.NR.RAN.Mobility.ConnMode.NR.A1MeasureCtrl.{i}.,
Device.Services.FAPService.{i}.CellConfig.{i}.NR.RAN.Mobility.ConnMode.NR.A1MeasureCtrl.{i}.PLMNID,yes,existing_command_object_parent,medium,path 位于当前 MML seed/catalog 二级命令节点 object_path 下，可挂入该二级节点；需确认分组是否过粗,SF,小区服务参数管理（总体）,FAP 载波基本配置,Device.Services.FAPService.{i}.,,json_seed_and_catalog_existing_group,omcgo/internal/config/parammodel/mmlstandardloader/seeds/cmcc_tdlte_v23.json; omcgo/datamodels/mml-catalog/cmcc-tdlte-v2.3.json,YES_EXISTING_JSON_PARENT_GROUP,existing_mml_parent_object_group,READ_WRITE,STRING,{i},Device.Services.FAPService.{i}.CellConfig.{i}.NR.RAN.Mobility.ConnMode.NR.A1MeasureCtrl.{i}.,
Device.Services.FAPService.{i}.CellConfig.{i}.NR.RAN.Mobility.ConnMode.NR.A1MeasureCtrl.{i}.ReportAmount,yes,existing_command_object_parent,medium,path 位于当前 MML seed/catalog 二级命令节点 object_path 下，可挂入该二级节点；需确认分组是否过粗,SF,小区服务参数管理（总体）,FAP 载波基本配置,Device.Services.FAPService.{i}.,,json_seed_and_catalog_existing_group,omcgo/internal/config/parammodel/mmlstandardloader/seeds/cmcc_tdlte_v23.json; omcgo/datamodels/mml-catalog/cmcc-tdlte-v2.3.json,YES_EXISTING_JSON_PARENT_GROUP,existing_mml_parent_object_group,READ_WRITE,STRING,{i},Device.Services.FAPService.{i}.CellConfig.{i}.NR.RAN.Mobility.ConnMode.NR.A1MeasureCtrl.{i}.,
Device.Services.FAPService.{i}.CellConfig.{i}.NR.RAN.Mobility.ConnMode.NR.A1MeasureCtrl.{i}.ReportInterval,yes,existing_command_object_parent,medium,path 位于当前 MML seed/catalog 二级命令节点 object_path 下，可挂入该二级节点；需确认分组是否过粗,SF,小区服务参数管理（总体）,FAP 载波基本配置,Device.Services.FAPService.{i}.,,json_seed_and_catalog_existing_group,omcgo/internal/config/parammodel/mmlstandardloader/seeds/cmcc_tdlte_v23.json; omcgo/datamodels/mml-catalog/cmcc-tdlte-v2.3.json,YES_EXISTING_JSON_PARENT_GROUP,existing_mml_parent_object_group,READ_WRITE,STRING,{i},Device.Services.FAPService.{i}.CellConfig.{i}.NR.RAN.Mobility.ConnMode.NR.A1MeasureCtrl.{i}.,
Device.Services.FAPService.{i}.CellConfig.{i}.NR.RAN.Mobility.ConnMode.NR.A1MeasureCtrl.{i}.ReportOnLeave,yes,existing_command_object_parent,medium,path 位于当前 MML seed/catalog 二级命令节点 object_path 下，可挂入该二级节点；需确认分组是否过粗,SF,小区服务参数管理（总体）,FAP 载波基本配置,Device.Services.FAPService.{i}.,,json_seed_and_catalog_existing_group,omcgo/internal/config/parammodel/mmlstandardloader/seeds/cmcc_tdlte_v23.json; omcgo/datamodels/mml-catalog/cmcc-tdlte-v2.3.json,YES_EXISTING_JSON_PARENT_GROUP,existing_mml_parent_object_group,READ_WRITE,STRING,{i},Device.Services.FAPService.{i}.CellConfig.{i}.NR.RAN.Mobility.ConnMode.NR.A1MeasureCtrl.{i}.,
Device.Services.FAPService.{i}.CellConfig.{i}.NR.RAN.Mobility.ConnMode.NR.A1MeasureCtrl.{i}.ReportQuantityCell,yes,existing_command_object_parent,medium,path 位于当前 MML seed/catalog 二级命令节点 object_path 下，可挂入该二级节点；需确认分组是否过粗,SF,小区服务参数管理（总体）,FAP 载波基本配置,Device.Services.FAPService.{i}.,,json_seed_and_catalog_existing_group,omcgo/internal/config/parammodel/mmlstandardloader/seeds/cmcc_tdlte_v23.json; omcgo/datamodels/mml-catalog/cmcc-tdlte-v2.3.json,YES_EXISTING_JSON_PARENT_GROUP,existing_mml_parent_object_group,READ_WRITE,STRING,{i},Device.Services.FAPService.{i}.CellConfig.{i}.NR.RAN.Mobility.ConnMode.NR.A1MeasureCtrl.{i}.,
Device.Services.FAPService.{i}.CellConfig.{i}.NR.RAN.Mobility.ConnMode.NR.A1MeasureCtrl.{i}.RptQuantityRsIndex,yes,existing_command_object_parent,medium,path 位于当前 MML seed/catalog 二级命令节点 object_path 下，可挂入该二级节点；需确认分组是否过粗,SF,小区服务参数管理（总体）,FAP 载波基本配置,Device.Services.FAPService.{i}.,,json_seed_and_catalog_existing_group,omcgo/internal/config/parammodel/mmlstandardloader/seeds/cmcc_tdlte_v23.json; omcgo/datamodels/mml-catalog/cmcc-tdlte-v2.3.json,YES_EXISTING_JSON_PARENT_GROUP,existing_mml_parent_object_group,READ_WRITE,STRING,{i},Device.Services.FAPService.{i}.CellConfig.{i}.NR.RAN.Mobility.ConnMode.NR.A1MeasureCtrl.{i}.,
Device.Services.FAPService.{i}.CellConfig.{i}.NR.RAN.Mobility.ConnMode.NR.A1MeasureCtrl.{i}.RsType,yes,existing_command_object_parent,medium,path 位于当前 MML seed/catalog 二级命令节点 object_path 下，可挂入该二级节点；需确认分组是否过粗,SF,小区服务参数管理（总体）,FAP 载波基本配置,Device.Services.FAPService.{i}.,,json_seed_and_catalog_existing_group,omcgo/internal/config/parammodel/mmlstandardloader/seeds/cmcc_tdlte_v23.json; omcgo/datamodels/mml-catalog/cmcc-tdlte-v2.3.json,YES_EXISTING_JSON_PARENT_GROUP,existing_mml_parent_object_group,READ_WRITE,STRING,{i},Device.Services.FAPService.{i}.CellConfig.{i}.NR.RAN.Mobility.ConnMode.NR.A1MeasureCtrl.{i}.,
Device.Services.FAPService.{i}.CellConfig.{i}.NR.RAN.Mobility.ConnMode.NR.A1MeasureCtrl.{i}.ThresholdTriggerType,yes,existing_command_object_parent,medium,path 位于当前 MML seed/catalog 二级命令节点 object_path 下，可挂入该二级节点；需确认分组是否过粗,SF,小区服务参数管理（总体）,FAP 载波基本配置,Device.Services.FAPService.{i}.,,json_seed_and_catalog_existing_group,omcgo/internal/config/parammodel/mmlstandardloader/seeds/cmcc_tdlte_v23.json; omcgo/datamodels/mml-catalog/cmcc-tdlte-v2.3.json,YES_EXISTING_JSON_PARENT_GROUP,existing_mml_parent_object_group,READ_WRITE,STRING,{i},Device.Services.FAPService.{i}.CellConfig.{i}.NR.RAN.Mobility.ConnMode.NR.A1MeasureCtrl.{i}.,
Device.Services.FAPService.{i}.CellConfig.{i}.NR.RAN.Mobility.ConnMode.NR.A1MeasureCtrl.{i}.TimeToTrigger,yes,existing_command_object_parent,medium,path 位于当前 MML seed/catalog 二级命令节点 object_path 下，可挂入该二级节点；需确认分组是否过粗,SF,小区服务参数管理（总体）,FAP 载波基本配置,Device.Services.FAPService.{i}.,,json_seed_and_catalog_existing_group,omcgo/internal/config/parammodel/mmlstandardloader/seeds/cmcc_tdlte_v23.json; omcgo/datamodels/mml-catalog/cmcc-tdlte-v2.3.json,YES_EXISTING_JSON_PARENT_GROUP,existing_mml_parent_object_group,READ_WRITE,STRING,{i},Device.Services.FAPService.{i}.CellConfig.{i}.NR.RAN.Mobility.ConnMode.NR.A1MeasureCtrl.{i}.,
Device.Services.FAPService.{i}.CellConfig.{i}.NR.RAN.Mobility.ConnMode.NR.A2MeasureCtrl.{i}.A2ThresholdRSRP,yes,existing_command_object_parent,medium,path 位于当前 MML seed/catalog 二级命令节点 object_path 下，可挂入该二级节点；需确认分组是否过粗,SF,小区服务参数管理（总体）,FAP 载波基本配置,Device.Services.FAPService.{i}.,,json_seed_and_catalog_existing_group,omcgo/internal/config/parammodel/mmlstandardloader/seeds/cmcc_tdlte_v23.json; omcgo/datamodels/mml-catalog/cmcc-tdlte-v2.3.json,YES_EXISTING_JSON_PARENT_GROUP,existing_mml_parent_object_group,READ_WRITE,STRING,{i},Device.Services.FAPService.{i}.CellConfig.{i}.NR.RAN.Mobility.ConnMode.NR.A2MeasureCtrl.{i}.,
Device.Services.FAPService.{i}.CellConfig.{i}.NR.RAN.Mobility.ConnMode.NR.A2MeasureCtrl.{i}.A2ThresholdRSRQ,yes,existing_command_object_parent,medium,path 位于当前 MML seed/catalog 二级命令节点 object_path 下，可挂入该二级节点；需确认分组是否过粗,SF,小区服务参数管理（总体）,FAP 载波基本配置,Device.Services.FAPService.{i}.,,json_seed_and_catalog_existing_group,omcgo/internal/config/parammodel/mmlstandardloader/seeds/cmcc_tdlte_v23.json; omcgo/datamodels/mml-catalog/cmcc-tdlte-v2.3.json,YES_EXISTING_JSON_PARENT_GROUP,existing_mml_parent_object_group,READ_WRITE,STRING,{i},Device.Services.FAPService.{i}.CellConfig.{i}.NR.RAN.Mobility.ConnMode.NR.A2MeasureCtrl.{i}.,
Device.Services.FAPService.{i}.CellConfig.{i}.NR.RAN.Mobility.ConnMode.NR.A2MeasureCtrl.{i}.A2ThresholdSINR,yes,existing_command_object_parent,medium,path 位于当前 MML seed/catalog 二级命令节点 object_path 下，可挂入该二级节点；需确认分组是否过粗,SF,小区服务参数管理（总体）,FAP 载波基本配置,Device.Services.FAPService.{i}.,,json_seed_and_catalog_existing_group,omcgo/internal/config/parammodel/mmlstandardloader/seeds/cmcc_tdlte_v23.json; omcgo/datamodels/mml-catalog/cmcc-tdlte-v2.3.json,YES_EXISTING_JSON_PARENT_GROUP,existing_mml_parent_object_group,READ_WRITE,STRING,{i},Device.Services.FAPService.{i}.CellConfig.{i}.NR.RAN.Mobility.ConnMode.NR.A2MeasureCtrl.{i}.,
Device.Services.FAPService.{i}.CellConfig.{i}.NR.RAN.Mobility.ConnMode.NR.A2MeasureCtrl.{i}.Enable,yes,existing_command_object_parent,medium,path 位于当前 MML seed/catalog 二级命令节点 object_path 下，可挂入该二级节点；需确认分组是否过粗,SF,小区服务参数管理（总体）,FAP 载波基本配置,Device.Services.FAPService.{i}.,,json_seed_and_catalog_existing_group,omcgo/internal/config/parammodel/mmlstandardloader/seeds/cmcc_tdlte_v23.json; omcgo/datamodels/mml-catalog/cmcc-tdlte-v2.3.json,YES_EXISTING_JSON_PARENT_GROUP,existing_mml_parent_object_group,READ_WRITE,STRING,{i},Device.Services.FAPService.{i}.CellConfig.{i}.NR.RAN.Mobility.ConnMode.NR.A2MeasureCtrl.{i}.,
Device.Services.FAPService.{i}.CellConfig.{i}.NR.RAN.Mobility.ConnMode.NR.A2MeasureCtrl.{i}.Hysteresis,yes,existing_command_object_parent,medium,path 位于当前 MML seed/catalog 二级命令节点 object_path 下，可挂入该二级节点；需确认分组是否过粗,SF,小区服务参数管理（总体）,FAP 载波基本配置,Device.Services.FAPService.{i}.,,json_seed_and_catalog_existing_group,omcgo/internal/config/parammodel/mmlstandardloader/seeds/cmcc_tdlte_v23.json; omcgo/datamodels/mml-catalog/cmcc-tdlte-v2.3.json,YES_EXISTING_JSON_PARENT_GROUP,existing_mml_parent_object_group,READ_WRITE,STRING,{i},Device.Services.FAPService.{i}.CellConfig.{i}.NR.RAN.Mobility.ConnMode.NR.A2MeasureCtrl.{i}.,
Device.Services.FAPService.{i}.CellConfig.{i}.NR.RAN.Mobility.ConnMode.NR.A2MeasureCtrl.{i}.IncludeBeamMeasurements,yes,existing_command_object_parent,medium,path 位于当前 MML seed/catalog 二级命令节点 object_path 下，可挂入该二级节点；需确认分组是否过粗,SF,小区服务参数管理（总体）,FAP 载波基本配置,Device.Services.FAPService.{i}.,,json_seed_and_catalog_existing_group,omcgo/internal/config/parammodel/mmlstandardloader/seeds/cmcc_tdlte_v23.json; omcgo/datamodels/mml-catalog/cmcc-tdlte-v2.3.json,YES_EXISTING_JSON_PARENT_GROUP,existing_mml_parent_object_group,READ_WRITE,STRING,{i},Device.Services.FAPService.{i}.CellConfig.{i}.NR.RAN.Mobility.ConnMode.NR.A2MeasureCtrl.{i}.,
Device.Services.FAPService.{i}.CellConfig.{i}.NR.RAN.Mobility.ConnMode.NR.A2MeasureCtrl.{i}.MaxNrofRSIndexToReport,yes,existing_command_object_parent,medium,path 位于当前 MML seed/catalog 二级命令节点 object_path 下，可挂入该二级节点；需确认分组是否过粗,SF,小区服务参数管理（总体）,FAP 载波基本配置,Device.Services.FAPService.{i}.,,json_seed_and_catalog_existing_group,omcgo/internal/config/parammodel/mmlstandardloader/seeds/cmcc_tdlte_v23.json; omcgo/datamodels/mml-catalog/cmcc-tdlte-v2.3.json,YES_EXISTING_JSON_PARENT_GROUP,existing_mml_parent_object_group,READ_WRITE,STRING,{i},Device.Services.FAPService.{i}.CellConfig.{i}.NR.RAN.Mobility.ConnMode.NR.A2MeasureCtrl.{i}.,
Device.Services.FAPService.{i}.CellConfig.{i}.NR.RAN.Mobility.ConnMode.NR.A2MeasureCtrl.{i}.MaxReportCells,yes,existing_command_object_parent,medium,path 位于当前 MML seed/catalog 二级命令节点 object_path 下，可挂入该二级节点；需确认分组是否过粗,SF,小区服务参数管理（总体）,FAP 载波基本配置,Device.Services.FAPService.{i}.,,json_seed_and_catalog_existing_group,omcgo/internal/config/parammodel/mmlstandardloader/seeds/cmcc_tdlte_v23.json; omcgo/datamodels/mml-catalog/cmcc-tdlte-v2.3.json,YES_EXISTING_JSON_PARENT_GROUP,existing_mml_parent_object_group,READ_WRITE,STRING,{i},Device.Services.FAPService.{i}.CellConfig.{i}.NR.RAN.Mobility.ConnMode.NR.A2MeasureCtrl.{i}.,
Device.Services.FAPService.{i}.CellConfig.{i}.NR.RAN.Mobility.ConnMode.NR.A2MeasureCtrl.{i}.MeasurePurpose,yes,existing_command_object_parent,medium,path 位于当前 MML seed/catalog 二级命令节点 object_path 下，可挂入该二级节点；需确认分组是否过粗,SF,小区服务参数管理（总体）,FAP 载波基本配置,Device.Services.FAPService.{i}.,,json_seed_and_catalog_existing_group,omcgo/internal/config/parammodel/mmlstandardloader/seeds/cmcc_tdlte_v23.json; omcgo/datamodels/mml-catalog/cmcc-tdlte-v2.3.json,YES_EXISTING_JSON_PARENT_GROUP,existing_mml_parent_object_group,READ_WRITE,STRING,{i},Device.Services.FAPService.{i}.CellConfig.{i}.NR.RAN.Mobility.ConnMode.NR.A2MeasureCtrl.{i}.,
Device.Services.FAPService.{i}.CellConfig.{i}.NR.RAN.Mobility.ConnMode.NR.A2MeasureCtrl.{i}.PLMNID,yes,existing_command_object_parent,medium,path 位于当前 MML seed/catalog 二级命令节点 object_path 下，可挂入该二级节点；需确认分组是否过粗,SF,小区服务参数管理（总体）,FAP 载波基本配置,Device.Services.FAPService.{i}.,,json_seed_and_catalog_existing_group,omcgo/internal/config/parammodel/mmlstandardloader/seeds/cmcc_tdlte_v23.json; omcgo/datamodels/mml-catalog/cmcc-tdlte-v2.3.json,YES_EXISTING_JSON_PARENT_GROUP,existing_mml_parent_object_group,READ_WRITE,STRING,{i},Device.Services.FAPService.{i}.CellConfig.{i}.NR.RAN.Mobility.ConnMode.NR.A2MeasureCtrl.{i}.,
Device.Services.FAPService.{i}.CellConfig.{i}.NR.RAN.Mobility.ConnMode.NR.A2MeasureCtrl.{i}.ReportAmount,yes,existing_command_object_parent,medium,path 位于当前 MML seed/catalog 二级命令节点 object_path 下，可挂入该二级节点；需确认分组是否过粗,SF,小区服务参数管理（总体）,FAP 载波基本配置,Device.Services.FAPService.{i}.,,json_seed_and_catalog_existing_group,omcgo/internal/config/parammodel/mmlstandardloader/seeds/cmcc_tdlte_v23.json; omcgo/datamodels/mml-catalog/cmcc-tdlte-v2.3.json,YES_EXISTING_JSON_PARENT_GROUP,existing_mml_parent_object_group,READ_WRITE,STRING,{i},Device.Services.FAPService.{i}.CellConfig.{i}.NR.RAN.Mobility.ConnMode.NR.A2MeasureCtrl.{i}.,
Device.Services.FAPService.{i}.CellConfig.{i}.NR.RAN.Mobility.ConnMode.NR.A2MeasureCtrl.{i}.ReportInterval,yes,existing_command_object_parent,medium,path 位于当前 MML seed/catalog 二级命令节点 object_path 下，可挂入该二级节点；需确认分组是否过粗,SF,小区服务参数管理（总体）,FAP 载波基本配置,Device.Services.FAPService.{i}.,,json_seed_and_catalog_existing_group,omcgo/internal/config/parammodel/mmlstandardloader/seeds/cmcc_tdlte_v23.json; omcgo/datamodels/mml-catalog/cmcc-tdlte-v2.3.json,YES_EXISTING_JSON_PARENT_GROUP,existing_mml_parent_object_group,READ_WRITE,STRING,{i},Device.Services.FAPService.{i}.CellConfig.{i}.NR.RAN.Mobility.ConnMode.NR.A2MeasureCtrl.{i}.,
Device.Services.FAPService.{i}.CellConfig.{i}.NR.RAN.Mobility.ConnMode.NR.A2MeasureCtrl.{i}.ReportOnLeave,yes,existing_command_object_parent,medium,path 位于当前 MML seed/catalog 二级命令节点 object_path 下，可挂入该二级节点；需确认分组是否过粗,SF,小区服务参数管理（总体）,FAP 载波基本配置,Device.Services.FAPService.{i}.,,json_seed_and_catalog_existing_group,omcgo/internal/config/parammodel/mmlstandardloader/seeds/cmcc_tdlte_v23.json; omcgo/datamodels/mml-catalog/cmcc-tdlte-v2.3.json,YES_EXISTING_JSON_PARENT_GROUP,existing_mml_parent_object_group,READ_WRITE,STRING,{i},Device.Services.FAPService.{i}.CellConfig.{i}.NR.RAN.Mobility.ConnMode.NR.A2MeasureCtrl.{i}.,
Device.Services.FAPService.{i}.CellConfig.{i}.NR.RAN.Mobility.ConnMode.NR.A2MeasureCtrl.{i}.ReportQuantityCell,yes,existing_command_object_parent,medium,path 位于当前 MML seed/catalog 二级命令节点 object_path 下，可挂入该二级节点；需确认分组是否过粗,SF,小区服务参数管理（总体）,FAP 载波基本配置,Device.Services.FAPService.{i}.,,json_seed_and_catalog_existing_group,omcgo/internal/config/parammodel/mmlstandardloader/seeds/cmcc_tdlte_v23.json; omcgo/datamodels/mml-catalog/cmcc-tdlte-v2.3.json,YES_EXISTING_JSON_PARENT_GROUP,existing_mml_parent_object_group,READ_WRITE,STRING,{i},Device.Services.FAPService.{i}.CellConfig.{i}.NR.RAN.Mobility.ConnMode.NR.A2MeasureCtrl.{i}.,
Device.Services.FAPService.{i}.CellConfig.{i}.NR.RAN.Mobility.ConnMode.NR.A2MeasureCtrl.{i}.RptQuantityRsIndex,yes,existing_command_object_parent,medium,path 位于当前 MML seed/catalog 二级命令节点 object_path 下，可挂入该二级节点；需确认分组是否过粗,SF,小区服务参数管理（总体）,FAP 载波基本配置,Device.Services.FAPService.{i}.,,json_seed_and_catalog_existing_group,omcgo/internal/config/parammodel/mmlstandardloader/seeds/cmcc_tdlte_v23.json; omcgo/datamodels/mml-catalog/cmcc-tdlte-v2.3.json,YES_EXISTING_JSON_PARENT_GROUP,existing_mml_parent_object_group,READ_WRITE,STRING,{i},Device.Services.FAPService.{i}.CellConfig.{i}.NR.RAN.Mobility.ConnMode.NR.A2MeasureCtrl.{i}.,
Device.Services.FAPService.{i}.CellConfig.{i}.NR.RAN.Mobility.ConnMode.NR.A2MeasureCtrl.{i}.RsType,yes,existing_command_object_parent,medium,path 位于当前 MML seed/catalog 二级命令节点 object_path 下，可挂入该二级节点；需确认分组是否过粗,SF,小区服务参数管理（总体）,FAP 载波基本配置,Device.Services.FAPService.{i}.,,json_seed_and_catalog_existing_group,omcgo/internal/config/parammodel/mmlstandardloader/seeds/cmcc_tdlte_v23.json; omcgo/datamodels/mml-catalog/cmcc-tdlte-v2.3.json,YES_EXISTING_JSON_PARENT_GROUP,existing_mml_parent_object_group,READ_WRITE,STRING,{i},Device.Services.FAPService.{i}.CellConfig.{i}.NR.RAN.Mobility.ConnMode.NR.A2MeasureCtrl.{i}.,
Device.Services.FAPService.{i}.CellConfig.{i}.NR.RAN.Mobility.ConnMode.NR.A2MeasureCtrl.{i}.ThresholdTriggerType,yes,existing_command_object_parent,medium,path 位于当前 MML seed/catalog 二级命令节点 object_path 下，可挂入该二级节点；需确认分组是否过粗,SF,小区服务参数管理（总体）,FAP 载波基本配置,Device.Services.FAPService.{i}.,,json_seed_and_catalog_existing_group,omcgo/internal/config/parammodel/mmlstandardloader/seeds/cmcc_tdlte_v23.json; omcgo/datamodels/mml-catalog/cmcc-tdlte-v2.3.json,YES_EXISTING_JSON_PARENT_GROUP,existing_mml_parent_object_group,READ_WRITE,STRING,{i},Device.Services.FAPService.{i}.CellConfig.{i}.NR.RAN.Mobility.ConnMode.NR.A2MeasureCtrl.{i}.,
Device.Services.FAPService.{i}.CellConfig.{i}.NR.RAN.Mobility.ConnMode.NR.A2MeasureCtrl.{i}.TimeToTrigger,yes,existing_command_object_parent,medium,path 位于当前 MML seed/catalog 二级命令节点 object_path 下，可挂入该二级节点；需确认分组是否过粗,SF,小区服务参数管理（总体）,FAP 载波基本配置,Device.Services.FAPService.{i}.,,json_seed_and_catalog_existing_group,omcgo/internal/config/parammodel/mmlstandardloader/seeds/cmcc_tdlte_v23.json; omcgo/datamodels/mml-catalog/cmcc-tdlte-v2.3.json,YES_EXISTING_JSON_PARENT_GROUP,existing_mml_parent_object_group,READ_WRITE,STRING,{i},Device.Services.FAPService.{i}.CellConfig.{i}.NR.RAN.Mobility.ConnMode.NR.A2MeasureCtrl.{i}.,
Device.Services.FAPService.{i}.CellConfig.{i}.NR.RAN.Mobility.ConnMode.NR.A3MeasureCtrl.{i}.A3OffsetRSRP,yes,existing_command_object_parent,medium,path 位于当前 MML seed/catalog 二级命令节点 object_path 下，可挂入该二级节点；需确认分组是否过粗,SF,小区服务参数管理（总体）,FAP 载波基本配置,Device.Services.FAPService.{i}.,,json_seed_and_catalog_existing_group,omcgo/internal/config/parammodel/mmlstandardloader/seeds/cmcc_tdlte_v23.json; omcgo/datamodels/mml-catalog/cmcc-tdlte-v2.3.json,YES_EXISTING_JSON_PARENT_GROUP,existing_mml_parent_object_group,READ_WRITE,STRING,{i},Device.Services.FAPService.{i}.CellConfig.{i}.NR.RAN.Mobility.ConnMode.NR.A3MeasureCtrl.{i}.,
Device.Services.FAPService.{i}.CellConfig.{i}.NR.RAN.Mobility.ConnMode.NR.A3MeasureCtrl.{i}.A3OffsetRSRQ,yes,existing_command_object_parent,medium,path 位于当前 MML seed/catalog 二级命令节点 object_path 下，可挂入该二级节点；需确认分组是否过粗,SF,小区服务参数管理（总体）,FAP 载波基本配置,Device.Services.FAPService.{i}.,,json_seed_and_catalog_existing_group,omcgo/internal/config/parammodel/mmlstandardloader/seeds/cmcc_tdlte_v23.json; omcgo/datamodels/mml-catalog/cmcc-tdlte-v2.3.json,YES_EXISTING_JSON_PARENT_GROUP,existing_mml_parent_object_group,READ_WRITE,STRING,{i},Device.Services.FAPService.{i}.CellConfig.{i}.NR.RAN.Mobility.ConnMode.NR.A3MeasureCtrl.{i}.,
Device.Services.FAPService.{i}.CellConfig.{i}.NR.RAN.Mobility.ConnMode.NR.A3MeasureCtrl.{i}.A3OffsetSINR,yes,existing_command_object_parent,medium,path 位于当前 MML seed/catalog 二级命令节点 object_path 下，可挂入该二级节点；需确认分组是否过粗,SF,小区服务参数管理（总体）,FAP 载波基本配置,Device.Services.FAPService.{i}.,,json_seed_and_catalog_existing_group,omcgo/internal/config/parammodel/mmlstandardloader/seeds/cmcc_tdlte_v23.json; omcgo/datamodels/mml-catalog/cmcc-tdlte-v2.3.json,YES_EXISTING_JSON_PARENT_GROUP,existing_mml_parent_object_group,READ_WRITE,STRING,{i},Device.Services.FAPService.{i}.CellConfig.{i}.NR.RAN.Mobility.ConnMode.NR.A3MeasureCtrl.{i}.,
Device.Services.FAPService.{i}.CellConfig.{i}.NR.RAN.Mobility.ConnMode.NR.A3MeasureCtrl.{i}.Enable,yes,existing_command_object_parent,medium,path 位于当前 MML seed/catalog 二级命令节点 object_path 下，可挂入该二级节点；需确认分组是否过粗,SF,小区服务参数管理（总体）,FAP 载波基本配置,Device.Services.FAPService.{i}.,,json_seed_and_catalog_existing_group,omcgo/internal/config/parammodel/mmlstandardloader/seeds/cmcc_tdlte_v23.json; omcgo/datamodels/mml-catalog/cmcc-tdlte-v2.3.json,YES_EXISTING_JSON_PARENT_GROUP,existing_mml_parent_object_group,READ_WRITE,STRING,{i},Device.Services.FAPService.{i}.CellConfig.{i}.NR.RAN.Mobility.ConnMode.NR.A3MeasureCtrl.{i}.,
Device.Services.FAPService.{i}.CellConfig.{i}.NR.RAN.Mobility.ConnMode.NR.A3MeasureCtrl.{i}.Hysteresis,yes,existing_command_object_parent,medium,path 位于当前 MML seed/catalog 二级命令节点 object_path 下，可挂入该二级节点；需确认分组是否过粗,SF,小区服务参数管理（总体）,FAP 载波基本配置,Device.Services.FAPService.{i}.,,json_seed_and_catalog_existing_group,omcgo/internal/config/parammodel/mmlstandardloader/seeds/cmcc_tdlte_v23.json; omcgo/datamodels/mml-catalog/cmcc-tdlte-v2.3.json,YES_EXISTING_JSON_PARENT_GROUP,existing_mml_parent_object_group,READ_WRITE,STRING,{i},Device.Services.FAPService.{i}.CellConfig.{i}.NR.RAN.Mobility.ConnMode.NR.A3MeasureCtrl.{i}.,
Device.Services.FAPService.{i}.CellConfig.{i}.NR.RAN.Mobility.ConnMode.NR.A3MeasureCtrl.{i}.IncludeBeamMeasurements,yes,existing_command_object_parent,medium,path 位于当前 MML seed/catalog 二级命令节点 object_path 下，可挂入该二级节点；需确认分组是否过粗,SF,小区服务参数管理（总体）,FAP 载波基本配置,Device.Services.FAPService.{i}.,,json_seed_and_catalog_existing_group,omcgo/internal/config/parammodel/mmlstandardloader/seeds/cmcc_tdlte_v23.json; omcgo/datamodels/mml-catalog/cmcc-tdlte-v2.3.json,YES_EXISTING_JSON_PARENT_GROUP,existing_mml_parent_object_group,READ_WRITE,STRING,{i},Device.Services.FAPService.{i}.CellConfig.{i}.NR.RAN.Mobility.ConnMode.NR.A3MeasureCtrl.{i}.,
Device.Services.FAPService.{i}.CellConfig.{i}.NR.RAN.Mobility.ConnMode.NR.A3MeasureCtrl.{i}.MaxNrofRSIndexToReport,yes,existing_command_object_parent,medium,path 位于当前 MML seed/catalog 二级命令节点 object_path 下，可挂入该二级节点；需确认分组是否过粗,SF,小区服务参数管理（总体）,FAP 载波基本配置,Device.Services.FAPService.{i}.,,json_seed_and_catalog_existing_group,omcgo/internal/config/parammodel/mmlstandardloader/seeds/cmcc_tdlte_v23.json; omcgo/datamodels/mml-catalog/cmcc-tdlte-v2.3.json,YES_EXISTING_JSON_PARENT_GROUP,existing_mml_parent_object_group,READ_WRITE,STRING,{i},Device.Services.FAPService.{i}.CellConfig.{i}.NR.RAN.Mobility.ConnMode.NR.A3MeasureCtrl.{i}.,
Device.Services.FAPService.{i}.CellConfig.{i}.NR.RAN.Mobility.ConnMode.NR.A3MeasureCtrl.{i}.MaxReportCells,yes,existing_command_object_parent,medium,path 位于当前 MML seed/catalog 二级命令节点 object_path 下，可挂入该二级节点；需确认分组是否过粗,SF,小区服务参数管理（总体）,FAP 载波基本配置,Device.Services.FAPService.{i}.,,json_seed_and_catalog_existing_group,omcgo/internal/config/parammodel/mmlstandardloader/seeds/cmcc_tdlte_v23.json; omcgo/datamodels/mml-catalog/cmcc-tdlte-v2.3.json,YES_EXISTING_JSON_PARENT_GROUP,existing_mml_parent_object_group,READ_WRITE,STRING,{i},Device.Services.FAPService.{i}.CellConfig.{i}.NR.RAN.Mobility.ConnMode.NR.A3MeasureCtrl.{i}.,
Device.Services.FAPService.{i}.CellConfig.{i}.NR.RAN.Mobility.ConnMode.NR.A3MeasureCtrl.{i}.MeasurePurpose,yes,existing_command_object_parent,medium,path 位于当前 MML seed/catalog 二级命令节点 object_path 下，可挂入该二级节点；需确认分组是否过粗,SF,小区服务参数管理（总体）,FAP 载波基本配置,Device.Services.FAPService.{i}.,,json_seed_and_catalog_existing_group,omcgo/internal/config/parammodel/mmlstandardloader/seeds/cmcc_tdlte_v23.json; omcgo/datamodels/mml-catalog/cmcc-tdlte-v2.3.json,YES_EXISTING_JSON_PARENT_GROUP,existing_mml_parent_object_group,READ_WRITE,STRING,{i},Device.Services.FAPService.{i}.CellConfig.{i}.NR.RAN.Mobility.ConnMode.NR.A3MeasureCtrl.{i}.,
Device.Services.FAPService.{i}.CellConfig.{i}.NR.RAN.Mobility.ConnMode.NR.A3MeasureCtrl.{i}.PLMNID,yes,existing_command_object_parent,medium,path 位于当前 MML seed/catalog 二级命令节点 object_path 下，可挂入该二级节点；需确认分组是否过粗,SF,小区服务参数管理（总体）,FAP 载波基本配置,Device.Services.FAPService.{i}.,,json_seed_and_catalog_existing_group,omcgo/internal/config/parammodel/mmlstandardloader/seeds/cmcc_tdlte_v23.json; omcgo/datamodels/mml-catalog/cmcc-tdlte-v2.3.json,YES_EXISTING_JSON_PARENT_GROUP,existing_mml_parent_object_group,READ_WRITE,STRING,{i},Device.Services.FAPService.{i}.CellConfig.{i}.NR.RAN.Mobility.ConnMode.NR.A3MeasureCtrl.{i}.,
Device.Services.FAPService.{i}.CellConfig.{i}.NR.RAN.Mobility.ConnMode.NR.A3MeasureCtrl.{i}.ReportAmount,yes,existing_command_object_parent,medium,path 位于当前 MML seed/catalog 二级命令节点 object_path 下，可挂入该二级节点；需确认分组是否过粗,SF,小区服务参数管理（总体）,FAP 载波基本配置,Device.Services.FAPService.{i}.,,json_seed_and_catalog_existing_group,omcgo/internal/config/parammodel/mmlstandardloader/seeds/cmcc_tdlte_v23.json; omcgo/datamodels/mml-catalog/cmcc-tdlte-v2.3.json,YES_EXISTING_JSON_PARENT_GROUP,existing_mml_parent_object_group,READ_WRITE,STRING,{i},Device.Services.FAPService.{i}.CellConfig.{i}.NR.RAN.Mobility.ConnMode.NR.A3MeasureCtrl.{i}.,
Device.Services.FAPService.{i}.CellConfig.{i}.NR.RAN.Mobility.ConnMode.NR.A3MeasureCtrl.{i}.ReportInterval,yes,existing_command_object_parent,medium,path 位于当前 MML seed/catalog 二级命令节点 object_path 下，可挂入该二级节点；需确认分组是否过粗,SF,小区服务参数管理（总体）,FAP 载波基本配置,Device.Services.FAPService.{i}.,,json_seed_and_catalog_existing_group,omcgo/internal/config/parammodel/mmlstandardloader/seeds/cmcc_tdlte_v23.json; omcgo/datamodels/mml-catalog/cmcc-tdlte-v2.3.json,YES_EXISTING_JSON_PARENT_GROUP,existing_mml_parent_object_group,READ_WRITE,STRING,{i},Device.Services.FAPService.{i}.CellConfig.{i}.NR.RAN.Mobility.ConnMode.NR.A3MeasureCtrl.{i}.,
Device.Services.FAPService.{i}.CellConfig.{i}.NR.RAN.Mobility.ConnMode.NR.A3MeasureCtrl.{i}.ReportOnLeave,yes,existing_command_object_parent,medium,path 位于当前 MML seed/catalog 二级命令节点 object_path 下，可挂入该二级节点；需确认分组是否过粗,SF,小区服务参数管理（总体）,FAP 载波基本配置,Device.Services.FAPService.{i}.,,json_seed_and_catalog_existing_group,omcgo/internal/config/parammodel/mmlstandardloader/seeds/cmcc_tdlte_v23.json; omcgo/datamodels/mml-catalog/cmcc-tdlte-v2.3.json,YES_EXISTING_JSON_PARENT_GROUP,existing_mml_parent_object_group,READ_WRITE,STRING,{i},Device.Services.FAPService.{i}.CellConfig.{i}.NR.RAN.Mobility.ConnMode.NR.A3MeasureCtrl.{i}.,
Device.Services.FAPService.{i}.CellConfig.{i}.NR.RAN.Mobility.ConnMode.NR.A3MeasureCtrl.{i}.ReportQuantityCell,yes,existing_command_object_parent,medium,path 位于当前 MML seed/catalog 二级命令节点 object_path 下，可挂入该二级节点；需确认分组是否过粗,SF,小区服务参数管理（总体）,FAP 载波基本配置,Device.Services.FAPService.{i}.,,json_seed_and_catalog_existing_group,omcgo/internal/config/parammodel/mmlstandardloader/seeds/cmcc_tdlte_v23.json; omcgo/datamodels/mml-catalog/cmcc-tdlte-v2.3.json,YES_EXISTING_JSON_PARENT_GROUP,existing_mml_parent_object_group,READ_WRITE,STRING,{i},Device.Services.FAPService.{i}.CellConfig.{i}.NR.RAN.Mobility.ConnMode.NR.A3MeasureCtrl.{i}.,
Device.Services.FAPService.{i}.CellConfig.{i}.NR.RAN.Mobility.ConnMode.NR.A3MeasureCtrl.{i}.RptQuantityRsIndex,yes,existing_command_object_parent,medium,path 位于当前 MML seed/catalog 二级命令节点 object_path 下，可挂入该二级节点；需确认分组是否过粗,SF,小区服务参数管理（总体）,FAP 载波基本配置,Device.Services.FAPService.{i}.,,json_seed_and_catalog_existing_group,omcgo/internal/config/parammodel/mmlstandardloader/seeds/cmcc_tdlte_v23.json; omcgo/datamodels/mml-catalog/cmcc-tdlte-v2.3.json,YES_EXISTING_JSON_PARENT_GROUP,existing_mml_parent_object_group,READ_WRITE,STRING,{i},Device.Services.FAPService.{i}.CellConfig.{i}.NR.RAN.Mobility.ConnMode.NR.A3MeasureCtrl.{i}.,
Device.Services.FAPService.{i}.CellConfig.{i}.NR.RAN.Mobility.ConnMode.NR.A3MeasureCtrl.{i}.RsType,yes,existing_command_object_parent,medium,path 位于当前 MML seed/catalog 二级命令节点 object_path 下，可挂入该二级节点；需确认分组是否过粗,SF,小区服务参数管理（总体）,FAP 载波基本配置,Device.Services.FAPService.{i}.,,json_seed_and_catalog_existing_group,omcgo/internal/config/parammodel/mmlstandardloader/seeds/cmcc_tdlte_v23.json; omcgo/datamodels/mml-catalog/cmcc-tdlte-v2.3.json,YES_EXISTING_JSON_PARENT_GROUP,existing_mml_parent_object_group,READ_WRITE,STRING,{i},Device.Services.FAPService.{i}.CellConfig.{i}.NR.RAN.Mobility.ConnMode.NR.A3MeasureCtrl.{i}.,
Device.Services.FAPService.{i}.CellConfig.{i}.NR.RAN.Mobility.ConnMode.NR.A3MeasureCtrl.{i}.ThresholdTriggerType,yes,existing_command_object_parent,medium,path 位于当前 MML seed/catalog 二级命令节点 object_path 下，可挂入该二级节点；需确认分组是否过粗,SF,小区服务参数管理（总体）,FAP 载波基本配置,Device.Services.FAPService.{i}.,,json_seed_and_catalog_existing_group,omcgo/internal/config/parammodel/mmlstandardloader/seeds/cmcc_tdlte_v23.json; omcgo/datamodels/mml-catalog/cmcc-tdlte-v2.3.json,YES_EXISTING_JSON_PARENT_GROUP,existing_mml_parent_object_group,READ_WRITE,STRING,{i},Device.Services.FAPService.{i}.CellConfig.{i}.NR.RAN.Mobility.ConnMode.NR.A3MeasureCtrl.{i}.,
Device.Services.FAPService.{i}.CellConfig.{i}.NR.RAN.Mobility.ConnMode.NR.A3MeasureCtrl.{i}.TimeToTrigger,yes,existing_command_object_parent,medium,path 位于当前 MML seed/catalog 二级命令节点 object_path 下，可挂入该二级节点；需确认分组是否过粗,SF,小区服务参数管理（总体）,FAP 载波基本配置,Device.Services.FAPService.{i}.,,json_seed_and_catalog_existing_group,omcgo/internal/config/parammodel/mmlstandardloader/seeds/cmcc_tdlte_v23.json; omcgo/datamodels/mml-catalog/cmcc-tdlte-v2.3.json,YES_EXISTING_JSON_PARENT_GROUP,existing_mml_parent_object_group,READ_WRITE,STRING,{i},Device.Services.FAPService.{i}.CellConfig.{i}.NR.RAN.Mobility.ConnMode.NR.A3MeasureCtrl.{i}.,
Device.Services.FAPService.{i}.CellConfig.{i}.NR.RAN.Mobility.ConnMode.NR.A3MeasureCtrl.{i}.UseWhiteCellList,yes,existing_command_object_parent,medium,path 位于当前 MML seed/catalog 二级命令节点 object_path 下，可挂入该二级节点；需确认分组是否过粗,SF,小区服务参数管理（总体）,FAP 载波基本配置,Device.Services.FAPService.{i}.,,json_seed_and_catalog_existing_group,omcgo/internal/config/parammodel/mmlstandardloader/seeds/cmcc_tdlte_v23.json; omcgo/datamodels/mml-catalog/cmcc-tdlte-v2.3.json,YES_EXISTING_JSON_PARENT_GROUP,existing_mml_parent_object_group,READ_WRITE,STRING,{i},Device.Services.FAPService.{i}.CellConfig.{i}.NR.RAN.Mobility.ConnMode.NR.A3MeasureCtrl.{i}.,
Device.Services.FAPService.{i}.CellConfig.{i}.NR.RAN.Mobility.ConnMode.NR.A4MeasureCtrl.{i}.A4ThresholdRSRP,yes,existing_command_object_parent,medium,path 位于当前 MML seed/catalog 二级命令节点 object_path 下，可挂入该二级节点；需确认分组是否过粗,SF,小区服务参数管理（总体）,FAP 载波基本配置,Device.Services.FAPService.{i}.,,json_seed_and_catalog_existing_group,omcgo/internal/config/parammodel/mmlstandardloader/seeds/cmcc_tdlte_v23.json; omcgo/datamodels/mml-catalog/cmcc-tdlte-v2.3.json,YES_EXISTING_JSON_PARENT_GROUP,existing_mml_parent_object_group,READ_WRITE,STRING,{i},Device.Services.FAPService.{i}.CellConfig.{i}.NR.RAN.Mobility.ConnMode.NR.A4MeasureCtrl.{i}.,
Device.Services.FAPService.{i}.CellConfig.{i}.NR.RAN.Mobility.ConnMode.NR.A4MeasureCtrl.{i}.A4ThresholdRSRQ,yes,existing_command_object_parent,medium,path 位于当前 MML seed/catalog 二级命令节点 object_path 下，可挂入该二级节点；需确认分组是否过粗,SF,小区服务参数管理（总体）,FAP 载波基本配置,Device.Services.FAPService.{i}.,,json_seed_and_catalog_existing_group,omcgo/internal/config/parammodel/mmlstandardloader/seeds/cmcc_tdlte_v23.json; omcgo/datamodels/mml-catalog/cmcc-tdlte-v2.3.json,YES_EXISTING_JSON_PARENT_GROUP,existing_mml_parent_object_group,READ_WRITE,STRING,{i},Device.Services.FAPService.{i}.CellConfig.{i}.NR.RAN.Mobility.ConnMode.NR.A4MeasureCtrl.{i}.,
Device.Services.FAPService.{i}.CellConfig.{i}.NR.RAN.Mobility.ConnMode.NR.A4MeasureCtrl.{i}.A4ThresholdSINR,yes,existing_command_object_parent,medium,path 位于当前 MML seed/catalog 二级命令节点 object_path 下，可挂入该二级节点；需确认分组是否过粗,SF,小区服务参数管理（总体）,FAP 载波基本配置,Device.Services.FAPService.{i}.,,json_seed_and_catalog_existing_group,omcgo/internal/config/parammodel/mmlstandardloader/seeds/cmcc_tdlte_v23.json; omcgo/datamodels/mml-catalog/cmcc-tdlte-v2.3.json,YES_EXISTING_JSON_PARENT_GROUP,existing_mml_parent_object_group,READ_WRITE,STRING,{i},Device.Services.FAPService.{i}.CellConfig.{i}.NR.RAN.Mobility.ConnMode.NR.A4MeasureCtrl.{i}.,
Device.Services.FAPService.{i}.CellConfig.{i}.NR.RAN.Mobility.ConnMode.NR.A4MeasureCtrl.{i}.Enable,yes,existing_command_object_parent,medium,path 位于当前 MML seed/catalog 二级命令节点 object_path 下，可挂入该二级节点；需确认分组是否过粗,SF,小区服务参数管理（总体）,FAP 载波基本配置,Device.Services.FAPService.{i}.,,json_seed_and_catalog_existing_group,omcgo/internal/config/parammodel/mmlstandardloader/seeds/cmcc_tdlte_v23.json; omcgo/datamodels/mml-catalog/cmcc-tdlte-v2.3.json,YES_EXISTING_JSON_PARENT_GROUP,existing_mml_parent_object_group,READ_WRITE,STRING,{i},Device.Services.FAPService.{i}.CellConfig.{i}.NR.RAN.Mobility.ConnMode.NR.A4MeasureCtrl.{i}.,
Device.Services.FAPService.{i}.CellConfig.{i}.NR.RAN.Mobility.ConnMode.NR.A4MeasureCtrl.{i}.Hysteresis,yes,existing_command_object_parent,medium,path 位于当前 MML seed/catalog 二级命令节点 object_path 下，可挂入该二级节点；需确认分组是否过粗,SF,小区服务参数管理（总体）,FAP 载波基本配置,Device.Services.FAPService.{i}.,,json_seed_and_catalog_existing_group,omcgo/internal/config/parammodel/mmlstandardloader/seeds/cmcc_tdlte_v23.json; omcgo/datamodels/mml-catalog/cmcc-tdlte-v2.3.json,YES_EXISTING_JSON_PARENT_GROUP,existing_mml_parent_object_group,READ_WRITE,STRING,{i},Device.Services.FAPService.{i}.CellConfig.{i}.NR.RAN.Mobility.ConnMode.NR.A4MeasureCtrl.{i}.,
Device.Services.FAPService.{i}.CellConfig.{i}.NR.RAN.Mobility.ConnMode.NR.A4MeasureCtrl.{i}.IncludeBeamMeasurements,yes,existing_command_object_parent,medium,path 位于当前 MML seed/catalog 二级命令节点 object_path 下，可挂入该二级节点；需确认分组是否过粗,SF,小区服务参数管理（总体）,FAP 载波基本配置,Device.Services.FAPService.{i}.,,json_seed_and_catalog_existing_group,omcgo/internal/config/parammodel/mmlstandardloader/seeds/cmcc_tdlte_v23.json; omcgo/datamodels/mml-catalog/cmcc-tdlte-v2.3.json,YES_EXISTING_JSON_PARENT_GROUP,existing_mml_parent_object_group,READ_WRITE,STRING,{i},Device.Services.FAPService.{i}.CellConfig.{i}.NR.RAN.Mobility.ConnMode.NR.A4MeasureCtrl.{i}.,
Device.Services.FAPService.{i}.CellConfig.{i}.NR.RAN.Mobility.ConnMode.NR.A4MeasureCtrl.{i}.MaxNrofRSIndexToReport,yes,existing_command_object_parent,medium,path 位于当前 MML seed/catalog 二级命令节点 object_path 下，可挂入该二级节点；需确认分组是否过粗,SF,小区服务参数管理（总体）,FAP 载波基本配置,Device.Services.FAPService.{i}.,,json_seed_and_catalog_existing_group,omcgo/internal/config/parammodel/mmlstandardloader/seeds/cmcc_tdlte_v23.json; omcgo/datamodels/mml-catalog/cmcc-tdlte-v2.3.json,YES_EXISTING_JSON_PARENT_GROUP,existing_mml_parent_object_group,READ_WRITE,STRING,{i},Device.Services.FAPService.{i}.CellConfig.{i}.NR.RAN.Mobility.ConnMode.NR.A4MeasureCtrl.{i}.,
Device.Services.FAPService.{i}.CellConfig.{i}.NR.RAN.Mobility.ConnMode.NR.A4MeasureCtrl.{i}.MaxReportCells,yes,existing_command_object_parent,medium,path 位于当前 MML seed/catalog 二级命令节点 object_path 下，可挂入该二级节点；需确认分组是否过粗,SF,小区服务参数管理（总体）,FAP 载波基本配置,Device.Services.FAPService.{i}.,,json_seed_and_catalog_existing_group,omcgo/internal/config/parammodel/mmlstandardloader/seeds/cmcc_tdlte_v23.json; omcgo/datamodels/mml-catalog/cmcc-tdlte-v2.3.json,YES_EXISTING_JSON_PARENT_GROUP,existing_mml_parent_object_group,READ_WRITE,STRING,{i},Device.Services.FAPService.{i}.CellConfig.{i}.NR.RAN.Mobility.ConnMode.NR.A4MeasureCtrl.{i}.,
Device.Services.FAPService.{i}.CellConfig.{i}.NR.RAN.Mobility.ConnMode.NR.A4MeasureCtrl.{i}.MeasurePurpose,yes,existing_command_object_parent,medium,path 位于当前 MML seed/catalog 二级命令节点 object_path 下，可挂入该二级节点；需确认分组是否过粗,SF,小区服务参数管理（总体）,FAP 载波基本配置,Device.Services.FAPService.{i}.,,json_seed_and_catalog_existing_group,omcgo/internal/config/parammodel/mmlstandardloader/seeds/cmcc_tdlte_v23.json; omcgo/datamodels/mml-catalog/cmcc-tdlte-v2.3.json,YES_EXISTING_JSON_PARENT_GROUP,existing_mml_parent_object_group,READ_WRITE,STRING,{i},Device.Services.FAPService.{i}.CellConfig.{i}.NR.RAN.Mobility.ConnMode.NR.A4MeasureCtrl.{i}.,
Device.Services.FAPService.{i}.CellConfig.{i}.NR.RAN.Mobility.ConnMode.NR.A4MeasureCtrl.{i}.PLMNID,yes,existing_command_object_parent,medium,path 位于当前 MML seed/catalog 二级命令节点 object_path 下，可挂入该二级节点；需确认分组是否过粗,SF,小区服务参数管理（总体）,FAP 载波基本配置,Device.Services.FAPService.{i}.,,json_seed_and_catalog_existing_group,omcgo/internal/config/parammodel/mmlstandardloader/seeds/cmcc_tdlte_v23.json; omcgo/datamodels/mml-catalog/cmcc-tdlte-v2.3.json,YES_EXISTING_JSON_PARENT_GROUP,existing_mml_parent_object_group,READ_WRITE,STRING,{i},Device.Services.FAPService.{i}.CellConfig.{i}.NR.RAN.Mobility.ConnMode.NR.A4MeasureCtrl.{i}.,
Device.Services.FAPService.{i}.CellConfig.{i}.NR.RAN.Mobility.ConnMode.NR.A4MeasureCtrl.{i}.ReportAmount,yes,existing_command_object_parent,medium,path 位于当前 MML seed/catalog 二级命令节点 object_path 下，可挂入该二级节点；需确认分组是否过粗,SF,小区服务参数管理（总体）,FAP 载波基本配置,Device.Services.FAPService.{i}.,,json_seed_and_catalog_existing_group,omcgo/internal/config/parammodel/mmlstandardloader/seeds/cmcc_tdlte_v23.json; omcgo/datamodels/mml-catalog/cmcc-tdlte-v2.3.json,YES_EXISTING_JSON_PARENT_GROUP,existing_mml_parent_object_group,READ_WRITE,STRING,{i},Device.Services.FAPService.{i}.CellConfig.{i}.NR.RAN.Mobility.ConnMode.NR.A4MeasureCtrl.{i}.,
Device.Services.FAPService.{i}.CellConfig.{i}.NR.RAN.Mobility.ConnMode.NR.A4MeasureCtrl.{i}.ReportInterval,yes,existing_command_object_parent,medium,path 位于当前 MML seed/catalog 二级命令节点 object_path 下，可挂入该二级节点；需确认分组是否过粗,SF,小区服务参数管理（总体）,FAP 载波基本配置,Device.Services.FAPService.{i}.,,json_seed_and_catalog_existing_group,omcgo/internal/config/parammodel/mmlstandardloader/seeds/cmcc_tdlte_v23.json; omcgo/datamodels/mml-catalog/cmcc-tdlte-v2.3.json,YES_EXISTING_JSON_PARENT_GROUP,existing_mml_parent_object_group,READ_WRITE,STRING,{i},Device.Services.FAPService.{i}.CellConfig.{i}.NR.RAN.Mobility.ConnMode.NR.A4MeasureCtrl.{i}.,
Device.Services.FAPService.{i}.CellConfig.{i}.NR.RAN.Mobility.ConnMode.NR.A4MeasureCtrl.{i}.ReportOnLeave,yes,existing_command_object_parent,medium,path 位于当前 MML seed/catalog 二级命令节点 object_path 下，可挂入该二级节点；需确认分组是否过粗,SF,小区服务参数管理（总体）,FAP 载波基本配置,Device.Services.FAPService.{i}.,,json_seed_and_catalog_existing_group,omcgo/internal/config/parammodel/mmlstandardloader/seeds/cmcc_tdlte_v23.json; omcgo/datamodels/mml-catalog/cmcc-tdlte-v2.3.json,YES_EXISTING_JSON_PARENT_GROUP,existing_mml_parent_object_group,READ_WRITE,STRING,{i},Device.Services.FAPService.{i}.CellConfig.{i}.NR.RAN.Mobility.ConnMode.NR.A4MeasureCtrl.{i}.,
Device.Services.FAPService.{i}.CellConfig.{i}.NR.RAN.Mobility.ConnMode.NR.A4MeasureCtrl.{i}.ReportQuantityCell,yes,existing_command_object_parent,medium,path 位于当前 MML seed/catalog 二级命令节点 object_path 下，可挂入该二级节点；需确认分组是否过粗,SF,小区服务参数管理（总体）,FAP 载波基本配置,Device.Services.FAPService.{i}.,,json_seed_and_catalog_existing_group,omcgo/internal/config/parammodel/mmlstandardloader/seeds/cmcc_tdlte_v23.json; omcgo/datamodels/mml-catalog/cmcc-tdlte-v2.3.json,YES_EXISTING_JSON_PARENT_GROUP,existing_mml_parent_object_group,READ_WRITE,STRING,{i},Device.Services.FAPService.{i}.CellConfig.{i}.NR.RAN.Mobility.ConnMode.NR.A4MeasureCtrl.{i}.,
Device.Services.FAPService.{i}.CellConfig.{i}.NR.RAN.Mobility.ConnMode.NR.A4MeasureCtrl.{i}.RptQuantityRsIndex,yes,existing_command_object_parent,medium,path 位于当前 MML seed/catalog 二级命令节点 object_path 下，可挂入该二级节点；需确认分组是否过粗,SF,小区服务参数管理（总体）,FAP 载波基本配置,Device.Services.FAPService.{i}.,,json_seed_and_catalog_existing_group,omcgo/internal/config/parammodel/mmlstandardloader/seeds/cmcc_tdlte_v23.json; omcgo/datamodels/mml-catalog/cmcc-tdlte-v2.3.json,YES_EXISTING_JSON_PARENT_GROUP,existing_mml_parent_object_group,READ_WRITE,STRING,{i},Device.Services.FAPService.{i}.CellConfig.{i}.NR.RAN.Mobility.ConnMode.NR.A4MeasureCtrl.{i}.,
Device.Services.FAPService.{i}.CellConfig.{i}.NR.RAN.Mobility.ConnMode.NR.A4MeasureCtrl.{i}.RsType,yes,existing_command_object_parent,medium,path 位于当前 MML seed/catalog 二级命令节点 object_path 下，可挂入该二级节点；需确认分组是否过粗,SF,小区服务参数管理（总体）,FAP 载波基本配置,Device.Services.FAPService.{i}.,,json_seed_and_catalog_existing_group,omcgo/internal/config/parammodel/mmlstandardloader/seeds/cmcc_tdlte_v23.json; omcgo/datamodels/mml-catalog/cmcc-tdlte-v2.3.json,YES_EXISTING_JSON_PARENT_GROUP,existing_mml_parent_object_group,READ_WRITE,STRING,{i},Device.Services.FAPService.{i}.CellConfig.{i}.NR.RAN.Mobility.ConnMode.NR.A4MeasureCtrl.{i}.,
Device.Services.FAPService.{i}.CellConfig.{i}.NR.RAN.Mobility.ConnMode.NR.A4MeasureCtrl.{i}.ThresholdTriggerType,yes,existing_command_object_parent,medium,path 位于当前 MML seed/catalog 二级命令节点 object_path 下，可挂入该二级节点；需确认分组是否过粗,SF,小区服务参数管理（总体）,FAP 载波基本配置,Device.Services.FAPService.{i}.,,json_seed_and_catalog_existing_group,omcgo/internal/config/parammodel/mmlstandardloader/seeds/cmcc_tdlte_v23.json; omcgo/datamodels/mml-catalog/cmcc-tdlte-v2.3.json,YES_EXISTING_JSON_PARENT_GROUP,existing_mml_parent_object_group,READ_WRITE,STRING,{i},Device.Services.FAPService.{i}.CellConfig.{i}.NR.RAN.Mobility.ConnMode.NR.A4MeasureCtrl.{i}.,
Device.Services.FAPService.{i}.CellConfig.{i}.NR.RAN.Mobility.ConnMode.NR.A4MeasureCtrl.{i}.TimeToTrigger,yes,existing_command_object_parent,medium,path 位于当前 MML seed/catalog 二级命令节点 object_path 下，可挂入该二级节点；需确认分组是否过粗,SF,小区服务参数管理（总体）,FAP 载波基本配置,Device.Services.FAPService.{i}.,,json_seed_and_catalog_existing_group,omcgo/internal/config/parammodel/mmlstandardloader/seeds/cmcc_tdlte_v23.json; omcgo/datamodels/mml-catalog/cmcc-tdlte-v2.3.json,YES_EXISTING_JSON_PARENT_GROUP,existing_mml_parent_object_group,READ_WRITE,STRING,{i},Device.Services.FAPService.{i}.CellConfig.{i}.NR.RAN.Mobility.ConnMode.NR.A4MeasureCtrl.{i}.,
Device.Services.FAPService.{i}.CellConfig.{i}.NR.RAN.Mobility.ConnMode.NR.A4MeasureCtrl.{i}.UseWhiteCellList,yes,existing_command_object_parent,medium,path 位于当前 MML seed/catalog 二级命令节点 object_path 下，可挂入该二级节点；需确认分组是否过粗,SF,小区服务参数管理（总体）,FAP 载波基本配置,Device.Services.FAPService.{i}.,,json_seed_and_catalog_existing_group,omcgo/internal/config/parammodel/mmlstandardloader/seeds/cmcc_tdlte_v23.json; omcgo/datamodels/mml-catalog/cmcc-tdlte-v2.3.json,YES_EXISTING_JSON_PARENT_GROUP,existing_mml_parent_object_group,READ_WRITE,STRING,{i},Device.Services.FAPService.{i}.CellConfig.{i}.NR.RAN.Mobility.ConnMode.NR.A4MeasureCtrl.{i}.,
Device.Services.FAPService.{i}.CellConfig.{i}.NR.RAN.Mobility.ConnMode.NR.A5MeasureCtrl.{i}.A5Threshold1RSRP,yes,existing_command_object_parent,medium,path 位于当前 MML seed/catalog 二级命令节点 object_path 下，可挂入该二级节点；需确认分组是否过粗,SF,小区服务参数管理（总体）,FAP 载波基本配置,Device.Services.FAPService.{i}.,,json_seed_and_catalog_existing_group,omcgo/internal/config/parammodel/mmlstandardloader/seeds/cmcc_tdlte_v23.json; omcgo/datamodels/mml-catalog/cmcc-tdlte-v2.3.json,YES_EXISTING_JSON_PARENT_GROUP,existing_mml_parent_object_group,READ_WRITE,STRING,{i},Device.Services.FAPService.{i}.CellConfig.{i}.NR.RAN.Mobility.ConnMode.NR.A5MeasureCtrl.{i}.,
Device.Services.FAPService.{i}.CellConfig.{i}.NR.RAN.Mobility.ConnMode.NR.A5MeasureCtrl.{i}.A5Threshold1RSRQ,yes,existing_command_object_parent,medium,path 位于当前 MML seed/catalog 二级命令节点 object_path 下，可挂入该二级节点；需确认分组是否过粗,SF,小区服务参数管理（总体）,FAP 载波基本配置,Device.Services.FAPService.{i}.,,json_seed_and_catalog_existing_group,omcgo/internal/config/parammodel/mmlstandardloader/seeds/cmcc_tdlte_v23.json; omcgo/datamodels/mml-catalog/cmcc-tdlte-v2.3.json,YES_EXISTING_JSON_PARENT_GROUP,existing_mml_parent_object_group,READ_WRITE,STRING,{i},Device.Services.FAPService.{i}.CellConfig.{i}.NR.RAN.Mobility.ConnMode.NR.A5MeasureCtrl.{i}.,
Device.Services.FAPService.{i}.CellConfig.{i}.NR.RAN.Mobility.ConnMode.NR.A5MeasureCtrl.{i}.A5Threshold1SINR,yes,existing_command_object_parent,medium,path 位于当前 MML seed/catalog 二级命令节点 object_path 下，可挂入该二级节点；需确认分组是否过粗,SF,小区服务参数管理（总体）,FAP 载波基本配置,Device.Services.FAPService.{i}.,,json_seed_and_catalog_existing_group,omcgo/internal/config/parammodel/mmlstandardloader/seeds/cmcc_tdlte_v23.json; omcgo/datamodels/mml-catalog/cmcc-tdlte-v2.3.json,YES_EXISTING_JSON_PARENT_GROUP,existing_mml_parent_object_group,READ_WRITE,STRING,{i},Device.Services.FAPService.{i}.CellConfig.{i}.NR.RAN.Mobility.ConnMode.NR.A5MeasureCtrl.{i}.,
Device.Services.FAPService.{i}.CellConfig.{i}.NR.RAN.Mobility.ConnMode.NR.A5MeasureCtrl.{i}.A5Threshold2RSRP,yes,existing_command_object_parent,medium,path 位于当前 MML seed/catalog 二级命令节点 object_path 下，可挂入该二级节点；需确认分组是否过粗,SF,小区服务参数管理（总体）,FAP 载波基本配置,Device.Services.FAPService.{i}.,,json_seed_and_catalog_existing_group,omcgo/internal/config/parammodel/mmlstandardloader/seeds/cmcc_tdlte_v23.json; omcgo/datamodels/mml-catalog/cmcc-tdlte-v2.3.json,YES_EXISTING_JSON_PARENT_GROUP,existing_mml_parent_object_group,READ_WRITE,STRING,{i},Device.Services.FAPService.{i}.CellConfig.{i}.NR.RAN.Mobility.ConnMode.NR.A5MeasureCtrl.{i}.,
Device.Services.FAPService.{i}.CellConfig.{i}.NR.RAN.Mobility.ConnMode.NR.A5MeasureCtrl.{i}.A5Threshold2RSRQ,yes,existing_command_object_parent,medium,path 位于当前 MML seed/catalog 二级命令节点 object_path 下，可挂入该二级节点；需确认分组是否过粗,SF,小区服务参数管理（总体）,FAP 载波基本配置,Device.Services.FAPService.{i}.,,json_seed_and_catalog_existing_group,omcgo/internal/config/parammodel/mmlstandardloader/seeds/cmcc_tdlte_v23.json; omcgo/datamodels/mml-catalog/cmcc-tdlte-v2.3.json,YES_EXISTING_JSON_PARENT_GROUP,existing_mml_parent_object_group,READ_WRITE,STRING,{i},Device.Services.FAPService.{i}.CellConfig.{i}.NR.RAN.Mobility.ConnMode.NR.A5MeasureCtrl.{i}.,
Device.Services.FAPService.{i}.CellConfig.{i}.NR.RAN.Mobility.ConnMode.NR.A5MeasureCtrl.{i}.A5Threshold2SINR,yes,existing_command_object_parent,medium,path 位于当前 MML seed/catalog 二级命令节点 object_path 下，可挂入该二级节点；需确认分组是否过粗,SF,小区服务参数管理（总体）,FAP 载波基本配置,Device.Services.FAPService.{i}.,,json_seed_and_catalog_existing_group,omcgo/internal/config/parammodel/mmlstandardloader/seeds/cmcc_tdlte_v23.json; omcgo/datamodels/mml-catalog/cmcc-tdlte-v2.3.json,YES_EXISTING_JSON_PARENT_GROUP,existing_mml_parent_object_group,READ_WRITE,STRING,{i},Device.Services.FAPService.{i}.CellConfig.{i}.NR.RAN.Mobility.ConnMode.NR.A5MeasureCtrl.{i}.,
Device.Services.FAPService.{i}.CellConfig.{i}.NR.RAN.Mobility.ConnMode.NR.A5MeasureCtrl.{i}.Enable,yes,existing_command_object_parent,medium,path 位于当前 MML seed/catalog 二级命令节点 object_path 下，可挂入该二级节点；需确认分组是否过粗,SF,小区服务参数管理（总体）,FAP 载波基本配置,Device.Services.FAPService.{i}.,,json_seed_and_catalog_existing_group,omcgo/internal/config/parammodel/mmlstandardloader/seeds/cmcc_tdlte_v23.json; omcgo/datamodels/mml-catalog/cmcc-tdlte-v2.3.json,YES_EXISTING_JSON_PARENT_GROUP,existing_mml_parent_object_group,READ_WRITE,STRING,{i},Device.Services.FAPService.{i}.CellConfig.{i}.NR.RAN.Mobility.ConnMode.NR.A5MeasureCtrl.{i}.,
Device.Services.FAPService.{i}.CellConfig.{i}.NR.RAN.Mobility.ConnMode.NR.A5MeasureCtrl.{i}.Hysteresis,yes,existing_command_object_parent,medium,path 位于当前 MML seed/catalog 二级命令节点 object_path 下，可挂入该二级节点；需确认分组是否过粗,SF,小区服务参数管理（总体）,FAP 载波基本配置,Device.Services.FAPService.{i}.,,json_seed_and_catalog_existing_group,omcgo/internal/config/parammodel/mmlstandardloader/seeds/cmcc_tdlte_v23.json; omcgo/datamodels/mml-catalog/cmcc-tdlte-v2.3.json,YES_EXISTING_JSON_PARENT_GROUP,existing_mml_parent_object_group,READ_WRITE,STRING,{i},Device.Services.FAPService.{i}.CellConfig.{i}.NR.RAN.Mobility.ConnMode.NR.A5MeasureCtrl.{i}.,
Device.Services.FAPService.{i}.CellConfig.{i}.NR.RAN.Mobility.ConnMode.NR.A5MeasureCtrl.{i}.IncludeBeamMeasurements,yes,existing_command_object_parent,medium,path 位于当前 MML seed/catalog 二级命令节点 object_path 下，可挂入该二级节点；需确认分组是否过粗,SF,小区服务参数管理（总体）,FAP 载波基本配置,Device.Services.FAPService.{i}.,,json_seed_and_catalog_existing_group,omcgo/internal/config/parammodel/mmlstandardloader/seeds/cmcc_tdlte_v23.json; omcgo/datamodels/mml-catalog/cmcc-tdlte-v2.3.json,YES_EXISTING_JSON_PARENT_GROUP,existing_mml_parent_object_group,READ_WRITE,STRING,{i},Device.Services.FAPService.{i}.CellConfig.{i}.NR.RAN.Mobility.ConnMode.NR.A5MeasureCtrl.{i}.,
Device.Services.FAPService.{i}.CellConfig.{i}.NR.RAN.Mobility.ConnMode.NR.A5MeasureCtrl.{i}.MaxNrofRSIndexToReport,yes,existing_command_object_parent,medium,path 位于当前 MML seed/catalog 二级命令节点 object_path 下，可挂入该二级节点；需确认分组是否过粗,SF,小区服务参数管理（总体）,FAP 载波基本配置,Device.Services.FAPService.{i}.,,json_seed_and_catalog_existing_group,omcgo/internal/config/parammodel/mmlstandardloader/seeds/cmcc_tdlte_v23.json; omcgo/datamodels/mml-catalog/cmcc-tdlte-v2.3.json,YES_EXISTING_JSON_PARENT_GROUP,existing_mml_parent_object_group,READ_WRITE,STRING,{i},Device.Services.FAPService.{i}.CellConfig.{i}.NR.RAN.Mobility.ConnMode.NR.A5MeasureCtrl.{i}.,
Device.Services.FAPService.{i}.CellConfig.{i}.NR.RAN.Mobility.ConnMode.NR.A5MeasureCtrl.{i}.MaxReportCells,yes,existing_command_object_parent,medium,path 位于当前 MML seed/catalog 二级命令节点 object_path 下，可挂入该二级节点；需确认分组是否过粗,SF,小区服务参数管理（总体）,FAP 载波基本配置,Device.Services.FAPService.{i}.,,json_seed_and_catalog_existing_group,omcgo/internal/config/parammodel/mmlstandardloader/seeds/cmcc_tdlte_v23.json; omcgo/datamodels/mml-catalog/cmcc-tdlte-v2.3.json,YES_EXISTING_JSON_PARENT_GROUP,existing_mml_parent_object_group,READ_WRITE,STRING,{i},Device.Services.FAPService.{i}.CellConfig.{i}.NR.RAN.Mobility.ConnMode.NR.A5MeasureCtrl.{i}.,
Device.Services.FAPService.{i}.CellConfig.{i}.NR.RAN.Mobility.ConnMode.NR.A5MeasureCtrl.{i}.MeasurePurpose,yes,existing_command_object_parent,medium,path 位于当前 MML seed/catalog 二级命令节点 object_path 下，可挂入该二级节点；需确认分组是否过粗,SF,小区服务参数管理（总体）,FAP 载波基本配置,Device.Services.FAPService.{i}.,,json_seed_and_catalog_existing_group,omcgo/internal/config/parammodel/mmlstandardloader/seeds/cmcc_tdlte_v23.json; omcgo/datamodels/mml-catalog/cmcc-tdlte-v2.3.json,YES_EXISTING_JSON_PARENT_GROUP,existing_mml_parent_object_group,READ_WRITE,STRING,{i},Device.Services.FAPService.{i}.CellConfig.{i}.NR.RAN.Mobility.ConnMode.NR.A5MeasureCtrl.{i}.,
Device.Services.FAPService.{i}.CellConfig.{i}.NR.RAN.Mobility.ConnMode.NR.A5MeasureCtrl.{i}.PLMNID,yes,existing_command_object_parent,medium,path 位于当前 MML seed/catalog 二级命令节点 object_path 下，可挂入该二级节点；需确认分组是否过粗,SF,小区服务参数管理（总体）,FAP 载波基本配置,Device.Services.FAPService.{i}.,,json_seed_and_catalog_existing_group,omcgo/internal/config/parammodel/mmlstandardloader/seeds/cmcc_tdlte_v23.json; omcgo/datamodels/mml-catalog/cmcc-tdlte-v2.3.json,YES_EXISTING_JSON_PARENT_GROUP,existing_mml_parent_object_group,READ_WRITE,STRING,{i},Device.Services.FAPService.{i}.CellConfig.{i}.NR.RAN.Mobility.ConnMode.NR.A5MeasureCtrl.{i}.,
Device.Services.FAPService.{i}.CellConfig.{i}.NR.RAN.Mobility.ConnMode.NR.A5MeasureCtrl.{i}.ReportAmount,yes,existing_command_object_parent,medium,path 位于当前 MML seed/catalog 二级命令节点 object_path 下，可挂入该二级节点；需确认分组是否过粗,SF,小区服务参数管理（总体）,FAP 载波基本配置,Device.Services.FAPService.{i}.,,json_seed_and_catalog_existing_group,omcgo/internal/config/parammodel/mmlstandardloader/seeds/cmcc_tdlte_v23.json; omcgo/datamodels/mml-catalog/cmcc-tdlte-v2.3.json,YES_EXISTING_JSON_PARENT_GROUP,existing_mml_parent_object_group,READ_WRITE,STRING,{i},Device.Services.FAPService.{i}.CellConfig.{i}.NR.RAN.Mobility.ConnMode.NR.A5MeasureCtrl.{i}.,
Device.Services.FAPService.{i}.CellConfig.{i}.NR.RAN.Mobility.ConnMode.NR.A5MeasureCtrl.{i}.ReportInterval,yes,existing_command_object_parent,medium,path 位于当前 MML seed/catalog 二级命令节点 object_path 下，可挂入该二级节点；需确认分组是否过粗,SF,小区服务参数管理（总体）,FAP 载波基本配置,Device.Services.FAPService.{i}.,,json_seed_and_catalog_existing_group,omcgo/internal/config/parammodel/mmlstandardloader/seeds/cmcc_tdlte_v23.json; omcgo/datamodels/mml-catalog/cmcc-tdlte-v2.3.json,YES_EXISTING_JSON_PARENT_GROUP,existing_mml_parent_object_group,READ_WRITE,STRING,{i},Device.Services.FAPService.{i}.CellConfig.{i}.NR.RAN.Mobility.ConnMode.NR.A5MeasureCtrl.{i}.,
Device.Services.FAPService.{i}.CellConfig.{i}.NR.RAN.Mobility.ConnMode.NR.A5MeasureCtrl.{i}.ReportOnLeave,yes,existing_command_object_parent,medium,path 位于当前 MML seed/catalog 二级命令节点 object_path 下，可挂入该二级节点；需确认分组是否过粗,SF,小区服务参数管理（总体）,FAP 载波基本配置,Device.Services.FAPService.{i}.,,json_seed_and_catalog_existing_group,omcgo/internal/config/parammodel/mmlstandardloader/seeds/cmcc_tdlte_v23.json; omcgo/datamodels/mml-catalog/cmcc-tdlte-v2.3.json,YES_EXISTING_JSON_PARENT_GROUP,existing_mml_parent_object_group,READ_WRITE,STRING,{i},Device.Services.FAPService.{i}.CellConfig.{i}.NR.RAN.Mobility.ConnMode.NR.A5MeasureCtrl.{i}.,
Device.Services.FAPService.{i}.CellConfig.{i}.NR.RAN.Mobility.ConnMode.NR.A5MeasureCtrl.{i}.ReportQuantityCell,yes,existing_command_object_parent,medium,path 位于当前 MML seed/catalog 二级命令节点 object_path 下，可挂入该二级节点；需确认分组是否过粗,SF,小区服务参数管理（总体）,FAP 载波基本配置,Device.Services.FAPService.{i}.,,json_seed_and_catalog_existing_group,omcgo/internal/config/parammodel/mmlstandardloader/seeds/cmcc_tdlte_v23.json; omcgo/datamodels/mml-catalog/cmcc-tdlte-v2.3.json,YES_EXISTING_JSON_PARENT_GROUP,existing_mml_parent_object_group,READ_WRITE,STRING,{i},Device.Services.FAPService.{i}.CellConfig.{i}.NR.RAN.Mobility.ConnMode.NR.A5MeasureCtrl.{i}.,
Device.Services.FAPService.{i}.CellConfig.{i}.NR.RAN.Mobility.ConnMode.NR.A5MeasureCtrl.{i}.RptQuantityRsIndex,yes,existing_command_object_parent,medium,path 位于当前 MML seed/catalog 二级命令节点 object_path 下，可挂入该二级节点；需确认分组是否过粗,SF,小区服务参数管理（总体）,FAP 载波基本配置,Device.Services.FAPService.{i}.,,json_seed_and_catalog_existing_group,omcgo/internal/config/parammodel/mmlstandardloader/seeds/cmcc_tdlte_v23.json; omcgo/datamodels/mml-catalog/cmcc-tdlte-v2.3.json,YES_EXISTING_JSON_PARENT_GROUP,existing_mml_parent_object_group,READ_WRITE,STRING,{i},Device.Services.FAPService.{i}.CellConfig.{i}.NR.RAN.Mobility.ConnMode.NR.A5MeasureCtrl.{i}.,
Device.Services.FAPService.{i}.CellConfig.{i}.NR.RAN.Mobility.ConnMode.NR.A5MeasureCtrl.{i}.RsType,yes,existing_command_object_parent,medium,path 位于当前 MML seed/catalog 二级命令节点 object_path 下，可挂入该二级节点；需确认分组是否过粗,SF,小区服务参数管理（总体）,FAP 载波基本配置,Device.Services.FAPService.{i}.,,json_seed_and_catalog_existing_group,omcgo/internal/config/parammodel/mmlstandardloader/seeds/cmcc_tdlte_v23.json; omcgo/datamodels/mml-catalog/cmcc-tdlte-v2.3.json,YES_EXISTING_JSON_PARENT_GROUP,existing_mml_parent_object_group,READ_WRITE,STRING,{i},Device.Services.FAPService.{i}.CellConfig.{i}.NR.RAN.Mobility.ConnMode.NR.A5MeasureCtrl.{i}.,
Device.Services.FAPService.{i}.CellConfig.{i}.NR.RAN.Mobility.ConnMode.NR.A5MeasureCtrl.{i}.Threshold2TriggerType,yes,existing_command_object_parent,medium,path 位于当前 MML seed/catalog 二级命令节点 object_path 下，可挂入该二级节点；需确认分组是否过粗,SF,小区服务参数管理（总体）,FAP 载波基本配置,Device.Services.FAPService.{i}.,,json_seed_and_catalog_existing_group,omcgo/internal/config/parammodel/mmlstandardloader/seeds/cmcc_tdlte_v23.json; omcgo/datamodels/mml-catalog/cmcc-tdlte-v2.3.json,YES_EXISTING_JSON_PARENT_GROUP,existing_mml_parent_object_group,READ_WRITE,STRING,{i},Device.Services.FAPService.{i}.CellConfig.{i}.NR.RAN.Mobility.ConnMode.NR.A5MeasureCtrl.{i}.,
Device.Services.FAPService.{i}.CellConfig.{i}.NR.RAN.Mobility.ConnMode.NR.A5MeasureCtrl.{i}.ThresholdTriggerType,yes,existing_command_object_parent,medium,path 位于当前 MML seed/catalog 二级命令节点 object_path 下，可挂入该二级节点；需确认分组是否过粗,SF,小区服务参数管理（总体）,FAP 载波基本配置,Device.Services.FAPService.{i}.,,json_seed_and_catalog_existing_group,omcgo/internal/config/parammodel/mmlstandardloader/seeds/cmcc_tdlte_v23.json; omcgo/datamodels/mml-catalog/cmcc-tdlte-v2.3.json,YES_EXISTING_JSON_PARENT_GROUP,existing_mml_parent_object_group,READ_WRITE,STRING,{i},Device.Services.FAPService.{i}.CellConfig.{i}.NR.RAN.Mobility.ConnMode.NR.A5MeasureCtrl.{i}.,
Device.Services.FAPService.{i}.CellConfig.{i}.NR.RAN.Mobility.ConnMode.NR.A5MeasureCtrl.{i}.TimeToTrigger,yes,existing_command_object_parent,medium,path 位于当前 MML seed/catalog 二级命令节点 object_path 下，可挂入该二级节点；需确认分组是否过粗,SF,小区服务参数管理（总体）,FAP 载波基本配置,Device.Services.FAPService.{i}.,,json_seed_and_catalog_existing_group,omcgo/internal/config/parammodel/mmlstandardloader/seeds/cmcc_tdlte_v23.json; omcgo/datamodels/mml-catalog/cmcc-tdlte-v2.3.json,YES_EXISTING_JSON_PARENT_GROUP,existing_mml_parent_object_group,READ_WRITE,STRING,{i},Device.Services.FAPService.{i}.CellConfig.{i}.NR.RAN.Mobility.ConnMode.NR.A5MeasureCtrl.{i}.,
Device.Services.FAPService.{i}.CellConfig.{i}.NR.RAN.Mobility.ConnMode.NR.A5MeasureCtrl.{i}.UseWhiteCellList,yes,existing_command_object_parent,medium,path 位于当前 MML seed/catalog 二级命令节点 object_path 下，可挂入该二级节点；需确认分组是否过粗,SF,小区服务参数管理（总体）,FAP 载波基本配置,Device.Services.FAPService.{i}.,,json_seed_and_catalog_existing_group,omcgo/internal/config/parammodel/mmlstandardloader/seeds/cmcc_tdlte_v23.json; omcgo/datamodels/mml-catalog/cmcc-tdlte-v2.3.json,YES_EXISTING_JSON_PARENT_GROUP,existing_mml_parent_object_group,READ_WRITE,STRING,{i},Device.Services.FAPService.{i}.CellConfig.{i}.NR.RAN.Mobility.ConnMode.NR.A5MeasureCtrl.{i}.,
Device.Services.FAPService.{i}.CellConfig.{i}.NR.RAN.Mobility.ConnMode.NR.InterFreq.Carrier.{i}.Bitmap,yes,existing_command_object_parent,medium,path 位于当前 MML seed/catalog 二级命令节点 object_path 下，可挂入该二级节点；需确认分组是否过粗,SF,小区服务参数管理（总体）,FAP 载波基本配置,Device.Services.FAPService.{i}.,,json_seed_and_catalog_existing_group,omcgo/internal/config/parammodel/mmlstandardloader/seeds/cmcc_tdlte_v23.json; omcgo/datamodels/mml-catalog/cmcc-tdlte-v2.3.json,YES_EXISTING_JSON_PARENT_GROUP,existing_mml_parent_object_group,READ_WRITE,STRING,{i},Device.Services.FAPService.{i}.CellConfig.{i}.NR.RAN.Mobility.ConnMode.NR.InterFreq.Carrier.{i}.,
Device.Services.FAPService.{i}.CellConfig.{i}.NR.RAN.Mobility.ConnMode.NR.InterFreq.Carrier.{i}.BitmapType,yes,existing_command_object_parent,medium,path 位于当前 MML seed/catalog 二级命令节点 object_path 下，可挂入该二级节点；需确认分组是否过粗,SF,小区服务参数管理（总体）,FAP 载波基本配置,Device.Services.FAPService.{i}.,,json_seed_and_catalog_existing_group,omcgo/internal/config/parammodel/mmlstandardloader/seeds/cmcc_tdlte_v23.json; omcgo/datamodels/mml-catalog/cmcc-tdlte-v2.3.json,YES_EXISTING_JSON_PARENT_GROUP,existing_mml_parent_object_group,READ_WRITE,STRING,{i},Device.Services.FAPService.{i}.CellConfig.{i}.NR.RAN.Mobility.ConnMode.NR.InterFreq.Carrier.{i}.,
Device.Services.FAPService.{i}.CellConfig.{i}.NR.RAN.Mobility.ConnMode.NR.InterFreq.Carrier.{i}.DeriveSSBIndexFromCell,yes,existing_command_object_parent,medium,path 位于当前 MML seed/catalog 二级命令节点 object_path 下，可挂入该二级节点；需确认分组是否过粗,SF,小区服务参数管理（总体）,FAP 载波基本配置,Device.Services.FAPService.{i}.,,json_seed_and_catalog_existing_group,omcgo/internal/config/parammodel/mmlstandardloader/seeds/cmcc_tdlte_v23.json; omcgo/datamodels/mml-catalog/cmcc-tdlte-v2.3.json,YES_EXISTING_JSON_PARENT_GROUP,existing_mml_parent_object_group,READ_WRITE,STRING,{i},Device.Services.FAPService.{i}.CellConfig.{i}.NR.RAN.Mobility.ConnMode.NR.InterFreq.Carrier.{i}.,
Device.Services.FAPService.{i}.CellConfig.{i}.NR.RAN.Mobility.ConnMode.NR.InterFreq.Carrier.{i}.Enable,yes,existing_command_object_parent,medium,path 位于当前 MML seed/catalog 二级命令节点 object_path 下，可挂入该二级节点；需确认分组是否过粗,SF,小区服务参数管理（总体）,FAP 载波基本配置,Device.Services.FAPService.{i}.,,json_seed_and_catalog_existing_group,omcgo/internal/config/parammodel/mmlstandardloader/seeds/cmcc_tdlte_v23.json; omcgo/datamodels/mml-catalog/cmcc-tdlte-v2.3.json,YES_EXISTING_JSON_PARENT_GROUP,existing_mml_parent_object_group,READ_WRITE,STRING,{i},Device.Services.FAPService.{i}.CellConfig.{i}.NR.RAN.Mobility.ConnMode.NR.InterFreq.Carrier.{i}.,
Device.Services.FAPService.{i}.CellConfig.{i}.NR.RAN.Mobility.ConnMode.NR.InterFreq.Carrier.{i}.FreqBandIndicatorNR,yes,existing_command_object_parent,medium,path 位于当前 MML seed/catalog 二级命令节点 object_path 下，可挂入该二级节点；需确认分组是否过粗,SF,小区服务参数管理（总体）,FAP 载波基本配置,Device.Services.FAPService.{i}.,,json_seed_and_catalog_existing_group,omcgo/internal/config/parammodel/mmlstandardloader/seeds/cmcc_tdlte_v23.json; omcgo/datamodels/mml-catalog/cmcc-tdlte-v2.3.json,YES_EXISTING_JSON_PARENT_GROUP,existing_mml_parent_object_group,READ_WRITE,STRING,{i},Device.Services.FAPService.{i}.CellConfig.{i}.NR.RAN.Mobility.ConnMode.NR.InterFreq.Carrier.{i}.,
Device.Services.FAPService.{i}.CellConfig.{i}.NR.RAN.Mobility.ConnMode.NR.InterFreq.Carrier.{i}.NrofSSBlocksToAverage,yes,existing_command_object_parent,medium,path 位于当前 MML seed/catalog 二级命令节点 object_path 下，可挂入该二级节点；需确认分组是否过粗,SF,小区服务参数管理（总体）,FAP 载波基本配置,Device.Services.FAPService.{i}.,,json_seed_and_catalog_existing_group,omcgo/internal/config/parammodel/mmlstandardloader/seeds/cmcc_tdlte_v23.json; omcgo/datamodels/mml-catalog/cmcc-tdlte-v2.3.json,YES_EXISTING_JSON_PARENT_GROUP,existing_mml_parent_object_group,READ_WRITE,STRING,{i},Device.Services.FAPService.{i}.CellConfig.{i}.NR.RAN.Mobility.ConnMode.NR.InterFreq.Carrier.{i}.,
Device.Services.FAPService.{i}.CellConfig.{i}.NR.RAN.Mobility.ConnMode.NR.InterFreq.Carrier.{i}.OffsetToPointA,yes,existing_command_object_parent,medium,path 位于当前 MML seed/catalog 二级命令节点 object_path 下，可挂入该二级节点；需确认分组是否过粗,SF,小区服务参数管理（总体）,FAP 载波基本配置,Device.Services.FAPService.{i}.,,json_seed_and_catalog_existing_group,omcgo/internal/config/parammodel/mmlstandardloader/seeds/cmcc_tdlte_v23.json; omcgo/datamodels/mml-catalog/cmcc-tdlte-v2.3.json,YES_EXISTING_JSON_PARENT_GROUP,existing_mml_parent_object_group,READ_WRITE,STRING,{i},Device.Services.FAPService.{i}.CellConfig.{i}.NR.RAN.Mobility.ConnMode.NR.InterFreq.Carrier.{i}.,
Device.Services.FAPService.{i}.CellConfig.{i}.NR.RAN.Mobility.ConnMode.NR.InterFreq.Carrier.{i}.RsrpOffsetCsiRs,yes,existing_command_object_parent,medium,path 位于当前 MML seed/catalog 二级命令节点 object_path 下，可挂入该二级节点；需确认分组是否过粗,SF,小区服务参数管理（总体）,FAP 载波基本配置,Device.Services.FAPService.{i}.,,json_seed_and_catalog_existing_group,omcgo/internal/config/parammodel/mmlstandardloader/seeds/cmcc_tdlte_v23.json; omcgo/datamodels/mml-catalog/cmcc-tdlte-v2.3.json,YES_EXISTING_JSON_PARENT_GROUP,existing_mml_parent_object_group,READ_WRITE,STRING,{i},Device.Services.FAPService.{i}.CellConfig.{i}.NR.RAN.Mobility.ConnMode.NR.InterFreq.Carrier.{i}.,
Device.Services.FAPService.{i}.CellConfig.{i}.NR.RAN.Mobility.ConnMode.NR.InterFreq.Carrier.{i}.RsrpOffsetSSB,yes,existing_command_object_parent,medium,path 位于当前 MML seed/catalog 二级命令节点 object_path 下，可挂入该二级节点；需确认分组是否过粗,SF,小区服务参数管理（总体）,FAP 载波基本配置,Device.Services.FAPService.{i}.,,json_seed_and_catalog_existing_group,omcgo/internal/config/parammodel/mmlstandardloader/seeds/cmcc_tdlte_v23.json; omcgo/datamodels/mml-catalog/cmcc-tdlte-v2.3.json,YES_EXISTING_JSON_PARENT_GROUP,existing_mml_parent_object_group,READ_WRITE,STRING,{i},Device.Services.FAPService.{i}.CellConfig.{i}.NR.RAN.Mobility.ConnMode.NR.InterFreq.Carrier.{i}.,
Device.Services.FAPService.{i}.CellConfig.{i}.NR.RAN.Mobility.ConnMode.NR.InterFreq.Carrier.{i}.RsrqOffsetCsiRs,yes,existing_command_object_parent,medium,path 位于当前 MML seed/catalog 二级命令节点 object_path 下，可挂入该二级节点；需确认分组是否过粗,SF,小区服务参数管理（总体）,FAP 载波基本配置,Device.Services.FAPService.{i}.,,json_seed_and_catalog_existing_group,omcgo/internal/config/parammodel/mmlstandardloader/seeds/cmcc_tdlte_v23.json; omcgo/datamodels/mml-catalog/cmcc-tdlte-v2.3.json,YES_EXISTING_JSON_PARENT_GROUP,existing_mml_parent_object_group,READ_WRITE,STRING,{i},Device.Services.FAPService.{i}.CellConfig.{i}.NR.RAN.Mobility.ConnMode.NR.InterFreq.Carrier.{i}.,
Device.Services.FAPService.{i}.CellConfig.{i}.NR.RAN.Mobility.ConnMode.NR.InterFreq.Carrier.{i}.RsrqOffsetSSB,yes,existing_command_object_parent,medium,path 位于当前 MML seed/catalog 二级命令节点 object_path 下，可挂入该二级节点；需确认分组是否过粗,SF,小区服务参数管理（总体）,FAP 载波基本配置,Device.Services.FAPService.{i}.,,json_seed_and_catalog_existing_group,omcgo/internal/config/parammodel/mmlstandardloader/seeds/cmcc_tdlte_v23.json; omcgo/datamodels/mml-catalog/cmcc-tdlte-v2.3.json,YES_EXISTING_JSON_PARENT_GROUP,existing_mml_parent_object_group,READ_WRITE,STRING,{i},Device.Services.FAPService.{i}.CellConfig.{i}.NR.RAN.Mobility.ConnMode.NR.InterFreq.Carrier.{i}.,
Device.Services.FAPService.{i}.CellConfig.{i}.NR.RAN.Mobility.ConnMode.NR.InterFreq.Carrier.{i}.SSBFrequency,yes,existing_command_object_parent,medium,path 位于当前 MML seed/catalog 二级命令节点 object_path 下，可挂入该二级节点；需确认分组是否过粗,SF,小区服务参数管理（总体）,FAP 载波基本配置,Device.Services.FAPService.{i}.,,json_seed_and_catalog_existing_group,omcgo/internal/config/parammodel/mmlstandardloader/seeds/cmcc_tdlte_v23.json; omcgo/datamodels/mml-catalog/cmcc-tdlte-v2.3.json,YES_EXISTING_JSON_PARENT_GROUP,existing_mml_parent_object_group,READ_WRITE,STRING,{i},Device.Services.FAPService.{i}.CellConfig.{i}.NR.RAN.Mobility.ConnMode.NR.InterFreq.Carrier.{i}.,
Device.Services.FAPService.{i}.CellConfig.{i}.NR.RAN.Mobility.ConnMode.NR.InterFreq.Carrier.{i}.SSBlocksConsolidationRsrp,yes,existing_command_object_parent,medium,path 位于当前 MML seed/catalog 二级命令节点 object_path 下，可挂入该二级节点；需确认分组是否过粗,SF,小区服务参数管理（总体）,FAP 载波基本配置,Device.Services.FAPService.{i}.,,json_seed_and_catalog_existing_group,omcgo/internal/config/parammodel/mmlstandardloader/seeds/cmcc_tdlte_v23.json; omcgo/datamodels/mml-catalog/cmcc-tdlte-v2.3.json,YES_EXISTING_JSON_PARENT_GROUP,existing_mml_parent_object_group,READ_WRITE,STRING,{i},Device.Services.FAPService.{i}.CellConfig.{i}.NR.RAN.Mobility.ConnMode.NR.InterFreq.Carrier.{i}.,
Device.Services.FAPService.{i}.CellConfig.{i}.NR.RAN.Mobility.ConnMode.NR.InterFreq.Carrier.{i}.SSBlocksConsolidationRsrq,yes,existing_command_object_parent,medium,path 位于当前 MML seed/catalog 二级命令节点 object_path 下，可挂入该二级节点；需确认分组是否过粗,SF,小区服务参数管理（总体）,FAP 载波基本配置,Device.Services.FAPService.{i}.,,json_seed_and_catalog_existing_group,omcgo/internal/config/parammodel/mmlstandardloader/seeds/cmcc_tdlte_v23.json; omcgo/datamodels/mml-catalog/cmcc-tdlte-v2.3.json,YES_EXISTING_JSON_PARENT_GROUP,existing_mml_parent_object_group,READ_WRITE,STRING,{i},Device.Services.FAPService.{i}.CellConfig.{i}.NR.RAN.Mobility.ConnMode.NR.InterFreq.Carrier.{i}.,
Device.Services.FAPService.{i}.CellConfig.{i}.NR.RAN.Mobility.ConnMode.NR.InterFreq.Carrier.{i}.SSBlocksConsolidationSinr,yes,existing_command_object_parent,medium,path 位于当前 MML seed/catalog 二级命令节点 object_path 下，可挂入该二级节点；需确认分组是否过粗,SF,小区服务参数管理（总体）,FAP 载波基本配置,Device.Services.FAPService.{i}.,,json_seed_and_catalog_existing_group,omcgo/internal/config/parammodel/mmlstandardloader/seeds/cmcc_tdlte_v23.json; omcgo/datamodels/mml-catalog/cmcc-tdlte-v2.3.json,YES_EXISTING_JSON_PARENT_GROUP,existing_mml_parent_object_group,READ_WRITE,STRING,{i},Device.Services.FAPService.{i}.CellConfig.{i}.NR.RAN.Mobility.ConnMode.NR.InterFreq.Carrier.{i}.,
Device.Services.FAPService.{i}.CellConfig.{i}.NR.RAN.Mobility.ConnMode.NR.InterFreq.Carrier.{i}.SinrOffsetCsiRs,yes,existing_command_object_parent,medium,path 位于当前 MML seed/catalog 二级命令节点 object_path 下，可挂入该二级节点；需确认分组是否过粗,SF,小区服务参数管理（总体）,FAP 载波基本配置,Device.Services.FAPService.{i}.,,json_seed_and_catalog_existing_group,omcgo/internal/config/parammodel/mmlstandardloader/seeds/cmcc_tdlte_v23.json; omcgo/datamodels/mml-catalog/cmcc-tdlte-v2.3.json,YES_EXISTING_JSON_PARENT_GROUP,existing_mml_parent_object_group,READ_WRITE,STRING,{i},Device.Services.FAPService.{i}.CellConfig.{i}.NR.RAN.Mobility.ConnMode.NR.InterFreq.Carrier.{i}.,
Device.Services.FAPService.{i}.CellConfig.{i}.NR.RAN.Mobility.ConnMode.NR.InterFreq.Carrier.{i}.SinrOffsetSSB,yes,existing_command_object_parent,medium,path 位于当前 MML seed/catalog 二级命令节点 object_path 下，可挂入该二级节点；需确认分组是否过粗,SF,小区服务参数管理（总体）,FAP 载波基本配置,Device.Services.FAPService.{i}.,,json_seed_and_catalog_existing_group,omcgo/internal/config/parammodel/mmlstandardloader/seeds/cmcc_tdlte_v23.json; omcgo/datamodels/mml-catalog/cmcc-tdlte-v2.3.json,YES_EXISTING_JSON_PARENT_GROUP,existing_mml_parent_object_group,READ_WRITE,STRING,{i},Device.Services.FAPService.{i}.CellConfig.{i}.NR.RAN.Mobility.ConnMode.NR.InterFreq.Carrier.{i}.,
Device.Services.FAPService.{i}.CellConfig.{i}.NR.RAN.Mobility.ConnMode.NR.InterFreq.Carrier.{i}.SmtcDuration,yes,existing_command_object_parent,medium,path 位于当前 MML seed/catalog 二级命令节点 object_path 下，可挂入该二级节点；需确认分组是否过粗,SF,小区服务参数管理（总体）,FAP 载波基本配置,Device.Services.FAPService.{i}.,,json_seed_and_catalog_existing_group,omcgo/internal/config/parammodel/mmlstandardloader/seeds/cmcc_tdlte_v23.json; omcgo/datamodels/mml-catalog/cmcc-tdlte-v2.3.json,YES_EXISTING_JSON_PARENT_GROUP,existing_mml_parent_object_group,READ_WRITE,STRING,{i},Device.Services.FAPService.{i}.CellConfig.{i}.NR.RAN.Mobility.ConnMode.NR.InterFreq.Carrier.{i}.,
Device.Services.FAPService.{i}.CellConfig.{i}.NR.RAN.Mobility.ConnMode.NR.InterFreq.Carrier.{i}.SmtcOffset,yes,existing_command_object_parent,medium,path 位于当前 MML seed/catalog 二级命令节点 object_path 下，可挂入该二级节点；需确认分组是否过粗,SF,小区服务参数管理（总体）,FAP 载波基本配置,Device.Services.FAPService.{i}.,,json_seed_and_catalog_existing_group,omcgo/internal/config/parammodel/mmlstandardloader/seeds/cmcc_tdlte_v23.json; omcgo/datamodels/mml-catalog/cmcc-tdlte-v2.3.json,YES_EXISTING_JSON_PARENT_GROUP,existing_mml_parent_object_group,READ_WRITE,STRING,{i},Device.Services.FAPService.{i}.CellConfig.{i}.NR.RAN.Mobility.ConnMode.NR.InterFreq.Carrier.{i}.,
Device.Services.FAPService.{i}.CellConfig.{i}.NR.RAN.Mobility.ConnMode.NR.InterFreq.Carrier.{i}.SmtcPeriodicity,yes,existing_command_object_parent,medium,path 位于当前 MML seed/catalog 二级命令节点 object_path 下，可挂入该二级节点；需确认分组是否过粗,SF,小区服务参数管理（总体）,FAP 载波基本配置,Device.Services.FAPService.{i}.,,json_seed_and_catalog_existing_group,omcgo/internal/config/parammodel/mmlstandardloader/seeds/cmcc_tdlte_v23.json; omcgo/datamodels/mml-catalog/cmcc-tdlte-v2.3.json,YES_EXISTING_JSON_PARENT_GROUP,existing_mml_parent_object_group,READ_WRITE,STRING,{i},Device.Services.FAPService.{i}.CellConfig.{i}.NR.RAN.Mobility.ConnMode.NR.InterFreq.Carrier.{i}.,
Device.Services.FAPService.{i}.CellConfig.{i}.NR.RAN.Mobility.ConnMode.NR.InterFreq.Carrier.{i}.SsbSubcarrierOffset,yes,existing_command_object_parent,medium,path 位于当前 MML seed/catalog 二级命令节点 object_path 下，可挂入该二级节点；需确认分组是否过粗,SF,小区服务参数管理（总体）,FAP 载波基本配置,Device.Services.FAPService.{i}.,,json_seed_and_catalog_existing_group,omcgo/internal/config/parammodel/mmlstandardloader/seeds/cmcc_tdlte_v23.json; omcgo/datamodels/mml-catalog/cmcc-tdlte-v2.3.json,YES_EXISTING_JSON_PARENT_GROUP,existing_mml_parent_object_group,READ_WRITE,STRING,{i},Device.Services.FAPService.{i}.CellConfig.{i}.NR.RAN.Mobility.ConnMode.NR.InterFreq.Carrier.{i}.,
Device.Services.FAPService.{i}.CellConfig.{i}.NR.RAN.Mobility.ConnMode.NR.InterFreq.Carrier.{i}.SubcarrierSpacing,yes,existing_command_object_parent,medium,path 位于当前 MML seed/catalog 二级命令节点 object_path 下，可挂入该二级节点；需确认分组是否过粗,SF,小区服务参数管理（总体）,FAP 载波基本配置,Device.Services.FAPService.{i}.,,json_seed_and_catalog_existing_group,omcgo/internal/config/parammodel/mmlstandardloader/seeds/cmcc_tdlte_v23.json; omcgo/datamodels/mml-catalog/cmcc-tdlte-v2.3.json,YES_EXISTING_JSON_PARENT_GROUP,existing_mml_parent_object_group,READ_WRITE,STRING,{i},Device.Services.FAPService.{i}.CellConfig.{i}.NR.RAN.Mobility.ConnMode.NR.InterFreq.Carrier.{i}.,
Device.Services.FAPService.{i}.CellConfig.{i}.NR.RAN.Mobility.ConnMode.NR.PeriodMeasCtrl.{i}.MaxReportCells,yes,existing_command_object_parent,medium,path 位于当前 MML seed/catalog 二级命令节点 object_path 下，可挂入该二级节点；需确认分组是否过粗,SF,小区服务参数管理（总体）,FAP 载波基本配置,Device.Services.FAPService.{i}.,,json_seed_and_catalog_existing_group,omcgo/internal/config/parammodel/mmlstandardloader/seeds/cmcc_tdlte_v23.json; omcgo/datamodels/mml-catalog/cmcc-tdlte-v2.3.json,YES_EXISTING_JSON_PARENT_GROUP,existing_mml_parent_object_group,READ_WRITE,STRING,{i},Device.Services.FAPService.{i}.CellConfig.{i}.NR.RAN.Mobility.ConnMode.NR.PeriodMeasCtrl.{i}.,
Device.Services.FAPService.{i}.CellConfig.{i}.NR.RAN.Mobility.ConnMode.NR.PeriodMeasCtrl.{i}.MeasurePurpose,yes,existing_command_object_parent,medium,path 位于当前 MML seed/catalog 二级命令节点 object_path 下，可挂入该二级节点；需确认分组是否过粗,SF,小区服务参数管理（总体）,FAP 载波基本配置,Device.Services.FAPService.{i}.,,json_seed_and_catalog_existing_group,omcgo/internal/config/parammodel/mmlstandardloader/seeds/cmcc_tdlte_v23.json; omcgo/datamodels/mml-catalog/cmcc-tdlte-v2.3.json,YES_EXISTING_JSON_PARENT_GROUP,existing_mml_parent_object_group,READ_WRITE,STRING,{i},Device.Services.FAPService.{i}.CellConfig.{i}.NR.RAN.Mobility.ConnMode.NR.PeriodMeasCtrl.{i}.,
Device.Services.FAPService.{i}.CellConfig.{i}.NR.RAN.Mobility.ConnMode.NR.PeriodMeasCtrl.{i}.ReportAmount,yes,existing_command_object_parent,medium,path 位于当前 MML seed/catalog 二级命令节点 object_path 下，可挂入该二级节点；需确认分组是否过粗,SF,小区服务参数管理（总体）,FAP 载波基本配置,Device.Services.FAPService.{i}.,,json_seed_and_catalog_existing_group,omcgo/internal/config/parammodel/mmlstandardloader/seeds/cmcc_tdlte_v23.json; omcgo/datamodels/mml-catalog/cmcc-tdlte-v2.3.json,YES_EXISTING_JSON_PARENT_GROUP,existing_mml_parent_object_group,READ_WRITE,STRING,{i},Device.Services.FAPService.{i}.CellConfig.{i}.NR.RAN.Mobility.ConnMode.NR.PeriodMeasCtrl.{i}.,
Device.Services.FAPService.{i}.CellConfig.{i}.NR.RAN.Mobility.ConnMode.NR.PeriodMeasCtrl.{i}.ReportInterval,yes,existing_command_object_parent,medium,path 位于当前 MML seed/catalog 二级命令节点 object_path 下，可挂入该二级节点；需确认分组是否过粗,SF,小区服务参数管理（总体）,FAP 载波基本配置,Device.Services.FAPService.{i}.,,json_seed_and_catalog_existing_group,omcgo/internal/config/parammodel/mmlstandardloader/seeds/cmcc_tdlte_v23.json; omcgo/datamodels/mml-catalog/cmcc-tdlte-v2.3.json,YES_EXISTING_JSON_PARENT_GROUP,existing_mml_parent_object_group,READ_WRITE,STRING,{i},Device.Services.FAPService.{i}.CellConfig.{i}.NR.RAN.Mobility.ConnMode.NR.PeriodMeasCtrl.{i}.,
Device.Services.FAPService.{i}.CellConfig.{i}.NR.RAN.Mobility.ConnMode.NR.PeriodMeasCtrl.{i}.ReportQuantity,yes,existing_command_object_parent,medium,path 位于当前 MML seed/catalog 二级命令节点 object_path 下，可挂入该二级节点；需确认分组是否过粗,SF,小区服务参数管理（总体）,FAP 载波基本配置,Device.Services.FAPService.{i}.,,json_seed_and_catalog_existing_group,omcgo/internal/config/parammodel/mmlstandardloader/seeds/cmcc_tdlte_v23.json; omcgo/datamodels/mml-catalog/cmcc-tdlte-v2.3.json,YES_EXISTING_JSON_PARENT_GROUP,existing_mml_parent_object_group,READ_WRITE,STRING,{i},Device.Services.FAPService.{i}.CellConfig.{i}.NR.RAN.Mobility.ConnMode.NR.PeriodMeasCtrl.{i}.,
Device.Services.FAPService.{i}.CellConfig.{i}.NR.RAN.Mobility.IdleMode.EUTRA.Carrier.{i}.AllowedMeasBandwidth,yes,existing_command_object_parent,medium,path 位于当前 MML seed/catalog 二级命令节点 object_path 下，可挂入该二级节点；需确认分组是否过粗,SF,小区服务参数管理（总体）,FAP 载波基本配置,Device.Services.FAPService.{i}.,,json_seed_and_catalog_existing_group,omcgo/internal/config/parammodel/mmlstandardloader/seeds/cmcc_tdlte_v23.json; omcgo/datamodels/mml-catalog/cmcc-tdlte-v2.3.json,YES_EXISTING_JSON_PARENT_GROUP,existing_mml_parent_object_group,READ_WRITE,STRING,{i},Device.Services.FAPService.{i}.CellConfig.{i}.NR.RAN.Mobility.IdleMode.EUTRA.Carrier.{i}.,
Device.Services.FAPService.{i}.CellConfig.{i}.NR.RAN.Mobility.IdleMode.EUTRA.Carrier.{i}.BlackPhysCellIdRange,yes,existing_command_object_parent,medium,path 位于当前 MML seed/catalog 二级命令节点 object_path 下，可挂入该二级节点；需确认分组是否过粗,SF,小区服务参数管理（总体）,FAP 载波基本配置,Device.Services.FAPService.{i}.,,json_seed_and_catalog_existing_group,omcgo/internal/config/parammodel/mmlstandardloader/seeds/cmcc_tdlte_v23.json; omcgo/datamodels/mml-catalog/cmcc-tdlte-v2.3.json,YES_EXISTING_JSON_PARENT_GROUP,existing_mml_parent_object_group,READ_WRITE,STRING,{i},Device.Services.FAPService.{i}.CellConfig.{i}.NR.RAN.Mobility.IdleMode.EUTRA.Carrier.{i}.,
Device.Services.FAPService.{i}.CellConfig.{i}.NR.RAN.Mobility.IdleMode.EUTRA.Carrier.{i}.BlackPhysCellIdStart,yes,existing_command_object_parent,medium,path 位于当前 MML seed/catalog 二级命令节点 object_path 下，可挂入该二级节点；需确认分组是否过粗,SF,小区服务参数管理（总体）,FAP 载波基本配置,Device.Services.FAPService.{i}.,,json_seed_and_catalog_existing_group,omcgo/internal/config/parammodel/mmlstandardloader/seeds/cmcc_tdlte_v23.json; omcgo/datamodels/mml-catalog/cmcc-tdlte-v2.3.json,YES_EXISTING_JSON_PARENT_GROUP,existing_mml_parent_object_group,READ_WRITE,STRING,{i},Device.Services.FAPService.{i}.CellConfig.{i}.NR.RAN.Mobility.IdleMode.EUTRA.Carrier.{i}.,
Device.Services.FAPService.{i}.CellConfig.{i}.NR.RAN.Mobility.IdleMode.EUTRA.Carrier.{i}.CellReselectionPriority,yes,existing_command_object_parent,medium,path 位于当前 MML seed/catalog 二级命令节点 object_path 下，可挂入该二级节点；需确认分组是否过粗,SF,小区服务参数管理（总体）,FAP 载波基本配置,Device.Services.FAPService.{i}.,,json_seed_and_catalog_existing_group,omcgo/internal/config/parammodel/mmlstandardloader/seeds/cmcc_tdlte_v23.json; omcgo/datamodels/mml-catalog/cmcc-tdlte-v2.3.json,YES_EXISTING_JSON_PARENT_GROUP,existing_mml_parent_object_group,READ_WRITE,STRING,{i},Device.Services.FAPService.{i}.CellConfig.{i}.NR.RAN.Mobility.IdleMode.EUTRA.Carrier.{i}.,
Device.Services.FAPService.{i}.CellConfig.{i}.NR.RAN.Mobility.IdleMode.EUTRA.Carrier.{i}.EUTRACarrierARFCN,yes,existing_command_object_parent,medium,path 位于当前 MML seed/catalog 二级命令节点 object_path 下，可挂入该二级节点；需确认分组是否过粗,SF,小区服务参数管理（总体）,FAP 载波基本配置,Device.Services.FAPService.{i}.,,json_seed_and_catalog_existing_group,omcgo/internal/config/parammodel/mmlstandardloader/seeds/cmcc_tdlte_v23.json; omcgo/datamodels/mml-catalog/cmcc-tdlte-v2.3.json,YES_EXISTING_JSON_PARENT_GROUP,existing_mml_parent_object_group,READ_WRITE,STRING,{i},Device.Services.FAPService.{i}.CellConfig.{i}.NR.RAN.Mobility.IdleMode.EUTRA.Carrier.{i}.,
Device.Services.FAPService.{i}.CellConfig.{i}.NR.RAN.Mobility.IdleMode.EUTRA.Carrier.{i}.PMaxEUTRA,yes,existing_command_object_parent,medium,path 位于当前 MML seed/catalog 二级命令节点 object_path 下，可挂入该二级节点；需确认分组是否过粗,SF,小区服务参数管理（总体）,FAP 载波基本配置,Device.Services.FAPService.{i}.,,json_seed_and_catalog_existing_group,omcgo/internal/config/parammodel/mmlstandardloader/seeds/cmcc_tdlte_v23.json; omcgo/datamodels/mml-catalog/cmcc-tdlte-v2.3.json,YES_EXISTING_JSON_PARENT_GROUP,existing_mml_parent_object_group,READ_WRITE,STRING,{i},Device.Services.FAPService.{i}.CellConfig.{i}.NR.RAN.Mobility.IdleMode.EUTRA.Carrier.{i}.,
Device.Services.FAPService.{i}.CellConfig.{i}.NR.RAN.Mobility.IdleMode.EUTRA.Carrier.{i}.PresenceAntennaPort1,yes,existing_command_object_parent,medium,path 位于当前 MML seed/catalog 二级命令节点 object_path 下，可挂入该二级节点；需确认分组是否过粗,SF,小区服务参数管理（总体）,FAP 载波基本配置,Device.Services.FAPService.{i}.,,json_seed_and_catalog_existing_group,omcgo/internal/config/parammodel/mmlstandardloader/seeds/cmcc_tdlte_v23.json; omcgo/datamodels/mml-catalog/cmcc-tdlte-v2.3.json,YES_EXISTING_JSON_PARENT_GROUP,existing_mml_parent_object_group,READ_WRITE,STRING,{i},Device.Services.FAPService.{i}.CellConfig.{i}.NR.RAN.Mobility.IdleMode.EUTRA.Carrier.{i}.,
Device.Services.FAPService.{i}.CellConfig.{i}.NR.RAN.Mobility.IdleMode.EUTRA.Carrier.{i}.QQualMin,yes,existing_command_object_parent,medium,path 位于当前 MML seed/catalog 二级命令节点 object_path 下，可挂入该二级节点；需确认分组是否过粗,SF,小区服务参数管理（总体）,FAP 载波基本配置,Device.Services.FAPService.{i}.,,json_seed_and_catalog_existing_group,omcgo/internal/config/parammodel/mmlstandardloader/seeds/cmcc_tdlte_v23.json; omcgo/datamodels/mml-catalog/cmcc-tdlte-v2.3.json,YES_EXISTING_JSON_PARENT_GROUP,existing_mml_parent_object_group,READ_WRITE,STRING,{i},Device.Services.FAPService.{i}.CellConfig.{i}.NR.RAN.Mobility.IdleMode.EUTRA.Carrier.{i}.,
Device.Services.FAPService.{i}.CellConfig.{i}.NR.RAN.Mobility.IdleMode.EUTRA.Carrier.{i}.QRxLevMin,yes,existing_command_object_parent,medium,path 位于当前 MML seed/catalog 二级命令节点 object_path 下，可挂入该二级节点；需确认分组是否过粗,SF,小区服务参数管理（总体）,FAP 载波基本配置,Device.Services.FAPService.{i}.,,json_seed_and_catalog_existing_group,omcgo/internal/config/parammodel/mmlstandardloader/seeds/cmcc_tdlte_v23.json; omcgo/datamodels/mml-catalog/cmcc-tdlte-v2.3.json,YES_EXISTING_JSON_PARENT_GROUP,existing_mml_parent_object_group,READ_WRITE,STRING,{i},Device.Services.FAPService.{i}.CellConfig.{i}.NR.RAN.Mobility.IdleMode.EUTRA.Carrier.{i}.,
Device.Services.FAPService.{i}.CellConfig.{i}.NR.RAN.Mobility.IdleMode.EUTRA.Carrier.{i}.TReselectionEUTRA,yes,existing_command_object_parent,medium,path 位于当前 MML seed/catalog 二级命令节点 object_path 下，可挂入该二级节点；需确认分组是否过粗,SF,小区服务参数管理（总体）,FAP 载波基本配置,Device.Services.FAPService.{i}.,,json_seed_and_catalog_existing_group,omcgo/internal/config/parammodel/mmlstandardloader/seeds/cmcc_tdlte_v23.json; omcgo/datamodels/mml-catalog/cmcc-tdlte-v2.3.json,YES_EXISTING_JSON_PARENT_GROUP,existing_mml_parent_object_group,READ_WRITE,STRING,{i},Device.Services.FAPService.{i}.CellConfig.{i}.NR.RAN.Mobility.IdleMode.EUTRA.Carrier.{i}.,
Device.Services.FAPService.{i}.CellConfig.{i}.NR.RAN.Mobility.IdleMode.EUTRA.Carrier.{i}.ThreshXHigh,yes,existing_command_object_parent,medium,path 位于当前 MML seed/catalog 二级命令节点 object_path 下，可挂入该二级节点；需确认分组是否过粗,SF,小区服务参数管理（总体）,FAP 载波基本配置,Device.Services.FAPService.{i}.,,json_seed_and_catalog_existing_group,omcgo/internal/config/parammodel/mmlstandardloader/seeds/cmcc_tdlte_v23.json; omcgo/datamodels/mml-catalog/cmcc-tdlte-v2.3.json,YES_EXISTING_JSON_PARENT_GROUP,existing_mml_parent_object_group,READ_WRITE,STRING,{i},Device.Services.FAPService.{i}.CellConfig.{i}.NR.RAN.Mobility.IdleMode.EUTRA.Carrier.{i}.,
Device.Services.FAPService.{i}.CellConfig.{i}.NR.RAN.Mobility.IdleMode.EUTRA.Carrier.{i}.ThreshXHighQ,yes,existing_command_object_parent,medium,path 位于当前 MML seed/catalog 二级命令节点 object_path 下，可挂入该二级节点；需确认分组是否过粗,SF,小区服务参数管理（总体）,FAP 载波基本配置,Device.Services.FAPService.{i}.,,json_seed_and_catalog_existing_group,omcgo/internal/config/parammodel/mmlstandardloader/seeds/cmcc_tdlte_v23.json; omcgo/datamodels/mml-catalog/cmcc-tdlte-v2.3.json,YES_EXISTING_JSON_PARENT_GROUP,existing_mml_parent_object_group,READ_WRITE,STRING,{i},Device.Services.FAPService.{i}.CellConfig.{i}.NR.RAN.Mobility.IdleMode.EUTRA.Carrier.{i}.,
Device.Services.FAPService.{i}.CellConfig.{i}.NR.RAN.Mobility.IdleMode.EUTRA.Carrier.{i}.ThreshXLow,yes,existing_command_object_parent,medium,path 位于当前 MML seed/catalog 二级命令节点 object_path 下，可挂入该二级节点；需确认分组是否过粗,SF,小区服务参数管理（总体）,FAP 载波基本配置,Device.Services.FAPService.{i}.,,json_seed_and_catalog_existing_group,omcgo/internal/config/parammodel/mmlstandardloader/seeds/cmcc_tdlte_v23.json; omcgo/datamodels/mml-catalog/cmcc-tdlte-v2.3.json,YES_EXISTING_JSON_PARENT_GROUP,existing_mml_parent_object_group,READ_WRITE,STRING,{i},Device.Services.FAPService.{i}.CellConfig.{i}.NR.RAN.Mobility.IdleMode.EUTRA.Carrier.{i}.,
Device.Services.FAPService.{i}.CellConfig.{i}.NR.RAN.Mobility.IdleMode.InterFreq.Carrier.{i}.AbsThreshSSBlocksConsolidation,yes,existing_command_object_parent,medium,path 位于当前 MML seed/catalog 二级命令节点 object_path 下，可挂入该二级节点；需确认分组是否过粗,SF,小区服务参数管理（总体）,FAP 载波基本配置,Device.Services.FAPService.{i}.,,json_seed_and_catalog_existing_group,omcgo/internal/config/parammodel/mmlstandardloader/seeds/cmcc_tdlte_v23.json; omcgo/datamodels/mml-catalog/cmcc-tdlte-v2.3.json,YES_EXISTING_JSON_PARENT_GROUP,existing_mml_parent_object_group,READ_WRITE,STRING,{i},Device.Services.FAPService.{i}.CellConfig.{i}.NR.RAN.Mobility.IdleMode.InterFreq.Carrier.{i}.,
Device.Services.FAPService.{i}.CellConfig.{i}.NR.RAN.Mobility.IdleMode.InterFreq.Carrier.{i}.BlackPhysCellIdRange,yes,existing_command_object_parent,medium,path 位于当前 MML seed/catalog 二级命令节点 object_path 下，可挂入该二级节点；需确认分组是否过粗,SF,小区服务参数管理（总体）,FAP 载波基本配置,Device.Services.FAPService.{i}.,,json_seed_and_catalog_existing_group,omcgo/internal/config/parammodel/mmlstandardloader/seeds/cmcc_tdlte_v23.json; omcgo/datamodels/mml-catalog/cmcc-tdlte-v2.3.json,YES_EXISTING_JSON_PARENT_GROUP,existing_mml_parent_object_group,READ_WRITE,STRING,{i},Device.Services.FAPService.{i}.CellConfig.{i}.NR.RAN.Mobility.IdleMode.InterFreq.Carrier.{i}.,
Device.Services.FAPService.{i}.CellConfig.{i}.NR.RAN.Mobility.IdleMode.InterFreq.Carrier.{i}.BlackPhysCellIdStart,yes,existing_command_object_parent,medium,path 位于当前 MML seed/catalog 二级命令节点 object_path 下，可挂入该二级节点；需确认分组是否过粗,SF,小区服务参数管理（总体）,FAP 载波基本配置,Device.Services.FAPService.{i}.,,json_seed_and_catalog_existing_group,omcgo/internal/config/parammodel/mmlstandardloader/seeds/cmcc_tdlte_v23.json; omcgo/datamodels/mml-catalog/cmcc-tdlte-v2.3.json,YES_EXISTING_JSON_PARENT_GROUP,existing_mml_parent_object_group,READ_WRITE,STRING,{i},Device.Services.FAPService.{i}.CellConfig.{i}.NR.RAN.Mobility.IdleMode.InterFreq.Carrier.{i}.,
Device.Services.FAPService.{i}.CellConfig.{i}.NR.RAN.Mobility.IdleMode.InterFreq.Carrier.{i}.CellReselectionPriority,yes,existing_command_object_parent,medium,path 位于当前 MML seed/catalog 二级命令节点 object_path 下，可挂入该二级节点；需确认分组是否过粗,SF,小区服务参数管理（总体）,FAP 载波基本配置,Device.Services.FAPService.{i}.,,json_seed_and_catalog_existing_group,omcgo/internal/config/parammodel/mmlstandardloader/seeds/cmcc_tdlte_v23.json; omcgo/datamodels/mml-catalog/cmcc-tdlte-v2.3.json,YES_EXISTING_JSON_PARENT_GROUP,existing_mml_parent_object_group,READ_WRITE,STRING,{i},Device.Services.FAPService.{i}.CellConfig.{i}.NR.RAN.Mobility.IdleMode.InterFreq.Carrier.{i}.,
Device.Services.FAPService.{i}.CellConfig.{i}.NR.RAN.Mobility.IdleMode.InterFreq.Carrier.{i}.CellReselectionSubPriority,yes,existing_command_object_parent,medium,path 位于当前 MML seed/catalog 二级命令节点 object_path 下，可挂入该二级节点；需确认分组是否过粗,SF,小区服务参数管理（总体）,FAP 载波基本配置,Device.Services.FAPService.{i}.,,json_seed_and_catalog_existing_group,omcgo/internal/config/parammodel/mmlstandardloader/seeds/cmcc_tdlte_v23.json; omcgo/datamodels/mml-catalog/cmcc-tdlte-v2.3.json,YES_EXISTING_JSON_PARENT_GROUP,existing_mml_parent_object_group,READ_WRITE,STRING,{i},Device.Services.FAPService.{i}.CellConfig.{i}.NR.RAN.Mobility.IdleMode.InterFreq.Carrier.{i}.,
Device.Services.FAPService.{i}.CellConfig.{i}.NR.RAN.Mobility.IdleMode.InterFreq.Carrier.{i}.DeriveSSBIndexFromCell,yes,existing_command_object_parent,medium,path 位于当前 MML seed/catalog 二级命令节点 object_path 下，可挂入该二级节点；需确认分组是否过粗,SF,小区服务参数管理（总体）,FAP 载波基本配置,Device.Services.FAPService.{i}.,,json_seed_and_catalog_existing_group,omcgo/internal/config/parammodel/mmlstandardloader/seeds/cmcc_tdlte_v23.json; omcgo/datamodels/mml-catalog/cmcc-tdlte-v2.3.json,YES_EXISTING_JSON_PARENT_GROUP,existing_mml_parent_object_group,READ_WRITE,STRING,{i},Device.Services.FAPService.{i}.CellConfig.{i}.NR.RAN.Mobility.IdleMode.InterFreq.Carrier.{i}.,
Device.Services.FAPService.{i}.CellConfig.{i}.NR.RAN.Mobility.IdleMode.InterFreq.Carrier.{i}.DlCarrierFreq,yes,existing_command_object_parent,medium,path 位于当前 MML seed/catalog 二级命令节点 object_path 下，可挂入该二级节点；需确认分组是否过粗,SF,小区服务参数管理（总体）,FAP 载波基本配置,Device.Services.FAPService.{i}.,,json_seed_and_catalog_existing_group,omcgo/internal/config/parammodel/mmlstandardloader/seeds/cmcc_tdlte_v23.json; omcgo/datamodels/mml-catalog/cmcc-tdlte-v2.3.json,YES_EXISTING_JSON_PARENT_GROUP,existing_mml_parent_object_group,READ_WRITE,STRING,{i},Device.Services.FAPService.{i}.CellConfig.{i}.NR.RAN.Mobility.IdleMode.InterFreq.Carrier.{i}.,
Device.Services.FAPService.{i}.CellConfig.{i}.NR.RAN.Mobility.IdleMode.InterFreq.Carrier.{i}.NrofSSBlocksToAverage,yes,existing_command_object_parent,medium,path 位于当前 MML seed/catalog 二级命令节点 object_path 下，可挂入该二级节点；需确认分组是否过粗,SF,小区服务参数管理（总体）,FAP 载波基本配置,Device.Services.FAPService.{i}.,,json_seed_and_catalog_existing_group,omcgo/internal/config/parammodel/mmlstandardloader/seeds/cmcc_tdlte_v23.json; omcgo/datamodels/mml-catalog/cmcc-tdlte-v2.3.json,YES_EXISTING_JSON_PARENT_GROUP,existing_mml_parent_object_group,READ_WRITE,STRING,{i},Device.Services.FAPService.{i}.CellConfig.{i}.NR.RAN.Mobility.IdleMode.InterFreq.Carrier.{i}.,
Device.Services.FAPService.{i}.CellConfig.{i}.NR.RAN.Mobility.IdleMode.InterFreq.Carrier.{i}.Pmax,yes,existing_command_object_parent,medium,path 位于当前 MML seed/catalog 二级命令节点 object_path 下，可挂入该二级节点；需确认分组是否过粗,SF,小区服务参数管理（总体）,FAP 载波基本配置,Device.Services.FAPService.{i}.,,json_seed_and_catalog_existing_group,omcgo/internal/config/parammodel/mmlstandardloader/seeds/cmcc_tdlte_v23.json; omcgo/datamodels/mml-catalog/cmcc-tdlte-v2.3.json,YES_EXISTING_JSON_PARENT_GROUP,existing_mml_parent_object_group,READ_WRITE,STRING,{i},Device.Services.FAPService.{i}.CellConfig.{i}.NR.RAN.Mobility.IdleMode.InterFreq.Carrier.{i}.,
Device.Services.FAPService.{i}.CellConfig.{i}.NR.RAN.Mobility.IdleMode.InterFreq.Carrier.{i}.QOffsetFreq,yes,existing_command_object_parent,medium,path 位于当前 MML seed/catalog 二级命令节点 object_path 下，可挂入该二级节点；需确认分组是否过粗,SF,小区服务参数管理（总体）,FAP 载波基本配置,Device.Services.FAPService.{i}.,,json_seed_and_catalog_existing_group,omcgo/internal/config/parammodel/mmlstandardloader/seeds/cmcc_tdlte_v23.json; omcgo/datamodels/mml-catalog/cmcc-tdlte-v2.3.json,YES_EXISTING_JSON_PARENT_GROUP,existing_mml_parent_object_group,READ_WRITE,STRING,{i},Device.Services.FAPService.{i}.CellConfig.{i}.NR.RAN.Mobility.IdleMode.InterFreq.Carrier.{i}.,
Device.Services.FAPService.{i}.CellConfig.{i}.NR.RAN.Mobility.IdleMode.InterFreq.Carrier.{i}.QQualMin,yes,existing_command_object_parent,medium,path 位于当前 MML seed/catalog 二级命令节点 object_path 下，可挂入该二级节点；需确认分组是否过粗,SF,小区服务参数管理（总体）,FAP 载波基本配置,Device.Services.FAPService.{i}.,,json_seed_and_catalog_existing_group,omcgo/internal/config/parammodel/mmlstandardloader/seeds/cmcc_tdlte_v23.json; omcgo/datamodels/mml-catalog/cmcc-tdlte-v2.3.json,YES_EXISTING_JSON_PARENT_GROUP,existing_mml_parent_object_group,READ_WRITE,STRING,{i},Device.Services.FAPService.{i}.CellConfig.{i}.NR.RAN.Mobility.IdleMode.InterFreq.Carrier.{i}.,
Device.Services.FAPService.{i}.CellConfig.{i}.NR.RAN.Mobility.IdleMode.InterFreq.Carrier.{i}.QRxLevMin,yes,existing_command_object_parent,medium,path 位于当前 MML seed/catalog 二级命令节点 object_path 下，可挂入该二级节点；需确认分组是否过粗,SF,小区服务参数管理（总体）,FAP 载波基本配置,Device.Services.FAPService.{i}.,,json_seed_and_catalog_existing_group,omcgo/internal/config/parammodel/mmlstandardloader/seeds/cmcc_tdlte_v23.json; omcgo/datamodels/mml-catalog/cmcc-tdlte-v2.3.json,YES_EXISTING_JSON_PARENT_GROUP,existing_mml_parent_object_group,READ_WRITE,STRING,{i},Device.Services.FAPService.{i}.CellConfig.{i}.NR.RAN.Mobility.IdleMode.InterFreq.Carrier.{i}.,
Device.Services.FAPService.{i}.CellConfig.{i}.NR.RAN.Mobility.IdleMode.InterFreq.Carrier.{i}.SsbSubcarrierSpacing,yes,existing_command_object_parent,medium,path 位于当前 MML seed/catalog 二级命令节点 object_path 下，可挂入该二级节点；需确认分组是否过粗,SF,小区服务参数管理（总体）,FAP 载波基本配置,Device.Services.FAPService.{i}.,,json_seed_and_catalog_existing_group,omcgo/internal/config/parammodel/mmlstandardloader/seeds/cmcc_tdlte_v23.json; omcgo/datamodels/mml-catalog/cmcc-tdlte-v2.3.json,YES_EXISTING_JSON_PARENT_GROUP,existing_mml_parent_object_group,READ_WRITE,STRING,{i},Device.Services.FAPService.{i}.CellConfig.{i}.NR.RAN.Mobility.IdleMode.InterFreq.Carrier.{i}.,
Device.Services.FAPService.{i}.CellConfig.{i}.NR.RAN.Mobility.IdleMode.InterFreq.Carrier.{i}.TReselectionNR,yes,existing_command_object_parent,medium,path 位于当前 MML seed/catalog 二级命令节点 object_path 下，可挂入该二级节点；需确认分组是否过粗,SF,小区服务参数管理（总体）,FAP 载波基本配置,Device.Services.FAPService.{i}.,,json_seed_and_catalog_existing_group,omcgo/internal/config/parammodel/mmlstandardloader/seeds/cmcc_tdlte_v23.json; omcgo/datamodels/mml-catalog/cmcc-tdlte-v2.3.json,YES_EXISTING_JSON_PARENT_GROUP,existing_mml_parent_object_group,READ_WRITE,STRING,{i},Device.Services.FAPService.{i}.CellConfig.{i}.NR.RAN.Mobility.IdleMode.InterFreq.Carrier.{i}.,
Device.Services.FAPService.{i}.CellConfig.{i}.NR.RAN.Mobility.IdleMode.InterFreq.Carrier.{i}.ThreshXHighP,yes,existing_command_object_parent,medium,path 位于当前 MML seed/catalog 二级命令节点 object_path 下，可挂入该二级节点；需确认分组是否过粗,SF,小区服务参数管理（总体）,FAP 载波基本配置,Device.Services.FAPService.{i}.,,json_seed_and_catalog_existing_group,omcgo/internal/config/parammodel/mmlstandardloader/seeds/cmcc_tdlte_v23.json; omcgo/datamodels/mml-catalog/cmcc-tdlte-v2.3.json,YES_EXISTING_JSON_PARENT_GROUP,existing_mml_parent_object_group,READ_WRITE,STRING,{i},Device.Services.FAPService.{i}.CellConfig.{i}.NR.RAN.Mobility.IdleMode.InterFreq.Carrier.{i}.,
Device.Services.FAPService.{i}.CellConfig.{i}.NR.RAN.Mobility.IdleMode.InterFreq.Carrier.{i}.ThreshXHighQ,yes,existing_command_object_parent,medium,path 位于当前 MML seed/catalog 二级命令节点 object_path 下，可挂入该二级节点；需确认分组是否过粗,SF,小区服务参数管理（总体）,FAP 载波基本配置,Device.Services.FAPService.{i}.,,json_seed_and_catalog_existing_group,omcgo/internal/config/parammodel/mmlstandardloader/seeds/cmcc_tdlte_v23.json; omcgo/datamodels/mml-catalog/cmcc-tdlte-v2.3.json,YES_EXISTING_JSON_PARENT_GROUP,existing_mml_parent_object_group,READ_WRITE,STRING,{i},Device.Services.FAPService.{i}.CellConfig.{i}.NR.RAN.Mobility.IdleMode.InterFreq.Carrier.{i}.,
Device.Services.FAPService.{i}.CellConfig.{i}.NR.RAN.Mobility.IdleMode.InterFreq.Carrier.{i}.ThreshXLowP,yes,existing_command_object_parent,medium,path 位于当前 MML seed/catalog 二级命令节点 object_path 下，可挂入该二级节点；需确认分组是否过粗,SF,小区服务参数管理（总体）,FAP 载波基本配置,Device.Services.FAPService.{i}.,,json_seed_and_catalog_existing_group,omcgo/internal/config/parammodel/mmlstandardloader/seeds/cmcc_tdlte_v23.json; omcgo/datamodels/mml-catalog/cmcc-tdlte-v2.3.json,YES_EXISTING_JSON_PARENT_GROUP,existing_mml_parent_object_group,READ_WRITE,STRING,{i},Device.Services.FAPService.{i}.CellConfig.{i}.NR.RAN.Mobility.IdleMode.InterFreq.Carrier.{i}.,
Device.Services.FAPService.{i}.CellConfig.{i}.NR.RAN.Mobility.IdleMode.InterFreq.Carrier.{i}.ThreshXLowQ,yes,existing_command_object_parent,medium,path 位于当前 MML seed/catalog 二级命令节点 object_path 下，可挂入该二级节点；需确认分组是否过粗,SF,小区服务参数管理（总体）,FAP 载波基本配置,Device.Services.FAPService.{i}.,,json_seed_and_catalog_existing_group,omcgo/internal/config/parammodel/mmlstandardloader/seeds/cmcc_tdlte_v23.json; omcgo/datamodels/mml-catalog/cmcc-tdlte-v2.3.json,YES_EXISTING_JSON_PARENT_GROUP,existing_mml_parent_object_group,READ_WRITE,STRING,{i},Device.Services.FAPService.{i}.CellConfig.{i}.NR.RAN.Mobility.IdleMode.InterFreq.Carrier.{i}.,
Device.Services.FAPService.{i}.CellConfig.{i}.NR.RAN.Mobility.IdleMode.InterFreq.Carrier.{i}.ThresholdRSRQ,yes,existing_command_object_parent,medium,path 位于当前 MML seed/catalog 二级命令节点 object_path 下，可挂入该二级节点；需确认分组是否过粗,SF,小区服务参数管理（总体）,FAP 载波基本配置,Device.Services.FAPService.{i}.,,json_seed_and_catalog_existing_group,omcgo/internal/config/parammodel/mmlstandardloader/seeds/cmcc_tdlte_v23.json; omcgo/datamodels/mml-catalog/cmcc-tdlte-v2.3.json,YES_EXISTING_JSON_PARENT_GROUP,existing_mml_parent_object_group,READ_WRITE,STRING,{i},Device.Services.FAPService.{i}.CellConfig.{i}.NR.RAN.Mobility.IdleMode.InterFreq.Carrier.{i}.,
Device.Services.FAPService.{i}.CellConfig.{i}.NR.RAN.Mobility.IdleMode.InterFreq.Carrier.{i}.ThresholdSINR,yes,existing_command_object_parent,medium,path 位于当前 MML seed/catalog 二级命令节点 object_path 下，可挂入该二级节点；需确认分组是否过粗,SF,小区服务参数管理（总体）,FAP 载波基本配置,Device.Services.FAPService.{i}.,,json_seed_and_catalog_existing_group,omcgo/internal/config/parammodel/mmlstandardloader/seeds/cmcc_tdlte_v23.json; omcgo/datamodels/mml-catalog/cmcc-tdlte-v2.3.json,YES_EXISTING_JSON_PARENT_GROUP,existing_mml_parent_object_group,READ_WRITE,STRING,{i},Device.Services.FAPService.{i}.CellConfig.{i}.NR.RAN.Mobility.IdleMode.InterFreq.Carrier.{i}.,
Device.Services.FAPService.{i}.FAPControl.NR.SelfConfig.SONConfigParam.ANR.A3RSRPOffset,yes,existing_command_object_parent,medium,path 位于当前 MML seed/catalog 二级命令节点 object_path 下，可挂入该二级节点；需确认分组是否过粗,SF,小区服务参数管理（总体）,FAP 载波基本配置,Device.Services.FAPService.{i}.,,json_seed_and_catalog_existing_group,omcgo/internal/config/parammodel/mmlstandardloader/seeds/cmcc_tdlte_v23.json; omcgo/datamodels/mml-catalog/cmcc-tdlte-v2.3.json,YES_EXISTING_JSON_PARENT_GROUP,existing_mml_parent_object_group,READ_WRITE,STRING,ANR,Device.Services.FAPService.{i}.FAPControl.NR.SelfConfig.SONConfigParam.ANR.,
Device.Services.FAPService.{i}.FAPControl.NR.SelfConfig.SONConfigParam.ANR.AutoAdjustEnable,yes,existing_command_object_parent,medium,path 位于当前 MML seed/catalog 二级命令节点 object_path 下，可挂入该二级节点；需确认分组是否过粗,SF,小区服务参数管理（总体）,FAP 载波基本配置,Device.Services.FAPService.{i}.,,json_seed_and_catalog_existing_group,omcgo/internal/config/parammodel/mmlstandardloader/seeds/cmcc_tdlte_v23.json; omcgo/datamodels/mml-catalog/cmcc-tdlte-v2.3.json,YES_EXISTING_JSON_PARENT_GROUP,existing_mml_parent_object_group,READ_WRITE,STRING,ANR,Device.Services.FAPService.{i}.FAPControl.NR.SelfConfig.SONConfigParam.ANR.,
Device.Services.FAPService.{i}.FAPControl.NR.SelfConfig.SONConfigParam.ANR.AutoRemoveEnable,yes,existing_command_object_parent,medium,path 位于当前 MML seed/catalog 二级命令节点 object_path 下，可挂入该二级节点；需确认分组是否过粗,SF,小区服务参数管理（总体）,FAP 载波基本配置,Device.Services.FAPService.{i}.,,json_seed_and_catalog_existing_group,omcgo/internal/config/parammodel/mmlstandardloader/seeds/cmcc_tdlte_v23.json; omcgo/datamodels/mml-catalog/cmcc-tdlte-v2.3.json,YES_EXISTING_JSON_PARENT_GROUP,existing_mml_parent_object_group,READ_WRITE,STRING,ANR,Device.Services.FAPService.{i}.FAPControl.NR.SelfConfig.SONConfigParam.ANR.,
Device.Services.FAPService.{i}.FAPControl.NR.SelfConfig.SONConfigParam.ANR.AutoRemoveMaxCell,yes,existing_command_object_parent,medium,path 位于当前 MML seed/catalog 二级命令节点 object_path 下，可挂入该二级节点；需确认分组是否过粗,SF,小区服务参数管理（总体）,FAP 载波基本配置,Device.Services.FAPService.{i}.,,json_seed_and_catalog_existing_group,omcgo/internal/config/parammodel/mmlstandardloader/seeds/cmcc_tdlte_v23.json; omcgo/datamodels/mml-catalog/cmcc-tdlte-v2.3.json,YES_EXISTING_JSON_PARENT_GROUP,existing_mml_parent_object_group,READ_WRITE,STRING,ANR,Device.Services.FAPService.{i}.FAPControl.NR.SelfConfig.SONConfigParam.ANR.,
Device.Services.FAPService.{i}.FAPControl.NR.SelfConfig.SONConfigParam.ANR.AutoRemovePeriod,yes,existing_command_object_parent,medium,path 位于当前 MML seed/catalog 二级命令节点 object_path 下，可挂入该二级节点；需确认分组是否过粗,SF,小区服务参数管理（总体）,FAP 载波基本配置,Device.Services.FAPService.{i}.,,json_seed_and_catalog_existing_group,omcgo/internal/config/parammodel/mmlstandardloader/seeds/cmcc_tdlte_v23.json; omcgo/datamodels/mml-catalog/cmcc-tdlte-v2.3.json,YES_EXISTING_JSON_PARENT_GROUP,existing_mml_parent_object_group,READ_WRITE,STRING,ANR,Device.Services.FAPService.{i}.FAPControl.NR.SelfConfig.SONConfigParam.ANR.,
Device.Services.FAPService.{i}.FAPControl.NR.SelfConfig.SONConfigParam.ANR.BiNRCellEnable,yes,existing_command_object_parent,medium,path 位于当前 MML seed/catalog 二级命令节点 object_path 下，可挂入该二级节点；需确认分组是否过粗,SF,小区服务参数管理（总体）,FAP 载波基本配置,Device.Services.FAPService.{i}.,,json_seed_and_catalog_existing_group,omcgo/internal/config/parammodel/mmlstandardloader/seeds/cmcc_tdlte_v23.json; omcgo/datamodels/mml-catalog/cmcc-tdlte-v2.3.json,YES_EXISTING_JSON_PARENT_GROUP,existing_mml_parent_object_group,READ_WRITE,STRING,ANR,Device.Services.FAPService.{i}.FAPControl.NR.SelfConfig.SONConfigParam.ANR.,
Device.Services.FAPService.{i}.FAPControl.NR.SelfConfig.SONConfigParam.ANR.EUTRANEnable,yes,existing_command_object_parent,medium,path 位于当前 MML seed/catalog 二级命令节点 object_path 下，可挂入该二级节点；需确认分组是否过粗,SF,小区服务参数管理（总体）,FAP 载波基本配置,Device.Services.FAPService.{i}.,,json_seed_and_catalog_existing_group,omcgo/internal/config/parammodel/mmlstandardloader/seeds/cmcc_tdlte_v23.json; omcgo/datamodels/mml-catalog/cmcc-tdlte-v2.3.json,YES_EXISTING_JSON_PARENT_GROUP,existing_mml_parent_object_group,READ_WRITE,STRING,ANR,Device.Services.FAPService.{i}.FAPControl.NR.SelfConfig.SONConfigParam.ANR.,
Device.Services.FAPService.{i}.FAPControl.NR.SelfConfig.SONConfigParam.ANR.Enable,yes,existing_command_object_parent,medium,path 位于当前 MML seed/catalog 二级命令节点 object_path 下，可挂入该二级节点；需确认分组是否过粗,SF,小区服务参数管理（总体）,FAP 载波基本配置,Device.Services.FAPService.{i}.,,json_seed_and_catalog_existing_group,omcgo/internal/config/parammodel/mmlstandardloader/seeds/cmcc_tdlte_v23.json; omcgo/datamodels/mml-catalog/cmcc-tdlte-v2.3.json,YES_EXISTING_JSON_PARENT_GROUP,existing_mml_parent_object_group,READ_WRITE,STRING,ANR,Device.Services.FAPService.{i}.FAPControl.NR.SelfConfig.SONConfigParam.ANR.,
Device.Services.FAPService.{i}.FAPControl.NR.SelfConfig.SONConfigParam.ANR.InterFeqEnable,yes,existing_command_object_parent,medium,path 位于当前 MML seed/catalog 二级命令节点 object_path 下，可挂入该二级节点；需确认分组是否过粗,SF,小区服务参数管理（总体）,FAP 载波基本配置,Device.Services.FAPService.{i}.,,json_seed_and_catalog_existing_group,omcgo/internal/config/parammodel/mmlstandardloader/seeds/cmcc_tdlte_v23.json; omcgo/datamodels/mml-catalog/cmcc-tdlte-v2.3.json,YES_EXISTING_JSON_PARENT_GROUP,existing_mml_parent_object_group,READ_WRITE,STRING,ANR,Device.Services.FAPService.{i}.FAPControl.NR.SelfConfig.SONConfigParam.ANR.,
Device.Services.FAPService.{i}.FAPControl.NR.SelfConfig.SONConfigParam.ANR.KPIPeriod,yes,existing_command_object_parent,medium,path 位于当前 MML seed/catalog 二级命令节点 object_path 下，可挂入该二级节点；需确认分组是否过粗,SF,小区服务参数管理（总体）,FAP 载波基本配置,Device.Services.FAPService.{i}.,,json_seed_and_catalog_existing_group,omcgo/internal/config/parammodel/mmlstandardloader/seeds/cmcc_tdlte_v23.json; omcgo/datamodels/mml-catalog/cmcc-tdlte-v2.3.json,YES_EXISTING_JSON_PARENT_GROUP,existing_mml_parent_object_group,READ_WRITE,STRING,ANR,Device.Services.FAPService.{i}.FAPControl.NR.SelfConfig.SONConfigParam.ANR.,
Device.Services.FAPService.{i}.FAPControl.NR.SelfConfig.SONConfigParam.ANR.MRTriggerType,yes,existing_command_object_parent,medium,path 位于当前 MML seed/catalog 二级命令节点 object_path 下，可挂入该二级节点；需确认分组是否过粗,SF,小区服务参数管理（总体）,FAP 载波基本配置,Device.Services.FAPService.{i}.,,json_seed_and_catalog_existing_group,omcgo/internal/config/parammodel/mmlstandardloader/seeds/cmcc_tdlte_v23.json; omcgo/datamodels/mml-catalog/cmcc-tdlte-v2.3.json,YES_EXISTING_JSON_PARENT_GROUP,existing_mml_parent_object_group,READ_WRITE,STRING,ANR,Device.Services.FAPService.{i}.FAPControl.NR.SelfConfig.SONConfigParam.ANR.,
Device.Services.FAPService.{i}.FAPControl.NR.SelfConfig.SONConfigParam.ANR.MaxHoSuccess,yes,existing_command_object_parent,medium,path 位于当前 MML seed/catalog 二级命令节点 object_path 下，可挂入该二级节点；需确认分组是否过粗,SF,小区服务参数管理（总体）,FAP 载波基本配置,Device.Services.FAPService.{i}.,,json_seed_and_catalog_existing_group,omcgo/internal/config/parammodel/mmlstandardloader/seeds/cmcc_tdlte_v23.json; omcgo/datamodels/mml-catalog/cmcc-tdlte-v2.3.json,YES_EXISTING_JSON_PARENT_GROUP,existing_mml_parent_object_group,READ_WRITE,STRING,ANR,Device.Services.FAPService.{i}.FAPControl.NR.SelfConfig.SONConfigParam.ANR.,
Device.Services.FAPService.{i}.FAPControl.NR.SelfConfig.SONConfigParam.ANR.MaxHoTimes,yes,existing_command_object_parent,medium,path 位于当前 MML seed/catalog 二级命令节点 object_path 下，可挂入该二级节点；需确认分组是否过粗,SF,小区服务参数管理（总体）,FAP 载波基本配置,Device.Services.FAPService.{i}.,,json_seed_and_catalog_existing_group,omcgo/internal/config/parammodel/mmlstandardloader/seeds/cmcc_tdlte_v23.json; omcgo/datamodels/mml-catalog/cmcc-tdlte-v2.3.json,YES_EXISTING_JSON_PARENT_GROUP,existing_mml_parent_object_group,READ_WRITE,STRING,ANR,Device.Services.FAPService.{i}.FAPControl.NR.SelfConfig.SONConfigParam.ANR.,
Device.Services.FAPService.{i}.FAPControl.NR.SelfConfig.SONConfigParam.ANR.RSRPReferenceEnable,yes,existing_command_object_parent,medium,path 位于当前 MML seed/catalog 二级命令节点 object_path 下，可挂入该二级节点；需确认分组是否过粗,SF,小区服务参数管理（总体）,FAP 载波基本配置,Device.Services.FAPService.{i}.,,json_seed_and_catalog_existing_group,omcgo/internal/config/parammodel/mmlstandardloader/seeds/cmcc_tdlte_v23.json; omcgo/datamodels/mml-catalog/cmcc-tdlte-v2.3.json,YES_EXISTING_JSON_PARENT_GROUP,existing_mml_parent_object_group,READ_WRITE,STRING,ANR,Device.Services.FAPService.{i}.FAPControl.NR.SelfConfig.SONConfigParam.ANR.,
Device.Services.FAPService.{i}.FAPControl.NR.SelfConfig.SONConfigParam.ANR.RSRPThreshold,yes,existing_command_object_parent,medium,path 位于当前 MML seed/catalog 二级命令节点 object_path 下，可挂入该二级节点；需确认分组是否过粗,SF,小区服务参数管理（总体）,FAP 载波基本配置,Device.Services.FAPService.{i}.,,json_seed_and_catalog_existing_group,omcgo/internal/config/parammodel/mmlstandardloader/seeds/cmcc_tdlte_v23.json; omcgo/datamodels/mml-catalog/cmcc-tdlte-v2.3.json,YES_EXISTING_JSON_PARENT_GROUP,existing_mml_parent_object_group,READ_WRITE,STRING,ANR,Device.Services.FAPService.{i}.FAPControl.NR.SelfConfig.SONConfigParam.ANR.,
