model_code,category,path,path_root,entry_type,name_zh,doc_access,doc_data_type,standard_param_id,std_entry_type,std_access,std_data_type,std_description,mml_action,already_in_mml,current_mml_commands,match_method,target_chapter_code,target_chapter_name,target_node_name,target_object_path,target_group_code,candidate_commands,source_file,source_sheet,source_row
CMCC_5G_EXT_PICO_V1.9.4,多实例状态变化通知参数,Device.DeviceInfo.AddEndPoint,Device,parameter,多实例新增,,string(128),9e240d03-905d-4a12-b35b-1e42cd87b98d,parameter,READ_ONLY,STRING,,add_to_existing_command,no,,parent_exact,SA,设备信息参数管理,设备基本信息,Device.DeviceInfo.,DEVICE_DEVICEINFO,LST DEVICE_INFO,中国移动5G扩展型皮基站网管南向接口数据模型规范v1.9.4.xlsx,SA,85
CMCC_LTE_V2.1,多实例状态变化通知参数,Device.DeviceInfo.DelEndPonit,Device,parameter,多实例删除,R,string(64),0a4745f0-c6a3-4cd0-ab68-f10e4af235ed,parameter,READ_ONLY,STRING,,add_to_existing_command,no,,parent_exact,SA,设备信息参数管理,设备基本信息,Device.DeviceInfo.,DEVICE_DEVICEINFO,LST DEVICE_INFO,LTE V2.1.xlsx,SR,32
CMCC_LTE_V2.1,小区参数管理,Device.Services.FAPService.{i}.Capabilities.MaxTxPower,Device,parameter,最大发射功率,R,unsignedInt,d2e321a4-e672-4d03-8f52-ac6bd67602ba,parameter,READ_ONLY,U_INT,,add_to_existing_command,no,,parent_exact,SF,小区服务参数管理（总体）,FAP 载波能力集,Device.Services.FAPService.{i}.Capabilities.,DEVICE_SERVICES_FAPSERVICE_CAPABILITIES,LST FAPSERVICE_CAPABILITIES,LTE V2.1.xlsx,SF,45
CMCC_LTE_V2.1,WAN口配置参数管理,Device.Ethernet.Interface.{i}.PortType,Device,parameter,端口类型,R,string,9d75480a-8603-44b3-aa57-52a03e45e22b,parameter,READ_ONLY,STRING,,add_to_existing_command,no,,parent_exact,SL,WAN口配置参数管理,以太网接口,Device.Ethernet.Interface.{i}.,DEVICE_ETHERNET_INTERFACE,LST INTERFACE,LTE V2.1.xlsx,SL,14
CMCC_5G_EXT_PICO_V1.9.4,时间服务器参数管理,Device.Time.LocalTimeZoneName,Device,parameter,本地时区,RW,string(64),952fd431-1c77-4f28-af45-7bddbcee5487,parameter,READ_WRITE,STRING,,add_to_existing_command,no,,parent_exact,SN,时间服务器参数管理,时间同步服务器,Device.Time.,DEVICE_TIME,LST TIME;MOD TIME,中国移动5G扩展型皮基站网管南向接口数据模型规范v1.9.4.xlsx,SP,9
CMCC_TD_LTE_V2.3,设备信息参数管理,Device.DeviceInfo.3GPPSpecVersion,Device,parameter,3GPP协议版本,R,string,0a4954f0-8698-4b70-8647-373a1c813a4b,parameter,READ_ONLY,STRING,,already_in_mml,yes,LST DEVICE_INFO,parent_exact,SA,设备信息参数管理,设备基本信息,Device.DeviceInfo.,DEVICE_DEVICEINFO,LST DEVICE_INFO,中国移动TD-LTE皮站_飞站基站设备网络管理南向接口数据配置模型规范V2.3.xlsx,SA,16
CMCC_TD_LTE_V2.3,设备信息参数管理,Device.DeviceInfo.AdditionalHardwareVersion,Device,parameter,附加硬件版本,R,string(64),bb502075-369b-4846-9d77-c92ec2943f15,parameter,READ_ONLY,STRING,,already_in_mml,yes,LST DEVICE_INFO,parent_exact,SA,设备信息参数管理,设备基本信息,Device.DeviceInfo.,DEVICE_DEVICEINFO,LST DEVICE_INFO,中国移动TD-LTE皮站_飞站基站设备网络管理南向接口数据配置模型规范V2.3.xlsx,SA,11
CMCC_TD_LTE_V2.3,设备信息参数管理,Device.DeviceInfo.AdditionalSoftwareVersion,Device,parameter,附加软件版本,R,string(64),ed5bce01-be88-4429-8525-ef22a6889993,parameter,READ_ONLY,STRING,,already_in_mml,yes,LST DEVICE_INFO,parent_exact,SA,设备信息参数管理,设备基本信息,Device.DeviceInfo.,DEVICE_DEVICEINFO,LST DEVICE_INFO,中国移动TD-LTE皮站_飞站基站设备网络管理南向接口数据配置模型规范V2.3.xlsx,SA,12
CMCC_TD_LTE_V2.3,设备信息参数管理,Device.DeviceInfo.DataModelSpecVersion,Device,parameter,数据模型版本,R,string,594239f0-c9f5-4c68-b09f-2f537438108a,parameter,READ_ONLY,string,,already_in_mml,yes,LST DEVICE_INFO,parent_exact,SA,设备信息参数管理,设备基本信息,Device.DeviceInfo.,DEVICE_DEVICEINFO,LST DEVICE_INFO,中国移动TD-LTE皮站_飞站基站设备网络管理南向接口数据配置模型规范V2.3.xlsx,SA,21
CMCC_TD_LTE_V2.3,设备信息参数管理,Device.DeviceInfo.DnPrefix,Device,parameter,DN前缀,RW,string,33ee952a-8e2b-42e5-9f50-435c9cc26d80,parameter,READ_WRITE,string,,already_in_mml,yes,LST DEVICE_INFO;MOD DEVICE_INFO,parent_exact,SA,设备信息参数管理,设备基本信息,Device.DeviceInfo.,DEVICE_DEVICEINFO,LST DEVICE_INFO;MOD DEVICE_INFO,中国移动TD-LTE皮站_飞站基站设备网络管理南向接口数据配置模型规范V2.3.xlsx,SA,3
CMCC_TD_LTE_V2.3,设备信息参数管理,Device.DeviceInfo.FirstUseDate,Device,parameter,首次使用日期,R,dateTime,d867c8a0-02e4-42d4-9125-24cf1274fc37,parameter,READ_ONLY,DATE_TIME,,already_in_mml,yes,LST DEVICE_INFO,parent_exact,SA,设备信息参数管理,设备基本信息,Device.DeviceInfo.,DEVICE_DEVICEINFO,LST DEVICE_INFO,中国移动TD-LTE皮站_飞站基站设备网络管理南向接口数据配置模型规范V2.3.xlsx,SA,17
CMCC_TD_LTE_V2.3,设备信息参数管理,Device.DeviceInfo.HardwarePlatform,Device,parameter,硬件平台,R,string(64),9d0a4a46-e0fc-4274-a449-055e6c5592a2,parameter,READ_ONLY,STRING,,already_in_mml,yes,LST DEVICE_INFO,parent_exact,SA,设备信息参数管理,设备基本信息,Device.DeviceInfo.,DEVICE_DEVICEINFO,LST DEVICE_INFO,中国移动TD-LTE皮站_飞站基站设备网络管理南向接口数据配置模型规范V2.3.xlsx,SA,10
CMCC_TD_LTE_V2.3,设备信息参数管理,Device.DeviceInfo.HardwareVersion,Device,parameter,硬件版本,R,string(64),bca21e45-336c-4814-9f93-f18cc1678aac,parameter,READ_ONLY,STRING,,already_in_mml,yes,LST DEVICE_INFO,parent_exact,SA,设备信息参数管理,设备基本信息,Device.DeviceInfo.,DEVICE_DEVICEINFO,LST DEVICE_INFO,中国移动TD-LTE皮站_飞站基站设备网络管理南向接口数据配置模型规范V2.3.xlsx,SA,8
CMCC_TD_LTE_V2.3,设备信息参数管理,Device.DeviceInfo.Manufacturer,Device,parameter,制造商,R,string(64),4eaebfbc-d2ab-4bc6-864b-c70aea89a9f6,parameter,READ_ONLY,STRING,,already_in_mml,yes,LST DEVICE_INFO,parent_exact,SA,设备信息参数管理,设备基本信息,Device.DeviceInfo.,DEVICE_DEVICEINFO,LST DEVICE_INFO,中国移动TD-LTE皮站_飞站基站设备网络管理南向接口数据配置模型规范V2.3.xlsx,SA,5
CMCC_TD_LTE_V2.3,设备信息参数管理,Device.DeviceInfo.ManufacturerOUI,Device,parameter,制造商OUI,R,string(6),247f5384-f325-4838-b352-88c6558a77f9,parameter,READ_WRITE,STRING,,already_in_mml,yes,LST DEVICE_INFO,parent_exact,SA,设备信息参数管理,设备基本信息,Device.DeviceInfo.,DEVICE_DEVICEINFO,LST DEVICE_INFO,中国移动TD-LTE皮站_飞站基站设备网络管理南向接口数据配置模型规范V2.3.xlsx,SA,4
CMCC_TD_LTE_V2.3,设备信息参数管理,Device.DeviceInfo.ModelName,Device,parameter,设备型号,R,string(64),b2eb6879-9d0d-43bd-a535-312e50fac907,parameter,READ_ONLY,STRING,,already_in_mml,yes,LST DEVICE_INFO,parent_exact,SA,设备信息参数管理,设备基本信息,Device.DeviceInfo.,DEVICE_DEVICEINFO,LST DEVICE_INFO,中国移动TD-LTE皮站_飞站基站设备网络管理南向接口数据配置模型规范V2.3.xlsx,SA,6
CMCC_TD_LTE_V2.3,设备信息参数管理,Device.DeviceInfo.ProductClass,Device,parameter,产品分类,R,string(64),2f92e469-e93a-4c5a-a4de-38db8f7fdf51,parameter,READ_WRITE,STRING,,already_in_mml,yes,LST DEVICE_INFO,parent_exact,SA,设备信息参数管理,设备基本信息,Device.DeviceInfo.,DEVICE_DEVICEINFO,LST DEVICE_INFO,中国移动TD-LTE皮站_飞站基站设备网络管理南向接口数据配置模型规范V2.3.xlsx,SA,14
CMCC_TD_LTE_V2.3,设备信息参数管理,Device.DeviceInfo.ProvisioningCode,Device,parameter,供应商代号,R,string(64),267c7905-ae92-4ac1-b300-b81a789da562,parameter,READ_ONLY,STRING,,already_in_mml,yes,LST DEVICE_INFO,parent_exact,SA,设备信息参数管理,设备基本信息,Device.DeviceInfo.,DEVICE_DEVICEINFO,LST DEVICE_INFO,中国移动TD-LTE皮站_飞站基站设备网络管理南向接口数据配置模型规范V2.3.xlsx,SA,13
CMCC_TD_LTE_V2.3,设备信息参数管理,Device.DeviceInfo.SerialNumber,Device,parameter,序列号,R,string(64),2545558b-ccea-40f5-9850-caa6e3e41ae3,parameter,READ_ONLY,STRING,,already_in_mml,yes,LST DEVICE_INFO,parent_exact,SA,设备信息参数管理,设备基本信息,Device.DeviceInfo.,DEVICE_DEVICEINFO,LST DEVICE_INFO,中国移动TD-LTE皮站_飞站基站设备网络管理南向接口数据配置模型规范V2.3.xlsx,SA,7
CMCC_TD_LTE_V2.3,设备信息参数管理,Device.DeviceInfo.SoftwareVersion,Device,parameter,软件版本,R,string(64),ed1df029-35b2-4640-a3c1-414970b58522,parameter,READ_ONLY,STRING,,already_in_mml,yes,LST DEVICE_INFO,parent_exact,SA,设备信息参数管理,设备基本信息,Device.DeviceInfo.,DEVICE_DEVICEINFO,LST DEVICE_INFO,中国移动TD-LTE皮站_飞站基站设备网络管理南向接口数据配置模型规范V2.3.xlsx,SA,9
CMCC_TD_LTE_V2.3,设备信息参数管理,Device.DeviceInfo.UpTime,Device,parameter,运行时间,R,unsignedInt,471bdae0-a26b-47e9-ab62-fdef9cde4ac9,parameter,READ_ONLY,STRING,,already_in_mml,yes,LST DEVICE_INFO,parent_exact,SA,设备信息参数管理,设备基本信息,Device.DeviceInfo.,DEVICE_DEVICEINFO,LST DEVICE_INFO,中国移动TD-LTE皮站_飞站基站设备网络管理南向接口数据配置模型规范V2.3.xlsx,SA,15
CMCC_TD_LTE_V2.3,设备信息参数管理,Device.DeviceInfo.UserLabel,Device,parameter,用户友好名,RW,string,8fd29fbf-0b3b-4e05-b5b2-758cab19674d,parameter,READ_WRITE,string,,already_in_mml,yes,LST DEVICE_INFO;MOD DEVICE_INFO,parent_exact,SA,设备信息参数管理,设备基本信息,Device.DeviceInfo.,DEVICE_DEVICEINFO,LST DEVICE_INFO;MOD DEVICE_INFO,中国移动TD-LTE皮站_飞站基站设备网络管理南向接口数据配置模型规范V2.3.xlsx,SA,2
CMCC_TD_LTE_V2.3,设备信息参数管理,Device.DeviceInfo.SwUpgrade.FailureCause,Device,parameter,升级失败原因,R,string(512),d63e24f8-c87f-47b0-b436-73f0d00529ed,parameter,READ_ONLY,string,,already_in_mml,yes,LST DEVICE_INFO_SW_UPGRADE,parent_exact,SA,设备信息参数管理,设备软件升级状态,Device.DeviceInfo.SwUpgrade.,DEVICE_DEVICEINFO_SWUPGRADE,LST DEVICE_INFO_SW_UPGRADE,中国移动TD-LTE皮站_飞站基站设备网络管理南向接口数据配置模型规范V2.3.xlsx,SA,19
CMCC_TD_LTE_V2.3,设备信息参数管理,Device.DeviceInfo.SwUpgrade.Stage,Device,parameter,升级阶段,R,unsignedInt[1:5],6547cb1c-c96f-4e41-9b92-81a8e3b200d9,parameter,READ_ONLY,unsignedInt,,already_in_mml,yes,LST DEVICE_INFO_SW_UPGRADE,parent_exact,SA,设备信息参数管理,设备软件升级状态,Device.DeviceInfo.SwUpgrade.,DEVICE_DEVICEINFO_SWUPGRADE,LST DEVICE_INFO_SW_UPGRADE,中国移动TD-LTE皮站_飞站基站设备网络管理南向接口数据配置模型规范V2.3.xlsx,SA,18
CMCC_TD_LTE_V2.3,设备信息参数管理,Device.DeviceInfo.SwUpgrade.Status,Device,parameter,状态,R,unsignedInt[1:3],40233263-16d4-474a-a059-816a0ddc4848,parameter,READ_ONLY,unsignedInt,,already_in_mml,yes,LST DEVICE_INFO_SW_UPGRADE,parent_exact,SA,设备信息参数管理,设备软件升级状态,Device.DeviceInfo.SwUpgrade.,DEVICE_DEVICEINFO_SWUPGRADE,LST DEVICE_INFO_SW_UPGRADE,中国移动TD-LTE皮站_飞站基站设备网络管理南向接口数据配置模型规范V2.3.xlsx,SA,20
CMCC_5G_EXT_PICO_V1.9.4,版本参数管理,Device.SoftwareCtrl.ActivateEnable,Device,parameter,激活备份版本使能开关,RW,boolean,a29da561-a90a-4d7b-bcac-f72123d308cc,parameter,READ_WRITE,BOOLEAN,,already_in_mml,yes,LST SOFTWARE_CTRL;MOD SOFTWARE_CTRL,parent_exact,SB,软件版本参数管理,软件版本控制,Device.SoftwareCtrl.,DEVICE_SOFTWARECTRL,LST SOFTWARE_CTRL;MOD SOFTWARE_CTRL,中国移动5G扩展型皮基站网管南向接口数据模型规范v1.9.4.xlsx,SB,4
CMCC_5G_EXT_PICO_V1.9.4,版本参数管理,Device.SoftwareCtrl.ActivateTime,Device,parameter,软件激活时间,RW,dateTime,83e96dae-b8cb-472c-af22-beb8ef54b8d1,parameter,READ_WRITE,DATE_TIME,,already_in_mml,yes,LST SOFTWARE_CTRL;MOD SOFTWARE_CTRL,parent_exact,SB,软件版本参数管理,软件版本控制,Device.SoftwareCtrl.,DEVICE_SOFTWARECTRL,LST SOFTWARE_CTRL;MOD SOFTWARE_CTRL,中国移动5G扩展型皮基站网管南向接口数据模型规范v1.9.4.xlsx,SB,3
CMCC_5G_EXT_PICO_V1.9.4,版本参数管理,Device.SoftwareCtrl.AutoActivateEnable,Device,parameter,立即激活目标升级版本使能开关,RW,boolean,dd8f1381-952b-4e26-9776-c11e39b1e0a0,parameter,READ_WRITE,BOOLEAN,,already_in_mml,yes,LST SOFTWARE_CTRL;MOD SOFTWARE_CTRL,parent_exact,SB,软件版本参数管理,软件版本控制,Device.SoftwareCtrl.,DEVICE_SOFTWARECTRL,LST SOFTWARE_CTRL;MOD SOFTWARE_CTRL,中国移动5G扩展型皮基站网管南向接口数据模型规范v1.9.4.xlsx,SB,2
CMCC_5G_EXT_PICO_V1.9.4,版本参数管理,Device.SoftwareCtrl.SystemBackupVersion,Device,parameter,系统备份版本,R,string(64),abd55c91-af3f-4aea-a161-fd7ff3fe8654,parameter,READ_ONLY,STRING,,already_in_mml,yes,LST SOFTWARE_CTRL,parent_exact,SB,软件版本参数管理,软件版本控制,Device.SoftwareCtrl.,DEVICE_SOFTWARECTRL,LST SOFTWARE_CTRL,中国移动5G扩展型皮基站网管南向接口数据模型规范v1.9.4.xlsx,SB,6
CMCC_5G_EXT_PICO_V1.9.4,版本参数管理,Device.SoftwareCtrl.SystemCurrentVersion,Device,parameter,系统当前版本,R,string(64),693d6725-a8d8-4ebf-af19-26a204f7f976,parameter,READ_ONLY,STRING,,already_in_mml,yes,LST SOFTWARE_CTRL,parent_exact,SB,软件版本参数管理,软件版本控制,Device.SoftwareCtrl.,DEVICE_SOFTWARECTRL,LST SOFTWARE_CTRL,中国移动5G扩展型皮基站网管南向接口数据模型规范v1.9.4.xlsx,SB,5
CMCC_5G_EXT_PICO_V1.9.4,网管参数管理,Device.ManagementServer.ConnectionRequestPassword,Device,parameter,连接请求密码,RW,string(256),a08b2deb-0e01-4201-b8fa-26ec1cd0053b,parameter,READ_WRITE,STRING,,already_in_mml,yes,LST MANAGEMENT_SERVER;MOD MANAGEMENT_SERVER,parent_exact,SC,基站网管参数管理,基站网管连接,Device.ManagementServer.,DEVICE_MANAGEMENTSERVER,LST MANAGEMENT_SERVER;MOD MANAGEMENT_SERVER,中国移动5G扩展型皮基站网管南向接口数据模型规范v1.9.4.xlsx,SC,11
CMCC_5G_EXT_PICO_V1.9.4,网管参数管理,Device.ManagementServer.ConnectionRequestURL,Device,parameter,连接请求URL,R,string(256),36a970bd-f815-46ad-a9b9-43eabe9f6906,parameter,READ_ONLY,STRING,,already_in_mml,yes,LST MANAGEMENT_SERVER,parent_exact,SC,基站网管参数管理,基站网管连接,Device.ManagementServer.,DEVICE_MANAGEMENTSERVER,LST MANAGEMENT_SERVER,中国移动5G扩展型皮基站网管南向接口数据模型规范v1.9.4.xlsx,SC,9
CMCC_5G_EXT_PICO_V1.9.4,网管参数管理,Device.ManagementServer.ConnectionRequestUsername,Device,parameter,连接请求用户名,RW,string(256),65cdfc46-10ac-4692-9894-52dca7fe5998,parameter,READ_WRITE,STRING,,already_in_mml,yes,LST MANAGEMENT_SERVER;MOD MANAGEMENT_SERVER,parent_exact,SC,基站网管参数管理,基站网管连接,Device.ManagementServer.,DEVICE_MANAGEMENTSERVER,LST MANAGEMENT_SERVER;MOD MANAGEMENT_SERVER,中国移动5G扩展型皮基站网管南向接口数据模型规范v1.9.4.xlsx,SC,10
CMCC_5G_EXT_PICO_V1.9.4,网管参数管理,Device.ManagementServer.NATDetected,Device,parameter,NAT转换地址,R,boolean,3a481512-c550-4682-ba5b-24a3fb620450,parameter,READ_ONLY,BOOLEAN,,already_in_mml,yes,LST MANAGEMENT_SERVER,parent_exact,SC,基站网管参数管理,基站网管连接,Device.ManagementServer.,DEVICE_MANAGEMENTSERVER,LST MANAGEMENT_SERVER,中国移动5G扩展型皮基站网管南向接口数据模型规范v1.9.4.xlsx,SC,20
CMCC_5G_EXT_PICO_V1.9.4,网管参数管理,Device.ManagementServer.ParameterKey,Device,parameter,键值,R,string(32),3fbab48f-73e5-463f-878b-76a5e85edd73,parameter,READ_WRITE,STRING,,already_in_mml,yes,LST MANAGEMENT_SERVER,parent_exact,SC,基站网管参数管理,基站网管连接,Device.ManagementServer.,DEVICE_MANAGEMENTSERVER,LST MANAGEMENT_SERVER,中国移动5G扩展型皮基站网管南向接口数据模型规范v1.9.4.xlsx,SC,8
CMCC_5G_EXT_PICO_V1.9.4,网管参数管理,Device.ManagementServer.Password,Device,parameter,连接密码,RW,string(256),8de7192b-3e38-4cd9-b9e1-604b108c3c98,parameter,READ_WRITE,STRING,,already_in_mml,yes,LST MANAGEMENT_SERVER;MOD MANAGEMENT_SERVER,parent_exact,SC,基站网管参数管理,基站网管连接,Device.ManagementServer.,DEVICE_MANAGEMENTSERVER,LST MANAGEMENT_SERVER;MOD MANAGEMENT_SERVER,中国移动5G扩展型皮基站网管南向接口数据模型规范v1.9.4.xlsx,SC,4
CMCC_5G_EXT_PICO_V1.9.4,网管参数管理,Device.ManagementServer.PeriodicInformEnable,Device,parameter,连接使能开关,RW,boolean,09ef6d89-8248-4fcd-b3a4-535f066f57b2,parameter,READ_WRITE,BOOLEAN,,already_in_mml,yes,LST MANAGEMENT_SERVER;MOD MANAGEMENT_SERVER,parent_exact,SC,基站网管参数管理,基站网管连接,Device.ManagementServer.,DEVICE_MANAGEMENTSERVER,LST MANAGEMENT_SERVER;MOD MANAGEMENT_SERVER,中国移动5G扩展型皮基站网管南向接口数据模型规范v1.9.4.xlsx,SC,5
CMCC_5G_EXT_PICO_V1.9.4,网管参数管理,Device.ManagementServer.PeriodicInformInterval,Device,parameter,周期上报时间间隔,RW,unsignedInt[1:],a57334ff-956b-4c14-a4ef-0482edc1d6e7,parameter,READ_WRITE,U_INT,,already_in_mml,yes,LST MANAGEMENT_SERVER;MOD MANAGEMENT_SERVER,parent_exact,SC,基站网管参数管理,基站网管连接,Device.ManagementServer.,DEVICE_MANAGEMENTSERVER,LST MANAGEMENT_SERVER;MOD MANAGEMENT_SERVER,中国移动5G扩展型皮基站网管南向接口数据模型规范v1.9.4.xlsx,SC,7
CMCC_5G_EXT_PICO_V1.9.4,网管参数管理,Device.ManagementServer.PeriodicInformTime,Device,parameter,上报周期,RW,dateTime,546a4955-db7d-4cc0-918b-dcad2b6035c1,parameter,READ_WRITE,DATE_TIME,,already_in_mml,yes,LST MANAGEMENT_SERVER;MOD MANAGEMENT_SERVER,parent_exact,SC,基站网管参数管理,基站网管连接,Device.ManagementServer.,DEVICE_MANAGEMENTSERVER,LST MANAGEMENT_SERVER;MOD MANAGEMENT_SERVER,中国移动5G扩展型皮基站网管南向接口数据模型规范v1.9.4.xlsx,SC,6
CMCC_5G_EXT_PICO_V1.9.4,网管参数管理,Device.ManagementServer.STUNEnable,Device,parameter,STUN使能开关,RW,boolean,cf7868f4-d331-4f80-95bb-359bd69cd9fe,parameter,READ_WRITE,BOOLEAN,,already_in_mml,yes,LST MANAGEMENT_SERVER;MOD MANAGEMENT_SERVER,parent_exact,SC,基站网管参数管理,基站网管连接,Device.ManagementServer.,DEVICE_MANAGEMENTSERVER,LST MANAGEMENT_SERVER;MOD MANAGEMENT_SERVER,中国移动5G扩展型皮基站网管南向接口数据模型规范v1.9.4.xlsx,SC,13
CMCC_5G_EXT_PICO_V1.9.4,网管参数管理,Device.ManagementServer.STUNMaximumKeepAlivePeriod,Device,parameter,STUN最大生存周期,RW,int[-1:65535],e818b4c1-0d0f-4224-8eef-fe5a88eed1fd,parameter,READ_WRITE,INT,,already_in_mml,yes,LST MANAGEMENT_SERVER;MOD MANAGEMENT_SERVER,parent_exact,SC,基站网管参数管理,基站网管连接,Device.ManagementServer.,DEVICE_MANAGEMENTSERVER,LST MANAGEMENT_SERVER;MOD MANAGEMENT_SERVER,中国移动5G扩展型皮基站网管南向接口数据模型规范v1.9.4.xlsx,SC,18
CMCC_5G_EXT_PICO_V1.9.4,网管参数管理,Device.ManagementServer.STUNMinimumKeepAlivePeriod,Device,parameter,STUN最小生存周期,RW,unsignedInt[0:65535],ef64e1a9-5a80-42ac-86d7-426cfcb09666,parameter,READ_WRITE,U_INT,,already_in_mml,yes,LST MANAGEMENT_SERVER;MOD MANAGEMENT_SERVER,parent_exact,SC,基站网管参数管理,基站网管连接,Device.ManagementServer.,DEVICE_MANAGEMENTSERVER,LST MANAGEMENT_SERVER;MOD MANAGEMENT_SERVER,中国移动5G扩展型皮基站网管南向接口数据模型规范v1.9.4.xlsx,SC,19
CMCC_5G_EXT_PICO_V1.9.4,网管参数管理,Device.ManagementServer.STUNPassword,Device,parameter,STUN密码,RW,string(256),1102e698-f8bd-4334-b030-539aaf15f2ba,parameter,READ_WRITE,STRING,,already_in_mml,yes,LST MANAGEMENT_SERVER;MOD MANAGEMENT_SERVER,parent_exact,SC,基站网管参数管理,基站网管连接,Device.ManagementServer.,DEVICE_MANAGEMENTSERVER,LST MANAGEMENT_SERVER;MOD MANAGEMENT_SERVER,中国移动5G扩展型皮基站网管南向接口数据模型规范v1.9.4.xlsx,SC,17
CMCC_5G_EXT_PICO_V1.9.4,网管参数管理,Device.ManagementServer.STUNServerAddress,Device,parameter,STUN服务器地址,RW,string(256),c639c536-7694-489f-86ae-41b658c971ff,parameter,READ_WRITE,STRING,,already_in_mml,yes,LST MANAGEMENT_SERVER;MOD MANAGEMENT_SERVER,parent_exact,SC,基站网管参数管理,基站网管连接,Device.ManagementServer.,DEVICE_MANAGEMENTSERVER,LST MANAGEMENT_SERVER;MOD MANAGEMENT_SERVER,中国移动5G扩展型皮基站网管南向接口数据模型规范v1.9.4.xlsx,SC,14
CMCC_5G_EXT_PICO_V1.9.4,网管参数管理,Device.ManagementServer.STUNServerPort,Device,parameter,STUN服务器端口,RW,unsignedInt[0:65535],e1e532ab-f64d-4983-aa4c-b974588e4a5f,parameter,READ_WRITE,U_INT,,already_in_mml,yes,LST MANAGEMENT_SERVER;MOD MANAGEMENT_SERVER,parent_exact,SC,基站网管参数管理,基站网管连接,Device.ManagementServer.,DEVICE_MANAGEMENTSERVER,LST MANAGEMENT_SERVER;MOD MANAGEMENT_SERVER,中国移动5G扩展型皮基站网管南向接口数据模型规范v1.9.4.xlsx,SC,15
CMCC_5G_EXT_PICO_V1.9.4,网管参数管理,Device.ManagementServer.STUNUsername,Device,parameter,STUN用户名,RW,string(256),27a73416-a4d8-4134-b488-99ab08deca7f,parameter,READ_WRITE,STRING,,already_in_mml,yes,LST MANAGEMENT_SERVER;MOD MANAGEMENT_SERVER,parent_exact,SC,基站网管参数管理,基站网管连接,Device.ManagementServer.,DEVICE_MANAGEMENTSERVER,LST MANAGEMENT_SERVER;MOD MANAGEMENT_SERVER,中国移动5G扩展型皮基站网管南向接口数据模型规范v1.9.4.xlsx,SC,16
CMCC_5G_EXT_PICO_V1.9.4,网管参数管理,Device.ManagementServer.UDPConnectionRequestAddress,Device,parameter,UDP连接请求地址,R,string(256),9feb8505-a7d7-4c38-a2e0-c8cd966bff1f,parameter,READ_ONLY,STRING,,already_in_mml,yes,LST MANAGEMENT_SERVER,parent_exact,SC,基站网管参数管理,基站网管连接,Device.ManagementServer.,DEVICE_MANAGEMENTSERVER,LST MANAGEMENT_SERVER,中国移动5G扩展型皮基站网管南向接口数据模型规范v1.9.4.xlsx,SC,12
CMCC_5G_EXT_PICO_V1.9.4,网管参数管理,Device.ManagementServer.URL,Device,parameter,网管服务器URL,RW,string(256),696f70ac-64d4-49f3-92a8-0f23753f5c3c,parameter,READ_WRITE,STRING,,already_in_mml,yes,LST MANAGEMENT_SERVER;MOD MANAGEMENT_SERVER,parent_exact,SC,基站网管参数管理,基站网管连接,Device.ManagementServer.,DEVICE_MANAGEMENTSERVER,LST MANAGEMENT_SERVER;MOD MANAGEMENT_SERVER,中国移动5G扩展型皮基站网管南向接口数据模型规范v1.9.4.xlsx,SC,2
CMCC_5G_EXT_PICO_V1.9.4,网管参数管理,Device.ManagementServer.Username,Device,parameter,连接用户名,RW,string(256),da8ffa1a-601b-42bb-b686-440e29ffbf82,parameter,READ_WRITE,STRING,,already_in_mml,yes,LST MANAGEMENT_SERVER;MOD MANAGEMENT_SERVER,parent_exact,SC,基站网管参数管理,基站网管连接,Device.ManagementServer.,DEVICE_MANAGEMENTSERVER,LST MANAGEMENT_SERVER;MOD MANAGEMENT_SERVER,中国移动5G扩展型皮基站网管南向接口数据模型规范v1.9.4.xlsx,SC,3
CMCC_5G_EXT_PICO_V1.9.4,告警管理,Device.FaultMgmt.HistoryEvent.{i}.AdditionalInformation,Device,parameter,告警附加信息,R,string(256),7defc43f-90b4-47f9-8f1b-f9afe78b775c,parameter,READ_ONLY,STRING,,already_in_mml,yes,LST FAULT_MGMT_HISTORY_EVENT,parent_exact,SD,告警参数管理,历史告警实例,Device.FaultMgmt.HistoryEvent.{i}.,DEVICE_FAULTMGMT_HISTORYEVENT,LST HISTORY_EVENT,中国移动5G扩展型皮基站网管南向接口数据模型规范v1.9.4.xlsx,SD,34
CMCC_5G_EXT_PICO_V1.9.4,告警管理,Device.FaultMgmt.HistoryEvent.{i}.AdditionalText,Device,parameter,告警附加文本,R,string(256),5c0e8bf1-fb4a-4916-8035-4a30a3fd85be,parameter,READ_ONLY,STRING,,already_in_mml,yes,LST FAULT_MGMT_HISTORY_EVENT,parent_exact,SD,告警参数管理,历史告警实例,Device.FaultMgmt.HistoryEvent.{i}.,DEVICE_FAULTMGMT_HISTORYEVENT,LST HISTORY_EVENT,中国移动5G扩展型皮基站网管南向接口数据模型规范v1.9.4.xlsx,SD,33
CMCC_5G_EXT_PICO_V1.9.4,告警管理,Device.FaultMgmt.HistoryEvent.{i}.AlarmIdentifier,Device,parameter,该告警的唯一序列号,R,string(20),e876f6aa-ec64-4a6f-ad6c-e25bb59fd584,parameter,READ_ONLY,STRING,,already_in_mml,yes,LST FAULT_MGMT_HISTORY_EVENT,parent_exact,SD,告警参数管理,历史告警实例,Device.FaultMgmt.HistoryEvent.{i}.,DEVICE_FAULTMGMT_HISTORYEVENT,LST HISTORY_EVENT,中国移动5G扩展型皮基站网管南向接口数据模型规范v1.9.4.xlsx,SD,25
CMCC_5G_EXT_PICO_V1.9.4,告警管理,Device.FaultMgmt.HistoryEvent.{i}.EventTime,Device,parameter,告警发生、改变、清除的时间,R,dateTime,87890a49-4e2c-4317-9754-78ea3875b0ff,parameter,READ_ONLY,DATE_TIME,,already_in_mml,yes,LST FAULT_MGMT_HISTORY_EVENT,parent_exact,SD,告警参数管理,历史告警实例,Device.FaultMgmt.HistoryEvent.{i}.,DEVICE_FAULTMGMT_HISTORYEVENT,LST HISTORY_EVENT,中国移动5G扩展型皮基站网管南向接口数据模型规范v1.9.4.xlsx,SD,24
CMCC_5G_EXT_PICO_V1.9.4,告警管理,Device.FaultMgmt.HistoryEvent.{i}.EventType,Device,parameter,告警类型,R,string(64),c99a4228-319c-4cbd-8886-92fcf871537d,parameter,READ_ONLY,STRING,,already_in_mml,yes,LST FAULT_MGMT_HISTORY_EVENT,parent_exact,SD,告警参数管理,历史告警实例,Device.FaultMgmt.HistoryEvent.{i}.,DEVICE_FAULTMGMT_HISTORYEVENT,LST HISTORY_EVENT,中国移动5G扩展型皮基站网管南向接口数据模型规范v1.9.4.xlsx,SD,29
CMCC_5G_EXT_PICO_V1.9.4,告警管理,Device.FaultMgmt.HistoryEvent.{i}.FaultLocation,Device,parameter,告警源定位信息,R,string(512),128bef7d-5da5-4008-bdea-a8ad8a18675a,parameter,READ_ONLY,string,,already_in_mml,yes,LST FAULT_MGMT_HISTORY_EVENT,parent_exact,SD,告警参数管理,历史告警实例,Device.FaultMgmt.HistoryEvent.{i}.,DEVICE_FAULTMGMT_HISTORYEVENT,LST HISTORY_EVENT,中国移动5G扩展型皮基站网管南向接口数据模型规范v1.9.4.xlsx,SD,27
CMCC_5G_EXT_PICO_V1.9.4,告警管理,Device.FaultMgmt.HistoryEvent.{i}.ManagedObjectInstance,Device,parameter,管理对象实例,R,string(512),31386d45-5540-48ae-9353-97b13e9265e2,parameter,READ_ONLY,STRING,,already_in_mml,yes,LST FAULT_MGMT_HISTORY_EVENT,parent_exact,SD,告警参数管理,历史告警实例,Device.FaultMgmt.HistoryEvent.{i}.,DEVICE_FAULTMGMT_HISTORYEVENT,LST HISTORY_EVENT,中国移动5G扩展型皮基站网管南向接口数据模型规范v1.9.4.xlsx,SD,28
CMCC_5G_EXT_PICO_V1.9.4,告警管理,Device.FaultMgmt.HistoryEvent.{i}.NotificationType,Device,parameter,通知类型,R,string,0901e541-60c3-47e5-baf5-b886a8bd59d4,parameter,READ_ONLY,STRING,,already_in_mml,yes,LST FAULT_MGMT_HISTORY_EVENT,parent_exact,SD,告警参数管理,历史告警实例,Device.FaultMgmt.HistoryEvent.{i}.,DEVICE_FAULTMGMT_HISTORYEVENT,LST HISTORY_EVENT,中国移动5G扩展型皮基站网管南向接口数据模型规范v1.9.4.xlsx,SD,26
CMCC_5G_EXT_PICO_V1.9.4,告警管理,Device.FaultMgmt.HistoryEvent.{i}.PerceivedSeverity,Device,parameter,告警级别,R,string,f90b1d64-1fba-4c67-a9d6-014800a4d585,parameter,READ_ONLY,STRING,,already_in_mml,yes,LST FAULT_MGMT_HISTORY_EVENT,parent_exact,SD,告警参数管理,历史告警实例,Device.FaultMgmt.HistoryEvent.{i}.,DEVICE_FAULTMGMT_HISTORYEVENT,LST HISTORY_EVENT,中国移动5G扩展型皮基站网管南向接口数据模型规范v1.9.4.xlsx,SD,32
CMCC_5G_EXT_PICO_V1.9.4,告警管理,Device.FaultMgmt.HistoryEvent.{i}.ProbableCause,Device,parameter,告警原因,R,string(64),120c4ccc-c46c-4e3f-8610-0def859a2e98,parameter,READ_ONLY,STRING,,already_in_mml,yes,LST FAULT_MGMT_HISTORY_EVENT,parent_exact,SD,告警参数管理,历史告警实例,Device.FaultMgmt.HistoryEvent.{i}.,DEVICE_FAULTMGMT_HISTORYEVENT,LST HISTORY_EVENT,中国移动5G扩展型皮基站网管南向接口数据模型规范v1.9.4.xlsx,SD,30
CMCC_5G_EXT_PICO_V1.9.4,告警管理,Device.FaultMgmt.HistoryEvent.{i}.SpecificProblem,Device,parameter,告警描述,R,string(512),313797b2-e858-4f3e-8881-ba534cc1482c,parameter,READ_ONLY,STRING,,already_in_mml,yes,LST FAULT_MGMT_HISTORY_EVENT,parent_exact,SD,告警参数管理,历史告警实例,Device.FaultMgmt.HistoryEvent.{i}.,DEVICE_FAULTMGMT_HISTORYEVENT,LST HISTORY_EVENT,中国移动5G扩展型皮基站网管南向接口数据模型规范v1.9.4.xlsx,SD,31
CMCC_5G_EXT_PICO_V1.9.4,告警管理,Device.FaultMgmt.ExpeditedEvent.{i}.AdditionalInformation,Device,parameter,告警附加信息,R,string(256),604cbce2-5186-44ad-8777-69a9961c3d23,parameter,READ_ONLY,STRING,,already_in_mml,yes,LST FAULT_MGMT_EXPEDITED_EVENT,parent_exact,SD,告警参数管理,实时告警实例,Device.FaultMgmt.ExpeditedEvent.{i}.,DEVICE_FAULTMGMT_EXPEDITEDEVENT,LST EXPEDITED_EVENT,中国移动5G扩展型皮基站网管南向接口数据模型规范v1.9.4.xlsx,SD,45
CMCC_5G_EXT_PICO_V1.9.4,告警管理,Device.FaultMgmt.ExpeditedEvent.{i}.AdditionalText,Device,parameter,告警附加文本,R,string(256),7d396498-b3b6-4290-b9be-b594113266a0,parameter,READ_ONLY,STRING,,already_in_mml,yes,LST FAULT_MGMT_EXPEDITED_EVENT,parent_exact,SD,告警参数管理,实时告警实例,Device.FaultMgmt.ExpeditedEvent.{i}.,DEVICE_FAULTMGMT_EXPEDITEDEVENT,LST EXPEDITED_EVENT,中国移动5G扩展型皮基站网管南向接口数据模型规范v1.9.4.xlsx,SD,44
CMCC_5G_EXT_PICO_V1.9.4,告警管理,Device.FaultMgmt.ExpeditedEvent.{i}.AlarmIdentifier,Device,parameter,该告警的唯一序列号,R,string(20),7a048581-27b9-47ee-b5e2-91463d578ee1,parameter,READ_ONLY,STRING,,already_in_mml,yes,LST FAULT_MGMT_EXPEDITED_EVENT,parent_exact,SD,告警参数管理,实时告警实例,Device.FaultMgmt.ExpeditedEvent.{i}.,DEVICE_FAULTMGMT_EXPEDITEDEVENT,LST EXPEDITED_EVENT,中国移动5G扩展型皮基站网管南向接口数据模型规范v1.9.4.xlsx,SD,36
CMCC_5G_EXT_PICO_V1.9.4,告警管理,Device.FaultMgmt.ExpeditedEvent.{i}.EventTime,Device,parameter,告警发生、改变、清除的时间,R,dateTime,c275d1e5-abe4-4b8e-a900-6bbb61ff7447,parameter,READ_ONLY,DATE_TIME,,already_in_mml,yes,LST FAULT_MGMT_EXPEDITED_EVENT,parent_exact,SD,告警参数管理,实时告警实例,Device.FaultMgmt.ExpeditedEvent.{i}.,DEVICE_FAULTMGMT_EXPEDITEDEVENT,LST EXPEDITED_EVENT,中国移动5G扩展型皮基站网管南向接口数据模型规范v1.9.4.xlsx,SD,35
CMCC_5G_EXT_PICO_V1.9.4,告警管理,Device.FaultMgmt.ExpeditedEvent.{i}.EventType,Device,parameter,告警类型,R,string(64),8cf78cbd-0fef-41da-b268-4ac9c4dc2dac,parameter,READ_ONLY,STRING,,already_in_mml,yes,LST FAULT_MGMT_EXPEDITED_EVENT,parent_exact,SD,告警参数管理,实时告警实例,Device.FaultMgmt.ExpeditedEvent.{i}.,DEVICE_FAULTMGMT_EXPEDITEDEVENT,LST EXPEDITED_EVENT,中国移动5G扩展型皮基站网管南向接口数据模型规范v1.9.4.xlsx,SD,40
CMCC_5G_EXT_PICO_V1.9.4,告警管理,Device.FaultMgmt.ExpeditedEvent.{i}.FaultLocation,Device,parameter,告警源定位信息,R,string(512),9e2cb691-2fde-4ea0-940f-6fbc55d1ea8f,parameter,READ_ONLY,string,,already_in_mml,yes,LST FAULT_MGMT_EXPEDITED_EVENT,parent_exact,SD,告警参数管理,实时告警实例,Device.FaultMgmt.ExpeditedEvent.{i}.,DEVICE_FAULTMGMT_EXPEDITEDEVENT,LST EXPEDITED_EVENT,中国移动5G扩展型皮基站网管南向接口数据模型规范v1.9.4.xlsx,SD,38
CMCC_5G_EXT_PICO_V1.9.4,告警管理,Device.FaultMgmt.ExpeditedEvent.{i}.ManagedObjectInstance,Device,parameter,管理对象实例,R,string(512),60b6a265-58cc-4d80-8ae1-fdc1a33f1b6d,parameter,READ_ONLY,STRING,,already_in_mml,yes,LST FAULT_MGMT_EXPEDITED_EVENT,parent_exact,SD,告警参数管理,实时告警实例,Device.FaultMgmt.ExpeditedEvent.{i}.,DEVICE_FAULTMGMT_EXPEDITEDEVENT,LST EXPEDITED_EVENT,中国移动5G扩展型皮基站网管南向接口数据模型规范v1.9.4.xlsx,SD,39
CMCC_5G_EXT_PICO_V1.9.4,告警管理,Device.FaultMgmt.ExpeditedEvent.{i}.NotificationType,Device,parameter,通知类型,R,string,67198edf-998c-4ed9-90fc-d8d1e023539c,parameter,READ_ONLY,STRING,,already_in_mml,yes,LST FAULT_MGMT_EXPEDITED_EVENT,parent_exact,SD,告警参数管理,实时告警实例,Device.FaultMgmt.ExpeditedEvent.{i}.,DEVICE_FAULTMGMT_EXPEDITEDEVENT,LST EXPEDITED_EVENT,中国移动5G扩展型皮基站网管南向接口数据模型规范v1.9.4.xlsx,SD,37
CMCC_5G_EXT_PICO_V1.9.4,告警管理,Device.FaultMgmt.ExpeditedEvent.{i}.PerceivedSeverity,Device,parameter,告警级别,R,string,1bab4492-beb9-49d0-873a-e18f0d029143,parameter,READ_ONLY,STRING,,already_in_mml,yes,LST FAULT_MGMT_EXPEDITED_EVENT,parent_exact,SD,告警参数管理,实时告警实例,Device.FaultMgmt.ExpeditedEvent.{i}.,DEVICE_FAULTMGMT_EXPEDITEDEVENT,LST EXPEDITED_EVENT,中国移动5G扩展型皮基站网管南向接口数据模型规范v1.9.4.xlsx,SD,43
CMCC_5G_EXT_PICO_V1.9.4,告警管理,Device.FaultMgmt.ExpeditedEvent.{i}.ProbableCause,Device,parameter,告警原因,R,string(64),74da1170-92a0-4bef-977e-4300d201054a,parameter,READ_ONLY,STRING,,already_in_mml,yes,LST FAULT_MGMT_EXPEDITED_EVENT,parent_exact,SD,告警参数管理,实时告警实例,Device.FaultMgmt.ExpeditedEvent.{i}.,DEVICE_FAULTMGMT_EXPEDITEDEVENT,LST EXPEDITED_EVENT,中国移动5G扩展型皮基站网管南向接口数据模型规范v1.9.4.xlsx,SD,41
CMCC_5G_EXT_PICO_V1.9.4,告警管理,Device.FaultMgmt.ExpeditedEvent.{i}.SpecificProblem,Device,parameter,告警描述,R,string(512),4eb68019-2db6-477a-8d3f-ce1aadcb066a,parameter,READ_ONLY,STRING,,already_in_mml,yes,LST FAULT_MGMT_EXPEDITED_EVENT,parent_exact,SD,告警参数管理,实时告警实例,Device.FaultMgmt.ExpeditedEvent.{i}.,DEVICE_FAULTMGMT_EXPEDITEDEVENT,LST EXPEDITED_EVENT,中国移动5G扩展型皮基站网管南向接口数据模型规范v1.9.4.xlsx,SD,42
CMCC_5G_EXT_PICO_V1.9.4,告警管理,Device.FaultMgmt.CurrentAlarm.{i}.AdditionalInformation,Device,parameter,告警附加信息,R,string(256),dac0f6b3-21a6-4f92-97b7-f3ce51d4c25c,parameter,READ_ONLY,STRING,,already_in_mml,yes,LST FAULT_MGMT_CURRENT_ALARM,parent_exact,SD,告警参数管理,当前告警实例,Device.FaultMgmt.CurrentAlarm.{i}.,DEVICE_FAULTMGMT_CURRENTALARM,LST CURRENT_ALARM,中国移动5G扩展型皮基站网管南向接口数据模型规范v1.9.4.xlsx,SD,23
CMCC_5G_EXT_PICO_V1.9.4,告警管理,Device.FaultMgmt.CurrentAlarm.{i}.AdditionalText,Device,parameter,告警附加文本,R,string(256),1eb0ffd6-8731-4202-92a2-218ce6aeae75,parameter,READ_ONLY,STRING,,already_in_mml,yes,LST FAULT_MGMT_CURRENT_ALARM,parent_exact,SD,告警参数管理,当前告警实例,Device.FaultMgmt.CurrentAlarm.{i}.,DEVICE_FAULTMGMT_CURRENTALARM,LST CURRENT_ALARM,中国移动5G扩展型皮基站网管南向接口数据模型规范v1.9.4.xlsx,SD,22
CMCC_5G_EXT_PICO_V1.9.4,告警管理,Device.FaultMgmt.CurrentAlarm.{i}.AlarmChangedTime,Device,parameter,告警改变时间,R,dateTime,4efe85c1-138b-4069-a8a1-bb1e62b2eec7,parameter,READ_ONLY,DATE_TIME,,already_in_mml,yes,LST FAULT_MGMT_CURRENT_ALARM,parent_exact,SD,告警参数管理,当前告警实例,Device.FaultMgmt.CurrentAlarm.{i}.,DEVICE_FAULTMGMT_CURRENTALARM,LST CURRENT_ALARM,中国移动5G扩展型皮基站网管南向接口数据模型规范v1.9.4.xlsx,SD,15
CMCC_5G_EXT_PICO_V1.9.4,告警管理,Device.FaultMgmt.CurrentAlarm.{i}.AlarmIdentifier,Device,parameter,该告警的唯一序列号,R,string(20),d8f93193-9e09-4f6f-98fb-58d78d8c113f,parameter,READ_ONLY,STRING,,already_in_mml,yes,LST FAULT_MGMT_CURRENT_ALARM,parent_exact,SD,告警参数管理,当前告警实例,Device.FaultMgmt.CurrentAlarm.{i}.,DEVICE_FAULTMGMT_CURRENTALARM,LST CURRENT_ALARM,中国移动5G扩展型皮基站网管南向接口数据模型规范v1.9.4.xlsx,SD,13
CMCC_5G_EXT_PICO_V1.9.4,告警管理,Device.FaultMgmt.CurrentAlarm.{i}.AlarmRaisedTime,Device,parameter,告警发生时间,R,dateTime,2f460658-cfe3-430e-a1de-d258a1c0a3e3,parameter,READ_ONLY,DATE_TIME,,already_in_mml,yes,LST FAULT_MGMT_CURRENT_ALARM,parent_exact,SD,告警参数管理,当前告警实例,Device.FaultMgmt.CurrentAlarm.{i}.,DEVICE_FAULTMGMT_CURRENTALARM,LST CURRENT_ALARM,中国移动5G扩展型皮基站网管南向接口数据模型规范v1.9.4.xlsx,SD,14
CMCC_5G_EXT_PICO_V1.9.4,告警管理,Device.FaultMgmt.CurrentAlarm.{i}.EventType,Device,parameter,告警类型,R,string(64),4b7bfa1a-17f3-4d9d-8474-d693c5a2827e,parameter,READ_ONLY,STRING,,already_in_mml,yes,LST FAULT_MGMT_CURRENT_ALARM,parent_exact,SD,告警参数管理,当前告警实例,Device.FaultMgmt.CurrentAlarm.{i}.,DEVICE_FAULTMGMT_CURRENTALARM,LST CURRENT_ALARM,中国移动5G扩展型皮基站网管南向接口数据模型规范v1.9.4.xlsx,SD,18
CMCC_5G_EXT_PICO_V1.9.4,告警管理,Device.FaultMgmt.CurrentAlarm.{i}.FaultLocation,Device,parameter,告警源定位信息,R,string(512),f9cc119b-db30-4213-ade3-ece19502b7a9,parameter,READ_ONLY,string,,already_in_mml,yes,LST FAULT_MGMT_CURRENT_ALARM,parent_exact,SD,告警参数管理,当前告警实例,Device.FaultMgmt.CurrentAlarm.{i}.,DEVICE_FAULTMGMT_CURRENTALARM,LST CURRENT_ALARM,中国移动5G扩展型皮基站网管南向接口数据模型规范v1.9.4.xlsx,SD,16
CMCC_5G_EXT_PICO_V1.9.4,告警管理,Device.FaultMgmt.CurrentAlarm.{i}.ManagedObjectInstance,Device,parameter,管理对象实例,R,string(512),e89af9b3-4a72-419f-a3ca-69f2967220f7,parameter,READ_ONLY,STRING,,already_in_mml,yes,LST FAULT_MGMT_CURRENT_ALARM,parent_exact,SD,告警参数管理,当前告警实例,Device.FaultMgmt.CurrentAlarm.{i}.,DEVICE_FAULTMGMT_CURRENTALARM,LST CURRENT_ALARM,中国移动5G扩展型皮基站网管南向接口数据模型规范v1.9.4.xlsx,SD,17
CMCC_5G_EXT_PICO_V1.9.4,告警管理,Device.FaultMgmt.CurrentAlarm.{i}.PerceivedSeverity,Device,parameter,当前告警级别,R,string,f0458662-67d5-4c51-a048-8d53d79500f2,parameter,READ_ONLY,STRING,,already_in_mml,yes,LST FAULT_MGMT_CURRENT_ALARM,parent_exact,SD,告警参数管理,当前告警实例,Device.FaultMgmt.CurrentAlarm.{i}.,DEVICE_FAULTMGMT_CURRENTALARM,LST CURRENT_ALARM,中国移动5G扩展型皮基站网管南向接口数据模型规范v1.9.4.xlsx,SD,21
CMCC_5G_EXT_PICO_V1.9.4,告警管理,Device.FaultMgmt.CurrentAlarm.{i}.ProbableCause,Device,parameter,告警原因,R,string(64),0c34256c-100e-4eba-b363-549c1308d5b3,parameter,READ_ONLY,STRING,,already_in_mml,yes,LST FAULT_MGMT_CURRENT_ALARM,parent_exact,SD,告警参数管理,当前告警实例,Device.FaultMgmt.CurrentAlarm.{i}.,DEVICE_FAULTMGMT_CURRENTALARM,LST CURRENT_ALARM,中国移动5G扩展型皮基站网管南向接口数据模型规范v1.9.4.xlsx,SD,19
CMCC_5G_EXT_PICO_V1.9.4,告警管理,Device.FaultMgmt.CurrentAlarm.{i}.SpecificProblem,Device,parameter,告警描述,R,string(512),0dbd8b96-7658-4150-84ff-59dcc0095b08,parameter,READ_ONLY,STRING,,already_in_mml,yes,LST FAULT_MGMT_CURRENT_ALARM,parent_exact,SD,告警参数管理,当前告警实例,Device.FaultMgmt.CurrentAlarm.{i}.,DEVICE_FAULTMGMT_CURRENTALARM,LST CURRENT_ALARM,中国移动5G扩展型皮基站网管南向接口数据模型规范v1.9.4.xlsx,SD,20
CMCC_5G_EXT_PICO_V1.9.4,告警管理,Device.FaultMgmt.SupportedAlarm.{i}.EventType,Device,parameter,告警类型,R,string(64),5a0d68b4-57e7-48a6-b529-5d1eb6a1391f,parameter,READ_ONLY,STRING,,already_in_mml,yes,LST FAULT_MGMT_SUPPORTED_ALARM,parent_exact,SD,告警参数管理,支持告警类型,Device.FaultMgmt.SupportedAlarm.{i}.,DEVICE_FAULTMGMT_SUPPORTEDALARM,LST SUPPORTED_ALARM,中国移动5G扩展型皮基站网管南向接口数据模型规范v1.9.4.xlsx,SD,8
CMCC_5G_EXT_PICO_V1.9.4,告警管理,Device.FaultMgmt.SupportedAlarm.{i}.PerceivedSeverity,Device,parameter,支持告警级别,R,string,12f65714-2115-45bb-ad7c-0347652a6b3a,parameter,READ_ONLY,STRING,,already_in_mml,yes,LST FAULT_MGMT_SUPPORTED_ALARM,parent_exact,SD,告警参数管理,支持告警类型,Device.FaultMgmt.SupportedAlarm.{i}.,DEVICE_FAULTMGMT_SUPPORTEDALARM,LST SUPPORTED_ALARM,中国移动5G扩展型皮基站网管南向接口数据模型规范v1.9.4.xlsx,SD,11
CMCC_5G_EXT_PICO_V1.9.4,告警管理,Device.FaultMgmt.SupportedAlarm.{i}.ProbableCause,Device,parameter,告警原因,R,string(64),84624c3a-9c2f-4da1-83bd-a6a2865168da,parameter,READ_ONLY,STRING,,already_in_mml,yes,LST FAULT_MGMT_SUPPORTED_ALARM,parent_exact,SD,告警参数管理,支持告警类型,Device.FaultMgmt.SupportedAlarm.{i}.,DEVICE_FAULTMGMT_SUPPORTEDALARM,LST SUPPORTED_ALARM,中国移动5G扩展型皮基站网管南向接口数据模型规范v1.9.4.xlsx,SD,9
CMCC_5G_EXT_PICO_V1.9.4,告警管理,Device.FaultMgmt.SupportedAlarm.{i}.ReportingMechanism,Device,parameter,告警上报机制,RW,string,73de9929-b6e8-4917-9e11-8880091ff80b,parameter,READ_WRITE,STRING,,already_in_mml,yes,LST FAULT_MGMT_SUPPORTED_ALARM;MOD FAULT_MGMT_SUPPORTED_ALARM,parent_exact,SD,告警参数管理,支持告警类型,Device.FaultMgmt.SupportedAlarm.{i}.,DEVICE_FAULTMGMT_SUPPORTEDALARM,LST SUPPORTED_ALARM;MOD SUPPORTED_ALARM,中国移动5G扩展型皮基站网管南向接口数据模型规范v1.9.4.xlsx,SD,12
CMCC_5G_EXT_PICO_V1.9.4,告警管理,Device.FaultMgmt.SupportedAlarm.{i}.SpecificProblem,Device,parameter,告警描述,R,string(128),e7603f55-3035-4cf6-a73b-6573aa7bc874,parameter,READ_ONLY,STRING,,already_in_mml,yes,LST FAULT_MGMT_SUPPORTED_ALARM,parent_exact,SD,告警参数管理,支持告警类型,Device.FaultMgmt.SupportedAlarm.{i}.,DEVICE_FAULTMGMT_SUPPORTEDALARM,LST SUPPORTED_ALARM,中国移动5G扩展型皮基站网管南向接口数据模型规范v1.9.4.xlsx,SD,10
CMCC_5G_EXT_PICO_V1.9.4,告警管理,Device.FaultMgmt.CurrentAlarmNumberOfEntries,Device,parameter,当前告警实例数量,R,unsignedInt,c60995f3-b915-4441-87b2-023dbd269c61,parameter,READ_ONLY,U_INT,,already_in_mml,yes,LST FAULT_MGMT,parent_exact,SD,告警参数管理,故障管理总览,Device.FaultMgmt.,DEVICE_FAULTMGMT,LST FAULT_MGMT,中国移动5G扩展型皮基站网管南向接口数据模型规范v1.9.4.xlsx,SD,4
CMCC_5G_EXT_PICO_V1.9.4,告警管理,Device.FaultMgmt.ExpeditedEventNumberOfEntries,Device,parameter,紧急事件实例数量,R,unsignedInt,1f7ac72e-c460-43ca-9c68-0ef71eb62e54,parameter,READ_ONLY,U_INT,,already_in_mml,yes,LST FAULT_MGMT,parent_exact,SD,告警参数管理,故障管理总览,Device.FaultMgmt.,DEVICE_FAULTMGMT,LST FAULT_MGMT,中国移动5G扩展型皮基站网管南向接口数据模型规范v1.9.4.xlsx,SD,6
CMCC_5G_EXT_PICO_V1.9.4,告警管理,Device.FaultMgmt.HistoryEventNumberOfEntries,Device,parameter,历史事件实例数量,R,unsignedInt,41829cb8-f573-4842-b23a-ab1ed3d4afa2,parameter,READ_ONLY,U_INT,,already_in_mml,yes,LST FAULT_MGMT,parent_exact,SD,告警参数管理,故障管理总览,Device.FaultMgmt.,DEVICE_FAULTMGMT,LST FAULT_MGMT,中国移动5G扩展型皮基站网管南向接口数据模型规范v1.9.4.xlsx,SD,5
CMCC_5G_EXT_PICO_V1.9.4,告警管理,Device.FaultMgmt.MaxCurrentAlarmEntries,Device,parameter,最大当前告警实例数量,R,unsignedInt,417bd2c6-a25a-4424-b642-1fca7befa575,parameter,READ_ONLY,U_INT,,already_in_mml,yes,LST FAULT_MGMT,parent_exact,SD,告警参数管理,故障管理总览,Device.FaultMgmt.,DEVICE_FAULTMGMT,LST FAULT_MGMT,中国移动5G扩展型皮基站网管南向接口数据模型规范v1.9.4.xlsx,SD,3
CMCC_5G_EXT_PICO_V1.9.4,告警管理,Device.FaultMgmt.QueuedEventNumberOfEntries,Device,parameter,队列事件实例数量,R,unsignedInt,3f79e912-4d10-496b-9742-17d7e0a5e896,parameter,READ_ONLY,U_INT,,already_in_mml,yes,LST FAULT_MGMT,parent_exact,SD,告警参数管理,故障管理总览,Device.FaultMgmt.,DEVICE_FAULTMGMT,LST FAULT_MGMT,中国移动5G扩展型皮基站网管南向接口数据模型规范v1.9.4.xlsx,SD,7
CMCC_5G_EXT_PICO_V1.9.4,告警管理,Device.FaultMgmt.SupportedAlarmNumberOfEntries,Device,parameter,最大告警实例数量,R,unsignedInt,34a94f51-c974-43cf-928e-27779806616c,parameter,READ_ONLY,U_INT,,already_in_mml,yes,LST FAULT_MGMT,parent_exact,SD,告警参数管理,故障管理总览,Device.FaultMgmt.,DEVICE_FAULTMGMT,LST FAULT_MGMT,中国移动5G扩展型皮基站网管南向接口数据模型规范v1.9.4.xlsx,SD,2
CMCC_5G_EXT_PICO_V1.9.4,告警管理,Device.FaultMgmt.QueuedEvent.{i}.AdditionalInformation,Device,parameter,告警附加信息,R,string(256),cb178830-d989-4cbb-89c8-26d2bfc7d040,parameter,READ_ONLY,STRING,,already_in_mml,yes,LST FAULT_MGMT_QUEUED_EVENT,parent_exact,SD,告警参数管理,队列告警实例,Device.FaultMgmt.QueuedEvent.{i}.,DEVICE_FAULTMGMT_QUEUEDEVENT,LST QUEUED_EVENT,中国移动5G扩展型皮基站网管南向接口数据模型规范v1.9.4.xlsx,SD,56
CMCC_5G_EXT_PICO_V1.9.4,告警管理,Device.FaultMgmt.QueuedEvent.{i}.AdditionalText,Device,parameter,告警附加文本,R,string(256),0f1240dd-d5d2-4be7-ac40-76625b600c33,parameter,READ_ONLY,STRING,,already_in_mml,yes,LST FAULT_MGMT_QUEUED_EVENT,parent_exact,SD,告警参数管理,队列告警实例,Device.FaultMgmt.QueuedEvent.{i}.,DEVICE_FAULTMGMT_QUEUEDEVENT,LST QUEUED_EVENT,中国移动5G扩展型皮基站网管南向接口数据模型规范v1.9.4.xlsx,SD,55
CMCC_5G_EXT_PICO_V1.9.4,告警管理,Device.FaultMgmt.QueuedEvent.{i}.AlarmIdentifier,Device,parameter,该告警的唯一序列号,R,string(20),fcc566b1-9136-46cd-9745-bde615f4bb97,parameter,READ_ONLY,STRING,,already_in_mml,yes,LST FAULT_MGMT_QUEUED_EVENT,parent_exact,SD,告警参数管理,队列告警实例,Device.FaultMgmt.QueuedEvent.{i}.,DEVICE_FAULTMGMT_QUEUEDEVENT,LST QUEUED_EVENT,中国移动5G扩展型皮基站网管南向接口数据模型规范v1.9.4.xlsx,SD,47
CMCC_5G_EXT_PICO_V1.9.4,告警管理,Device.FaultMgmt.QueuedEvent.{i}.EventTime,Device,parameter,告警发生、改变、清除的时间,R,dateTime,01dee68c-bbb3-4fc1-8427-759c57863ff0,parameter,READ_ONLY,DATE_TIME,,already_in_mml,yes,LST FAULT_MGMT_QUEUED_EVENT,parent_exact,SD,告警参数管理,队列告警实例,Device.FaultMgmt.QueuedEvent.{i}.,DEVICE_FAULTMGMT_QUEUEDEVENT,LST QUEUED_EVENT,中国移动5G扩展型皮基站网管南向接口数据模型规范v1.9.4.xlsx,SD,46
CMCC_5G_EXT_PICO_V1.9.4,告警管理,Device.FaultMgmt.QueuedEvent.{i}.EventType,Device,parameter,告警类型,R,string(64),424a7b79-07ee-42cd-96e5-0c2403cb6785,parameter,READ_ONLY,STRING,,already_in_mml,yes,LST FAULT_MGMT_QUEUED_EVENT,parent_exact,SD,告警参数管理,队列告警实例,Device.FaultMgmt.QueuedEvent.{i}.,DEVICE_FAULTMGMT_QUEUEDEVENT,LST QUEUED_EVENT,中国移动5G扩展型皮基站网管南向接口数据模型规范v1.9.4.xlsx,SD,51
CMCC_5G_EXT_PICO_V1.9.4,告警管理,Device.FaultMgmt.QueuedEvent.{i}.FaultLocation,Device,parameter,告警源定位信息,R,string(512),d0ebf75f-6b4b-481d-8cf7-f9bfc04f7179,parameter,READ_ONLY,string,,already_in_mml,yes,LST FAULT_MGMT_QUEUED_EVENT,parent_exact,SD,告警参数管理,队列告警实例,Device.FaultMgmt.QueuedEvent.{i}.,DEVICE_FAULTMGMT_QUEUEDEVENT,LST QUEUED_EVENT,中国移动5G扩展型皮基站网管南向接口数据模型规范v1.9.4.xlsx,SD,49
CMCC_5G_EXT_PICO_V1.9.4,告警管理,Device.FaultMgmt.QueuedEvent.{i}.ManagedObjectInstance,Device,parameter,管理对象实例,R,string(512),dca4381e-bd15-4263-86a6-553b32652c0f,parameter,READ_ONLY,STRING,,already_in_mml,yes,LST FAULT_MGMT_QUEUED_EVENT,parent_exact,SD,告警参数管理,队列告警实例,Device.FaultMgmt.QueuedEvent.{i}.,DEVICE_FAULTMGMT_QUEUEDEVENT,LST QUEUED_EVENT,中国移动5G扩展型皮基站网管南向接口数据模型规范v1.9.4.xlsx,SD,50
CMCC_5G_EXT_PICO_V1.9.4,告警管理,Device.FaultMgmt.QueuedEvent.{i}.NotificationType,Device,parameter,通知类型,R,string,0c9d358c-8174-4af8-8a96-6bb5dfeea3b2,parameter,READ_ONLY,STRING,,already_in_mml,yes,LST FAULT_MGMT_QUEUED_EVENT,parent_exact,SD,告警参数管理,队列告警实例,Device.FaultMgmt.QueuedEvent.{i}.,DEVICE_FAULTMGMT_QUEUEDEVENT,LST QUEUED_EVENT,中国移动5G扩展型皮基站网管南向接口数据模型规范v1.9.4.xlsx,SD,48
CMCC_5G_EXT_PICO_V1.9.4,告警管理,Device.FaultMgmt.QueuedEvent.{i}.PerceivedSeverity,Device,parameter,告警级别,R,string,860208ef-b63b-41ff-b993-c8b87d064c23,parameter,READ_ONLY,STRING,,already_in_mml,yes,LST FAULT_MGMT_QUEUED_EVENT,parent_exact,SD,告警参数管理,队列告警实例,Device.FaultMgmt.QueuedEvent.{i}.,DEVICE_FAULTMGMT_QUEUEDEVENT,LST QUEUED_EVENT,中国移动5G扩展型皮基站网管南向接口数据模型规范v1.9.4.xlsx,SD,54
CMCC_5G_EXT_PICO_V1.9.4,告警管理,Device.FaultMgmt.QueuedEvent.{i}.ProbableCause,Device,parameter,告警原因,R,string(64),d1afd431-e1a6-4ade-9a2a-8acf838260c1,parameter,READ_ONLY,STRING,,already_in_mml,yes,LST FAULT_MGMT_QUEUED_EVENT,parent_exact,SD,告警参数管理,队列告警实例,Device.FaultMgmt.QueuedEvent.{i}.,DEVICE_FAULTMGMT_QUEUEDEVENT,LST QUEUED_EVENT,中国移动5G扩展型皮基站网管南向接口数据模型规范v1.9.4.xlsx,SD,52
CMCC_5G_EXT_PICO_V1.9.4,告警管理,Device.FaultMgmt.QueuedEvent.{i}.SpecificProblem,Device,parameter,告警描述,R,string(512),98902d87-f646-4d6c-81d9-d70beb8ab1ee,parameter,READ_ONLY,STRING,,already_in_mml,yes,LST FAULT_MGMT_QUEUED_EVENT,parent_exact,SD,告警参数管理,队列告警实例,Device.FaultMgmt.QueuedEvent.{i}.,DEVICE_FAULTMGMT_QUEUEDEVENT,LST QUEUED_EVENT,中国移动5G扩展型皮基站网管南向接口数据模型规范v1.9.4.xlsx,SD,53
CMCC_5G_EXT_PICO_V1.9.4,日志参数管理,Device.LogMgmt.Password,Device,parameter,日志管理密码,RW,string(256),613157cb-0503-47ea-8914-2833bb18ca24,parameter,READ_WRITE,STRING,,already_in_mml,yes,LST LOG_MGMT;MOD LOG_MGMT,parent_exact,SE,日志参数管理,日志管理配置,Device.LogMgmt.,DEVICE_LOGMGMT,LST LOG_MGMT;MOD LOG_MGMT,中国移动5G扩展型皮基站网管南向接口数据模型规范v1.9.4.xlsx,SE,5
CMCC_5G_EXT_PICO_V1.9.4,日志参数管理,Device.LogMgmt.PeriodicUploadEnable,Device,parameter,日志周期上传使能开关,RW,boolean,2dc7dd60-15d1-4646-9ba1-af1aad1bea12,parameter,READ_WRITE,BOOLEAN,,already_in_mml,yes,LST LOG_MGMT;MOD LOG_MGMT,parent_exact,SE,日志参数管理,日志管理配置,Device.LogMgmt.,DEVICE_LOGMGMT,LST LOG_MGMT;MOD LOG_MGMT,中国移动5G扩展型皮基站网管南向接口数据模型规范v1.9.4.xlsx,SE,2
CMCC_5G_EXT_PICO_V1.9.4,日志参数管理,Device.LogMgmt.PeriodicUploadInterval,Device,parameter,日志周期上传时间间隔,RW,unsignedInt[1:65535],cdd0d73c-c298-42e4-9ff5-071bf9217e42,parameter,READ_WRITE,U_INT,,already_in_mml,yes,LST LOG_MGMT;MOD LOG_MGMT,parent_exact,SE,日志参数管理,日志管理配置,Device.LogMgmt.,DEVICE_LOGMGMT,LST LOG_MGMT;MOD LOG_MGMT,中国移动5G扩展型皮基站网管南向接口数据模型规范v1.9.4.xlsx,SE,6
CMCC_5G_EXT_PICO_V1.9.4,日志参数管理,Device.LogMgmt.URL,Device,parameter,日志上传URL,RW,string(256),84c76556-f2ec-4ca4-9260-b23891b5bdb9,parameter,READ_WRITE,STRING,,already_in_mml,yes,LST LOG_MGMT;MOD LOG_MGMT,parent_exact,SE,日志参数管理,日志管理配置,Device.LogMgmt.,DEVICE_LOGMGMT,LST LOG_MGMT;MOD LOG_MGMT,中国移动5G扩展型皮基站网管南向接口数据模型规范v1.9.4.xlsx,SE,3
CMCC_5G_EXT_PICO_V1.9.4,日志参数管理,Device.LogMgmt.Username,Device,parameter,日志管理用户名,RW,string(256),0cea3700-225d-4429-bad1-607434272fe5,parameter,READ_WRITE,STRING,,already_in_mml,yes,LST LOG_MGMT;MOD LOG_MGMT,parent_exact,SE,日志参数管理,日志管理配置,Device.LogMgmt.,DEVICE_LOGMGMT,LST LOG_MGMT;MOD LOG_MGMT,中国移动5G扩展型皮基站网管南向接口数据模型规范v1.9.4.xlsx,SE,4
CMCC_TD_LTE_V2.3,基站PLMN参数列表,Device.Services.FAPService.{i}.CellConfig.LTE.EPC.PLMNList.{i}.CellReservedForOperatorUse,Device,parameter,小区预留标识,RW,boolean,9ede6a61-48d8-48fc-94ec-170e6c634d13,parameter,READ_WRITE,BOOLEAN,,already_in_mml,yes,LST PLMN_LIST;MOD PLMN_LIST,parent_exact,SF,小区服务参数管理（总体）,EPC PLMN 列表,Device.Services.FAPService.{i}.CellConfig.LTE.EPC.PLMNList.{i}.,DEVICE_SERVICES_FAPSERVICE_CELLCONFIG_LTE_EPC_PLMNLIST,LST PLMNLIST;MOD PLMNLIST,中国移动TD-LTE皮站_飞站基站设备网络管理南向接口数据配置模型规范V2.3.xlsx,SF,34
CMCC_TD_LTE_V2.3,基站PLMN参数列表,Device.Services.FAPService.{i}.CellConfig.LTE.EPC.PLMNList.{i}.PLMNID,Device,parameter,小区PLMNID,RW,string(6),8bc7f4b1-1bd1-436f-93d7-199a9330f3b1,parameter,READ_WRITE,STRING,,already_in_mml,yes,LST PLMN_LIST;MOD PLMN_LIST,parent_exact,SF,小区服务参数管理（总体）,EPC PLMN 列表,Device.Services.FAPService.{i}.CellConfig.LTE.EPC.PLMNList.{i}.,DEVICE_SERVICES_FAPSERVICE_CELLCONFIG_LTE_EPC_PLMNLIST,LST PLMNLIST;MOD PLMNLIST,中国移动TD-LTE皮站_飞站基站设备网络管理南向接口数据配置模型规范V2.3.xlsx,SF,33
CMCC_TD_LTE_V2.3,EPC参数管理,Device.Services.FAPService.{i}.CellConfig.LTE.EPC.EAID,Device,parameter,EPCEAID,RW,unsignedInt[0:16777216],945f219c-ee01-4e73-a9c3-390e5fcc871a,parameter,READ_WRITE,U_INT,,already_in_mml,yes,LST LTE_EPC;MOD LTE_EPC,parent_exact,SF,小区服务参数管理（总体）,EPC 核心网参数,Device.Services.FAPService.{i}.CellConfig.LTE.EPC.,DEVICE_SERVICES_FAPSERVICE_CELLCONFIG_LTE_EPC,LST LTE_EPC;MOD LTE_EPC,中国移动TD-LTE皮站_飞站基站设备网络管理南向接口数据配置模型规范V2.3.xlsx,SF,3
CMCC_TD_LTE_V2.3,EPC参数管理,Device.Services.FAPService.{i}.CellConfig.LTE.EPC.TAC,Device,parameter,TAC,RW,unsignedInt[0:65535],9f56cbea-25da-48dc-9ec1-e7daa0f97721,parameter,READ_WRITE,U_INT,,already_in_mml,yes,LST LTE_EPC;MOD LTE_EPC,parent_exact,SF,小区服务参数管理（总体）,EPC 核心网参数,Device.Services.FAPService.{i}.CellConfig.LTE.EPC.,DEVICE_SERVICES_FAPSERVICE_CELLCONFIG_LTE_EPC,LST LTE_EPC;MOD LTE_EPC,中国移动TD-LTE皮站_飞站基站设备网络管理南向接口数据配置模型规范V2.3.xlsx,SF,4
CMCC_TD_LTE_V2.3,基站运行状态参数,Device.Services.FAPControl.LTE.AdminState,Device,parameter,基站管理状态,RW,boolean,d825225b-1e16-4068-9ee9-e2b8ccd29163,parameter,READ_WRITE,boolean,,already_in_mml,yes,LST FAP_CONTROL_LTE;MOD FAP_CONTROL_LTE,parent_exact,SF,小区服务参数管理（总体）,LTE 接入控制,Device.Services.FAPControl.LTE.,DEVICE_SERVICES_FAPCONTROL_LTE,LST FAPCONTROL_LTE;MOD FAPCONTROL_LTE,中国移动TD-LTE皮站_飞站基站设备网络管理南向接口数据配置模型规范V2.3.xlsx,SF,57
CMCC_TD_LTE_V2.3,基站运行状态参数,Device.Services.FAPControl.LTE.OpState,Device,parameter,基站运行状态,R,boolean,00b4ab93-3c30-4a7b-808b-9b2fe4600345,parameter,READ_ONLY,boolean,,already_in_mml,yes,LST FAP_CONTROL_LTE,parent_exact,SF,小区服务参数管理（总体）,LTE 接入控制,Device.Services.FAPControl.LTE.,DEVICE_SERVICES_FAPCONTROL_LTE,LST FAPCONTROL_LTE,中国移动TD-LTE皮站_飞站基站设备网络管理南向接口数据配置模型规范V2.3.xlsx,SF,58
CMCC_TD_LTE_V2.3,基站运行状态参数,Device.Services.FAPControl.LTE.RFTxStatus,Device,parameter,基站射频状态,R,boolean,75c60676-7a69-4cbb-96e9-70161d979154,parameter,READ_ONLY,boolean,,already_in_mml,yes,LST FAP_CONTROL_LTE,parent_exact,SF,小区服务参数管理（总体）,LTE 接入控制,Device.Services.FAPControl.LTE.,DEVICE_SERVICES_FAPCONTROL_LTE,LST FAPCONTROL_LTE,中国移动TD-LTE皮站_飞站基站设备网络管理南向接口数据配置模型规范V2.3.xlsx,SF,59
CMCC_TD_LTE_V2.3,MME地址,Device.Services.FAPControl.LTE.MmePoolConfigParam.{i}.MMECode,Device,parameter,MME代码,R,unsignedInt[0:255],5a29b31e-f131-4131-adf9-2dee863ee19e,parameter,READ_ONLY,unsignedInt,,already_in_mml,yes,LST LTE_MME_POOL_CONFIG_PARAM,parent_exact,SF,小区服务参数管理（总体）,MME 池配置,Device.Services.FAPControl.LTE.MmePoolConfigParam.{i}.,DEVICE_SERVICES_FAPCONTROL_LTE_MMEPOOLCONFIGPARAM,LST MME_POOL_CONFIG_PARAM,中国移动TD-LTE皮站_飞站基站设备网络管理南向接口数据配置模型规范V2.3.xlsx,SF,7
CMCC_TD_LTE_V2.3,MME地址,Device.Services.FAPControl.LTE.MmePoolConfigParam.{i}.MMEGroupID,Device,parameter,MMEGroup标识,R,unsignedInt[0:65535],ab1e66d8-3fcc-4f2a-81b1-fdb0c837079e,parameter,READ_ONLY,unsignedInt,,already_in_mml,yes,LST LTE_MME_POOL_CONFIG_PARAM,parent_exact,SF,小区服务参数管理（总体）,MME 池配置,Device.Services.FAPControl.LTE.MmePoolConfigParam.{i}.,DEVICE_SERVICES_FAPCONTROL_LTE_MMEPOOLCONFIGPARAM,LST MME_POOL_CONFIG_PARAM,中国移动TD-LTE皮站_飞站基站设备网络管理南向接口数据配置模型规范V2.3.xlsx,SF,6
CMCC_TD_LTE_V2.3,MME地址,Device.Services.FAPControl.LTE.MmePoolConfigParam.{i}.MMEIp1,Device,parameter,MMEIP1,RW,string(64),3bb4a8dd-b4ee-4f52-ac26-a52697bca741,parameter,READ_WRITE,string,,already_in_mml,yes,LST LTE_MME_POOL_CONFIG_PARAM;MOD LTE_MME_POOL_CONFIG_PARAM,parent_exact,SF,小区服务参数管理（总体）,MME 池配置,Device.Services.FAPControl.LTE.MmePoolConfigParam.{i}.,DEVICE_SERVICES_FAPCONTROL_LTE_MMEPOOLCONFIGPARAM,LST MME_POOL_CONFIG_PARAM;MOD MME_POOL_CONFIG_PARAM,中国移动TD-LTE皮站_飞站基站设备网络管理南向接口数据配置模型规范V2.3.xlsx,SF,8
CMCC_TD_LTE_V2.3,MME地址,Device.Services.FAPControl.LTE.MmePoolConfigParam.{i}.MMEIp2,Device,parameter,MMEIP2,RW,string(64),333a8c22-81a0-43c3-a2ee-54ac024c2943,parameter,READ_WRITE,string,,already_in_mml,yes,LST LTE_MME_POOL_CONFIG_PARAM;MOD LTE_MME_POOL_CONFIG_PARAM,parent_exact,SF,小区服务参数管理（总体）,MME 池配置,Device.Services.FAPControl.LTE.MmePoolConfigParam.{i}.,DEVICE_SERVICES_FAPCONTROL_LTE_MMEPOOLCONFIGPARAM,LST MME_POOL_CONFIG_PARAM;MOD MME_POOL_CONFIG_PARAM,中国移动TD-LTE皮站_飞站基站设备网络管理南向接口数据配置模型规范V2.3.xlsx,SF,9
CMCC_TD_LTE_V2.3,MME地址,Device.Services.FAPControl.LTE.MmePoolConfigParam.{i}.PLMNID,Device,parameter,MMEPLMN标识,R,string(64),f9eb152f-ee55-4a9f-8ceb-1a35f0cb3b00,parameter,READ_ONLY,string,,already_in_mml,yes,LST LTE_MME_POOL_CONFIG_PARAM,parent_exact,SF,小区服务参数管理（总体）,MME 池配置,Device.Services.FAPControl.LTE.MmePoolConfigParam.{i}.,DEVICE_SERVICES_FAPCONTROL_LTE_MMEPOOLCONFIGPARAM,LST MME_POOL_CONFIG_PARAM,中国移动TD-LTE皮站_飞站基站设备网络管理南向接口数据配置模型规范V2.3.xlsx,SF,5
CMCC_TD_LTE_V2.3,NNSF参数管理,Device.Services.FAPService.{i}.Capabilities.LTE.NNSFSupported,Device,parameter,负载均衡参数,RW,boolean,e688aadf-3001-426c-b9c1-640dfb54f271,parameter,READ_WRITE,BOOLEAN,,already_in_mml,yes,LST FAP_SERVICE_CAPABILITIES;MOD FAP_SERVICE_CAPABILITIES,,SF,小区服务参数管理,NNSF参数管理,Device.Services.FAPService.{i}.Capabilities.LTE.,DEVICE_SERVICES_FAPSERVICE_CAPABILITIES_LTE,LST CAPABILITIES_LTE;MOD CAPABILITIES_LTE,中国移动TD-LTE皮站_飞站基站设备网络管理南向接口数据配置模型规范V2.3.xlsx,SF,2
CMCC_TD_LTE_V2.3,S1-U对象,Device.Services.FAPControl.LTE.S1U.{i}.FarIpSubnetworkList,Device,parameter,远端IP地址列表,R,string(64),2f818004-4df2-4ee2-b1b9-2b82bf743742,parameter,READ_ONLY,string,,already_in_mml,yes,LST LTE_S1U,parent_exact,SF,小区服务参数管理（总体）,S1U 用户面接口,Device.Services.FAPControl.LTE.S1U.{i}.,DEVICE_SERVICES_FAPCONTROL_LTE_S1U,LST S1_U,中国移动TD-LTE皮站_飞站基站设备网络管理南向接口数据配置模型规范V2.3.xlsx,SF,11
CMCC_TD_LTE_V2.3,S1-U对象,Device.Services.FAPControl.LTE.S1U.{i}.LocIpAddrList,Device,parameter,本地IP地址列表,R,string(64),2446b952-9edf-47be-a5ef-c0e1fc3de820,parameter,READ_ONLY,string,,already_in_mml,yes,LST LTE_S1U,parent_exact,SF,小区服务参数管理（总体）,S1U 用户面接口,Device.Services.FAPControl.LTE.S1U.{i}.,DEVICE_SERVICES_FAPCONTROL_LTE_S1U,LST S1_U,中国移动TD-LTE皮站_飞站基站设备网络管理南向接口数据配置模型规范V2.3.xlsx,SF,10
CMCC_TD_LTE_V2.3,VoLTE参数,Device.Services.FAPService.{i}.CellConfig.LTE.VoLTE.PdcpInitParam.{i}.RohcEn,Device,parameter,分QCI头压缩功能开关,RW,string(64),ea4b4e9a-08c9-4c26-b420-0da0304565a4,parameter,READ_WRITE,STRING,,already_in_mml,yes,LST PDCP_INIT_PARAM;MOD PDCP_INIT_PARAM,parent_exact,SF,小区服务参数管理（总体）,VoLTE PDCP 初始参数,Device.Services.FAPService.{i}.CellConfig.LTE.VoLTE.PdcpInitParam.{i}.,DEVICE_SERVICES_FAPSERVICE_CELLCONFIG_LTE_VOLTE_PDCPINITPARAM,LST PDCP_INIT_PARAM;MOD PDCP_INIT_PARAM,中国移动TD-LTE皮站_飞站基站设备网络管理南向接口数据配置模型规范V2.3.xlsx,SF,53
CMCC_TD_LTE_V2.3,VoLTE参数,Device.Services.FAPService.{i}.CellConfig.LTE.VoLTEParam.SPSSwitchQCI1Ul,Device,parameter,QCI1上行SPS功能开关,RW,string(64),c8619e61-5acd-4e94-89e3-c0afd1f16c69,parameter,READ_WRITE,STRING,,already_in_mml,yes,LST FAP_SERVICE;MOD FAP_SERVICE,,SF,小区服务参数管理,VoLTE参数,Device.Services.FAPService.{i}.CellConfig.LTE.VoLTEParam.,DEVICE_SERVICES_FAPSERVICE_CELLCONFIG_LTE_VOLTEPARAM,LST VO_LTEPARAM;MOD VO_LTEPARAM,中国移动TD-LTE皮站_飞站基站设备网络管理南向接口数据配置模型规范V2.3.xlsx,SF,54
CMCC_TD_LTE_V2.3,X2连接地址,Device.Services.FAPControl.X2IpAddrMapInfo.{i}.EnbId,Device,parameter,eNBID,RW,unsignedInt,194c4522-bd97-4a6c-a3b7-e68a3c32fc19,parameter,READ_WRITE,unsignedInt,,already_in_mml,yes,LST X2_IP_ADDR_MAP_INFO;MOD X2_IP_ADDR_MAP_INFO,parent_exact,SF,小区服务参数管理（总体）,X2 接口 IP 映射,Device.Services.FAPControl.X2IpAddrMapInfo.{i}.,DEVICE_SERVICES_FAPCONTROL_X2IPADDRMAPINFO,LST X2_IP_ADDR_MAP_INFO;MOD X2_IP_ADDR_MAP_INFO,中国移动TD-LTE皮站_飞站基站设备网络管理南向接口数据配置模型规范V2.3.xlsx,SF,24
CMCC_TD_LTE_V2.3,X2连接地址,Device.Services.FAPControl.X2IpAddrMapInfo.{i}.EnbType,Device,parameter,基站类型,RW,unsignedInt,f3583466-c17d-415a-98da-c0a2fe70c7ef,parameter,READ_WRITE,unsignedInt,,already_in_mml,yes,LST X2_IP_ADDR_MAP_INFO;MOD X2_IP_ADDR_MAP_INFO,parent_exact,SF,小区服务参数管理（总体）,X2 接口 IP 映射,Device.Services.FAPControl.X2IpAddrMapInfo.{i}.,DEVICE_SERVICES_FAPCONTROL_X2IPADDRMAPINFO,LST X2_IP_ADDR_MAP_INFO;MOD X2_IP_ADDR_MAP_INFO,中国移动TD-LTE皮站_飞站基站设备网络管理南向接口数据配置模型规范V2.3.xlsx,SF,23
CMCC_TD_LTE_V2.3,X2连接地址,Device.Services.FAPControl.X2IpAddrMapInfo.{i}.PLMNID,Device,parameter,X2PLMN标识,RW,string(64),cb737440-6770-4cd1-8fbf-0c9208a4f7c3,parameter,READ_WRITE,string,,already_in_mml,yes,LST X2_IP_ADDR_MAP_INFO;MOD X2_IP_ADDR_MAP_INFO,parent_exact,SF,小区服务参数管理（总体）,X2 接口 IP 映射,Device.Services.FAPControl.X2IpAddrMapInfo.{i}.,DEVICE_SERVICES_FAPCONTROL_X2IPADDRMAPINFO,LST X2_IP_ADDR_MAP_INFO;MOD X2_IP_ADDR_MAP_INFO,中国移动TD-LTE皮站_飞站基站设备网络管理南向接口数据配置模型规范V2.3.xlsx,SF,22
CMCC_TD_LTE_V2.3,X2连接地址,Device.Services.FAPControl.X2IpAddrMapInfo.{i}.SubnetMask,Device,parameter,子网掩码,RW,string(64),c7d10b9e-150b-4a42-9d25-da0bcfce3000,parameter,READ_WRITE,string,,already_in_mml,yes,LST X2_IP_ADDR_MAP_INFO;MOD X2_IP_ADDR_MAP_INFO,parent_exact,SF,小区服务参数管理（总体）,X2 接口 IP 映射,Device.Services.FAPControl.X2IpAddrMapInfo.{i}.,DEVICE_SERVICES_FAPCONTROL_X2IPADDRMAPINFO,LST X2_IP_ADDR_MAP_INFO;MOD X2_IP_ADDR_MAP_INFO,中国移动TD-LTE皮站_飞站基站设备网络管理南向接口数据配置模型规范V2.3.xlsx,SF,26
CMCC_TD_LTE_V2.3,X2连接地址,Device.Services.FAPControl.X2IpAddrMapInfo.{i}.WanIpAddress,Device,parameter,WAN口IP,RW,string(64),1b5be6aa-c126-403f-be54-3e97223e6244,parameter,READ_WRITE,string,,already_in_mml,yes,LST X2_IP_ADDR_MAP_INFO;MOD X2_IP_ADDR_MAP_INFO,parent_exact,SF,小区服务参数管理（总体）,X2 接口 IP 映射,Device.Services.FAPControl.X2IpAddrMapInfo.{i}.,DEVICE_SERVICES_FAPCONTROL_X2IPADDRMAPINFO,LST X2_IP_ADDR_MAP_INFO;MOD X2_IP_ADDR_MAP_INFO,中国移动TD-LTE皮站_飞站基站设备网络管理南向接口数据配置模型规范V2.3.xlsx,SF,25
CMCC_TD_LTE_V2.3,接入网关参数管理,Device.Services.FAPControl.LTE.Gateway.AGPort1,Device,parameter,接入网关端口1,RW,string(64),6b137df3-59cb-4010-a341-12d7fd7b54ea,parameter,READ_WRITE,string,,already_in_mml,yes,LST LTE_GATEWAY;MOD LTE_GATEWAY,parent_exact,SF,小区服务参数管理（总体）,安全接入网关,Device.Services.FAPControl.LTE.Gateway.,DEVICE_SERVICES_FAPCONTROL_LTE_GATEWAY,LST GATEWAY;MOD GATEWAY,中国移动TD-LTE皮站_飞站基站设备网络管理南向接口数据配置模型规范V2.3.xlsx,SF,19
CMCC_TD_LTE_V2.3,接入网关参数管理,Device.Services.FAPControl.LTE.Gateway.AGPort2,Device,parameter,接入网关端口2,RW,string(64),28ea6a2d-d601-41b9-a147-c0dcccd3579c,parameter,READ_WRITE,string,,already_in_mml,yes,LST LTE_GATEWAY;MOD LTE_GATEWAY,parent_exact,SF,小区服务参数管理（总体）,安全接入网关,Device.Services.FAPControl.LTE.Gateway.,DEVICE_SERVICES_FAPCONTROL_LTE_GATEWAY,LST GATEWAY;MOD GATEWAY,中国移动TD-LTE皮站_飞站基站设备网络管理南向接口数据配置模型规范V2.3.xlsx,SF,20
CMCC_TD_LTE_V2.3,接入网关参数管理,Device.Services.FAPControl.LTE.Gateway.AGPort3,Device,parameter,接入网关端口3,RW,string(64),7c4c4f3b-25c0-4e4e-89de-2b3301fb2e82,parameter,READ_WRITE,string,,already_in_mml,yes,LST LTE_GATEWAY;MOD LTE_GATEWAY,parent_exact,SF,小区服务参数管理（总体）,安全接入网关,Device.Services.FAPControl.LTE.Gateway.,DEVICE_SERVICES_FAPCONTROL_LTE_GATEWAY,LST GATEWAY;MOD GATEWAY,中国移动TD-LTE皮站_飞站基站设备网络管理南向接口数据配置模型规范V2.3.xlsx,SF,21
CMCC_TD_LTE_V2.3,接入网关参数管理,Device.Services.FAPControl.LTE.Gateway.AGServerEnable,Device,parameter,HeGW方式接入,RW,boolean,22c56177-885f-4b5b-b794-2a26027c3909,parameter,READ_WRITE,boolean,,already_in_mml,yes,LST LTE_GATEWAY;MOD LTE_GATEWAY,parent_exact,SF,小区服务参数管理（总体）,安全接入网关,Device.Services.FAPControl.LTE.Gateway.,DEVICE_SERVICES_FAPCONTROL_LTE_GATEWAY,LST GATEWAY;MOD GATEWAY,中国移动TD-LTE皮站_飞站基站设备网络管理南向接口数据配置模型规范V2.3.xlsx,SF,15
CMCC_TD_LTE_V2.3,接入网关参数管理,Device.Services.FAPControl.LTE.Gateway.AGServerIp1,Device,parameter,接入网关1,RW,string(64),3db68143-6c6f-45a8-b6c2-466a86904e93,parameter,READ_WRITE,string,,already_in_mml,yes,LST LTE_GATEWAY;MOD LTE_GATEWAY,parent_exact,SF,小区服务参数管理（总体）,安全接入网关,Device.Services.FAPControl.LTE.Gateway.,DEVICE_SERVICES_FAPCONTROL_LTE_GATEWAY,LST GATEWAY;MOD GATEWAY,中国移动TD-LTE皮站_飞站基站设备网络管理南向接口数据配置模型规范V2.3.xlsx,SF,16
CMCC_TD_LTE_V2.3,接入网关参数管理,Device.Services.FAPControl.LTE.Gateway.AGServerIp2,Device,parameter,接入网关2,RW,string(64),9e90bae1-4804-4e98-b1a4-908828e14991,parameter,READ_WRITE,string,,already_in_mml,yes,LST LTE_GATEWAY;MOD LTE_GATEWAY,parent_exact,SF,小区服务参数管理（总体）,安全接入网关,Device.Services.FAPControl.LTE.Gateway.,DEVICE_SERVICES_FAPCONTROL_LTE_GATEWAY,LST GATEWAY;MOD GATEWAY,中国移动TD-LTE皮站_飞站基站设备网络管理南向接口数据配置模型规范V2.3.xlsx,SF,17
CMCC_TD_LTE_V2.3,接入网关参数管理,Device.Services.FAPControl.LTE.Gateway.AGServerIp3,Device,parameter,接入网关3,RW,string(64),d99b0873-7733-4c4d-8867-07b72ade8d73,parameter,READ_WRITE,string,,already_in_mml,yes,LST LTE_GATEWAY;MOD LTE_GATEWAY,parent_exact,SF,小区服务参数管理（总体）,安全接入网关,Device.Services.FAPControl.LTE.Gateway.,DEVICE_SERVICES_FAPCONTROL_LTE_GATEWAY,LST GATEWAY;MOD GATEWAY,中国移动TD-LTE皮站_飞站基站设备网络管理南向接口数据配置模型规范V2.3.xlsx,SF,18
CMCC_TD_LTE_V2.3,安全网关参数管理,Device.Services.FAPControl.LTE.Gateway.SecGWServer1,Device,parameter,安全网关1,RW,string(64),1b3cddaa-f45d-43c9-8f45-71a6ce809a59,parameter,READ_WRITE,string,,already_in_mml,yes,LST LTE_GATEWAY;MOD LTE_GATEWAY,parent_exact,SF,小区服务参数管理（总体）,安全接入网关,Device.Services.FAPControl.LTE.Gateway.,DEVICE_SERVICES_FAPCONTROL_LTE_GATEWAY,LST GATEWAY;MOD GATEWAY,中国移动TD-LTE皮站_飞站基站设备网络管理南向接口数据配置模型规范V2.3.xlsx,SF,12
CMCC_TD_LTE_V2.3,安全网关参数管理,Device.Services.FAPControl.LTE.Gateway.SecGWServer2,Device,parameter,安全网关2,RW,string(64),cc0e395e-72d0-4ef7-9cef-0c6a35490935,parameter,READ_WRITE,string,,already_in_mml,yes,LST LTE_GATEWAY;MOD LTE_GATEWAY,parent_exact,SF,小区服务参数管理（总体）,安全接入网关,Device.Services.FAPControl.LTE.Gateway.,DEVICE_SERVICES_FAPCONTROL_LTE_GATEWAY,LST GATEWAY;MOD GATEWAY,中国移动TD-LTE皮站_飞站基站设备网络管理南向接口数据配置模型规范V2.3.xlsx,SF,13
CMCC_TD_LTE_V2.3,安全网关参数管理,Device.Services.FAPControl.LTE.Gateway.SecGWServer3,Device,parameter,安全网关3,RW,string(64),10f0e8a8-3158-4cb5-835b-d3391907a856,parameter,READ_WRITE,string,,already_in_mml,yes,LST LTE_GATEWAY;MOD LTE_GATEWAY,parent_exact,SF,小区服务参数管理（总体）,安全接入网关,Device.Services.FAPControl.LTE.Gateway.,DEVICE_SERVICES_FAPCONTROL_LTE_GATEWAY,LST GATEWAY;MOD GATEWAY,中国移动TD-LTE皮站_飞站基站设备网络管理南向接口数据配置模型规范V2.3.xlsx,SF,14
CMCC_TD_LTE_V2.3,小区参数管理,Device.Services.FAPService.{i}.CellConfig.Capabilities.MaxTxPower,Device,parameter,最大发射功率,R,unsignedInt,8203c600-85c3-4c94-bc6b-31e7be04ab5c,parameter,READ_ONLY,unsignedInt,,already_in_mml,yes,LST CELL_CONFIG_CAPABILITIES,parent_exact,SF,小区服务参数管理（总体）,小区配置能力集,Device.Services.FAPService.{i}.CellConfig.Capabilities.,DEVICE_SERVICES_FAPSERVICE_CELLCONFIG_CAPABILITIES,LST CELL_CONFIG_CAPABILITIES,中国移动TD-LTE皮站_飞站基站设备网络管理南向接口数据配置模型规范V2.3.xlsx,SF,49
CMCC_TD_LTE_V2.3,广播参数管理,Device.Services.FAPService.{i}.CellConfig.SysInfoCtrlParam.MultiBandInfoListSIB1,Device,parameter,SIB1中多频段指示参数,RW,unsignedInt[1:64],e5fbf222-1ac1-4f8a-9a95-a0a9e35d2bc8,parameter,READ_WRITE,U_INT,,already_in_mml,yes,LST FAP_SERVICE;MOD FAP_SERVICE,,SF,小区服务参数管理,广播参数管理,Device.Services.FAPService.{i}.CellConfig.SysInfoCtrlParam.,DEVICE_SERVICES_FAPSERVICE_CELLCONFIG_SYSINFOCTRLPARAM,LST SYS_INFO_CTRL_PARAM;MOD SYS_INFO_CTRL_PARAM,中国移动TD-LTE皮站_飞站基站设备网络管理南向接口数据配置模型规范V2.3.xlsx,SF,35
CMCC_TD_LTE_V2.3,广播参数管理,Device.Services.FAPService.{i}.CellConfig.SysInfoCtrlParam.MultiBandInfoListSIB5,Device,parameter,SIB5中多频段指示参数,RW,unsignedInt[1:64],c77fec64-ccf0-4677-aa8c-bc6c3c54c244,parameter,READ_WRITE,U_INT,,already_in_mml,yes,LST FAP_SERVICE;MOD FAP_SERVICE,,SF,小区服务参数管理,广播参数管理,Device.Services.FAPService.{i}.CellConfig.SysInfoCtrlParam.,DEVICE_SERVICES_FAPSERVICE_CELLCONFIG_SYSINFOCTRLPARAM,LST SYS_INFO_CTRL_PARAM;MOD SYS_INFO_CTRL_PARAM,中国移动TD-LTE皮站_飞站基站设备网络管理南向接口数据配置模型规范V2.3.xlsx,SF,36
CMCC_TD_LTE_V2.3,接入UE数量管理,Device.Services.FAPService.{i}.CellConfig.AccessMgmt.LTE.MaxUEsServed,Device,parameter,同时支持RRC连接最大用户数,R,int[-1:],b3a217bc-23a3-4154-bc97-abaef360f22b,parameter,READ_ONLY,int,,already_in_mml,yes,LST FAP_SERVICE,,SF,小区服务参数管理,接入UE数量管理,Device.Services.FAPService.{i}.CellConfig.AccessMgmt.LTE.,DEVICE_SERVICES_FAPSERVICE_CELLCONFIG_ACCESSMGMT_LTE,LST ACCESS_MGMT_LTE,中国移动TD-LTE皮站_飞站基站设备网络管理南向接口数据配置模型规范V2.3.xlsx,SF,31
CMCC_TD_LTE_V2.3,接入UE数量管理,Device.Services.FAPService.{i}.CellConfig.Capabilities.LTE.SupportActiveRRCNumbers,Device,parameter,同时支持RRC激活最大用户数,R,unsignedInt[0:65535],83d9c5ac-ef30-4f7f-b74e-9b5adc6d671d,parameter,READ_ONLY,unsignedInt,,already_in_mml,yes,LST CELL_CONFIG_CAPABILITIES,,SF,小区服务参数管理,接入UE数量管理,Device.Services.FAPService.{i}.CellConfig.Capabilities.LTE.,DEVICE_SERVICES_FAPSERVICE_CELLCONFIG_CAPABILITIES_LTE,LST CAPABILITIES_LTE,中国移动TD-LTE皮站_飞站基站设备网络管理南向接口数据配置模型规范V2.3.xlsx,SF,32
CMCC_TD_LTE_V2.3,接入UE数量管理,Device.Services.FAPService.{i}.CellConfig.Capabilities.LTE.UeInactiveTimer,Device,parameter,连接态UE不活动定时器,RW,unsignedInt[0:65535],1ce44751-68a5-4d81-a24b-40cd102e90a4,parameter,READ_WRITE,unsignedInt,,already_in_mml,yes,LST CELL_CONFIG_CAPABILITIES;MOD CELL_CONFIG_CAPABILITIES,,SF,小区服务参数管理,接入UE数量管理,Device.Services.FAPService.{i}.CellConfig.Capabilities.LTE.,DEVICE_SERVICES_FAPSERVICE_CELLCONFIG_CAPABILITIES_LTE,LST CAPABILITIES_LTE;MOD CAPABILITIES_LTE,中国移动TD-LTE皮站_飞站基站设备网络管理南向接口数据配置模型规范V2.3.xlsx,SF,30
CMCC_5G_EXT_PICO_V1.9.4,自动开站结果,Device.Services.FAPService.{i}.FAPControl.SelfConfig.Startup.FailureCause,Device,parameter,开站失败原因,R,string(512),cebe987b-c294-4214-abd0-9411eb65b2a0,parameter,READ_ONLY,string,,already_in_mml,yes,LST SELF_CONFIG,,SF,小区服务参数管理,自动开站结果,Device.Services.FAPService.{i}.FAPControl.SelfConfig.Startup.,DEVICE_SERVICES_FAPSERVICE_FAPCONTROL_SELFCONFIG_STARTUP,LST STARTUP,中国移动5G扩展型皮基站网管南向接口数据模型规范v1.9.4.xlsx,SG,38
CMCC_5G_EXT_PICO_V1.9.4,自动开站结果,Device.Services.FAPService.{i}.FAPControl.SelfConfig.Startup.Status,Device,parameter,开站状态,R,unsignedInt[1:2],efd445a3-babe-47c5-b9cb-f11d86a8fb38,parameter,READ_ONLY,unsignedInt,,already_in_mml,yes,LST SELF_CONFIG,,SF,小区服务参数管理,自动开站结果,Device.Services.FAPService.{i}.FAPControl.SelfConfig.Startup.,DEVICE_SERVICES_FAPSERVICE_FAPCONTROL_SELFCONFIG_STARTUP,LST STARTUP,中国移动5G扩展型皮基站网管南向接口数据模型规范v1.9.4.xlsx,SG,37
CMCC_5G_EXT_PICO_V1.9.4,自动开站阶段,Device.Services.FAPService.{i}.FAPControl.SelfConfig.Startup.Stage,Device,parameter,开站阶段,R,unsignedInt[1:3],22a90346-3b8b-47d0-a3dd-f63b35a31667,parameter,READ_ONLY,unsignedInt,,already_in_mml,yes,LST SELF_CONFIG,,SF,小区服务参数管理,自动开站阶段,Device.Services.FAPService.{i}.FAPControl.SelfConfig.Startup.,DEVICE_SERVICES_FAPSERVICE_FAPCONTROL_SELFCONFIG_STARTUP,LST STARTUP,中国移动5G扩展型皮基站网管南向接口数据模型规范v1.9.4.xlsx,SG,36
CMCC_TD_LTE_V2.3,载波聚合参数管理,Device.Services.FAPService.{i}.CellConfig.LTE.CAParam.CASwitchDl,Device,parameter,下行载波聚合功能开关,RW,string(64),eb7207eb-d305-4520-b13c-6fdf6b7b4bfb,parameter,READ_WRITE,STRING,,already_in_mml,yes,LST FAP_SERVICE;MOD FAP_SERVICE,,SF,小区服务参数管理,载波聚合参数管理,Device.Services.FAPService.{i}.CellConfig.LTE.CAParam.,DEVICE_SERVICES_FAPSERVICE_CELLCONFIG_LTE_CAPARAM,LST CAPARAM;MOD CAPARAM,中国移动TD-LTE皮站_飞站基站设备网络管理南向接口数据配置模型规范V2.3.xlsx,SF,56
CMCC_TD_LTE_V2.3,载波聚合参数管理,Device.Services.FAPService.{i}.CellConfig.LTE.CAParam.CASwitchUl,Device,parameter,上行载波聚合功能开关,RW,string(64),6e1c32ba-9b1c-4e44-8dba-0221190b9b75,parameter,READ_WRITE,STRING,,already_in_mml,yes,LST FAP_SERVICE;MOD FAP_SERVICE,,SF,小区服务参数管理,载波聚合参数管理,Device.Services.FAPService.{i}.CellConfig.LTE.CAParam.,DEVICE_SERVICES_FAPSERVICE_CELLCONFIG_LTE_CAPARAM,LST CAPARAM;MOD CAPARAM,中国移动TD-LTE皮站_飞站基站设备网络管理南向接口数据配置模型规范V2.3.xlsx,SF,55
CMCC_TD_LTE_V2.3,SCTP参数管理,Device.Services.FAPControl.Transport.SCTP.Assoc.{i}.LocalPort,Device,parameter,本端端口,R,unsignedInt,ec8a85dc-858d-4970-972a-12873e064cfe,parameter,READ_ONLY,unsignedInt,,already_in_mml,yes,LST SCTP_ASSOC,parent_exact,SG,SCTP参数管理,SCTP 关联状态,Device.Services.FAPControl.Transport.SCTP.Assoc.{i}.,DEVICE_SERVICES_FAPCONTROL_TRANSPORT_SCTP_ASSOC,LST ASSOC,中国移动TD-LTE皮站_飞站基站设备网络管理南向接口数据配置模型规范V2.3.xlsx,SG,12
CMCC_TD_LTE_V2.3,SCTP参数管理,Device.Services.FAPControl.Transport.SCTP.Assoc.{i}.PrimaryPeerAddress,Device,parameter,远端IP地址,R,string(64),fb7651c6-05d8-4041-9c17-decf977d1865,parameter,READ_ONLY,string,,already_in_mml,yes,LST SCTP_ASSOC,parent_exact,SG,SCTP参数管理,SCTP 关联状态,Device.Services.FAPControl.Transport.SCTP.Assoc.{i}.,DEVICE_SERVICES_FAPCONTROL_TRANSPORT_SCTP_ASSOC,LST ASSOC,中国移动TD-LTE皮站_飞站基站设备网络管理南向接口数据配置模型规范V2.3.xlsx,SG,13
CMCC_TD_LTE_V2.3,SCTP参数管理,Device.Services.FAPControl.Transport.SCTP.Assoc.{i}.RemotePort,Device,parameter,远端端口,R,unsignedInt,1942b698-e62e-49ed-9d1d-5f0779707d43,parameter,READ_ONLY,unsignedInt,,already_in_mml,yes,LST SCTP_ASSOC,parent_exact,SG,SCTP参数管理,SCTP 关联状态,Device.Services.FAPControl.Transport.SCTP.Assoc.{i}.,DEVICE_SERVICES_FAPCONTROL_TRANSPORT_SCTP_ASSOC,LST ASSOC,中国移动TD-LTE皮站_飞站基站设备网络管理南向接口数据配置模型规范V2.3.xlsx,SG,14
CMCC_TD_LTE_V2.3,SCTP参数管理,Device.Services.FAPControl.Transport.SCTP.Assoc.{i}.SCTPAssocLocalAddr,Device,parameter,本端IP地址,R,string(64),2a35e405-79fa-4061-ab06-005673c3674c,parameter,READ_ONLY,string,,already_in_mml,yes,LST SCTP_ASSOC,parent_exact,SG,SCTP参数管理,SCTP 关联状态,Device.Services.FAPControl.Transport.SCTP.Assoc.{i}.,DEVICE_SERVICES_FAPCONTROL_TRANSPORT_SCTP_ASSOC,LST ASSOC,中国移动TD-LTE皮站_飞站基站设备网络管理南向接口数据配置模型规范V2.3.xlsx,SG,11
CMCC_TD_LTE_V2.3,SCTP参数管理,Device.Services.FAPControl.Transport.SCTP.Enable,Device,parameter,使能开关,RW,Boolean,598e60de-5024-4f9b-ae04-553ed4cf74a8,parameter,READ_WRITE,Boolean,,already_in_mml,yes,LST TRANSPORT_SCTP;MOD TRANSPORT_SCTP,parent_exact,SG,SCTP参数管理,SCTP 协议配置,Device.Services.FAPControl.Transport.SCTP.,DEVICE_SERVICES_FAPCONTROL_TRANSPORT_SCTP,LST TRANSPORT_SCTP;MOD TRANSPORT_SCTP,中国移动TD-LTE皮站_飞站基站设备网络管理南向接口数据配置模型规范V2.3.xlsx,SG,2
CMCC_TD_LTE_V2.3,SCTP参数管理,Device.Services.FAPControl.Transport.SCTP.HBInterval,Device,parameter,心跳时间间隔,RW,unsignedInt[1:],3e80ed4c-1bfe-4701-9a53-3de345cff4f2,parameter,READ_WRITE,unsignedInt,,already_in_mml,yes,LST TRANSPORT_SCTP;MOD TRANSPORT_SCTP,parent_exact,SG,SCTP参数管理,SCTP 协议配置,Device.Services.FAPControl.Transport.SCTP.,DEVICE_SERVICES_FAPCONTROL_TRANSPORT_SCTP,LST TRANSPORT_SCTP;MOD TRANSPORT_SCTP,中国移动TD-LTE皮站_飞站基站设备网络管理南向接口数据配置模型规范V2.3.xlsx,SG,7
CMCC_TD_LTE_V2.3,SCTP参数管理,Device.Services.FAPControl.Transport.SCTP.MaxAssociationRetransmits,Device,parameter,本端的最大连续重传数目,RW,unsignedInt,bc4a51f0-a053-4b2a-9376-493ccd6de467,parameter,READ_WRITE,unsignedInt,,already_in_mml,yes,LST TRANSPORT_SCTP;MOD TRANSPORT_SCTP,parent_exact,SG,SCTP参数管理,SCTP 协议配置,Device.Services.FAPControl.Transport.SCTP.,DEVICE_SERVICES_FAPCONTROL_TRANSPORT_SCTP,LST TRANSPORT_SCTP;MOD TRANSPORT_SCTP,中国移动TD-LTE皮站_飞站基站设备网络管理南向接口数据配置模型规范V2.3.xlsx,SG,9
CMCC_TD_LTE_V2.3,SCTP参数管理,Device.Services.FAPControl.Transport.SCTP.MaxInitRetransmits,Device,parameter,最大初始重传数,RW,unsignedInt,dc6ed046-a2b5-4bfe-a30f-36087c268dad,parameter,READ_WRITE,unsignedInt,,already_in_mml,yes,LST TRANSPORT_SCTP;MOD TRANSPORT_SCTP,parent_exact,SG,SCTP参数管理,SCTP 协议配置,Device.Services.FAPControl.Transport.SCTP.,DEVICE_SERVICES_FAPCONTROL_TRANSPORT_SCTP,LST TRANSPORT_SCTP;MOD TRANSPORT_SCTP,中国移动TD-LTE皮站_飞站基站设备网络管理南向接口数据配置模型规范V2.3.xlsx,SG,6
CMCC_TD_LTE_V2.3,SCTP参数管理,Device.Services.FAPControl.Transport.SCTP.MaxPathRetransmits,Device,parameter,最大重传次数,RW,unsignedInt,001817d4-30ba-464d-a056-3f56dadc637c,parameter,READ_WRITE,unsignedInt,,already_in_mml,yes,LST TRANSPORT_SCTP;MOD TRANSPORT_SCTP,parent_exact,SG,SCTP参数管理,SCTP 协议配置,Device.Services.FAPControl.Transport.SCTP.,DEVICE_SERVICES_FAPCONTROL_TRANSPORT_SCTP,LST TRANSPORT_SCTP;MOD TRANSPORT_SCTP,中国移动TD-LTE皮站_飞站基站设备网络管理南向接口数据配置模型规范V2.3.xlsx,SG,8
CMCC_TD_LTE_V2.3,SCTP参数管理,Device.Services.FAPControl.Transport.SCTP.RTOInitial,Device,parameter,重传超时的初始值,RW,unsignedInt,1aae154c-dbab-47e0-a21b-bf4fadc54535,parameter,READ_WRITE,unsignedInt,,already_in_mml,yes,LST TRANSPORT_SCTP;MOD TRANSPORT_SCTP,parent_exact,SG,SCTP参数管理,SCTP 协议配置,Device.Services.FAPControl.Transport.SCTP.,DEVICE_SERVICES_FAPCONTROL_TRANSPORT_SCTP,LST TRANSPORT_SCTP;MOD TRANSPORT_SCTP,中国移动TD-LTE皮站_飞站基站设备网络管理南向接口数据配置模型规范V2.3.xlsx,SG,3
CMCC_TD_LTE_V2.3,SCTP参数管理,Device.Services.FAPControl.Transport.SCTP.RTOMax,Device,parameter,重传超时的最大值,RW,unsignedInt,3bb00eee-fef7-4170-97b9-57c1e5d4d408,parameter,READ_WRITE,unsignedInt,,already_in_mml,yes,LST TRANSPORT_SCTP;MOD TRANSPORT_SCTP,parent_exact,SG,SCTP参数管理,SCTP 协议配置,Device.Services.FAPControl.Transport.SCTP.,DEVICE_SERVICES_FAPCONTROL_TRANSPORT_SCTP,LST TRANSPORT_SCTP;MOD TRANSPORT_SCTP,中国移动TD-LTE皮站_飞站基站设备网络管理南向接口数据配置模型规范V2.3.xlsx,SG,5
CMCC_TD_LTE_V2.3,SCTP参数管理,Device.Services.FAPControl.Transport.SCTP.RTOMin,Device,parameter,重传超时的最小值,RW,unsignedInt,1309d20d-fd11-49d8-9604-259027bb2170,parameter,READ_WRITE,unsignedInt,,already_in_mml,yes,LST TRANSPORT_SCTP;MOD TRANSPORT_SCTP,parent_exact,SG,SCTP参数管理,SCTP 协议配置,Device.Services.FAPControl.Transport.SCTP.,DEVICE_SERVICES_FAPCONTROL_TRANSPORT_SCTP,LST TRANSPORT_SCTP;MOD TRANSPORT_SCTP,中国移动TD-LTE皮站_飞站基站设备网络管理南向接口数据配置模型规范V2.3.xlsx,SG,4
CMCC_TD_LTE_V2.3,SCTP参数管理,Device.Services.FAPControl.Transport.SCTP.ValCookieLife,Device,parameter,有效cookie的生命周期,RW,unsignedInt,45f02394-381f-45b9-bb7b-0d54f2686ca0,parameter,READ_WRITE,unsignedInt,,already_in_mml,yes,LST TRANSPORT_SCTP;MOD TRANSPORT_SCTP,parent_exact,SG,SCTP参数管理,SCTP 协议配置,Device.Services.FAPControl.Transport.SCTP.,DEVICE_SERVICES_FAPCONTROL_TRANSPORT_SCTP,LST TRANSPORT_SCTP;MOD TRANSPORT_SCTP,中国移动TD-LTE皮站_飞站基站设备网络管理南向接口数据配置模型规范V2.3.xlsx,SG,10
CMCC_TD_LTE_V2.3,MAC层参数管理,Device.Services.FAPService.{i}.CellConfig.LTE.RAN.MAC.DrxInitialParam.{i}.DRXInactivityTimer,Device,parameter,DRX非激活定时器,RW,string(64),1e901fe2-f8dd-4f83-975f-f5cde096ddea,parameter,READ_WRITE,STRING,,already_in_mml,yes,LST DRX_INITIAL_PARAM;MOD DRX_INITIAL_PARAM,parent_exact,SH,RAN协议栈参数,MAC DRX 初始参数,Device.Services.FAPService.{i}.CellConfig.LTE.RAN.MAC.DrxInitialParam.{i}.,DEVICE_SERVICES_FAPSERVICE_CELLCONFIG_LTE_RAN_MAC_DRXINITIALPARAM,LST DRX_INITIAL_PARAM;MOD DRX_INITIAL_PARAM,中国移动TD-LTE皮站_飞站基站设备网络管理南向接口数据配置模型规范V2.3.xlsx,SH,56
CMCC_TD_LTE_V2.3,MAC层参数管理,Device.Services.FAPService.{i}.CellConfig.LTE.RAN.MAC.DrxInitialParam.{i}.DRXRetransmissionTimer,Device,parameter,DRX等待重传定时器,RW,string(32),ce91e91b-696c-4809-9984-9a67241a83b3,parameter,READ_WRITE,STRING,,already_in_mml,yes,LST DRX_INITIAL_PARAM;MOD DRX_INITIAL_PARAM,parent_exact,SH,RAN协议栈参数,MAC DRX 初始参数,Device.Services.FAPService.{i}.CellConfig.LTE.RAN.MAC.DrxInitialParam.{i}.,DEVICE_SERVICES_FAPSERVICE_CELLCONFIG_LTE_RAN_MAC_DRXINITIALPARAM,LST DRX_INITIAL_PARAM;MOD DRX_INITIAL_PARAM,中国移动TD-LTE皮站_飞站基站设备网络管理南向接口数据配置模型规范V2.3.xlsx,SH,57
CMCC_TD_LTE_V2.3,MAC层参数管理,Device.Services.FAPService.{i}.CellConfig.LTE.RAN.MAC.DrxInitialParam.{i}.DRXShortCycleTimer,Device,parameter,DRX短周期定时器,RW,string(64),c50d795e-2893-45f5-abf1-d323e9dd1ae0,parameter,READ_WRITE,STRING,,already_in_mml,yes,LST DRX_INITIAL_PARAM;MOD DRX_INITIAL_PARAM,parent_exact,SH,RAN协议栈参数,MAC DRX 初始参数,Device.Services.FAPService.{i}.CellConfig.LTE.RAN.MAC.DrxInitialParam.{i}.,DEVICE_SERVICES_FAPSERVICE_CELLCONFIG_LTE_RAN_MAC_DRXINITIALPARAM,LST DRX_INITIAL_PARAM;MOD DRX_INITIAL_PARAM,中国移动TD-LTE皮站_飞站基站设备网络管理南向接口数据配置模型规范V2.3.xlsx,SH,54
CMCC_TD_LTE_V2.3,MAC层参数管理,Device.Services.FAPService.{i}.CellConfig.LTE.RAN.MAC.DrxInitialParam.{i}.LongDRXCycle,Device,parameter,DRX长周期,RW,string(128),5b2089ae-dfe1-46b2-a731-6dd7a5df15e5,parameter,READ_WRITE,STRING,,already_in_mml,yes,LST DRX_INITIAL_PARAM;MOD DRX_INITIAL_PARAM,parent_exact,SH,RAN协议栈参数,MAC DRX 初始参数,Device.Services.FAPService.{i}.CellConfig.LTE.RAN.MAC.DrxInitialParam.{i}.,DEVICE_SERVICES_FAPSERVICE_CELLCONFIG_LTE_RAN_MAC_DRXINITIALPARAM,LST DRX_INITIAL_PARAM;MOD DRX_INITIAL_PARAM,中国移动TD-LTE皮站_飞站基站设备网络管理南向接口数据配置模型规范V2.3.xlsx,SH,58
CMCC_TD_LTE_V2.3,MAC层参数管理,Device.Services.FAPService.{i}.CellConfig.LTE.RAN.MAC.DrxInitialParam.{i}.ONDurationTimer,Device,parameter,DRX持续时间定时器,RW,string(64),75cea36a-610f-4b0b-9429-e0c4cbf56360,parameter,READ_WRITE,STRING,,already_in_mml,yes,LST DRX_INITIAL_PARAM;MOD DRX_INITIAL_PARAM,parent_exact,SH,RAN协议栈参数,MAC DRX 初始参数,Device.Services.FAPService.{i}.CellConfig.LTE.RAN.MAC.DrxInitialParam.{i}.,DEVICE_SERVICES_FAPSERVICE_CELLCONFIG_LTE_RAN_MAC_DRXINITIALPARAM,LST DRX_INITIAL_PARAM;MOD DRX_INITIAL_PARAM,中国移动TD-LTE皮站_飞站基站设备网络管理南向接口数据配置模型规范V2.3.xlsx,SH,55
CMCC_TD_LTE_V2.3,MAC层参数管理,Device.Services.FAPService.{i}.CellConfig.LTE.RAN.MAC.DrxInitialParam.{i}.ShortDRXCycle,Device,parameter,DRX短周期,RW,string(64),9b2c29a1-ae8d-4772-bd2c-a17ae20fc7e6,parameter,READ_WRITE,STRING,,already_in_mml,yes,LST DRX_INITIAL_PARAM;MOD DRX_INITIAL_PARAM,parent_exact,SH,RAN协议栈参数,MAC DRX 初始参数,Device.Services.FAPService.{i}.CellConfig.LTE.RAN.MAC.DrxInitialParam.{i}.,DEVICE_SERVICES_FAPSERVICE_CELLCONFIG_LTE_RAN_MAC_DRXINITIALPARAM,LST DRX_INITIAL_PARAM;MOD DRX_INITIAL_PARAM,中国移动TD-LTE皮站_飞站基站设备网络管理南向接口数据配置模型规范V2.3.xlsx,SH,59
CMCC_TD_LTE_V2.3,MAC层参数管理,Device.Services.FAPService.{i}.CellConfig.LTE.RAN.MAC.DRX.DRXEnabled,Device,parameter,DRX功能开关,RW,Boolean,965a73e5-066a-498b-a06f-45138502c265,parameter,READ_WRITE,BOOLEAN,,already_in_mml,yes,LST RAN_MAC;MOD RAN_MAC,,SH,RAN协议栈参数,MAC层参数管理,Device.Services.FAPService.{i}.CellConfig.LTE.RAN.MAC.DRX.,DEVICE_SERVICES_FAPSERVICE_CELLCONFIG_LTE_RAN_MAC_DRX,LST DRX;MOD DRX,中国移动TD-LTE皮站_飞站基站设备网络管理南向接口数据配置模型规范V2.3.xlsx,SH,53
CMCC_TD_LTE_V2.3,MAC层参数管理,Device.Services.FAPService.{i}.CellConfig.LTE.RAN.MAC.RACH.ContentionResolutionTimer,Device,parameter,冲突解决定时器,RW,string(32),a8011c9a-d6da-4643-a572-d1c5f05aae9e,parameter,READ_WRITE,STRING,,already_in_mml,yes,LST RAN_MAC;MOD RAN_MAC,,SH,RAN协议栈参数,MAC层参数管理,Device.Services.FAPService.{i}.CellConfig.LTE.RAN.MAC.RACH.,DEVICE_SERVICES_FAPSERVICE_CELLCONFIG_LTE_RAN_MAC_RACH,LST RACH;MOD RACH,中国移动TD-LTE皮站_飞站基站设备网络管理南向接口数据配置模型规范V2.3.xlsx,SH,51
CMCC_TD_LTE_V2.3,MAC层参数管理,Device.Services.FAPService.{i}.CellConfig.LTE.RAN.MAC.RACH.MaxHARQMsg3Tx,Device,parameter,Msg3HARQ最大传输次数,RW,string(32),37f8c6a4-a177-45e0-8d19-85793d1ea1d9,parameter,READ_WRITE,STRING,,already_in_mml,yes,LST RAN_MAC;MOD RAN_MAC,,SH,RAN协议栈参数,MAC层参数管理,Device.Services.FAPService.{i}.CellConfig.LTE.RAN.MAC.RACH.,DEVICE_SERVICES_FAPSERVICE_CELLCONFIG_LTE_RAN_MAC_RACH,LST RACH;MOD RACH,中国移动TD-LTE皮站_飞站基站设备网络管理南向接口数据配置模型规范V2.3.xlsx,SH,52
CMCC_TD_LTE_V2.3,MAC层参数管理,Device.Services.FAPService.{i}.CellConfig.LTE.RAN.MAC.RACH.MessagePowerOffsetGroupB,Device,parameter,组B功率补偿信息,RW,string(32),4bb505e2-3164-45af-93df-fcdf5a5d3e43,parameter,READ_WRITE,STRING,,already_in_mml,yes,LST RAN_MAC;MOD RAN_MAC,,SH,RAN协议栈参数,MAC层参数管理,Device.Services.FAPService.{i}.CellConfig.LTE.RAN.MAC.RACH.,DEVICE_SERVICES_FAPSERVICE_CELLCONFIG_LTE_RAN_MAC_RACH,LST RACH;MOD RACH,中国移动TD-LTE皮站_飞站基站设备网络管理南向接口数据配置模型规范V2.3.xlsx,SH,46
CMCC_TD_LTE_V2.3,MAC层参数管理,Device.Services.FAPService.{i}.CellConfig.LTE.RAN.MAC.RACH.MessageSizeGroupA,Device,parameter,组A信息大小,RW,string(32),a461bc00-9052-4b70-afbb-8677117464ff,parameter,READ_WRITE,STRING,,already_in_mml,yes,LST RAN_MAC;MOD RAN_MAC,,SH,RAN协议栈参数,MAC层参数管理,Device.Services.FAPService.{i}.CellConfig.LTE.RAN.MAC.RACH.,DEVICE_SERVICES_FAPSERVICE_CELLCONFIG_LTE_RAN_MAC_RACH,LST RACH;MOD RACH,中国移动TD-LTE皮站_飞站基站设备网络管理南向接口数据配置模型规范V2.3.xlsx,SH,45
CMCC_TD_LTE_V2.3,MAC层参数管理,Device.Services.FAPService.{i}.CellConfig.LTE.RAN.MAC.RACH.NumberOfRaPreambles,Device,parameter,竞争随机接入前导码数,RW,string(64),11178eeb-28f5-45c0-b3f4-cb39847f0e06,parameter,READ_WRITE,STRING,,already_in_mml,yes,LST RAN_MAC;MOD RAN_MAC,,SH,RAN协议栈参数,MAC层参数管理,Device.Services.FAPService.{i}.CellConfig.LTE.RAN.MAC.RACH.,DEVICE_SERVICES_FAPSERVICE_CELLCONFIG_LTE_RAN_MAC_RACH,LST RACH;MOD RACH,中国移动TD-LTE皮站_飞站基站设备网络管理南向接口数据配置模型规范V2.3.xlsx,SH,43
CMCC_TD_LTE_V2.3,MAC层参数管理,Device.Services.FAPService.{i}.CellConfig.LTE.RAN.MAC.RACH.PowerRampingStep,Device,parameter,功率增加补偿,RW,string(16),c4434e97-83d8-42de-8a28-7ecea9f15f47,parameter,READ_WRITE,STRING,,already_in_mml,yes,LST RAN_MAC;MOD RAN_MAC,,SH,RAN协议栈参数,MAC层参数管理,Device.Services.FAPService.{i}.CellConfig.LTE.RAN.MAC.RACH.,DEVICE_SERVICES_FAPSERVICE_CELLCONFIG_LTE_RAN_MAC_RACH,LST RACH;MOD RACH,中国移动TD-LTE皮站_飞站基站设备网络管理南向接口数据配置模型规范V2.3.xlsx,SH,47
CMCC_TD_LTE_V2.3,MAC层参数管理,Device.Services.FAPService.{i}.CellConfig.LTE.RAN.MAC.RACH.PreambleInitialReceivedTargetPower,Device,parameter,前导码初始接收目标功率,RW,string(128),b33403ad-29fc-4632-9f3d-a05618e2d048,parameter,READ_WRITE,STRING,,already_in_mml,yes,LST RAN_MAC;MOD RAN_MAC,,SH,RAN协议栈参数,MAC层参数管理,Device.Services.FAPService.{i}.CellConfig.LTE.RAN.MAC.RACH.,DEVICE_SERVICES_FAPSERVICE_CELLCONFIG_LTE_RAN_MAC_RACH,LST RACH;MOD RACH,中国移动TD-LTE皮站_飞站基站设备网络管理南向接口数据配置模型规范V2.3.xlsx,SH,48
CMCC_TD_LTE_V2.3,MAC层参数管理,Device.Services.FAPService.{i}.CellConfig.LTE.RAN.MAC.RACH.PreambleTransMax,Device,parameter,最大随机接入次数,RW,string(64),c072f699-07a5-4dca-ac67-ff2c80799c7e,parameter,READ_WRITE,STRING,,already_in_mml,yes,LST RAN_MAC;MOD RAN_MAC,,SH,RAN协议栈参数,MAC层参数管理,Device.Services.FAPService.{i}.CellConfig.LTE.RAN.MAC.RACH.,DEVICE_SERVICES_FAPSERVICE_CELLCONFIG_LTE_RAN_MAC_RACH,LST RACH;MOD RACH,中国移动TD-LTE皮站_飞站基站设备网络管理南向接口数据配置模型规范V2.3.xlsx,SH,49
CMCC_TD_LTE_V2.3,MAC层参数管理,Device.Services.FAPService.{i}.CellConfig.LTE.RAN.MAC.RACH.ResponseWindowSize,Device,parameter,随机接入响应窗口大小,RW,string(32),1bd871bf-9ba3-4e3a-85cc-b93cd7930a51,parameter,READ_WRITE,STRING,,already_in_mml,yes,LST RAN_MAC;MOD RAN_MAC,,SH,RAN协议栈参数,MAC层参数管理,Device.Services.FAPService.{i}.CellConfig.LTE.RAN.MAC.RACH.,DEVICE_SERVICES_FAPSERVICE_CELLCONFIG_LTE_RAN_MAC_RACH,LST RACH;MOD RACH,中国移动TD-LTE皮站_飞站基站设备网络管理南向接口数据配置模型规范V2.3.xlsx,SH,50
CMCC_TD_LTE_V2.3,MAC层参数管理,Device.Services.FAPService.{i}.CellConfig.LTE.RAN.MAC.RACH.SizeOfRaGroupA,Device,parameter,随机接入前导码组A大小,RW,string(64),b710b851-9658-4945-8dee-6ba96b56f6fc,parameter,READ_WRITE,STRING,,already_in_mml,yes,LST RAN_MAC;MOD RAN_MAC,,SH,RAN协议栈参数,MAC层参数管理,Device.Services.FAPService.{i}.CellConfig.LTE.RAN.MAC.RACH.,DEVICE_SERVICES_FAPSERVICE_CELLCONFIG_LTE_RAN_MAC_RACH,LST RACH;MOD RACH,中国移动TD-LTE皮站_飞站基站设备网络管理南向接口数据配置模型规范V2.3.xlsx,SH,44
CMCC_TD_LTE_V2.3,MAC层参数管理,Device.Services.FAPService.{i}.CellConfig.LTE.RAN.MAC.ULSCH.MaxHARQTx,Device,parameter,上行HARQ最大传输次数,RW,"unsignedInt[1:8, 10, 12, 16, 20, 24, 28]",be9921c3-cb08-4799-b0ac-7dfd7379436f,parameter,READ_WRITE,U_INT,,already_in_mml,yes,LST RAN_MAC;MOD RAN_MAC,,SH,RAN协议栈参数,MAC层参数管理,Device.Services.FAPService.{i}.CellConfig.LTE.RAN.MAC.ULSCH.,DEVICE_SERVICES_FAPSERVICE_CELLCONFIG_LTE_RAN_MAC_ULSCH,LST ULSCH;MOD ULSCH,中国移动TD-LTE皮站_飞站基站设备网络管理南向接口数据配置模型规范V2.3.xlsx,SH,60
CMCC_TD_LTE_V2.3,MAC层参数管理,Device.Services.FAPService.{i}.CellConfig.LTE.RAN.MAC.ULSCH.MaxUePerUlSf,Device,parameter,上行单帧最大调度用户数,RW,unsignedInt[0:65535],749943e9-2c23-4e02-984c-afc6f9ddf469,parameter,READ_WRITE,U_INT,,already_in_mml,yes,LST RAN_MAC;MOD RAN_MAC,,SH,RAN协议栈参数,MAC层参数管理,Device.Services.FAPService.{i}.CellConfig.LTE.RAN.MAC.ULSCH.,DEVICE_SERVICES_FAPSERVICE_CELLCONFIG_LTE_RAN_MAC_ULSCH,LST ULSCH;MOD ULSCH,中国移动TD-LTE皮站_飞站基站设备网络管理南向接口数据配置模型规范V2.3.xlsx,SH,64
CMCC_TD_LTE_V2.3,MAC层参数管理,Device.Services.FAPService.{i}.CellConfig.LTE.RAN.MAC.ULSCH.PeriodicBSRTimer,Device,parameter,周期性BSR定时器,RW,"unsignedInt[0, 5, 10, 16, 20, 32, 40, 64, 80, 128, 160, 320, 640, 1280, 2560]",150c6537-2a9d-4dc2-b7ee-12aa12b628ae,parameter,READ_WRITE,U_INT,,already_in_mml,yes,LST RAN_MAC;MOD RAN_MAC,,SH,RAN协议栈参数,MAC层参数管理,Device.Services.FAPService.{i}.CellConfig.LTE.RAN.MAC.ULSCH.,DEVICE_SERVICES_FAPSERVICE_CELLCONFIG_LTE_RAN_MAC_ULSCH,LST ULSCH;MOD ULSCH,中国移动TD-LTE皮站_飞站基站设备网络管理南向接口数据配置模型规范V2.3.xlsx,SH,61
CMCC_TD_LTE_V2.3,MAC层参数管理,Device.Services.FAPService.{i}.CellConfig.LTE.RAN.MAC.ULSCH.RetxBSRTimer,Device,parameter,重传BSR定时器,RW,"unsignedInt[320, 640, 1280, 2560, 5120, 10240]",11575bfc-407d-4a8d-aae9-47da834208d4,parameter,READ_WRITE,U_INT,,already_in_mml,yes,LST RAN_MAC;MOD RAN_MAC,,SH,RAN协议栈参数,MAC层参数管理,Device.Services.FAPService.{i}.CellConfig.LTE.RAN.MAC.ULSCH.,DEVICE_SERVICES_FAPSERVICE_CELLCONFIG_LTE_RAN_MAC_ULSCH,LST ULSCH;MOD ULSCH,中国移动TD-LTE皮站_飞站基站设备网络管理南向接口数据配置模型规范V2.3.xlsx,SH,62
CMCC_TD_LTE_V2.3,MAC层参数管理,Device.Services.FAPService.{i}.CellConfig.LTE.RAN.MAC.ULSCH.TTIBundling,Device,parameter,TTI绑定功能开关,RW,Boolean,08930695-7d05-40b9-87f3-f25a03a91e0e,parameter,READ_WRITE,BOOLEAN,,already_in_mml,yes,LST RAN_MAC;MOD RAN_MAC,,SH,RAN协议栈参数,MAC层参数管理,Device.Services.FAPService.{i}.CellConfig.LTE.RAN.MAC.ULSCH.,DEVICE_SERVICES_FAPSERVICE_CELLCONFIG_LTE_RAN_MAC_ULSCH,LST ULSCH;MOD ULSCH,中国移动TD-LTE皮站_飞站基站设备网络管理南向接口数据配置模型规范V2.3.xlsx,SH,63
CMCC_TD_LTE_V2.3,物理层参数管理,Device.Services.FAPService.{i}.CellConfig.LTE.RAN.PHY.MBSFN.SFConfigList.{i}.RadioFrameAllocationPeriod,Device,parameter,无线帧分配周期,RW,unsignedInt[0:8],09e08756-f923-4ca2-98bc-acd07bed4886,parameter,READ_WRITE,U_INT,,already_in_mml,yes,LST SF_CONFIG_LIST;MOD SF_CONFIG_LIST,parent_exact,SH,RAN协议栈参数,MBSFN 子帧配置列表,Device.Services.FAPService.{i}.CellConfig.LTE.RAN.PHY.MBSFN.SFConfigList.{i}.,DEVICE_SERVICES_FAPSERVICE_CELLCONFIG_LTE_RAN_PHY_MBSFN_SFCONFIGLIST,LST SFCONFIG_LIST;MOD SFCONFIG_LIST,中国移动TD-LTE皮站_飞站基站设备网络管理南向接口数据配置模型规范V2.3.xlsx,SH,4
CMCC_TD_LTE_V2.3,物理层参数管理,Device.Services.FAPService.{i}.CellConfig.LTE.RAN.PHY.MBSFN.SFConfigList.{i}.RadioFrameAllocationSize,Device,parameter,MBSFN连续无线帧数,RW,"unsignedInt[1,4]",84de383b-f939-4c14-a39a-3c9d1a9f0395,parameter,READ_WRITE,U_INT,,already_in_mml,yes,LST SF_CONFIG_LIST;MOD SF_CONFIG_LIST,parent_exact,SH,RAN协议栈参数,MBSFN 子帧配置列表,Device.Services.FAPService.{i}.CellConfig.LTE.RAN.PHY.MBSFN.SFConfigList.{i}.,DEVICE_SERVICES_FAPSERVICE_CELLCONFIG_LTE_RAN_PHY_MBSFN_SFCONFIGLIST,LST SFCONFIG_LIST;MOD SFCONFIG_LIST,中国移动TD-LTE皮站_飞站基站设备网络管理南向接口数据配置模型规范V2.3.xlsx,SH,5
CMCC_TD_LTE_V2.3,物理层参数管理,Device.Services.FAPService.{i}.CellConfig.LTE.RAN.PHY.MBSFN.SFConfigList.{i}.RadioframeAllocationOffset,Device,parameter,无线帧分配偏置,RW,unsignedInt[0:6],c0fd658d-72f7-4faa-b7d1-3fd0f156120f,parameter,READ_WRITE,U_INT,,already_in_mml,yes,LST SF_CONFIG_LIST;MOD SF_CONFIG_LIST,parent_exact,SH,RAN协议栈参数,MBSFN 子帧配置列表,Device.Services.FAPService.{i}.CellConfig.LTE.RAN.PHY.MBSFN.SFConfigList.{i}.,DEVICE_SERVICES_FAPSERVICE_CELLCONFIG_LTE_RAN_PHY_MBSFN_SFCONFIGLIST,LST SFCONFIG_LIST;MOD SFCONFIG_LIST,中国移动TD-LTE皮站_飞站基站设备网络管理南向接口数据配置模型规范V2.3.xlsx,SH,3
CMCC_TD_LTE_V2.3,物理层参数管理,Device.Services.FAPService.{i}.CellConfig.LTE.RAN.PHY.MBSFN.SFConfigList.{i}.SubFrameAllocations,Device,parameter,MBSFN子帧分配样式,RW,string(64),0150ebf8-4368-40b9-9227-a369f8db1805,parameter,READ_WRITE,STRING,,already_in_mml,yes,LST SF_CONFIG_LIST;MOD SF_CONFIG_LIST,parent_exact,SH,RAN协议栈参数,MBSFN 子帧配置列表,Device.Services.FAPService.{i}.CellConfig.LTE.RAN.PHY.MBSFN.SFConfigList.{i}.,DEVICE_SERVICES_FAPSERVICE_CELLCONFIG_LTE_RAN_PHY_MBSFN_SFCONFIGLIST,LST SFCONFIG_LIST;MOD SFCONFIG_LIST,中国移动TD-LTE皮站_飞站基站设备网络管理南向接口数据配置模型规范V2.3.xlsx,SH,6
CMCC_TD_LTE_V2.3,物理层参数管理,Device.Services.FAPService.{i}.CellConfig.LTE.RAN.PHY.MBSFN.SFConfigList.{i}.SyncStratumID,Device,parameter,空口同步等级,RW,unsignedInt[1:8],ab486766-d671-409a-b2d5-56942bce557f,parameter,READ_WRITE,U_INT,,already_in_mml,yes,LST SF_CONFIG_LIST;MOD SF_CONFIG_LIST,parent_exact,SH,RAN协议栈参数,MBSFN 子帧配置列表,Device.Services.FAPService.{i}.CellConfig.LTE.RAN.PHY.MBSFN.SFConfigList.{i}.,DEVICE_SERVICES_FAPSERVICE_CELLCONFIG_LTE_RAN_PHY_MBSFN_SFCONFIGLIST,LST SFCONFIG_LIST;MOD SFCONFIG_LIST,中国移动TD-LTE皮站_飞站基站设备网络管理南向接口数据配置模型规范V2.3.xlsx,SH,7
CMCC_TD_LTE_V2.3,物理层参数管理,Device.Services.FAPService.{i}.CellConfig.LTE.RAN.PHY.MBSFN.NeighCellConfig,Device,parameter,邻区配置,RW,unsignedInt[0:3],899be348-e441-4a67-9a0f-005f6a2ba5a0,parameter,READ_WRITE,U_INT,,already_in_mml,yes,LST PHY_MBSFN;MOD PHY_MBSFN,parent_exact,SH,RAN协议栈参数,PHY MBSFN 子帧,Device.Services.FAPService.{i}.CellConfig.LTE.RAN.PHY.MBSFN.,DEVICE_SERVICES_FAPSERVICE_CELLCONFIG_LTE_RAN_PHY_MBSFN,LST PHY_MBSFN;MOD PHY_MBSFN,中国移动TD-LTE皮站_飞站基站设备网络管理南向接口数据配置模型规范V2.3.xlsx,SH,2
CMCC_TD_LTE_V2.3,RRC参数管理（RRC计时器）,Device.Services.FAPService.{i}.CellConfig.LTE.RAN.RRCTimers.N310,Device,parameter,T310定时器,RW,"unsignedInt[1:4, 6, 8, 10, 20]",a5cd7983-2c12-4dac-8960-a3a4ad41680f,parameter,READ_WRITE,INT,,already_in_mml,yes,LST FAP_SERVICE;MOD FAP_SERVICE,,SH,RAN协议栈参数,RRC参数管理（RRC计时器）,Device.Services.FAPService.{i}.CellConfig.LTE.RAN.RRCTimers.,DEVICE_SERVICES_FAPSERVICE_CELLCONFIG_LTE_RAN_RRCTIMERS,LST RRCTIMERS;MOD RRCTIMERS,中国移动TD-LTE皮站_飞站基站设备网络管理南向接口数据配置模型规范V2.3.xlsx,SH,73
CMCC_TD_LTE_V2.3,RRC参数管理（RRC计时器）,Device.Services.FAPService.{i}.CellConfig.LTE.RAN.RRCTimers.N311,Device,parameter,T311定时器,RW,"unsignedInt[1:6, 8, 10]",28893525-0079-4517-b532-f25433d58bbe,parameter,READ_WRITE,INT,,already_in_mml,yes,LST FAP_SERVICE;MOD FAP_SERVICE,,SH,RAN协议栈参数,RRC参数管理（RRC计时器）,Device.Services.FAPService.{i}.CellConfig.LTE.RAN.RRCTimers.,DEVICE_SERVICES_FAPSERVICE_CELLCONFIG_LTE_RAN_RRCTIMERS,LST RRCTIMERS;MOD RRCTIMERS,中国移动TD-LTE皮站_飞站基站设备网络管理南向接口数据配置模型规范V2.3.xlsx,SH,74
CMCC_TD_LTE_V2.3,RRC参数管理（RRC计时器）,Device.Services.FAPService.{i}.CellConfig.LTE.RAN.RRCTimers.T300,Device,parameter,T300定时器,RW,string(64),3640a26e-599d-40cb-b725-b3886c2f35b4,parameter,READ_WRITE,INT,,already_in_mml,yes,LST FAP_SERVICE;MOD FAP_SERVICE,,SH,RAN协议栈参数,RRC参数管理（RRC计时器）,Device.Services.FAPService.{i}.CellConfig.LTE.RAN.RRCTimers.,DEVICE_SERVICES_FAPSERVICE_CELLCONFIG_LTE_RAN_RRCTIMERS,LST RRCTIMERS;MOD RRCTIMERS,中国移动TD-LTE皮站_飞站基站设备网络管理南向接口数据配置模型规范V2.3.xlsx,SH,65
CMCC_TD_LTE_V2.3,RRC参数管理（RRC计时器）,Device.Services.FAPService.{i}.CellConfig.LTE.RAN.RRCTimers.T301,Device,parameter,T301定时器,RW,string(64),e06b5f82-4a6c-4ced-b9fd-aa4f0eb06f10,parameter,READ_WRITE,INT,,already_in_mml,yes,LST FAP_SERVICE;MOD FAP_SERVICE,,SH,RAN协议栈参数,RRC参数管理（RRC计时器）,Device.Services.FAPService.{i}.CellConfig.LTE.RAN.RRCTimers.,DEVICE_SERVICES_FAPSERVICE_CELLCONFIG_LTE_RAN_RRCTIMERS,LST RRCTIMERS;MOD RRCTIMERS,中国移动TD-LTE皮站_飞站基站设备网络管理南向接口数据配置模型规范V2.3.xlsx,SH,66
CMCC_TD_LTE_V2.3,RRC参数管理（RRC计时器）,Device.Services.FAPService.{i}.CellConfig.LTE.RAN.RRCTimers.T302,Device,parameter,T302定时器,RW,unsignedInt[1:16],1e9b61b8-c55d-4c5e-bad9-470ec027d92c,parameter,READ_WRITE,INT,,already_in_mml,yes,LST FAP_SERVICE;MOD FAP_SERVICE,,SH,RAN协议栈参数,RRC参数管理（RRC计时器）,Device.Services.FAPService.{i}.CellConfig.LTE.RAN.RRCTimers.,DEVICE_SERVICES_FAPSERVICE_CELLCONFIG_LTE_RAN_RRCTIMERS,LST RRCTIMERS;MOD RRCTIMERS,中国移动TD-LTE皮站_飞站基站设备网络管理南向接口数据配置模型规范V2.3.xlsx,SH,67
CMCC_TD_LTE_V2.3,RRC参数管理（RRC计时器）,Device.Services.FAPService.{i}.CellConfig.LTE.RAN.RRCTimers.T304EUTRA,Device,parameter,T304(EUTRA)定时器,RW,string(64),5d97dc27-4093-41d5-b137-43c944e58c04,parameter,READ_WRITE,INT,,already_in_mml,yes,LST FAP_SERVICE;MOD FAP_SERVICE,,SH,RAN协议栈参数,RRC参数管理（RRC计时器）,Device.Services.FAPService.{i}.CellConfig.LTE.RAN.RRCTimers.,DEVICE_SERVICES_FAPSERVICE_CELLCONFIG_LTE_RAN_RRCTIMERS,LST RRCTIMERS;MOD RRCTIMERS,中国移动TD-LTE皮站_飞站基站设备网络管理南向接口数据配置模型规范V2.3.xlsx,SH,68
CMCC_TD_LTE_V2.3,RRC参数管理（RRC计时器）,Device.Services.FAPService.{i}.CellConfig.LTE.RAN.RRCTimers.T304IRAT,Device,parameter,T304(异系统)定时器,RW,string(64),a66600b8-43ea-49b9-a9bd-1e688ebb09ea,parameter,READ_WRITE,INT,,already_in_mml,yes,LST FAP_SERVICE;MOD FAP_SERVICE,,SH,RAN协议栈参数,RRC参数管理（RRC计时器）,Device.Services.FAPService.{i}.CellConfig.LTE.RAN.RRCTimers.,DEVICE_SERVICES_FAPSERVICE_CELLCONFIG_LTE_RAN_RRCTIMERS,LST RRCTIMERS;MOD RRCTIMERS,中国移动TD-LTE皮站_飞站基站设备网络管理南向接口数据配置模型规范V2.3.xlsx,SH,69
CMCC_TD_LTE_V2.3,RRC参数管理（RRC计时器）,Device.Services.FAPService.{i}.CellConfig.LTE.RAN.RRCTimers.T310,Device,parameter,T310定时器,RW,"unsignedInt[0,50,100,200,500,1000,2000]",09b89fcd-6a40-4cdb-93c8-db3134346ce8,parameter,READ_WRITE,INT,,already_in_mml,yes,LST FAP_SERVICE;MOD FAP_SERVICE,,SH,RAN协议栈参数,RRC参数管理（RRC计时器）,Device.Services.FAPService.{i}.CellConfig.LTE.RAN.RRCTimers.,DEVICE_SERVICES_FAPSERVICE_CELLCONFIG_LTE_RAN_RRCTIMERS,LST RRCTIMERS;MOD RRCTIMERS,中国移动TD-LTE皮站_飞站基站设备网络管理南向接口数据配置模型规范V2.3.xlsx,SH,70
CMCC_TD_LTE_V2.3,RRC参数管理（RRC计时器）,Device.Services.FAPService.{i}.CellConfig.LTE.RAN.RRCTimers.T311,Device,parameter,T311定时器,RW,string(64),f90410ca-2296-48fd-80a5-a42f7dc2c048,parameter,READ_WRITE,INT,,already_in_mml,yes,LST FAP_SERVICE;MOD FAP_SERVICE,,SH,RAN协议栈参数,RRC参数管理（RRC计时器）,Device.Services.FAPService.{i}.CellConfig.LTE.RAN.RRCTimers.,DEVICE_SERVICES_FAPSERVICE_CELLCONFIG_LTE_RAN_RRCTIMERS,LST RRCTIMERS;MOD RRCTIMERS,中国移动TD-LTE皮站_飞站基站设备网络管理南向接口数据配置模型规范V2.3.xlsx,SH,71
CMCC_TD_LTE_V2.3,RRC参数管理（RRC计时器）,Device.Services.FAPService.{i}.CellConfig.LTE.RAN.RRCTimers.T320,Device,parameter,T320定时器,RW,"unsignedInt[5, 10, 20, 30, 60, 120, 180]",fdaefab0-a1b1-417b-bc3d-c7470c5639e0,parameter,READ_WRITE,INT,,already_in_mml,yes,LST FAP_SERVICE;MOD FAP_SERVICE,,SH,RAN协议栈参数,RRC参数管理（RRC计时器）,Device.Services.FAPService.{i}.CellConfig.LTE.RAN.RRCTimers.,DEVICE_SERVICES_FAPSERVICE_CELLCONFIG_LTE_RAN_RRCTIMERS,LST RRCTIMERS;MOD RRCTIMERS,中国移动TD-LTE皮站_飞站基站设备网络管理南向接口数据配置模型规范V2.3.xlsx,SH,72
CMCC_TD_LTE_V2.3,小区与RU映射,Device.Services.FAPService.{i}.CellConfig.LTE.RAN.RouteIndexList,Device,parameter,路由指示列表,RW,string(512),4e9d2132-d718-4948-b1f4-4d2aea89b35b,parameter,READ_WRITE,string,,already_in_mml,yes,LST FAP_SERVICE;MOD FAP_SERVICE,,SH,RAN协议栈参数,小区与RU映射,Device.Services.FAPService.{i}.CellConfig.LTE.RAN.,DEVICE_SERVICES_FAPSERVICE_CELLCONFIG_LTE_RAN,LST LTE_RAN;MOD LTE_RAN,中国移动TD-LTE皮站_飞站基站设备网络管理南向接口数据配置模型规范V2.3.xlsx,SF,37
CMCC_TD_LTE_V2.3,小区与RU映射,Device.Services.FAPService.{i}.CellConfig.LTE.RAN.RuList,Device,parameter,RU列表,RW,string(512),e984bf8e-812d-45d0-8d5f-a7369599dd97,parameter,READ_WRITE,string,,already_in_mml,yes,LST FAP_SERVICE;MOD FAP_SERVICE,,SH,RAN协议栈参数,小区与RU映射,Device.Services.FAPService.{i}.CellConfig.LTE.RAN.,DEVICE_SERVICES_FAPSERVICE_CELLCONFIG_LTE_RAN,LST LTE_RAN;MOD LTE_RAN,中国移动TD-LTE皮站_飞站基站设备网络管理南向接口数据配置模型规范V2.3.xlsx,SF,38
CMCC_TD_LTE_V2.3,小区参数管理,Device.Services.FAPService.{i}.CellConfig.LTE.RAN.RF.DLBandwidth,Device,parameter,下行带宽,RW,string(32),98492408-f63f-4538-a742-b77c0d09dea3,parameter,READ_WRITE,STRING,,already_in_mml,yes,LST FAP_SERVICE;MOD FAP_SERVICE,,SH,RAN协议栈参数,小区参数管理,Device.Services.FAPService.{i}.CellConfig.LTE.RAN.RF.,DEVICE_SERVICES_FAPSERVICE_CELLCONFIG_LTE_RAN_RF,LST RF;MOD RF,中国移动TD-LTE皮站_飞站基站设备网络管理南向接口数据配置模型规范V2.3.xlsx,SF,42
CMCC_TD_LTE_V2.3,小区参数管理,Device.Services.FAPService.{i}.CellConfig.LTE.RAN.RF.EARFCNDL,Device,parameter,下行EARFCN,RW,string(128),72e59faa-2b3a-4dc7-ad5c-7e25d874b781,parameter,READ_WRITE,STRING,,already_in_mml,yes,LST FAP_SERVICE;MOD FAP_SERVICE,,SH,RAN协议栈参数,小区参数管理,Device.Services.FAPService.{i}.CellConfig.LTE.RAN.RF.,DEVICE_SERVICES_FAPSERVICE_CELLCONFIG_LTE_RAN_RF,LST RF;MOD RF,中国移动TD-LTE皮站_飞站基站设备网络管理南向接口数据配置模型规范V2.3.xlsx,SF,40
CMCC_TD_LTE_V2.3,小区参数管理,Device.Services.FAPService.{i}.CellConfig.LTE.RAN.RF.EARFCNUL,Device,parameter,上行EARFCN,RW,string(128),d5168327-8844-4090-9d9d-9de7789aa524,parameter,READ_WRITE,U_INT,,already_in_mml,yes,LST FAP_SERVICE;MOD FAP_SERVICE,,SH,RAN协议栈参数,小区参数管理,Device.Services.FAPService.{i}.CellConfig.LTE.RAN.RF.,DEVICE_SERVICES_FAPSERVICE_CELLCONFIG_LTE_RAN_RF,LST RF;MOD RF,中国移动TD-LTE皮站_飞站基站设备网络管理南向接口数据配置模型规范V2.3.xlsx,SF,47
CMCC_TD_LTE_V2.3,小区参数管理,Device.Services.FAPService.{i}.CellConfig.LTE.RAN.RF.FreqBandIndicator,Device,parameter,频带指示,RW,int[1:40],23c2fd28-dceb-43ac-b6a8-29802ca1b0ab,parameter,READ_WRITE,STRING,,already_in_mml,yes,LST FAP_SERVICE;MOD FAP_SERVICE,,SH,RAN协议栈参数,小区参数管理,Device.Services.FAPService.{i}.CellConfig.LTE.RAN.RF.,DEVICE_SERVICES_FAPSERVICE_CELLCONFIG_LTE_RAN_RF,LST RF;MOD RF,中国移动TD-LTE皮站_飞站基站设备网络管理南向接口数据配置模型规范V2.3.xlsx,SF,48
CMCC_TD_LTE_V2.3,小区参数管理,Device.Services.FAPService.{i}.CellConfig.LTE.RAN.RF.PBCHPowerOffset,Device,parameter,PBCH功率偏置,RW,string(512),9bf483a1-d56b-47ee-ae84-b11e819543a8,parameter,READ_WRITE,STRING,,already_in_mml,yes,LST FAP_SERVICE;MOD FAP_SERVICE,,SH,RAN协议栈参数,小区参数管理,Device.Services.FAPService.{i}.CellConfig.LTE.RAN.RF.,DEVICE_SERVICES_FAPSERVICE_CELLCONFIG_LTE_RAN_RF,LST RF;MOD RF,中国移动TD-LTE皮站_飞站基站设备网络管理南向接口数据配置模型规范V2.3.xlsx,SF,46
CMCC_TD_LTE_V2.3,小区参数管理,Device.Services.FAPService.{i}.CellConfig.LTE.RAN.RF.PSCHPowerOffset,Device,parameter,PSCH功率偏置,RW,string(512),2cb943e1-4fe9-4676-92d9-fdee64ffc2f4,parameter,READ_WRITE,STRING,,already_in_mml,yes,LST FAP_SERVICE;MOD FAP_SERVICE,,SH,RAN协议栈参数,小区参数管理,Device.Services.FAPService.{i}.CellConfig.LTE.RAN.RF.,DEVICE_SERVICES_FAPSERVICE_CELLCONFIG_LTE_RAN_RF,LST RF;MOD RF,中国移动TD-LTE皮站_飞站基站设备网络管理南向接口数据配置模型规范V2.3.xlsx,SF,44
CMCC_TD_LTE_V2.3,小区参数管理,Device.Services.FAPService.{i}.CellConfig.LTE.RAN.RF.PhyCellID,Device,parameter,PCI,RW,string(512),4b23b23d-6d6c-4383-a6d8-ea342c624693,parameter,READ_WRITE,STRING,,already_in_mml,yes,LST FAP_SERVICE;MOD FAP_SERVICE,,SH,RAN协议栈参数,小区参数管理,Device.Services.FAPService.{i}.CellConfig.LTE.RAN.RF.,DEVICE_SERVICES_FAPSERVICE_CELLCONFIG_LTE_RAN_RF,LST RF;MOD RF,中国移动TD-LTE皮站_飞站基站设备网络管理南向接口数据配置模型规范V2.3.xlsx,SF,41
CMCC_TD_LTE_V2.3,小区参数管理,Device.Services.FAPService.{i}.CellConfig.LTE.RAN.RF.ReferenceSignalPower,Device,parameter,参考信号功率,RW,string(512),5a37a78f-1e50-4959-bd8f-73b3cd10ef4a,parameter,READ_WRITE,INT,,already_in_mml,yes,LST FAP_SERVICE;MOD FAP_SERVICE,,SH,RAN协议栈参数,小区参数管理,Device.Services.FAPService.{i}.CellConfig.LTE.RAN.RF.,DEVICE_SERVICES_FAPSERVICE_CELLCONFIG_LTE_RAN_RF,LST RF;MOD RF,中国移动TD-LTE皮站_飞站基站设备网络管理南向接口数据配置模型规范V2.3.xlsx,SF,50
CMCC_TD_LTE_V2.3,小区参数管理,Device.Services.FAPService.{i}.CellConfig.LTE.RAN.RF.SSCHPowerOffset,Device,parameter,SSCH功率偏置,RW,string(512),4417d058-6180-4eee-8412-cd596d28992c,parameter,READ_WRITE,STRING,,already_in_mml,yes,LST FAP_SERVICE;MOD FAP_SERVICE,,SH,RAN协议栈参数,小区参数管理,Device.Services.FAPService.{i}.CellConfig.LTE.RAN.RF.,DEVICE_SERVICES_FAPSERVICE_CELLCONFIG_LTE_RAN_RF,LST RF;MOD RF,中国移动TD-LTE皮站_飞站基站设备网络管理南向接口数据配置模型规范V2.3.xlsx,SF,45
CMCC_TD_LTE_V2.3,小区参数管理,Device.Services.FAPService.{i}.CellConfig.LTE.RAN.RF.ULBandwidth,Device,parameter,上行带宽,RW,string(32),b9990b61-d439-4a67-9c10-0c7500b3af44,parameter,READ_WRITE,INT,,already_in_mml,yes,LST FAP_SERVICE;MOD FAP_SERVICE,,SH,RAN协议栈参数,小区参数管理,Device.Services.FAPService.{i}.CellConfig.LTE.RAN.RF.,DEVICE_SERVICES_FAPSERVICE_CELLCONFIG_LTE_RAN_RF,LST RF;MOD RF,中国移动TD-LTE皮站_飞站基站设备网络管理南向接口数据配置模型规范V2.3.xlsx,SF,43
CMCC_TD_LTE_V2.3,小区参数管理,Device.Services.FAPService.{i}.CellConfig.LTE.RAN.RF.UserLabel,Device,parameter,用户友好名,RW,string,4843319e-05e9-47a0-804c-b5ca9e304742,parameter,READ_WRITE,string,,already_in_mml,yes,LST FAP_SERVICE;MOD FAP_SERVICE,,SH,RAN协议栈参数,小区参数管理,Device.Services.FAPService.{i}.CellConfig.LTE.RAN.RF.,DEVICE_SERVICES_FAPSERVICE_CELLCONFIG_LTE_RAN_RF,LST RF;MOD RF,中国移动TD-LTE皮站_飞站基站设备网络管理南向接口数据配置模型规范V2.3.xlsx,SF,39
CMCC_TD_LTE_V2.3,小区标识参数,Device.Services.FAPService.{i}.CellConfig.LTE.RAN.Common.CellIdentity,Device,parameter,小区标识,RW,unsignedInt[0:268435455],a4f5c918-c2c1-429f-a665-ba7a857cdb1c,parameter,READ_WRITE,STRING,,already_in_mml,yes,LST FAP_SERVICE;MOD FAP_SERVICE,,SH,RAN协议栈参数,小区标识参数,Device.Services.FAPService.{i}.CellConfig.LTE.RAN.Common.,DEVICE_SERVICES_FAPSERVICE_CELLCONFIG_LTE_RAN_COMMON,LST COMMON;MOD COMMON,中国移动TD-LTE皮站_飞站基站设备网络管理南向接口数据配置模型规范V2.3.xlsx,SF,51
CMCC_TD_LTE_V2.3,小区标识参数,Device.Services.FAPService.{i}.CellConfig.LTE.RAN.Common.EnbType,Device,parameter,基站类型,RW,unsignedInt[0:1],fe69b240-e0b1-4b0a-9dc7-8797afcac0ca,parameter,READ_WRITE,U_INT,,already_in_mml,yes,LST FAP_SERVICE;MOD FAP_SERVICE,,SH,RAN协议栈参数,小区标识参数,Device.Services.FAPService.{i}.CellConfig.LTE.RAN.Common.,DEVICE_SERVICES_FAPSERVICE_CELLCONFIG_LTE_RAN_COMMON,LST COMMON;MOD COMMON,中国移动TD-LTE皮站_飞站基站设备网络管理南向接口数据配置模型规范V2.3.xlsx,SF,52
CMCC_TD_LTE_V2.3,小区激活/去激活,Device.Services.FAPService.{i}.CellConfig.LTE.RAN.CellEnable.AdminState,Device,parameter,小区管理状态,RW,boolean,62ba6c7f-dee3-44b5-b616-b9c0f3c80717,parameter,READ_WRITE,boolean,,already_in_mml,yes,LST FAP_SERVICE;MOD FAP_SERVICE,,SH,RAN协议栈参数,小区激活/去激活,Device.Services.FAPService.{i}.CellConfig.LTE.RAN.CellEnable.,DEVICE_SERVICES_FAPSERVICE_CELLCONFIG_LTE_RAN_CELLENABLE,LST CELL_ENABLE;MOD CELL_ENABLE,中国移动TD-LTE皮站_飞站基站设备网络管理南向接口数据配置模型规范V2.3.xlsx,SF,28
CMCC_TD_LTE_V2.3,小区状态参数,Device.Services.FAPService.{i}.CellConfig.LTE.RAN.OpState,Device,parameter,小区运行状态,R,boolean,39fe9696-13ec-4175-91ae-c6ff260d903e,parameter,READ_ONLY,boolean,,already_in_mml,yes,LST FAP_SERVICE,,SH,RAN协议栈参数,小区状态参数,Device.Services.FAPService.{i}.CellConfig.LTE.RAN.,DEVICE_SERVICES_FAPSERVICE_CELLCONFIG_LTE_RAN,LST LTE_RAN,中国移动TD-LTE皮站_飞站基站设备网络管理南向接口数据配置模型规范V2.3.xlsx,SF,29
CMCC_TD_LTE_V2.3,小区闭塞,Device.Services.FAPService.{i}.CellConfig.LTE.RAN.CellRestriction.CellBarred,Device,parameter,小区闭塞,RW,boolean,cd80d351-0fa8-4e61-a475-05e4a5ad8ff2,parameter,READ_WRITE,BOOLEAN,,already_in_mml,yes,LST FAP_SERVICE;MOD FAP_SERVICE,,SH,RAN协议栈参数,小区闭塞,Device.Services.FAPService.{i}.CellConfig.LTE.RAN.CellRestriction.,DEVICE_SERVICES_FAPSERVICE_CELLCONFIG_LTE_RAN_CELLRESTRICTION,LST CELL_RESTRICTION;MOD CELL_RESTRICTION,中国移动TD-LTE皮站_飞站基站设备网络管理南向接口数据配置模型规范V2.3.xlsx,SF,27
CMCC_TD_LTE_V2.3,物理层参数管理,Device.Services.FAPService.{i}.CellConfig.LTE.RAN.PHY.Antenna.NumOfRxAntenna,Device,parameter,接收通道数,R,unsignedInt[1:7],377d3cdb-b645-4f52-be0b-3dcdc24c5af1,parameter,READ_ONLY,unsignedInt,,already_in_mml,yes,LST RAN_PHY,,SH,RAN协议栈参数,物理层参数管理,Device.Services.FAPService.{i}.CellConfig.LTE.RAN.PHY.Antenna.,DEVICE_SERVICES_FAPSERVICE_CELLCONFIG_LTE_RAN_PHY_ANTENNA,LST ANTENNA,中国移动TD-LTE皮站_飞站基站设备网络管理南向接口数据配置模型规范V2.3.xlsx,SH,42
CMCC_TD_LTE_V2.3,物理层参数管理,Device.Services.FAPService.{i}.CellConfig.LTE.RAN.PHY.Antenna.NumOfTxAntenna,Device,parameter,发射通道数,R,unsignedInt[1:7],f1bb5648-38b4-4fca-8a63-f62dbd5988b4,parameter,READ_ONLY,unsignedInt,,already_in_mml,yes,LST RAN_PHY,,SH,RAN协议栈参数,物理层参数管理,Device.Services.FAPService.{i}.CellConfig.LTE.RAN.PHY.Antenna.,DEVICE_SERVICES_FAPSERVICE_CELLCONFIG_LTE_RAN_PHY_ANTENNA,LST ANTENNA,中国移动TD-LTE皮站_飞站基站设备网络管理南向接口数据配置模型规范V2.3.xlsx,SH,41
CMCC_TD_LTE_V2.3,物理层参数管理,Device.Services.FAPService.{i}.CellConfig.LTE.RAN.PHY.PDSCH.Pa,Device,parameter,小区PDSCH采用固定功率分配时的PA取值,RW,string(64),d6947f45-d9f1-4a0a-a6eb-9d8756375674,parameter,READ_WRITE,STRING,,already_in_mml,yes,LST RAN_PHY;MOD RAN_PHY,,SH,RAN协议栈参数,物理层参数管理,Device.Services.FAPService.{i}.CellConfig.LTE.RAN.PHY.PDSCH.,DEVICE_SERVICES_FAPSERVICE_CELLCONFIG_LTE_RAN_PHY_PDSCH,LST PDSCH;MOD PDSCH,中国移动TD-LTE皮站_飞站基站设备网络管理南向接口数据配置模型规范V2.3.xlsx,SH,35
CMCC_TD_LTE_V2.3,物理层参数管理,Device.Services.FAPService.{i}.CellConfig.LTE.RAN.PHY.PDSCH.Pb,Device,parameter,天线端口信号功率比,RW,string(32),8032fd41-ca39-4131-8c09-eb88f26bf1a6,parameter,READ_WRITE,STRING,,already_in_mml,yes,LST RAN_PHY;MOD RAN_PHY,,SH,RAN协议栈参数,物理层参数管理,Device.Services.FAPService.{i}.CellConfig.LTE.RAN.PHY.PDSCH.,DEVICE_SERVICES_FAPSERVICE_CELLCONFIG_LTE_RAN_PHY_PDSCH,LST PDSCH;MOD PDSCH,中国移动TD-LTE皮站_飞站基站设备网络管理南向接口数据配置模型规范V2.3.xlsx,SH,34
CMCC_TD_LTE_V2.3,物理层参数管理,Device.Services.FAPService.{i}.CellConfig.LTE.RAN.PHY.PRACH.ConfigurationIndex,Device,parameter,PRACH配置索引,RW,string(256),e517de5c-4180-4eb7-8384-5b2174d90579,parameter,READ_WRITE,STRING,,already_in_mml,yes,LST RAN_PHY;MOD RAN_PHY,,SH,RAN协议栈参数,物理层参数管理,Device.Services.FAPService.{i}.CellConfig.LTE.RAN.PHY.PRACH.,DEVICE_SERVICES_FAPSERVICE_CELLCONFIG_LTE_RAN_PHY_PRACH,LST PRACH;MOD PRACH,中国移动TD-LTE皮站_飞站基站设备网络管理南向接口数据配置模型规范V2.3.xlsx,SH,8
CMCC_TD_LTE_V2.3,物理层参数管理,Device.Services.FAPService.{i}.CellConfig.LTE.RAN.PHY.PRACH.FreqOffset,Device,parameter,PRACH频率偏移,RW,string(256),fc20e644-2750-44d5-8111-8fd5922334b9,parameter,READ_WRITE,STRING,,already_in_mml,yes,LST RAN_PHY;MOD RAN_PHY,,SH,RAN协议栈参数,物理层参数管理,Device.Services.FAPService.{i}.CellConfig.LTE.RAN.PHY.PRACH.,DEVICE_SERVICES_FAPSERVICE_CELLCONFIG_LTE_RAN_PHY_PRACH,LST PRACH;MOD PRACH,中国移动TD-LTE皮站_飞站基站设备网络管理南向接口数据配置模型规范V2.3.xlsx,SH,9
CMCC_TD_LTE_V2.3,物理层参数管理,Device.Services.FAPService.{i}.CellConfig.LTE.RAN.PHY.PRACH.HighSpeedFlag,Device,parameter,高速状态标识,RW,boolean,b51de9f0-5c59-4261-aa79-489ea4c792f1,parameter,READ_WRITE,BOOLEAN,,already_in_mml,yes,LST RAN_PHY;MOD RAN_PHY,,SH,RAN协议栈参数,物理层参数管理,Device.Services.FAPService.{i}.CellConfig.LTE.RAN.PHY.PRACH.,DEVICE_SERVICES_FAPSERVICE_CELLCONFIG_LTE_RAN_PHY_PRACH,LST PRACH;MOD PRACH,中国移动TD-LTE皮站_飞站基站设备网络管理南向接口数据配置模型规范V2.3.xlsx,SH,10
CMCC_TD_LTE_V2.3,物理层参数管理,Device.Services.FAPService.{i}.CellConfig.LTE.RAN.PHY.PRACH.RootSequenceIndex,Device,parameter,逻辑根序列索引,RW,string(512),fbbdc480-21b1-4047-9f42-d4c14445ffc3,parameter,READ_WRITE,STRING,,already_in_mml,yes,LST RAN_PHY;MOD RAN_PHY,,SH,RAN协议栈参数,物理层参数管理,Device.Services.FAPService.{i}.CellConfig.LTE.RAN.PHY.PRACH.,DEVICE_SERVICES_FAPSERVICE_CELLCONFIG_LTE_RAN_PHY_PRACH,LST PRACH;MOD PRACH,中国移动TD-LTE皮站_飞站基站设备网络管理南向接口数据配置模型规范V2.3.xlsx,SH,11
CMCC_TD_LTE_V2.3,物理层参数管理,Device.Services.FAPService.{i}.CellConfig.LTE.RAN.PHY.PRACH.ZeroCorrelationZoneConfig,Device,parameter,零相关配置,RW,string(64),083904a5-8f91-4b3d-b8db-fbb03e804ba2,parameter,READ_WRITE,STRING,,already_in_mml,yes,LST RAN_PHY;MOD RAN_PHY,,SH,RAN协议栈参数,物理层参数管理,Device.Services.FAPService.{i}.CellConfig.LTE.RAN.PHY.PRACH.,DEVICE_SERVICES_FAPSERVICE_CELLCONFIG_LTE_RAN_PHY_PRACH,LST PRACH;MOD PRACH,中国移动TD-LTE皮站_飞站基站设备网络管理南向接口数据配置模型规范V2.3.xlsx,SH,12
CMCC_TD_LTE_V2.3,物理层参数管理,Device.Services.FAPService.{i}.CellConfig.LTE.RAN.PHY.PRS.NumConsecutivePRSSubfames,Device,parameter,PRS连续子帧数,RW,"unsignedInt[1:2,4,6]",e7b8ee5a-b701-45ec-9803-be0231228bca,parameter,READ_WRITE,U_INT,,already_in_mml,yes,LST RAN_PHY;MOD RAN_PHY,,SH,RAN协议栈参数,物理层参数管理,Device.Services.FAPService.{i}.CellConfig.LTE.RAN.PHY.PRS.,DEVICE_SERVICES_FAPSERVICE_CELLCONFIG_LTE_RAN_PHY_PRS,LST PRS;MOD PRS,中国移动TD-LTE皮站_飞站基站设备网络管理南向接口数据配置模型规范V2.3.xlsx,SH,31
CMCC_TD_LTE_V2.3,物理层参数管理,Device.Services.FAPService.{i}.CellConfig.LTE.RAN.PHY.PRS.NumPRSResourceBlocks,Device,parameter,PRSRB数目,RW,unsignedInt,1108228b-ffba-4ce8-8871-d8e2fc071a32,parameter,READ_WRITE,U_INT,,already_in_mml,yes,LST RAN_PHY;MOD RAN_PHY,,SH,RAN协议栈参数,物理层参数管理,Device.Services.FAPService.{i}.CellConfig.LTE.RAN.PHY.PRS.,DEVICE_SERVICES_FAPSERVICE_CELLCONFIG_LTE_RAN_PHY_PRS,LST PRS;MOD PRS,中国移动TD-LTE皮站_飞站基站设备网络管理南向接口数据配置模型规范V2.3.xlsx,SH,29
CMCC_TD_LTE_V2.3,物理层参数管理,Device.Services.FAPService.{i}.CellConfig.LTE.RAN.PHY.PRS.PRSConfigurationIndex,Device,parameter,PRS配置索引,RW,unsignedInt[0:4095],b843d893-e2f9-4348-a58a-fed3ef95956d,parameter,READ_WRITE,U_INT,,already_in_mml,yes,LST RAN_PHY;MOD RAN_PHY,,SH,RAN协议栈参数,物理层参数管理,Device.Services.FAPService.{i}.CellConfig.LTE.RAN.PHY.PRS.,DEVICE_SERVICES_FAPSERVICE_CELLCONFIG_LTE_RAN_PHY_PRS,LST PRS;MOD PRS,中国移动TD-LTE皮站_飞站基站设备网络管理南向接口数据配置模型规范V2.3.xlsx,SH,30
CMCC_TD_LTE_V2.3,物理层参数管理,Device.Services.FAPService.{i}.CellConfig.LTE.RAN.PHY.PUCCH.CQIPUCCHResourceIndex,Device,parameter,CQI报告使用PUCCH资源索引,RW,string(512),7049e1c8-bdda-47c5-a46f-5ffa7360d5e6,parameter,READ_WRITE,STRING,,already_in_mml,yes,LST RAN_PHY;MOD RAN_PHY,,SH,RAN协议栈参数,物理层参数管理,Device.Services.FAPService.{i}.CellConfig.LTE.RAN.PHY.PUCCH.,DEVICE_SERVICES_FAPSERVICE_CELLCONFIG_LTE_RAN_PHY_PUCCH,LST PUCCH;MOD PUCCH,中国移动TD-LTE皮站_飞站基站设备网络管理南向接口数据配置模型规范V2.3.xlsx,SH,21
CMCC_TD_LTE_V2.3,物理层参数管理,Device.Services.FAPService.{i}.CellConfig.LTE.RAN.PHY.PUCCH.DeltaPUCCHShift,Device,parameter,PUCCH循环移位间隔,RW,string,1d8c2211-20f4-4490-b5c8-e0033d6a7008,parameter,READ_WRITE,STRING,,already_in_mml,yes,LST RAN_PHY;MOD RAN_PHY,,SH,RAN协议栈参数,物理层参数管理,Device.Services.FAPService.{i}.CellConfig.LTE.RAN.PHY.PUCCH.,DEVICE_SERVICES_FAPSERVICE_CELLCONFIG_LTE_RAN_PHY_PUCCH,LST PUCCH;MOD PUCCH,中国移动TD-LTE皮站_飞站基站设备网络管理南向接口数据配置模型规范V2.3.xlsx,SH,17
CMCC_TD_LTE_V2.3,物理层参数管理,Device.Services.FAPService.{i}.CellConfig.LTE.RAN.PHY.PUCCH.K,Device,parameter,子带CQI报告带宽,RW,unsignedInt[1:4],abb74845-f5f3-4b73-acb1-bba5143b449e,parameter,READ_WRITE,U_INT,,already_in_mml,yes,LST RAN_PHY;MOD RAN_PHY,,SH,RAN协议栈参数,物理层参数管理,Device.Services.FAPService.{i}.CellConfig.LTE.RAN.PHY.PUCCH.,DEVICE_SERVICES_FAPSERVICE_CELLCONFIG_LTE_RAN_PHY_PUCCH,LST PUCCH;MOD PUCCH,中国移动TD-LTE皮站_飞站基站设备网络管理南向接口数据配置模型规范V2.3.xlsx,SH,22
CMCC_TD_LTE_V2.3,物理层参数管理,Device.Services.FAPService.{i}.CellConfig.LTE.RAN.PHY.PUCCH.N1PUCCHAN,Device,parameter,SPSACK/NACK及SR预留资源数,RW,string(512),3d5c91c1-d124-4381-96a1-c779b0426556,parameter,READ_WRITE,STRING,,already_in_mml,yes,LST RAN_PHY;MOD RAN_PHY,,SH,RAN协议栈参数,物理层参数管理,Device.Services.FAPService.{i}.CellConfig.LTE.RAN.PHY.PUCCH.,DEVICE_SERVICES_FAPSERVICE_CELLCONFIG_LTE_RAN_PHY_PUCCH,LST PUCCH;MOD PUCCH,中国移动TD-LTE皮站_飞站基站设备网络管理南向接口数据配置模型规范V2.3.xlsx,SH,20
CMCC_TD_LTE_V2.3,物理层参数管理,Device.Services.FAPService.{i}.CellConfig.LTE.RAN.PHY.PUCCH.NCSAN,Device,parameter,PUCCH1/1a/1b预留资源数,RW,unsignedInt[0:7],d7844fe5-6216-41cc-90de-e029f0ab6ce7,parameter,READ_WRITE,U_INT,,already_in_mml,yes,LST RAN_PHY;MOD RAN_PHY,,SH,RAN协议栈参数,物理层参数管理,Device.Services.FAPService.{i}.CellConfig.LTE.RAN.PHY.PUCCH.,DEVICE_SERVICES_FAPSERVICE_CELLCONFIG_LTE_RAN_PHY_PUCCH,LST PUCCH;MOD PUCCH,中国移动TD-LTE皮站_飞站基站设备网络管理南向接口数据配置模型规范V2.3.xlsx,SH,19
CMCC_TD_LTE_V2.3,物理层参数管理,Device.Services.FAPService.{i}.CellConfig.LTE.RAN.PHY.PUCCH.NRBCQI,Device,parameter,PUCCH2/2a/2b占用RB数,RW,string,06210e17-4216-4732-8cd1-29f8c2437e88,parameter,READ_WRITE,STRING,,already_in_mml,yes,LST RAN_PHY;MOD RAN_PHY,,SH,RAN协议栈参数,物理层参数管理,Device.Services.FAPService.{i}.CellConfig.LTE.RAN.PHY.PUCCH.,DEVICE_SERVICES_FAPSERVICE_CELLCONFIG_LTE_RAN_PHY_PUCCH,LST PUCCH;MOD PUCCH,中国移动TD-LTE皮站_飞站基站设备网络管理南向接口数据配置模型规范V2.3.xlsx,SH,18
CMCC_TD_LTE_V2.3,物理层参数管理,Device.Services.FAPService.{i}.CellConfig.LTE.RAN.PHY.PUSCH.Enable64QAM,Device,parameter,PUSCH64QAM使能开关,RW,Boolean,66892a8a-b157-454e-b809-769bb36c1608,parameter,READ_WRITE,BOOLEAN,,already_in_mml,yes,LST RAN_PHY;MOD RAN_PHY,,SH,RAN协议栈参数,物理层参数管理,Device.Services.FAPService.{i}.CellConfig.LTE.RAN.PHY.PUSCH.,DEVICE_SERVICES_FAPSERVICE_CELLCONFIG_LTE_RAN_PHY_PUSCH,LST PUSCH;MOD PUSCH,中国移动TD-LTE皮站_飞站基站设备网络管理南向接口数据配置模型规范V2.3.xlsx,SH,25
CMCC_TD_LTE_V2.3,物理层参数管理,Device.Services.FAPService.{i}.CellConfig.LTE.RAN.PHY.PUSCH.HoppingMode,Device,parameter,PUSCH跳频模式,RW,string,a456dc94-5b25-408f-8abe-df99c50b5139,parameter,READ_WRITE,STRING,,already_in_mml,yes,LST RAN_PHY;MOD RAN_PHY,,SH,RAN协议栈参数,物理层参数管理,Device.Services.FAPService.{i}.CellConfig.LTE.RAN.PHY.PUSCH.,DEVICE_SERVICES_FAPSERVICE_CELLCONFIG_LTE_RAN_PHY_PUSCH,LST PUSCH;MOD PUSCH,中国移动TD-LTE皮站_飞站基站设备网络管理南向接口数据配置模型规范V2.3.xlsx,SH,26
CMCC_TD_LTE_V2.3,物理层参数管理,Device.Services.FAPService.{i}.CellConfig.LTE.RAN.PHY.PUSCH.HoppingOffset,Device,parameter,PUSCH跳频偏置,RW,string(256),76603011-afb7-41d1-aedd-50936d682df0,parameter,READ_WRITE,STRING,,already_in_mml,yes,LST RAN_PHY;MOD RAN_PHY,,SH,RAN协议栈参数,物理层参数管理,Device.Services.FAPService.{i}.CellConfig.LTE.RAN.PHY.PUSCH.,DEVICE_SERVICES_FAPSERVICE_CELLCONFIG_LTE_RAN_PHY_PUSCH,LST PUSCH;MOD PUSCH,中国移动TD-LTE皮站_飞站基站设备网络管理南向接口数据配置模型规范V2.3.xlsx,SH,27
CMCC_TD_LTE_V2.3,物理层参数管理,Device.Services.FAPService.{i}.CellConfig.LTE.RAN.PHY.PUSCH.NSB,Device,parameter,跳频子带个数,RW,unsignedInt[1:4],629803ff-3b47-44ec-a03a-778b59a58545,parameter,READ_WRITE,U_INT,,already_in_mml,yes,LST RAN_PHY;MOD RAN_PHY,,SH,RAN协议栈参数,物理层参数管理,Device.Services.FAPService.{i}.CellConfig.LTE.RAN.PHY.PUSCH.,DEVICE_SERVICES_FAPSERVICE_CELLCONFIG_LTE_RAN_PHY_PUSCH,LST PUSCH;MOD PUSCH,中国移动TD-LTE皮站_飞站基站设备网络管理南向接口数据配置模型规范V2.3.xlsx,SH,28
CMCC_TD_LTE_V2.3,物理层参数管理,Device.Services.FAPService.{i}.CellConfig.LTE.RAN.PHY.PaParam.PUCCHPowerCtrlSwitch,Device,parameter,上行PUCCH闭环功控开关,RW,unsignedInt[0:1],dd4b57bb-2b20-4f94-8a31-6b48736cfd0e,parameter,READ_WRITE,U_INT,,already_in_mml,yes,LST RAN_PHY;MOD RAN_PHY,,SH,RAN协议栈参数,物理层参数管理,Device.Services.FAPService.{i}.CellConfig.LTE.RAN.PHY.PaParam.,DEVICE_SERVICES_FAPSERVICE_CELLCONFIG_LTE_RAN_PHY_PAPARAM,LST PA_PARAM;MOD PA_PARAM,中国移动TD-LTE皮站_飞站基站设备网络管理南向接口数据配置模型规范V2.3.xlsx,SH,24
CMCC_TD_LTE_V2.3,物理层参数管理,Device.Services.FAPService.{i}.CellConfig.LTE.RAN.PHY.PaParam.PUSCHPowerCtrlSwitch,Device,parameter,上行PUSCH闭环功控开关,RW,unsignedInt[0:1],1246fa39-889c-41c7-8980-5e20d374fcb2,parameter,READ_WRITE,U_INT,,already_in_mml,yes,LST RAN_PHY;MOD RAN_PHY,,SH,RAN协议栈参数,物理层参数管理,Device.Services.FAPService.{i}.CellConfig.LTE.RAN.PHY.PaParam.,DEVICE_SERVICES_FAPSERVICE_CELLCONFIG_LTE_RAN_PHY_PAPARAM,LST PA_PARAM;MOD PA_PARAM,中国移动TD-LTE皮站_飞站基站设备网络管理南向接口数据配置模型规范V2.3.xlsx,SH,23
CMCC_TD_LTE_V2.3,物理层参数管理,Device.Services.FAPService.{i}.CellConfig.LTE.RAN.PHY.SRS.AckNackSRSSimultaneousTransmission,Device,parameter,SRS/ACK/NACK同时传输标识,RW,Boolean,f427fb2c-29a5-4a7a-af9f-4c96d1e0c1eb,parameter,READ_WRITE,BOOLEAN,,already_in_mml,yes,LST RAN_PHY;MOD RAN_PHY,,SH,RAN协议栈参数,物理层参数管理,Device.Services.FAPService.{i}.CellConfig.LTE.RAN.PHY.SRS.,DEVICE_SERVICES_FAPSERVICE_CELLCONFIG_LTE_RAN_PHY_SRS,LST SRS;MOD SRS,中国移动TD-LTE皮站_飞站基站设备网络管理南向接口数据配置模型规范V2.3.xlsx,SH,16
CMCC_TD_LTE_V2.3,物理层参数管理,Device.Services.FAPService.{i}.CellConfig.LTE.RAN.PHY.SRS.SRSBandwidthConfig,Device,parameter,SRS带宽配置,RW,string(32),22e8091c-fe77-45ee-9a1c-9ac7c2df8f33,parameter,READ_WRITE,STRING,,already_in_mml,yes,LST RAN_PHY;MOD RAN_PHY,,SH,RAN协议栈参数,物理层参数管理,Device.Services.FAPService.{i}.CellConfig.LTE.RAN.PHY.SRS.,DEVICE_SERVICES_FAPSERVICE_CELLCONFIG_LTE_RAN_PHY_SRS,LST SRS;MOD SRS,中国移动TD-LTE皮站_飞站基站设备网络管理南向接口数据配置模型规范V2.3.xlsx,SH,14
CMCC_TD_LTE_V2.3,物理层参数管理,Device.Services.FAPService.{i}.CellConfig.LTE.RAN.PHY.SRS.SRSEnabled,Device,parameter,SRS使能开关,RW,Boolean,9fa287b2-67a2-474a-99c7-b4342f3abc62,parameter,READ_WRITE,BOOLEAN,,already_in_mml,yes,LST RAN_PHY;MOD RAN_PHY,,SH,RAN协议栈参数,物理层参数管理,Device.Services.FAPService.{i}.CellConfig.LTE.RAN.PHY.SRS.,DEVICE_SERVICES_FAPSERVICE_CELLCONFIG_LTE_RAN_PHY_SRS,LST SRS;MOD SRS,中国移动TD-LTE皮站_飞站基站设备网络管理南向接口数据配置模型规范V2.3.xlsx,SH,13
CMCC_TD_LTE_V2.3,物理层参数管理,Device.Services.FAPService.{i}.CellConfig.LTE.RAN.PHY.SRS.SRSMaxUpPTS,Device,parameter,SRSUpPTS带宽重配指示,RW,Boolean,a4d077b4-897d-47b2-badf-b73dc4d1f4e4,parameter,READ_WRITE,BOOLEAN,,already_in_mml,yes,LST RAN_PHY;MOD RAN_PHY,,SH,RAN协议栈参数,物理层参数管理,Device.Services.FAPService.{i}.CellConfig.LTE.RAN.PHY.SRS.,DEVICE_SERVICES_FAPSERVICE_CELLCONFIG_LTE_RAN_PHY_SRS,LST SRS;MOD SRS,中国移动TD-LTE皮站_飞站基站设备网络管理南向接口数据配置模型规范V2.3.xlsx,SH,15
CMCC_TD_LTE_V2.3,物理层参数管理,Device.Services.FAPService.{i}.CellConfig.LTE.RAN.PHY.TDDFrame.SpecialSubframePatterns,Device,parameter,特殊子帧配置,RW,unsignedInt[0:8],fe8ca6fc-36b3-4592-a05f-0ba4ba96ca0e,parameter,READ_WRITE,INT,,already_in_mml,yes,LST RAN_PHY;MOD RAN_PHY,,SH,RAN协议栈参数,物理层参数管理,Device.Services.FAPService.{i}.CellConfig.LTE.RAN.PHY.TDDFrame.,DEVICE_SERVICES_FAPSERVICE_CELLCONFIG_LTE_RAN_PHY_TDDFRAME,LST TDDFRAME;MOD TDDFRAME,中国移动TD-LTE皮站_飞站基站设备网络管理南向接口数据配置模型规范V2.3.xlsx,SH,32
CMCC_TD_LTE_V2.3,物理层参数管理,Device.Services.FAPService.{i}.CellConfig.LTE.RAN.PHY.TDDFrame.SubFrameAssignment,Device,parameter,上下行子帧配置,RW,unsignedInt[0:6],4fe05bec-8a58-482d-9b67-e6a630581d97,parameter,READ_WRITE,INT,,already_in_mml,yes,LST RAN_PHY;MOD RAN_PHY,,SH,RAN协议栈参数,物理层参数管理,Device.Services.FAPService.{i}.CellConfig.LTE.RAN.PHY.TDDFrame.,DEVICE_SERVICES_FAPSERVICE_CELLCONFIG_LTE_RAN_PHY_TDDFRAME,LST TDDFRAME;MOD TDDFRAME,中国移动TD-LTE皮站_飞站基站设备网络管理南向接口数据配置模型规范V2.3.xlsx,SH,33
CMCC_TD_LTE_V2.3,物理层参数管理,Device.Services.FAPService.{i}.CellConfig.LTE.RAN.PHY.ULPowerControl.Alpha,Device,parameter,部分路损补偿系数,RW,string(64),6fc5301c-c876-479e-9960-0f8d65405a5d,parameter,READ_WRITE,STRING,,already_in_mml,yes,LST RAN_PHY;MOD RAN_PHY,,SH,RAN协议栈参数,物理层参数管理,Device.Services.FAPService.{i}.CellConfig.LTE.RAN.PHY.ULPowerControl.,DEVICE_SERVICES_FAPSERVICE_CELLCONFIG_LTE_RAN_PHY_ULPOWERCONTROL,LST ULPOWER_CONTROL;MOD ULPOWER_CONTROL,中国移动TD-LTE皮站_飞站基站设备网络管理南向接口数据配置模型规范V2.3.xlsx,SH,38
CMCC_TD_LTE_V2.3,物理层参数管理,Device.Services.FAPService.{i}.CellConfig.LTE.RAN.PHY.ULPowerControl.DeltaMCSEnabled,Device,parameter,MCS补偿值,RW,unsignedInt[0:1],f0cb9fe5-b676-4121-91fb-01bb826cbc10,parameter,READ_WRITE,U_INT,,already_in_mml,yes,LST RAN_PHY;MOD RAN_PHY,,SH,RAN协议栈参数,物理层参数管理,Device.Services.FAPService.{i}.CellConfig.LTE.RAN.PHY.ULPowerControl.,DEVICE_SERVICES_FAPSERVICE_CELLCONFIG_LTE_RAN_PHY_ULPOWERCONTROL,LST ULPOWER_CONTROL;MOD ULPOWER_CONTROL,中国移动TD-LTE皮站_飞站基站设备网络管理南向接口数据配置模型规范V2.3.xlsx,SH,40
CMCC_TD_LTE_V2.3,物理层参数管理,Device.Services.FAPService.{i}.CellConfig.LTE.RAN.PHY.ULPowerControl.P0NominalPUCCH,Device,parameter,PUCCH期望功率,RW,string(512),75e7d99e-1181-4dc9-9dc6-85dacb848b09,parameter,READ_WRITE,STRING,,already_in_mml,yes,LST RAN_PHY;MOD RAN_PHY,,SH,RAN协议栈参数,物理层参数管理,Device.Services.FAPService.{i}.CellConfig.LTE.RAN.PHY.ULPowerControl.,DEVICE_SERVICES_FAPSERVICE_CELLCONFIG_LTE_RAN_PHY_ULPOWERCONTROL,LST ULPOWER_CONTROL;MOD ULPOWER_CONTROL,中国移动TD-LTE皮站_飞站基站设备网络管理南向接口数据配置模型规范V2.3.xlsx,SH,39
CMCC_TD_LTE_V2.3,物理层参数管理,Device.Services.FAPService.{i}.CellConfig.LTE.RAN.PHY.ULPowerControl.P0NominalPUSCH,Device,parameter,非持续调度期望功率,RW,string(512),c990bd35-b306-4cf5-9436-da6774e0129e,parameter,READ_WRITE,STRING,,already_in_mml,yes,LST RAN_PHY;MOD RAN_PHY,,SH,RAN协议栈参数,物理层参数管理,Device.Services.FAPService.{i}.CellConfig.LTE.RAN.PHY.ULPowerControl.,DEVICE_SERVICES_FAPSERVICE_CELLCONFIG_LTE_RAN_PHY_ULPOWERCONTROL,LST ULPOWER_CONTROL;MOD ULPOWER_CONTROL,中国移动TD-LTE皮站_飞站基站设备网络管理南向接口数据配置模型规范V2.3.xlsx,SH,37
CMCC_TD_LTE_V2.3,物理层参数管理,Device.Services.FAPService.{i}.CellConfig.LTE.RAN.PHY.ULPowerControl.P0NominalPUSCHPersistent,Device,parameter,持续调度期望接收功率,RW,Int[-126:24],8ddcf292-85b7-477d-b9b2-3ddc64519b4a,parameter,READ_WRITE,INT,,already_in_mml,yes,LST RAN_PHY;MOD RAN_PHY,,SH,RAN协议栈参数,物理层参数管理,Device.Services.FAPService.{i}.CellConfig.LTE.RAN.PHY.ULPowerControl.,DEVICE_SERVICES_FAPSERVICE_CELLCONFIG_LTE_RAN_PHY_ULPOWERCONTROL,LST ULPOWER_CONTROL;MOD ULPOWER_CONTROL,中国移动TD-LTE皮站_飞站基站设备网络管理南向接口数据配置模型规范V2.3.xlsx,SH,36
CMCC_TD_LTE_V2.3,GSM邻区参数管理,Device.Services.FAPService.{i}.CellConfig.LTE.RAN.NeighborList.InterRATCell.GSM.{i}.BCCHARFCN,Device,parameter,BCCH ARFCN,RW,unsignedInt[0:1023],5c7695e8-ca95-4e56-9f92-7b7c831234c1,parameter,READ_WRITE,U_INT,,already_in_mml,yes,LST INTER_RAT_CELL_GSM;MOD INTER_RAT_CELL_GSM,parent_exact,SI,邻区参数管理,GSM 异系统邻区,Device.Services.FAPService.{i}.CellConfig.LTE.RAN.NeighborList.InterRATCell.GSM.{i}.,DEVICE_SERVICES_FAPSERVICE_CELLCONFIG_LTE_RAN_NEIGHBORLIST_INTERRATCELL_GSM,LST INTER_RATCELL_GSM;MOD INTER_RATCELL_GSM,中国移动TD-LTE皮站_飞站基站设备网络管理南向接口数据配置模型规范V2.3.xlsx,SI,39
CMCC_TD_LTE_V2.3,GSM邻区参数管理,Device.Services.FAPService.{i}.CellConfig.LTE.RAN.NeighborList.InterRATCell.GSM.{i}.BSIC,Device,parameter,BSIC,RW,unsignedInt[0:255],3ec52f01-a2cf-4842-9cbd-3d98fa7c6a7a,parameter,READ_WRITE,U_INT,,already_in_mml,yes,LST INTER_RAT_CELL_GSM;MOD INTER_RAT_CELL_GSM,parent_exact,SI,邻区参数管理,GSM 异系统邻区,Device.Services.FAPService.{i}.CellConfig.LTE.RAN.NeighborList.InterRATCell.GSM.{i}.,DEVICE_SERVICES_FAPSERVICE_CELLCONFIG_LTE_RAN_NEIGHBORLIST_INTERRATCELL_GSM,LST INTER_RATCELL_GSM;MOD INTER_RATCELL_GSM,中国移动TD-LTE皮站_飞站基站设备网络管理南向接口数据配置模型规范V2.3.xlsx,SI,36
CMCC_TD_LTE_V2.3,GSM邻区参数管理,Device.Services.FAPService.{i}.CellConfig.LTE.RAN.NeighborList.InterRATCell.GSM.{i}.BandIndicator,Device,parameter,频段指示,RW,string,f1c4bef8-c942-44d2-ae75-d10102ccdf3c,parameter,READ_WRITE,STRING,,already_in_mml,yes,LST INTER_RAT_CELL_GSM;MOD INTER_RAT_CELL_GSM,parent_exact,SI,邻区参数管理,GSM 异系统邻区,Device.Services.FAPService.{i}.CellConfig.LTE.RAN.NeighborList.InterRATCell.GSM.{i}.,DEVICE_SERVICES_FAPSERVICE_CELLCONFIG_LTE_RAN_NEIGHBORLIST_INTERRATCELL_GSM,LST INTER_RATCELL_GSM;MOD INTER_RATCELL_GSM,中国移动TD-LTE皮站_飞站基站设备网络管理南向接口数据配置模型规范V2.3.xlsx,SI,38
CMCC_TD_LTE_V2.3,GSM邻区参数管理,Device.Services.FAPService.{i}.CellConfig.LTE.RAN.NeighborList.InterRATCell.GSM.{i}.CI,Device,parameter,CI,RW,unsignedInt[0:65535],cc08ede4-eb69-4776-b00c-336f49a92e98,parameter,READ_WRITE,U_INT,,already_in_mml,yes,LST INTER_RAT_CELL_GSM;MOD INTER_RAT_CELL_GSM,parent_exact,SI,邻区参数管理,GSM 异系统邻区,Device.Services.FAPService.{i}.CellConfig.LTE.RAN.NeighborList.InterRATCell.GSM.{i}.,DEVICE_SERVICES_FAPSERVICE_CELLCONFIG_LTE_RAN_NEIGHBORLIST_INTERRATCELL_GSM,LST INTER_RATCELL_GSM;MOD INTER_RATCELL_GSM,中国移动TD-LTE皮站_飞站基站设备网络管理南向接口数据配置模型规范V2.3.xlsx,SI,37
CMCC_TD_LTE_V2.3,GSM邻区参数管理,Device.Services.FAPService.{i}.CellConfig.LTE.RAN.NeighborList.InterRATCell.GSM.{i}.LAC,Device,parameter,LAC,RW,unsignedInt[0:65535],1b84c2f9-abb0-4a31-aa15-18fe176d692f,parameter,READ_WRITE,U_INT,,already_in_mml,yes,LST INTER_RAT_CELL_GSM;MOD INTER_RAT_CELL_GSM,parent_exact,SI,邻区参数管理,GSM 异系统邻区,Device.Services.FAPService.{i}.CellConfig.LTE.RAN.NeighborList.InterRATCell.GSM.{i}.,DEVICE_SERVICES_FAPSERVICE_CELLCONFIG_LTE_RAN_NEIGHBORLIST_INTERRATCELL_GSM,LST INTER_RATCELL_GSM;MOD INTER_RATCELL_GSM,中国移动TD-LTE皮站_飞站基站设备网络管理南向接口数据配置模型规范V2.3.xlsx,SI,35
CMCC_TD_LTE_V2.3,GSM邻区参数管理,Device.Services.FAPService.{i}.CellConfig.LTE.RAN.NeighborList.InterRATCell.GSM.{i}.PLMNID,Device,parameter,PLMN ID,RW,string(6),ce8f187d-698d-4357-9eb3-ae63016f5bdb,parameter,READ_WRITE,STRING,,already_in_mml,yes,LST INTER_RAT_CELL_GSM;MOD INTER_RAT_CELL_GSM,parent_exact,SI,邻区参数管理,GSM 异系统邻区,Device.Services.FAPService.{i}.CellConfig.LTE.RAN.NeighborList.InterRATCell.GSM.{i}.,DEVICE_SERVICES_FAPSERVICE_CELLCONFIG_LTE_RAN_NEIGHBORLIST_INTERRATCELL_GSM,LST INTER_RATCELL_GSM;MOD INTER_RATCELL_GSM,中国移动TD-LTE皮站_飞站基站设备网络管理南向接口数据配置模型规范V2.3.xlsx,SI,34
CMCC_TD_LTE_V2.3,GSM邻区参数管理,Device.Services.FAPService.{i}.CellConfig.LTE.RAN.NeighborList.InterRATCell.GSM.{i}.RAC,Device,parameter,RAC,RW,unsignedInt[0:255],85200b44-9117-442a-9b32-d03230de7659,parameter,READ_WRITE,U_INT,,already_in_mml,yes,LST INTER_RAT_CELL_GSM;MOD INTER_RAT_CELL_GSM,parent_exact,SI,邻区参数管理,GSM 异系统邻区,Device.Services.FAPService.{i}.CellConfig.LTE.RAN.NeighborList.InterRATCell.GSM.{i}.,DEVICE_SERVICES_FAPSERVICE_CELLCONFIG_LTE_RAN_NEIGHBORLIST_INTERRATCELL_GSM,LST INTER_RATCELL_GSM;MOD INTER_RATCELL_GSM,中国移动TD-LTE皮站_飞站基站设备网络管理南向接口数据配置模型规范V2.3.xlsx,SI,40
CMCC_TD_LTE_V2.3,LTE邻区参数管理,Device.Services.FAPService.{i}.CellConfig.LTE.RAN.NeighborList.LTECell.{i}.Blacklisted,Device,parameter,禁止切换标识,RW,boolean,89db5fb0-0cf4-4371-ba1a-86d268c23b11,parameter,READ_WRITE,BOOLEAN,,already_in_mml,yes,LST LTE_CELL;MOD LTE_CELL,parent_exact,SI,邻区参数管理,LTE 同系统邻区,Device.Services.FAPService.{i}.CellConfig.LTE.RAN.NeighborList.LTECell.{i}.,DEVICE_SERVICES_FAPSERVICE_CELLCONFIG_LTE_RAN_NEIGHBORLIST_LTECELL,LST LTECELL;MOD LTECELL,中国移动TD-LTE皮站_飞站基站设备网络管理南向接口数据配置模型规范V2.3.xlsx,SI,21
CMCC_TD_LTE_V2.3,LTE邻区参数管理,Device.Services.FAPService.{i}.CellConfig.LTE.RAN.NeighborList.LTECell.{i}.CID,Device,parameter,邻区CID,RW,unsignedInt[1:268435455],978e7a7f-25ea-41a5-bf2c-7b66b2690d11,parameter,READ_WRITE,U_INT,,already_in_mml,yes,LST LTE_CELL;MOD LTE_CELL,parent_exact,SI,邻区参数管理,LTE 同系统邻区,Device.Services.FAPService.{i}.CellConfig.LTE.RAN.NeighborList.LTECell.{i}.,DEVICE_SERVICES_FAPSERVICE_CELLCONFIG_LTE_RAN_NEIGHBORLIST_LTECELL,LST LTECELL;MOD LTECELL,中国移动TD-LTE皮站_飞站基站设备网络管理南向接口数据配置模型规范V2.3.xlsx,SI,15
CMCC_TD_LTE_V2.3,LTE邻区参数管理,Device.Services.FAPService.{i}.CellConfig.LTE.RAN.NeighborList.LTECell.{i}.CIO,Device,parameter,小区独立偏移量,RW,"int[-24:-8, -6:6, 8:24]",ba917609-94a6-4bce-895c-cc3e779ffc48,parameter,READ_WRITE,INT,,already_in_mml,yes,LST LTE_CELL;MOD LTE_CELL,parent_exact,SI,邻区参数管理,LTE 同系统邻区,Device.Services.FAPService.{i}.CellConfig.LTE.RAN.NeighborList.LTECell.{i}.,DEVICE_SERVICES_FAPSERVICE_CELLCONFIG_LTE_RAN_NEIGHBORLIST_LTECELL,LST LTECELL;MOD LTECELL,中国移动TD-LTE皮站_飞站基站设备网络管理南向接口数据配置模型规范V2.3.xlsx,SI,19
CMCC_TD_LTE_V2.3,LTE邻区参数管理,Device.Services.FAPService.{i}.CellConfig.LTE.RAN.NeighborList.LTECell.{i}.EUTRACarrierARFCN,Device,parameter,邻区EARFCN,RW,unsignedInt[0:65535],40af8959-485c-482f-8df3-793fd896e5f1,parameter,READ_WRITE,U_INT,,already_in_mml,yes,LST LTE_CELL;MOD LTE_CELL,parent_exact,SI,邻区参数管理,LTE 同系统邻区,Device.Services.FAPService.{i}.CellConfig.LTE.RAN.NeighborList.LTECell.{i}.,DEVICE_SERVICES_FAPSERVICE_CELLCONFIG_LTE_RAN_NEIGHBORLIST_LTECELL,LST LTECELL;MOD LTECELL,中国移动TD-LTE皮站_飞站基站设备网络管理南向接口数据配置模型规范V2.3.xlsx,SI,16
CMCC_TD_LTE_V2.3,LTE邻区参数管理,Device.Services.FAPService.{i}.CellConfig.LTE.RAN.NeighborList.LTECell.{i}.EnbType,Device,parameter,邻区基站类型,RW,unsignedInt,daba79b8-1426-4b8b-8ff4-80b6c80cd6d4,parameter,READ_WRITE,INT,,already_in_mml,yes,LST LTE_CELL;MOD LTE_CELL,parent_exact,SI,邻区参数管理,LTE 同系统邻区,Device.Services.FAPService.{i}.CellConfig.LTE.RAN.NeighborList.LTECell.{i}.,DEVICE_SERVICES_FAPSERVICE_CELLCONFIG_LTE_RAN_NEIGHBORLIST_LTECELL,LST LTECELL;MOD LTECELL,中国移动TD-LTE皮站_飞站基站设备网络管理南向接口数据配置模型规范V2.3.xlsx,SI,23
CMCC_TD_LTE_V2.3,LTE邻区参数管理,Device.Services.FAPService.{i}.CellConfig.LTE.RAN.NeighborList.LTECell.{i}.PLMNID,Device,parameter,邻区PLMN ID,RW,string(6),9106fd38-4fdc-44de-9c36-be4cf6291542,parameter,READ_WRITE,STRING,,already_in_mml,yes,LST LTE_CELL;MOD LTE_CELL,parent_exact,SI,邻区参数管理,LTE 同系统邻区,Device.Services.FAPService.{i}.CellConfig.LTE.RAN.NeighborList.LTECell.{i}.,DEVICE_SERVICES_FAPSERVICE_CELLCONFIG_LTE_RAN_NEIGHBORLIST_LTECELL,LST LTECELL;MOD LTECELL,中国移动TD-LTE皮站_飞站基站设备网络管理南向接口数据配置模型规范V2.3.xlsx,SI,14
CMCC_TD_LTE_V2.3,LTE邻区参数管理,Device.Services.FAPService.{i}.CellConfig.LTE.RAN.NeighborList.LTECell.{i}.PhyCellID,Device,parameter,邻区PCI,RW,unsignedInt[0:503],bb044f20-7f94-4573-be63-ebbc7a5d6205,parameter,READ_WRITE,U_INT,,already_in_mml,yes,LST LTE_CELL;MOD LTE_CELL,parent_exact,SI,邻区参数管理,LTE 同系统邻区,Device.Services.FAPService.{i}.CellConfig.LTE.RAN.NeighborList.LTECell.{i}.,DEVICE_SERVICES_FAPSERVICE_CELLCONFIG_LTE_RAN_NEIGHBORLIST_LTECELL,LST LTECELL;MOD LTECELL,中国移动TD-LTE皮站_飞站基站设备网络管理南向接口数据配置模型规范V2.3.xlsx,SI,17
CMCC_TD_LTE_V2.3,LTE邻区参数管理,Device.Services.FAPService.{i}.CellConfig.LTE.RAN.NeighborList.LTECell.{i}.QOffset,Device,parameter,小区特定偏移量,RW,"int[-24:-8, -6:6, 8:24]",289a5209-1497-4ab6-a88b-d7d8cdc6c50c,parameter,READ_WRITE,INT,,already_in_mml,yes,LST LTE_CELL;MOD LTE_CELL,parent_exact,SI,邻区参数管理,LTE 同系统邻区,Device.Services.FAPService.{i}.CellConfig.LTE.RAN.NeighborList.LTECell.{i}.,DEVICE_SERVICES_FAPSERVICE_CELLCONFIG_LTE_RAN_NEIGHBORLIST_LTECELL,LST LTECELL;MOD LTECELL,中国移动TD-LTE皮站_飞站基站设备网络管理南向接口数据配置模型规范V2.3.xlsx,SI,18
CMCC_TD_LTE_V2.3,LTE邻区参数管理,Device.Services.FAPService.{i}.CellConfig.LTE.RAN.NeighborList.LTECell.{i}.RSTxPower,Device,parameter,参考信号发射功率,RW,int[-60:50],f6256e3a-8c65-42c4-b46c-7173be5a2742,parameter,READ_WRITE,INT,,already_in_mml,yes,LST LTE_CELL;MOD LTE_CELL,parent_exact,SI,邻区参数管理,LTE 同系统邻区,Device.Services.FAPService.{i}.CellConfig.LTE.RAN.NeighborList.LTECell.{i}.,DEVICE_SERVICES_FAPSERVICE_CELLCONFIG_LTE_RAN_NEIGHBORLIST_LTECELL,LST LTECELL;MOD LTECELL,中国移动TD-LTE皮站_飞站基站设备网络管理南向接口数据配置模型规范V2.3.xlsx,SI,20
CMCC_TD_LTE_V2.3,LTE邻区参数管理,Device.Services.FAPService.{i}.CellConfig.LTE.RAN.NeighborList.LTECell.{i}.TAC,Device,parameter,邻区TAC,RW,unsignedInt[0:65535],3a650065-2f1c-4d5d-b7cf-408c1f178976,parameter,READ_WRITE,U_INT,,already_in_mml,yes,LST LTE_CELL;MOD LTE_CELL,parent_exact,SI,邻区参数管理,LTE 同系统邻区,Device.Services.FAPService.{i}.CellConfig.LTE.RAN.NeighborList.LTECell.{i}.,DEVICE_SERVICES_FAPSERVICE_CELLCONFIG_LTE_RAN_NEIGHBORLIST_LTECELL,LST LTECELL;MOD LTECELL,中国移动TD-LTE皮站_飞站基站设备网络管理南向接口数据配置模型规范V2.3.xlsx,SI,22
CMCC_TD_LTE_V2.3,TD邻区参数管理,Device.Services.FAPService.{i}.CellConfig.LTE.RAN.NeighborList.InterRATCell.UMTS.{i}.CID,Device,parameter,CID,RW,unsignedInt[0:65535],8420714c-09e2-4ff6-9540-9d4c5ef49f68,parameter,READ_WRITE,U_INT,,already_in_mml,yes,LST INTER_RAT_CELL_UMTS;MOD INTER_RAT_CELL_UMTS,parent_exact,SI,邻区参数管理,UMTS 异系统邻区,Device.Services.FAPService.{i}.CellConfig.LTE.RAN.NeighborList.InterRATCell.UMTS.{i}.,DEVICE_SERVICES_FAPSERVICE_CELLCONFIG_LTE_RAN_NEIGHBORLIST_INTERRATCELL_UMTS,LST INTER_RATCELL_UMTS;MOD INTER_RATCELL_UMTS,中国移动TD-LTE皮站_飞站基站设备网络管理南向接口数据配置模型规范V2.3.xlsx,SI,26
CMCC_TD_LTE_V2.3,TD邻区参数管理,Device.Services.FAPService.{i}.CellConfig.LTE.RAN.NeighborList.InterRATCell.UMTS.{i}.LAC,Device,parameter,LAC,RW,unsignedInt[0:65535],79d345e2-275e-404d-9d7d-70ade6782bfd,parameter,READ_WRITE,U_INT,,already_in_mml,yes,LST INTER_RAT_CELL_UMTS;MOD INTER_RAT_CELL_UMTS,parent_exact,SI,邻区参数管理,UMTS 异系统邻区,Device.Services.FAPService.{i}.CellConfig.LTE.RAN.NeighborList.InterRATCell.UMTS.{i}.,DEVICE_SERVICES_FAPSERVICE_CELLCONFIG_LTE_RAN_NEIGHBORLIST_INTERRATCELL_UMTS,LST INTER_RATCELL_UMTS;MOD INTER_RATCELL_UMTS,中国移动TD-LTE皮站_飞站基站设备网络管理南向接口数据配置模型规范V2.3.xlsx,SI,27
CMCC_TD_LTE_V2.3,TD邻区参数管理,Device.Services.FAPService.{i}.CellConfig.LTE.RAN.NeighborList.InterRATCell.UMTS.{i}.PCPICHScramblingCode,Device,parameter,Primary CPICH扰码,RW,unsignedInt[0:511],828a8a11-271c-462a-8519-d61b88b68331,parameter,READ_WRITE,U_INT,,already_in_mml,yes,LST INTER_RAT_CELL_UMTS;MOD INTER_RAT_CELL_UMTS,parent_exact,SI,邻区参数管理,UMTS 异系统邻区,Device.Services.FAPService.{i}.CellConfig.LTE.RAN.NeighborList.InterRATCell.UMTS.{i}.,DEVICE_SERVICES_FAPSERVICE_CELLCONFIG_LTE_RAN_NEIGHBORLIST_INTERRATCELL_UMTS,LST INTER_RATCELL_UMTS;MOD INTER_RATCELL_UMTS,中国移动TD-LTE皮站_飞站基站设备网络管理南向接口数据配置模型规范V2.3.xlsx,SI,32
CMCC_TD_LTE_V2.3,TD邻区参数管理,Device.Services.FAPService.{i}.CellConfig.LTE.RAN.NeighborList.InterRATCell.UMTS.{i}.PCPICHTxPower,Device,parameter,Primary CPICH发射功率,RW,int[-100:500],0becf0c1-c8c5-4438-9c5b-0805fc7d00c1,parameter,READ_WRITE,INT,,already_in_mml,yes,LST INTER_RAT_CELL_UMTS;MOD INTER_RAT_CELL_UMTS,parent_exact,SI,邻区参数管理,UMTS 异系统邻区,Device.Services.FAPService.{i}.CellConfig.LTE.RAN.NeighborList.InterRATCell.UMTS.{i}.,DEVICE_SERVICES_FAPSERVICE_CELLCONFIG_LTE_RAN_NEIGHBORLIST_INTERRATCELL_UMTS,LST INTER_RATCELL_UMTS;MOD INTER_RATCELL_UMTS,中国移动TD-LTE皮站_飞站基站设备网络管理南向接口数据配置模型规范V2.3.xlsx,SI,33
CMCC_TD_LTE_V2.3,TD邻区参数管理,Device.Services.FAPService.{i}.CellConfig.LTE.RAN.NeighborList.InterRATCell.UMTS.{i}.PLMNID,Device,parameter,PLMN ID,RW,string(6),a75a389f-47c4-4e37-a389-333953b8f9d4,parameter,READ_WRITE,STRING,,already_in_mml,yes,LST INTER_RAT_CELL_UMTS;MOD INTER_RAT_CELL_UMTS,parent_exact,SI,邻区参数管理,UMTS 异系统邻区,Device.Services.FAPService.{i}.CellConfig.LTE.RAN.NeighborList.InterRATCell.UMTS.{i}.,DEVICE_SERVICES_FAPSERVICE_CELLCONFIG_LTE_RAN_NEIGHBORLIST_INTERRATCELL_UMTS,LST INTER_RATCELL_UMTS;MOD INTER_RATCELL_UMTS,中国移动TD-LTE皮站_飞站基站设备网络管理南向接口数据配置模型规范V2.3.xlsx,SI,24
CMCC_TD_LTE_V2.3,TD邻区参数管理,Device.Services.FAPService.{i}.CellConfig.LTE.RAN.NeighborList.InterRATCell.UMTS.{i}.RAC,Device,parameter,RAC,RW,unsignedInt[0:255],4d1d3565-54a5-4394-b85e-7304a7b52749,parameter,READ_WRITE,U_INT,,already_in_mml,yes,LST INTER_RAT_CELL_UMTS;MOD INTER_RAT_CELL_UMTS,parent_exact,SI,邻区参数管理,UMTS 异系统邻区,Device.Services.FAPService.{i}.CellConfig.LTE.RAN.NeighborList.InterRATCell.UMTS.{i}.,DEVICE_SERVICES_FAPSERVICE_CELLCONFIG_LTE_RAN_NEIGHBORLIST_INTERRATCELL_UMTS,LST INTER_RATCELL_UMTS;MOD INTER_RATCELL_UMTS,中国移动TD-LTE皮站_飞站基站设备网络管理南向接口数据配置模型规范V2.3.xlsx,SI,28
CMCC_TD_LTE_V2.3,TD邻区参数管理,Device.Services.FAPService.{i}.CellConfig.LTE.RAN.NeighborList.InterRATCell.UMTS.{i}.RNCID,Device,parameter,RNC ID,RW,unsignedInt[0:65535],ea797cba-29e8-4f9e-9221-c79856979137,parameter,READ_WRITE,U_INT,,already_in_mml,yes,LST INTER_RAT_CELL_UMTS;MOD INTER_RAT_CELL_UMTS,parent_exact,SI,邻区参数管理,UMTS 异系统邻区,Device.Services.FAPService.{i}.CellConfig.LTE.RAN.NeighborList.InterRATCell.UMTS.{i}.,DEVICE_SERVICES_FAPSERVICE_CELLCONFIG_LTE_RAN_NEIGHBORLIST_INTERRATCELL_UMTS,LST INTER_RATCELL_UMTS;MOD INTER_RATCELL_UMTS,中国移动TD-LTE皮站_飞站基站设备网络管理南向接口数据配置模型规范V2.3.xlsx,SI,25
CMCC_TD_LTE_V2.3,TD邻区参数管理,Device.Services.FAPService.{i}.CellConfig.LTE.RAN.NeighborList.InterRATCell.UMTS.{i}.UARFCNDL,Device,parameter,下行UARFCN,RW,unsignedInt[0:16383],ee2aa405-98d0-4dd3-8201-135d7b796242,parameter,READ_WRITE,U_INT,,already_in_mml,yes,LST INTER_RAT_CELL_UMTS;MOD INTER_RAT_CELL_UMTS,parent_exact,SI,邻区参数管理,UMTS 异系统邻区,Device.Services.FAPService.{i}.CellConfig.LTE.RAN.NeighborList.InterRATCell.UMTS.{i}.,DEVICE_SERVICES_FAPSERVICE_CELLCONFIG_LTE_RAN_NEIGHBORLIST_INTERRATCELL_UMTS,LST INTER_RATCELL_UMTS;MOD INTER_RATCELL_UMTS,中国移动TD-LTE皮站_飞站基站设备网络管理南向接口数据配置模型规范V2.3.xlsx,SI,31
CMCC_TD_LTE_V2.3,TD邻区参数管理,Device.Services.FAPService.{i}.CellConfig.LTE.RAN.NeighborList.InterRATCell.UMTS.{i}.UARFCNUL,Device,parameter,上行UARFCN,RW,unsignedInt[0:16383],c5a1de68-ce5b-4143-bb60-d3f20d1c4d9a,parameter,READ_WRITE,U_INT,,already_in_mml,yes,LST INTER_RAT_CELL_UMTS;MOD INTER_RAT_CELL_UMTS,parent_exact,SI,邻区参数管理,UMTS 异系统邻区,Device.Services.FAPService.{i}.CellConfig.LTE.RAN.NeighborList.InterRATCell.UMTS.{i}.,DEVICE_SERVICES_FAPSERVICE_CELLCONFIG_LTE_RAN_NEIGHBORLIST_INTERRATCELL_UMTS,LST INTER_RATCELL_UMTS;MOD INTER_RATCELL_UMTS,中国移动TD-LTE皮站_飞站基站设备网络管理南向接口数据配置模型规范V2.3.xlsx,SI,30
CMCC_TD_LTE_V2.3,TD邻区参数管理,Device.Services.FAPService.{i}.CellConfig.LTE.RAN.NeighborList.InterRATCell.UMTS.{i}.URA,Device,parameter,URA,RW,unsignedInt[0:65535],abf376c8-9307-422a-9cc4-8d31467ae5c4,parameter,READ_WRITE,U_INT,,already_in_mml,yes,LST INTER_RAT_CELL_UMTS;MOD INTER_RAT_CELL_UMTS,parent_exact,SI,邻区参数管理,UMTS 异系统邻区,Device.Services.FAPService.{i}.CellConfig.LTE.RAN.NeighborList.InterRATCell.UMTS.{i}.,DEVICE_SERVICES_FAPSERVICE_CELLCONFIG_LTE_RAN_NEIGHBORLIST_INTERRATCELL_UMTS,LST INTER_RATCELL_UMTS;MOD INTER_RATCELL_UMTS,中国移动TD-LTE皮站_飞站基站设备网络管理南向接口数据配置模型规范V2.3.xlsx,SI,29
CMCC_TD_LTE_V2.3,A1事件测量控制参数,Device.Services.FAPService.{i}.CellConfig.LTE.RAN.Mobility.ConnMode.EUTRA.A1MeasureCtrl.{i}.A1ThresholdRSRP,Device,parameter,A1事件RSRP门限,RW,unsignedInt[0:97],b571dba7-355d-4808-8f3f-e9d622a7bcdc,parameter,READ_WRITE,U_INT,,already_in_mml,yes,LST A1_MEASURE_CTRL;MOD A1_MEASURE_CTRL,parent_exact,SJ,移动性参数管理,A1 事件测量控制,Device.Services.FAPService.{i}.CellConfig.LTE.RAN.Mobility.ConnMode.EUTRA.A1MeasureCtrl.{i}.,DEVICE_SERVICES_FAPSERVICE_CELLCONFIG_LTE_RAN_MOBILITY_CONNMODE_EUTRA_A1MEASURECTRL,LST A1_MEASURE_CTRL;MOD A1_MEASURE_CTRL,中国移动TD-LTE皮站_飞站基站设备网络管理南向接口数据配置模型规范V2.3.xlsx,SJ,8
CMCC_TD_LTE_V2.3,A1事件测量控制参数,Device.Services.FAPService.{i}.CellConfig.LTE.RAN.Mobility.ConnMode.EUTRA.A1MeasureCtrl.{i}.A1ThresholdRSRQ,Device,parameter,A1事件RSRQ门限,RW,unsignedInt[0:34],0e655a54-ddcd-4581-b380-1601fa4156a3,parameter,READ_WRITE,U_INT,,already_in_mml,yes,LST A1_MEASURE_CTRL;MOD A1_MEASURE_CTRL,parent_exact,SJ,移动性参数管理,A1 事件测量控制,Device.Services.FAPService.{i}.CellConfig.LTE.RAN.Mobility.ConnMode.EUTRA.A1MeasureCtrl.{i}.,DEVICE_SERVICES_FAPSERVICE_CELLCONFIG_LTE_RAN_MOBILITY_CONNMODE_EUTRA_A1MEASURECTRL,LST A1_MEASURE_CTRL;MOD A1_MEASURE_CTRL,中国移动TD-LTE皮站_飞站基站设备网络管理南向接口数据配置模型规范V2.3.xlsx,SJ,9
CMCC_TD_LTE_V2.3,A1事件测量控制参数,Device.Services.FAPService.{i}.CellConfig.LTE.RAN.Mobility.ConnMode.EUTRA.A1MeasureCtrl.{i}.Enable,Device,parameter,使能开关,RW,boolean,f892434b-182b-4ad9-bc2b-2d6aa3dc80ec,parameter,READ_WRITE,BOOLEAN,,already_in_mml,yes,LST A1_MEASURE_CTRL;MOD A1_MEASURE_CTRL,parent_exact,SJ,移动性参数管理,A1 事件测量控制,Device.Services.FAPService.{i}.CellConfig.LTE.RAN.Mobility.ConnMode.EUTRA.A1MeasureCtrl.{i}.,DEVICE_SERVICES_FAPSERVICE_CELLCONFIG_LTE_RAN_MOBILITY_CONNMODE_EUTRA_A1MEASURECTRL,LST A1_MEASURE_CTRL;MOD A1_MEASURE_CTRL,中国移动TD-LTE皮站_飞站基站设备网络管理南向接口数据配置模型规范V2.3.xlsx,SJ,7
CMCC_TD_LTE_V2.3,A1事件测量控制参数,Device.Services.FAPService.{i}.CellConfig.LTE.RAN.Mobility.ConnMode.EUTRA.A1MeasureCtrl.{i}.Hysteresis,Device,parameter,迟滞值,RW,unsignedInt[0:30],1d8bc048-cd10-4256-a739-51c7a60017ee,parameter,READ_WRITE,U_INT,,already_in_mml,yes,LST A1_MEASURE_CTRL;MOD A1_MEASURE_CTRL,parent_exact,SJ,移动性参数管理,A1 事件测量控制,Device.Services.FAPService.{i}.CellConfig.LTE.RAN.Mobility.ConnMode.EUTRA.A1MeasureCtrl.{i}.,DEVICE_SERVICES_FAPSERVICE_CELLCONFIG_LTE_RAN_MOBILITY_CONNMODE_EUTRA_A1MEASURECTRL,LST A1_MEASURE_CTRL;MOD A1_MEASURE_CTRL,中国移动TD-LTE皮站_飞站基站设备网络管理南向接口数据配置模型规范V2.3.xlsx,SJ,10
CMCC_TD_LTE_V2.3,A1事件测量控制参数,Device.Services.FAPService.{i}.CellConfig.LTE.RAN.Mobility.ConnMode.EUTRA.A1MeasureCtrl.{i}.MaxReportCells,Device,parameter,最大上报小区数,RW,unsignedInt[1:8],be1a9c3f-1256-4a9d-af7e-f360ef66afb0,parameter,READ_WRITE,U_INT,,already_in_mml,yes,LST A1_MEASURE_CTRL;MOD A1_MEASURE_CTRL,parent_exact,SJ,移动性参数管理,A1 事件测量控制,Device.Services.FAPService.{i}.CellConfig.LTE.RAN.Mobility.ConnMode.EUTRA.A1MeasureCtrl.{i}.,DEVICE_SERVICES_FAPSERVICE_CELLCONFIG_LTE_RAN_MOBILITY_CONNMODE_EUTRA_A1MEASURECTRL,LST A1_MEASURE_CTRL;MOD A1_MEASURE_CTRL,中国移动TD-LTE皮站_飞站基站设备网络管理南向接口数据配置模型规范V2.3.xlsx,SJ,11
CMCC_TD_LTE_V2.3,A1事件测量控制参数,Device.Services.FAPService.{i}.CellConfig.LTE.RAN.Mobility.ConnMode.EUTRA.A1MeasureCtrl.{i}.MeasurePurpose,Device,parameter,测量目的,R,unsignedInt[1:100],67db5caa-53a5-487c-b047-4fa16d3d8685,parameter,READ_ONLY,U_INT,,already_in_mml,yes,LST A1_MEASURE_CTRL,parent_exact,SJ,移动性参数管理,A1 事件测量控制,Device.Services.FAPService.{i}.CellConfig.LTE.RAN.Mobility.ConnMode.EUTRA.A1MeasureCtrl.{i}.,DEVICE_SERVICES_FAPSERVICE_CELLCONFIG_LTE_RAN_MOBILITY_CONNMODE_EUTRA_A1MEASURECTRL,LST A1_MEASURE_CTRL,中国移动TD-LTE皮站_飞站基站设备网络管理南向接口数据配置模型规范V2.3.xlsx,SJ,12
CMCC_TD_LTE_V2.3,A1事件测量控制参数,Device.Services.FAPService.{i}.CellConfig.LTE.RAN.Mobility.ConnMode.EUTRA.A1MeasureCtrl.{i}.ReportAmount,Device,parameter,上报次数,RW,"unsignedInt[0:2, 4, 8, 16, 32, 64]",8bfb7e5b-842b-4a09-a37f-fff7da0292e6,parameter,READ_WRITE,U_INT,,already_in_mml,yes,LST A1_MEASURE_CTRL;MOD A1_MEASURE_CTRL,parent_exact,SJ,移动性参数管理,A1 事件测量控制,Device.Services.FAPService.{i}.CellConfig.LTE.RAN.Mobility.ConnMode.EUTRA.A1MeasureCtrl.{i}.,DEVICE_SERVICES_FAPSERVICE_CELLCONFIG_LTE_RAN_MOBILITY_CONNMODE_EUTRA_A1MEASURECTRL,LST A1_MEASURE_CTRL;MOD A1_MEASURE_CTRL,中国移动TD-LTE皮站_飞站基站设备网络管理南向接口数据配置模型规范V2.3.xlsx,SJ,13
CMCC_TD_LTE_V2.3,A1事件测量控制参数,Device.Services.FAPService.{i}.CellConfig.LTE.RAN.Mobility.ConnMode.EUTRA.A1MeasureCtrl.{i}.ReportInterval,Device,parameter,上报间隔,RW,"unsignedInt[120, 240, 480, 640, 1024, 2048, 5120, 10240, 60000, 360000, 720000, 1800000, 3600000]",4bde101d-4442-4ea5-91e6-28bd29e57895,parameter,READ_WRITE,U_INT,,already_in_mml,yes,LST A1_MEASURE_CTRL;MOD A1_MEASURE_CTRL,parent_exact,SJ,移动性参数管理,A1 事件测量控制,Device.Services.FAPService.{i}.CellConfig.LTE.RAN.Mobility.ConnMode.EUTRA.A1MeasureCtrl.{i}.,DEVICE_SERVICES_FAPSERVICE_CELLCONFIG_LTE_RAN_MOBILITY_CONNMODE_EUTRA_A1MEASURECTRL,LST A1_MEASURE_CTRL;MOD A1_MEASURE_CTRL,中国移动TD-LTE皮站_飞站基站设备网络管理南向接口数据配置模型规范V2.3.xlsx,SJ,14
CMCC_TD_LTE_V2.3,A1事件测量控制参数,Device.Services.FAPService.{i}.CellConfig.LTE.RAN.Mobility.ConnMode.EUTRA.A1MeasureCtrl.{i}.ReportQuantity,Device,parameter,上报量,RW,string,67c7a5c2-0cb4-43f5-abaa-ce9f63131e7b,parameter,READ_WRITE,STRING,,already_in_mml,yes,LST A1_MEASURE_CTRL;MOD A1_MEASURE_CTRL,parent_exact,SJ,移动性参数管理,A1 事件测量控制,Device.Services.FAPService.{i}.CellConfig.LTE.RAN.Mobility.ConnMode.EUTRA.A1MeasureCtrl.{i}.,DEVICE_SERVICES_FAPSERVICE_CELLCONFIG_LTE_RAN_MOBILITY_CONNMODE_EUTRA_A1MEASURECTRL,LST A1_MEASURE_CTRL;MOD A1_MEASURE_CTRL,中国移动TD-LTE皮站_飞站基站设备网络管理南向接口数据配置模型规范V2.3.xlsx,SJ,15
CMCC_TD_LTE_V2.3,A1事件测量控制参数,Device.Services.FAPService.{i}.CellConfig.LTE.RAN.Mobility.ConnMode.EUTRA.A1MeasureCtrl.{i}.TimeToTrigger,Device,parameter,触发时间,RW,"unsignedInt[0,40, 64, 80,100,128, 160,256,320, 480, 512, 640, 1024,1280,2560,5120]",0522e90b-276a-422a-b54f-8f476907fff5,parameter,READ_WRITE,U_INT,,already_in_mml,yes,LST A1_MEASURE_CTRL;MOD A1_MEASURE_CTRL,parent_exact,SJ,移动性参数管理,A1 事件测量控制,Device.Services.FAPService.{i}.CellConfig.LTE.RAN.Mobility.ConnMode.EUTRA.A1MeasureCtrl.{i}.,DEVICE_SERVICES_FAPSERVICE_CELLCONFIG_LTE_RAN_MOBILITY_CONNMODE_EUTRA_A1MEASURECTRL,LST A1_MEASURE_CTRL;MOD A1_MEASURE_CTRL,中国移动TD-LTE皮站_飞站基站设备网络管理南向接口数据配置模型规范V2.3.xlsx,SJ,16
CMCC_TD_LTE_V2.3,A1事件测量控制参数,Device.Services.FAPService.{i}.CellConfig.LTE.RAN.Mobility.ConnMode.EUTRA.A1MeasureCtrl.{i}.TriggerQuantity,Device,parameter,触发量,RW,string,c4ca537a-9ddd-4f58-9938-8e10553a6eb0,parameter,READ_WRITE,STRING,,already_in_mml,yes,LST A1_MEASURE_CTRL;MOD A1_MEASURE_CTRL,parent_exact,SJ,移动性参数管理,A1 事件测量控制,Device.Services.FAPService.{i}.CellConfig.LTE.RAN.Mobility.ConnMode.EUTRA.A1MeasureCtrl.{i}.,DEVICE_SERVICES_FAPSERVICE_CELLCONFIG_LTE_RAN_MOBILITY_CONNMODE_EUTRA_A1MEASURECTRL,LST A1_MEASURE_CTRL;MOD A1_MEASURE_CTRL,中国移动TD-LTE皮站_飞站基站设备网络管理南向接口数据配置模型规范V2.3.xlsx,SJ,17
CMCC_TD_LTE_V2.3,A2事件测量控制参数,Device.Services.FAPService.{i}.CellConfig.LTE.RAN.Mobility.ConnMode.EUTRA.A2MeasureCtrl.{i}.A2ThresholdRSRP,Device,parameter,A2事件RSRP门限,RW,unsignedInt[0:97],a5f66ea2-f791-459c-a331-f9620176f941,parameter,READ_WRITE,U_INT,,already_in_mml,yes,LST A2_MEASURE_CTRL;MOD A2_MEASURE_CTRL,parent_exact,SJ,移动性参数管理,A2 事件测量控制,Device.Services.FAPService.{i}.CellConfig.LTE.RAN.Mobility.ConnMode.EUTRA.A2MeasureCtrl.{i}.,DEVICE_SERVICES_FAPSERVICE_CELLCONFIG_LTE_RAN_MOBILITY_CONNMODE_EUTRA_A2MEASURECTRL,LST A2_MEASURE_CTRL;MOD A2_MEASURE_CTRL,中国移动TD-LTE皮站_飞站基站设备网络管理南向接口数据配置模型规范V2.3.xlsx,SJ,52
CMCC_TD_LTE_V2.3,A2事件测量控制参数,Device.Services.FAPService.{i}.CellConfig.LTE.RAN.Mobility.ConnMode.EUTRA.A2MeasureCtrl.{i}.A2ThresholdRSRQ,Device,parameter,A2事件RSRQ门限,RW,unsignedInt[0:34],e0085587-5387-43d4-840c-55e5a95a86d6,parameter,READ_WRITE,U_INT,,already_in_mml,yes,LST A2_MEASURE_CTRL;MOD A2_MEASURE_CTRL,parent_exact,SJ,移动性参数管理,A2 事件测量控制,Device.Services.FAPService.{i}.CellConfig.LTE.RAN.Mobility.ConnMode.EUTRA.A2MeasureCtrl.{i}.,DEVICE_SERVICES_FAPSERVICE_CELLCONFIG_LTE_RAN_MOBILITY_CONNMODE_EUTRA_A2MEASURECTRL,LST A2_MEASURE_CTRL;MOD A2_MEASURE_CTRL,中国移动TD-LTE皮站_飞站基站设备网络管理南向接口数据配置模型规范V2.3.xlsx,SJ,53
CMCC_TD_LTE_V2.3,A2事件测量控制参数,Device.Services.FAPService.{i}.CellConfig.LTE.RAN.Mobility.ConnMode.EUTRA.A2MeasureCtrl.{i}.Enable,Device,parameter,使能开关,RW,boolean,851255e2-f658-4d84-b8c2-fcbd9807874e,parameter,READ_WRITE,BOOLEAN,,already_in_mml,yes,LST A2_MEASURE_CTRL;MOD A2_MEASURE_CTRL,parent_exact,SJ,移动性参数管理,A2 事件测量控制,Device.Services.FAPService.{i}.CellConfig.LTE.RAN.Mobility.ConnMode.EUTRA.A2MeasureCtrl.{i}.,DEVICE_SERVICES_FAPSERVICE_CELLCONFIG_LTE_RAN_MOBILITY_CONNMODE_EUTRA_A2MEASURECTRL,LST A2_MEASURE_CTRL;MOD A2_MEASURE_CTRL,中国移动TD-LTE皮站_飞站基站设备网络管理南向接口数据配置模型规范V2.3.xlsx,SJ,51
CMCC_TD_LTE_V2.3,A2事件测量控制参数,Device.Services.FAPService.{i}.CellConfig.LTE.RAN.Mobility.ConnMode.EUTRA.A2MeasureCtrl.{i}.Hysteresis,Device,parameter,迟滞值,RW,unsignedInt[0:30],2921ec0a-4f6d-46cb-99c2-ef78f444281a,parameter,READ_WRITE,U_INT,,already_in_mml,yes,LST A2_MEASURE_CTRL;MOD A2_MEASURE_CTRL,parent_exact,SJ,移动性参数管理,A2 事件测量控制,Device.Services.FAPService.{i}.CellConfig.LTE.RAN.Mobility.ConnMode.EUTRA.A2MeasureCtrl.{i}.,DEVICE_SERVICES_FAPSERVICE_CELLCONFIG_LTE_RAN_MOBILITY_CONNMODE_EUTRA_A2MEASURECTRL,LST A2_MEASURE_CTRL;MOD A2_MEASURE_CTRL,中国移动TD-LTE皮站_飞站基站设备网络管理南向接口数据配置模型规范V2.3.xlsx,SJ,54
CMCC_TD_LTE_V2.3,A2事件测量控制参数,Device.Services.FAPService.{i}.CellConfig.LTE.RAN.Mobility.ConnMode.EUTRA.A2MeasureCtrl.{i}.MaxReportCells,Device,parameter,最大上报小区数,RW,unsignedInt[1:8],23193f5b-f23e-429b-acd7-bfc8d3e95b17,parameter,READ_WRITE,U_INT,,already_in_mml,yes,LST A2_MEASURE_CTRL;MOD A2_MEASURE_CTRL,parent_exact,SJ,移动性参数管理,A2 事件测量控制,Device.Services.FAPService.{i}.CellConfig.LTE.RAN.Mobility.ConnMode.EUTRA.A2MeasureCtrl.{i}.,DEVICE_SERVICES_FAPSERVICE_CELLCONFIG_LTE_RAN_MOBILITY_CONNMODE_EUTRA_A2MEASURECTRL,LST A2_MEASURE_CTRL;MOD A2_MEASURE_CTRL,中国移动TD-LTE皮站_飞站基站设备网络管理南向接口数据配置模型规范V2.3.xlsx,SJ,55
CMCC_TD_LTE_V2.3,A2事件测量控制参数,Device.Services.FAPService.{i}.CellConfig.LTE.RAN.Mobility.ConnMode.EUTRA.A2MeasureCtrl.{i}.MeasurePurpose,Device,parameter,测量目的,R,unsignedInt[1:100],1929ec08-ec4b-410a-b972-d9aeaf0304a5,parameter,READ_ONLY,U_INT,,already_in_mml,yes,LST A2_MEASURE_CTRL,parent_exact,SJ,移动性参数管理,A2 事件测量控制,Device.Services.FAPService.{i}.CellConfig.LTE.RAN.Mobility.ConnMode.EUTRA.A2MeasureCtrl.{i}.,DEVICE_SERVICES_FAPSERVICE_CELLCONFIG_LTE_RAN_MOBILITY_CONNMODE_EUTRA_A2MEASURECTRL,LST A2_MEASURE_CTRL,中国移动TD-LTE皮站_飞站基站设备网络管理南向接口数据配置模型规范V2.3.xlsx,SJ,56
CMCC_TD_LTE_V2.3,A2事件测量控制参数,Device.Services.FAPService.{i}.CellConfig.LTE.RAN.Mobility.ConnMode.EUTRA.A2MeasureCtrl.{i}.ReportAmount,Device,parameter,上报次数,RW,"unsignedInt[0:2, 4, 8, 16, 32, 64]",f412e298-014f-4186-abef-b99f4f24cb4a,parameter,READ_WRITE,U_INT,,already_in_mml,yes,LST A2_MEASURE_CTRL;MOD A2_MEASURE_CTRL,parent_exact,SJ,移动性参数管理,A2 事件测量控制,Device.Services.FAPService.{i}.CellConfig.LTE.RAN.Mobility.ConnMode.EUTRA.A2MeasureCtrl.{i}.,DEVICE_SERVICES_FAPSERVICE_CELLCONFIG_LTE_RAN_MOBILITY_CONNMODE_EUTRA_A2MEASURECTRL,LST A2_MEASURE_CTRL;MOD A2_MEASURE_CTRL,中国移动TD-LTE皮站_飞站基站设备网络管理南向接口数据配置模型规范V2.3.xlsx,SJ,57
CMCC_TD_LTE_V2.3,A2事件测量控制参数,Device.Services.FAPService.{i}.CellConfig.LTE.RAN.Mobility.ConnMode.EUTRA.A2MeasureCtrl.{i}.ReportInterval,Device,parameter,上报间隔,RW,"unsignedInt[120, 240, 480, 640, 1024, 2048, 5120, 10240, 60000, 360000, 720000, 1800000, 3600000]",7b9adec8-f7d1-4531-aec9-68c7180d6f48,parameter,READ_WRITE,U_INT,,already_in_mml,yes,LST A2_MEASURE_CTRL;MOD A2_MEASURE_CTRL,parent_exact,SJ,移动性参数管理,A2 事件测量控制,Device.Services.FAPService.{i}.CellConfig.LTE.RAN.Mobility.ConnMode.EUTRA.A2MeasureCtrl.{i}.,DEVICE_SERVICES_FAPSERVICE_CELLCONFIG_LTE_RAN_MOBILITY_CONNMODE_EUTRA_A2MEASURECTRL,LST A2_MEASURE_CTRL;MOD A2_MEASURE_CTRL,中国移动TD-LTE皮站_飞站基站设备网络管理南向接口数据配置模型规范V2.3.xlsx,SJ,58
CMCC_TD_LTE_V2.3,A2事件测量控制参数,Device.Services.FAPService.{i}.CellConfig.LTE.RAN.Mobility.ConnMode.EUTRA.A2MeasureCtrl.{i}.ReportQuantity,Device,parameter,上报量,RW,string,50b54b4b-ddb7-4356-8d82-04f73924a071,parameter,READ_WRITE,STRING,,already_in_mml,yes,LST A2_MEASURE_CTRL;MOD A2_MEASURE_CTRL,parent_exact,SJ,移动性参数管理,A2 事件测量控制,Device.Services.FAPService.{i}.CellConfig.LTE.RAN.Mobility.ConnMode.EUTRA.A2MeasureCtrl.{i}.,DEVICE_SERVICES_FAPSERVICE_CELLCONFIG_LTE_RAN_MOBILITY_CONNMODE_EUTRA_A2MEASURECTRL,LST A2_MEASURE_CTRL;MOD A2_MEASURE_CTRL,中国移动TD-LTE皮站_飞站基站设备网络管理南向接口数据配置模型规范V2.3.xlsx,SJ,59
CMCC_TD_LTE_V2.3,A2事件测量控制参数,Device.Services.FAPService.{i}.CellConfig.LTE.RAN.Mobility.ConnMode.EUTRA.A2MeasureCtrl.{i}.TimeToTrigger,Device,parameter,触发时间,RW,"unsignedInt[0,40, 64, 80,100,128, 160,256,320, 480, 512, 640, 1024,1280,2560,5120]",f853f4ce-d629-459e-8a6e-ee2b37eaba8c,parameter,READ_WRITE,U_INT,,already_in_mml,yes,LST A2_MEASURE_CTRL;MOD A2_MEASURE_CTRL,parent_exact,SJ,移动性参数管理,A2 事件测量控制,Device.Services.FAPService.{i}.CellConfig.LTE.RAN.Mobility.ConnMode.EUTRA.A2MeasureCtrl.{i}.,DEVICE_SERVICES_FAPSERVICE_CELLCONFIG_LTE_RAN_MOBILITY_CONNMODE_EUTRA_A2MEASURECTRL,LST A2_MEASURE_CTRL;MOD A2_MEASURE_CTRL,中国移动TD-LTE皮站_飞站基站设备网络管理南向接口数据配置模型规范V2.3.xlsx,SJ,60
CMCC_TD_LTE_V2.3,A2事件测量控制参数,Device.Services.FAPService.{i}.CellConfig.LTE.RAN.Mobility.ConnMode.EUTRA.A2MeasureCtrl.{i}.TriggerQuantity,Device,parameter,触发量,RW,string,53ec4576-449b-4566-aaa3-ce230754b188,parameter,READ_WRITE,STRING,,already_in_mml,yes,LST A2_MEASURE_CTRL;MOD A2_MEASURE_CTRL,parent_exact,SJ,移动性参数管理,A2 事件测量控制,Device.Services.FAPService.{i}.CellConfig.LTE.RAN.Mobility.ConnMode.EUTRA.A2MeasureCtrl.{i}.,DEVICE_SERVICES_FAPSERVICE_CELLCONFIG_LTE_RAN_MOBILITY_CONNMODE_EUTRA_A2MEASURECTRL,LST A2_MEASURE_CTRL;MOD A2_MEASURE_CTRL,中国移动TD-LTE皮站_飞站基站设备网络管理南向接口数据配置模型规范V2.3.xlsx,SJ,61
CMCC_TD_LTE_V2.3,A3事件测量控制参数,Device.Services.FAPService.{i}.CellConfig.LTE.RAN.Mobility.ConnMode.EUTRA.A3MeasureCtrl.{i}.A3Offset,Device,parameter,A3事件门限,RW,int[-30:30],3f53bfa0-ba94-4de9-885f-3d3780fb7655,parameter,READ_WRITE,INT,,already_in_mml,yes,LST A3_MEASURE_CTRL;MOD A3_MEASURE_CTRL,parent_exact,SJ,移动性参数管理,A3 事件测量控制,Device.Services.FAPService.{i}.CellConfig.LTE.RAN.Mobility.ConnMode.EUTRA.A3MeasureCtrl.{i}.,DEVICE_SERVICES_FAPSERVICE_CELLCONFIG_LTE_RAN_MOBILITY_CONNMODE_EUTRA_A3MEASURECTRL,LST A3_MEASURE_CTRL;MOD A3_MEASURE_CTRL,中国移动TD-LTE皮站_飞站基站设备网络管理南向接口数据配置模型规范V2.3.xlsx,SJ,118
CMCC_TD_LTE_V2.3,A3事件测量控制参数,Device.Services.FAPService.{i}.CellConfig.LTE.RAN.Mobility.ConnMode.EUTRA.A3MeasureCtrl.{i}.Enable,Device,parameter,使能开关,RW,boolean,0f86c15f-d02f-441b-9d43-4a12bdb18656,parameter,READ_WRITE,BOOLEAN,,already_in_mml,yes,LST A3_MEASURE_CTRL;MOD A3_MEASURE_CTRL,parent_exact,SJ,移动性参数管理,A3 事件测量控制,Device.Services.FAPService.{i}.CellConfig.LTE.RAN.Mobility.ConnMode.EUTRA.A3MeasureCtrl.{i}.,DEVICE_SERVICES_FAPSERVICE_CELLCONFIG_LTE_RAN_MOBILITY_CONNMODE_EUTRA_A3MEASURECTRL,LST A3_MEASURE_CTRL;MOD A3_MEASURE_CTRL,中国移动TD-LTE皮站_飞站基站设备网络管理南向接口数据配置模型规范V2.3.xlsx,SJ,117
CMCC_TD_LTE_V2.3,A3事件测量控制参数,Device.Services.FAPService.{i}.CellConfig.LTE.RAN.Mobility.ConnMode.EUTRA.A3MeasureCtrl.{i}.Hysteresis,Device,parameter,迟滞值,RW,unsignedInt[0:30],76224e70-2fa5-4c4c-b9f9-650e53a40ace,parameter,READ_WRITE,U_INT,,already_in_mml,yes,LST A3_MEASURE_CTRL;MOD A3_MEASURE_CTRL,parent_exact,SJ,移动性参数管理,A3 事件测量控制,Device.Services.FAPService.{i}.CellConfig.LTE.RAN.Mobility.ConnMode.EUTRA.A3MeasureCtrl.{i}.,DEVICE_SERVICES_FAPSERVICE_CELLCONFIG_LTE_RAN_MOBILITY_CONNMODE_EUTRA_A3MEASURECTRL,LST A3_MEASURE_CTRL;MOD A3_MEASURE_CTRL,中国移动TD-LTE皮站_飞站基站设备网络管理南向接口数据配置模型规范V2.3.xlsx,SJ,119
CMCC_TD_LTE_V2.3,A3事件测量控制参数,Device.Services.FAPService.{i}.CellConfig.LTE.RAN.Mobility.ConnMode.EUTRA.A3MeasureCtrl.{i}.MaxReportCells,Device,parameter,最大上报小区数,RW,unsignedInt[1:8],348b2bda-277d-4616-bf29-bfa6d17ac277,parameter,READ_WRITE,U_INT,,already_in_mml,yes,LST A3_MEASURE_CTRL;MOD A3_MEASURE_CTRL,parent_exact,SJ,移动性参数管理,A3 事件测量控制,Device.Services.FAPService.{i}.CellConfig.LTE.RAN.Mobility.ConnMode.EUTRA.A3MeasureCtrl.{i}.,DEVICE_SERVICES_FAPSERVICE_CELLCONFIG_LTE_RAN_MOBILITY_CONNMODE_EUTRA_A3MEASURECTRL,LST A3_MEASURE_CTRL;MOD A3_MEASURE_CTRL,中国移动TD-LTE皮站_飞站基站设备网络管理南向接口数据配置模型规范V2.3.xlsx,SJ,120
CMCC_TD_LTE_V2.3,A3事件测量控制参数,Device.Services.FAPService.{i}.CellConfig.LTE.RAN.Mobility.ConnMode.EUTRA.A3MeasureCtrl.{i}.MeasurePurpose,Device,parameter,测量目的,R,unsignedInt[1:100],9ec48d36-9973-462f-9c95-689d777ebebc,parameter,READ_ONLY,U_INT,,already_in_mml,yes,LST A3_MEASURE_CTRL,parent_exact,SJ,移动性参数管理,A3 事件测量控制,Device.Services.FAPService.{i}.CellConfig.LTE.RAN.Mobility.ConnMode.EUTRA.A3MeasureCtrl.{i}.,DEVICE_SERVICES_FAPSERVICE_CELLCONFIG_LTE_RAN_MOBILITY_CONNMODE_EUTRA_A3MEASURECTRL,LST A3_MEASURE_CTRL,中国移动TD-LTE皮站_飞站基站设备网络管理南向接口数据配置模型规范V2.3.xlsx,SJ,121
CMCC_TD_LTE_V2.3,A3事件测量控制参数,Device.Services.FAPService.{i}.CellConfig.LTE.RAN.Mobility.ConnMode.EUTRA.A3MeasureCtrl.{i}.ReportAmount,Device,parameter,上报次数,RW,"unsignedInt[0:2, 4, 8, 16, 32, 64]",73c6c617-c6f1-4d5a-9b76-7f8b910d4abf,parameter,READ_WRITE,U_INT,,already_in_mml,yes,LST A3_MEASURE_CTRL;MOD A3_MEASURE_CTRL,parent_exact,SJ,移动性参数管理,A3 事件测量控制,Device.Services.FAPService.{i}.CellConfig.LTE.RAN.Mobility.ConnMode.EUTRA.A3MeasureCtrl.{i}.,DEVICE_SERVICES_FAPSERVICE_CELLCONFIG_LTE_RAN_MOBILITY_CONNMODE_EUTRA_A3MEASURECTRL,LST A3_MEASURE_CTRL;MOD A3_MEASURE_CTRL,中国移动TD-LTE皮站_飞站基站设备网络管理南向接口数据配置模型规范V2.3.xlsx,SJ,122
CMCC_TD_LTE_V2.3,A3事件测量控制参数,Device.Services.FAPService.{i}.CellConfig.LTE.RAN.Mobility.ConnMode.EUTRA.A3MeasureCtrl.{i}.ReportInterval,Device,parameter,上报间隔,RW,"unsignedInt[120, 240, 480, 640, 1024, 2048, 5120, 10240, 60000, 360000, 720000, 1800000, 3600000]",602cb963-5c46-4c3b-a50e-7bc9b97b259e,parameter,READ_WRITE,U_INT,,already_in_mml,yes,LST A3_MEASURE_CTRL;MOD A3_MEASURE_CTRL,parent_exact,SJ,移动性参数管理,A3 事件测量控制,Device.Services.FAPService.{i}.CellConfig.LTE.RAN.Mobility.ConnMode.EUTRA.A3MeasureCtrl.{i}.,DEVICE_SERVICES_FAPSERVICE_CELLCONFIG_LTE_RAN_MOBILITY_CONNMODE_EUTRA_A3MEASURECTRL,LST A3_MEASURE_CTRL;MOD A3_MEASURE_CTRL,中国移动TD-LTE皮站_飞站基站设备网络管理南向接口数据配置模型规范V2.3.xlsx,SJ,124
CMCC_TD_LTE_V2.3,A3事件测量控制参数,Device.Services.FAPService.{i}.CellConfig.LTE.RAN.Mobility.ConnMode.EUTRA.A3MeasureCtrl.{i}.ReportOnLeave,Device,parameter,A3事件离开上报指示,RW,boolean,b0bd8ce8-6679-44f2-980e-52f6e5a8c96c,parameter,READ_WRITE,BOOLEAN,,already_in_mml,yes,LST A3_MEASURE_CTRL;MOD A3_MEASURE_CTRL,parent_exact,SJ,移动性参数管理,A3 事件测量控制,Device.Services.FAPService.{i}.CellConfig.LTE.RAN.Mobility.ConnMode.EUTRA.A3MeasureCtrl.{i}.,DEVICE_SERVICES_FAPSERVICE_CELLCONFIG_LTE_RAN_MOBILITY_CONNMODE_EUTRA_A3MEASURECTRL,LST A3_MEASURE_CTRL;MOD A3_MEASURE_CTRL,中国移动TD-LTE皮站_飞站基站设备网络管理南向接口数据配置模型规范V2.3.xlsx,SJ,123
CMCC_TD_LTE_V2.3,A3事件测量控制参数,Device.Services.FAPService.{i}.CellConfig.LTE.RAN.Mobility.ConnMode.EUTRA.A3MeasureCtrl.{i}.ReportQuantity,Device,parameter,上报量,RW,string,ed208661-a82c-45ac-8c01-9f8100652da1,parameter,READ_WRITE,STRING,,already_in_mml,yes,LST A3_MEASURE_CTRL;MOD A3_MEASURE_CTRL,parent_exact,SJ,移动性参数管理,A3 事件测量控制,Device.Services.FAPService.{i}.CellConfig.LTE.RAN.Mobility.ConnMode.EUTRA.A3MeasureCtrl.{i}.,DEVICE_SERVICES_FAPSERVICE_CELLCONFIG_LTE_RAN_MOBILITY_CONNMODE_EUTRA_A3MEASURECTRL,LST A3_MEASURE_CTRL;MOD A3_MEASURE_CTRL,中国移动TD-LTE皮站_飞站基站设备网络管理南向接口数据配置模型规范V2.3.xlsx,SJ,125
CMCC_TD_LTE_V2.3,A3事件测量控制参数,Device.Services.FAPService.{i}.CellConfig.LTE.RAN.Mobility.ConnMode.EUTRA.A3MeasureCtrl.{i}.TimeToTrigger,Device,parameter,触发时间,RW,"unsignedInt[0,40, 64, 80,100,128, 160,256,320, 480, 512, 640, 1024,1280,2560,5120]",a7b0799f-f341-4a72-94a9-0fe7e48a273b,parameter,READ_WRITE,U_INT,,already_in_mml,yes,LST A3_MEASURE_CTRL;MOD A3_MEASURE_CTRL,parent_exact,SJ,移动性参数管理,A3 事件测量控制,Device.Services.FAPService.{i}.CellConfig.LTE.RAN.Mobility.ConnMode.EUTRA.A3MeasureCtrl.{i}.,DEVICE_SERVICES_FAPSERVICE_CELLCONFIG_LTE_RAN_MOBILITY_CONNMODE_EUTRA_A3MEASURECTRL,LST A3_MEASURE_CTRL;MOD A3_MEASURE_CTRL,中国移动TD-LTE皮站_飞站基站设备网络管理南向接口数据配置模型规范V2.3.xlsx,SJ,126
CMCC_TD_LTE_V2.3,A3事件测量控制参数,Device.Services.FAPService.{i}.CellConfig.LTE.RAN.Mobility.ConnMode.EUTRA.A3MeasureCtrl.{i}.TriggerQuantity,Device,parameter,触发量,RW,string,f82c0fe1-3b93-44ed-bbf4-682024af6e86,parameter,READ_WRITE,STRING,,already_in_mml,yes,LST A3_MEASURE_CTRL;MOD A3_MEASURE_CTRL,parent_exact,SJ,移动性参数管理,A3 事件测量控制,Device.Services.FAPService.{i}.CellConfig.LTE.RAN.Mobility.ConnMode.EUTRA.A3MeasureCtrl.{i}.,DEVICE_SERVICES_FAPSERVICE_CELLCONFIG_LTE_RAN_MOBILITY_CONNMODE_EUTRA_A3MEASURECTRL,LST A3_MEASURE_CTRL;MOD A3_MEASURE_CTRL,中国移动TD-LTE皮站_飞站基站设备网络管理南向接口数据配置模型规范V2.3.xlsx,SJ,127
CMCC_TD_LTE_V2.3,A4事件测量控制参数,Device.Services.FAPService.{i}.CellConfig.LTE.RAN.Mobility.ConnMode.EUTRA.A4MeasureCtrl.{i}.A4ThresholdRSRP,Device,parameter,A4事件RSRP门限,RW,unsignedInt[0:97],4661a62e-e830-48ab-a505-0bc5b9fdd5ef,parameter,READ_WRITE,U_INT,,already_in_mml,yes,LST A4_MEASURE_CTRL;MOD A4_MEASURE_CTRL,parent_exact,SJ,移动性参数管理,A4 事件测量控制,Device.Services.FAPService.{i}.CellConfig.LTE.RAN.Mobility.ConnMode.EUTRA.A4MeasureCtrl.{i}.,DEVICE_SERVICES_FAPSERVICE_CELLCONFIG_LTE_RAN_MOBILITY_CONNMODE_EUTRA_A4MEASURECTRL,LST A4_MEASURE_CTRL;MOD A4_MEASURE_CTRL,中国移动TD-LTE皮站_飞站基站设备网络管理南向接口数据配置模型规范V2.3.xlsx,SJ,151
CMCC_TD_LTE_V2.3,A4事件测量控制参数,Device.Services.FAPService.{i}.CellConfig.LTE.RAN.Mobility.ConnMode.EUTRA.A4MeasureCtrl.{i}.A4ThresholdRSRQ,Device,parameter,A4事件RSRQ门限,RW,unsignedInt[0:34],23b896a8-1620-4144-8442-26ceb898ce7c,parameter,READ_WRITE,U_INT,,already_in_mml,yes,LST A4_MEASURE_CTRL;MOD A4_MEASURE_CTRL,parent_exact,SJ,移动性参数管理,A4 事件测量控制,Device.Services.FAPService.{i}.CellConfig.LTE.RAN.Mobility.ConnMode.EUTRA.A4MeasureCtrl.{i}.,DEVICE_SERVICES_FAPSERVICE_CELLCONFIG_LTE_RAN_MOBILITY_CONNMODE_EUTRA_A4MEASURECTRL,LST A4_MEASURE_CTRL;MOD A4_MEASURE_CTRL,中国移动TD-LTE皮站_飞站基站设备网络管理南向接口数据配置模型规范V2.3.xlsx,SJ,152
CMCC_TD_LTE_V2.3,A4事件测量控制参数,Device.Services.FAPService.{i}.CellConfig.LTE.RAN.Mobility.ConnMode.EUTRA.A4MeasureCtrl.{i}.Enable,Device,parameter,使能开关,RW,boolean,463708a6-592e-414b-8f26-3bede652b29a,parameter,READ_WRITE,BOOLEAN,,already_in_mml,yes,LST A4_MEASURE_CTRL;MOD A4_MEASURE_CTRL,parent_exact,SJ,移动性参数管理,A4 事件测量控制,Device.Services.FAPService.{i}.CellConfig.LTE.RAN.Mobility.ConnMode.EUTRA.A4MeasureCtrl.{i}.,DEVICE_SERVICES_FAPSERVICE_CELLCONFIG_LTE_RAN_MOBILITY_CONNMODE_EUTRA_A4MEASURECTRL,LST A4_MEASURE_CTRL;MOD A4_MEASURE_CTRL,中国移动TD-LTE皮站_飞站基站设备网络管理南向接口数据配置模型规范V2.3.xlsx,SJ,150
CMCC_TD_LTE_V2.3,A4事件测量控制参数,Device.Services.FAPService.{i}.CellConfig.LTE.RAN.Mobility.ConnMode.EUTRA.A4MeasureCtrl.{i}.Hysteresis,Device,parameter,迟滞值,RW,unsignedInt[0:34],148e1156-9cf7-4b82-be04-6f1a981199b6,parameter,READ_WRITE,U_INT,,already_in_mml,yes,LST A4_MEASURE_CTRL;MOD A4_MEASURE_CTRL,parent_exact,SJ,移动性参数管理,A4 事件测量控制,Device.Services.FAPService.{i}.CellConfig.LTE.RAN.Mobility.ConnMode.EUTRA.A4MeasureCtrl.{i}.,DEVICE_SERVICES_FAPSERVICE_CELLCONFIG_LTE_RAN_MOBILITY_CONNMODE_EUTRA_A4MEASURECTRL,LST A4_MEASURE_CTRL;MOD A4_MEASURE_CTRL,中国移动TD-LTE皮站_飞站基站设备网络管理南向接口数据配置模型规范V2.3.xlsx,SJ,153
CMCC_TD_LTE_V2.3,A4事件测量控制参数,Device.Services.FAPService.{i}.CellConfig.LTE.RAN.Mobility.ConnMode.EUTRA.A4MeasureCtrl.{i}.MaxReportCells,Device,parameter,最大上报小区数,RW,unsignedInt[1:8],2953731d-a0e5-4d88-898a-1b325857e43c,parameter,READ_WRITE,U_INT,,already_in_mml,yes,LST A4_MEASURE_CTRL;MOD A4_MEASURE_CTRL,parent_exact,SJ,移动性参数管理,A4 事件测量控制,Device.Services.FAPService.{i}.CellConfig.LTE.RAN.Mobility.ConnMode.EUTRA.A4MeasureCtrl.{i}.,DEVICE_SERVICES_FAPSERVICE_CELLCONFIG_LTE_RAN_MOBILITY_CONNMODE_EUTRA_A4MEASURECTRL,LST A4_MEASURE_CTRL;MOD A4_MEASURE_CTRL,中国移动TD-LTE皮站_飞站基站设备网络管理南向接口数据配置模型规范V2.3.xlsx,SJ,154
CMCC_TD_LTE_V2.3,A4事件测量控制参数,Device.Services.FAPService.{i}.CellConfig.LTE.RAN.Mobility.ConnMode.EUTRA.A4MeasureCtrl.{i}.MeasurePurpose,Device,parameter,测量目的,R,unsignedInt[1:100],60509208-e307-4d89-846d-a5eda1d9189b,parameter,READ_ONLY,U_INT,,already_in_mml,yes,LST A4_MEASURE_CTRL,parent_exact,SJ,移动性参数管理,A4 事件测量控制,Device.Services.FAPService.{i}.CellConfig.LTE.RAN.Mobility.ConnMode.EUTRA.A4MeasureCtrl.{i}.,DEVICE_SERVICES_FAPSERVICE_CELLCONFIG_LTE_RAN_MOBILITY_CONNMODE_EUTRA_A4MEASURECTRL,LST A4_MEASURE_CTRL,中国移动TD-LTE皮站_飞站基站设备网络管理南向接口数据配置模型规范V2.3.xlsx,SJ,155
CMCC_TD_LTE_V2.3,A4事件测量控制参数,Device.Services.FAPService.{i}.CellConfig.LTE.RAN.Mobility.ConnMode.EUTRA.A4MeasureCtrl.{i}.ReportAmount,Device,parameter,上报次数,RW,"unsignedInt[0:2, 4, 8, 16, 32, 64]",a9ce9caf-e915-445d-af6f-990225a57b20,parameter,READ_WRITE,U_INT,,already_in_mml,yes,LST A4_MEASURE_CTRL;MOD A4_MEASURE_CTRL,parent_exact,SJ,移动性参数管理,A4 事件测量控制,Device.Services.FAPService.{i}.CellConfig.LTE.RAN.Mobility.ConnMode.EUTRA.A4MeasureCtrl.{i}.,DEVICE_SERVICES_FAPSERVICE_CELLCONFIG_LTE_RAN_MOBILITY_CONNMODE_EUTRA_A4MEASURECTRL,LST A4_MEASURE_CTRL;MOD A4_MEASURE_CTRL,中国移动TD-LTE皮站_飞站基站设备网络管理南向接口数据配置模型规范V2.3.xlsx,SJ,156
CMCC_TD_LTE_V2.3,A4事件测量控制参数,Device.Services.FAPService.{i}.CellConfig.LTE.RAN.Mobility.ConnMode.EUTRA.A4MeasureCtrl.{i}.ReportInterval,Device,parameter,上报间隔,RW,"unsignedInt[120, 240, 480, 640, 1024, 2048, 5120, 10240, 60000, 360000, 720000, 1800000, 3600000]",78ef1e0a-d07d-4586-a270-77807bccb7a5,parameter,READ_WRITE,U_INT,,already_in_mml,yes,LST A4_MEASURE_CTRL;MOD A4_MEASURE_CTRL,parent_exact,SJ,移动性参数管理,A4 事件测量控制,Device.Services.FAPService.{i}.CellConfig.LTE.RAN.Mobility.ConnMode.EUTRA.A4MeasureCtrl.{i}.,DEVICE_SERVICES_FAPSERVICE_CELLCONFIG_LTE_RAN_MOBILITY_CONNMODE_EUTRA_A4MEASURECTRL,LST A4_MEASURE_CTRL;MOD A4_MEASURE_CTRL,中国移动TD-LTE皮站_飞站基站设备网络管理南向接口数据配置模型规范V2.3.xlsx,SJ,157
CMCC_TD_LTE_V2.3,A4事件测量控制参数,Device.Services.FAPService.{i}.CellConfig.LTE.RAN.Mobility.ConnMode.EUTRA.A4MeasureCtrl.{i}.ReportQuantity,Device,parameter,上报量,RW,string,91776667-d255-4ab9-bb7f-084d6741fe52,parameter,READ_WRITE,STRING,,already_in_mml,yes,LST A4_MEASURE_CTRL;MOD A4_MEASURE_CTRL,parent_exact,SJ,移动性参数管理,A4 事件测量控制,Device.Services.FAPService.{i}.CellConfig.LTE.RAN.Mobility.ConnMode.EUTRA.A4MeasureCtrl.{i}.,DEVICE_SERVICES_FAPSERVICE_CELLCONFIG_LTE_RAN_MOBILITY_CONNMODE_EUTRA_A4MEASURECTRL,LST A4_MEASURE_CTRL;MOD A4_MEASURE_CTRL,中国移动TD-LTE皮站_飞站基站设备网络管理南向接口数据配置模型规范V2.3.xlsx,SJ,158
CMCC_TD_LTE_V2.3,A4事件测量控制参数,Device.Services.FAPService.{i}.CellConfig.LTE.RAN.Mobility.ConnMode.EUTRA.A4MeasureCtrl.{i}.TimeToTrigger,Device,parameter,触发时间,RW,"unsignedInt[0,40, 64, 80,100,128, 160,256,320, 480, 512, 640, 1024,1280,2560,5120]",c4377a95-113f-4c5d-998c-8d9ba957fd3c,parameter,READ_WRITE,U_INT,,already_in_mml,yes,LST A4_MEASURE_CTRL;MOD A4_MEASURE_CTRL,parent_exact,SJ,移动性参数管理,A4 事件测量控制,Device.Services.FAPService.{i}.CellConfig.LTE.RAN.Mobility.ConnMode.EUTRA.A4MeasureCtrl.{i}.,DEVICE_SERVICES_FAPSERVICE_CELLCONFIG_LTE_RAN_MOBILITY_CONNMODE_EUTRA_A4MEASURECTRL,LST A4_MEASURE_CTRL;MOD A4_MEASURE_CTRL,中国移动TD-LTE皮站_飞站基站设备网络管理南向接口数据配置模型规范V2.3.xlsx,SJ,159
CMCC_TD_LTE_V2.3,A4事件测量控制参数,Device.Services.FAPService.{i}.CellConfig.LTE.RAN.Mobility.ConnMode.EUTRA.A4MeasureCtrl.{i}.TriggerQuantity,Device,parameter,触发量,RW,string,28fe3fc7-15ce-441a-bd45-920f6c86de98,parameter,READ_WRITE,STRING,,already_in_mml,yes,LST A4_MEASURE_CTRL;MOD A4_MEASURE_CTRL,parent_exact,SJ,移动性参数管理,A4 事件测量控制,Device.Services.FAPService.{i}.CellConfig.LTE.RAN.Mobility.ConnMode.EUTRA.A4MeasureCtrl.{i}.,DEVICE_SERVICES_FAPSERVICE_CELLCONFIG_LTE_RAN_MOBILITY_CONNMODE_EUTRA_A4MEASURECTRL,LST A4_MEASURE_CTRL;MOD A4_MEASURE_CTRL,中国移动TD-LTE皮站_飞站基站设备网络管理南向接口数据配置模型规范V2.3.xlsx,SJ,160
CMCC_TD_LTE_V2.3,A5事件测量控制参数,Device.Services.FAPService.{i}.CellConfig.LTE.RAN.Mobility.ConnMode.EUTRA.A5MeasureCtrl.{i}.A5Threshold1RSRP,Device,parameter,A5事件RSRP门限1,RW,unsignedInt[0:97],3c95f584-960a-483b-ac16-1193cd2d7428,parameter,READ_WRITE,U_INT,,already_in_mml,yes,LST A5_MEASURE_CTRL;MOD A5_MEASURE_CTRL,parent_exact,SJ,移动性参数管理,A5 事件测量控制,Device.Services.FAPService.{i}.CellConfig.LTE.RAN.Mobility.ConnMode.EUTRA.A5MeasureCtrl.{i}.,DEVICE_SERVICES_FAPSERVICE_CELLCONFIG_LTE_RAN_MOBILITY_CONNMODE_EUTRA_A5MEASURECTRL,LST A5_MEASURE_CTRL;MOD A5_MEASURE_CTRL,中国移动TD-LTE皮站_飞站基站设备网络管理南向接口数据配置模型规范V2.3.xlsx,SJ,173
CMCC_TD_LTE_V2.3,A5事件测量控制参数,Device.Services.FAPService.{i}.CellConfig.LTE.RAN.Mobility.ConnMode.EUTRA.A5MeasureCtrl.{i}.A5Threshold1RSRQ,Device,parameter,A5事件RSRQ门限1,RW,unsignedInt[0:34],e0b07386-306e-4cfa-b0f2-81c55f39e7ca,parameter,READ_WRITE,U_INT,,already_in_mml,yes,LST A5_MEASURE_CTRL;MOD A5_MEASURE_CTRL,parent_exact,SJ,移动性参数管理,A5 事件测量控制,Device.Services.FAPService.{i}.CellConfig.LTE.RAN.Mobility.ConnMode.EUTRA.A5MeasureCtrl.{i}.,DEVICE_SERVICES_FAPSERVICE_CELLCONFIG_LTE_RAN_MOBILITY_CONNMODE_EUTRA_A5MEASURECTRL,LST A5_MEASURE_CTRL;MOD A5_MEASURE_CTRL,中国移动TD-LTE皮站_飞站基站设备网络管理南向接口数据配置模型规范V2.3.xlsx,SJ,174
CMCC_TD_LTE_V2.3,A5事件测量控制参数,Device.Services.FAPService.{i}.CellConfig.LTE.RAN.Mobility.ConnMode.EUTRA.A5MeasureCtrl.{i}.A5Threshold2RSRP,Device,parameter,A5事件RSRP门限2,RW,unsignedInt[0:97],d7c2ead9-b963-4e24-a318-a77b2dbd7631,parameter,READ_WRITE,U_INT,,already_in_mml,yes,LST A5_MEASURE_CTRL;MOD A5_MEASURE_CTRL,parent_exact,SJ,移动性参数管理,A5 事件测量控制,Device.Services.FAPService.{i}.CellConfig.LTE.RAN.Mobility.ConnMode.EUTRA.A5MeasureCtrl.{i}.,DEVICE_SERVICES_FAPSERVICE_CELLCONFIG_LTE_RAN_MOBILITY_CONNMODE_EUTRA_A5MEASURECTRL,LST A5_MEASURE_CTRL;MOD A5_MEASURE_CTRL,中国移动TD-LTE皮站_飞站基站设备网络管理南向接口数据配置模型规范V2.3.xlsx,SJ,175
CMCC_TD_LTE_V2.3,A5事件测量控制参数,Device.Services.FAPService.{i}.CellConfig.LTE.RAN.Mobility.ConnMode.EUTRA.A5MeasureCtrl.{i}.A5Threshold2RSRQ,Device,parameter,A5事件RSRQ门限2,RW,unsignedInt[0:34],63209872-d1d9-49f5-a6f5-c65820f78eae,parameter,READ_WRITE,U_INT,,already_in_mml,yes,LST A5_MEASURE_CTRL;MOD A5_MEASURE_CTRL,parent_exact,SJ,移动性参数管理,A5 事件测量控制,Device.Services.FAPService.{i}.CellConfig.LTE.RAN.Mobility.ConnMode.EUTRA.A5MeasureCtrl.{i}.,DEVICE_SERVICES_FAPSERVICE_CELLCONFIG_LTE_RAN_MOBILITY_CONNMODE_EUTRA_A5MEASURECTRL,LST A5_MEASURE_CTRL;MOD A5_MEASURE_CTRL,中国移动TD-LTE皮站_飞站基站设备网络管理南向接口数据配置模型规范V2.3.xlsx,SJ,176
CMCC_TD_LTE_V2.3,A5事件测量控制参数,Device.Services.FAPService.{i}.CellConfig.LTE.RAN.Mobility.ConnMode.EUTRA.A5MeasureCtrl.{i}.Enable,Device,parameter,使能开关,RW,boolean,5e53004f-11d3-48ed-addc-8ee5bdb34d99,parameter,READ_WRITE,BOOLEAN,,already_in_mml,yes,LST A5_MEASURE_CTRL;MOD A5_MEASURE_CTRL,parent_exact,SJ,移动性参数管理,A5 事件测量控制,Device.Services.FAPService.{i}.CellConfig.LTE.RAN.Mobility.ConnMode.EUTRA.A5MeasureCtrl.{i}.,DEVICE_SERVICES_FAPSERVICE_CELLCONFIG_LTE_RAN_MOBILITY_CONNMODE_EUTRA_A5MEASURECTRL,LST A5_MEASURE_CTRL;MOD A5_MEASURE_CTRL,中国移动TD-LTE皮站_飞站基站设备网络管理南向接口数据配置模型规范V2.3.xlsx,SJ,172
CMCC_TD_LTE_V2.3,A5事件测量控制参数,Device.Services.FAPService.{i}.CellConfig.LTE.RAN.Mobility.ConnMode.EUTRA.A5MeasureCtrl.{i}.Hysteresis,Device,parameter,迟滞值,RW,unsignedInt[0:30],40fbf18d-17e8-4d92-8286-f33c5067d13f,parameter,READ_WRITE,U_INT,,already_in_mml,yes,LST A5_MEASURE_CTRL;MOD A5_MEASURE_CTRL,parent_exact,SJ,移动性参数管理,A5 事件测量控制,Device.Services.FAPService.{i}.CellConfig.LTE.RAN.Mobility.ConnMode.EUTRA.A5MeasureCtrl.{i}.,DEVICE_SERVICES_FAPSERVICE_CELLCONFIG_LTE_RAN_MOBILITY_CONNMODE_EUTRA_A5MEASURECTRL,LST A5_MEASURE_CTRL;MOD A5_MEASURE_CTRL,中国移动TD-LTE皮站_飞站基站设备网络管理南向接口数据配置模型规范V2.3.xlsx,SJ,177
CMCC_TD_LTE_V2.3,A5事件测量控制参数,Device.Services.FAPService.{i}.CellConfig.LTE.RAN.Mobility.ConnMode.EUTRA.A5MeasureCtrl.{i}.MaxReportCells,Device,parameter,最大上报小区数,RW,unsignedInt[1:8],1709a71b-7613-4da9-ae98-9952abf37aaa,parameter,READ_WRITE,U_INT,,already_in_mml,yes,LST A5_MEASURE_CTRL;MOD A5_MEASURE_CTRL,parent_exact,SJ,移动性参数管理,A5 事件测量控制,Device.Services.FAPService.{i}.CellConfig.LTE.RAN.Mobility.ConnMode.EUTRA.A5MeasureCtrl.{i}.,DEVICE_SERVICES_FAPSERVICE_CELLCONFIG_LTE_RAN_MOBILITY_CONNMODE_EUTRA_A5MEASURECTRL,LST A5_MEASURE_CTRL;MOD A5_MEASURE_CTRL,中国移动TD-LTE皮站_飞站基站设备网络管理南向接口数据配置模型规范V2.3.xlsx,SJ,178
CMCC_TD_LTE_V2.3,A5事件测量控制参数,Device.Services.FAPService.{i}.CellConfig.LTE.RAN.Mobility.ConnMode.EUTRA.A5MeasureCtrl.{i}.MeasurePurpose,Device,parameter,测量目的,R,unsignedInt[1:100],a6accc2b-37c8-4a18-a26b-f51bd278690a,parameter,READ_ONLY,U_INT,,already_in_mml,yes,LST A5_MEASURE_CTRL,parent_exact,SJ,移动性参数管理,A5 事件测量控制,Device.Services.FAPService.{i}.CellConfig.LTE.RAN.Mobility.ConnMode.EUTRA.A5MeasureCtrl.{i}.,DEVICE_SERVICES_FAPSERVICE_CELLCONFIG_LTE_RAN_MOBILITY_CONNMODE_EUTRA_A5MEASURECTRL,LST A5_MEASURE_CTRL,中国移动TD-LTE皮站_飞站基站设备网络管理南向接口数据配置模型规范V2.3.xlsx,SJ,179
CMCC_TD_LTE_V2.3,A5事件测量控制参数,Device.Services.FAPService.{i}.CellConfig.LTE.RAN.Mobility.ConnMode.EUTRA.A5MeasureCtrl.{i}.ReportAmount,Device,parameter,上报次数,RW,"unsignedInt[0:2, 4, 8, 16, 32, 64]",a3ef43c9-8dfd-4ffd-8706-6a31f5294922,parameter,READ_WRITE,U_INT,,already_in_mml,yes,LST A5_MEASURE_CTRL;MOD A5_MEASURE_CTRL,parent_exact,SJ,移动性参数管理,A5 事件测量控制,Device.Services.FAPService.{i}.CellConfig.LTE.RAN.Mobility.ConnMode.EUTRA.A5MeasureCtrl.{i}.,DEVICE_SERVICES_FAPSERVICE_CELLCONFIG_LTE_RAN_MOBILITY_CONNMODE_EUTRA_A5MEASURECTRL,LST A5_MEASURE_CTRL;MOD A5_MEASURE_CTRL,中国移动TD-LTE皮站_飞站基站设备网络管理南向接口数据配置模型规范V2.3.xlsx,SJ,180
CMCC_TD_LTE_V2.3,A5事件测量控制参数,Device.Services.FAPService.{i}.CellConfig.LTE.RAN.Mobility.ConnMode.EUTRA.A5MeasureCtrl.{i}.ReportInterval,Device,parameter,上报间隔,RW,"unsignedInt[120, 240, 480, 640, 1024, 2048, 5120, 10240, 60000, 360000, 720000, 1800000, 3600000]",d7777995-56e6-4a2a-bfc8-f1921bd22fa1,parameter,READ_WRITE,U_INT,,already_in_mml,yes,LST A5_MEASURE_CTRL;MOD A5_MEASURE_CTRL,parent_exact,SJ,移动性参数管理,A5 事件测量控制,Device.Services.FAPService.{i}.CellConfig.LTE.RAN.Mobility.ConnMode.EUTRA.A5MeasureCtrl.{i}.,DEVICE_SERVICES_FAPSERVICE_CELLCONFIG_LTE_RAN_MOBILITY_CONNMODE_EUTRA_A5MEASURECTRL,LST A5_MEASURE_CTRL;MOD A5_MEASURE_CTRL,中国移动TD-LTE皮站_飞站基站设备网络管理南向接口数据配置模型规范V2.3.xlsx,SJ,181
CMCC_TD_LTE_V2.3,A5事件测量控制参数,Device.Services.FAPService.{i}.CellConfig.LTE.RAN.Mobility.ConnMode.EUTRA.A5MeasureCtrl.{i}.ReportQuantity,Device,parameter,上报量,RW,string,c44f7ca8-8b4f-442b-b160-b22f5121b611,parameter,READ_WRITE,STRING,,already_in_mml,yes,LST A5_MEASURE_CTRL;MOD A5_MEASURE_CTRL,parent_exact,SJ,移动性参数管理,A5 事件测量控制,Device.Services.FAPService.{i}.CellConfig.LTE.RAN.Mobility.ConnMode.EUTRA.A5MeasureCtrl.{i}.,DEVICE_SERVICES_FAPSERVICE_CELLCONFIG_LTE_RAN_MOBILITY_CONNMODE_EUTRA_A5MEASURECTRL,LST A5_MEASURE_CTRL;MOD A5_MEASURE_CTRL,中国移动TD-LTE皮站_飞站基站设备网络管理南向接口数据配置模型规范V2.3.xlsx,SJ,182
CMCC_TD_LTE_V2.3,A5事件测量控制参数,Device.Services.FAPService.{i}.CellConfig.LTE.RAN.Mobility.ConnMode.EUTRA.A5MeasureCtrl.{i}.TimeToTrigger,Device,parameter,触发时间,RW,"unsignedInt[0,40, 64, 80,100,128, 160,256,320, 480, 512, 640, 1024,1280,2560,5120]",c969baba-2080-498c-a5a4-c1401d843a0b,parameter,READ_WRITE,U_INT,,already_in_mml,yes,LST A5_MEASURE_CTRL;MOD A5_MEASURE_CTRL,parent_exact,SJ,移动性参数管理,A5 事件测量控制,Device.Services.FAPService.{i}.CellConfig.LTE.RAN.Mobility.ConnMode.EUTRA.A5MeasureCtrl.{i}.,DEVICE_SERVICES_FAPSERVICE_CELLCONFIG_LTE_RAN_MOBILITY_CONNMODE_EUTRA_A5MEASURECTRL,LST A5_MEASURE_CTRL;MOD A5_MEASURE_CTRL,中国移动TD-LTE皮站_飞站基站设备网络管理南向接口数据配置模型规范V2.3.xlsx,SJ,183
CMCC_TD_LTE_V2.3,A5事件测量控制参数,Device.Services.FAPService.{i}.CellConfig.LTE.RAN.Mobility.ConnMode.EUTRA.A5MeasureCtrl.{i}.TriggerQuantity,Device,parameter,触发量,RW,string,72507912-3fe7-4ad2-b48a-8cb88190a398,parameter,READ_WRITE,STRING,,already_in_mml,yes,LST A5_MEASURE_CTRL;MOD A5_MEASURE_CTRL,parent_exact,SJ,移动性参数管理,A5 事件测量控制,Device.Services.FAPService.{i}.CellConfig.LTE.RAN.Mobility.ConnMode.EUTRA.A5MeasureCtrl.{i}.,DEVICE_SERVICES_FAPSERVICE_CELLCONFIG_LTE_RAN_MOBILITY_CONNMODE_EUTRA_A5MEASURECTRL,LST A5_MEASURE_CTRL;MOD A5_MEASURE_CTRL,中国移动TD-LTE皮站_飞站基站设备网络管理南向接口数据配置模型规范V2.3.xlsx,SJ,184
CMCC_TD_LTE_V2.3,B1事件测量控制参数,Device.Services.FAPService.{i}.CellConfig.LTE.RAN.Mobility.ConnMode.IRAT.B1MeasureCtrl.{i}.B1ThresholdCDMA2000,Device,parameter,B1事件门限(CDMA2000),RW,int[-5:91],7d32101b-2468-44ae-8726-d1521af8414b,parameter,READ_WRITE,INT,,already_in_mml,yes,LST B1_MEASURE_CTRL;MOD B1_MEASURE_CTRL,parent_exact,SJ,移动性参数管理,B1 事件测量控制,Device.Services.FAPService.{i}.CellConfig.LTE.RAN.Mobility.ConnMode.IRAT.B1MeasureCtrl.{i}.,DEVICE_SERVICES_FAPSERVICE_CELLCONFIG_LTE_RAN_MOBILITY_CONNMODE_IRAT_B1MEASURECTRL,LST B1_MEASURE_CTRL;MOD B1_MEASURE_CTRL,中国移动TD-LTE皮站_飞站基站设备网络管理南向接口数据配置模型规范V2.3.xlsx,SJ,199
CMCC_TD_LTE_V2.3,B1事件测量控制参数,Device.Services.FAPService.{i}.CellConfig.LTE.RAN.Mobility.ConnMode.IRAT.B1MeasureCtrl.{i}.B1ThresholdGERAN,Device,parameter,B1事件门限(GERAN),RW,unsignedInt[0:63],143202d2-b49a-438e-bf12-8c9f15ae3458,parameter,READ_WRITE,U_INT,,already_in_mml,yes,LST B1_MEASURE_CTRL;MOD B1_MEASURE_CTRL,parent_exact,SJ,移动性参数管理,B1 事件测量控制,Device.Services.FAPService.{i}.CellConfig.LTE.RAN.Mobility.ConnMode.IRAT.B1MeasureCtrl.{i}.,DEVICE_SERVICES_FAPSERVICE_CELLCONFIG_LTE_RAN_MOBILITY_CONNMODE_IRAT_B1MEASURECTRL,LST B1_MEASURE_CTRL;MOD B1_MEASURE_CTRL,中国移动TD-LTE皮站_飞站基站设备网络管理南向接口数据配置模型规范V2.3.xlsx,SJ,200
CMCC_TD_LTE_V2.3,B1事件测量控制参数,Device.Services.FAPService.{i}.CellConfig.LTE.RAN.Mobility.ConnMode.IRAT.B1MeasureCtrl.{i}.B1ThresholdUTRAEcN0,Device,parameter,B1事件EcN0门限(UTRA),RW,unsignedInt[0:49],cd317270-d572-4b5b-bae3-3916fe2c8236,parameter,READ_WRITE,U_INT,,already_in_mml,yes,LST B1_MEASURE_CTRL;MOD B1_MEASURE_CTRL,parent_exact,SJ,移动性参数管理,B1 事件测量控制,Device.Services.FAPService.{i}.CellConfig.LTE.RAN.Mobility.ConnMode.IRAT.B1MeasureCtrl.{i}.,DEVICE_SERVICES_FAPSERVICE_CELLCONFIG_LTE_RAN_MOBILITY_CONNMODE_IRAT_B1MEASURECTRL,LST B1_MEASURE_CTRL;MOD B1_MEASURE_CTRL,中国移动TD-LTE皮站_飞站基站设备网络管理南向接口数据配置模型规范V2.3.xlsx,SJ,201
CMCC_TD_LTE_V2.3,B1事件测量控制参数,Device.Services.FAPService.{i}.CellConfig.LTE.RAN.Mobility.ConnMode.IRAT.B1MeasureCtrl.{i}.B1ThresholdUTRARSCP,Device,parameter,B1事件RSCP门限(UTRA),RW,int[-5:91],624b2a07-450b-4812-8d1c-ab43977e039e,parameter,READ_WRITE,INT,,already_in_mml,yes,LST B1_MEASURE_CTRL;MOD B1_MEASURE_CTRL,parent_exact,SJ,移动性参数管理,B1 事件测量控制,Device.Services.FAPService.{i}.CellConfig.LTE.RAN.Mobility.ConnMode.IRAT.B1MeasureCtrl.{i}.,DEVICE_SERVICES_FAPSERVICE_CELLCONFIG_LTE_RAN_MOBILITY_CONNMODE_IRAT_B1MEASURECTRL,LST B1_MEASURE_CTRL;MOD B1_MEASURE_CTRL,中国移动TD-LTE皮站_飞站基站设备网络管理南向接口数据配置模型规范V2.3.xlsx,SJ,202
CMCC_TD_LTE_V2.3,B1事件测量控制参数,Device.Services.FAPService.{i}.CellConfig.LTE.RAN.Mobility.ConnMode.IRAT.B1MeasureCtrl.{i}.Enable,Device,parameter,使能开关,RW,boolean,69a0638d-a373-4fa8-9dd3-4b290dcf4e90,parameter,READ_WRITE,BOOLEAN,,already_in_mml,yes,LST B1_MEASURE_CTRL;MOD B1_MEASURE_CTRL,parent_exact,SJ,移动性参数管理,B1 事件测量控制,Device.Services.FAPService.{i}.CellConfig.LTE.RAN.Mobility.ConnMode.IRAT.B1MeasureCtrl.{i}.,DEVICE_SERVICES_FAPSERVICE_CELLCONFIG_LTE_RAN_MOBILITY_CONNMODE_IRAT_B1MEASURECTRL,LST B1_MEASURE_CTRL;MOD B1_MEASURE_CTRL,中国移动TD-LTE皮站_飞站基站设备网络管理南向接口数据配置模型规范V2.3.xlsx,SJ,198
CMCC_TD_LTE_V2.3,B1事件测量控制参数,Device.Services.FAPService.{i}.CellConfig.LTE.RAN.Mobility.ConnMode.IRAT.B1MeasureCtrl.{i}.Hysteresis,Device,parameter,迟滞值,RW,unsignedInt[0:30],8b0677fc-78e6-40b2-9e24-b300e9fcfe2b,parameter,READ_WRITE,U_INT,,already_in_mml,yes,LST B1_MEASURE_CTRL;MOD B1_MEASURE_CTRL,parent_exact,SJ,移动性参数管理,B1 事件测量控制,Device.Services.FAPService.{i}.CellConfig.LTE.RAN.Mobility.ConnMode.IRAT.B1MeasureCtrl.{i}.,DEVICE_SERVICES_FAPSERVICE_CELLCONFIG_LTE_RAN_MOBILITY_CONNMODE_IRAT_B1MEASURECTRL,LST B1_MEASURE_CTRL;MOD B1_MEASURE_CTRL,中国移动TD-LTE皮站_飞站基站设备网络管理南向接口数据配置模型规范V2.3.xlsx,SJ,203
CMCC_TD_LTE_V2.3,B1事件测量控制参数,Device.Services.FAPService.{i}.CellConfig.LTE.RAN.Mobility.ConnMode.IRAT.B1MeasureCtrl.{i}.MaxReportCells,Device,parameter,最大上报小区数,RW,unsignedInt[1:8],3ca2a649-d385-4d1e-bfa3-d90e371577a6,parameter,READ_WRITE,U_INT,,already_in_mml,yes,LST B1_MEASURE_CTRL;MOD B1_MEASURE_CTRL,parent_exact,SJ,移动性参数管理,B1 事件测量控制,Device.Services.FAPService.{i}.CellConfig.LTE.RAN.Mobility.ConnMode.IRAT.B1MeasureCtrl.{i}.,DEVICE_SERVICES_FAPSERVICE_CELLCONFIG_LTE_RAN_MOBILITY_CONNMODE_IRAT_B1MEASURECTRL,LST B1_MEASURE_CTRL;MOD B1_MEASURE_CTRL,中国移动TD-LTE皮站_飞站基站设备网络管理南向接口数据配置模型规范V2.3.xlsx,SJ,204
CMCC_TD_LTE_V2.3,B1事件测量控制参数,Device.Services.FAPService.{i}.CellConfig.LTE.RAN.Mobility.ConnMode.IRAT.B1MeasureCtrl.{i}.MeasurePurpose,Device,parameter,测量目的,R,unsignedInt[1:100],7f5fd158-27c8-41fb-b1d7-e010914802f4,parameter,READ_ONLY,U_INT,,already_in_mml,yes,LST B1_MEASURE_CTRL,parent_exact,SJ,移动性参数管理,B1 事件测量控制,Device.Services.FAPService.{i}.CellConfig.LTE.RAN.Mobility.ConnMode.IRAT.B1MeasureCtrl.{i}.,DEVICE_SERVICES_FAPSERVICE_CELLCONFIG_LTE_RAN_MOBILITY_CONNMODE_IRAT_B1MEASURECTRL,LST B1_MEASURE_CTRL,中国移动TD-LTE皮站_飞站基站设备网络管理南向接口数据配置模型规范V2.3.xlsx,SJ,205
CMCC_TD_LTE_V2.3,B1事件测量控制参数,Device.Services.FAPService.{i}.CellConfig.LTE.RAN.Mobility.ConnMode.IRAT.B1MeasureCtrl.{i}.ReportAmount,Device,parameter,上报次数,RW,"unsignedInt[0:2, 4, 8, 16, 32, 64]",ac374c7a-beed-41e7-bb65-59179fc46aa5,parameter,READ_WRITE,U_INT,,already_in_mml,yes,LST B1_MEASURE_CTRL;MOD B1_MEASURE_CTRL,parent_exact,SJ,移动性参数管理,B1 事件测量控制,Device.Services.FAPService.{i}.CellConfig.LTE.RAN.Mobility.ConnMode.IRAT.B1MeasureCtrl.{i}.,DEVICE_SERVICES_FAPSERVICE_CELLCONFIG_LTE_RAN_MOBILITY_CONNMODE_IRAT_B1MEASURECTRL,LST B1_MEASURE_CTRL;MOD B1_MEASURE_CTRL,中国移动TD-LTE皮站_飞站基站设备网络管理南向接口数据配置模型规范V2.3.xlsx,SJ,206
CMCC_TD_LTE_V2.3,B1事件测量控制参数,Device.Services.FAPService.{i}.CellConfig.LTE.RAN.Mobility.ConnMode.IRAT.B1MeasureCtrl.{i}.ReportInterval,Device,parameter,上报间隔,RW,"unsignedInt[120, 240, 480, 640, 1024, 2048, 5120, 10240, 60000, 360000, 720000, 1800000, 3600000]",8ef72eee-fbc4-468d-81e4-e19e1978bd22,parameter,READ_WRITE,U_INT,,already_in_mml,yes,LST B1_MEASURE_CTRL;MOD B1_MEASURE_CTRL,parent_exact,SJ,移动性参数管理,B1 事件测量控制,Device.Services.FAPService.{i}.CellConfig.LTE.RAN.Mobility.ConnMode.IRAT.B1MeasureCtrl.{i}.,DEVICE_SERVICES_FAPSERVICE_CELLCONFIG_LTE_RAN_MOBILITY_CONNMODE_IRAT_B1MEASURECTRL,LST B1_MEASURE_CTRL;MOD B1_MEASURE_CTRL,中国移动TD-LTE皮站_飞站基站设备网络管理南向接口数据配置模型规范V2.3.xlsx,SJ,207
CMCC_TD_LTE_V2.3,B1事件测量控制参数,Device.Services.FAPService.{i}.CellConfig.LTE.RAN.Mobility.ConnMode.IRAT.B1MeasureCtrl.{i}.TimeToTrigger,Device,parameter,触发时间,RW,"unsignedInt[0,40, 64, 80,100,128, 160,256,320, 480, 512, 640, 1024,1280,2560,5120]",68376649-accb-4a34-abf5-9dbc61cde3d6,parameter,READ_WRITE,U_INT,,already_in_mml,yes,LST B1_MEASURE_CTRL;MOD B1_MEASURE_CTRL,parent_exact,SJ,移动性参数管理,B1 事件测量控制,Device.Services.FAPService.{i}.CellConfig.LTE.RAN.Mobility.ConnMode.IRAT.B1MeasureCtrl.{i}.,DEVICE_SERVICES_FAPSERVICE_CELLCONFIG_LTE_RAN_MOBILITY_CONNMODE_IRAT_B1MEASURECTRL,LST B1_MEASURE_CTRL;MOD B1_MEASURE_CTRL,中国移动TD-LTE皮站_飞站基站设备网络管理南向接口数据配置模型规范V2.3.xlsx,SJ,208
CMCC_TD_LTE_V2.3,B2事件测量控制参数,Device.Services.FAPService.{i}.CellConfig.LTE.RAN.Mobility.ConnMode.IRAT.B2MeasureCtrl.{i}.B2Threshold1EutraRSRP,Device,parameter,B2事件RSRP门限(EUTRA),RW,unsignedInt[0:97],0ebdca1a-a310-47f3-a758-09e8630a32ff,parameter,READ_WRITE,U_INT,,already_in_mml,yes,LST B2_MEASURE_CTRL;MOD B2_MEASURE_CTRL,parent_exact,SJ,移动性参数管理,B2 事件测量控制,Device.Services.FAPService.{i}.CellConfig.LTE.RAN.Mobility.ConnMode.IRAT.B2MeasureCtrl.{i}.,DEVICE_SERVICES_FAPSERVICE_CELLCONFIG_LTE_RAN_MOBILITY_CONNMODE_IRAT_B2MEASURECTRL,LST B2_MEASURE_CTRL;MOD B2_MEASURE_CTRL,中国移动TD-LTE皮站_飞站基站设备网络管理南向接口数据配置模型规范V2.3.xlsx,SJ,232
CMCC_TD_LTE_V2.3,B2事件测量控制参数,Device.Services.FAPService.{i}.CellConfig.LTE.RAN.Mobility.ConnMode.IRAT.B2MeasureCtrl.{i}.B2Threshold1EutraRSRQ,Device,parameter,B2事件RSRQ门限(EUTRA),RW,unsignedInt[0:34],35425f97-82d8-4e13-8beb-00b9226ae70f,parameter,READ_WRITE,U_INT,,already_in_mml,yes,LST B2_MEASURE_CTRL;MOD B2_MEASURE_CTRL,parent_exact,SJ,移动性参数管理,B2 事件测量控制,Device.Services.FAPService.{i}.CellConfig.LTE.RAN.Mobility.ConnMode.IRAT.B2MeasureCtrl.{i}.,DEVICE_SERVICES_FAPSERVICE_CELLCONFIG_LTE_RAN_MOBILITY_CONNMODE_IRAT_B2MEASURECTRL,LST B2_MEASURE_CTRL;MOD B2_MEASURE_CTRL,中国移动TD-LTE皮站_飞站基站设备网络管理南向接口数据配置模型规范V2.3.xlsx,SJ,233
CMCC_TD_LTE_V2.3,B2事件测量控制参数,Device.Services.FAPService.{i}.CellConfig.LTE.RAN.Mobility.ConnMode.IRAT.B2MeasureCtrl.{i}.B2Threshold2CDMA2000,Device,parameter,B2事件门限(CDMA2000),RW,unsignedInt[0:63],66079faf-702a-498e-9c15-6763a042f8da,parameter,READ_WRITE,U_INT,,already_in_mml,yes,LST B2_MEASURE_CTRL;MOD B2_MEASURE_CTRL,parent_exact,SJ,移动性参数管理,B2 事件测量控制,Device.Services.FAPService.{i}.CellConfig.LTE.RAN.Mobility.ConnMode.IRAT.B2MeasureCtrl.{i}.,DEVICE_SERVICES_FAPSERVICE_CELLCONFIG_LTE_RAN_MOBILITY_CONNMODE_IRAT_B2MEASURECTRL,LST B2_MEASURE_CTRL;MOD B2_MEASURE_CTRL,中国移动TD-LTE皮站_飞站基站设备网络管理南向接口数据配置模型规范V2.3.xlsx,SJ,234
CMCC_TD_LTE_V2.3,B2事件测量控制参数,Device.Services.FAPService.{i}.CellConfig.LTE.RAN.Mobility.ConnMode.IRAT.B2MeasureCtrl.{i}.B2Threshold2GERAN,Device,parameter,B2事件门限(GERAN),RW,unsignedInt[0:63],fd8e2100-daf8-427f-936d-f9048a5f0ee4,parameter,READ_WRITE,U_INT,,already_in_mml,yes,LST B2_MEASURE_CTRL;MOD B2_MEASURE_CTRL,parent_exact,SJ,移动性参数管理,B2 事件测量控制,Device.Services.FAPService.{i}.CellConfig.LTE.RAN.Mobility.ConnMode.IRAT.B2MeasureCtrl.{i}.,DEVICE_SERVICES_FAPSERVICE_CELLCONFIG_LTE_RAN_MOBILITY_CONNMODE_IRAT_B2MEASURECTRL,LST B2_MEASURE_CTRL;MOD B2_MEASURE_CTRL,中国移动TD-LTE皮站_飞站基站设备网络管理南向接口数据配置模型规范V2.3.xlsx,SJ,235
CMCC_TD_LTE_V2.3,B2事件测量控制参数,Device.Services.FAPService.{i}.CellConfig.LTE.RAN.Mobility.ConnMode.IRAT.B2MeasureCtrl.{i}.B2Threshold2UTRAEcN0,Device,parameter,B2事件EcN0门限(UTRA),RW,unsignedInt[0:49],8cf3c88e-9d8e-45b2-bfa5-cbeae01b1001,parameter,READ_WRITE,U_INT,,already_in_mml,yes,LST B2_MEASURE_CTRL;MOD B2_MEASURE_CTRL,parent_exact,SJ,移动性参数管理,B2 事件测量控制,Device.Services.FAPService.{i}.CellConfig.LTE.RAN.Mobility.ConnMode.IRAT.B2MeasureCtrl.{i}.,DEVICE_SERVICES_FAPSERVICE_CELLCONFIG_LTE_RAN_MOBILITY_CONNMODE_IRAT_B2MEASURECTRL,LST B2_MEASURE_CTRL;MOD B2_MEASURE_CTRL,中国移动TD-LTE皮站_飞站基站设备网络管理南向接口数据配置模型规范V2.3.xlsx,SJ,236
CMCC_TD_LTE_V2.3,B2事件测量控制参数,Device.Services.FAPService.{i}.CellConfig.LTE.RAN.Mobility.ConnMode.IRAT.B2MeasureCtrl.{i}.B2Threshold2UTRARSCP,Device,parameter,B2触发RSCP门限(UTRA),RW,int[-5:91],59fddf4c-98e1-4902-8eab-d7939ebf6af6,parameter,READ_WRITE,INT,,already_in_mml,yes,LST B2_MEASURE_CTRL;MOD B2_MEASURE_CTRL,parent_exact,SJ,移动性参数管理,B2 事件测量控制,Device.Services.FAPService.{i}.CellConfig.LTE.RAN.Mobility.ConnMode.IRAT.B2MeasureCtrl.{i}.,DEVICE_SERVICES_FAPSERVICE_CELLCONFIG_LTE_RAN_MOBILITY_CONNMODE_IRAT_B2MEASURECTRL,LST B2_MEASURE_CTRL;MOD B2_MEASURE_CTRL,中国移动TD-LTE皮站_飞站基站设备网络管理南向接口数据配置模型规范V2.3.xlsx,SJ,237
CMCC_TD_LTE_V2.3,B2事件测量控制参数,Device.Services.FAPService.{i}.CellConfig.LTE.RAN.Mobility.ConnMode.IRAT.B2MeasureCtrl.{i}.Enable,Device,parameter,使能开关,RW,boolean,0a789b07-9dfe-4d3b-b0c0-6c111d7f4e8e,parameter,READ_WRITE,BOOLEAN,,already_in_mml,yes,LST B2_MEASURE_CTRL;MOD B2_MEASURE_CTRL,parent_exact,SJ,移动性参数管理,B2 事件测量控制,Device.Services.FAPService.{i}.CellConfig.LTE.RAN.Mobility.ConnMode.IRAT.B2MeasureCtrl.{i}.,DEVICE_SERVICES_FAPSERVICE_CELLCONFIG_LTE_RAN_MOBILITY_CONNMODE_IRAT_B2MEASURECTRL,LST B2_MEASURE_CTRL;MOD B2_MEASURE_CTRL,中国移动TD-LTE皮站_飞站基站设备网络管理南向接口数据配置模型规范V2.3.xlsx,SJ,231
CMCC_TD_LTE_V2.3,B2事件测量控制参数,Device.Services.FAPService.{i}.CellConfig.LTE.RAN.Mobility.ConnMode.IRAT.B2MeasureCtrl.{i}.Hysteresis,Device,parameter,迟滞值,RW,unsignedInt[0:30],b705d0ca-cf14-4a00-965b-3826b2332c7f,parameter,READ_WRITE,U_INT,,already_in_mml,yes,LST B2_MEASURE_CTRL;MOD B2_MEASURE_CTRL,parent_exact,SJ,移动性参数管理,B2 事件测量控制,Device.Services.FAPService.{i}.CellConfig.LTE.RAN.Mobility.ConnMode.IRAT.B2MeasureCtrl.{i}.,DEVICE_SERVICES_FAPSERVICE_CELLCONFIG_LTE_RAN_MOBILITY_CONNMODE_IRAT_B2MEASURECTRL,LST B2_MEASURE_CTRL;MOD B2_MEASURE_CTRL,中国移动TD-LTE皮站_飞站基站设备网络管理南向接口数据配置模型规范V2.3.xlsx,SJ,238
CMCC_TD_LTE_V2.3,B2事件测量控制参数,Device.Services.FAPService.{i}.CellConfig.LTE.RAN.Mobility.ConnMode.IRAT.B2MeasureCtrl.{i}.MaxReportCells,Device,parameter,最大上报小区数,RW,unsignedInt[1:8],2eebfdd9-171f-4f00-9550-6d774cf49d7f,parameter,READ_WRITE,U_INT,,already_in_mml,yes,LST B2_MEASURE_CTRL;MOD B2_MEASURE_CTRL,parent_exact,SJ,移动性参数管理,B2 事件测量控制,Device.Services.FAPService.{i}.CellConfig.LTE.RAN.Mobility.ConnMode.IRAT.B2MeasureCtrl.{i}.,DEVICE_SERVICES_FAPSERVICE_CELLCONFIG_LTE_RAN_MOBILITY_CONNMODE_IRAT_B2MEASURECTRL,LST B2_MEASURE_CTRL;MOD B2_MEASURE_CTRL,中国移动TD-LTE皮站_飞站基站设备网络管理南向接口数据配置模型规范V2.3.xlsx,SJ,239
CMCC_TD_LTE_V2.3,B2事件测量控制参数,Device.Services.FAPService.{i}.CellConfig.LTE.RAN.Mobility.ConnMode.IRAT.B2MeasureCtrl.{i}.MeasurePurpose,Device,parameter,测量目的,R,unsignedInt[1:100],615ea913-8a72-4082-80ca-55045b3de685,parameter,READ_ONLY,U_INT,,already_in_mml,yes,LST B2_MEASURE_CTRL,parent_exact,SJ,移动性参数管理,B2 事件测量控制,Device.Services.FAPService.{i}.CellConfig.LTE.RAN.Mobility.ConnMode.IRAT.B2MeasureCtrl.{i}.,DEVICE_SERVICES_FAPSERVICE_CELLCONFIG_LTE_RAN_MOBILITY_CONNMODE_IRAT_B2MEASURECTRL,LST B2_MEASURE_CTRL,中国移动TD-LTE皮站_飞站基站设备网络管理南向接口数据配置模型规范V2.3.xlsx,SJ,240
CMCC_TD_LTE_V2.3,B2事件测量控制参数,Device.Services.FAPService.{i}.CellConfig.LTE.RAN.Mobility.ConnMode.IRAT.B2MeasureCtrl.{i}.ReportAmount,Device,parameter,上报次数,RW,"unsignedInt[0:2, 4, 8, 16, 32, 64]",4b1dae58-5cfe-4f47-97a7-820c503e5318,parameter,READ_WRITE,U_INT,,already_in_mml,yes,LST B2_MEASURE_CTRL;MOD B2_MEASURE_CTRL,parent_exact,SJ,移动性参数管理,B2 事件测量控制,Device.Services.FAPService.{i}.CellConfig.LTE.RAN.Mobility.ConnMode.IRAT.B2MeasureCtrl.{i}.,DEVICE_SERVICES_FAPSERVICE_CELLCONFIG_LTE_RAN_MOBILITY_CONNMODE_IRAT_B2MEASURECTRL,LST B2_MEASURE_CTRL;MOD B2_MEASURE_CTRL,中国移动TD-LTE皮站_飞站基站设备网络管理南向接口数据配置模型规范V2.3.xlsx,SJ,241
CMCC_TD_LTE_V2.3,B2事件测量控制参数,Device.Services.FAPService.{i}.CellConfig.LTE.RAN.Mobility.ConnMode.IRAT.B2MeasureCtrl.{i}.ReportInterval,Device,parameter,上报间隔,RW,"unsignedInt[120, 240, 480, 640, 1024, 2048, 5120, 10240, 60000, 360000, 720000, 1800000, 3600000]",e911c401-29bf-4591-9112-dde0e88b2c6e,parameter,READ_WRITE,U_INT,,already_in_mml,yes,LST B2_MEASURE_CTRL;MOD B2_MEASURE_CTRL,parent_exact,SJ,移动性参数管理,B2 事件测量控制,Device.Services.FAPService.{i}.CellConfig.LTE.RAN.Mobility.ConnMode.IRAT.B2MeasureCtrl.{i}.,DEVICE_SERVICES_FAPSERVICE_CELLCONFIG_LTE_RAN_MOBILITY_CONNMODE_IRAT_B2MEASURECTRL,LST B2_MEASURE_CTRL;MOD B2_MEASURE_CTRL,中国移动TD-LTE皮站_飞站基站设备网络管理南向接口数据配置模型规范V2.3.xlsx,SJ,242
CMCC_TD_LTE_V2.3,B2事件测量控制参数,Device.Services.FAPService.{i}.CellConfig.LTE.RAN.Mobility.ConnMode.IRAT.B2MeasureCtrl.{i}.TimeToTrigger,Device,parameter,触发时间,RW,"unsignedInt[0,40, 64, 80,100,128, 160,256,320, 480, 512, 640, 1024,1280,2560,5120]",cd476090-7d6d-45d6-889e-0f58af34920e,parameter,READ_WRITE,U_INT,,already_in_mml,yes,LST B2_MEASURE_CTRL;MOD B2_MEASURE_CTRL,parent_exact,SJ,移动性参数管理,B2 事件测量控制,Device.Services.FAPService.{i}.CellConfig.LTE.RAN.Mobility.ConnMode.IRAT.B2MeasureCtrl.{i}.,DEVICE_SERVICES_FAPSERVICE_CELLCONFIG_LTE_RAN_MOBILITY_CONNMODE_IRAT_B2MEASURECTRL,LST B2_MEASURE_CTRL;MOD B2_MEASURE_CTRL,中国移动TD-LTE皮站_飞站基站设备网络管理南向接口数据配置模型规范V2.3.xlsx,SJ,243
CMCC_TD_LTE_V2.3,周期性测量的配置,Device.Services.FAPService.{i}.CellConfig.LTE.RAN.Mobility.ConnMode.EUTRA.PeriodMeasCtrl.{i}.MaxReportCells,Device,parameter,小区的最大数目,RW,unsignedInt[1:65535],f8e463fc-e5d0-4645-962a-f09aff0b1601,parameter,READ_WRITE,U_INT,,already_in_mml,yes,LST PERIOD_MEAS_CTRL;MOD PERIOD_MEAS_CTRL,parent_exact,SJ,移动性参数管理,EUTRA 周期测量控制,Device.Services.FAPService.{i}.CellConfig.LTE.RAN.Mobility.ConnMode.EUTRA.PeriodMeasCtrl.{i}.,DEVICE_SERVICES_FAPSERVICE_CELLCONFIG_LTE_RAN_MOBILITY_CONNMODE_EUTRA_PERIODMEASCTRL,LST PERIOD_MEAS_CTRL;MOD PERIOD_MEAS_CTRL,中国移动TD-LTE皮站_飞站基站设备网络管理南向接口数据配置模型规范V2.3.xlsx,SJ,326
CMCC_TD_LTE_V2.3,周期性测量的配置,Device.Services.FAPService.{i}.CellConfig.LTE.RAN.Mobility.ConnMode.EUTRA.PeriodMeasCtrl.{i}.MeasurePurpose,Device,parameter,测量目的,RW,unsignedInt[1:7],d3d478b5-13fb-4b80-8af7-af9f75604059,parameter,READ_WRITE,U_INT,,already_in_mml,yes,LST PERIOD_MEAS_CTRL;MOD PERIOD_MEAS_CTRL,parent_exact,SJ,移动性参数管理,EUTRA 周期测量控制,Device.Services.FAPService.{i}.CellConfig.LTE.RAN.Mobility.ConnMode.EUTRA.PeriodMeasCtrl.{i}.,DEVICE_SERVICES_FAPSERVICE_CELLCONFIG_LTE_RAN_MOBILITY_CONNMODE_EUTRA_PERIODMEASCTRL,LST PERIOD_MEAS_CTRL;MOD PERIOD_MEAS_CTRL,中国移动TD-LTE皮站_飞站基站设备网络管理南向接口数据配置模型规范V2.3.xlsx,SJ,325
CMCC_TD_LTE_V2.3,周期性测量的配置,Device.Services.FAPService.{i}.CellConfig.LTE.RAN.Mobility.ConnMode.EUTRA.PeriodMeasCtrl.{i}.ReportAmount,Device,parameter,测量报告次数,RW,"unsignedInt[0:2, 4, 8, 16, 32, 64]",69cbaa89-f221-4272-90bf-09e680975d99,parameter,READ_WRITE,U_INT,,already_in_mml,yes,LST PERIOD_MEAS_CTRL;MOD PERIOD_MEAS_CTRL,parent_exact,SJ,移动性参数管理,EUTRA 周期测量控制,Device.Services.FAPService.{i}.CellConfig.LTE.RAN.Mobility.ConnMode.EUTRA.PeriodMeasCtrl.{i}.,DEVICE_SERVICES_FAPSERVICE_CELLCONFIG_LTE_RAN_MOBILITY_CONNMODE_EUTRA_PERIODMEASCTRL,LST PERIOD_MEAS_CTRL;MOD PERIOD_MEAS_CTRL,中国移动TD-LTE皮站_飞站基站设备网络管理南向接口数据配置模型规范V2.3.xlsx,SJ,328
CMCC_TD_LTE_V2.3,周期性测量的配置,Device.Services.FAPService.{i}.CellConfig.LTE.RAN.Mobility.ConnMode.EUTRA.PeriodMeasCtrl.{i}.ReportInterval,Device,parameter,周期性测量报告,RW,"unsignedInt[120, 240, 480, 640, 1024, 2048, 5120, 10240,60000,360000, 720000,1800000,3600000]",35a9d404-822f-4f07-8e29-b386a897d1ef,parameter,READ_WRITE,U_INT,,already_in_mml,yes,LST PERIOD_MEAS_CTRL;MOD PERIOD_MEAS_CTRL,parent_exact,SJ,移动性参数管理,EUTRA 周期测量控制,Device.Services.FAPService.{i}.CellConfig.LTE.RAN.Mobility.ConnMode.EUTRA.PeriodMeasCtrl.{i}.,DEVICE_SERVICES_FAPSERVICE_CELLCONFIG_LTE_RAN_MOBILITY_CONNMODE_EUTRA_PERIODMEASCTRL,LST PERIOD_MEAS_CTRL;MOD PERIOD_MEAS_CTRL,中国移动TD-LTE皮站_飞站基站设备网络管理南向接口数据配置模型规范V2.3.xlsx,SJ,327
CMCC_TD_LTE_V2.3,切换公共参数,Device.Services.FAPService.{i}.CellConfig.LTE.RAN.Mobility.ConnMode.EUTRA.MeasureCtrl.Smeasure,Device,parameter,测量启动门限,RW,unsignedInt[0:97],8735701b-f7d0-477e-a947-37012e32c053,parameter,READ_WRITE,U_INT,,already_in_mml,yes,LST CONN_MODE_EUTRA;MOD CONN_MODE_EUTRA,,SJ,移动性参数管理,切换公共参数,Device.Services.FAPService.{i}.CellConfig.LTE.RAN.Mobility.ConnMode.EUTRA.MeasureCtrl.,DEVICE_SERVICES_FAPSERVICE_CELLCONFIG_LTE_RAN_MOBILITY_CONNMODE_EUTRA_MEASURECTRL,LST MEASURE_CTRL;MOD MEASURE_CTRL,中国移动TD-LTE皮站_飞站基站设备网络管理南向接口数据配置模型规范V2.3.xlsx,SJ,6
CMCC_TD_LTE_V2.3,同频重选参数,Device.Services.FAPService.{i}.CellConfig.LTE.RAN.Mobility.IdleMode.IntraFreq.AllowedMeasBandwidth,Device,parameter,测量带宽,RW,"unsignedInt(6,15,25,50,75,100)",0f1b4029-ddd0-43d5-88c5-8246deef9568,parameter,READ_WRITE,U_INT,,already_in_mml,yes,LST MOBILITY_IDLE_MODE;MOD MOBILITY_IDLE_MODE,,SJ,移动性参数管理,同频重选参数,Device.Services.FAPService.{i}.CellConfig.LTE.RAN.Mobility.IdleMode.IntraFreq.,DEVICE_SERVICES_FAPSERVICE_CELLCONFIG_LTE_RAN_MOBILITY_IDLEMODE_INTRAFREQ,LST INTRA_FREQ;MOD INTRA_FREQ,中国移动TD-LTE皮站_飞站基站设备网络管理南向接口数据配置模型规范V2.3.xlsx,SJ,297
CMCC_TD_LTE_V2.3,同频重选参数,Device.Services.FAPService.{i}.CellConfig.LTE.RAN.Mobility.IdleMode.IntraFreq.CellReselectionPriority,Device,parameter,同频小区重选优先级,RW,unsignedInt[0:7],681c9392-86fc-431b-8d40-2fcbcaa1c49a,parameter,READ_WRITE,STRING,,already_in_mml,yes,LST MOBILITY_IDLE_MODE;MOD MOBILITY_IDLE_MODE,,SJ,移动性参数管理,同频重选参数,Device.Services.FAPService.{i}.CellConfig.LTE.RAN.Mobility.IdleMode.IntraFreq.,DEVICE_SERVICES_FAPSERVICE_CELLCONFIG_LTE_RAN_MOBILITY_IDLEMODE_INTRAFREQ,LST INTRA_FREQ;MOD INTRA_FREQ,中国移动TD-LTE皮站_飞站基站设备网络管理南向接口数据配置模型规范V2.3.xlsx,SJ,286
CMCC_TD_LTE_V2.3,同频重选参数,Device.Services.FAPService.{i}.CellConfig.LTE.RAN.Mobility.IdleMode.IntraFreq.PMax,Device,parameter,UE允许最大发射功率,RW,int[-30:33],78e4b46e-31a3-4692-ae50-9a2a1eef16cb,parameter,READ_WRITE,STRING,,already_in_mml,yes,LST MOBILITY_IDLE_MODE;MOD MOBILITY_IDLE_MODE,,SJ,移动性参数管理,同频重选参数,Device.Services.FAPService.{i}.CellConfig.LTE.RAN.Mobility.IdleMode.IntraFreq.,DEVICE_SERVICES_FAPSERVICE_CELLCONFIG_LTE_RAN_MOBILITY_IDLEMODE_INTRAFREQ,LST INTRA_FREQ;MOD INTRA_FREQ,中国移动TD-LTE皮站_飞站基站设备网络管理南向接口数据配置模型规范V2.3.xlsx,SJ,287
CMCC_TD_LTE_V2.3,同频重选参数,Device.Services.FAPService.{i}.CellConfig.LTE.RAN.Mobility.IdleMode.IntraFreq.QQualMinOffsetR9,Device,parameter,小区选择最低接入信号质量偏置,RW,int[1:8],295c2e86-18eb-4f0f-98af-aab6e378af83,parameter,READ_WRITE,INT,,already_in_mml,yes,LST MOBILITY_IDLE_MODE;MOD MOBILITY_IDLE_MODE,,SJ,移动性参数管理,同频重选参数,Device.Services.FAPService.{i}.CellConfig.LTE.RAN.Mobility.IdleMode.IntraFreq.,DEVICE_SERVICES_FAPSERVICE_CELLCONFIG_LTE_RAN_MOBILITY_IDLEMODE_INTRAFREQ,LST INTRA_FREQ;MOD INTRA_FREQ,中国移动TD-LTE皮站_飞站基站设备网络管理南向接口数据配置模型规范V2.3.xlsx,SJ,296
CMCC_TD_LTE_V2.3,同频重选参数,Device.Services.FAPService.{i}.CellConfig.LTE.RAN.Mobility.IdleMode.IntraFreq.QQualMinR9Reselection,Device,parameter,小区重选最低接入信号质量,RW,int[-34:-3],05b11948-26b1-4dc1-92fb-7966711000b3,parameter,READ_WRITE,INT,,already_in_mml,yes,LST MOBILITY_IDLE_MODE;MOD MOBILITY_IDLE_MODE,,SJ,移动性参数管理,同频重选参数,Device.Services.FAPService.{i}.CellConfig.LTE.RAN.Mobility.IdleMode.IntraFreq.,DEVICE_SERVICES_FAPSERVICE_CELLCONFIG_LTE_RAN_MOBILITY_IDLEMODE_INTRAFREQ,LST INTRA_FREQ;MOD INTRA_FREQ,中国移动TD-LTE皮站_飞站基站设备网络管理南向接口数据配置模型规范V2.3.xlsx,SJ,294
CMCC_TD_LTE_V2.3,同频重选参数,Device.Services.FAPService.{i}.CellConfig.LTE.RAN.Mobility.IdleMode.IntraFreq.QQualMinR9Selection,Device,parameter,小区选择最低接入信号质量,RW,int[-34:-3],31fb0fb3-18bf-49f4-b108-cc84e75e4f82,parameter,READ_WRITE,INT,,already_in_mml,yes,LST MOBILITY_IDLE_MODE;MOD MOBILITY_IDLE_MODE,,SJ,移动性参数管理,同频重选参数,Device.Services.FAPService.{i}.CellConfig.LTE.RAN.Mobility.IdleMode.IntraFreq.,DEVICE_SERVICES_FAPSERVICE_CELLCONFIG_LTE_RAN_MOBILITY_IDLEMODE_INTRAFREQ,LST INTRA_FREQ;MOD INTRA_FREQ,中国移动TD-LTE皮站_飞站基站设备网络管理南向接口数据配置模型规范V2.3.xlsx,SJ,295
CMCC_TD_LTE_V2.3,同频重选参数,Device.Services.FAPService.{i}.CellConfig.LTE.RAN.Mobility.IdleMode.IntraFreq.QRxLevMinOffset,Device,parameter,最小接收电平偏移量,RW,unsignedInt[1:8],6da68704-99b3-4171-833f-a847e66416e4,parameter,READ_WRITE,STRING,,already_in_mml,yes,LST MOBILITY_IDLE_MODE;MOD MOBILITY_IDLE_MODE,,SJ,移动性参数管理,同频重选参数,Device.Services.FAPService.{i}.CellConfig.LTE.RAN.Mobility.IdleMode.IntraFreq.,DEVICE_SERVICES_FAPSERVICE_CELLCONFIG_LTE_RAN_MOBILITY_IDLEMODE_INTRAFREQ,LST INTRA_FREQ;MOD INTRA_FREQ,中国移动TD-LTE皮站_飞站基站设备网络管理南向接口数据配置模型规范V2.3.xlsx,SJ,280
CMCC_TD_LTE_V2.3,同频重选参数,Device.Services.FAPService.{i}.CellConfig.LTE.RAN.Mobility.IdleMode.IntraFreq.QRxLevMinSIB1,Device,parameter,服务小区最小接收电平,RW,int[-70:-22],1dc35cf8-adab-46e0-baec-4b0f877151a9,parameter,READ_WRITE,STRING,,already_in_mml,yes,LST MOBILITY_IDLE_MODE;MOD MOBILITY_IDLE_MODE,,SJ,移动性参数管理,同频重选参数,Device.Services.FAPService.{i}.CellConfig.LTE.RAN.Mobility.IdleMode.IntraFreq.,DEVICE_SERVICES_FAPSERVICE_CELLCONFIG_LTE_RAN_MOBILITY_IDLEMODE_INTRAFREQ,LST INTRA_FREQ;MOD INTRA_FREQ,中国移动TD-LTE皮站_飞站基站设备网络管理南向接口数据配置模型规范V2.3.xlsx,SJ,278
CMCC_TD_LTE_V2.3,同频重选参数,Device.Services.FAPService.{i}.CellConfig.LTE.RAN.Mobility.IdleMode.IntraFreq.QRxLevMinSIB3,Device,parameter,同频邻区最小接收电平,RW,string(256),7d607028-3485-498f-8a68-007c67f9f91a,parameter,READ_WRITE,STRING,,already_in_mml,yes,LST MOBILITY_IDLE_MODE;MOD MOBILITY_IDLE_MODE,,SJ,移动性参数管理,同频重选参数,Device.Services.FAPService.{i}.CellConfig.LTE.RAN.Mobility.IdleMode.IntraFreq.,DEVICE_SERVICES_FAPSERVICE_CELLCONFIG_LTE_RAN_MOBILITY_IDLEMODE_INTRAFREQ,LST INTRA_FREQ;MOD INTRA_FREQ,中国移动TD-LTE皮站_飞站基站设备网络管理南向接口数据配置模型规范V2.3.xlsx,SJ,279
CMCC_TD_LTE_V2.3,同频重选参数,Device.Services.FAPService.{i}.CellConfig.LTE.RAN.Mobility.IdleMode.IntraFreq.SIntraSearch,Device,parameter,同频测量启动门限,RW,string(128),f45321af-f00a-4bc5-b605-1544cd42c777,parameter,READ_WRITE,STRING,,already_in_mml,yes,LST MOBILITY_IDLE_MODE;MOD MOBILITY_IDLE_MODE,,SJ,移动性参数管理,同频重选参数,Device.Services.FAPService.{i}.CellConfig.LTE.RAN.Mobility.IdleMode.IntraFreq.,DEVICE_SERVICES_FAPSERVICE_CELLCONFIG_LTE_RAN_MOBILITY_IDLEMODE_INTRAFREQ,LST INTRA_FREQ;MOD INTRA_FREQ,中国移动TD-LTE皮站_飞站基站设备网络管理南向接口数据配置模型规范V2.3.xlsx,SJ,281
CMCC_TD_LTE_V2.3,同频重选参数,Device.Services.FAPService.{i}.CellConfig.LTE.RAN.Mobility.IdleMode.IntraFreq.SIntraSearchPR9,Device,parameter,同频RSRP测量启动门限,RW,unsignedInt[0:31],27d5a9c5-ae75-44c8-928d-f64eb3ec95e9,parameter,READ_WRITE,U_INT,,already_in_mml,yes,LST MOBILITY_IDLE_MODE;MOD MOBILITY_IDLE_MODE,,SJ,移动性参数管理,同频重选参数,Device.Services.FAPService.{i}.CellConfig.LTE.RAN.Mobility.IdleMode.IntraFreq.,DEVICE_SERVICES_FAPSERVICE_CELLCONFIG_LTE_RAN_MOBILITY_IDLEMODE_INTRAFREQ,LST INTRA_FREQ;MOD INTRA_FREQ,中国移动TD-LTE皮站_飞站基站设备网络管理南向接口数据配置模型规范V2.3.xlsx,SJ,292
CMCC_TD_LTE_V2.3,同频重选参数,Device.Services.FAPService.{i}.CellConfig.LTE.RAN.Mobility.IdleMode.IntraFreq.SIntraSearchQR9,Device,parameter,同频RSRQ测量启动门限,RW,unsignedInt[0:31],0653f5f5-fdd7-4f0f-abbb-449d84134f67,parameter,READ_WRITE,U_INT,,already_in_mml,yes,LST MOBILITY_IDLE_MODE;MOD MOBILITY_IDLE_MODE,,SJ,移动性参数管理,同频重选参数,Device.Services.FAPService.{i}.CellConfig.LTE.RAN.Mobility.IdleMode.IntraFreq.,DEVICE_SERVICES_FAPSERVICE_CELLCONFIG_LTE_RAN_MOBILITY_IDLEMODE_INTRAFREQ,LST INTRA_FREQ;MOD INTRA_FREQ,中国移动TD-LTE皮站_飞站基站设备网络管理南向接口数据配置模型规范V2.3.xlsx,SJ,293
CMCC_TD_LTE_V2.3,同频重选参数,Device.Services.FAPService.{i}.CellConfig.LTE.RAN.Mobility.IdleMode.IntraFreq.SNonIntraSearch,Device,parameter,非同频测量启动门限,RW,string(128),7874a415-cd83-4736-bab2-0beac1a692bf,parameter,READ_WRITE,STRING,,already_in_mml,yes,LST MOBILITY_IDLE_MODE;MOD MOBILITY_IDLE_MODE,,SJ,移动性参数管理,同频重选参数,Device.Services.FAPService.{i}.CellConfig.LTE.RAN.Mobility.IdleMode.IntraFreq.,DEVICE_SERVICES_FAPSERVICE_CELLCONFIG_LTE_RAN_MOBILITY_IDLEMODE_INTRAFREQ,LST INTRA_FREQ;MOD INTRA_FREQ,中国移动TD-LTE皮站_飞站基站设备网络管理南向接口数据配置模型规范V2.3.xlsx,SJ,283
CMCC_TD_LTE_V2.3,同频重选参数,Device.Services.FAPService.{i}.CellConfig.LTE.RAN.Mobility.IdleMode.IntraFreq.SNonIntraSearchPR9,Device,parameter,异频/异系统RSRP测量启动门限,RW,unsignedInt[0:31],97542c52-31b3-4ecd-9e49-ad35c6425139,parameter,READ_WRITE,U_INT,,already_in_mml,yes,LST MOBILITY_IDLE_MODE;MOD MOBILITY_IDLE_MODE,,SJ,移动性参数管理,同频重选参数,Device.Services.FAPService.{i}.CellConfig.LTE.RAN.Mobility.IdleMode.IntraFreq.,DEVICE_SERVICES_FAPSERVICE_CELLCONFIG_LTE_RAN_MOBILITY_IDLEMODE_INTRAFREQ,LST INTRA_FREQ;MOD INTRA_FREQ,中国移动TD-LTE皮站_飞站基站设备网络管理南向接口数据配置模型规范V2.3.xlsx,SJ,284
CMCC_TD_LTE_V2.3,同频重选参数,Device.Services.FAPService.{i}.CellConfig.LTE.RAN.Mobility.IdleMode.IntraFreq.SNonIntraSearchQR9,Device,parameter,异频/异系统RSRQ测量启动门限,RW,unsignedInt[0:31],c7d8dfee-d58f-442a-89a2-a29cbccdc972,parameter,READ_WRITE,U_INT,,already_in_mml,yes,LST MOBILITY_IDLE_MODE;MOD MOBILITY_IDLE_MODE,,SJ,移动性参数管理,同频重选参数,Device.Services.FAPService.{i}.CellConfig.LTE.RAN.Mobility.IdleMode.IntraFreq.,DEVICE_SERVICES_FAPSERVICE_CELLCONFIG_LTE_RAN_MOBILITY_IDLEMODE_INTRAFREQ,LST INTRA_FREQ;MOD INTRA_FREQ,中国移动TD-LTE皮站_飞站基站设备网络管理南向接口数据配置模型规范V2.3.xlsx,SJ,285
CMCC_TD_LTE_V2.3,同频重选参数,Device.Services.FAPService.{i}.CellConfig.LTE.RAN.Mobility.IdleMode.IntraFreq.TReselectionEUTRA,Device,parameter,同频小区重选时间,RW,string(32),c61e95fd-f726-40a8-8b39-5fa2fac35af8,parameter,READ_WRITE,STRING,,already_in_mml,yes,LST MOBILITY_IDLE_MODE;MOD MOBILITY_IDLE_MODE,,SJ,移动性参数管理,同频重选参数,Device.Services.FAPService.{i}.CellConfig.LTE.RAN.Mobility.IdleMode.IntraFreq.,DEVICE_SERVICES_FAPSERVICE_CELLCONFIG_LTE_RAN_MOBILITY_IDLEMODE_INTRAFREQ,LST INTRA_FREQ;MOD INTRA_FREQ,中国移动TD-LTE皮站_飞站基站设备网络管理南向接口数据配置模型规范V2.3.xlsx,SJ,282
CMCC_TD_LTE_V2.3,同频重选参数,Device.Services.FAPService.{i}.CellConfig.LTE.RAN.Mobility.IdleMode.IntraFreq.TReselectionEUTRASFHigh,Device,parameter,TReselectionUTRA比例因子(高速),RW,"unsignedInt[25, 50, 75, 100]",b978a053-0392-4436-99c0-765d1135240a,parameter,READ_WRITE,U_INT,,already_in_mml,yes,LST MOBILITY_IDLE_MODE;MOD MOBILITY_IDLE_MODE,,SJ,移动性参数管理,同频重选参数,Device.Services.FAPService.{i}.CellConfig.LTE.RAN.Mobility.IdleMode.IntraFreq.,DEVICE_SERVICES_FAPSERVICE_CELLCONFIG_LTE_RAN_MOBILITY_IDLEMODE_INTRAFREQ,LST INTRA_FREQ;MOD INTRA_FREQ,中国移动TD-LTE皮站_飞站基站设备网络管理南向接口数据配置模型规范V2.3.xlsx,SJ,291
CMCC_TD_LTE_V2.3,同频重选参数,Device.Services.FAPService.{i}.CellConfig.LTE.RAN.Mobility.IdleMode.IntraFreq.TReselectionEUTRASFMedium,Device,parameter,TReselectionUTRA比例因子(中速),RW,"unsignedInt[25, 50, 75, 100]",b2b0f14d-0159-4b00-91c3-61ead275b037,parameter,READ_WRITE,U_INT,,already_in_mml,yes,LST MOBILITY_IDLE_MODE;MOD MOBILITY_IDLE_MODE,,SJ,移动性参数管理,同频重选参数,Device.Services.FAPService.{i}.CellConfig.LTE.RAN.Mobility.IdleMode.IntraFreq.,DEVICE_SERVICES_FAPSERVICE_CELLCONFIG_LTE_RAN_MOBILITY_IDLEMODE_INTRAFREQ,LST INTRA_FREQ;MOD INTRA_FREQ,中国移动TD-LTE皮站_飞站基站设备网络管理南向接口数据配置模型规范V2.3.xlsx,SJ,290
CMCC_TD_LTE_V2.3,同频重选参数,Device.Services.FAPService.{i}.CellConfig.LTE.RAN.Mobility.IdleMode.IntraFreq.ThreshServingLow,Device,parameter,低优先级重选门限,RW,unsignedInt[0:31],67df4452-6b58-4d13-ba45-dd09768f5a67,parameter,READ_WRITE,STRING,,already_in_mml,yes,LST MOBILITY_IDLE_MODE;MOD MOBILITY_IDLE_MODE,,SJ,移动性参数管理,同频重选参数,Device.Services.FAPService.{i}.CellConfig.LTE.RAN.Mobility.IdleMode.IntraFreq.,DEVICE_SERVICES_FAPSERVICE_CELLCONFIG_LTE_RAN_MOBILITY_IDLEMODE_INTRAFREQ,LST INTRA_FREQ;MOD INTRA_FREQ,中国移动TD-LTE皮站_飞站基站设备网络管理南向接口数据配置模型规范V2.3.xlsx,SJ,288
CMCC_TD_LTE_V2.3,同频重选参数,Device.Services.FAPService.{i}.CellConfig.LTE.RAN.Mobility.IdleMode.IntraFreq.ThreshServingLowQR9,Device,parameter,服务频点低优先级RSRQ重选门限,RW,unsignedInt[0:31],75bef5d8-43d3-49b6-8b2f-db62c32554fe,parameter,READ_WRITE,U_INT,,already_in_mml,yes,LST MOBILITY_IDLE_MODE;MOD MOBILITY_IDLE_MODE,,SJ,移动性参数管理,同频重选参数,Device.Services.FAPService.{i}.CellConfig.LTE.RAN.Mobility.IdleMode.IntraFreq.,DEVICE_SERVICES_FAPSERVICE_CELLCONFIG_LTE_RAN_MOBILITY_IDLEMODE_INTRAFREQ,LST INTRA_FREQ;MOD INTRA_FREQ,中国移动TD-LTE皮站_飞站基站设备网络管理南向接口数据配置模型规范V2.3.xlsx,SJ,289
CMCC_TD_LTE_V2.3,异系统重选参数,Device.Services.FAPService.{i}.CellConfig.LTE.RAN.Mobility.IdleMode.IRAT.GERAN.TReselectionGERAN,Device,parameter,GERAN小区重选时间,RW,string(32),6fd86093-143a-4c6e-953e-2ce8c3010c4b,parameter,READ_WRITE,STRING,,already_in_mml,yes,LST IDLE_MODE_IRAT;MOD IDLE_MODE_IRAT,,SJ,移动性参数管理,异系统重选参数,Device.Services.FAPService.{i}.CellConfig.LTE.RAN.Mobility.IdleMode.IRAT.GERAN.,DEVICE_SERVICES_FAPSERVICE_CELLCONFIG_LTE_RAN_MOBILITY_IDLEMODE_IRAT_GERAN,LST IRAT_GERAN;MOD IRAT_GERAN,中国移动TD-LTE皮站_飞站基站设备网络管理南向接口数据配置模型规范V2.3.xlsx,SJ,318
CMCC_TD_LTE_V2.3,异系统重选参数,Device.Services.FAPService.{i}.CellConfig.LTE.RAN.Mobility.IdleMode.IRAT.UTRA.TReselectionUTRA,Device,parameter,UTRAN小区重选时间,RW,string(32),7a198ac0-b1be-4c73-8bdd-1caabde941cc,parameter,READ_WRITE,STRING,,already_in_mml,yes,LST IDLE_MODE_IRAT;MOD IDLE_MODE_IRAT,,SJ,移动性参数管理,异系统重选参数,Device.Services.FAPService.{i}.CellConfig.LTE.RAN.Mobility.IdleMode.IRAT.UTRA.,DEVICE_SERVICES_FAPSERVICE_CELLCONFIG_LTE_RAN_MOBILITY_IDLEMODE_IRAT_UTRA,LST IRAT_UTRA;MOD IRAT_UTRA,中国移动TD-LTE皮站_飞站基站设备网络管理南向接口数据配置模型规范V2.3.xlsx,SJ,311
CMCC_TD_LTE_V2.3,异系统重选参数,Device.Services.FAPService.{i}.CellConfig.LTE.RAN.Mobility.IdleMode.IRAT.GERAN.GERANFreqGroup.{i}.BCCHARFCN,Device,parameter,GERAN小区频点,RW,unsignedInt[0:1023],eab66338-1bed-4225-a27e-0959e1f7a032,parameter,READ_WRITE,U_INT,,already_in_mml,yes,LST GERAN_FREQ_GROUP;MOD GERAN_FREQ_GROUP,parent_exact,SJ,移动性参数管理,空闲态 GERAN 频组,Device.Services.FAPService.{i}.CellConfig.LTE.RAN.Mobility.IdleMode.IRAT.GERAN.GERANFreqGroup.{i}.,DEVICE_SERVICES_FAPSERVICE_CELLCONFIG_LTE_RAN_MOBILITY_IDLEMODE_IRAT_GERAN_GERANFREQGROUP,LST GERANFREQ_GROUP;MOD GERANFREQ_GROUP,中国移动TD-LTE皮站_飞站基站设备网络管理南向接口数据配置模型规范V2.3.xlsx,SJ,319
CMCC_TD_LTE_V2.3,异系统重选参数,Device.Services.FAPService.{i}.CellConfig.LTE.RAN.Mobility.IdleMode.IRAT.GERAN.GERANFreqGroup.{i}.CellReselectionPriority,Device,parameter,异系统GERAN重选优先级配置,RW,unsignedInt[0:7],0f9b51db-7878-4b78-86ce-1321ee6712ea,parameter,READ_WRITE,U_INT,,already_in_mml,yes,LST GERAN_FREQ_GROUP;MOD GERAN_FREQ_GROUP,parent_exact,SJ,移动性参数管理,空闲态 GERAN 频组,Device.Services.FAPService.{i}.CellConfig.LTE.RAN.Mobility.IdleMode.IRAT.GERAN.GERANFreqGroup.{i}.,DEVICE_SERVICES_FAPSERVICE_CELLCONFIG_LTE_RAN_MOBILITY_IDLEMODE_IRAT_GERAN_GERANFREQGROUP,LST GERANFREQ_GROUP;MOD GERANFREQ_GROUP,中国移动TD-LTE皮站_飞站基站设备网络管理南向接口数据配置模型规范V2.3.xlsx,SJ,320
CMCC_TD_LTE_V2.3,异系统重选参数,Device.Services.FAPService.{i}.CellConfig.LTE.RAN.Mobility.IdleMode.IRAT.GERAN.GERANFreqGroup.{i}.PMaxGERAN,Device,parameter,UE最大许可传输功率,RW,unsignedInt[0:39],503bcbd4-ffcc-4796-97db-c095fe5e1c17,parameter,READ_WRITE,U_INT,,already_in_mml,yes,LST GERAN_FREQ_GROUP;MOD GERAN_FREQ_GROUP,parent_exact,SJ,移动性参数管理,空闲态 GERAN 频组,Device.Services.FAPService.{i}.CellConfig.LTE.RAN.Mobility.IdleMode.IRAT.GERAN.GERANFreqGroup.{i}.,DEVICE_SERVICES_FAPSERVICE_CELLCONFIG_LTE_RAN_MOBILITY_IDLEMODE_IRAT_GERAN_GERANFREQGROUP,LST GERANFREQ_GROUP;MOD GERANFREQ_GROUP,中国移动TD-LTE皮站_飞站基站设备网络管理南向接口数据配置模型规范V2.3.xlsx,SJ,324
CMCC_TD_LTE_V2.3,异系统重选参数,Device.Services.FAPService.{i}.CellConfig.LTE.RAN.Mobility.IdleMode.IRAT.GERAN.GERANFreqGroup.{i}.QRxLevMin,Device,parameter,GERAN最低接收电平,RW,unsignedInt[0:45],8752e7bc-d99c-46b5-9b4a-1d028b335852,parameter,READ_WRITE,U_INT,,already_in_mml,yes,LST GERAN_FREQ_GROUP;MOD GERAN_FREQ_GROUP,parent_exact,SJ,移动性参数管理,空闲态 GERAN 频组,Device.Services.FAPService.{i}.CellConfig.LTE.RAN.Mobility.IdleMode.IRAT.GERAN.GERANFreqGroup.{i}.,DEVICE_SERVICES_FAPSERVICE_CELLCONFIG_LTE_RAN_MOBILITY_IDLEMODE_IRAT_GERAN_GERANFREQGROUP,LST GERANFREQ_GROUP;MOD GERANFREQ_GROUP,中国移动TD-LTE皮站_飞站基站设备网络管理南向接口数据配置模型规范V2.3.xlsx,SJ,321
CMCC_TD_LTE_V2.3,异系统重选参数,Device.Services.FAPService.{i}.CellConfig.LTE.RAN.Mobility.IdleMode.IRAT.GERAN.GERANFreqGroup.{i}.ThreshXHigh,Device,parameter,GERAN高优先级重选门限值,RW,unsignedInt[0:31],3bcc439d-0915-47db-b5f2-3352a630f635,parameter,READ_WRITE,U_INT,,already_in_mml,yes,LST GERAN_FREQ_GROUP;MOD GERAN_FREQ_GROUP,parent_exact,SJ,移动性参数管理,空闲态 GERAN 频组,Device.Services.FAPService.{i}.CellConfig.LTE.RAN.Mobility.IdleMode.IRAT.GERAN.GERANFreqGroup.{i}.,DEVICE_SERVICES_FAPSERVICE_CELLCONFIG_LTE_RAN_MOBILITY_IDLEMODE_IRAT_GERAN_GERANFREQGROUP,LST GERANFREQ_GROUP;MOD GERANFREQ_GROUP,中国移动TD-LTE皮站_飞站基站设备网络管理南向接口数据配置模型规范V2.3.xlsx,SJ,322
CMCC_TD_LTE_V2.3,异系统重选参数,Device.Services.FAPService.{i}.CellConfig.LTE.RAN.Mobility.IdleMode.IRAT.GERAN.GERANFreqGroup.{i}.ThreshXLow,Device,parameter,GERAN低优先级重选门限值,RW,unsignedInt[0:31],ff4a411a-c9f5-4fca-9241-651fc9dfcf8f,parameter,READ_WRITE,U_INT,,already_in_mml,yes,LST GERAN_FREQ_GROUP;MOD GERAN_FREQ_GROUP,parent_exact,SJ,移动性参数管理,空闲态 GERAN 频组,Device.Services.FAPService.{i}.CellConfig.LTE.RAN.Mobility.IdleMode.IRAT.GERAN.GERANFreqGroup.{i}.,DEVICE_SERVICES_FAPSERVICE_CELLCONFIG_LTE_RAN_MOBILITY_IDLEMODE_IRAT_GERAN_GERANFREQGROUP,LST GERANFREQ_GROUP;MOD GERANFREQ_GROUP,中国移动TD-LTE皮站_飞站基站设备网络管理南向接口数据配置模型规范V2.3.xlsx,SJ,323
CMCC_TD_LTE_V2.3,异系统重选参数,Device.Services.FAPService.{i}.CellConfig.LTE.RAN.Mobility.IdleMode.IRAT.UTRA.UTRANFDDFreq.{i}.CellReselectionPriority,Device,parameter,UTRAN频点重选优先级,RW,unsignedInt[0:7],cb72c948-d1c8-40e6-af16-17ee1a76fbc0,parameter,READ_WRITE,U_INT,,already_in_mml,yes,LST UTRANFDD_FREQ;MOD UTRANFDD_FREQ,parent_exact,SJ,移动性参数管理,空闲态 UTRA FDD 频点,Device.Services.FAPService.{i}.CellConfig.LTE.RAN.Mobility.IdleMode.IRAT.UTRA.UTRANFDDFreq.{i}.,DEVICE_SERVICES_FAPSERVICE_CELLCONFIG_LTE_RAN_MOBILITY_IDLEMODE_IRAT_UTRA_UTRANFDDFREQ,LST UTRANFDDFREQ;MOD UTRANFDDFREQ,中国移动TD-LTE皮站_飞站基站设备网络管理南向接口数据配置模型规范V2.3.xlsx,SJ,313
CMCC_TD_LTE_V2.3,异系统重选参数,Device.Services.FAPService.{i}.CellConfig.LTE.RAN.Mobility.IdleMode.IRAT.UTRA.UTRANFDDFreq.{i}.PMaxUTRA,Device,parameter,UTRAN最大允许发射功率,RW,int[-50:33],06f32a0c-8aeb-4435-a308-6b9c269734d8,parameter,READ_WRITE,INT,,already_in_mml,yes,LST UTRANFDD_FREQ;MOD UTRANFDD_FREQ,parent_exact,SJ,移动性参数管理,空闲态 UTRA FDD 频点,Device.Services.FAPService.{i}.CellConfig.LTE.RAN.Mobility.IdleMode.IRAT.UTRA.UTRANFDDFreq.{i}.,DEVICE_SERVICES_FAPSERVICE_CELLCONFIG_LTE_RAN_MOBILITY_IDLEMODE_IRAT_UTRA_UTRANFDDFREQ,LST UTRANFDDFREQ;MOD UTRANFDDFREQ,中国移动TD-LTE皮站_飞站基站设备网络管理南向接口数据配置模型规范V2.3.xlsx,SJ,317
CMCC_TD_LTE_V2.3,异系统重选参数,Device.Services.FAPService.{i}.CellConfig.LTE.RAN.Mobility.IdleMode.IRAT.UTRA.UTRANFDDFreq.{i}.QRxLevMin,Device,parameter,UTRAN最低接收电平,RW,int[-60:-13],98e709be-673c-4086-bd5f-1f79b838642e,parameter,READ_WRITE,INT,,already_in_mml,yes,LST UTRANFDD_FREQ;MOD UTRANFDD_FREQ,parent_exact,SJ,移动性参数管理,空闲态 UTRA FDD 频点,Device.Services.FAPService.{i}.CellConfig.LTE.RAN.Mobility.IdleMode.IRAT.UTRA.UTRANFDDFreq.{i}.,DEVICE_SERVICES_FAPSERVICE_CELLCONFIG_LTE_RAN_MOBILITY_IDLEMODE_IRAT_UTRA_UTRANFDDFREQ,LST UTRANFDDFREQ;MOD UTRANFDDFREQ,中国移动TD-LTE皮站_飞站基站设备网络管理南向接口数据配置模型规范V2.3.xlsx,SJ,316
CMCC_TD_LTE_V2.3,异系统重选参数,Device.Services.FAPService.{i}.CellConfig.LTE.RAN.Mobility.IdleMode.IRAT.UTRA.UTRANFDDFreq.{i}.ThreshXHigh,Device,parameter,UTRAN频点高优先级重选门限,RW,unsignedInt[0:31],31069db6-438d-4a47-9ca2-70f55160ecfa,parameter,READ_WRITE,U_INT,,already_in_mml,yes,LST UTRANFDD_FREQ;MOD UTRANFDD_FREQ,parent_exact,SJ,移动性参数管理,空闲态 UTRA FDD 频点,Device.Services.FAPService.{i}.CellConfig.LTE.RAN.Mobility.IdleMode.IRAT.UTRA.UTRANFDDFreq.{i}.,DEVICE_SERVICES_FAPSERVICE_CELLCONFIG_LTE_RAN_MOBILITY_IDLEMODE_IRAT_UTRA_UTRANFDDFREQ,LST UTRANFDDFREQ;MOD UTRANFDDFREQ,中国移动TD-LTE皮站_飞站基站设备网络管理南向接口数据配置模型规范V2.3.xlsx,SJ,314
CMCC_TD_LTE_V2.3,异系统重选参数,Device.Services.FAPService.{i}.CellConfig.LTE.RAN.Mobility.IdleMode.IRAT.UTRA.UTRANFDDFreq.{i}.ThreshXLow,Device,parameter,UTRAN频点低优先级重选门限,RW,unsignedInt[0:31],3980d3b3-a727-44b0-b85c-5a8a1e0716cc,parameter,READ_WRITE,U_INT,,already_in_mml,yes,LST UTRANFDD_FREQ;MOD UTRANFDD_FREQ,parent_exact,SJ,移动性参数管理,空闲态 UTRA FDD 频点,Device.Services.FAPService.{i}.CellConfig.LTE.RAN.Mobility.IdleMode.IRAT.UTRA.UTRANFDDFreq.{i}.,DEVICE_SERVICES_FAPSERVICE_CELLCONFIG_LTE_RAN_MOBILITY_IDLEMODE_IRAT_UTRA_UTRANFDDFREQ,LST UTRANFDDFREQ;MOD UTRANFDDFREQ,中国移动TD-LTE皮站_飞站基站设备网络管理南向接口数据配置模型规范V2.3.xlsx,SJ,315
CMCC_TD_LTE_V2.3,异系统重选参数,Device.Services.FAPService.{i}.CellConfig.LTE.RAN.Mobility.IdleMode.IRAT.UTRA.UTRANFDDFreq.{i}.UTRACarrierARFCN,Device,parameter,UTRAN小区频点,RW,unsignedInt[0:16383],0d006d2a-8cf8-4bc6-8b30-6407b544ebdf,parameter,READ_WRITE,U_INT,,already_in_mml,yes,LST UTRANFDD_FREQ;MOD UTRANFDD_FREQ,parent_exact,SJ,移动性参数管理,空闲态 UTRA FDD 频点,Device.Services.FAPService.{i}.CellConfig.LTE.RAN.Mobility.IdleMode.IRAT.UTRA.UTRANFDDFreq.{i}.,DEVICE_SERVICES_FAPSERVICE_CELLCONFIG_LTE_RAN_MOBILITY_IDLEMODE_IRAT_UTRA_UTRANFDDFREQ,LST UTRANFDDFREQ;MOD UTRANFDDFREQ,中国移动TD-LTE皮站_飞站基站设备网络管理南向接口数据配置模型规范V2.3.xlsx,SJ,312
CMCC_TD_LTE_V2.3,异频重选参数,Device.Services.FAPService.{i}.CellConfig.LTE.RAN.Mobility.IdleMode.InterFreq.Carrier.{i}.CellReselectionPriority,Device,parameter,异频小区重选优先级,RW,unsignedInt[0:7],0ed82c43-be22-4298-a59b-20fe4492645d,parameter,READ_WRITE,U_INT,,already_in_mml,yes,LST CARRIER;MOD CARRIER,parent_exact,SJ,移动性参数管理,空闲态异频载波,Device.Services.FAPService.{i}.CellConfig.LTE.RAN.Mobility.IdleMode.InterFreq.Carrier.{i}.,DEVICE_SERVICES_FAPSERVICE_CELLCONFIG_LTE_RAN_MOBILITY_IDLEMODE_INTERFREQ_CARRIER,LST CARRIER;MOD CARRIER,中国移动TD-LTE皮站_飞站基站设备网络管理南向接口数据配置模型规范V2.3.xlsx,SJ,303
CMCC_TD_LTE_V2.3,异频重选参数,Device.Services.FAPService.{i}.CellConfig.LTE.RAN.Mobility.IdleMode.InterFreq.Carrier.{i}.EUTRACarrierARFCN,Device,parameter,EARFCN,RW,unsignedInt[0:65535],81de1bd7-2e0c-4395-90c4-547a6431bbaa,parameter,READ_WRITE,U_INT,,already_in_mml,yes,LST CARRIER;MOD CARRIER,parent_exact,SJ,移动性参数管理,空闲态异频载波,Device.Services.FAPService.{i}.CellConfig.LTE.RAN.Mobility.IdleMode.InterFreq.Carrier.{i}.,DEVICE_SERVICES_FAPSERVICE_CELLCONFIG_LTE_RAN_MOBILITY_IDLEMODE_INTERFREQ_CARRIER,LST CARRIER;MOD CARRIER,中国移动TD-LTE皮站_飞站基站设备网络管理南向接口数据配置模型规范V2.3.xlsx,SJ,298
CMCC_TD_LTE_V2.3,异频重选参数,Device.Services.FAPService.{i}.CellConfig.LTE.RAN.Mobility.IdleMode.InterFreq.Carrier.{i}.PMax,Device,parameter,UE最大允许发射功率,RW,int[-30:33],a17e53f2-86ea-47b0-94c2-a45c0314d33e,parameter,READ_WRITE,INT,,already_in_mml,yes,LST CARRIER;MOD CARRIER,parent_exact,SJ,移动性参数管理,空闲态异频载波,Device.Services.FAPService.{i}.CellConfig.LTE.RAN.Mobility.IdleMode.InterFreq.Carrier.{i}.,DEVICE_SERVICES_FAPSERVICE_CELLCONFIG_LTE_RAN_MOBILITY_IDLEMODE_INTERFREQ_CARRIER,LST CARRIER;MOD CARRIER,中国移动TD-LTE皮站_飞站基站设备网络管理南向接口数据配置模型规范V2.3.xlsx,SJ,306
CMCC_TD_LTE_V2.3,异频重选参数,Device.Services.FAPService.{i}.CellConfig.LTE.RAN.Mobility.IdleMode.InterFreq.Carrier.{i}.QOffsetFreq,Device,parameter,小区间频率偏移量,RW,string(128),b63d1af0-5edf-4b5e-927b-4be5141467cf,parameter,READ_WRITE,INT,,already_in_mml,yes,LST CARRIER;MOD CARRIER,parent_exact,SJ,移动性参数管理,空闲态异频载波,Device.Services.FAPService.{i}.CellConfig.LTE.RAN.Mobility.IdleMode.InterFreq.Carrier.{i}.,DEVICE_SERVICES_FAPSERVICE_CELLCONFIG_LTE_RAN_MOBILITY_IDLEMODE_INTERFREQ_CARRIER,LST CARRIER;MOD CARRIER,中国移动TD-LTE皮站_飞站基站设备网络管理南向接口数据配置模型规范V2.3.xlsx,SJ,300
CMCC_TD_LTE_V2.3,异频重选参数,Device.Services.FAPService.{i}.CellConfig.LTE.RAN.Mobility.IdleMode.InterFreq.Carrier.{i}.QRxLevMinSIB5,Device,parameter,异频邻区最小接收电平,RW,string(256),13560b0d-84f5-4d8b-980b-47e97d59bf51,parameter,READ_WRITE,INT,,already_in_mml,yes,LST CARRIER;MOD CARRIER,parent_exact,SJ,移动性参数管理,空闲态异频载波,Device.Services.FAPService.{i}.CellConfig.LTE.RAN.Mobility.IdleMode.InterFreq.Carrier.{i}.,DEVICE_SERVICES_FAPSERVICE_CELLCONFIG_LTE_RAN_MOBILITY_IDLEMODE_INTERFREQ_CARRIER,LST CARRIER;MOD CARRIER,中国移动TD-LTE皮站_飞站基站设备网络管理南向接口数据配置模型规范V2.3.xlsx,SJ,299
CMCC_TD_LTE_V2.3,异频重选参数,Device.Services.FAPService.{i}.CellConfig.LTE.RAN.Mobility.IdleMode.InterFreq.Carrier.{i}.TReselectionEUTRA,Device,parameter,异频小区重选时间,RW,string(32),0bf207c4-03d9-4783-90f7-7792330dc8e8,parameter,READ_WRITE,U_INT,,already_in_mml,yes,LST CARRIER;MOD CARRIER,parent_exact,SJ,移动性参数管理,空闲态异频载波,Device.Services.FAPService.{i}.CellConfig.LTE.RAN.Mobility.IdleMode.InterFreq.Carrier.{i}.,DEVICE_SERVICES_FAPSERVICE_CELLCONFIG_LTE_RAN_MOBILITY_IDLEMODE_INTERFREQ_CARRIER,LST CARRIER;MOD CARRIER,中国移动TD-LTE皮站_飞站基站设备网络管理南向接口数据配置模型规范V2.3.xlsx,SJ,301
CMCC_TD_LTE_V2.3,异频重选参数,Device.Services.FAPService.{i}.CellConfig.LTE.RAN.Mobility.IdleMode.InterFreq.Carrier.{i}.TReselectionEUTRASFHigh,Device,parameter,TReselectionEUTRA比例因子(高速),RW,"unsignedInt[25, 50, 75, 100]",9031c808-a7ba-45fd-ae47-fee1408d4cab,parameter,READ_WRITE,STRING,,already_in_mml,yes,LST CARRIER;MOD CARRIER,parent_exact,SJ,移动性参数管理,空闲态异频载波,Device.Services.FAPService.{i}.CellConfig.LTE.RAN.Mobility.IdleMode.InterFreq.Carrier.{i}.,DEVICE_SERVICES_FAPSERVICE_CELLCONFIG_LTE_RAN_MOBILITY_IDLEMODE_INTERFREQ_CARRIER,LST CARRIER;MOD CARRIER,中国移动TD-LTE皮站_飞站基站设备网络管理南向接口数据配置模型规范V2.3.xlsx,SJ,308
CMCC_TD_LTE_V2.3,异频重选参数,Device.Services.FAPService.{i}.CellConfig.LTE.RAN.Mobility.IdleMode.InterFreq.Carrier.{i}.TReselectionEUTRASFMedium,Device,parameter,TReselectionEUTRA比例因子(中速),RW,"unsignedInt[25, 50, 75, 100]",2d57df68-d5b4-43ca-a03e-cd26e16562c9,parameter,READ_WRITE,STRING,,already_in_mml,yes,LST CARRIER;MOD CARRIER,parent_exact,SJ,移动性参数管理,空闲态异频载波,Device.Services.FAPService.{i}.CellConfig.LTE.RAN.Mobility.IdleMode.InterFreq.Carrier.{i}.,DEVICE_SERVICES_FAPSERVICE_CELLCONFIG_LTE_RAN_MOBILITY_IDLEMODE_INTERFREQ_CARRIER,LST CARRIER;MOD CARRIER,中国移动TD-LTE皮站_飞站基站设备网络管理南向接口数据配置模型规范V2.3.xlsx,SJ,307
CMCC_TD_LTE_V2.3,异频重选参数,Device.Services.FAPService.{i}.CellConfig.LTE.RAN.Mobility.IdleMode.InterFreq.Carrier.{i}.ThreshXHigh,Device,parameter,异频高优先级重选门限,RW,unsignedInt[0:31],a1614520-f2b7-487e-b098-a4157c76188a,parameter,READ_WRITE,U_INT,,already_in_mml,yes,LST CARRIER;MOD CARRIER,parent_exact,SJ,移动性参数管理,空闲态异频载波,Device.Services.FAPService.{i}.CellConfig.LTE.RAN.Mobility.IdleMode.InterFreq.Carrier.{i}.,DEVICE_SERVICES_FAPSERVICE_CELLCONFIG_LTE_RAN_MOBILITY_IDLEMODE_INTERFREQ_CARRIER,LST CARRIER;MOD CARRIER,中国移动TD-LTE皮站_飞站基站设备网络管理南向接口数据配置模型规范V2.3.xlsx,SJ,304
CMCC_TD_LTE_V2.3,异频重选参数,Device.Services.FAPService.{i}.CellConfig.LTE.RAN.Mobility.IdleMode.InterFreq.Carrier.{i}.ThreshXLow,Device,parameter,异频低优先级重选门限,RW,unsignedInt[0:31],f20838db-ae0e-4a5d-9285-ff48d1a13eb5,parameter,READ_WRITE,U_INT,,already_in_mml,yes,LST CARRIER;MOD CARRIER,parent_exact,SJ,移动性参数管理,空闲态异频载波,Device.Services.FAPService.{i}.CellConfig.LTE.RAN.Mobility.IdleMode.InterFreq.Carrier.{i}.,DEVICE_SERVICES_FAPSERVICE_CELLCONFIG_LTE_RAN_MOBILITY_IDLEMODE_INTERFREQ_CARRIER,LST CARRIER;MOD CARRIER,中国移动TD-LTE皮站_飞站基站设备网络管理南向接口数据配置模型规范V2.3.xlsx,SJ,305
CMCC_TD_LTE_V2.3,切换公共参数,Device.Services.FAPService.{i}.CellConfig.LTE.RAN.Mobility.ConnMode.IRAT.MeasQuantityGERAN,Device,parameter,GERAN测量量,RW,string,21dd0b5a-eedd-4b9f-be12-b4fb7e4c47b2,parameter,READ_WRITE,STRING,,already_in_mml,yes,LST CONN_MODE_IRAT;MOD CONN_MODE_IRAT,parent_exact,SJ,移动性参数管理,连接态 IRAT 测量,Device.Services.FAPService.{i}.CellConfig.LTE.RAN.Mobility.ConnMode.IRAT.,DEVICE_SERVICES_FAPSERVICE_CELLCONFIG_LTE_RAN_MOBILITY_CONNMODE_IRAT,LST CONN_MODE_IRAT;MOD CONN_MODE_IRAT,中国移动TD-LTE皮站_飞站基站设备网络管理南向接口数据配置模型规范V2.3.xlsx,SJ,4
CMCC_TD_LTE_V2.3,切换公共参数,Device.Services.FAPService.{i}.CellConfig.LTE.RAN.Mobility.ConnMode.IRAT.MeasQuantityUTRAFDD,Device,parameter,UTRA测量量,RW,string,a3c28470-2451-441b-8815-30a596864863,parameter,READ_WRITE,STRING,,already_in_mml,yes,LST CONN_MODE_IRAT;MOD CONN_MODE_IRAT,parent_exact,SJ,移动性参数管理,连接态 IRAT 测量,Device.Services.FAPService.{i}.CellConfig.LTE.RAN.Mobility.ConnMode.IRAT.,DEVICE_SERVICES_FAPSERVICE_CELLCONFIG_LTE_RAN_MOBILITY_CONNMODE_IRAT,LST CONN_MODE_IRAT;MOD CONN_MODE_IRAT,中国移动TD-LTE皮站_飞站基站设备网络管理南向接口数据配置模型规范V2.3.xlsx,SJ,3
CMCC_TD_LTE_V2.3,切换公共参数,Device.Services.FAPService.{i}.CellConfig.LTE.RAN.Mobility.ConnMode.IRAT.QoffsetGERAN,Device,parameter,GERAN频点偏移量,RW,string(128),78579dae-c45a-4264-b55e-3f5491cfa262,parameter,READ_WRITE,STRING,,already_in_mml,yes,LST CONN_MODE_IRAT;MOD CONN_MODE_IRAT,parent_exact,SJ,移动性参数管理,连接态 IRAT 测量,Device.Services.FAPService.{i}.CellConfig.LTE.RAN.Mobility.ConnMode.IRAT.,DEVICE_SERVICES_FAPSERVICE_CELLCONFIG_LTE_RAN_MOBILITY_CONNMODE_IRAT,LST CONN_MODE_IRAT;MOD CONN_MODE_IRAT,中国移动TD-LTE皮站_飞站基站设备网络管理南向接口数据配置模型规范V2.3.xlsx,SJ,2
CMCC_TD_LTE_V2.3,切换公共参数,Device.Services.FAPService.{i}.CellConfig.LTE.RAN.Mobility.ConnMode.IRAT.QoffsetUTRA,Device,parameter,UTRA频点偏移量,RW,string(128),7f73d4f0-7fb4-4df2-a9cf-176cfdc17501,parameter,READ_WRITE,STRING,,already_in_mml,yes,LST CONN_MODE_IRAT;MOD CONN_MODE_IRAT,parent_exact,SJ,移动性参数管理,连接态 IRAT 测量,Device.Services.FAPService.{i}.CellConfig.LTE.RAN.Mobility.ConnMode.IRAT.,DEVICE_SERVICES_FAPSERVICE_CELLCONFIG_LTE_RAN_MOBILITY_CONNMODE_IRAT,LST CONN_MODE_IRAT;MOD CONN_MODE_IRAT,中国移动TD-LTE皮站_飞站基站设备网络管理南向接口数据配置模型规范V2.3.xlsx,SJ,5
CMCC_TD_LTE_V2.3,重选公共参数,Device.Services.FAPService.{i}.CellConfig.LTE.RAN.Mobility.IdleMode.Common.IntraFreqReselection,Device,parameter,同频重选指示,RW,unsignedInt,0f3ce6a0-ce7c-46b2-9ac9-85df0ce69a44,parameter,READ_WRITE,U_INT,,already_in_mml,yes,LST MOBILITY_IDLE_MODE;MOD MOBILITY_IDLE_MODE,,SJ,移动性参数管理,重选公共参数,Device.Services.FAPService.{i}.CellConfig.LTE.RAN.Mobility.IdleMode.Common.,DEVICE_SERVICES_FAPSERVICE_CELLCONFIG_LTE_RAN_MOBILITY_IDLEMODE_COMMON,LST COMMON;MOD COMMON,中国移动TD-LTE皮站_飞站基站设备网络管理南向接口数据配置模型规范V2.3.xlsx,SJ,271
CMCC_TD_LTE_V2.3,重选公共参数,Device.Services.FAPService.{i}.CellConfig.LTE.RAN.Mobility.IdleMode.Common.NCellChangeHigh,Device,parameter,进入高速重选次数门限,RW,unsignedInt[1:16],dfc245c6-0b46-4ac0-8306-5906cfa0b86c,parameter,READ_WRITE,U_INT,,already_in_mml,yes,LST MOBILITY_IDLE_MODE;MOD MOBILITY_IDLE_MODE,,SJ,移动性参数管理,重选公共参数,Device.Services.FAPService.{i}.CellConfig.LTE.RAN.Mobility.IdleMode.Common.,DEVICE_SERVICES_FAPSERVICE_CELLCONFIG_LTE_RAN_MOBILITY_IDLEMODE_COMMON,LST COMMON;MOD COMMON,中国移动TD-LTE皮站_飞站基站设备网络管理南向接口数据配置模型规范V2.3.xlsx,SJ,277
CMCC_TD_LTE_V2.3,重选公共参数,Device.Services.FAPService.{i}.CellConfig.LTE.RAN.Mobility.IdleMode.Common.NCellChangeMedium,Device,parameter,进入中速重选次数门限,RW,unsignedInt[1:16],d3f35cb5-a520-4246-a480-75716d5598c9,parameter,READ_WRITE,U_INT,,already_in_mml,yes,LST MOBILITY_IDLE_MODE;MOD MOBILITY_IDLE_MODE,,SJ,移动性参数管理,重选公共参数,Device.Services.FAPService.{i}.CellConfig.LTE.RAN.Mobility.IdleMode.Common.,DEVICE_SERVICES_FAPSERVICE_CELLCONFIG_LTE_RAN_MOBILITY_IDLEMODE_COMMON,LST COMMON;MOD COMMON,中国移动TD-LTE皮站_飞站基站设备网络管理南向接口数据配置模型规范V2.3.xlsx,SJ,276
CMCC_TD_LTE_V2.3,重选公共参数,Device.Services.FAPService.{i}.CellConfig.LTE.RAN.Mobility.IdleMode.Common.QHystSFHigh,Device,parameter,Qhyst比例因子(高速),RW,"int[-6, -4, -2, 0]",15e75e03-55a8-4c78-a25c-c3631f04fe4f,parameter,READ_WRITE,INT,,already_in_mml,yes,LST MOBILITY_IDLE_MODE;MOD MOBILITY_IDLE_MODE,,SJ,移动性参数管理,重选公共参数,Device.Services.FAPService.{i}.CellConfig.LTE.RAN.Mobility.IdleMode.Common.,DEVICE_SERVICES_FAPSERVICE_CELLCONFIG_LTE_RAN_MOBILITY_IDLEMODE_COMMON,LST COMMON;MOD COMMON,中国移动TD-LTE皮站_飞站基站设备网络管理南向接口数据配置模型规范V2.3.xlsx,SJ,273
CMCC_TD_LTE_V2.3,重选公共参数,Device.Services.FAPService.{i}.CellConfig.LTE.RAN.Mobility.IdleMode.Common.QHystSFMedium,Device,parameter,Qhyst比例因子(中速),RW,"int[-6, -4, -2, 0]",246f096a-af73-4bd8-b1ba-fcb920c0dd7b,parameter,READ_WRITE,INT,,already_in_mml,yes,LST MOBILITY_IDLE_MODE;MOD MOBILITY_IDLE_MODE,,SJ,移动性参数管理,重选公共参数,Device.Services.FAPService.{i}.CellConfig.LTE.RAN.Mobility.IdleMode.Common.,DEVICE_SERVICES_FAPSERVICE_CELLCONFIG_LTE_RAN_MOBILITY_IDLEMODE_COMMON,LST COMMON;MOD COMMON,中国移动TD-LTE皮站_飞站基站设备网络管理南向接口数据配置模型规范V2.3.xlsx,SJ,272
CMCC_TD_LTE_V2.3,重选公共参数,Device.Services.FAPService.{i}.CellConfig.LTE.RAN.Mobility.IdleMode.Common.Qhyst,Device,parameter,服务小区重选迟滞值,RW,string(64),50578b15-036d-44dc-b6e5-33991c34895a,parameter,READ_WRITE,INT,,already_in_mml,yes,LST MOBILITY_IDLE_MODE;MOD MOBILITY_IDLE_MODE,,SJ,移动性参数管理,重选公共参数,Device.Services.FAPService.{i}.CellConfig.LTE.RAN.Mobility.IdleMode.Common.,DEVICE_SERVICES_FAPSERVICE_CELLCONFIG_LTE_RAN_MOBILITY_IDLEMODE_COMMON,LST COMMON;MOD COMMON,中国移动TD-LTE皮站_飞站基站设备网络管理南向接口数据配置模型规范V2.3.xlsx,SJ,270
CMCC_TD_LTE_V2.3,重选公共参数,Device.Services.FAPService.{i}.CellConfig.LTE.RAN.Mobility.IdleMode.Common.TEvaluation,Device,parameter,允许小区重选数目的间隔时间,RW,"unsignedInt[30, 60, 120, 180, 240]",8da43575-79d1-43d4-9a21-d20793791f22,parameter,READ_WRITE,U_INT,,already_in_mml,yes,LST MOBILITY_IDLE_MODE;MOD MOBILITY_IDLE_MODE,,SJ,移动性参数管理,重选公共参数,Device.Services.FAPService.{i}.CellConfig.LTE.RAN.Mobility.IdleMode.Common.,DEVICE_SERVICES_FAPSERVICE_CELLCONFIG_LTE_RAN_MOBILITY_IDLEMODE_COMMON,LST COMMON;MOD COMMON,中国移动TD-LTE皮站_飞站基站设备网络管理南向接口数据配置模型规范V2.3.xlsx,SJ,274
CMCC_TD_LTE_V2.3,重选公共参数,Device.Services.FAPService.{i}.CellConfig.LTE.RAN.Mobility.IdleMode.Common.THystNormal,Device,parameter,正常状态附加判决时长,RW,"unsignedInt[30, 60, 120, 180, 240]",9f29eb9d-1369-4e1d-96c6-d8206fd497bd,parameter,READ_WRITE,U_INT,,already_in_mml,yes,LST MOBILITY_IDLE_MODE;MOD MOBILITY_IDLE_MODE,,SJ,移动性参数管理,重选公共参数,Device.Services.FAPService.{i}.CellConfig.LTE.RAN.Mobility.IdleMode.Common.,DEVICE_SERVICES_FAPSERVICE_CELLCONFIG_LTE_RAN_MOBILITY_IDLEMODE_COMMON,LST COMMON;MOD COMMON,中国移动TD-LTE皮站_飞站基站设备网络管理南向接口数据配置模型规范V2.3.xlsx,SJ,275
CMCC_TD_LTE_V2.3,SON参数管理,Device.Services.FAPService.{i}.FAPControl.LTE.SelfConfig.SONConfigParam.ANREnable,Device,parameter,ANR算法总开关,RW,boolean,0cf790fc-1fe9-48eb-8429-d804ffd68428,parameter,READ_WRITE,BOOLEAN,,already_in_mml,yes,LST SELF_CONFIG_SON_CONFIG_PARAM;MOD SELF_CONFIG_SON_CONFIG_PARAM,parent_exact,SK,SON参数管理,SON 自配置参数,Device.Services.FAPService.{i}.FAPControl.LTE.SelfConfig.SONConfigParam.,DEVICE_SERVICES_FAPSERVICE_FAPCONTROL_LTE_SELFCONFIG_SONCONFIGPARAM,LST SONCONFIG_PARAM;MOD SONCONFIG_PARAM,中国移动TD-LTE皮站_飞站基站设备网络管理南向接口数据配置模型规范V2.3.xlsx,SK,8
CMCC_TD_LTE_V2.3,SON参数管理,Device.Services.FAPService.{i}.FAPControl.LTE.SelfConfig.SONConfigParam.ANRGERANEnable,Device,parameter,GERAN异系统ANR算法开关,RW,boolean,b0abd321-04fe-40aa-a640-40bda6a3982b,parameter,READ_WRITE,BOOLEAN,,already_in_mml,yes,LST SELF_CONFIG_SON_CONFIG_PARAM;MOD SELF_CONFIG_SON_CONFIG_PARAM,parent_exact,SK,SON参数管理,SON 自配置参数,Device.Services.FAPService.{i}.FAPControl.LTE.SelfConfig.SONConfigParam.,DEVICE_SERVICES_FAPSERVICE_FAPCONTROL_LTE_SELFCONFIG_SONCONFIGPARAM,LST SONCONFIG_PARAM;MOD SONCONFIG_PARAM,中国移动TD-LTE皮站_飞站基站设备网络管理南向接口数据配置模型规范V2.3.xlsx,SK,10
CMCC_TD_LTE_V2.3,SON参数管理,Device.Services.FAPService.{i}.FAPControl.LTE.SelfConfig.SONConfigParam.ANRInterFeqEnable,Device,parameter,E-UTRAN异频ANR算法开关,RW,boolean,66a840dc-0de4-4f20-b016-8db283194fc4,parameter,READ_WRITE,BOOLEAN,,already_in_mml,yes,LST SELF_CONFIG_SON_CONFIG_PARAM;MOD SELF_CONFIG_SON_CONFIG_PARAM,parent_exact,SK,SON参数管理,SON 自配置参数,Device.Services.FAPService.{i}.FAPControl.LTE.SelfConfig.SONConfigParam.,DEVICE_SERVICES_FAPSERVICE_FAPCONTROL_LTE_SELFCONFIG_SONCONFIGPARAM,LST SONCONFIG_PARAM;MOD SONCONFIG_PARAM,中国移动TD-LTE皮站_飞站基站设备网络管理南向接口数据配置模型规范V2.3.xlsx,SK,9
CMCC_TD_LTE_V2.3,SON参数管理,Device.Services.FAPService.{i}.FAPControl.LTE.SelfConfig.SONConfigParam.ANRUTRANEnable,Device,parameter,UTRAN异系统ANR算法开关,RW,boolean,4a422809-786b-4ae6-9ee8-aa985e114fa3,parameter,READ_WRITE,BOOLEAN,,already_in_mml,yes,LST SELF_CONFIG_SON_CONFIG_PARAM;MOD SELF_CONFIG_SON_CONFIG_PARAM,parent_exact,SK,SON参数管理,SON 自配置参数,Device.Services.FAPService.{i}.FAPControl.LTE.SelfConfig.SONConfigParam.,DEVICE_SERVICES_FAPSERVICE_FAPCONTROL_LTE_SELFCONFIG_SONCONFIGPARAM,LST SONCONFIG_PARAM;MOD SONCONFIG_PARAM,中国移动TD-LTE皮站_飞站基站设备网络管理南向接口数据配置模型规范V2.3.xlsx,SK,11
CMCC_TD_LTE_V2.3,SON参数管理,Device.Services.FAPService.{i}.FAPControl.LTE.SelfConfig.SONConfigParam.ARFCNEnable,Device,parameter,频点自配置算法开关,RW,boolean,e28ce549-9c8e-4f69-873c-9cab858dcfd7,parameter,READ_WRITE,BOOLEAN,,already_in_mml,yes,LST SELF_CONFIG_SON_CONFIG_PARAM;MOD SELF_CONFIG_SON_CONFIG_PARAM,parent_exact,SK,SON参数管理,SON 自配置参数,Device.Services.FAPService.{i}.FAPControl.LTE.SelfConfig.SONConfigParam.,DEVICE_SERVICES_FAPSERVICE_FAPCONTROL_LTE_SELFCONFIG_SONCONFIGPARAM,LST SONCONFIG_PARAM;MOD SONCONFIG_PARAM,中国移动TD-LTE皮站_飞站基站设备网络管理南向接口数据配置模型规范V2.3.xlsx,SK,12
CMCC_TD_LTE_V2.3,SON参数管理,Device.Services.FAPService.{i}.FAPControl.LTE.SelfConfig.SONConfigParam.CandidateARFCNList,Device,parameter,候选频点列表,RW,string(64),75447e13-83bb-42c5-829e-606615424cfb,parameter,READ_WRITE,STRING,,already_in_mml,yes,LST SELF_CONFIG_SON_CONFIG_PARAM;MOD SELF_CONFIG_SON_CONFIG_PARAM,parent_exact,SK,SON参数管理,SON 自配置参数,Device.Services.FAPService.{i}.FAPControl.LTE.SelfConfig.SONConfigParam.,DEVICE_SERVICES_FAPSERVICE_FAPCONTROL_LTE_SELFCONFIG_SONCONFIGPARAM,LST SONCONFIG_PARAM;MOD SONCONFIG_PARAM,中国移动TD-LTE皮站_飞站基站设备网络管理南向接口数据配置模型规范V2.3.xlsx,SK,6
CMCC_TD_LTE_V2.3,SON参数管理,Device.Services.FAPService.{i}.FAPControl.LTE.SelfConfig.SONConfigParam.CandidatePCIList,Device,parameter,候选PCI列表,RW,string(64),ec82a93e-9a23-487e-b589-cb95154fc8b9,parameter,READ_WRITE,STRING,,already_in_mml,yes,LST SELF_CONFIG_SON_CONFIG_PARAM;MOD SELF_CONFIG_SON_CONFIG_PARAM,parent_exact,SK,SON参数管理,SON 自配置参数,Device.Services.FAPService.{i}.FAPControl.LTE.SelfConfig.SONConfigParam.,DEVICE_SERVICES_FAPSERVICE_FAPCONTROL_LTE_SELFCONFIG_SONCONFIGPARAM,LST SONCONFIG_PARAM;MOD SONCONFIG_PARAM,中国移动TD-LTE皮站_飞站基站设备网络管理南向接口数据配置模型规范V2.3.xlsx,SK,7
CMCC_TD_LTE_V2.3,SON参数管理,Device.Services.FAPService.{i}.FAPControl.LTE.SelfConfig.SONConfigParam.GERANSnifferChannelList,Device,parameter,GERAN侦听频道号列表,RW,string(256),6a2a6522-6bc4-4f00-ad5a-c1c4afa3fb08,parameter,READ_WRITE,STRING,,already_in_mml,yes,LST SELF_CONFIG_SON_CONFIG_PARAM;MOD SELF_CONFIG_SON_CONFIG_PARAM,parent_exact,SK,SON参数管理,SON 自配置参数,Device.Services.FAPService.{i}.FAPControl.LTE.SelfConfig.SONConfigParam.,DEVICE_SERVICES_FAPSERVICE_FAPCONTROL_LTE_SELFCONFIG_SONCONFIGPARAM,LST SONCONFIG_PARAM;MOD SONCONFIG_PARAM,中国移动TD-LTE皮站_飞站基站设备网络管理南向接口数据配置模型规范V2.3.xlsx,SK,21
CMCC_TD_LTE_V2.3,SON参数管理,Device.Services.FAPService.{i}.FAPControl.LTE.SelfConfig.SONConfigParam.GERANSnifferEnable,Device,parameter,GERAN侦听使能,RW,boolean,c9f57ad9-9f53-4db9-8cbd-edbb879f3cb5,parameter,READ_WRITE,BOOLEAN,,already_in_mml,yes,LST SELF_CONFIG_SON_CONFIG_PARAM;MOD SELF_CONFIG_SON_CONFIG_PARAM,parent_exact,SK,SON参数管理,SON 自配置参数,Device.Services.FAPService.{i}.FAPControl.LTE.SelfConfig.SONConfigParam.,DEVICE_SERVICES_FAPSERVICE_FAPCONTROL_LTE_SELFCONFIG_SONCONFIGPARAM,LST SONCONFIG_PARAM;MOD SONCONFIG_PARAM,中国移动TD-LTE皮站_飞站基站设备网络管理南向接口数据配置模型规范V2.3.xlsx,SK,20
CMCC_TD_LTE_V2.3,SON参数管理,Device.Services.FAPService.{i}.FAPControl.LTE.SelfConfig.SONConfigParam.LTESnifferChannelList,Device,parameter,LTE侦听频点列表,RW,string(64),497118d2-36b6-4982-938a-c1addf80fa40,parameter,READ_WRITE,STRING,,already_in_mml,yes,LST SELF_CONFIG_SON_CONFIG_PARAM;MOD SELF_CONFIG_SON_CONFIG_PARAM,parent_exact,SK,SON参数管理,SON 自配置参数,Device.Services.FAPService.{i}.FAPControl.LTE.SelfConfig.SONConfigParam.,DEVICE_SERVICES_FAPSERVICE_FAPCONTROL_LTE_SELFCONFIG_SONCONFIGPARAM,LST SONCONFIG_PARAM;MOD SONCONFIG_PARAM,中国移动TD-LTE皮站_飞站基站设备网络管理南向接口数据配置模型规范V2.3.xlsx,SK,19
CMCC_TD_LTE_V2.3,SON参数管理,Device.Services.FAPService.{i}.FAPControl.LTE.SelfConfig.SONConfigParam.LTESnifferFreqBandList,Device,parameter,LTE侦听频段列表,RW,string(64),eecb0684-991f-49f8-abca-8c9780c3cb2b,parameter,READ_WRITE,STRING,,already_in_mml,yes,LST SELF_CONFIG_SON_CONFIG_PARAM;MOD SELF_CONFIG_SON_CONFIG_PARAM,parent_exact,SK,SON参数管理,SON 自配置参数,Device.Services.FAPService.{i}.FAPControl.LTE.SelfConfig.SONConfigParam.,DEVICE_SERVICES_FAPSERVICE_FAPCONTROL_LTE_SELFCONFIG_SONCONFIGPARAM,LST SONCONFIG_PARAM;MOD SONCONFIG_PARAM,中国移动TD-LTE皮站_飞站基站设备网络管理南向接口数据配置模型规范V2.3.xlsx,SK,18
CMCC_TD_LTE_V2.3,SON参数管理,Device.Services.FAPService.{i}.FAPControl.LTE.SelfConfig.SONConfigParam.MROEnable,Device,parameter,邻区鲁棒性优化功能开关,RW,boolean,b3ea355c-9fff-4055-ac75-5b45c9209fe3,parameter,READ_WRITE,BOOLEAN,,already_in_mml,yes,LST SELF_CONFIG_SON_CONFIG_PARAM;MOD SELF_CONFIG_SON_CONFIG_PARAM,parent_exact,SK,SON参数管理,SON 自配置参数,Device.Services.FAPService.{i}.FAPControl.LTE.SelfConfig.SONConfigParam.,DEVICE_SERVICES_FAPSERVICE_FAPCONTROL_LTE_SELFCONFIG_SONCONFIGPARAM,LST SONCONFIG_PARAM;MOD SONCONFIG_PARAM,中国移动TD-LTE皮站_飞站基站设备网络管理南向接口数据配置模型规范V2.3.xlsx,SK,24
CMCC_TD_LTE_V2.3,SON参数管理,Device.Services.FAPService.{i}.FAPControl.LTE.SelfConfig.SONConfigParam.MaxGRANNeighbourCellNum,Device,parameter,最大GERAN邻区数,RW,unsignedInt,7b93aac8-896d-4f4b-8273-bb2f418c05c3,parameter,READ_WRITE,U_INT,,already_in_mml,yes,LST SELF_CONFIG_SON_CONFIG_PARAM;MOD SELF_CONFIG_SON_CONFIG_PARAM,parent_exact,SK,SON参数管理,SON 自配置参数,Device.Services.FAPService.{i}.FAPControl.LTE.SelfConfig.SONConfigParam.,DEVICE_SERVICES_FAPSERVICE_FAPCONTROL_LTE_SELFCONFIG_SONCONFIGPARAM,LST SONCONFIG_PARAM;MOD SONCONFIG_PARAM,中国移动TD-LTE皮站_飞站基站设备网络管理南向接口数据配置模型规范V2.3.xlsx,SK,15
CMCC_TD_LTE_V2.3,SON参数管理,Device.Services.FAPService.{i}.FAPControl.LTE.SelfConfig.SONConfigParam.MaxLTENeighbourCellNum,Device,parameter,最大LTE邻区数,RW,unsignedInt,959a61f9-f0d5-4365-9172-9496c0cda162,parameter,READ_WRITE,U_INT,,already_in_mml,yes,LST SELF_CONFIG_SON_CONFIG_PARAM;MOD SELF_CONFIG_SON_CONFIG_PARAM,parent_exact,SK,SON参数管理,SON 自配置参数,Device.Services.FAPService.{i}.FAPControl.LTE.SelfConfig.SONConfigParam.,DEVICE_SERVICES_FAPSERVICE_FAPCONTROL_LTE_SELFCONFIG_SONCONFIGPARAM,LST SONCONFIG_PARAM;MOD SONCONFIG_PARAM,中国移动TD-LTE皮站_飞站基站设备网络管理南向接口数据配置模型规范V2.3.xlsx,SK,13
CMCC_TD_LTE_V2.3,SON参数管理,Device.Services.FAPService.{i}.FAPControl.LTE.SelfConfig.SONConfigParam.MaxUTRANNeighbourCellNum,Device,parameter,最大UTRAN邻区数,RW,unsignedInt,9c7956fd-6992-4680-ab83-7ef62d4c3d74,parameter,READ_WRITE,U_INT,,already_in_mml,yes,LST SELF_CONFIG_SON_CONFIG_PARAM;MOD SELF_CONFIG_SON_CONFIG_PARAM,parent_exact,SK,SON参数管理,SON 自配置参数,Device.Services.FAPService.{i}.FAPControl.LTE.SelfConfig.SONConfigParam.,DEVICE_SERVICES_FAPSERVICE_FAPCONTROL_LTE_SELFCONFIG_SONCONFIGPARAM,LST SONCONFIG_PARAM;MOD SONCONFIG_PARAM,中国移动TD-LTE皮站_飞站基站设备网络管理南向接口数据配置模型规范V2.3.xlsx,SK,14
CMCC_TD_LTE_V2.3,SON参数管理,Device.Services.FAPService.{i}.FAPControl.LTE.SelfConfig.SONConfigParam.PCIOptEnable,Device,parameter,PCI自优化算法开关,RW,boolean,42eedda7-11da-48e9-ad5e-4b1338c71f36,parameter,READ_WRITE,BOOLEAN,,already_in_mml,yes,LST SELF_CONFIG_SON_CONFIG_PARAM;MOD SELF_CONFIG_SON_CONFIG_PARAM,parent_exact,SK,SON参数管理,SON 自配置参数,Device.Services.FAPService.{i}.FAPControl.LTE.SelfConfig.SONConfigParam.,DEVICE_SERVICES_FAPSERVICE_FAPCONTROL_LTE_SELFCONFIG_SONCONFIGPARAM,LST SONCONFIG_PARAM;MOD SONCONFIG_PARAM,中国移动TD-LTE皮站_飞站基站设备网络管理南向接口数据配置模型规范V2.3.xlsx,SK,4
CMCC_TD_LTE_V2.3,SON参数管理,Device.Services.FAPService.{i}.FAPControl.LTE.SelfConfig.SONConfigParam.PCIReconfigWaitTime,Device,parameter,PCI重配等待定时器,RW,unsignedInt,02200ae5-54bb-42bd-af41-fe9837eab595,parameter,READ_WRITE,U_INT,,already_in_mml,yes,LST SELF_CONFIG_SON_CONFIG_PARAM;MOD SELF_CONFIG_SON_CONFIG_PARAM,parent_exact,SK,SON参数管理,SON 自配置参数,Device.Services.FAPService.{i}.FAPControl.LTE.SelfConfig.SONConfigParam.,DEVICE_SERVICES_FAPSERVICE_FAPCONTROL_LTE_SELFCONFIG_SONCONFIGPARAM,LST SONCONFIG_PARAM;MOD SONCONFIG_PARAM,中国移动TD-LTE皮站_飞站基站设备网络管理南向接口数据配置模型规范V2.3.xlsx,SK,5
CMCC_TD_LTE_V2.3,SON参数管理,Device.Services.FAPService.{i}.FAPControl.LTE.SelfConfig.SONConfigParam.PowerEnable,Device,parameter,功率自配置算法开关,RW,boolean,12cac123-dadc-43ec-a29e-efe603ade0ed,parameter,READ_WRITE,BOOLEAN,,already_in_mml,yes,LST SELF_CONFIG_SON_CONFIG_PARAM;MOD SELF_CONFIG_SON_CONFIG_PARAM,parent_exact,SK,SON参数管理,SON 自配置参数,Device.Services.FAPService.{i}.FAPControl.LTE.SelfConfig.SONConfigParam.,DEVICE_SERVICES_FAPSERVICE_FAPCONTROL_LTE_SELFCONFIG_SONCONFIGPARAM,LST SONCONFIG_PARAM;MOD SONCONFIG_PARAM,中国移动TD-LTE皮站_飞站基站设备网络管理南向接口数据配置模型规范V2.3.xlsx,SK,17
CMCC_TD_LTE_V2.3,SON参数管理,Device.Services.FAPService.{i}.FAPControl.LTE.SelfConfig.SONConfigParam.ReSynCellEnable,Device,parameter,重新同步小区使能开关,RW,boolean,2f9a6d85-196f-4985-a238-f7eaeef2b667,parameter,READ_WRITE,BOOLEAN,,already_in_mml,yes,LST SELF_CONFIG_SON_CONFIG_PARAM;MOD SELF_CONFIG_SON_CONFIG_PARAM,parent_exact,SK,SON参数管理,SON 自配置参数,Device.Services.FAPService.{i}.FAPControl.LTE.SelfConfig.SONConfigParam.,DEVICE_SERVICES_FAPSERVICE_FAPCONTROL_LTE_SELFCONFIG_SONCONFIGPARAM,LST SONCONFIG_PARAM;MOD SONCONFIG_PARAM,中国移动TD-LTE皮站_飞站基站设备网络管理南向接口数据配置模型规范V2.3.xlsx,SK,16
CMCC_TD_LTE_V2.3,SON参数管理,Device.Services.FAPService.{i}.FAPControl.LTE.SelfConfig.SONConfigParam.SHEnable,Device,parameter,自治愈功能开关,RW,boolean,6f5c99e3-25db-4946-9e7a-011240cd9d7c,parameter,READ_WRITE,BOOLEAN,,already_in_mml,yes,LST SELF_CONFIG_SON_CONFIG_PARAM;MOD SELF_CONFIG_SON_CONFIG_PARAM,parent_exact,SK,SON参数管理,SON 自配置参数,Device.Services.FAPService.{i}.FAPControl.LTE.SelfConfig.SONConfigParam.,DEVICE_SERVICES_FAPSERVICE_FAPCONTROL_LTE_SELFCONFIG_SONCONFIGPARAM,LST SONCONFIG_PARAM;MOD SONCONFIG_PARAM,中国移动TD-LTE皮站_飞站基站设备网络管理南向接口数据配置模型规范V2.3.xlsx,SK,25
CMCC_TD_LTE_V2.3,SON参数管理,Device.Services.FAPService.{i}.FAPControl.LTE.SelfConfig.SONConfigParam.SONSysMode,Device,parameter,SON系统模式,RW,string,84d03760-ebc3-4fe6-9052-c5223ab32ae2,parameter,READ_WRITE,STRING,,already_in_mml,yes,LST SELF_CONFIG_SON_CONFIG_PARAM;MOD SELF_CONFIG_SON_CONFIG_PARAM,parent_exact,SK,SON参数管理,SON 自配置参数,Device.Services.FAPService.{i}.FAPControl.LTE.SelfConfig.SONConfigParam.,DEVICE_SERVICES_FAPSERVICE_FAPCONTROL_LTE_SELFCONFIG_SONCONFIGPARAM,LST SONCONFIG_PARAM;MOD SONCONFIG_PARAM,中国移动TD-LTE皮站_飞站基站设备网络管理南向接口数据配置模型规范V2.3.xlsx,SK,2
CMCC_TD_LTE_V2.3,SON参数管理,Device.Services.FAPService.{i}.FAPControl.LTE.SelfConfig.SONConfigParam.SONWorkMode,Device,parameter,SON模式设置,RW,string,a2fd4c84-8be7-4261-b446-95a97837f17c,parameter,READ_WRITE,STRING,,already_in_mml,yes,LST SELF_CONFIG_SON_CONFIG_PARAM;MOD SELF_CONFIG_SON_CONFIG_PARAM,parent_exact,SK,SON参数管理,SON 自配置参数,Device.Services.FAPService.{i}.FAPControl.LTE.SelfConfig.SONConfigParam.,DEVICE_SERVICES_FAPSERVICE_FAPCONTROL_LTE_SELFCONFIG_SONCONFIGPARAM,LST SONCONFIG_PARAM;MOD SONCONFIG_PARAM,中国移动TD-LTE皮站_飞站基站设备网络管理南向接口数据配置模型规范V2.3.xlsx,SK,3
CMCC_TD_LTE_V2.3,SON参数管理,Device.Services.FAPService.{i}.FAPControl.LTE.SelfConfig.SONConfigParam.SyncMode,Device,parameter,时钟同步模式,R,string(64),75c21d56-8ef5-4816-85c2-d988288e83e7,parameter,READ_ONLY,STRING,,already_in_mml,yes,LST SELF_CONFIG_SON_CONFIG_PARAM,parent_exact,SK,SON参数管理,SON 自配置参数,Device.Services.FAPService.{i}.FAPControl.LTE.SelfConfig.SONConfigParam.,DEVICE_SERVICES_FAPSERVICE_FAPCONTROL_LTE_SELFCONFIG_SONCONFIGPARAM,LST SONCONFIG_PARAM,中国移动TD-LTE皮站_飞站基站设备网络管理南向接口数据配置模型规范V2.3.xlsx,SK,26
CMCC_TD_LTE_V2.3,SON参数管理,Device.Services.FAPService.{i}.FAPControl.LTE.SelfConfig.SONConfigParam.UTRANSnifferChannelList,Device,parameter,UTRAN侦听频道号列表,RW,string(256),b0dfd2b2-32c4-4462-bda5-fe58bbe6208b,parameter,READ_WRITE,STRING,,already_in_mml,yes,LST SELF_CONFIG_SON_CONFIG_PARAM;MOD SELF_CONFIG_SON_CONFIG_PARAM,parent_exact,SK,SON参数管理,SON 自配置参数,Device.Services.FAPService.{i}.FAPControl.LTE.SelfConfig.SONConfigParam.,DEVICE_SERVICES_FAPSERVICE_FAPCONTROL_LTE_SELFCONFIG_SONCONFIGPARAM,LST SONCONFIG_PARAM;MOD SONCONFIG_PARAM,中国移动TD-LTE皮站_飞站基站设备网络管理南向接口数据配置模型规范V2.3.xlsx,SK,23
CMCC_TD_LTE_V2.3,SON参数管理,Device.Services.FAPService.{i}.FAPControl.LTE.SelfConfig.SONConfigParam.UTRANSnifferEnable,Device,parameter,UTRAN侦听使能,RW,boolean,395bfdd7-2a0b-428b-872e-92e22dea5767,parameter,READ_WRITE,BOOLEAN,,already_in_mml,yes,LST SELF_CONFIG_SON_CONFIG_PARAM;MOD SELF_CONFIG_SON_CONFIG_PARAM,parent_exact,SK,SON参数管理,SON 自配置参数,Device.Services.FAPService.{i}.FAPControl.LTE.SelfConfig.SONConfigParam.,DEVICE_SERVICES_FAPSERVICE_FAPCONTROL_LTE_SELFCONFIG_SONCONFIGPARAM,LST SONCONFIG_PARAM;MOD SONCONFIG_PARAM,中国移动TD-LTE皮站_飞站基站设备网络管理南向接口数据配置模型规范V2.3.xlsx,SK,22
CMCC_5G_EXT_PICO_V1.9.4,vlan子接口配置参数管理,Device.Ethernet.Interface.{i}.VlanInterface.{i}.Id,Device,parameter,Vlan Id,RW,int[0:4094],b8f21528-77a7-4c99-ae96-5801fb056456,parameter,READ_WRITE,STRING,,already_in_mml,yes,LST VLAN_INTERFACE;MOD VLAN_INTERFACE,parent_exact,SL,WAN口配置参数管理,VLAN 子接口,Device.Ethernet.Interface.{i}.VlanInterface.{i}.,DEVICE_ETHERNET_INTERFACE_VLANINTERFACE,LST VLAN_INTERFACE;MOD VLAN_INTERFACE,中国移动5G扩展型皮基站网管南向接口数据模型规范v1.9.4.xlsx,SO,22
CMCC_5G_EXT_PICO_V1.9.4,vlan子接口配置参数管理,Device.Ethernet.Interface.{i}.VlanInterface.{i}.Name,Device,parameter,vlan子接口名称,RW,string,0183b3b6-0b25-4a55-bb65-9e571ae9afe9,parameter,READ_WRITE,STRING,,already_in_mml,yes,LST VLAN_INTERFACE;MOD VLAN_INTERFACE,parent_exact,SL,WAN口配置参数管理,VLAN 子接口,Device.Ethernet.Interface.{i}.VlanInterface.{i}.,DEVICE_ETHERNET_INTERFACE_VLANINTERFACE,LST VLAN_INTERFACE;MOD VLAN_INTERFACE,中国移动5G扩展型皮基站网管南向接口数据模型规范v1.9.4.xlsx,SO,21
CMCC_5G_EXT_PICO_V1.9.4,vlan子接口配置参数管理,Device.Ethernet.Interface.{i}.VlanInterface.{i}.IPv4Address.{i}.AddressingType,Device,parameter,外部IP 地址方法,RW,string,70616f51-5751-47de-a2c8-b1b33580f988,parameter,READ_WRITE,STRING,,already_in_mml,yes,LST VLAN_INTERFACE_I_PV4_ADDRESS;MOD VLAN_INTERFACE_I_PV4_ADDRESS,parent_exact,SL,WAN口配置参数管理,VLAN 子接口 IPv4 地址,Device.Ethernet.Interface.{i}.VlanInterface.{i}.IPv4Address.{i}.,DEVICE_ETHERNET_INTERFACE_VLANINTERFACE_IPV4ADDRESS,LST IPV4_ADDRESS;MOD IPV4_ADDRESS,中国移动5G扩展型皮基站网管南向接口数据模型规范v1.9.4.xlsx,SO,26
CMCC_5G_EXT_PICO_V1.9.4,vlan子接口配置参数管理,Device.Ethernet.Interface.{i}.VlanInterface.{i}.IPv4Address.{i}.DefaultGateway,Device,parameter,vlan子接口的默认网关,RW,string(15),1a710089-6c87-4285-805f-50a1f643860c,parameter,READ_WRITE,STRING,,already_in_mml,yes,LST VLAN_INTERFACE_I_PV4_ADDRESS;MOD VLAN_INTERFACE_I_PV4_ADDRESS,parent_exact,SL,WAN口配置参数管理,VLAN 子接口 IPv4 地址,Device.Ethernet.Interface.{i}.VlanInterface.{i}.IPv4Address.{i}.,DEVICE_ETHERNET_INTERFACE_VLANINTERFACE_IPV4ADDRESS,LST IPV4_ADDRESS;MOD IPV4_ADDRESS,中国移动5G扩展型皮基站网管南向接口数据模型规范v1.9.4.xlsx,SO,27
CMCC_5G_EXT_PICO_V1.9.4,vlan子接口配置参数管理,Device.Ethernet.Interface.{i}.VlanInterface.{i}.IPv4Address.{i}.IPAddress,Device,parameter,IP 地址,RW,string(15),15cbb151-12c9-47ab-8002-0acd643f72c1,parameter,READ_WRITE,STRING,,already_in_mml,yes,LST VLAN_INTERFACE_I_PV4_ADDRESS;MOD VLAN_INTERFACE_I_PV4_ADDRESS,parent_exact,SL,WAN口配置参数管理,VLAN 子接口 IPv4 地址,Device.Ethernet.Interface.{i}.VlanInterface.{i}.IPv4Address.{i}.,DEVICE_ETHERNET_INTERFACE_VLANINTERFACE_IPV4ADDRESS,LST IPV4_ADDRESS;MOD IPV4_ADDRESS,中国移动5G扩展型皮基站网管南向接口数据模型规范v1.9.4.xlsx,SO,24
CMCC_5G_EXT_PICO_V1.9.4,vlan子接口配置参数管理,Device.Ethernet.Interface.{i}.VlanInterface.{i}.IPv4Address.{i}.PortType,Device,parameter,端口类型,RW,string,50effb3e-0fca-43bb-bc00-b47cd8d352af,parameter,READ_WRITE,STRING,,already_in_mml,yes,LST VLAN_INTERFACE_I_PV4_ADDRESS;MOD VLAN_INTERFACE_I_PV4_ADDRESS,parent_exact,SL,WAN口配置参数管理,VLAN 子接口 IPv4 地址,Device.Ethernet.Interface.{i}.VlanInterface.{i}.IPv4Address.{i}.,DEVICE_ETHERNET_INTERFACE_VLANINTERFACE_IPV4ADDRESS,LST IPV4_ADDRESS;MOD IPV4_ADDRESS,中国移动5G扩展型皮基站网管南向接口数据模型规范v1.9.4.xlsx,SO,28
CMCC_5G_EXT_PICO_V1.9.4,vlan子接口配置参数管理,Device.Ethernet.Interface.{i}.VlanInterface.{i}.IPv4Address.{i}.SubnetMask,Device,parameter,vlan子接口的子网掩码,RW,string,8406148a-1125-4fe0-a9b3-37789a889628,parameter,READ_WRITE,STRING,,already_in_mml,yes,LST VLAN_INTERFACE_I_PV4_ADDRESS;MOD VLAN_INTERFACE_I_PV4_ADDRESS,parent_exact,SL,WAN口配置参数管理,VLAN 子接口 IPv4 地址,Device.Ethernet.Interface.{i}.VlanInterface.{i}.IPv4Address.{i}.,DEVICE_ETHERNET_INTERFACE_VLANINTERFACE_IPV4ADDRESS,LST IPV4_ADDRESS;MOD IPV4_ADDRESS,中国移动5G扩展型皮基站网管南向接口数据模型规范v1.9.4.xlsx,SO,25
CMCC_5G_EXT_PICO_V1.9.4,vlan子接口配置参数管理,Device.Ethernet.Interface.{i}.VlanInterface.{i}.IPv6Address.{i}.DefaultGateway,Device,parameter,vlan子接口的默认网关,RW,string(64),9166bc92-924e-4523-abf3-28a4f4cd3ce9,parameter,READ_WRITE,STRING,,already_in_mml,yes,LST VLAN_INTERFACE_I_PV6_ADDRESS;MOD VLAN_INTERFACE_I_PV6_ADDRESS,parent_exact,SL,WAN口配置参数管理,VLAN 子接口 IPv6 地址,Device.Ethernet.Interface.{i}.VlanInterface.{i}.IPv6Address.{i}.,DEVICE_ETHERNET_INTERFACE_VLANINTERFACE_IPV6ADDRESS,LST IPV6_ADDRESS;MOD IPV6_ADDRESS,中国移动5G扩展型皮基站网管南向接口数据模型规范v1.9.4.xlsx,SO,32
CMCC_5G_EXT_PICO_V1.9.4,vlan子接口配置参数管理,Device.Ethernet.Interface.{i}.VlanInterface.{i}.IPv6Address.{i}.IPAddress,Device,parameter,IPv6 地址,RW,string(64),892f5dfd-6307-4f2f-bd03-d4c404c60da7,parameter,READ_WRITE,STRING,,already_in_mml,yes,LST VLAN_INTERFACE_I_PV6_ADDRESS;MOD VLAN_INTERFACE_I_PV6_ADDRESS,parent_exact,SL,WAN口配置参数管理,VLAN 子接口 IPv6 地址,Device.Ethernet.Interface.{i}.VlanInterface.{i}.IPv6Address.{i}.,DEVICE_ETHERNET_INTERFACE_VLANINTERFACE_IPV6ADDRESS,LST IPV6_ADDRESS;MOD IPV6_ADDRESS,中国移动5G扩展型皮基站网管南向接口数据模型规范v1.9.4.xlsx,SO,29
CMCC_5G_EXT_PICO_V1.9.4,vlan子接口配置参数管理,Device.Ethernet.Interface.{i}.VlanInterface.{i}.IPv6Address.{i}.Origin,Device,parameter,外部IP 来源,RW,string,a7064701-4d3b-46ed-a3f6-ff0c93f05d2b,parameter,READ_WRITE,STRING,,already_in_mml,yes,LST VLAN_INTERFACE_I_PV6_ADDRESS;MOD VLAN_INTERFACE_I_PV6_ADDRESS,parent_exact,SL,WAN口配置参数管理,VLAN 子接口 IPv6 地址,Device.Ethernet.Interface.{i}.VlanInterface.{i}.IPv6Address.{i}.,DEVICE_ETHERNET_INTERFACE_VLANINTERFACE_IPV6ADDRESS,LST IPV6_ADDRESS;MOD IPV6_ADDRESS,中国移动5G扩展型皮基站网管南向接口数据模型规范v1.9.4.xlsx,SO,31
CMCC_5G_EXT_PICO_V1.9.4,vlan子接口配置参数管理,Device.Ethernet.Interface.{i}.VlanInterface.{i}.IPv6Address.{i}.PortType,Device,parameter,端口类型,RW,string,14dfdd52-0ac4-4ed3-b46d-4b61e087f2fe,parameter,READ_WRITE,STRING,,already_in_mml,yes,LST VLAN_INTERFACE_I_PV6_ADDRESS;MOD VLAN_INTERFACE_I_PV6_ADDRESS,parent_exact,SL,WAN口配置参数管理,VLAN 子接口 IPv6 地址,Device.Ethernet.Interface.{i}.VlanInterface.{i}.IPv6Address.{i}.,DEVICE_ETHERNET_INTERFACE_VLANINTERFACE_IPV6ADDRESS,LST IPV6_ADDRESS;MOD IPV6_ADDRESS,中国移动5G扩展型皮基站网管南向接口数据模型规范v1.9.4.xlsx,SO,33
CMCC_5G_EXT_PICO_V1.9.4,vlan子接口配置参数管理,Device.Ethernet.Interface.{i}.VlanInterface.{i}.IPv6Address.{i}.PrefixLength,Device,parameter,前缀长度,RW,unsignedInt[1:128],cff62a9f-c0c5-4670-811a-5987fba0e6fa,parameter,READ_WRITE,STRING,,already_in_mml,yes,LST VLAN_INTERFACE_I_PV6_ADDRESS;MOD VLAN_INTERFACE_I_PV6_ADDRESS,parent_exact,SL,WAN口配置参数管理,VLAN 子接口 IPv6 地址,Device.Ethernet.Interface.{i}.VlanInterface.{i}.IPv6Address.{i}.,DEVICE_ETHERNET_INTERFACE_VLANINTERFACE_IPV6ADDRESS,LST IPV6_ADDRESS;MOD IPV6_ADDRESS,中国移动5G扩展型皮基站网管南向接口数据模型规范v1.9.4.xlsx,SO,30
CMCC_5G_EXT_PICO_V1.9.4,WAN口配置参数管理,Device.Ethernet.Interface.{i}.DuplexMode,Device,parameter,该连接使用的双工模式,RW,string,952c4deb-c19e-47c9-80f1-612fa1485841,parameter,READ_WRITE,STRING,,already_in_mml,yes,LST ETHERNET_INTERFACE;MOD ETHERNET_INTERFACE,parent_exact,SL,WAN口配置参数管理,以太网接口,Device.Ethernet.Interface.{i}.,DEVICE_ETHERNET_INTERFACE,LST INTERFACE;MOD INTERFACE,中国移动5G扩展型皮基站网管南向接口数据模型规范v1.9.4.xlsx,SO,9
CMCC_5G_EXT_PICO_V1.9.4,WAN口配置参数管理,Device.Ethernet.Interface.{i}.Enable,Device,parameter,启用或禁用该接口,RW,boolean,0093eac8-030d-40f6-b7b0-f47be559a1e3,parameter,READ_WRITE,BOOLEAN,,already_in_mml,yes,LST ETHERNET_INTERFACE;MOD ETHERNET_INTERFACE,parent_exact,SL,WAN口配置参数管理,以太网接口,Device.Ethernet.Interface.{i}.,DEVICE_ETHERNET_INTERFACE,LST INTERFACE;MOD INTERFACE,中国移动5G扩展型皮基站网管南向接口数据模型规范v1.9.4.xlsx,SO,2
CMCC_5G_EXT_PICO_V1.9.4,WAN口配置参数管理,Device.Ethernet.Interface.{i}.MACAddress,Device,parameter,接口的物理地址,R,string(17),e5a01616-aea7-49ae-a2f2-6a8f7a855910,parameter,READ_ONLY,STRING,,already_in_mml,yes,LST ETHERNET_INTERFACE,parent_exact,SL,WAN口配置参数管理,以太网接口,Device.Ethernet.Interface.{i}.,DEVICE_ETHERNET_INTERFACE,LST INTERFACE,中国移动5G扩展型皮基站网管南向接口数据模型规范v1.9.4.xlsx,SO,6
CMCC_5G_EXT_PICO_V1.9.4,WAN口配置参数管理,Device.Ethernet.Interface.{i}.MaxBitRate,Device,parameter,该连接可用的最大速率模式,RW,string,02012b7c-c95b-40b5-a171-d26e27c49c24,parameter,READ_WRITE,STRING,,already_in_mml,yes,LST ETHERNET_INTERFACE;MOD ETHERNET_INTERFACE,parent_exact,SL,WAN口配置参数管理,以太网接口,Device.Ethernet.Interface.{i}.,DEVICE_ETHERNET_INTERFACE,LST INTERFACE;MOD INTERFACE,中国移动5G扩展型皮基站网管南向接口数据模型规范v1.9.4.xlsx,SO,7
CMCC_5G_EXT_PICO_V1.9.4,WAN口配置参数管理,Device.Ethernet.Interface.{i}.Name,Device,parameter,端口名称,R,string,bcac6926-5ff2-4e99-8d91-9c0b8e35a27a,parameter,READ_ONLY,string,,already_in_mml,yes,LST ETHERNET_INTERFACE,parent_exact,SL,WAN口配置参数管理,以太网接口,Device.Ethernet.Interface.{i}.,DEVICE_ETHERNET_INTERFACE,LST INTERFACE,中国移动5G扩展型皮基站网管南向接口数据模型规范v1.9.4.xlsx,SO,4
CMCC_5G_EXT_PICO_V1.9.4,WAN口配置参数管理,Device.Ethernet.Interface.{i}.PortLocation,Device,parameter,端口位置,R,string,e5fffadc-54ba-4b9e-80dd-39e23b8d191d,parameter,READ_ONLY,string,,already_in_mml,yes,LST ETHERNET_INTERFACE,parent_exact,SL,WAN口配置参数管理,以太网接口,Device.Ethernet.Interface.{i}.,DEVICE_ETHERNET_INTERFACE,LST INTERFACE,中国移动5G扩展型皮基站网管南向接口数据模型规范v1.9.4.xlsx,SO,10
CMCC_5G_EXT_PICO_V1.9.4,WAN口配置参数管理,Device.Ethernet.Interface.{i}.SignTransMedia,Device,parameter,信号传送介质类型,R,string,82480271-3ed5-4176-9d3a-e3b54e56f960,parameter,READ_ONLY,STRING,,already_in_mml,yes,LST ETHERNET_INTERFACE,parent_exact,SL,WAN口配置参数管理,以太网接口,Device.Ethernet.Interface.{i}.,DEVICE_ETHERNET_INTERFACE,LST INTERFACE,中国移动5G扩展型皮基站网管南向接口数据模型规范v1.9.4.xlsx,SO,8
CMCC_5G_EXT_PICO_V1.9.4,WAN口配置参数管理,Device.Ethernet.Interface.{i}.Status,Device,parameter,表明接口的状态,R,string,584bf22c-f29c-4747-946f-9f90528e9acd,parameter,READ_WRITE,STRING,,already_in_mml,yes,LST ETHERNET_INTERFACE,parent_exact,SL,WAN口配置参数管理,以太网接口,Device.Ethernet.Interface.{i}.,DEVICE_ETHERNET_INTERFACE,LST INTERFACE,中国移动5G扩展型皮基站网管南向接口数据模型规范v1.9.4.xlsx,SO,5
CMCC_5G_EXT_PICO_V1.9.4,WAN口配置参数管理,Device.Ethernet.Interface.{i}.UserLabel,Device,parameter,用户友好名,RW,string,cf5f81e2-af9c-43b5-9441-d10cdf273f9f,parameter,READ_WRITE,string,,already_in_mml,yes,LST ETHERNET_INTERFACE;MOD ETHERNET_INTERFACE,parent_exact,SL,WAN口配置参数管理,以太网接口,Device.Ethernet.Interface.{i}.,DEVICE_ETHERNET_INTERFACE,LST INTERFACE;MOD INTERFACE,中国移动5G扩展型皮基站网管南向接口数据模型规范v1.9.4.xlsx,SO,3
CMCC_5G_EXT_PICO_V1.9.4,WAN口配置参数管理,Device.Ethernet.Interface.{i}.IPv4Address.{i}.AddressingType,Device,parameter,外部IP 地址方法,RW,string,97151300-aa94-4912-b5fc-fe285d2afcab,parameter,READ_WRITE,STRING,,already_in_mml,yes,LST INTERFACE_I_PV4_ADDRESS;MOD INTERFACE_I_PV4_ADDRESS,parent_exact,SL,WAN口配置参数管理,接口 IPv4 地址,Device.Ethernet.Interface.{i}.IPv4Address.{i}.,DEVICE_ETHERNET_INTERFACE_IPV4ADDRESS,LST IPV4_ADDRESS;MOD IPV4_ADDRESS,中国移动5G扩展型皮基站网管南向接口数据模型规范v1.9.4.xlsx,SO,14
CMCC_5G_EXT_PICO_V1.9.4,WAN口配置参数管理,Device.Ethernet.Interface.{i}.IPv4Address.{i}.DefaultGateway,Device,parameter,WAN 接口的默认网关,RW,string(15),2b4c62d2-b67e-4d20-941b-ab817da1a1a8,parameter,READ_WRITE,STRING,,already_in_mml,yes,LST INTERFACE_I_PV4_ADDRESS;MOD INTERFACE_I_PV4_ADDRESS,parent_exact,SL,WAN口配置参数管理,接口 IPv4 地址,Device.Ethernet.Interface.{i}.IPv4Address.{i}.,DEVICE_ETHERNET_INTERFACE_IPV4ADDRESS,LST IPV4_ADDRESS;MOD IPV4_ADDRESS,中国移动5G扩展型皮基站网管南向接口数据模型规范v1.9.4.xlsx,SO,12
CMCC_5G_EXT_PICO_V1.9.4,WAN口配置参数管理,Device.Ethernet.Interface.{i}.IPv4Address.{i}.IPAddress,Device,parameter,IP 地址,RW,string(15),b843036c-897c-4639-a9bf-9cc18d12f932,parameter,READ_WRITE,STRING,,already_in_mml,yes,LST INTERFACE_I_PV4_ADDRESS;MOD INTERFACE_I_PV4_ADDRESS,parent_exact,SL,WAN口配置参数管理,接口 IPv4 地址,Device.Ethernet.Interface.{i}.IPv4Address.{i}.,DEVICE_ETHERNET_INTERFACE_IPV4ADDRESS,LST IPV4_ADDRESS;MOD IPV4_ADDRESS,中国移动5G扩展型皮基站网管南向接口数据模型规范v1.9.4.xlsx,SO,11
CMCC_5G_EXT_PICO_V1.9.4,WAN口配置参数管理,Device.Ethernet.Interface.{i}.IPv4Address.{i}.PortType,Device,parameter,端口类型,RW,string,fee54976-6ff3-4979-a5e9-2ab728b5a9a6,parameter,READ_WRITE,STRING,,already_in_mml,yes,LST INTERFACE_I_PV4_ADDRESS;MOD INTERFACE_I_PV4_ADDRESS,parent_exact,SL,WAN口配置参数管理,接口 IPv4 地址,Device.Ethernet.Interface.{i}.IPv4Address.{i}.,DEVICE_ETHERNET_INTERFACE_IPV4ADDRESS,LST IPV4_ADDRESS;MOD IPV4_ADDRESS,中国移动5G扩展型皮基站网管南向接口数据模型规范v1.9.4.xlsx,SO,15
CMCC_5G_EXT_PICO_V1.9.4,WAN口配置参数管理,Device.Ethernet.Interface.{i}.IPv4Address.{i}.SubnetMask,Device,parameter,WAN 接口的子网掩码,RW,string,6525db0f-f830-49c9-8704-5d8e37951e50,parameter,READ_WRITE,STRING,,already_in_mml,yes,LST INTERFACE_I_PV4_ADDRESS;MOD INTERFACE_I_PV4_ADDRESS,parent_exact,SL,WAN口配置参数管理,接口 IPv4 地址,Device.Ethernet.Interface.{i}.IPv4Address.{i}.,DEVICE_ETHERNET_INTERFACE_IPV4ADDRESS,LST IPV4_ADDRESS;MOD IPV4_ADDRESS,中国移动5G扩展型皮基站网管南向接口数据模型规范v1.9.4.xlsx,SO,13
CMCC_5G_EXT_PICO_V1.9.4,WAN口配置参数管理,Device.Ethernet.Interface.{i}.IPv6Address.{i}.DefaultGateway,Device,parameter,WAN 接口的默认网关,RW,string(64),61870d71-d82d-4a97-a2ac-af9403b32741,parameter,READ_WRITE,STRING,,already_in_mml,yes,LST INTERFACE_I_PV6_ADDRESS;MOD INTERFACE_I_PV6_ADDRESS,parent_exact,SL,WAN口配置参数管理,接口 IPv6 地址,Device.Ethernet.Interface.{i}.IPv6Address.{i}.,DEVICE_ETHERNET_INTERFACE_IPV6ADDRESS,LST IPV6_ADDRESS;MOD IPV6_ADDRESS,中国移动5G扩展型皮基站网管南向接口数据模型规范v1.9.4.xlsx,SO,20
CMCC_5G_EXT_PICO_V1.9.4,WAN口配置参数管理,Device.Ethernet.Interface.{i}.IPv6Address.{i}.IPAddress,Device,parameter,IPv6 地址,RW,string(64),e1ea3235-bce4-44d6-aad7-c6122003eb6d,parameter,READ_WRITE,STRING,,already_in_mml,yes,LST INTERFACE_I_PV6_ADDRESS;MOD INTERFACE_I_PV6_ADDRESS,parent_exact,SL,WAN口配置参数管理,接口 IPv6 地址,Device.Ethernet.Interface.{i}.IPv6Address.{i}.,DEVICE_ETHERNET_INTERFACE_IPV6ADDRESS,LST IPV6_ADDRESS;MOD IPV6_ADDRESS,中国移动5G扩展型皮基站网管南向接口数据模型规范v1.9.4.xlsx,SO,16
CMCC_5G_EXT_PICO_V1.9.4,WAN口配置参数管理,Device.Ethernet.Interface.{i}.IPv6Address.{i}.Origin,Device,parameter,外部IP 来源,RW,string,5303717e-2b52-4102-a1e9-9db93296e994,parameter,READ_WRITE,STRING,,already_in_mml,yes,LST INTERFACE_I_PV6_ADDRESS;MOD INTERFACE_I_PV6_ADDRESS,parent_exact,SL,WAN口配置参数管理,接口 IPv6 地址,Device.Ethernet.Interface.{i}.IPv6Address.{i}.,DEVICE_ETHERNET_INTERFACE_IPV6ADDRESS,LST IPV6_ADDRESS;MOD IPV6_ADDRESS,中国移动5G扩展型皮基站网管南向接口数据模型规范v1.9.4.xlsx,SO,18
CMCC_5G_EXT_PICO_V1.9.4,WAN口配置参数管理,Device.Ethernet.Interface.{i}.IPv6Address.{i}.PortType,Device,parameter,端口类型,RW,string,a5b7a20b-1f59-4f18-a4d2-2ad96aedb6f7,parameter,READ_WRITE,STRING,,already_in_mml,yes,LST INTERFACE_I_PV6_ADDRESS;MOD INTERFACE_I_PV6_ADDRESS,parent_exact,SL,WAN口配置参数管理,接口 IPv6 地址,Device.Ethernet.Interface.{i}.IPv6Address.{i}.,DEVICE_ETHERNET_INTERFACE_IPV6ADDRESS,LST IPV6_ADDRESS;MOD IPV6_ADDRESS,中国移动5G扩展型皮基站网管南向接口数据模型规范v1.9.4.xlsx,SO,19
CMCC_5G_EXT_PICO_V1.9.4,WAN口配置参数管理,Device.Ethernet.Interface.{i}.IPv6Address.{i}.PrefixLength,Device,parameter,前缀长度,RW,unsignedInt[1:128],e97d9add-a618-4e7e-bb76-4c3ff512cd02,parameter,READ_WRITE,STRING,,already_in_mml,yes,LST INTERFACE_I_PV6_ADDRESS;MOD INTERFACE_I_PV6_ADDRESS,parent_exact,SL,WAN口配置参数管理,接口 IPv6 地址,Device.Ethernet.Interface.{i}.IPv6Address.{i}.,DEVICE_ETHERNET_INTERFACE_IPV6ADDRESS,LST IPV6_ADDRESS;MOD IPV6_ADDRESS,中国移动5G扩展型皮基站网管南向接口数据模型规范v1.9.4.xlsx,SO,17
CMCC_5G_EXT_PICO_V1.9.4,本地路由配置参数管理,Device.Ethernet.IpRoute.{i}.DstIpNetwork,Device,parameter,目的网段,RW,string(64),186bb0dd-705b-4fc6-b90c-d46f65744501,parameter,READ_WRITE,STRING,,already_in_mml,yes,LST ETHERNET_IP_ROUTE;MOD ETHERNET_IP_ROUTE,parent_exact,SL,WAN口配置参数管理,静态路由表项,Device.Ethernet.IpRoute.{i}.,DEVICE_ETHERNET_IPROUTE,LST IP_ROUTE;MOD IP_ROUTE,中国移动5G扩展型皮基站网管南向接口数据模型规范v1.9.4.xlsx,SO,35
CMCC_5G_EXT_PICO_V1.9.4,本地路由配置参数管理,Device.Ethernet.IpRoute.{i}.GatewayIpAddress,Device,parameter,网关地址,RW,string(64),7a76e5cb-8929-4e37-a4ad-ae480586d386,parameter,READ_WRITE,STRING,,already_in_mml,yes,LST ETHERNET_IP_ROUTE;MOD ETHERNET_IP_ROUTE,parent_exact,SL,WAN口配置参数管理,静态路由表项,Device.Ethernet.IpRoute.{i}.,DEVICE_ETHERNET_IPROUTE,LST IP_ROUTE;MOD IP_ROUTE,中国移动5G扩展型皮基站网管南向接口数据模型规范v1.9.4.xlsx,SO,37
CMCC_5G_EXT_PICO_V1.9.4,本地路由配置参数管理,Device.Ethernet.IpRoute.{i}.InterfaceName,Device,parameter,端口名称,RW,string,e1d54e5b-cf9a-407d-889b-eaae4a1d49b4,parameter,READ_WRITE,STRING,,already_in_mml,yes,LST ETHERNET_IP_ROUTE;MOD ETHERNET_IP_ROUTE,parent_exact,SL,WAN口配置参数管理,静态路由表项,Device.Ethernet.IpRoute.{i}.,DEVICE_ETHERNET_IPROUTE,LST IP_ROUTE;MOD IP_ROUTE,中国移动5G扩展型皮基站网管南向接口数据模型规范v1.9.4.xlsx,SO,38
CMCC_5G_EXT_PICO_V1.9.4,本地路由配置参数管理,Device.Ethernet.IpRoute.{i}.IpVer,Device,parameter,IP地址版本,RW,unsignedInt[1:2],7b61cd11-0b9c-4913-9f03-2571c82fcf68,parameter,READ_WRITE,STRING,,already_in_mml,yes,LST ETHERNET_IP_ROUTE;MOD ETHERNET_IP_ROUTE,parent_exact,SL,WAN口配置参数管理,静态路由表项,Device.Ethernet.IpRoute.{i}.,DEVICE_ETHERNET_IPROUTE,LST IP_ROUTE;MOD IP_ROUTE,中国移动5G扩展型皮基站网管南向接口数据模型规范v1.9.4.xlsx,SO,34
CMCC_5G_EXT_PICO_V1.9.4,本地路由配置参数管理,Device.Ethernet.IpRoute.{i}.PrefixLength,Device,parameter,前缀长度,RW,unsignedInt[0:128],837ace7f-01ce-4a37-8e56-14f2d509e723,parameter,READ_WRITE,STRING,,already_in_mml,yes,LST ETHERNET_IP_ROUTE;MOD ETHERNET_IP_ROUTE,parent_exact,SL,WAN口配置参数管理,静态路由表项,Device.Ethernet.IpRoute.{i}.,DEVICE_ETHERNET_IPROUTE,LST IP_ROUTE;MOD IP_ROUTE,中国移动5G扩展型皮基站网管南向接口数据模型规范v1.9.4.xlsx,SO,36
CMCC_TD_LTE_V2.3,IPsec参数管理,Device.IPsec.AHSupported,Device,parameter,AH是否支持,R,boolean,5e5819b4-1fa2-4058-a11d-f0248b9eddfe,parameter,READ_ONLY,BOOLEAN,,already_in_mml,yes,LST I_PSEC,parent_exact,SM,IPsec参数管理,IPsec 安全配置,Device.IPsec.,DEVICE_IPSEC,LST IPSEC,中国移动TD-LTE皮站_飞站基站设备网络管理南向接口数据配置模型规范V2.3.xlsx,SM,5
CMCC_TD_LTE_V2.3,IPsec参数管理,Device.IPsec.ESPSupportedEncryptionAlgorithms,Device,parameter,ESP加密算法,R,string,4777f5a6-d974-4603-93be-e51549292aec,parameter,READ_ONLY,STRING,,already_in_mml,yes,LST I_PSEC,parent_exact,SM,IPsec参数管理,IPsec 安全配置,Device.IPsec.,DEVICE_IPSEC,LST IPSEC,中国移动TD-LTE皮站_飞站基站设备网络管理南向接口数据配置模型规范V2.3.xlsx,SM,7
CMCC_TD_LTE_V2.3,IPsec参数管理,Device.IPsec.Enable,Device,parameter,开关,RW,boolean,82044919-8c55-4797-b077-188cfdcd4538,parameter,READ_WRITE,BOOLEAN,,already_in_mml,yes,LST I_PSEC;MOD I_PSEC,parent_exact,SM,IPsec参数管理,IPsec 安全配置,Device.IPsec.,DEVICE_IPSEC,LST IPSEC;MOD IPSEC,中国移动TD-LTE皮站_飞站基站设备网络管理南向接口数据配置模型规范V2.3.xlsx,SM,2
CMCC_TD_LTE_V2.3,IPsec参数管理,Device.IPsec.IKEv2SupportedEncryptionAlgorithms,Device,parameter,IKE2加密算法,R,string,20378bf9-5b52-4d41-971d-e5f571e918d3,parameter,READ_ONLY,STRING,,already_in_mml,yes,LST I_PSEC,parent_exact,SM,IPsec参数管理,IPsec 安全配置,Device.IPsec.,DEVICE_IPSEC,LST IPSEC,中国移动TD-LTE皮站_飞站基站设备网络管理南向接口数据配置模型规范V2.3.xlsx,SM,6
CMCC_TD_LTE_V2.3,IPsec参数管理,Device.IPsec.IKEv2SupportedPseudoRandomFunctions,Device,parameter,随机函数,R,string,709838d9-d071-4a19-b3f5-2f8413092103,parameter,READ_ONLY,STRING,,already_in_mml,yes,LST I_PSEC,parent_exact,SM,IPsec参数管理,IPsec 安全配置,Device.IPsec.,DEVICE_IPSEC,LST IPSEC,中国移动TD-LTE皮站_飞站基站设备网络管理南向接口数据配置模型规范V2.3.xlsx,SM,8
CMCC_TD_LTE_V2.3,IPsec参数管理,Device.IPsec.MyKeyMode,Device,parameter,鉴权方式,RW,string,05db690a-88f5-4d19-94ee-af2963ad3452,parameter,READ_WRITE,STRING,,already_in_mml,yes,LST I_PSEC;MOD I_PSEC,parent_exact,SM,IPsec参数管理,IPsec 安全配置,Device.IPsec.,DEVICE_IPSEC,LST IPSEC;MOD IPSEC,中国移动TD-LTE皮站_飞站基站设备网络管理南向接口数据配置模型规范V2.3.xlsx,SM,3
CMCC_TD_LTE_V2.3,IPsec参数管理,Device.IPsec.Status,Device,parameter,状态,R,string,e4749858-68f7-476d-89f3-3cf41b7b9e22,parameter,READ_ONLY,STRING,,already_in_mml,yes,LST I_PSEC,parent_exact,SM,IPsec参数管理,IPsec 安全配置,Device.IPsec.,DEVICE_IPSEC,LST IPSEC,中国移动TD-LTE皮站_飞站基站设备网络管理南向接口数据配置模型规范V2.3.xlsx,SM,4
CMCC_TD_LTE_V2.3,IPsec参数管理,Device.IPsec.SupportedDiffieHellmanGroupTransforms,Device,parameter,Diffie-Hellman交换,R,string,51d4ba24-508f-4309-977c-58873fbc06d1,parameter,READ_ONLY,STRING,,already_in_mml,yes,LST I_PSEC,parent_exact,SM,IPsec参数管理,IPsec 安全配置,Device.IPsec.,DEVICE_IPSEC,LST IPSEC,中国移动TD-LTE皮站_飞站基站设备网络管理南向接口数据配置模型规范V2.3.xlsx,SM,10
CMCC_TD_LTE_V2.3,IPsec参数管理,Device.IPsec.SupportedIntegrityAlgorithms,Device,parameter,完整性算法,R,string,136763d5-b898-44c6-8c63-181727a2cf03,parameter,READ_ONLY,STRING,,already_in_mml,yes,LST I_PSEC,parent_exact,SM,IPsec参数管理,IPsec 安全配置,Device.IPsec.,DEVICE_IPSEC,LST IPSEC,中国移动TD-LTE皮站_飞站基站设备网络管理南向接口数据配置模型规范V2.3.xlsx,SM,9
CMCC_5G_EXT_PICO_V1.9.4,时间服务器参数管理,Device.Time.CurrentLocalTime,Device,parameter,本地时间,R,dateTime,764c229a-4e1e-4171-8297-fb1c869d2cb9,parameter,READ_ONLY,DATE_TIME,,already_in_mml,yes,LST TIME,parent_exact,SN,时间服务器参数管理,时间同步服务器,Device.Time.,DEVICE_TIME,LST TIME,中国移动5G扩展型皮基站网管南向接口数据模型规范v1.9.4.xlsx,SP,8
CMCC_5G_EXT_PICO_V1.9.4,时间服务器参数管理,Device.Time.Enable,Device,parameter,NTP使能开关,RW,boolean,24d2f77a-5e1d-41ca-8340-4add23a37f2d,parameter,READ_WRITE,STRING,,already_in_mml,yes,LST TIME;MOD TIME,parent_exact,SN,时间服务器参数管理,时间同步服务器,Device.Time.,DEVICE_TIME,LST TIME;MOD TIME,中国移动5G扩展型皮基站网管南向接口数据模型规范v1.9.4.xlsx,SP,2
CMCC_TD_LTE_V2.3,时间服务器参数管理,Device.Time.LocalTimeZone,Device,parameter,本地时区,RW,string(64),b5f404f4-f577-49ec-be0c-d08604504456,parameter,READ_WRITE,STRING,,already_in_mml,yes,LST TIME;MOD TIME,parent_exact,SN,时间服务器参数管理,时间同步服务器,Device.Time.,DEVICE_TIME,LST TIME;MOD TIME,中国移动TD-LTE皮站_飞站基站设备网络管理南向接口数据配置模型规范V2.3.xlsx,SN,9
CMCC_5G_EXT_PICO_V1.9.4,时间服务器参数管理,Device.Time.NTPServer1,Device,parameter,NTP服务器1,RW,string(64),ebefdbd4-6c23-43a3-b710-d8e6b30aec10,parameter,READ_WRITE,STRING,,already_in_mml,yes,LST TIME;MOD TIME,parent_exact,SN,时间服务器参数管理,时间同步服务器,Device.Time.,DEVICE_TIME,LST TIME;MOD TIME,中国移动5G扩展型皮基站网管南向接口数据模型规范v1.9.4.xlsx,SP,3
CMCC_5G_EXT_PICO_V1.9.4,时间服务器参数管理,Device.Time.NTPServer2,Device,parameter,NTP服务器2,RW,string(64),27e30914-ec31-4e1d-b838-cd58e096ce5d,parameter,READ_WRITE,STRING,,already_in_mml,yes,LST TIME;MOD TIME,parent_exact,SN,时间服务器参数管理,时间同步服务器,Device.Time.,DEVICE_TIME,LST TIME;MOD TIME,中国移动5G扩展型皮基站网管南向接口数据模型规范v1.9.4.xlsx,SP,4
CMCC_5G_EXT_PICO_V1.9.4,时间服务器参数管理,Device.Time.NTPServer3,Device,parameter,NTP服务器3,RW,string(64),9a2569d6-9d90-4c35-a0d4-6a9b8610390c,parameter,READ_WRITE,STRING,,already_in_mml,yes,LST TIME;MOD TIME,parent_exact,SN,时间服务器参数管理,时间同步服务器,Device.Time.,DEVICE_TIME,LST TIME;MOD TIME,中国移动5G扩展型皮基站网管南向接口数据模型规范v1.9.4.xlsx,SP,5
CMCC_5G_EXT_PICO_V1.9.4,时间服务器参数管理,Device.Time.NTPServer4,Device,parameter,NTP服务器4,RW,string(64),c7cfaf21-63e6-4352-85d6-280a3f6d414b,parameter,READ_WRITE,STRING,,already_in_mml,yes,LST TIME;MOD TIME,parent_exact,SN,时间服务器参数管理,时间同步服务器,Device.Time.,DEVICE_TIME,LST TIME;MOD TIME,中国移动5G扩展型皮基站网管南向接口数据模型规范v1.9.4.xlsx,SP,6
CMCC_5G_EXT_PICO_V1.9.4,时间服务器参数管理,Device.Time.NTPServer5,Device,parameter,NTP服务器5,RW,string(64),4713285b-afb8-4b8d-aee1-1ec338c198c2,parameter,READ_WRITE,STRING,,already_in_mml,yes,LST TIME;MOD TIME,parent_exact,SN,时间服务器参数管理,时间同步服务器,Device.Time.,DEVICE_TIME,LST TIME;MOD TIME,中国移动5G扩展型皮基站网管南向接口数据模型规范v1.9.4.xlsx,SP,7
CMCC_5G_EXT_PICO_V1.9.4,GPS 经纬度信息,Device.FAP.GPS.LockedLatitude,Device,parameter,纬度,R,int[-90000000:90000000],408a493a-a107-4b6a-baf5-fc4d73518abb,parameter,READ_ONLY,INT,,already_in_mml,yes,LST FAP_GPS,parent_exact,SO,GPS信息参数管理,GPS 定位信息,Device.FAP.GPS.,DEVICE_FAP_GPS,LST FAP_GPS,中国移动5G扩展型皮基站网管南向接口数据模型规范v1.9.4.xlsx,SQ,2
CMCC_5G_EXT_PICO_V1.9.4,GPS 经纬度信息,Device.FAP.GPS.LockedLongitude,Device,parameter,经度,R,int[-180000000:180000000],f217cdb6-b343-4222-965a-0ee5b742ad73,parameter,READ_ONLY,INT,,already_in_mml,yes,LST FAP_GPS,parent_exact,SO,GPS信息参数管理,GPS 定位信息,Device.FAP.GPS.,DEVICE_FAP_GPS,LST FAP_GPS,中国移动5G扩展型皮基站网管南向接口数据模型规范v1.9.4.xlsx,SQ,3
CMCC_5G_EXT_PICO_V1.9.4,GPS 经纬度信息,Device.FAP.GPS.NumberOfSatellites,Device,parameter,星个数,R,unsignedInt,2c9f7ab8-26fb-4ff1-9bc9-a47283ab6705,parameter,READ_ONLY,U_INT,,already_in_mml,yes,LST FAP_GPS,parent_exact,SO,GPS信息参数管理,GPS 定位信息,Device.FAP.GPS.,DEVICE_FAP_GPS,LST FAP_GPS,中国移动5G扩展型皮基站网管南向接口数据模型规范v1.9.4.xlsx,SQ,4
CMCC_TD_LTE_V2.3,MR参数管理,Device.FAP.MRMgmt.Config.{i}.MRECGIList,Device,parameter,MR小区列表,RW,string,8fd505f7-6d97-430a-b09e-45a07590a0a2,parameter,READ_WRITE,string,,already_in_mml,yes,LST MR_MGMT_CONFIG;MOD MR_MGMT_CONFIG,parent_exact,SP,MR参数管理,MR 上报配置,Device.FAP.MRMgmt.Config.{i}.,DEVICE_FAP_MRMGMT_CONFIG,LST CONFIG;MOD CONFIG,中国移动TD-LTE皮站_飞站基站设备网络管理南向接口数据配置模型规范V2.3.xlsx,SP,14
CMCC_5G_EXT_PICO_V1.9.4,MR参数管理,Device.FAP.MRMgmt.Config.{i}.MeasureItems,Device,parameter,测量项,RW,string,b954a638-4c26-45af-9caf-0ad863bf024d,parameter,READ_WRITE,string,,already_in_mml,yes,LST MR_MGMT_CONFIG;MOD MR_MGMT_CONFIG,parent_exact,SP,MR参数管理,MR 上报配置,Device.FAP.MRMgmt.Config.{i}.,DEVICE_FAP_MRMGMT_CONFIG,LST CONFIG;MOD CONFIG,中国移动5G扩展型皮基站网管南向接口数据模型规范v1.9.4.xlsx,SR,16
CMCC_5G_EXT_PICO_V1.9.4,MR参数管理,Device.FAP.MRMgmt.Config.{i}.MeasureType,Device,parameter,MR文件类型,RW,string,4a55ee65-c30e-4d5c-a6ec-96639a3af4fa,parameter,READ_WRITE,STRING,,already_in_mml,yes,LST MR_MGMT_CONFIG;MOD MR_MGMT_CONFIG,parent_exact,SP,MR参数管理,MR 上报配置,Device.FAP.MRMgmt.Config.{i}.,DEVICE_FAP_MRMGMT_CONFIG,LST CONFIG;MOD CONFIG,中国移动5G扩展型皮基站网管南向接口数据模型规范v1.9.4.xlsx,SR,7
CMCC_5G_EXT_PICO_V1.9.4,MR参数管理,Device.FAP.MRMgmt.Config.{i}.MrEnable,Device,parameter,MR开关,RW,boolean,6ff8bf69-b0ff-4002-824d-d03d748c0052,parameter,READ_WRITE,BOOLEAN,,already_in_mml,yes,LST MR_MGMT_CONFIG;MOD MR_MGMT_CONFIG,parent_exact,SP,MR参数管理,MR 上报配置,Device.FAP.MRMgmt.Config.{i}.,DEVICE_FAP_MRMGMT_CONFIG,LST CONFIG;MOD CONFIG,中国移动5G扩展型皮基站网管南向接口数据模型规范v1.9.4.xlsx,SR,3
CMCC_5G_EXT_PICO_V1.9.4,MR参数管理,Device.FAP.MRMgmt.Config.{i}.MrPassword,Device,parameter,密码,RW,string(256),7dcaa3b5-ecb7-43b7-b0b1-6a682875fad7,parameter,READ_WRITE,STRING,,already_in_mml,yes,LST MR_MGMT_CONFIG;MOD MR_MGMT_CONFIG,parent_exact,SP,MR参数管理,MR 上报配置,Device.FAP.MRMgmt.Config.{i}.,DEVICE_FAP_MRMGMT_CONFIG,LST CONFIG;MOD CONFIG,中国移动5G扩展型皮基站网管南向接口数据模型规范v1.9.4.xlsx,SR,6
CMCC_5G_EXT_PICO_V1.9.4,MR参数管理,Device.FAP.MRMgmt.Config.{i}.MrUrl,Device,parameter,Url地址,RW,string(256),996ec3ef-52b8-453a-954f-f95cab11f3ac,parameter,READ_WRITE,BOOLEAN,,already_in_mml,yes,LST MR_MGMT_CONFIG;MOD MR_MGMT_CONFIG,parent_exact,SP,MR参数管理,MR 上报配置,Device.FAP.MRMgmt.Config.{i}.,DEVICE_FAP_MRMGMT_CONFIG,LST CONFIG;MOD CONFIG,中国移动5G扩展型皮基站网管南向接口数据模型规范v1.9.4.xlsx,SR,4
CMCC_5G_EXT_PICO_V1.9.4,MR参数管理,Device.FAP.MRMgmt.Config.{i}.MrUsername,Device,parameter,用户名,RW,string(256),dcf94cf7-396b-4f52-9a6e-044e155e7973,parameter,READ_WRITE,STRING,,already_in_mml,yes,LST MR_MGMT_CONFIG;MOD MR_MGMT_CONFIG,parent_exact,SP,MR参数管理,MR 上报配置,Device.FAP.MRMgmt.Config.{i}.,DEVICE_FAP_MRMGMT_CONFIG,LST CONFIG;MOD CONFIG,中国移动5G扩展型皮基站网管南向接口数据模型规范v1.9.4.xlsx,SR,5
CMCC_5G_EXT_PICO_V1.9.4,MR参数管理,Device.FAP.MRMgmt.Config.{i}.OmcName,Device,parameter,OMC-R名称,RW,string,fdfc5864-caa6-4107-a8ef-5f565ba604fc,parameter,READ_WRITE,BOOLEAN,,already_in_mml,yes,LST MR_MGMT_CONFIG;MOD MR_MGMT_CONFIG,parent_exact,SP,MR参数管理,MR 上报配置,Device.FAP.MRMgmt.Config.{i}.,DEVICE_FAP_MRMGMT_CONFIG,LST CONFIG;MOD CONFIG,中国移动5G扩展型皮基站网管南向接口数据模型规范v1.9.4.xlsx,SR,8
CMCC_5G_EXT_PICO_V1.9.4,MR参数管理,Device.FAP.MRMgmt.Config.{i}.PrbNum,Device,parameter,子帧的PRB,RW,string,b4bbf521-5e32-4750-9f49-2a56a9cd73cd,parameter,READ_WRITE,STRING,,already_in_mml,yes,LST MR_MGMT_CONFIG;MOD MR_MGMT_CONFIG,parent_exact,SP,MR参数管理,MR 上报配置,Device.FAP.MRMgmt.Config.{i}.,DEVICE_FAP_MRMGMT_CONFIG,LST CONFIG;MOD CONFIG,中国移动5G扩展型皮基站网管南向接口数据模型规范v1.9.4.xlsx,SR,14
CMCC_5G_EXT_PICO_V1.9.4,MR参数管理,Device.FAP.MRMgmt.Config.{i}.SampleBeginTime,Device,parameter,绝对时间参考,RW,dateTime,aa959140-3621-4526-93b2-69a6069054f4,parameter,READ_WRITE,DATE_TIME,,already_in_mml,yes,LST MR_MGMT_CONFIG;MOD MR_MGMT_CONFIG,parent_exact,SP,MR参数管理,MR 上报配置,Device.FAP.MRMgmt.Config.{i}.,DEVICE_FAP_MRMGMT_CONFIG,LST CONFIG;MOD CONFIG,中国移动5G扩展型皮基站网管南向接口数据模型规范v1.9.4.xlsx,SR,12
CMCC_5G_EXT_PICO_V1.9.4,MR参数管理,Device.FAP.MRMgmt.Config.{i}.SampleEndTime,Device,parameter,绝对时间参考,RW,dateTime,0ee9e4d5-ff4b-4b27-ae1f-1e11862f8dac,parameter,READ_WRITE,DATE_TIME,,already_in_mml,yes,LST MR_MGMT_CONFIG;MOD MR_MGMT_CONFIG,parent_exact,SP,MR参数管理,MR 上报配置,Device.FAP.MRMgmt.Config.{i}.,DEVICE_FAP_MRMGMT_CONFIG,LST CONFIG;MOD CONFIG,中国移动5G扩展型皮基站网管南向接口数据模型规范v1.9.4.xlsx,SR,13
CMCC_5G_EXT_PICO_V1.9.4,MR参数管理,Device.FAP.MRMgmt.Config.{i}.SamplePeriod,Device,parameter,MR采样周期,RW,unsignedInt,de097312-a9ec-4ae5-8951-88dbed2d4878,parameter,READ_WRITE,U_INT,,already_in_mml,yes,LST MR_MGMT_CONFIG;MOD MR_MGMT_CONFIG,parent_exact,SP,MR参数管理,MR 上报配置,Device.FAP.MRMgmt.Config.{i}.,DEVICE_FAP_MRMGMT_CONFIG,LST CONFIG;MOD CONFIG,中国移动5G扩展型皮基站网管南向接口数据模型规范v1.9.4.xlsx,SR,10
CMCC_5G_EXT_PICO_V1.9.4,MR参数管理,Device.FAP.MRMgmt.Config.{i}.SubFrameNum,Device,parameter,子帧数,RW,string,cdc48499-17ac-465e-b4dd-ce18147a23c9,parameter,READ_WRITE,STRING,,already_in_mml,yes,LST MR_MGMT_CONFIG;MOD MR_MGMT_CONFIG,parent_exact,SP,MR参数管理,MR 上报配置,Device.FAP.MRMgmt.Config.{i}.,DEVICE_FAP_MRMGMT_CONFIG,LST CONFIG;MOD CONFIG,中国移动5G扩展型皮基站网管南向接口数据模型规范v1.9.4.xlsx,SR,15
CMCC_5G_EXT_PICO_V1.9.4,MR参数管理,Device.FAP.MRMgmt.Config.{i}.UploadPeriod,Device,parameter,MR采集周期,RW,unsignedInt,451665c3-588e-4cb5-a4da-c3995f234935,parameter,READ_WRITE,BOOLEAN,,already_in_mml,yes,LST MR_MGMT_CONFIG;MOD MR_MGMT_CONFIG,parent_exact,SP,MR参数管理,MR 上报配置,Device.FAP.MRMgmt.Config.{i}.,DEVICE_FAP_MRMGMT_CONFIG,LST CONFIG;MOD CONFIG,中国移动5G扩展型皮基站网管南向接口数据模型规范v1.9.4.xlsx,SR,11
CMCC_5G_EXT_PICO_V1.9.4,性能参数管理,Device.FAP.PerfMgmt.Config.{i}.Alias,Device,parameter,别名,RW,string(64),d5dcd262-fd64-4bb2-9673-5af7d18fc841,parameter,READ_WRITE,STRING,,already_in_mml,yes,LST PERF_MGMT_CONFIG;MOD PERF_MGMT_CONFIG,parent_exact,SQ,性能参数管理,PM 性能上报配置,Device.FAP.PerfMgmt.Config.{i}.,DEVICE_FAP_PERFMGMT_CONFIG,LST CONFIG;MOD CONFIG,中国移动5G扩展型皮基站网管南向接口数据模型规范v1.9.4.xlsx,SS,3
CMCC_5G_EXT_PICO_V1.9.4,性能参数管理,Device.FAP.PerfMgmt.Config.{i}.Enable,Device,parameter,文件周期上传使能开关,RW,boolean,a7652355-4db6-4403-8d9f-68b248fb7d46,parameter,READ_WRITE,BOOLEAN,,already_in_mml,yes,LST PERF_MGMT_CONFIG;MOD PERF_MGMT_CONFIG,parent_exact,SQ,性能参数管理,PM 性能上报配置,Device.FAP.PerfMgmt.Config.{i}.,DEVICE_FAP_PERFMGMT_CONFIG,LST CONFIG;MOD CONFIG,中国移动5G扩展型皮基站网管南向接口数据模型规范v1.9.4.xlsx,SS,2
CMCC_5G_EXT_PICO_V1.9.4,性能参数管理,Device.FAP.PerfMgmt.Config.{i}.Password,Device,parameter,文件管理密码,RW,string(256),80729cdc-1d93-4054-ae37-f522601ecfe0,parameter,READ_WRITE,STRING,,already_in_mml,yes,LST PERF_MGMT_CONFIG;MOD PERF_MGMT_CONFIG,parent_exact,SQ,性能参数管理,PM 性能上报配置,Device.FAP.PerfMgmt.Config.{i}.,DEVICE_FAP_PERFMGMT_CONFIG,LST CONFIG;MOD CONFIG,中国移动5G扩展型皮基站网管南向接口数据模型规范v1.9.4.xlsx,SS,6
CMCC_5G_EXT_PICO_V1.9.4,性能参数管理,Device.FAP.PerfMgmt.Config.{i}.PeriodicUploadInterval,Device,parameter,文件周期上传时间间隔,RW,unsignedInt[1:65535],3dccfca8-44fb-4c0a-80a3-2b6208a1095e,parameter,READ_WRITE,STRING,,already_in_mml,yes,LST PERF_MGMT_CONFIG;MOD PERF_MGMT_CONFIG,parent_exact,SQ,性能参数管理,PM 性能上报配置,Device.FAP.PerfMgmt.Config.{i}.,DEVICE_FAP_PERFMGMT_CONFIG,LST CONFIG;MOD CONFIG,中国移动5G扩展型皮基站网管南向接口数据模型规范v1.9.4.xlsx,SS,7
CMCC_5G_EXT_PICO_V1.9.4,性能参数管理,Device.FAP.PerfMgmt.Config.{i}.PeriodicUploadTime,Device,parameter,文件上传时间,RW,dateTime,378f670c-551d-446d-b312-1a2724ab4dcb,parameter,READ_WRITE,DATE_TIME,,already_in_mml,yes,LST PERF_MGMT_CONFIG;MOD PERF_MGMT_CONFIG,parent_exact,SQ,性能参数管理,PM 性能上报配置,Device.FAP.PerfMgmt.Config.{i}.,DEVICE_FAP_PERFMGMT_CONFIG,LST CONFIG;MOD CONFIG,中国移动5G扩展型皮基站网管南向接口数据模型规范v1.9.4.xlsx,SS,8
CMCC_5G_EXT_PICO_V1.9.4,性能补采参数管理,Device.FAP.PerfMgmt.Config.{i}.ReplenishEnable,Device,parameter,补采开关,RW,boolean,81bce360-5eee-4306-95d2-da352179cf7c,parameter,READ_WRITE,boolean,,already_in_mml,yes,LST PERF_MGMT_CONFIG;MOD PERF_MGMT_CONFIG,parent_exact,SQ,性能参数管理,PM 性能上报配置,Device.FAP.PerfMgmt.Config.{i}.,DEVICE_FAP_PERFMGMT_CONFIG,LST CONFIG;MOD CONFIG,中国移动5G扩展型皮基站网管南向接口数据模型规范v1.9.4.xlsx,SS,9
CMCC_5G_EXT_PICO_V1.9.4,性能补采参数管理,Device.FAP.PerfMgmt.Config.{i}.ReplenishEndTime,Device,parameter,补采结束时间,RW,dateTime,8258b4d4-d646-4f37-ac5b-16c776becdd2,parameter,READ_WRITE,dateTime,,already_in_mml,yes,LST PERF_MGMT_CONFIG;MOD PERF_MGMT_CONFIG,parent_exact,SQ,性能参数管理,PM 性能上报配置,Device.FAP.PerfMgmt.Config.{i}.,DEVICE_FAP_PERFMGMT_CONFIG,LST CONFIG;MOD CONFIG,中国移动5G扩展型皮基站网管南向接口数据模型规范v1.9.4.xlsx,SS,11
CMCC_5G_EXT_PICO_V1.9.4,性能补采参数管理,Device.FAP.PerfMgmt.Config.{i}.ReplenishStartTime,Device,parameter,补采开始时间,RW,dateTime,96ab7290-e0aa-47a7-8b08-80c55feed867,parameter,READ_WRITE,dateTime,,already_in_mml,yes,LST PERF_MGMT_CONFIG;MOD PERF_MGMT_CONFIG,parent_exact,SQ,性能参数管理,PM 性能上报配置,Device.FAP.PerfMgmt.Config.{i}.,DEVICE_FAP_PERFMGMT_CONFIG,LST CONFIG;MOD CONFIG,中国移动5G扩展型皮基站网管南向接口数据模型规范v1.9.4.xlsx,SS,10
CMCC_5G_EXT_PICO_V1.9.4,性能参数管理,Device.FAP.PerfMgmt.Config.{i}.URL,Device,parameter,文件管理URL,RW,string(256),d0b39dad-7d9d-4d76-8936-a40935721267,parameter,READ_WRITE,STRING,,already_in_mml,yes,LST PERF_MGMT_CONFIG;MOD PERF_MGMT_CONFIG,parent_exact,SQ,性能参数管理,PM 性能上报配置,Device.FAP.PerfMgmt.Config.{i}.,DEVICE_FAP_PERFMGMT_CONFIG,LST CONFIG;MOD CONFIG,中国移动5G扩展型皮基站网管南向接口数据模型规范v1.9.4.xlsx,SS,4
CMCC_5G_EXT_PICO_V1.9.4,性能参数管理,Device.FAP.PerfMgmt.Config.{i}.Username,Device,parameter,文件管理用户名,RW,string(256),c79bb880-d904-46ed-8607-eecaeb2c60bd,parameter,READ_WRITE,STRING,,already_in_mml,yes,LST PERF_MGMT_CONFIG;MOD PERF_MGMT_CONFIG,parent_exact,SQ,性能参数管理,PM 性能上报配置,Device.FAP.PerfMgmt.Config.{i}.,DEVICE_FAP_PERFMGMT_CONFIG,LST CONFIG;MOD CONFIG,中国移动5G扩展型皮基站网管南向接口数据模型规范v1.9.4.xlsx,SS,5
CMCC_5G_EXT_PICO_V1.9.4,主机单元（MU）设备信息参数管理,Device.DeviceInfo.MU.{i}.AdditionalHardwareVersion,Device,parameter,附加硬件版本,R,string(64),e52afa70-3a6c-4ce3-93c2-60b90ee95c20,parameter,READ_ONLY,string,,already_in_mml,yes,LST DEVICE_INFO_MU,parent_exact,SR,扩展型一体化皮基站参数,主机单元基本信息,Device.DeviceInfo.MU.{i}.,DEVICE_DEVICEINFO_MU,LST MU,中国移动5G扩展型皮基站网管南向接口数据模型规范v1.9.4.xlsx,SA,13
CMCC_5G_EXT_PICO_V1.9.4,主机单元（MU）设备信息参数管理,Device.DeviceInfo.MU.{i}.AdditionalSoftwareVersion,Device,parameter,附加软件版本,R,string(64),65f22ff1-24b0-4f81-b05e-2e60adaf2205,parameter,READ_ONLY,string,,already_in_mml,yes,LST DEVICE_INFO_MU,parent_exact,SR,扩展型一体化皮基站参数,主机单元基本信息,Device.DeviceInfo.MU.{i}.,DEVICE_DEVICEINFO_MU,LST MU,中国移动5G扩展型皮基站网管南向接口数据模型规范v1.9.4.xlsx,SA,14
CMCC_5G_EXT_PICO_V1.9.4,主机单元（MU）设备信息参数管理,Device.DeviceInfo.MU.{i}.ClockSource,Device,parameter,时钟源类型,R,unsignedInt[1:12],c6423184-2b2e-4373-9f30-dfb2fe4eb939,parameter,READ_ONLY,unsignedInt[1:11,,already_in_mml,yes,LST DEVICE_INFO_MU,parent_exact,SR,扩展型一体化皮基站参数,主机单元基本信息,Device.DeviceInfo.MU.{i}.,DEVICE_DEVICEINFO_MU,LST MU,中国移动5G扩展型皮基站网管南向接口数据模型规范v1.9.4.xlsx,SA,20
CMCC_5G_EXT_PICO_V1.9.4,主机单元（MU）设备信息参数管理,Device.DeviceInfo.MU.{i}.DateOfLastService,Device,parameter,最近服务的日期（最近一次恢复工作正常状态的时间）,R,dateTime,5d82d6fc-5342-4262-8cf2-0bfcfed76d6f,parameter,READ_ONLY,dateTime,,already_in_mml,yes,LST DEVICE_INFO_MU,parent_exact,SR,扩展型一体化皮基站参数,主机单元基本信息,Device.DeviceInfo.MU.{i}.,DEVICE_DEVICEINFO_MU,LST MU,中国移动5G扩展型皮基站网管南向接口数据模型规范v1.9.4.xlsx,SA,24
CMCC_5G_EXT_PICO_V1.9.4,主机单元（MU）设备信息参数管理,Device.DeviceInfo.MU.{i}.DateOfManufacture,Device,parameter,生产日期,R,dateTime,0fd3e6e3-3465-45e1-b91e-e0f44fe058c5,parameter,READ_ONLY,dateTime,,already_in_mml,yes,LST DEVICE_INFO_MU,parent_exact,SR,扩展型一体化皮基站参数,主机单元基本信息,Device.DeviceInfo.MU.{i}.,DEVICE_DEVICEINFO_MU,LST MU,中国移动5G扩展型皮基站网管南向接口数据模型规范v1.9.4.xlsx,SA,25
CMCC_5G_EXT_PICO_V1.9.4,主机单元（MU）设备信息参数管理,Device.DeviceInfo.MU.{i}.DnPrefix,Device,parameter,DN前缀,RW,string,0966b1ab-5244-48f6-9649-5eb38d659932,parameter,READ_WRITE,string,,already_in_mml,yes,LST DEVICE_INFO_MU;MOD DEVICE_INFO_MU,parent_exact,SR,扩展型一体化皮基站参数,主机单元基本信息,Device.DeviceInfo.MU.{i}.,DEVICE_DEVICEINFO_MU,LST MU;MOD MU,中国移动5G扩展型皮基站网管南向接口数据模型规范v1.9.4.xlsx,SA,3
CMCC_TD_LTE_V2.3,主机单元（MU）设备信息参数管理,Device.DeviceInfo.MU.{i}.FirstUseDate,Device,parameter,首次使用日期,R,dateTime,23a46beb-15cb-41ac-aa07-f2f435fefe97,parameter,READ_ONLY,dateTime,,already_in_mml,yes,LST DEVICE_INFO_MU,parent_exact,SR,扩展型一体化皮基站参数,主机单元基本信息,Device.DeviceInfo.MU.{i}.,DEVICE_DEVICEINFO_MU,LST MU,中国移动TD-LTE皮站_飞站基站设备网络管理南向接口数据配置模型规范V2.3.xlsx,SR,20
CMCC_5G_EXT_PICO_V1.9.4,主机单元（MU）设备信息参数管理,Device.DeviceInfo.MU.{i}.HardwarePlatform,Device,parameter,硬件平台,R,string(64),dbcd611f-b563-4fa1-8564-87668c2fd58d,parameter,READ_ONLY,string,,already_in_mml,yes,LST DEVICE_INFO_MU,parent_exact,SR,扩展型一体化皮基站参数,主机单元基本信息,Device.DeviceInfo.MU.{i}.,DEVICE_DEVICEINFO_MU,LST MU,中国移动5G扩展型皮基站网管南向接口数据模型规范v1.9.4.xlsx,SA,12
CMCC_5G_EXT_PICO_V1.9.4,主机单元（MU）设备信息参数管理,Device.DeviceInfo.MU.{i}.HardwareVersion,Device,parameter,硬件版本,R,string(64),b5a65b66-f3bf-45e8-af7c-8e437f48f009,parameter,READ_ONLY,string,,already_in_mml,yes,LST DEVICE_INFO_MU,parent_exact,SR,扩展型一体化皮基站参数,主机单元基本信息,Device.DeviceInfo.MU.{i}.,DEVICE_DEVICEINFO_MU,LST MU,中国移动5G扩展型皮基站网管南向接口数据模型规范v1.9.4.xlsx,SA,10
CMCC_5G_EXT_PICO_V1.9.4,主机单元（MU）设备信息参数管理,Device.DeviceInfo.MU.{i}.Manufacturer,Device,parameter,制造商,R,string(64),ee503ab9-ac75-41a6-8bb0-1394eeab600f,parameter,READ_ONLY,string,,already_in_mml,yes,LST DEVICE_INFO_MU,parent_exact,SR,扩展型一体化皮基站参数,主机单元基本信息,Device.DeviceInfo.MU.{i}.,DEVICE_DEVICEINFO_MU,LST MU,中国移动5G扩展型皮基站网管南向接口数据模型规范v1.9.4.xlsx,SA,5
CMCC_5G_EXT_PICO_V1.9.4,主机单元（MU）设备信息参数管理,Device.DeviceInfo.MU.{i}.ManufacturerData,Device,parameter,特殊信息,R,string,11189508-4301-48de-880c-662650cf8277,parameter,READ_ONLY,string,,already_in_mml,yes,LST DEVICE_INFO_MU,parent_exact,SR,扩展型一体化皮基站参数,主机单元基本信息,Device.DeviceInfo.MU.{i}.,DEVICE_DEVICEINFO_MU,LST MU,中国移动5G扩展型皮基站网管南向接口数据模型规范v1.9.4.xlsx,SA,26
CMCC_5G_EXT_PICO_V1.9.4,主机单元（MU）设备信息参数管理,Device.DeviceInfo.MU.{i}.ManufacturerOUI,Device,parameter,制造商OUI,R,string(6),ed1ac216-74f1-496c-af08-d7d5f210e5a6,parameter,READ_ONLY,string,,already_in_mml,yes,LST DEVICE_INFO_MU,parent_exact,SR,扩展型一体化皮基站参数,主机单元基本信息,Device.DeviceInfo.MU.{i}.,DEVICE_DEVICEINFO_MU,LST MU,中国移动5G扩展型皮基站网管南向接口数据模型规范v1.9.4.xlsx,SA,4
CMCC_5G_EXT_PICO_V1.9.4,主机单元（MU）设备信息参数管理,Device.DeviceInfo.MU.{i}.ModelName,Device,parameter,设备型号,R,string(64),93eff7ff-418d-4612-943d-a26503dccdad,parameter,READ_ONLY,string,,already_in_mml,yes,LST DEVICE_INFO_MU,parent_exact,SR,扩展型一体化皮基站参数,主机单元基本信息,Device.DeviceInfo.MU.{i}.,DEVICE_DEVICEINFO_MU,LST MU,中国移动5G扩展型皮基站网管南向接口数据模型规范v1.9.4.xlsx,SA,6
CMCC_5G_EXT_PICO_V1.9.4,主机单元（MU）设备信息参数管理,Device.DeviceInfo.MU.{i}.ProductClass,Device,parameter,产品分类,R,string(64),f9884673-641d-4794-9c31-c37136057a09,parameter,READ_ONLY,string,,already_in_mml,yes,LST DEVICE_INFO_MU,parent_exact,SR,扩展型一体化皮基站参数,主机单元基本信息,Device.DeviceInfo.MU.{i}.,DEVICE_DEVICEINFO_MU,LST MU,中国移动5G扩展型皮基站网管南向接口数据模型规范v1.9.4.xlsx,SA,16
CMCC_5G_EXT_PICO_V1.9.4,主机单元（MU）设备信息参数管理,Device.DeviceInfo.MU.{i}.ProvisioningCode,Device,parameter,供应商代号,R,string(64),a0253ecc-a782-41ca-95bb-57790402bd5a,parameter,READ_ONLY,string,,already_in_mml,yes,LST DEVICE_INFO_MU,parent_exact,SR,扩展型一体化皮基站参数,主机单元基本信息,Device.DeviceInfo.MU.{i}.,DEVICE_DEVICEINFO_MU,LST MU,中国移动5G扩展型皮基站网管南向接口数据模型规范v1.9.4.xlsx,SA,15
CMCC_5G_EXT_PICO_V1.9.4,主机单元（MU）设备信息参数管理,Device.DeviceInfo.MU.{i}.Reboot,Device,parameter,重启开关,RW,boolean,8ce7164c-3431-48f8-a045-a7ae41ace3a0,parameter,READ_WRITE,boolean,,already_in_mml,yes,LST DEVICE_INFO_MU;MOD DEVICE_INFO_MU,parent_exact,SR,扩展型一体化皮基站参数,主机单元基本信息,Device.DeviceInfo.MU.{i}.,DEVICE_DEVICEINFO_MU,LST MU;MOD MU,中国移动5G扩展型皮基站网管南向接口数据模型规范v1.9.4.xlsx,SA,18
CMCC_5G_EXT_PICO_V1.9.4,主机单元（MU）设备信息参数管理,Device.DeviceInfo.MU.{i}.SerialNumber,Device,parameter,序列号,R,string(64),dc524f9d-d96b-44d9-8a8d-9c7a6e377e53,parameter,READ_ONLY,string,,already_in_mml,yes,LST DEVICE_INFO_MU,parent_exact,SR,扩展型一体化皮基站参数,主机单元基本信息,Device.DeviceInfo.MU.{i}.,DEVICE_DEVICEINFO_MU,LST MU,中国移动5G扩展型皮基站网管南向接口数据模型规范v1.9.4.xlsx,SA,9
CMCC_5G_EXT_PICO_V1.9.4,主机单元（MU）设备信息参数管理,Device.DeviceInfo.MU.{i}.SlotsInformation,Device,parameter,插槽信息,R,string,ea752bbe-0fa9-4f33-82b2-507d1d35b2c4,parameter,READ_ONLY,string,,already_in_mml,yes,LST DEVICE_INFO_MU,parent_exact,SR,扩展型一体化皮基站参数,主机单元基本信息,Device.DeviceInfo.MU.{i}.,DEVICE_DEVICEINFO_MU,LST MU,中国移动5G扩展型皮基站网管南向接口数据模型规范v1.9.4.xlsx,SA,27
CMCC_5G_EXT_PICO_V1.9.4,主机单元（MU）设备信息参数管理,Device.DeviceInfo.MU.{i}.SoftwareVersion,Device,parameter,软件版本,R,string(64),bf4464bb-ebe7-400c-b346-4e1f7823b100,parameter,READ_ONLY,string,,already_in_mml,yes,LST DEVICE_INFO_MU,parent_exact,SR,扩展型一体化皮基站参数,主机单元基本信息,Device.DeviceInfo.MU.{i}.,DEVICE_DEVICEINFO_MU,LST MU,中国移动5G扩展型皮基站网管南向接口数据模型规范v1.9.4.xlsx,SA,11
CMCC_5G_EXT_PICO_V1.9.4,主机单元（MU）设备信息参数管理,Device.DeviceInfo.MU.{i}.Status,Device,parameter,机框/服务器状态,R,unsignedInt[1:3],c4551aec-bfe0-4b42-900b-a9e284036524,parameter,READ_ONLY,unsignedInt,,already_in_mml,yes,LST DEVICE_INFO_MU,parent_exact,SR,扩展型一体化皮基站参数,主机单元基本信息,Device.DeviceInfo.MU.{i}.,DEVICE_DEVICEINFO_MU,LST MU,中国移动5G扩展型皮基站网管南向接口数据模型规范v1.9.4.xlsx,SA,17
CMCC_5G_EXT_PICO_V1.9.4,主机单元（MU）设备信息参数管理,Device.DeviceInfo.MU.{i}.UpTime,Device,parameter,运行时间,R,unsignedInt,6e1e4a6d-c84c-4ca9-ab55-fc8c293b7a42,parameter,READ_ONLY,unsignedInt,,already_in_mml,yes,LST DEVICE_INFO_MU,parent_exact,SR,扩展型一体化皮基站参数,主机单元基本信息,Device.DeviceInfo.MU.{i}.,DEVICE_DEVICEINFO_MU,LST MU,中国移动5G扩展型皮基站网管南向接口数据模型规范v1.9.4.xlsx,SA,19
CMCC_5G_EXT_PICO_V1.9.4,主机单元（MU）设备信息参数管理,Device.DeviceInfo.MU.{i}.UserLabel,Device,parameter,用户友好名,RW,string,e5352c60-db44-48c3-9462-3dfbd1bca990,parameter,READ_WRITE,string,,already_in_mml,yes,LST DEVICE_INFO_MU;MOD DEVICE_INFO_MU,parent_exact,SR,扩展型一体化皮基站参数,主机单元基本信息,Device.DeviceInfo.MU.{i}.,DEVICE_DEVICEINFO_MU,LST MU;MOD MU,中国移动5G扩展型皮基站网管南向接口数据模型规范v1.9.4.xlsx,SA,2
CMCC_5G_EXT_PICO_V1.9.4,主机单元（MU）设备信息参数管理,Device.DeviceInfo.MU.{i}.VendorUnitFamilyType,Device,parameter,归属类型,R,string,5edfa0b6-6b64-483d-ad0d-2f97c1abc83d,parameter,READ_ONLY,string,,already_in_mml,yes,LST DEVICE_INFO_MU,parent_exact,SR,扩展型一体化皮基站参数,主机单元基本信息,Device.DeviceInfo.MU.{i}.,DEVICE_DEVICEINFO_MU,LST MU,中国移动5G扩展型皮基站网管南向接口数据模型规范v1.9.4.xlsx,SA,7
CMCC_5G_EXT_PICO_V1.9.4,主机单元（MU）设备信息参数管理,Device.DeviceInfo.MU.{i}.VendorUnitTypeNumber,Device,parameter,资产单元类型版本号,R,string,4ed482ab-a3cf-4a99-b7d1-88b647d5f1cc,parameter,READ_ONLY,string,,already_in_mml,yes,LST DEVICE_INFO_MU,parent_exact,SR,扩展型一体化皮基站参数,主机单元基本信息,Device.DeviceInfo.MU.{i}.,DEVICE_DEVICEINFO_MU,LST MU,中国移动5G扩展型皮基站网管南向接口数据模型规范v1.9.4.xlsx,SA,8
CMCC_5G_EXT_PICO_V1.9.4,主机单元（MU）设备信息参数管理,Device.DeviceInfo.MU.{i}.SwUpgrade.FailureCause,Device,parameter,升级失败原因,R,string(512),7e7a260c-5a97-4e15-8567-0520071c8bcd,parameter,READ_ONLY,string,,already_in_mml,yes,LST MU_SW_UPGRADE,parent_exact,SR,扩展型一体化皮基站参数,主机单元软件升级,Device.DeviceInfo.MU.{i}.SwUpgrade.,DEVICE_DEVICEINFO_MU_SWUPGRADE,LST MU_SW_UPGRADE,中国移动5G扩展型皮基站网管南向接口数据模型规范v1.9.4.xlsx,SA,22
CMCC_5G_EXT_PICO_V1.9.4,主机单元（MU）设备信息参数管理,Device.DeviceInfo.MU.{i}.SwUpgrade.Stage,Device,parameter,升级阶段,R,unsignedInt[1:5],f2250338-0885-4dc1-8882-cb861f1f60db,parameter,READ_ONLY,unsignedInt,,already_in_mml,yes,LST MU_SW_UPGRADE,parent_exact,SR,扩展型一体化皮基站参数,主机单元软件升级,Device.DeviceInfo.MU.{i}.SwUpgrade.,DEVICE_DEVICEINFO_MU_SWUPGRADE,LST MU_SW_UPGRADE,中国移动5G扩展型皮基站网管南向接口数据模型规范v1.9.4.xlsx,SA,21
CMCC_5G_EXT_PICO_V1.9.4,主机单元（MU）设备信息参数管理,Device.DeviceInfo.MU.{i}.SwUpgrade.Status,Device,parameter,状态,R,unsignedInt[1:2],9f57d57a-c9c6-4833-bcd1-bf8afa830573,parameter,READ_ONLY,unsignedInt,,already_in_mml,yes,LST MU_SW_UPGRADE,parent_exact,SR,扩展型一体化皮基站参数,主机单元软件升级,Device.DeviceInfo.MU.{i}.SwUpgrade.,DEVICE_DEVICEINFO_MU_SWUPGRADE,LST MU_SW_UPGRADE,中国移动5G扩展型皮基站网管南向接口数据模型规范v1.9.4.xlsx,SA,23
CMCC_5G_EXT_PICO_V1.9.4,主机单元（MU）设备信息参数管理,Device.DeviceInfo.MU.{i}.Slot.{i}.SwUpgrade.FailureCause,Device,parameter,升级失败原因,R,string(512),a27fbc49-d1e6-405e-afa4-e486a8eaab14,parameter,READ_ONLY,STRING,,already_in_mml,yes,LST SLOT_SW_UPGRADE,parent_exact,SR,扩展型一体化皮基站参数,板卡软件升级,Device.DeviceInfo.MU.{i}.Slot.{i}.SwUpgrade.,DEVICE_DEVICEINFO_MU_SLOT_SWUPGRADE,LST SLOT_SW_UPGRADE,中国移动5G扩展型皮基站网管南向接口数据模型规范v1.9.4.xlsx,SA,45
CMCC_5G_EXT_PICO_V1.9.4,主机单元（MU）设备信息参数管理,Device.DeviceInfo.MU.{i}.Slot.{i}.SwUpgrade.Status,Device,parameter,状态,R,unsignedInt[1:2],1ead0f74-d992-4f28-b2c2-835aca0c40c4,parameter,READ_ONLY,U_INT,,already_in_mml,yes,LST SLOT_SW_UPGRADE,parent_exact,SR,扩展型一体化皮基站参数,板卡软件升级,Device.DeviceInfo.MU.{i}.Slot.{i}.SwUpgrade.,DEVICE_DEVICEINFO_MU_SLOT_SWUPGRADE,LST SLOT_SW_UPGRADE,中国移动5G扩展型皮基站网管南向接口数据模型规范v1.9.4.xlsx,SA,46
CMCC_LTE_V2.1,WAN口配置参数管理,Device.IP.Interface.{i}.IPv4Address.{i}.AddressingType,Device,parameter,外部IP 地址方法,RW,string,bcb52c8e-6195-44d6-9a32-55c8ebb23bd5,parameter,READ_WRITE,STRING,,create_new_command_node,no,,,,,WAN口配置参数管理,Device.IP.Interface.{i}.IPv4Address.{i}.,DEVICE_IP_INTERFACE_IPV4ADDRESS,LST IPV4_ADDRESS;MOD IPV4_ADDRESS,LTE V2.1.xlsx,SL,13
CMCC_LTE_V2.1,WAN口配置参数管理,Device.IP.Interface.{i}.IPv4Address.{i}.DefaultGateway,Device,parameter,WAN 接口的默认网关,RW,string(15),4774d42f-efa5-49cb-a249-ab3e407ea4bd,parameter,READ_WRITE,STRING,,create_new_command_node,no,,,,,WAN口配置参数管理,Device.IP.Interface.{i}.IPv4Address.{i}.,DEVICE_IP_INTERFACE_IPV4ADDRESS,LST IPV4_ADDRESS;MOD IPV4_ADDRESS,LTE V2.1.xlsx,SL,11
CMCC_LTE_V2.1,WAN口配置参数管理,Device.IP.Interface.{i}.IPv4Address.{i}.IPAddress,Device,parameter,外部IP 地址,RW,string(15),e92fef2d-65d7-40e5-a64a-5fd48b1567b6,parameter,READ_WRITE,STRING,,create_new_command_node,no,,,,,WAN口配置参数管理,Device.IP.Interface.{i}.IPv4Address.{i}.,DEVICE_IP_INTERFACE_IPV4ADDRESS,LST IPV4_ADDRESS;MOD IPV4_ADDRESS,LTE V2.1.xlsx,SL,10
CMCC_LTE_V2.1,WAN口配置参数管理,Device.IP.Interface.{i}.IPv4Address.{i}.SubnetMask,Device,parameter,WAN 接口的子网掩码,RW,string,0909fe04-7270-4069-beb5-633df38d9e92,parameter,READ_WRITE,STRING,,create_new_command_node,no,,,,,WAN口配置参数管理,Device.IP.Interface.{i}.IPv4Address.{i}.,DEVICE_IP_INTERFACE_IPV4ADDRESS,LST IPV4_ADDRESS;MOD IPV4_ADDRESS,LTE V2.1.xlsx,SL,12
CMCC_LTE_V2.1,扩展型一体化皮站-扩展单元（EU）参数管理,Device.DeviceInfo.EU.{i}.DLCRCSum,Device,parameter,扩展单元下行误码率,R,string(64),944aadd2-8d11-48de-8c50-5f494e18eb67,parameter,READ_ONLY,STRING,,create_new_command_node,no,,,SA,设备信息参数管理,扩展型一体化皮站-扩展单元（EU）参数管理,Device.DeviceInfo.EU.{i}.,DEVICE_DEVICEINFO_EU,LST EU,LTE V2.1.xlsx,SR,11
CMCC_LTE_V2.1,扩展型一体化皮站-扩展单元（EU）参数管理,Device.DeviceInfo.EU.{i}.HardwareVersion,Device,parameter,硬件版本,R,string(64),0d559dd5-f647-4c71-8b11-56e3c22aaec2,parameter,READ_ONLY,STRING,,create_new_command_node,no,,,SA,设备信息参数管理,扩展型一体化皮站-扩展单元（EU）参数管理,Device.DeviceInfo.EU.{i}.,DEVICE_DEVICEINFO_EU,LST EU,LTE V2.1.xlsx,SR,7
CMCC_LTE_V2.1,扩展型一体化皮站-扩展单元（EU）参数管理,Device.DeviceInfo.EU.{i}.ModelName,Device,parameter,设备型号,R,string(64),c7ce2268-a6d7-4a97-a4db-7880506f5da3,parameter,READ_ONLY,STRING,,create_new_command_node,no,,,SA,设备信息参数管理,扩展型一体化皮站-扩展单元（EU）参数管理,Device.DeviceInfo.EU.{i}.,DEVICE_DEVICEINFO_EU,LST EU,LTE V2.1.xlsx,SR,5
CMCC_LTE_V2.1,扩展型一体化皮站-扩展单元（EU）参数管理,Device.DeviceInfo.EU.{i}.Reboot,Device,parameter,重启开关,RW,boolean,60263fe5-c6ba-40f7-91eb-473600c56bc1,parameter,READ_WRITE,BOOLEAN,,create_new_command_node,no,,,SA,设备信息参数管理,扩展型一体化皮站-扩展单元（EU）参数管理,Device.DeviceInfo.EU.{i}.,DEVICE_DEVICEINFO_EU,LST EU;MOD EU,LTE V2.1.xlsx,SR,10
CMCC_LTE_V2.1,扩展型一体化皮站-扩展单元（EU）参数管理,Device.DeviceInfo.EU.{i}.RouteIndex,Device,parameter,扩展单元路由指示,R,string(64),9bfdb677-11d4-4018-94d5-98e448a3c4c7,parameter,READ_ONLY,STRING,,create_new_command_node,no,,,SA,设备信息参数管理,扩展型一体化皮站-扩展单元（EU）参数管理,Device.DeviceInfo.EU.{i}.,DEVICE_DEVICEINFO_EU,LST EU,LTE V2.1.xlsx,SR,4
CMCC_LTE_V2.1,扩展型一体化皮站-扩展单元（EU）参数管理,Device.DeviceInfo.EU.{i}.SerialNumber,Device,parameter,序列号,R,string(64),e069c563-6c2a-4762-b486-8cab5402fbeb,parameter,READ_ONLY,STRING,,create_new_command_node,no,,,SA,设备信息参数管理,扩展型一体化皮站-扩展单元（EU）参数管理,Device.DeviceInfo.EU.{i}.,DEVICE_DEVICEINFO_EU,LST EU,LTE V2.1.xlsx,SR,6
CMCC_LTE_V2.1,扩展型一体化皮站-扩展单元（EU）参数管理,Device.DeviceInfo.EU.{i}.SoftwareVersion,Device,parameter,软件版本,R,string(64),2f88eef4-5d09-42eb-af7e-94be66c4d0b5,parameter,READ_ONLY,STRING,,create_new_command_node,no,,,SA,设备信息参数管理,扩展型一体化皮站-扩展单元（EU）参数管理,Device.DeviceInfo.EU.{i}.,DEVICE_DEVICEINFO_EU,LST EU,LTE V2.1.xlsx,SR,8
CMCC_LTE_V2.1,扩展型一体化皮站-扩展单元（EU）参数管理,Device.DeviceInfo.EU.{i}.Status,Device,parameter,状态,R,unsignedInt[1:4],5f720043-2981-42f8-9738-7e67ffddfdbe,parameter,READ_ONLY,U_INT,,create_new_command_node,no,,,SA,设备信息参数管理,扩展型一体化皮站-扩展单元（EU）参数管理,Device.DeviceInfo.EU.{i}.,DEVICE_DEVICEINFO_EU,LST EU,LTE V2.1.xlsx,SR,9
CMCC_LTE_V2.1,扩展型一体化皮站-扩展单元（EU）参数管理,Device.DeviceInfo.EU.{i}.ULCRCSum,Device,parameter,扩展单元上行误码率,R,string(64),2406fb07-d2df-43ba-8743-5652c0b17128,parameter,READ_ONLY,STRING,,create_new_command_node,no,,,SA,设备信息参数管理,扩展型一体化皮站-扩展单元（EU）参数管理,Device.DeviceInfo.EU.{i}.,DEVICE_DEVICEINFO_EU,LST EU,LTE V2.1.xlsx,SR,12
CMCC_LTE_V2.1,扩展型一体化皮站-远端单元（RU）参数管理,Device.DeviceInfo.EU.{i}.RU.{i}.DLCRCSum,Device,parameter,远端单元下行误码率,R,string(64),9fa1168b-0370-45e8-aec5-59747e3b2b7c,parameter,READ_ONLY,STRING,,create_new_command_node,no,,,SA,设备信息参数管理,扩展型一体化皮站-远端单元（RU）参数管理,Device.DeviceInfo.EU.{i}.RU.{i}.,DEVICE_DEVICEINFO_EU_RU,LST RU,LTE V2.1.xlsx,SR,25
CMCC_LTE_V2.1,扩展型一体化皮站-远端单元（RU）参数管理,Device.DeviceInfo.EU.{i}.RU.{i}.Distance,Device,parameter,拉远距离,R,string(64),fad11c7c-b9d5-4a1f-a2cb-85ed0ceb0a4a,parameter,READ_ONLY,STRING,,create_new_command_node,no,,,SA,设备信息参数管理,扩展型一体化皮站-远端单元（RU）参数管理,Device.DeviceInfo.EU.{i}.RU.{i}.,DEVICE_DEVICEINFO_EU_RU,LST RU,LTE V2.1.xlsx,SR,24
CMCC_LTE_V2.1,扩展型一体化皮站-远端单元（RU）参数管理,Device.DeviceInfo.EU.{i}.RU.{i}.HardwareVersion,Device,parameter,硬件版本,R,string(64),8cacf83b-f98a-499b-ac6e-308ca9beee84,parameter,READ_ONLY,STRING,,create_new_command_node,no,,,SA,设备信息参数管理,扩展型一体化皮站-远端单元（RU）参数管理,Device.DeviceInfo.EU.{i}.RU.{i}.,DEVICE_DEVICEINFO_EU_RU,LST RU,LTE V2.1.xlsx,SR,18
CMCC_LTE_V2.1,扩展型一体化皮站-远端单元（RU）参数管理,Device.DeviceInfo.EU.{i}.RU.{i}.LTECell.{i}.ECI,Device,parameter,可切换小区ECI,RW,unsignedInt[0:268435455],d1285a07-9553-4675-b70c-4bd6bb3d2c18,parameter,READ_WRITE,U_INT,,create_new_command_node,no,,,SA,设备信息参数管理,扩展型一体化皮站-远端单元（RU）参数管理,Device.DeviceInfo.EU.{i}.RU.{i}.LTECell.{i}.,DEVICE_DEVICEINFO_EU_RU_LTECELL,LST LTECELL;MOD LTECELL,LTE V2.1.xlsx,SR,27
CMCC_LTE_V2.1,扩展型一体化皮站-远端单元（RU）参数管理,Device.DeviceInfo.EU.{i}.RU.{i}.MaxTxPower,Device,parameter,最大发射功率,RW,unsignedInt,dff488e1-d4a2-4fe1-be36-1fbd6570833d,parameter,READ_WRITE,U_INT,,create_new_command_node,no,,,SA,设备信息参数管理,扩展型一体化皮站-远端单元（RU）参数管理,Device.DeviceInfo.EU.{i}.RU.{i}.,DEVICE_DEVICEINFO_EU_RU,LST RU;MOD RU,LTE V2.1.xlsx,SR,22
CMCC_LTE_V2.1,扩展型一体化皮站-远端单元（RU）参数管理,Device.DeviceInfo.EU.{i}.RU.{i}.ModelName,Device,parameter,设备型号,R,string(64),d952abbe-1827-4bcf-86df-d7d7d28b4fad,parameter,READ_ONLY,STRING,,create_new_command_node,no,,,SA,设备信息参数管理,扩展型一体化皮站-远端单元（RU）参数管理,Device.DeviceInfo.EU.{i}.RU.{i}.,DEVICE_DEVICEINFO_EU_RU,LST RU,LTE V2.1.xlsx,SR,16
CMCC_LTE_V2.1,扩展型一体化皮站-远端单元（RU）参数管理,Device.DeviceInfo.EU.{i}.RU.{i}.RFTxStatus,Device,parameter,射频状态,RW,boolean,30ff636d-b3c1-44bf-a654-ec2b967f83bc,parameter,READ_WRITE,BOOLEAN,,create_new_command_node,no,,,SA,设备信息参数管理,扩展型一体化皮站-远端单元（RU）参数管理,Device.DeviceInfo.EU.{i}.RU.{i}.,DEVICE_DEVICEINFO_EU_RU,LST RU;MOD RU,LTE V2.1.xlsx,SR,23
CMCC_LTE_V2.1,扩展型一体化皮站-远端单元（RU）参数管理,Device.DeviceInfo.EU.{i}.RU.{i}.Reboot,Device,parameter,重启开关,RW,boolean,3ce0bc8a-f3b0-424c-9287-a4f50ddc46e4,parameter,READ_WRITE,BOOLEAN,,create_new_command_node,no,,,SA,设备信息参数管理,扩展型一体化皮站-远端单元（RU）参数管理,Device.DeviceInfo.EU.{i}.RU.{i}.,DEVICE_DEVICEINFO_EU_RU,LST RU;MOD RU,LTE V2.1.xlsx,SR,21
CMCC_LTE_V2.1,扩展型一体化皮站-远端单元（RU）参数管理,Device.DeviceInfo.EU.{i}.RU.{i}.SerialNumber,Device,parameter,序列号,R,string(64),4c8c34ad-7632-459f-8d4a-58e61874d07d,parameter,READ_ONLY,STRING,,create_new_command_node,no,,,SA,设备信息参数管理,扩展型一体化皮站-远端单元（RU）参数管理,Device.DeviceInfo.EU.{i}.RU.{i}.,DEVICE_DEVICEINFO_EU_RU,LST RU,LTE V2.1.xlsx,SR,17
CMCC_LTE_V2.1,扩展型一体化皮站-远端单元（RU）参数管理,Device.DeviceInfo.EU.{i}.RU.{i}.SoftwareVersion,Device,parameter,软件版本,R,string(64),1d13b0e3-4280-4c57-b114-51dfa2aefda6,parameter,READ_ONLY,STRING,,create_new_command_node,no,,,SA,设备信息参数管理,扩展型一体化皮站-远端单元（RU）参数管理,Device.DeviceInfo.EU.{i}.RU.{i}.,DEVICE_DEVICEINFO_EU_RU,LST RU,LTE V2.1.xlsx,SR,19
CMCC_LTE_V2.1,扩展型一体化皮站-远端单元（RU）参数管理,Device.DeviceInfo.EU.{i}.RU.{i}.Status,Device,parameter,状态,R,unsignedInt[1:4],2ae91259-0abd-43e4-9073-46a553fbdf59,parameter,READ_ONLY,U_INT,,create_new_command_node,no,,,SA,设备信息参数管理,扩展型一体化皮站-远端单元（RU）参数管理,Device.DeviceInfo.EU.{i}.RU.{i}.,DEVICE_DEVICEINFO_EU_RU,LST RU,LTE V2.1.xlsx,SR,20
CMCC_LTE_V2.1,扩展型一体化皮站-远端单元（RU）参数管理,Device.DeviceInfo.EU.{i}.RU.{i}.ULCRCSum,Device,parameter,远端单元上行误码率,R,string(64),54973835-d19e-4af3-8980-1781743a5cb1,parameter,READ_ONLY,STRING,,create_new_command_node,no,,,SA,设备信息参数管理,扩展型一体化皮站-远端单元（RU）参数管理,Device.DeviceInfo.EU.{i}.RU.{i}.,DEVICE_DEVICEINFO_EU_RU,LST RU,LTE V2.1.xlsx,SR,26
CMCC_5G_EXT_PICO_V1.9.4,AMF地址,Device.Services.FAPService.{i}.FAPControl.NR.AMFPoolConfigParam.{i}.AmfIP1,Device,parameter,AmfIP1,RW,string(64),96876842-825d-4127-8618-7d2fa65ab1eb,parameter,READ_WRITE,STRING,,create_new_command_node,no,,,SF,小区服务参数管理,AMF地址,Device.Services.FAPService.{i}.FAPControl.NR.AMFPoolConfigParam.{i}.,DEVICE_SERVICES_FAPSERVICE_FAPCONTROL_NR_AMFPOOLCONFIGPARAM,LST AMFPOOL_CONFIG_PARAM;MOD AMFPOOL_CONFIG_PARAM,中国移动5G扩展型皮基站网管南向接口数据模型规范v1.9.4.xlsx,SF,8
CMCC_5G_EXT_PICO_V1.9.4,AMF地址,Device.Services.FAPService.{i}.FAPControl.NR.AMFPoolConfigParam.{i}.PLMNID,Device,parameter,AMFPLMN标识,RW,string(6),0d2e4966-d1e9-4065-98c8-8e85f811f390,parameter,READ_WRITE,STRING,,create_new_command_node,no,,,SF,小区服务参数管理,AMF地址,Device.Services.FAPService.{i}.FAPControl.NR.AMFPoolConfigParam.{i}.,DEVICE_SERVICES_FAPSERVICE_FAPCONTROL_NR_AMFPOOLCONFIGPARAM,LST AMFPOOL_CONFIG_PARAM;MOD AMFPOOL_CONFIG_PARAM,中国移动5G扩展型皮基站网管南向接口数据模型规范v1.9.4.xlsx,SF,3
CMCC_LTE_V2.1,MME地址,Device.Services.FAPService.{i}.CellConfig.LTE.MmePoolConfigParam.{i}.MMECode,Device,parameter,MME代码,R,unsignedInt[0:255],fc40c4bc-3580-4aea-8e82-239f2dfed4ef,parameter,READ_ONLY,U_INT,,create_new_command_node,no,,,SF,小区服务参数管理,MME地址,Device.Services.FAPService.{i}.CellConfig.LTE.MmePoolConfigParam.{i}.,DEVICE_SERVICES_FAPSERVICE_CELLCONFIG_LTE_MMEPOOLCONFIGPARAM,LST MME_POOL_CONFIG_PARAM,LTE V2.1.xlsx,SF,7
CMCC_LTE_V2.1,MME地址,Device.Services.FAPService.{i}.CellConfig.LTE.MmePoolConfigParam.{i}.MMEGroupID,Device,parameter,MMEGroup标识,R,unsignedInt[0:65535],9e814d1a-3ac8-4cad-8236-c4fa38852afe,parameter,READ_ONLY,U_INT,,create_new_command_node,no,,,SF,小区服务参数管理,MME地址,Device.Services.FAPService.{i}.CellConfig.LTE.MmePoolConfigParam.{i}.,DEVICE_SERVICES_FAPSERVICE_CELLCONFIG_LTE_MMEPOOLCONFIGPARAM,LST MME_POOL_CONFIG_PARAM,LTE V2.1.xlsx,SF,6
CMCC_LTE_V2.1,MME地址,Device.Services.FAPService.{i}.CellConfig.LTE.MmePoolConfigParam.{i}.MMEIp1,Device,parameter,MMEIP1,R,string(64),a8ac70c9-6ad5-43c0-a382-cfa370e8e31a,parameter,READ_WRITE,STRING,,create_new_command_node,no,,,SF,小区服务参数管理,MME地址,Device.Services.FAPService.{i}.CellConfig.LTE.MmePoolConfigParam.{i}.,DEVICE_SERVICES_FAPSERVICE_CELLCONFIG_LTE_MMEPOOLCONFIGPARAM,LST MME_POOL_CONFIG_PARAM,LTE V2.1.xlsx,SF,8
CMCC_LTE_V2.1,MME地址,Device.Services.FAPService.{i}.CellConfig.LTE.MmePoolConfigParam.{i}.MMEIp2,Device,parameter,MMEIP2,R,string(64),42ccf08a-dea3-4746-94ed-2c0e7dba4eb0,parameter,READ_ONLY,STRING,,create_new_command_node,no,,,SF,小区服务参数管理,MME地址,Device.Services.FAPService.{i}.CellConfig.LTE.MmePoolConfigParam.{i}.,DEVICE_SERVICES_FAPSERVICE_CELLCONFIG_LTE_MMEPOOLCONFIGPARAM,LST MME_POOL_CONFIG_PARAM,LTE V2.1.xlsx,SF,9
CMCC_LTE_V2.1,MME地址,Device.Services.FAPService.{i}.CellConfig.LTE.MmePoolConfigParam.{i}.PLMNID,Device,parameter,MMEPLMN标识,R,string(6),8d2aa000-0a05-4c65-94e3-ec2ac4d846f6,parameter,READ_WRITE,STRING,,create_new_command_node,no,,,SF,小区服务参数管理,MME地址,Device.Services.FAPService.{i}.CellConfig.LTE.MmePoolConfigParam.{i}.,DEVICE_SERVICES_FAPSERVICE_CELLCONFIG_LTE_MMEPOOLCONFIGPARAM,LST MME_POOL_CONFIG_PARAM,LTE V2.1.xlsx,SF,5
CMCC_LTE_V2.1,S1-U对象,Device.Services.FAPService.{i}.CellConfig.LTE.S1U.{i}.FarIpSubnetworkList,Device,parameter,远端IP地址列表,R,string(64),28f90a62-ed6f-4e6e-b40e-93c4d010a8ae,parameter,READ_ONLY,STRING,,create_new_command_node,no,,,SF,小区服务参数管理,S1-U对象,Device.Services.FAPService.{i}.CellConfig.LTE.S1U.{i}.,DEVICE_SERVICES_FAPSERVICE_CELLCONFIG_LTE_S1U,LST S1_U,LTE V2.1.xlsx,SF,11
CMCC_LTE_V2.1,S1-U对象,Device.Services.FAPService.{i}.CellConfig.LTE.S1U.{i}.LocIpAddrList,Device,parameter,本地IP地址列表,R,string(64),81295365-ec8f-4901-90ed-9f73f0f08a89,parameter,READ_ONLY,STRING,,create_new_command_node,no,,,SF,小区服务参数管理,S1-U对象,Device.Services.FAPService.{i}.CellConfig.LTE.S1U.{i}.,DEVICE_SERVICES_FAPSERVICE_CELLCONFIG_LTE_S1U,LST S1_U,LTE V2.1.xlsx,SF,10
CMCC_LTE_V2.1,X2连接地址,Device.Services.FAPService.{i}.FAPControl.X2IpAddrMapInfo.{i}.EnbId,Device,parameter,eNBID,RW,unsignedInt,afea5915-63ca-4c4e-95f7-4611586fbfb5,parameter,READ_WRITE,U_INT,,create_new_command_node,no,,,SF,小区服务参数管理,X2连接地址,Device.Services.FAPService.{i}.FAPControl.X2IpAddrMapInfo.{i}.,DEVICE_SERVICES_FAPSERVICE_FAPCONTROL_X2IPADDRMAPINFO,LST X2_IP_ADDR_MAP_INFO;MOD X2_IP_ADDR_MAP_INFO,LTE V2.1.xlsx,SF,24
CMCC_LTE_V2.1,X2连接地址,Device.Services.FAPService.{i}.FAPControl.X2IpAddrMapInfo.{i}.EnbType,Device,parameter,基站类型,RW,unsignedInt,dc5fd05c-ad40-4dfc-a300-3a84dfe9ee5c,parameter,READ_WRITE,U_INT,,create_new_command_node,no,,,SF,小区服务参数管理,X2连接地址,Device.Services.FAPService.{i}.FAPControl.X2IpAddrMapInfo.{i}.,DEVICE_SERVICES_FAPSERVICE_FAPCONTROL_X2IPADDRMAPINFO,LST X2_IP_ADDR_MAP_INFO;MOD X2_IP_ADDR_MAP_INFO,LTE V2.1.xlsx,SF,23
CMCC_LTE_V2.1,X2连接地址,Device.Services.FAPService.{i}.FAPControl.X2IpAddrMapInfo.{i}.PLMNID,Device,parameter,PLMNID,RW,string(6),1053e4c2-0c14-4a23-82ae-640fec0dbf46,parameter,READ_WRITE,STRING,,create_new_command_node,no,,,SF,小区服务参数管理,X2连接地址,Device.Services.FAPService.{i}.FAPControl.X2IpAddrMapInfo.{i}.,DEVICE_SERVICES_FAPSERVICE_FAPCONTROL_X2IPADDRMAPINFO,LST X2_IP_ADDR_MAP_INFO;MOD X2_IP_ADDR_MAP_INFO,LTE V2.1.xlsx,SF,22
CMCC_LTE_V2.1,X2连接地址,Device.Services.FAPService.{i}.FAPControl.X2IpAddrMapInfo.{i}.SubnetMask,Device,parameter,子网掩码,RW,string(64),62cd1732-7870-4798-89ac-807d5ba7c3ea,parameter,READ_WRITE,STRING,,create_new_command_node,no,,,SF,小区服务参数管理,X2连接地址,Device.Services.FAPService.{i}.FAPControl.X2IpAddrMapInfo.{i}.,DEVICE_SERVICES_FAPSERVICE_FAPCONTROL_X2IPADDRMAPINFO,LST X2_IP_ADDR_MAP_INFO;MOD X2_IP_ADDR_MAP_INFO,LTE V2.1.xlsx,SF,26
CMCC_LTE_V2.1,X2连接地址,Device.Services.FAPService.{i}.FAPControl.X2IpAddrMapInfo.{i}.WanIpAddress,Device,parameter,WAN口IP,RW,string(64),521b10ef-1cdc-457e-8af0-81b3678ac08f,parameter,READ_WRITE,STRING,,create_new_command_node,no,,,SF,小区服务参数管理,X2连接地址,Device.Services.FAPService.{i}.FAPControl.X2IpAddrMapInfo.{i}.,DEVICE_SERVICES_FAPSERVICE_FAPCONTROL_X2IPADDRMAPINFO,LST X2_IP_ADDR_MAP_INFO;MOD X2_IP_ADDR_MAP_INFO,LTE V2.1.xlsx,SF,25
CMCC_5G_EXT_PICO_V1.9.4,Xn链接信息,Device.Services.FAPService.{i}.FAPControl.NR.XnIpAddrMapInfo.{i}.RemoteAddress,Device,parameter,对端IP,RW,string(64),bb9ce6e2-2850-42fc-80d9-540682f94aa1,parameter,READ_WRITE,STRING,,create_new_command_node,no,,,SF,小区服务参数管理,Xn链接信息,Device.Services.FAPService.{i}.FAPControl.NR.XnIpAddrMapInfo.{i}.,DEVICE_SERVICES_FAPSERVICE_FAPCONTROL_NR_XNIPADDRMAPINFO,LST XN_IP_ADDR_MAP_INFO;MOD XN_IP_ADDR_MAP_INFO,中国移动5G扩展型皮基站网管南向接口数据模型规范v1.9.4.xlsx,SF,13
CMCC_LTE_V2.1,基站运行状态参数,Device.Services.FAPService.{i}.FAPControl.LTE.AdminState,Device,parameter,基站管理状态,RW,boolean,c35c2499-7118-492b-ab6e-d84e67ebbe6e,parameter,READ_WRITE,BOOLEAN,,create_new_command_node,no,,,SF,小区服务参数管理,基站运行状态参数,Device.Services.FAPService.{i}.FAPControl.LTE.,DEVICE_SERVICES_FAPSERVICE_FAPCONTROL_LTE,LST FAPCONTROL_LTE;MOD FAPCONTROL_LTE,LTE V2.1.xlsx,SF,53
CMCC_LTE_V2.1,基站运行状态参数,Device.Services.FAPService.{i}.FAPControl.LTE.OpState,Device,parameter,基站运行状态,R,boolean,c0fc8bc4-1836-4475-a78b-6171a5bc6afc,parameter,READ_WRITE,STRING,,create_new_command_node,no,,,SF,小区服务参数管理,基站运行状态参数,Device.Services.FAPService.{i}.FAPControl.LTE.,DEVICE_SERVICES_FAPSERVICE_FAPCONTROL_LTE,LST FAPCONTROL_LTE,LTE V2.1.xlsx,SF,54
CMCC_LTE_V2.1,基站运行状态参数,Device.Services.FAPService.{i}.FAPControl.LTE.RFTxStatus,Device,parameter,基站射频状态,R,boolean,f3be13cf-9dc8-4690-8d0f-2b2672fad9fe,parameter,READ_WRITE,BOOLEAN,,create_new_command_node,no,,,SF,小区服务参数管理,基站运行状态参数,Device.Services.FAPService.{i}.FAPControl.LTE.,DEVICE_SERVICES_FAPSERVICE_FAPCONTROL_LTE,LST FAPCONTROL_LTE,LTE V2.1.xlsx,SF,55
CMCC_LTE_V2.1,安全网关参数管理,Device.Services.FAPService.{i}.FAPControl.LTE.Gateway.SecGWServer1,Device,parameter,安全网关1,RW,string(64),5ceedcb1-a875-4504-85d4-f18685daf555,parameter,READ_WRITE,STRING,,create_new_command_node,no,,,SF,小区服务参数管理,安全网关参数管理,Device.Services.FAPService.{i}.FAPControl.LTE.Gateway.,DEVICE_SERVICES_FAPSERVICE_FAPCONTROL_LTE_GATEWAY,LST GATEWAY;MOD GATEWAY,LTE V2.1.xlsx,SF,12
CMCC_LTE_V2.1,安全网关参数管理,Device.Services.FAPService.{i}.FAPControl.LTE.Gateway.SecGWServer2,Device,parameter,安全网关2,RW,string(64),f3f8a1a4-a6df-4f6e-a019-285155186548,parameter,READ_WRITE,STRING,,create_new_command_node,no,,,SF,小区服务参数管理,安全网关参数管理,Device.Services.FAPService.{i}.FAPControl.LTE.Gateway.,DEVICE_SERVICES_FAPSERVICE_FAPCONTROL_LTE_GATEWAY,LST GATEWAY;MOD GATEWAY,LTE V2.1.xlsx,SF,13
CMCC_LTE_V2.1,安全网关参数管理,Device.Services.FAPService.{i}.FAPControl.LTE.Gateway.SecGWServer3,Device,parameter,安全网关3,RW,string(64),d0728661-f926-4904-a1be-2888f43f9a56,parameter,READ_WRITE,STRING,,create_new_command_node,no,,,SF,小区服务参数管理,安全网关参数管理,Device.Services.FAPService.{i}.FAPControl.LTE.Gateway.,DEVICE_SERVICES_FAPSERVICE_FAPCONTROL_LTE_GATEWAY,LST GATEWAY;MOD GATEWAY,LTE V2.1.xlsx,SF,14
CMCC_5G_EXT_PICO_V1.9.4,小区标识参数,Device.Services.FAPService.{i}.CellConfig.{i}.NR.CN.TA.{i}.NrcellIdentity,Device,parameter,小区cellIdentity,RW,unsignedLong[0:‭68719476735‬],b7a3687f-a87a-495c-a8f1-68c27f2f6ab2,parameter,READ_WRITE,STRING,,create_new_command_node,no,,,SF,小区服务参数管理,小区标识参数,Device.Services.FAPService.{i}.CellConfig.{i}.NR.CN.TA.{i}.,DEVICE_SERVICES_FAPSERVICE_CELLCONFIG_NR_CN_TA,LST TA;MOD TA,中国移动5G扩展型皮基站网管南向接口数据模型规范v1.9.4.xlsx,SJ,28
CMCC_5G_EXT_PICO_V1.9.4,小区标识参数,Device.Services.FAPService.{i}.CellConfig.{i}.NR.CN.TA.{i}.PLMNList.{i}.PLMNID,Device,parameter,小区PLMNID,RW,string(6),e983e1c3-b029-4d09-abaf-850f9b30e62c,parameter,READ_WRITE,STRING,,create_new_command_node,no,,,SF,小区服务参数管理,小区标识参数,Device.Services.FAPService.{i}.CellConfig.{i}.NR.CN.TA.{i}.PLMNList.{i}.,DEVICE_SERVICES_FAPSERVICE_CELLCONFIG_NR_CN_TA_PLMNLIST,LST PLMNLIST;MOD PLMNLIST,中国移动5G扩展型皮基站网管南向接口数据模型规范v1.9.4.xlsx,SJ,30
CMCC_NR_V1.7,小区标识参数,Device.Services.FAPService.{i}.CellConfig.{i}.NR.CN.TA.{i}.PLMNList.{i}.SliceList.{i}.SNSSAI,Device,parameter,SNSSAI,RW,unsignedInt[0:‭4294967295‬],d5cf8432-3162-4127-839b-be78f2a9007f,parameter,READ_WRITE,STRING,,create_new_command_node,no,,,SF,小区服务参数管理,小区标识参数,Device.Services.FAPService.{i}.CellConfig.{i}.NR.CN.TA.{i}.PLMNList.{i}.SliceList.{i}.,DEVICE_SERVICES_FAPSERVICE_CELLCONFIG_NR_CN_TA_PLMNLIST_SLICELIST,LST SLICE_LIST;MOD SLICE_LIST,NR v1.7.xlsx,SJ,27
CMCC_5G_EXT_PICO_V1.9.4,小区标识参数,Device.Services.FAPService.{i}.CellConfig.{i}.NR.CN.TA.{i}.Ranac,Device,parameter,RAN区域编码,RW,unsignedInt[0:255],ac6e4cf1-9507-49c9-8345-055e481f276d,parameter,READ_WRITE,STRING,,create_new_command_node,no,,,SF,小区服务参数管理,小区标识参数,Device.Services.FAPService.{i}.CellConfig.{i}.NR.CN.TA.{i}.,DEVICE_SERVICES_FAPSERVICE_CELLCONFIG_NR_CN_TA,LST TA;MOD TA,中国移动5G扩展型皮基站网管南向接口数据模型规范v1.9.4.xlsx,SJ,27
CMCC_LTE_V2.1,接入UE数量管理,Device.Services.FAPService.{i}.AccessMgmt.LTE.MaxUEsServed,Device,parameter,同时支持RRC连接最大用户数,R,int[-1:],a989eaed-9e80-4702-a649-6c187b88082b,parameter,READ_WRITE,STRING,,create_new_command_node,no,,,SF,小区服务参数管理,接入UE数量管理,Device.Services.FAPService.{i}.AccessMgmt.LTE.,DEVICE_SERVICES_FAPSERVICE_ACCESSMGMT_LTE,LST ACCESS_MGMT_LTE,LTE V2.1.xlsx,SF,29
CMCC_LTE_V2.1,接入UE数量管理,Device.Services.FAPService.{i}.Capabilities.LTE.SupportActiveRRCNumbers,Device,parameter,同时支持RRC激活最大用户数,R,unsignedInt[0:65535],c476f0fb-9c80-4f60-8bb5-377c8ebe15eb,parameter,READ_ONLY,U_INT,,create_new_command_node,no,,,SF,小区服务参数管理,接入UE数量管理,Device.Services.FAPService.{i}.Capabilities.LTE.,DEVICE_SERVICES_FAPSERVICE_CAPABILITIES_LTE,LST CAPABILITIES_LTE,LTE V2.1.xlsx,SF,30
CMCC_LTE_V2.1,接入UE数量管理,Device.Services.FAPService.{i}.Capabilities.LTE.UeInactiveTimer,Device,parameter,连接态UE不活动定时器,RW,unsignedInt[0:65535],0995eda2-b22a-40c8-8926-28f2fb3c5ef0,parameter,READ_WRITE,U_INT,,create_new_command_node,no,,,SF,小区服务参数管理,接入UE数量管理,Device.Services.FAPService.{i}.Capabilities.LTE.,DEVICE_SERVICES_FAPSERVICE_CAPABILITIES_LTE,LST CAPABILITIES_LTE;MOD CAPABILITIES_LTE,LTE V2.1.xlsx,SF,28
CMCC_LTE_V2.1,接入网关参数管理,Device.Services.FAPService.{i}.FAPControl.LTE.Gateway.AGPort1,Device,parameter,接入网关端口1,RW,string(64),c7253b05-4afc-4688-a093-4b65a81fd4db,parameter,READ_WRITE,STRING,,create_new_command_node,no,,,SF,小区服务参数管理,接入网关参数管理,Device.Services.FAPService.{i}.FAPControl.LTE.Gateway.,DEVICE_SERVICES_FAPSERVICE_FAPCONTROL_LTE_GATEWAY,LST GATEWAY;MOD GATEWAY,LTE V2.1.xlsx,SF,19
CMCC_LTE_V2.1,接入网关参数管理,Device.Services.FAPService.{i}.FAPControl.LTE.Gateway.AGPort2,Device,parameter,接入网关端口2,RW,string(64),915fd118-2d69-43c4-a82f-8a433d5604b9,parameter,READ_WRITE,STRING,,create_new_command_node,no,,,SF,小区服务参数管理,接入网关参数管理,Device.Services.FAPService.{i}.FAPControl.LTE.Gateway.,DEVICE_SERVICES_FAPSERVICE_FAPCONTROL_LTE_GATEWAY,LST GATEWAY;MOD GATEWAY,LTE V2.1.xlsx,SF,20
CMCC_LTE_V2.1,接入网关参数管理,Device.Services.FAPService.{i}.FAPControl.LTE.Gateway.AGPort3,Device,parameter,接入网关端口3,RW,string(64),6a01ad35-735c-4360-b58c-c886d2cc52ef,parameter,READ_WRITE,STRING,,create_new_command_node,no,,,SF,小区服务参数管理,接入网关参数管理,Device.Services.FAPService.{i}.FAPControl.LTE.Gateway.,DEVICE_SERVICES_FAPSERVICE_FAPCONTROL_LTE_GATEWAY,LST GATEWAY;MOD GATEWAY,LTE V2.1.xlsx,SF,21
CMCC_LTE_V2.1,接入网关参数管理,Device.Services.FAPService.{i}.FAPControl.LTE.Gateway.AGServerEnable,Device,parameter,HeGW方式接入,RW,boolean,e4e795f1-9718-4ace-bf62-bb04cf2b4a18,parameter,READ_WRITE,BOOLEAN,,create_new_command_node,no,,,SF,小区服务参数管理,接入网关参数管理,Device.Services.FAPService.{i}.FAPControl.LTE.Gateway.,DEVICE_SERVICES_FAPSERVICE_FAPCONTROL_LTE_GATEWAY,LST GATEWAY;MOD GATEWAY,LTE V2.1.xlsx,SF,15
CMCC_LTE_V2.1,接入网关参数管理,Device.Services.FAPService.{i}.FAPControl.LTE.Gateway.AGServerIp1,Device,parameter,接入网关1,RW,string(64),222ac951-dcfb-41e0-9735-03eb5c38cf08,parameter,READ_WRITE,STRING,,create_new_command_node,no,,,SF,小区服务参数管理,接入网关参数管理,Device.Services.FAPService.{i}.FAPControl.LTE.Gateway.,DEVICE_SERVICES_FAPSERVICE_FAPCONTROL_LTE_GATEWAY,LST GATEWAY;MOD GATEWAY,LTE V2.1.xlsx,SF,16
CMCC_LTE_V2.1,接入网关参数管理,Device.Services.FAPService.{i}.FAPControl.LTE.Gateway.AGServerIp2,Device,parameter,接入网关2,RW,string(64),2971e14b-a4e2-4d61-9805-1639597969b0,parameter,READ_WRITE,STRING,,create_new_command_node,no,,,SF,小区服务参数管理,接入网关参数管理,Device.Services.FAPService.{i}.FAPControl.LTE.Gateway.,DEVICE_SERVICES_FAPSERVICE_FAPCONTROL_LTE_GATEWAY,LST GATEWAY;MOD GATEWAY,LTE V2.1.xlsx,SF,17
CMCC_LTE_V2.1,接入网关参数管理,Device.Services.FAPService.{i}.FAPControl.LTE.Gateway.AGServerIp3,Device,parameter,接入网关3,RW,string(64),a9689232-ab90-4a30-a20e-5dc1371b0263,parameter,READ_WRITE,STRING,,create_new_command_node,no,,,SF,小区服务参数管理,接入网关参数管理,Device.Services.FAPService.{i}.FAPControl.LTE.Gateway.,DEVICE_SERVICES_FAPSERVICE_FAPCONTROL_LTE_GATEWAY,LST GATEWAY;MOD GATEWAY,LTE V2.1.xlsx,SF,18
CMCC_LTE_V2.1,SCTP参数管理,Device.Services.FAPService.{i}.Transport.SCTP.Assoc.{i}.LocalPort,Device,parameter,本端端口,R,unsignedInt,920739c6-4291-4763-b553-fe6d92cb073a,parameter,READ_ONLY,U_INT,,create_new_command_node,no,,,SG,SCTP参数管理,SCTP参数管理,Device.Services.FAPService.{i}.Transport.SCTP.Assoc.{i}.,DEVICE_SERVICES_FAPSERVICE_TRANSPORT_SCTP_ASSOC,LST ASSOC,LTE V2.1.xlsx,SG,12
CMCC_LTE_V2.1,SCTP参数管理,Device.Services.FAPService.{i}.Transport.SCTP.Assoc.{i}.PrimaryPeerAddress,Device,parameter,远端IP地址,R,string(64),813145df-e405-4870-b23d-9d7d45179699,parameter,READ_ONLY,STRING,,create_new_command_node,no,,,SG,SCTP参数管理,SCTP参数管理,Device.Services.FAPService.{i}.Transport.SCTP.Assoc.{i}.,DEVICE_SERVICES_FAPSERVICE_TRANSPORT_SCTP_ASSOC,LST ASSOC,LTE V2.1.xlsx,SG,13
CMCC_LTE_V2.1,SCTP参数管理,Device.Services.FAPService.{i}.Transport.SCTP.Assoc.{i}.RemotePort,Device,parameter,远端端口,R,unsignedInt,fd645a63-3c98-4325-a4fc-c4f0dc73e277,parameter,READ_ONLY,U_INT,,create_new_command_node,no,,,SG,SCTP参数管理,SCTP参数管理,Device.Services.FAPService.{i}.Transport.SCTP.Assoc.{i}.,DEVICE_SERVICES_FAPSERVICE_TRANSPORT_SCTP_ASSOC,LST ASSOC,LTE V2.1.xlsx,SG,14
CMCC_LTE_V2.1,SCTP参数管理,Device.Services.FAPService.{i}.Transport.SCTP.Assoc.{i}.SCTPAssocLocalAddr,Device,parameter,本端IP地址,R,string(64),da355d0d-87e8-40d2-ad17-12b4acea1f7b,parameter,READ_ONLY,STRING,,create_new_command_node,no,,,SG,SCTP参数管理,SCTP参数管理,Device.Services.FAPService.{i}.Transport.SCTP.Assoc.{i}.,DEVICE_SERVICES_FAPSERVICE_TRANSPORT_SCTP_ASSOC,LST ASSOC,LTE V2.1.xlsx,SG,11
CMCC_5G_EXT_PICO_V1.9.4,SCTP参数管理,Device.Services.FAPService.{i}.Transport.SCTP.Enable,Device,parameter,使能开关,RW,boolean,e8fda9d2-6511-47c2-8659-bea64fb99a47,parameter,READ_WRITE,BOOLEAN,,create_new_command_node,no,,,SG,SCTP参数管理,SCTP参数管理,Device.Services.FAPService.{i}.Transport.SCTP.,DEVICE_SERVICES_FAPSERVICE_TRANSPORT_SCTP,LST TRANSPORT_SCTP;MOD TRANSPORT_SCTP,中国移动5G扩展型皮基站网管南向接口数据模型规范v1.9.4.xlsx,SN,2
CMCC_5G_EXT_PICO_V1.9.4,SCTP参数管理,Device.Services.FAPService.{i}.Transport.SCTP.HBInterval,Device,parameter,心跳时间间隔,RW,unsignedInt[1:],5d75936a-b5b7-4062-9293-28b335d9636f,parameter,READ_WRITE,U_INT,,create_new_command_node,no,,,SG,SCTP参数管理,SCTP参数管理,Device.Services.FAPService.{i}.Transport.SCTP.,DEVICE_SERVICES_FAPSERVICE_TRANSPORT_SCTP,LST TRANSPORT_SCTP;MOD TRANSPORT_SCTP,中国移动5G扩展型皮基站网管南向接口数据模型规范v1.9.4.xlsx,SN,7
CMCC_5G_EXT_PICO_V1.9.4,SCTP参数管理,Device.Services.FAPService.{i}.Transport.SCTP.MaxAssociationRetransmits,Device,parameter,本端的最大连续重传数目,RW,unsignedInt,f04a8916-ca88-4502-b75f-e0866898ab22,parameter,READ_WRITE,U_INT,,create_new_command_node,no,,,SG,SCTP参数管理,SCTP参数管理,Device.Services.FAPService.{i}.Transport.SCTP.,DEVICE_SERVICES_FAPSERVICE_TRANSPORT_SCTP,LST TRANSPORT_SCTP;MOD TRANSPORT_SCTP,中国移动5G扩展型皮基站网管南向接口数据模型规范v1.9.4.xlsx,SN,9
CMCC_5G_EXT_PICO_V1.9.4,SCTP参数管理,Device.Services.FAPService.{i}.Transport.SCTP.MaxInitRetransmits,Device,parameter,最大初始重传数,RW,unsignedInt,ce9eb99f-d2c5-47e1-9f94-c835e3ab564c,parameter,READ_WRITE,U_INT,,create_new_command_node,no,,,SG,SCTP参数管理,SCTP参数管理,Device.Services.FAPService.{i}.Transport.SCTP.,DEVICE_SERVICES_FAPSERVICE_TRANSPORT_SCTP,LST TRANSPORT_SCTP;MOD TRANSPORT_SCTP,中国移动5G扩展型皮基站网管南向接口数据模型规范v1.9.4.xlsx,SN,6
CMCC_5G_EXT_PICO_V1.9.4,SCTP参数管理,Device.Services.FAPService.{i}.Transport.SCTP.MaxPathRetransmits,Device,parameter,最大重传次数,RW,unsignedInt,3eda66c9-66a0-43d9-843e-27a51a3ba3dc,parameter,READ_WRITE,U_INT,,create_new_command_node,no,,,SG,SCTP参数管理,SCTP参数管理,Device.Services.FAPService.{i}.Transport.SCTP.,DEVICE_SERVICES_FAPSERVICE_TRANSPORT_SCTP,LST TRANSPORT_SCTP;MOD TRANSPORT_SCTP,中国移动5G扩展型皮基站网管南向接口数据模型规范v1.9.4.xlsx,SN,8
CMCC_5G_EXT_PICO_V1.9.4,SCTP参数管理,Device.Services.FAPService.{i}.Transport.SCTP.RTOInitial,Device,parameter,重传超时的初始值,RW,unsignedInt,d62534f8-ff4c-4c07-82f7-dbad1316891d,parameter,READ_WRITE,U_INT,,create_new_command_node,no,,,SG,SCTP参数管理,SCTP参数管理,Device.Services.FAPService.{i}.Transport.SCTP.,DEVICE_SERVICES_FAPSERVICE_TRANSPORT_SCTP,LST TRANSPORT_SCTP;MOD TRANSPORT_SCTP,中国移动5G扩展型皮基站网管南向接口数据模型规范v1.9.4.xlsx,SN,3
CMCC_5G_EXT_PICO_V1.9.4,SCTP参数管理,Device.Services.FAPService.{i}.Transport.SCTP.RTOMax,Device,parameter,重传超时的最大值,RW,unsignedInt,ee61df6a-2f58-4b21-af25-5d2bcf085009,parameter,READ_WRITE,U_INT,,create_new_command_node,no,,,SG,SCTP参数管理,SCTP参数管理,Device.Services.FAPService.{i}.Transport.SCTP.,DEVICE_SERVICES_FAPSERVICE_TRANSPORT_SCTP,LST TRANSPORT_SCTP;MOD TRANSPORT_SCTP,中国移动5G扩展型皮基站网管南向接口数据模型规范v1.9.4.xlsx,SN,5
CMCC_5G_EXT_PICO_V1.9.4,SCTP参数管理,Device.Services.FAPService.{i}.Transport.SCTP.RTOMin,Device,parameter,重传超时的最小值,RW,unsignedInt,5db548a6-5d6f-445d-abca-b2e01cc92b64,parameter,READ_WRITE,U_INT,,create_new_command_node,no,,,SG,SCTP参数管理,SCTP参数管理,Device.Services.FAPService.{i}.Transport.SCTP.,DEVICE_SERVICES_FAPSERVICE_TRANSPORT_SCTP,LST TRANSPORT_SCTP;MOD TRANSPORT_SCTP,中国移动5G扩展型皮基站网管南向接口数据模型规范v1.9.4.xlsx,SN,4
CMCC_5G_EXT_PICO_V1.9.4,SCTP参数管理,Device.Services.FAPService.{i}.Transport.SCTP.ValCookieLife,Device,parameter,有效cookie的生命周期,RW,unsignedInt,e97edac9-da03-4a6a-8e5f-cf879ccdf27e,parameter,READ_WRITE,U_INT,,create_new_command_node,no,,,SG,SCTP参数管理,SCTP参数管理,Device.Services.FAPService.{i}.Transport.SCTP.,DEVICE_SERVICES_FAPSERVICE_TRANSPORT_SCTP,LST TRANSPORT_SCTP;MOD TRANSPORT_SCTP,中国移动5G扩展型皮基站网管南向接口数据模型规范v1.9.4.xlsx,SN,10
CMCC_5G_EXT_PICO_V1.9.4,gNB参数,Device.Services.FAPService.{i}.FAPControl.NR.RAN.Common.AdminState,Device,parameter,基站的管理状态,RW,unsignedInt[1:3],ee41e12b-dc2f-4e99-8314-811d028645b3,parameter,READ_WRITE,STRING,,create_new_command_node,no,,,SH,RAN协议栈参数,gNB参数,Device.Services.FAPService.{i}.FAPControl.NR.RAN.Common.,DEVICE_SERVICES_FAPSERVICE_FAPCONTROL_NR_RAN_COMMON,LST COMMON;MOD COMMON,中国移动5G扩展型皮基站网管南向接口数据模型规范v1.9.4.xlsx,SF,19
CMCC_5G_EXT_PICO_V1.9.4,gNB参数,Device.Services.FAPService.{i}.FAPControl.NR.RAN.Common.gNBId,Device,parameter,gNB标识,RW,unsignedInt[0:‭4294967295‬],5b272112-abce-4bc9-8e1a-832096fe59f2,parameter,READ_WRITE,STRING,,create_new_command_node,no,,,SH,RAN协议栈参数,gNB参数,Device.Services.FAPService.{i}.FAPControl.NR.RAN.Common.,DEVICE_SERVICES_FAPSERVICE_FAPCONTROL_NR_RAN_COMMON,LST COMMON;MOD COMMON,中国移动5G扩展型皮基站网管南向接口数据模型规范v1.9.4.xlsx,SF,17
CMCC_5G_EXT_PICO_V1.9.4,gNB参数,Device.Services.FAPService.{i}.FAPControl.NR.RAN.Common.gNBIdLength,Device,parameter,gNB标识长度,RW,unsignedInt[22:32],b397f5e5-5148-45a6-b496-fa4f50cccb14,parameter,READ_WRITE,STRING,,create_new_command_node,no,,,SH,RAN协议栈参数,gNB参数,Device.Services.FAPService.{i}.FAPControl.NR.RAN.Common.,DEVICE_SERVICES_FAPSERVICE_FAPCONTROL_NR_RAN_COMMON,LST COMMON;MOD COMMON,中国移动5G扩展型皮基站网管南向接口数据模型规范v1.9.4.xlsx,SF,16
CMCC_5G_EXT_PICO_V1.9.4,小区参数管理,Device.Services.FAPService.{i}.CellConfig.{i}.NR.RAN.RF.NRARFCNDL,Device,parameter,下行NRARFCN,RW,"unsignedInt[499200:537996,620000:680000,693334:733332]",d6f6fada-05e6-4cf2-b4df-647db5fa8223,parameter,READ_WRITE,STRING,,create_new_command_node,no,,,SH,RAN协议栈参数,小区参数管理,Device.Services.FAPService.{i}.CellConfig.{i}.NR.RAN.RF.,DEVICE_SERVICES_FAPSERVICE_CELLCONFIG_NR_RAN_RF,LST RF;MOD RF,中国移动5G扩展型皮基站网管南向接口数据模型规范v1.9.4.xlsx,SJ,9
CMCC_5G_EXT_PICO_V1.9.4,小区参数管理,Device.Services.FAPService.{i}.CellConfig.{i}.NR.RAN.RF.NRARFCNUL,Device,parameter,上行NRARFCN,RW,unsignedInt[0:3279165],f4efee62-6835-402a-8030-8137db1adc1f,parameter,READ_WRITE,STRING,,create_new_command_node,no,,,SH,RAN协议栈参数,小区参数管理,Device.Services.FAPService.{i}.CellConfig.{i}.NR.RAN.RF.,DEVICE_SERVICES_FAPSERVICE_CELLCONFIG_NR_RAN_RF,LST RF;MOD RF,中国移动5G扩展型皮基站网管南向接口数据模型规范v1.9.4.xlsx,SJ,14
CMCC_5G_EXT_PICO_V1.9.4,小区参数管理,Device.Services.FAPService.{i}.CellConfig.{i}.NR.RAN.RF.PhyCellID,Device,parameter,PCI,RW,unsignedInt[0:1007],a80735c9-0439-46f0-a0da-54414bdb6c71,parameter,READ_WRITE,STRING,,create_new_command_node,no,,,SH,RAN协议栈参数,小区参数管理,Device.Services.FAPService.{i}.CellConfig.{i}.NR.RAN.RF.,DEVICE_SERVICES_FAPSERVICE_CELLCONFIG_NR_RAN_RF,LST RF;MOD RF,中国移动5G扩展型皮基站网管南向接口数据模型规范v1.9.4.xlsx,SJ,10
CMCC_5G_EXT_PICO_V1.9.4,小区参数管理,Device.Services.FAPService.{i}.CellConfig.{i}.NR.RAN.RF.SsbFrequency,Device,parameter,SSB频点号,RW,unsignedInt[0:3279165],f8d2c45f-77b1-4749-9488-75d2a48c9bad,parameter,READ_WRITE,STRING,,create_new_command_node,no,,,SH,RAN协议栈参数,小区参数管理,Device.Services.FAPService.{i}.CellConfig.{i}.NR.RAN.RF.,DEVICE_SERVICES_FAPSERVICE_CELLCONFIG_NR_RAN_RF,LST RF;MOD RF,中国移动5G扩展型皮基站网管南向接口数据模型规范v1.9.4.xlsx,SJ,16
CMCC_5G_EXT_PICO_V1.9.4,物理层参数管理,Device.Services.FAPService.{i}.CellConfig.{i}.NR.RAN.PHY.Antenna.NumOfRxAntenna,Device,parameter,接收通道数,RW,unsignedInt[1:6],73a46e1e-138f-442d-a200-f3109caa5fe0,parameter,READ_WRITE,INT,,create_new_command_node,no,,,SH,RAN协议栈参数,物理层参数管理,Device.Services.FAPService.{i}.CellConfig.{i}.NR.RAN.PHY.Antenna.,DEVICE_SERVICES_FAPSERVICE_CELLCONFIG_NR_RAN_PHY_ANTENNA,LST ANTENNA;MOD ANTENNA,中国移动5G扩展型皮基站网管南向接口数据模型规范v1.9.4.xlsx,SK,123
CMCC_5G_EXT_PICO_V1.9.4,物理层参数管理,Device.Services.FAPService.{i}.CellConfig.{i}.NR.RAN.PHY.Antenna.NumOfTxAntenna,Device,parameter,发射通道数,RW,unsignedInt[1:6],03910df0-7483-4ce5-8277-4425e31ce97f,parameter,READ_WRITE,STRING,,create_new_command_node,no,,,SH,RAN协议栈参数,物理层参数管理,Device.Services.FAPService.{i}.CellConfig.{i}.NR.RAN.PHY.Antenna.,DEVICE_SERVICES_FAPSERVICE_CELLCONFIG_NR_RAN_PHY_ANTENNA,LST ANTENNA;MOD ANTENNA,中国移动5G扩展型皮基站网管南向接口数据模型规范v1.9.4.xlsx,SK,122
CMCC_5G_EXT_PICO_V1.9.4,物理层参数管理,Device.Services.FAPService.{i}.CellConfig.{i}.NR.RAN.PHY.BWP.BWPDL.{i}.Bandwidth,Device,parameter,BWP带宽（下行）,RW,"unsignedInt[5,10,15,20,25,30,40,50,60,80,90,100]",14cf574c-b311-4655-a467-90512d03116c,parameter,READ_WRITE,STRING,,create_new_command_node,no,,,SH,RAN协议栈参数,物理层参数管理,Device.Services.FAPService.{i}.CellConfig.{i}.NR.RAN.PHY.BWP.BWPDL.{i}.,DEVICE_SERVICES_FAPSERVICE_CELLCONFIG_NR_RAN_PHY_BWP_BWPDL,LST BWPDL;MOD BWPDL,中国移动5G扩展型皮基站网管南向接口数据模型规范v1.9.4.xlsx,SK,31
CMCC_5G_EXT_PICO_V1.9.4,物理层参数管理,Device.Services.FAPService.{i}.CellConfig.{i}.NR.RAN.PHY.BWP.BWPDL.{i}.CyclicPrefix,Device,parameter,循环前缀（下行）,RW,string(64),af5ff3b9-d2c4-49c4-b204-832de7655527,parameter,READ_WRITE,STRING,,create_new_command_node,no,,,SH,RAN协议栈参数,物理层参数管理,Device.Services.FAPService.{i}.CellConfig.{i}.NR.RAN.PHY.BWP.BWPDL.{i}.,DEVICE_SERVICES_FAPSERVICE_CELLCONFIG_NR_RAN_PHY_BWP_BWPDL,LST BWPDL;MOD BWPDL,中国移动5G扩展型皮基站网管南向接口数据模型规范v1.9.4.xlsx,SK,33
CMCC_5G_EXT_PICO_V1.9.4,物理层参数管理,Device.Services.FAPService.{i}.CellConfig.{i}.NR.RAN.PHY.BWP.BWPDL.{i}.DlBWPId,Device,parameter,下行BWP标识符,RW,unsignedInt[0:4],9c0805cc-7911-4ba3-98ad-43a7fa87069f,parameter,READ_WRITE,STRING,,create_new_command_node,no,,,SH,RAN协议栈参数,物理层参数管理,Device.Services.FAPService.{i}.CellConfig.{i}.NR.RAN.PHY.BWP.BWPDL.{i}.,DEVICE_SERVICES_FAPSERVICE_CELLCONFIG_NR_RAN_PHY_BWP_BWPDL,LST BWPDL;MOD BWPDL,中国移动5G扩展型皮基站网管南向接口数据模型规范v1.9.4.xlsx,SK,28
CMCC_5G_EXT_PICO_V1.9.4,物理层参数管理,Device.Services.FAPService.{i}.CellConfig.{i}.NR.RAN.PHY.BWP.BWPDL.{i}.PDCCH.CommonControlResourceSet.CceRegMappingType.InterleaverSize,Device,parameter,交织长度,RW,unsignedInt[0:2],9c5a98d2-6d3a-4c83-9d7e-ff26868b6dc7,parameter,READ_WRITE,STRING,,create_new_command_node,no,,,SH,RAN协议栈参数,物理层参数管理,Device.Services.FAPService.{i}.CellConfig.{i}.NR.RAN.PHY.BWP.BWPDL.{i}.PDCCH.CommonControlResourceSet.CceRegMappingType.,DEVICE_SERVICES_FAPSERVICE_CELLCONFIG_NR_RAN_PHY_BWP_BWPDL_PDCCH_COMMONCONTROLRESOURCESET_CCEREGMAPPINGTYPE,LST CCE_REG_MAPPING_TYPE;MOD CCE_REG_MAPPING_TYPE,中国移动5G扩展型皮基站网管南向接口数据模型规范v1.9.4.xlsx,SK,99
CMCC_5G_EXT_PICO_V1.9.4,物理层参数管理,Device.Services.FAPService.{i}.CellConfig.{i}.NR.RAN.PHY.BWP.BWPDL.{i}.PDCCH.CommonControlResourceSet.CceRegMappingType.RegBundleSize,Device,parameter,REG绑定大小,RW,unsignedInt[0:2],fdfa4075-d8a1-4e37-9243-1442b603234e,parameter,READ_WRITE,STRING,,create_new_command_node,no,,,SH,RAN协议栈参数,物理层参数管理,Device.Services.FAPService.{i}.CellConfig.{i}.NR.RAN.PHY.BWP.BWPDL.{i}.PDCCH.CommonControlResourceSet.CceRegMappingType.,DEVICE_SERVICES_FAPSERVICE_CELLCONFIG_NR_RAN_PHY_BWP_BWPDL_PDCCH_COMMONCONTROLRESOURCESET_CCEREGMAPPINGTYPE,LST CCE_REG_MAPPING_TYPE;MOD CCE_REG_MAPPING_TYPE,中国移动5G扩展型皮基站网管南向接口数据模型规范v1.9.4.xlsx,SK,98
CMCC_5G_EXT_PICO_V1.9.4,物理层参数管理,Device.Services.FAPService.{i}.CellConfig.{i}.NR.RAN.PHY.BWP.BWPDL.{i}.PDCCH.CommonControlResourceSet.CceRegMappingType.RegType,Device,parameter,CCE-REG映射类型,RW,unsignedInt[0:1],64301b42-ab9a-4772-880d-b513915dc872,parameter,READ_WRITE,STRING,,create_new_command_node,no,,,SH,RAN协议栈参数,物理层参数管理,Device.Services.FAPService.{i}.CellConfig.{i}.NR.RAN.PHY.BWP.BWPDL.{i}.PDCCH.CommonControlResourceSet.CceRegMappingType.,DEVICE_SERVICES_FAPSERVICE_CELLCONFIG_NR_RAN_PHY_BWP_BWPDL_PDCCH_COMMONCONTROLRESOURCESET_CCEREGMAPPINGTYPE,LST CCE_REG_MAPPING_TYPE;MOD CCE_REG_MAPPING_TYPE,中国移动5G扩展型皮基站网管南向接口数据模型规范v1.9.4.xlsx,SK,97
CMCC_5G_EXT_PICO_V1.9.4,物理层参数管理,Device.Services.FAPService.{i}.CellConfig.{i}.NR.RAN.PHY.BWP.BWPDL.{i}.PDCCH.CommonControlResourceSet.CceRegMappingType.ShiftIndex,Device,parameter,转换索引,RW,"unsignedInt[0:274,0x00000FFF]",4e212247-4c0c-4967-8b68-6369f7704537,parameter,READ_WRITE,STRING,,create_new_command_node,no,,,SH,RAN协议栈参数,物理层参数管理,Device.Services.FAPService.{i}.CellConfig.{i}.NR.RAN.PHY.BWP.BWPDL.{i}.PDCCH.CommonControlResourceSet.CceRegMappingType.,DEVICE_SERVICES_FAPSERVICE_CELLCONFIG_NR_RAN_PHY_BWP_BWPDL_PDCCH_COMMONCONTROLRESOURCESET_CCEREGMAPPINGTYPE,LST CCE_REG_MAPPING_TYPE;MOD CCE_REG_MAPPING_TYPE,中国移动5G扩展型皮基站网管南向接口数据模型规范v1.9.4.xlsx,SK,100
CMCC_5G_EXT_PICO_V1.9.4,物理层参数管理,Device.Services.FAPService.{i}.CellConfig.{i}.NR.RAN.PHY.BWP.BWPDL.{i}.PDCCH.CommonControlResourceSet.ControlResourceSetId,Device,parameter,控制资源集ID,RW,unsignedInt[0:11],ac9e5bab-9c89-4a1c-9b64-b2a95056638f,parameter,READ_WRITE,STRING,,create_new_command_node,no,,,SH,RAN协议栈参数,物理层参数管理,Device.Services.FAPService.{i}.CellConfig.{i}.NR.RAN.PHY.BWP.BWPDL.{i}.PDCCH.CommonControlResourceSet.,DEVICE_SERVICES_FAPSERVICE_CELLCONFIG_NR_RAN_PHY_BWP_BWPDL_PDCCH_COMMONCONTROLRESOURCESET,LST COMMON_CONTROL_RESOURCE_SET;MOD COMMON_CONTROL_RESOURCE_SET,中国移动5G扩展型皮基站网管南向接口数据模型规范v1.9.4.xlsx,SK,94
CMCC_5G_EXT_PICO_V1.9.4,物理层参数管理,Device.Services.FAPService.{i}.CellConfig.{i}.NR.RAN.PHY.BWP.BWPDL.{i}.PDCCH.CommonControlResourceSet.Duration,Device,parameter,符号数,RW,unsignedInt[1:3],bf8a6863-8f77-42f1-8b54-d8a207fdeb25,parameter,READ_WRITE,STRING,,create_new_command_node,no,,,SH,RAN协议栈参数,物理层参数管理,Device.Services.FAPService.{i}.CellConfig.{i}.NR.RAN.PHY.BWP.BWPDL.{i}.PDCCH.CommonControlResourceSet.,DEVICE_SERVICES_FAPSERVICE_CELLCONFIG_NR_RAN_PHY_BWP_BWPDL_PDCCH_COMMONCONTROLRESOURCESET,LST COMMON_CONTROL_RESOURCE_SET;MOD COMMON_CONTROL_RESOURCE_SET,中国移动5G扩展型皮基站网管南向接口数据模型规范v1.9.4.xlsx,SK,96
CMCC_5G_EXT_PICO_V1.9.4,物理层参数管理,Device.Services.FAPService.{i}.CellConfig.{i}.NR.RAN.PHY.BWP.BWPDL.{i}.PDCCH.CommonControlResourceSet.FrequencyDomainResources,Device,parameter,控制资源集频域范围,RW,string(45),258e4561-e86d-4938-abb5-077bcdad7b8b,parameter,READ_WRITE,STRING,,create_new_command_node,no,,,SH,RAN协议栈参数,物理层参数管理,Device.Services.FAPService.{i}.CellConfig.{i}.NR.RAN.PHY.BWP.BWPDL.{i}.PDCCH.CommonControlResourceSet.,DEVICE_SERVICES_FAPSERVICE_CELLCONFIG_NR_RAN_PHY_BWP_BWPDL_PDCCH_COMMONCONTROLRESOURCESET,LST COMMON_CONTROL_RESOURCE_SET;MOD COMMON_CONTROL_RESOURCE_SET,中国移动5G扩展型皮基站网管南向接口数据模型规范v1.9.4.xlsx,SK,95
CMCC_5G_EXT_PICO_V1.9.4,物理层参数管理,Device.Services.FAPService.{i}.CellConfig.{i}.NR.RAN.PHY.BWP.BWPDL.{i}.PDCCH.CommonControlResourceSet.PrecoderGranularity,Device,parameter,预编码粒度,RW,unsignedInt[0:1],fee1b17b-59d8-454e-9cfa-3232a84b036d,parameter,READ_WRITE,STRING,,create_new_command_node,no,,,SH,RAN协议栈参数,物理层参数管理,Device.Services.FAPService.{i}.CellConfig.{i}.NR.RAN.PHY.BWP.BWPDL.{i}.PDCCH.CommonControlResourceSet.,DEVICE_SERVICES_FAPSERVICE_CELLCONFIG_NR_RAN_PHY_BWP_BWPDL_PDCCH_COMMONCONTROLRESOURCESET,LST COMMON_CONTROL_RESOURCE_SET;MOD COMMON_CONTROL_RESOURCE_SET,中国移动5G扩展型皮基站网管南向接口数据模型规范v1.9.4.xlsx,SK,101
CMCC_5G_EXT_PICO_V1.9.4,物理层参数管理,Device.Services.FAPService.{i}.CellConfig.{i}.NR.RAN.PHY.BWP.BWPDL.{i}.PDCCH.CommonSearchSpaceList.{i}.ControlResourceSetId,Device,parameter,控制资源集ID,RW,unsignedInt[0:11],5906e078-b057-4a61-ad9a-2e02fb5a6132,parameter,READ_WRITE,STRING,,create_new_command_node,no,,,SH,RAN协议栈参数,物理层参数管理,Device.Services.FAPService.{i}.CellConfig.{i}.NR.RAN.PHY.BWP.BWPDL.{i}.PDCCH.CommonSearchSpaceList.{i}.,DEVICE_SERVICES_FAPSERVICE_CELLCONFIG_NR_RAN_PHY_BWP_BWPDL_PDCCH_COMMONSEARCHSPACELIST,LST COMMON_SEARCH_SPACE_LIST;MOD COMMON_SEARCH_SPACE_LIST,中国移动5G扩展型皮基站网管南向接口数据模型规范v1.9.4.xlsx,SK,104
CMCC_5G_EXT_PICO_V1.9.4,物理层参数管理,Device.Services.FAPService.{i}.CellConfig.{i}.NR.RAN.PHY.BWP.BWPDL.{i}.PDCCH.CommonSearchSpaceList.{i}.DciFormat00And10En,Device,parameter,公共搜索空间DCI格式开关,RW,unsignedInt[0:1],ca8c1667-a577-4f8e-aa7e-d30a605e3dda,parameter,READ_WRITE,STRING,,create_new_command_node,no,,,SH,RAN协议栈参数,物理层参数管理,Device.Services.FAPService.{i}.CellConfig.{i}.NR.RAN.PHY.BWP.BWPDL.{i}.PDCCH.CommonSearchSpaceList.{i}.,DEVICE_SERVICES_FAPSERVICE_CELLCONFIG_NR_RAN_PHY_BWP_BWPDL_PDCCH_COMMONSEARCHSPACELIST,LST COMMON_SEARCH_SPACE_LIST;MOD COMMON_SEARCH_SPACE_LIST,中国移动5G扩展型皮基站网管南向接口数据模型规范v1.9.4.xlsx,SK,115
CMCC_5G_EXT_PICO_V1.9.4,物理层参数管理,Device.Services.FAPService.{i}.CellConfig.{i}.NR.RAN.PHY.BWP.BWPDL.{i}.PDCCH.CommonSearchSpaceList.{i}.Duration,Device,parameter,监测时隙数目,RW,"unsignedInt[2:2559,0x00000FFF]",ed890b53-b3ff-4ab3-a78a-17a53b14ab01,parameter,READ_WRITE,STRING,,create_new_command_node,no,,,SH,RAN协议栈参数,物理层参数管理,Device.Services.FAPService.{i}.CellConfig.{i}.NR.RAN.PHY.BWP.BWPDL.{i}.PDCCH.CommonSearchSpaceList.{i}.,DEVICE_SERVICES_FAPSERVICE_CELLCONFIG_NR_RAN_PHY_BWP_BWPDL_PDCCH_COMMONSEARCHSPACELIST,LST COMMON_SEARCH_SPACE_LIST;MOD COMMON_SEARCH_SPACE_LIST,中国移动5G扩展型皮基站网管南向接口数据模型规范v1.9.4.xlsx,SK,107
CMCC_5G_EXT_PICO_V1.9.4,物理层参数管理,Device.Services.FAPService.{i}.CellConfig.{i}.NR.RAN.PHY.BWP.BWPDL.{i}.PDCCH.CommonSearchSpaceList.{i}.MonitoringSlotOffset,Device,parameter,监测周期偏置,RW,unsignedInt[0:2559],a0143e42-aee8-4f58-8916-bb74542b0439,parameter,READ_WRITE,STRING,,create_new_command_node,no,,,SH,RAN协议栈参数,物理层参数管理,Device.Services.FAPService.{i}.CellConfig.{i}.NR.RAN.PHY.BWP.BWPDL.{i}.PDCCH.CommonSearchSpaceList.{i}.,DEVICE_SERVICES_FAPSERVICE_CELLCONFIG_NR_RAN_PHY_BWP_BWPDL_PDCCH_COMMONSEARCHSPACELIST,LST COMMON_SEARCH_SPACE_LIST;MOD COMMON_SEARCH_SPACE_LIST,中国移动5G扩展型皮基站网管南向接口数据模型规范v1.9.4.xlsx,SK,106
CMCC_5G_EXT_PICO_V1.9.4,物理层参数管理,Device.Services.FAPService.{i}.CellConfig.{i}.NR.RAN.PHY.BWP.BWPDL.{i}.PDCCH.CommonSearchSpaceList.{i}.MonitoringSlotPeriodicity,Device,parameter,搜索空间周期,RW,"unsignedInt[1,2,4,5,10,16,20,40,80,160,320,640,1280,2560,0x00000FFF]",0091e019-a0b9-41cb-ab8e-ab5d952d70b9,parameter,READ_WRITE,STRING,,create_new_command_node,no,,,SH,RAN协议栈参数,物理层参数管理,Device.Services.FAPService.{i}.CellConfig.{i}.NR.RAN.PHY.BWP.BWPDL.{i}.PDCCH.CommonSearchSpaceList.{i}.,DEVICE_SERVICES_FAPSERVICE_CELLCONFIG_NR_RAN_PHY_BWP_BWPDL_PDCCH_COMMONSEARCHSPACELIST,LST COMMON_SEARCH_SPACE_LIST;MOD COMMON_SEARCH_SPACE_LIST,中国移动5G扩展型皮基站网管南向接口数据模型规范v1.9.4.xlsx,SK,105
CMCC_5G_EXT_PICO_V1.9.4,物理层参数管理,Device.Services.FAPService.{i}.CellConfig.{i}.NR.RAN.PHY.BWP.BWPDL.{i}.PDCCH.CommonSearchSpaceList.{i}.MonitoringSymbolsWithinSlot,Device,parameter,监测符号位置,RW,unsignedInt[0:16383],90144d14-31f5-4faf-b8ce-32018f4c553a,parameter,READ_WRITE,STRING,,create_new_command_node,no,,,SH,RAN协议栈参数,物理层参数管理,Device.Services.FAPService.{i}.CellConfig.{i}.NR.RAN.PHY.BWP.BWPDL.{i}.PDCCH.CommonSearchSpaceList.{i}.,DEVICE_SERVICES_FAPSERVICE_CELLCONFIG_NR_RAN_PHY_BWP_BWPDL_PDCCH_COMMONSEARCHSPACELIST,LST COMMON_SEARCH_SPACE_LIST;MOD COMMON_SEARCH_SPACE_LIST,中国移动5G扩展型皮基站网管南向接口数据模型规范v1.9.4.xlsx,SK,108
CMCC_5G_EXT_PICO_V1.9.4,物理层参数管理,Device.Services.FAPService.{i}.CellConfig.{i}.NR.RAN.PHY.BWP.BWPDL.{i}.PDCCH.CommonSearchSpaceList.{i}.SearchSpaceId,Device,parameter,搜索空间ID,RW,unsignedInt[0:39],dfde5d85-cbdd-4189-b030-9ed850c09ed3,parameter,READ_WRITE,STRING,,create_new_command_node,no,,,SH,RAN协议栈参数,物理层参数管理,Device.Services.FAPService.{i}.CellConfig.{i}.NR.RAN.PHY.BWP.BWPDL.{i}.PDCCH.CommonSearchSpaceList.{i}.,DEVICE_SERVICES_FAPSERVICE_CELLCONFIG_NR_RAN_PHY_BWP_BWPDL_PDCCH_COMMONSEARCHSPACELIST,LST COMMON_SEARCH_SPACE_LIST;MOD COMMON_SEARCH_SPACE_LIST,中国移动5G扩展型皮基站网管南向接口数据模型规范v1.9.4.xlsx,SK,103
CMCC_5G_EXT_PICO_V1.9.4,物理层参数管理,Device.Services.FAPService.{i}.CellConfig.{i}.NR.RAN.PHY.BWP.BWPDL.{i}.PDCCH.CommonSearchSpaceList.{i}.SearchSpaceType,Device,parameter,搜索空间类型,RW,unsignedInt[0:1],c5b4c161-d808-4228-b75f-cb9ce941140f,parameter,READ_WRITE,STRING,,create_new_command_node,no,,,SH,RAN协议栈参数,物理层参数管理,Device.Services.FAPService.{i}.CellConfig.{i}.NR.RAN.PHY.BWP.BWPDL.{i}.PDCCH.CommonSearchSpaceList.{i}.,DEVICE_SERVICES_FAPSERVICE_CELLCONFIG_NR_RAN_PHY_BWP_BWPDL_PDCCH_COMMONSEARCHSPACELIST,LST COMMON_SEARCH_SPACE_LIST;MOD COMMON_SEARCH_SPACE_LIST,中国移动5G扩展型皮基站网管南向接口数据模型规范v1.9.4.xlsx,SK,114
CMCC_5G_EXT_PICO_V1.9.4,物理层参数管理,Device.Services.FAPService.{i}.CellConfig.{i}.NR.RAN.PHY.BWP.BWPDL.{i}.PDCCH.CommonSearchSpaceList.{i}.nrofCandidates.AggregationLevel1,Device,parameter,聚合等级1,RW,unsignedInt[0:7],4445c94d-052d-4ebc-b026-53bd57c4839e,parameter,READ_WRITE,STRING,,create_new_command_node,no,,,SH,RAN协议栈参数,物理层参数管理,Device.Services.FAPService.{i}.CellConfig.{i}.NR.RAN.PHY.BWP.BWPDL.{i}.PDCCH.CommonSearchSpaceList.{i}.nrofCandidates.,DEVICE_SERVICES_FAPSERVICE_CELLCONFIG_NR_RAN_PHY_BWP_BWPDL_PDCCH_COMMONSEARCHSPACELIST_NROFCANDIDATES,LST NROF_CANDIDATES;MOD NROF_CANDIDATES,中国移动5G扩展型皮基站网管南向接口数据模型规范v1.9.4.xlsx,SK,109
CMCC_5G_EXT_PICO_V1.9.4,物理层参数管理,Device.Services.FAPService.{i}.CellConfig.{i}.NR.RAN.PHY.BWP.BWPDL.{i}.PDCCH.CommonSearchSpaceList.{i}.nrofCandidates.AggregationLevel16,Device,parameter,聚合等级16,RW,unsignedInt[0:7],1f14b3db-416a-442b-bef6-a0d69ac8b4f7,parameter,READ_WRITE,STRING,,create_new_command_node,no,,,SH,RAN协议栈参数,物理层参数管理,Device.Services.FAPService.{i}.CellConfig.{i}.NR.RAN.PHY.BWP.BWPDL.{i}.PDCCH.CommonSearchSpaceList.{i}.nrofCandidates.,DEVICE_SERVICES_FAPSERVICE_CELLCONFIG_NR_RAN_PHY_BWP_BWPDL_PDCCH_COMMONSEARCHSPACELIST_NROFCANDIDATES,LST NROF_CANDIDATES;MOD NROF_CANDIDATES,中国移动5G扩展型皮基站网管南向接口数据模型规范v1.9.4.xlsx,SK,113
CMCC_5G_EXT_PICO_V1.9.4,物理层参数管理,Device.Services.FAPService.{i}.CellConfig.{i}.NR.RAN.PHY.BWP.BWPDL.{i}.PDCCH.CommonSearchSpaceList.{i}.nrofCandidates.AggregationLevel2,Device,parameter,聚合等级2,RW,unsignedInt[0:7],e69ee8ea-4231-4a13-b32d-2387f4e76045,parameter,READ_WRITE,STRING,,create_new_command_node,no,,,SH,RAN协议栈参数,物理层参数管理,Device.Services.FAPService.{i}.CellConfig.{i}.NR.RAN.PHY.BWP.BWPDL.{i}.PDCCH.CommonSearchSpaceList.{i}.nrofCandidates.,DEVICE_SERVICES_FAPSERVICE_CELLCONFIG_NR_RAN_PHY_BWP_BWPDL_PDCCH_COMMONSEARCHSPACELIST_NROFCANDIDATES,LST NROF_CANDIDATES;MOD NROF_CANDIDATES,中国移动5G扩展型皮基站网管南向接口数据模型规范v1.9.4.xlsx,SK,110
CMCC_5G_EXT_PICO_V1.9.4,物理层参数管理,Device.Services.FAPService.{i}.CellConfig.{i}.NR.RAN.PHY.BWP.BWPDL.{i}.PDCCH.CommonSearchSpaceList.{i}.nrofCandidates.AggregationLevel4,Device,parameter,聚合等级4,RW,unsignedInt[0:7],10e0271f-8f0a-4d2a-adc0-45f903bb6c36,parameter,READ_WRITE,STRING,,create_new_command_node,no,,,SH,RAN协议栈参数,物理层参数管理,Device.Services.FAPService.{i}.CellConfig.{i}.NR.RAN.PHY.BWP.BWPDL.{i}.PDCCH.CommonSearchSpaceList.{i}.nrofCandidates.,DEVICE_SERVICES_FAPSERVICE_CELLCONFIG_NR_RAN_PHY_BWP_BWPDL_PDCCH_COMMONSEARCHSPACELIST_NROFCANDIDATES,LST NROF_CANDIDATES;MOD NROF_CANDIDATES,中国移动5G扩展型皮基站网管南向接口数据模型规范v1.9.4.xlsx,SK,111
CMCC_5G_EXT_PICO_V1.9.4,物理层参数管理,Device.Services.FAPService.{i}.CellConfig.{i}.NR.RAN.PHY.BWP.BWPDL.{i}.PDCCH.CommonSearchSpaceList.{i}.nrofCandidates.AggregationLevel8,Device,parameter,聚合等级8,RW,unsignedInt[0:7],2d2d916f-e94b-485c-9446-7f18c95a06a2,parameter,READ_WRITE,STRING,,create_new_command_node,no,,,SH,RAN协议栈参数,物理层参数管理,Device.Services.FAPService.{i}.CellConfig.{i}.NR.RAN.PHY.BWP.BWPDL.{i}.PDCCH.CommonSearchSpaceList.{i}.nrofCandidates.,DEVICE_SERVICES_FAPSERVICE_CELLCONFIG_NR_RAN_PHY_BWP_BWPDL_PDCCH_COMMONSEARCHSPACELIST_NROFCANDIDATES,LST NROF_CANDIDATES;MOD NROF_CANDIDATES,中国移动5G扩展型皮基站网管南向接口数据模型规范v1.9.4.xlsx,SK,112
CMCC_5G_EXT_PICO_V1.9.4,物理层参数管理,Device.Services.FAPService.{i}.CellConfig.{i}.NR.RAN.PHY.BWP.BWPDL.{i}.PDCCH.PDCCHConfigCommon.ControlResourceSetZero,Device,parameter,CORESET#0,RW,"unsignedInt[0:15,0x00000FFF]",75013296-ac2a-4076-a8bb-0f7ed25163da,parameter,READ_WRITE,STRING,,create_new_command_node,no,,,SH,RAN协议栈参数,物理层参数管理,Device.Services.FAPService.{i}.CellConfig.{i}.NR.RAN.PHY.BWP.BWPDL.{i}.PDCCH.PDCCHConfigCommon.,DEVICE_SERVICES_FAPSERVICE_CELLCONFIG_NR_RAN_PHY_BWP_BWPDL_PDCCH_PDCCHCONFIGCOMMON,LST PDCCHCONFIG_COMMON;MOD PDCCHCONFIG_COMMON,中国移动5G扩展型皮基站网管南向接口数据模型规范v1.9.4.xlsx,SK,88
CMCC_5G_EXT_PICO_V1.9.4,物理层参数管理,Device.Services.FAPService.{i}.CellConfig.{i}.NR.RAN.PHY.BWP.BWPDL.{i}.PDCCH.PDCCHConfigCommon.PagingSearchSpace,Device,parameter,寻呼搜索空间,RW,"unsignedInt[0:39, 0x00000FFF]",a4f64ccc-d773-4aaa-acfc-e961fdfc7a2a,parameter,READ_WRITE,STRING,,create_new_command_node,no,,,SH,RAN协议栈参数,物理层参数管理,Device.Services.FAPService.{i}.CellConfig.{i}.NR.RAN.PHY.BWP.BWPDL.{i}.PDCCH.PDCCHConfigCommon.,DEVICE_SERVICES_FAPSERVICE_CELLCONFIG_NR_RAN_PHY_BWP_BWPDL_PDCCH_PDCCHCONFIGCOMMON,LST PDCCHCONFIG_COMMON;MOD PDCCHCONFIG_COMMON,中国移动5G扩展型皮基站网管南向接口数据模型规范v1.9.4.xlsx,SK,92
CMCC_5G_EXT_PICO_V1.9.4,物理层参数管理,Device.Services.FAPService.{i}.CellConfig.{i}.NR.RAN.PHY.BWP.BWPDL.{i}.PDCCH.PDCCHConfigCommon.RaSearchSpace,Device,parameter,随机接入搜索空间,RW,"unsignedInt[0:39, 0x00000FFF]",eab52e1a-0fd5-4190-97d5-e46c4f347c40,parameter,READ_WRITE,STRING,,create_new_command_node,no,,,SH,RAN协议栈参数,物理层参数管理,Device.Services.FAPService.{i}.CellConfig.{i}.NR.RAN.PHY.BWP.BWPDL.{i}.PDCCH.PDCCHConfigCommon.,DEVICE_SERVICES_FAPSERVICE_CELLCONFIG_NR_RAN_PHY_BWP_BWPDL_PDCCH_PDCCHCONFIGCOMMON,LST PDCCHCONFIG_COMMON;MOD PDCCHCONFIG_COMMON,中国移动5G扩展型皮基站网管南向接口数据模型规范v1.9.4.xlsx,SK,93
CMCC_5G_EXT_PICO_V1.9.4,物理层参数管理,Device.Services.FAPService.{i}.CellConfig.{i}.NR.RAN.PHY.BWP.BWPDL.{i}.PDCCH.PDCCHConfigCommon.SearchSpaceOtherSystemInformation,Device,parameter,其它SI搜索空间,RW,"unsignedInt[0:39, 0x00000FFF]",3a64d711-2c34-4e68-8175-6c561cbce2d0,parameter,READ_WRITE,STRING,,create_new_command_node,no,,,SH,RAN协议栈参数,物理层参数管理,Device.Services.FAPService.{i}.CellConfig.{i}.NR.RAN.PHY.BWP.BWPDL.{i}.PDCCH.PDCCHConfigCommon.,DEVICE_SERVICES_FAPSERVICE_CELLCONFIG_NR_RAN_PHY_BWP_BWPDL_PDCCH_PDCCHCONFIGCOMMON,LST PDCCHCONFIG_COMMON;MOD PDCCHCONFIG_COMMON,中国移动5G扩展型皮基站网管南向接口数据模型规范v1.9.4.xlsx,SK,91
CMCC_5G_EXT_PICO_V1.9.4,物理层参数管理,Device.Services.FAPService.{i}.CellConfig.{i}.NR.RAN.PHY.BWP.BWPDL.{i}.PDCCH.PDCCHConfigCommon.SearchSpaceSIB1,Device,parameter,SIB1搜索空间,RW,"unsignedInt[0:39,0x00000FFF]",e52f2990-2b07-489b-bbf3-6dadf13572a8,parameter,READ_WRITE,STRING,,create_new_command_node,no,,,SH,RAN协议栈参数,物理层参数管理,Device.Services.FAPService.{i}.CellConfig.{i}.NR.RAN.PHY.BWP.BWPDL.{i}.PDCCH.PDCCHConfigCommon.,DEVICE_SERVICES_FAPSERVICE_CELLCONFIG_NR_RAN_PHY_BWP_BWPDL_PDCCH_PDCCHCONFIGCOMMON,LST PDCCHCONFIG_COMMON;MOD PDCCHCONFIG_COMMON,中国移动5G扩展型皮基站网管南向接口数据模型规范v1.9.4.xlsx,SK,90
CMCC_5G_EXT_PICO_V1.9.4,物理层参数管理,Device.Services.FAPService.{i}.CellConfig.{i}.NR.RAN.PHY.BWP.BWPDL.{i}.PDCCH.PDCCHConfigCommon.SearchSpaceZero,Device,parameter,搜索空间#0,RW,"unsignedInt[0:15,0x00000FFF]",2a191aa0-5d0f-432f-9077-e2e2d9823c0b,parameter,READ_WRITE,STRING,,create_new_command_node,no,,,SH,RAN协议栈参数,物理层参数管理,Device.Services.FAPService.{i}.CellConfig.{i}.NR.RAN.PHY.BWP.BWPDL.{i}.PDCCH.PDCCHConfigCommon.,DEVICE_SERVICES_FAPSERVICE_CELLCONFIG_NR_RAN_PHY_BWP_BWPDL_PDCCH_PDCCHCONFIGCOMMON,LST PDCCHCONFIG_COMMON;MOD PDCCHCONFIG_COMMON,中国移动5G扩展型皮基站网管南向接口数据模型规范v1.9.4.xlsx,SK,89
CMCC_5G_EXT_PICO_V1.9.4,物理层参数管理,Device.Services.FAPService.{i}.CellConfig.{i}.NR.RAN.PHY.BWP.BWPDL.{i}.PDSCH.PDSCHTimeDomainResourceAllocationList.{i}.StartSymbolAndLength,Device,parameter,PDSCH起始符号和长度,RW,unsignedInt[0:127],9832de30-239e-4af8-a897-4a1acfdcc050,parameter,READ_WRITE,STRING,,create_new_command_node,no,,,SH,RAN协议栈参数,物理层参数管理,Device.Services.FAPService.{i}.CellConfig.{i}.NR.RAN.PHY.BWP.BWPDL.{i}.PDSCH.PDSCHTimeDomainResourceAllocationList.{i}.,DEVICE_SERVICES_FAPSERVICE_CELLCONFIG_NR_RAN_PHY_BWP_BWPDL_PDSCH_PDSCHTIMEDOMAINRESOURCEALLOCATIONLIST,LST PDSCHTIME_DOMAIN_RESOURCE_ALLOCATION_LIST;MOD PDSCHTIME_DOMAIN_RESOURCE_ALLOCATION_LIST,中国移动5G扩展型皮基站网管南向接口数据模型规范v1.9.4.xlsx,SK,119
CMCC_5G_EXT_PICO_V1.9.4,物理层参数管理,Device.Services.FAPService.{i}.CellConfig.{i}.NR.RAN.PHY.BWP.BWPDL.{i}.StartPrbPosition,Device,parameter,起始PRB位置（下行）,RW,unsignedInt[0:273],0701d865-7f73-40fa-8755-c3aa64b9a036,parameter,READ_WRITE,STRING,,create_new_command_node,no,,,SH,RAN协议栈参数,物理层参数管理,Device.Services.FAPService.{i}.CellConfig.{i}.NR.RAN.PHY.BWP.BWPDL.{i}.,DEVICE_SERVICES_FAPSERVICE_CELLCONFIG_NR_RAN_PHY_BWP_BWPDL,LST BWPDL;MOD BWPDL,中国移动5G扩展型皮基站网管南向接口数据模型规范v1.9.4.xlsx,SK,30
CMCC_5G_EXT_PICO_V1.9.4,物理层参数管理,Device.Services.FAPService.{i}.CellConfig.{i}.NR.RAN.PHY.BWP.BWPDL.{i}.SubcarrierSpacing,Device,parameter,BWP子载波间隔（下行）,RW,unsignedInt[0:4],8f00fa87-9832-487d-ada1-1c3df3672cac,parameter,READ_WRITE,STRING,,create_new_command_node,no,,,SH,RAN协议栈参数,物理层参数管理,Device.Services.FAPService.{i}.CellConfig.{i}.NR.RAN.PHY.BWP.BWPDL.{i}.,DEVICE_SERVICES_FAPSERVICE_CELLCONFIG_NR_RAN_PHY_BWP_BWPDL,LST BWPDL;MOD BWPDL,中国移动5G扩展型皮基站网管南向接口数据模型规范v1.9.4.xlsx,SK,32
CMCC_5G_EXT_PICO_V1.9.4,物理层参数管理,Device.Services.FAPService.{i}.CellConfig.{i}.NR.RAN.PHY.FrequencyInfoDLSIB.MultiFrequencyBandListNRSIB.{i}.FreqBandIndicatorNR,Device,parameter,NR频段指示,RW,unsignedInt[1:1024],bd064506-33f6-472e-a32d-f349825e55f0,parameter,READ_WRITE,STRING,,create_new_command_node,no,,,SH,RAN协议栈参数,物理层参数管理,Device.Services.FAPService.{i}.CellConfig.{i}.NR.RAN.PHY.FrequencyInfoDLSIB.MultiFrequencyBandListNRSIB.{i}.,DEVICE_SERVICES_FAPSERVICE_CELLCONFIG_NR_RAN_PHY_FREQUENCYINFODLSIB_MULTIFREQUENCYBANDLISTNRSIB,LST MULTI_FREQUENCY_BAND_LIST_NRSIB;MOD MULTI_FREQUENCY_BAND_LIST_NRSIB,中国移动5G扩展型皮基站网管南向接口数据模型规范v1.9.4.xlsx,SK,3
CMCC_5G_EXT_PICO_V1.9.4,物理层参数管理,Device.Services.FAPService.{i}.CellConfig.{i}.NR.RAN.PHY.FrequencyInfoDLSIB.OffsetToPointA,Device,parameter,SSB的PRB0中子载波0位置与PointA之间偏移值,R,unsignedInt[0:2199],21bc4fed-5bce-4fb7-a2c9-b39f7944bf00,parameter,READ_WRITE,STRING,,create_new_command_node,no,,,SH,RAN协议栈参数,物理层参数管理,Device.Services.FAPService.{i}.CellConfig.{i}.NR.RAN.PHY.FrequencyInfoDLSIB.,DEVICE_SERVICES_FAPSERVICE_CELLCONFIG_NR_RAN_PHY_FREQUENCYINFODLSIB,LST FREQUENCY_INFO_DLSIB,中国移动5G扩展型皮基站网管南向接口数据模型规范v1.9.4.xlsx,SK,2
CMCC_5G_EXT_PICO_V1.9.4,物理层参数管理,Device.Services.FAPService.{i}.CellConfig.{i}.NR.RAN.PHY.FrequencyInfoDLSIB.ScsSpecificCarrierList.{i}.SCSSpecificCarrier.CarrierBandwidth,Device,parameter,带宽值(下行),RW,unsignedInt[1:275],f3059282-3054-4cb1-b8ec-84c2138e9503,parameter,READ_WRITE,STRING,,create_new_command_node,no,,,SH,RAN协议栈参数,物理层参数管理,Device.Services.FAPService.{i}.CellConfig.{i}.NR.RAN.PHY.FrequencyInfoDLSIB.ScsSpecificCarrierList.{i}.SCSSpecificCarrier.,DEVICE_SERVICES_FAPSERVICE_CELLCONFIG_NR_RAN_PHY_FREQUENCYINFODLSIB_SCSSPECIFICCARRIERLIST_SCSSPECIFICCARRIER,LST SCSSPECIFIC_CARRIER;MOD SCSSPECIFIC_CARRIER,中国移动5G扩展型皮基站网管南向接口数据模型规范v1.9.4.xlsx,SK,6
CMCC_5G_EXT_PICO_V1.9.4,物理层参数管理,Device.Services.FAPService.{i}.CellConfig.{i}.NR.RAN.PHY.FrequencyInfoDLSIB.ScsSpecificCarrierList.{i}.SCSSpecificCarrier.SubcarrierSpacing,Device,parameter,子载波间隔(下行),RW,unsignedInt[0:4],039e9607-b9a6-428c-bdde-b2650286067b,parameter,READ_WRITE,STRING,,create_new_command_node,no,,,SH,RAN协议栈参数,物理层参数管理,Device.Services.FAPService.{i}.CellConfig.{i}.NR.RAN.PHY.FrequencyInfoDLSIB.ScsSpecificCarrierList.{i}.SCSSpecificCarrier.,DEVICE_SERVICES_FAPSERVICE_CELLCONFIG_NR_RAN_PHY_FREQUENCYINFODLSIB_SCSSPECIFICCARRIERLIST_SCSSPECIFICCARRIER,LST SCSSPECIFIC_CARRIER;MOD SCSSPECIFIC_CARRIER,中国移动5G扩展型皮基站网管南向接口数据模型规范v1.9.4.xlsx,SK,5
CMCC_5G_EXT_PICO_V1.9.4,物理层参数管理,Device.Services.FAPService.{i}.CellConfig.{i}.NR.RAN.PHY.FrequencyInfoULSIB.ScsSpecificCarrierList.{i}.SCSSpecificCarrier.CarrierBandwidth,Device,parameter,带宽值(上行),RW,unsignedInt[1:275],8df2b275-337b-4928-847f-1040668f439c,parameter,READ_WRITE,STRING,,create_new_command_node,no,,,SH,RAN协议栈参数,物理层参数管理,Device.Services.FAPService.{i}.CellConfig.{i}.NR.RAN.PHY.FrequencyInfoULSIB.ScsSpecificCarrierList.{i}.SCSSpecificCarrier.,DEVICE_SERVICES_FAPSERVICE_CELLCONFIG_NR_RAN_PHY_FREQUENCYINFOULSIB_SCSSPECIFICCARRIERLIST_SCSSPECIFICCARRIER,LST SCSSPECIFIC_CARRIER;MOD SCSSPECIFIC_CARRIER,中国移动5G扩展型皮基站网管南向接口数据模型规范v1.9.4.xlsx,SK,9
CMCC_5G_EXT_PICO_V1.9.4,物理层参数管理,Device.Services.FAPService.{i}.CellConfig.{i}.NR.RAN.PHY.FrequencyInfoULSIB.ScsSpecificCarrierList.{i}.SCSSpecificCarrier.SubcarrierSpacing,Device,parameter,子载波间隔(上行),RW,unsignedInt[0:4],19029d2d-9648-474d-b565-b941138fa63c,parameter,READ_WRITE,STRING,,create_new_command_node,no,,,SH,RAN协议栈参数,物理层参数管理,Device.Services.FAPService.{i}.CellConfig.{i}.NR.RAN.PHY.FrequencyInfoULSIB.ScsSpecificCarrierList.{i}.SCSSpecificCarrier.,DEVICE_SERVICES_FAPSERVICE_CELLCONFIG_NR_RAN_PHY_FREQUENCYINFOULSIB_SCSSPECIFICCARRIERLIST_SCSSPECIFICCARRIER,LST SCSSPECIFIC_CARRIER;MOD SCSSPECIFIC_CARRIER,中国移动5G扩展型皮基站网管南向接口数据模型规范v1.9.4.xlsx,SK,8
CMCC_5G_EXT_PICO_V1.9.4,物理层参数管理,Device.Services.FAPService.{i}.CellConfig.{i}.NR.RAN.PHY.SSB.SsbSubcarrierOffset,Device,parameter,SSB子载波偏置,R,unsignedInt[0:15],bd1b5d2e-a1d0-4e71-85fb-b37cbbb2d32d,parameter,READ_WRITE,STRING,,create_new_command_node,no,,,SH,RAN协议栈参数,物理层参数管理,Device.Services.FAPService.{i}.CellConfig.{i}.NR.RAN.PHY.SSB.,DEVICE_SERVICES_FAPSERVICE_CELLCONFIG_NR_RAN_PHY_SSB,LST SSB,中国移动5G扩展型皮基站网管南向接口数据模型规范v1.9.4.xlsx,SK,12
CMCC_5G_EXT_PICO_V1.9.4,物理层参数管理,Device.Services.FAPService.{i}.CellConfig.{i}.NR.RAN.PHY.TddULDLConfigurationCommon.pattern1.DlULTransmissionPeriodicity,Device,parameter,模式1的传输周期,RW,unsignedInt[0:7],c95f80ee-a08d-4c79-9fcd-fc926f7f6f34,parameter,READ_WRITE,STRING,,create_new_command_node,no,,,SH,RAN协议栈参数,物理层参数管理,Device.Services.FAPService.{i}.CellConfig.{i}.NR.RAN.PHY.TddULDLConfigurationCommon.pattern1.,DEVICE_SERVICES_FAPSERVICE_CELLCONFIG_NR_RAN_PHY_TDDULDLCONFIGURATIONCOMMON_PATTERN1,LST PATTERN1;MOD PATTERN1,中国移动5G扩展型皮基站网管南向接口数据模型规范v1.9.4.xlsx,SK,17
CMCC_5G_EXT_PICO_V1.9.4,物理层参数管理,Device.Services.FAPService.{i}.CellConfig.{i}.NR.RAN.PHY.TddULDLConfigurationCommon.pattern1.NrofDownlinkSlots,Device,parameter,模式1的连续下行时隙数,RW,unsignedInt[0:320],dd7cd50b-d046-49f1-812b-816de298c39d,parameter,READ_WRITE,STRING,,create_new_command_node,no,,,SH,RAN协议栈参数,物理层参数管理,Device.Services.FAPService.{i}.CellConfig.{i}.NR.RAN.PHY.TddULDLConfigurationCommon.pattern1.,DEVICE_SERVICES_FAPSERVICE_CELLCONFIG_NR_RAN_PHY_TDDULDLCONFIGURATIONCOMMON_PATTERN1,LST PATTERN1;MOD PATTERN1,中国移动5G扩展型皮基站网管南向接口数据模型规范v1.9.4.xlsx,SK,18
CMCC_5G_EXT_PICO_V1.9.4,物理层参数管理,Device.Services.FAPService.{i}.CellConfig.{i}.NR.RAN.PHY.TddULDLConfigurationCommon.pattern1.NrofDownlinkSymbols,Device,parameter,模式1的连续下行符号数,RW,unsignedInt[0:13],4a2066a6-ddf6-4cea-a67e-5a2688eacdfe,parameter,READ_WRITE,STRING,,create_new_command_node,no,,,SH,RAN协议栈参数,物理层参数管理,Device.Services.FAPService.{i}.CellConfig.{i}.NR.RAN.PHY.TddULDLConfigurationCommon.pattern1.,DEVICE_SERVICES_FAPSERVICE_CELLCONFIG_NR_RAN_PHY_TDDULDLCONFIGURATIONCOMMON_PATTERN1,LST PATTERN1;MOD PATTERN1,中国移动5G扩展型皮基站网管南向接口数据模型规范v1.9.4.xlsx,SK,19
CMCC_5G_EXT_PICO_V1.9.4,物理层参数管理,Device.Services.FAPService.{i}.CellConfig.{i}.NR.RAN.PHY.TddULDLConfigurationCommon.pattern1.NrofUplinkSlots,Device,parameter,模式1的连续上行时隙数,RW,unsignedInt[0:320],0affbcda-473e-459f-bf40-eee0ed4ad892,parameter,READ_WRITE,STRING,,create_new_command_node,no,,,SH,RAN协议栈参数,物理层参数管理,Device.Services.FAPService.{i}.CellConfig.{i}.NR.RAN.PHY.TddULDLConfigurationCommon.pattern1.,DEVICE_SERVICES_FAPSERVICE_CELLCONFIG_NR_RAN_PHY_TDDULDLCONFIGURATIONCOMMON_PATTERN1,LST PATTERN1;MOD PATTERN1,中国移动5G扩展型皮基站网管南向接口数据模型规范v1.9.4.xlsx,SK,20
CMCC_5G_EXT_PICO_V1.9.4,物理层参数管理,Device.Services.FAPService.{i}.CellConfig.{i}.NR.RAN.PHY.TddULDLConfigurationCommon.pattern1.NrofUplinkSymbols,Device,parameter,模式1的连续上行符号数,RW,unsignedInt[0:13],33b5b650-9c90-4e3b-b8a5-9b37c2f89731,parameter,READ_WRITE,STRING,,create_new_command_node,no,,,SH,RAN协议栈参数,物理层参数管理,Device.Services.FAPService.{i}.CellConfig.{i}.NR.RAN.PHY.TddULDLConfigurationCommon.pattern1.,DEVICE_SERVICES_FAPSERVICE_CELLCONFIG_NR_RAN_PHY_TDDULDLCONFIGURATIONCOMMON_PATTERN1,LST PATTERN1;MOD PATTERN1,中国移动5G扩展型皮基站网管南向接口数据模型规范v1.9.4.xlsx,SK,21
CMCC_5G_EXT_PICO_V1.9.4,物理层参数管理,Device.Services.FAPService.{i}.CellConfig.{i}.NR.RAN.PHY.TddULDLConfigurationCommon.pattern2.DlULTransmissionPeriodicity,Device,parameter,模式2的传输周期,RW,"unsignedInt[0:7,4095]",3835c709-430d-4805-a8d4-4f8495718123,parameter,READ_WRITE,STRING,,create_new_command_node,no,,,SH,RAN协议栈参数,物理层参数管理,Device.Services.FAPService.{i}.CellConfig.{i}.NR.RAN.PHY.TddULDLConfigurationCommon.pattern2.,DEVICE_SERVICES_FAPSERVICE_CELLCONFIG_NR_RAN_PHY_TDDULDLCONFIGURATIONCOMMON_PATTERN2,LST PATTERN2;MOD PATTERN2,中国移动5G扩展型皮基站网管南向接口数据模型规范v1.9.4.xlsx,SK,22
CMCC_5G_EXT_PICO_V1.9.4,物理层参数管理,Device.Services.FAPService.{i}.CellConfig.{i}.NR.RAN.PHY.TddULDLConfigurationCommon.pattern2.NrofDownlinkSlots,Device,parameter,模式2的连续下行时隙数,RW,unsignedInt[0:320],0c404170-04b2-4306-bfe5-cb9b307ce66d,parameter,READ_WRITE,STRING,,create_new_command_node,no,,,SH,RAN协议栈参数,物理层参数管理,Device.Services.FAPService.{i}.CellConfig.{i}.NR.RAN.PHY.TddULDLConfigurationCommon.pattern2.,DEVICE_SERVICES_FAPSERVICE_CELLCONFIG_NR_RAN_PHY_TDDULDLCONFIGURATIONCOMMON_PATTERN2,LST PATTERN2;MOD PATTERN2,中国移动5G扩展型皮基站网管南向接口数据模型规范v1.9.4.xlsx,SK,23
CMCC_5G_EXT_PICO_V1.9.4,物理层参数管理,Device.Services.FAPService.{i}.CellConfig.{i}.NR.RAN.PHY.TddULDLConfigurationCommon.pattern2.NrofDownlinkSymbols,Device,parameter,模式2的连续下行符号数,RW,unsignedInt[0:13],5e6c8828-bf54-4c40-9bda-69a7f9febe1f,parameter,READ_WRITE,STRING,,create_new_command_node,no,,,SH,RAN协议栈参数,物理层参数管理,Device.Services.FAPService.{i}.CellConfig.{i}.NR.RAN.PHY.TddULDLConfigurationCommon.pattern2.,DEVICE_SERVICES_FAPSERVICE_CELLCONFIG_NR_RAN_PHY_TDDULDLCONFIGURATIONCOMMON_PATTERN2,LST PATTERN2;MOD PATTERN2,中国移动5G扩展型皮基站网管南向接口数据模型规范v1.9.4.xlsx,SK,24
CMCC_5G_EXT_PICO_V1.9.4,物理层参数管理,Device.Services.FAPService.{i}.CellConfig.{i}.NR.RAN.PHY.TddULDLConfigurationCommon.pattern2.NrofUplinkSlots,Device,parameter,模式2的连续上行时隙数,RW,unsignedInt[0:320],7c09e682-2f35-4dd6-bbd3-bbe942d9aa66,parameter,READ_WRITE,STRING,,create_new_command_node,no,,,SH,RAN协议栈参数,物理层参数管理,Device.Services.FAPService.{i}.CellConfig.{i}.NR.RAN.PHY.TddULDLConfigurationCommon.pattern2.,DEVICE_SERVICES_FAPSERVICE_CELLCONFIG_NR_RAN_PHY_TDDULDLCONFIGURATIONCOMMON_PATTERN2,LST PATTERN2;MOD PATTERN2,中国移动5G扩展型皮基站网管南向接口数据模型规范v1.9.4.xlsx,SK,25
CMCC_5G_EXT_PICO_V1.9.4,物理层参数管理,Device.Services.FAPService.{i}.CellConfig.{i}.NR.RAN.PHY.TddULDLConfigurationCommon.pattern2.NrofUplinkSymbols,Device,parameter,模式2的连续上行符号数,RW,unsignedInt[0:13],260595cc-3158-4467-a88a-adc7c12ede98,parameter,READ_WRITE,STRING,,create_new_command_node,no,,,SH,RAN协议栈参数,物理层参数管理,Device.Services.FAPService.{i}.CellConfig.{i}.NR.RAN.PHY.TddULDLConfigurationCommon.pattern2.,DEVICE_SERVICES_FAPSERVICE_CELLCONFIG_NR_RAN_PHY_TDDULDLCONFIGURATIONCOMMON_PATTERN2,LST PATTERN2;MOD PATTERN2,中国移动5G扩展型皮基站网管南向接口数据模型规范v1.9.4.xlsx,SK,26
CMCC_5G_EXT_PICO_V1.9.4,节能管理参数,Device.Services.FAPService.{i}.CellConfig.{i}.NR.RAN.EnergySaveParam.EnergySavingDelayTime,Device,parameter,节能策略迟滞时间,RW,unsignedInt[0:15],f3dcd065-7692-4638-8aa9-74f3a4e62edd,parameter,READ_WRITE,STRING,,create_new_command_node,no,,,SH,RAN协议栈参数,节能管理参数,Device.Services.FAPService.{i}.CellConfig.{i}.NR.RAN.EnergySaveParam.,DEVICE_SERVICES_FAPSERVICE_CELLCONFIG_NR_RAN_ENERGYSAVEPARAM,LST ENERGY_SAVE_PARAM;MOD ENERGY_SAVE_PARAM,中国移动5G扩展型皮基站网管南向接口数据模型规范v1.9.4.xlsx,SJ,57
CMCC_5G_EXT_PICO_V1.9.4,节能管理参数,Device.Services.FAPService.{i}.CellConfig.{i}.NR.RAN.EnergySaveParam.EnergySavingTime,Device,parameter,节能策略开始与结束时间,RW,string(64),1641a380-261f-4d98-87bc-c3349449cbf2,parameter,READ_WRITE,STRING,,create_new_command_node,no,,,SH,RAN协议栈参数,节能管理参数,Device.Services.FAPService.{i}.CellConfig.{i}.NR.RAN.EnergySaveParam.,DEVICE_SERVICES_FAPSERVICE_CELLCONFIG_NR_RAN_ENERGYSAVEPARAM,LST ENERGY_SAVE_PARAM;MOD ENERGY_SAVE_PARAM,中国移动5G扩展型皮基站网管南向接口数据模型规范v1.9.4.xlsx,SJ,56
CMCC_5G_EXT_PICO_V1.9.4,节能管理参数,Device.Services.FAPService.{i}.CellConfig.{i}.NR.RAN.EnergySaveParam.EnergySavingType,Device,parameter,小区节能策略,RW,string(64),ad999b78-3894-44bb-adc7-216f1c0e63f0,parameter,READ_WRITE,STRING,,create_new_command_node,no,,,SH,RAN协议栈参数,节能管理参数,Device.Services.FAPService.{i}.CellConfig.{i}.NR.RAN.EnergySaveParam.,DEVICE_SERVICES_FAPSERVICE_CELLCONFIG_NR_RAN_ENERGYSAVEPARAM,LST ENERGY_SAVE_PARAM;MOD ENERGY_SAVE_PARAM,中国移动5G扩展型皮基站网管南向接口数据模型规范v1.9.4.xlsx,SJ,55
CMCC_5G_EXT_PICO_V1.9.4,节能管理参数,Device.Services.FAPService.{i}.CellConfig.{i}.NR.RAN.EnergySaveParam.PrbLowThreshold,Device,parameter,PRB利用率低门限,RW,unsignedInt[1:100],a007f76d-8ce0-45b3-af7e-cc33c250ccfa,parameter,READ_WRITE,STRING,,create_new_command_node,no,,,SH,RAN协议栈参数,节能管理参数,Device.Services.FAPService.{i}.CellConfig.{i}.NR.RAN.EnergySaveParam.,DEVICE_SERVICES_FAPSERVICE_CELLCONFIG_NR_RAN_ENERGYSAVEPARAM,LST ENERGY_SAVE_PARAM;MOD ENERGY_SAVE_PARAM,中国移动5G扩展型皮基站网管南向接口数据模型规范v1.9.4.xlsx,SJ,59
CMCC_5G_EXT_PICO_V1.9.4,节能管理参数,Device.Services.FAPService.{i}.CellConfig.{i}.NR.RAN.EnergySaveParam.RRCLowThreshold,Device,parameter,RRC接入用户数低门限,RW,unsignedInt,2b5d9165-aeac-4bc4-b233-f636ff001752,parameter,READ_WRITE,STRING,,create_new_command_node,no,,,SH,RAN协议栈参数,节能管理参数,Device.Services.FAPService.{i}.CellConfig.{i}.NR.RAN.EnergySaveParam.,DEVICE_SERVICES_FAPSERVICE_CELLCONFIG_NR_RAN_ENERGYSAVEPARAM,LST ENERGY_SAVE_PARAM;MOD ENERGY_SAVE_PARAM,中国移动5G扩展型皮基站网管南向接口数据模型规范v1.9.4.xlsx,SJ,60
CMCC_NR_V1.7,5G邻区参数管理,Device.Services.FAPService.{i}.CellConfig.{i}.NR.RAN.NeighborList.NRCell.{i}.Blacklisted,Device,parameter,禁止切换标识,RW,boolean,7b41c6a0-f5cb-4e8b-bcce-8f220b3524f9,parameter,READ_WRITE,STRING,,create_new_command_node,no,,,SI,邻区参数管理,5G邻区参数管理,Device.Services.FAPService.{i}.CellConfig.{i}.NR.RAN.NeighborList.NRCell.{i}.,DEVICE_SERVICES_FAPSERVICE_CELLCONFIG_NR_RAN_NEIGHBORLIST_NRCELL,LST NRCELL;MOD NRCELL,NR v1.7.xlsx,SL,13
CMCC_5G_EXT_PICO_V1.9.4,5G邻区参数管理,Device.Services.FAPService.{i}.CellConfig.{i}.NR.RAN.NeighborList.NRCell.{i}.CID,Device,parameter,邻区CID,RW,unsignedLong[1:68719476735],484bd25a-1cc2-49f2-a031-7c8c3aff1a90,parameter,READ_WRITE,STRING,,create_new_command_node,no,,,SI,邻区参数管理,5G邻区参数管理,Device.Services.FAPService.{i}.CellConfig.{i}.NR.RAN.NeighborList.NRCell.{i}.,DEVICE_SERVICES_FAPSERVICE_CELLCONFIG_NR_RAN_NEIGHBORLIST_NRCELL,LST NRCELL;MOD NRCELL,中国移动5G扩展型皮基站网管南向接口数据模型规范v1.9.4.xlsx,SL,3
CMCC_5G_EXT_PICO_V1.9.4,5G邻区参数管理,Device.Services.FAPService.{i}.CellConfig.{i}.NR.RAN.NeighborList.NRCell.{i}.CIO,Device,parameter,小区独立偏移量,RW,"int[-24:-8, -6:6, 8:24]",53be9cfc-d191-4b99-8eee-658e0a0c8087,parameter,READ_WRITE,STRING,,create_new_command_node,no,,,SI,邻区参数管理,5G邻区参数管理,Device.Services.FAPService.{i}.CellConfig.{i}.NR.RAN.NeighborList.NRCell.{i}.,DEVICE_SERVICES_FAPSERVICE_CELLCONFIG_NR_RAN_NEIGHBORLIST_NRCELL,LST NRCELL;MOD NRCELL,中国移动5G扩展型皮基站网管南向接口数据模型规范v1.9.4.xlsx,SL,13
CMCC_5G_EXT_PICO_V1.9.4,5G邻区参数管理,Device.Services.FAPService.{i}.CellConfig.{i}.NR.RAN.NeighborList.NRCell.{i}.NRCarrierARFCN,Device,parameter,NR邻区载频的ARFCN,RW,unsignedInt[0:3279165],5ea2e9dc-c98d-48b1-a96c-082463693b11,parameter,READ_WRITE,STRING,,create_new_command_node,no,,,SI,邻区参数管理,5G邻区参数管理,Device.Services.FAPService.{i}.CellConfig.{i}.NR.RAN.NeighborList.NRCell.{i}.,DEVICE_SERVICES_FAPSERVICE_CELLCONFIG_NR_RAN_NEIGHBORLIST_NRCELL,LST NRCELL;MOD NRCELL,中国移动5G扩展型皮基站网管南向接口数据模型规范v1.9.4.xlsx,SL,5
CMCC_5G_EXT_PICO_V1.9.4,5G邻区参数管理,Device.Services.FAPService.{i}.CellConfig.{i}.NR.RAN.NeighborList.NRCell.{i}.NoRemoveEnable,Device,parameter,禁止删除标识,RW,boolean,a0cf3f79-293b-488d-9ac7-2952df72cd1f,parameter,READ_WRITE,STRING,,create_new_command_node,no,,,SI,邻区参数管理,5G邻区参数管理,Device.Services.FAPService.{i}.CellConfig.{i}.NR.RAN.NeighborList.NRCell.{i}.,DEVICE_SERVICES_FAPSERVICE_CELLCONFIG_NR_RAN_NEIGHBORLIST_NRCELL,LST NRCELL;MOD NRCELL,中国移动5G扩展型皮基站网管南向接口数据模型规范v1.9.4.xlsx,SL,15
CMCC_5G_EXT_PICO_V1.9.4,5G邻区参数管理,Device.Services.FAPService.{i}.CellConfig.{i}.NR.RAN.NeighborList.NRCell.{i}.PLMNID,Device,parameter,邻区PLMN ID,RW,string(6),0a56f716-5ce0-4a4e-b662-e900e7431ffe,parameter,READ_WRITE,STRING,,create_new_command_node,no,,,SI,邻区参数管理,5G邻区参数管理,Device.Services.FAPService.{i}.CellConfig.{i}.NR.RAN.NeighborList.NRCell.{i}.,DEVICE_SERVICES_FAPSERVICE_CELLCONFIG_NR_RAN_NEIGHBORLIST_NRCELL,LST NRCELL;MOD NRCELL,中国移动5G扩展型皮基站网管南向接口数据模型规范v1.9.4.xlsx,SL,2
CMCC_5G_EXT_PICO_V1.9.4,5G邻区参数管理,Device.Services.FAPService.{i}.CellConfig.{i}.NR.RAN.NeighborList.NRCell.{i}.PhyCellID,Device,parameter,邻区物理小区ID,RW,unsignedInt[0:1007],785f0365-4c8f-4df9-96c7-d983dd174d2b,parameter,READ_WRITE,STRING,,create_new_command_node,no,,,SI,邻区参数管理,5G邻区参数管理,Device.Services.FAPService.{i}.CellConfig.{i}.NR.RAN.NeighborList.NRCell.{i}.,DEVICE_SERVICES_FAPSERVICE_CELLCONFIG_NR_RAN_NEIGHBORLIST_NRCELL,LST NRCELL;MOD NRCELL,中国移动5G扩展型皮基站网管南向接口数据模型规范v1.9.4.xlsx,SL,8
CMCC_5G_EXT_PICO_V1.9.4,5G邻区参数管理,Device.Services.FAPService.{i}.CellConfig.{i}.NR.RAN.NeighborList.NRCell.{i}.QQualMinOffsetCell,Device,parameter,小区专用最低接入信号质量偏移值,RW,"unsignedInt[1:8, 0x0000000F]",321ff5e3-e67b-46c1-8dc7-144102a8f825,parameter,READ_WRITE,STRING,,create_new_command_node,no,,,SI,邻区参数管理,5G邻区参数管理,Device.Services.FAPService.{i}.CellConfig.{i}.NR.RAN.NeighborList.NRCell.{i}.,DEVICE_SERVICES_FAPSERVICE_CELLCONFIG_NR_RAN_NEIGHBORLIST_NRCELL,LST NRCELL;MOD NRCELL,中国移动5G扩展型皮基站网管南向接口数据模型规范v1.9.4.xlsx,SL,12
CMCC_5G_EXT_PICO_V1.9.4,5G邻区参数管理,Device.Services.FAPService.{i}.CellConfig.{i}.NR.RAN.NeighborList.NRCell.{i}.QRxLevMinOffsetCell,Device,parameter,小区专用最小接收电平偏移量,RW,"unsignedInt[1:8,0x0000000F]",cc03138a-50af-4dcd-ace7-c562e1dac688,parameter,READ_WRITE,STRING,,create_new_command_node,no,,,SI,邻区参数管理,5G邻区参数管理,Device.Services.FAPService.{i}.CellConfig.{i}.NR.RAN.NeighborList.NRCell.{i}.,DEVICE_SERVICES_FAPSERVICE_CELLCONFIG_NR_RAN_NEIGHBORLIST_NRCELL,LST NRCELL;MOD NRCELL,中国移动5G扩展型皮基站网管南向接口数据模型规范v1.9.4.xlsx,SL,11
CMCC_5G_EXT_PICO_V1.9.4,5G邻区参数管理,Device.Services.FAPService.{i}.CellConfig.{i}.NR.RAN.NeighborList.NRCell.{i}.Qoffset,Device,parameter,小区特定偏移量,RW,"int[-24:-8, -6:6, 8:24]",4d934cfc-ec4e-42fd-b1cf-710cfa8e8dfe,parameter,READ_WRITE,STRING,,create_new_command_node,no,,,SI,邻区参数管理,5G邻区参数管理,Device.Services.FAPService.{i}.CellConfig.{i}.NR.RAN.NeighborList.NRCell.{i}.,DEVICE_SERVICES_FAPSERVICE_CELLCONFIG_NR_RAN_NEIGHBORLIST_NRCELL,LST NRCELL;MOD NRCELL,中国移动5G扩展型皮基站网管南向接口数据模型规范v1.9.4.xlsx,SL,10
CMCC_5G_EXT_PICO_V1.9.4,5G邻区参数管理,Device.Services.FAPService.{i}.CellConfig.{i}.NR.RAN.NeighborList.NRCell.{i}.TAC,Device,parameter,邻区TAC,RW,unsignedInt[0:16777215],b47c099a-8065-496c-ab37-b8233c840dc2,parameter,READ_WRITE,STRING,,create_new_command_node,no,,,SI,邻区参数管理,5G邻区参数管理,Device.Services.FAPService.{i}.CellConfig.{i}.NR.RAN.NeighborList.NRCell.{i}.,DEVICE_SERVICES_FAPSERVICE_CELLCONFIG_NR_RAN_NEIGHBORLIST_NRCELL,LST NRCELL;MOD NRCELL,中国移动5G扩展型皮基站网管南向接口数据模型规范v1.9.4.xlsx,SL,9
CMCC_5G_EXT_PICO_V1.9.4,5G邻区参数管理,Device.Services.FAPService.{i}.CellConfig.{i}.NR.RAN.NeighborList.NRCell.{i}.gNBIdLength,Device,parameter,邻区gNBId长度,RW,unsignedInt[22:32],f8f273e4-c845-4dfc-b3e6-55d3a564c36f,parameter,READ_WRITE,STRING,,create_new_command_node,no,,,SI,邻区参数管理,5G邻区参数管理,Device.Services.FAPService.{i}.CellConfig.{i}.NR.RAN.NeighborList.NRCell.{i}.,DEVICE_SERVICES_FAPSERVICE_CELLCONFIG_NR_RAN_NEIGHBORLIST_NRCELL,LST NRCELL;MOD NRCELL,中国移动5G扩展型皮基站网管南向接口数据模型规范v1.9.4.xlsx,SL,4
CMCC_5G_EXT_PICO_V1.9.4,5G邻区参数管理,Device.Services.FAPService.{i}.CellConfig.{i}.NR.RAN.NeighborList.NRCell.{i}.ssbFrequency,Device,parameter,SSB频点号,RW,unsignedInt[0:3279165],275ec6b4-2c9f-46e6-8d0f-6f01a0f38f38,parameter,READ_WRITE,STRING,,create_new_command_node,no,,,SI,邻区参数管理,5G邻区参数管理,Device.Services.FAPService.{i}.CellConfig.{i}.NR.RAN.NeighborList.NRCell.{i}.,DEVICE_SERVICES_FAPSERVICE_CELLCONFIG_NR_RAN_NEIGHBORLIST_NRCELL,LST NRCELL;MOD NRCELL,中国移动5G扩展型皮基站网管南向接口数据模型规范v1.9.4.xlsx,SL,6
CMCC_5G_EXT_PICO_V1.9.4,5G邻区参数管理,Device.Services.FAPService.{i}.CellConfig.{i}.NR.RAN.NeighborList.NRCell.{i}.ssbSubcarrierSpacing,Device,parameter,SSB子载波间隔,RW,unsignedInt[0:4],98991d1b-b058-485e-aa36-8886b708d74d,parameter,READ_WRITE,STRING,,create_new_command_node,no,,,SI,邻区参数管理,5G邻区参数管理,Device.Services.FAPService.{i}.CellConfig.{i}.NR.RAN.NeighborList.NRCell.{i}.,DEVICE_SERVICES_FAPSERVICE_CELLCONFIG_NR_RAN_NEIGHBORLIST_NRCELL,LST NRCELL;MOD NRCELL,中国移动5G扩展型皮基站网管南向接口数据模型规范v1.9.4.xlsx,SL,7
CMCC_5G_EXT_PICO_V1.9.4,LTE邻区参数管理,Device.Services.FAPService.{i}.CellConfig.{i}.NR.RAN.NeighborList.LTECell.{i}.Blacklisted,Device,parameter,禁止切换标识,RW,boolean,6ffe3a74-65df-4420-8615-7868a72824a5,parameter,READ_WRITE,STRING,,create_new_command_node,no,,,SI,邻区参数管理,LTE邻区参数管理,Device.Services.FAPService.{i}.CellConfig.{i}.NR.RAN.NeighborList.LTECell.{i}.,DEVICE_SERVICES_FAPSERVICE_CELLCONFIG_NR_RAN_NEIGHBORLIST_LTECELL,LST LTECELL;MOD LTECELL,中国移动5G扩展型皮基站网管南向接口数据模型规范v1.9.4.xlsx,SL,26
CMCC_5G_EXT_PICO_V1.9.4,LTE邻区参数管理,Device.Services.FAPService.{i}.CellConfig.{i}.NR.RAN.NeighborList.LTECell.{i}.EnbType,Device,parameter,邻区基站类型,RW,unsignedInt,aac26287-69b4-496c-9150-be3ff3f2b85e,parameter,READ_WRITE,STRING,,create_new_command_node,no,,,SI,邻区参数管理,LTE邻区参数管理,Device.Services.FAPService.{i}.CellConfig.{i}.NR.RAN.NeighborList.LTECell.{i}.,DEVICE_SERVICES_FAPSERVICE_CELLCONFIG_NR_RAN_NEIGHBORLIST_LTECELL,LST LTECELL;MOD LTECELL,中国移动5G扩展型皮基站网管南向接口数据模型规范v1.9.4.xlsx,SL,28
CMCC_5G_EXT_PICO_V1.9.4,LTE邻区参数管理,Device.Services.FAPService.{i}.CellConfig.{i}.NR.RAN.NeighborList.LTECell.{i}.NoRemoveEnable,Device,parameter,禁止删除标识,RW,boolean,98f30e82-bb75-45de-8fd8-167df14fa92c,parameter,READ_WRITE,STRING,,create_new_command_node,no,,,SI,邻区参数管理,LTE邻区参数管理,Device.Services.FAPService.{i}.CellConfig.{i}.NR.RAN.NeighborList.LTECell.{i}.,DEVICE_SERVICES_FAPSERVICE_CELLCONFIG_NR_RAN_NEIGHBORLIST_LTECELL,LST LTECELL;MOD LTECELL,中国移动5G扩展型皮基站网管南向接口数据模型规范v1.9.4.xlsx,SL,30
CMCC_5G_EXT_PICO_V1.9.4,LTE邻区参数管理,Device.Services.FAPService.{i}.CellConfig.{i}.NR.RAN.NeighborList.LTECell.{i}.QQualMinOffsetCell,Device,parameter,小区专用最低接入信号质量偏移值,RW,"unsignedInt[1:8, 0x0000000F]",69a332ec-4abe-4779-bd71-3fe95db96c50,parameter,READ_WRITE,STRING,,create_new_command_node,no,,,SI,邻区参数管理,LTE邻区参数管理,Device.Services.FAPService.{i}.CellConfig.{i}.NR.RAN.NeighborList.LTECell.{i}.,DEVICE_SERVICES_FAPSERVICE_CELLCONFIG_NR_RAN_NEIGHBORLIST_LTECELL,LST LTECELL;MOD LTECELL,中国移动5G扩展型皮基站网管南向接口数据模型规范v1.9.4.xlsx,SL,24
CMCC_5G_EXT_PICO_V1.9.4,LTE邻区参数管理,Device.Services.FAPService.{i}.CellConfig.{i}.NR.RAN.NeighborList.LTECell.{i}.QRxLevMinOffsetCell,Device,parameter,小区专用最小接收电平偏移量,RW,"unsignedInt[1:8, 0x0000000F]",412640b0-9d4f-4706-8b96-d45b19a539bd,parameter,READ_WRITE,STRING,,create_new_command_node,no,,,SI,邻区参数管理,LTE邻区参数管理,Device.Services.FAPService.{i}.CellConfig.{i}.NR.RAN.NeighborList.LTECell.{i}.,DEVICE_SERVICES_FAPSERVICE_CELLCONFIG_NR_RAN_NEIGHBORLIST_LTECELL,LST LTECELL;MOD LTECELL,中国移动5G扩展型皮基站网管南向接口数据模型规范v1.9.4.xlsx,SL,23
CMCC_5G_EXT_PICO_V1.9.4,A1事件测量控制参数,Device.Services.FAPService.{i}.CellConfig.{i}.NR.RAN.Mobility.ConnMode.NR.A1MeasureCtrl.{i}.A1ThresholdRSRP,Device,parameter,A1事件RSRP门限,RW,unsignedInt[0:127],d8181475-75b5-4731-8ae3-e18d47dba0e9,parameter,READ_WRITE,STRING,,create_new_command_node,no,,,SJ,移动性参数管理,A1事件测量控制参数,Device.Services.FAPService.{i}.CellConfig.{i}.NR.RAN.Mobility.ConnMode.NR.A1MeasureCtrl.{i}.,DEVICE_SERVICES_FAPSERVICE_CELLCONFIG_NR_RAN_MOBILITY_CONNMODE_NR_A1MEASURECTRL,LST A1_MEASURE_CTRL;MOD A1_MEASURE_CTRL,中国移动5G扩展型皮基站网管南向接口数据模型规范v1.9.4.xlsx,SM,5
CMCC_5G_EXT_PICO_V1.9.4,A1事件测量控制参数,Device.Services.FAPService.{i}.CellConfig.{i}.NR.RAN.Mobility.ConnMode.NR.A1MeasureCtrl.{i}.A1ThresholdRSRQ,Device,parameter,A1事件RSRQ门限,RW,unsignedInt[0:127],0cc3f4dd-e5f4-4880-b16d-bc6cc4d3ddff,parameter,READ_WRITE,STRING,,create_new_command_node,no,,,SJ,移动性参数管理,A1事件测量控制参数,Device.Services.FAPService.{i}.CellConfig.{i}.NR.RAN.Mobility.ConnMode.NR.A1MeasureCtrl.{i}.,DEVICE_SERVICES_FAPSERVICE_CELLCONFIG_NR_RAN_MOBILITY_CONNMODE_NR_A1MEASURECTRL,LST A1_MEASURE_CTRL;MOD A1_MEASURE_CTRL,中国移动5G扩展型皮基站网管南向接口数据模型规范v1.9.4.xlsx,SM,6
CMCC_5G_EXT_PICO_V1.9.4,A1事件测量控制参数,Device.Services.FAPService.{i}.CellConfig.{i}.NR.RAN.Mobility.ConnMode.NR.A1MeasureCtrl.{i}.A1ThresholdSINR,Device,parameter,A1事件SINR门限,RW,unsignedInt[0:127],ef6f203b-dfca-4c04-9f6f-bc485fd3d990,parameter,READ_WRITE,STRING,,create_new_command_node,no,,,SJ,移动性参数管理,A1事件测量控制参数,Device.Services.FAPService.{i}.CellConfig.{i}.NR.RAN.Mobility.ConnMode.NR.A1MeasureCtrl.{i}.,DEVICE_SERVICES_FAPSERVICE_CELLCONFIG_NR_RAN_MOBILITY_CONNMODE_NR_A1MEASURECTRL,LST A1_MEASURE_CTRL;MOD A1_MEASURE_CTRL,中国移动5G扩展型皮基站网管南向接口数据模型规范v1.9.4.xlsx,SM,7
CMCC_5G_EXT_PICO_V1.9.4,A1事件测量控制参数,Device.Services.FAPService.{i}.CellConfig.{i}.NR.RAN.Mobility.ConnMode.NR.A1MeasureCtrl.{i}.Enable,Device,parameter,使能开关,RW,boolean,e45b52eb-b15a-4e83-852c-ebc2dd0c283d,parameter,READ_WRITE,STRING,,create_new_command_node,no,,,SJ,移动性参数管理,A1事件测量控制参数,Device.Services.FAPService.{i}.CellConfig.{i}.NR.RAN.Mobility.ConnMode.NR.A1MeasureCtrl.{i}.,DEVICE_SERVICES_FAPSERVICE_CELLCONFIG_NR_RAN_MOBILITY_CONNMODE_NR_A1MEASURECTRL,LST A1_MEASURE_CTRL;MOD A1_MEASURE_CTRL,中国移动5G扩展型皮基站网管南向接口数据模型规范v1.9.4.xlsx,SM,3
CMCC_5G_EXT_PICO_V1.9.4,A1事件测量控制参数,Device.Services.FAPService.{i}.CellConfig.{i}.NR.RAN.Mobility.ConnMode.NR.A1MeasureCtrl.{i}.Hysteresis,Device,parameter,迟滞值,RW,unsignedInt[0:30],ce272d25-f644-4956-bf7f-83d4e42a95dd,parameter,READ_WRITE,STRING,,create_new_command_node,no,,,SJ,移动性参数管理,A1事件测量控制参数,Device.Services.FAPService.{i}.CellConfig.{i}.NR.RAN.Mobility.ConnMode.NR.A1MeasureCtrl.{i}.,DEVICE_SERVICES_FAPSERVICE_CELLCONFIG_NR_RAN_MOBILITY_CONNMODE_NR_A1MEASURECTRL,LST A1_MEASURE_CTRL;MOD A1_MEASURE_CTRL,中国移动5G扩展型皮基站网管南向接口数据模型规范v1.9.4.xlsx,SM,11
CMCC_5G_EXT_PICO_V1.9.4,A1事件测量控制参数,Device.Services.FAPService.{i}.CellConfig.{i}.NR.RAN.Mobility.ConnMode.NR.A1MeasureCtrl.{i}.IncludeBeamMeasurements,Device,parameter,波束赋形测量指示,RW,boolean,19196720-deec-44b8-9afd-dd3cb1051b08,parameter,READ_WRITE,STRING,,create_new_command_node,no,,,SJ,移动性参数管理,A1事件测量控制参数,Device.Services.FAPService.{i}.CellConfig.{i}.NR.RAN.Mobility.ConnMode.NR.A1MeasureCtrl.{i}.,DEVICE_SERVICES_FAPSERVICE_CELLCONFIG_NR_RAN_MOBILITY_CONNMODE_NR_A1MEASURECTRL,LST A1_MEASURE_CTRL;MOD A1_MEASURE_CTRL,中国移动5G扩展型皮基站网管南向接口数据模型规范v1.9.4.xlsx,SM,19
CMCC_5G_EXT_PICO_V1.9.4,A1事件测量控制参数,Device.Services.FAPService.{i}.CellConfig.{i}.NR.RAN.Mobility.ConnMode.NR.A1MeasureCtrl.{i}.MaxNrofRSIndexToReport,Device,parameter,RS测量上报资源最大个数,RW,"unsignedInt[1:32,0x0000FFFF]",76f28254-8319-467c-a6d0-29bfbc3ac535,parameter,READ_WRITE,STRING,,create_new_command_node,no,,,SJ,移动性参数管理,A1事件测量控制参数,Device.Services.FAPService.{i}.CellConfig.{i}.NR.RAN.Mobility.ConnMode.NR.A1MeasureCtrl.{i}.,DEVICE_SERVICES_FAPSERVICE_CELLCONFIG_NR_RAN_MOBILITY_CONNMODE_NR_A1MEASURECTRL,LST A1_MEASURE_CTRL;MOD A1_MEASURE_CTRL,中国移动5G扩展型皮基站网管南向接口数据模型规范v1.9.4.xlsx,SM,9
CMCC_5G_EXT_PICO_V1.9.4,A1事件测量控制参数,Device.Services.FAPService.{i}.CellConfig.{i}.NR.RAN.Mobility.ConnMode.NR.A1MeasureCtrl.{i}.MaxReportCells,Device,parameter,最大上报小区数,RW,unsignedInt[1:8],26004cf7-aa1f-4d67-ba91-af1e9c24c6ce,parameter,READ_WRITE,STRING,,create_new_command_node,no,,,SJ,移动性参数管理,A1事件测量控制参数,Device.Services.FAPService.{i}.CellConfig.{i}.NR.RAN.Mobility.ConnMode.NR.A1MeasureCtrl.{i}.,DEVICE_SERVICES_FAPSERVICE_CELLCONFIG_NR_RAN_MOBILITY_CONNMODE_NR_A1MEASURECTRL,LST A1_MEASURE_CTRL;MOD A1_MEASURE_CTRL,中国移动5G扩展型皮基站网管南向接口数据模型规范v1.9.4.xlsx,SM,12
CMCC_5G_EXT_PICO_V1.9.4,A1事件测量控制参数,Device.Services.FAPService.{i}.CellConfig.{i}.NR.RAN.Mobility.ConnMode.NR.A1MeasureCtrl.{i}.MeasurePurpose,Device,parameter,测量目的,R,unsignedInt[1:100],7bd766b6-7302-4925-ad2f-260c27d164ca,parameter,READ_WRITE,STRING,,create_new_command_node,no,,,SJ,移动性参数管理,A1事件测量控制参数,Device.Services.FAPService.{i}.CellConfig.{i}.NR.RAN.Mobility.ConnMode.NR.A1MeasureCtrl.{i}.,DEVICE_SERVICES_FAPSERVICE_CELLCONFIG_NR_RAN_MOBILITY_CONNMODE_NR_A1MEASURECTRL,LST A1_MEASURE_CTRL,中国移动5G扩展型皮基站网管南向接口数据模型规范v1.9.4.xlsx,SM,13
CMCC_5G_EXT_PICO_V1.9.4,A1事件测量控制参数,Device.Services.FAPService.{i}.CellConfig.{i}.NR.RAN.Mobility.ConnMode.NR.A1MeasureCtrl.{i}.ReportAmount,Device,parameter,上报次数,RW,"unsignedInt[0:2, 4, 8, 16, 32, 64]",718dcf57-15d1-4f50-9590-2d09e5b3eec6,parameter,READ_WRITE,STRING,,create_new_command_node,no,,,SJ,移动性参数管理,A1事件测量控制参数,Device.Services.FAPService.{i}.CellConfig.{i}.NR.RAN.Mobility.ConnMode.NR.A1MeasureCtrl.{i}.,DEVICE_SERVICES_FAPSERVICE_CELLCONFIG_NR_RAN_MOBILITY_CONNMODE_NR_A1MEASURECTRL,LST A1_MEASURE_CTRL;MOD A1_MEASURE_CTRL,中国移动5G扩展型皮基站网管南向接口数据模型规范v1.9.4.xlsx,SM,14
CMCC_5G_EXT_PICO_V1.9.4,A1事件测量控制参数,Device.Services.FAPService.{i}.CellConfig.{i}.NR.RAN.Mobility.ConnMode.NR.A1MeasureCtrl.{i}.ReportInterval,Device,parameter,上报间隔,RW,"unsignedInt[120, 240, 480, 640, 1024, 2048, 5120, 10240, 60000, 360000, 720000, 1800000]",f27e3ba2-c97f-414b-819a-39c05b0ddd8c,parameter,READ_WRITE,STRING,,create_new_command_node,no,,,SJ,移动性参数管理,A1事件测量控制参数,Device.Services.FAPService.{i}.CellConfig.{i}.NR.RAN.Mobility.ConnMode.NR.A1MeasureCtrl.{i}.,DEVICE_SERVICES_FAPSERVICE_CELLCONFIG_NR_RAN_MOBILITY_CONNMODE_NR_A1MEASURECTRL,LST A1_MEASURE_CTRL;MOD A1_MEASURE_CTRL,中国移动5G扩展型皮基站网管南向接口数据模型规范v1.9.4.xlsx,SM,15
CMCC_5G_EXT_PICO_V1.9.4,A1事件测量控制参数,Device.Services.FAPService.{i}.CellConfig.{i}.NR.RAN.Mobility.ConnMode.NR.A1MeasureCtrl.{i}.ReportOnLeave,Device,parameter,A1事件离开上报指示,RW,boolean,61193503-ae35-45da-a989-865ad4e82245,parameter,READ_WRITE,STRING,,create_new_command_node,no,,,SJ,移动性参数管理,A1事件测量控制参数,Device.Services.FAPService.{i}.CellConfig.{i}.NR.RAN.Mobility.ConnMode.NR.A1MeasureCtrl.{i}.,DEVICE_SERVICES_FAPSERVICE_CELLCONFIG_NR_RAN_MOBILITY_CONNMODE_NR_A1MEASURECTRL,LST A1_MEASURE_CTRL;MOD A1_MEASURE_CTRL,中国移动5G扩展型皮基站网管南向接口数据模型规范v1.9.4.xlsx,SM,10
CMCC_5G_EXT_PICO_V1.9.4,A1事件测量控制参数,Device.Services.FAPService.{i}.CellConfig.{i}.NR.RAN.Mobility.ConnMode.NR.A1MeasureCtrl.{i}.ReportQuantityCell,Device,parameter,上报量,RW,string,21b43884-1790-462b-880e-0ab5361a8ac4,parameter,READ_WRITE,STRING,,create_new_command_node,no,,,SJ,移动性参数管理,A1事件测量控制参数,Device.Services.FAPService.{i}.CellConfig.{i}.NR.RAN.Mobility.ConnMode.NR.A1MeasureCtrl.{i}.,DEVICE_SERVICES_FAPSERVICE_CELLCONFIG_NR_RAN_MOBILITY_CONNMODE_NR_A1MEASURECTRL,LST A1_MEASURE_CTRL;MOD A1_MEASURE_CTRL,中国移动5G扩展型皮基站网管南向接口数据模型规范v1.9.4.xlsx,SM,16
CMCC_5G_EXT_PICO_V1.9.4,A1事件测量控制参数,Device.Services.FAPService.{i}.CellConfig.{i}.NR.RAN.Mobility.ConnMode.NR.A1MeasureCtrl.{i}.RptQuantityRsIndex,Device,parameter,A1事件RS测量上报量,RW,string,6900806b-2dba-4769-a0cf-541d7272e330,parameter,READ_WRITE,STRING,,create_new_command_node,no,,,SJ,移动性参数管理,A1事件测量控制参数,Device.Services.FAPService.{i}.CellConfig.{i}.NR.RAN.Mobility.ConnMode.NR.A1MeasureCtrl.{i}.,DEVICE_SERVICES_FAPSERVICE_CELLCONFIG_NR_RAN_MOBILITY_CONNMODE_NR_A1MEASURECTRL,LST A1_MEASURE_CTRL;MOD A1_MEASURE_CTRL,中国移动5G扩展型皮基站网管南向接口数据模型规范v1.9.4.xlsx,SM,8
CMCC_5G_EXT_PICO_V1.9.4,A1事件测量控制参数,Device.Services.FAPService.{i}.CellConfig.{i}.NR.RAN.Mobility.ConnMode.NR.A1MeasureCtrl.{i}.RsType,Device,parameter,测量类型指示,RW,string,2a4a8d42-7de8-48dc-b5cb-982bab1c94ec,parameter,READ_WRITE,STRING,,create_new_command_node,no,,,SJ,移动性参数管理,A1事件测量控制参数,Device.Services.FAPService.{i}.CellConfig.{i}.NR.RAN.Mobility.ConnMode.NR.A1MeasureCtrl.{i}.,DEVICE_SERVICES_FAPSERVICE_CELLCONFIG_NR_RAN_MOBILITY_CONNMODE_NR_A1MEASURECTRL,LST A1_MEASURE_CTRL;MOD A1_MEASURE_CTRL,中国移动5G扩展型皮基站网管南向接口数据模型规范v1.9.4.xlsx,SM,18
CMCC_5G_EXT_PICO_V1.9.4,A1事件测量控制参数,Device.Services.FAPService.{i}.CellConfig.{i}.NR.RAN.Mobility.ConnMode.NR.A1MeasureCtrl.{i}.TimeToTrigger,Device,parameter,触发时间,RW,"unsignedInt[0,40, 64, 80,100,128, 160,256,320, 480, 512, 640, 1024,1280,2560,5120]",6e63d4ee-7a14-4d6d-8339-4148f973f8d9,parameter,READ_WRITE,STRING,,create_new_command_node,no,,,SJ,移动性参数管理,A1事件测量控制参数,Device.Services.FAPService.{i}.CellConfig.{i}.NR.RAN.Mobility.ConnMode.NR.A1MeasureCtrl.{i}.,DEVICE_SERVICES_FAPSERVICE_CELLCONFIG_NR_RAN_MOBILITY_CONNMODE_NR_A1MEASURECTRL,LST A1_MEASURE_CTRL;MOD A1_MEASURE_CTRL,中国移动5G扩展型皮基站网管南向接口数据模型规范v1.9.4.xlsx,SM,17
CMCC_5G_EXT_PICO_V1.9.4,A2事件测量控制参数,Device.Services.FAPService.{i}.CellConfig.{i}.NR.RAN.Mobility.ConnMode.NR.A2MeasureCtrl.{i}.A2ThresholdRSRP,Device,parameter,A2事件RSRP门限,RW,unsignedInt[0:127],981ebbe4-79f3-4b46-acad-0ad8101cf8ce,parameter,READ_WRITE,STRING,,create_new_command_node,no,,,SJ,移动性参数管理,A2事件测量控制参数,Device.Services.FAPService.{i}.CellConfig.{i}.NR.RAN.Mobility.ConnMode.NR.A2MeasureCtrl.{i}.,DEVICE_SERVICES_FAPSERVICE_CELLCONFIG_NR_RAN_MOBILITY_CONNMODE_NR_A2MEASURECTRL,LST A2_MEASURE_CTRL;MOD A2_MEASURE_CTRL,中国移动5G扩展型皮基站网管南向接口数据模型规范v1.9.4.xlsx,SM,56
CMCC_5G_EXT_PICO_V1.9.4,A2事件测量控制参数,Device.Services.FAPService.{i}.CellConfig.{i}.NR.RAN.Mobility.ConnMode.NR.A2MeasureCtrl.{i}.A2ThresholdRSRQ,Device,parameter,A2事件RSRQ门限,RW,unsignedInt[0:127],421e3147-984b-4b0c-a779-57af9c9565d9,parameter,READ_WRITE,STRING,,create_new_command_node,no,,,SJ,移动性参数管理,A2事件测量控制参数,Device.Services.FAPService.{i}.CellConfig.{i}.NR.RAN.Mobility.ConnMode.NR.A2MeasureCtrl.{i}.,DEVICE_SERVICES_FAPSERVICE_CELLCONFIG_NR_RAN_MOBILITY_CONNMODE_NR_A2MEASURECTRL,LST A2_MEASURE_CTRL;MOD A2_MEASURE_CTRL,中国移动5G扩展型皮基站网管南向接口数据模型规范v1.9.4.xlsx,SM,57
CMCC_5G_EXT_PICO_V1.9.4,A2事件测量控制参数,Device.Services.FAPService.{i}.CellConfig.{i}.NR.RAN.Mobility.ConnMode.NR.A2MeasureCtrl.{i}.A2ThresholdSINR,Device,parameter,A2事件SINR门限,RW,unsignedInt[0:127],c462a9fa-3e6c-49d6-8268-9f271552a43b,parameter,READ_WRITE,STRING,,create_new_command_node,no,,,SJ,移动性参数管理,A2事件测量控制参数,Device.Services.FAPService.{i}.CellConfig.{i}.NR.RAN.Mobility.ConnMode.NR.A2MeasureCtrl.{i}.,DEVICE_SERVICES_FAPSERVICE_CELLCONFIG_NR_RAN_MOBILITY_CONNMODE_NR_A2MEASURECTRL,LST A2_MEASURE_CTRL;MOD A2_MEASURE_CTRL,中国移动5G扩展型皮基站网管南向接口数据模型规范v1.9.4.xlsx,SM,58
CMCC_5G_EXT_PICO_V1.9.4,A2事件测量控制参数,Device.Services.FAPService.{i}.CellConfig.{i}.NR.RAN.Mobility.ConnMode.NR.A2MeasureCtrl.{i}.Enable,Device,parameter,使能开关,RW,boolean,2ee9f4b4-cb53-485b-b54c-21cf1012b03c,parameter,READ_WRITE,STRING,,create_new_command_node,no,,,SJ,移动性参数管理,A2事件测量控制参数,Device.Services.FAPService.{i}.CellConfig.{i}.NR.RAN.Mobility.ConnMode.NR.A2MeasureCtrl.{i}.,DEVICE_SERVICES_FAPSERVICE_CELLCONFIG_NR_RAN_MOBILITY_CONNMODE_NR_A2MEASURECTRL,LST A2_MEASURE_CTRL;MOD A2_MEASURE_CTRL,中国移动5G扩展型皮基站网管南向接口数据模型规范v1.9.4.xlsx,SM,54
CMCC_5G_EXT_PICO_V1.9.4,A2事件测量控制参数,Device.Services.FAPService.{i}.CellConfig.{i}.NR.RAN.Mobility.ConnMode.NR.A2MeasureCtrl.{i}.Hysteresis,Device,parameter,迟滞值,RW,unsignedInt[0:30],6557a578-d7f5-44be-bc94-fd2673fa0d03,parameter,READ_WRITE,STRING,,create_new_command_node,no,,,SJ,移动性参数管理,A2事件测量控制参数,Device.Services.FAPService.{i}.CellConfig.{i}.NR.RAN.Mobility.ConnMode.NR.A2MeasureCtrl.{i}.,DEVICE_SERVICES_FAPSERVICE_CELLCONFIG_NR_RAN_MOBILITY_CONNMODE_NR_A2MEASURECTRL,LST A2_MEASURE_CTRL;MOD A2_MEASURE_CTRL,中国移动5G扩展型皮基站网管南向接口数据模型规范v1.9.4.xlsx,SM,62
CMCC_5G_EXT_PICO_V1.9.4,A2事件测量控制参数,Device.Services.FAPService.{i}.CellConfig.{i}.NR.RAN.Mobility.ConnMode.NR.A2MeasureCtrl.{i}.IncludeBeamMeasurements,Device,parameter,波束赋形测量指示,RW,boolean,af450009-05c8-4939-8840-dd7fec59dfe5,parameter,READ_WRITE,STRING,,create_new_command_node,no,,,SJ,移动性参数管理,A2事件测量控制参数,Device.Services.FAPService.{i}.CellConfig.{i}.NR.RAN.Mobility.ConnMode.NR.A2MeasureCtrl.{i}.,DEVICE_SERVICES_FAPSERVICE_CELLCONFIG_NR_RAN_MOBILITY_CONNMODE_NR_A2MEASURECTRL,LST A2_MEASURE_CTRL;MOD A2_MEASURE_CTRL,中国移动5G扩展型皮基站网管南向接口数据模型规范v1.9.4.xlsx,SM,70
CMCC_5G_EXT_PICO_V1.9.4,A2事件测量控制参数,Device.Services.FAPService.{i}.CellConfig.{i}.NR.RAN.Mobility.ConnMode.NR.A2MeasureCtrl.{i}.MaxNrofRSIndexToReport,Device,parameter,RS测量上报资源最大个数,RW,"unsignedInt[1:32,0x0000FFFF]",4a22fb1f-8ef8-44df-8111-f546ca6d1703,parameter,READ_WRITE,STRING,,create_new_command_node,no,,,SJ,移动性参数管理,A2事件测量控制参数,Device.Services.FAPService.{i}.CellConfig.{i}.NR.RAN.Mobility.ConnMode.NR.A2MeasureCtrl.{i}.,DEVICE_SERVICES_FAPSERVICE_CELLCONFIG_NR_RAN_MOBILITY_CONNMODE_NR_A2MEASURECTRL,LST A2_MEASURE_CTRL;MOD A2_MEASURE_CTRL,中国移动5G扩展型皮基站网管南向接口数据模型规范v1.9.4.xlsx,SM,60
CMCC_5G_EXT_PICO_V1.9.4,A2事件测量控制参数,Device.Services.FAPService.{i}.CellConfig.{i}.NR.RAN.Mobility.ConnMode.NR.A2MeasureCtrl.{i}.MaxReportCells,Device,parameter,最大上报小区数,RW,unsignedInt[1:8],4bae18d6-94f3-41a6-a5e7-45904758ccbe,parameter,READ_WRITE,STRING,,create_new_command_node,no,,,SJ,移动性参数管理,A2事件测量控制参数,Device.Services.FAPService.{i}.CellConfig.{i}.NR.RAN.Mobility.ConnMode.NR.A2MeasureCtrl.{i}.,DEVICE_SERVICES_FAPSERVICE_CELLCONFIG_NR_RAN_MOBILITY_CONNMODE_NR_A2MEASURECTRL,LST A2_MEASURE_CTRL;MOD A2_MEASURE_CTRL,中国移动5G扩展型皮基站网管南向接口数据模型规范v1.9.4.xlsx,SM,63
CMCC_5G_EXT_PICO_V1.9.4,A2事件测量控制参数,Device.Services.FAPService.{i}.CellConfig.{i}.NR.RAN.Mobility.ConnMode.NR.A2MeasureCtrl.{i}.MeasurePurpose,Device,parameter,测量目的,R,unsignedInt[1:100],44f983fa-3d51-47a8-8663-a14bcc7f6c18,parameter,READ_WRITE,STRING,,create_new_command_node,no,,,SJ,移动性参数管理,A2事件测量控制参数,Device.Services.FAPService.{i}.CellConfig.{i}.NR.RAN.Mobility.ConnMode.NR.A2MeasureCtrl.{i}.,DEVICE_SERVICES_FAPSERVICE_CELLCONFIG_NR_RAN_MOBILITY_CONNMODE_NR_A2MEASURECTRL,LST A2_MEASURE_CTRL,中国移动5G扩展型皮基站网管南向接口数据模型规范v1.9.4.xlsx,SM,64
CMCC_5G_EXT_PICO_V1.9.4,A2事件测量控制参数,Device.Services.FAPService.{i}.CellConfig.{i}.NR.RAN.Mobility.ConnMode.NR.A2MeasureCtrl.{i}.ReportAmount,Device,parameter,上报次数,RW,"unsignedInt[0:2, 4, 8, 16, 32, 64]",485b6e2d-e8e0-48bb-8e9e-9569d2263f0b,parameter,READ_WRITE,STRING,,create_new_command_node,no,,,SJ,移动性参数管理,A2事件测量控制参数,Device.Services.FAPService.{i}.CellConfig.{i}.NR.RAN.Mobility.ConnMode.NR.A2MeasureCtrl.{i}.,DEVICE_SERVICES_FAPSERVICE_CELLCONFIG_NR_RAN_MOBILITY_CONNMODE_NR_A2MEASURECTRL,LST A2_MEASURE_CTRL;MOD A2_MEASURE_CTRL,中国移动5G扩展型皮基站网管南向接口数据模型规范v1.9.4.xlsx,SM,65
CMCC_5G_EXT_PICO_V1.9.4,A2事件测量控制参数,Device.Services.FAPService.{i}.CellConfig.{i}.NR.RAN.Mobility.ConnMode.NR.A2MeasureCtrl.{i}.ReportInterval,Device,parameter,上报间隔,RW,"unsignedInt[120, 240, 480, 640, 1024, 2048, 5120, 10240, 60000, 360000, 720000, 1800000]",2878d98a-37a5-42f8-8cea-39c6097df0fd,parameter,READ_WRITE,STRING,,create_new_command_node,no,,,SJ,移动性参数管理,A2事件测量控制参数,Device.Services.FAPService.{i}.CellConfig.{i}.NR.RAN.Mobility.ConnMode.NR.A2MeasureCtrl.{i}.,DEVICE_SERVICES_FAPSERVICE_CELLCONFIG_NR_RAN_MOBILITY_CONNMODE_NR_A2MEASURECTRL,LST A2_MEASURE_CTRL;MOD A2_MEASURE_CTRL,中国移动5G扩展型皮基站网管南向接口数据模型规范v1.9.4.xlsx,SM,66
CMCC_5G_EXT_PICO_V1.9.4,A2事件测量控制参数,Device.Services.FAPService.{i}.CellConfig.{i}.NR.RAN.Mobility.ConnMode.NR.A2MeasureCtrl.{i}.ReportOnLeave,Device,parameter,A2事件离开上报指示,RW,boolean,d862a8ee-93fe-45f0-8b7a-37f3c8f88345,parameter,READ_WRITE,STRING,,create_new_command_node,no,,,SJ,移动性参数管理,A2事件测量控制参数,Device.Services.FAPService.{i}.CellConfig.{i}.NR.RAN.Mobility.ConnMode.NR.A2MeasureCtrl.{i}.,DEVICE_SERVICES_FAPSERVICE_CELLCONFIG_NR_RAN_MOBILITY_CONNMODE_NR_A2MEASURECTRL,LST A2_MEASURE_CTRL;MOD A2_MEASURE_CTRL,中国移动5G扩展型皮基站网管南向接口数据模型规范v1.9.4.xlsx,SM,61
CMCC_5G_EXT_PICO_V1.9.4,A2事件测量控制参数,Device.Services.FAPService.{i}.CellConfig.{i}.NR.RAN.Mobility.ConnMode.NR.A2MeasureCtrl.{i}.ReportQuantityCell,Device,parameter,上报量,RW,string,08fb7149-aad3-45a6-ad7a-7efe62d8500c,parameter,READ_WRITE,STRING,,create_new_command_node,no,,,SJ,移动性参数管理,A2事件测量控制参数,Device.Services.FAPService.{i}.CellConfig.{i}.NR.RAN.Mobility.ConnMode.NR.A2MeasureCtrl.{i}.,DEVICE_SERVICES_FAPSERVICE_CELLCONFIG_NR_RAN_MOBILITY_CONNMODE_NR_A2MEASURECTRL,LST A2_MEASURE_CTRL;MOD A2_MEASURE_CTRL,中国移动5G扩展型皮基站网管南向接口数据模型规范v1.9.4.xlsx,SM,67
CMCC_5G_EXT_PICO_V1.9.4,A2事件测量控制参数,Device.Services.FAPService.{i}.CellConfig.{i}.NR.RAN.Mobility.ConnMode.NR.A2MeasureCtrl.{i}.RptQuantityRsIndex,Device,parameter,A2事件RS测量上报量,RW,string,da1aabdd-9f4c-43c6-a473-c1cbb0cfb963,parameter,READ_WRITE,STRING,,create_new_command_node,no,,,SJ,移动性参数管理,A2事件测量控制参数,Device.Services.FAPService.{i}.CellConfig.{i}.NR.RAN.Mobility.ConnMode.NR.A2MeasureCtrl.{i}.,DEVICE_SERVICES_FAPSERVICE_CELLCONFIG_NR_RAN_MOBILITY_CONNMODE_NR_A2MEASURECTRL,LST A2_MEASURE_CTRL;MOD A2_MEASURE_CTRL,中国移动5G扩展型皮基站网管南向接口数据模型规范v1.9.4.xlsx,SM,59
CMCC_5G_EXT_PICO_V1.9.4,A2事件测量控制参数,Device.Services.FAPService.{i}.CellConfig.{i}.NR.RAN.Mobility.ConnMode.NR.A2MeasureCtrl.{i}.RsType,Device,parameter,测量类型指示,RW,string,64828043-11f7-4adb-9218-9605a6368036,parameter,READ_WRITE,STRING,,create_new_command_node,no,,,SJ,移动性参数管理,A2事件测量控制参数,Device.Services.FAPService.{i}.CellConfig.{i}.NR.RAN.Mobility.ConnMode.NR.A2MeasureCtrl.{i}.,DEVICE_SERVICES_FAPSERVICE_CELLCONFIG_NR_RAN_MOBILITY_CONNMODE_NR_A2MEASURECTRL,LST A2_MEASURE_CTRL;MOD A2_MEASURE_CTRL,中国移动5G扩展型皮基站网管南向接口数据模型规范v1.9.4.xlsx,SM,69
CMCC_5G_EXT_PICO_V1.9.4,A2事件测量控制参数,Device.Services.FAPService.{i}.CellConfig.{i}.NR.RAN.Mobility.ConnMode.NR.A2MeasureCtrl.{i}.TimeToTrigger,Device,parameter,触发时间,RW,"unsignedInt[0,40, 64, 80,100,128, 160,256,320, 480, 512, 640, 1024,1280,2560,5120]",6ab9d6af-0d83-411e-8dd2-79bef4b11bfd,parameter,READ_WRITE,STRING,,create_new_command_node,no,,,SJ,移动性参数管理,A2事件测量控制参数,Device.Services.FAPService.{i}.CellConfig.{i}.NR.RAN.Mobility.ConnMode.NR.A2MeasureCtrl.{i}.,DEVICE_SERVICES_FAPSERVICE_CELLCONFIG_NR_RAN_MOBILITY_CONNMODE_NR_A2MEASURECTRL,LST A2_MEASURE_CTRL;MOD A2_MEASURE_CTRL,中国移动5G扩展型皮基站网管南向接口数据模型规范v1.9.4.xlsx,SM,68
CMCC_5G_EXT_PICO_V1.9.4,A3事件测量控制参数,Device.Services.FAPService.{i}.CellConfig.{i}.NR.RAN.Mobility.ConnMode.NR.A3MeasureCtrl.{i}.A3OffsetRSRP,Device,parameter,A3事件RSRP门限,RW,int[-30:30],f21ed1ce-da11-4fac-8421-a5db6c616c14,parameter,READ_WRITE,STRING,,create_new_command_node,no,,,SJ,移动性参数管理,A3事件测量控制参数,Device.Services.FAPService.{i}.CellConfig.{i}.NR.RAN.Mobility.ConnMode.NR.A3MeasureCtrl.{i}.,DEVICE_SERVICES_FAPSERVICE_CELLCONFIG_NR_RAN_MOBILITY_CONNMODE_NR_A3MEASURECTRL,LST A3_MEASURE_CTRL;MOD A3_MEASURE_CTRL,中国移动5G扩展型皮基站网管南向接口数据模型规范v1.9.4.xlsx,SM,107
CMCC_5G_EXT_PICO_V1.9.4,A3事件测量控制参数,Device.Services.FAPService.{i}.CellConfig.{i}.NR.RAN.Mobility.ConnMode.NR.A3MeasureCtrl.{i}.A3OffsetRSRQ,Device,parameter,A3事件RSRQ门限,RW,int[-30:30],633aa508-d37e-4160-ba32-dc26d6bcde25,parameter,READ_WRITE,STRING,,create_new_command_node,no,,,SJ,移动性参数管理,A3事件测量控制参数,Device.Services.FAPService.{i}.CellConfig.{i}.NR.RAN.Mobility.ConnMode.NR.A3MeasureCtrl.{i}.,DEVICE_SERVICES_FAPSERVICE_CELLCONFIG_NR_RAN_MOBILITY_CONNMODE_NR_A3MEASURECTRL,LST A3_MEASURE_CTRL;MOD A3_MEASURE_CTRL,中国移动5G扩展型皮基站网管南向接口数据模型规范v1.9.4.xlsx,SM,108
CMCC_5G_EXT_PICO_V1.9.4,A3事件测量控制参数,Device.Services.FAPService.{i}.CellConfig.{i}.NR.RAN.Mobility.ConnMode.NR.A3MeasureCtrl.{i}.A3OffsetSINR,Device,parameter,A3事件SINR门限,RW,int[-30:30],8beb2a22-7838-423a-afb3-32c01a2fb30f,parameter,READ_WRITE,STRING,,create_new_command_node,no,,,SJ,移动性参数管理,A3事件测量控制参数,Device.Services.FAPService.{i}.CellConfig.{i}.NR.RAN.Mobility.ConnMode.NR.A3MeasureCtrl.{i}.,DEVICE_SERVICES_FAPSERVICE_CELLCONFIG_NR_RAN_MOBILITY_CONNMODE_NR_A3MEASURECTRL,LST A3_MEASURE_CTRL;MOD A3_MEASURE_CTRL,中国移动5G扩展型皮基站网管南向接口数据模型规范v1.9.4.xlsx,SM,109
CMCC_5G_EXT_PICO_V1.9.4,A3事件测量控制参数,Device.Services.FAPService.{i}.CellConfig.{i}.NR.RAN.Mobility.ConnMode.NR.A3MeasureCtrl.{i}.Enable,Device,parameter,使能开关,RW,boolean,9dcec11d-2c8e-4f1c-aa24-bd373ea7136b,parameter,READ_WRITE,STRING,,create_new_command_node,no,,,SJ,移动性参数管理,A3事件测量控制参数,Device.Services.FAPService.{i}.CellConfig.{i}.NR.RAN.Mobility.ConnMode.NR.A3MeasureCtrl.{i}.,DEVICE_SERVICES_FAPSERVICE_CELLCONFIG_NR_RAN_MOBILITY_CONNMODE_NR_A3MEASURECTRL,LST A3_MEASURE_CTRL;MOD A3_MEASURE_CTRL,中国移动5G扩展型皮基站网管南向接口数据模型规范v1.9.4.xlsx,SM,105
CMCC_5G_EXT_PICO_V1.9.4,A3事件测量控制参数,Device.Services.FAPService.{i}.CellConfig.{i}.NR.RAN.Mobility.ConnMode.NR.A3MeasureCtrl.{i}.Hysteresis,Device,parameter,迟滞值,RW,unsignedInt[0:30],f36b3173-4ad7-40f1-8b6f-7bcbcbe217d0,parameter,READ_WRITE,STRING,,create_new_command_node,no,,,SJ,移动性参数管理,A3事件测量控制参数,Device.Services.FAPService.{i}.CellConfig.{i}.NR.RAN.Mobility.ConnMode.NR.A3MeasureCtrl.{i}.,DEVICE_SERVICES_FAPSERVICE_CELLCONFIG_NR_RAN_MOBILITY_CONNMODE_NR_A3MEASURECTRL,LST A3_MEASURE_CTRL;MOD A3_MEASURE_CTRL,中国移动5G扩展型皮基站网管南向接口数据模型规范v1.9.4.xlsx,SM,112
CMCC_5G_EXT_PICO_V1.9.4,A3事件测量控制参数,Device.Services.FAPService.{i}.CellConfig.{i}.NR.RAN.Mobility.ConnMode.NR.A3MeasureCtrl.{i}.IncludeBeamMeasurements,Device,parameter,波束赋形测量指示,RW,boolean,db604a67-470b-46f1-8e52-59258dfe3999,parameter,READ_WRITE,STRING,,create_new_command_node,no,,,SJ,移动性参数管理,A3事件测量控制参数,Device.Services.FAPService.{i}.CellConfig.{i}.NR.RAN.Mobility.ConnMode.NR.A3MeasureCtrl.{i}.,DEVICE_SERVICES_FAPSERVICE_CELLCONFIG_NR_RAN_MOBILITY_CONNMODE_NR_A3MEASURECTRL,LST A3_MEASURE_CTRL;MOD A3_MEASURE_CTRL,中国移动5G扩展型皮基站网管南向接口数据模型规范v1.9.4.xlsx,SM,122
CMCC_5G_EXT_PICO_V1.9.4,A3事件测量控制参数,Device.Services.FAPService.{i}.CellConfig.{i}.NR.RAN.Mobility.ConnMode.NR.A3MeasureCtrl.{i}.MaxNrofRSIndexToReport,Device,parameter,RS测量上报资源最大个数,RW,"unsignedInt[1:32,0x0000FFFF]",52242a41-380c-4634-9a3a-642c4715e316,parameter,READ_WRITE,STRING,,create_new_command_node,no,,,SJ,移动性参数管理,A3事件测量控制参数,Device.Services.FAPService.{i}.CellConfig.{i}.NR.RAN.Mobility.ConnMode.NR.A3MeasureCtrl.{i}.,DEVICE_SERVICES_FAPSERVICE_CELLCONFIG_NR_RAN_MOBILITY_CONNMODE_NR_A3MEASURECTRL,LST A3_MEASURE_CTRL;MOD A3_MEASURE_CTRL,中国移动5G扩展型皮基站网管南向接口数据模型规范v1.9.4.xlsx,SM,111
CMCC_5G_EXT_PICO_V1.9.4,A3事件测量控制参数,Device.Services.FAPService.{i}.CellConfig.{i}.NR.RAN.Mobility.ConnMode.NR.A3MeasureCtrl.{i}.MaxReportCells,Device,parameter,最大上报小区数,RW,unsignedInt[1:8],e659fa1c-e92b-4e56-96ab-b7d73c073125,parameter,READ_WRITE,STRING,,create_new_command_node,no,,,SJ,移动性参数管理,A3事件测量控制参数,Device.Services.FAPService.{i}.CellConfig.{i}.NR.RAN.Mobility.ConnMode.NR.A3MeasureCtrl.{i}.,DEVICE_SERVICES_FAPSERVICE_CELLCONFIG_NR_RAN_MOBILITY_CONNMODE_NR_A3MEASURECTRL,LST A3_MEASURE_CTRL;MOD A3_MEASURE_CTRL,中国移动5G扩展型皮基站网管南向接口数据模型规范v1.9.4.xlsx,SM,113
CMCC_5G_EXT_PICO_V1.9.4,A3事件测量控制参数,Device.Services.FAPService.{i}.CellConfig.{i}.NR.RAN.Mobility.ConnMode.NR.A3MeasureCtrl.{i}.MeasurePurpose,Device,parameter,测量目的,R,unsignedInt[1:100],b02df047-633d-4f3a-8ca4-0b95f837bbaf,parameter,READ_WRITE,STRING,,create_new_command_node,no,,,SJ,移动性参数管理,A3事件测量控制参数,Device.Services.FAPService.{i}.CellConfig.{i}.NR.RAN.Mobility.ConnMode.NR.A3MeasureCtrl.{i}.,DEVICE_SERVICES_FAPSERVICE_CELLCONFIG_NR_RAN_MOBILITY_CONNMODE_NR_A3MEASURECTRL,LST A3_MEASURE_CTRL,中国移动5G扩展型皮基站网管南向接口数据模型规范v1.9.4.xlsx,SM,114
CMCC_5G_EXT_PICO_V1.9.4,A3事件测量控制参数,Device.Services.FAPService.{i}.CellConfig.{i}.NR.RAN.Mobility.ConnMode.NR.A3MeasureCtrl.{i}.ReportAmount,Device,parameter,上报次数,RW,"unsignedInt[0:2, 4, 8, 16, 32, 64]",aa7f516b-1b88-4eb7-97eb-0a4b64371978,parameter,READ_WRITE,STRING,,create_new_command_node,no,,,SJ,移动性参数管理,A3事件测量控制参数,Device.Services.FAPService.{i}.CellConfig.{i}.NR.RAN.Mobility.ConnMode.NR.A3MeasureCtrl.{i}.,DEVICE_SERVICES_FAPSERVICE_CELLCONFIG_NR_RAN_MOBILITY_CONNMODE_NR_A3MEASURECTRL,LST A3_MEASURE_CTRL;MOD A3_MEASURE_CTRL,中国移动5G扩展型皮基站网管南向接口数据模型规范v1.9.4.xlsx,SM,115
CMCC_5G_EXT_PICO_V1.9.4,A3事件测量控制参数,Device.Services.FAPService.{i}.CellConfig.{i}.NR.RAN.Mobility.ConnMode.NR.A3MeasureCtrl.{i}.ReportInterval,Device,parameter,上报间隔,RW,"unsignedInt[120, 240, 480, 640, 1024, 2048, 5120, 10240, 60000, 360000, 720000, 1800000]",d194fcaa-9309-450e-befc-0d8e5e87b181,parameter,READ_WRITE,STRING,,create_new_command_node,no,,,SJ,移动性参数管理,A3事件测量控制参数,Device.Services.FAPService.{i}.CellConfig.{i}.NR.RAN.Mobility.ConnMode.NR.A3MeasureCtrl.{i}.,DEVICE_SERVICES_FAPSERVICE_CELLCONFIG_NR_RAN_MOBILITY_CONNMODE_NR_A3MEASURECTRL,LST A3_MEASURE_CTRL;MOD A3_MEASURE_CTRL,中国移动5G扩展型皮基站网管南向接口数据模型规范v1.9.4.xlsx,SM,117
CMCC_5G_EXT_PICO_V1.9.4,A3事件测量控制参数,Device.Services.FAPService.{i}.CellConfig.{i}.NR.RAN.Mobility.ConnMode.NR.A3MeasureCtrl.{i}.ReportOnLeave,Device,parameter,A3事件离开上报指示,RW,boolean,a7d8c6ec-aa61-4351-b103-6984349a35c4,parameter,READ_WRITE,STRING,,create_new_command_node,no,,,SJ,移动性参数管理,A3事件测量控制参数,Device.Services.FAPService.{i}.CellConfig.{i}.NR.RAN.Mobility.ConnMode.NR.A3MeasureCtrl.{i}.,DEVICE_SERVICES_FAPSERVICE_CELLCONFIG_NR_RAN_MOBILITY_CONNMODE_NR_A3MEASURECTRL,LST A3_MEASURE_CTRL;MOD A3_MEASURE_CTRL,中国移动5G扩展型皮基站网管南向接口数据模型规范v1.9.4.xlsx,SM,116
CMCC_5G_EXT_PICO_V1.9.4,A3事件测量控制参数,Device.Services.FAPService.{i}.CellConfig.{i}.NR.RAN.Mobility.ConnMode.NR.A3MeasureCtrl.{i}.ReportQuantityCell,Device,parameter,上报量,RW,string,bf8999e7-5c89-48d8-a069-a7443f128e31,parameter,READ_WRITE,STRING,,create_new_command_node,no,,,SJ,移动性参数管理,A3事件测量控制参数,Device.Services.FAPService.{i}.CellConfig.{i}.NR.RAN.Mobility.ConnMode.NR.A3MeasureCtrl.{i}.,DEVICE_SERVICES_FAPSERVICE_CELLCONFIG_NR_RAN_MOBILITY_CONNMODE_NR_A3MEASURECTRL,LST A3_MEASURE_CTRL;MOD A3_MEASURE_CTRL,中国移动5G扩展型皮基站网管南向接口数据模型规范v1.9.4.xlsx,SM,118
CMCC_5G_EXT_PICO_V1.9.4,A3事件测量控制参数,Device.Services.FAPService.{i}.CellConfig.{i}.NR.RAN.Mobility.ConnMode.NR.A3MeasureCtrl.{i}.RptQuantityRsIndex,Device,parameter,A3事件RS测量上报量,RW,string,ead26fae-a602-4700-87c2-f944f8f67e67,parameter,READ_WRITE,STRING,,create_new_command_node,no,,,SJ,移动性参数管理,A3事件测量控制参数,Device.Services.FAPService.{i}.CellConfig.{i}.NR.RAN.Mobility.ConnMode.NR.A3MeasureCtrl.{i}.,DEVICE_SERVICES_FAPSERVICE_CELLCONFIG_NR_RAN_MOBILITY_CONNMODE_NR_A3MEASURECTRL,LST A3_MEASURE_CTRL;MOD A3_MEASURE_CTRL,中国移动5G扩展型皮基站网管南向接口数据模型规范v1.9.4.xlsx,SM,110
CMCC_5G_EXT_PICO_V1.9.4,A3事件测量控制参数,Device.Services.FAPService.{i}.CellConfig.{i}.NR.RAN.Mobility.ConnMode.NR.A3MeasureCtrl.{i}.RsType,Device,parameter,测量类型指示,RW,string,99724ac1-87d9-4ac5-a5b1-9d7c4555b75c,parameter,READ_WRITE,STRING,,create_new_command_node,no,,,SJ,移动性参数管理,A3事件测量控制参数,Device.Services.FAPService.{i}.CellConfig.{i}.NR.RAN.Mobility.ConnMode.NR.A3MeasureCtrl.{i}.,DEVICE_SERVICES_FAPSERVICE_CELLCONFIG_NR_RAN_MOBILITY_CONNMODE_NR_A3MEASURECTRL,LST A3_MEASURE_CTRL;MOD A3_MEASURE_CTRL,中国移动5G扩展型皮基站网管南向接口数据模型规范v1.9.4.xlsx,SM,121
CMCC_5G_EXT_PICO_V1.9.4,A3事件测量控制参数,Device.Services.FAPService.{i}.CellConfig.{i}.NR.RAN.Mobility.ConnMode.NR.A3MeasureCtrl.{i}.TimeToTrigger,Device,parameter,触发时间,RW,"unsignedInt[0,40, 64, 80,100,128, 160,256,320, 480, 512, 640, 1024,1280,2560,5120]",ed43d2d5-ff6c-4494-8315-d1fffbcc4ef7,parameter,READ_WRITE,STRING,,create_new_command_node,no,,,SJ,移动性参数管理,A3事件测量控制参数,Device.Services.FAPService.{i}.CellConfig.{i}.NR.RAN.Mobility.ConnMode.NR.A3MeasureCtrl.{i}.,DEVICE_SERVICES_FAPSERVICE_CELLCONFIG_NR_RAN_MOBILITY_CONNMODE_NR_A3MEASURECTRL,LST A3_MEASURE_CTRL;MOD A3_MEASURE_CTRL,中国移动5G扩展型皮基站网管南向接口数据模型规范v1.9.4.xlsx,SM,119
CMCC_5G_EXT_PICO_V1.9.4,A3事件测量控制参数,Device.Services.FAPService.{i}.CellConfig.{i}.NR.RAN.Mobility.ConnMode.NR.A3MeasureCtrl.{i}.UseWhiteCellList,Device,parameter,小区测量白名单指示,RW,boolean,e695dc0a-8a2b-4838-b1e6-6cc733188bf2,parameter,READ_WRITE,STRING,,create_new_command_node,no,,,SJ,移动性参数管理,A3事件测量控制参数,Device.Services.FAPService.{i}.CellConfig.{i}.NR.RAN.Mobility.ConnMode.NR.A3MeasureCtrl.{i}.,DEVICE_SERVICES_FAPSERVICE_CELLCONFIG_NR_RAN_MOBILITY_CONNMODE_NR_A3MEASURECTRL,LST A3_MEASURE_CTRL;MOD A3_MEASURE_CTRL,中国移动5G扩展型皮基站网管南向接口数据模型规范v1.9.4.xlsx,SM,120
CMCC_5G_EXT_PICO_V1.9.4,A4事件测量控制参数,Device.Services.FAPService.{i}.CellConfig.{i}.NR.RAN.Mobility.ConnMode.NR.A4MeasureCtrl.{i}.A4ThresholdRSRP,Device,parameter,A4事件RSRP门限,RW,unsignedInt[0:127],66ee5e05-2b3b-4db1-84a6-1226afc5b09b,parameter,READ_WRITE,STRING,,create_new_command_node,no,,,SJ,移动性参数管理,A4事件测量控制参数,Device.Services.FAPService.{i}.CellConfig.{i}.NR.RAN.Mobility.ConnMode.NR.A4MeasureCtrl.{i}.,DEVICE_SERVICES_FAPSERVICE_CELLCONFIG_NR_RAN_MOBILITY_CONNMODE_NR_A4MEASURECTRL,LST A4_MEASURE_CTRL;MOD A4_MEASURE_CTRL,中国移动5G扩展型皮基站网管南向接口数据模型规范v1.9.4.xlsx,SM,161
CMCC_5G_EXT_PICO_V1.9.4,A4事件测量控制参数,Device.Services.FAPService.{i}.CellConfig.{i}.NR.RAN.Mobility.ConnMode.NR.A4MeasureCtrl.{i}.A4ThresholdRSRQ,Device,parameter,A4事件RSRQ门限,RW,unsignedInt[0:127],d5338239-3ce7-4668-b807-c43ce0268842,parameter,READ_WRITE,STRING,,create_new_command_node,no,,,SJ,移动性参数管理,A4事件测量控制参数,Device.Services.FAPService.{i}.CellConfig.{i}.NR.RAN.Mobility.ConnMode.NR.A4MeasureCtrl.{i}.,DEVICE_SERVICES_FAPSERVICE_CELLCONFIG_NR_RAN_MOBILITY_CONNMODE_NR_A4MEASURECTRL,LST A4_MEASURE_CTRL;MOD A4_MEASURE_CTRL,中国移动5G扩展型皮基站网管南向接口数据模型规范v1.9.4.xlsx,SM,162
CMCC_5G_EXT_PICO_V1.9.4,A4事件测量控制参数,Device.Services.FAPService.{i}.CellConfig.{i}.NR.RAN.Mobility.ConnMode.NR.A4MeasureCtrl.{i}.A4ThresholdSINR,Device,parameter,A4事件SINR门限,RW,unsignedInt[0:127],9779eeb8-02a3-4060-8d95-fa502c5df2c3,parameter,READ_WRITE,STRING,,create_new_command_node,no,,,SJ,移动性参数管理,A4事件测量控制参数,Device.Services.FAPService.{i}.CellConfig.{i}.NR.RAN.Mobility.ConnMode.NR.A4MeasureCtrl.{i}.,DEVICE_SERVICES_FAPSERVICE_CELLCONFIG_NR_RAN_MOBILITY_CONNMODE_NR_A4MEASURECTRL,LST A4_MEASURE_CTRL;MOD A4_MEASURE_CTRL,中国移动5G扩展型皮基站网管南向接口数据模型规范v1.9.4.xlsx,SM,163
CMCC_5G_EXT_PICO_V1.9.4,A4事件测量控制参数,Device.Services.FAPService.{i}.CellConfig.{i}.NR.RAN.Mobility.ConnMode.NR.A4MeasureCtrl.{i}.Enable,Device,parameter,使能开关,RW,boolean,59358718-4fcf-4ced-a40d-08a7558c44d3,parameter,READ_WRITE,STRING,,create_new_command_node,no,,,SJ,移动性参数管理,A4事件测量控制参数,Device.Services.FAPService.{i}.CellConfig.{i}.NR.RAN.Mobility.ConnMode.NR.A4MeasureCtrl.{i}.,DEVICE_SERVICES_FAPSERVICE_CELLCONFIG_NR_RAN_MOBILITY_CONNMODE_NR_A4MEASURECTRL,LST A4_MEASURE_CTRL;MOD A4_MEASURE_CTRL,中国移动5G扩展型皮基站网管南向接口数据模型规范v1.9.4.xlsx,SM,159
CMCC_5G_EXT_PICO_V1.9.4,A4事件测量控制参数,Device.Services.FAPService.{i}.CellConfig.{i}.NR.RAN.Mobility.ConnMode.NR.A4MeasureCtrl.{i}.Hysteresis,Device,parameter,迟滞值,RW,unsignedInt[0:30],3627868c-eb82-4981-9beb-e998237c9a46,parameter,READ_WRITE,STRING,,create_new_command_node,no,,,SJ,移动性参数管理,A4事件测量控制参数,Device.Services.FAPService.{i}.CellConfig.{i}.NR.RAN.Mobility.ConnMode.NR.A4MeasureCtrl.{i}.,DEVICE_SERVICES_FAPSERVICE_CELLCONFIG_NR_RAN_MOBILITY_CONNMODE_NR_A4MEASURECTRL,LST A4_MEASURE_CTRL;MOD A4_MEASURE_CTRL,中国移动5G扩展型皮基站网管南向接口数据模型规范v1.9.4.xlsx,SM,167
CMCC_5G_EXT_PICO_V1.9.4,A4事件测量控制参数,Device.Services.FAPService.{i}.CellConfig.{i}.NR.RAN.Mobility.ConnMode.NR.A4MeasureCtrl.{i}.IncludeBeamMeasurements,Device,parameter,波束赋形测量指示,RW,boolean,646a824c-5950-4af9-9dc1-ba7292299134,parameter,READ_WRITE,STRING,,create_new_command_node,no,,,SJ,移动性参数管理,A4事件测量控制参数,Device.Services.FAPService.{i}.CellConfig.{i}.NR.RAN.Mobility.ConnMode.NR.A4MeasureCtrl.{i}.,DEVICE_SERVICES_FAPSERVICE_CELLCONFIG_NR_RAN_MOBILITY_CONNMODE_NR_A4MEASURECTRL,LST A4_MEASURE_CTRL;MOD A4_MEASURE_CTRL,中国移动5G扩展型皮基站网管南向接口数据模型规范v1.9.4.xlsx,SM,176
CMCC_5G_EXT_PICO_V1.9.4,A4事件测量控制参数,Device.Services.FAPService.{i}.CellConfig.{i}.NR.RAN.Mobility.ConnMode.NR.A4MeasureCtrl.{i}.MaxNrofRSIndexToReport,Device,parameter,RS测量上报资源最大个数,RW,"unsignedInt[1:32,0x0000FFFF]",07195eb4-d26e-4e8a-86aa-d9d0f5168cfc,parameter,READ_WRITE,STRING,,create_new_command_node,no,,,SJ,移动性参数管理,A4事件测量控制参数,Device.Services.FAPService.{i}.CellConfig.{i}.NR.RAN.Mobility.ConnMode.NR.A4MeasureCtrl.{i}.,DEVICE_SERVICES_FAPSERVICE_CELLCONFIG_NR_RAN_MOBILITY_CONNMODE_NR_A4MEASURECTRL,LST A4_MEASURE_CTRL;MOD A4_MEASURE_CTRL,中国移动5G扩展型皮基站网管南向接口数据模型规范v1.9.4.xlsx,SM,165
CMCC_5G_EXT_PICO_V1.9.4,A4事件测量控制参数,Device.Services.FAPService.{i}.CellConfig.{i}.NR.RAN.Mobility.ConnMode.NR.A4MeasureCtrl.{i}.MaxReportCells,Device,parameter,最大上报小区数,RW,unsignedInt[1:8],686c22be-a896-4488-851d-76fdb0bd0b3e,parameter,READ_WRITE,STRING,,create_new_command_node,no,,,SJ,移动性参数管理,A4事件测量控制参数,Device.Services.FAPService.{i}.CellConfig.{i}.NR.RAN.Mobility.ConnMode.NR.A4MeasureCtrl.{i}.,DEVICE_SERVICES_FAPSERVICE_CELLCONFIG_NR_RAN_MOBILITY_CONNMODE_NR_A4MEASURECTRL,LST A4_MEASURE_CTRL;MOD A4_MEASURE_CTRL,中国移动5G扩展型皮基站网管南向接口数据模型规范v1.9.4.xlsx,SM,168
CMCC_5G_EXT_PICO_V1.9.4,A4事件测量控制参数,Device.Services.FAPService.{i}.CellConfig.{i}.NR.RAN.Mobility.ConnMode.NR.A4MeasureCtrl.{i}.MeasurePurpose,Device,parameter,测量目的,R,unsignedInt[1:100],e5422ec1-9d34-4b47-b263-3dc393670366,parameter,READ_WRITE,STRING,,create_new_command_node,no,,,SJ,移动性参数管理,A4事件测量控制参数,Device.Services.FAPService.{i}.CellConfig.{i}.NR.RAN.Mobility.ConnMode.NR.A4MeasureCtrl.{i}.,DEVICE_SERVICES_FAPSERVICE_CELLCONFIG_NR_RAN_MOBILITY_CONNMODE_NR_A4MEASURECTRL,LST A4_MEASURE_CTRL,中国移动5G扩展型皮基站网管南向接口数据模型规范v1.9.4.xlsx,SM,169
CMCC_5G_EXT_PICO_V1.9.4,A4事件测量控制参数,Device.Services.FAPService.{i}.CellConfig.{i}.NR.RAN.Mobility.ConnMode.NR.A4MeasureCtrl.{i}.ReportAmount,Device,parameter,上报次数,RW,"unsignedInt[0:2, 4, 8, 16, 32, 64]",01366dc4-45a4-4e94-ba0f-72b8074c763c,parameter,READ_WRITE,STRING,,create_new_command_node,no,,,SJ,移动性参数管理,A4事件测量控制参数,Device.Services.FAPService.{i}.CellConfig.{i}.NR.RAN.Mobility.ConnMode.NR.A4MeasureCtrl.{i}.,DEVICE_SERVICES_FAPSERVICE_CELLCONFIG_NR_RAN_MOBILITY_CONNMODE_NR_A4MEASURECTRL,LST A4_MEASURE_CTRL;MOD A4_MEASURE_CTRL,中国移动5G扩展型皮基站网管南向接口数据模型规范v1.9.4.xlsx,SM,170
CMCC_5G_EXT_PICO_V1.9.4,A4事件测量控制参数,Device.Services.FAPService.{i}.CellConfig.{i}.NR.RAN.Mobility.ConnMode.NR.A4MeasureCtrl.{i}.ReportInterval,Device,parameter,上报间隔,RW,"unsignedInt[120, 240, 480, 640, 1024, 2048, 5120, 10240, 60000, 360000, 720000, 1800000]",e4617830-ea39-46b1-b05d-a9c68f044394,parameter,READ_WRITE,STRING,,create_new_command_node,no,,,SJ,移动性参数管理,A4事件测量控制参数,Device.Services.FAPService.{i}.CellConfig.{i}.NR.RAN.Mobility.ConnMode.NR.A4MeasureCtrl.{i}.,DEVICE_SERVICES_FAPSERVICE_CELLCONFIG_NR_RAN_MOBILITY_CONNMODE_NR_A4MEASURECTRL,LST A4_MEASURE_CTRL;MOD A4_MEASURE_CTRL,中国移动5G扩展型皮基站网管南向接口数据模型规范v1.9.4.xlsx,SM,171
CMCC_5G_EXT_PICO_V1.9.4,A4事件测量控制参数,Device.Services.FAPService.{i}.CellConfig.{i}.NR.RAN.Mobility.ConnMode.NR.A4MeasureCtrl.{i}.ReportOnLeave,Device,parameter,A4事件离开上报指示,RW,boolean,1bc7a891-6ccf-4e5c-81ea-296b20d9a3c8,parameter,READ_WRITE,STRING,,create_new_command_node,no,,,SJ,移动性参数管理,A4事件测量控制参数,Device.Services.FAPService.{i}.CellConfig.{i}.NR.RAN.Mobility.ConnMode.NR.A4MeasureCtrl.{i}.,DEVICE_SERVICES_FAPSERVICE_CELLCONFIG_NR_RAN_MOBILITY_CONNMODE_NR_A4MEASURECTRL,LST A4_MEASURE_CTRL;MOD A4_MEASURE_CTRL,中国移动5G扩展型皮基站网管南向接口数据模型规范v1.9.4.xlsx,SM,166
CMCC_5G_EXT_PICO_V1.9.4,A4事件测量控制参数,Device.Services.FAPService.{i}.CellConfig.{i}.NR.RAN.Mobility.ConnMode.NR.A4MeasureCtrl.{i}.ReportQuantityCell,Device,parameter,上报量,RW,string,0eb415d0-61fa-424e-ad8d-17ac73fc2690,parameter,READ_WRITE,STRING,,create_new_command_node,no,,,SJ,移动性参数管理,A4事件测量控制参数,Device.Services.FAPService.{i}.CellConfig.{i}.NR.RAN.Mobility.ConnMode.NR.A4MeasureCtrl.{i}.,DEVICE_SERVICES_FAPSERVICE_CELLCONFIG_NR_RAN_MOBILITY_CONNMODE_NR_A4MEASURECTRL,LST A4_MEASURE_CTRL;MOD A4_MEASURE_CTRL,中国移动5G扩展型皮基站网管南向接口数据模型规范v1.9.4.xlsx,SM,172
CMCC_5G_EXT_PICO_V1.9.4,A4事件测量控制参数,Device.Services.FAPService.{i}.CellConfig.{i}.NR.RAN.Mobility.ConnMode.NR.A4MeasureCtrl.{i}.RptQuantityRsIndex,Device,parameter,A4事件RS测量上报量,RW,string,d3a77158-76ac-4a04-a12c-3df5692dd3be,parameter,READ_WRITE,STRING,,create_new_command_node,no,,,SJ,移动性参数管理,A4事件测量控制参数,Device.Services.FAPService.{i}.CellConfig.{i}.NR.RAN.Mobility.ConnMode.NR.A4MeasureCtrl.{i}.,DEVICE_SERVICES_FAPSERVICE_CELLCONFIG_NR_RAN_MOBILITY_CONNMODE_NR_A4MEASURECTRL,LST A4_MEASURE_CTRL;MOD A4_MEASURE_CTRL,中国移动5G扩展型皮基站网管南向接口数据模型规范v1.9.4.xlsx,SM,164
CMCC_5G_EXT_PICO_V1.9.4,A4事件测量控制参数,Device.Services.FAPService.{i}.CellConfig.{i}.NR.RAN.Mobility.ConnMode.NR.A4MeasureCtrl.{i}.RsType,Device,parameter,测量类型指示,RW,string,4feb3128-3669-4726-ac40-3f638b1b71eb,parameter,READ_WRITE,STRING,,create_new_command_node,no,,,SJ,移动性参数管理,A4事件测量控制参数,Device.Services.FAPService.{i}.CellConfig.{i}.NR.RAN.Mobility.ConnMode.NR.A4MeasureCtrl.{i}.,DEVICE_SERVICES_FAPSERVICE_CELLCONFIG_NR_RAN_MOBILITY_CONNMODE_NR_A4MEASURECTRL,LST A4_MEASURE_CTRL;MOD A4_MEASURE_CTRL,中国移动5G扩展型皮基站网管南向接口数据模型规范v1.9.4.xlsx,SM,175
CMCC_5G_EXT_PICO_V1.9.4,A4事件测量控制参数,Device.Services.FAPService.{i}.CellConfig.{i}.NR.RAN.Mobility.ConnMode.NR.A4MeasureCtrl.{i}.TimeToTrigger,Device,parameter,触发时间,RW,"unsignedInt[0,40, 64, 80,100,128, 160,256,320, 480, 512, 640, 1024,1280,2560,5120]",ab6b969d-3014-45b9-9c5f-7a437689757a,parameter,READ_WRITE,STRING,,create_new_command_node,no,,,SJ,移动性参数管理,A4事件测量控制参数,Device.Services.FAPService.{i}.CellConfig.{i}.NR.RAN.Mobility.ConnMode.NR.A4MeasureCtrl.{i}.,DEVICE_SERVICES_FAPSERVICE_CELLCONFIG_NR_RAN_MOBILITY_CONNMODE_NR_A4MEASURECTRL,LST A4_MEASURE_CTRL;MOD A4_MEASURE_CTRL,中国移动5G扩展型皮基站网管南向接口数据模型规范v1.9.4.xlsx,SM,173
CMCC_5G_EXT_PICO_V1.9.4,A4事件测量控制参数,Device.Services.FAPService.{i}.CellConfig.{i}.NR.RAN.Mobility.ConnMode.NR.A4MeasureCtrl.{i}.UseWhiteCellList,Device,parameter,小区测量白名单指示,RW,boolean,9f1df471-aa53-4a9e-a742-66eaf9b82c4a,parameter,READ_WRITE,STRING,,create_new_command_node,no,,,SJ,移动性参数管理,A4事件测量控制参数,Device.Services.FAPService.{i}.CellConfig.{i}.NR.RAN.Mobility.ConnMode.NR.A4MeasureCtrl.{i}.,DEVICE_SERVICES_FAPSERVICE_CELLCONFIG_NR_RAN_MOBILITY_CONNMODE_NR_A4MEASURECTRL,LST A4_MEASURE_CTRL;MOD A4_MEASURE_CTRL,中国移动5G扩展型皮基站网管南向接口数据模型规范v1.9.4.xlsx,SM,174
CMCC_5G_EXT_PICO_V1.9.4,A5事件测量控制参数,Device.Services.FAPService.{i}.CellConfig.{i}.NR.RAN.Mobility.ConnMode.NR.A5MeasureCtrl.{i}.A5Threshold1RSRP,Device,parameter,A5事件RSRP门限1,RW,unsignedInt[0:127],38aa20a0-afc5-4b42-a166-b1b4dbfb00e1,parameter,READ_WRITE,STRING,,create_new_command_node,no,,,SJ,移动性参数管理,A5事件测量控制参数,Device.Services.FAPService.{i}.CellConfig.{i}.NR.RAN.Mobility.ConnMode.NR.A5MeasureCtrl.{i}.,DEVICE_SERVICES_FAPSERVICE_CELLCONFIG_NR_RAN_MOBILITY_CONNMODE_NR_A5MEASURECTRL,LST A5_MEASURE_CTRL;MOD A5_MEASURE_CTRL,中国移动5G扩展型皮基站网管南向接口数据模型规范v1.9.4.xlsx,SM,197
CMCC_5G_EXT_PICO_V1.9.4,A5事件测量控制参数,Device.Services.FAPService.{i}.CellConfig.{i}.NR.RAN.Mobility.ConnMode.NR.A5MeasureCtrl.{i}.A5Threshold1RSRQ,Device,parameter,A5事件RSRQ门限1,RW,unsignedInt[0:127],76ad4f64-c3dc-409a-b75d-2bcec33ebc7c,parameter,READ_WRITE,STRING,,create_new_command_node,no,,,SJ,移动性参数管理,A5事件测量控制参数,Device.Services.FAPService.{i}.CellConfig.{i}.NR.RAN.Mobility.ConnMode.NR.A5MeasureCtrl.{i}.,DEVICE_SERVICES_FAPSERVICE_CELLCONFIG_NR_RAN_MOBILITY_CONNMODE_NR_A5MEASURECTRL,LST A5_MEASURE_CTRL;MOD A5_MEASURE_CTRL,中国移动5G扩展型皮基站网管南向接口数据模型规范v1.9.4.xlsx,SM,198
CMCC_5G_EXT_PICO_V1.9.4,A5事件测量控制参数,Device.Services.FAPService.{i}.CellConfig.{i}.NR.RAN.Mobility.ConnMode.NR.A5MeasureCtrl.{i}.A5Threshold1SINR,Device,parameter,A5事件SINR门限1,RW,unsignedInt[0:127],f2752b4e-e136-4c58-aff5-d71b209e70d4,parameter,READ_WRITE,STRING,,create_new_command_node,no,,,SJ,移动性参数管理,A5事件测量控制参数,Device.Services.FAPService.{i}.CellConfig.{i}.NR.RAN.Mobility.ConnMode.NR.A5MeasureCtrl.{i}.,DEVICE_SERVICES_FAPSERVICE_CELLCONFIG_NR_RAN_MOBILITY_CONNMODE_NR_A5MEASURECTRL,LST A5_MEASURE_CTRL;MOD A5_MEASURE_CTRL,中国移动5G扩展型皮基站网管南向接口数据模型规范v1.9.4.xlsx,SM,199
CMCC_5G_EXT_PICO_V1.9.4,A5事件测量控制参数,Device.Services.FAPService.{i}.CellConfig.{i}.NR.RAN.Mobility.ConnMode.NR.A5MeasureCtrl.{i}.A5Threshold2RSRP,Device,parameter,A5事件RSRP门限2,RW,unsignedInt[0:127],b46c7d17-c9a8-4fa2-beda-26ee719afb3b,parameter,READ_WRITE,STRING,,create_new_command_node,no,,,SJ,移动性参数管理,A5事件测量控制参数,Device.Services.FAPService.{i}.CellConfig.{i}.NR.RAN.Mobility.ConnMode.NR.A5MeasureCtrl.{i}.,DEVICE_SERVICES_FAPSERVICE_CELLCONFIG_NR_RAN_MOBILITY_CONNMODE_NR_A5MEASURECTRL,LST A5_MEASURE_CTRL;MOD A5_MEASURE_CTRL,中国移动5G扩展型皮基站网管南向接口数据模型规范v1.9.4.xlsx,SM,201
CMCC_5G_EXT_PICO_V1.9.4,A5事件测量控制参数,Device.Services.FAPService.{i}.CellConfig.{i}.NR.RAN.Mobility.ConnMode.NR.A5MeasureCtrl.{i}.A5Threshold2RSRQ,Device,parameter,A5事件RSRQ门限2,RW,unsignedInt[0:127],37b5c3d4-d035-427b-b470-7dfd30306be3,parameter,READ_WRITE,STRING,,create_new_command_node,no,,,SJ,移动性参数管理,A5事件测量控制参数,Device.Services.FAPService.{i}.CellConfig.{i}.NR.RAN.Mobility.ConnMode.NR.A5MeasureCtrl.{i}.,DEVICE_SERVICES_FAPSERVICE_CELLCONFIG_NR_RAN_MOBILITY_CONNMODE_NR_A5MEASURECTRL,LST A5_MEASURE_CTRL;MOD A5_MEASURE_CTRL,中国移动5G扩展型皮基站网管南向接口数据模型规范v1.9.4.xlsx,SM,202
CMCC_5G_EXT_PICO_V1.9.4,A5事件测量控制参数,Device.Services.FAPService.{i}.CellConfig.{i}.NR.RAN.Mobility.ConnMode.NR.A5MeasureCtrl.{i}.A5Threshold2SINR,Device,parameter,A5事件SINR门限2,RW,unsignedInt[0:127],3e22327d-701d-46d4-8997-852030639159,parameter,READ_WRITE,STRING,,create_new_command_node,no,,,SJ,移动性参数管理,A5事件测量控制参数,Device.Services.FAPService.{i}.CellConfig.{i}.NR.RAN.Mobility.ConnMode.NR.A5MeasureCtrl.{i}.,DEVICE_SERVICES_FAPSERVICE_CELLCONFIG_NR_RAN_MOBILITY_CONNMODE_NR_A5MEASURECTRL,LST A5_MEASURE_CTRL;MOD A5_MEASURE_CTRL,中国移动5G扩展型皮基站网管南向接口数据模型规范v1.9.4.xlsx,SM,203
CMCC_5G_EXT_PICO_V1.9.4,A5事件测量控制参数,Device.Services.FAPService.{i}.CellConfig.{i}.NR.RAN.Mobility.ConnMode.NR.A5MeasureCtrl.{i}.Enable,Device,parameter,使能开关,RW,boolean,ff8dcbf0-9497-4251-9065-1f4942a07e5a,parameter,READ_WRITE,STRING,,create_new_command_node,no,,,SJ,移动性参数管理,A5事件测量控制参数,Device.Services.FAPService.{i}.CellConfig.{i}.NR.RAN.Mobility.ConnMode.NR.A5MeasureCtrl.{i}.,DEVICE_SERVICES_FAPSERVICE_CELLCONFIG_NR_RAN_MOBILITY_CONNMODE_NR_A5MEASURECTRL,LST A5_MEASURE_CTRL;MOD A5_MEASURE_CTRL,中国移动5G扩展型皮基站网管南向接口数据模型规范v1.9.4.xlsx,SM,195
CMCC_5G_EXT_PICO_V1.9.4,A5事件测量控制参数,Device.Services.FAPService.{i}.CellConfig.{i}.NR.RAN.Mobility.ConnMode.NR.A5MeasureCtrl.{i}.Hysteresis,Device,parameter,迟滞值,RW,unsignedInt[0:30],9b719999-8f1c-4217-89a6-fff30d1807fd,parameter,READ_WRITE,STRING,,create_new_command_node,no,,,SJ,移动性参数管理,A5事件测量控制参数,Device.Services.FAPService.{i}.CellConfig.{i}.NR.RAN.Mobility.ConnMode.NR.A5MeasureCtrl.{i}.,DEVICE_SERVICES_FAPSERVICE_CELLCONFIG_NR_RAN_MOBILITY_CONNMODE_NR_A5MEASURECTRL,LST A5_MEASURE_CTRL;MOD A5_MEASURE_CTRL,中国移动5G扩展型皮基站网管南向接口数据模型规范v1.9.4.xlsx,SM,207
CMCC_5G_EXT_PICO_V1.9.4,A5事件测量控制参数,Device.Services.FAPService.{i}.CellConfig.{i}.NR.RAN.Mobility.ConnMode.NR.A5MeasureCtrl.{i}.IncludeBeamMeasurements,Device,parameter,波束赋形测量指示,RW,boolean,9bfdb233-d41a-43be-bc02-26bcc31baf7f,parameter,READ_WRITE,STRING,,create_new_command_node,no,,,SJ,移动性参数管理,A5事件测量控制参数,Device.Services.FAPService.{i}.CellConfig.{i}.NR.RAN.Mobility.ConnMode.NR.A5MeasureCtrl.{i}.,DEVICE_SERVICES_FAPSERVICE_CELLCONFIG_NR_RAN_MOBILITY_CONNMODE_NR_A5MEASURECTRL,LST A5_MEASURE_CTRL;MOD A5_MEASURE_CTRL,中国移动5G扩展型皮基站网管南向接口数据模型规范v1.9.4.xlsx,SM,216
CMCC_5G_EXT_PICO_V1.9.4,A5事件测量控制参数,Device.Services.FAPService.{i}.CellConfig.{i}.NR.RAN.Mobility.ConnMode.NR.A5MeasureCtrl.{i}.MaxNrofRSIndexToReport,Device,parameter,RS测量上报资源最大个数,RW,"unsignedInt[1:32,0x0000FFFF]",3b9a7eba-3bf5-4455-a278-0e28b03a8f01,parameter,READ_WRITE,STRING,,create_new_command_node,no,,,SJ,移动性参数管理,A5事件测量控制参数,Device.Services.FAPService.{i}.CellConfig.{i}.NR.RAN.Mobility.ConnMode.NR.A5MeasureCtrl.{i}.,DEVICE_SERVICES_FAPSERVICE_CELLCONFIG_NR_RAN_MOBILITY_CONNMODE_NR_A5MEASURECTRL,LST A5_MEASURE_CTRL;MOD A5_MEASURE_CTRL,中国移动5G扩展型皮基站网管南向接口数据模型规范v1.9.4.xlsx,SM,205
CMCC_5G_EXT_PICO_V1.9.4,A5事件测量控制参数,Device.Services.FAPService.{i}.CellConfig.{i}.NR.RAN.Mobility.ConnMode.NR.A5MeasureCtrl.{i}.MaxReportCells,Device,parameter,最大上报小区数,RW,unsignedInt[1:8],8527f44f-4ba7-4183-8404-46079e70e34a,parameter,READ_WRITE,STRING,,create_new_command_node,no,,,SJ,移动性参数管理,A5事件测量控制参数,Device.Services.FAPService.{i}.CellConfig.{i}.NR.RAN.Mobility.ConnMode.NR.A5MeasureCtrl.{i}.,DEVICE_SERVICES_FAPSERVICE_CELLCONFIG_NR_RAN_MOBILITY_CONNMODE_NR_A5MEASURECTRL,LST A5_MEASURE_CTRL;MOD A5_MEASURE_CTRL,中国移动5G扩展型皮基站网管南向接口数据模型规范v1.9.4.xlsx,SM,208
CMCC_5G_EXT_PICO_V1.9.4,A5事件测量控制参数,Device.Services.FAPService.{i}.CellConfig.{i}.NR.RAN.Mobility.ConnMode.NR.A5MeasureCtrl.{i}.MeasurePurpose,Device,parameter,测量目的,R,unsignedInt[1:100],6160fcaa-162b-4b1d-9cdd-75beb363719f,parameter,READ_WRITE,STRING,,create_new_command_node,no,,,SJ,移动性参数管理,A5事件测量控制参数,Device.Services.FAPService.{i}.CellConfig.{i}.NR.RAN.Mobility.ConnMode.NR.A5MeasureCtrl.{i}.,DEVICE_SERVICES_FAPSERVICE_CELLCONFIG_NR_RAN_MOBILITY_CONNMODE_NR_A5MEASURECTRL,LST A5_MEASURE_CTRL,中国移动5G扩展型皮基站网管南向接口数据模型规范v1.9.4.xlsx,SM,209
CMCC_5G_EXT_PICO_V1.9.4,A5事件测量控制参数,Device.Services.FAPService.{i}.CellConfig.{i}.NR.RAN.Mobility.ConnMode.NR.A5MeasureCtrl.{i}.ReportAmount,Device,parameter,上报次数,RW,"unsignedInt[0:2, 4, 8, 16, 32, 64]",2ae78ffd-68f2-4f46-bf49-fb9436f41380,parameter,READ_WRITE,STRING,,create_new_command_node,no,,,SJ,移动性参数管理,A5事件测量控制参数,Device.Services.FAPService.{i}.CellConfig.{i}.NR.RAN.Mobility.ConnMode.NR.A5MeasureCtrl.{i}.,DEVICE_SERVICES_FAPSERVICE_CELLCONFIG_NR_RAN_MOBILITY_CONNMODE_NR_A5MEASURECTRL,LST A5_MEASURE_CTRL;MOD A5_MEASURE_CTRL,中国移动5G扩展型皮基站网管南向接口数据模型规范v1.9.4.xlsx,SM,210
CMCC_5G_EXT_PICO_V1.9.4,A5事件测量控制参数,Device.Services.FAPService.{i}.CellConfig.{i}.NR.RAN.Mobility.ConnMode.NR.A5MeasureCtrl.{i}.ReportInterval,Device,parameter,上报间隔,RW,"unsignedInt[120, 240, 480, 640, 1024, 2048, 5120, 10240, 60000, 360000, 720000, 1800000]",16f84ac2-906e-4511-985f-72959451205c,parameter,READ_WRITE,STRING,,create_new_command_node,no,,,SJ,移动性参数管理,A5事件测量控制参数,Device.Services.FAPService.{i}.CellConfig.{i}.NR.RAN.Mobility.ConnMode.NR.A5MeasureCtrl.{i}.,DEVICE_SERVICES_FAPSERVICE_CELLCONFIG_NR_RAN_MOBILITY_CONNMODE_NR_A5MEASURECTRL,LST A5_MEASURE_CTRL;MOD A5_MEASURE_CTRL,中国移动5G扩展型皮基站网管南向接口数据模型规范v1.9.4.xlsx,SM,211
CMCC_5G_EXT_PICO_V1.9.4,A5事件测量控制参数,Device.Services.FAPService.{i}.CellConfig.{i}.NR.RAN.Mobility.ConnMode.NR.A5MeasureCtrl.{i}.ReportOnLeave,Device,parameter,A5事件离开上报指示,RW,boolean,c3e21307-b014-4530-8f19-ecd1fe6be9a2,parameter,READ_WRITE,STRING,,create_new_command_node,no,,,SJ,移动性参数管理,A5事件测量控制参数,Device.Services.FAPService.{i}.CellConfig.{i}.NR.RAN.Mobility.ConnMode.NR.A5MeasureCtrl.{i}.,DEVICE_SERVICES_FAPSERVICE_CELLCONFIG_NR_RAN_MOBILITY_CONNMODE_NR_A5MEASURECTRL,LST A5_MEASURE_CTRL;MOD A5_MEASURE_CTRL,中国移动5G扩展型皮基站网管南向接口数据模型规范v1.9.4.xlsx,SM,206
CMCC_5G_EXT_PICO_V1.9.4,A5事件测量控制参数,Device.Services.FAPService.{i}.CellConfig.{i}.NR.RAN.Mobility.ConnMode.NR.A5MeasureCtrl.{i}.ReportQuantityCell,Device,parameter,上报量,RW,string,22504fbe-3a04-43ad-a04e-9b3a3d29912f,parameter,READ_WRITE,STRING,,create_new_command_node,no,,,SJ,移动性参数管理,A5事件测量控制参数,Device.Services.FAPService.{i}.CellConfig.{i}.NR.RAN.Mobility.ConnMode.NR.A5MeasureCtrl.{i}.,DEVICE_SERVICES_FAPSERVICE_CELLCONFIG_NR_RAN_MOBILITY_CONNMODE_NR_A5MEASURECTRL,LST A5_MEASURE_CTRL;MOD A5_MEASURE_CTRL,中国移动5G扩展型皮基站网管南向接口数据模型规范v1.9.4.xlsx,SM,212
CMCC_5G_EXT_PICO_V1.9.4,A5事件测量控制参数,Device.Services.FAPService.{i}.CellConfig.{i}.NR.RAN.Mobility.ConnMode.NR.A5MeasureCtrl.{i}.RptQuantityRsIndex,Device,parameter,A5事件RS测量上报量,RW,string,e4247c65-d0a4-4e09-a6e8-b579b9fe927d,parameter,READ_WRITE,STRING,,create_new_command_node,no,,,SJ,移动性参数管理,A5事件测量控制参数,Device.Services.FAPService.{i}.CellConfig.{i}.NR.RAN.Mobility.ConnMode.NR.A5MeasureCtrl.{i}.,DEVICE_SERVICES_FAPSERVICE_CELLCONFIG_NR_RAN_MOBILITY_CONNMODE_NR_A5MEASURECTRL,LST A5_MEASURE_CTRL;MOD A5_MEASURE_CTRL,中国移动5G扩展型皮基站网管南向接口数据模型规范v1.9.4.xlsx,SM,204
CMCC_5G_EXT_PICO_V1.9.4,A5事件测量控制参数,Device.Services.FAPService.{i}.CellConfig.{i}.NR.RAN.Mobility.ConnMode.NR.A5MeasureCtrl.{i}.RsType,Device,parameter,测量类型指示,RW,string,e15896ab-124a-452f-9c30-800bd1e3b504,parameter,READ_WRITE,STRING,,create_new_command_node,no,,,SJ,移动性参数管理,A5事件测量控制参数,Device.Services.FAPService.{i}.CellConfig.{i}.NR.RAN.Mobility.ConnMode.NR.A5MeasureCtrl.{i}.,DEVICE_SERVICES_FAPSERVICE_CELLCONFIG_NR_RAN_MOBILITY_CONNMODE_NR_A5MEASURECTRL,LST A5_MEASURE_CTRL;MOD A5_MEASURE_CTRL,中国移动5G扩展型皮基站网管南向接口数据模型规范v1.9.4.xlsx,SM,215
CMCC_5G_EXT_PICO_V1.9.4,A5事件测量控制参数,Device.Services.FAPService.{i}.CellConfig.{i}.NR.RAN.Mobility.ConnMode.NR.A5MeasureCtrl.{i}.TimeToTrigger,Device,parameter,触发时间,RW,"unsignedInt[0,40, 64, 80,100,128, 160,256,320, 480, 512, 640, 1024,1280,2560,5120]",0a17701a-60a3-47d7-aaff-c428d644499a,parameter,READ_WRITE,STRING,,create_new_command_node,no,,,SJ,移动性参数管理,A5事件测量控制参数,Device.Services.FAPService.{i}.CellConfig.{i}.NR.RAN.Mobility.ConnMode.NR.A5MeasureCtrl.{i}.,DEVICE_SERVICES_FAPSERVICE_CELLCONFIG_NR_RAN_MOBILITY_CONNMODE_NR_A5MEASURECTRL,LST A5_MEASURE_CTRL;MOD A5_MEASURE_CTRL,中国移动5G扩展型皮基站网管南向接口数据模型规范v1.9.4.xlsx,SM,213
CMCC_5G_EXT_PICO_V1.9.4,A5事件测量控制参数,Device.Services.FAPService.{i}.CellConfig.{i}.NR.RAN.Mobility.ConnMode.NR.A5MeasureCtrl.{i}.UseWhiteCellList,Device,parameter,小区测量白名单指示,RW,boolean,a417e659-94d8-4e10-ba8a-be679ab8c9cf,parameter,READ_WRITE,STRING,,create_new_command_node,no,,,SJ,移动性参数管理,A5事件测量控制参数,Device.Services.FAPService.{i}.CellConfig.{i}.NR.RAN.Mobility.ConnMode.NR.A5MeasureCtrl.{i}.,DEVICE_SERVICES_FAPSERVICE_CELLCONFIG_NR_RAN_MOBILITY_CONNMODE_NR_A5MEASURECTRL,LST A5_MEASURE_CTRL;MOD A5_MEASURE_CTRL,中国移动5G扩展型皮基站网管南向接口数据模型规范v1.9.4.xlsx,SM,214
CMCC_5G_EXT_PICO_V1.9.4,B1事件测量控制参数,Device.Services.FAPService.{i}.CellConfig.{i}.NR.RAN.Mobility.ConnMode.IRAT.B1MeasureCtrl.{i}.B1ThresholdEUTRARsrp,Device,parameter,B1事件RSRP门限(EUTRA-rsrp),RW,unsignedInt[0:97],6aafb6cf-31f2-42b4-bba0-6dbeb7c9ba99,parameter,READ_WRITE,STRING,,create_new_command_node,no,,,SJ,移动性参数管理,B1事件测量控制参数,Device.Services.FAPService.{i}.CellConfig.{i}.NR.RAN.Mobility.ConnMode.IRAT.B1MeasureCtrl.{i}.,DEVICE_SERVICES_FAPSERVICE_CELLCONFIG_NR_RAN_MOBILITY_CONNMODE_IRAT_B1MEASURECTRL,LST B1_MEASURE_CTRL;MOD B1_MEASURE_CTRL,中国移动5G扩展型皮基站网管南向接口数据模型规范v1.9.4.xlsx,SM,241
CMCC_5G_EXT_PICO_V1.9.4,B1事件测量控制参数,Device.Services.FAPService.{i}.CellConfig.{i}.NR.RAN.Mobility.ConnMode.IRAT.B1MeasureCtrl.{i}.B1ThresholdEUTRARsrq,Device,parameter,B1事件RSRQ门限(EUTRA-rsrq),RW,unsignedInt[0:34],bcef7a5f-8c38-4028-bae8-4d30d12c223e,parameter,READ_WRITE,STRING,,create_new_command_node,no,,,SJ,移动性参数管理,B1事件测量控制参数,Device.Services.FAPService.{i}.CellConfig.{i}.NR.RAN.Mobility.ConnMode.IRAT.B1MeasureCtrl.{i}.,DEVICE_SERVICES_FAPSERVICE_CELLCONFIG_NR_RAN_MOBILITY_CONNMODE_IRAT_B1MEASURECTRL,LST B1_MEASURE_CTRL;MOD B1_MEASURE_CTRL,中国移动5G扩展型皮基站网管南向接口数据模型规范v1.9.4.xlsx,SM,242
CMCC_5G_EXT_PICO_V1.9.4,B1事件测量控制参数,Device.Services.FAPService.{i}.CellConfig.{i}.NR.RAN.Mobility.ConnMode.IRAT.B1MeasureCtrl.{i}.B1ThresholdEUTRASinr,Device,parameter,B1事件SINR门限(EUTRA-sinr),RW,unsignedInt[0:127],14197117-e31c-489a-9219-eeed2e7faa58,parameter,READ_WRITE,STRING,,create_new_command_node,no,,,SJ,移动性参数管理,B1事件测量控制参数,Device.Services.FAPService.{i}.CellConfig.{i}.NR.RAN.Mobility.ConnMode.IRAT.B1MeasureCtrl.{i}.,DEVICE_SERVICES_FAPSERVICE_CELLCONFIG_NR_RAN_MOBILITY_CONNMODE_IRAT_B1MEASURECTRL,LST B1_MEASURE_CTRL;MOD B1_MEASURE_CTRL,中国移动5G扩展型皮基站网管南向接口数据模型规范v1.9.4.xlsx,SM,243
CMCC_5G_EXT_PICO_V1.9.4,B1事件测量控制参数,Device.Services.FAPService.{i}.CellConfig.{i}.NR.RAN.Mobility.ConnMode.IRAT.B1MeasureCtrl.{i}.Enable,Device,parameter,使能开关,RW,boolean,dea8a30d-ac62-4b0b-84ac-875b216a6456,parameter,READ_WRITE,STRING,,create_new_command_node,no,,,SJ,移动性参数管理,B1事件测量控制参数,Device.Services.FAPService.{i}.CellConfig.{i}.NR.RAN.Mobility.ConnMode.IRAT.B1MeasureCtrl.{i}.,DEVICE_SERVICES_FAPSERVICE_CELLCONFIG_NR_RAN_MOBILITY_CONNMODE_IRAT_B1MEASURECTRL,LST B1_MEASURE_CTRL;MOD B1_MEASURE_CTRL,中国移动5G扩展型皮基站网管南向接口数据模型规范v1.9.4.xlsx,SM,239
CMCC_5G_EXT_PICO_V1.9.4,B1事件测量控制参数,Device.Services.FAPService.{i}.CellConfig.{i}.NR.RAN.Mobility.ConnMode.IRAT.B1MeasureCtrl.{i}.Hysteresis,Device,parameter,迟滞值,RW,unsignedInt[0:30],db1918e8-816d-452b-99e3-d8414be3474a,parameter,READ_WRITE,STRING,,create_new_command_node,no,,,SJ,移动性参数管理,B1事件测量控制参数,Device.Services.FAPService.{i}.CellConfig.{i}.NR.RAN.Mobility.ConnMode.IRAT.B1MeasureCtrl.{i}.,DEVICE_SERVICES_FAPSERVICE_CELLCONFIG_NR_RAN_MOBILITY_CONNMODE_IRAT_B1MEASURECTRL,LST B1_MEASURE_CTRL;MOD B1_MEASURE_CTRL,中国移动5G扩展型皮基站网管南向接口数据模型规范v1.9.4.xlsx,SM,244
CMCC_5G_EXT_PICO_V1.9.4,B1事件测量控制参数,Device.Services.FAPService.{i}.CellConfig.{i}.NR.RAN.Mobility.ConnMode.IRAT.B1MeasureCtrl.{i}.MaxReportCells,Device,parameter,最大上报小区数,RW,unsignedInt[1:8],18c9c802-8802-464b-af14-b2c7841e2577,parameter,READ_WRITE,STRING,,create_new_command_node,no,,,SJ,移动性参数管理,B1事件测量控制参数,Device.Services.FAPService.{i}.CellConfig.{i}.NR.RAN.Mobility.ConnMode.IRAT.B1MeasureCtrl.{i}.,DEVICE_SERVICES_FAPSERVICE_CELLCONFIG_NR_RAN_MOBILITY_CONNMODE_IRAT_B1MEASURECTRL,LST B1_MEASURE_CTRL;MOD B1_MEASURE_CTRL,中国移动5G扩展型皮基站网管南向接口数据模型规范v1.9.4.xlsx,SM,245
CMCC_5G_EXT_PICO_V1.9.4,B1事件测量控制参数,Device.Services.FAPService.{i}.CellConfig.{i}.NR.RAN.Mobility.ConnMode.IRAT.B1MeasureCtrl.{i}.MeasurePurpose,Device,parameter,测量目的,R,unsignedInt[1:100],86f760f9-dea0-4b67-9338-c717e27bf2a8,parameter,READ_WRITE,STRING,,create_new_command_node,no,,,SJ,移动性参数管理,B1事件测量控制参数,Device.Services.FAPService.{i}.CellConfig.{i}.NR.RAN.Mobility.ConnMode.IRAT.B1MeasureCtrl.{i}.,DEVICE_SERVICES_FAPSERVICE_CELLCONFIG_NR_RAN_MOBILITY_CONNMODE_IRAT_B1MEASURECTRL,LST B1_MEASURE_CTRL,中国移动5G扩展型皮基站网管南向接口数据模型规范v1.9.4.xlsx,SM,246
CMCC_5G_EXT_PICO_V1.9.4,B1事件测量控制参数,Device.Services.FAPService.{i}.CellConfig.{i}.NR.RAN.Mobility.ConnMode.IRAT.B1MeasureCtrl.{i}.ReportAmount,Device,parameter,上报次数,RW,"unsignedInt[0:2, 4, 8, 16, 32, 64]",7393ba3a-4448-4677-835f-fa27e8718d56,parameter,READ_WRITE,STRING,,create_new_command_node,no,,,SJ,移动性参数管理,B1事件测量控制参数,Device.Services.FAPService.{i}.CellConfig.{i}.NR.RAN.Mobility.ConnMode.IRAT.B1MeasureCtrl.{i}.,DEVICE_SERVICES_FAPSERVICE_CELLCONFIG_NR_RAN_MOBILITY_CONNMODE_IRAT_B1MEASURECTRL,LST B1_MEASURE_CTRL;MOD B1_MEASURE_CTRL,中国移动5G扩展型皮基站网管南向接口数据模型规范v1.9.4.xlsx,SM,247
CMCC_5G_EXT_PICO_V1.9.4,B1事件测量控制参数,Device.Services.FAPService.{i}.CellConfig.{i}.NR.RAN.Mobility.ConnMode.IRAT.B1MeasureCtrl.{i}.ReportInterval,Device,parameter,上报间隔,RW,"unsignedInt[120, 240, 480, 640, 1024, 2048, 5120, 10240, 20480，40960，60000, 360000, 720000, 1800000]",89dddaf6-0a16-4eb0-8423-768ca04ee83a,parameter,READ_WRITE,STRING,,create_new_command_node,no,,,SJ,移动性参数管理,B1事件测量控制参数,Device.Services.FAPService.{i}.CellConfig.{i}.NR.RAN.Mobility.ConnMode.IRAT.B1MeasureCtrl.{i}.,DEVICE_SERVICES_FAPSERVICE_CELLCONFIG_NR_RAN_MOBILITY_CONNMODE_IRAT_B1MEASURECTRL,LST B1_MEASURE_CTRL;MOD B1_MEASURE_CTRL,中国移动5G扩展型皮基站网管南向接口数据模型规范v1.9.4.xlsx,SM,248
CMCC_5G_EXT_PICO_V1.9.4,B1事件测量控制参数,Device.Services.FAPService.{i}.CellConfig.{i}.NR.RAN.Mobility.ConnMode.IRAT.B1MeasureCtrl.{i}.ReportOnLeave,Device,parameter,B1事件离开上报指示,RW,boolean,aebba9ef-3c4b-4fb3-ad7f-7ddf8c7829ca,parameter,READ_WRITE,STRING,,create_new_command_node,no,,,SJ,移动性参数管理,B1事件测量控制参数,Device.Services.FAPService.{i}.CellConfig.{i}.NR.RAN.Mobility.ConnMode.IRAT.B1MeasureCtrl.{i}.,DEVICE_SERVICES_FAPSERVICE_CELLCONFIG_NR_RAN_MOBILITY_CONNMODE_IRAT_B1MEASURECTRL,LST B1_MEASURE_CTRL;MOD B1_MEASURE_CTRL,中国移动5G扩展型皮基站网管南向接口数据模型规范v1.9.4.xlsx,SM,251
CMCC_5G_EXT_PICO_V1.9.4,B1事件测量控制参数,Device.Services.FAPService.{i}.CellConfig.{i}.NR.RAN.Mobility.ConnMode.IRAT.B1MeasureCtrl.{i}.ReportQuantity,Device,parameter,上报量,RW,string,cf86f8cc-02c6-423b-bdca-6e39c646b4ef,parameter,READ_WRITE,STRING,,create_new_command_node,no,,,SJ,移动性参数管理,B1事件测量控制参数,Device.Services.FAPService.{i}.CellConfig.{i}.NR.RAN.Mobility.ConnMode.IRAT.B1MeasureCtrl.{i}.,DEVICE_SERVICES_FAPSERVICE_CELLCONFIG_NR_RAN_MOBILITY_CONNMODE_IRAT_B1MEASURECTRL,LST B1_MEASURE_CTRL;MOD B1_MEASURE_CTRL,中国移动5G扩展型皮基站网管南向接口数据模型规范v1.9.4.xlsx,SM,250
CMCC_5G_EXT_PICO_V1.9.4,B1事件测量控制参数,Device.Services.FAPService.{i}.CellConfig.{i}.NR.RAN.Mobility.ConnMode.IRAT.B1MeasureCtrl.{i}.TimeToTrigger,Device,parameter,触发时间,RW,"unsignedInt[0,40, 64, 80,100,128, 160,256,320, 480, 512, 640, 1024,1280,2560,5120]",14453f55-f466-4c94-812d-1426f6547775,parameter,READ_WRITE,STRING,,create_new_command_node,no,,,SJ,移动性参数管理,B1事件测量控制参数,Device.Services.FAPService.{i}.CellConfig.{i}.NR.RAN.Mobility.ConnMode.IRAT.B1MeasureCtrl.{i}.,DEVICE_SERVICES_FAPSERVICE_CELLCONFIG_NR_RAN_MOBILITY_CONNMODE_IRAT_B1MEASURECTRL,LST B1_MEASURE_CTRL;MOD B1_MEASURE_CTRL,中国移动5G扩展型皮基站网管南向接口数据模型规范v1.9.4.xlsx,SM,249
CMCC_5G_EXT_PICO_V1.9.4,B2事件测量控制参数,Device.Services.FAPService.{i}.CellConfig.{i}.NR.RAN.Mobility.ConnMode.IRAT.B2MeasureCtrl.{i}.B2Threshold1RSRP,Device,parameter,B2事件RSRP门限(NR-rsrp),RW,unsignedInt[0:127],ac8e7e71-50bf-4f32-8c08-30735f3cbd0e,parameter,READ_WRITE,STRING,,create_new_command_node,no,,,SJ,移动性参数管理,B2事件测量控制参数,Device.Services.FAPService.{i}.CellConfig.{i}.NR.RAN.Mobility.ConnMode.IRAT.B2MeasureCtrl.{i}.,DEVICE_SERVICES_FAPSERVICE_CELLCONFIG_NR_RAN_MOBILITY_CONNMODE_IRAT_B2MEASURECTRL,LST B2_MEASURE_CTRL;MOD B2_MEASURE_CTRL,中国移动5G扩展型皮基站网管南向接口数据模型规范v1.9.4.xlsx,SM,267
CMCC_5G_EXT_PICO_V1.9.4,B2事件测量控制参数,Device.Services.FAPService.{i}.CellConfig.{i}.NR.RAN.Mobility.ConnMode.IRAT.B2MeasureCtrl.{i}.B2Threshold1RSRQ,Device,parameter,B2事件RSRQ门限(NR-rsrq),RW,unsignedInt[0:127],8f13776f-9331-419c-9993-6c3fdaefc6e0,parameter,READ_WRITE,STRING,,create_new_command_node,no,,,SJ,移动性参数管理,B2事件测量控制参数,Device.Services.FAPService.{i}.CellConfig.{i}.NR.RAN.Mobility.ConnMode.IRAT.B2MeasureCtrl.{i}.,DEVICE_SERVICES_FAPSERVICE_CELLCONFIG_NR_RAN_MOBILITY_CONNMODE_IRAT_B2MEASURECTRL,LST B2_MEASURE_CTRL;MOD B2_MEASURE_CTRL,中国移动5G扩展型皮基站网管南向接口数据模型规范v1.9.4.xlsx,SM,268
CMCC_5G_EXT_PICO_V1.9.4,B2事件测量控制参数,Device.Services.FAPService.{i}.CellConfig.{i}.NR.RAN.Mobility.ConnMode.IRAT.B2MeasureCtrl.{i}.B2Threshold1SINR,Device,parameter,B2事件RSRQ门限(NR-sinr),RW,unsignedInt[0:127],cd38f117-a1ed-4946-90ac-e37f7b07f1d7,parameter,READ_WRITE,STRING,,create_new_command_node,no,,,SJ,移动性参数管理,B2事件测量控制参数,Device.Services.FAPService.{i}.CellConfig.{i}.NR.RAN.Mobility.ConnMode.IRAT.B2MeasureCtrl.{i}.,DEVICE_SERVICES_FAPSERVICE_CELLCONFIG_NR_RAN_MOBILITY_CONNMODE_IRAT_B2MEASURECTRL,LST B2_MEASURE_CTRL;MOD B2_MEASURE_CTRL,中国移动5G扩展型皮基站网管南向接口数据模型规范v1.9.4.xlsx,SM,269
CMCC_5G_EXT_PICO_V1.9.4,B2事件测量控制参数,Device.Services.FAPService.{i}.CellConfig.{i}.NR.RAN.Mobility.ConnMode.IRAT.B2MeasureCtrl.{i}.B2Threshold2EUTRARSRP,Device,parameter,B2事件门限(EUTRA-RSRP),RW,unsignedInt[0:97],ef4add73-78a4-4ab8-a5af-f2c6ba5d8a1e,parameter,READ_WRITE,STRING,,create_new_command_node,no,,,SJ,移动性参数管理,B2事件测量控制参数,Device.Services.FAPService.{i}.CellConfig.{i}.NR.RAN.Mobility.ConnMode.IRAT.B2MeasureCtrl.{i}.,DEVICE_SERVICES_FAPSERVICE_CELLCONFIG_NR_RAN_MOBILITY_CONNMODE_IRAT_B2MEASURECTRL,LST B2_MEASURE_CTRL;MOD B2_MEASURE_CTRL,中国移动5G扩展型皮基站网管南向接口数据模型规范v1.9.4.xlsx,SM,270
CMCC_5G_EXT_PICO_V1.9.4,B2事件测量控制参数,Device.Services.FAPService.{i}.CellConfig.{i}.NR.RAN.Mobility.ConnMode.IRAT.B2MeasureCtrl.{i}.B2Threshold2EUTRARSRQ,Device,parameter,B2事件门限(EUTRA-RSRQ),RW,unsignedInt[0:34],e6061117-0a70-47c7-8e63-fbafafab2976,parameter,READ_WRITE,STRING,,create_new_command_node,no,,,SJ,移动性参数管理,B2事件测量控制参数,Device.Services.FAPService.{i}.CellConfig.{i}.NR.RAN.Mobility.ConnMode.IRAT.B2MeasureCtrl.{i}.,DEVICE_SERVICES_FAPSERVICE_CELLCONFIG_NR_RAN_MOBILITY_CONNMODE_IRAT_B2MEASURECTRL,LST B2_MEASURE_CTRL;MOD B2_MEASURE_CTRL,中国移动5G扩展型皮基站网管南向接口数据模型规范v1.9.4.xlsx,SM,271
CMCC_5G_EXT_PICO_V1.9.4,B2事件测量控制参数,Device.Services.FAPService.{i}.CellConfig.{i}.NR.RAN.Mobility.ConnMode.IRAT.B2MeasureCtrl.{i}.B2Threshold2EUTRASINR,Device,parameter,B2事件门限(EUTRA-SINR),RW,unsignedInt[0:127],207a6b71-69d0-4be3-93fc-b53da192c4c4,parameter,READ_WRITE,STRING,,create_new_command_node,no,,,SJ,移动性参数管理,B2事件测量控制参数,Device.Services.FAPService.{i}.CellConfig.{i}.NR.RAN.Mobility.ConnMode.IRAT.B2MeasureCtrl.{i}.,DEVICE_SERVICES_FAPSERVICE_CELLCONFIG_NR_RAN_MOBILITY_CONNMODE_IRAT_B2MEASURECTRL,LST B2_MEASURE_CTRL;MOD B2_MEASURE_CTRL,中国移动5G扩展型皮基站网管南向接口数据模型规范v1.9.4.xlsx,SM,272
CMCC_5G_EXT_PICO_V1.9.4,B2事件测量控制参数,Device.Services.FAPService.{i}.CellConfig.{i}.NR.RAN.Mobility.ConnMode.IRAT.B2MeasureCtrl.{i}.Enable,Device,parameter,使能开关,RW,boolean,c1e7f289-4eee-4ac3-af24-79796ca03583,parameter,READ_WRITE,STRING,,create_new_command_node,no,,,SJ,移动性参数管理,B2事件测量控制参数,Device.Services.FAPService.{i}.CellConfig.{i}.NR.RAN.Mobility.ConnMode.IRAT.B2MeasureCtrl.{i}.,DEVICE_SERVICES_FAPSERVICE_CELLCONFIG_NR_RAN_MOBILITY_CONNMODE_IRAT_B2MEASURECTRL,LST B2_MEASURE_CTRL;MOD B2_MEASURE_CTRL,中国移动5G扩展型皮基站网管南向接口数据模型规范v1.9.4.xlsx,SM,265
CMCC_5G_EXT_PICO_V1.9.4,B2事件测量控制参数,Device.Services.FAPService.{i}.CellConfig.{i}.NR.RAN.Mobility.ConnMode.IRAT.B2MeasureCtrl.{i}.Hysteresis,Device,parameter,迟滞值,RW,unsignedInt[0:30],dc3d50e9-8b1a-4a86-980d-bf764278df53,parameter,READ_WRITE,STRING,,create_new_command_node,no,,,SJ,移动性参数管理,B2事件测量控制参数,Device.Services.FAPService.{i}.CellConfig.{i}.NR.RAN.Mobility.ConnMode.IRAT.B2MeasureCtrl.{i}.,DEVICE_SERVICES_FAPSERVICE_CELLCONFIG_NR_RAN_MOBILITY_CONNMODE_IRAT_B2MEASURECTRL,LST B2_MEASURE_CTRL;MOD B2_MEASURE_CTRL,中国移动5G扩展型皮基站网管南向接口数据模型规范v1.9.4.xlsx,SM,273
CMCC_5G_EXT_PICO_V1.9.4,B2事件测量控制参数,Device.Services.FAPService.{i}.CellConfig.{i}.NR.RAN.Mobility.ConnMode.IRAT.B2MeasureCtrl.{i}.MaxReportCells,Device,parameter,最大上报小区数,RW,unsignedInt[1:8],cc7e00ab-b128-4076-9225-8dde808a27cb,parameter,READ_WRITE,STRING,,create_new_command_node,no,,,SJ,移动性参数管理,B2事件测量控制参数,Device.Services.FAPService.{i}.CellConfig.{i}.NR.RAN.Mobility.ConnMode.IRAT.B2MeasureCtrl.{i}.,DEVICE_SERVICES_FAPSERVICE_CELLCONFIG_NR_RAN_MOBILITY_CONNMODE_IRAT_B2MEASURECTRL,LST B2_MEASURE_CTRL;MOD B2_MEASURE_CTRL,中国移动5G扩展型皮基站网管南向接口数据模型规范v1.9.4.xlsx,SM,274
CMCC_5G_EXT_PICO_V1.9.4,B2事件测量控制参数,Device.Services.FAPService.{i}.CellConfig.{i}.NR.RAN.Mobility.ConnMode.IRAT.B2MeasureCtrl.{i}.MeasurePurpose,Device,parameter,测量目的,R,unsignedInt[1:100],83857245-9645-4416-aa08-8e81d581fa2e,parameter,READ_WRITE,STRING,,create_new_command_node,no,,,SJ,移动性参数管理,B2事件测量控制参数,Device.Services.FAPService.{i}.CellConfig.{i}.NR.RAN.Mobility.ConnMode.IRAT.B2MeasureCtrl.{i}.,DEVICE_SERVICES_FAPSERVICE_CELLCONFIG_NR_RAN_MOBILITY_CONNMODE_IRAT_B2MEASURECTRL,LST B2_MEASURE_CTRL,中国移动5G扩展型皮基站网管南向接口数据模型规范v1.9.4.xlsx,SM,275
CMCC_5G_EXT_PICO_V1.9.4,B2事件测量控制参数,Device.Services.FAPService.{i}.CellConfig.{i}.NR.RAN.Mobility.ConnMode.IRAT.B2MeasureCtrl.{i}.ReportAmount,Device,parameter,上报次数,RW,"unsignedInt[0:2, 4, 8, 16, 32, 64]",9215f737-66ee-48da-91eb-150e2fcfe71a,parameter,READ_WRITE,STRING,,create_new_command_node,no,,,SJ,移动性参数管理,B2事件测量控制参数,Device.Services.FAPService.{i}.CellConfig.{i}.NR.RAN.Mobility.ConnMode.IRAT.B2MeasureCtrl.{i}.,DEVICE_SERVICES_FAPSERVICE_CELLCONFIG_NR_RAN_MOBILITY_CONNMODE_IRAT_B2MEASURECTRL,LST B2_MEASURE_CTRL;MOD B2_MEASURE_CTRL,中国移动5G扩展型皮基站网管南向接口数据模型规范v1.9.4.xlsx,SM,276
CMCC_5G_EXT_PICO_V1.9.4,B2事件测量控制参数,Device.Services.FAPService.{i}.CellConfig.{i}.NR.RAN.Mobility.ConnMode.IRAT.B2MeasureCtrl.{i}.ReportInterval,Device,parameter,上报间隔,RW,"unsignedInt[120, 240, 480, 640, 1024, 2048, 5120, 10240, 20480，40960，60000, 360000, 720000, 1800000]",b2010783-c76d-4530-95c1-0d433f5a911e,parameter,READ_WRITE,STRING,,create_new_command_node,no,,,SJ,移动性参数管理,B2事件测量控制参数,Device.Services.FAPService.{i}.CellConfig.{i}.NR.RAN.Mobility.ConnMode.IRAT.B2MeasureCtrl.{i}.,DEVICE_SERVICES_FAPSERVICE_CELLCONFIG_NR_RAN_MOBILITY_CONNMODE_IRAT_B2MEASURECTRL,LST B2_MEASURE_CTRL;MOD B2_MEASURE_CTRL,中国移动5G扩展型皮基站网管南向接口数据模型规范v1.9.4.xlsx,SM,277
CMCC_5G_EXT_PICO_V1.9.4,B2事件测量控制参数,Device.Services.FAPService.{i}.CellConfig.{i}.NR.RAN.Mobility.ConnMode.IRAT.B2MeasureCtrl.{i}.ReportOnLeave,Device,parameter,B2事件离开上报指示,RW,boolean,3ab19733-26b6-4c24-917e-de42a1c20681,parameter,READ_WRITE,STRING,,create_new_command_node,no,,,SJ,移动性参数管理,B2事件测量控制参数,Device.Services.FAPService.{i}.CellConfig.{i}.NR.RAN.Mobility.ConnMode.IRAT.B2MeasureCtrl.{i}.,DEVICE_SERVICES_FAPSERVICE_CELLCONFIG_NR_RAN_MOBILITY_CONNMODE_IRAT_B2MEASURECTRL,LST B2_MEASURE_CTRL;MOD B2_MEASURE_CTRL,中国移动5G扩展型皮基站网管南向接口数据模型规范v1.9.4.xlsx,SM,280
CMCC_5G_EXT_PICO_V1.9.4,B2事件测量控制参数,Device.Services.FAPService.{i}.CellConfig.{i}.NR.RAN.Mobility.ConnMode.IRAT.B2MeasureCtrl.{i}.ReportQuantity,Device,parameter,上报量,RW,string,6aa1aac1-de29-4568-b222-112286e974d6,parameter,READ_WRITE,STRING,,create_new_command_node,no,,,SJ,移动性参数管理,B2事件测量控制参数,Device.Services.FAPService.{i}.CellConfig.{i}.NR.RAN.Mobility.ConnMode.IRAT.B2MeasureCtrl.{i}.,DEVICE_SERVICES_FAPSERVICE_CELLCONFIG_NR_RAN_MOBILITY_CONNMODE_IRAT_B2MEASURECTRL,LST B2_MEASURE_CTRL;MOD B2_MEASURE_CTRL,中国移动5G扩展型皮基站网管南向接口数据模型规范v1.9.4.xlsx,SM,279
CMCC_5G_EXT_PICO_V1.9.4,B2事件测量控制参数,Device.Services.FAPService.{i}.CellConfig.{i}.NR.RAN.Mobility.ConnMode.IRAT.B2MeasureCtrl.{i}.TimeToTrigger,Device,parameter,触发时间,RW,"unsignedInt[0,40, 64, 80,100,128, 160,256,320, 480, 512, 640, 1024,1280,2560,5120]",85de30bb-1929-4a7d-8032-fc4c206819b8,parameter,READ_WRITE,STRING,,create_new_command_node,no,,,SJ,移动性参数管理,B2事件测量控制参数,Device.Services.FAPService.{i}.CellConfig.{i}.NR.RAN.Mobility.ConnMode.IRAT.B2MeasureCtrl.{i}.,DEVICE_SERVICES_FAPSERVICE_CELLCONFIG_NR_RAN_MOBILITY_CONNMODE_IRAT_B2MEASURECTRL,LST B2_MEASURE_CTRL;MOD B2_MEASURE_CTRL,中国移动5G扩展型皮基站网管南向接口数据模型规范v1.9.4.xlsx,SM,278
CMCC_5G_EXT_PICO_V1.9.4,同频重选参数,Device.Services.FAPService.{i}.CellConfig.{i}.NR.RAN.Mobility.IdleMode.IntraFreq.CellReselectionPriority,Device,parameter,同频小区重选优先级,RW,unsignedInt[0:7],b89f3d8f-8337-47e3-841f-b0f9d011d6ee,parameter,READ_WRITE,STRING,,create_new_command_node,no,,,SJ,移动性参数管理,同频重选参数,Device.Services.FAPService.{i}.CellConfig.{i}.NR.RAN.Mobility.IdleMode.IntraFreq.,DEVICE_SERVICES_FAPSERVICE_CELLCONFIG_NR_RAN_MOBILITY_IDLEMODE_INTRAFREQ,LST INTRA_FREQ;MOD INTRA_FREQ,中国移动5G扩展型皮基站网管南向接口数据模型规范v1.9.4.xlsx,SM,313
CMCC_5G_EXT_PICO_V1.9.4,同频重选参数,Device.Services.FAPService.{i}.CellConfig.{i}.NR.RAN.Mobility.IdleMode.IntraFreq.DeriveSSBIndexFromCell,Device,parameter,指示UE能否根据服务小区来获取邻小区的SSB索引号,RW,boolean,abb8fadf-da6c-467c-98fc-1b8c2f3f2b87,parameter,READ_WRITE,STRING,,create_new_command_node,no,,,SJ,移动性参数管理,同频重选参数,Device.Services.FAPService.{i}.CellConfig.{i}.NR.RAN.Mobility.IdleMode.IntraFreq.,DEVICE_SERVICES_FAPSERVICE_CELLCONFIG_NR_RAN_MOBILITY_IDLEMODE_INTRAFREQ,LST INTRA_FREQ;MOD INTRA_FREQ,中国移动5G扩展型皮基站网管南向接口数据模型规范v1.9.4.xlsx,SM,320
CMCC_5G_EXT_PICO_V1.9.4,同频重选参数,Device.Services.FAPService.{i}.CellConfig.{i}.NR.RAN.Mobility.IdleMode.IntraFreq.QQualMinSIB1,Device,parameter,小区选择最低接入信号质量,RW,"int[-34:-3,0x0FFFFFFF]",58a0ce3b-fe9a-4797-9f6d-c4f8cef80f4c,parameter,READ_WRITE,STRING,,create_new_command_node,no,,,SJ,移动性参数管理,同频重选参数,Device.Services.FAPService.{i}.CellConfig.{i}.NR.RAN.Mobility.IdleMode.IntraFreq.,DEVICE_SERVICES_FAPSERVICE_CELLCONFIG_NR_RAN_MOBILITY_IDLEMODE_INTRAFREQ,LST INTRA_FREQ;MOD INTRA_FREQ,中国移动5G扩展型皮基站网管南向接口数据模型规范v1.9.4.xlsx,SM,319
CMCC_5G_EXT_PICO_V1.9.4,同频重选参数,Device.Services.FAPService.{i}.CellConfig.{i}.NR.RAN.Mobility.IdleMode.IntraFreq.QRxLevMinOffset,Device,parameter,最小接收电平偏移量,RW,unsignedInt[1:8],02dce2ca-92be-4c55-9d02-36a648789c0b,parameter,READ_WRITE,STRING,,create_new_command_node,no,,,SJ,移动性参数管理,同频重选参数,Device.Services.FAPService.{i}.CellConfig.{i}.NR.RAN.Mobility.IdleMode.IntraFreq.,DEVICE_SERVICES_FAPSERVICE_CELLCONFIG_NR_RAN_MOBILITY_IDLEMODE_INTRAFREQ,LST INTRA_FREQ;MOD INTRA_FREQ,中国移动5G扩展型皮基站网管南向接口数据模型规范v1.9.4.xlsx,SM,308
CMCC_5G_EXT_PICO_V1.9.4,同频重选参数,Device.Services.FAPService.{i}.CellConfig.{i}.NR.RAN.Mobility.IdleMode.IntraFreq.QRxLevMinSIB1,Device,parameter,服务小区最小接收电平,RW,int[-70:-22],aa7e27a2-34a6-475d-af07-f800ed7bf842,parameter,READ_WRITE,STRING,,create_new_command_node,no,,,SJ,移动性参数管理,同频重选参数,Device.Services.FAPService.{i}.CellConfig.{i}.NR.RAN.Mobility.IdleMode.IntraFreq.,DEVICE_SERVICES_FAPSERVICE_CELLCONFIG_NR_RAN_MOBILITY_IDLEMODE_INTRAFREQ,LST INTRA_FREQ;MOD INTRA_FREQ,中国移动5G扩展型皮基站网管南向接口数据模型规范v1.9.4.xlsx,SM,305
CMCC_5G_EXT_PICO_V1.9.4,同频重选参数,Device.Services.FAPService.{i}.CellConfig.{i}.NR.RAN.Mobility.IdleMode.IntraFreq.QRxLevMinSIB2,Device,parameter,同频邻区最小接收电平,RW,int[-70:-22],3784e763-9241-4c89-b0db-5ce05796ed41,parameter,READ_WRITE,STRING,,create_new_command_node,no,,,SJ,移动性参数管理,同频重选参数,Device.Services.FAPService.{i}.CellConfig.{i}.NR.RAN.Mobility.IdleMode.IntraFreq.,DEVICE_SERVICES_FAPSERVICE_CELLCONFIG_NR_RAN_MOBILITY_IDLEMODE_INTRAFREQ,LST INTRA_FREQ;MOD INTRA_FREQ,中国移动5G扩展型皮基站网管南向接口数据模型规范v1.9.4.xlsx,SM,306
CMCC_5G_EXT_PICO_V1.9.4,同频重选参数,Device.Services.FAPService.{i}.CellConfig.{i}.NR.RAN.Mobility.IdleMode.IntraFreq.Qqualminoffset,Device,parameter,小区选择最低接入信号质量偏移值,RW,unsignedInt[0:8],fc796f76-9494-414f-8d1b-9a0374d4da76,parameter,READ_WRITE,STRING,,create_new_command_node,no,,,SJ,移动性参数管理,同频重选参数,Device.Services.FAPService.{i}.CellConfig.{i}.NR.RAN.Mobility.IdleMode.IntraFreq.,DEVICE_SERVICES_FAPSERVICE_CELLCONFIG_NR_RAN_MOBILITY_IDLEMODE_INTRAFREQ,LST INTRA_FREQ;MOD INTRA_FREQ,中国移动5G扩展型皮基站网管南向接口数据模型规范v1.9.4.xlsx,SM,307
CMCC_5G_EXT_PICO_V1.9.4,同频重选参数,Device.Services.FAPService.{i}.CellConfig.{i}.NR.RAN.Mobility.IdleMode.IntraFreq.SIntraSearchP,Device,parameter,同频测量启动门限RSRP,RW,unsignedInt[0:31],3ef87a6e-27d4-462f-b30a-93da34fddd96,parameter,READ_WRITE,STRING,,create_new_command_node,no,,,SJ,移动性参数管理,同频重选参数,Device.Services.FAPService.{i}.CellConfig.{i}.NR.RAN.Mobility.IdleMode.IntraFreq.,DEVICE_SERVICES_FAPSERVICE_CELLCONFIG_NR_RAN_MOBILITY_IDLEMODE_INTRAFREQ,LST INTRA_FREQ;MOD INTRA_FREQ,中国移动5G扩展型皮基站网管南向接口数据模型规范v1.9.4.xlsx,SM,310
CMCC_5G_EXT_PICO_V1.9.4,同频重选参数,Device.Services.FAPService.{i}.CellConfig.{i}.NR.RAN.Mobility.IdleMode.IntraFreq.SNonIntraSearchP,Device,parameter,同频RSRP测量启动门限,RW,"unsignedInt[0:31,0x0FFFFFFF]",f5013b65-1abc-4845-aca0-225dfb773af1,parameter,READ_WRITE,STRING,,create_new_command_node,no,,,SJ,移动性参数管理,同频重选参数,Device.Services.FAPService.{i}.CellConfig.{i}.NR.RAN.Mobility.IdleMode.IntraFreq.,DEVICE_SERVICES_FAPSERVICE_CELLCONFIG_NR_RAN_MOBILITY_IDLEMODE_INTRAFREQ,LST INTRA_FREQ;MOD INTRA_FREQ,中国移动5G扩展型皮基站网管南向接口数据模型规范v1.9.4.xlsx,SM,323
CMCC_5G_EXT_PICO_V1.9.4,同频重选参数,Device.Services.FAPService.{i}.CellConfig.{i}.NR.RAN.Mobility.IdleMode.IntraFreq.SNonIntraSearchQ,Device,parameter,同频RSRQ测量启动门限,RW,"unsignedInt[0:31,0x0FFFFFFF]",70f82930-e599-49c1-b9d8-ec65a070a4aa,parameter,READ_WRITE,STRING,,create_new_command_node,no,,,SJ,移动性参数管理,同频重选参数,Device.Services.FAPService.{i}.CellConfig.{i}.NR.RAN.Mobility.IdleMode.IntraFreq.,DEVICE_SERVICES_FAPSERVICE_CELLCONFIG_NR_RAN_MOBILITY_IDLEMODE_INTRAFREQ,LST INTRA_FREQ;MOD INTRA_FREQ,中国移动5G扩展型皮基站网管南向接口数据模型规范v1.9.4.xlsx,SM,324
CMCC_5G_EXT_PICO_V1.9.4,同频重选参数,Device.Services.FAPService.{i}.CellConfig.{i}.NR.RAN.Mobility.IdleMode.IntraFreq.TReselectionNR,Device,parameter,同频小区重选时间,RW,unsignedInt[0:7],3d1e270f-4a38-4365-b7c1-1709cf5965d9,parameter,READ_WRITE,STRING,,create_new_command_node,no,,,SJ,移动性参数管理,同频重选参数,Device.Services.FAPService.{i}.CellConfig.{i}.NR.RAN.Mobility.IdleMode.IntraFreq.,DEVICE_SERVICES_FAPSERVICE_CELLCONFIG_NR_RAN_MOBILITY_IDLEMODE_INTRAFREQ,LST INTRA_FREQ;MOD INTRA_FREQ,中国移动5G扩展型皮基站网管南向接口数据模型规范v1.9.4.xlsx,SM,312
CMCC_5G_EXT_PICO_V1.9.4,同频重选参数,Device.Services.FAPService.{i}.CellConfig.{i}.NR.RAN.Mobility.IdleMode.IntraFreq.ThreshServingLowP,Device,parameter,低优先级重选门限,RW,unsignedInt[0:31],bb8b6d59-7c63-43a0-95e3-aab476288943,parameter,READ_WRITE,STRING,,create_new_command_node,no,,,SJ,移动性参数管理,同频重选参数,Device.Services.FAPService.{i}.CellConfig.{i}.NR.RAN.Mobility.IdleMode.IntraFreq.,DEVICE_SERVICES_FAPSERVICE_CELLCONFIG_NR_RAN_MOBILITY_IDLEMODE_INTRAFREQ,LST INTRA_FREQ;MOD INTRA_FREQ,中国移动5G扩展型皮基站网管南向接口数据模型规范v1.9.4.xlsx,SM,316
CMCC_5G_EXT_PICO_V1.9.4,周期性测量的配置,Device.Services.FAPService.{i}.CellConfig.{i}.NR.RAN.Mobility.ConnMode.NR.PeriodMeasCtrl.{i}.MaxReportCells,Device,parameter,小区的最大数目,RW,unsignedInt[1:8],2967d6fa-ed70-4ba9-8c01-d76961ae6ab1,parameter,READ_WRITE,STRING,,create_new_command_node,no,,,SJ,移动性参数管理,周期性测量的配置,Device.Services.FAPService.{i}.CellConfig.{i}.NR.RAN.Mobility.ConnMode.NR.PeriodMeasCtrl.{i}.,DEVICE_SERVICES_FAPSERVICE_CELLCONFIG_NR_RAN_MOBILITY_CONNMODE_NR_PERIODMEASCTRL,LST PERIOD_MEAS_CTRL;MOD PERIOD_MEAS_CTRL,中国移动5G扩展型皮基站网管南向接口数据模型规范v1.9.4.xlsx,SM,361
CMCC_5G_EXT_PICO_V1.9.4,周期性测量的配置,Device.Services.FAPService.{i}.CellConfig.{i}.NR.RAN.Mobility.ConnMode.NR.PeriodMeasCtrl.{i}.MeasurePurpose,Device,parameter,测量目的,RW,unsignedInt[1:4],fdeb2e79-1a35-43a7-9d65-ed0f4bc34806,parameter,READ_WRITE,STRING,,create_new_command_node,no,,,SJ,移动性参数管理,周期性测量的配置,Device.Services.FAPService.{i}.CellConfig.{i}.NR.RAN.Mobility.ConnMode.NR.PeriodMeasCtrl.{i}.,DEVICE_SERVICES_FAPSERVICE_CELLCONFIG_NR_RAN_MOBILITY_CONNMODE_NR_PERIODMEASCTRL,LST PERIOD_MEAS_CTRL;MOD PERIOD_MEAS_CTRL,中国移动5G扩展型皮基站网管南向接口数据模型规范v1.9.4.xlsx,SM,359
CMCC_5G_EXT_PICO_V1.9.4,周期性测量的配置,Device.Services.FAPService.{i}.CellConfig.{i}.NR.RAN.Mobility.ConnMode.NR.PeriodMeasCtrl.{i}.ReportAmount,Device,parameter,测量报告次数,RW,"unsignedInt[0:2, 4, 8, 16, 32, 64]",40a4c229-0027-4c0d-bfbc-a3ff0da48ac0,parameter,READ_WRITE,STRING,,create_new_command_node,no,,,SJ,移动性参数管理,周期性测量的配置,Device.Services.FAPService.{i}.CellConfig.{i}.NR.RAN.Mobility.ConnMode.NR.PeriodMeasCtrl.{i}.,DEVICE_SERVICES_FAPSERVICE_CELLCONFIG_NR_RAN_MOBILITY_CONNMODE_NR_PERIODMEASCTRL,LST PERIOD_MEAS_CTRL;MOD PERIOD_MEAS_CTRL,中国移动5G扩展型皮基站网管南向接口数据模型规范v1.9.4.xlsx,SM,363
CMCC_5G_EXT_PICO_V1.9.4,周期性测量的配置,Device.Services.FAPService.{i}.CellConfig.{i}.NR.RAN.Mobility.ConnMode.NR.PeriodMeasCtrl.{i}.ReportInterval,Device,parameter,周期性测量报告,RW,"unsignedInt[120,240,480,640,1024, 2048, 5120, 10240,20480,40960,60000,360000, 720000,1800000]",9fbab630-da87-47c1-9aa0-3ec9070429be,parameter,READ_WRITE,STRING,,create_new_command_node,no,,,SJ,移动性参数管理,周期性测量的配置,Device.Services.FAPService.{i}.CellConfig.{i}.NR.RAN.Mobility.ConnMode.NR.PeriodMeasCtrl.{i}.,DEVICE_SERVICES_FAPSERVICE_CELLCONFIG_NR_RAN_MOBILITY_CONNMODE_NR_PERIODMEASCTRL,LST PERIOD_MEAS_CTRL;MOD PERIOD_MEAS_CTRL,中国移动5G扩展型皮基站网管南向接口数据模型规范v1.9.4.xlsx,SM,362
CMCC_5G_EXT_PICO_V1.9.4,周期性测量的配置,Device.Services.FAPService.{i}.CellConfig.{i}.NR.RAN.Mobility.ConnMode.NR.PeriodMeasCtrl.{i}.ReportQuantity,Device,parameter,上报量,RW,string,460c3207-67bf-477a-89fa-157c00ca5458,parameter,READ_WRITE,STRING,,create_new_command_node,no,,,SJ,移动性参数管理,周期性测量的配置,Device.Services.FAPService.{i}.CellConfig.{i}.NR.RAN.Mobility.ConnMode.NR.PeriodMeasCtrl.{i}.,DEVICE_SERVICES_FAPSERVICE_CELLCONFIG_NR_RAN_MOBILITY_CONNMODE_NR_PERIODMEASCTRL,LST PERIOD_MEAS_CTRL;MOD PERIOD_MEAS_CTRL,中国移动5G扩展型皮基站网管南向接口数据模型规范v1.9.4.xlsx,SM,360
CMCC_5G_EXT_PICO_V1.9.4,多实例Object个数读写属性,Device.Services.FAPService.{i}.CellConfig.{i}.NR.RAN.Mobility.ConnMode.NR.PeriodMeasCtrl.{i},Device,object,周期性测量实例节点,RW,,61ddbc5f-f137-4a49-aa01-2fdfcd61a8f8,parameter,READ_WRITE,STRING,,create_new_command_node,no,,,SJ,移动性参数管理,多实例Object个数读写属性,Device.Services.FAPService.{i}.CellConfig.{i}.NR.RAN.Mobility.ConnMode.NR.PeriodMeasCtrl.,DEVICE_SERVICES_FAPSERVICE_CELLCONFIG_NR_RAN_MOBILITY_CONNMODE_NR_PERIODMEASCTRL,LST PERIOD_MEAS_CTRL;MOD PERIOD_MEAS_CTRL,中国移动5G扩展型皮基站网管南向接口数据模型规范v1.9.4.xlsx,多实例参数Object个数读写属性,51
CMCC_5G_EXT_PICO_V1.9.4,异系统重选参数,Device.Services.FAPService.{i}.CellConfig.{i}.NR.RAN.Mobility.IdleMode.EUTRA.Carrier.{i}.AllowedMeasBandwidth,Device,parameter,最大允许测量带宽,RW,string(64),825a0e5b-26f2-419f-abfb-a3e0c71328f2,parameter,READ_WRITE,STRING,,create_new_command_node,no,,,SJ,移动性参数管理,异系统重选参数,Device.Services.FAPService.{i}.CellConfig.{i}.NR.RAN.Mobility.IdleMode.EUTRA.Carrier.{i}.,DEVICE_SERVICES_FAPSERVICE_CELLCONFIG_NR_RAN_MOBILITY_IDLEMODE_EUTRA_CARRIER,LST CARRIER;MOD CARRIER,中国移动5G扩展型皮基站网管南向接口数据模型规范v1.9.4.xlsx,SM,355
CMCC_5G_EXT_PICO_V1.9.4,异系统重选参数,Device.Services.FAPService.{i}.CellConfig.{i}.NR.RAN.Mobility.IdleMode.EUTRA.Carrier.{i}.BlackPhysCellIdRange,Device,parameter,物理小区ID步进,RW,unsignedInt[0~13，0x0FFFFFFF],d90cd1b6-81cc-47cb-a5c7-2384859c3e67,parameter,READ_WRITE,STRING,,create_new_command_node,no,,,SJ,移动性参数管理,异系统重选参数,Device.Services.FAPService.{i}.CellConfig.{i}.NR.RAN.Mobility.IdleMode.EUTRA.Carrier.{i}.,DEVICE_SERVICES_FAPSERVICE_CELLCONFIG_NR_RAN_MOBILITY_IDLEMODE_EUTRA_CARRIER,LST CARRIER;MOD CARRIER,中国移动5G扩展型皮基站网管南向接口数据模型规范v1.9.4.xlsx,SM,358
CMCC_5G_EXT_PICO_V1.9.4,异系统重选参数,Device.Services.FAPService.{i}.CellConfig.{i}.NR.RAN.Mobility.IdleMode.EUTRA.Carrier.{i}.BlackPhysCellIdStart,Device,parameter,物理小区ID起始位置,RW,unsignedInt[0:503],590b4caf-7702-4137-936e-b1fc9e291e01,parameter,READ_WRITE,STRING,,create_new_command_node,no,,,SJ,移动性参数管理,异系统重选参数,Device.Services.FAPService.{i}.CellConfig.{i}.NR.RAN.Mobility.IdleMode.EUTRA.Carrier.{i}.,DEVICE_SERVICES_FAPSERVICE_CELLCONFIG_NR_RAN_MOBILITY_IDLEMODE_EUTRA_CARRIER,LST CARRIER;MOD CARRIER,中国移动5G扩展型皮基站网管南向接口数据模型规范v1.9.4.xlsx,SM,357
CMCC_5G_EXT_PICO_V1.9.4,异系统重选参数,Device.Services.FAPService.{i}.CellConfig.{i}.NR.RAN.Mobility.IdleMode.EUTRA.Carrier.{i}.CellReselectionPriority,Device,parameter,EUTRAN频点重选优先级,RW,unsignedInt[0:7],20215fff-43dd-4d25-abc5-ba3bbf3028e3,parameter,READ_WRITE,STRING,,create_new_command_node,no,,,SJ,移动性参数管理,异系统重选参数,Device.Services.FAPService.{i}.CellConfig.{i}.NR.RAN.Mobility.IdleMode.EUTRA.Carrier.{i}.,DEVICE_SERVICES_FAPSERVICE_CELLCONFIG_NR_RAN_MOBILITY_IDLEMODE_EUTRA_CARRIER,LST CARRIER;MOD CARRIER,中国移动5G扩展型皮基站网管南向接口数据模型规范v1.9.4.xlsx,SM,347
CMCC_5G_EXT_PICO_V1.9.4,异系统重选参数,Device.Services.FAPService.{i}.CellConfig.{i}.NR.RAN.Mobility.IdleMode.EUTRA.Carrier.{i}.EUTRACarrierARFCN,Device,parameter,邻区EARFCN,RW,unsignedInt[0:65535],45947691-8a89-4fbc-bfaa-d86df121dcf2,parameter,READ_WRITE,STRING,,create_new_command_node,no,,,SJ,移动性参数管理,异系统重选参数,Device.Services.FAPService.{i}.CellConfig.{i}.NR.RAN.Mobility.IdleMode.EUTRA.Carrier.{i}.,DEVICE_SERVICES_FAPSERVICE_CELLCONFIG_NR_RAN_MOBILITY_IDLEMODE_EUTRA_CARRIER,LST CARRIER;MOD CARRIER,中国移动5G扩展型皮基站网管南向接口数据模型规范v1.9.4.xlsx,SM,345
CMCC_5G_EXT_PICO_V1.9.4,异系统重选参数,Device.Services.FAPService.{i}.CellConfig.{i}.NR.RAN.Mobility.IdleMode.EUTRA.Carrier.{i}.PMaxEUTRA,Device,parameter,EUTRAN最大允许发射功率,RW,int[-30:33],d0342ab8-e174-413d-87dd-8fc8ae8e0d8d,parameter,READ_WRITE,STRING,,create_new_command_node,no,,,SJ,移动性参数管理,异系统重选参数,Device.Services.FAPService.{i}.CellConfig.{i}.NR.RAN.Mobility.IdleMode.EUTRA.Carrier.{i}.,DEVICE_SERVICES_FAPSERVICE_CELLCONFIG_NR_RAN_MOBILITY_IDLEMODE_EUTRA_CARRIER,LST CARRIER;MOD CARRIER,中国移动5G扩展型皮基站网管南向接口数据模型规范v1.9.4.xlsx,SM,352
CMCC_5G_EXT_PICO_V1.9.4,异系统重选参数,Device.Services.FAPService.{i}.CellConfig.{i}.NR.RAN.Mobility.IdleMode.EUTRA.Carrier.{i}.PresenceAntennaPort1,Device,parameter,指示是否所有邻小区使用天线端口1,RW,boolean,ef7dbeca-9dbb-4804-a478-b2b0ab4f65b6,parameter,READ_WRITE,STRING,,create_new_command_node,no,,,SJ,移动性参数管理,异系统重选参数,Device.Services.FAPService.{i}.CellConfig.{i}.NR.RAN.Mobility.IdleMode.EUTRA.Carrier.{i}.,DEVICE_SERVICES_FAPSERVICE_CELLCONFIG_NR_RAN_MOBILITY_IDLEMODE_EUTRA_CARRIER,LST CARRIER;MOD CARRIER,中国移动5G扩展型皮基站网管南向接口数据模型规范v1.9.4.xlsx,SM,356
CMCC_5G_EXT_PICO_V1.9.4,异系统重选参数,Device.Services.FAPService.{i}.CellConfig.{i}.NR.RAN.Mobility.IdleMode.EUTRA.Carrier.{i}.QQualMin,Device,parameter,EUTRAN最低接入信号质量,RW,int[-34:-3],5157e80e-b59e-4d25-8197-eb921f2cf64f,parameter,READ_WRITE,STRING,,create_new_command_node,no,,,SJ,移动性参数管理,异系统重选参数,Device.Services.FAPService.{i}.CellConfig.{i}.NR.RAN.Mobility.IdleMode.EUTRA.Carrier.{i}.,DEVICE_SERVICES_FAPSERVICE_CELLCONFIG_NR_RAN_MOBILITY_IDLEMODE_EUTRA_CARRIER,LST CARRIER;MOD CARRIER,中国移动5G扩展型皮基站网管南向接口数据模型规范v1.9.4.xlsx,SM,351
CMCC_5G_EXT_PICO_V1.9.4,异系统重选参数,Device.Services.FAPService.{i}.CellConfig.{i}.NR.RAN.Mobility.IdleMode.EUTRA.Carrier.{i}.QRxLevMin,Device,parameter,EUTRAN最低接收电平,RW,int[-70:-22],0aa08615-4a4c-48eb-86ef-ded9d35ae333,parameter,READ_WRITE,STRING,,create_new_command_node,no,,,SJ,移动性参数管理,异系统重选参数,Device.Services.FAPService.{i}.CellConfig.{i}.NR.RAN.Mobility.IdleMode.EUTRA.Carrier.{i}.,DEVICE_SERVICES_FAPSERVICE_CELLCONFIG_NR_RAN_MOBILITY_IDLEMODE_EUTRA_CARRIER,LST CARRIER;MOD CARRIER,中国移动5G扩展型皮基站网管南向接口数据模型规范v1.9.4.xlsx,SM,350
CMCC_NR_V1.7,异系统重选参数,Device.Services.FAPService.{i}.CellConfig.{i}.NR.RAN.Mobility.IdleMode.EUTRA.Carrier.{i}.TReselectionEUTRA,Device,parameter,EUTRA小区重选时间,RW,unsignedInt[0:7],9df4e7f9-8679-47b1-8d74-da72609ed1fd,parameter,READ_WRITE,STRING,,create_new_command_node,no,,,SJ,移动性参数管理,异系统重选参数,Device.Services.FAPService.{i}.CellConfig.{i}.NR.RAN.Mobility.IdleMode.EUTRA.Carrier.{i}.,DEVICE_SERVICES_FAPSERVICE_CELLCONFIG_NR_RAN_MOBILITY_IDLEMODE_EUTRA_CARRIER,LST CARRIER;MOD CARRIER,NR v1.7.xlsx,SM,327
CMCC_5G_EXT_PICO_V1.9.4,异系统重选参数,Device.Services.FAPService.{i}.CellConfig.{i}.NR.RAN.Mobility.IdleMode.EUTRA.Carrier.{i}.ThreshXHigh,Device,parameter,EUTRAN频点高优先级重选门限,RW,unsignedInt[0:31],79b16101-371e-45a0-87f7-c3943c18b8ed,parameter,READ_WRITE,STRING,,create_new_command_node,no,,,SJ,移动性参数管理,异系统重选参数,Device.Services.FAPService.{i}.CellConfig.{i}.NR.RAN.Mobility.IdleMode.EUTRA.Carrier.{i}.,DEVICE_SERVICES_FAPSERVICE_CELLCONFIG_NR_RAN_MOBILITY_IDLEMODE_EUTRA_CARRIER,LST CARRIER;MOD CARRIER,中国移动5G扩展型皮基站网管南向接口数据模型规范v1.9.4.xlsx,SM,348
CMCC_5G_EXT_PICO_V1.9.4,异系统重选参数,Device.Services.FAPService.{i}.CellConfig.{i}.NR.RAN.Mobility.IdleMode.EUTRA.Carrier.{i}.ThreshXHighQ,Device,parameter,EUTRAN频点高优先级重选门限,RW,unsignedInt[0:31],7b62700f-4974-4666-8a14-2619623fd12a,parameter,READ_WRITE,STRING,,create_new_command_node,no,,,SJ,移动性参数管理,异系统重选参数,Device.Services.FAPService.{i}.CellConfig.{i}.NR.RAN.Mobility.IdleMode.EUTRA.Carrier.{i}.,DEVICE_SERVICES_FAPSERVICE_CELLCONFIG_NR_RAN_MOBILITY_IDLEMODE_EUTRA_CARRIER,LST CARRIER;MOD CARRIER,中国移动5G扩展型皮基站网管南向接口数据模型规范v1.9.4.xlsx,SM,353
CMCC_5G_EXT_PICO_V1.9.4,异系统重选参数,Device.Services.FAPService.{i}.CellConfig.{i}.NR.RAN.Mobility.IdleMode.EUTRA.Carrier.{i}.ThreshXLow,Device,parameter,EUTRAN频点低优先级重选门限,RW,unsignedInt[0:31],2002ee7c-8ac2-42c7-ab17-3e692cde84d4,parameter,READ_WRITE,STRING,,create_new_command_node,no,,,SJ,移动性参数管理,异系统重选参数,Device.Services.FAPService.{i}.CellConfig.{i}.NR.RAN.Mobility.IdleMode.EUTRA.Carrier.{i}.,DEVICE_SERVICES_FAPSERVICE_CELLCONFIG_NR_RAN_MOBILITY_IDLEMODE_EUTRA_CARRIER,LST CARRIER;MOD CARRIER,中国移动5G扩展型皮基站网管南向接口数据模型规范v1.9.4.xlsx,SM,349
CMCC_NR_V1.7,异频重选参数,Device.Services.FAPService.{i}.CellConfig.{i}.NR.RAN.Mobility.IdleMode.InterFreq.Carrier.{i}.AbsThreshSSBlocksConsolidation,Device,parameter,RSRP门限值,RW,"unsignedInt[0:127,0x00000FFF]",0fb10db9-5c48-496b-ada9-d5f4756f654a,parameter,READ_WRITE,STRING,,create_new_command_node,no,,,SJ,移动性参数管理,异频重选参数,Device.Services.FAPService.{i}.CellConfig.{i}.NR.RAN.Mobility.IdleMode.InterFreq.Carrier.{i}.,DEVICE_SERVICES_FAPSERVICE_CELLCONFIG_NR_RAN_MOBILITY_IDLEMODE_INTERFREQ_CARRIER,LST CARRIER;MOD CARRIER,NR v1.7.xlsx,SM,308
CMCC_5G_EXT_PICO_V1.9.4,异频重选参数,Device.Services.FAPService.{i}.CellConfig.{i}.NR.RAN.Mobility.IdleMode.InterFreq.Carrier.{i}.BlackPhysCellIdRange,Device,parameter,物理小区ID步进,RW,unsignedInt[0:14],f9571232-c954-48bd-83a3-d152cbd6bbf1,parameter,READ_WRITE,STRING,,create_new_command_node,no,,,SJ,移动性参数管理,异频重选参数,Device.Services.FAPService.{i}.CellConfig.{i}.NR.RAN.Mobility.IdleMode.InterFreq.Carrier.{i}.,DEVICE_SERVICES_FAPSERVICE_CELLCONFIG_NR_RAN_MOBILITY_IDLEMODE_INTERFREQ_CARRIER,LST CARRIER;MOD CARRIER,中国移动5G扩展型皮基站网管南向接口数据模型规范v1.9.4.xlsx,SM,344
CMCC_5G_EXT_PICO_V1.9.4,异频重选参数,Device.Services.FAPService.{i}.CellConfig.{i}.NR.RAN.Mobility.IdleMode.InterFreq.Carrier.{i}.BlackPhysCellIdStart,Device,parameter,物理小区ID起始位置,RW,unsignedInt[0:1007],545ca077-02a8-4d8a-a1d3-9b6203a600a3,parameter,READ_WRITE,STRING,,create_new_command_node,no,,,SJ,移动性参数管理,异频重选参数,Device.Services.FAPService.{i}.CellConfig.{i}.NR.RAN.Mobility.IdleMode.InterFreq.Carrier.{i}.,DEVICE_SERVICES_FAPSERVICE_CELLCONFIG_NR_RAN_MOBILITY_IDLEMODE_INTERFREQ_CARRIER,LST CARRIER;MOD CARRIER,中国移动5G扩展型皮基站网管南向接口数据模型规范v1.9.4.xlsx,SM,343
CMCC_5G_EXT_PICO_V1.9.4,异频重选参数,Device.Services.FAPService.{i}.CellConfig.{i}.NR.RAN.Mobility.IdleMode.InterFreq.Carrier.{i}.CellReselectionPriority,Device,parameter,重选优先级,RW,unsignedInt[0:7],edc4eaf5-cd1e-422b-beba-ec9eeab1aff4,parameter,READ_WRITE,STRING,,create_new_command_node,no,,,SJ,移动性参数管理,异频重选参数,Device.Services.FAPService.{i}.CellConfig.{i}.NR.RAN.Mobility.IdleMode.InterFreq.Carrier.{i}.,DEVICE_SERVICES_FAPSERVICE_CELLCONFIG_NR_RAN_MOBILITY_IDLEMODE_INTERFREQ_CARRIER,LST CARRIER;MOD CARRIER,中国移动5G扩展型皮基站网管南向接口数据模型规范v1.9.4.xlsx,SM,340
CMCC_5G_EXT_PICO_V1.9.4,异频重选参数,Device.Services.FAPService.{i}.CellConfig.{i}.NR.RAN.Mobility.IdleMode.InterFreq.Carrier.{i}.CellReselectionSubPriority,Device,parameter,异频重选优先级附加值,RW,unsignedInt[0:3],a7b483eb-bd5c-49a3-8149-f03796149a1b,parameter,READ_WRITE,STRING,,create_new_command_node,no,,,SJ,移动性参数管理,异频重选参数,Device.Services.FAPService.{i}.CellConfig.{i}.NR.RAN.Mobility.IdleMode.InterFreq.Carrier.{i}.,DEVICE_SERVICES_FAPSERVICE_CELLCONFIG_NR_RAN_MOBILITY_IDLEMODE_INTERFREQ_CARRIER,LST CARRIER;MOD CARRIER,中国移动5G扩展型皮基站网管南向接口数据模型规范v1.9.4.xlsx,SM,341
CMCC_5G_EXT_PICO_V1.9.4,异频重选参数,Device.Services.FAPService.{i}.CellConfig.{i}.NR.RAN.Mobility.IdleMode.InterFreq.Carrier.{i}.DeriveSSBIndexFromCell,Device,parameter,通过SSB获取定时指示,RW,boolean,3da63bfe-814e-44f6-8ff0-db69686e552c,parameter,READ_WRITE,STRING,,create_new_command_node,no,,,SJ,移动性参数管理,异频重选参数,Device.Services.FAPService.{i}.CellConfig.{i}.NR.RAN.Mobility.IdleMode.InterFreq.Carrier.{i}.,DEVICE_SERVICES_FAPSERVICE_CELLCONFIG_NR_RAN_MOBILITY_IDLEMODE_INTERFREQ_CARRIER,LST CARRIER;MOD CARRIER,中国移动5G扩展型皮基站网管南向接口数据模型规范v1.9.4.xlsx,SM,331
CMCC_5G_EXT_PICO_V1.9.4,异频重选参数,Device.Services.FAPService.{i}.CellConfig.{i}.NR.RAN.Mobility.IdleMode.InterFreq.Carrier.{i}.DlCarrierFreq,Device,parameter,载波频率,RW,unsignedInt[0:3279165],9aa7f766-1531-408e-9007-4bcef472fb8d,parameter,READ_WRITE,STRING,,create_new_command_node,no,,,SJ,移动性参数管理,异频重选参数,Device.Services.FAPService.{i}.CellConfig.{i}.NR.RAN.Mobility.IdleMode.InterFreq.Carrier.{i}.,DEVICE_SERVICES_FAPSERVICE_CELLCONFIG_NR_RAN_MOBILITY_IDLEMODE_INTERFREQ_CARRIER,LST CARRIER;MOD CARRIER,中国移动5G扩展型皮基站网管南向接口数据模型规范v1.9.4.xlsx,SM,325
CMCC_5G_EXT_PICO_V1.9.4,异频重选参数,Device.Services.FAPService.{i}.CellConfig.{i}.NR.RAN.Mobility.IdleMode.InterFreq.Carrier.{i}.NrofSSBlocksToAverage,Device,parameter,小区测量平均SSB数,RW,"unsignedInt[2:16,0x00000FFF]",8cc47f15-a0e8-4756-802f-f63f4c19735e,parameter,READ_WRITE,STRING,,create_new_command_node,no,,,SJ,移动性参数管理,异频重选参数,Device.Services.FAPService.{i}.CellConfig.{i}.NR.RAN.Mobility.IdleMode.InterFreq.Carrier.{i}.,DEVICE_SERVICES_FAPSERVICE_CELLCONFIG_NR_RAN_MOBILITY_IDLEMODE_INTERFREQ_CARRIER,LST CARRIER;MOD CARRIER,中国移动5G扩展型皮基站网管南向接口数据模型规范v1.9.4.xlsx,SM,326
CMCC_5G_EXT_PICO_V1.9.4,异频重选参数,Device.Services.FAPService.{i}.CellConfig.{i}.NR.RAN.Mobility.IdleMode.InterFreq.Carrier.{i}.Pmax,Device,parameter,UE允许最大发射功率,RW,"int[-30:33,0x0FFFFFFF]",7be4e18f-009f-4a93-bb0a-069fb8daf072,parameter,READ_WRITE,STRING,,create_new_command_node,no,,,SJ,移动性参数管理,异频重选参数,Device.Services.FAPService.{i}.CellConfig.{i}.NR.RAN.Mobility.IdleMode.InterFreq.Carrier.{i}.,DEVICE_SERVICES_FAPSERVICE_CELLCONFIG_NR_RAN_MOBILITY_IDLEMODE_INTERFREQ_CARRIER,LST CARRIER;MOD CARRIER,中国移动5G扩展型皮基站网管南向接口数据模型规范v1.9.4.xlsx,SM,334
CMCC_5G_EXT_PICO_V1.9.4,异频重选参数,Device.Services.FAPService.{i}.CellConfig.{i}.NR.RAN.Mobility.IdleMode.InterFreq.Carrier.{i}.QOffsetFreq,Device,parameter,重选专用偏移量,RW,"int[-24:-8, -6:6, 8:24]",2bd9929a-7940-49d6-929a-80bf61f12a62,parameter,READ_WRITE,STRING,,create_new_command_node,no,,,SJ,移动性参数管理,异频重选参数,Device.Services.FAPService.{i}.CellConfig.{i}.NR.RAN.Mobility.IdleMode.InterFreq.Carrier.{i}.,DEVICE_SERVICES_FAPSERVICE_CELLCONFIG_NR_RAN_MOBILITY_IDLEMODE_INTERFREQ_CARRIER,LST CARRIER;MOD CARRIER,中国移动5G扩展型皮基站网管南向接口数据模型规范v1.9.4.xlsx,SM,342
CMCC_5G_EXT_PICO_V1.9.4,异频重选参数,Device.Services.FAPService.{i}.CellConfig.{i}.NR.RAN.Mobility.IdleMode.InterFreq.Carrier.{i}.QQualMin,Device,parameter,异频小区重选时，最低接入信号质量,RW,"int[-43:-12,0x0FFFFFFF]",929ed266-d56c-4683-bfc0-effba607d301,parameter,READ_WRITE,STRING,,create_new_command_node,no,,,SJ,移动性参数管理,异频重选参数,Device.Services.FAPService.{i}.CellConfig.{i}.NR.RAN.Mobility.IdleMode.InterFreq.Carrier.{i}.,DEVICE_SERVICES_FAPSERVICE_CELLCONFIG_NR_RAN_MOBILITY_IDLEMODE_INTERFREQ_CARRIER,LST CARRIER;MOD CARRIER,中国移动5G扩展型皮基站网管南向接口数据模型规范v1.9.4.xlsx,SM,333
CMCC_5G_EXT_PICO_V1.9.4,异频重选参数,Device.Services.FAPService.{i}.CellConfig.{i}.NR.RAN.Mobility.IdleMode.InterFreq.Carrier.{i}.QRxLevMin,Device,parameter,"异频小区重选时，最小接
收电平。",RW,int[-70:-22],61ffb262-798a-49d1-aebc-28dd45891c9f,parameter,READ_WRITE,STRING,,create_new_command_node,no,,,SJ,移动性参数管理,异频重选参数,Device.Services.FAPService.{i}.CellConfig.{i}.NR.RAN.Mobility.IdleMode.InterFreq.Carrier.{i}.,DEVICE_SERVICES_FAPSERVICE_CELLCONFIG_NR_RAN_MOBILITY_IDLEMODE_INTERFREQ_CARRIER,LST CARRIER;MOD CARRIER,中国移动5G扩展型皮基站网管南向接口数据模型规范v1.9.4.xlsx,SM,332
CMCC_5G_EXT_PICO_V1.9.4,异频重选参数,Device.Services.FAPService.{i}.CellConfig.{i}.NR.RAN.Mobility.IdleMode.InterFreq.Carrier.{i}.SsbSubcarrierSpacing,Device,parameter,SSB子载波间隔,RW,unsignedInt[0:4],2824a750-3d70-42c2-955f-47b997b01263,parameter,READ_WRITE,STRING,,create_new_command_node,no,,,SJ,移动性参数管理,异频重选参数,Device.Services.FAPService.{i}.CellConfig.{i}.NR.RAN.Mobility.IdleMode.InterFreq.Carrier.{i}.,DEVICE_SERVICES_FAPSERVICE_CELLCONFIG_NR_RAN_MOBILITY_IDLEMODE_INTERFREQ_CARRIER,LST CARRIER;MOD CARRIER,中国移动5G扩展型皮基站网管南向接口数据模型规范v1.9.4.xlsx,SM,330
CMCC_5G_EXT_PICO_V1.9.4,异频重选参数,Device.Services.FAPService.{i}.CellConfig.{i}.NR.RAN.Mobility.IdleMode.InterFreq.Carrier.{i}.TReselectionNR,Device,parameter,异频小区重选时间,RW,unsignedInt[0:7],35184eae-3e42-4316-ab71-d2e247ff8c4c,parameter,READ_WRITE,STRING,,create_new_command_node,no,,,SJ,移动性参数管理,异频重选参数,Device.Services.FAPService.{i}.CellConfig.{i}.NR.RAN.Mobility.IdleMode.InterFreq.Carrier.{i}.,DEVICE_SERVICES_FAPSERVICE_CELLCONFIG_NR_RAN_MOBILITY_IDLEMODE_INTERFREQ_CARRIER,LST CARRIER;MOD CARRIER,中国移动5G扩展型皮基站网管南向接口数据模型规范v1.9.4.xlsx,SM,335
CMCC_5G_EXT_PICO_V1.9.4,异频重选参数,Device.Services.FAPService.{i}.CellConfig.{i}.NR.RAN.Mobility.IdleMode.InterFreq.Carrier.{i}.ThreshXHighP,Device,parameter,高优先级重选门限,RW,unsignedInt[0:31],78a71b36-5323-476b-a9ea-6080bbdff582,parameter,READ_WRITE,STRING,,create_new_command_node,no,,,SJ,移动性参数管理,异频重选参数,Device.Services.FAPService.{i}.CellConfig.{i}.NR.RAN.Mobility.IdleMode.InterFreq.Carrier.{i}.,DEVICE_SERVICES_FAPSERVICE_CELLCONFIG_NR_RAN_MOBILITY_IDLEMODE_INTERFREQ_CARRIER,LST CARRIER;MOD CARRIER,中国移动5G扩展型皮基站网管南向接口数据模型规范v1.9.4.xlsx,SM,336
CMCC_5G_EXT_PICO_V1.9.4,异频重选参数,Device.Services.FAPService.{i}.CellConfig.{i}.NR.RAN.Mobility.IdleMode.InterFreq.Carrier.{i}.ThreshXHighQ,Device,parameter,高优先级重选门限,RW,unsignedInt[0:31],e75e8ef6-e9f8-4098-883e-e20a948fcc29,parameter,READ_WRITE,STRING,,create_new_command_node,no,,,SJ,移动性参数管理,异频重选参数,Device.Services.FAPService.{i}.CellConfig.{i}.NR.RAN.Mobility.IdleMode.InterFreq.Carrier.{i}.,DEVICE_SERVICES_FAPSERVICE_CELLCONFIG_NR_RAN_MOBILITY_IDLEMODE_INTERFREQ_CARRIER,LST CARRIER;MOD CARRIER,中国移动5G扩展型皮基站网管南向接口数据模型规范v1.9.4.xlsx,SM,338
CMCC_5G_EXT_PICO_V1.9.4,异频重选参数,Device.Services.FAPService.{i}.CellConfig.{i}.NR.RAN.Mobility.IdleMode.InterFreq.Carrier.{i}.ThreshXLowP,Device,parameter,低优先级重选门限,RW,unsignedInt[0:31],4360124c-85ae-4a06-8827-9cbd96503c5f,parameter,READ_WRITE,STRING,,create_new_command_node,no,,,SJ,移动性参数管理,异频重选参数,Device.Services.FAPService.{i}.CellConfig.{i}.NR.RAN.Mobility.IdleMode.InterFreq.Carrier.{i}.,DEVICE_SERVICES_FAPSERVICE_CELLCONFIG_NR_RAN_MOBILITY_IDLEMODE_INTERFREQ_CARRIER,LST CARRIER;MOD CARRIER,中国移动5G扩展型皮基站网管南向接口数据模型规范v1.9.4.xlsx,SM,337
CMCC_5G_EXT_PICO_V1.9.4,异频重选参数,Device.Services.FAPService.{i}.CellConfig.{i}.NR.RAN.Mobility.IdleMode.InterFreq.Carrier.{i}.ThreshXLowQ,Device,parameter,低优先级重选门限,RW,unsignedInt[0:31],dfbb80db-e9d6-4c40-ba5a-30d0c57c4135,parameter,READ_WRITE,STRING,,create_new_command_node,no,,,SJ,移动性参数管理,异频重选参数,Device.Services.FAPService.{i}.CellConfig.{i}.NR.RAN.Mobility.IdleMode.InterFreq.Carrier.{i}.,DEVICE_SERVICES_FAPSERVICE_CELLCONFIG_NR_RAN_MOBILITY_IDLEMODE_INTERFREQ_CARRIER,LST CARRIER;MOD CARRIER,中国移动5G扩展型皮基站网管南向接口数据模型规范v1.9.4.xlsx,SM,339
CMCC_5G_EXT_PICO_V1.9.4,异频重选参数,Device.Services.FAPService.{i}.CellConfig.{i}.NR.RAN.Mobility.IdleMode.InterFreq.Carrier.{i}.ThresholdRSRQ,Device,parameter,RSRQ门限值,RW,"unsignedInt[0:127,0x00000FFF]",aecd1434-49a5-417e-839a-c7c81236e534,parameter,READ_WRITE,STRING,,create_new_command_node,no,,,SJ,移动性参数管理,异频重选参数,Device.Services.FAPService.{i}.CellConfig.{i}.NR.RAN.Mobility.IdleMode.InterFreq.Carrier.{i}.,DEVICE_SERVICES_FAPSERVICE_CELLCONFIG_NR_RAN_MOBILITY_IDLEMODE_INTERFREQ_CARRIER,LST CARRIER;MOD CARRIER,中国移动5G扩展型皮基站网管南向接口数据模型规范v1.9.4.xlsx,SM,328
CMCC_5G_EXT_PICO_V1.9.4,异频重选参数,Device.Services.FAPService.{i}.CellConfig.{i}.NR.RAN.Mobility.IdleMode.InterFreq.Carrier.{i}.ThresholdSINR,Device,parameter,SINR门限值,RW,"unsignedInt[0:127,0x00000FFF]",c67e7678-8f97-49b8-b8a0-756b3dc5d9ec,parameter,READ_WRITE,STRING,,create_new_command_node,no,,,SJ,移动性参数管理,异频重选参数,Device.Services.FAPService.{i}.CellConfig.{i}.NR.RAN.Mobility.IdleMode.InterFreq.Carrier.{i}.,DEVICE_SERVICES_FAPSERVICE_CELLCONFIG_NR_RAN_MOBILITY_IDLEMODE_INTERFREQ_CARRIER,LST CARRIER;MOD CARRIER,中国移动5G扩展型皮基站网管南向接口数据模型规范v1.9.4.xlsx,SM,329
CMCC_5G_EXT_PICO_V1.9.4,重选公共参数,Device.Services.FAPService.{i}.CellConfig.{i}.NR.RAN.Mobility.IdleMode.Common.Qhyst,Device,parameter,服务小区重选迟滞值,RW,unsignedInt[0:15],f9642ce4-5ef4-4f6c-ac51-f0385e043463,parameter,READ_WRITE,STRING,,create_new_command_node,no,,,SJ,移动性参数管理,重选公共参数,Device.Services.FAPService.{i}.CellConfig.{i}.NR.RAN.Mobility.IdleMode.Common.,DEVICE_SERVICES_FAPSERVICE_CELLCONFIG_NR_RAN_MOBILITY_IDLEMODE_COMMON,LST COMMON;MOD COMMON,中国移动5G扩展型皮基站网管南向接口数据模型规范v1.9.4.xlsx,SM,302
CMCC_5G_EXT_PICO_V1.9.4,SON参数管理,Device.Services.FAPService.{i}.FAPControl.NR.SelfConfig.SONConfigParam.ANR.A3RSRPOffset,Device,parameter,邻区添加相对电平强度,RW,unsignedInt[0:127],af0d87e4-2a81-42b9-a1e8-9e3eaa67067c,parameter,READ_WRITE,STRING,,create_new_command_node,no,,,SK,SON参数管理,SON参数管理,Device.Services.FAPService.{i}.FAPControl.NR.SelfConfig.SONConfigParam.ANR.,DEVICE_SERVICES_FAPSERVICE_FAPCONTROL_NR_SELFCONFIG_SONCONFIGPARAM_ANR,LST ANR;MOD ANR,中国移动5G扩展型皮基站网管南向接口数据模型规范v1.9.4.xlsx,SG,15
CMCC_5G_EXT_PICO_V1.9.4,SON参数管理,Device.Services.FAPService.{i}.FAPControl.NR.SelfConfig.SONConfigParam.ANR.AutoAdjustEnable,Device,parameter,邻区属性自动调整的使能开关,RW,boolean,7e59683c-321f-4153-bea6-f99bde1e3fc2,parameter,READ_WRITE,STRING,,create_new_command_node,no,,,SK,SON参数管理,SON参数管理,Device.Services.FAPService.{i}.FAPControl.NR.SelfConfig.SONConfigParam.ANR.,DEVICE_SERVICES_FAPSERVICE_FAPCONTROL_NR_SELFCONFIG_SONCONFIGPARAM_ANR,LST ANR;MOD ANR,中国移动5G扩展型皮基站网管南向接口数据模型规范v1.9.4.xlsx,SG,18
CMCC_5G_EXT_PICO_V1.9.4,SON参数管理,Device.Services.FAPService.{i}.FAPControl.NR.SelfConfig.SONConfigParam.ANR.AutoRemoveEnable,Device,parameter,邻区自动删除的使能开关,RW,boolean,7a03e476-c0f6-43a7-b162-3ca3afef272a,parameter,READ_WRITE,STRING,,create_new_command_node,no,,,SK,SON参数管理,SON参数管理,Device.Services.FAPService.{i}.FAPControl.NR.SelfConfig.SONConfigParam.ANR.,DEVICE_SERVICES_FAPSERVICE_FAPCONTROL_NR_SELFCONFIG_SONCONFIGPARAM_ANR,LST ANR;MOD ANR,中国移动5G扩展型皮基站网管南向接口数据模型规范v1.9.4.xlsx,SG,21
CMCC_5G_EXT_PICO_V1.9.4,SON参数管理,Device.Services.FAPService.{i}.FAPControl.NR.SelfConfig.SONConfigParam.ANR.AutoRemoveMaxCell,Device,parameter,邻区自动删除功能单周期内可删除最大个数,RW,unsignedInt,c0ac1308-11a7-44fa-91fe-d9290810720a,parameter,READ_WRITE,STRING,,create_new_command_node,no,,,SK,SON参数管理,SON参数管理,Device.Services.FAPService.{i}.FAPControl.NR.SelfConfig.SONConfigParam.ANR.,DEVICE_SERVICES_FAPSERVICE_FAPCONTROL_NR_SELFCONFIG_SONCONFIGPARAM_ANR,LST ANR;MOD ANR,中国移动5G扩展型皮基站网管南向接口数据模型规范v1.9.4.xlsx,SG,23
CMCC_5G_EXT_PICO_V1.9.4,SON参数管理,Device.Services.FAPService.{i}.FAPControl.NR.SelfConfig.SONConfigParam.ANR.AutoRemovePeriod,Device,parameter,邻区自动删除功能触发周期,RW,unsignedInt,f23a841e-95b6-4c34-9ed1-3064d1e18507,parameter,READ_WRITE,STRING,,create_new_command_node,no,,,SK,SON参数管理,SON参数管理,Device.Services.FAPService.{i}.FAPControl.NR.SelfConfig.SONConfigParam.ANR.,DEVICE_SERVICES_FAPSERVICE_FAPCONTROL_NR_SELFCONFIG_SONCONFIGPARAM_ANR,LST ANR;MOD ANR,中国移动5G扩展型皮基站网管南向接口数据模型规范v1.9.4.xlsx,SG,22
CMCC_5G_EXT_PICO_V1.9.4,SON参数管理,Device.Services.FAPService.{i}.FAPControl.NR.SelfConfig.SONConfigParam.ANR.BiNRCellEnable,Device,parameter,ANR双向邻区添加开关,RW,boolean,749522be-0833-4625-b209-11e351b0bb12,parameter,READ_WRITE,STRING,,create_new_command_node,no,,,SK,SON参数管理,SON参数管理,Device.Services.FAPService.{i}.FAPControl.NR.SelfConfig.SONConfigParam.ANR.,DEVICE_SERVICES_FAPSERVICE_FAPCONTROL_NR_SELFCONFIG_SONCONFIGPARAM_ANR,LST ANR;MOD ANR,中国移动5G扩展型皮基站网管南向接口数据模型规范v1.9.4.xlsx,SG,13
CMCC_5G_EXT_PICO_V1.9.4,SON参数管理,Device.Services.FAPService.{i}.FAPControl.NR.SelfConfig.SONConfigParam.ANR.EUTRANEnable,Device,parameter,E-UTRAN异系统ANR算法开关,RW,boolean,a49eb714-3bf0-43e6-a173-20c020653c6b,parameter,READ_WRITE,STRING,,create_new_command_node,no,,,SK,SON参数管理,SON参数管理,Device.Services.FAPService.{i}.FAPControl.NR.SelfConfig.SONConfigParam.ANR.,DEVICE_SERVICES_FAPSERVICE_FAPCONTROL_NR_SELFCONFIG_SONCONFIGPARAM_ANR,LST ANR;MOD ANR,中国移动5G扩展型皮基站网管南向接口数据模型规范v1.9.4.xlsx,SG,12
CMCC_5G_EXT_PICO_V1.9.4,SON参数管理,Device.Services.FAPService.{i}.FAPControl.NR.SelfConfig.SONConfigParam.ANR.Enable,Device,parameter,ANR算法总开关,RW,boolean,613744fb-2d6e-4f68-8ad3-e77a0caf2a53,parameter,READ_WRITE,STRING,,create_new_command_node,no,,,SK,SON参数管理,SON参数管理,Device.Services.FAPService.{i}.FAPControl.NR.SelfConfig.SONConfigParam.ANR.,DEVICE_SERVICES_FAPSERVICE_FAPCONTROL_NR_SELFCONFIG_SONCONFIGPARAM_ANR,LST ANR;MOD ANR,中国移动5G扩展型皮基站网管南向接口数据模型规范v1.9.4.xlsx,SG,9
CMCC_5G_EXT_PICO_V1.9.4,SON参数管理,Device.Services.FAPService.{i}.FAPControl.NR.SelfConfig.SONConfigParam.ANR.InterFeqEnable,Device,parameter,NR异频ANR算法开关,RW,boolean,58eaa8f2-95ed-448c-9c93-d63dbd83107b,parameter,READ_WRITE,STRING,,create_new_command_node,no,,,SK,SON参数管理,SON参数管理,Device.Services.FAPService.{i}.FAPControl.NR.SelfConfig.SONConfigParam.ANR.,DEVICE_SERVICES_FAPSERVICE_FAPCONTROL_NR_SELFCONFIG_SONCONFIGPARAM_ANR,LST ANR;MOD ANR,中国移动5G扩展型皮基站网管南向接口数据模型规范v1.9.4.xlsx,SG,10
CMCC_5G_EXT_PICO_V1.9.4,SON参数管理,Device.Services.FAPService.{i}.FAPControl.NR.SelfConfig.SONConfigParam.ANR.KPIPeriod,Device,parameter,邻区优化KPI统计周期,RW,unsignedInt,fe20cfa1-0345-4849-869d-3e59209021af,parameter,READ_WRITE,STRING,,create_new_command_node,no,,,SK,SON参数管理,SON参数管理,Device.Services.FAPService.{i}.FAPControl.NR.SelfConfig.SONConfigParam.ANR.,DEVICE_SERVICES_FAPSERVICE_FAPCONTROL_NR_SELFCONFIG_SONCONFIGPARAM_ANR,LST ANR;MOD ANR,中国移动5G扩展型皮基站网管南向接口数据模型规范v1.9.4.xlsx,SG,17
CMCC_5G_EXT_PICO_V1.9.4,SON参数管理,Device.Services.FAPService.{i}.FAPControl.NR.SelfConfig.SONConfigParam.ANR.RSRPReferenceEnable,Device,parameter,事件性MR添加邻区依照绝对电平开关,RW,boolean,0a14c345-8643-4f7d-bb7a-f915b07fd3cd,parameter,READ_WRITE,STRING,,create_new_command_node,no,,,SK,SON参数管理,SON参数管理,Device.Services.FAPService.{i}.FAPControl.NR.SelfConfig.SONConfigParam.ANR.,DEVICE_SERVICES_FAPSERVICE_FAPCONTROL_NR_SELFCONFIG_SONCONFIGPARAM_ANR,LST ANR;MOD ANR,中国移动5G扩展型皮基站网管南向接口数据模型规范v1.9.4.xlsx,SG,14
CMCC_5G_EXT_PICO_V1.9.4,SON参数管理,Device.Services.FAPService.{i}.FAPControl.NR.SelfConfig.SONConfigParam.ANR.RSRPThreshold,Device,parameter,邻区添加绝对电平强度,RW,unsignedInt[0:127],aae69fe1-e141-4acf-9c1c-078994b75a21,parameter,READ_WRITE,STRING,,create_new_command_node,no,,,SK,SON参数管理,SON参数管理,Device.Services.FAPService.{i}.FAPControl.NR.SelfConfig.SONConfigParam.ANR.,DEVICE_SERVICES_FAPSERVICE_FAPCONTROL_NR_SELFCONFIG_SONCONFIGPARAM_ANR,LST ANR;MOD ANR,中国移动5G扩展型皮基站网管南向接口数据模型规范v1.9.4.xlsx,SG,16
CMCC_LTE_V2.1,扩展型一体化皮站-主单元（MU）参数管理,Device.Services.FAPService.{i}.FAPControl.LTE.RUHOControlEnable,Device,parameter,基于远端单元的切换控制使能开关,RW,boolean,75c66799-00f6-4ac0-8526-40029c2d5bda,parameter,READ_WRITE,BOOLEAN,,create_new_command_node,no,,,SR,扩展型一体化皮基站参数,扩展型一体化皮站-主单元（MU）参数管理,Device.Services.FAPService.{i}.FAPControl.LTE.,DEVICE_SERVICES_FAPSERVICE_FAPCONTROL_LTE,LST FAPCONTROL_LTE;MOD FAPCONTROL_LTE,LTE V2.1.xlsx,SR,3
CMCC_LTE_V2.1,扩展型一体化皮站-主单元（MU）参数管理,Device.Services.FAPService.{i}.FAPControl.LTE.SourcedSignalEnable,Device,parameter,信源使能开关,RW,boolean,0a659c0b-fbbc-492a-a6c5-89cd0ab28942,parameter,READ_WRITE,BOOLEAN,,create_new_command_node,no,,,SR,扩展型一体化皮基站参数,扩展型一体化皮站-主单元（MU）参数管理,Device.Services.FAPService.{i}.FAPControl.LTE.,DEVICE_SERVICES_FAPSERVICE_FAPCONTROL_LTE,LST FAPCONTROL_LTE;MOD FAPCONTROL_LTE,LTE V2.1.xlsx,SR,2
CMCC_TD_LTE_V2.3,时间服务器参数管理,InternetGatewayDevice.Time.NTPServer3,InternetGatewayDevice,parameter,NTP服务器3,RW,string(64),f5b07362-84f2-4955-b851-30e429d5cd9a,parameter,READ_WRITE,STRING,,review_root_alias_then_add_or_translate,no,,parent_root_alias,SN,时间服务器参数管理,时间同步服务器,Device.Time.,DEVICE_TIME,LST TIME;MOD TIME,中国移动TD-LTE皮站_飞站基站设备网络管理南向接口数据配置模型规范V2.3.xlsx,SN,5
CMCC_TD_LTE_V2.3,时间服务器参数管理,InternetGatewayDevice.Time.NTPServer5,InternetGatewayDevice,parameter,NTP服务器5,RW,string(64),4bf2184b-6962-405c-a263-f1a4b6682860,parameter,READ_WRITE,STRING,,review_root_alias_then_add_or_translate,no,,parent_root_alias,SN,时间服务器参数管理,时间同步服务器,Device.Time.,DEVICE_TIME,LST TIME;MOD TIME,中国移动TD-LTE皮站_飞站基站设备网络管理南向接口数据配置模型规范V2.3.xlsx,SN,7
