path,strict_mml_tree_match,strict_match_level,strict_reason,rematch_decision,rematch_confidence,matched_chapter_code,matched_chapter_name,matched_group_name,matched_object_path,matched_group_code,match_source_type,match_source_file,old_target_chapter_code,old_target_chapter_name,old_target_node_name,old_target_object_path,access,data_type
DeviceGSM.Bts.Index,no,not_mml_tree_param_mapping_object_only,只命中 param-mappings XML object，缺少 mml_command_groups/mml_commands 节点,YES_PARAM_MAPPING_XML_OBJECT,medium-low,,,Bts,DeviceGSM.Bts.,,param_mapping_xml_object_prefix,omcgo/data/param-mappings/BSC.xml,,,Bts,DeviceGSM.Bts.,READ_ONLY,U_INT
DeviceGSM.IpaUnitId,no,not_mml_tree_quicksettings_only,只命中 quicksettings XML，quicksettings 不是 MML 配置参数树数据源,YES_QUICKSETTINGS_XML_GROUP,high,,,GSM 传输参数,,gsm-transport,quicksettings_xml_exact_standardPath,omcgo/data/quicksettings/BTS.xml#gsm-transport:GSM 传输参数(UnitID),,,DeviceGSM,DeviceGSM.,READ_ONLY,STRING
DeviceGSM.OmlRemoteIp,no,not_mml_tree_quicksettings_only,只命中 quicksettings XML，quicksettings 不是 MML 配置参数树数据源,YES_QUICKSETTINGS_XML_GROUP,high,,,GSM 传输参数,,gsm-transport,quicksettings_xml_exact_standardPath,omcgo/data/quicksettings/BTS.xml#gsm-transport:GSM 传输参数(RemoteIP),,,DeviceGSM,DeviceGSM.,READ_ONLY,STRING
DeviceGSM.OmlRemoteIpBak,no,not_mml_tree_quicksettings_only,只命中 quicksettings XML，quicksettings 不是 MML 配置参数树数据源,YES_QUICKSETTINGS_XML_GROUP,high,,,GSM 传输参数,,gsm-transport,quicksettings_xml_exact_standardPath,omcgo/data/quicksettings/BTS.xml#gsm-transport:GSM 传输参数(RemoteIPBak),,,DeviceGSM,DeviceGSM.,READ_ONLY,STRING
Device.Ethernet.Interface.{i}.IPv4Address.{i},yes,direct_existing_mml_group,同 target_group_code 已有 MML 参数，属于当前参数树分组,YES_SAME_EXISTING_GROUP_CODE,high,SL,WAN口配置参数管理,接口 IPv4 地址,Device.Ethernet.Interface.{i}.IPv4Address.{i}.,DEVICE_ETHERNET_INTERFACE_IPV4ADDRESS,existing_mml_group_code_from_analysis,omcgo/data/model-library/standard-params-to-mml-tree-analysis-20260703.detail.csv,,,IPv4Address,Device.Ethernet.Interface.{i}.IPv4Address.,READ_WRITE,STRING
Device.Ethernet.Interface.{i}.VlanInterface.{i}.IPv4Address.{i},yes,direct_existing_mml_group,同 target_group_code 已有 MML 参数，属于当前参数树分组,YES_SAME_EXISTING_GROUP_CODE,high,SL,WAN口配置参数管理,VLAN 子接口 IPv4 地址,Device.Ethernet.Interface.{i}.VlanInterface.{i}.IPv4Address.{i}.,DEVICE_ETHERNET_INTERFACE_VLANINTERFACE_IPV4ADDRESS,existing_mml_group_code_from_analysis,omcgo/data/model-library/standard-params-to-mml-tree-analysis-20260703.detail.csv,,,IPv4Address,Device.Ethernet.Interface.{i}.VlanInterface.{i}.IPv4Address.,READ_WRITE,STRING
Device.Ethernet.Interface.{i}.IPv6Address.{i},yes,direct_existing_mml_group,同 target_group_code 已有 MML 参数，属于当前参数树分组,YES_SAME_EXISTING_GROUP_CODE,high,SL,WAN口配置参数管理,接口 IPv6 地址,Device.Ethernet.Interface.{i}.IPv6Address.{i}.,DEVICE_ETHERNET_INTERFACE_IPV6ADDRESS,existing_mml_group_code_from_analysis,omcgo/data/model-library/standard-params-to-mml-tree-analysis-20260703.detail.csv,,,IPv6Address,Device.Ethernet.Interface.{i}.IPv6Address.,READ_WRITE,STRING
Device.Ethernet.Interface.{i}.VlanInterface.{i}.IPv6Address.{i},yes,direct_existing_mml_group,同 target_group_code 已有 MML 参数，属于当前参数树分组,YES_SAME_EXISTING_GROUP_CODE,high,SL,WAN口配置参数管理,VLAN 子接口 IPv6 地址,Device.Ethernet.Interface.{i}.VlanInterface.{i}.IPv6Address.{i}.,DEVICE_ETHERNET_INTERFACE_VLANINTERFACE_IPV6ADDRESS,existing_mml_group_code_from_analysis,omcgo/data/model-library/standard-params-to-mml-tree-analysis-20260703.detail.csv,,,IPv6Address,Device.Ethernet.Interface.{i}.VlanInterface.{i}.IPv6Address.,READ_WRITE,STRING
Device.Ethernet.Interface.{i},yes,direct_existing_mml_group,同 target_group_code 已有 MML 参数，属于当前参数树分组,YES_SAME_EXISTING_GROUP_CODE,high,SL,WAN口配置参数管理,以太网接口,Device.Ethernet.Interface.{i}.,DEVICE_ETHERNET_INTERFACE,existing_mml_group_code_from_analysis,omcgo/data/model-library/standard-params-to-mml-tree-analysis-20260703.detail.csv,,,Interface,Device.Ethernet.Interface.,READ_WRITE,STRING
Device.Ethernet.IpRoute.{i},yes,direct_existing_mml_group,同 target_group_code 已有 MML 参数，属于当前参数树分组,YES_SAME_EXISTING_GROUP_CODE,high,SL,WAN口配置参数管理,静态路由表项,Device.Ethernet.IpRoute.{i}.,DEVICE_ETHERNET_IPROUTE,existing_mml_group_code_from_analysis,omcgo/data/model-library/standard-params-to-mml-tree-analysis-20260703.detail.csv,,,IpRoute,Device.Ethernet.IpRoute.,READ_WRITE,STRING
Device.Ethernet.Interface.{i}.PppoeAddress.{i},yes,existing_mml_parent_object_group,命中 mmlstandardloader seed/catalog 的现有 object_path 分组；加入 sub_field 后可显示在当前参数树,YES_EXISTING_JSON_PARENT_GROUP,medium,SL,WAN口配置参数管理,以太网接口,Device.Ethernet.Interface.{i}.,,json_seed_and_catalog_existing_group,omcgo/internal/config/parammodel/mmlstandardloader/seeds/cmcc_tdlte_v23.json; omcgo/datamodels/mml-catalog/cmcc-tdlte-v2.3.json,,,PppoeAddress,Device.Ethernet.Interface.{i}.PppoeAddress.,READ_WRITE,STRING
DeviceGSM.Bts.Trx.Index,no,not_mml_tree_param_mapping_object_only,只命中 param-mappings XML object，缺少 mml_command_groups/mml_commands 节点,YES_PARAM_MAPPING_XML_OBJECT,medium-low,,,Bts,DeviceGSM.Bts.,,param_mapping_xml_object_prefix,omcgo/data/param-mappings/BSC.xml,,,Trx,DeviceGSM.Bts.Trx.,READ_ONLY,U_INT
Device.Ethernet.Interface.{i}.VlanInterface.{i},yes,direct_existing_mml_group,同 target_group_code 已有 MML 参数，属于当前参数树分组,YES_SAME_EXISTING_GROUP_CODE,high,SL,WAN口配置参数管理,VLAN 子接口,Device.Ethernet.Interface.{i}.VlanInterface.{i}.,DEVICE_ETHERNET_INTERFACE_VLANINTERFACE,existing_mml_group_code_from_analysis,omcgo/data/model-library/standard-params-to-mml-tree-analysis-20260703.detail.csv,,,VlanInterface,Device.Ethernet.Interface.{i}.VlanInterface.,READ_WRITE,STRING
Device.Ethernet.Interface.{i}.VlanInterface.{i}.VlanPppoeAddress.{i},yes,existing_mml_parent_object_group,命中 mmlstandardloader seed/catalog 的现有 object_path 分组；加入 sub_field 后可显示在当前参数树,YES_EXISTING_JSON_PARENT_GROUP,medium,SL,WAN口配置参数管理,VLAN 子接口,Device.Ethernet.Interface.{i}.VlanInterface.{i}.,,json_seed_and_catalog_existing_group,omcgo/internal/config/parammodel/mmlstandardloader/seeds/cmcc_tdlte_v23.json; omcgo/datamodels/mml-catalog/cmcc-tdlte-v2.3.json,,,VlanPppoeAddress,Device.Ethernet.Interface.{i}.VlanInterface.{i}.VlanPppoeAddress.,READ_WRITE,STRING
DeviceGSM.Bts.{i}.handover2.afs-bias.rxlev,no,not_mml_tree_quicksettings_only,只命中 quicksettings XML，quicksettings 不是 MML 配置参数树数据源,YES_QUICKSETTINGS_XML_GROUP,high,,,切换配置,,bsc-bts-handover,quicksettings_xml_exact_standardPath,omcgo/data/quicksettings/BSC.xml#bsc-bts-handover:切换配置(handover2.afs-bias.rxlev),,,afs-bias,DeviceGSM.Bts.{i}.handover2.afs-bias.,READ_ONLY,U_INT
DeviceGSM.Bts.{i}.handover2.afs-bias.rxqual,no,not_mml_tree_quicksettings_only,只命中 quicksettings XML，quicksettings 不是 MML 配置参数树数据源,YES_QUICKSETTINGS_XML_GROUP,high,,,切换配置,,bsc-bts-handover,quicksettings_xml_exact_standardPath,omcgo/data/quicksettings/BSC.xml#bsc-bts-handover:切换配置(handover2.afs-bias.rxqual),,,afs-bias,DeviceGSM.Bts.{i}.handover2.afs-bias.,READ_ONLY,U_INT
DeviceGSM.Bts.{i}.handover1.power.budget.hysteresis,no,not_mml_tree_quicksettings_only,只命中 quicksettings XML，quicksettings 不是 MML 配置参数树数据源,YES_QUICKSETTINGS_XML_GROUP,high,,,切换配置,,bsc-bts-handover,quicksettings_xml_exact_standardPath,omcgo/data/quicksettings/BSC.xml#bsc-bts-handover:切换配置(handover1.power.budget.hysteresis),,,budget,DeviceGSM.Bts.{i}.handover1.power.budget.,READ_ONLY,U_INT
DeviceGSM.Bts.{i}.handover1.power.budget.interval,no,not_mml_tree_quicksettings_only,只命中 quicksettings XML，quicksettings 不是 MML 配置参数树数据源,YES_QUICKSETTINGS_XML_GROUP,high,,,切换配置,,bsc-bts-handover,quicksettings_xml_exact_standardPath,omcgo/data/quicksettings/BSC.xml#bsc-bts-handover:切换配置(handover1.power.budget.interval),,,budget,DeviceGSM.Bts.{i}.handover1.power.budget.,READ_ONLY,U_INT
DeviceGSM.Bts.{i}.handover2.power.budget.hysteresis,no,not_mml_tree_param_mapping_object_only,只命中 param-mappings XML object，缺少 mml_command_groups/mml_commands 节点,YES_PARAM_MAPPING_XML_OBJECT,medium-low,,,Bts,DeviceGSM.Bts.,,param_mapping_xml_object_prefix,omcgo/data/param-mappings/BSC.xml,,,budget,DeviceGSM.Bts.{i}.handover2.power.budget.,READ_ONLY,U_INT
DeviceGSM.Bts.{i}.handover2.power.budget.interval,no,not_mml_tree_param_mapping_object_only,只命中 param-mappings XML object，缺少 mml_command_groups/mml_commands 节点,YES_PARAM_MAPPING_XML_OBJECT,medium-low,,,Bts,DeviceGSM.Bts.,,param_mapping_xml_object_prefix,omcgo/data/param-mappings/BSC.xml,,,budget,DeviceGSM.Bts.{i}.handover2.power.budget.,READ_ONLY,U_INT
DeviceGSM.Bts.{i}.handover2.assignment,no,not_mml_tree_quicksettings_only,只命中 quicksettings XML，quicksettings 不是 MML 配置参数树数据源,YES_QUICKSETTINGS_XML_GROUP,high,,,切换配置,,bsc-bts-handover,quicksettings_xml_exact_standardPath,omcgo/data/quicksettings/BSC.xml#bsc-bts-handover:切换配置(handover2_assignment),,,handover2,DeviceGSM.Bts.{i}.handover2.,READ_ONLY,STRING
DeviceGSM.Bts.{i}.handover2.max-handovers,no,not_mml_tree_quicksettings_only,只命中 quicksettings XML，quicksettings 不是 MML 配置参数树数据源,YES_QUICKSETTINGS_XML_GROUP,high,,,切换配置,,bsc-bts-handover,quicksettings_xml_exact_standardPath,omcgo/data/quicksettings/BSC.xml#bsc-bts-handover:切换配置(handover2.max-handovers),,,handover2,DeviceGSM.Bts.{i}.handover2.,READ_ONLY,U_INT
DeviceGSM.Bts.{i}.handover2.retries,no,not_mml_tree_param_mapping_object_only,只命中 param-mappings XML object，缺少 mml_command_groups/mml_commands 节点,YES_PARAM_MAPPING_XML_OBJECT,medium-low,,,Bts,DeviceGSM.Bts.,,param_mapping_xml_object_prefix,omcgo/data/param-mappings/BSC.xml,,,handover2,DeviceGSM.Bts.{i}.handover2.,READ_ONLY,U_INT
DeviceGSM.Bts.{i}.handover2.tdma-measurement,no,not_mml_tree_param_mapping_object_only,只命中 param-mappings XML object，缺少 mml_command_groups/mml_commands 节点,YES_PARAM_MAPPING_XML_OBJECT,medium-low,,,Bts,DeviceGSM.Bts.,,param_mapping_xml_object_prefix,omcgo/data/param-mappings/BSC.xml,,,handover2,DeviceGSM.Bts.{i}.handover2.,READ_ONLY,STRING
DeviceGSM.Bts.{i}.handover1.maximum.distance,no,not_mml_tree_quicksettings_only,只命中 quicksettings XML，quicksettings 不是 MML 配置参数树数据源,YES_QUICKSETTINGS_XML_GROUP,high,,,切换配置,,bsc-bts-handover,quicksettings_xml_exact_standardPath,omcgo/data/quicksettings/BSC.xml#bsc-bts-handover:切换配置(handover1.maximum.distance),,,maximum,DeviceGSM.Bts.{i}.handover1.maximum.,READ_ONLY,U_INT
DeviceGSM.Bts.{i}.handover2.maximum.distance,no,not_mml_tree_quicksettings_only,只命中 quicksettings XML，quicksettings 不是 MML 配置参数树数据源,YES_QUICKSETTINGS_XML_GROUP,high,,,切换配置,,bsc-bts-handover,quicksettings_xml_exact_standardPath,omcgo/data/quicksettings/BSC.xml#bsc-bts-handover:切换配置(handover2.maximum.distance),,,maximum,DeviceGSM.Bts.{i}.handover2.maximum.,READ_ONLY,U_INT
DeviceGSM.Bts.{i}.handover2.min.rxlev,no,not_mml_tree_quicksettings_only,只命中 quicksettings XML，quicksettings 不是 MML 配置参数树数据源,YES_QUICKSETTINGS_XML_GROUP,high,,,切换配置,,bsc-bts-handover,quicksettings_xml_exact_standardPath,omcgo/data/quicksettings/BSC.xml#bsc-bts-handover:切换配置(handover2.min.rxlev),,,min,DeviceGSM.Bts.{i}.handover2.min.,READ_ONLY,U_INT
DeviceGSM.Bts.{i}.handover2.min.rxqual,no,not_mml_tree_quicksettings_only,只命中 quicksettings XML，quicksettings 不是 MML 配置参数树数据源,YES_QUICKSETTINGS_XML_GROUP,high,,,切换配置,,bsc-bts-handover,quicksettings_xml_exact_standardPath,omcgo/data/quicksettings/BSC.xml#bsc-bts-handover:切换配置(handover2.min.rxqual),,,min,DeviceGSM.Bts.{i}.handover2.min.,READ_ONLY,U_INT
DeviceGSM.Bts.{i}.handover2.min-free-slots.tch-f,no,not_mml_tree_quicksettings_only,只命中 quicksettings XML，quicksettings 不是 MML 配置参数树数据源,YES_QUICKSETTINGS_XML_GROUP,high,,,切换配置,,bsc-bts-handover,quicksettings_xml_exact_standardPath,omcgo/data/quicksettings/BSC.xml#bsc-bts-handover:切换配置(handover2.min-free-slots.tch-f),,,min-free-slots,DeviceGSM.Bts.{i}.handover2.min-free-slots.,READ_ONLY,U_INT
DeviceGSM.Bts.{i}.handover2.min-free-slots.tch-h,no,not_mml_tree_quicksettings_only,只命中 quicksettings XML，quicksettings 不是 MML 配置参数树数据源,YES_QUICKSETTINGS_XML_GROUP,high,,,切换配置,,bsc-bts-handover,quicksettings_xml_exact_standardPath,omcgo/data/quicksettings/BSC.xml#bsc-bts-handover:切换配置(handover2.min-free-slots.tch-h),,,min-free-slots,DeviceGSM.Bts.{i}.handover2.min-free-slots.,READ_ONLY,U_INT
DeviceGSM.Bts.{i}.handover1.window.rxlev.neighbor.averaging,no,not_mml_tree_quicksettings_only,只命中 quicksettings XML，quicksettings 不是 MML 配置参数树数据源,YES_QUICKSETTINGS_XML_GROUP,high,,,切换配置,,bsc-bts-handover,quicksettings_xml_exact_standardPath,omcgo/data/quicksettings/BSC.xml#bsc-bts-handover:切换配置(handover1.window.rxlev.neighbor.averaging),,,neighbor,DeviceGSM.Bts.{i}.handover1.window.rxlev.neighbor.,READ_ONLY,U_INT
DeviceGSM.Bts.{i}.handover2.window.rxlev.neighbor.averaging,no,not_mml_tree_param_mapping_object_only,只命中 param-mappings XML object，缺少 mml_command_groups/mml_commands 节点,YES_PARAM_MAPPING_XML_OBJECT,medium-low,,,Bts,DeviceGSM.Bts.,,param_mapping_xml_object_prefix,omcgo/data/param-mappings/BSC.xml,,,neighbor,DeviceGSM.Bts.{i}.handover2.window.rxlev.neighbor.,READ_ONLY,U_INT
DeviceGSM.Bts.{i}.handover2.penalty-time.failed-assignment,no,not_mml_tree_quicksettings_only,只命中 quicksettings XML，quicksettings 不是 MML 配置参数树数据源,YES_QUICKSETTINGS_XML_GROUP,high,,,切换配置,,bsc-bts-handover,quicksettings_xml_exact_standardPath,omcgo/data/quicksettings/BSC.xml#bsc-bts-handover:切换配置(handover2.penalty-time.failed-assignment),,,penalty-time,DeviceGSM.Bts.{i}.handover2.penalty-time.,READ_ONLY,U_INT
DeviceGSM.Bts.{i}.handover2.penalty-time.failed-ho,no,not_mml_tree_quicksettings_only,只命中 quicksettings XML，quicksettings 不是 MML 配置参数树数据源,YES_QUICKSETTINGS_XML_GROUP,high,,,切换配置,,bsc-bts-handover,quicksettings_xml_exact_standardPath,omcgo/data/quicksettings/BSC.xml#bsc-bts-handover:切换配置(handover2.penalty-time.failed-ho),,,penalty-time,DeviceGSM.Bts.{i}.handover2.penalty-time.,READ_ONLY,U_INT
DeviceGSM.Bts.{i}.handover2.penalty-time.low-rxqual-assignment,no,not_mml_tree_quicksettings_only,只命中 quicksettings XML，quicksettings 不是 MML 配置参数树数据源,YES_QUICKSETTINGS_XML_GROUP,high,,,切换配置,,bsc-bts-handover,quicksettings_xml_exact_standardPath,omcgo/data/quicksettings/BSC.xml#bsc-bts-handover:切换配置(handover2.penalty-time.low-rxqual-assignment),,,penalty-time,DeviceGSM.Bts.{i}.handover2.penalty-time.,READ_ONLY,U_INT
DeviceGSM.Bts.{i}.handover2.penalty-time.low-rxqual-ho,no,not_mml_tree_quicksettings_only,只命中 quicksettings XML，quicksettings 不是 MML 配置参数树数据源,YES_QUICKSETTINGS_XML_GROUP,high,,,切换配置,,bsc-bts-handover,quicksettings_xml_exact_standardPath,omcgo/data/quicksettings/BSC.xml#bsc-bts-handover:切换配置(handover2.penalty-time.low-rxqual-ho),,,penalty-time,DeviceGSM.Bts.{i}.handover2.penalty-time.,READ_ONLY,U_INT
DeviceGSM.Bts.{i}.handover2.penalty-time.max-distance,no,not_mml_tree_param_mapping_object_only,只命中 param-mappings XML object，缺少 mml_command_groups/mml_commands 节点,YES_PARAM_MAPPING_XML_OBJECT,medium-low,,,Bts,DeviceGSM.Bts.,,param_mapping_xml_object_prefix,omcgo/data/param-mappings/BSC.xml,,,penalty-time,DeviceGSM.Bts.{i}.handover2.penalty-time.,READ_ONLY,U_INT
DeviceGSM.Bts.{i}.handover1.window.rxlev.averaging,no,not_mml_tree_quicksettings_only,只命中 quicksettings XML，quicksettings 不是 MML 配置参数树数据源,YES_QUICKSETTINGS_XML_GROUP,high,,,切换配置,,bsc-bts-handover,quicksettings_xml_exact_standardPath,omcgo/data/quicksettings/BSC.xml#bsc-bts-handover:切换配置(handover1.window.rxlev.averaging),,,rxlev,DeviceGSM.Bts.{i}.handover1.window.rxlev.,READ_ONLY,U_INT
DeviceGSM.Bts.{i}.handover2.window.rxlev.averaging,no,not_mml_tree_param_mapping_object_only,只命中 param-mappings XML object，缺少 mml_command_groups/mml_commands 节点,YES_PARAM_MAPPING_XML_OBJECT,medium-low,,,Bts,DeviceGSM.Bts.,,param_mapping_xml_object_prefix,omcgo/data/param-mappings/BSC.xml,,,rxlev,DeviceGSM.Bts.{i}.handover2.window.rxlev.,READ_ONLY,U_INT
DeviceGSM.Bts.{i}.handover1.window.rxqual.averaging,no,not_mml_tree_quicksettings_only,只命中 quicksettings XML，quicksettings 不是 MML 配置参数树数据源,YES_QUICKSETTINGS_XML_GROUP,high,,,切换配置,,bsc-bts-handover,quicksettings_xml_exact_standardPath,omcgo/data/quicksettings/BSC.xml#bsc-bts-handover:切换配置(handover1.window.rxqual.averaging),,,rxqual,DeviceGSM.Bts.{i}.handover1.window.rxqual.,READ_ONLY,U_INT
DeviceGSM.Bts.{i}.handover2.window.rxqual.averaging,no,not_mml_tree_param_mapping_object_only,只命中 param-mappings XML object，缺少 mml_command_groups/mml_commands 节点,YES_PARAM_MAPPING_XML_OBJECT,medium-low,,,Bts,DeviceGSM.Bts.,,param_mapping_xml_object_prefix,omcgo/data/param-mappings/BSC.xml,,,rxqual,DeviceGSM.Bts.{i}.handover2.window.rxqual.,READ_ONLY,U_INT
Device.Ethernet.Interface.{i}.PppoeAddress.{i}.Ipv4SubnetMask,yes,existing_mml_parent_object_group,命中 mmlstandardloader seed/catalog 的现有 object_path 分组；加入 sub_field 后可显示在当前参数树,YES_EXISTING_JSON_PARENT_GROUP,medium,SL,WAN口配置参数管理,以太网接口,Device.Ethernet.Interface.{i}.,,json_seed_and_catalog_existing_group,omcgo/internal/config/parammodel/mmlstandardloader/seeds/cmcc_tdlte_v23.json; omcgo/datamodels/mml-catalog/cmcc-tdlte-v2.3.json,,,{i},Device.Ethernet.Interface.{i}.PppoeAddress.{i}.,READ_WRITE,STRING
Device.Ethernet.Interface.{i}.PppoeAddress.{i}.PppoeAddressType,yes,existing_mml_parent_object_group,命中 mmlstandardloader seed/catalog 的现有 object_path 分组；加入 sub_field 后可显示在当前参数树,YES_EXISTING_JSON_PARENT_GROUP,medium,SL,WAN口配置参数管理,以太网接口,Device.Ethernet.Interface.{i}.,,json_seed_and_catalog_existing_group,omcgo/internal/config/parammodel/mmlstandardloader/seeds/cmcc_tdlte_v23.json; omcgo/datamodels/mml-catalog/cmcc-tdlte-v2.3.json,,,{i},Device.Ethernet.Interface.{i}.PppoeAddress.{i}.,READ_WRITE,STRING
Device.Ethernet.Interface.{i}.PppoeAddress.{i}.PppoeConnectStatus,yes,existing_mml_parent_object_group,命中 mmlstandardloader seed/catalog 的现有 object_path 分组；加入 sub_field 后可显示在当前参数树,YES_EXISTING_JSON_PARENT_GROUP,medium,SL,WAN口配置参数管理,以太网接口,Device.Ethernet.Interface.{i}.,,json_seed_and_catalog_existing_group,omcgo/internal/config/parammodel/mmlstandardloader/seeds/cmcc_tdlte_v23.json; omcgo/datamodels/mml-catalog/cmcc-tdlte-v2.3.json,,,{i},Device.Ethernet.Interface.{i}.PppoeAddress.{i}.,READ_WRITE,STRING
Device.Ethernet.Interface.{i}.PppoeAddress.{i}.PppoeDiallingMethod,yes,existing_mml_parent_object_group,命中 mmlstandardloader seed/catalog 的现有 object_path 分组；加入 sub_field 后可显示在当前参数树,YES_EXISTING_JSON_PARENT_GROUP,medium,SL,WAN口配置参数管理,以太网接口,Device.Ethernet.Interface.{i}.,,json_seed_and_catalog_existing_group,omcgo/internal/config/parammodel/mmlstandardloader/seeds/cmcc_tdlte_v23.json; omcgo/datamodels/mml-catalog/cmcc-tdlte-v2.3.json,,,{i},Device.Ethernet.Interface.{i}.PppoeAddress.{i}.,READ_WRITE,STRING
Device.Ethernet.Interface.{i}.PppoeAddress.{i}.PppoeIpAddress,yes,existing_mml_parent_object_group,命中 mmlstandardloader seed/catalog 的现有 object_path 分组；加入 sub_field 后可显示在当前参数树,YES_EXISTING_JSON_PARENT_GROUP,medium,SL,WAN口配置参数管理,以太网接口,Device.Ethernet.Interface.{i}.,,json_seed_and_catalog_existing_group,omcgo/internal/config/parammodel/mmlstandardloader/seeds/cmcc_tdlte_v23.json; omcgo/datamodels/mml-catalog/cmcc-tdlte-v2.3.json,,,{i},Device.Ethernet.Interface.{i}.PppoeAddress.{i}.,READ_WRITE,STRING
Device.Ethernet.Interface.{i}.PppoeAddress.{i}.PppoePassword,yes,existing_mml_parent_object_group,命中 mmlstandardloader seed/catalog 的现有 object_path 分组；加入 sub_field 后可显示在当前参数树,YES_EXISTING_JSON_PARENT_GROUP,medium,SL,WAN口配置参数管理,以太网接口,Device.Ethernet.Interface.{i}.,,json_seed_and_catalog_existing_group,omcgo/internal/config/parammodel/mmlstandardloader/seeds/cmcc_tdlte_v23.json; omcgo/datamodels/mml-catalog/cmcc-tdlte-v2.3.json,,,{i},Device.Ethernet.Interface.{i}.PppoeAddress.{i}.,READ_WRITE,STRING
Device.Ethernet.Interface.{i}.PppoeAddress.{i}.PppoeUser,yes,existing_mml_parent_object_group,命中 mmlstandardloader seed/catalog 的现有 object_path 分组；加入 sub_field 后可显示在当前参数树,YES_EXISTING_JSON_PARENT_GROUP,medium,SL,WAN口配置参数管理,以太网接口,Device.Ethernet.Interface.{i}.,,json_seed_and_catalog_existing_group,omcgo/internal/config/parammodel/mmlstandardloader/seeds/cmcc_tdlte_v23.json; omcgo/datamodels/mml-catalog/cmcc-tdlte-v2.3.json,,,{i},Device.Ethernet.Interface.{i}.PppoeAddress.{i}.,READ_WRITE,STRING
Device.Ethernet.Interface.{i}.VlanInterface.{i}.VlanPppoeAddress.{i}.Ipv4SubnetMask,yes,existing_mml_parent_object_group,命中 mmlstandardloader seed/catalog 的现有 object_path 分组；加入 sub_field 后可显示在当前参数树,YES_EXISTING_JSON_PARENT_GROUP,medium,SL,WAN口配置参数管理,VLAN 子接口,Device.Ethernet.Interface.{i}.VlanInterface.{i}.,,json_seed_and_catalog_existing_group,omcgo/internal/config/parammodel/mmlstandardloader/seeds/cmcc_tdlte_v23.json; omcgo/datamodels/mml-catalog/cmcc-tdlte-v2.3.json,,,{i},Device.Ethernet.Interface.{i}.VlanInterface.{i}.VlanPppoeAddress.{i}.,READ_WRITE,STRING
Device.Ethernet.Interface.{i}.VlanInterface.{i}.VlanPppoeAddress.{i}.PppoeAddressType,yes,existing_mml_parent_object_group,命中 mmlstandardloader seed/catalog 的现有 object_path 分组；加入 sub_field 后可显示在当前参数树,YES_EXISTING_JSON_PARENT_GROUP,medium,SL,WAN口配置参数管理,VLAN 子接口,Device.Ethernet.Interface.{i}.VlanInterface.{i}.,,json_seed_and_catalog_existing_group,omcgo/internal/config/parammodel/mmlstandardloader/seeds/cmcc_tdlte_v23.json; omcgo/datamodels/mml-catalog/cmcc-tdlte-v2.3.json,,,{i},Device.Ethernet.Interface.{i}.VlanInterface.{i}.VlanPppoeAddress.{i}.,READ_WRITE,STRING
Device.Ethernet.Interface.{i}.VlanInterface.{i}.VlanPppoeAddress.{i}.PppoeConnectStatus,yes,existing_mml_parent_object_group,命中 mmlstandardloader seed/catalog 的现有 object_path 分组；加入 sub_field 后可显示在当前参数树,YES_EXISTING_JSON_PARENT_GROUP,medium,SL,WAN口配置参数管理,VLAN 子接口,Device.Ethernet.Interface.{i}.VlanInterface.{i}.,,json_seed_and_catalog_existing_group,omcgo/internal/config/parammodel/mmlstandardloader/seeds/cmcc_tdlte_v23.json; omcgo/datamodels/mml-catalog/cmcc-tdlte-v2.3.json,,,{i},Device.Ethernet.Interface.{i}.VlanInterface.{i}.VlanPppoeAddress.{i}.,READ_WRITE,STRING
Device.Ethernet.Interface.{i}.VlanInterface.{i}.VlanPppoeAddress.{i}.PppoeDiallingMethod,yes,existing_mml_parent_object_group,命中 mmlstandardloader seed/catalog 的现有 object_path 分组；加入 sub_field 后可显示在当前参数树,YES_EXISTING_JSON_PARENT_GROUP,medium,SL,WAN口配置参数管理,VLAN 子接口,Device.Ethernet.Interface.{i}.VlanInterface.{i}.,,json_seed_and_catalog_existing_group,omcgo/internal/config/parammodel/mmlstandardloader/seeds/cmcc_tdlte_v23.json; omcgo/datamodels/mml-catalog/cmcc-tdlte-v2.3.json,,,{i},Device.Ethernet.Interface.{i}.VlanInterface.{i}.VlanPppoeAddress.{i}.,READ_WRITE,STRING
Device.Ethernet.Interface.{i}.VlanInterface.{i}.VlanPppoeAddress.{i}.PppoeIpAddress,yes,existing_mml_parent_object_group,命中 mmlstandardloader seed/catalog 的现有 object_path 分组；加入 sub_field 后可显示在当前参数树,YES_EXISTING_JSON_PARENT_GROUP,medium,SL,WAN口配置参数管理,VLAN 子接口,Device.Ethernet.Interface.{i}.VlanInterface.{i}.,,json_seed_and_catalog_existing_group,omcgo/internal/config/parammodel/mmlstandardloader/seeds/cmcc_tdlte_v23.json; omcgo/datamodels/mml-catalog/cmcc-tdlte-v2.3.json,,,{i},Device.Ethernet.Interface.{i}.VlanInterface.{i}.VlanPppoeAddress.{i}.,READ_WRITE,STRING
Device.Ethernet.Interface.{i}.VlanInterface.{i}.VlanPppoeAddress.{i}.PppoePassword,yes,existing_mml_parent_object_group,命中 mmlstandardloader seed/catalog 的现有 object_path 分组；加入 sub_field 后可显示在当前参数树,YES_EXISTING_JSON_PARENT_GROUP,medium,SL,WAN口配置参数管理,VLAN 子接口,Device.Ethernet.Interface.{i}.VlanInterface.{i}.,,json_seed_and_catalog_existing_group,omcgo/internal/config/parammodel/mmlstandardloader/seeds/cmcc_tdlte_v23.json; omcgo/datamodels/mml-catalog/cmcc-tdlte-v2.3.json,,,{i},Device.Ethernet.Interface.{i}.VlanInterface.{i}.VlanPppoeAddress.{i}.,READ_WRITE,STRING
Device.Ethernet.Interface.{i}.VlanInterface.{i}.VlanPppoeAddress.{i}.PppoeUser,yes,existing_mml_parent_object_group,命中 mmlstandardloader seed/catalog 的现有 object_path 分组；加入 sub_field 后可显示在当前参数树,YES_EXISTING_JSON_PARENT_GROUP,medium,SL,WAN口配置参数管理,VLAN 子接口,Device.Ethernet.Interface.{i}.VlanInterface.{i}.,,json_seed_and_catalog_existing_group,omcgo/internal/config/parammodel/mmlstandardloader/seeds/cmcc_tdlte_v23.json; omcgo/datamodels/mml-catalog/cmcc-tdlte-v2.3.json,,,{i},Device.Ethernet.Interface.{i}.VlanInterface.{i}.VlanPppoeAddress.{i}.,READ_WRITE,STRING
Device.Services.GsmBTSCellDT.{i}.BscSelect,no,not_mml_tree_quicksettings_only,只命中 quicksettings XML，quicksettings 不是 MML 配置参数树数据源,YES_QUICKSETTINGS_XML_GROUP,high,,,GSM 空口参数,,gsm-cell,quicksettings_xml_exact_standardPath,omcgo/data/quicksettings/BM.xml#gsm-cell:GSM 空口参数(BscSelect),,,{i},Device.Services.GsmBTSCellDT.{i}.,READ_WRITE,STRING
Device.Services.GsmBTSCellDT.{i}.CurrLocAreaCode,no,not_mml_tree_quicksettings_only,只命中 quicksettings XML，quicksettings 不是 MML 配置参数树数据源,YES_QUICKSETTINGS_XML_GROUP,high,,,GSM 空口参数,,gsm-cell,quicksettings_xml_exact_standardPath,omcgo/data/quicksettings/BM.xml#gsm-cell:GSM 空口参数(CurrLocAreaCode),,,{i},Device.Services.GsmBTSCellDT.{i}.,READ_WRITE,STRING
Device.Services.GsmBTSCellDT.{i}.CurrentArfcn,no,not_mml_tree_quicksettings_only,只命中 quicksettings XML，quicksettings 不是 MML 配置参数树数据源,YES_QUICKSETTINGS_XML_GROUP,high,,,GSM 空口参数,,gsm-cell,quicksettings_xml_exact_standardPath,omcgo/data/quicksettings/BM.xml#gsm-cell:GSM 空口参数(CurrentArfcn),,,{i},Device.Services.GsmBTSCellDT.{i}.,READ_WRITE,STRING
Device.Services.GsmBTSCellDT.{i}.GsmBSIC,no,not_mml_tree_quicksettings_only,只命中 quicksettings XML，quicksettings 不是 MML 配置参数树数据源,YES_QUICKSETTINGS_XML_GROUP,high,,,GSM 空口参数,,gsm-cell,quicksettings_xml_exact_standardPath,omcgo/data/quicksettings/BM.xml#gsm-cell:GSM 空口参数(GsmBSIC),,,{i},Device.Services.GsmBTSCellDT.{i}.,READ_WRITE,STRING
Device.Services.GsmBTSCellDT.{i}.GsmBtsBand,no,not_mml_tree_quicksettings_only,只命中 quicksettings XML，quicksettings 不是 MML 配置参数树数据源,YES_QUICKSETTINGS_XML_GROUP,high,,,GSM 空口参数,,gsm-cell,quicksettings_xml_exact_standardPath,omcgo/data/quicksettings/BM.xml#gsm-cell:GSM 空口参数(GsmBtsBand),,,{i},Device.Services.GsmBTSCellDT.{i}.,READ_WRITE,INT
Device.Services.GsmBTSCellDT.{i}.GsmBtsBindMib,no,not_mml_tree_quicksettings_only,只命中 quicksettings XML，quicksettings 不是 MML 配置参数树数据源,YES_QUICKSETTINGS_XML_GROUP,high,,,Abis 接口,,gsm-abis,quicksettings_xml_exact_standardPath,omcgo/data/quicksettings/BM.xml#gsm-abis:Abis 接口(GsmBtsBindMib),,,{i},Device.Services.GsmBTSCellDT.{i}.,READ_WRITE,STRING
Device.Services.GsmBTSCellDT.{i}.GsmBtsRFPower,no,not_mml_tree_quicksettings_only,只命中 quicksettings XML，quicksettings 不是 MML 配置参数树数据源,YES_QUICKSETTINGS_XML_GROUP,high,,,GSM 空口参数,,gsm-cell,quicksettings_xml_exact_standardPath,omcgo/data/quicksettings/BM.xml#gsm-cell:GSM 空口参数(GsmBtsRFPower),,,{i},Device.Services.GsmBTSCellDT.{i}.,READ_WRITE,STRING
Device.Services.GsmBTSCellDT.{i}.GsmCellID,no,not_mml_tree_quicksettings_only,只命中 quicksettings XML，quicksettings 不是 MML 配置参数树数据源,YES_QUICKSETTINGS_XML_GROUP,high,,,GSM 空口参数,,gsm-cell,quicksettings_xml_exact_standardPath,omcgo/data/quicksettings/BM.xml#gsm-cell:GSM 空口参数(GsmCellID),,,{i},Device.Services.GsmBTSCellDT.{i}.,READ_WRITE,STRING
Device.Services.GsmBTSCellDT.{i}.GsmCellWithRuRelation,no,not_mml_tree_quicksettings_only,只命中 quicksettings XML，quicksettings 不是 MML 配置参数树数据源,YES_QUICKSETTINGS_XML_GROUP,high,,,GSM 空口参数,,gsm-cell,quicksettings_xml_exact_standardPath,omcgo/data/quicksettings/BM.xml#gsm-cell:GSM 空口参数(GsmCellWithRuRelation),,,{i},Device.Services.GsmBTSCellDT.{i}.,READ_WRITE,STRING
Device.Services.GsmBTSCellDT.{i}.GsmMACStubVal,no,not_mml_tree_quicksettings_only,只命中 quicksettings XML，quicksettings 不是 MML 配置参数树数据源,YES_QUICKSETTINGS_XML_GROUP,high,,,跟踪日志,,gsm-trace,quicksettings_xml_exact_standardPath,omcgo/data/quicksettings/BM.xml#gsm-trace:跟踪日志(GsmMACStubVal),,,{i},Device.Services.GsmBTSCellDT.{i}.,READ_WRITE,STRING
Device.Services.GsmBTSCellDT.{i}.GsmMACTraceMsgType,no,not_mml_tree_quicksettings_only,只命中 quicksettings XML，quicksettings 不是 MML 配置参数树数据源,YES_QUICKSETTINGS_XML_GROUP,high,,,跟踪日志,,gsm-trace,quicksettings_xml_exact_standardPath,omcgo/data/quicksettings/BM.xml#gsm-trace:跟踪日志(GsmMACTraceMsgType),,,{i},Device.Services.GsmBTSCellDT.{i}.,READ_WRITE,STRING
Device.Services.GsmBTSCellDT.{i}.GsmMACTraceNum,no,not_mml_tree_quicksettings_only,只命中 quicksettings XML，quicksettings 不是 MML 配置参数树数据源,YES_QUICKSETTINGS_XML_GROUP,high,,,跟踪日志,,gsm-trace,quicksettings_xml_exact_standardPath,omcgo/data/quicksettings/BM.xml#gsm-trace:跟踪日志(GsmMACTraceNum),,,{i},Device.Services.GsmBTSCellDT.{i}.,READ_WRITE,STRING
Device.Services.GsmBTSCellDT.{i}.GsmMACTtiSwitch,no,not_mml_tree_quicksettings_only,只命中 quicksettings XML，quicksettings 不是 MML 配置参数树数据源,YES_QUICKSETTINGS_XML_GROUP,high,,,跟踪日志,,gsm-trace,quicksettings_xml_exact_standardPath,omcgo/data/quicksettings/BM.xml#gsm-trace:跟踪日志(GsmMACTtiSwitch),,,{i},Device.Services.GsmBTSCellDT.{i}.,READ_WRITE,STRING
Device.Services.GsmBTSCellDT.{i}.IPAUnitID,no,not_mml_tree_quicksettings_only,只命中 quicksettings XML，quicksettings 不是 MML 配置参数树数据源,YES_QUICKSETTINGS_XML_GROUP,high,,,Abis 接口,,gsm-abis,quicksettings_xml_exact_standardPath,omcgo/data/quicksettings/BM.xml#gsm-abis:Abis 接口(IPAUnitID),,,{i},Device.Services.GsmBTSCellDT.{i}.,READ_WRITE,STRING
Device.Services.GsmBTSCellDT.{i}.MobileNetworkCode,no,not_mml_tree_quicksettings_only,只命中 quicksettings XML，quicksettings 不是 MML 配置参数树数据源,YES_QUICKSETTINGS_XML_GROUP,high,,,GSM 空口参数,,gsm-cell,quicksettings_xml_exact_standardPath,omcgo/data/quicksettings/BM.xml#gsm-cell:GSM 空口参数(MobileNetworkCode),,,{i},Device.Services.GsmBTSCellDT.{i}.,READ_WRITE,STRING
Device.Services.GsmBTSCellDT.{i}.NetworkCountryCode,no,not_mml_tree_quicksettings_only,只命中 quicksettings XML，quicksettings 不是 MML 配置参数树数据源,YES_QUICKSETTINGS_XML_GROUP,high,,,GSM 空口参数,,gsm-cell,quicksettings_xml_exact_standardPath,omcgo/data/quicksettings/BM.xml#gsm-cell:GSM 空口参数(NetworkCountryCode),,,{i},Device.Services.GsmBTSCellDT.{i}.,READ_WRITE,STRING
Device.Services.GsmBTSCellDT.{i}.OMLRemoteIP,no,not_mml_tree_quicksettings_only,只命中 quicksettings XML，quicksettings 不是 MML 配置参数树数据源,YES_QUICKSETTINGS_XML_GROUP,high,,,Abis 接口,,gsm-abis,quicksettings_xml_exact_standardPath,omcgo/data/quicksettings/BM.xml#gsm-abis:Abis 接口(OMLRemoteIP),,,{i},Device.Services.GsmBTSCellDT.{i}.,READ_WRITE,STRING
Device.Services.GsmBTSCellDT.{i}.OMLRemoteIPBak,no,not_mml_tree_quicksettings_only,只命中 quicksettings XML，quicksettings 不是 MML 配置参数树数据源,YES_QUICKSETTINGS_XML_GROUP,high,,,Abis 接口,,gsm-abis,quicksettings_xml_exact_standardPath,omcgo/data/quicksettings/BM.xml#gsm-abis:Abis 接口(OMLRemoteIPBak),,,{i},Device.Services.GsmBTSCellDT.{i}.,READ_WRITE,STRING
Device.Services.GsmBTSCellDT.{i}.OpState,no,not_mml_tree_quicksettings_only,只命中 quicksettings XML，quicksettings 不是 MML 配置参数树数据源,YES_QUICKSETTINGS_XML_GROUP,high,,,GSM 空口参数,,gsm-cell,quicksettings_xml_exact_standardPath,omcgo/data/quicksettings/BM.xml#gsm-cell:GSM 空口参数(OpState),,,{i},Device.Services.GsmBTSCellDT.{i}.,READ_WRITE,STRING
Device.Services.GsmBTSCellDT.{i}.RfState,no,not_mml_tree_quicksettings_only,只命中 quicksettings XML，quicksettings 不是 MML 配置参数树数据源,YES_QUICKSETTINGS_XML_GROUP,high,,,GSM 空口参数,,gsm-cell,quicksettings_xml_exact_standardPath,omcgo/data/quicksettings/BM.xml#gsm-cell:GSM 空口参数(RfState),,,{i},Device.Services.GsmBTSCellDT.{i}.,READ_WRITE,STRING
Device.Services.GsmBTSCellDT.{i}.UeCount,no,not_mml_tree_quicksettings_only,只命中 quicksettings XML，quicksettings 不是 MML 配置参数树数据源,YES_QUICKSETTINGS_XML_GROUP,high,,,GSM 空口参数,,gsm-cell,quicksettings_xml_exact_standardPath,omcgo/data/quicksettings/BM.xml#gsm-cell:GSM 空口参数(UeCount),,,{i},Device.Services.GsmBTSCellDT.{i}.,READ_WRITE,STRING
DeviceGSM.Bts.{i}.Band,no,not_mml_tree_quicksettings_only,只命中 quicksettings XML，quicksettings 不是 MML 配置参数树数据源,YES_QUICKSETTINGS_XML_GROUP,high,,,BTS 配置,,bsc-bts-config,quicksettings_xml_exact_standardPath,omcgo/data/quicksettings/BSC.xml#bsc-bts-config:BTS 配置(Band),,,{i},DeviceGSM.Bts.{i}.,READ_ONLY,U_INT
DeviceGSM.Bts.{i}.Bsic,no,not_mml_tree_quicksettings_only,只命中 quicksettings XML，quicksettings 不是 MML 配置参数树数据源,YES_QUICKSETTINGS_XML_GROUP,high,,,BTS 配置,,bsc-bts-config,quicksettings_xml_exact_standardPath,omcgo/data/quicksettings/BSC.xml#bsc-bts-config:BTS 配置(Bsic),,,{i},DeviceGSM.Bts.{i}.,READ_ONLY,U_INT
DeviceGSM.Bts.{i}.C0PowerRed,no,not_mml_tree_quicksettings_only,只命中 quicksettings XML，quicksettings 不是 MML 配置参数树数据源,YES_QUICKSETTINGS_XML_GROUP,high,,,BTS 配置,,bsc-bts-config,quicksettings_xml_exact_standardPath,omcgo/data/quicksettings/BSC.xml#bsc-bts-config:BTS 配置(C0PowerRed),,,{i},DeviceGSM.Bts.{i}.,READ_ONLY,U_INT
DeviceGSM.Bts.{i}.CellId,no,not_mml_tree_quicksettings_only,只命中 quicksettings XML，quicksettings 不是 MML 配置参数树数据源,YES_QUICKSETTINGS_XML_GROUP,high,,,BTS 配置,,bsc-bts-config,quicksettings_xml_exact_standardPath,omcgo/data/quicksettings/BSC.xml#bsc-bts-config:BTS 配置(CellId),,,{i},DeviceGSM.Bts.{i}.,READ_ONLY,U_INT
DeviceGSM.Bts.{i}.CellReselectHysteresis,no,not_mml_tree_quicksettings_only,只命中 quicksettings XML，quicksettings 不是 MML 配置参数树数据源,YES_QUICKSETTINGS_XML_GROUP,high,,,BTS 配置,,bsc-bts-config,quicksettings_xml_exact_standardPath,omcgo/data/quicksettings/BSC.xml#bsc-bts-config:BTS 配置(CellReselectHysteresis),,,{i},DeviceGSM.Bts.{i}.,READ_ONLY,U_INT
DeviceGSM.Bts.{i}.CellReselectOffset,no,not_mml_tree_quicksettings_only,只命中 quicksettings XML，quicksettings 不是 MML 配置参数树数据源,YES_QUICKSETTINGS_XML_GROUP,high,,,BTS 配置,,bsc-bts-config,quicksettings_xml_exact_standardPath,omcgo/data/quicksettings/BSC.xml#bsc-bts-config:BTS 配置(CellReselectOffset),,,{i},DeviceGSM.Bts.{i}.,READ_ONLY,U_INT
DeviceGSM.Bts.{i}.CellReselectPenaltyTime,no,not_mml_tree_quicksettings_only,只命中 quicksettings XML，quicksettings 不是 MML 配置参数树数据源,YES_QUICKSETTINGS_XML_GROUP,high,,,BTS 配置,,bsc-bts-config,quicksettings_xml_exact_standardPath,omcgo/data/quicksettings/BSC.xml#bsc-bts-config:BTS 配置(CellReselectPenaltyTime),,,{i},DeviceGSM.Bts.{i}.,READ_ONLY,U_INT
DeviceGSM.Bts.{i}.CodecSupport,no,not_mml_tree_quicksettings_only,只命中 quicksettings XML，quicksettings 不是 MML 配置参数树数据源,YES_QUICKSETTINGS_XML_GROUP,high,,,BTS 配置,,bsc-bts-config,quicksettings_xml_exact_standardPath,omcgo/data/quicksettings/BSC.xml#bsc-bts-config:BTS 配置(CodecSupport),,,{i},DeviceGSM.Bts.{i}.,READ_ONLY,STRING
DeviceGSM.Bts.{i}.GprsMode,no,not_mml_tree_quicksettings_only,只命中 quicksettings XML，quicksettings 不是 MML 配置参数树数据源,YES_QUICKSETTINGS_XML_GROUP,high,,,BTS 配置,,bsc-bts-config,quicksettings_xml_exact_standardPath,omcgo/data/quicksettings/BSC.xml#bsc-bts-config:BTS 配置(GprsMode),,,{i},DeviceGSM.Bts.{i}.,READ_ONLY,STRING
DeviceGSM.Bts.{i}.HandoverAlgorithm,no,not_mml_tree_quicksettings_only,只命中 quicksettings XML，quicksettings 不是 MML 配置参数树数据源,YES_QUICKSETTINGS_XML_GROUP,high,,,切换配置,,bsc-bts-handover,quicksettings_xml_exact_standardPath,omcgo/data/quicksettings/BSC.xml#bsc-bts-handover:切换配置(HandoverAlgorithm),,,{i},DeviceGSM.Bts.{i}.,READ_ONLY,STRING
DeviceGSM.Bts.{i}.IpaRslIp,no,not_mml_tree_quicksettings_only,只命中 quicksettings XML，quicksettings 不是 MML 配置参数树数据源,YES_QUICKSETTINGS_XML_GROUP,high,,,BTS 配置,,bsc-bts-config,quicksettings_xml_exact_standardPath,omcgo/data/quicksettings/BSC.xml#bsc-bts-config:BTS 配置(IpaRslIp),,,{i},DeviceGSM.Bts.{i}.,READ_ONLY,STRING
DeviceGSM.Bts.{i}.IpaUnitId,no,not_mml_tree_quicksettings_only,只命中 quicksettings XML，quicksettings 不是 MML 配置参数树数据源,YES_QUICKSETTINGS_XML_GROUP,high,,,BTS 配置,,bsc-bts-config,quicksettings_xml_exact_standardPath,omcgo/data/quicksettings/BSC.xml#bsc-bts-config:BTS 配置(IpaUnitId),,,{i},DeviceGSM.Bts.{i}.,READ_ONLY,STRING
DeviceGSM.Bts.{i}.LocationAreaCode,no,not_mml_tree_quicksettings_only,只命中 quicksettings XML，quicksettings 不是 MML 配置参数树数据源,YES_QUICKSETTINGS_XML_GROUP,high,,,BTS 配置,,bsc-bts-config,quicksettings_xml_exact_standardPath,omcgo/data/quicksettings/BSC.xml#bsc-bts-config:BTS 配置(LocationAreaCode),,,{i},DeviceGSM.Bts.{i}.,READ_ONLY,U_INT
DeviceGSM.Bts.{i}.MsMaxPower,no,not_mml_tree_quicksettings_only,只命中 quicksettings XML，quicksettings 不是 MML 配置参数树数据源,YES_QUICKSETTINGS_XML_GROUP,high,,,BTS 配置,,bsc-bts-config,quicksettings_xml_exact_standardPath,omcgo/data/quicksettings/BSC.xml#bsc-bts-config:BTS 配置(MsMaxPower),,,{i},DeviceGSM.Bts.{i}.,READ_ONLY,U_INT
DeviceGSM.Bts.{i}.NeighborCgiAdd,no,not_mml_tree_param_mapping_object_only,只命中 param-mappings XML object，缺少 mml_command_groups/mml_commands 节点,YES_PARAM_MAPPING_XML_OBJECT,medium-low,,,Bts,DeviceGSM.Bts.,,param_mapping_xml_object_prefix,omcgo/data/param-mappings/BSC.xml,,,{i},DeviceGSM.Bts.{i}.,READ_ONLY,STRING
DeviceGSM.Bts.{i}.NeighborCgiDel,no,not_mml_tree_param_mapping_object_only,只命中 param-mappings XML object，缺少 mml_command_groups/mml_commands 节点,YES_PARAM_MAPPING_XML_OBJECT,medium-low,,,Bts,DeviceGSM.Bts.,,param_mapping_xml_object_prefix,omcgo/data/param-mappings/BSC.xml,,,{i},DeviceGSM.Bts.{i}.,READ_ONLY,STRING
DeviceGSM.Bts.{i}.NumofTrxChannel,no,not_mml_tree_param_mapping_object_only,只命中 param-mappings XML object，缺少 mml_command_groups/mml_commands 节点,YES_PARAM_MAPPING_XML_OBJECT,medium-low,,,Bts,DeviceGSM.Bts.,,param_mapping_xml_object_prefix,omcgo/data/param-mappings/BSC.xml,,,{i},DeviceGSM.Bts.{i}.,READ_ONLY,U_INT
DeviceGSM.Bts.{i}.OmlConnectState,no,not_mml_tree_param_mapping_object_only,只命中 param-mappings XML object，缺少 mml_command_groups/mml_commands 节点,YES_PARAM_MAPPING_XML_OBJECT,medium-low,,,Bts,DeviceGSM.Bts.,,param_mapping_xml_object_prefix,omcgo/data/param-mappings/BSC.xml,,,{i},DeviceGSM.Bts.{i}.,READ_ONLY,STRING
DeviceGSM.Bts.{i}.OmlIpaStreamId,no,not_mml_tree_quicksettings_only,只命中 quicksettings XML，quicksettings 不是 MML 配置参数树数据源,YES_QUICKSETTINGS_XML_GROUP,high,,,BTS 配置,,bsc-bts-config,quicksettings_xml_exact_standardPath,omcgo/data/quicksettings/BSC.xml#bsc-bts-config:BTS 配置(OmlIpaStreamId),,,{i},DeviceGSM.Bts.{i}.,READ_ONLY,STRING
DeviceGSM.Bts.{i}.RachCellBarred,no,not_mml_tree_quicksettings_only,只命中 quicksettings XML，quicksettings 不是 MML 配置参数树数据源,YES_QUICKSETTINGS_XML_GROUP,high,,,BTS 配置,,bsc-bts-config,quicksettings_xml_exact_standardPath,omcgo/data/quicksettings/BSC.xml#bsc-bts-config:BTS 配置(RachCellBarred),,,{i},DeviceGSM.Bts.{i}.,READ_ONLY,U_INT
DeviceGSM.Bts.{i}.Trx.{i}.Arfcn,no,not_mml_tree_param_mapping_object_only,只命中 param-mappings XML object，缺少 mml_command_groups/mml_commands 节点,YES_PARAM_MAPPING_XML_OBJECT,medium-low,,,Trx,DeviceGSM.Bts.{i}.Trx.,,param_mapping_xml_object_prefix,omcgo/data/param-mappings/BSC.xml,,,{i},DeviceGSM.Bts.{i}.Trx.{i}.,READ_ONLY,U_INT
DeviceGSM.Bts.{i}.Trx.{i}.MaxPowerRed,no,not_mml_tree_param_mapping_object_only,只命中 param-mappings XML object，缺少 mml_command_groups/mml_commands 节点,YES_PARAM_MAPPING_XML_OBJECT,medium-low,,,Trx,DeviceGSM.Bts.{i}.Trx.,,param_mapping_xml_object_prefix,omcgo/data/param-mappings/BSC.xml,,,{i},DeviceGSM.Bts.{i}.Trx.{i}.,READ_ONLY,U_INT
DeviceGSM.Bts.{i}.Trx.{i}.RfLocked,no,not_mml_tree_param_mapping_object_only,只命中 param-mappings XML object，缺少 mml_command_groups/mml_commands 节点,YES_PARAM_MAPPING_XML_OBJECT,medium-low,,,Trx,DeviceGSM.Bts.{i}.Trx.,,param_mapping_xml_object_prefix,omcgo/data/param-mappings/BSC.xml,,,{i},DeviceGSM.Bts.{i}.Trx.{i}.,READ_ONLY,STRING
DeviceGSM.Bts.{i}.Trx.{i}.Ts.{i}.PhyChanConfig,no,not_mml_tree_param_mapping_object_only,只命中 param-mappings XML object，缺少 mml_command_groups/mml_commands 节点,YES_PARAM_MAPPING_XML_OBJECT,medium-low,,,Trx,DeviceGSM.Bts.{i}.Trx.,,param_mapping_xml_object_prefix,omcgo/data/param-mappings/BSC.xml,,,{i},DeviceGSM.Bts.{i}.Trx.{i}.Ts.{i}.,READ_ONLY,STRING
DeviceGSM.Bts.{i}.handover,no,not_mml_tree_quicksettings_only,只命中 quicksettings XML，quicksettings 不是 MML 配置参数树数据源,YES_QUICKSETTINGS_XML_GROUP,high,,,切换配置,,bsc-bts-handover,quicksettings_xml_exact_standardPath,omcgo/data/quicksettings/BSC.xml#bsc-bts-handover:切换配置(handover),,,{i},DeviceGSM.Bts.{i}.,READ_ONLY,STRING
Device.DeviceInfo.AntennaInfo.Azimuth,yes,existing_mml_parent_object_group,命中 mmlstandardloader seed/catalog 的现有 object_path 分组；加入 sub_field 后可显示在当前参数树,YES_EXISTING_JSON_PARENT_GROUP,medium,SA,设备信息参数管理,设备基本信息,Device.DeviceInfo.,,json_seed_and_catalog_existing_group,omcgo/internal/config/parammodel/mmlstandardloader/seeds/cmcc_tdlte_v23.json; omcgo/datamodels/mml-catalog/cmcc-tdlte-v2.3.json,SA,设备信息参数管理,AntennaInfo,Device.DeviceInfo.AntennaInfo.,READ_WRITE,INT
Device.DeviceInfo.AntennaInfo.Azimuth2,yes,existing_mml_parent_object_group,命中 mmlstandardloader seed/catalog 的现有 object_path 分组；加入 sub_field 后可显示在当前参数树,YES_EXISTING_JSON_PARENT_GROUP,medium,SA,设备信息参数管理,设备基本信息,Device.DeviceInfo.,,json_seed_and_catalog_existing_group,omcgo/internal/config/parammodel/mmlstandardloader/seeds/cmcc_tdlte_v23.json; omcgo/datamodels/mml-catalog/cmcc-tdlte-v2.3.json,SA,设备信息参数管理,AntennaInfo,Device.DeviceInfo.AntennaInfo.,READ_WRITE,INT
Device.DeviceInfo.AntennaInfo.Azimuth3,yes,existing_mml_parent_object_group,命中 mmlstandardloader seed/catalog 的现有 object_path 分组；加入 sub_field 后可显示在当前参数树,YES_EXISTING_JSON_PARENT_GROUP,medium,SA,设备信息参数管理,设备基本信息,Device.DeviceInfo.,,json_seed_and_catalog_existing_group,omcgo/internal/config/parammodel/mmlstandardloader/seeds/cmcc_tdlte_v23.json; omcgo/datamodels/mml-catalog/cmcc-tdlte-v2.3.json,SA,设备信息参数管理,AntennaInfo,Device.DeviceInfo.AntennaInfo.,READ_WRITE,INT
Device.DeviceInfo.AntennaInfo.Beamwidth,yes,existing_mml_parent_object_group,命中 mmlstandardloader seed/catalog 的现有 object_path 分组；加入 sub_field 后可显示在当前参数树,YES_EXISTING_JSON_PARENT_GROUP,medium,SA,设备信息参数管理,设备基本信息,Device.DeviceInfo.,,json_seed_and_catalog_existing_group,omcgo/internal/config/parammodel/mmlstandardloader/seeds/cmcc_tdlte_v23.json; omcgo/datamodels/mml-catalog/cmcc-tdlte-v2.3.json,SA,设备信息参数管理,AntennaInfo,Device.DeviceInfo.AntennaInfo.,READ_WRITE,INT
Device.DeviceInfo.AntennaInfo.Beamwidth2,yes,existing_mml_parent_object_group,命中 mmlstandardloader seed/catalog 的现有 object_path 分组；加入 sub_field 后可显示在当前参数树,YES_EXISTING_JSON_PARENT_GROUP,medium,SA,设备信息参数管理,设备基本信息,Device.DeviceInfo.,,json_seed_and_catalog_existing_group,omcgo/internal/config/parammodel/mmlstandardloader/seeds/cmcc_tdlte_v23.json; omcgo/datamodels/mml-catalog/cmcc-tdlte-v2.3.json,SA,设备信息参数管理,AntennaInfo,Device.DeviceInfo.AntennaInfo.,READ_WRITE,INT
Device.DeviceInfo.AntennaInfo.Beamwidth3,yes,existing_mml_parent_object_group,命中 mmlstandardloader seed/catalog 的现有 object_path 分组；加入 sub_field 后可显示在当前参数树,YES_EXISTING_JSON_PARENT_GROUP,medium,SA,设备信息参数管理,设备基本信息,Device.DeviceInfo.,,json_seed_and_catalog_existing_group,omcgo/internal/config/parammodel/mmlstandardloader/seeds/cmcc_tdlte_v23.json; omcgo/datamodels/mml-catalog/cmcc-tdlte-v2.3.json,SA,设备信息参数管理,AntennaInfo,Device.DeviceInfo.AntennaInfo.,READ_WRITE,INT
Device.DeviceInfo.AntennaInfo.Downtilt,yes,existing_mml_parent_object_group,命中 mmlstandardloader seed/catalog 的现有 object_path 分组；加入 sub_field 后可显示在当前参数树,YES_EXISTING_JSON_PARENT_GROUP,medium,SA,设备信息参数管理,设备基本信息,Device.DeviceInfo.,,json_seed_and_catalog_existing_group,omcgo/internal/config/parammodel/mmlstandardloader/seeds/cmcc_tdlte_v23.json; omcgo/datamodels/mml-catalog/cmcc-tdlte-v2.3.json,SA,设备信息参数管理,AntennaInfo,Device.DeviceInfo.AntennaInfo.,READ_WRITE,INT
Device.DeviceInfo.AntennaInfo.Downtilt2,yes,existing_mml_parent_object_group,命中 mmlstandardloader seed/catalog 的现有 object_path 分组；加入 sub_field 后可显示在当前参数树,YES_EXISTING_JSON_PARENT_GROUP,medium,SA,设备信息参数管理,设备基本信息,Device.DeviceInfo.,,json_seed_and_catalog_existing_group,omcgo/internal/config/parammodel/mmlstandardloader/seeds/cmcc_tdlte_v23.json; omcgo/datamodels/mml-catalog/cmcc-tdlte-v2.3.json,SA,设备信息参数管理,AntennaInfo,Device.DeviceInfo.AntennaInfo.,READ_WRITE,INT
Device.DeviceInfo.AntennaInfo.Downtilt3,yes,existing_mml_parent_object_group,命中 mmlstandardloader seed/catalog 的现有 object_path 分组；加入 sub_field 后可显示在当前参数树,YES_EXISTING_JSON_PARENT_GROUP,medium,SA,设备信息参数管理,设备基本信息,Device.DeviceInfo.,,json_seed_and_catalog_existing_group,omcgo/internal/config/parammodel/mmlstandardloader/seeds/cmcc_tdlte_v23.json; omcgo/datamodels/mml-catalog/cmcc-tdlte-v2.3.json,SA,设备信息参数管理,AntennaInfo,Device.DeviceInfo.AntennaInfo.,READ_WRITE,INT
Device.DeviceInfo.AntennaInfo.Gain,yes,existing_mml_parent_object_group,命中 mmlstandardloader seed/catalog 的现有 object_path 分组；加入 sub_field 后可显示在当前参数树,YES_EXISTING_JSON_PARENT_GROUP,medium,SA,设备信息参数管理,设备基本信息,Device.DeviceInfo.,,json_seed_and_catalog_existing_group,omcgo/internal/config/parammodel/mmlstandardloader/seeds/cmcc_tdlte_v23.json; omcgo/datamodels/mml-catalog/cmcc-tdlte-v2.3.json,SA,设备信息参数管理,AntennaInfo,Device.DeviceInfo.AntennaInfo.,READ_WRITE,INT
Device.DeviceInfo.AntennaInfo.Gain2,yes,existing_mml_parent_object_group,命中 mmlstandardloader seed/catalog 的现有 object_path 分组；加入 sub_field 后可显示在当前参数树,YES_EXISTING_JSON_PARENT_GROUP,medium,SA,设备信息参数管理,设备基本信息,Device.DeviceInfo.,,json_seed_and_catalog_existing_group,omcgo/internal/config/parammodel/mmlstandardloader/seeds/cmcc_tdlte_v23.json; omcgo/datamodels/mml-catalog/cmcc-tdlte-v2.3.json,SA,设备信息参数管理,AntennaInfo,Device.DeviceInfo.AntennaInfo.,READ_WRITE,INT
Device.DeviceInfo.AntennaInfo.Gain3,yes,existing_mml_parent_object_group,命中 mmlstandardloader seed/catalog 的现有 object_path 分组；加入 sub_field 后可显示在当前参数树,YES_EXISTING_JSON_PARENT_GROUP,medium,SA,设备信息参数管理,设备基本信息,Device.DeviceInfo.,,json_seed_and_catalog_existing_group,omcgo/internal/config/parammodel/mmlstandardloader/seeds/cmcc_tdlte_v23.json; omcgo/datamodels/mml-catalog/cmcc-tdlte-v2.3.json,SA,设备信息参数管理,AntennaInfo,Device.DeviceInfo.AntennaInfo.,READ_WRITE,INT
Device.DeviceInfo.AntennaInfo.Height,yes,existing_mml_parent_object_group,命中 mmlstandardloader seed/catalog 的现有 object_path 分组；加入 sub_field 后可显示在当前参数树,YES_EXISTING_JSON_PARENT_GROUP,medium,SA,设备信息参数管理,设备基本信息,Device.DeviceInfo.,,json_seed_and_catalog_existing_group,omcgo/internal/config/parammodel/mmlstandardloader/seeds/cmcc_tdlte_v23.json; omcgo/datamodels/mml-catalog/cmcc-tdlte-v2.3.json,SA,设备信息参数管理,AntennaInfo,Device.DeviceInfo.AntennaInfo.,READ_WRITE,U_INT
Device.DeviceInfo.AntennaInfo.Height2,yes,existing_mml_parent_object_group,命中 mmlstandardloader seed/catalog 的现有 object_path 分组；加入 sub_field 后可显示在当前参数树,YES_EXISTING_JSON_PARENT_GROUP,medium,SA,设备信息参数管理,设备基本信息,Device.DeviceInfo.,,json_seed_and_catalog_existing_group,omcgo/internal/config/parammodel/mmlstandardloader/seeds/cmcc_tdlte_v23.json; omcgo/datamodels/mml-catalog/cmcc-tdlte-v2.3.json,SA,设备信息参数管理,AntennaInfo,Device.DeviceInfo.AntennaInfo.,READ_WRITE,U_INT
Device.DeviceInfo.AntennaInfo.Height3,yes,existing_mml_parent_object_group,命中 mmlstandardloader seed/catalog 的现有 object_path 分组；加入 sub_field 后可显示在当前参数树,YES_EXISTING_JSON_PARENT_GROUP,medium,SA,设备信息参数管理,设备基本信息,Device.DeviceInfo.,,json_seed_and_catalog_existing_group,omcgo/internal/config/parammodel/mmlstandardloader/seeds/cmcc_tdlte_v23.json; omcgo/datamodels/mml-catalog/cmcc-tdlte-v2.3.json,SA,设备信息参数管理,AntennaInfo,Device.DeviceInfo.AntennaInfo.,READ_WRITE,U_INT
Device.DeviceInfo.AntennaInfo.HeightType,yes,existing_mml_parent_object_group,命中 mmlstandardloader seed/catalog 的现有 object_path 分组；加入 sub_field 后可显示在当前参数树,YES_EXISTING_JSON_PARENT_GROUP,medium,SA,设备信息参数管理,设备基本信息,Device.DeviceInfo.,,json_seed_and_catalog_existing_group,omcgo/internal/config/parammodel/mmlstandardloader/seeds/cmcc_tdlte_v23.json; omcgo/datamodels/mml-catalog/cmcc-tdlte-v2.3.json,SA,设备信息参数管理,AntennaInfo,Device.DeviceInfo.AntennaInfo.,READ_WRITE,STRING
Device.DeviceInfo.AntennaInfo.HeightType2,yes,existing_mml_parent_object_group,命中 mmlstandardloader seed/catalog 的现有 object_path 分组；加入 sub_field 后可显示在当前参数树,YES_EXISTING_JSON_PARENT_GROUP,medium,SA,设备信息参数管理,设备基本信息,Device.DeviceInfo.,,json_seed_and_catalog_existing_group,omcgo/internal/config/parammodel/mmlstandardloader/seeds/cmcc_tdlte_v23.json; omcgo/datamodels/mml-catalog/cmcc-tdlte-v2.3.json,SA,设备信息参数管理,AntennaInfo,Device.DeviceInfo.AntennaInfo.,READ_ONLY,STRING
Device.DeviceInfo.AntennaInfo.HeightType3,yes,existing_mml_parent_object_group,命中 mmlstandardloader seed/catalog 的现有 object_path 分组；加入 sub_field 后可显示在当前参数树,YES_EXISTING_JSON_PARENT_GROUP,medium,SA,设备信息参数管理,设备基本信息,Device.DeviceInfo.,,json_seed_and_catalog_existing_group,omcgo/internal/config/parammodel/mmlstandardloader/seeds/cmcc_tdlte_v23.json; omcgo/datamodels/mml-catalog/cmcc-tdlte-v2.3.json,SA,设备信息参数管理,AntennaInfo,Device.DeviceInfo.AntennaInfo.,READ_ONLY,STRING
Device.DeviceInfo.CellConfig.{i}.AntennaInfo.Model,yes,existing_mml_parent_object_group,命中 mmlstandardloader seed/catalog 的现有 object_path 分组；加入 sub_field 后可显示在当前参数树,YES_EXISTING_JSON_PARENT_GROUP,medium,SA,设备信息参数管理,设备基本信息,Device.DeviceInfo.,,json_seed_and_catalog_existing_group,omcgo/internal/config/parammodel/mmlstandardloader/seeds/cmcc_tdlte_v23.json; omcgo/datamodels/mml-catalog/cmcc-tdlte-v2.3.json,SA,设备信息参数管理,AntennaInfo,Device.DeviceInfo.CellConfig.{i}.AntennaInfo.,READ_WRITE,STRING
Device.DeviceInfo.BTS.CurrentArfcn,no,not_mml_tree_quicksettings_only,只命中 quicksettings XML，quicksettings 不是 MML 配置参数树数据源,YES_QUICKSETTINGS_XML_GROUP,high,,,基站信息,,bts-cell-info,quicksettings_xml_exact_standardPath,omcgo/data/quicksettings/BTS.xml#bts-cell-info:基站信息(CurrentArfcn),SA,设备信息参数管理,BTS,Device.DeviceInfo.BTS.,READ_ONLY,STRING
Device.DeviceInfo.BTS.CurrentLac,no,not_mml_tree_quicksettings_only,只命中 quicksettings XML，quicksettings 不是 MML 配置参数树数据源,YES_QUICKSETTINGS_XML_GROUP,high,,,基站信息,,bts-cell-info,quicksettings_xml_exact_standardPath,omcgo/data/quicksettings/BTS.xml#bts-cell-info:基站信息(CurrentLac),SA,设备信息参数管理,BTS,Device.DeviceInfo.BTS.,READ_ONLY,STRING
Device.DeviceInfo.SAS.CPI.cpiLatitude,yes,existing_mml_parent_object_group,命中 mmlstandardloader seed/catalog 的现有 object_path 分组；加入 sub_field 后可显示在当前参数树,YES_EXISTING_JSON_PARENT_GROUP,medium,SA,设备信息参数管理,设备基本信息,Device.DeviceInfo.,,json_seed_and_catalog_existing_group,omcgo/internal/config/parammodel/mmlstandardloader/seeds/cmcc_tdlte_v23.json; omcgo/datamodels/mml-catalog/cmcc-tdlte-v2.3.json,SA,设备信息参数管理,CPI,Device.DeviceInfo.SAS.CPI.,READ_WRITE,INT
Device.DeviceInfo.SAS.CPI.cpiLongitude,yes,existing_mml_parent_object_group,命中 mmlstandardloader seed/catalog 的现有 object_path 分组；加入 sub_field 后可显示在当前参数树,YES_EXISTING_JSON_PARENT_GROUP,medium,SA,设备信息参数管理,设备基本信息,Device.DeviceInfo.,,json_seed_and_catalog_existing_group,omcgo/internal/config/parammodel/mmlstandardloader/seeds/cmcc_tdlte_v23.json; omcgo/datamodels/mml-catalog/cmcc-tdlte-v2.3.json,SA,设备信息参数管理,CPI,Device.DeviceInfo.SAS.CPI.,READ_WRITE,INT
Device.DeviceInfo.GPS.horizontalAccuracy,yes,existing_mml_parent_object_group,命中 mmlstandardloader seed/catalog 的现有 object_path 分组；加入 sub_field 后可显示在当前参数树,YES_EXISTING_JSON_PARENT_GROUP,medium,SA,设备信息参数管理,设备基本信息,Device.DeviceInfo.,,json_seed_and_catalog_existing_group,omcgo/internal/config/parammodel/mmlstandardloader/seeds/cmcc_tdlte_v23.json; omcgo/datamodels/mml-catalog/cmcc-tdlte-v2.3.json,SA,设备信息参数管理,GPS,Device.DeviceInfo.GPS.,READ_WRITE,U_INT
Device.DeviceInfo.GPS.verticalAccuracy,yes,existing_mml_parent_object_group,命中 mmlstandardloader seed/catalog 的现有 object_path 分组；加入 sub_field 后可显示在当前参数树,YES_EXISTING_JSON_PARENT_GROUP,medium,SA,设备信息参数管理,设备基本信息,Device.DeviceInfo.,,json_seed_and_catalog_existing_group,omcgo/internal/config/parammodel/mmlstandardloader/seeds/cmcc_tdlte_v23.json; omcgo/datamodels/mml-catalog/cmcc-tdlte-v2.3.json,SA,设备信息参数管理,GPS,Device.DeviceInfo.GPS.,READ_WRITE,U_INT
Device.DeviceInfo.SAS.FAP.GPS.LockedLatitude,yes,existing_mml_parent_object_group,命中 mmlstandardloader seed/catalog 的现有 object_path 分组；加入 sub_field 后可显示在当前参数树,YES_EXISTING_JSON_PARENT_GROUP,medium,SA,设备信息参数管理,设备基本信息,Device.DeviceInfo.,,json_seed_and_catalog_existing_group,omcgo/internal/config/parammodel/mmlstandardloader/seeds/cmcc_tdlte_v23.json; omcgo/datamodels/mml-catalog/cmcc-tdlte-v2.3.json,SA,设备信息参数管理,GPS,Device.DeviceInfo.SAS.FAP.GPS.,READ_WRITE,INT
Device.DeviceInfo.SAS.FAP.GPS.LockedLatitude2,yes,existing_mml_parent_object_group,命中 mmlstandardloader seed/catalog 的现有 object_path 分组；加入 sub_field 后可显示在当前参数树,YES_EXISTING_JSON_PARENT_GROUP,medium,SA,设备信息参数管理,设备基本信息,Device.DeviceInfo.,,json_seed_and_catalog_existing_group,omcgo/internal/config/parammodel/mmlstandardloader/seeds/cmcc_tdlte_v23.json; omcgo/datamodels/mml-catalog/cmcc-tdlte-v2.3.json,SA,设备信息参数管理,GPS,Device.DeviceInfo.SAS.FAP.GPS.,READ_WRITE,INT
Device.DeviceInfo.SAS.FAP.GPS.LockedLatitude3,yes,existing_mml_parent_object_group,命中 mmlstandardloader seed/catalog 的现有 object_path 分组；加入 sub_field 后可显示在当前参数树,YES_EXISTING_JSON_PARENT_GROUP,medium,SA,设备信息参数管理,设备基本信息,Device.DeviceInfo.,,json_seed_and_catalog_existing_group,omcgo/internal/config/parammodel/mmlstandardloader/seeds/cmcc_tdlte_v23.json; omcgo/datamodels/mml-catalog/cmcc-tdlte-v2.3.json,SA,设备信息参数管理,GPS,Device.DeviceInfo.SAS.FAP.GPS.,READ_WRITE,INT
Device.DeviceInfo.SAS.FAP.GPS.LockedLongitude,yes,existing_mml_parent_object_group,命中 mmlstandardloader seed/catalog 的现有 object_path 分组；加入 sub_field 后可显示在当前参数树,YES_EXISTING_JSON_PARENT_GROUP,medium,SA,设备信息参数管理,设备基本信息,Device.DeviceInfo.,,json_seed_and_catalog_existing_group,omcgo/internal/config/parammodel/mmlstandardloader/seeds/cmcc_tdlte_v23.json; omcgo/datamodels/mml-catalog/cmcc-tdlte-v2.3.json,SA,设备信息参数管理,GPS,Device.DeviceInfo.SAS.FAP.GPS.,READ_WRITE,INT
Device.DeviceInfo.SAS.FAP.GPS.LockedLongitude2,yes,existing_mml_parent_object_group,命中 mmlstandardloader seed/catalog 的现有 object_path 分组；加入 sub_field 后可显示在当前参数树,YES_EXISTING_JSON_PARENT_GROUP,medium,SA,设备信息参数管理,设备基本信息,Device.DeviceInfo.,,json_seed_and_catalog_existing_group,omcgo/internal/config/parammodel/mmlstandardloader/seeds/cmcc_tdlte_v23.json; omcgo/datamodels/mml-catalog/cmcc-tdlte-v2.3.json,SA,设备信息参数管理,GPS,Device.DeviceInfo.SAS.FAP.GPS.,READ_WRITE,INT
Device.DeviceInfo.SAS.FAP.GPS.LockedLongitude3,yes,existing_mml_parent_object_group,命中 mmlstandardloader seed/catalog 的现有 object_path 分组；加入 sub_field 后可显示在当前参数树,YES_EXISTING_JSON_PARENT_GROUP,medium,SA,设备信息参数管理,设备基本信息,Device.DeviceInfo.,,json_seed_and_catalog_existing_group,omcgo/internal/config/parammodel/mmlstandardloader/seeds/cmcc_tdlte_v23.json; omcgo/datamodels/mml-catalog/cmcc-tdlte-v2.3.json,SA,设备信息参数管理,GPS,Device.DeviceInfo.SAS.FAP.GPS.,READ_WRITE,INT
Device.DeviceInfo.GSM.BtsRfPower,no,not_mml_tree_quicksettings_only,只命中 quicksettings XML，quicksettings 不是 MML 配置参数树数据源,YES_QUICKSETTINGS_XML_GROUP,high,,,GSM 传输参数,,gsm-transport,quicksettings_xml_exact_standardPath,omcgo/data/quicksettings/BTS.xml#gsm-transport:GSM 传输参数(BtsRfPower),SA,设备信息参数管理,GSM,Device.DeviceInfo.GSM.,READ_ONLY,U_INT
Device.DeviceInfo.SAS.CallSign,yes,existing_mml_parent_object_group,命中 mmlstandardloader seed/catalog 的现有 object_path 分组；加入 sub_field 后可显示在当前参数树,YES_EXISTING_JSON_PARENT_GROUP,medium,SA,设备信息参数管理,设备基本信息,Device.DeviceInfo.,,json_seed_and_catalog_existing_group,omcgo/internal/config/parammodel/mmlstandardloader/seeds/cmcc_tdlte_v23.json; omcgo/datamodels/mml-catalog/cmcc-tdlte-v2.3.json,SA,设备信息参数管理,SAS,Device.DeviceInfo.SAS.,READ_WRITE,STRING
Device.DeviceInfo.SAS.ChannelReuse,yes,existing_mml_parent_object_group,命中 mmlstandardloader seed/catalog 的现有 object_path 分组；加入 sub_field 后可显示在当前参数树,YES_EXISTING_JSON_PARENT_GROUP,medium,SA,设备信息参数管理,设备基本信息,Device.DeviceInfo.,,json_seed_and_catalog_existing_group,omcgo/internal/config/parammodel/mmlstandardloader/seeds/cmcc_tdlte_v23.json; omcgo/datamodels/mml-catalog/cmcc-tdlte-v2.3.json,SA,设备信息参数管理,SAS,Device.DeviceInfo.SAS.,READ_WRITE,BOOLEAN
Device.DeviceInfo.SAS.CpiId,yes,existing_mml_parent_object_group,命中 mmlstandardloader seed/catalog 的现有 object_path 分组；加入 sub_field 后可显示在当前参数树,YES_EXISTING_JSON_PARENT_GROUP,medium,SA,设备信息参数管理,设备基本信息,Device.DeviceInfo.,,json_seed_and_catalog_existing_group,omcgo/internal/config/parammodel/mmlstandardloader/seeds/cmcc_tdlte_v23.json; omcgo/datamodels/mml-catalog/cmcc-tdlte-v2.3.json,SA,设备信息参数管理,SAS,Device.DeviceInfo.SAS.,READ_WRITE,STRING
Device.DeviceInfo.SAS.CpiInstallCertificationTime,yes,existing_mml_parent_object_group,命中 mmlstandardloader seed/catalog 的现有 object_path 分组；加入 sub_field 后可显示在当前参数树,YES_EXISTING_JSON_PARENT_GROUP,medium,SA,设备信息参数管理,设备基本信息,Device.DeviceInfo.,,json_seed_and_catalog_existing_group,omcgo/internal/config/parammodel/mmlstandardloader/seeds/cmcc_tdlte_v23.json; omcgo/datamodels/mml-catalog/cmcc-tdlte-v2.3.json,SA,设备信息参数管理,SAS,Device.DeviceInfo.SAS.,READ_WRITE,STRING
Device.DeviceInfo.SAS.CpiInstallCertificationTime2,yes,existing_mml_parent_object_group,命中 mmlstandardloader seed/catalog 的现有 object_path 分组；加入 sub_field 后可显示在当前参数树,YES_EXISTING_JSON_PARENT_GROUP,medium,SA,设备信息参数管理,设备基本信息,Device.DeviceInfo.,,json_seed_and_catalog_existing_group,omcgo/internal/config/parammodel/mmlstandardloader/seeds/cmcc_tdlte_v23.json; omcgo/datamodels/mml-catalog/cmcc-tdlte-v2.3.json,SA,设备信息参数管理,SAS,Device.DeviceInfo.SAS.,READ_WRITE,STRING
Device.DeviceInfo.SAS.CpiInstallCertificationTime3,yes,existing_mml_parent_object_group,命中 mmlstandardloader seed/catalog 的现有 object_path 分组；加入 sub_field 后可显示在当前参数树,YES_EXISTING_JSON_PARENT_GROUP,medium,SA,设备信息参数管理,设备基本信息,Device.DeviceInfo.,,json_seed_and_catalog_existing_group,omcgo/internal/config/parammodel/mmlstandardloader/seeds/cmcc_tdlte_v23.json; omcgo/datamodels/mml-catalog/cmcc-tdlte-v2.3.json,SA,设备信息参数管理,SAS,Device.DeviceInfo.SAS.,READ_WRITE,STRING
Device.DeviceInfo.SAS.CpiName,yes,existing_mml_parent_object_group,命中 mmlstandardloader seed/catalog 的现有 object_path 分组；加入 sub_field 后可显示在当前参数树,YES_EXISTING_JSON_PARENT_GROUP,medium,SA,设备信息参数管理,设备基本信息,Device.DeviceInfo.,,json_seed_and_catalog_existing_group,omcgo/internal/config/parammodel/mmlstandardloader/seeds/cmcc_tdlte_v23.json; omcgo/datamodels/mml-catalog/cmcc-tdlte-v2.3.json,SA,设备信息参数管理,SAS,Device.DeviceInfo.SAS.,READ_WRITE,STRING
Device.DeviceInfo.SAS.CpiSignatureData,yes,existing_mml_parent_object_group,命中 mmlstandardloader seed/catalog 的现有 object_path 分组；加入 sub_field 后可显示在当前参数树,YES_EXISTING_JSON_PARENT_GROUP,medium,SA,设备信息参数管理,设备基本信息,Device.DeviceInfo.,,json_seed_and_catalog_existing_group,omcgo/internal/config/parammodel/mmlstandardloader/seeds/cmcc_tdlte_v23.json; omcgo/datamodels/mml-catalog/cmcc-tdlte-v2.3.json,SA,设备信息参数管理,SAS,Device.DeviceInfo.SAS.,READ_WRITE,STRING
Device.DeviceInfo.SAS.CpiSignatureData2,yes,existing_mml_parent_object_group,命中 mmlstandardloader seed/catalog 的现有 object_path 分组；加入 sub_field 后可显示在当前参数树,YES_EXISTING_JSON_PARENT_GROUP,medium,SA,设备信息参数管理,设备基本信息,Device.DeviceInfo.,,json_seed_and_catalog_existing_group,omcgo/internal/config/parammodel/mmlstandardloader/seeds/cmcc_tdlte_v23.json; omcgo/datamodels/mml-catalog/cmcc-tdlte-v2.3.json,SA,设备信息参数管理,SAS,Device.DeviceInfo.SAS.,READ_WRITE,STRING
Device.DeviceInfo.SAS.CpiSignatureData3,yes,existing_mml_parent_object_group,命中 mmlstandardloader seed/catalog 的现有 object_path 分组；加入 sub_field 后可显示在当前参数树,YES_EXISTING_JSON_PARENT_GROUP,medium,SA,设备信息参数管理,设备基本信息,Device.DeviceInfo.,,json_seed_and_catalog_existing_group,omcgo/internal/config/parammodel/mmlstandardloader/seeds/cmcc_tdlte_v23.json; omcgo/datamodels/mml-catalog/cmcc-tdlte-v2.3.json,SA,设备信息参数管理,SAS,Device.DeviceInfo.SAS.,READ_WRITE,STRING
Device.DeviceInfo.SAS.EirpCapability,yes,existing_mml_parent_object_group,命中 mmlstandardloader seed/catalog 的现有 object_path 分组；加入 sub_field 后可显示在当前参数树,YES_EXISTING_JSON_PARENT_GROUP,medium,SA,设备信息参数管理,设备基本信息,Device.DeviceInfo.,,json_seed_and_catalog_existing_group,omcgo/internal/config/parammodel/mmlstandardloader/seeds/cmcc_tdlte_v23.json; omcgo/datamodels/mml-catalog/cmcc-tdlte-v2.3.json,SA,设备信息参数管理,SAS,Device.DeviceInfo.SAS.,READ_WRITE,INT
Device.DeviceInfo.SAS.FccId,yes,existing_mml_parent_object_group,命中 mmlstandardloader seed/catalog 的现有 object_path 分组；加入 sub_field 后可显示在当前参数树,YES_EXISTING_JSON_PARENT_GROUP,medium,SA,设备信息参数管理,设备基本信息,Device.DeviceInfo.,,json_seed_and_catalog_existing_group,omcgo/internal/config/parammodel/mmlstandardloader/seeds/cmcc_tdlte_v23.json; omcgo/datamodels/mml-catalog/cmcc-tdlte-v2.3.json,SA,设备信息参数管理,SAS,Device.DeviceInfo.SAS.,READ_WRITE,STRING
Device.DeviceInfo.SAS.FrequencyContiguous,yes,existing_mml_parent_object_group,命中 mmlstandardloader seed/catalog 的现有 object_path 分组；加入 sub_field 后可显示在当前参数树,YES_EXISTING_JSON_PARENT_GROUP,medium,SA,设备信息参数管理,设备基本信息,Device.DeviceInfo.,,json_seed_and_catalog_existing_group,omcgo/internal/config/parammodel/mmlstandardloader/seeds/cmcc_tdlte_v23.json; omcgo/datamodels/mml-catalog/cmcc-tdlte-v2.3.json,SA,设备信息参数管理,SAS,Device.DeviceInfo.SAS.,READ_ONLY,STRING
Device.DeviceInfo.SAS.FrequencySelectionLogic,yes,existing_mml_parent_object_group,命中 mmlstandardloader seed/catalog 的现有 object_path 分组；加入 sub_field 后可显示在当前参数树,YES_EXISTING_JSON_PARENT_GROUP,medium,SA,设备信息参数管理,设备基本信息,Device.DeviceInfo.,,json_seed_and_catalog_existing_group,omcgo/internal/config/parammodel/mmlstandardloader/seeds/cmcc_tdlte_v23.json; omcgo/datamodels/mml-catalog/cmcc-tdlte-v2.3.json,SA,设备信息参数管理,SAS,Device.DeviceInfo.SAS.,READ_WRITE,STRING
Device.DeviceInfo.SAS.LegacyMode,yes,existing_mml_parent_object_group,命中 mmlstandardloader seed/catalog 的现有 object_path 分组；加入 sub_field 后可显示在当前参数树,YES_EXISTING_JSON_PARENT_GROUP,medium,SA,设备信息参数管理,设备基本信息,Device.DeviceInfo.,,json_seed_and_catalog_existing_group,omcgo/internal/config/parammodel/mmlstandardloader/seeds/cmcc_tdlte_v23.json; omcgo/datamodels/mml-catalog/cmcc-tdlte-v2.3.json,SA,设备信息参数管理,SAS,Device.DeviceInfo.SAS.,READ_WRITE,STRING
Device.DeviceInfo.SAS.MaxEIRP,yes,existing_mml_parent_object_group,命中 mmlstandardloader seed/catalog 的现有 object_path 分组；加入 sub_field 后可显示在当前参数树,YES_EXISTING_JSON_PARENT_GROUP,medium,SA,设备信息参数管理,设备基本信息,Device.DeviceInfo.,,json_seed_and_catalog_existing_group,omcgo/internal/config/parammodel/mmlstandardloader/seeds/cmcc_tdlte_v23.json; omcgo/datamodels/mml-catalog/cmcc-tdlte-v2.3.json,SA,设备信息参数管理,SAS,Device.DeviceInfo.SAS.,READ_WRITE,INT
Device.DeviceInfo.SAS.PreferredBandwidth,yes,existing_mml_parent_object_group,命中 mmlstandardloader seed/catalog 的现有 object_path 分组；加入 sub_field 后可显示在当前参数树,YES_EXISTING_JSON_PARENT_GROUP,medium,SA,设备信息参数管理,设备基本信息,Device.DeviceInfo.,,json_seed_and_catalog_existing_group,omcgo/internal/config/parammodel/mmlstandardloader/seeds/cmcc_tdlte_v23.json; omcgo/datamodels/mml-catalog/cmcc-tdlte-v2.3.json,SA,设备信息参数管理,SAS,Device.DeviceInfo.SAS.,READ_WRITE,STRING
Device.DeviceInfo.SAS.PreferredFrequency,yes,existing_mml_parent_object_group,命中 mmlstandardloader seed/catalog 的现有 object_path 分组；加入 sub_field 后可显示在当前参数树,YES_EXISTING_JSON_PARENT_GROUP,medium,SA,设备信息参数管理,设备基本信息,Device.DeviceInfo.,,json_seed_and_catalog_existing_group,omcgo/internal/config/parammodel/mmlstandardloader/seeds/cmcc_tdlte_v23.json; omcgo/datamodels/mml-catalog/cmcc-tdlte-v2.3.json,SA,设备信息参数管理,SAS,Device.DeviceInfo.SAS.,READ_WRITE,STRING
Device.DeviceInfo.SAS.PreferredPower,yes,existing_mml_parent_object_group,命中 mmlstandardloader seed/catalog 的现有 object_path 分组；加入 sub_field 后可显示在当前参数树,YES_EXISTING_JSON_PARENT_GROUP,medium,SA,设备信息参数管理,设备基本信息,Device.DeviceInfo.,,json_seed_and_catalog_existing_group,omcgo/internal/config/parammodel/mmlstandardloader/seeds/cmcc_tdlte_v23.json; omcgo/datamodels/mml-catalog/cmcc-tdlte-v2.3.json,SA,设备信息参数管理,SAS,Device.DeviceInfo.SAS.,READ_WRITE,STRING
Device.DeviceInfo.SAS.RadioEnable,yes,existing_mml_parent_object_group,命中 mmlstandardloader seed/catalog 的现有 object_path 分组；加入 sub_field 后可显示在当前参数树,YES_EXISTING_JSON_PARENT_GROUP,medium,SA,设备信息参数管理,设备基本信息,Device.DeviceInfo.,,json_seed_and_catalog_existing_group,omcgo/internal/config/parammodel/mmlstandardloader/seeds/cmcc_tdlte_v23.json; omcgo/datamodels/mml-catalog/cmcc-tdlte-v2.3.json,SA,设备信息参数管理,SAS,Device.DeviceInfo.SAS.,READ_WRITE,STRING
Device.DeviceInfo.SAS.RadioEnable1,yes,existing_mml_parent_object_group,命中 mmlstandardloader seed/catalog 的现有 object_path 分组；加入 sub_field 后可显示在当前参数树,YES_EXISTING_JSON_PARENT_GROUP,medium,SA,设备信息参数管理,设备基本信息,Device.DeviceInfo.,,json_seed_and_catalog_existing_group,omcgo/internal/config/parammodel/mmlstandardloader/seeds/cmcc_tdlte_v23.json; omcgo/datamodels/mml-catalog/cmcc-tdlte-v2.3.json,SA,设备信息参数管理,SAS,Device.DeviceInfo.SAS.,READ_WRITE,STRING
Device.DeviceInfo.SAS.RadioEnable2,yes,existing_mml_parent_object_group,命中 mmlstandardloader seed/catalog 的现有 object_path 分组；加入 sub_field 后可显示在当前参数树,YES_EXISTING_JSON_PARENT_GROUP,medium,SA,设备信息参数管理,设备基本信息,Device.DeviceInfo.,,json_seed_and_catalog_existing_group,omcgo/internal/config/parammodel/mmlstandardloader/seeds/cmcc_tdlte_v23.json; omcgo/datamodels/mml-catalog/cmcc-tdlte-v2.3.json,SA,设备信息参数管理,SAS,Device.DeviceInfo.SAS.,READ_WRITE,STRING
Device.DeviceInfo.SAS.RadioEnable3,yes,existing_mml_parent_object_group,命中 mmlstandardloader seed/catalog 的现有 object_path 分组；加入 sub_field 后可显示在当前参数树,YES_EXISTING_JSON_PARENT_GROUP,medium,SA,设备信息参数管理,设备基本信息,Device.DeviceInfo.,,json_seed_and_catalog_existing_group,omcgo/internal/config/parammodel/mmlstandardloader/seeds/cmcc_tdlte_v23.json; omcgo/datamodels/mml-catalog/cmcc-tdlte-v2.3.json,SA,设备信息参数管理,SAS,Device.DeviceInfo.SAS.,READ_WRITE,STRING
Device.DeviceInfo.SAS.RegistrationType,yes,existing_mml_parent_object_group,命中 mmlstandardloader seed/catalog 的现有 object_path 分组；加入 sub_field 后可显示在当前参数树,YES_EXISTING_JSON_PARENT_GROUP,medium,SA,设备信息参数管理,设备基本信息,Device.DeviceInfo.,,json_seed_and_catalog_existing_group,omcgo/internal/config/parammodel/mmlstandardloader/seeds/cmcc_tdlte_v23.json; omcgo/datamodels/mml-catalog/cmcc-tdlte-v2.3.json,SA,设备信息参数管理,SAS,Device.DeviceInfo.SAS.,READ_WRITE,STRING
Device.DeviceInfo.SAS.ServerUrl,yes,existing_mml_parent_object_group,命中 mmlstandardloader seed/catalog 的现有 object_path 分组；加入 sub_field 后可显示在当前参数树,YES_EXISTING_JSON_PARENT_GROUP,medium,SA,设备信息参数管理,设备基本信息,Device.DeviceInfo.,,json_seed_and_catalog_existing_group,omcgo/internal/config/parammodel/mmlstandardloader/seeds/cmcc_tdlte_v23.json; omcgo/datamodels/mml-catalog/cmcc-tdlte-v2.3.json,SA,设备信息参数管理,SAS,Device.DeviceInfo.SAS.,READ_WRITE,STRING
Device.DeviceInfo.SAS.Status,yes,existing_mml_parent_object_group,命中 mmlstandardloader seed/catalog 的现有 object_path 分组；加入 sub_field 后可显示在当前参数树,YES_EXISTING_JSON_PARENT_GROUP,medium,SA,设备信息参数管理,设备基本信息,Device.DeviceInfo.,,json_seed_and_catalog_existing_group,omcgo/internal/config/parammodel/mmlstandardloader/seeds/cmcc_tdlte_v23.json; omcgo/datamodels/mml-catalog/cmcc-tdlte-v2.3.json,SA,设备信息参数管理,SAS,Device.DeviceInfo.SAS.,READ_WRITE,STRING
Device.DeviceInfo.SAS.Status2,yes,existing_mml_parent_object_group,命中 mmlstandardloader seed/catalog 的现有 object_path 分组；加入 sub_field 后可显示在当前参数树,YES_EXISTING_JSON_PARENT_GROUP,medium,SA,设备信息参数管理,设备基本信息,Device.DeviceInfo.,,json_seed_and_catalog_existing_group,omcgo/internal/config/parammodel/mmlstandardloader/seeds/cmcc_tdlte_v23.json; omcgo/datamodels/mml-catalog/cmcc-tdlte-v2.3.json,SA,设备信息参数管理,SAS,Device.DeviceInfo.SAS.,READ_WRITE,STRING
Device.DeviceInfo.SAS.Status3,yes,existing_mml_parent_object_group,命中 mmlstandardloader seed/catalog 的现有 object_path 分组；加入 sub_field 后可显示在当前参数树,YES_EXISTING_JSON_PARENT_GROUP,medium,SA,设备信息参数管理,设备基本信息,Device.DeviceInfo.,,json_seed_and_catalog_existing_group,omcgo/internal/config/parammodel/mmlstandardloader/seeds/cmcc_tdlte_v23.json; omcgo/datamodels/mml-catalog/cmcc-tdlte-v2.3.json,SA,设备信息参数管理,SAS,Device.DeviceInfo.SAS.,READ_WRITE,STRING
Device.DeviceInfo.SAS.UserId,yes,existing_mml_parent_object_group,命中 mmlstandardloader seed/catalog 的现有 object_path 分组；加入 sub_field 后可显示在当前参数树,YES_EXISTING_JSON_PARENT_GROUP,medium,SA,设备信息参数管理,设备基本信息,Device.DeviceInfo.,,json_seed_and_catalog_existing_group,omcgo/internal/config/parammodel/mmlstandardloader/seeds/cmcc_tdlte_v23.json; omcgo/datamodels/mml-catalog/cmcc-tdlte-v2.3.json,SA,设备信息参数管理,SAS,Device.DeviceInfo.SAS.,READ_WRITE,STRING
Device.DeviceInfo.SAS.enableMode,yes,existing_mml_parent_object_group,命中 mmlstandardloader seed/catalog 的现有 object_path 分组；加入 sub_field 后可显示在当前参数树,YES_EXISTING_JSON_PARENT_GROUP,medium,SA,设备信息参数管理,设备基本信息,Device.DeviceInfo.,,json_seed_and_catalog_existing_group,omcgo/internal/config/parammodel/mmlstandardloader/seeds/cmcc_tdlte_v23.json; omcgo/datamodels/mml-catalog/cmcc-tdlte-v2.3.json,SA,设备信息参数管理,SAS,Device.DeviceInfo.SAS.,READ_WRITE,BOOLEAN
Device.DeviceInfo.SAS.groupId,yes,existing_mml_parent_object_group,命中 mmlstandardloader seed/catalog 的现有 object_path 分组；加入 sub_field 后可显示在当前参数树,YES_EXISTING_JSON_PARENT_GROUP,medium,SA,设备信息参数管理,设备基本信息,Device.DeviceInfo.,,json_seed_and_catalog_existing_group,omcgo/internal/config/parammodel/mmlstandardloader/seeds/cmcc_tdlte_v23.json; omcgo/datamodels/mml-catalog/cmcc-tdlte-v2.3.json,SA,设备信息参数管理,SAS,Device.DeviceInfo.SAS.,READ_WRITE,STRING
Device.DeviceInfo.SAS.groupType,yes,existing_mml_parent_object_group,命中 mmlstandardloader seed/catalog 的现有 object_path 分组；加入 sub_field 后可显示在当前参数树,YES_EXISTING_JSON_PARENT_GROUP,medium,SA,设备信息参数管理,设备基本信息,Device.DeviceInfo.,,json_seed_and_catalog_existing_group,omcgo/internal/config/parammodel/mmlstandardloader/seeds/cmcc_tdlte_v23.json; omcgo/datamodels/mml-catalog/cmcc-tdlte-v2.3.json,SA,设备信息参数管理,SAS,Device.DeviceInfo.SAS.,READ_WRITE,STRING
Device.DeviceInfo.SAS.reqHighFrequency,yes,existing_mml_parent_object_group,命中 mmlstandardloader seed/catalog 的现有 object_path 分组；加入 sub_field 后可显示在当前参数树,YES_EXISTING_JSON_PARENT_GROUP,medium,SA,设备信息参数管理,设备基本信息,Device.DeviceInfo.,,json_seed_and_catalog_existing_group,omcgo/internal/config/parammodel/mmlstandardloader/seeds/cmcc_tdlte_v23.json; omcgo/datamodels/mml-catalog/cmcc-tdlte-v2.3.json,SA,设备信息参数管理,SAS,Device.DeviceInfo.SAS.,READ_WRITE,U_INT
Device.DeviceInfo.SAS.reqLowFrequency,yes,existing_mml_parent_object_group,命中 mmlstandardloader seed/catalog 的现有 object_path 分组；加入 sub_field 后可显示在当前参数树,YES_EXISTING_JSON_PARENT_GROUP,medium,SA,设备信息参数管理,设备基本信息,Device.DeviceInfo.,,json_seed_and_catalog_existing_group,omcgo/internal/config/parammodel/mmlstandardloader/seeds/cmcc_tdlte_v23.json; omcgo/datamodels/mml-catalog/cmcc-tdlte-v2.3.json,SA,设备信息参数管理,SAS,Device.DeviceInfo.SAS.,READ_WRITE,U_INT
Device.DeviceInfo.SignallingTrace.Enable,yes,existing_mml_parent_object_group,命中 mmlstandardloader seed/catalog 的现有 object_path 分组；加入 sub_field 后可显示在当前参数树,YES_EXISTING_JSON_PARENT_GROUP,medium,SA,设备信息参数管理,设备基本信息,Device.DeviceInfo.,,json_seed_and_catalog_existing_group,omcgo/internal/config/parammodel/mmlstandardloader/seeds/cmcc_tdlte_v23.json; omcgo/datamodels/mml-catalog/cmcc-tdlte-v2.3.json,SA,设备信息参数管理,SignallingTrace,Device.DeviceInfo.SignallingTrace.,READ_WRITE,BOOLEAN
Device.DeviceInfo.SignallingTrace.IP,yes,existing_mml_parent_object_group,命中 mmlstandardloader seed/catalog 的现有 object_path 分组；加入 sub_field 后可显示在当前参数树,YES_EXISTING_JSON_PARENT_GROUP,medium,SA,设备信息参数管理,设备基本信息,Device.DeviceInfo.,,json_seed_and_catalog_existing_group,omcgo/internal/config/parammodel/mmlstandardloader/seeds/cmcc_tdlte_v23.json; omcgo/datamodels/mml-catalog/cmcc-tdlte-v2.3.json,SA,设备信息参数管理,SignallingTrace,Device.DeviceInfo.SignallingTrace.,READ_WRITE,STRING
Device.DeviceInfo.SignallingTrace.Period,yes,existing_mml_parent_object_group,命中 mmlstandardloader seed/catalog 的现有 object_path 分组；加入 sub_field 后可显示在当前参数树,YES_EXISTING_JSON_PARENT_GROUP,medium,SA,设备信息参数管理,设备基本信息,Device.DeviceInfo.,,json_seed_and_catalog_existing_group,omcgo/internal/config/parammodel/mmlstandardloader/seeds/cmcc_tdlte_v23.json; omcgo/datamodels/mml-catalog/cmcc-tdlte-v2.3.json,SA,设备信息参数管理,SignallingTrace,Device.DeviceInfo.SignallingTrace.,READ_WRITE,INT
Device.DeviceInfo.SignallingTrace.Port,yes,existing_mml_parent_object_group,命中 mmlstandardloader seed/catalog 的现有 object_path 分组；加入 sub_field 后可显示在当前参数树,YES_EXISTING_JSON_PARENT_GROUP,medium,SA,设备信息参数管理,设备基本信息,Device.DeviceInfo.,,json_seed_and_catalog_existing_group,omcgo/internal/config/parammodel/mmlstandardloader/seeds/cmcc_tdlte_v23.json; omcgo/datamodels/mml-catalog/cmcc-tdlte-v2.3.json,SA,设备信息参数管理,SignallingTrace,Device.DeviceInfo.SignallingTrace.,READ_WRITE,STRING
Device.DeviceInfo.SignallingTrace.TraceID,yes,existing_mml_parent_object_group,命中 mmlstandardloader seed/catalog 的现有 object_path 分组；加入 sub_field 后可显示在当前参数树,YES_EXISTING_JSON_PARENT_GROUP,medium,SA,设备信息参数管理,设备基本信息,Device.DeviceInfo.,,json_seed_and_catalog_existing_group,omcgo/internal/config/parammodel/mmlstandardloader/seeds/cmcc_tdlte_v23.json; omcgo/datamodels/mml-catalog/cmcc-tdlte-v2.3.json,SA,设备信息参数管理,SignallingTrace,Device.DeviceInfo.SignallingTrace.,READ_WRITE,INT
Device.DeviceInfo.SignallingTrace.TraceType,yes,existing_mml_parent_object_group,命中 mmlstandardloader seed/catalog 的现有 object_path 分组；加入 sub_field 后可显示在当前参数树,YES_EXISTING_JSON_PARENT_GROUP,medium,SA,设备信息参数管理,设备基本信息,Device.DeviceInfo.,,json_seed_and_catalog_existing_group,omcgo/internal/config/parammodel/mmlstandardloader/seeds/cmcc_tdlte_v23.json; omcgo/datamodels/mml-catalog/cmcc-tdlte-v2.3.json,SA,设备信息参数管理,SignallingTrace,Device.DeviceInfo.SignallingTrace.,READ_WRITE,STRING
Device.DeviceInfo.FAPService.UeAccess.Enable,yes,existing_mml_parent_object_group,命中 mmlstandardloader seed/catalog 的现有 object_path 分组；加入 sub_field 后可显示在当前参数树,YES_EXISTING_JSON_PARENT_GROUP,medium,SA,设备信息参数管理,设备基本信息,Device.DeviceInfo.,,json_seed_and_catalog_existing_group,omcgo/internal/config/parammodel/mmlstandardloader/seeds/cmcc_tdlte_v23.json; omcgo/datamodels/mml-catalog/cmcc-tdlte-v2.3.json,SA,设备信息参数管理,UeAccess,Device.DeviceInfo.FAPService.UeAccess.,READ_WRITE,STRING
Device.DeviceInfo.UeInfoUpload.Enable,yes,existing_mml_parent_object_group,命中 mmlstandardloader seed/catalog 的现有 object_path 分组；加入 sub_field 后可显示在当前参数树,YES_EXISTING_JSON_PARENT_GROUP,medium,SA,设备信息参数管理,设备基本信息,Device.DeviceInfo.,,json_seed_and_catalog_existing_group,omcgo/internal/config/parammodel/mmlstandardloader/seeds/cmcc_tdlte_v23.json; omcgo/datamodels/mml-catalog/cmcc-tdlte-v2.3.json,SA,设备信息参数管理,UeInfoUpload,Device.DeviceInfo.UeInfoUpload.,READ_WRITE,BOOLEAN
Device.DeviceInfo.UeInfoUpload.Url,yes,existing_mml_parent_object_group,命中 mmlstandardloader seed/catalog 的现有 object_path 分组；加入 sub_field 后可显示在当前参数树,YES_EXISTING_JSON_PARENT_GROUP,medium,SA,设备信息参数管理,设备基本信息,Device.DeviceInfo.,,json_seed_and_catalog_existing_group,omcgo/internal/config/parammodel/mmlstandardloader/seeds/cmcc_tdlte_v23.json; omcgo/datamodels/mml-catalog/cmcc-tdlte-v2.3.json,SA,设备信息参数管理,UeInfoUpload,Device.DeviceInfo.UeInfoUpload.,READ_WRITE,STRING
Device.DeviceInfo.EU.{i}.AlarmEvent,yes,existing_mml_parent_object_group,命中 mmlstandardloader seed/catalog 的现有 object_path 分组；加入 sub_field 后可显示在当前参数树,YES_EXISTING_JSON_PARENT_GROUP,medium,SA,设备信息参数管理,设备基本信息,Device.DeviceInfo.,,json_seed_and_catalog_existing_group,omcgo/internal/config/parammodel/mmlstandardloader/seeds/cmcc_tdlte_v23.json; omcgo/datamodels/mml-catalog/cmcc-tdlte-v2.3.json,SA,设备信息参数管理,{i},Device.DeviceInfo.EU.{i}.,READ_ONLY,U_INT
Device.DeviceInfo.EU.{i}.DLCRCSum,yes,existing_mml_parent_object_group,命中 mmlstandardloader seed/catalog 的现有 object_path 分组；加入 sub_field 后可显示在当前参数树,YES_EXISTING_JSON_PARENT_GROUP,medium,SA,设备信息参数管理,设备基本信息,Device.DeviceInfo.,,json_seed_and_catalog_existing_group,omcgo/internal/config/parammodel/mmlstandardloader/seeds/cmcc_tdlte_v23.json; omcgo/datamodels/mml-catalog/cmcc-tdlte-v2.3.json,SA,设备信息参数管理,{i},Device.DeviceInfo.EU.{i}.,READ_ONLY,STRING
Device.DeviceInfo.EU.{i}.HardwareVersion,yes,existing_mml_parent_object_group,命中 mmlstandardloader seed/catalog 的现有 object_path 分组；加入 sub_field 后可显示在当前参数树,YES_EXISTING_JSON_PARENT_GROUP,medium,SA,设备信息参数管理,设备基本信息,Device.DeviceInfo.,,json_seed_and_catalog_existing_group,omcgo/internal/config/parammodel/mmlstandardloader/seeds/cmcc_tdlte_v23.json; omcgo/datamodels/mml-catalog/cmcc-tdlte-v2.3.json,SA,设备信息参数管理,{i},Device.DeviceInfo.EU.{i}.,READ_ONLY,STRING
Device.DeviceInfo.EU.{i}.Hop,yes,existing_mml_parent_object_group,命中 mmlstandardloader seed/catalog 的现有 object_path 分组；加入 sub_field 后可显示在当前参数树,YES_EXISTING_JSON_PARENT_GROUP,medium,SA,设备信息参数管理,设备基本信息,Device.DeviceInfo.,,json_seed_and_catalog_existing_group,omcgo/internal/config/parammodel/mmlstandardloader/seeds/cmcc_tdlte_v23.json; omcgo/datamodels/mml-catalog/cmcc-tdlte-v2.3.json,SA,设备信息参数管理,{i},Device.DeviceInfo.EU.{i}.,READ_ONLY,STRING
Device.DeviceInfo.EU.{i}.IpAddress,yes,existing_mml_parent_object_group,命中 mmlstandardloader seed/catalog 的现有 object_path 分组；加入 sub_field 后可显示在当前参数树,YES_EXISTING_JSON_PARENT_GROUP,medium,SA,设备信息参数管理,设备基本信息,Device.DeviceInfo.,,json_seed_and_catalog_existing_group,omcgo/internal/config/parammodel/mmlstandardloader/seeds/cmcc_tdlte_v23.json; omcgo/datamodels/mml-catalog/cmcc-tdlte-v2.3.json,SA,设备信息参数管理,{i},Device.DeviceInfo.EU.{i}.,READ_ONLY,STRING
Device.DeviceInfo.EU.{i}.Mac,yes,existing_mml_parent_object_group,命中 mmlstandardloader seed/catalog 的现有 object_path 分组；加入 sub_field 后可显示在当前参数树,YES_EXISTING_JSON_PARENT_GROUP,medium,SA,设备信息参数管理,设备基本信息,Device.DeviceInfo.,,json_seed_and_catalog_existing_group,omcgo/internal/config/parammodel/mmlstandardloader/seeds/cmcc_tdlte_v23.json; omcgo/datamodels/mml-catalog/cmcc-tdlte-v2.3.json,SA,设备信息参数管理,{i},Device.DeviceInfo.EU.{i}.,READ_ONLY,STRING
Device.DeviceInfo.EU.{i}.ModelName,yes,existing_mml_parent_object_group,命中 mmlstandardloader seed/catalog 的现有 object_path 分组；加入 sub_field 后可显示在当前参数树,YES_EXISTING_JSON_PARENT_GROUP,medium,SA,设备信息参数管理,设备基本信息,Device.DeviceInfo.,,json_seed_and_catalog_existing_group,omcgo/internal/config/parammodel/mmlstandardloader/seeds/cmcc_tdlte_v23.json; omcgo/datamodels/mml-catalog/cmcc-tdlte-v2.3.json,SA,设备信息参数管理,{i},Device.DeviceInfo.EU.{i}.,READ_ONLY,STRING
Device.DeviceInfo.EU.{i}.RU.{i}.AlarmEvent,yes,existing_mml_parent_object_group,命中 mmlstandardloader seed/catalog 的现有 object_path 分组；加入 sub_field 后可显示在当前参数树,YES_EXISTING_JSON_PARENT_GROUP,medium,SA,设备信息参数管理,设备基本信息,Device.DeviceInfo.,,json_seed_and_catalog_existing_group,omcgo/internal/config/parammodel/mmlstandardloader/seeds/cmcc_tdlte_v23.json; omcgo/datamodels/mml-catalog/cmcc-tdlte-v2.3.json,SA,设备信息参数管理,{i},Device.DeviceInfo.EU.{i}.RU.{i}.,READ_ONLY,U_INT
Device.DeviceInfo.EU.{i}.RU.{i}.DLCRCSum,yes,existing_mml_parent_object_group,命中 mmlstandardloader seed/catalog 的现有 object_path 分组；加入 sub_field 后可显示在当前参数树,YES_EXISTING_JSON_PARENT_GROUP,medium,SA,设备信息参数管理,设备基本信息,Device.DeviceInfo.,,json_seed_and_catalog_existing_group,omcgo/internal/config/parammodel/mmlstandardloader/seeds/cmcc_tdlte_v23.json; omcgo/datamodels/mml-catalog/cmcc-tdlte-v2.3.json,SA,设备信息参数管理,{i},Device.DeviceInfo.EU.{i}.RU.{i}.,READ_ONLY,STRING
Device.DeviceInfo.EU.{i}.RU.{i}.Distance,yes,existing_mml_parent_object_group,命中 mmlstandardloader seed/catalog 的现有 object_path 分组；加入 sub_field 后可显示在当前参数树,YES_EXISTING_JSON_PARENT_GROUP,medium,SA,设备信息参数管理,设备基本信息,Device.DeviceInfo.,,json_seed_and_catalog_existing_group,omcgo/internal/config/parammodel/mmlstandardloader/seeds/cmcc_tdlte_v23.json; omcgo/datamodels/mml-catalog/cmcc-tdlte-v2.3.json,SA,设备信息参数管理,{i},Device.DeviceInfo.EU.{i}.RU.{i}.,READ_ONLY,STRING
Device.DeviceInfo.EU.{i}.RU.{i}.HardwareVersion,yes,existing_mml_parent_object_group,命中 mmlstandardloader seed/catalog 的现有 object_path 分组；加入 sub_field 后可显示在当前参数树,YES_EXISTING_JSON_PARENT_GROUP,medium,SA,设备信息参数管理,设备基本信息,Device.DeviceInfo.,,json_seed_and_catalog_existing_group,omcgo/internal/config/parammodel/mmlstandardloader/seeds/cmcc_tdlte_v23.json; omcgo/datamodels/mml-catalog/cmcc-tdlte-v2.3.json,SA,设备信息参数管理,{i},Device.DeviceInfo.EU.{i}.RU.{i}.,READ_ONLY,STRING
Device.DeviceInfo.EU.{i}.RU.{i}.Hop,yes,existing_mml_parent_object_group,命中 mmlstandardloader seed/catalog 的现有 object_path 分组；加入 sub_field 后可显示在当前参数树,YES_EXISTING_JSON_PARENT_GROUP,medium,SA,设备信息参数管理,设备基本信息,Device.DeviceInfo.,,json_seed_and_catalog_existing_group,omcgo/internal/config/parammodel/mmlstandardloader/seeds/cmcc_tdlte_v23.json; omcgo/datamodels/mml-catalog/cmcc-tdlte-v2.3.json,SA,设备信息参数管理,{i},Device.DeviceInfo.EU.{i}.RU.{i}.,READ_ONLY,U_INT
Device.DeviceInfo.EU.{i}.RU.{i}.IpAddress,yes,existing_mml_parent_object_group,命中 mmlstandardloader seed/catalog 的现有 object_path 分组；加入 sub_field 后可显示在当前参数树,YES_EXISTING_JSON_PARENT_GROUP,medium,SA,设备信息参数管理,设备基本信息,Device.DeviceInfo.,,json_seed_and_catalog_existing_group,omcgo/internal/config/parammodel/mmlstandardloader/seeds/cmcc_tdlte_v23.json; omcgo/datamodels/mml-catalog/cmcc-tdlte-v2.3.json,SA,设备信息参数管理,{i},Device.DeviceInfo.EU.{i}.RU.{i}.,READ_ONLY,STRING
Device.DeviceInfo.EU.{i}.RU.{i}.LTECell.{i}.ECI,yes,existing_mml_parent_object_group,命中 mmlstandardloader seed/catalog 的现有 object_path 分组；加入 sub_field 后可显示在当前参数树,YES_EXISTING_JSON_PARENT_GROUP,medium,SA,设备信息参数管理,设备基本信息,Device.DeviceInfo.,,json_seed_and_catalog_existing_group,omcgo/internal/config/parammodel/mmlstandardloader/seeds/cmcc_tdlte_v23.json; omcgo/datamodels/mml-catalog/cmcc-tdlte-v2.3.json,SA,设备信息参数管理,{i},Device.DeviceInfo.EU.{i}.RU.{i}.LTECell.{i}.,READ_WRITE,U_INT
Device.DeviceInfo.EU.{i}.RU.{i}.Mac,yes,existing_mml_parent_object_group,命中 mmlstandardloader seed/catalog 的现有 object_path 分组；加入 sub_field 后可显示在当前参数树,YES_EXISTING_JSON_PARENT_GROUP,medium,SA,设备信息参数管理,设备基本信息,Device.DeviceInfo.,,json_seed_and_catalog_existing_group,omcgo/internal/config/parammodel/mmlstandardloader/seeds/cmcc_tdlte_v23.json; omcgo/datamodels/mml-catalog/cmcc-tdlte-v2.3.json,SA,设备信息参数管理,{i},Device.DeviceInfo.EU.{i}.RU.{i}.,READ_ONLY,STRING
Device.DeviceInfo.EU.{i}.RU.{i}.MaxTxPower,yes,existing_mml_parent_object_group,命中 mmlstandardloader seed/catalog 的现有 object_path 分组；加入 sub_field 后可显示在当前参数树,YES_EXISTING_JSON_PARENT_GROUP,medium,SA,设备信息参数管理,设备基本信息,Device.DeviceInfo.,,json_seed_and_catalog_existing_group,omcgo/internal/config/parammodel/mmlstandardloader/seeds/cmcc_tdlte_v23.json; omcgo/datamodels/mml-catalog/cmcc-tdlte-v2.3.json,SA,设备信息参数管理,{i},Device.DeviceInfo.EU.{i}.RU.{i}.,READ_WRITE,U_INT
Device.DeviceInfo.EU.{i}.RU.{i}.ModelName,yes,existing_mml_parent_object_group,命中 mmlstandardloader seed/catalog 的现有 object_path 分组；加入 sub_field 后可显示在当前参数树,YES_EXISTING_JSON_PARENT_GROUP,medium,SA,设备信息参数管理,设备基本信息,Device.DeviceInfo.,,json_seed_and_catalog_existing_group,omcgo/internal/config/parammodel/mmlstandardloader/seeds/cmcc_tdlte_v23.json; omcgo/datamodels/mml-catalog/cmcc-tdlte-v2.3.json,SA,设备信息参数管理,{i},Device.DeviceInfo.EU.{i}.RU.{i}.,READ_ONLY,STRING
Device.DeviceInfo.EU.{i}.RU.{i}.RFTxStatus,yes,existing_mml_parent_object_group,命中 mmlstandardloader seed/catalog 的现有 object_path 分组；加入 sub_field 后可显示在当前参数树,YES_EXISTING_JSON_PARENT_GROUP,medium,SA,设备信息参数管理,设备基本信息,Device.DeviceInfo.,,json_seed_and_catalog_existing_group,omcgo/internal/config/parammodel/mmlstandardloader/seeds/cmcc_tdlte_v23.json; omcgo/datamodels/mml-catalog/cmcc-tdlte-v2.3.json,SA,设备信息参数管理,{i},Device.DeviceInfo.EU.{i}.RU.{i}.,READ_WRITE,BOOLEAN
Device.DeviceInfo.EU.{i}.RU.{i}.Reboot,yes,existing_mml_parent_object_group,命中 mmlstandardloader seed/catalog 的现有 object_path 分组；加入 sub_field 后可显示在当前参数树,YES_EXISTING_JSON_PARENT_GROUP,medium,SA,设备信息参数管理,设备基本信息,Device.DeviceInfo.,,json_seed_and_catalog_existing_group,omcgo/internal/config/parammodel/mmlstandardloader/seeds/cmcc_tdlte_v23.json; omcgo/datamodels/mml-catalog/cmcc-tdlte-v2.3.json,SA,设备信息参数管理,{i},Device.DeviceInfo.EU.{i}.RU.{i}.,READ_WRITE,BOOLEAN
Device.DeviceInfo.EU.{i}.RU.{i}.RouteIndex,yes,existing_mml_parent_object_group,命中 mmlstandardloader seed/catalog 的现有 object_path 分组；加入 sub_field 后可显示在当前参数树,YES_EXISTING_JSON_PARENT_GROUP,medium,SA,设备信息参数管理,设备基本信息,Device.DeviceInfo.,,json_seed_and_catalog_existing_group,omcgo/internal/config/parammodel/mmlstandardloader/seeds/cmcc_tdlte_v23.json; omcgo/datamodels/mml-catalog/cmcc-tdlte-v2.3.json,SA,设备信息参数管理,{i},Device.DeviceInfo.EU.{i}.RU.{i}.,READ_ONLY,STRING
Device.DeviceInfo.EU.{i}.RU.{i}.SerialNumber,yes,existing_mml_parent_object_group,命中 mmlstandardloader seed/catalog 的现有 object_path 分组；加入 sub_field 后可显示在当前参数树,YES_EXISTING_JSON_PARENT_GROUP,medium,SA,设备信息参数管理,设备基本信息,Device.DeviceInfo.,,json_seed_and_catalog_existing_group,omcgo/internal/config/parammodel/mmlstandardloader/seeds/cmcc_tdlte_v23.json; omcgo/datamodels/mml-catalog/cmcc-tdlte-v2.3.json,SA,设备信息参数管理,{i},Device.DeviceInfo.EU.{i}.RU.{i}.,READ_ONLY,STRING
Device.DeviceInfo.EU.{i}.RU.{i}.SoftwareVersion,yes,existing_mml_parent_object_group,命中 mmlstandardloader seed/catalog 的现有 object_path 分组；加入 sub_field 后可显示在当前参数树,YES_EXISTING_JSON_PARENT_GROUP,medium,SA,设备信息参数管理,设备基本信息,Device.DeviceInfo.,,json_seed_and_catalog_existing_group,omcgo/internal/config/parammodel/mmlstandardloader/seeds/cmcc_tdlte_v23.json; omcgo/datamodels/mml-catalog/cmcc-tdlte-v2.3.json,SA,设备信息参数管理,{i},Device.DeviceInfo.EU.{i}.RU.{i}.,READ_ONLY,STRING
Device.DeviceInfo.EU.{i}.RU.{i}.Status,yes,existing_mml_parent_object_group,命中 mmlstandardloader seed/catalog 的现有 object_path 分组；加入 sub_field 后可显示在当前参数树,YES_EXISTING_JSON_PARENT_GROUP,medium,SA,设备信息参数管理,设备基本信息,Device.DeviceInfo.,,json_seed_and_catalog_existing_group,omcgo/internal/config/parammodel/mmlstandardloader/seeds/cmcc_tdlte_v23.json; omcgo/datamodels/mml-catalog/cmcc-tdlte-v2.3.json,SA,设备信息参数管理,{i},Device.DeviceInfo.EU.{i}.RU.{i}.,READ_ONLY,U_INT
Device.DeviceInfo.EU.{i}.RU.{i}.Type,yes,existing_mml_parent_object_group,命中 mmlstandardloader seed/catalog 的现有 object_path 分组；加入 sub_field 后可显示在当前参数树,YES_EXISTING_JSON_PARENT_GROUP,medium,SA,设备信息参数管理,设备基本信息,Device.DeviceInfo.,,json_seed_and_catalog_existing_group,omcgo/internal/config/parammodel/mmlstandardloader/seeds/cmcc_tdlte_v23.json; omcgo/datamodels/mml-catalog/cmcc-tdlte-v2.3.json,SA,设备信息参数管理,{i},Device.DeviceInfo.EU.{i}.RU.{i}.,READ_ONLY,U_INT
Device.DeviceInfo.EU.{i}.RU.{i}.ULCRCSum,yes,existing_mml_parent_object_group,命中 mmlstandardloader seed/catalog 的现有 object_path 分组；加入 sub_field 后可显示在当前参数树,YES_EXISTING_JSON_PARENT_GROUP,medium,SA,设备信息参数管理,设备基本信息,Device.DeviceInfo.,,json_seed_and_catalog_existing_group,omcgo/internal/config/parammodel/mmlstandardloader/seeds/cmcc_tdlte_v23.json; omcgo/datamodels/mml-catalog/cmcc-tdlte-v2.3.json,SA,设备信息参数管理,{i},Device.DeviceInfo.EU.{i}.RU.{i}.,READ_ONLY,STRING
Device.DeviceInfo.EU.{i}.RU.{i}.UMTSPA,yes,existing_mml_parent_object_group,命中 mmlstandardloader seed/catalog 的现有 object_path 分组；加入 sub_field 后可显示在当前参数树,YES_EXISTING_JSON_PARENT_GROUP,medium,SA,设备信息参数管理,设备基本信息,Device.DeviceInfo.,,json_seed_and_catalog_existing_group,omcgo/internal/config/parammodel/mmlstandardloader/seeds/cmcc_tdlte_v23.json; omcgo/datamodels/mml-catalog/cmcc-tdlte-v2.3.json,SA,设备信息参数管理,{i},Device.DeviceInfo.EU.{i}.RU.{i}.,READ_WRITE,BOOLEAN
Device.DeviceInfo.EU.{i}.RU.{i}.UMTSTargetPower,yes,existing_mml_parent_object_group,命中 mmlstandardloader seed/catalog 的现有 object_path 分组；加入 sub_field 后可显示在当前参数树,YES_EXISTING_JSON_PARENT_GROUP,medium,SA,设备信息参数管理,设备基本信息,Device.DeviceInfo.,,json_seed_and_catalog_existing_group,omcgo/internal/config/parammodel/mmlstandardloader/seeds/cmcc_tdlte_v23.json; omcgo/datamodels/mml-catalog/cmcc-tdlte-v2.3.json,SA,设备信息参数管理,{i},Device.DeviceInfo.EU.{i}.RU.{i}.,READ_WRITE,U_INT
Device.DeviceInfo.EU.{i}.Reboot,yes,existing_mml_parent_object_group,命中 mmlstandardloader seed/catalog 的现有 object_path 分组；加入 sub_field 后可显示在当前参数树,YES_EXISTING_JSON_PARENT_GROUP,medium,SA,设备信息参数管理,设备基本信息,Device.DeviceInfo.,,json_seed_and_catalog_existing_group,omcgo/internal/config/parammodel/mmlstandardloader/seeds/cmcc_tdlte_v23.json; omcgo/datamodels/mml-catalog/cmcc-tdlte-v2.3.json,SA,设备信息参数管理,{i},Device.DeviceInfo.EU.{i}.,READ_WRITE,BOOLEAN
Device.DeviceInfo.EU.{i}.RouteIndex,yes,existing_mml_parent_object_group,命中 mmlstandardloader seed/catalog 的现有 object_path 分组；加入 sub_field 后可显示在当前参数树,YES_EXISTING_JSON_PARENT_GROUP,medium,SA,设备信息参数管理,设备基本信息,Device.DeviceInfo.,,json_seed_and_catalog_existing_group,omcgo/internal/config/parammodel/mmlstandardloader/seeds/cmcc_tdlte_v23.json; omcgo/datamodels/mml-catalog/cmcc-tdlte-v2.3.json,SA,设备信息参数管理,{i},Device.DeviceInfo.EU.{i}.,READ_ONLY,STRING
Device.DeviceInfo.EU.{i}.SerialNumber,yes,existing_mml_parent_object_group,命中 mmlstandardloader seed/catalog 的现有 object_path 分组；加入 sub_field 后可显示在当前参数树,YES_EXISTING_JSON_PARENT_GROUP,medium,SA,设备信息参数管理,设备基本信息,Device.DeviceInfo.,,json_seed_and_catalog_existing_group,omcgo/internal/config/parammodel/mmlstandardloader/seeds/cmcc_tdlte_v23.json; omcgo/datamodels/mml-catalog/cmcc-tdlte-v2.3.json,SA,设备信息参数管理,{i},Device.DeviceInfo.EU.{i}.,READ_ONLY,STRING
Device.DeviceInfo.EU.{i}.SoftwareVersion,yes,existing_mml_parent_object_group,命中 mmlstandardloader seed/catalog 的现有 object_path 分组；加入 sub_field 后可显示在当前参数树,YES_EXISTING_JSON_PARENT_GROUP,medium,SA,设备信息参数管理,设备基本信息,Device.DeviceInfo.,,json_seed_and_catalog_existing_group,omcgo/internal/config/parammodel/mmlstandardloader/seeds/cmcc_tdlte_v23.json; omcgo/datamodels/mml-catalog/cmcc-tdlte-v2.3.json,SA,设备信息参数管理,{i},Device.DeviceInfo.EU.{i}.,READ_ONLY,STRING
Device.DeviceInfo.EU.{i}.Status,yes,existing_mml_parent_object_group,命中 mmlstandardloader seed/catalog 的现有 object_path 分组；加入 sub_field 后可显示在当前参数树,YES_EXISTING_JSON_PARENT_GROUP,medium,SA,设备信息参数管理,设备基本信息,Device.DeviceInfo.,,json_seed_and_catalog_existing_group,omcgo/internal/config/parammodel/mmlstandardloader/seeds/cmcc_tdlte_v23.json; omcgo/datamodels/mml-catalog/cmcc-tdlte-v2.3.json,SA,设备信息参数管理,{i},Device.DeviceInfo.EU.{i}.,READ_ONLY,U_INT
Device.DeviceInfo.EU.{i}.Type,yes,existing_mml_parent_object_group,命中 mmlstandardloader seed/catalog 的现有 object_path 分组；加入 sub_field 后可显示在当前参数树,YES_EXISTING_JSON_PARENT_GROUP,medium,SA,设备信息参数管理,设备基本信息,Device.DeviceInfo.,,json_seed_and_catalog_existing_group,omcgo/internal/config/parammodel/mmlstandardloader/seeds/cmcc_tdlte_v23.json; omcgo/datamodels/mml-catalog/cmcc-tdlte-v2.3.json,SA,设备信息参数管理,{i},Device.DeviceInfo.EU.{i}.,READ_ONLY,U_INT
Device.DeviceInfo.EU.{i}.ULCRCSum,yes,existing_mml_parent_object_group,命中 mmlstandardloader seed/catalog 的现有 object_path 分组；加入 sub_field 后可显示在当前参数树,YES_EXISTING_JSON_PARENT_GROUP,medium,SA,设备信息参数管理,设备基本信息,Device.DeviceInfo.,,json_seed_and_catalog_existing_group,omcgo/internal/config/parammodel/mmlstandardloader/seeds/cmcc_tdlte_v23.json; omcgo/datamodels/mml-catalog/cmcc-tdlte-v2.3.json,SA,设备信息参数管理,{i},Device.DeviceInfo.EU.{i}.,READ_ONLY,STRING
Device.DeviceInfo.RU.{i}.HardwareVersion,yes,existing_mml_parent_object_group,命中 mmlstandardloader seed/catalog 的现有 object_path 分组；加入 sub_field 后可显示在当前参数树,YES_EXISTING_JSON_PARENT_GROUP,medium,SA,设备信息参数管理,设备基本信息,Device.DeviceInfo.,,json_seed_and_catalog_existing_group,omcgo/internal/config/parammodel/mmlstandardloader/seeds/cmcc_tdlte_v23.json; omcgo/datamodels/mml-catalog/cmcc-tdlte-v2.3.json,SA,设备信息参数管理,{i},Device.DeviceInfo.RU.{i}.,READ_ONLY,STRING
Device.DeviceInfo.RU.{i}.IpAddress,yes,existing_mml_parent_object_group,命中 mmlstandardloader seed/catalog 的现有 object_path 分组；加入 sub_field 后可显示在当前参数树,YES_EXISTING_JSON_PARENT_GROUP,medium,SA,设备信息参数管理,设备基本信息,Device.DeviceInfo.,,json_seed_and_catalog_existing_group,omcgo/internal/config/parammodel/mmlstandardloader/seeds/cmcc_tdlte_v23.json; omcgo/datamodels/mml-catalog/cmcc-tdlte-v2.3.json,SA,设备信息参数管理,{i},Device.DeviceInfo.RU.{i}.,READ_ONLY,STRING
Device.DeviceInfo.RU.{i}.MaxTxPower,yes,existing_mml_parent_object_group,命中 mmlstandardloader seed/catalog 的现有 object_path 分组；加入 sub_field 后可显示在当前参数树,YES_EXISTING_JSON_PARENT_GROUP,medium,SA,设备信息参数管理,设备基本信息,Device.DeviceInfo.,,json_seed_and_catalog_existing_group,omcgo/internal/config/parammodel/mmlstandardloader/seeds/cmcc_tdlte_v23.json; omcgo/datamodels/mml-catalog/cmcc-tdlte-v2.3.json,SA,设备信息参数管理,{i},Device.DeviceInfo.RU.{i}.,READ_WRITE,INT
Device.DeviceInfo.RU.{i}.ModelName,yes,existing_mml_parent_object_group,命中 mmlstandardloader seed/catalog 的现有 object_path 分组；加入 sub_field 后可显示在当前参数树,YES_EXISTING_JSON_PARENT_GROUP,medium,SA,设备信息参数管理,设备基本信息,Device.DeviceInfo.,,json_seed_and_catalog_existing_group,omcgo/internal/config/parammodel/mmlstandardloader/seeds/cmcc_tdlte_v23.json; omcgo/datamodels/mml-catalog/cmcc-tdlte-v2.3.json,SA,设备信息参数管理,{i},Device.DeviceInfo.RU.{i}.,READ_ONLY,STRING
Device.DeviceInfo.RU.{i}.RFTxStatus,yes,existing_mml_parent_object_group,命中 mmlstandardloader seed/catalog 的现有 object_path 分组；加入 sub_field 后可显示在当前参数树,YES_EXISTING_JSON_PARENT_GROUP,medium,SA,设备信息参数管理,设备基本信息,Device.DeviceInfo.,,json_seed_and_catalog_existing_group,omcgo/internal/config/parammodel/mmlstandardloader/seeds/cmcc_tdlte_v23.json; omcgo/datamodels/mml-catalog/cmcc-tdlte-v2.3.json,SA,设备信息参数管理,{i},Device.DeviceInfo.RU.{i}.,READ_WRITE,BOOLEAN
Device.DeviceInfo.RU.{i}.RUWithCellRelation,yes,existing_mml_parent_object_group,命中 mmlstandardloader seed/catalog 的现有 object_path 分组；加入 sub_field 后可显示在当前参数树,YES_EXISTING_JSON_PARENT_GROUP,medium,SA,设备信息参数管理,设备基本信息,Device.DeviceInfo.,,json_seed_and_catalog_existing_group,omcgo/internal/config/parammodel/mmlstandardloader/seeds/cmcc_tdlte_v23.json; omcgo/datamodels/mml-catalog/cmcc-tdlte-v2.3.json,SA,设备信息参数管理,{i},Device.DeviceInfo.RU.{i}.,READ_WRITE,STRING
Device.DeviceInfo.RU.{i}.Reboot,yes,existing_mml_parent_object_group,命中 mmlstandardloader seed/catalog 的现有 object_path 分组；加入 sub_field 后可显示在当前参数树,YES_EXISTING_JSON_PARENT_GROUP,medium,SA,设备信息参数管理,设备基本信息,Device.DeviceInfo.,,json_seed_and_catalog_existing_group,omcgo/internal/config/parammodel/mmlstandardloader/seeds/cmcc_tdlte_v23.json; omcgo/datamodels/mml-catalog/cmcc-tdlte-v2.3.json,SA,设备信息参数管理,{i},Device.DeviceInfo.RU.{i}.,READ_WRITE,BOOLEAN
Device.DeviceInfo.RU.{i}.RouteIndex,yes,existing_mml_parent_object_group,命中 mmlstandardloader seed/catalog 的现有 object_path 分组；加入 sub_field 后可显示在当前参数树,YES_EXISTING_JSON_PARENT_GROUP,medium,SA,设备信息参数管理,设备基本信息,Device.DeviceInfo.,,json_seed_and_catalog_existing_group,omcgo/internal/config/parammodel/mmlstandardloader/seeds/cmcc_tdlte_v23.json; omcgo/datamodels/mml-catalog/cmcc-tdlte-v2.3.json,SA,设备信息参数管理,{i},Device.DeviceInfo.RU.{i}.,READ_ONLY,STRING
Device.DeviceInfo.RU.{i}.SerialNumber,yes,existing_mml_parent_object_group,命中 mmlstandardloader seed/catalog 的现有 object_path 分组；加入 sub_field 后可显示在当前参数树,YES_EXISTING_JSON_PARENT_GROUP,medium,SA,设备信息参数管理,设备基本信息,Device.DeviceInfo.,,json_seed_and_catalog_existing_group,omcgo/internal/config/parammodel/mmlstandardloader/seeds/cmcc_tdlte_v23.json; omcgo/datamodels/mml-catalog/cmcc-tdlte-v2.3.json,SA,设备信息参数管理,{i},Device.DeviceInfo.RU.{i}.,READ_ONLY,STRING
Device.DeviceInfo.RU.{i}.SoftwareVersion,yes,existing_mml_parent_object_group,命中 mmlstandardloader seed/catalog 的现有 object_path 分组；加入 sub_field 后可显示在当前参数树,YES_EXISTING_JSON_PARENT_GROUP,medium,SA,设备信息参数管理,设备基本信息,Device.DeviceInfo.,,json_seed_and_catalog_existing_group,omcgo/internal/config/parammodel/mmlstandardloader/seeds/cmcc_tdlte_v23.json; omcgo/datamodels/mml-catalog/cmcc-tdlte-v2.3.json,SA,设备信息参数管理,{i},Device.DeviceInfo.RU.{i}.,READ_ONLY,STRING
Device.DeviceInfo.RU.{i}.SwUpgradeFailCause,yes,existing_mml_parent_object_group,命中 mmlstandardloader seed/catalog 的现有 object_path 分组；加入 sub_field 后可显示在当前参数树,YES_EXISTING_JSON_PARENT_GROUP,medium,SA,设备信息参数管理,设备基本信息,Device.DeviceInfo.,,json_seed_and_catalog_existing_group,omcgo/internal/config/parammodel/mmlstandardloader/seeds/cmcc_tdlte_v23.json; omcgo/datamodels/mml-catalog/cmcc-tdlte-v2.3.json,SA,设备信息参数管理,{i},Device.DeviceInfo.RU.{i}.,READ_ONLY,STRING
Device.DeviceInfo.RU.{i}.SwUpgradeStage,yes,existing_mml_parent_object_group,命中 mmlstandardloader seed/catalog 的现有 object_path 分组；加入 sub_field 后可显示在当前参数树,YES_EXISTING_JSON_PARENT_GROUP,medium,SA,设备信息参数管理,设备基本信息,Device.DeviceInfo.,,json_seed_and_catalog_existing_group,omcgo/internal/config/parammodel/mmlstandardloader/seeds/cmcc_tdlte_v23.json; omcgo/datamodels/mml-catalog/cmcc-tdlte-v2.3.json,SA,设备信息参数管理,{i},Device.DeviceInfo.RU.{i}.,READ_ONLY,STRING
Device.DeviceInfo.RU.{i}.SwUpgradeStatus,yes,existing_mml_parent_object_group,命中 mmlstandardloader seed/catalog 的现有 object_path 分组；加入 sub_field 后可显示在当前参数树,YES_EXISTING_JSON_PARENT_GROUP,medium,SA,设备信息参数管理,设备基本信息,Device.DeviceInfo.,,json_seed_and_catalog_existing_group,omcgo/internal/config/parammodel/mmlstandardloader/seeds/cmcc_tdlte_v23.json; omcgo/datamodels/mml-catalog/cmcc-tdlte-v2.3.json,SA,设备信息参数管理,{i},Device.DeviceInfo.RU.{i}.,READ_ONLY,STRING
Device.DeviceInfo.{i}.UE_Count,yes,direct_existing_mml_group,同 target_group_code 已有 MML 参数，属于当前参数树分组,YES_SAME_EXISTING_GROUP_CODE,high,SA,设备信息参数管理,设备基本信息,Device.DeviceInfo.,DEVICE_DEVICEINFO,existing_mml_group_code_from_analysis,omcgo/data/model-library/standard-params-to-mml-tree-analysis-20260703.detail.csv,SA,设备信息参数管理,{i},Device.DeviceInfo.{i}.,READ_ONLY,INT
Device.ManagementServer.sslStatus.endDate,yes,existing_mml_parent_object_group,命中 mmlstandardloader seed/catalog 的现有 object_path 分组；加入 sub_field 后可显示在当前参数树,YES_EXISTING_JSON_PARENT_GROUP,medium,SC,基站网管参数管理,基站网管连接,Device.ManagementServer.,,json_seed_and_catalog_existing_group,omcgo/internal/config/parammodel/mmlstandardloader/seeds/cmcc_tdlte_v23.json; omcgo/datamodels/mml-catalog/cmcc-tdlte-v2.3.json,SC,基站网管参数管理,sslStatus,Device.ManagementServer.sslStatus.,READ_ONLY,STRING
Device.ManagementServer.sslStatus.startDate,yes,existing_mml_parent_object_group,命中 mmlstandardloader seed/catalog 的现有 object_path 分组；加入 sub_field 后可显示在当前参数树,YES_EXISTING_JSON_PARENT_GROUP,medium,SC,基站网管参数管理,基站网管连接,Device.ManagementServer.,,json_seed_and_catalog_existing_group,omcgo/internal/config/parammodel/mmlstandardloader/seeds/cmcc_tdlte_v23.json; omcgo/datamodels/mml-catalog/cmcc-tdlte-v2.3.json,SC,基站网管参数管理,sslStatus,Device.ManagementServer.sslStatus.,READ_ONLY,STRING
Device.Services.FAPService.{i}.FAPControl.NR.AMFPoolConfigParam.{i},yes,existing_mml_parent_object_group,命中 mmlstandardloader seed/catalog 的现有 object_path 分组；加入 sub_field 后可显示在当前参数树,YES_EXISTING_JSON_PARENT_GROUP,medium,SF,小区服务参数管理（总体）,FAP 载波基本配置,Device.Services.FAPService.{i}.,,json_seed_and_catalog_existing_group,omcgo/internal/config/parammodel/mmlstandardloader/seeds/cmcc_tdlte_v23.json; omcgo/datamodels/mml-catalog/cmcc-tdlte-v2.3.json,SF,小区服务参数管理,AMFPoolConfigParam,Device.Services.FAPService.{i}.FAPControl.NR.AMFPoolConfigParam.,READ_WRITE,STRING
Device.Services.FAPService.{i}.X_COM.LTE.ANR.AnrA3Offset,yes,existing_mml_parent_object_group,命中 mmlstandardloader seed/catalog 的现有 object_path 分组；加入 sub_field 后可显示在当前参数树,YES_EXISTING_JSON_PARENT_GROUP,medium,SF,小区服务参数管理（总体）,FAP 载波基本配置,Device.Services.FAPService.{i}.,,json_seed_and_catalog_existing_group,omcgo/internal/config/parammodel/mmlstandardloader/seeds/cmcc_tdlte_v23.json; omcgo/datamodels/mml-catalog/cmcc-tdlte-v2.3.json,SF,小区服务参数管理,ANR,Device.Services.FAPService.{i}.X_COM.LTE.ANR.,READ_WRITE,STRING
Device.Services.FAPService.{i}.X_COM.LTE.ANR.AnrReportCfgVal,yes,existing_mml_parent_object_group,命中 mmlstandardloader seed/catalog 的现有 object_path 分组；加入 sub_field 后可显示在当前参数树,YES_EXISTING_JSON_PARENT_GROUP,medium,SF,小区服务参数管理（总体）,FAP 载波基本配置,Device.Services.FAPService.{i}.,,json_seed_and_catalog_existing_group,omcgo/internal/config/parammodel/mmlstandardloader/seeds/cmcc_tdlte_v23.json; omcgo/datamodels/mml-catalog/cmcc-tdlte-v2.3.json,SF,小区服务参数管理,ANR,Device.Services.FAPService.{i}.X_COM.LTE.ANR.,READ_WRITE,STRING
Device.Services.FAPService.{i}.X_COM.LTE.ANR.InterAnrA5Threshold1RSRP,yes,existing_mml_parent_object_group,命中 mmlstandardloader seed/catalog 的现有 object_path 分组；加入 sub_field 后可显示在当前参数树,YES_EXISTING_JSON_PARENT_GROUP,medium,SF,小区服务参数管理（总体）,FAP 载波基本配置,Device.Services.FAPService.{i}.,,json_seed_and_catalog_existing_group,omcgo/internal/config/parammodel/mmlstandardloader/seeds/cmcc_tdlte_v23.json; omcgo/datamodels/mml-catalog/cmcc-tdlte-v2.3.json,SF,小区服务参数管理,ANR,Device.Services.FAPService.{i}.X_COM.LTE.ANR.,READ_WRITE,STRING
Device.Services.FAPService.{i}.X_COM.LTE.ANR.InterAnrA5Threshold2RSRP,yes,existing_mml_parent_object_group,命中 mmlstandardloader seed/catalog 的现有 object_path 分组；加入 sub_field 后可显示在当前参数树,YES_EXISTING_JSON_PARENT_GROUP,medium,SF,小区服务参数管理（总体）,FAP 载波基本配置,Device.Services.FAPService.{i}.,,json_seed_and_catalog_existing_group,omcgo/internal/config/parammodel/mmlstandardloader/seeds/cmcc_tdlte_v23.json; omcgo/datamodels/mml-catalog/cmcc-tdlte-v2.3.json,SF,小区服务参数管理,ANR,Device.Services.FAPService.{i}.X_COM.LTE.ANR.,READ_WRITE,STRING
Device.Services.FAPService.{i}.FAPControl.CONFIG_STATS_FLOW.STATS_FLOW_SWITCH,yes,existing_mml_parent_object_group,命中 mmlstandardloader seed/catalog 的现有 object_path 分组；加入 sub_field 后可显示在当前参数树,YES_EXISTING_JSON_PARENT_GROUP,medium,SF,小区服务参数管理（总体）,FAP 载波基本配置,Device.Services.FAPService.{i}.,,json_seed_and_catalog_existing_group,omcgo/internal/config/parammodel/mmlstandardloader/seeds/cmcc_tdlte_v23.json; omcgo/datamodels/mml-catalog/cmcc-tdlte-v2.3.json,SF,小区服务参数管理,CONFIG_STATS_FLOW,Device.Services.FAPService.{i}.FAPControl.CONFIG_STATS_FLOW.,READ_WRITE,BOOLEAN
Device.Services.FAPService.{i}.FAPControl.CONFIG_STATS_FLOW.STATS_FLOW_UPLOAD_ADDRESS,yes,existing_mml_parent_object_group,命中 mmlstandardloader seed/catalog 的现有 object_path 分组；加入 sub_field 后可显示在当前参数树,YES_EXISTING_JSON_PARENT_GROUP,medium,SF,小区服务参数管理（总体）,FAP 载波基本配置,Device.Services.FAPService.{i}.,,json_seed_and_catalog_existing_group,omcgo/internal/config/parammodel/mmlstandardloader/seeds/cmcc_tdlte_v23.json; omcgo/datamodels/mml-catalog/cmcc-tdlte-v2.3.json,SF,小区服务参数管理,CONFIG_STATS_FLOW,Device.Services.FAPService.{i}.FAPControl.CONFIG_STATS_FLOW.,READ_WRITE,STRING
Device.Services.FAPService.{i}.FAPControl.CONFIG_STATS_FLOW.STATS_FLOW_UPLOAD_INTERVAL,yes,existing_mml_parent_object_group,命中 mmlstandardloader seed/catalog 的现有 object_path 分组；加入 sub_field 后可显示在当前参数树,YES_EXISTING_JSON_PARENT_GROUP,medium,SF,小区服务参数管理（总体）,FAP 载波基本配置,Device.Services.FAPService.{i}.,,json_seed_and_catalog_existing_group,omcgo/internal/config/parammodel/mmlstandardloader/seeds/cmcc_tdlte_v23.json; omcgo/datamodels/mml-catalog/cmcc-tdlte-v2.3.json,SF,小区服务参数管理,CONFIG_STATS_FLOW,Device.Services.FAPService.{i}.FAPControl.CONFIG_STATS_FLOW.,READ_WRITE,INT
Device.Services.FAPService.{i}.FAPControl.LTE.LICENSE.Capacity.{i},yes,existing_mml_parent_object_group,命中 mmlstandardloader seed/catalog 的现有 object_path 分组；加入 sub_field 后可显示在当前参数树,YES_EXISTING_JSON_PARENT_GROUP,medium,SF,小区服务参数管理（总体）,FAP 载波基本配置,Device.Services.FAPService.{i}.,,json_seed_and_catalog_existing_group,omcgo/internal/config/parammodel/mmlstandardloader/seeds/cmcc_tdlte_v23.json; omcgo/datamodels/mml-catalog/cmcc-tdlte-v2.3.json,SF,小区服务参数管理,Capacity,Device.Services.FAPService.{i}.FAPControl.LTE.LICENSE.Capacity.,READ_ONLY,STRING
Device.Services.FAPService.{i}.FAPControl.NR.DscpList.{i},yes,existing_mml_parent_object_group,命中 mmlstandardloader seed/catalog 的现有 object_path 分组；加入 sub_field 后可显示在当前参数树,YES_EXISTING_JSON_PARENT_GROUP,medium,SF,小区服务参数管理（总体）,FAP 载波基本配置,Device.Services.FAPService.{i}.,,json_seed_and_catalog_existing_group,omcgo/internal/config/parammodel/mmlstandardloader/seeds/cmcc_tdlte_v23.json; omcgo/datamodels/mml-catalog/cmcc-tdlte-v2.3.json,SF,小区服务参数管理,DscpList,Device.Services.FAPService.{i}.FAPControl.NR.DscpList.,READ_WRITE,STRING
Device.Services.FAPService.{i}.CellConfig.{i}.NR.Duf1uLog.Duf1uLogLevel,yes,existing_mml_parent_object_group,命中 mmlstandardloader seed/catalog 的现有 object_path 分组；加入 sub_field 后可显示在当前参数树,YES_EXISTING_JSON_PARENT_GROUP,medium,SF,小区服务参数管理（总体）,FAP 载波基本配置,Device.Services.FAPService.{i}.,,json_seed_and_catalog_existing_group,omcgo/internal/config/parammodel/mmlstandardloader/seeds/cmcc_tdlte_v23.json; omcgo/datamodels/mml-catalog/cmcc-tdlte-v2.3.json,SF,小区服务参数管理,Duf1uLog,Device.Services.FAPService.{i}.CellConfig.{i}.NR.Duf1uLog.,READ_WRITE,STRING
Device.Services.FAPService.{i}.FAPControl.NR.DumgrProvLog.DumgrFileCount,yes,existing_mml_parent_object_group,命中 mmlstandardloader seed/catalog 的现有 object_path 分组；加入 sub_field 后可显示在当前参数树,YES_EXISTING_JSON_PARENT_GROUP,medium,SF,小区服务参数管理（总体）,FAP 载波基本配置,Device.Services.FAPService.{i}.,,json_seed_and_catalog_existing_group,omcgo/internal/config/parammodel/mmlstandardloader/seeds/cmcc_tdlte_v23.json; omcgo/datamodels/mml-catalog/cmcc-tdlte-v2.3.json,SF,小区服务参数管理,DumgrProvLog,Device.Services.FAPService.{i}.FAPControl.NR.DumgrProvLog.,READ_WRITE,STRING
Device.Services.FAPService.{i}.FAPControl.NR.DumgrProvLog.DumgrLogLevel,yes,existing_mml_parent_object_group,命中 mmlstandardloader seed/catalog 的现有 object_path 分组；加入 sub_field 后可显示在当前参数树,YES_EXISTING_JSON_PARENT_GROUP,medium,SF,小区服务参数管理（总体）,FAP 载波基本配置,Device.Services.FAPService.{i}.,,json_seed_and_catalog_existing_group,omcgo/internal/config/parammodel/mmlstandardloader/seeds/cmcc_tdlte_v23.json; omcgo/datamodels/mml-catalog/cmcc-tdlte-v2.3.json,SF,小区服务参数管理,DumgrProvLog,Device.Services.FAPService.{i}.FAPControl.NR.DumgrProvLog.,READ_WRITE,STRING
Device.Services.FAPService.{i}.FAPControl.NR.DumgrProvLog.DumgrMaxLogFilesize,yes,existing_mml_parent_object_group,命中 mmlstandardloader seed/catalog 的现有 object_path 分组；加入 sub_field 后可显示在当前参数树,YES_EXISTING_JSON_PARENT_GROUP,medium,SF,小区服务参数管理（总体）,FAP 载波基本配置,Device.Services.FAPService.{i}.,,json_seed_and_catalog_existing_group,omcgo/internal/config/parammodel/mmlstandardloader/seeds/cmcc_tdlte_v23.json; omcgo/datamodels/mml-catalog/cmcc-tdlte-v2.3.json,SF,小区服务参数管理,DumgrProvLog,Device.Services.FAPService.{i}.FAPControl.NR.DumgrProvLog.,READ_WRITE,STRING
Device.Services.FAPService.{i}.FAPControl.NR.DumgrProvLog.DumgrShmSize,yes,existing_mml_parent_object_group,命中 mmlstandardloader seed/catalog 的现有 object_path 分组；加入 sub_field 后可显示在当前参数树,YES_EXISTING_JSON_PARENT_GROUP,medium,SF,小区服务参数管理（总体）,FAP 载波基本配置,Device.Services.FAPService.{i}.,,json_seed_and_catalog_existing_group,omcgo/internal/config/parammodel/mmlstandardloader/seeds/cmcc_tdlte_v23.json; omcgo/datamodels/mml-catalog/cmcc-tdlte-v2.3.json,SF,小区服务参数管理,DumgrProvLog,Device.Services.FAPService.{i}.FAPControl.NR.DumgrProvLog.,READ_WRITE,STRING
Device.Services.FAPService.{i}.X_COM.LTE.EUTRA_NEIGHBOR.AllowedMeasBW,yes,existing_mml_parent_object_group,命中 mmlstandardloader seed/catalog 的现有 object_path 分组；加入 sub_field 后可显示在当前参数树,YES_EXISTING_JSON_PARENT_GROUP,medium,SF,小区服务参数管理（总体）,FAP 载波基本配置,Device.Services.FAPService.{i}.,,json_seed_and_catalog_existing_group,omcgo/internal/config/parammodel/mmlstandardloader/seeds/cmcc_tdlte_v23.json; omcgo/datamodels/mml-catalog/cmcc-tdlte-v2.3.json,SF,小区服务参数管理,EUTRA_NEIGHBOR,Device.Services.FAPService.{i}.X_COM.LTE.EUTRA_NEIGHBOR.,READ_WRITE,STRING
Device.Services.FAPService.{i}.FAPControl.NR.F1apDscp.Dscp,yes,existing_mml_parent_object_group,命中 mmlstandardloader seed/catalog 的现有 object_path 分组；加入 sub_field 后可显示在当前参数树,YES_EXISTING_JSON_PARENT_GROUP,medium,SF,小区服务参数管理（总体）,FAP 载波基本配置,Device.Services.FAPService.{i}.,,json_seed_and_catalog_existing_group,omcgo/internal/config/parammodel/mmlstandardloader/seeds/cmcc_tdlte_v23.json; omcgo/datamodels/mml-catalog/cmcc-tdlte-v2.3.json,SF,小区服务参数管理,F1apDscp,Device.Services.FAPService.{i}.FAPControl.NR.F1apDscp.,READ_WRITE,STRING
Device.Services.FAPService.{i}.FAPControl.NR.F1apDscp.VlanPrio,yes,existing_mml_parent_object_group,命中 mmlstandardloader seed/catalog 的现有 object_path 分组；加入 sub_field 后可显示在当前参数树,YES_EXISTING_JSON_PARENT_GROUP,medium,SF,小区服务参数管理（总体）,FAP 载波基本配置,Device.Services.FAPService.{i}.,,json_seed_and_catalog_existing_group,omcgo/internal/config/parammodel/mmlstandardloader/seeds/cmcc_tdlte_v23.json; omcgo/datamodels/mml-catalog/cmcc-tdlte-v2.3.json,SF,小区服务参数管理,F1apDscp,Device.Services.FAPService.{i}.FAPControl.NR.F1apDscp.,READ_WRITE,STRING
Device.Services.FAPService.{i}.FAPControl.NR.F1apLog.RrcLogLevel,yes,existing_mml_parent_object_group,命中 mmlstandardloader seed/catalog 的现有 object_path 分组；加入 sub_field 后可显示在当前参数树,YES_EXISTING_JSON_PARENT_GROUP,medium,SF,小区服务参数管理（总体）,FAP 载波基本配置,Device.Services.FAPService.{i}.,,json_seed_and_catalog_existing_group,omcgo/internal/config/parammodel/mmlstandardloader/seeds/cmcc_tdlte_v23.json; omcgo/datamodels/mml-catalog/cmcc-tdlte-v2.3.json,SF,小区服务参数管理,F1apLog,Device.Services.FAPService.{i}.FAPControl.NR.F1apLog.,READ_WRITE,STRING
Device.Services.FAPService.{i}.FAPControl.AUTO_START_ENABLE,yes,existing_mml_parent_object_group,命中 mmlstandardloader seed/catalog 的现有 object_path 分组；加入 sub_field 后可显示在当前参数树,YES_EXISTING_JSON_PARENT_GROUP,medium,SF,小区服务参数管理（总体）,FAP 载波基本配置,Device.Services.FAPService.{i}.,,json_seed_and_catalog_existing_group,omcgo/internal/config/parammodel/mmlstandardloader/seeds/cmcc_tdlte_v23.json; omcgo/datamodels/mml-catalog/cmcc-tdlte-v2.3.json,SF,小区服务参数管理,FAPControl,Device.Services.FAPService.{i}.FAPControl.,READ_WRITE,BOOLEAN
Device.Services.FAPService.{i}.FAPControl.EciAutoEnable,yes,existing_mml_parent_object_group,命中 mmlstandardloader seed/catalog 的现有 object_path 分组；加入 sub_field 后可显示在当前参数树,YES_EXISTING_JSON_PARENT_GROUP,medium,SF,小区服务参数管理（总体）,FAP 载波基本配置,Device.Services.FAPService.{i}.,,json_seed_and_catalog_existing_group,omcgo/internal/config/parammodel/mmlstandardloader/seeds/cmcc_tdlte_v23.json; omcgo/datamodels/mml-catalog/cmcc-tdlte-v2.3.json,SF,小区服务参数管理,FAPControl,Device.Services.FAPService.{i}.FAPControl.,READ_WRITE,STRING
Device.Services.FAPService.{i}.FAPControl.PLLSyncState,yes,existing_mml_parent_object_group,命中 mmlstandardloader seed/catalog 的现有 object_path 分组；加入 sub_field 后可显示在当前参数树,YES_EXISTING_JSON_PARENT_GROUP,medium,SF,小区服务参数管理（总体）,FAP 载波基本配置,Device.Services.FAPService.{i}.,,json_seed_and_catalog_existing_group,omcgo/internal/config/parammodel/mmlstandardloader/seeds/cmcc_tdlte_v23.json; omcgo/datamodels/mml-catalog/cmcc-tdlte-v2.3.json,SF,小区服务参数管理,FAPControl,Device.Services.FAPService.{i}.FAPControl.,READ_ONLY,STRING
Device.Services.FAPService.{i}.FAPControl.LTE.Gateway.AGPort1,yes,existing_mml_parent_object_group,命中 mmlstandardloader seed/catalog 的现有 object_path 分组；加入 sub_field 后可显示在当前参数树,YES_EXISTING_JSON_PARENT_GROUP,medium,SF,小区服务参数管理（总体）,FAP 载波基本配置,Device.Services.FAPService.{i}.,,json_seed_and_catalog_existing_group,omcgo/internal/config/parammodel/mmlstandardloader/seeds/cmcc_tdlte_v23.json; omcgo/datamodels/mml-catalog/cmcc-tdlte-v2.3.json,SF,小区服务参数管理,Gateway,Device.Services.FAPService.{i}.FAPControl.LTE.Gateway.,READ_WRITE,STRING
Device.Services.FAPService.{i}.FAPControl.LTE.Gateway.AGPort2,yes,existing_mml_parent_object_group,命中 mmlstandardloader seed/catalog 的现有 object_path 分组；加入 sub_field 后可显示在当前参数树,YES_EXISTING_JSON_PARENT_GROUP,medium,SF,小区服务参数管理（总体）,FAP 载波基本配置,Device.Services.FAPService.{i}.,,json_seed_and_catalog_existing_group,omcgo/internal/config/parammodel/mmlstandardloader/seeds/cmcc_tdlte_v23.json; omcgo/datamodels/mml-catalog/cmcc-tdlte-v2.3.json,SF,小区服务参数管理,Gateway,Device.Services.FAPService.{i}.FAPControl.LTE.Gateway.,READ_WRITE,STRING
Device.Services.FAPService.{i}.FAPControl.LTE.Gateway.AGPort3,yes,existing_mml_parent_object_group,命中 mmlstandardloader seed/catalog 的现有 object_path 分组；加入 sub_field 后可显示在当前参数树,YES_EXISTING_JSON_PARENT_GROUP,medium,SF,小区服务参数管理（总体）,FAP 载波基本配置,Device.Services.FAPService.{i}.,,json_seed_and_catalog_existing_group,omcgo/internal/config/parammodel/mmlstandardloader/seeds/cmcc_tdlte_v23.json; omcgo/datamodels/mml-catalog/cmcc-tdlte-v2.3.json,SF,小区服务参数管理,Gateway,Device.Services.FAPService.{i}.FAPControl.LTE.Gateway.,READ_WRITE,STRING
Device.Services.FAPService.{i}.FAPControl.LTE.Gateway.AGServerEnable,yes,existing_mml_parent_object_group,命中 mmlstandardloader seed/catalog 的现有 object_path 分组；加入 sub_field 后可显示在当前参数树,YES_EXISTING_JSON_PARENT_GROUP,medium,SF,小区服务参数管理（总体）,FAP 载波基本配置,Device.Services.FAPService.{i}.,,json_seed_and_catalog_existing_group,omcgo/internal/config/parammodel/mmlstandardloader/seeds/cmcc_tdlte_v23.json; omcgo/datamodels/mml-catalog/cmcc-tdlte-v2.3.json,SF,小区服务参数管理,Gateway,Device.Services.FAPService.{i}.FAPControl.LTE.Gateway.,READ_WRITE,BOOLEAN
Device.Services.FAPService.{i}.FAPControl.LTE.Gateway.AGServerIp1,yes,existing_mml_parent_object_group,命中 mmlstandardloader seed/catalog 的现有 object_path 分组；加入 sub_field 后可显示在当前参数树,YES_EXISTING_JSON_PARENT_GROUP,medium,SF,小区服务参数管理（总体）,FAP 载波基本配置,Device.Services.FAPService.{i}.,,json_seed_and_catalog_existing_group,omcgo/internal/config/parammodel/mmlstandardloader/seeds/cmcc_tdlte_v23.json; omcgo/datamodels/mml-catalog/cmcc-tdlte-v2.3.json,SF,小区服务参数管理,Gateway,Device.Services.FAPService.{i}.FAPControl.LTE.Gateway.,READ_WRITE,STRING
Device.Services.FAPService.{i}.FAPControl.LTE.Gateway.AGServerIp2,yes,existing_mml_parent_object_group,命中 mmlstandardloader seed/catalog 的现有 object_path 分组；加入 sub_field 后可显示在当前参数树,YES_EXISTING_JSON_PARENT_GROUP,medium,SF,小区服务参数管理（总体）,FAP 载波基本配置,Device.Services.FAPService.{i}.,,json_seed_and_catalog_existing_group,omcgo/internal/config/parammodel/mmlstandardloader/seeds/cmcc_tdlte_v23.json; omcgo/datamodels/mml-catalog/cmcc-tdlte-v2.3.json,SF,小区服务参数管理,Gateway,Device.Services.FAPService.{i}.FAPControl.LTE.Gateway.,READ_WRITE,STRING
Device.Services.FAPService.{i}.FAPControl.LTE.Gateway.AGServerIp3,yes,existing_mml_parent_object_group,命中 mmlstandardloader seed/catalog 的现有 object_path 分组；加入 sub_field 后可显示在当前参数树,YES_EXISTING_JSON_PARENT_GROUP,medium,SF,小区服务参数管理（总体）,FAP 载波基本配置,Device.Services.FAPService.{i}.,,json_seed_and_catalog_existing_group,omcgo/internal/config/parammodel/mmlstandardloader/seeds/cmcc_tdlte_v23.json; omcgo/datamodels/mml-catalog/cmcc-tdlte-v2.3.json,SF,小区服务参数管理,Gateway,Device.Services.FAPService.{i}.FAPControl.LTE.Gateway.,READ_WRITE,STRING
Device.Services.FAPService.{i}.FAPControl.LTE.Gateway.ExistPlmnidList,yes,existing_mml_parent_object_group,命中 mmlstandardloader seed/catalog 的现有 object_path 分组；加入 sub_field 后可显示在当前参数树,YES_EXISTING_JSON_PARENT_GROUP,medium,SF,小区服务参数管理（总体）,FAP 载波基本配置,Device.Services.FAPService.{i}.,,json_seed_and_catalog_existing_group,omcgo/internal/config/parammodel/mmlstandardloader/seeds/cmcc_tdlte_v23.json; omcgo/datamodels/mml-catalog/cmcc-tdlte-v2.3.json,SF,小区服务参数管理,Gateway,Device.Services.FAPService.{i}.FAPControl.LTE.Gateway.,READ_WRITE,STRING
Device.Services.FAPService.{i}.FAPControl.LTE.Gateway.MultiS1ConnectionMode,yes,existing_mml_parent_object_group,命中 mmlstandardloader seed/catalog 的现有 object_path 分组；加入 sub_field 后可显示在当前参数树,YES_EXISTING_JSON_PARENT_GROUP,medium,SF,小区服务参数管理（总体）,FAP 载波基本配置,Device.Services.FAPService.{i}.,,json_seed_and_catalog_existing_group,omcgo/internal/config/parammodel/mmlstandardloader/seeds/cmcc_tdlte_v23.json; omcgo/datamodels/mml-catalog/cmcc-tdlte-v2.3.json,SF,小区服务参数管理,Gateway,Device.Services.FAPService.{i}.FAPControl.LTE.Gateway.,READ_WRITE,STRING
Device.Services.FAPService.{i}.FAPControl.LTE.Gateway.S1ConnectionMode,yes,existing_mml_parent_object_group,命中 mmlstandardloader seed/catalog 的现有 object_path 分组；加入 sub_field 后可显示在当前参数树,YES_EXISTING_JSON_PARENT_GROUP,medium,SF,小区服务参数管理（总体）,FAP 载波基本配置,Device.Services.FAPService.{i}.,,json_seed_and_catalog_existing_group,omcgo/internal/config/parammodel/mmlstandardloader/seeds/cmcc_tdlte_v23.json; omcgo/datamodels/mml-catalog/cmcc-tdlte-v2.3.json,SF,小区服务参数管理,Gateway,Device.Services.FAPService.{i}.FAPControl.LTE.Gateway.,READ_WRITE,STRING
Device.Services.FAPService.{i}.FAPControl.LTE.Gateway.S1SigLinkPort,yes,existing_mml_parent_object_group,命中 mmlstandardloader seed/catalog 的现有 object_path 分组；加入 sub_field 后可显示在当前参数树,YES_EXISTING_JSON_PARENT_GROUP,medium,SF,小区服务参数管理（总体）,FAP 载波基本配置,Device.Services.FAPService.{i}.,,json_seed_and_catalog_existing_group,omcgo/internal/config/parammodel/mmlstandardloader/seeds/cmcc_tdlte_v23.json; omcgo/datamodels/mml-catalog/cmcc-tdlte-v2.3.json,SF,小区服务参数管理,Gateway,Device.Services.FAPService.{i}.FAPControl.LTE.Gateway.,READ_WRITE,STRING
Device.Services.FAPService.{i}.FAPControl.LTE.Gateway.S1SigLinkServerList,yes,existing_mml_parent_object_group,命中 mmlstandardloader seed/catalog 的现有 object_path 分组；加入 sub_field 后可显示在当前参数树,YES_EXISTING_JSON_PARENT_GROUP,medium,SF,小区服务参数管理（总体）,FAP 载波基本配置,Device.Services.FAPService.{i}.,,json_seed_and_catalog_existing_group,omcgo/internal/config/parammodel/mmlstandardloader/seeds/cmcc_tdlte_v23.json; omcgo/datamodels/mml-catalog/cmcc-tdlte-v2.3.json,SF,小区服务参数管理,Gateway,Device.Services.FAPService.{i}.FAPControl.LTE.Gateway.,READ_WRITE,STRING
Device.Services.FAPService.{i}.FAPControl.LTE.Gateway.SecGWServer1,yes,existing_mml_parent_object_group,命中 mmlstandardloader seed/catalog 的现有 object_path 分组；加入 sub_field 后可显示在当前参数树,YES_EXISTING_JSON_PARENT_GROUP,medium,SF,小区服务参数管理（总体）,FAP 载波基本配置,Device.Services.FAPService.{i}.,,json_seed_and_catalog_existing_group,omcgo/internal/config/parammodel/mmlstandardloader/seeds/cmcc_tdlte_v23.json; omcgo/datamodels/mml-catalog/cmcc-tdlte-v2.3.json,SF,小区服务参数管理,Gateway,Device.Services.FAPService.{i}.FAPControl.LTE.Gateway.,READ_WRITE,STRING
Device.Services.FAPService.{i}.FAPControl.LTE.Gateway.SecGWServer2,yes,existing_mml_parent_object_group,命中 mmlstandardloader seed/catalog 的现有 object_path 分组；加入 sub_field 后可显示在当前参数树,YES_EXISTING_JSON_PARENT_GROUP,medium,SF,小区服务参数管理（总体）,FAP 载波基本配置,Device.Services.FAPService.{i}.,,json_seed_and_catalog_existing_group,omcgo/internal/config/parammodel/mmlstandardloader/seeds/cmcc_tdlte_v23.json; omcgo/datamodels/mml-catalog/cmcc-tdlte-v2.3.json,SF,小区服务参数管理,Gateway,Device.Services.FAPService.{i}.FAPControl.LTE.Gateway.,READ_WRITE,STRING
Device.Services.FAPService.{i}.FAPControl.LTE.Gateway.SecGWServer3,yes,existing_mml_parent_object_group,命中 mmlstandardloader seed/catalog 的现有 object_path 分组；加入 sub_field 后可显示在当前参数树,YES_EXISTING_JSON_PARENT_GROUP,medium,SF,小区服务参数管理（总体）,FAP 载波基本配置,Device.Services.FAPService.{i}.,,json_seed_and_catalog_existing_group,omcgo/internal/config/parammodel/mmlstandardloader/seeds/cmcc_tdlte_v23.json; omcgo/datamodels/mml-catalog/cmcc-tdlte-v2.3.json,SF,小区服务参数管理,Gateway,Device.Services.FAPService.{i}.FAPControl.LTE.Gateway.,READ_WRITE,STRING
Device.Services.FAPService.{i}.X_COM.LTE.GrpPwrCtrl.PhyIctaadjsamp,yes,existing_mml_parent_object_group,命中 mmlstandardloader seed/catalog 的现有 object_path 分组；加入 sub_field 后可显示在当前参数树,YES_EXISTING_JSON_PARENT_GROUP,medium,SF,小区服务参数管理（总体）,FAP 载波基本配置,Device.Services.FAPService.{i}.,,json_seed_and_catalog_existing_group,omcgo/internal/config/parammodel/mmlstandardloader/seeds/cmcc_tdlte_v23.json; omcgo/datamodels/mml-catalog/cmcc-tdlte-v2.3.json,SF,小区服务参数管理,GrpPwrCtrl,Device.Services.FAPService.{i}.X_COM.LTE.GrpPwrCtrl.,READ_WRITE,STRING
Device.Services.FAPService.{i}.X_COM.LTE.GrpPwrCtrl.PhyPpssncgpsadjsamp,yes,existing_mml_parent_object_group,命中 mmlstandardloader seed/catalog 的现有 object_path 分组；加入 sub_field 后可显示在当前参数树,YES_EXISTING_JSON_PARENT_GROUP,medium,SF,小区服务参数管理（总体）,FAP 载波基本配置,Device.Services.FAPService.{i}.,,json_seed_and_catalog_existing_group,omcgo/internal/config/parammodel/mmlstandardloader/seeds/cmcc_tdlte_v23.json; omcgo/datamodels/mml-catalog/cmcc-tdlte-v2.3.json,SF,小区服务参数管理,GrpPwrCtrl,Device.Services.FAPService.{i}.X_COM.LTE.GrpPwrCtrl.,READ_WRITE,STRING
Device.Services.FAPService.{i}.FAPControl.NR.GtpuLog.NguCuf1uLogLevel,yes,existing_mml_parent_object_group,命中 mmlstandardloader seed/catalog 的现有 object_path 分组；加入 sub_field 后可显示在当前参数树,YES_EXISTING_JSON_PARENT_GROUP,medium,SF,小区服务参数管理（总体）,FAP 载波基本配置,Device.Services.FAPService.{i}.,,json_seed_and_catalog_existing_group,omcgo/internal/config/parammodel/mmlstandardloader/seeds/cmcc_tdlte_v23.json; omcgo/datamodels/mml-catalog/cmcc-tdlte-v2.3.json,SF,小区服务参数管理,GtpuLog,Device.Services.FAPService.{i}.FAPControl.NR.GtpuLog.,READ_WRITE,STRING
Device.Services.FAPService.{i}.FAPControl.LTE.HSS.APN,yes,existing_mml_parent_object_group,命中 mmlstandardloader seed/catalog 的现有 object_path 分组；加入 sub_field 后可显示在当前参数树,YES_EXISTING_JSON_PARENT_GROUP,medium,SF,小区服务参数管理（总体）,FAP 载波基本配置,Device.Services.FAPService.{i}.,,json_seed_and_catalog_existing_group,omcgo/internal/config/parammodel/mmlstandardloader/seeds/cmcc_tdlte_v23.json; omcgo/datamodels/mml-catalog/cmcc-tdlte-v2.3.json,SF,小区服务参数管理,HSS,Device.Services.FAPService.{i}.FAPControl.LTE.HSS.,READ_ONLY,STRING
Device.Services.FAPService.{i}.FAPControl.LTE.HSS.HaloBEnableState,yes,existing_mml_parent_object_group,命中 mmlstandardloader seed/catalog 的现有 object_path 分组；加入 sub_field 后可显示在当前参数树,YES_EXISTING_JSON_PARENT_GROUP,medium,SF,小区服务参数管理（总体）,FAP 载波基本配置,Device.Services.FAPService.{i}.,,json_seed_and_catalog_existing_group,omcgo/internal/config/parammodel/mmlstandardloader/seeds/cmcc_tdlte_v23.json; omcgo/datamodels/mml-catalog/cmcc-tdlte-v2.3.json,SF,小区服务参数管理,HSS,Device.Services.FAPService.{i}.FAPControl.LTE.HSS.,READ_WRITE,BOOLEAN
Device.Services.FAPService.{i}.FAPControl.LTE.HSS.HaloBMode,yes,existing_mml_parent_object_group,命中 mmlstandardloader seed/catalog 的现有 object_path 分组；加入 sub_field 后可显示在当前参数树,YES_EXISTING_JSON_PARENT_GROUP,medium,SF,小区服务参数管理（总体）,FAP 载波基本配置,Device.Services.FAPService.{i}.,,json_seed_and_catalog_existing_group,omcgo/internal/config/parammodel/mmlstandardloader/seeds/cmcc_tdlte_v23.json; omcgo/datamodels/mml-catalog/cmcc-tdlte-v2.3.json,SF,小区服务参数管理,HSS,Device.Services.FAPService.{i}.FAPControl.LTE.HSS.,READ_WRITE,INT
Device.Services.FAPService.{i}.FAPControl.LTE.HSS.IMS,yes,existing_mml_parent_object_group,命中 mmlstandardloader seed/catalog 的现有 object_path 分组；加入 sub_field 后可显示在当前参数树,YES_EXISTING_JSON_PARENT_GROUP,medium,SF,小区服务参数管理（总体）,FAP 载波基本配置,Device.Services.FAPService.{i}.,,json_seed_and_catalog_existing_group,omcgo/internal/config/parammodel/mmlstandardloader/seeds/cmcc_tdlte_v23.json; omcgo/datamodels/mml-catalog/cmcc-tdlte-v2.3.json,SF,小区服务参数管理,HSS,Device.Services.FAPService.{i}.FAPControl.LTE.HSS.,READ_ONLY,STRING
Device.Services.FAPService.{i}.FAPControl.LTE.HSS.IMSI,yes,existing_mml_parent_object_group,命中 mmlstandardloader seed/catalog 的现有 object_path 分组；加入 sub_field 后可显示在当前参数树,YES_EXISTING_JSON_PARENT_GROUP,medium,SF,小区服务参数管理（总体）,FAP 载波基本配置,Device.Services.FAPService.{i}.,,json_seed_and_catalog_existing_group,omcgo/internal/config/parammodel/mmlstandardloader/seeds/cmcc_tdlte_v23.json; omcgo/datamodels/mml-catalog/cmcc-tdlte-v2.3.json,SF,小区服务参数管理,HSS,Device.Services.FAPService.{i}.FAPControl.LTE.HSS.,READ_ONLY,STRING
Device.Services.FAPService.{i}.FAPControl.LTE.HSS.RequestApnEnable,yes,existing_mml_parent_object_group,命中 mmlstandardloader seed/catalog 的现有 object_path 分组；加入 sub_field 后可显示在当前参数树,YES_EXISTING_JSON_PARENT_GROUP,medium,SF,小区服务参数管理（总体）,FAP 载波基本配置,Device.Services.FAPService.{i}.,,json_seed_and_catalog_existing_group,omcgo/internal/config/parammodel/mmlstandardloader/seeds/cmcc_tdlte_v23.json; omcgo/datamodels/mml-catalog/cmcc-tdlte-v2.3.json,SF,小区服务参数管理,HSS,Device.Services.FAPService.{i}.FAPControl.LTE.HSS.,READ_WRITE,BOOLEAN
Device.Services.FAPService.{i}.FAPControl.LTE.HSS.RequestX2Related,yes,existing_mml_parent_object_group,命中 mmlstandardloader seed/catalog 的现有 object_path 分组；加入 sub_field 后可显示在当前参数树,YES_EXISTING_JSON_PARENT_GROUP,medium,SF,小区服务参数管理（总体）,FAP 载波基本配置,Device.Services.FAPService.{i}.,,json_seed_and_catalog_existing_group,omcgo/internal/config/parammodel/mmlstandardloader/seeds/cmcc_tdlte_v23.json; omcgo/datamodels/mml-catalog/cmcc-tdlte-v2.3.json,SF,小区服务参数管理,HSS,Device.Services.FAPService.{i}.FAPControl.LTE.HSS.,READ_ONLY,STRING
Device.Services.FAPService.{i}.FAPControl.LTE.HSS.X2RelatedParameters,yes,existing_mml_parent_object_group,命中 mmlstandardloader seed/catalog 的现有 object_path 分组；加入 sub_field 后可显示在当前参数树,YES_EXISTING_JSON_PARENT_GROUP,medium,SF,小区服务参数管理（总体）,FAP 载波基本配置,Device.Services.FAPService.{i}.,,json_seed_and_catalog_existing_group,omcgo/internal/config/parammodel/mmlstandardloader/seeds/cmcc_tdlte_v23.json; omcgo/datamodels/mml-catalog/cmcc-tdlte-v2.3.json,SF,小区服务参数管理,HSS,Device.Services.FAPService.{i}.FAPControl.LTE.HSS.,READ_WRITE,STRING
Device.Services.FAPService.{i}.X_COM.LTE.IRAT.B2Threshold2Geran,yes,existing_mml_parent_object_group,命中 mmlstandardloader seed/catalog 的现有 object_path 分组；加入 sub_field 后可显示在当前参数树,YES_EXISTING_JSON_PARENT_GROUP,medium,SF,小区服务参数管理（总体）,FAP 载波基本配置,Device.Services.FAPService.{i}.,,json_seed_and_catalog_existing_group,omcgo/internal/config/parammodel/mmlstandardloader/seeds/cmcc_tdlte_v23.json; omcgo/datamodels/mml-catalog/cmcc-tdlte-v2.3.json,SF,小区服务参数管理,IRAT,Device.Services.FAPService.{i}.X_COM.LTE.IRAT.,READ_WRITE,STRING
Device.Services.FAPService.{i}.X_COM.LTE.IRAT.B2threshold1RsrpGeran,yes,existing_mml_parent_object_group,命中 mmlstandardloader seed/catalog 的现有 object_path 分组；加入 sub_field 后可显示在当前参数树,YES_EXISTING_JSON_PARENT_GROUP,medium,SF,小区服务参数管理（总体）,FAP 载波基本配置,Device.Services.FAPService.{i}.,,json_seed_and_catalog_existing_group,omcgo/internal/config/parammodel/mmlstandardloader/seeds/cmcc_tdlte_v23.json; omcgo/datamodels/mml-catalog/cmcc-tdlte-v2.3.json,SF,小区服务参数管理,IRAT,Device.Services.FAPService.{i}.X_COM.LTE.IRAT.,READ_WRITE,STRING
Device.Services.FAPService.{i}.X_COM.LTE.IRAT.B2threshold1RsrpHO,yes,existing_mml_parent_object_group,命中 mmlstandardloader seed/catalog 的现有 object_path 分组；加入 sub_field 后可显示在当前参数树,YES_EXISTING_JSON_PARENT_GROUP,medium,SF,小区服务参数管理（总体）,FAP 载波基本配置,Device.Services.FAPService.{i}.,,json_seed_and_catalog_existing_group,omcgo/internal/config/parammodel/mmlstandardloader/seeds/cmcc_tdlte_v23.json; omcgo/datamodels/mml-catalog/cmcc-tdlte-v2.3.json,SF,小区服务参数管理,IRAT,Device.Services.FAPService.{i}.X_COM.LTE.IRAT.,READ_WRITE,STRING
Device.Services.FAPService.{i}.X_COM.LTE.IRAT.TargetUlSinr,yes,existing_mml_parent_object_group,命中 mmlstandardloader seed/catalog 的现有 object_path 分组；加入 sub_field 后可显示在当前参数树,YES_EXISTING_JSON_PARENT_GROUP,medium,SF,小区服务参数管理（总体）,FAP 载波基本配置,Device.Services.FAPService.{i}.,,json_seed_and_catalog_existing_group,omcgo/internal/config/parammodel/mmlstandardloader/seeds/cmcc_tdlte_v23.json; omcgo/datamodels/mml-catalog/cmcc-tdlte-v2.3.json,SF,小区服务参数管理,IRAT,Device.Services.FAPService.{i}.X_COM.LTE.IRAT.,READ_WRITE,STRING
Device.Services.FAPService.{i}.FAPControl.Halob.L2.l2TunnelEnable,yes,existing_mml_parent_object_group,命中 mmlstandardloader seed/catalog 的现有 object_path 分组；加入 sub_field 后可显示在当前参数树,YES_EXISTING_JSON_PARENT_GROUP,medium,SF,小区服务参数管理（总体）,FAP 载波基本配置,Device.Services.FAPService.{i}.,,json_seed_and_catalog_existing_group,omcgo/internal/config/parammodel/mmlstandardloader/seeds/cmcc_tdlte_v23.json; omcgo/datamodels/mml-catalog/cmcc-tdlte-v2.3.json,SF,小区服务参数管理,L2,Device.Services.FAPService.{i}.FAPControl.Halob.L2.,READ_WRITE,BOOLEAN
Device.Services.FAPService.{i}.FAPControl.Halob.L2.l2TunnelIp,yes,existing_mml_parent_object_group,命中 mmlstandardloader seed/catalog 的现有 object_path 分组；加入 sub_field 后可显示在当前参数树,YES_EXISTING_JSON_PARENT_GROUP,medium,SF,小区服务参数管理（总体）,FAP 载波基本配置,Device.Services.FAPService.{i}.,,json_seed_and_catalog_existing_group,omcgo/internal/config/parammodel/mmlstandardloader/seeds/cmcc_tdlte_v23.json; omcgo/datamodels/mml-catalog/cmcc-tdlte-v2.3.json,SF,小区服务参数管理,L2,Device.Services.FAPService.{i}.FAPControl.Halob.L2.,READ_WRITE,STRING
Device.Services.FAPService.{i}.FAPControl.Halob.L2.l2TunnelMode,yes,existing_mml_parent_object_group,命中 mmlstandardloader seed/catalog 的现有 object_path 分组；加入 sub_field 后可显示在当前参数树,YES_EXISTING_JSON_PARENT_GROUP,medium,SF,小区服务参数管理（总体）,FAP 载波基本配置,Device.Services.FAPService.{i}.,,json_seed_and_catalog_existing_group,omcgo/internal/config/parammodel/mmlstandardloader/seeds/cmcc_tdlte_v23.json; omcgo/datamodels/mml-catalog/cmcc-tdlte-v2.3.json,SF,小区服务参数管理,L2,Device.Services.FAPService.{i}.FAPControl.Halob.L2.,READ_WRITE,U_INT
Device.Services.FAPService.{i}.FAPControl.LTE.LICENSE.Author,yes,existing_mml_parent_object_group,命中 mmlstandardloader seed/catalog 的现有 object_path 分组；加入 sub_field 后可显示在当前参数树,YES_EXISTING_JSON_PARENT_GROUP,medium,SF,小区服务参数管理（总体）,FAP 载波基本配置,Device.Services.FAPService.{i}.,,json_seed_and_catalog_existing_group,omcgo/internal/config/parammodel/mmlstandardloader/seeds/cmcc_tdlte_v23.json; omcgo/datamodels/mml-catalog/cmcc-tdlte-v2.3.json,SF,小区服务参数管理,LICENSE,Device.Services.FAPService.{i}.FAPControl.LTE.LICENSE.,READ_ONLY,STRING
Device.Services.FAPService.{i}.FAPControl.LTE.LICENSE.CapacityListNumberOfEntries,yes,existing_mml_parent_object_group,命中 mmlstandardloader seed/catalog 的现有 object_path 分组；加入 sub_field 后可显示在当前参数树,YES_EXISTING_JSON_PARENT_GROUP,medium,SF,小区服务参数管理（总体）,FAP 载波基本配置,Device.Services.FAPService.{i}.,,json_seed_and_catalog_existing_group,omcgo/internal/config/parammodel/mmlstandardloader/seeds/cmcc_tdlte_v23.json; omcgo/datamodels/mml-catalog/cmcc-tdlte-v2.3.json,SF,小区服务参数管理,LICENSE,Device.Services.FAPService.{i}.FAPControl.LTE.LICENSE.,READ_ONLY,STRING
Device.Services.FAPService.{i}.FAPControl.LTE.LICENSE.Code,yes,existing_mml_parent_object_group,命中 mmlstandardloader seed/catalog 的现有 object_path 分组；加入 sub_field 后可显示在当前参数树,YES_EXISTING_JSON_PARENT_GROUP,medium,SF,小区服务参数管理（总体）,FAP 载波基本配置,Device.Services.FAPService.{i}.,,json_seed_and_catalog_existing_group,omcgo/internal/config/parammodel/mmlstandardloader/seeds/cmcc_tdlte_v23.json; omcgo/datamodels/mml-catalog/cmcc-tdlte-v2.3.json,SF,小区服务参数管理,LICENSE,Device.Services.FAPService.{i}.FAPControl.LTE.LICENSE.,READ_ONLY,STRING
Device.Services.FAPService.{i}.FAPControl.LTE.LICENSE.GenerateDate,yes,existing_mml_parent_object_group,命中 mmlstandardloader seed/catalog 的现有 object_path 分组；加入 sub_field 后可显示在当前参数树,YES_EXISTING_JSON_PARENT_GROUP,medium,SF,小区服务参数管理（总体）,FAP 载波基本配置,Device.Services.FAPService.{i}.,,json_seed_and_catalog_existing_group,omcgo/internal/config/parammodel/mmlstandardloader/seeds/cmcc_tdlte_v23.json; omcgo/datamodels/mml-catalog/cmcc-tdlte-v2.3.json,SF,小区服务参数管理,LICENSE,Device.Services.FAPService.{i}.FAPControl.LTE.LICENSE.,READ_ONLY,STRING
Device.Services.FAPService.{i}.FAPControl.LTE.LICENSE.HaloBCentralizedModeAvailable,yes,existing_mml_parent_object_group,命中 mmlstandardloader seed/catalog 的现有 object_path 分组；加入 sub_field 后可显示在当前参数树,YES_EXISTING_JSON_PARENT_GROUP,medium,SF,小区服务参数管理（总体）,FAP 载波基本配置,Device.Services.FAPService.{i}.,,json_seed_and_catalog_existing_group,omcgo/internal/config/parammodel/mmlstandardloader/seeds/cmcc_tdlte_v23.json; omcgo/datamodels/mml-catalog/cmcc-tdlte-v2.3.json,SF,小区服务参数管理,LICENSE,Device.Services.FAPService.{i}.FAPControl.LTE.LICENSE.,READ_ONLY,STRING
Device.Services.FAPService.{i}.FAPControl.LTE.LICENSE.HaloBSingleModeAvailable,yes,existing_mml_parent_object_group,命中 mmlstandardloader seed/catalog 的现有 object_path 分组；加入 sub_field 后可显示在当前参数树,YES_EXISTING_JSON_PARENT_GROUP,medium,SF,小区服务参数管理（总体）,FAP 载波基本配置,Device.Services.FAPService.{i}.,,json_seed_and_catalog_existing_group,omcgo/internal/config/parammodel/mmlstandardloader/seeds/cmcc_tdlte_v23.json; omcgo/datamodels/mml-catalog/cmcc-tdlte-v2.3.json,SF,小区服务参数管理,LICENSE,Device.Services.FAPService.{i}.FAPControl.LTE.LICENSE.,READ_ONLY,STRING
Device.Services.FAPService.{i}.FAPControl.LTE.LICENSE.SeqNum,yes,existing_mml_parent_object_group,命中 mmlstandardloader seed/catalog 的现有 object_path 分组；加入 sub_field 后可显示在当前参数树,YES_EXISTING_JSON_PARENT_GROUP,medium,SF,小区服务参数管理（总体）,FAP 载波基本配置,Device.Services.FAPService.{i}.,,json_seed_and_catalog_existing_group,omcgo/internal/config/parammodel/mmlstandardloader/seeds/cmcc_tdlte_v23.json; omcgo/datamodels/mml-catalog/cmcc-tdlte-v2.3.json,SF,小区服务参数管理,LICENSE,Device.Services.FAPService.{i}.FAPControl.LTE.LICENSE.,READ_ONLY,STRING
Device.Services.FAPService.{i}.FAPControl.LTE.LICENSE.Version,yes,existing_mml_parent_object_group,命中 mmlstandardloader seed/catalog 的现有 object_path 分组；加入 sub_field 后可显示在当前参数树,YES_EXISTING_JSON_PARENT_GROUP,medium,SF,小区服务参数管理（总体）,FAP 载波基本配置,Device.Services.FAPService.{i}.,,json_seed_and_catalog_existing_group,omcgo/internal/config/parammodel/mmlstandardloader/seeds/cmcc_tdlte_v23.json; omcgo/datamodels/mml-catalog/cmcc-tdlte-v2.3.json,SF,小区服务参数管理,LICENSE,Device.Services.FAPService.{i}.FAPControl.LTE.LICENSE.,READ_ONLY,STRING
Device.Services.FAPService.{i}.AccessMgmt.LTE.HNBName,no,not_mml_tree_quicksettings_only,只命中 quicksettings XML，quicksettings 不是 MML 配置参数树数据源,YES_QUICKSETTINGS_XML_GROUP,high,,,小区参数,,enb-cell,quicksettings_xml_exact_standardPath,omcgo/data/quicksettings/BLQ.xml#enb-cell:小区参数(CellName); omcgo/data/quicksettings/BM.xml#enb-cell:小区参数(CellName); omcgo/data/quicksettings/ENB_DEFAULT_098.xml#enb-cell:小区参数(CellName); omcgo/data/quicksettings/ENB_DEFAULT_181.xml#enb-cell:小区参数(CellName); omcgo/data/quicksettings/MLN.xml#enb-cell:小区参数(CellName); omcgo/data/quicksettings/MLQ.xml#enb-cell:小区参数(CellName),SF,小区服务参数管理,LTE,Device.Services.FAPService.{i}.AccessMgmt.LTE.,READ_WRITE,STRING
Device.Services.FAPService.{i}.AccessMgmt.LTE.MaxUEsServed,yes,existing_mml_parent_object_group,命中 mmlstandardloader seed/catalog 的现有 object_path 分组；加入 sub_field 后可显示在当前参数树,YES_EXISTING_JSON_PARENT_GROUP,medium,SF,小区服务参数管理（总体）,FAP 载波基本配置,Device.Services.FAPService.{i}.,,json_seed_and_catalog_existing_group,omcgo/internal/config/parammodel/mmlstandardloader/seeds/cmcc_tdlte_v23.json; omcgo/datamodels/mml-catalog/cmcc-tdlte-v2.3.json,SF,小区服务参数管理,LTE,Device.Services.FAPService.{i}.AccessMgmt.LTE.,READ_WRITE,STRING
Device.Services.FAPService.{i}.Capabilities.LTE.BandsSupported,yes,direct_existing_mml_group,同 target_group_code 已有 MML 参数，属于当前参数树分组,YES_SAME_EXISTING_GROUP_CODE,high,SF,小区服务参数管理,LTE,Device.Services.FAPService.{i}.Capabilities.LTE.,DEVICE_SERVICES_FAPSERVICE_CAPABILITIES_LTE,existing_mml_group_code_from_analysis,omcgo/data/model-library/standard-params-to-mml-tree-analysis-20260703.detail.csv,SF,小区服务参数管理,LTE,Device.Services.FAPService.{i}.Capabilities.LTE.,READ_ONLY,U_INT
Device.Services.FAPService.{i}.Capabilities.LTE.DuplexMode,yes,direct_existing_mml_group,同 target_group_code 已有 MML 参数，属于当前参数树分组,YES_SAME_EXISTING_GROUP_CODE,high,SF,小区服务参数管理,LTE,Device.Services.FAPService.{i}.Capabilities.LTE.,DEVICE_SERVICES_FAPSERVICE_CAPABILITIES_LTE,existing_mml_group_code_from_analysis,omcgo/data/model-library/standard-params-to-mml-tree-analysis-20260703.detail.csv,SF,小区服务参数管理,LTE,Device.Services.FAPService.{i}.Capabilities.LTE.,READ_ONLY,STRING
Device.Services.FAPService.{i}.Capabilities.LTE.SupportActiveRRCNumbers,yes,direct_existing_mml_group,同 target_group_code 已有 MML 参数，属于当前参数树分组,YES_SAME_EXISTING_GROUP_CODE,high,SF,小区服务参数管理,LTE,Device.Services.FAPService.{i}.Capabilities.LTE.,DEVICE_SERVICES_FAPSERVICE_CAPABILITIES_LTE,existing_mml_group_code_from_analysis,omcgo/data/model-library/standard-params-to-mml-tree-analysis-20260703.detail.csv,SF,小区服务参数管理,LTE,Device.Services.FAPService.{i}.Capabilities.LTE.,READ_ONLY,U_INT
Device.Services.FAPService.{i}.Capabilities.LTE.UeInactiveTimer,yes,direct_existing_mml_group,同 target_group_code 已有 MML 参数，属于当前参数树分组,YES_SAME_EXISTING_GROUP_CODE,high,SF,小区服务参数管理,LTE,Device.Services.FAPService.{i}.Capabilities.LTE.,DEVICE_SERVICES_FAPSERVICE_CAPABILITIES_LTE,existing_mml_group_code_from_analysis,omcgo/data/model-library/standard-params-to-mml-tree-analysis-20260703.detail.csv,SF,小区服务参数管理,LTE,Device.Services.FAPService.{i}.Capabilities.LTE.,READ_WRITE,U_INT
Device.Services.FAPService.{i}.FAPControl.LTE.AdminState,yes,existing_mml_parent_object_group,命中 mmlstandardloader seed/catalog 的现有 object_path 分组；加入 sub_field 后可显示在当前参数树,YES_EXISTING_JSON_PARENT_GROUP,medium,SF,小区服务参数管理（总体）,FAP 载波基本配置,Device.Services.FAPService.{i}.,,json_seed_and_catalog_existing_group,omcgo/internal/config/parammodel/mmlstandardloader/seeds/cmcc_tdlte_v23.json; omcgo/datamodels/mml-catalog/cmcc-tdlte-v2.3.json,SF,小区服务参数管理,LTE,Device.Services.FAPService.{i}.FAPControl.LTE.,READ_WRITE,BOOLEAN
Device.Services.FAPService.{i}.FAPControl.LTE.InUse,yes,existing_mml_parent_object_group,命中 mmlstandardloader seed/catalog 的现有 object_path 分组；加入 sub_field 后可显示在当前参数树,YES_EXISTING_JSON_PARENT_GROUP,medium,SF,小区服务参数管理（总体）,FAP 载波基本配置,Device.Services.FAPService.{i}.,,json_seed_and_catalog_existing_group,omcgo/internal/config/parammodel/mmlstandardloader/seeds/cmcc_tdlte_v23.json; omcgo/datamodels/mml-catalog/cmcc-tdlte-v2.3.json,SF,小区服务参数管理,LTE,Device.Services.FAPService.{i}.FAPControl.LTE.,READ_WRITE,STRING
Device.Services.FAPService.{i}.FAPControl.LTE.OpState,yes,existing_mml_parent_object_group,命中 mmlstandardloader seed/catalog 的现有 object_path 分组；加入 sub_field 后可显示在当前参数树,YES_EXISTING_JSON_PARENT_GROUP,medium,SF,小区服务参数管理（总体）,FAP 载波基本配置,Device.Services.FAPService.{i}.,,json_seed_and_catalog_existing_group,omcgo/internal/config/parammodel/mmlstandardloader/seeds/cmcc_tdlte_v23.json; omcgo/datamodels/mml-catalog/cmcc-tdlte-v2.3.json,SF,小区服务参数管理,LTE,Device.Services.FAPService.{i}.FAPControl.LTE.,READ_WRITE,STRING
Device.Services.FAPService.{i}.FAPControl.LTE.RFTxStatus,yes,existing_mml_parent_object_group,命中 mmlstandardloader seed/catalog 的现有 object_path 分组；加入 sub_field 后可显示在当前参数树,YES_EXISTING_JSON_PARENT_GROUP,medium,SF,小区服务参数管理（总体）,FAP 载波基本配置,Device.Services.FAPService.{i}.,,json_seed_and_catalog_existing_group,omcgo/internal/config/parammodel/mmlstandardloader/seeds/cmcc_tdlte_v23.json; omcgo/datamodels/mml-catalog/cmcc-tdlte-v2.3.json,SF,小区服务参数管理,LTE,Device.Services.FAPService.{i}.FAPControl.LTE.,READ_WRITE,BOOLEAN
Device.Services.FAPService.{i}.FAPControl.LTE.RUHOControlEnable,yes,existing_mml_parent_object_group,命中 mmlstandardloader seed/catalog 的现有 object_path 分组；加入 sub_field 后可显示在当前参数树,YES_EXISTING_JSON_PARENT_GROUP,medium,SF,小区服务参数管理（总体）,FAP 载波基本配置,Device.Services.FAPService.{i}.,,json_seed_and_catalog_existing_group,omcgo/internal/config/parammodel/mmlstandardloader/seeds/cmcc_tdlte_v23.json; omcgo/datamodels/mml-catalog/cmcc-tdlte-v2.3.json,SF,小区服务参数管理,LTE,Device.Services.FAPService.{i}.FAPControl.LTE.,READ_WRITE,BOOLEAN
Device.Services.FAPService.{i}.FAPControl.LTE.SourcedSignalEnable,yes,existing_mml_parent_object_group,命中 mmlstandardloader seed/catalog 的现有 object_path 分组；加入 sub_field 后可显示在当前参数树,YES_EXISTING_JSON_PARENT_GROUP,medium,SF,小区服务参数管理（总体）,FAP 载波基本配置,Device.Services.FAPService.{i}.,,json_seed_and_catalog_existing_group,omcgo/internal/config/parammodel/mmlstandardloader/seeds/cmcc_tdlte_v23.json; omcgo/datamodels/mml-catalog/cmcc-tdlte-v2.3.json,SF,小区服务参数管理,LTE,Device.Services.FAPService.{i}.FAPControl.LTE.,READ_WRITE,BOOLEAN
Device.Services.FAPService.{i}.X_COM.LTE.HOVA3Offset,yes,existing_mml_parent_object_group,命中 mmlstandardloader seed/catalog 的现有 object_path 分组；加入 sub_field 后可显示在当前参数树,YES_EXISTING_JSON_PARENT_GROUP,medium,SF,小区服务参数管理（总体）,FAP 载波基本配置,Device.Services.FAPService.{i}.,,json_seed_and_catalog_existing_group,omcgo/internal/config/parammodel/mmlstandardloader/seeds/cmcc_tdlte_v23.json; omcgo/datamodels/mml-catalog/cmcc-tdlte-v2.3.json,SF,小区服务参数管理,LTE,Device.Services.FAPService.{i}.X_COM.LTE.,READ_WRITE,STRING
Device.Services.FAPService.{i}.X_COM.LTE.HOVInterA5Threshold1RSRP,yes,existing_mml_parent_object_group,命中 mmlstandardloader seed/catalog 的现有 object_path 分组；加入 sub_field 后可显示在当前参数树,YES_EXISTING_JSON_PARENT_GROUP,medium,SF,小区服务参数管理（总体）,FAP 载波基本配置,Device.Services.FAPService.{i}.,,json_seed_and_catalog_existing_group,omcgo/internal/config/parammodel/mmlstandardloader/seeds/cmcc_tdlte_v23.json; omcgo/datamodels/mml-catalog/cmcc-tdlte-v2.3.json,SF,小区服务参数管理,LTE,Device.Services.FAPService.{i}.X_COM.LTE.,READ_WRITE,STRING
Device.Services.FAPService.{i}.X_COM.LTE.HOVInterA5Threshold2RSRP,yes,existing_mml_parent_object_group,命中 mmlstandardloader seed/catalog 的现有 object_path 分组；加入 sub_field 后可显示在当前参数树,YES_EXISTING_JSON_PARENT_GROUP,medium,SF,小区服务参数管理（总体）,FAP 载波基本配置,Device.Services.FAPService.{i}.,,json_seed_and_catalog_existing_group,omcgo/internal/config/parammodel/mmlstandardloader/seeds/cmcc_tdlte_v23.json; omcgo/datamodels/mml-catalog/cmcc-tdlte-v2.3.json,SF,小区服务参数管理,LTE,Device.Services.FAPService.{i}.X_COM.LTE.,READ_WRITE,STRING
Device.Services.FAPService.{i}.FAPControl.NR.LgwFwdCfg.LgwBindName,yes,existing_mml_parent_object_group,命中 mmlstandardloader seed/catalog 的现有 object_path 分组；加入 sub_field 后可显示在当前参数树,YES_EXISTING_JSON_PARENT_GROUP,medium,SF,小区服务参数管理（总体）,FAP 载波基本配置,Device.Services.FAPService.{i}.,,json_seed_and_catalog_existing_group,omcgo/internal/config/parammodel/mmlstandardloader/seeds/cmcc_tdlte_v23.json; omcgo/datamodels/mml-catalog/cmcc-tdlte-v2.3.json,SF,小区服务参数管理,LgwFwdCfg,Device.Services.FAPService.{i}.FAPControl.NR.LgwFwdCfg.,READ_WRITE,STRING
Device.Services.FAPService.{i}.FAPControl.NR.LgwFwdCfg.LgwEnable,yes,existing_mml_parent_object_group,命中 mmlstandardloader seed/catalog 的现有 object_path 分组；加入 sub_field 后可显示在当前参数树,YES_EXISTING_JSON_PARENT_GROUP,medium,SF,小区服务参数管理（总体）,FAP 载波基本配置,Device.Services.FAPService.{i}.,,json_seed_and_catalog_existing_group,omcgo/internal/config/parammodel/mmlstandardloader/seeds/cmcc_tdlte_v23.json; omcgo/datamodels/mml-catalog/cmcc-tdlte-v2.3.json,SF,小区服务参数管理,LgwFwdCfg,Device.Services.FAPService.{i}.FAPControl.NR.LgwFwdCfg.,READ_WRITE,STRING
Device.Services.FAPService.{i}.FAPControl.NR.LgwFwdCfg.LgwFwdIpv4Addr,yes,existing_mml_parent_object_group,命中 mmlstandardloader seed/catalog 的现有 object_path 分组；加入 sub_field 后可显示在当前参数树,YES_EXISTING_JSON_PARENT_GROUP,medium,SF,小区服务参数管理（总体）,FAP 载波基本配置,Device.Services.FAPService.{i}.,,json_seed_and_catalog_existing_group,omcgo/internal/config/parammodel/mmlstandardloader/seeds/cmcc_tdlte_v23.json; omcgo/datamodels/mml-catalog/cmcc-tdlte-v2.3.json,SF,小区服务参数管理,LgwFwdCfg,Device.Services.FAPService.{i}.FAPControl.NR.LgwFwdCfg.,READ_WRITE,STRING
Device.Services.FAPService.{i}.FAPControl.NR.LgwFwdCfg.LgwFwdIpv4Enable,yes,existing_mml_parent_object_group,命中 mmlstandardloader seed/catalog 的现有 object_path 分组；加入 sub_field 后可显示在当前参数树,YES_EXISTING_JSON_PARENT_GROUP,medium,SF,小区服务参数管理（总体）,FAP 载波基本配置,Device.Services.FAPService.{i}.,,json_seed_and_catalog_existing_group,omcgo/internal/config/parammodel/mmlstandardloader/seeds/cmcc_tdlte_v23.json; omcgo/datamodels/mml-catalog/cmcc-tdlte-v2.3.json,SF,小区服务参数管理,LgwFwdCfg,Device.Services.FAPService.{i}.FAPControl.NR.LgwFwdCfg.,READ_WRITE,STRING
Device.Services.FAPService.{i}.FAPControl.NR.LgwFwdCfg.LgwFwdIpv4Mask,yes,existing_mml_parent_object_group,命中 mmlstandardloader seed/catalog 的现有 object_path 分组；加入 sub_field 后可显示在当前参数树,YES_EXISTING_JSON_PARENT_GROUP,medium,SF,小区服务参数管理（总体）,FAP 载波基本配置,Device.Services.FAPService.{i}.,,json_seed_and_catalog_existing_group,omcgo/internal/config/parammodel/mmlstandardloader/seeds/cmcc_tdlte_v23.json; omcgo/datamodels/mml-catalog/cmcc-tdlte-v2.3.json,SF,小区服务参数管理,LgwFwdCfg,Device.Services.FAPService.{i}.FAPControl.NR.LgwFwdCfg.,READ_WRITE,STRING
Device.Services.FAPService.{i}.FAPControl.NR.LgwFwdCfg.LgwFwdIpv6Addr,yes,existing_mml_parent_object_group,命中 mmlstandardloader seed/catalog 的现有 object_path 分组；加入 sub_field 后可显示在当前参数树,YES_EXISTING_JSON_PARENT_GROUP,medium,SF,小区服务参数管理（总体）,FAP 载波基本配置,Device.Services.FAPService.{i}.,,json_seed_and_catalog_existing_group,omcgo/internal/config/parammodel/mmlstandardloader/seeds/cmcc_tdlte_v23.json; omcgo/datamodels/mml-catalog/cmcc-tdlte-v2.3.json,SF,小区服务参数管理,LgwFwdCfg,Device.Services.FAPService.{i}.FAPControl.NR.LgwFwdCfg.,READ_WRITE,STRING
Device.Services.FAPService.{i}.FAPControl.NR.LgwFwdCfg.LgwFwdIpv6Enable,yes,existing_mml_parent_object_group,命中 mmlstandardloader seed/catalog 的现有 object_path 分组；加入 sub_field 后可显示在当前参数树,YES_EXISTING_JSON_PARENT_GROUP,medium,SF,小区服务参数管理（总体）,FAP 载波基本配置,Device.Services.FAPService.{i}.,,json_seed_and_catalog_existing_group,omcgo/internal/config/parammodel/mmlstandardloader/seeds/cmcc_tdlte_v23.json; omcgo/datamodels/mml-catalog/cmcc-tdlte-v2.3.json,SF,小区服务参数管理,LgwFwdCfg,Device.Services.FAPService.{i}.FAPControl.NR.LgwFwdCfg.,READ_WRITE,STRING
Device.Services.FAPService.{i}.FAPControl.NR.LgwFwdCfg.LgwFwdIpv6PrefixLen,yes,existing_mml_parent_object_group,命中 mmlstandardloader seed/catalog 的现有 object_path 分组；加入 sub_field 后可显示在当前参数树,YES_EXISTING_JSON_PARENT_GROUP,medium,SF,小区服务参数管理（总体）,FAP 载波基本配置,Device.Services.FAPService.{i}.,,json_seed_and_catalog_existing_group,omcgo/internal/config/parammodel/mmlstandardloader/seeds/cmcc_tdlte_v23.json; omcgo/datamodels/mml-catalog/cmcc-tdlte-v2.3.json,SF,小区服务参数管理,LgwFwdCfg,Device.Services.FAPService.{i}.FAPControl.NR.LgwFwdCfg.,READ_WRITE,STRING
Device.Services.FAPService.{i}.FAPControl.NR.LgwFwdCfg.LgwFwdMode,yes,existing_mml_parent_object_group,命中 mmlstandardloader seed/catalog 的现有 object_path 分组；加入 sub_field 后可显示在当前参数树,YES_EXISTING_JSON_PARENT_GROUP,medium,SF,小区服务参数管理（总体）,FAP 载波基本配置,Device.Services.FAPService.{i}.,,json_seed_and_catalog_existing_group,omcgo/internal/config/parammodel/mmlstandardloader/seeds/cmcc_tdlte_v23.json; omcgo/datamodels/mml-catalog/cmcc-tdlte-v2.3.json,SF,小区服务参数管理,LgwFwdCfg,Device.Services.FAPService.{i}.FAPControl.NR.LgwFwdCfg.,READ_WRITE,STRING
Device.Services.FAPService.{i}.CellConfig.{i}.NR.MacSchedulerInfo.MacLogLevel,yes,existing_mml_parent_object_group,命中 mmlstandardloader seed/catalog 的现有 object_path 分组；加入 sub_field 后可显示在当前参数树,YES_EXISTING_JSON_PARENT_GROUP,medium,SF,小区服务参数管理（总体）,FAP 载波基本配置,Device.Services.FAPService.{i}.,,json_seed_and_catalog_existing_group,omcgo/internal/config/parammodel/mmlstandardloader/seeds/cmcc_tdlte_v23.json; omcgo/datamodels/mml-catalog/cmcc-tdlte-v2.3.json,SF,小区服务参数管理,MacSchedulerInfo,Device.Services.FAPService.{i}.CellConfig.{i}.NR.MacSchedulerInfo.,READ_WRITE,STRING
Device.Services.FAPService.{i}.CellConfig.{i}.NR.MacSchedulerInfo.SchLogLevel,yes,existing_mml_parent_object_group,命中 mmlstandardloader seed/catalog 的现有 object_path 分组；加入 sub_field 后可显示在当前参数树,YES_EXISTING_JSON_PARENT_GROUP,medium,SF,小区服务参数管理（总体）,FAP 载波基本配置,Device.Services.FAPService.{i}.,,json_seed_and_catalog_existing_group,omcgo/internal/config/parammodel/mmlstandardloader/seeds/cmcc_tdlte_v23.json; omcgo/datamodels/mml-catalog/cmcc-tdlte-v2.3.json,SF,小区服务参数管理,MacSchedulerInfo,Device.Services.FAPService.{i}.CellConfig.{i}.NR.MacSchedulerInfo.,READ_WRITE,STRING
Device.Services.FAPService.{i}.FAPControl.LTE.Gateway.MmePool.Enable,yes,existing_mml_parent_object_group,命中 mmlstandardloader seed/catalog 的现有 object_path 分组；加入 sub_field 后可显示在当前参数树,YES_EXISTING_JSON_PARENT_GROUP,medium,SF,小区服务参数管理（总体）,FAP 载波基本配置,Device.Services.FAPService.{i}.,,json_seed_and_catalog_existing_group,omcgo/internal/config/parammodel/mmlstandardloader/seeds/cmcc_tdlte_v23.json; omcgo/datamodels/mml-catalog/cmcc-tdlte-v2.3.json,SF,小区服务参数管理,MmePool,Device.Services.FAPService.{i}.FAPControl.LTE.Gateway.MmePool.,READ_WRITE,BOOLEAN
Device.Services.FAPService.{i}.FAPControl.LTE.Gateway.MmePool.MmePool1IpsecAddr,yes,existing_mml_parent_object_group,命中 mmlstandardloader seed/catalog 的现有 object_path 分组；加入 sub_field 后可显示在当前参数树,YES_EXISTING_JSON_PARENT_GROUP,medium,SF,小区服务参数管理（总体）,FAP 载波基本配置,Device.Services.FAPService.{i}.,,json_seed_and_catalog_existing_group,omcgo/internal/config/parammodel/mmlstandardloader/seeds/cmcc_tdlte_v23.json; omcgo/datamodels/mml-catalog/cmcc-tdlte-v2.3.json,SF,小区服务参数管理,MmePool,Device.Services.FAPService.{i}.FAPControl.LTE.Gateway.MmePool.,READ_ONLY,STRING
Device.Services.FAPService.{i}.FAPControl.LTE.Gateway.MmePool.MmePool1List,yes,existing_mml_parent_object_group,命中 mmlstandardloader seed/catalog 的现有 object_path 分组；加入 sub_field 后可显示在当前参数树,YES_EXISTING_JSON_PARENT_GROUP,medium,SF,小区服务参数管理（总体）,FAP 载波基本配置,Device.Services.FAPService.{i}.,,json_seed_and_catalog_existing_group,omcgo/internal/config/parammodel/mmlstandardloader/seeds/cmcc_tdlte_v23.json; omcgo/datamodels/mml-catalog/cmcc-tdlte-v2.3.json,SF,小区服务参数管理,MmePool,Device.Services.FAPService.{i}.FAPControl.LTE.Gateway.MmePool.,READ_WRITE,STRING
Device.Services.FAPService.{i}.FAPControl.LTE.Gateway.MmePool.MmePool1Status,yes,existing_mml_parent_object_group,命中 mmlstandardloader seed/catalog 的现有 object_path 分组；加入 sub_field 后可显示在当前参数树,YES_EXISTING_JSON_PARENT_GROUP,medium,SF,小区服务参数管理（总体）,FAP 载波基本配置,Device.Services.FAPService.{i}.,,json_seed_and_catalog_existing_group,omcgo/internal/config/parammodel/mmlstandardloader/seeds/cmcc_tdlte_v23.json; omcgo/datamodels/mml-catalog/cmcc-tdlte-v2.3.json,SF,小区服务参数管理,MmePool,Device.Services.FAPService.{i}.FAPControl.LTE.Gateway.MmePool.,READ_ONLY,STRING
Device.Services.FAPService.{i}.FAPControl.LTE.Gateway.MmePool.MmePool2IpsecAddr,yes,existing_mml_parent_object_group,命中 mmlstandardloader seed/catalog 的现有 object_path 分组；加入 sub_field 后可显示在当前参数树,YES_EXISTING_JSON_PARENT_GROUP,medium,SF,小区服务参数管理（总体）,FAP 载波基本配置,Device.Services.FAPService.{i}.,,json_seed_and_catalog_existing_group,omcgo/internal/config/parammodel/mmlstandardloader/seeds/cmcc_tdlte_v23.json; omcgo/datamodels/mml-catalog/cmcc-tdlte-v2.3.json,SF,小区服务参数管理,MmePool,Device.Services.FAPService.{i}.FAPControl.LTE.Gateway.MmePool.,READ_ONLY,STRING
Device.Services.FAPService.{i}.FAPControl.LTE.Gateway.MmePool.MmePool2List,yes,existing_mml_parent_object_group,命中 mmlstandardloader seed/catalog 的现有 object_path 分组；加入 sub_field 后可显示在当前参数树,YES_EXISTING_JSON_PARENT_GROUP,medium,SF,小区服务参数管理（总体）,FAP 载波基本配置,Device.Services.FAPService.{i}.,,json_seed_and_catalog_existing_group,omcgo/internal/config/parammodel/mmlstandardloader/seeds/cmcc_tdlte_v23.json; omcgo/datamodels/mml-catalog/cmcc-tdlte-v2.3.json,SF,小区服务参数管理,MmePool,Device.Services.FAPService.{i}.FAPControl.LTE.Gateway.MmePool.,READ_WRITE,STRING
Device.Services.FAPService.{i}.FAPControl.LTE.Gateway.MmePool.MmePool2Status,yes,existing_mml_parent_object_group,命中 mmlstandardloader seed/catalog 的现有 object_path 分组；加入 sub_field 后可显示在当前参数树,YES_EXISTING_JSON_PARENT_GROUP,medium,SF,小区服务参数管理（总体）,FAP 载波基本配置,Device.Services.FAPService.{i}.,,json_seed_and_catalog_existing_group,omcgo/internal/config/parammodel/mmlstandardloader/seeds/cmcc_tdlte_v23.json; omcgo/datamodels/mml-catalog/cmcc-tdlte-v2.3.json,SF,小区服务参数管理,MmePool,Device.Services.FAPService.{i}.FAPControl.LTE.Gateway.MmePool.,READ_ONLY,STRING
Device.Services.FAPService.{i}.FAPControl.LTE.Gateway.MmePool.MmePoolListMapIpsecTunnel,yes,existing_mml_parent_object_group,命中 mmlstandardloader seed/catalog 的现有 object_path 分组；加入 sub_field 后可显示在当前参数树,YES_EXISTING_JSON_PARENT_GROUP,medium,SF,小区服务参数管理（总体）,FAP 载波基本配置,Device.Services.FAPService.{i}.,,json_seed_and_catalog_existing_group,omcgo/internal/config/parammodel/mmlstandardloader/seeds/cmcc_tdlte_v23.json; omcgo/datamodels/mml-catalog/cmcc-tdlte-v2.3.json,SF,小区服务参数管理,MmePool,Device.Services.FAPService.{i}.FAPControl.LTE.Gateway.MmePool.,READ_WRITE,STRING
Device.Services.FAPService.{i}.CellConfig.LTE.MocnConfigParam.{i},yes,existing_mml_parent_object_group,命中 mmlstandardloader seed/catalog 的现有 object_path 分组；加入 sub_field 后可显示在当前参数树,YES_EXISTING_JSON_PARENT_GROUP,medium,SF,小区服务参数管理（总体）,FAP 载波基本配置,Device.Services.FAPService.{i}.,,json_seed_and_catalog_existing_group,omcgo/internal/config/parammodel/mmlstandardloader/seeds/cmcc_tdlte_v23.json; omcgo/datamodels/mml-catalog/cmcc-tdlte-v2.3.json,SF,小区服务参数管理,MocnConfigParam,Device.Services.FAPService.{i}.CellConfig.LTE.MocnConfigParam.,READ_WRITE,STRING
Device.Services.FAPService.{i}.CellConfig.LTE.MultiIpsecConfigParam.{i},yes,existing_mml_parent_object_group,命中 mmlstandardloader seed/catalog 的现有 object_path 分组；加入 sub_field 后可显示在当前参数树,YES_EXISTING_JSON_PARENT_GROUP,medium,SF,小区服务参数管理（总体）,FAP 载波基本配置,Device.Services.FAPService.{i}.,,json_seed_and_catalog_existing_group,omcgo/internal/config/parammodel/mmlstandardloader/seeds/cmcc_tdlte_v23.json; omcgo/datamodels/mml-catalog/cmcc-tdlte-v2.3.json,SF,小区服务参数管理,MultiIpsecConfigParam,Device.Services.FAPService.{i}.CellConfig.LTE.MultiIpsecConfigParam.,READ_WRITE,STRING
Device.Services.FAPService.{i}.FAPControl.NR.MultiPlmnEnable,yes,existing_mml_parent_object_group,命中 mmlstandardloader seed/catalog 的现有 object_path 分组；加入 sub_field 后可显示在当前参数树,YES_EXISTING_JSON_PARENT_GROUP,medium,SF,小区服务参数管理（总体）,FAP 载波基本配置,Device.Services.FAPService.{i}.,,json_seed_and_catalog_existing_group,omcgo/internal/config/parammodel/mmlstandardloader/seeds/cmcc_tdlte_v23.json; omcgo/datamodels/mml-catalog/cmcc-tdlte-v2.3.json,SF,小区服务参数管理,NR,Device.Services.FAPService.{i}.FAPControl.NR.,READ_WRITE,STRING
Device.Services.FAPService.{i}.FAPControl.NR.NgapDscp.Dscp,yes,existing_mml_parent_object_group,命中 mmlstandardloader seed/catalog 的现有 object_path 分组；加入 sub_field 后可显示在当前参数树,YES_EXISTING_JSON_PARENT_GROUP,medium,SF,小区服务参数管理（总体）,FAP 载波基本配置,Device.Services.FAPService.{i}.,,json_seed_and_catalog_existing_group,omcgo/internal/config/parammodel/mmlstandardloader/seeds/cmcc_tdlte_v23.json; omcgo/datamodels/mml-catalog/cmcc-tdlte-v2.3.json,SF,小区服务参数管理,NgapDscp,Device.Services.FAPService.{i}.FAPControl.NR.NgapDscp.,READ_WRITE,STRING
Device.Services.FAPService.{i}.FAPControl.NR.NgapDscp.VlanPrio,yes,existing_mml_parent_object_group,命中 mmlstandardloader seed/catalog 的现有 object_path 分组；加入 sub_field 后可显示在当前参数树,YES_EXISTING_JSON_PARENT_GROUP,medium,SF,小区服务参数管理（总体）,FAP 载波基本配置,Device.Services.FAPService.{i}.,,json_seed_and_catalog_existing_group,omcgo/internal/config/parammodel/mmlstandardloader/seeds/cmcc_tdlte_v23.json; omcgo/datamodels/mml-catalog/cmcc-tdlte-v2.3.json,SF,小区服务参数管理,NgapDscp,Device.Services.FAPService.{i}.FAPControl.NR.NgapDscp.,READ_WRITE,STRING
Device.Services.FAPService.{i}.FAPControl.NR.OamDscp.Dscp,yes,existing_mml_parent_object_group,命中 mmlstandardloader seed/catalog 的现有 object_path 分组；加入 sub_field 后可显示在当前参数树,YES_EXISTING_JSON_PARENT_GROUP,medium,SF,小区服务参数管理（总体）,FAP 载波基本配置,Device.Services.FAPService.{i}.,,json_seed_and_catalog_existing_group,omcgo/internal/config/parammodel/mmlstandardloader/seeds/cmcc_tdlte_v23.json; omcgo/datamodels/mml-catalog/cmcc-tdlte-v2.3.json,SF,小区服务参数管理,OamDscp,Device.Services.FAPService.{i}.FAPControl.NR.OamDscp.,READ_WRITE,STRING
Device.Services.FAPService.{i}.FAPControl.NR.OamDscp.VlanPrio,yes,existing_mml_parent_object_group,命中 mmlstandardloader seed/catalog 的现有 object_path 分组；加入 sub_field 后可显示在当前参数树,YES_EXISTING_JSON_PARENT_GROUP,medium,SF,小区服务参数管理（总体）,FAP 载波基本配置,Device.Services.FAPService.{i}.,,json_seed_and_catalog_existing_group,omcgo/internal/config/parammodel/mmlstandardloader/seeds/cmcc_tdlte_v23.json; omcgo/datamodels/mml-catalog/cmcc-tdlte-v2.3.json,SF,小区服务参数管理,OamDscp,Device.Services.FAPService.{i}.FAPControl.NR.OamDscp.,READ_WRITE,STRING
Device.Services.FAPService.{i}.CellConfig.{i}.NR.CN.TA.{i}.PLMNList.{i},yes,existing_mml_parent_object_group,命中 mmlstandardloader seed/catalog 的现有 object_path 分组；加入 sub_field 后可显示在当前参数树,YES_EXISTING_JSON_PARENT_GROUP,medium,SF,小区服务参数管理（总体）,FAP 载波基本配置,Device.Services.FAPService.{i}.,,json_seed_and_catalog_existing_group,omcgo/internal/config/parammodel/mmlstandardloader/seeds/cmcc_tdlte_v23.json; omcgo/datamodels/mml-catalog/cmcc-tdlte-v2.3.json,SF,小区服务参数管理,PLMNList,Device.Services.FAPService.{i}.CellConfig.{i}.NR.CN.TA.{i}.PLMNList.,READ_WRITE,STRING
Device.Services.FAPService.{i}.FAPControl.NR.PdcpLog.PdcpLogLevel,yes,existing_mml_parent_object_group,命中 mmlstandardloader seed/catalog 的现有 object_path 分组；加入 sub_field 后可显示在当前参数树,YES_EXISTING_JSON_PARENT_GROUP,medium,SF,小区服务参数管理（总体）,FAP 载波基本配置,Device.Services.FAPService.{i}.,,json_seed_and_catalog_existing_group,omcgo/internal/config/parammodel/mmlstandardloader/seeds/cmcc_tdlte_v23.json; omcgo/datamodels/mml-catalog/cmcc-tdlte-v2.3.json,SF,小区服务参数管理,PdcpLog,Device.Services.FAPService.{i}.FAPControl.NR.PdcpLog.,READ_WRITE,STRING
Device.Services.FAPService.{i}.FAPControl.Qos.QosSstInfo.{i},yes,existing_mml_parent_object_group,命中 mmlstandardloader seed/catalog 的现有 object_path 分组；加入 sub_field 后可显示在当前参数树,YES_EXISTING_JSON_PARENT_GROUP,medium,SF,小区服务参数管理（总体）,FAP 载波基本配置,Device.Services.FAPService.{i}.,,json_seed_and_catalog_existing_group,omcgo/internal/config/parammodel/mmlstandardloader/seeds/cmcc_tdlte_v23.json; omcgo/datamodels/mml-catalog/cmcc-tdlte-v2.3.json,SF,小区服务参数管理,QosSstInfo,Device.Services.FAPService.{i}.FAPControl.Qos.QosSstInfo.,READ_WRITE,STRING
Device.Services.FAPService.{i}.FAPControl.NR.RlcLog.RlcLogLevel,yes,existing_mml_parent_object_group,命中 mmlstandardloader seed/catalog 的现有 object_path 分组；加入 sub_field 后可显示在当前参数树,YES_EXISTING_JSON_PARENT_GROUP,medium,SF,小区服务参数管理（总体）,FAP 载波基本配置,Device.Services.FAPService.{i}.,,json_seed_and_catalog_existing_group,omcgo/internal/config/parammodel/mmlstandardloader/seeds/cmcc_tdlte_v23.json; omcgo/datamodels/mml-catalog/cmcc-tdlte-v2.3.json,SF,小区服务参数管理,RlcLog,Device.Services.FAPService.{i}.FAPControl.NR.RlcLog.,READ_WRITE,STRING
Device.Services.FAPService.{i}.FAPControl.NR.RlcLog.RlclLogLevel,yes,existing_mml_parent_object_group,命中 mmlstandardloader seed/catalog 的现有 object_path 分组；加入 sub_field 后可显示在当前参数树,YES_EXISTING_JSON_PARENT_GROUP,medium,SF,小区服务参数管理（总体）,FAP 载波基本配置,Device.Services.FAPService.{i}.,,json_seed_and_catalog_existing_group,omcgo/internal/config/parammodel/mmlstandardloader/seeds/cmcc_tdlte_v23.json; omcgo/datamodels/mml-catalog/cmcc-tdlte-v2.3.json,SF,小区服务参数管理,RlcLog,Device.Services.FAPService.{i}.FAPControl.NR.RlcLog.,READ_WRITE,STRING
Device.Services.FAPService.{i}.FAPControl.NR.RrcProv.RrcMaxLogFileCount,yes,existing_mml_parent_object_group,命中 mmlstandardloader seed/catalog 的现有 object_path 分组；加入 sub_field 后可显示在当前参数树,YES_EXISTING_JSON_PARENT_GROUP,medium,SF,小区服务参数管理（总体）,FAP 载波基本配置,Device.Services.FAPService.{i}.,,json_seed_and_catalog_existing_group,omcgo/internal/config/parammodel/mmlstandardloader/seeds/cmcc_tdlte_v23.json; omcgo/datamodels/mml-catalog/cmcc-tdlte-v2.3.json,SF,小区服务参数管理,RrcProv,Device.Services.FAPService.{i}.FAPControl.NR.RrcProv.,READ_WRITE,STRING
Device.Services.FAPService.{i}.FAPControl.NR.RrcProv.RrcMaxLogFileSize,yes,existing_mml_parent_object_group,命中 mmlstandardloader seed/catalog 的现有 object_path 分组；加入 sub_field 后可显示在当前参数树,YES_EXISTING_JSON_PARENT_GROUP,medium,SF,小区服务参数管理（总体）,FAP 载波基本配置,Device.Services.FAPService.{i}.,,json_seed_and_catalog_existing_group,omcgo/internal/config/parammodel/mmlstandardloader/seeds/cmcc_tdlte_v23.json; omcgo/datamodels/mml-catalog/cmcc-tdlte-v2.3.json,SF,小区服务参数管理,RrcProv,Device.Services.FAPService.{i}.FAPControl.NR.RrcProv.,READ_WRITE,STRING
Device.Services.FAPService.{i}.FAPControl.NR.RrcProv.RrcSharedMemSize,yes,existing_mml_parent_object_group,命中 mmlstandardloader seed/catalog 的现有 object_path 分组；加入 sub_field 后可显示在当前参数树,YES_EXISTING_JSON_PARENT_GROUP,medium,SF,小区服务参数管理（总体）,FAP 载波基本配置,Device.Services.FAPService.{i}.,,json_seed_and_catalog_existing_group,omcgo/internal/config/parammodel/mmlstandardloader/seeds/cmcc_tdlte_v23.json; omcgo/datamodels/mml-catalog/cmcc-tdlte-v2.3.json,SF,小区服务参数管理,RrcProv,Device.Services.FAPService.{i}.FAPControl.NR.RrcProv.,READ_WRITE,STRING
Device.Services.FAPService.{i}.CellConfig.{i}.NR.RrmLogConfig.OamLogFileCount,yes,existing_mml_parent_object_group,命中 mmlstandardloader seed/catalog 的现有 object_path 分组；加入 sub_field 后可显示在当前参数树,YES_EXISTING_JSON_PARENT_GROUP,medium,SF,小区服务参数管理（总体）,FAP 载波基本配置,Device.Services.FAPService.{i}.,,json_seed_and_catalog_existing_group,omcgo/internal/config/parammodel/mmlstandardloader/seeds/cmcc_tdlte_v23.json; omcgo/datamodels/mml-catalog/cmcc-tdlte-v2.3.json,SF,小区服务参数管理,RrmLogConfig,Device.Services.FAPService.{i}.CellConfig.{i}.NR.RrmLogConfig.,READ_WRITE,STRING
Device.Services.FAPService.{i}.CellConfig.{i}.NR.RrmLogConfig.OamLogFileSize,yes,existing_mml_parent_object_group,命中 mmlstandardloader seed/catalog 的现有 object_path 分组；加入 sub_field 后可显示在当前参数树,YES_EXISTING_JSON_PARENT_GROUP,medium,SF,小区服务参数管理（总体）,FAP 载波基本配置,Device.Services.FAPService.{i}.,,json_seed_and_catalog_existing_group,omcgo/internal/config/parammodel/mmlstandardloader/seeds/cmcc_tdlte_v23.json; omcgo/datamodels/mml-catalog/cmcc-tdlte-v2.3.json,SF,小区服务参数管理,RrmLogConfig,Device.Services.FAPService.{i}.CellConfig.{i}.NR.RrmLogConfig.,READ_WRITE,STRING
Device.Services.FAPService.{i}.CellConfig.{i}.NR.RrmLogConfig.OamShmSize,yes,existing_mml_parent_object_group,命中 mmlstandardloader seed/catalog 的现有 object_path 分组；加入 sub_field 后可显示在当前参数树,YES_EXISTING_JSON_PARENT_GROUP,medium,SF,小区服务参数管理（总体）,FAP 载波基本配置,Device.Services.FAPService.{i}.,,json_seed_and_catalog_existing_group,omcgo/internal/config/parammodel/mmlstandardloader/seeds/cmcc_tdlte_v23.json; omcgo/datamodels/mml-catalog/cmcc-tdlte-v2.3.json,SF,小区服务参数管理,RrmLogConfig,Device.Services.FAPService.{i}.CellConfig.{i}.NR.RrmLogConfig.,READ_WRITE,STRING
Device.Services.FAPService.{i}.CellConfig.{i}.NR.RrmLogConfig.RrmFileCount,yes,existing_mml_parent_object_group,命中 mmlstandardloader seed/catalog 的现有 object_path 分组；加入 sub_field 后可显示在当前参数树,YES_EXISTING_JSON_PARENT_GROUP,medium,SF,小区服务参数管理（总体）,FAP 载波基本配置,Device.Services.FAPService.{i}.,,json_seed_and_catalog_existing_group,omcgo/internal/config/parammodel/mmlstandardloader/seeds/cmcc_tdlte_v23.json; omcgo/datamodels/mml-catalog/cmcc-tdlte-v2.3.json,SF,小区服务参数管理,RrmLogConfig,Device.Services.FAPService.{i}.CellConfig.{i}.NR.RrmLogConfig.,READ_WRITE,STRING
Device.Services.FAPService.{i}.CellConfig.{i}.NR.RrmLogConfig.RrmLogFilesize,yes,existing_mml_parent_object_group,命中 mmlstandardloader seed/catalog 的现有 object_path 分组；加入 sub_field 后可显示在当前参数树,YES_EXISTING_JSON_PARENT_GROUP,medium,SF,小区服务参数管理（总体）,FAP 载波基本配置,Device.Services.FAPService.{i}.,,json_seed_and_catalog_existing_group,omcgo/internal/config/parammodel/mmlstandardloader/seeds/cmcc_tdlte_v23.json; omcgo/datamodels/mml-catalog/cmcc-tdlte-v2.3.json,SF,小区服务参数管理,RrmLogConfig,Device.Services.FAPService.{i}.CellConfig.{i}.NR.RrmLogConfig.,READ_WRITE,STRING
Device.Services.FAPService.{i}.CellConfig.{i}.NR.RrmLogConfig.RrmLogLevel,yes,existing_mml_parent_object_group,命中 mmlstandardloader seed/catalog 的现有 object_path 分组；加入 sub_field 后可显示在当前参数树,YES_EXISTING_JSON_PARENT_GROUP,medium,SF,小区服务参数管理（总体）,FAP 载波基本配置,Device.Services.FAPService.{i}.,,json_seed_and_catalog_existing_group,omcgo/internal/config/parammodel/mmlstandardloader/seeds/cmcc_tdlte_v23.json; omcgo/datamodels/mml-catalog/cmcc-tdlte-v2.3.json,SF,小区服务参数管理,RrmLogConfig,Device.Services.FAPService.{i}.CellConfig.{i}.NR.RrmLogConfig.,READ_WRITE,STRING
Device.Services.FAPService.{i}.CellConfig.{i}.NR.RrmLogConfig.RrmShmSize,yes,existing_mml_parent_object_group,命中 mmlstandardloader seed/catalog 的现有 object_path 分组；加入 sub_field 后可显示在当前参数树,YES_EXISTING_JSON_PARENT_GROUP,medium,SF,小区服务参数管理（总体）,FAP 载波基本配置,Device.Services.FAPService.{i}.,,json_seed_and_catalog_existing_group,omcgo/internal/config/parammodel/mmlstandardloader/seeds/cmcc_tdlte_v23.json; omcgo/datamodels/mml-catalog/cmcc-tdlte-v2.3.json,SF,小区服务参数管理,RrmLogConfig,Device.Services.FAPService.{i}.CellConfig.{i}.NR.RrmLogConfig.,READ_WRITE,STRING
Device.Services.FAPService.{i}.X_COM.LTE.SchedulerConfig.DLSchedulerType,yes,existing_mml_parent_object_group,命中 mmlstandardloader seed/catalog 的现有 object_path 分组；加入 sub_field 后可显示在当前参数树,YES_EXISTING_JSON_PARENT_GROUP,medium,SF,小区服务参数管理（总体）,FAP 载波基本配置,Device.Services.FAPService.{i}.,,json_seed_and_catalog_existing_group,omcgo/internal/config/parammodel/mmlstandardloader/seeds/cmcc_tdlte_v23.json; omcgo/datamodels/mml-catalog/cmcc-tdlte-v2.3.json,SF,小区服务参数管理,SchedulerConfig,Device.Services.FAPService.{i}.X_COM.LTE.SchedulerConfig.,READ_WRITE,STRING
Device.Services.FAPService.{i}.X_COM.LTE.SchedulerConfig.ULSchedulerType,yes,existing_mml_parent_object_group,命中 mmlstandardloader seed/catalog 的现有 object_path 分组；加入 sub_field 后可显示在当前参数树,YES_EXISTING_JSON_PARENT_GROUP,medium,SF,小区服务参数管理（总体）,FAP 载波基本配置,Device.Services.FAPService.{i}.,,json_seed_and_catalog_existing_group,omcgo/internal/config/parammodel/mmlstandardloader/seeds/cmcc_tdlte_v23.json; omcgo/datamodels/mml-catalog/cmcc-tdlte-v2.3.json,SF,小区服务参数管理,SchedulerConfig,Device.Services.FAPService.{i}.X_COM.LTE.SchedulerConfig.,READ_WRITE,STRING
Device.Services.FAPService.{i}.CellConfig.{i}.NR.CN.TA.{i}.PLMNList.{i}.SliceList.{i},yes,existing_mml_parent_object_group,命中 mmlstandardloader seed/catalog 的现有 object_path 分组；加入 sub_field 后可显示在当前参数树,YES_EXISTING_JSON_PARENT_GROUP,medium,SF,小区服务参数管理（总体）,FAP 载波基本配置,Device.Services.FAPService.{i}.,,json_seed_and_catalog_existing_group,omcgo/internal/config/parammodel/mmlstandardloader/seeds/cmcc_tdlte_v23.json; omcgo/datamodels/mml-catalog/cmcc-tdlte-v2.3.json,SF,小区服务参数管理,SliceList,Device.Services.FAPService.{i}.CellConfig.{i}.NR.CN.TA.{i}.PLMNList.{i}.SliceList.,READ_WRITE,STRING
Device.Services.FAPService.{i}.CellConfig.{i}.NR.CN.TA.{i},yes,existing_mml_parent_object_group,命中 mmlstandardloader seed/catalog 的现有 object_path 分组；加入 sub_field 后可显示在当前参数树,YES_EXISTING_JSON_PARENT_GROUP,medium,SF,小区服务参数管理（总体）,FAP 载波基本配置,Device.Services.FAPService.{i}.,,json_seed_and_catalog_existing_group,omcgo/internal/config/parammodel/mmlstandardloader/seeds/cmcc_tdlte_v23.json; omcgo/datamodels/mml-catalog/cmcc-tdlte-v2.3.json,SF,小区服务参数管理,TA,Device.Services.FAPService.{i}.CellConfig.{i}.NR.CN.TA.,READ_WRITE,STRING
Device.Services.FAPService.{i}.FAPControl.NR.X2apDscp.Dscp,yes,existing_mml_parent_object_group,命中 mmlstandardloader seed/catalog 的现有 object_path 分组；加入 sub_field 后可显示在当前参数树,YES_EXISTING_JSON_PARENT_GROUP,medium,SF,小区服务参数管理（总体）,FAP 载波基本配置,Device.Services.FAPService.{i}.,,json_seed_and_catalog_existing_group,omcgo/internal/config/parammodel/mmlstandardloader/seeds/cmcc_tdlte_v23.json; omcgo/datamodels/mml-catalog/cmcc-tdlte-v2.3.json,SF,小区服务参数管理,X2apDscp,Device.Services.FAPService.{i}.FAPControl.NR.X2apDscp.,READ_WRITE,STRING
Device.Services.FAPService.{i}.FAPControl.NR.X2apDscp.VlanPrio,yes,existing_mml_parent_object_group,命中 mmlstandardloader seed/catalog 的现有 object_path 分组；加入 sub_field 后可显示在当前参数树,YES_EXISTING_JSON_PARENT_GROUP,medium,SF,小区服务参数管理（总体）,FAP 载波基本配置,Device.Services.FAPService.{i}.,,json_seed_and_catalog_existing_group,omcgo/internal/config/parammodel/mmlstandardloader/seeds/cmcc_tdlte_v23.json; omcgo/datamodels/mml-catalog/cmcc-tdlte-v2.3.json,SF,小区服务参数管理,X2apDscp,Device.Services.FAPService.{i}.FAPControl.NR.X2apDscp.,READ_WRITE,STRING
Device.Services.FAPService.{i}.FAPControl.NR.XnBlackList.{i},yes,existing_mml_parent_object_group,命中 mmlstandardloader seed/catalog 的现有 object_path 分组；加入 sub_field 后可显示在当前参数树,YES_EXISTING_JSON_PARENT_GROUP,medium,SF,小区服务参数管理（总体）,FAP 载波基本配置,Device.Services.FAPService.{i}.,,json_seed_and_catalog_existing_group,omcgo/internal/config/parammodel/mmlstandardloader/seeds/cmcc_tdlte_v23.json; omcgo/datamodels/mml-catalog/cmcc-tdlte-v2.3.json,SF,小区服务参数管理,XnBlackList,Device.Services.FAPService.{i}.FAPControl.NR.XnBlackList.,READ_WRITE,STRING
Device.Services.FAPService.{i}.FAPControl.NR.XnIpAddrMapInfo.{i},yes,existing_mml_parent_object_group,命中 mmlstandardloader seed/catalog 的现有 object_path 分组；加入 sub_field 后可显示在当前参数树,YES_EXISTING_JSON_PARENT_GROUP,medium,SF,小区服务参数管理（总体）,FAP 载波基本配置,Device.Services.FAPService.{i}.,,json_seed_and_catalog_existing_group,omcgo/internal/config/parammodel/mmlstandardloader/seeds/cmcc_tdlte_v23.json; omcgo/datamodels/mml-catalog/cmcc-tdlte-v2.3.json,SF,小区服务参数管理,XnIpAddrMapInfo,Device.Services.FAPService.{i}.FAPControl.NR.XnIpAddrMapInfo.,READ_WRITE,STRING
Device.Services.FAPService.{i}.FAPControl.NR.XnapDscp.Dscp,yes,existing_mml_parent_object_group,命中 mmlstandardloader seed/catalog 的现有 object_path 分组；加入 sub_field 后可显示在当前参数树,YES_EXISTING_JSON_PARENT_GROUP,medium,SF,小区服务参数管理（总体）,FAP 载波基本配置,Device.Services.FAPService.{i}.,,json_seed_and_catalog_existing_group,omcgo/internal/config/parammodel/mmlstandardloader/seeds/cmcc_tdlte_v23.json; omcgo/datamodels/mml-catalog/cmcc-tdlte-v2.3.json,SF,小区服务参数管理,XnapDscp,Device.Services.FAPService.{i}.FAPControl.NR.XnapDscp.,READ_WRITE,STRING
Device.Services.FAPService.{i}.FAPControl.NR.XnapDscp.VlanPrio,yes,existing_mml_parent_object_group,命中 mmlstandardloader seed/catalog 的现有 object_path 分组；加入 sub_field 后可显示在当前参数树,YES_EXISTING_JSON_PARENT_GROUP,medium,SF,小区服务参数管理（总体）,FAP 载波基本配置,Device.Services.FAPService.{i}.,,json_seed_and_catalog_existing_group,omcgo/internal/config/parammodel/mmlstandardloader/seeds/cmcc_tdlte_v23.json; omcgo/datamodels/mml-catalog/cmcc-tdlte-v2.3.json,SF,小区服务参数管理,XnapDscp,Device.Services.FAPService.{i}.FAPControl.NR.XnapDscp.,READ_WRITE,STRING
Device.Services.FAPService.{i}.CellConfig.LTE.MmePoolConfigParam.{i}.MMECode,yes,existing_mml_parent_object_group,命中 mmlstandardloader seed/catalog 的现有 object_path 分组；加入 sub_field 后可显示在当前参数树,YES_EXISTING_JSON_PARENT_GROUP,medium,SF,小区服务参数管理（总体）,FAP 载波基本配置,Device.Services.FAPService.{i}.,,json_seed_and_catalog_existing_group,omcgo/internal/config/parammodel/mmlstandardloader/seeds/cmcc_tdlte_v23.json; omcgo/datamodels/mml-catalog/cmcc-tdlte-v2.3.json,SF,小区服务参数管理,{i},Device.Services.FAPService.{i}.CellConfig.LTE.MmePoolConfigParam.{i}.,READ_ONLY,U_INT
Device.Services.FAPService.{i}.CellConfig.LTE.MmePoolConfigParam.{i}.MMEGroupID,yes,existing_mml_parent_object_group,命中 mmlstandardloader seed/catalog 的现有 object_path 分组；加入 sub_field 后可显示在当前参数树,YES_EXISTING_JSON_PARENT_GROUP,medium,SF,小区服务参数管理（总体）,FAP 载波基本配置,Device.Services.FAPService.{i}.,,json_seed_and_catalog_existing_group,omcgo/internal/config/parammodel/mmlstandardloader/seeds/cmcc_tdlte_v23.json; omcgo/datamodels/mml-catalog/cmcc-tdlte-v2.3.json,SF,小区服务参数管理,{i},Device.Services.FAPService.{i}.CellConfig.LTE.MmePoolConfigParam.{i}.,READ_ONLY,U_INT
Device.Services.FAPService.{i}.CellConfig.LTE.MmePoolConfigParam.{i}.MMEIp1,yes,existing_mml_parent_object_group,命中 mmlstandardloader seed/catalog 的现有 object_path 分组；加入 sub_field 后可显示在当前参数树,YES_EXISTING_JSON_PARENT_GROUP,medium,SF,小区服务参数管理（总体）,FAP 载波基本配置,Device.Services.FAPService.{i}.,,json_seed_and_catalog_existing_group,omcgo/internal/config/parammodel/mmlstandardloader/seeds/cmcc_tdlte_v23.json; omcgo/datamodels/mml-catalog/cmcc-tdlte-v2.3.json,SF,小区服务参数管理,{i},Device.Services.FAPService.{i}.CellConfig.LTE.MmePoolConfigParam.{i}.,READ_WRITE,STRING
Device.Services.FAPService.{i}.CellConfig.LTE.MmePoolConfigParam.{i}.MMEIp2,yes,existing_mml_parent_object_group,命中 mmlstandardloader seed/catalog 的现有 object_path 分组；加入 sub_field 后可显示在当前参数树,YES_EXISTING_JSON_PARENT_GROUP,medium,SF,小区服务参数管理（总体）,FAP 载波基本配置,Device.Services.FAPService.{i}.,,json_seed_and_catalog_existing_group,omcgo/internal/config/parammodel/mmlstandardloader/seeds/cmcc_tdlte_v23.json; omcgo/datamodels/mml-catalog/cmcc-tdlte-v2.3.json,SF,小区服务参数管理,{i},Device.Services.FAPService.{i}.CellConfig.LTE.MmePoolConfigParam.{i}.,READ_ONLY,STRING
Device.Services.FAPService.{i}.CellConfig.LTE.MmePoolConfigParam.{i}.PLMNID,yes,existing_mml_parent_object_group,命中 mmlstandardloader seed/catalog 的现有 object_path 分组；加入 sub_field 后可显示在当前参数树,YES_EXISTING_JSON_PARENT_GROUP,medium,SF,小区服务参数管理（总体）,FAP 载波基本配置,Device.Services.FAPService.{i}.,,json_seed_and_catalog_existing_group,omcgo/internal/config/parammodel/mmlstandardloader/seeds/cmcc_tdlte_v23.json; omcgo/datamodels/mml-catalog/cmcc-tdlte-v2.3.json,SF,小区服务参数管理,{i},Device.Services.FAPService.{i}.CellConfig.LTE.MmePoolConfigParam.{i}.,READ_WRITE,STRING
Device.Services.FAPService.{i}.CellConfig.LTE.MocnConfigParam.{i}.MMEIp,yes,existing_mml_parent_object_group,命中 mmlstandardloader seed/catalog 的现有 object_path 分组；加入 sub_field 后可显示在当前参数树,YES_EXISTING_JSON_PARENT_GROUP,medium,SF,小区服务参数管理（总体）,FAP 载波基本配置,Device.Services.FAPService.{i}.,,json_seed_and_catalog_existing_group,omcgo/internal/config/parammodel/mmlstandardloader/seeds/cmcc_tdlte_v23.json; omcgo/datamodels/mml-catalog/cmcc-tdlte-v2.3.json,SF,小区服务参数管理,{i},Device.Services.FAPService.{i}.CellConfig.LTE.MocnConfigParam.{i}.,READ_WRITE,STRING
Device.Services.FAPService.{i}.CellConfig.LTE.MocnConfigParam.{i}.MMEStatus,yes,existing_mml_parent_object_group,命中 mmlstandardloader seed/catalog 的现有 object_path 分组；加入 sub_field 后可显示在当前参数树,YES_EXISTING_JSON_PARENT_GROUP,medium,SF,小区服务参数管理（总体）,FAP 载波基本配置,Device.Services.FAPService.{i}.,,json_seed_and_catalog_existing_group,omcgo/internal/config/parammodel/mmlstandardloader/seeds/cmcc_tdlte_v23.json; omcgo/datamodels/mml-catalog/cmcc-tdlte-v2.3.json,SF,小区服务参数管理,{i},Device.Services.FAPService.{i}.CellConfig.LTE.MocnConfigParam.{i}.,READ_WRITE,STRING
Device.Services.FAPService.{i}.CellConfig.LTE.MocnConfigParam.{i}.PLMNID,yes,existing_mml_parent_object_group,命中 mmlstandardloader seed/catalog 的现有 object_path 分组；加入 sub_field 后可显示在当前参数树,YES_EXISTING_JSON_PARENT_GROUP,medium,SF,小区服务参数管理（总体）,FAP 载波基本配置,Device.Services.FAPService.{i}.,,json_seed_and_catalog_existing_group,omcgo/internal/config/parammodel/mmlstandardloader/seeds/cmcc_tdlte_v23.json; omcgo/datamodels/mml-catalog/cmcc-tdlte-v2.3.json,SF,小区服务参数管理,{i},Device.Services.FAPService.{i}.CellConfig.LTE.MocnConfigParam.{i}.,READ_WRITE,STRING
Device.Services.FAPService.{i}.CellConfig.LTE.MocnConfigParam.{i}.S1CIfname,yes,existing_mml_parent_object_group,命中 mmlstandardloader seed/catalog 的现有 object_path 分组；加入 sub_field 后可显示在当前参数树,YES_EXISTING_JSON_PARENT_GROUP,medium,SF,小区服务参数管理（总体）,FAP 载波基本配置,Device.Services.FAPService.{i}.,,json_seed_and_catalog_existing_group,omcgo/internal/config/parammodel/mmlstandardloader/seeds/cmcc_tdlte_v23.json; omcgo/datamodels/mml-catalog/cmcc-tdlte-v2.3.json,SF,小区服务参数管理,{i},Device.Services.FAPService.{i}.CellConfig.LTE.MocnConfigParam.{i}.,READ_WRITE,STRING
Device.Services.FAPService.{i}.CellConfig.LTE.MocnConfigParam.{i}.S1CIp,yes,existing_mml_parent_object_group,命中 mmlstandardloader seed/catalog 的现有 object_path 分组；加入 sub_field 后可显示在当前参数树,YES_EXISTING_JSON_PARENT_GROUP,medium,SF,小区服务参数管理（总体）,FAP 载波基本配置,Device.Services.FAPService.{i}.,,json_seed_and_catalog_existing_group,omcgo/internal/config/parammodel/mmlstandardloader/seeds/cmcc_tdlte_v23.json; omcgo/datamodels/mml-catalog/cmcc-tdlte-v2.3.json,SF,小区服务参数管理,{i},Device.Services.FAPService.{i}.CellConfig.LTE.MocnConfigParam.{i}.,READ_WRITE,STRING
Device.Services.FAPService.{i}.CellConfig.LTE.MocnConfigParam.{i}.S1UIfname,yes,existing_mml_parent_object_group,命中 mmlstandardloader seed/catalog 的现有 object_path 分组；加入 sub_field 后可显示在当前参数树,YES_EXISTING_JSON_PARENT_GROUP,medium,SF,小区服务参数管理（总体）,FAP 载波基本配置,Device.Services.FAPService.{i}.,,json_seed_and_catalog_existing_group,omcgo/internal/config/parammodel/mmlstandardloader/seeds/cmcc_tdlte_v23.json; omcgo/datamodels/mml-catalog/cmcc-tdlte-v2.3.json,SF,小区服务参数管理,{i},Device.Services.FAPService.{i}.CellConfig.LTE.MocnConfigParam.{i}.,READ_WRITE,STRING
Device.Services.FAPService.{i}.CellConfig.LTE.MocnConfigParam.{i}.S1UIp,yes,existing_mml_parent_object_group,命中 mmlstandardloader seed/catalog 的现有 object_path 分组；加入 sub_field 后可显示在当前参数树,YES_EXISTING_JSON_PARENT_GROUP,medium,SF,小区服务参数管理（总体）,FAP 载波基本配置,Device.Services.FAPService.{i}.,,json_seed_and_catalog_existing_group,omcgo/internal/config/parammodel/mmlstandardloader/seeds/cmcc_tdlte_v23.json; omcgo/datamodels/mml-catalog/cmcc-tdlte-v2.3.json,SF,小区服务参数管理,{i},Device.Services.FAPService.{i}.CellConfig.LTE.MocnConfigParam.{i}.,READ_WRITE,STRING
Device.Services.FAPService.{i}.CellConfig.LTE.MultiIpsecConfigParam.{i}.DpdAction,yes,existing_mml_parent_object_group,命中 mmlstandardloader seed/catalog 的现有 object_path 分组；加入 sub_field 后可显示在当前参数树,YES_EXISTING_JSON_PARENT_GROUP,medium,SF,小区服务参数管理（总体）,FAP 载波基本配置,Device.Services.FAPService.{i}.,,json_seed_and_catalog_existing_group,omcgo/internal/config/parammodel/mmlstandardloader/seeds/cmcc_tdlte_v23.json; omcgo/datamodels/mml-catalog/cmcc-tdlte-v2.3.json,SF,小区服务参数管理,{i},Device.Services.FAPService.{i}.CellConfig.LTE.MultiIpsecConfigParam.{i}.,READ_WRITE,STRING
Device.Services.FAPService.{i}.CellConfig.LTE.MultiIpsecConfigParam.{i}.DpdDelay,yes,existing_mml_parent_object_group,命中 mmlstandardloader seed/catalog 的现有 object_path 分组；加入 sub_field 后可显示在当前参数树,YES_EXISTING_JSON_PARENT_GROUP,medium,SF,小区服务参数管理（总体）,FAP 载波基本配置,Device.Services.FAPService.{i}.,,json_seed_and_catalog_existing_group,omcgo/internal/config/parammodel/mmlstandardloader/seeds/cmcc_tdlte_v23.json; omcgo/datamodels/mml-catalog/cmcc-tdlte-v2.3.json,SF,小区服务参数管理,{i},Device.Services.FAPService.{i}.CellConfig.LTE.MultiIpsecConfigParam.{i}.,READ_WRITE,STRING
Device.Services.FAPService.{i}.CellConfig.LTE.MultiIpsecConfigParam.{i}.Enable,yes,existing_mml_parent_object_group,命中 mmlstandardloader seed/catalog 的现有 object_path 分组；加入 sub_field 后可显示在当前参数树,YES_EXISTING_JSON_PARENT_GROUP,medium,SF,小区服务参数管理（总体）,FAP 载波基本配置,Device.Services.FAPService.{i}.,,json_seed_and_catalog_existing_group,omcgo/internal/config/parammodel/mmlstandardloader/seeds/cmcc_tdlte_v23.json; omcgo/datamodels/mml-catalog/cmcc-tdlte-v2.3.json,SF,小区服务参数管理,{i},Device.Services.FAPService.{i}.CellConfig.LTE.MultiIpsecConfigParam.{i}.,READ_WRITE,STRING
Device.Services.FAPService.{i}.CellConfig.LTE.MultiIpsecConfigParam.{i}.EspAuthentication,yes,existing_mml_parent_object_group,命中 mmlstandardloader seed/catalog 的现有 object_path 分组；加入 sub_field 后可显示在当前参数树,YES_EXISTING_JSON_PARENT_GROUP,medium,SF,小区服务参数管理（总体）,FAP 载波基本配置,Device.Services.FAPService.{i}.,,json_seed_and_catalog_existing_group,omcgo/internal/config/parammodel/mmlstandardloader/seeds/cmcc_tdlte_v23.json; omcgo/datamodels/mml-catalog/cmcc-tdlte-v2.3.json,SF,小区服务参数管理,{i},Device.Services.FAPService.{i}.CellConfig.LTE.MultiIpsecConfigParam.{i}.,READ_WRITE,STRING
Device.Services.FAPService.{i}.CellConfig.LTE.MultiIpsecConfigParam.{i}.EspDhGroup,yes,existing_mml_parent_object_group,命中 mmlstandardloader seed/catalog 的现有 object_path 分组；加入 sub_field 后可显示在当前参数树,YES_EXISTING_JSON_PARENT_GROUP,medium,SF,小区服务参数管理（总体）,FAP 载波基本配置,Device.Services.FAPService.{i}.,,json_seed_and_catalog_existing_group,omcgo/internal/config/parammodel/mmlstandardloader/seeds/cmcc_tdlte_v23.json; omcgo/datamodels/mml-catalog/cmcc-tdlte-v2.3.json,SF,小区服务参数管理,{i},Device.Services.FAPService.{i}.CellConfig.LTE.MultiIpsecConfigParam.{i}.,READ_WRITE,STRING
Device.Services.FAPService.{i}.CellConfig.LTE.MultiIpsecConfigParam.{i}.EspenCryption,yes,existing_mml_parent_object_group,命中 mmlstandardloader seed/catalog 的现有 object_path 分组；加入 sub_field 后可显示在当前参数树,YES_EXISTING_JSON_PARENT_GROUP,medium,SF,小区服务参数管理（总体）,FAP 载波基本配置,Device.Services.FAPService.{i}.,,json_seed_and_catalog_existing_group,omcgo/internal/config/parammodel/mmlstandardloader/seeds/cmcc_tdlte_v23.json; omcgo/datamodels/mml-catalog/cmcc-tdlte-v2.3.json,SF,小区服务参数管理,{i},Device.Services.FAPService.{i}.CellConfig.LTE.MultiIpsecConfigParam.{i}.,READ_WRITE,STRING
Device.Services.FAPService.{i}.CellConfig.LTE.MultiIpsecConfigParam.{i}.Fragmetation,yes,existing_mml_parent_object_group,命中 mmlstandardloader seed/catalog 的现有 object_path 分组；加入 sub_field 后可显示在当前参数树,YES_EXISTING_JSON_PARENT_GROUP,medium,SF,小区服务参数管理（总体）,FAP 载波基本配置,Device.Services.FAPService.{i}.,,json_seed_and_catalog_existing_group,omcgo/internal/config/parammodel/mmlstandardloader/seeds/cmcc_tdlte_v23.json; omcgo/datamodels/mml-catalog/cmcc-tdlte-v2.3.json,SF,小区服务参数管理,{i},Device.Services.FAPService.{i}.CellConfig.LTE.MultiIpsecConfigParam.{i}.,READ_WRITE,STRING
Device.Services.FAPService.{i}.CellConfig.LTE.MultiIpsecConfigParam.{i}.IkeAuthentication,yes,existing_mml_parent_object_group,命中 mmlstandardloader seed/catalog 的现有 object_path 分组；加入 sub_field 后可显示在当前参数树,YES_EXISTING_JSON_PARENT_GROUP,medium,SF,小区服务参数管理（总体）,FAP 载波基本配置,Device.Services.FAPService.{i}.,,json_seed_and_catalog_existing_group,omcgo/internal/config/parammodel/mmlstandardloader/seeds/cmcc_tdlte_v23.json; omcgo/datamodels/mml-catalog/cmcc-tdlte-v2.3.json,SF,小区服务参数管理,{i},Device.Services.FAPService.{i}.CellConfig.LTE.MultiIpsecConfigParam.{i}.,READ_WRITE,STRING
Device.Services.FAPService.{i}.CellConfig.LTE.MultiIpsecConfigParam.{i}.IkeDhGroup,yes,existing_mml_parent_object_group,命中 mmlstandardloader seed/catalog 的现有 object_path 分组；加入 sub_field 后可显示在当前参数树,YES_EXISTING_JSON_PARENT_GROUP,medium,SF,小区服务参数管理（总体）,FAP 载波基本配置,Device.Services.FAPService.{i}.,,json_seed_and_catalog_existing_group,omcgo/internal/config/parammodel/mmlstandardloader/seeds/cmcc_tdlte_v23.json; omcgo/datamodels/mml-catalog/cmcc-tdlte-v2.3.json,SF,小区服务参数管理,{i},Device.Services.FAPService.{i}.CellConfig.LTE.MultiIpsecConfigParam.{i}.,READ_WRITE,STRING
Device.Services.FAPService.{i}.CellConfig.LTE.MultiIpsecConfigParam.{i}.IkeLifeTime,yes,existing_mml_parent_object_group,命中 mmlstandardloader seed/catalog 的现有 object_path 分组；加入 sub_field 后可显示在当前参数树,YES_EXISTING_JSON_PARENT_GROUP,medium,SF,小区服务参数管理（总体）,FAP 载波基本配置,Device.Services.FAPService.{i}.,,json_seed_and_catalog_existing_group,omcgo/internal/config/parammodel/mmlstandardloader/seeds/cmcc_tdlte_v23.json; omcgo/datamodels/mml-catalog/cmcc-tdlte-v2.3.json,SF,小区服务参数管理,{i},Device.Services.FAPService.{i}.CellConfig.LTE.MultiIpsecConfigParam.{i}.,READ_WRITE,STRING
Device.Services.FAPService.{i}.CellConfig.LTE.MultiIpsecConfigParam.{i}.IkeenCryption,yes,existing_mml_parent_object_group,命中 mmlstandardloader seed/catalog 的现有 object_path 分组；加入 sub_field 后可显示在当前参数树,YES_EXISTING_JSON_PARENT_GROUP,medium,SF,小区服务参数管理（总体）,FAP 载波基本配置,Device.Services.FAPService.{i}.,,json_seed_and_catalog_existing_group,omcgo/internal/config/parammodel/mmlstandardloader/seeds/cmcc_tdlte_v23.json; omcgo/datamodels/mml-catalog/cmcc-tdlte-v2.3.json,SF,小区服务参数管理,{i},Device.Services.FAPService.{i}.CellConfig.LTE.MultiIpsecConfigParam.{i}.,READ_WRITE,STRING
Device.Services.FAPService.{i}.CellConfig.LTE.MultiIpsecConfigParam.{i}.KeyLife,yes,existing_mml_parent_object_group,命中 mmlstandardloader seed/catalog 的现有 object_path 分组；加入 sub_field 后可显示在当前参数树,YES_EXISTING_JSON_PARENT_GROUP,medium,SF,小区服务参数管理（总体）,FAP 载波基本配置,Device.Services.FAPService.{i}.,,json_seed_and_catalog_existing_group,omcgo/internal/config/parammodel/mmlstandardloader/seeds/cmcc_tdlte_v23.json; omcgo/datamodels/mml-catalog/cmcc-tdlte-v2.3.json,SF,小区服务参数管理,{i},Device.Services.FAPService.{i}.CellConfig.LTE.MultiIpsecConfigParam.{i}.,READ_WRITE,STRING
Device.Services.FAPService.{i}.CellConfig.LTE.MultiIpsecConfigParam.{i}.LeftAuth,yes,existing_mml_parent_object_group,命中 mmlstandardloader seed/catalog 的现有 object_path 分组；加入 sub_field 后可显示在当前参数树,YES_EXISTING_JSON_PARENT_GROUP,medium,SF,小区服务参数管理（总体）,FAP 载波基本配置,Device.Services.FAPService.{i}.,,json_seed_and_catalog_existing_group,omcgo/internal/config/parammodel/mmlstandardloader/seeds/cmcc_tdlte_v23.json; omcgo/datamodels/mml-catalog/cmcc-tdlte-v2.3.json,SF,小区服务参数管理,{i},Device.Services.FAPService.{i}.CellConfig.LTE.MultiIpsecConfigParam.{i}.,READ_WRITE,STRING
Device.Services.FAPService.{i}.CellConfig.LTE.MultiIpsecConfigParam.{i}.LeftCert,yes,existing_mml_parent_object_group,命中 mmlstandardloader seed/catalog 的现有 object_path 分组；加入 sub_field 后可显示在当前参数树,YES_EXISTING_JSON_PARENT_GROUP,medium,SF,小区服务参数管理（总体）,FAP 载波基本配置,Device.Services.FAPService.{i}.,,json_seed_and_catalog_existing_group,omcgo/internal/config/parammodel/mmlstandardloader/seeds/cmcc_tdlte_v23.json; omcgo/datamodels/mml-catalog/cmcc-tdlte-v2.3.json,SF,小区服务参数管理,{i},Device.Services.FAPService.{i}.CellConfig.LTE.MultiIpsecConfigParam.{i}.,READ_WRITE,STRING
Device.Services.FAPService.{i}.CellConfig.LTE.MultiIpsecConfigParam.{i}.LeftId,yes,existing_mml_parent_object_group,命中 mmlstandardloader seed/catalog 的现有 object_path 分组；加入 sub_field 后可显示在当前参数树,YES_EXISTING_JSON_PARENT_GROUP,medium,SF,小区服务参数管理（总体）,FAP 载波基本配置,Device.Services.FAPService.{i}.,,json_seed_and_catalog_existing_group,omcgo/internal/config/parammodel/mmlstandardloader/seeds/cmcc_tdlte_v23.json; omcgo/datamodels/mml-catalog/cmcc-tdlte-v2.3.json,SF,小区服务参数管理,{i},Device.Services.FAPService.{i}.CellConfig.LTE.MultiIpsecConfigParam.{i}.,READ_WRITE,STRING
Device.Services.FAPService.{i}.CellConfig.LTE.MultiIpsecConfigParam.{i}.LeftIp,yes,existing_mml_parent_object_group,命中 mmlstandardloader seed/catalog 的现有 object_path 分组；加入 sub_field 后可显示在当前参数树,YES_EXISTING_JSON_PARENT_GROUP,medium,SF,小区服务参数管理（总体）,FAP 载波基本配置,Device.Services.FAPService.{i}.,,json_seed_and_catalog_existing_group,omcgo/internal/config/parammodel/mmlstandardloader/seeds/cmcc_tdlte_v23.json; omcgo/datamodels/mml-catalog/cmcc-tdlte-v2.3.json,SF,小区服务参数管理,{i},Device.Services.FAPService.{i}.CellConfig.LTE.MultiIpsecConfigParam.{i}.,READ_WRITE,STRING
Device.Services.FAPService.{i}.CellConfig.LTE.MultiIpsecConfigParam.{i}.LeftSourceIp,yes,existing_mml_parent_object_group,命中 mmlstandardloader seed/catalog 的现有 object_path 分组；加入 sub_field 后可显示在当前参数树,YES_EXISTING_JSON_PARENT_GROUP,medium,SF,小区服务参数管理（总体）,FAP 载波基本配置,Device.Services.FAPService.{i}.,,json_seed_and_catalog_existing_group,omcgo/internal/config/parammodel/mmlstandardloader/seeds/cmcc_tdlte_v23.json; omcgo/datamodels/mml-catalog/cmcc-tdlte-v2.3.json,SF,小区服务参数管理,{i},Device.Services.FAPService.{i}.CellConfig.LTE.MultiIpsecConfigParam.{i}.,READ_WRITE,STRING
Device.Services.FAPService.{i}.CellConfig.LTE.MultiIpsecConfigParam.{i}.LeftSubnet,yes,existing_mml_parent_object_group,命中 mmlstandardloader seed/catalog 的现有 object_path 分组；加入 sub_field 后可显示在当前参数树,YES_EXISTING_JSON_PARENT_GROUP,medium,SF,小区服务参数管理（总体）,FAP 载波基本配置,Device.Services.FAPService.{i}.,,json_seed_and_catalog_existing_group,omcgo/internal/config/parammodel/mmlstandardloader/seeds/cmcc_tdlte_v23.json; omcgo/datamodels/mml-catalog/cmcc-tdlte-v2.3.json,SF,小区服务参数管理,{i},Device.Services.FAPService.{i}.CellConfig.LTE.MultiIpsecConfigParam.{i}.,READ_WRITE,STRING
Device.Services.FAPService.{i}.CellConfig.LTE.MultiIpsecConfigParam.{i}.ReKeyMargin,yes,existing_mml_parent_object_group,命中 mmlstandardloader seed/catalog 的现有 object_path 分组；加入 sub_field 后可显示在当前参数树,YES_EXISTING_JSON_PARENT_GROUP,medium,SF,小区服务参数管理（总体）,FAP 载波基本配置,Device.Services.FAPService.{i}.,,json_seed_and_catalog_existing_group,omcgo/internal/config/parammodel/mmlstandardloader/seeds/cmcc_tdlte_v23.json; omcgo/datamodels/mml-catalog/cmcc-tdlte-v2.3.json,SF,小区服务参数管理,{i},Device.Services.FAPService.{i}.CellConfig.LTE.MultiIpsecConfigParam.{i}.,READ_WRITE,STRING
Device.Services.FAPService.{i}.CellConfig.LTE.MultiIpsecConfigParam.{i}.Right,yes,existing_mml_parent_object_group,命中 mmlstandardloader seed/catalog 的现有 object_path 分组；加入 sub_field 后可显示在当前参数树,YES_EXISTING_JSON_PARENT_GROUP,medium,SF,小区服务参数管理（总体）,FAP 载波基本配置,Device.Services.FAPService.{i}.,,json_seed_and_catalog_existing_group,omcgo/internal/config/parammodel/mmlstandardloader/seeds/cmcc_tdlte_v23.json; omcgo/datamodels/mml-catalog/cmcc-tdlte-v2.3.json,SF,小区服务参数管理,{i},Device.Services.FAPService.{i}.CellConfig.LTE.MultiIpsecConfigParam.{i}.,READ_WRITE,STRING
Device.Services.FAPService.{i}.CellConfig.LTE.MultiIpsecConfigParam.{i}.RightAuth,yes,existing_mml_parent_object_group,命中 mmlstandardloader seed/catalog 的现有 object_path 分组；加入 sub_field 后可显示在当前参数树,YES_EXISTING_JSON_PARENT_GROUP,medium,SF,小区服务参数管理（总体）,FAP 载波基本配置,Device.Services.FAPService.{i}.,,json_seed_and_catalog_existing_group,omcgo/internal/config/parammodel/mmlstandardloader/seeds/cmcc_tdlte_v23.json; omcgo/datamodels/mml-catalog/cmcc-tdlte-v2.3.json,SF,小区服务参数管理,{i},Device.Services.FAPService.{i}.CellConfig.LTE.MultiIpsecConfigParam.{i}.,READ_WRITE,STRING
Device.Services.FAPService.{i}.CellConfig.LTE.MultiIpsecConfigParam.{i}.RightId,yes,existing_mml_parent_object_group,命中 mmlstandardloader seed/catalog 的现有 object_path 分组；加入 sub_field 后可显示在当前参数树,YES_EXISTING_JSON_PARENT_GROUP,medium,SF,小区服务参数管理（总体）,FAP 载波基本配置,Device.Services.FAPService.{i}.,,json_seed_and_catalog_existing_group,omcgo/internal/config/parammodel/mmlstandardloader/seeds/cmcc_tdlte_v23.json; omcgo/datamodels/mml-catalog/cmcc-tdlte-v2.3.json,SF,小区服务参数管理,{i},Device.Services.FAPService.{i}.CellConfig.LTE.MultiIpsecConfigParam.{i}.,READ_WRITE,STRING
Device.Services.FAPService.{i}.CellConfig.LTE.MultiIpsecConfigParam.{i}.RightSubnet,yes,existing_mml_parent_object_group,命中 mmlstandardloader seed/catalog 的现有 object_path 分组；加入 sub_field 后可显示在当前参数树,YES_EXISTING_JSON_PARENT_GROUP,medium,SF,小区服务参数管理（总体）,FAP 载波基本配置,Device.Services.FAPService.{i}.,,json_seed_and_catalog_existing_group,omcgo/internal/config/parammodel/mmlstandardloader/seeds/cmcc_tdlte_v23.json; omcgo/datamodels/mml-catalog/cmcc-tdlte-v2.3.json,SF,小区服务参数管理,{i},Device.Services.FAPService.{i}.CellConfig.LTE.MultiIpsecConfigParam.{i}.,READ_WRITE,STRING
Device.Services.FAPService.{i}.CellConfig.LTE.MultiIpsecConfigParam.{i}.SecretKey,yes,existing_mml_parent_object_group,命中 mmlstandardloader seed/catalog 的现有 object_path 分组；加入 sub_field 后可显示在当前参数树,YES_EXISTING_JSON_PARENT_GROUP,medium,SF,小区服务参数管理（总体）,FAP 载波基本配置,Device.Services.FAPService.{i}.,,json_seed_and_catalog_existing_group,omcgo/internal/config/parammodel/mmlstandardloader/seeds/cmcc_tdlte_v23.json; omcgo/datamodels/mml-catalog/cmcc-tdlte-v2.3.json,SF,小区服务参数管理,{i},Device.Services.FAPService.{i}.CellConfig.LTE.MultiIpsecConfigParam.{i}.,READ_WRITE,STRING
Device.Services.FAPService.{i}.CellConfig.LTE.MultiIpsecConfigParam.{i}.TunnelName,yes,existing_mml_parent_object_group,命中 mmlstandardloader seed/catalog 的现有 object_path 分组；加入 sub_field 后可显示在当前参数树,YES_EXISTING_JSON_PARENT_GROUP,medium,SF,小区服务参数管理（总体）,FAP 载波基本配置,Device.Services.FAPService.{i}.,,json_seed_and_catalog_existing_group,omcgo/internal/config/parammodel/mmlstandardloader/seeds/cmcc_tdlte_v23.json; omcgo/datamodels/mml-catalog/cmcc-tdlte-v2.3.json,SF,小区服务参数管理,{i},Device.Services.FAPService.{i}.CellConfig.LTE.MultiIpsecConfigParam.{i}.,READ_WRITE,STRING
Device.Services.FAPService.{i}.CellConfig.LTE.S1U.{i}.FarIpSubnetworkList,yes,existing_mml_parent_object_group,命中 mmlstandardloader seed/catalog 的现有 object_path 分组；加入 sub_field 后可显示在当前参数树,YES_EXISTING_JSON_PARENT_GROUP,medium,SF,小区服务参数管理（总体）,FAP 载波基本配置,Device.Services.FAPService.{i}.,,json_seed_and_catalog_existing_group,omcgo/internal/config/parammodel/mmlstandardloader/seeds/cmcc_tdlte_v23.json; omcgo/datamodels/mml-catalog/cmcc-tdlte-v2.3.json,SF,小区服务参数管理,{i},Device.Services.FAPService.{i}.CellConfig.LTE.S1U.{i}.,READ_ONLY,STRING
Device.Services.FAPService.{i}.CellConfig.LTE.S1U.{i}.LocIpAddrList,yes,existing_mml_parent_object_group,命中 mmlstandardloader seed/catalog 的现有 object_path 分组；加入 sub_field 后可显示在当前参数树,YES_EXISTING_JSON_PARENT_GROUP,medium,SF,小区服务参数管理（总体）,FAP 载波基本配置,Device.Services.FAPService.{i}.,,json_seed_and_catalog_existing_group,omcgo/internal/config/parammodel/mmlstandardloader/seeds/cmcc_tdlte_v23.json; omcgo/datamodels/mml-catalog/cmcc-tdlte-v2.3.json,SF,小区服务参数管理,{i},Device.Services.FAPService.{i}.CellConfig.LTE.S1U.{i}.,READ_ONLY,STRING
Device.Services.FAPService.{i}.CellConfig.{i}.NR.CN.TA.{i}.NrcellIdentity,no,not_mml_tree_quicksettings_only,只命中 quicksettings XML，quicksettings 不是 MML 配置参数树数据源,YES_QUICKSETTINGS_XML_GROUP,high,,,核心网参数,,gnb-core,quicksettings_xml_exact_standardPath,omcgo/data/quicksettings/BaiBNQ.xml#gnb-core:核心网参数(NrcellIdentity),SF,小区服务参数管理,{i},Device.Services.FAPService.{i}.CellConfig.{i}.NR.CN.TA.{i}.,READ_WRITE,STRING
Device.Services.FAPService.{i}.CellConfig.{i}.NR.CN.TA.{i}.PLMNList.{i}.IsPrimaryPlmn,yes,existing_mml_parent_object_group,命中 mmlstandardloader seed/catalog 的现有 object_path 分组；加入 sub_field 后可显示在当前参数树,YES_EXISTING_JSON_PARENT_GROUP,medium,SF,小区服务参数管理（总体）,FAP 载波基本配置,Device.Services.FAPService.{i}.,,json_seed_and_catalog_existing_group,omcgo/internal/config/parammodel/mmlstandardloader/seeds/cmcc_tdlte_v23.json; omcgo/datamodels/mml-catalog/cmcc-tdlte-v2.3.json,SF,小区服务参数管理,{i},Device.Services.FAPService.{i}.CellConfig.{i}.NR.CN.TA.{i}.PLMNList.{i}.,READ_WRITE,STRING
Device.Services.FAPService.{i}.CellConfig.{i}.NR.CN.TA.{i}.PLMNList.{i}.PLMNID,no,not_mml_tree_quicksettings_only,只命中 quicksettings XML，quicksettings 不是 MML 配置参数树数据源,YES_QUICKSETTINGS_XML_GROUP,high,,,核心网参数,,gnb-core,quicksettings_xml_exact_standardPath,omcgo/data/quicksettings/BaiBNQ.xml#gnb-core:核心网参数(PLMNID),SF,小区服务参数管理,{i},Device.Services.FAPService.{i}.CellConfig.{i}.NR.CN.TA.{i}.PLMNList.{i}.,READ_WRITE,STRING
Device.Services.FAPService.{i}.CellConfig.{i}.NR.CN.TA.{i}.PLMNList.{i}.SliceList.{i}.NguIpIndex,yes,existing_mml_parent_object_group,命中 mmlstandardloader seed/catalog 的现有 object_path 分组；加入 sub_field 后可显示在当前参数树,YES_EXISTING_JSON_PARENT_GROUP,medium,SF,小区服务参数管理（总体）,FAP 载波基本配置,Device.Services.FAPService.{i}.,,json_seed_and_catalog_existing_group,omcgo/internal/config/parammodel/mmlstandardloader/seeds/cmcc_tdlte_v23.json; omcgo/datamodels/mml-catalog/cmcc-tdlte-v2.3.json,SF,小区服务参数管理,{i},Device.Services.FAPService.{i}.CellConfig.{i}.NR.CN.TA.{i}.PLMNList.{i}.SliceList.{i}.,READ_WRITE,STRING
Device.Services.FAPService.{i}.CellConfig.{i}.NR.CN.TA.{i}.PLMNList.{i}.SliceList.{i}.SNSSAI,yes,existing_mml_parent_object_group,命中 mmlstandardloader seed/catalog 的现有 object_path 分组；加入 sub_field 后可显示在当前参数树,YES_EXISTING_JSON_PARENT_GROUP,medium,SF,小区服务参数管理（总体）,FAP 载波基本配置,Device.Services.FAPService.{i}.,,json_seed_and_catalog_existing_group,omcgo/internal/config/parammodel/mmlstandardloader/seeds/cmcc_tdlte_v23.json; omcgo/datamodels/mml-catalog/cmcc-tdlte-v2.3.json,SF,小区服务参数管理,{i},Device.Services.FAPService.{i}.CellConfig.{i}.NR.CN.TA.{i}.PLMNList.{i}.SliceList.{i}.,READ_WRITE,STRING
Device.Services.FAPService.{i}.CellConfig.{i}.NR.CN.TA.{i}.Ranac,yes,existing_mml_parent_object_group,命中 mmlstandardloader seed/catalog 的现有 object_path 分组；加入 sub_field 后可显示在当前参数树,YES_EXISTING_JSON_PARENT_GROUP,medium,SF,小区服务参数管理（总体）,FAP 载波基本配置,Device.Services.FAPService.{i}.,,json_seed_and_catalog_existing_group,omcgo/internal/config/parammodel/mmlstandardloader/seeds/cmcc_tdlte_v23.json; omcgo/datamodels/mml-catalog/cmcc-tdlte-v2.3.json,SF,小区服务参数管理,{i},Device.Services.FAPService.{i}.CellConfig.{i}.NR.CN.TA.{i}.,READ_WRITE,STRING
Device.Services.FAPService.{i}.CellConfig.{i}.NrSibParams.{i}.Sib2Enable,yes,existing_mml_parent_object_group,命中 mmlstandardloader seed/catalog 的现有 object_path 分组；加入 sub_field 后可显示在当前参数树,YES_EXISTING_JSON_PARENT_GROUP,medium,SF,小区服务参数管理（总体）,FAP 载波基本配置,Device.Services.FAPService.{i}.,,json_seed_and_catalog_existing_group,omcgo/internal/config/parammodel/mmlstandardloader/seeds/cmcc_tdlte_v23.json; omcgo/datamodels/mml-catalog/cmcc-tdlte-v2.3.json,SF,小区服务参数管理,{i},Device.Services.FAPService.{i}.CellConfig.{i}.NrSibParams.{i}.,READ_WRITE,STRING
Device.Services.FAPService.{i}.CellConfig.{i}.NrSibParams.{i}.Sib3Enable,yes,existing_mml_parent_object_group,命中 mmlstandardloader seed/catalog 的现有 object_path 分组；加入 sub_field 后可显示在当前参数树,YES_EXISTING_JSON_PARENT_GROUP,medium,SF,小区服务参数管理（总体）,FAP 载波基本配置,Device.Services.FAPService.{i}.,,json_seed_and_catalog_existing_group,omcgo/internal/config/parammodel/mmlstandardloader/seeds/cmcc_tdlte_v23.json; omcgo/datamodels/mml-catalog/cmcc-tdlte-v2.3.json,SF,小区服务参数管理,{i},Device.Services.FAPService.{i}.CellConfig.{i}.NrSibParams.{i}.,READ_WRITE,STRING
Device.Services.FAPService.{i}.CellConfig.{i}.NrSibParams.{i}.Sib4Enable,yes,existing_mml_parent_object_group,命中 mmlstandardloader seed/catalog 的现有 object_path 分组；加入 sub_field 后可显示在当前参数树,YES_EXISTING_JSON_PARENT_GROUP,medium,SF,小区服务参数管理（总体）,FAP 载波基本配置,Device.Services.FAPService.{i}.,,json_seed_and_catalog_existing_group,omcgo/internal/config/parammodel/mmlstandardloader/seeds/cmcc_tdlte_v23.json; omcgo/datamodels/mml-catalog/cmcc-tdlte-v2.3.json,SF,小区服务参数管理,{i},Device.Services.FAPService.{i}.CellConfig.{i}.NrSibParams.{i}.,READ_WRITE,STRING
Device.Services.FAPService.{i}.CellConfig.{i}.NrSibParams.{i}.Sib5Enable,yes,existing_mml_parent_object_group,命中 mmlstandardloader seed/catalog 的现有 object_path 分组；加入 sub_field 后可显示在当前参数树,YES_EXISTING_JSON_PARENT_GROUP,medium,SF,小区服务参数管理（总体）,FAP 载波基本配置,Device.Services.FAPService.{i}.,,json_seed_and_catalog_existing_group,omcgo/internal/config/parammodel/mmlstandardloader/seeds/cmcc_tdlte_v23.json; omcgo/datamodels/mml-catalog/cmcc-tdlte-v2.3.json,SF,小区服务参数管理,{i},Device.Services.FAPService.{i}.CellConfig.{i}.NrSibParams.{i}.,READ_WRITE,STRING
Device.Services.FAPService.{i}.CellConfig.{i}.NrSibParams.{i}.Sib9DaylightsavingTime,yes,existing_mml_parent_object_group,命中 mmlstandardloader seed/catalog 的现有 object_path 分组；加入 sub_field 后可显示在当前参数树,YES_EXISTING_JSON_PARENT_GROUP,medium,SF,小区服务参数管理（总体）,FAP 载波基本配置,Device.Services.FAPService.{i}.,,json_seed_and_catalog_existing_group,omcgo/internal/config/parammodel/mmlstandardloader/seeds/cmcc_tdlte_v23.json; omcgo/datamodels/mml-catalog/cmcc-tdlte-v2.3.json,SF,小区服务参数管理,{i},Device.Services.FAPService.{i}.CellConfig.{i}.NrSibParams.{i}.,READ_WRITE,STRING
Device.Services.FAPService.{i}.CellConfig.{i}.NrSibParams.{i}.Sib9Enable,yes,existing_mml_parent_object_group,命中 mmlstandardloader seed/catalog 的现有 object_path 分组；加入 sub_field 后可显示在当前参数树,YES_EXISTING_JSON_PARENT_GROUP,medium,SF,小区服务参数管理（总体）,FAP 载波基本配置,Device.Services.FAPService.{i}.,,json_seed_and_catalog_existing_group,omcgo/internal/config/parammodel/mmlstandardloader/seeds/cmcc_tdlte_v23.json; omcgo/datamodels/mml-catalog/cmcc-tdlte-v2.3.json,SF,小区服务参数管理,{i},Device.Services.FAPService.{i}.CellConfig.{i}.NrSibParams.{i}.,READ_WRITE,STRING
Device.Services.FAPService.{i}.CellConfig.{i}.NrSibParams.{i}.Sib9Leapseconds,yes,existing_mml_parent_object_group,命中 mmlstandardloader seed/catalog 的现有 object_path 分组；加入 sub_field 后可显示在当前参数树,YES_EXISTING_JSON_PARENT_GROUP,medium,SF,小区服务参数管理（总体）,FAP 载波基本配置,Device.Services.FAPService.{i}.,,json_seed_and_catalog_existing_group,omcgo/internal/config/parammodel/mmlstandardloader/seeds/cmcc_tdlte_v23.json; omcgo/datamodels/mml-catalog/cmcc-tdlte-v2.3.json,SF,小区服务参数管理,{i},Device.Services.FAPService.{i}.CellConfig.{i}.NrSibParams.{i}.,READ_WRITE,STRING
Device.Services.FAPService.{i}.FAPControl.EMBEDDED_EPC.L2.Apn.{i}.apnDefault,yes,existing_mml_parent_object_group,命中 mmlstandardloader seed/catalog 的现有 object_path 分组；加入 sub_field 后可显示在当前参数树,YES_EXISTING_JSON_PARENT_GROUP,medium,SF,小区服务参数管理（总体）,FAP 载波基本配置,Device.Services.FAPService.{i}.,,json_seed_and_catalog_existing_group,omcgo/internal/config/parammodel/mmlstandardloader/seeds/cmcc_tdlte_v23.json; omcgo/datamodels/mml-catalog/cmcc-tdlte-v2.3.json,SF,小区服务参数管理,{i},Device.Services.FAPService.{i}.FAPControl.EMBEDDED_EPC.L2.Apn.{i}.,READ_WRITE,STRING
Device.Services.FAPService.{i}.FAPControl.EMBEDDED_EPC.L2.Apn.{i}.apnName,yes,existing_mml_parent_object_group,命中 mmlstandardloader seed/catalog 的现有 object_path 分组；加入 sub_field 后可显示在当前参数树,YES_EXISTING_JSON_PARENT_GROUP,medium,SF,小区服务参数管理（总体）,FAP 载波基本配置,Device.Services.FAPService.{i}.,,json_seed_and_catalog_existing_group,omcgo/internal/config/parammodel/mmlstandardloader/seeds/cmcc_tdlte_v23.json; omcgo/datamodels/mml-catalog/cmcc-tdlte-v2.3.json,SF,小区服务参数管理,{i},Device.Services.FAPService.{i}.FAPControl.EMBEDDED_EPC.L2.Apn.{i}.,READ_WRITE,STRING
Device.Services.FAPService.{i}.FAPControl.EMBEDDED_EPC.L2.Apn.{i}.apnType,yes,existing_mml_parent_object_group,命中 mmlstandardloader seed/catalog 的现有 object_path 分组；加入 sub_field 后可显示在当前参数树,YES_EXISTING_JSON_PARENT_GROUP,medium,SF,小区服务参数管理（总体）,FAP 载波基本配置,Device.Services.FAPService.{i}.,,json_seed_and_catalog_existing_group,omcgo/internal/config/parammodel/mmlstandardloader/seeds/cmcc_tdlte_v23.json; omcgo/datamodels/mml-catalog/cmcc-tdlte-v2.3.json,SF,小区服务参数管理,{i},Device.Services.FAPService.{i}.FAPControl.EMBEDDED_EPC.L2.Apn.{i}.,READ_WRITE,STRING
Device.Services.FAPService.{i}.FAPControl.EMBEDDED_EPC.L2.Apn.{i}.apnVlanId,yes,existing_mml_parent_object_group,命中 mmlstandardloader seed/catalog 的现有 object_path 分组；加入 sub_field 后可显示在当前参数树,YES_EXISTING_JSON_PARENT_GROUP,medium,SF,小区服务参数管理（总体）,FAP 载波基本配置,Device.Services.FAPService.{i}.,,json_seed_and_catalog_existing_group,omcgo/internal/config/parammodel/mmlstandardloader/seeds/cmcc_tdlte_v23.json; omcgo/datamodels/mml-catalog/cmcc-tdlte-v2.3.json,SF,小区服务参数管理,{i},Device.Services.FAPService.{i}.FAPControl.EMBEDDED_EPC.L2.Apn.{i}.,READ_WRITE,STRING
Device.Services.FAPService.{i}.FAPControl.EMBEDDED_EPC.L2.VxLan.{i}.id,yes,existing_mml_parent_object_group,命中 mmlstandardloader seed/catalog 的现有 object_path 分组；加入 sub_field 后可显示在当前参数树,YES_EXISTING_JSON_PARENT_GROUP,medium,SF,小区服务参数管理（总体）,FAP 载波基本配置,Device.Services.FAPService.{i}.,,json_seed_and_catalog_existing_group,omcgo/internal/config/parammodel/mmlstandardloader/seeds/cmcc_tdlte_v23.json; omcgo/datamodels/mml-catalog/cmcc-tdlte-v2.3.json,SF,小区服务参数管理,{i},Device.Services.FAPService.{i}.FAPControl.EMBEDDED_EPC.L2.VxLan.{i}.,READ_WRITE,STRING
Device.Services.FAPService.{i}.FAPControl.Halob.L2.Apn.{i}.apnDefault,yes,existing_mml_parent_object_group,命中 mmlstandardloader seed/catalog 的现有 object_path 分组；加入 sub_field 后可显示在当前参数树,YES_EXISTING_JSON_PARENT_GROUP,medium,SF,小区服务参数管理（总体）,FAP 载波基本配置,Device.Services.FAPService.{i}.,,json_seed_and_catalog_existing_group,omcgo/internal/config/parammodel/mmlstandardloader/seeds/cmcc_tdlte_v23.json; omcgo/datamodels/mml-catalog/cmcc-tdlte-v2.3.json,SF,小区服务参数管理,{i},Device.Services.FAPService.{i}.FAPControl.Halob.L2.Apn.{i}.,READ_WRITE,STRING
Device.Services.FAPService.{i}.FAPControl.Halob.L2.Apn.{i}.apnName,yes,existing_mml_parent_object_group,命中 mmlstandardloader seed/catalog 的现有 object_path 分组；加入 sub_field 后可显示在当前参数树,YES_EXISTING_JSON_PARENT_GROUP,medium,SF,小区服务参数管理（总体）,FAP 载波基本配置,Device.Services.FAPService.{i}.,,json_seed_and_catalog_existing_group,omcgo/internal/config/parammodel/mmlstandardloader/seeds/cmcc_tdlte_v23.json; omcgo/datamodels/mml-catalog/cmcc-tdlte-v2.3.json,SF,小区服务参数管理,{i},Device.Services.FAPService.{i}.FAPControl.Halob.L2.Apn.{i}.,READ_WRITE,STRING
Device.Services.FAPService.{i}.FAPControl.Halob.L2.Apn.{i}.apnType,yes,existing_mml_parent_object_group,命中 mmlstandardloader seed/catalog 的现有 object_path 分组；加入 sub_field 后可显示在当前参数树,YES_EXISTING_JSON_PARENT_GROUP,medium,SF,小区服务参数管理（总体）,FAP 载波基本配置,Device.Services.FAPService.{i}.,,json_seed_and_catalog_existing_group,omcgo/internal/config/parammodel/mmlstandardloader/seeds/cmcc_tdlte_v23.json; omcgo/datamodels/mml-catalog/cmcc-tdlte-v2.3.json,SF,小区服务参数管理,{i},Device.Services.FAPService.{i}.FAPControl.Halob.L2.Apn.{i}.,READ_WRITE,STRING
Device.Services.FAPService.{i}.FAPControl.Halob.L2.Apn.{i}.apnVlanId,yes,existing_mml_parent_object_group,命中 mmlstandardloader seed/catalog 的现有 object_path 分组；加入 sub_field 后可显示在当前参数树,YES_EXISTING_JSON_PARENT_GROUP,medium,SF,小区服务参数管理（总体）,FAP 载波基本配置,Device.Services.FAPService.{i}.,,json_seed_and_catalog_existing_group,omcgo/internal/config/parammodel/mmlstandardloader/seeds/cmcc_tdlte_v23.json; omcgo/datamodels/mml-catalog/cmcc-tdlte-v2.3.json,SF,小区服务参数管理,{i},Device.Services.FAPService.{i}.FAPControl.Halob.L2.Apn.{i}.,READ_WRITE,STRING
Device.Services.FAPService.{i}.FAPControl.Halob.L2.VxLan.{i}.apnName,yes,existing_mml_parent_object_group,命中 mmlstandardloader seed/catalog 的现有 object_path 分组；加入 sub_field 后可显示在当前参数树,YES_EXISTING_JSON_PARENT_GROUP,medium,SF,小区服务参数管理（总体）,FAP 载波基本配置,Device.Services.FAPService.{i}.,,json_seed_and_catalog_existing_group,omcgo/internal/config/parammodel/mmlstandardloader/seeds/cmcc_tdlte_v23.json; omcgo/datamodels/mml-catalog/cmcc-tdlte-v2.3.json,SF,小区服务参数管理,{i},Device.Services.FAPService.{i}.FAPControl.Halob.L2.VxLan.{i}.,READ_WRITE,STRING
Device.Services.FAPService.{i}.FAPControl.Halob.L2.VxLan.{i}.id,yes,existing_mml_parent_object_group,命中 mmlstandardloader seed/catalog 的现有 object_path 分组；加入 sub_field 后可显示在当前参数树,YES_EXISTING_JSON_PARENT_GROUP,medium,SF,小区服务参数管理（总体）,FAP 载波基本配置,Device.Services.FAPService.{i}.,,json_seed_and_catalog_existing_group,omcgo/internal/config/parammodel/mmlstandardloader/seeds/cmcc_tdlte_v23.json; omcgo/datamodels/mml-catalog/cmcc-tdlte-v2.3.json,SF,小区服务参数管理,{i},Device.Services.FAPService.{i}.FAPControl.Halob.L2.VxLan.{i}.,READ_WRITE,STRING
Device.Services.FAPService.{i}.FAPControl.LTE.HSS.SubInfoList.{i}.APNINFO,yes,existing_mml_parent_object_group,命中 mmlstandardloader seed/catalog 的现有 object_path 分组；加入 sub_field 后可显示在当前参数树,YES_EXISTING_JSON_PARENT_GROUP,medium,SF,小区服务参数管理（总体）,FAP 载波基本配置,Device.Services.FAPService.{i}.,,json_seed_and_catalog_existing_group,omcgo/internal/config/parammodel/mmlstandardloader/seeds/cmcc_tdlte_v23.json; omcgo/datamodels/mml-catalog/cmcc-tdlte-v2.3.json,SF,小区服务参数管理,{i},Device.Services.FAPService.{i}.FAPControl.LTE.HSS.SubInfoList.{i}.,READ_WRITE,STRING
Device.Services.FAPService.{i}.FAPControl.LTE.HSS.SubInfoList.{i}.IMSINFO,yes,existing_mml_parent_object_group,命中 mmlstandardloader seed/catalog 的现有 object_path 分组；加入 sub_field 后可显示在当前参数树,YES_EXISTING_JSON_PARENT_GROUP,medium,SF,小区服务参数管理（总体）,FAP 载波基本配置,Device.Services.FAPService.{i}.,,json_seed_and_catalog_existing_group,omcgo/internal/config/parammodel/mmlstandardloader/seeds/cmcc_tdlte_v23.json; omcgo/datamodels/mml-catalog/cmcc-tdlte-v2.3.json,SF,小区服务参数管理,{i},Device.Services.FAPService.{i}.FAPControl.LTE.HSS.SubInfoList.{i}.,READ_WRITE,STRING
Device.Services.FAPService.{i}.FAPControl.LTE.HSS.SubInfoList.{i}.SUBINFO,yes,existing_mml_parent_object_group,命中 mmlstandardloader seed/catalog 的现有 object_path 分组；加入 sub_field 后可显示在当前参数树,YES_EXISTING_JSON_PARENT_GROUP,medium,SF,小区服务参数管理（总体）,FAP 载波基本配置,Device.Services.FAPService.{i}.,,json_seed_and_catalog_existing_group,omcgo/internal/config/parammodel/mmlstandardloader/seeds/cmcc_tdlte_v23.json; omcgo/datamodels/mml-catalog/cmcc-tdlte-v2.3.json,SF,小区服务参数管理,{i},Device.Services.FAPService.{i}.FAPControl.LTE.HSS.SubInfoList.{i}.,READ_WRITE,STRING
Device.Services.FAPService.{i}.FAPControl.LTE.LICENSE.Capacity.{i}.DelayAvaliable,yes,existing_mml_parent_object_group,命中 mmlstandardloader seed/catalog 的现有 object_path 分组；加入 sub_field 后可显示在当前参数树,YES_EXISTING_JSON_PARENT_GROUP,medium,SF,小区服务参数管理（总体）,FAP 载波基本配置,Device.Services.FAPService.{i}.,,json_seed_and_catalog_existing_group,omcgo/internal/config/parammodel/mmlstandardloader/seeds/cmcc_tdlte_v23.json; omcgo/datamodels/mml-catalog/cmcc-tdlte-v2.3.json,SF,小区服务参数管理,{i},Device.Services.FAPService.{i}.FAPControl.LTE.LICENSE.Capacity.{i}.,READ_ONLY,U_INT
Device.Services.FAPService.{i}.FAPControl.LTE.LICENSE.Capacity.{i}.DelayControl,yes,existing_mml_parent_object_group,命中 mmlstandardloader seed/catalog 的现有 object_path 分组；加入 sub_field 后可显示在当前参数树,YES_EXISTING_JSON_PARENT_GROUP,medium,SF,小区服务参数管理（总体）,FAP 载波基本配置,Device.Services.FAPService.{i}.,,json_seed_and_catalog_existing_group,omcgo/internal/config/parammodel/mmlstandardloader/seeds/cmcc_tdlte_v23.json; omcgo/datamodels/mml-catalog/cmcc-tdlte-v2.3.json,SF,小区服务参数管理,{i},Device.Services.FAPService.{i}.FAPControl.LTE.LICENSE.Capacity.{i}.,READ_WRITE,U_INT
Device.Services.FAPService.{i}.FAPControl.LTE.LICENSE.Capacity.{i}.Description,yes,existing_mml_parent_object_group,命中 mmlstandardloader seed/catalog 的现有 object_path 分组；加入 sub_field 后可显示在当前参数树,YES_EXISTING_JSON_PARENT_GROUP,medium,SF,小区服务参数管理（总体）,FAP 载波基本配置,Device.Services.FAPService.{i}.,,json_seed_and_catalog_existing_group,omcgo/internal/config/parammodel/mmlstandardloader/seeds/cmcc_tdlte_v23.json; omcgo/datamodels/mml-catalog/cmcc-tdlte-v2.3.json,SF,小区服务参数管理,{i},Device.Services.FAPService.{i}.FAPControl.LTE.LICENSE.Capacity.{i}.,READ_ONLY,STRING
Device.Services.FAPService.{i}.FAPControl.LTE.LICENSE.Capacity.{i}.ID,yes,existing_mml_parent_object_group,命中 mmlstandardloader seed/catalog 的现有 object_path 分组；加入 sub_field 后可显示在当前参数树,YES_EXISTING_JSON_PARENT_GROUP,medium,SF,小区服务参数管理（总体）,FAP 载波基本配置,Device.Services.FAPService.{i}.,,json_seed_and_catalog_existing_group,omcgo/internal/config/parammodel/mmlstandardloader/seeds/cmcc_tdlte_v23.json; omcgo/datamodels/mml-catalog/cmcc-tdlte-v2.3.json,SF,小区服务参数管理,{i},Device.Services.FAPService.{i}.FAPControl.LTE.LICENSE.Capacity.{i}.,READ_ONLY,STRING
Device.Services.FAPService.{i}.FAPControl.LTE.LICENSE.Capacity.{i}.RemainingPeriod,yes,existing_mml_parent_object_group,命中 mmlstandardloader seed/catalog 的现有 object_path 分组；加入 sub_field 后可显示在当前参数树,YES_EXISTING_JSON_PARENT_GROUP,medium,SF,小区服务参数管理（总体）,FAP 载波基本配置,Device.Services.FAPService.{i}.,,json_seed_and_catalog_existing_group,omcgo/internal/config/parammodel/mmlstandardloader/seeds/cmcc_tdlte_v23.json; omcgo/datamodels/mml-catalog/cmcc-tdlte-v2.3.json,SF,小区服务参数管理,{i},Device.Services.FAPService.{i}.FAPControl.LTE.LICENSE.Capacity.{i}.,READ_ONLY,STRING
Device.Services.FAPService.{i}.FAPControl.LTE.LICENSE.Capacity.{i}.ValidPeriod,yes,existing_mml_parent_object_group,命中 mmlstandardloader seed/catalog 的现有 object_path 分组；加入 sub_field 后可显示在当前参数树,YES_EXISTING_JSON_PARENT_GROUP,medium,SF,小区服务参数管理（总体）,FAP 载波基本配置,Device.Services.FAPService.{i}.,,json_seed_and_catalog_existing_group,omcgo/internal/config/parammodel/mmlstandardloader/seeds/cmcc_tdlte_v23.json; omcgo/datamodels/mml-catalog/cmcc-tdlte-v2.3.json,SF,小区服务参数管理,{i},Device.Services.FAPService.{i}.FAPControl.LTE.LICENSE.Capacity.{i}.,READ_ONLY,STRING
Device.Services.FAPService.{i}.FAPControl.LTE.LICENSE.Capacity.{i}.Value,yes,existing_mml_parent_object_group,命中 mmlstandardloader seed/catalog 的现有 object_path 分组；加入 sub_field 后可显示在当前参数树,YES_EXISTING_JSON_PARENT_GROUP,medium,SF,小区服务参数管理（总体）,FAP 载波基本配置,Device.Services.FAPService.{i}.,,json_seed_and_catalog_existing_group,omcgo/internal/config/parammodel/mmlstandardloader/seeds/cmcc_tdlte_v23.json; omcgo/datamodels/mml-catalog/cmcc-tdlte-v2.3.json,SF,小区服务参数管理,{i},Device.Services.FAPService.{i}.FAPControl.LTE.LICENSE.Capacity.{i}.,READ_ONLY,STRING
Device.Services.FAPService.{i}.FAPControl.NR.AMFPoolConfigParam.{i}.AmfIP1,no,not_mml_tree_quicksettings_only,只命中 quicksettings XML，quicksettings 不是 MML 配置参数树数据源,YES_QUICKSETTINGS_XML_GROUP,high,,,核心网参数,,gnb-core,quicksettings_xml_exact_standardPath,omcgo/data/quicksettings/BaiBNQ.xml#gnb-core:核心网参数(AmfIP1),SF,小区服务参数管理,{i},Device.Services.FAPService.{i}.FAPControl.NR.AMFPoolConfigParam.{i}.,READ_WRITE,STRING
Device.Services.FAPService.{i}.FAPControl.NR.AMFPoolConfigParam.{i}.NR_AMF_IS_DEFAULT,yes,existing_mml_parent_object_group,命中 mmlstandardloader seed/catalog 的现有 object_path 分组；加入 sub_field 后可显示在当前参数树,YES_EXISTING_JSON_PARENT_GROUP,medium,SF,小区服务参数管理（总体）,FAP 载波基本配置,Device.Services.FAPService.{i}.,,json_seed_and_catalog_existing_group,omcgo/internal/config/parammodel/mmlstandardloader/seeds/cmcc_tdlte_v23.json; omcgo/datamodels/mml-catalog/cmcc-tdlte-v2.3.json,SF,小区服务参数管理,{i},Device.Services.FAPService.{i}.FAPControl.NR.AMFPoolConfigParam.{i}.,READ_WRITE,STRING
Device.Services.FAPService.{i}.FAPControl.NR.AMFPoolConfigParam.{i}.PLMNID,yes,existing_mml_parent_object_group,命中 mmlstandardloader seed/catalog 的现有 object_path 分组；加入 sub_field 后可显示在当前参数树,YES_EXISTING_JSON_PARENT_GROUP,medium,SF,小区服务参数管理（总体）,FAP 载波基本配置,Device.Services.FAPService.{i}.,,json_seed_and_catalog_existing_group,omcgo/internal/config/parammodel/mmlstandardloader/seeds/cmcc_tdlte_v23.json; omcgo/datamodels/mml-catalog/cmcc-tdlte-v2.3.json,SF,小区服务参数管理,{i},Device.Services.FAPService.{i}.FAPControl.NR.AMFPoolConfigParam.{i}.,READ_WRITE,STRING
Device.Services.FAPService.{i}.FAPControl.NR.DscpList.{i}.Dscp,yes,existing_mml_parent_object_group,命中 mmlstandardloader seed/catalog 的现有 object_path 分组；加入 sub_field 后可显示在当前参数树,YES_EXISTING_JSON_PARENT_GROUP,medium,SF,小区服务参数管理（总体）,FAP 载波基本配置,Device.Services.FAPService.{i}.,,json_seed_and_catalog_existing_group,omcgo/internal/config/parammodel/mmlstandardloader/seeds/cmcc_tdlte_v23.json; omcgo/datamodels/mml-catalog/cmcc-tdlte-v2.3.json,SF,小区服务参数管理,{i},Device.Services.FAPService.{i}.FAPControl.NR.DscpList.{i}.,READ_WRITE,STRING
Device.Services.FAPService.{i}.FAPControl.NR.DscpList.{i}.VlanPrio,yes,existing_mml_parent_object_group,命中 mmlstandardloader seed/catalog 的现有 object_path 分组；加入 sub_field 后可显示在当前参数树,YES_EXISTING_JSON_PARENT_GROUP,medium,SF,小区服务参数管理（总体）,FAP 载波基本配置,Device.Services.FAPService.{i}.,,json_seed_and_catalog_existing_group,omcgo/internal/config/parammodel/mmlstandardloader/seeds/cmcc_tdlte_v23.json; omcgo/datamodels/mml-catalog/cmcc-tdlte-v2.3.json,SF,小区服务参数管理,{i},Device.Services.FAPService.{i}.FAPControl.NR.DscpList.{i}.,READ_WRITE,STRING
Device.Services.FAPService.{i}.FAPControl.NR.XnBlackList.{i}.RemoteAddress,yes,existing_mml_parent_object_group,命中 mmlstandardloader seed/catalog 的现有 object_path 分组；加入 sub_field 后可显示在当前参数树,YES_EXISTING_JSON_PARENT_GROUP,medium,SF,小区服务参数管理（总体）,FAP 载波基本配置,Device.Services.FAPService.{i}.,,json_seed_and_catalog_existing_group,omcgo/internal/config/parammodel/mmlstandardloader/seeds/cmcc_tdlte_v23.json; omcgo/datamodels/mml-catalog/cmcc-tdlte-v2.3.json,SF,小区服务参数管理,{i},Device.Services.FAPService.{i}.FAPControl.NR.XnBlackList.{i}.,READ_WRITE,STRING
Device.Services.FAPService.{i}.FAPControl.NR.XnIpAddrMapInfo.{i}.PLMNID,yes,existing_mml_parent_object_group,命中 mmlstandardloader seed/catalog 的现有 object_path 分组；加入 sub_field 后可显示在当前参数树,YES_EXISTING_JSON_PARENT_GROUP,medium,SF,小区服务参数管理（总体）,FAP 载波基本配置,Device.Services.FAPService.{i}.,,json_seed_and_catalog_existing_group,omcgo/internal/config/parammodel/mmlstandardloader/seeds/cmcc_tdlte_v23.json; omcgo/datamodels/mml-catalog/cmcc-tdlte-v2.3.json,SF,小区服务参数管理,{i},Device.Services.FAPService.{i}.FAPControl.NR.XnIpAddrMapInfo.{i}.,READ_WRITE,STRING
Device.Services.FAPService.{i}.FAPControl.NR.XnIpAddrMapInfo.{i}.RemoteAddress,yes,existing_mml_parent_object_group,命中 mmlstandardloader seed/catalog 的现有 object_path 分组；加入 sub_field 后可显示在当前参数树,YES_EXISTING_JSON_PARENT_GROUP,medium,SF,小区服务参数管理（总体）,FAP 载波基本配置,Device.Services.FAPService.{i}.,,json_seed_and_catalog_existing_group,omcgo/internal/config/parammodel/mmlstandardloader/seeds/cmcc_tdlte_v23.json; omcgo/datamodels/mml-catalog/cmcc-tdlte-v2.3.json,SF,小区服务参数管理,{i},Device.Services.FAPService.{i}.FAPControl.NR.XnIpAddrMapInfo.{i}.,READ_WRITE,STRING
Device.Services.FAPService.{i}.FAPControl.NR.XnIpAddrMapInfo.{i}.XnHoEnable,yes,existing_mml_parent_object_group,命中 mmlstandardloader seed/catalog 的现有 object_path 分组；加入 sub_field 后可显示在当前参数树,YES_EXISTING_JSON_PARENT_GROUP,medium,SF,小区服务参数管理（总体）,FAP 载波基本配置,Device.Services.FAPService.{i}.,,json_seed_and_catalog_existing_group,omcgo/internal/config/parammodel/mmlstandardloader/seeds/cmcc_tdlte_v23.json; omcgo/datamodels/mml-catalog/cmcc-tdlte-v2.3.json,SF,小区服务参数管理,{i},Device.Services.FAPService.{i}.FAPControl.NR.XnIpAddrMapInfo.{i}.,READ_WRITE,STRING
Device.Services.FAPService.{i}.FAPControl.NR.XnIpAddrMapInfo.{i}.XnLinkEnable,yes,existing_mml_parent_object_group,命中 mmlstandardloader seed/catalog 的现有 object_path 分组；加入 sub_field 后可显示在当前参数树,YES_EXISTING_JSON_PARENT_GROUP,medium,SF,小区服务参数管理（总体）,FAP 载波基本配置,Device.Services.FAPService.{i}.,,json_seed_and_catalog_existing_group,omcgo/internal/config/parammodel/mmlstandardloader/seeds/cmcc_tdlte_v23.json; omcgo/datamodels/mml-catalog/cmcc-tdlte-v2.3.json,SF,小区服务参数管理,{i},Device.Services.FAPService.{i}.FAPControl.NR.XnIpAddrMapInfo.{i}.,READ_WRITE,STRING
Device.Services.FAPService.{i}.FAPControl.NR.XnIpAddrMapInfo.{i}.XnStatus,yes,existing_mml_parent_object_group,命中 mmlstandardloader seed/catalog 的现有 object_path 分组；加入 sub_field 后可显示在当前参数树,YES_EXISTING_JSON_PARENT_GROUP,medium,SF,小区服务参数管理（总体）,FAP 载波基本配置,Device.Services.FAPService.{i}.,,json_seed_and_catalog_existing_group,omcgo/internal/config/parammodel/mmlstandardloader/seeds/cmcc_tdlte_v23.json; omcgo/datamodels/mml-catalog/cmcc-tdlte-v2.3.json,SF,小区服务参数管理,{i},Device.Services.FAPService.{i}.FAPControl.NR.XnIpAddrMapInfo.{i}.,READ_WRITE,STRING
Device.Services.FAPService.{i}.FAPControl.Qos.QosSstInfo.{i}.MaxResourceReserved,yes,existing_mml_parent_object_group,命中 mmlstandardloader seed/catalog 的现有 object_path 分组；加入 sub_field 后可显示在当前参数树,YES_EXISTING_JSON_PARENT_GROUP,medium,SF,小区服务参数管理（总体）,FAP 载波基本配置,Device.Services.FAPService.{i}.,,json_seed_and_catalog_existing_group,omcgo/internal/config/parammodel/mmlstandardloader/seeds/cmcc_tdlte_v23.json; omcgo/datamodels/mml-catalog/cmcc-tdlte-v2.3.json,SF,小区服务参数管理,{i},Device.Services.FAPService.{i}.FAPControl.Qos.QosSstInfo.{i}.,READ_WRITE,STRING
Device.Services.FAPService.{i}.FAPControl.Qos.QosSstInfo.{i}.MinResourceReserved,yes,existing_mml_parent_object_group,命中 mmlstandardloader seed/catalog 的现有 object_path 分组；加入 sub_field 后可显示在当前参数树,YES_EXISTING_JSON_PARENT_GROUP,medium,SF,小区服务参数管理（总体）,FAP 载波基本配置,Device.Services.FAPService.{i}.,,json_seed_and_catalog_existing_group,omcgo/internal/config/parammodel/mmlstandardloader/seeds/cmcc_tdlte_v23.json; omcgo/datamodels/mml-catalog/cmcc-tdlte-v2.3.json,SF,小区服务参数管理,{i},Device.Services.FAPService.{i}.FAPControl.Qos.QosSstInfo.{i}.,READ_WRITE,STRING
Device.Services.FAPService.{i}.FAPControl.Qos.QosSstInfo.{i}.Sst,yes,existing_mml_parent_object_group,命中 mmlstandardloader seed/catalog 的现有 object_path 分组；加入 sub_field 后可显示在当前参数树,YES_EXISTING_JSON_PARENT_GROUP,medium,SF,小区服务参数管理（总体）,FAP 载波基本配置,Device.Services.FAPService.{i}.,,json_seed_and_catalog_existing_group,omcgo/internal/config/parammodel/mmlstandardloader/seeds/cmcc_tdlte_v23.json; omcgo/datamodels/mml-catalog/cmcc-tdlte-v2.3.json,SF,小区服务参数管理,{i},Device.Services.FAPService.{i}.FAPControl.Qos.QosSstInfo.{i}.,READ_WRITE,STRING
Device.Services.FAPService.{i}.FAPControl.Qos.QosSstInfo.{i}.SstResourceType,yes,existing_mml_parent_object_group,命中 mmlstandardloader seed/catalog 的现有 object_path 分组；加入 sub_field 后可显示在当前参数树,YES_EXISTING_JSON_PARENT_GROUP,medium,SF,小区服务参数管理（总体）,FAP 载波基本配置,Device.Services.FAPService.{i}.,,json_seed_and_catalog_existing_group,omcgo/internal/config/parammodel/mmlstandardloader/seeds/cmcc_tdlte_v23.json; omcgo/datamodels/mml-catalog/cmcc-tdlte-v2.3.json,SF,小区服务参数管理,{i},Device.Services.FAPService.{i}.FAPControl.Qos.QosSstInfo.{i}.,READ_WRITE,STRING
Device.Services.FAPService.{i}.FAPControl.X2IpAddrMapInfo.{i}.EnbId,yes,existing_mml_parent_object_group,命中 mmlstandardloader seed/catalog 的现有 object_path 分组；加入 sub_field 后可显示在当前参数树,YES_EXISTING_JSON_PARENT_GROUP,medium,SF,小区服务参数管理（总体）,FAP 载波基本配置,Device.Services.FAPService.{i}.,,json_seed_and_catalog_existing_group,omcgo/internal/config/parammodel/mmlstandardloader/seeds/cmcc_tdlte_v23.json; omcgo/datamodels/mml-catalog/cmcc-tdlte-v2.3.json,SF,小区服务参数管理,{i},Device.Services.FAPService.{i}.FAPControl.X2IpAddrMapInfo.{i}.,READ_WRITE,U_INT
Device.Services.FAPService.{i}.FAPControl.X2IpAddrMapInfo.{i}.EnbType,yes,existing_mml_parent_object_group,命中 mmlstandardloader seed/catalog 的现有 object_path 分组；加入 sub_field 后可显示在当前参数树,YES_EXISTING_JSON_PARENT_GROUP,medium,SF,小区服务参数管理（总体）,FAP 载波基本配置,Device.Services.FAPService.{i}.,,json_seed_and_catalog_existing_group,omcgo/internal/config/parammodel/mmlstandardloader/seeds/cmcc_tdlte_v23.json; omcgo/datamodels/mml-catalog/cmcc-tdlte-v2.3.json,SF,小区服务参数管理,{i},Device.Services.FAPService.{i}.FAPControl.X2IpAddrMapInfo.{i}.,READ_WRITE,U_INT
Device.Services.FAPService.{i}.FAPControl.X2IpAddrMapInfo.{i}.PLMNID,yes,existing_mml_parent_object_group,命中 mmlstandardloader seed/catalog 的现有 object_path 分组；加入 sub_field 后可显示在当前参数树,YES_EXISTING_JSON_PARENT_GROUP,medium,SF,小区服务参数管理（总体）,FAP 载波基本配置,Device.Services.FAPService.{i}.,,json_seed_and_catalog_existing_group,omcgo/internal/config/parammodel/mmlstandardloader/seeds/cmcc_tdlte_v23.json; omcgo/datamodels/mml-catalog/cmcc-tdlte-v2.3.json,SF,小区服务参数管理,{i},Device.Services.FAPService.{i}.FAPControl.X2IpAddrMapInfo.{i}.,READ_WRITE,STRING
Device.Services.FAPService.{i}.FAPControl.X2IpAddrMapInfo.{i}.SubnetMask,yes,existing_mml_parent_object_group,命中 mmlstandardloader seed/catalog 的现有 object_path 分组；加入 sub_field 后可显示在当前参数树,YES_EXISTING_JSON_PARENT_GROUP,medium,SF,小区服务参数管理（总体）,FAP 载波基本配置,Device.Services.FAPService.{i}.,,json_seed_and_catalog_existing_group,omcgo/internal/config/parammodel/mmlstandardloader/seeds/cmcc_tdlte_v23.json; omcgo/datamodels/mml-catalog/cmcc-tdlte-v2.3.json,SF,小区服务参数管理,{i},Device.Services.FAPService.{i}.FAPControl.X2IpAddrMapInfo.{i}.,READ_WRITE,STRING
Device.Services.FAPService.{i}.FAPControl.X2IpAddrMapInfo.{i}.WanIpAddress,yes,existing_mml_parent_object_group,命中 mmlstandardloader seed/catalog 的现有 object_path 分组；加入 sub_field 后可显示在当前参数树,YES_EXISTING_JSON_PARENT_GROUP,medium,SF,小区服务参数管理（总体）,FAP 载波基本配置,Device.Services.FAPService.{i}.,,json_seed_and_catalog_existing_group,omcgo/internal/config/parammodel/mmlstandardloader/seeds/cmcc_tdlte_v23.json; omcgo/datamodels/mml-catalog/cmcc-tdlte-v2.3.json,SF,小区服务参数管理,{i},Device.Services.FAPService.{i}.FAPControl.X2IpAddrMapInfo.{i}.,READ_WRITE,STRING
Device.Services.FAPService.{i}.Transport.SCTP.Enable,yes,existing_mml_parent_object_group,命中 mmlstandardloader seed/catalog 的现有 object_path 分组；加入 sub_field 后可显示在当前参数树,YES_EXISTING_JSON_PARENT_GROUP,medium,SF,小区服务参数管理（总体）,FAP 载波基本配置,Device.Services.FAPService.{i}.,,json_seed_and_catalog_existing_group,omcgo/internal/config/parammodel/mmlstandardloader/seeds/cmcc_tdlte_v23.json; omcgo/datamodels/mml-catalog/cmcc-tdlte-v2.3.json,SG,SCTP参数管理,SCTP,Device.Services.FAPService.{i}.Transport.SCTP.,READ_WRITE,BOOLEAN
Device.Services.FAPService.{i}.Transport.SCTP.HBInterval,yes,existing_mml_parent_object_group,命中 mmlstandardloader seed/catalog 的现有 object_path 分组；加入 sub_field 后可显示在当前参数树,YES_EXISTING_JSON_PARENT_GROUP,medium,SF,小区服务参数管理（总体）,FAP 载波基本配置,Device.Services.FAPService.{i}.,,json_seed_and_catalog_existing_group,omcgo/internal/config/parammodel/mmlstandardloader/seeds/cmcc_tdlte_v23.json; omcgo/datamodels/mml-catalog/cmcc-tdlte-v2.3.json,SG,SCTP参数管理,SCTP,Device.Services.FAPService.{i}.Transport.SCTP.,READ_WRITE,U_INT
Device.Services.FAPService.{i}.Transport.SCTP.MaxAssociationRetransmits,yes,existing_mml_parent_object_group,命中 mmlstandardloader seed/catalog 的现有 object_path 分组；加入 sub_field 后可显示在当前参数树,YES_EXISTING_JSON_PARENT_GROUP,medium,SF,小区服务参数管理（总体）,FAP 载波基本配置,Device.Services.FAPService.{i}.,,json_seed_and_catalog_existing_group,omcgo/internal/config/parammodel/mmlstandardloader/seeds/cmcc_tdlte_v23.json; omcgo/datamodels/mml-catalog/cmcc-tdlte-v2.3.json,SG,SCTP参数管理,SCTP,Device.Services.FAPService.{i}.Transport.SCTP.,READ_WRITE,U_INT
Device.Services.FAPService.{i}.Transport.SCTP.MaxInitRetransmits,yes,existing_mml_parent_object_group,命中 mmlstandardloader seed/catalog 的现有 object_path 分组；加入 sub_field 后可显示在当前参数树,YES_EXISTING_JSON_PARENT_GROUP,medium,SF,小区服务参数管理（总体）,FAP 载波基本配置,Device.Services.FAPService.{i}.,,json_seed_and_catalog_existing_group,omcgo/internal/config/parammodel/mmlstandardloader/seeds/cmcc_tdlte_v23.json; omcgo/datamodels/mml-catalog/cmcc-tdlte-v2.3.json,SG,SCTP参数管理,SCTP,Device.Services.FAPService.{i}.Transport.SCTP.,READ_WRITE,U_INT
Device.Services.FAPService.{i}.Transport.SCTP.MaxPathRetransmits,yes,existing_mml_parent_object_group,命中 mmlstandardloader seed/catalog 的现有 object_path 分组；加入 sub_field 后可显示在当前参数树,YES_EXISTING_JSON_PARENT_GROUP,medium,SF,小区服务参数管理（总体）,FAP 载波基本配置,Device.Services.FAPService.{i}.,,json_seed_and_catalog_existing_group,omcgo/internal/config/parammodel/mmlstandardloader/seeds/cmcc_tdlte_v23.json; omcgo/datamodels/mml-catalog/cmcc-tdlte-v2.3.json,SG,SCTP参数管理,SCTP,Device.Services.FAPService.{i}.Transport.SCTP.,READ_WRITE,U_INT
Device.Services.FAPService.{i}.Transport.SCTP.RTOInitial,yes,existing_mml_parent_object_group,命中 mmlstandardloader seed/catalog 的现有 object_path 分组；加入 sub_field 后可显示在当前参数树,YES_EXISTING_JSON_PARENT_GROUP,medium,SF,小区服务参数管理（总体）,FAP 载波基本配置,Device.Services.FAPService.{i}.,,json_seed_and_catalog_existing_group,omcgo/internal/config/parammodel/mmlstandardloader/seeds/cmcc_tdlte_v23.json; omcgo/datamodels/mml-catalog/cmcc-tdlte-v2.3.json,SG,SCTP参数管理,SCTP,Device.Services.FAPService.{i}.Transport.SCTP.,READ_WRITE,U_INT
Device.Services.FAPService.{i}.Transport.SCTP.RTOMax,yes,existing_mml_parent_object_group,命中 mmlstandardloader seed/catalog 的现有 object_path 分组；加入 sub_field 后可显示在当前参数树,YES_EXISTING_JSON_PARENT_GROUP,medium,SF,小区服务参数管理（总体）,FAP 载波基本配置,Device.Services.FAPService.{i}.,,json_seed_and_catalog_existing_group,omcgo/internal/config/parammodel/mmlstandardloader/seeds/cmcc_tdlte_v23.json; omcgo/datamodels/mml-catalog/cmcc-tdlte-v2.3.json,SG,SCTP参数管理,SCTP,Device.Services.FAPService.{i}.Transport.SCTP.,READ_WRITE,U_INT
Device.Services.FAPService.{i}.Transport.SCTP.RTOMin,yes,existing_mml_parent_object_group,命中 mmlstandardloader seed/catalog 的现有 object_path 分组；加入 sub_field 后可显示在当前参数树,YES_EXISTING_JSON_PARENT_GROUP,medium,SF,小区服务参数管理（总体）,FAP 载波基本配置,Device.Services.FAPService.{i}.,,json_seed_and_catalog_existing_group,omcgo/internal/config/parammodel/mmlstandardloader/seeds/cmcc_tdlte_v23.json; omcgo/datamodels/mml-catalog/cmcc-tdlte-v2.3.json,SG,SCTP参数管理,SCTP,Device.Services.FAPService.{i}.Transport.SCTP.,READ_WRITE,U_INT
Device.Services.FAPService.{i}.Transport.SCTP.ValCookieLife,yes,existing_mml_parent_object_group,命中 mmlstandardloader seed/catalog 的现有 object_path 分组；加入 sub_field 后可显示在当前参数树,YES_EXISTING_JSON_PARENT_GROUP,medium,SF,小区服务参数管理（总体）,FAP 载波基本配置,Device.Services.FAPService.{i}.,,json_seed_and_catalog_existing_group,omcgo/internal/config/parammodel/mmlstandardloader/seeds/cmcc_tdlte_v23.json; omcgo/datamodels/mml-catalog/cmcc-tdlte-v2.3.json,SG,SCTP参数管理,SCTP,Device.Services.FAPService.{i}.Transport.SCTP.,READ_WRITE,U_INT
Device.Services.FAPService.{i}.Transport.SCTP.Assoc.{i}.LocalPort,yes,existing_mml_parent_object_group,命中 mmlstandardloader seed/catalog 的现有 object_path 分组；加入 sub_field 后可显示在当前参数树,YES_EXISTING_JSON_PARENT_GROUP,medium,SF,小区服务参数管理（总体）,FAP 载波基本配置,Device.Services.FAPService.{i}.,,json_seed_and_catalog_existing_group,omcgo/internal/config/parammodel/mmlstandardloader/seeds/cmcc_tdlte_v23.json; omcgo/datamodels/mml-catalog/cmcc-tdlte-v2.3.json,SG,SCTP参数管理,{i},Device.Services.FAPService.{i}.Transport.SCTP.Assoc.{i}.,READ_ONLY,U_INT
Device.Services.FAPService.{i}.Transport.SCTP.Assoc.{i}.PrimaryPeerAddress,yes,existing_mml_parent_object_group,命中 mmlstandardloader seed/catalog 的现有 object_path 分组；加入 sub_field 后可显示在当前参数树,YES_EXISTING_JSON_PARENT_GROUP,medium,SF,小区服务参数管理（总体）,FAP 载波基本配置,Device.Services.FAPService.{i}.,,json_seed_and_catalog_existing_group,omcgo/internal/config/parammodel/mmlstandardloader/seeds/cmcc_tdlte_v23.json; omcgo/datamodels/mml-catalog/cmcc-tdlte-v2.3.json,SG,SCTP参数管理,{i},Device.Services.FAPService.{i}.Transport.SCTP.Assoc.{i}.,READ_ONLY,STRING
Device.Services.FAPService.{i}.Transport.SCTP.Assoc.{i}.RemotePort,yes,existing_mml_parent_object_group,命中 mmlstandardloader seed/catalog 的现有 object_path 分组；加入 sub_field 后可显示在当前参数树,YES_EXISTING_JSON_PARENT_GROUP,medium,SF,小区服务参数管理（总体）,FAP 载波基本配置,Device.Services.FAPService.{i}.,,json_seed_and_catalog_existing_group,omcgo/internal/config/parammodel/mmlstandardloader/seeds/cmcc_tdlte_v23.json; omcgo/datamodels/mml-catalog/cmcc-tdlte-v2.3.json,SG,SCTP参数管理,{i},Device.Services.FAPService.{i}.Transport.SCTP.Assoc.{i}.,READ_ONLY,U_INT
Device.Services.FAPService.{i}.Transport.SCTP.Assoc.{i}.SCTPAssocLocalAddr,yes,existing_mml_parent_object_group,命中 mmlstandardloader seed/catalog 的现有 object_path 分组；加入 sub_field 后可显示在当前参数树,YES_EXISTING_JSON_PARENT_GROUP,medium,SF,小区服务参数管理（总体）,FAP 载波基本配置,Device.Services.FAPService.{i}.,,json_seed_and_catalog_existing_group,omcgo/internal/config/parammodel/mmlstandardloader/seeds/cmcc_tdlte_v23.json; omcgo/datamodels/mml-catalog/cmcc-tdlte-v2.3.json,SG,SCTP参数管理,{i},Device.Services.FAPService.{i}.Transport.SCTP.Assoc.{i}.,READ_ONLY,STRING
Device.Services.FAPService.{i}.CellConfig.{i}.NR.RAN.PHY.Antenna.NumOfRxAntenna,yes,existing_mml_parent_object_group,命中 mmlstandardloader seed/catalog 的现有 object_path 分组；加入 sub_field 后可显示在当前参数树,YES_EXISTING_JSON_PARENT_GROUP,medium,SF,小区服务参数管理（总体）,FAP 载波基本配置,Device.Services.FAPService.{i}.,,json_seed_and_catalog_existing_group,omcgo/internal/config/parammodel/mmlstandardloader/seeds/cmcc_tdlte_v23.json; omcgo/datamodels/mml-catalog/cmcc-tdlte-v2.3.json,SH,RAN协议栈参数,Antenna,Device.Services.FAPService.{i}.CellConfig.{i}.NR.RAN.PHY.Antenna.,READ_WRITE,INT
Device.Services.FAPService.{i}.CellConfig.{i}.NR.RAN.PHY.Antenna.NumOfTxAntenna,no,not_mml_tree_quicksettings_only,只命中 quicksettings XML，quicksettings 不是 MML 配置参数树数据源,YES_QUICKSETTINGS_XML_GROUP,high,,,小区参数,,gnb-cell,quicksettings_xml_exact_standardPath,omcgo/data/quicksettings/BaiBNQ.xml#gnb-cell:小区参数(NumOfTxAntenna),SH,RAN协议栈参数,Antenna,Device.Services.FAPService.{i}.CellConfig.{i}.NR.RAN.PHY.Antenna.,READ_WRITE,STRING
Device.Services.FAPService.{i}.CellConfig.LTE.RAN.PHY.AntennaInfo.AntennaPortsCount,no,not_mml_tree_quicksettings_only,只命中 quicksettings XML，quicksettings 不是 MML 配置参数树数据源,YES_QUICKSETTINGS_XML_GROUP,high,,,小区参数,,enb-cell,quicksettings_xml_exact_standardPath,omcgo/data/quicksettings/BM.xml#enb-cell:小区参数(AntennaPortsCount),SH,RAN协议栈参数,AntennaInfo,Device.Services.FAPService.{i}.CellConfig.LTE.RAN.PHY.AntennaInfo.,READ_WRITE,STRING
Device.Services.FAPService.{i}.CellConfig.LTE.RAN.PHY.AntennaInfo.Multiplex,yes,existing_mml_parent_object_group,命中 mmlstandardloader seed/catalog 的现有 object_path 分组；加入 sub_field 后可显示在当前参数树,YES_EXISTING_JSON_PARENT_GROUP,medium,SH,RAN协议栈参数,RAN PHY 物理层,Device.Services.FAPService.{i}.CellConfig.LTE.RAN.PHY.,,json_seed_and_catalog_existing_group,omcgo/internal/config/parammodel/mmlstandardloader/seeds/cmcc_tdlte_v23.json; omcgo/datamodels/mml-catalog/cmcc-tdlte-v2.3.json,SH,RAN协议栈参数,AntennaInfo,Device.Services.FAPService.{i}.CellConfig.LTE.RAN.PHY.AntennaInfo.,READ_WRITE,STRING
Device.Services.FAPService.{i}.CellConfig.{i}.NR.RAN.PHY.BWP.BWPDL.{i},yes,existing_mml_parent_object_group,命中 mmlstandardloader seed/catalog 的现有 object_path 分组；加入 sub_field 后可显示在当前参数树,YES_EXISTING_JSON_PARENT_GROUP,medium,SF,小区服务参数管理（总体）,FAP 载波基本配置,Device.Services.FAPService.{i}.,,json_seed_and_catalog_existing_group,omcgo/internal/config/parammodel/mmlstandardloader/seeds/cmcc_tdlte_v23.json; omcgo/datamodels/mml-catalog/cmcc-tdlte-v2.3.json,SH,RAN协议栈参数,BWPDL,Device.Services.FAPService.{i}.CellConfig.{i}.NR.RAN.PHY.BWP.BWPDL.,READ_WRITE,STRING
Device.Services.FAPService.{i}.CellConfig.LTE.RAN.CA.CaEnable,yes,existing_mml_parent_object_group,命中 mmlstandardloader seed/catalog 的现有 object_path 分组；加入 sub_field 后可显示在当前参数树,YES_EXISTING_JSON_PARENT_GROUP,medium,SF,小区服务参数管理（总体）,FAP 载波基本配置,Device.Services.FAPService.{i}.,,json_seed_and_catalog_existing_group,omcgo/internal/config/parammodel/mmlstandardloader/seeds/cmcc_tdlte_v23.json; omcgo/datamodels/mml-catalog/cmcc-tdlte-v2.3.json,SH,RAN协议栈参数,CA,Device.Services.FAPService.{i}.CellConfig.LTE.RAN.CA.,READ_WRITE,STRING
Device.Services.FAPService.{i}.CellConfig.{i}.NR.RAN.PHY.BWP.BWPDL.{i}.PDCCH.CommonControlResourceSet.CceRegMappingType.InterleaverSize,yes,existing_mml_parent_object_group,命中 mmlstandardloader seed/catalog 的现有 object_path 分组；加入 sub_field 后可显示在当前参数树,YES_EXISTING_JSON_PARENT_GROUP,medium,SF,小区服务参数管理（总体）,FAP 载波基本配置,Device.Services.FAPService.{i}.,,json_seed_and_catalog_existing_group,omcgo/internal/config/parammodel/mmlstandardloader/seeds/cmcc_tdlte_v23.json; omcgo/datamodels/mml-catalog/cmcc-tdlte-v2.3.json,SH,RAN协议栈参数,CceRegMappingType,Device.Services.FAPService.{i}.CellConfig.{i}.NR.RAN.PHY.BWP.BWPDL.{i}.PDCCH.CommonControlResourceSet.CceRegMappingType.,READ_WRITE,STRING
Device.Services.FAPService.{i}.CellConfig.{i}.NR.RAN.PHY.BWP.BWPDL.{i}.PDCCH.CommonControlResourceSet.CceRegMappingType.RegBundleSize,yes,existing_mml_parent_object_group,命中 mmlstandardloader seed/catalog 的现有 object_path 分组；加入 sub_field 后可显示在当前参数树,YES_EXISTING_JSON_PARENT_GROUP,medium,SF,小区服务参数管理（总体）,FAP 载波基本配置,Device.Services.FAPService.{i}.,,json_seed_and_catalog_existing_group,omcgo/internal/config/parammodel/mmlstandardloader/seeds/cmcc_tdlte_v23.json; omcgo/datamodels/mml-catalog/cmcc-tdlte-v2.3.json,SH,RAN协议栈参数,CceRegMappingType,Device.Services.FAPService.{i}.CellConfig.{i}.NR.RAN.PHY.BWP.BWPDL.{i}.PDCCH.CommonControlResourceSet.CceRegMappingType.,READ_WRITE,STRING
Device.Services.FAPService.{i}.CellConfig.{i}.NR.RAN.PHY.BWP.BWPDL.{i}.PDCCH.CommonControlResourceSet.CceRegMappingType.RegType,yes,existing_mml_parent_object_group,命中 mmlstandardloader seed/catalog 的现有 object_path 分组；加入 sub_field 后可显示在当前参数树,YES_EXISTING_JSON_PARENT_GROUP,medium,SF,小区服务参数管理（总体）,FAP 载波基本配置,Device.Services.FAPService.{i}.,,json_seed_and_catalog_existing_group,omcgo/internal/config/parammodel/mmlstandardloader/seeds/cmcc_tdlte_v23.json; omcgo/datamodels/mml-catalog/cmcc-tdlte-v2.3.json,SH,RAN协议栈参数,CceRegMappingType,Device.Services.FAPService.{i}.CellConfig.{i}.NR.RAN.PHY.BWP.BWPDL.{i}.PDCCH.CommonControlResourceSet.CceRegMappingType.,READ_WRITE,STRING
Device.Services.FAPService.{i}.CellConfig.{i}.NR.RAN.PHY.BWP.BWPDL.{i}.PDCCH.CommonControlResourceSet.CceRegMappingType.ShiftIndex,yes,existing_mml_parent_object_group,命中 mmlstandardloader seed/catalog 的现有 object_path 分组；加入 sub_field 后可显示在当前参数树,YES_EXISTING_JSON_PARENT_GROUP,medium,SF,小区服务参数管理（总体）,FAP 载波基本配置,Device.Services.FAPService.{i}.,,json_seed_and_catalog_existing_group,omcgo/internal/config/parammodel/mmlstandardloader/seeds/cmcc_tdlte_v23.json; omcgo/datamodels/mml-catalog/cmcc-tdlte-v2.3.json,SH,RAN协议栈参数,CceRegMappingType,Device.Services.FAPService.{i}.CellConfig.{i}.NR.RAN.PHY.BWP.BWPDL.{i}.PDCCH.CommonControlResourceSet.CceRegMappingType.,READ_WRITE,STRING
Device.Services.FAPService.{i}.FAPControl.NR.RAN.Common.AdminState,yes,existing_mml_parent_object_group,命中 mmlstandardloader seed/catalog 的现有 object_path 分组；加入 sub_field 后可显示在当前参数树,YES_EXISTING_JSON_PARENT_GROUP,medium,SF,小区服务参数管理（总体）,FAP 载波基本配置,Device.Services.FAPService.{i}.,,json_seed_and_catalog_existing_group,omcgo/internal/config/parammodel/mmlstandardloader/seeds/cmcc_tdlte_v23.json; omcgo/datamodels/mml-catalog/cmcc-tdlte-v2.3.json,SH,RAN协议栈参数,Common,Device.Services.FAPService.{i}.FAPControl.NR.RAN.Common.,READ_WRITE,STRING
Device.Services.FAPService.{i}.FAPControl.NR.RAN.Common.gNBId,no,not_mml_tree_quicksettings_only,只命中 quicksettings XML，quicksettings 不是 MML 配置参数树数据源,YES_QUICKSETTINGS_XML_GROUP,high,,,核心网参数,,gnb-core,quicksettings_xml_exact_standardPath,omcgo/data/quicksettings/BaiBNQ.xml#gnb-core:核心网参数(gNBId),SH,RAN协议栈参数,Common,Device.Services.FAPService.{i}.FAPControl.NR.RAN.Common.,READ_WRITE,STRING
Device.Services.FAPService.{i}.FAPControl.NR.RAN.Common.gNBIdLength,no,not_mml_tree_quicksettings_only,只命中 quicksettings XML，quicksettings 不是 MML 配置参数树数据源,YES_QUICKSETTINGS_XML_GROUP,high,,,核心网参数,,gnb-core,quicksettings_xml_exact_standardPath,omcgo/data/quicksettings/BaiBNQ.xml#gnb-core:核心网参数(gNBIdLength),SH,RAN协议栈参数,Common,Device.Services.FAPService.{i}.FAPControl.NR.RAN.Common.,READ_WRITE,STRING
Device.Services.FAPService.{i}.CellConfig.{i}.NR.RAN.PHY.BWP.BWPDL.{i}.PDCCH.CommonControlResourceSet.ControlResourceSetId,yes,existing_mml_parent_object_group,命中 mmlstandardloader seed/catalog 的现有 object_path 分组；加入 sub_field 后可显示在当前参数树,YES_EXISTING_JSON_PARENT_GROUP,medium,SF,小区服务参数管理（总体）,FAP 载波基本配置,Device.Services.FAPService.{i}.,,json_seed_and_catalog_existing_group,omcgo/internal/config/parammodel/mmlstandardloader/seeds/cmcc_tdlte_v23.json; omcgo/datamodels/mml-catalog/cmcc-tdlte-v2.3.json,SH,RAN协议栈参数,CommonControlResourceSet,Device.Services.FAPService.{i}.CellConfig.{i}.NR.RAN.PHY.BWP.BWPDL.{i}.PDCCH.CommonControlResourceSet.,READ_WRITE,STRING
Device.Services.FAPService.{i}.CellConfig.{i}.NR.RAN.PHY.BWP.BWPDL.{i}.PDCCH.CommonControlResourceSet.Duration,yes,existing_mml_parent_object_group,命中 mmlstandardloader seed/catalog 的现有 object_path 分组；加入 sub_field 后可显示在当前参数树,YES_EXISTING_JSON_PARENT_GROUP,medium,SF,小区服务参数管理（总体）,FAP 载波基本配置,Device.Services.FAPService.{i}.,,json_seed_and_catalog_existing_group,omcgo/internal/config/parammodel/mmlstandardloader/seeds/cmcc_tdlte_v23.json; omcgo/datamodels/mml-catalog/cmcc-tdlte-v2.3.json,SH,RAN协议栈参数,CommonControlResourceSet,Device.Services.FAPService.{i}.CellConfig.{i}.NR.RAN.PHY.BWP.BWPDL.{i}.PDCCH.CommonControlResourceSet.,READ_WRITE,STRING
Device.Services.FAPService.{i}.CellConfig.{i}.NR.RAN.PHY.BWP.BWPDL.{i}.PDCCH.CommonControlResourceSet.FrequencyDomainResources,yes,existing_mml_parent_object_group,命中 mmlstandardloader seed/catalog 的现有 object_path 分组；加入 sub_field 后可显示在当前参数树,YES_EXISTING_JSON_PARENT_GROUP,medium,SF,小区服务参数管理（总体）,FAP 载波基本配置,Device.Services.FAPService.{i}.,,json_seed_and_catalog_existing_group,omcgo/internal/config/parammodel/mmlstandardloader/seeds/cmcc_tdlte_v23.json; omcgo/datamodels/mml-catalog/cmcc-tdlte-v2.3.json,SH,RAN协议栈参数,CommonControlResourceSet,Device.Services.FAPService.{i}.CellConfig.{i}.NR.RAN.PHY.BWP.BWPDL.{i}.PDCCH.CommonControlResourceSet.,READ_WRITE,STRING
Device.Services.FAPService.{i}.CellConfig.{i}.NR.RAN.PHY.BWP.BWPDL.{i}.PDCCH.CommonControlResourceSet.PrecoderGranularity,yes,existing_mml_parent_object_group,命中 mmlstandardloader seed/catalog 的现有 object_path 分组；加入 sub_field 后可显示在当前参数树,YES_EXISTING_JSON_PARENT_GROUP,medium,SF,小区服务参数管理（总体）,FAP 载波基本配置,Device.Services.FAPService.{i}.,,json_seed_and_catalog_existing_group,omcgo/internal/config/parammodel/mmlstandardloader/seeds/cmcc_tdlte_v23.json; omcgo/datamodels/mml-catalog/cmcc-tdlte-v2.3.json,SH,RAN协议栈参数,CommonControlResourceSet,Device.Services.FAPService.{i}.CellConfig.{i}.NR.RAN.PHY.BWP.BWPDL.{i}.PDCCH.CommonControlResourceSet.,READ_WRITE,STRING
Device.Services.FAPService.{i}.CellConfig.{i}.NR.RAN.PHY.BWP.BWPDL.{i}.PDCCH.CommonSearchSpaceList.{i},yes,existing_mml_parent_object_group,命中 mmlstandardloader seed/catalog 的现有 object_path 分组；加入 sub_field 后可显示在当前参数树,YES_EXISTING_JSON_PARENT_GROUP,medium,SF,小区服务参数管理（总体）,FAP 载波基本配置,Device.Services.FAPService.{i}.,,json_seed_and_catalog_existing_group,omcgo/internal/config/parammodel/mmlstandardloader/seeds/cmcc_tdlte_v23.json; omcgo/datamodels/mml-catalog/cmcc-tdlte-v2.3.json,SH,RAN协议栈参数,CommonSearchSpaceList,Device.Services.FAPService.{i}.CellConfig.{i}.NR.RAN.PHY.BWP.BWPDL.{i}.PDCCH.CommonSearchSpaceList.,READ_WRITE,STRING
Device.Services.FAPService.{i}.CellConfig.{i}.NR.RAN.PHY.BWP.BWPDL.{i}.PDCCH.DedicatedCtlResourceSet.{i},yes,existing_mml_parent_object_group,命中 mmlstandardloader seed/catalog 的现有 object_path 分组；加入 sub_field 后可显示在当前参数树,YES_EXISTING_JSON_PARENT_GROUP,medium,SF,小区服务参数管理（总体）,FAP 载波基本配置,Device.Services.FAPService.{i}.,,json_seed_and_catalog_existing_group,omcgo/internal/config/parammodel/mmlstandardloader/seeds/cmcc_tdlte_v23.json; omcgo/datamodels/mml-catalog/cmcc-tdlte-v2.3.json,SH,RAN协议栈参数,DedicatedCtlResourceSet,Device.Services.FAPService.{i}.CellConfig.{i}.NR.RAN.PHY.BWP.BWPDL.{i}.PDCCH.DedicatedCtlResourceSet.,READ_WRITE,STRING
Device.Services.FAPService.{i}.CellConfig.{i}.NR.RAN.EnergySaveParam.EnergySavingDelayTime,yes,existing_mml_parent_object_group,命中 mmlstandardloader seed/catalog 的现有 object_path 分组；加入 sub_field 后可显示在当前参数树,YES_EXISTING_JSON_PARENT_GROUP,medium,SF,小区服务参数管理（总体）,FAP 载波基本配置,Device.Services.FAPService.{i}.,,json_seed_and_catalog_existing_group,omcgo/internal/config/parammodel/mmlstandardloader/seeds/cmcc_tdlte_v23.json; omcgo/datamodels/mml-catalog/cmcc-tdlte-v2.3.json,SH,RAN协议栈参数,EnergySaveParam,Device.Services.FAPService.{i}.CellConfig.{i}.NR.RAN.EnergySaveParam.,READ_WRITE,STRING
Device.Services.FAPService.{i}.CellConfig.{i}.NR.RAN.EnergySaveParam.EnergySavingTime,yes,existing_mml_parent_object_group,命中 mmlstandardloader seed/catalog 的现有 object_path 分组；加入 sub_field 后可显示在当前参数树,YES_EXISTING_JSON_PARENT_GROUP,medium,SF,小区服务参数管理（总体）,FAP 载波基本配置,Device.Services.FAPService.{i}.,,json_seed_and_catalog_existing_group,omcgo/internal/config/parammodel/mmlstandardloader/seeds/cmcc_tdlte_v23.json; omcgo/datamodels/mml-catalog/cmcc-tdlte-v2.3.json,SH,RAN协议栈参数,EnergySaveParam,Device.Services.FAPService.{i}.CellConfig.{i}.NR.RAN.EnergySaveParam.,READ_WRITE,STRING
Device.Services.FAPService.{i}.CellConfig.{i}.NR.RAN.EnergySaveParam.EnergySavingType,yes,existing_mml_parent_object_group,命中 mmlstandardloader seed/catalog 的现有 object_path 分组；加入 sub_field 后可显示在当前参数树,YES_EXISTING_JSON_PARENT_GROUP,medium,SF,小区服务参数管理（总体）,FAP 载波基本配置,Device.Services.FAPService.{i}.,,json_seed_and_catalog_existing_group,omcgo/internal/config/parammodel/mmlstandardloader/seeds/cmcc_tdlte_v23.json; omcgo/datamodels/mml-catalog/cmcc-tdlte-v2.3.json,SH,RAN协议栈参数,EnergySaveParam,Device.Services.FAPService.{i}.CellConfig.{i}.NR.RAN.EnergySaveParam.,READ_WRITE,STRING
Device.Services.FAPService.{i}.CellConfig.{i}.NR.RAN.EnergySaveParam.PrbLowThreshold,yes,existing_mml_parent_object_group,命中 mmlstandardloader seed/catalog 的现有 object_path 分组；加入 sub_field 后可显示在当前参数树,YES_EXISTING_JSON_PARENT_GROUP,medium,SF,小区服务参数管理（总体）,FAP 载波基本配置,Device.Services.FAPService.{i}.,,json_seed_and_catalog_existing_group,omcgo/internal/config/parammodel/mmlstandardloader/seeds/cmcc_tdlte_v23.json; omcgo/datamodels/mml-catalog/cmcc-tdlte-v2.3.json,SH,RAN协议栈参数,EnergySaveParam,Device.Services.FAPService.{i}.CellConfig.{i}.NR.RAN.EnergySaveParam.,READ_WRITE,STRING
Device.Services.FAPService.{i}.CellConfig.{i}.NR.RAN.EnergySaveParam.PrbReportPeriod,yes,existing_mml_parent_object_group,命中 mmlstandardloader seed/catalog 的现有 object_path 分组；加入 sub_field 后可显示在当前参数树,YES_EXISTING_JSON_PARENT_GROUP,medium,SF,小区服务参数管理（总体）,FAP 载波基本配置,Device.Services.FAPService.{i}.,,json_seed_and_catalog_existing_group,omcgo/internal/config/parammodel/mmlstandardloader/seeds/cmcc_tdlte_v23.json; omcgo/datamodels/mml-catalog/cmcc-tdlte-v2.3.json,SH,RAN协议栈参数,EnergySaveParam,Device.Services.FAPService.{i}.CellConfig.{i}.NR.RAN.EnergySaveParam.,READ_WRITE,STRING
Device.Services.FAPService.{i}.CellConfig.{i}.NR.RAN.EnergySaveParam.RRCLowThreshold,yes,existing_mml_parent_object_group,命中 mmlstandardloader seed/catalog 的现有 object_path 分组；加入 sub_field 后可显示在当前参数树,YES_EXISTING_JSON_PARENT_GROUP,medium,SF,小区服务参数管理（总体）,FAP 载波基本配置,Device.Services.FAPService.{i}.,,json_seed_and_catalog_existing_group,omcgo/internal/config/parammodel/mmlstandardloader/seeds/cmcc_tdlte_v23.json; omcgo/datamodels/mml-catalog/cmcc-tdlte-v2.3.json,SH,RAN协议栈参数,EnergySaveParam,Device.Services.FAPService.{i}.CellConfig.{i}.NR.RAN.EnergySaveParam.,READ_WRITE,STRING
Device.Services.FAPService.{i}.CellConfig.{i}.NR.RAN.PHY.FrequencyInfoDLSIB.OffsetToPointA,no,not_mml_tree_quicksettings_only,只命中 quicksettings XML，quicksettings 不是 MML 配置参数树数据源,YES_QUICKSETTINGS_XML_GROUP,high,,,小区参数,,gnb-cell,quicksettings_xml_exact_standardPath,omcgo/data/quicksettings/BaiBNQ.xml#gnb-cell:小区参数(OffsetToPointA),SH,RAN协议栈参数,FrequencyInfoDLSIB,Device.Services.FAPService.{i}.CellConfig.{i}.NR.RAN.PHY.FrequencyInfoDLSIB.,READ_WRITE,STRING
Device.Services.FAPService.{i}.CellConfig.LTE.RAN.CA.PARAMS.CARRIER_MODE,yes,existing_mml_parent_object_group,命中 mmlstandardloader seed/catalog 的现有 object_path 分组；加入 sub_field 后可显示在当前参数树,YES_EXISTING_JSON_PARENT_GROUP,medium,SF,小区服务参数管理（总体）,FAP 载波基本配置,Device.Services.FAPService.{i}.,,json_seed_and_catalog_existing_group,omcgo/internal/config/parammodel/mmlstandardloader/seeds/cmcc_tdlte_v23.json; omcgo/datamodels/mml-catalog/cmcc-tdlte-v2.3.json,SH,RAN协议栈参数,PARAMS,Device.Services.FAPService.{i}.CellConfig.LTE.RAN.CA.PARAMS.,READ_WRITE,BOOLEAN
Device.Services.FAPService.{i}.CellConfig.LTE.RAN.CA.PARAMS.NumOfCells,yes,existing_mml_parent_object_group,命中 mmlstandardloader seed/catalog 的现有 object_path 分组；加入 sub_field 后可显示在当前参数树,YES_EXISTING_JSON_PARENT_GROUP,medium,SF,小区服务参数管理（总体）,FAP 载波基本配置,Device.Services.FAPService.{i}.,,json_seed_and_catalog_existing_group,omcgo/internal/config/parammodel/mmlstandardloader/seeds/cmcc_tdlte_v23.json; omcgo/datamodels/mml-catalog/cmcc-tdlte-v2.3.json,SH,RAN协议栈参数,PARAMS,Device.Services.FAPService.{i}.CellConfig.LTE.RAN.CA.PARAMS.,READ_WRITE,INT
Device.Services.FAPService.{i}.CellConfig.{i}.NR.RAN.PHY.BWP.BWPDL.{i}.PDCCH.PDCCHConfigCommon.ControlResourceSetZero,yes,existing_mml_parent_object_group,命中 mmlstandardloader seed/catalog 的现有 object_path 分组；加入 sub_field 后可显示在当前参数树,YES_EXISTING_JSON_PARENT_GROUP,medium,SF,小区服务参数管理（总体）,FAP 载波基本配置,Device.Services.FAPService.{i}.,,json_seed_and_catalog_existing_group,omcgo/internal/config/parammodel/mmlstandardloader/seeds/cmcc_tdlte_v23.json; omcgo/datamodels/mml-catalog/cmcc-tdlte-v2.3.json,SH,RAN协议栈参数,PDCCHConfigCommon,Device.Services.FAPService.{i}.CellConfig.{i}.NR.RAN.PHY.BWP.BWPDL.{i}.PDCCH.PDCCHConfigCommon.,READ_WRITE,STRING
Device.Services.FAPService.{i}.CellConfig.{i}.NR.RAN.PHY.BWP.BWPDL.{i}.PDCCH.PDCCHConfigCommon.PagingSearchSpace,yes,existing_mml_parent_object_group,命中 mmlstandardloader seed/catalog 的现有 object_path 分组；加入 sub_field 后可显示在当前参数树,YES_EXISTING_JSON_PARENT_GROUP,medium,SF,小区服务参数管理（总体）,FAP 载波基本配置,Device.Services.FAPService.{i}.,,json_seed_and_catalog_existing_group,omcgo/internal/config/parammodel/mmlstandardloader/seeds/cmcc_tdlte_v23.json; omcgo/datamodels/mml-catalog/cmcc-tdlte-v2.3.json,SH,RAN协议栈参数,PDCCHConfigCommon,Device.Services.FAPService.{i}.CellConfig.{i}.NR.RAN.PHY.BWP.BWPDL.{i}.PDCCH.PDCCHConfigCommon.,READ_WRITE,STRING
Device.Services.FAPService.{i}.CellConfig.{i}.NR.RAN.PHY.BWP.BWPDL.{i}.PDCCH.PDCCHConfigCommon.RaSearchSpace,yes,existing_mml_parent_object_group,命中 mmlstandardloader seed/catalog 的现有 object_path 分组；加入 sub_field 后可显示在当前参数树,YES_EXISTING_JSON_PARENT_GROUP,medium,SF,小区服务参数管理（总体）,FAP 载波基本配置,Device.Services.FAPService.{i}.,,json_seed_and_catalog_existing_group,omcgo/internal/config/parammodel/mmlstandardloader/seeds/cmcc_tdlte_v23.json; omcgo/datamodels/mml-catalog/cmcc-tdlte-v2.3.json,SH,RAN协议栈参数,PDCCHConfigCommon,Device.Services.FAPService.{i}.CellConfig.{i}.NR.RAN.PHY.BWP.BWPDL.{i}.PDCCH.PDCCHConfigCommon.,READ_WRITE,STRING
Device.Services.FAPService.{i}.CellConfig.{i}.NR.RAN.PHY.BWP.BWPDL.{i}.PDCCH.PDCCHConfigCommon.SearchSpaceOtherSystemInformation,yes,existing_mml_parent_object_group,命中 mmlstandardloader seed/catalog 的现有 object_path 分组；加入 sub_field 后可显示在当前参数树,YES_EXISTING_JSON_PARENT_GROUP,medium,SF,小区服务参数管理（总体）,FAP 载波基本配置,Device.Services.FAPService.{i}.,,json_seed_and_catalog_existing_group,omcgo/internal/config/parammodel/mmlstandardloader/seeds/cmcc_tdlte_v23.json; omcgo/datamodels/mml-catalog/cmcc-tdlte-v2.3.json,SH,RAN协议栈参数,PDCCHConfigCommon,Device.Services.FAPService.{i}.CellConfig.{i}.NR.RAN.PHY.BWP.BWPDL.{i}.PDCCH.PDCCHConfigCommon.,READ_WRITE,STRING
Device.Services.FAPService.{i}.CellConfig.{i}.NR.RAN.PHY.BWP.BWPDL.{i}.PDCCH.PDCCHConfigCommon.SearchSpaceSIB1,yes,existing_mml_parent_object_group,命中 mmlstandardloader seed/catalog 的现有 object_path 分组；加入 sub_field 后可显示在当前参数树,YES_EXISTING_JSON_PARENT_GROUP,medium,SF,小区服务参数管理（总体）,FAP 载波基本配置,Device.Services.FAPService.{i}.,,json_seed_and_catalog_existing_group,omcgo/internal/config/parammodel/mmlstandardloader/seeds/cmcc_tdlte_v23.json; omcgo/datamodels/mml-catalog/cmcc-tdlte-v2.3.json,SH,RAN协议栈参数,PDCCHConfigCommon,Device.Services.FAPService.{i}.CellConfig.{i}.NR.RAN.PHY.BWP.BWPDL.{i}.PDCCH.PDCCHConfigCommon.,READ_WRITE,STRING
Device.Services.FAPService.{i}.CellConfig.{i}.NR.RAN.PHY.BWP.BWPDL.{i}.PDCCH.PDCCHConfigCommon.SearchSpaceZero,yes,existing_mml_parent_object_group,命中 mmlstandardloader seed/catalog 的现有 object_path 分组；加入 sub_field 后可显示在当前参数树,YES_EXISTING_JSON_PARENT_GROUP,medium,SF,小区服务参数管理（总体）,FAP 载波基本配置,Device.Services.FAPService.{i}.,,json_seed_and_catalog_existing_group,omcgo/internal/config/parammodel/mmlstandardloader/seeds/cmcc_tdlte_v23.json; omcgo/datamodels/mml-catalog/cmcc-tdlte-v2.3.json,SH,RAN协议栈参数,PDCCHConfigCommon,Device.Services.FAPService.{i}.CellConfig.{i}.NR.RAN.PHY.BWP.BWPDL.{i}.PDCCH.PDCCHConfigCommon.,READ_WRITE,STRING
Device.Services.FAPService.{i}.CellConfig.{i}.NR.RAN.PHY.BWP.BWPDL.{i}.PDSCH.PDSCHDedicatedTimeDomainResourceAllocationList.{i},yes,existing_mml_parent_object_group,命中 mmlstandardloader seed/catalog 的现有 object_path 分组；加入 sub_field 后可显示在当前参数树,YES_EXISTING_JSON_PARENT_GROUP,medium,SF,小区服务参数管理（总体）,FAP 载波基本配置,Device.Services.FAPService.{i}.,,json_seed_and_catalog_existing_group,omcgo/internal/config/parammodel/mmlstandardloader/seeds/cmcc_tdlte_v23.json; omcgo/datamodels/mml-catalog/cmcc-tdlte-v2.3.json,SH,RAN协议栈参数,PDSCHDedicatedTimeDomainResourceAllocationList,Device.Services.FAPService.{i}.CellConfig.{i}.NR.RAN.PHY.BWP.BWPDL.{i}.PDSCH.PDSCHDedicatedTimeDomainResourceAllocationList.,READ_WRITE,STRING
Device.Services.FAPService.{i}.CellConfig.{i}.NR.RAN.PHY.BWP.BWPDL.{i}.PDSCH.PDSCHTimeDomainResourceAllocationList.{i},yes,existing_mml_parent_object_group,命中 mmlstandardloader seed/catalog 的现有 object_path 分组；加入 sub_field 后可显示在当前参数树,YES_EXISTING_JSON_PARENT_GROUP,medium,SF,小区服务参数管理（总体）,FAP 载波基本配置,Device.Services.FAPService.{i}.,,json_seed_and_catalog_existing_group,omcgo/internal/config/parammodel/mmlstandardloader/seeds/cmcc_tdlte_v23.json; omcgo/datamodels/mml-catalog/cmcc-tdlte-v2.3.json,SH,RAN协议栈参数,PDSCHTimeDomainResourceAllocationList,Device.Services.FAPService.{i}.CellConfig.{i}.NR.RAN.PHY.BWP.BWPDL.{i}.PDSCH.PDSCHTimeDomainResourceAllocationList.,READ_WRITE,STRING
Device.Services.FAPService.{i}.CellConfig.{i}.NR.RAN.PHY.BWP.BWPDL.{i}.PDschConfig.DmrsAdditionalPosition,yes,existing_mml_parent_object_group,命中 mmlstandardloader seed/catalog 的现有 object_path 分组；加入 sub_field 后可显示在当前参数树,YES_EXISTING_JSON_PARENT_GROUP,medium,SF,小区服务参数管理（总体）,FAP 载波基本配置,Device.Services.FAPService.{i}.,,json_seed_and_catalog_existing_group,omcgo/internal/config/parammodel/mmlstandardloader/seeds/cmcc_tdlte_v23.json; omcgo/datamodels/mml-catalog/cmcc-tdlte-v2.3.json,SH,RAN协议栈参数,PDschConfig,Device.Services.FAPService.{i}.CellConfig.{i}.NR.RAN.PHY.BWP.BWPDL.{i}.PDschConfig.,READ_WRITE,STRING
Device.Services.FAPService.{i}.CellConfig.{i}.NR.RAN.PHY.BWP.BWPDL.{i}.PDschConfig.MaxMimoLayer,yes,existing_mml_parent_object_group,命中 mmlstandardloader seed/catalog 的现有 object_path 分组；加入 sub_field 后可显示在当前参数树,YES_EXISTING_JSON_PARENT_GROUP,medium,SF,小区服务参数管理（总体）,FAP 载波基本配置,Device.Services.FAPService.{i}.,,json_seed_and_catalog_existing_group,omcgo/internal/config/parammodel/mmlstandardloader/seeds/cmcc_tdlte_v23.json; omcgo/datamodels/mml-catalog/cmcc-tdlte-v2.3.json,SH,RAN协议栈参数,PDschConfig,Device.Services.FAPService.{i}.CellConfig.{i}.NR.RAN.PHY.BWP.BWPDL.{i}.PDschConfig.,READ_WRITE,STRING
Device.Services.FAPService.{i}.CellConfig.{i}.NR.RAN.PHY.BWP.BWPDL.{i}.PDschConfig.McsTable,yes,existing_mml_parent_object_group,命中 mmlstandardloader seed/catalog 的现有 object_path 分组；加入 sub_field 后可显示在当前参数树,YES_EXISTING_JSON_PARENT_GROUP,medium,SF,小区服务参数管理（总体）,FAP 载波基本配置,Device.Services.FAPService.{i}.,,json_seed_and_catalog_existing_group,omcgo/internal/config/parammodel/mmlstandardloader/seeds/cmcc_tdlte_v23.json; omcgo/datamodels/mml-catalog/cmcc-tdlte-v2.3.json,SH,RAN协议栈参数,PDschConfig,Device.Services.FAPService.{i}.CellConfig.{i}.NR.RAN.PHY.BWP.BWPDL.{i}.PDschConfig.,READ_WRITE,STRING
Device.Services.FAPService.{i}.CellConfig.{i}.NR.RAN.QOS.{i},yes,existing_mml_parent_object_group,命中 mmlstandardloader seed/catalog 的现有 object_path 分组；加入 sub_field 后可显示在当前参数树,YES_EXISTING_JSON_PARENT_GROUP,medium,SF,小区服务参数管理（总体）,FAP 载波基本配置,Device.Services.FAPService.{i}.,,json_seed_and_catalog_existing_group,omcgo/internal/config/parammodel/mmlstandardloader/seeds/cmcc_tdlte_v23.json; omcgo/datamodels/mml-catalog/cmcc-tdlte-v2.3.json,SH,RAN协议栈参数,QOS,Device.Services.FAPService.{i}.CellConfig.{i}.NR.RAN.QOS.,READ_WRITE,STRING
Device.Services.FAPService.{i}.CellConfig.{i}.NR.RAN.PowerMaxLimit,yes,existing_mml_parent_object_group,命中 mmlstandardloader seed/catalog 的现有 object_path 分组；加入 sub_field 后可显示在当前参数树,YES_EXISTING_JSON_PARENT_GROUP,medium,SF,小区服务参数管理（总体）,FAP 载波基本配置,Device.Services.FAPService.{i}.,,json_seed_and_catalog_existing_group,omcgo/internal/config/parammodel/mmlstandardloader/seeds/cmcc_tdlte_v23.json; omcgo/datamodels/mml-catalog/cmcc-tdlte-v2.3.json,SH,RAN协议栈参数,RAN,Device.Services.FAPService.{i}.CellConfig.{i}.NR.RAN.,READ_WRITE,STRING
Device.Services.FAPService.{i}.CellConfig.{i}.NR.RAN.PowerMinLimit,yes,existing_mml_parent_object_group,命中 mmlstandardloader seed/catalog 的现有 object_path 分组；加入 sub_field 后可显示在当前参数树,YES_EXISTING_JSON_PARENT_GROUP,medium,SF,小区服务参数管理（总体）,FAP 载波基本配置,Device.Services.FAPService.{i}.,,json_seed_and_catalog_existing_group,omcgo/internal/config/parammodel/mmlstandardloader/seeds/cmcc_tdlte_v23.json; omcgo/datamodels/mml-catalog/cmcc-tdlte-v2.3.json,SH,RAN协议栈参数,RAN,Device.Services.FAPService.{i}.CellConfig.{i}.NR.RAN.,READ_WRITE,STRING
Device.Services.FAPService.{i}.CellConfig.{i}.NR.RAN.PowerModify,yes,existing_mml_parent_object_group,命中 mmlstandardloader seed/catalog 的现有 object_path 分组；加入 sub_field 后可显示在当前参数树,YES_EXISTING_JSON_PARENT_GROUP,medium,SF,小区服务参数管理（总体）,FAP 载波基本配置,Device.Services.FAPService.{i}.,,json_seed_and_catalog_existing_group,omcgo/internal/config/parammodel/mmlstandardloader/seeds/cmcc_tdlte_v23.json; omcgo/datamodels/mml-catalog/cmcc-tdlte-v2.3.json,SH,RAN协议栈参数,RAN,Device.Services.FAPService.{i}.CellConfig.{i}.NR.RAN.,READ_WRITE,INT
Device.Services.FAPService.{i}.CellConfig.{i}.NR.RAN.rftxEnable,yes,existing_mml_parent_object_group,命中 mmlstandardloader seed/catalog 的现有 object_path 分组；加入 sub_field 后可显示在当前参数树,YES_EXISTING_JSON_PARENT_GROUP,medium,SF,小区服务参数管理（总体）,FAP 载波基本配置,Device.Services.FAPService.{i}.,,json_seed_and_catalog_existing_group,omcgo/internal/config/parammodel/mmlstandardloader/seeds/cmcc_tdlte_v23.json; omcgo/datamodels/mml-catalog/cmcc-tdlte-v2.3.json,SH,RAN协议栈参数,RAN,Device.Services.FAPService.{i}.CellConfig.{i}.NR.RAN.,READ_WRITE,STRING
Device.Services.FAPService.{i}.CellConfig.LTE.RAN.RF.AdminCellState,yes,direct_existing_mml_group,同 target_group_code 已有 MML 参数，属于当前参数树分组,YES_SAME_EXISTING_GROUP_CODE,high,SH,RAN协议栈参数,RF,Device.Services.FAPService.{i}.CellConfig.LTE.RAN.RF.,DEVICE_SERVICES_FAPSERVICE_CELLCONFIG_LTE_RAN_RF,existing_mml_group_code_from_analysis,omcgo/data/model-library/standard-params-to-mml-tree-analysis-20260703.detail.csv,SH,RAN协议栈参数,RF,Device.Services.FAPService.{i}.CellConfig.LTE.RAN.RF.,READ_WRITE,STRING
Device.Services.FAPService.{i}.CellConfig.LTE.RAN.RF.EnbCellType,yes,direct_existing_mml_group,同 target_group_code 已有 MML 参数，属于当前参数树分组,YES_SAME_EXISTING_GROUP_CODE,high,SH,RAN协议栈参数,RF,Device.Services.FAPService.{i}.CellConfig.LTE.RAN.RF.,DEVICE_SERVICES_FAPSERVICE_CELLCONFIG_LTE_RAN_RF,existing_mml_group_code_from_analysis,omcgo/data/model-library/standard-params-to-mml-tree-analysis-20260703.detail.csv,SH,RAN协议栈参数,RF,Device.Services.FAPService.{i}.CellConfig.LTE.RAN.RF.,READ_WRITE,STRING
Device.Services.FAPService.{i}.CellConfig.LTE.RAN.RF.ForceRadioEnable,yes,direct_existing_mml_group,同 target_group_code 已有 MML 参数，属于当前参数树分组,YES_SAME_EXISTING_GROUP_CODE,high,SH,RAN协议栈参数,RF,Device.Services.FAPService.{i}.CellConfig.LTE.RAN.RF.,DEVICE_SERVICES_FAPSERVICE_CELLCONFIG_LTE_RAN_RF,existing_mml_group_code_from_analysis,omcgo/data/model-library/standard-params-to-mml-tree-analysis-20260703.detail.csv,SH,RAN协议栈参数,RF,Device.Services.FAPService.{i}.CellConfig.LTE.RAN.RF.,READ_WRITE,BOOLEAN
Device.Services.FAPService.{i}.CellConfig.LTE.RAN.RF.LteCellWithRuList,yes,direct_existing_mml_group,同 target_group_code 已有 MML 参数，属于当前参数树分组,YES_SAME_EXISTING_GROUP_CODE,high,SH,RAN协议栈参数,RF,Device.Services.FAPService.{i}.CellConfig.LTE.RAN.RF.,DEVICE_SERVICES_FAPSERVICE_CELLCONFIG_LTE_RAN_RF,existing_mml_group_code_from_analysis,omcgo/data/model-library/standard-params-to-mml-tree-analysis-20260703.detail.csv,SH,RAN协议栈参数,RF,Device.Services.FAPService.{i}.CellConfig.LTE.RAN.RF.,READ_WRITE,STRING
Device.Services.FAPService.{i}.CellConfig.LTE.RAN.RF.X_COM_MaxTxPowerExpanded,yes,direct_existing_mml_group,同 target_group_code 已有 MML 参数，属于当前参数树分组,YES_SAME_EXISTING_GROUP_CODE,high,SH,RAN协议栈参数,RF,Device.Services.FAPService.{i}.CellConfig.LTE.RAN.RF.,DEVICE_SERVICES_FAPSERVICE_CELLCONFIG_LTE_RAN_RF,existing_mml_group_code_from_analysis,omcgo/data/model-library/standard-params-to-mml-tree-analysis-20260703.detail.csv,SH,RAN协议栈参数,RF,Device.Services.FAPService.{i}.CellConfig.LTE.RAN.RF.,READ_WRITE,STRING
Device.Services.FAPService.{i}.CellConfig.LTE.RAN.RF.X_COM_RadioEnable,yes,direct_existing_mml_group,同 target_group_code 已有 MML 参数，属于当前参数树分组,YES_SAME_EXISTING_GROUP_CODE,high,SH,RAN协议栈参数,RF,Device.Services.FAPService.{i}.CellConfig.LTE.RAN.RF.,DEVICE_SERVICES_FAPSERVICE_CELLCONFIG_LTE_RAN_RF,existing_mml_group_code_from_analysis,omcgo/data/model-library/standard-params-to-mml-tree-analysis-20260703.detail.csv,SH,RAN协议栈参数,RF,Device.Services.FAPService.{i}.CellConfig.LTE.RAN.RF.,READ_WRITE,STRING
Device.Services.FAPService.{i}.CellConfig.{i}.NR.RAN.RF.NRARFCNDL,no,not_mml_tree_quicksettings_only,只命中 quicksettings XML，quicksettings 不是 MML 配置参数树数据源,YES_QUICKSETTINGS_XML_GROUP,high,,,小区参数,,gnb-cell,quicksettings_xml_exact_standardPath,omcgo/data/quicksettings/BaiBNQ.xml#gnb-cell:小区参数(NRARFCNDL),SH,RAN协议栈参数,RF,Device.Services.FAPService.{i}.CellConfig.{i}.NR.RAN.RF.,READ_WRITE,STRING
Device.Services.FAPService.{i}.CellConfig.{i}.NR.RAN.RF.NRARFCNUL,no,not_mml_tree_quicksettings_only,只命中 quicksettings XML，quicksettings 不是 MML 配置参数树数据源,YES_QUICKSETTINGS_XML_GROUP,high,,,小区参数,,gnb-cell,quicksettings_xml_exact_standardPath,omcgo/data/quicksettings/BaiBNQ.xml#gnb-cell:小区参数(NRARFCNUL),SH,RAN协议栈参数,RF,Device.Services.FAPService.{i}.CellConfig.{i}.NR.RAN.RF.,READ_WRITE,STRING
Device.Services.FAPService.{i}.CellConfig.{i}.NR.RAN.RF.PhyCellID,no,not_mml_tree_quicksettings_only,只命中 quicksettings XML，quicksettings 不是 MML 配置参数树数据源,YES_QUICKSETTINGS_XML_GROUP,high,,,小区参数,,gnb-cell,quicksettings_xml_exact_standardPath,omcgo/data/quicksettings/BaiBNQ.xml#gnb-cell:小区参数(PCI),SH,RAN协议栈参数,RF,Device.Services.FAPService.{i}.CellConfig.{i}.NR.RAN.RF.,READ_WRITE,STRING
Device.Services.FAPService.{i}.CellConfig.{i}.NR.RAN.RF.SsbFrequency,yes,existing_mml_parent_object_group,命中 mmlstandardloader seed/catalog 的现有 object_path 分组；加入 sub_field 后可显示在当前参数树,YES_EXISTING_JSON_PARENT_GROUP,medium,SF,小区服务参数管理（总体）,FAP 载波基本配置,Device.Services.FAPService.{i}.,,json_seed_and_catalog_existing_group,omcgo/internal/config/parammodel/mmlstandardloader/seeds/cmcc_tdlte_v23.json; omcgo/datamodels/mml-catalog/cmcc-tdlte-v2.3.json,SH,RAN协议栈参数,RF,Device.Services.FAPService.{i}.CellConfig.{i}.NR.RAN.RF.,READ_WRITE,STRING
Device.Services.FAPService.{i}.CellConfig.LTE.RAN.RRCTimers.T304,yes,direct_existing_mml_group,同 target_group_code 已有 MML 参数，属于当前参数树分组,YES_SAME_EXISTING_GROUP_CODE,high,SH,RAN协议栈参数,RRCTimers,Device.Services.FAPService.{i}.CellConfig.LTE.RAN.RRCTimers.,DEVICE_SERVICES_FAPSERVICE_CELLCONFIG_LTE_RAN_RRCTIMERS,existing_mml_group_code_from_analysis,omcgo/data/model-library/standard-params-to-mml-tree-analysis-20260703.detail.csv,SH,RAN协议栈参数,RRCTimers,Device.Services.FAPService.{i}.CellConfig.LTE.RAN.RRCTimers.,READ_WRITE,STRING
Device.Services.FAPService.{i}.CellConfig.LTE.RAN.RRCTimers.T319,yes,direct_existing_mml_group,同 target_group_code 已有 MML 参数，属于当前参数树分组,YES_SAME_EXISTING_GROUP_CODE,high,SH,RAN协议栈参数,RRCTimers,Device.Services.FAPService.{i}.CellConfig.LTE.RAN.RRCTimers.,DEVICE_SERVICES_FAPSERVICE_CELLCONFIG_LTE_RAN_RRCTIMERS,existing_mml_group_code_from_analysis,omcgo/data/model-library/standard-params-to-mml-tree-analysis-20260703.detail.csv,SH,RAN协议栈参数,RRCTimers,Device.Services.FAPService.{i}.CellConfig.LTE.RAN.RRCTimers.,READ_WRITE,STRING
Device.Services.FAPService.{i}.CellConfig.{i}.NR.RAN.PHY.FrequencyInfoDLSIB.ScsSpecificCarrierList.{i}.SCSSpecificCarrier.CarrierBandwidth,no,not_mml_tree_quicksettings_only,只命中 quicksettings XML，quicksettings 不是 MML 配置参数树数据源,YES_QUICKSETTINGS_XML_GROUP,high,,,小区参数,,gnb-cell,quicksettings_xml_exact_standardPath,omcgo/data/quicksettings/BaiBNQ.xml#gnb-cell:小区参数(DLCarrierBandWidth),SH,RAN协议栈参数,SCSSpecificCarrier,Device.Services.FAPService.{i}.CellConfig.{i}.NR.RAN.PHY.FrequencyInfoDLSIB.ScsSpecificCarrierList.{i}.SCSSpecificCarrier.,READ_WRITE,STRING
Device.Services.FAPService.{i}.CellConfig.{i}.NR.RAN.PHY.FrequencyInfoDLSIB.ScsSpecificCarrierList.{i}.SCSSpecificCarrier.SubcarrierSpacing,no,not_mml_tree_quicksettings_only,只命中 quicksettings XML，quicksettings 不是 MML 配置参数树数据源,YES_QUICKSETTINGS_XML_GROUP,high,,,小区参数,,gnb-cell,quicksettings_xml_exact_standardPath,omcgo/data/quicksettings/BaiBNQ.xml#gnb-cell:小区参数(DLSubCarrierSpacing),SH,RAN协议栈参数,SCSSpecificCarrier,Device.Services.FAPService.{i}.CellConfig.{i}.NR.RAN.PHY.FrequencyInfoDLSIB.ScsSpecificCarrierList.{i}.SCSSpecificCarrier.,READ_WRITE,STRING
Device.Services.FAPService.{i}.CellConfig.{i}.NR.RAN.PHY.FrequencyInfoULSIB.ScsSpecificCarrierList.{i}.SCSSpecificCarrier.CarrierBandwidth,no,not_mml_tree_quicksettings_only,只命中 quicksettings XML，quicksettings 不是 MML 配置参数树数据源,YES_QUICKSETTINGS_XML_GROUP,high,,,小区参数,,gnb-cell,quicksettings_xml_exact_standardPath,omcgo/data/quicksettings/BaiBNQ.xml#gnb-cell:小区参数(ULCarrierBandWidth),SH,RAN协议栈参数,SCSSpecificCarrier,Device.Services.FAPService.{i}.CellConfig.{i}.NR.RAN.PHY.FrequencyInfoULSIB.ScsSpecificCarrierList.{i}.SCSSpecificCarrier.,READ_WRITE,STRING
Device.Services.FAPService.{i}.CellConfig.{i}.NR.RAN.PHY.FrequencyInfoULSIB.ScsSpecificCarrierList.{i}.SCSSpecificCarrier.SubcarrierSpacing,no,not_mml_tree_quicksettings_only,只命中 quicksettings XML，quicksettings 不是 MML 配置参数树数据源,YES_QUICKSETTINGS_XML_GROUP,high,,,小区参数,,gnb-cell,quicksettings_xml_exact_standardPath,omcgo/data/quicksettings/BaiBNQ.xml#gnb-cell:小区参数(ULSubCarrierSpacing),SH,RAN协议栈参数,SCSSpecificCarrier,Device.Services.FAPService.{i}.CellConfig.{i}.NR.RAN.PHY.FrequencyInfoULSIB.ScsSpecificCarrierList.{i}.SCSSpecificCarrier.,READ_WRITE,STRING
Device.Services.FAPService.{i}.CellConfig.{i}.NR.RAN.PHY.SSB.SsbSubcarrierOffset,no,not_mml_tree_quicksettings_only,只命中 quicksettings XML，quicksettings 不是 MML 配置参数树数据源,YES_QUICKSETTINGS_XML_GROUP,high,,,小区参数,,gnb-cell,quicksettings_xml_exact_standardPath,omcgo/data/quicksettings/BaiBNQ.xml#gnb-cell:小区参数(SsbSubcarrierOffset),SH,RAN协议栈参数,SSB,Device.Services.FAPService.{i}.CellConfig.{i}.NR.RAN.PHY.SSB.,READ_WRITE,STRING
Device.Services.FAPService.{i}.CellConfig.{i}.NR.RAN.PHY.BWP.BWPDL.{i}.PDCCH.CommonSearchSpaceList.{i}.nrofCandidates.AggregationLevel1,yes,existing_mml_parent_object_group,命中 mmlstandardloader seed/catalog 的现有 object_path 分组；加入 sub_field 后可显示在当前参数树,YES_EXISTING_JSON_PARENT_GROUP,medium,SF,小区服务参数管理（总体）,FAP 载波基本配置,Device.Services.FAPService.{i}.,,json_seed_and_catalog_existing_group,omcgo/internal/config/parammodel/mmlstandardloader/seeds/cmcc_tdlte_v23.json; omcgo/datamodels/mml-catalog/cmcc-tdlte-v2.3.json,SH,RAN协议栈参数,nrofCandidates,Device.Services.FAPService.{i}.CellConfig.{i}.NR.RAN.PHY.BWP.BWPDL.{i}.PDCCH.CommonSearchSpaceList.{i}.nrofCandidates.,READ_WRITE,STRING
Device.Services.FAPService.{i}.CellConfig.{i}.NR.RAN.PHY.BWP.BWPDL.{i}.PDCCH.CommonSearchSpaceList.{i}.nrofCandidates.AggregationLevel16,yes,existing_mml_parent_object_group,命中 mmlstandardloader seed/catalog 的现有 object_path 分组；加入 sub_field 后可显示在当前参数树,YES_EXISTING_JSON_PARENT_GROUP,medium,SF,小区服务参数管理（总体）,FAP 载波基本配置,Device.Services.FAPService.{i}.,,json_seed_and_catalog_existing_group,omcgo/internal/config/parammodel/mmlstandardloader/seeds/cmcc_tdlte_v23.json; omcgo/datamodels/mml-catalog/cmcc-tdlte-v2.3.json,SH,RAN协议栈参数,nrofCandidates,Device.Services.FAPService.{i}.CellConfig.{i}.NR.RAN.PHY.BWP.BWPDL.{i}.PDCCH.CommonSearchSpaceList.{i}.nrofCandidates.,READ_WRITE,STRING
Device.Services.FAPService.{i}.CellConfig.{i}.NR.RAN.PHY.BWP.BWPDL.{i}.PDCCH.CommonSearchSpaceList.{i}.nrofCandidates.AggregationLevel2,yes,existing_mml_parent_object_group,命中 mmlstandardloader seed/catalog 的现有 object_path 分组；加入 sub_field 后可显示在当前参数树,YES_EXISTING_JSON_PARENT_GROUP,medium,SF,小区服务参数管理（总体）,FAP 载波基本配置,Device.Services.FAPService.{i}.,,json_seed_and_catalog_existing_group,omcgo/internal/config/parammodel/mmlstandardloader/seeds/cmcc_tdlte_v23.json; omcgo/datamodels/mml-catalog/cmcc-tdlte-v2.3.json,SH,RAN协议栈参数,nrofCandidates,Device.Services.FAPService.{i}.CellConfig.{i}.NR.RAN.PHY.BWP.BWPDL.{i}.PDCCH.CommonSearchSpaceList.{i}.nrofCandidates.,READ_WRITE,STRING
Device.Services.FAPService.{i}.CellConfig.{i}.NR.RAN.PHY.BWP.BWPDL.{i}.PDCCH.CommonSearchSpaceList.{i}.nrofCandidates.AggregationLevel4,yes,existing_mml_parent_object_group,命中 mmlstandardloader seed/catalog 的现有 object_path 分组；加入 sub_field 后可显示在当前参数树,YES_EXISTING_JSON_PARENT_GROUP,medium,SF,小区服务参数管理（总体）,FAP 载波基本配置,Device.Services.FAPService.{i}.,,json_seed_and_catalog_existing_group,omcgo/internal/config/parammodel/mmlstandardloader/seeds/cmcc_tdlte_v23.json; omcgo/datamodels/mml-catalog/cmcc-tdlte-v2.3.json,SH,RAN协议栈参数,nrofCandidates,Device.Services.FAPService.{i}.CellConfig.{i}.NR.RAN.PHY.BWP.BWPDL.{i}.PDCCH.CommonSearchSpaceList.{i}.nrofCandidates.,READ_WRITE,STRING
Device.Services.FAPService.{i}.CellConfig.{i}.NR.RAN.PHY.BWP.BWPDL.{i}.PDCCH.CommonSearchSpaceList.{i}.nrofCandidates.AggregationLevel8,yes,existing_mml_parent_object_group,命中 mmlstandardloader seed/catalog 的现有 object_path 分组；加入 sub_field 后可显示在当前参数树,YES_EXISTING_JSON_PARENT_GROUP,medium,SF,小区服务参数管理（总体）,FAP 载波基本配置,Device.Services.FAPService.{i}.,,json_seed_and_catalog_existing_group,omcgo/internal/config/parammodel/mmlstandardloader/seeds/cmcc_tdlte_v23.json; omcgo/datamodels/mml-catalog/cmcc-tdlte-v2.3.json,SH,RAN协议栈参数,nrofCandidates,Device.Services.FAPService.{i}.CellConfig.{i}.NR.RAN.PHY.BWP.BWPDL.{i}.PDCCH.CommonSearchSpaceList.{i}.nrofCandidates.,READ_WRITE,STRING
Device.Services.FAPService.{i}.CellConfig.{i}.NR.RAN.PHY.TddULDLConfigurationCommon.pattern1.DlULTransmissionPeriodicity,no,not_mml_tree_quicksettings_only,只命中 quicksettings XML，quicksettings 不是 MML 配置参数树数据源,YES_QUICKSETTINGS_XML_GROUP,high,,,TDD 配置,,gnb-tdd,quicksettings_xml_exact_standardPath,omcgo/data/quicksettings/BaiBNQ.xml#gnb-tdd:TDD 配置(DlULTransmissionPeriodicity),SH,RAN协议栈参数,pattern1,Device.Services.FAPService.{i}.CellConfig.{i}.NR.RAN.PHY.TddULDLConfigurationCommon.pattern1.,READ_WRITE,STRING
Device.Services.FAPService.{i}.CellConfig.{i}.NR.RAN.PHY.TddULDLConfigurationCommon.pattern1.NrofDownlinkSlots,no,not_mml_tree_quicksettings_only,只命中 quicksettings XML，quicksettings 不是 MML 配置参数树数据源,YES_QUICKSETTINGS_XML_GROUP,high,,,TDD 配置,,gnb-tdd,quicksettings_xml_exact_standardPath,omcgo/data/quicksettings/BaiBNQ.xml#gnb-tdd:TDD 配置(NrofDownlinkSlots),SH,RAN协议栈参数,pattern1,Device.Services.FAPService.{i}.CellConfig.{i}.NR.RAN.PHY.TddULDLConfigurationCommon.pattern1.,READ_WRITE,STRING
Device.Services.FAPService.{i}.CellConfig.{i}.NR.RAN.PHY.TddULDLConfigurationCommon.pattern1.NrofDownlinkSymbols,no,not_mml_tree_quicksettings_only,只命中 quicksettings XML，quicksettings 不是 MML 配置参数树数据源,YES_QUICKSETTINGS_XML_GROUP,high,,,TDD 配置,,gnb-tdd,quicksettings_xml_exact_standardPath,omcgo/data/quicksettings/BaiBNQ.xml#gnb-tdd:TDD 配置(NrofDownlinkSymbols),SH,RAN协议栈参数,pattern1,Device.Services.FAPService.{i}.CellConfig.{i}.NR.RAN.PHY.TddULDLConfigurationCommon.pattern1.,READ_WRITE,STRING
Device.Services.FAPService.{i}.CellConfig.{i}.NR.RAN.PHY.TddULDLConfigurationCommon.pattern1.NrofUplinkSlots,no,not_mml_tree_quicksettings_only,只命中 quicksettings XML，quicksettings 不是 MML 配置参数树数据源,YES_QUICKSETTINGS_XML_GROUP,high,,,TDD 配置,,gnb-tdd,quicksettings_xml_exact_standardPath,omcgo/data/quicksettings/BaiBNQ.xml#gnb-tdd:TDD 配置(NrofUplinkSlots),SH,RAN协议栈参数,pattern1,Device.Services.FAPService.{i}.CellConfig.{i}.NR.RAN.PHY.TddULDLConfigurationCommon.pattern1.,READ_WRITE,STRING
Device.Services.FAPService.{i}.CellConfig.{i}.NR.RAN.PHY.TddULDLConfigurationCommon.pattern1.NrofUplinkSymbols,no,not_mml_tree_quicksettings_only,只命中 quicksettings XML，quicksettings 不是 MML 配置参数树数据源,YES_QUICKSETTINGS_XML_GROUP,high,,,TDD 配置,,gnb-tdd,quicksettings_xml_exact_standardPath,omcgo/data/quicksettings/BaiBNQ.xml#gnb-tdd:TDD 配置(NrofUplinkSymbols),SH,RAN协议栈参数,pattern1,Device.Services.FAPService.{i}.CellConfig.{i}.NR.RAN.PHY.TddULDLConfigurationCommon.pattern1.,READ_WRITE,STRING
Device.Services.FAPService.{i}.CellConfig.{i}.NR.RAN.PHY.TddULDLConfigurationCommon.pattern2.DlULTransmissionPeriodicity,no,not_mml_tree_quicksettings_only,只命中 quicksettings XML，quicksettings 不是 MML 配置参数树数据源,YES_QUICKSETTINGS_XML_GROUP,high,,,TDD 配置,,gnb-tdd,quicksettings_xml_exact_standardPath,omcgo/data/quicksettings/BaiBNQ.xml#gnb-tdd:TDD 配置(Pat2DlULTransmissionPeriodicity),SH,RAN协议栈参数,pattern2,Device.Services.FAPService.{i}.CellConfig.{i}.NR.RAN.PHY.TddULDLConfigurationCommon.pattern2.,READ_WRITE,STRING
Device.Services.FAPService.{i}.CellConfig.{i}.NR.RAN.PHY.TddULDLConfigurationCommon.pattern2.NrofDownlinkSlots,no,not_mml_tree_quicksettings_only,只命中 quicksettings XML，quicksettings 不是 MML 配置参数树数据源,YES_QUICKSETTINGS_XML_GROUP,high,,,TDD 配置,,gnb-tdd,quicksettings_xml_exact_standardPath,omcgo/data/quicksettings/BaiBNQ.xml#gnb-tdd:TDD 配置(Pat2NrofDownlinkSlots),SH,RAN协议栈参数,pattern2,Device.Services.FAPService.{i}.CellConfig.{i}.NR.RAN.PHY.TddULDLConfigurationCommon.pattern2.,READ_WRITE,STRING
Device.Services.FAPService.{i}.CellConfig.{i}.NR.RAN.PHY.TddULDLConfigurationCommon.pattern2.NrofDownlinkSymbols,no,not_mml_tree_quicksettings_only,只命中 quicksettings XML，quicksettings 不是 MML 配置参数树数据源,YES_QUICKSETTINGS_XML_GROUP,high,,,TDD 配置,,gnb-tdd,quicksettings_xml_exact_standardPath,omcgo/data/quicksettings/BaiBNQ.xml#gnb-tdd:TDD 配置(Pat2NrofDownlinkSymbols),SH,RAN协议栈参数,pattern2,Device.Services.FAPService.{i}.CellConfig.{i}.NR.RAN.PHY.TddULDLConfigurationCommon.pattern2.,READ_WRITE,STRING
Device.Services.FAPService.{i}.CellConfig.{i}.NR.RAN.PHY.TddULDLConfigurationCommon.pattern2.NrofUplinkSlots,no,not_mml_tree_quicksettings_only,只命中 quicksettings XML，quicksettings 不是 MML 配置参数树数据源,YES_QUICKSETTINGS_XML_GROUP,high,,,TDD 配置,,gnb-tdd,quicksettings_xml_exact_standardPath,omcgo/data/quicksettings/BaiBNQ.xml#gnb-tdd:TDD 配置(Pat2NrofUplinkSlots),SH,RAN协议栈参数,pattern2,Device.Services.FAPService.{i}.CellConfig.{i}.NR.RAN.PHY.TddULDLConfigurationCommon.pattern2.,READ_WRITE,STRING
Device.Services.FAPService.{i}.CellConfig.{i}.NR.RAN.PHY.TddULDLConfigurationCommon.pattern2.NrofUplinkSymbols,no,not_mml_tree_quicksettings_only,只命中 quicksettings XML，quicksettings 不是 MML 配置参数树数据源,YES_QUICKSETTINGS_XML_GROUP,high,,,TDD 配置,,gnb-tdd,quicksettings_xml_exact_standardPath,omcgo/data/quicksettings/BaiBNQ.xml#gnb-tdd:TDD 配置(Pat2NrofUplinkSymbols),SH,RAN协议栈参数,pattern2,Device.Services.FAPService.{i}.CellConfig.{i}.NR.RAN.PHY.TddULDLConfigurationCommon.pattern2.,READ_WRITE,STRING
Device.Services.FAPService.{i}.CellConfig.{i}.NR.RAN.PHY.BWP.BWPDL.{i}.Bandwidth,yes,existing_mml_parent_object_group,命中 mmlstandardloader seed/catalog 的现有 object_path 分组；加入 sub_field 后可显示在当前参数树,YES_EXISTING_JSON_PARENT_GROUP,medium,SF,小区服务参数管理（总体）,FAP 载波基本配置,Device.Services.FAPService.{i}.,,json_seed_and_catalog_existing_group,omcgo/internal/config/parammodel/mmlstandardloader/seeds/cmcc_tdlte_v23.json; omcgo/datamodels/mml-catalog/cmcc-tdlte-v2.3.json,SH,RAN协议栈参数,{i},Device.Services.FAPService.{i}.CellConfig.{i}.NR.RAN.PHY.BWP.BWPDL.{i}.,READ_WRITE,STRING
Device.Services.FAPService.{i}.CellConfig.{i}.NR.RAN.PHY.BWP.BWPDL.{i}.CyclicPrefix,yes,existing_mml_parent_object_group,命中 mmlstandardloader seed/catalog 的现有 object_path 分组；加入 sub_field 后可显示在当前参数树,YES_EXISTING_JSON_PARENT_GROUP,medium,SF,小区服务参数管理（总体）,FAP 载波基本配置,Device.Services.FAPService.{i}.,,json_seed_and_catalog_existing_group,omcgo/internal/config/parammodel/mmlstandardloader/seeds/cmcc_tdlte_v23.json; omcgo/datamodels/mml-catalog/cmcc-tdlte-v2.3.json,SH,RAN协议栈参数,{i},Device.Services.FAPService.{i}.CellConfig.{i}.NR.RAN.PHY.BWP.BWPDL.{i}.,READ_WRITE,STRING
Device.Services.FAPService.{i}.CellConfig.{i}.NR.RAN.PHY.BWP.BWPDL.{i}.DlBWPId,yes,existing_mml_parent_object_group,命中 mmlstandardloader seed/catalog 的现有 object_path 分组；加入 sub_field 后可显示在当前参数树,YES_EXISTING_JSON_PARENT_GROUP,medium,SF,小区服务参数管理（总体）,FAP 载波基本配置,Device.Services.FAPService.{i}.,,json_seed_and_catalog_existing_group,omcgo/internal/config/parammodel/mmlstandardloader/seeds/cmcc_tdlte_v23.json; omcgo/datamodels/mml-catalog/cmcc-tdlte-v2.3.json,SH,RAN协议栈参数,{i},Device.Services.FAPService.{i}.CellConfig.{i}.NR.RAN.PHY.BWP.BWPDL.{i}.,READ_WRITE,STRING
Device.Services.FAPService.{i}.CellConfig.{i}.NR.RAN.PHY.BWP.BWPDL.{i}.InitDlMcs,yes,existing_mml_parent_object_group,命中 mmlstandardloader seed/catalog 的现有 object_path 分组；加入 sub_field 后可显示在当前参数树,YES_EXISTING_JSON_PARENT_GROUP,medium,SF,小区服务参数管理（总体）,FAP 载波基本配置,Device.Services.FAPService.{i}.,,json_seed_and_catalog_existing_group,omcgo/internal/config/parammodel/mmlstandardloader/seeds/cmcc_tdlte_v23.json; omcgo/datamodels/mml-catalog/cmcc-tdlte-v2.3.json,SH,RAN协议栈参数,{i},Device.Services.FAPService.{i}.CellConfig.{i}.NR.RAN.PHY.BWP.BWPDL.{i}.,READ_WRITE,STRING
Device.Services.FAPService.{i}.CellConfig.{i}.NR.RAN.PHY.BWP.BWPDL.{i}.MaxDlUeToBeScheduledInSlot,yes,existing_mml_parent_object_group,命中 mmlstandardloader seed/catalog 的现有 object_path 分组；加入 sub_field 后可显示在当前参数树,YES_EXISTING_JSON_PARENT_GROUP,medium,SF,小区服务参数管理（总体）,FAP 载波基本配置,Device.Services.FAPService.{i}.,,json_seed_and_catalog_existing_group,omcgo/internal/config/parammodel/mmlstandardloader/seeds/cmcc_tdlte_v23.json; omcgo/datamodels/mml-catalog/cmcc-tdlte-v2.3.json,SH,RAN协议栈参数,{i},Device.Services.FAPService.{i}.CellConfig.{i}.NR.RAN.PHY.BWP.BWPDL.{i}.,READ_WRITE,STRING
Device.Services.FAPService.{i}.CellConfig.{i}.NR.RAN.PHY.BWP.BWPDL.{i}.PDCCH.CommonSearchSpaceList.{i}.ControlResourceSetId,yes,existing_mml_parent_object_group,命中 mmlstandardloader seed/catalog 的现有 object_path 分组；加入 sub_field 后可显示在当前参数树,YES_EXISTING_JSON_PARENT_GROUP,medium,SF,小区服务参数管理（总体）,FAP 载波基本配置,Device.Services.FAPService.{i}.,,json_seed_and_catalog_existing_group,omcgo/internal/config/parammodel/mmlstandardloader/seeds/cmcc_tdlte_v23.json; omcgo/datamodels/mml-catalog/cmcc-tdlte-v2.3.json,SH,RAN协议栈参数,{i},Device.Services.FAPService.{i}.CellConfig.{i}.NR.RAN.PHY.BWP.BWPDL.{i}.PDCCH.CommonSearchSpaceList.{i}.,READ_WRITE,STRING
Device.Services.FAPService.{i}.CellConfig.{i}.NR.RAN.PHY.BWP.BWPDL.{i}.PDCCH.CommonSearchSpaceList.{i}.DciFormat00And10En,yes,existing_mml_parent_object_group,命中 mmlstandardloader seed/catalog 的现有 object_path 分组；加入 sub_field 后可显示在当前参数树,YES_EXISTING_JSON_PARENT_GROUP,medium,SF,小区服务参数管理（总体）,FAP 载波基本配置,Device.Services.FAPService.{i}.,,json_seed_and_catalog_existing_group,omcgo/internal/config/parammodel/mmlstandardloader/seeds/cmcc_tdlte_v23.json; omcgo/datamodels/mml-catalog/cmcc-tdlte-v2.3.json,SH,RAN协议栈参数,{i},Device.Services.FAPService.{i}.CellConfig.{i}.NR.RAN.PHY.BWP.BWPDL.{i}.PDCCH.CommonSearchSpaceList.{i}.,READ_WRITE,STRING
Device.Services.FAPService.{i}.CellConfig.{i}.NR.RAN.PHY.BWP.BWPDL.{i}.PDCCH.CommonSearchSpaceList.{i}.Duration,yes,existing_mml_parent_object_group,命中 mmlstandardloader seed/catalog 的现有 object_path 分组；加入 sub_field 后可显示在当前参数树,YES_EXISTING_JSON_PARENT_GROUP,medium,SF,小区服务参数管理（总体）,FAP 载波基本配置,Device.Services.FAPService.{i}.,,json_seed_and_catalog_existing_group,omcgo/internal/config/parammodel/mmlstandardloader/seeds/cmcc_tdlte_v23.json; omcgo/datamodels/mml-catalog/cmcc-tdlte-v2.3.json,SH,RAN协议栈参数,{i},Device.Services.FAPService.{i}.CellConfig.{i}.NR.RAN.PHY.BWP.BWPDL.{i}.PDCCH.CommonSearchSpaceList.{i}.,READ_WRITE,STRING
Device.Services.FAPService.{i}.CellConfig.{i}.NR.RAN.PHY.BWP.BWPDL.{i}.PDCCH.CommonSearchSpaceList.{i}.MonitoringSlotOffset,yes,existing_mml_parent_object_group,命中 mmlstandardloader seed/catalog 的现有 object_path 分组；加入 sub_field 后可显示在当前参数树,YES_EXISTING_JSON_PARENT_GROUP,medium,SF,小区服务参数管理（总体）,FAP 载波基本配置,Device.Services.FAPService.{i}.,,json_seed_and_catalog_existing_group,omcgo/internal/config/parammodel/mmlstandardloader/seeds/cmcc_tdlte_v23.json; omcgo/datamodels/mml-catalog/cmcc-tdlte-v2.3.json,SH,RAN协议栈参数,{i},Device.Services.FAPService.{i}.CellConfig.{i}.NR.RAN.PHY.BWP.BWPDL.{i}.PDCCH.CommonSearchSpaceList.{i}.,READ_WRITE,STRING
Device.Services.FAPService.{i}.CellConfig.{i}.NR.RAN.PHY.BWP.BWPDL.{i}.PDCCH.CommonSearchSpaceList.{i}.MonitoringSlotPeriodicity,yes,existing_mml_parent_object_group,命中 mmlstandardloader seed/catalog 的现有 object_path 分组；加入 sub_field 后可显示在当前参数树,YES_EXISTING_JSON_PARENT_GROUP,medium,SF,小区服务参数管理（总体）,FAP 载波基本配置,Device.Services.FAPService.{i}.,,json_seed_and_catalog_existing_group,omcgo/internal/config/parammodel/mmlstandardloader/seeds/cmcc_tdlte_v23.json; omcgo/datamodels/mml-catalog/cmcc-tdlte-v2.3.json,SH,RAN协议栈参数,{i},Device.Services.FAPService.{i}.CellConfig.{i}.NR.RAN.PHY.BWP.BWPDL.{i}.PDCCH.CommonSearchSpaceList.{i}.,READ_WRITE,STRING
Device.Services.FAPService.{i}.CellConfig.{i}.NR.RAN.PHY.BWP.BWPDL.{i}.PDCCH.CommonSearchSpaceList.{i}.MonitoringSymbolsWithinSlot,yes,existing_mml_parent_object_group,命中 mmlstandardloader seed/catalog 的现有 object_path 分组；加入 sub_field 后可显示在当前参数树,YES_EXISTING_JSON_PARENT_GROUP,medium,SF,小区服务参数管理（总体）,FAP 载波基本配置,Device.Services.FAPService.{i}.,,json_seed_and_catalog_existing_group,omcgo/internal/config/parammodel/mmlstandardloader/seeds/cmcc_tdlte_v23.json; omcgo/datamodels/mml-catalog/cmcc-tdlte-v2.3.json,SH,RAN协议栈参数,{i},Device.Services.FAPService.{i}.CellConfig.{i}.NR.RAN.PHY.BWP.BWPDL.{i}.PDCCH.CommonSearchSpaceList.{i}.,READ_WRITE,STRING
Device.Services.FAPService.{i}.CellConfig.{i}.NR.RAN.PHY.BWP.BWPDL.{i}.PDCCH.CommonSearchSpaceList.{i}.SearchSpaceId,yes,existing_mml_parent_object_group,命中 mmlstandardloader seed/catalog 的现有 object_path 分组；加入 sub_field 后可显示在当前参数树,YES_EXISTING_JSON_PARENT_GROUP,medium,SF,小区服务参数管理（总体）,FAP 载波基本配置,Device.Services.FAPService.{i}.,,json_seed_and_catalog_existing_group,omcgo/internal/config/parammodel/mmlstandardloader/seeds/cmcc_tdlte_v23.json; omcgo/datamodels/mml-catalog/cmcc-tdlte-v2.3.json,SH,RAN协议栈参数,{i},Device.Services.FAPService.{i}.CellConfig.{i}.NR.RAN.PHY.BWP.BWPDL.{i}.PDCCH.CommonSearchSpaceList.{i}.,READ_WRITE,STRING
Device.Services.FAPService.{i}.CellConfig.{i}.NR.RAN.PHY.BWP.BWPDL.{i}.PDCCH.CommonSearchSpaceList.{i}.SearchSpaceType,yes,existing_mml_parent_object_group,命中 mmlstandardloader seed/catalog 的现有 object_path 分组；加入 sub_field 后可显示在当前参数树,YES_EXISTING_JSON_PARENT_GROUP,medium,SF,小区服务参数管理（总体）,FAP 载波基本配置,Device.Services.FAPService.{i}.,,json_seed_and_catalog_existing_group,omcgo/internal/config/parammodel/mmlstandardloader/seeds/cmcc_tdlte_v23.json; omcgo/datamodels/mml-catalog/cmcc-tdlte-v2.3.json,SH,RAN协议栈参数,{i},Device.Services.FAPService.{i}.CellConfig.{i}.NR.RAN.PHY.BWP.BWPDL.{i}.PDCCH.CommonSearchSpaceList.{i}.,READ_WRITE,STRING
Device.Services.FAPService.{i}.CellConfig.{i}.NR.RAN.PHY.BWP.BWPDL.{i}.PDCCH.DedicatedCtlResourceSet.{i}.DedicateCceRegInterleaverSize,yes,existing_mml_parent_object_group,命中 mmlstandardloader seed/catalog 的现有 object_path 分组；加入 sub_field 后可显示在当前参数树,YES_EXISTING_JSON_PARENT_GROUP,medium,SF,小区服务参数管理（总体）,FAP 载波基本配置,Device.Services.FAPService.{i}.,,json_seed_and_catalog_existing_group,omcgo/internal/config/parammodel/mmlstandardloader/seeds/cmcc_tdlte_v23.json; omcgo/datamodels/mml-catalog/cmcc-tdlte-v2.3.json,SH,RAN协议栈参数,{i},Device.Services.FAPService.{i}.CellConfig.{i}.NR.RAN.PHY.BWP.BWPDL.{i}.PDCCH.DedicatedCtlResourceSet.{i}.,READ_WRITE,STRING
Device.Services.FAPService.{i}.CellConfig.{i}.NR.RAN.PHY.BWP.BWPDL.{i}.PDCCH.DedicatedCtlResourceSet.{i}.DedicateCceRegMappingType,yes,existing_mml_parent_object_group,命中 mmlstandardloader seed/catalog 的现有 object_path 分组；加入 sub_field 后可显示在当前参数树,YES_EXISTING_JSON_PARENT_GROUP,medium,SF,小区服务参数管理（总体）,FAP 载波基本配置,Device.Services.FAPService.{i}.,,json_seed_and_catalog_existing_group,omcgo/internal/config/parammodel/mmlstandardloader/seeds/cmcc_tdlte_v23.json; omcgo/datamodels/mml-catalog/cmcc-tdlte-v2.3.json,SH,RAN协议栈参数,{i},Device.Services.FAPService.{i}.CellConfig.{i}.NR.RAN.PHY.BWP.BWPDL.{i}.PDCCH.DedicatedCtlResourceSet.{i}.,READ_WRITE,STRING
Device.Services.FAPService.{i}.CellConfig.{i}.NR.RAN.PHY.BWP.BWPDL.{i}.PDCCH.DedicatedCtlResourceSet.{i}.DedicateCceRegShiftIndex,yes,existing_mml_parent_object_group,命中 mmlstandardloader seed/catalog 的现有 object_path 分组；加入 sub_field 后可显示在当前参数树,YES_EXISTING_JSON_PARENT_GROUP,medium,SF,小区服务参数管理（总体）,FAP 载波基本配置,Device.Services.FAPService.{i}.,,json_seed_and_catalog_existing_group,omcgo/internal/config/parammodel/mmlstandardloader/seeds/cmcc_tdlte_v23.json; omcgo/datamodels/mml-catalog/cmcc-tdlte-v2.3.json,SH,RAN协议栈参数,{i},Device.Services.FAPService.{i}.CellConfig.{i}.NR.RAN.PHY.BWP.BWPDL.{i}.PDCCH.DedicatedCtlResourceSet.{i}.,READ_WRITE,STRING
Device.Services.FAPService.{i}.CellConfig.{i}.NR.RAN.PHY.BWP.BWPDL.{i}.PDCCH.DedicatedCtlResourceSet.{i}.DedicateCceRegbundleType,yes,existing_mml_parent_object_group,命中 mmlstandardloader seed/catalog 的现有 object_path 分组；加入 sub_field 后可显示在当前参数树,YES_EXISTING_JSON_PARENT_GROUP,medium,SF,小区服务参数管理（总体）,FAP 载波基本配置,Device.Services.FAPService.{i}.,,json_seed_and_catalog_existing_group,omcgo/internal/config/parammodel/mmlstandardloader/seeds/cmcc_tdlte_v23.json; omcgo/datamodels/mml-catalog/cmcc-tdlte-v2.3.json,SH,RAN协议栈参数,{i},Device.Services.FAPService.{i}.CellConfig.{i}.NR.RAN.PHY.BWP.BWPDL.{i}.PDCCH.DedicatedCtlResourceSet.{i}.,READ_WRITE,STRING
Device.Services.FAPService.{i}.CellConfig.{i}.NR.RAN.PHY.BWP.BWPDL.{i}.PDCCH.DedicatedCtlResourceSet.{i}.DedicateDuration,yes,existing_mml_parent_object_group,命中 mmlstandardloader seed/catalog 的现有 object_path 分组；加入 sub_field 后可显示在当前参数树,YES_EXISTING_JSON_PARENT_GROUP,medium,SF,小区服务参数管理（总体）,FAP 载波基本配置,Device.Services.FAPService.{i}.,,json_seed_and_catalog_existing_group,omcgo/internal/config/parammodel/mmlstandardloader/seeds/cmcc_tdlte_v23.json; omcgo/datamodels/mml-catalog/cmcc-tdlte-v2.3.json,SH,RAN协议栈参数,{i},Device.Services.FAPService.{i}.CellConfig.{i}.NR.RAN.PHY.BWP.BWPDL.{i}.PDCCH.DedicatedCtlResourceSet.{i}.,READ_WRITE,STRING
Device.Services.FAPService.{i}.CellConfig.{i}.NR.RAN.PHY.BWP.BWPDL.{i}.PDCCH.DedicatedCtlResourceSet.{i}.DedicateFrequencyDomainResources,yes,existing_mml_parent_object_group,命中 mmlstandardloader seed/catalog 的现有 object_path 分组；加入 sub_field 后可显示在当前参数树,YES_EXISTING_JSON_PARENT_GROUP,medium,SF,小区服务参数管理（总体）,FAP 载波基本配置,Device.Services.FAPService.{i}.,,json_seed_and_catalog_existing_group,omcgo/internal/config/parammodel/mmlstandardloader/seeds/cmcc_tdlte_v23.json; omcgo/datamodels/mml-catalog/cmcc-tdlte-v2.3.json,SH,RAN协议栈参数,{i},Device.Services.FAPService.{i}.CellConfig.{i}.NR.RAN.PHY.BWP.BWPDL.{i}.PDCCH.DedicatedCtlResourceSet.{i}.,READ_WRITE,STRING
Device.Services.FAPService.{i}.CellConfig.{i}.NR.RAN.PHY.BWP.BWPDL.{i}.PDCCH.DedicatedCtlResourceSet.{i}.DedicatePrecoderGranularity,yes,existing_mml_parent_object_group,命中 mmlstandardloader seed/catalog 的现有 object_path 分组；加入 sub_field 后可显示在当前参数树,YES_EXISTING_JSON_PARENT_GROUP,medium,SF,小区服务参数管理（总体）,FAP 载波基本配置,Device.Services.FAPService.{i}.,,json_seed_and_catalog_existing_group,omcgo/internal/config/parammodel/mmlstandardloader/seeds/cmcc_tdlte_v23.json; omcgo/datamodels/mml-catalog/cmcc-tdlte-v2.3.json,SH,RAN协议栈参数,{i},Device.Services.FAPService.{i}.CellConfig.{i}.NR.RAN.PHY.BWP.BWPDL.{i}.PDCCH.DedicatedCtlResourceSet.{i}.,READ_WRITE,STRING
Device.Services.FAPService.{i}.CellConfig.{i}.NR.RAN.PHY.BWP.BWPDL.{i}.PDCCH.DedicatedCtlResourceSet.{i}.DedicatedResourceSetId,yes,existing_mml_parent_object_group,命中 mmlstandardloader seed/catalog 的现有 object_path 分组；加入 sub_field 后可显示在当前参数树,YES_EXISTING_JSON_PARENT_GROUP,medium,SF,小区服务参数管理（总体）,FAP 载波基本配置,Device.Services.FAPService.{i}.,,json_seed_and_catalog_existing_group,omcgo/internal/config/parammodel/mmlstandardloader/seeds/cmcc_tdlte_v23.json; omcgo/datamodels/mml-catalog/cmcc-tdlte-v2.3.json,SH,RAN协议栈参数,{i},Device.Services.FAPService.{i}.CellConfig.{i}.NR.RAN.PHY.BWP.BWPDL.{i}.PDCCH.DedicatedCtlResourceSet.{i}.,READ_WRITE,STRING
Device.Services.FAPService.{i}.CellConfig.{i}.NR.RAN.PHY.BWP.BWPDL.{i}.PDSCH.PDSCHDedicatedTimeDomainResourceAllocationList.{i}.StartSymbolAndLength,yes,existing_mml_parent_object_group,命中 mmlstandardloader seed/catalog 的现有 object_path 分组；加入 sub_field 后可显示在当前参数树,YES_EXISTING_JSON_PARENT_GROUP,medium,SF,小区服务参数管理（总体）,FAP 载波基本配置,Device.Services.FAPService.{i}.,,json_seed_and_catalog_existing_group,omcgo/internal/config/parammodel/mmlstandardloader/seeds/cmcc_tdlte_v23.json; omcgo/datamodels/mml-catalog/cmcc-tdlte-v2.3.json,SH,RAN协议栈参数,{i},Device.Services.FAPService.{i}.CellConfig.{i}.NR.RAN.PHY.BWP.BWPDL.{i}.PDSCH.PDSCHDedicatedTimeDomainResourceAllocationList.{i}.,READ_WRITE,STRING
Device.Services.FAPService.{i}.CellConfig.{i}.NR.RAN.PHY.BWP.BWPDL.{i}.PDSCH.PDSCHTimeDomainResourceAllocationList.{i}.StartSymbolAndLength,yes,existing_mml_parent_object_group,命中 mmlstandardloader seed/catalog 的现有 object_path 分组；加入 sub_field 后可显示在当前参数树,YES_EXISTING_JSON_PARENT_GROUP,medium,SF,小区服务参数管理（总体）,FAP 载波基本配置,Device.Services.FAPService.{i}.,,json_seed_and_catalog_existing_group,omcgo/internal/config/parammodel/mmlstandardloader/seeds/cmcc_tdlte_v23.json; omcgo/datamodels/mml-catalog/cmcc-tdlte-v2.3.json,SH,RAN协议栈参数,{i},Device.Services.FAPService.{i}.CellConfig.{i}.NR.RAN.PHY.BWP.BWPDL.{i}.PDSCH.PDSCHTimeDomainResourceAllocationList.{i}.,READ_WRITE,STRING
Device.Services.FAPService.{i}.CellConfig.{i}.NR.RAN.PHY.BWP.BWPDL.{i}.PMaxULPower,yes,existing_mml_parent_object_group,命中 mmlstandardloader seed/catalog 的现有 object_path 分组；加入 sub_field 后可显示在当前参数树,YES_EXISTING_JSON_PARENT_GROUP,medium,SF,小区服务参数管理（总体）,FAP 载波基本配置,Device.Services.FAPService.{i}.,,json_seed_and_catalog_existing_group,omcgo/internal/config/parammodel/mmlstandardloader/seeds/cmcc_tdlte_v23.json; omcgo/datamodels/mml-catalog/cmcc-tdlte-v2.3.json,SH,RAN协议栈参数,{i},Device.Services.FAPService.{i}.CellConfig.{i}.NR.RAN.PHY.BWP.BWPDL.{i}.,READ_WRITE,STRING
Device.Services.FAPService.{i}.CellConfig.{i}.NR.RAN.PHY.BWP.BWPDL.{i}.StartPrbPosition,yes,existing_mml_parent_object_group,命中 mmlstandardloader seed/catalog 的现有 object_path 分组；加入 sub_field 后可显示在当前参数树,YES_EXISTING_JSON_PARENT_GROUP,medium,SF,小区服务参数管理（总体）,FAP 载波基本配置,Device.Services.FAPService.{i}.,,json_seed_and_catalog_existing_group,omcgo/internal/config/parammodel/mmlstandardloader/seeds/cmcc_tdlte_v23.json; omcgo/datamodels/mml-catalog/cmcc-tdlte-v2.3.json,SH,RAN协议栈参数,{i},Device.Services.FAPService.{i}.CellConfig.{i}.NR.RAN.PHY.BWP.BWPDL.{i}.,READ_WRITE,STRING
Device.Services.FAPService.{i}.CellConfig.{i}.NR.RAN.PHY.BWP.BWPDL.{i}.SubcarrierSpacing,yes,existing_mml_parent_object_group,命中 mmlstandardloader seed/catalog 的现有 object_path 分组；加入 sub_field 后可显示在当前参数树,YES_EXISTING_JSON_PARENT_GROUP,medium,SF,小区服务参数管理（总体）,FAP 载波基本配置,Device.Services.FAPService.{i}.,,json_seed_and_catalog_existing_group,omcgo/internal/config/parammodel/mmlstandardloader/seeds/cmcc_tdlte_v23.json; omcgo/datamodels/mml-catalog/cmcc-tdlte-v2.3.json,SH,RAN协议栈参数,{i},Device.Services.FAPService.{i}.CellConfig.{i}.NR.RAN.PHY.BWP.BWPDL.{i}.,READ_WRITE,STRING
Device.Services.FAPService.{i}.CellConfig.{i}.NR.RAN.PHY.FrequencyInfoDLSIB.MultiFrequencyBandListNRSIB.{i}.FreqBandIndicatorNR,no,not_mml_tree_quicksettings_only,只命中 quicksettings XML，quicksettings 不是 MML 配置参数树数据源,YES_QUICKSETTINGS_XML_GROUP,high,,,小区参数,,gnb-cell,quicksettings_xml_exact_standardPath,omcgo/data/quicksettings/BaiBNQ.xml#gnb-cell:小区参数(Band),SH,RAN协议栈参数,{i},Device.Services.FAPService.{i}.CellConfig.{i}.NR.RAN.PHY.FrequencyInfoDLSIB.MultiFrequencyBandListNRSIB.{i}.,READ_WRITE,STRING
Device.Services.FAPService.{i}.CellConfig.{i}.NR.RAN.QOS.{i}.5QI,yes,existing_mml_parent_object_group,命中 mmlstandardloader seed/catalog 的现有 object_path 分组；加入 sub_field 后可显示在当前参数树,YES_EXISTING_JSON_PARENT_GROUP,medium,SF,小区服务参数管理（总体）,FAP 载波基本配置,Device.Services.FAPService.{i}.,,json_seed_and_catalog_existing_group,omcgo/internal/config/parammodel/mmlstandardloader/seeds/cmcc_tdlte_v23.json; omcgo/datamodels/mml-catalog/cmcc-tdlte-v2.3.json,SH,RAN协议栈参数,{i},Device.Services.FAPService.{i}.CellConfig.{i}.NR.RAN.QOS.{i}.,READ_WRITE,STRING
Device.Services.FAPService.{i}.CellConfig.{i}.NR.RAN.QOS.{i}.AllowedIntegrityAlgo,yes,existing_mml_parent_object_group,命中 mmlstandardloader seed/catalog 的现有 object_path 分组；加入 sub_field 后可显示在当前参数树,YES_EXISTING_JSON_PARENT_GROUP,medium,SF,小区服务参数管理（总体）,FAP 载波基本配置,Device.Services.FAPService.{i}.,,json_seed_and_catalog_existing_group,omcgo/internal/config/parammodel/mmlstandardloader/seeds/cmcc_tdlte_v23.json; omcgo/datamodels/mml-catalog/cmcc-tdlte-v2.3.json,SH,RAN协议栈参数,{i},Device.Services.FAPService.{i}.CellConfig.{i}.NR.RAN.QOS.{i}.,READ_WRITE,STRING
Device.Services.FAPService.{i}.CellConfig.{i}.NR.RAN.QOS.{i}.DiscardTimer,yes,existing_mml_parent_object_group,命中 mmlstandardloader seed/catalog 的现有 object_path 分组；加入 sub_field 后可显示在当前参数树,YES_EXISTING_JSON_PARENT_GROUP,medium,SF,小区服务参数管理（总体）,FAP 载波基本配置,Device.Services.FAPService.{i}.,,json_seed_and_catalog_existing_group,omcgo/internal/config/parammodel/mmlstandardloader/seeds/cmcc_tdlte_v23.json; omcgo/datamodels/mml-catalog/cmcc-tdlte-v2.3.json,SH,RAN协议栈参数,{i},Device.Services.FAPService.{i}.CellConfig.{i}.NR.RAN.QOS.{i}.,READ_WRITE,STRING
Device.Services.FAPService.{i}.CellConfig.{i}.NR.RAN.QOS.{i}.DlDataSplitThreshold,yes,existing_mml_parent_object_group,命中 mmlstandardloader seed/catalog 的现有 object_path 分组；加入 sub_field 后可显示在当前参数树,YES_EXISTING_JSON_PARENT_GROUP,medium,SF,小区服务参数管理（总体）,FAP 载波基本配置,Device.Services.FAPService.{i}.,,json_seed_and_catalog_existing_group,omcgo/internal/config/parammodel/mmlstandardloader/seeds/cmcc_tdlte_v23.json; omcgo/datamodels/mml-catalog/cmcc-tdlte-v2.3.json,SH,RAN协议栈参数,{i},Device.Services.FAPService.{i}.CellConfig.{i}.NR.RAN.QOS.{i}.,READ_WRITE,STRING
Device.Services.FAPService.{i}.CellConfig.{i}.NR.RAN.QOS.{i}.DrbInactivityTimerConfig,yes,existing_mml_parent_object_group,命中 mmlstandardloader seed/catalog 的现有 object_path 分组；加入 sub_field 后可显示在当前参数树,YES_EXISTING_JSON_PARENT_GROUP,medium,SF,小区服务参数管理（总体）,FAP 载波基本配置,Device.Services.FAPService.{i}.,,json_seed_and_catalog_existing_group,omcgo/internal/config/parammodel/mmlstandardloader/seeds/cmcc_tdlte_v23.json; omcgo/datamodels/mml-catalog/cmcc-tdlte-v2.3.json,SH,RAN协议栈参数,{i},Device.Services.FAPService.{i}.CellConfig.{i}.NR.RAN.QOS.{i}.,READ_WRITE,STRING
Device.Services.FAPService.{i}.CellConfig.{i}.NR.RAN.QOS.{i}.Dscp,yes,existing_mml_parent_object_group,命中 mmlstandardloader seed/catalog 的现有 object_path 分组；加入 sub_field 后可显示在当前参数树,YES_EXISTING_JSON_PARENT_GROUP,medium,SF,小区服务参数管理（总体）,FAP 载波基本配置,Device.Services.FAPService.{i}.,,json_seed_and_catalog_existing_group,omcgo/internal/config/parammodel/mmlstandardloader/seeds/cmcc_tdlte_v23.json; omcgo/datamodels/mml-catalog/cmcc-tdlte-v2.3.json,SH,RAN协议栈参数,{i},Device.Services.FAPService.{i}.CellConfig.{i}.NR.RAN.QOS.{i}.,READ_WRITE,STRING
Device.Services.FAPService.{i}.CellConfig.{i}.NR.RAN.QOS.{i}.Enable,yes,existing_mml_parent_object_group,命中 mmlstandardloader seed/catalog 的现有 object_path 分组；加入 sub_field 后可显示在当前参数树,YES_EXISTING_JSON_PARENT_GROUP,medium,SF,小区服务参数管理（总体）,FAP 载波基本配置,Device.Services.FAPService.{i}.,,json_seed_and_catalog_existing_group,omcgo/internal/config/parammodel/mmlstandardloader/seeds/cmcc_tdlte_v23.json; omcgo/datamodels/mml-catalog/cmcc-tdlte-v2.3.json,SH,RAN协议栈参数,{i},Device.Services.FAPService.{i}.CellConfig.{i}.NR.RAN.QOS.{i}.,READ_WRITE,STRING
Device.Services.FAPService.{i}.CellConfig.{i}.NR.RAN.QOS.{i}.EnableRohc,yes,existing_mml_parent_object_group,命中 mmlstandardloader seed/catalog 的现有 object_path 分组；加入 sub_field 后可显示在当前参数树,YES_EXISTING_JSON_PARENT_GROUP,medium,SF,小区服务参数管理（总体）,FAP 载波基本配置,Device.Services.FAPService.{i}.,,json_seed_and_catalog_existing_group,omcgo/internal/config/parammodel/mmlstandardloader/seeds/cmcc_tdlte_v23.json; omcgo/datamodels/mml-catalog/cmcc-tdlte-v2.3.json,SH,RAN协议栈参数,{i},Device.Services.FAPService.{i}.CellConfig.{i}.NR.RAN.QOS.{i}.,READ_WRITE,STRING
Device.Services.FAPService.{i}.CellConfig.{i}.NR.RAN.QOS.{i}.IsDefault,yes,existing_mml_parent_object_group,命中 mmlstandardloader seed/catalog 的现有 object_path 分组；加入 sub_field 后可显示在当前参数树,YES_EXISTING_JSON_PARENT_GROUP,medium,SF,小区服务参数管理（总体）,FAP 载波基本配置,Device.Services.FAPService.{i}.,,json_seed_and_catalog_existing_group,omcgo/internal/config/parammodel/mmlstandardloader/seeds/cmcc_tdlte_v23.json; omcgo/datamodels/mml-catalog/cmcc-tdlte-v2.3.json,SH,RAN协议栈参数,{i},Device.Services.FAPService.{i}.CellConfig.{i}.NR.RAN.QOS.{i}.,READ_WRITE,STRING
Device.Services.FAPService.{i}.CellConfig.{i}.NR.RAN.QOS.{i}.LongDrxCycle,yes,existing_mml_parent_object_group,命中 mmlstandardloader seed/catalog 的现有 object_path 分组；加入 sub_field 后可显示在当前参数树,YES_EXISTING_JSON_PARENT_GROUP,medium,SF,小区服务参数管理（总体）,FAP 载波基本配置,Device.Services.FAPService.{i}.,,json_seed_and_catalog_existing_group,omcgo/internal/config/parammodel/mmlstandardloader/seeds/cmcc_tdlte_v23.json; omcgo/datamodels/mml-catalog/cmcc-tdlte-v2.3.json,SH,RAN协议栈参数,{i},Device.Services.FAPService.{i}.CellConfig.{i}.NR.RAN.QOS.{i}.,READ_WRITE,STRING
Device.Services.FAPService.{i}.CellConfig.{i}.NR.RAN.QOS.{i}.MappingDrbIndex,yes,existing_mml_parent_object_group,命中 mmlstandardloader seed/catalog 的现有 object_path 分组；加入 sub_field 后可显示在当前参数树,YES_EXISTING_JSON_PARENT_GROUP,medium,SF,小区服务参数管理（总体）,FAP 载波基本配置,Device.Services.FAPService.{i}.,,json_seed_and_catalog_existing_group,omcgo/internal/config/parammodel/mmlstandardloader/seeds/cmcc_tdlte_v23.json; omcgo/datamodels/mml-catalog/cmcc-tdlte-v2.3.json,SH,RAN协议栈参数,{i},Device.Services.FAPService.{i}.CellConfig.{i}.NR.RAN.QOS.{i}.,READ_WRITE,STRING
Device.Services.FAPService.{i}.CellConfig.{i}.NR.RAN.QOS.{i}.MinBr,yes,existing_mml_parent_object_group,命中 mmlstandardloader seed/catalog 的现有 object_path 分组；加入 sub_field 后可显示在当前参数树,YES_EXISTING_JSON_PARENT_GROUP,medium,SF,小区服务参数管理（总体）,FAP 载波基本配置,Device.Services.FAPService.{i}.,,json_seed_and_catalog_existing_group,omcgo/internal/config/parammodel/mmlstandardloader/seeds/cmcc_tdlte_v23.json; omcgo/datamodels/mml-catalog/cmcc-tdlte-v2.3.json,SH,RAN协议栈参数,{i},Device.Services.FAPService.{i}.CellConfig.{i}.NR.RAN.QOS.{i}.,READ_WRITE,STRING
Device.Services.FAPService.{i}.CellConfig.{i}.NR.RAN.QOS.{i}.PdcpDuplicationActivated,yes,existing_mml_parent_object_group,命中 mmlstandardloader seed/catalog 的现有 object_path 分组；加入 sub_field 后可显示在当前参数树,YES_EXISTING_JSON_PARENT_GROUP,medium,SF,小区服务参数管理（总体）,FAP 载波基本配置,Device.Services.FAPService.{i}.,,json_seed_and_catalog_existing_group,omcgo/internal/config/parammodel/mmlstandardloader/seeds/cmcc_tdlte_v23.json; omcgo/datamodels/mml-catalog/cmcc-tdlte-v2.3.json,SH,RAN协议栈参数,{i},Device.Services.FAPService.{i}.CellConfig.{i}.NR.RAN.QOS.{i}.,READ_WRITE,STRING
Device.Services.FAPService.{i}.CellConfig.{i}.NR.RAN.QOS.{i}.PdcpSnSizeDl,yes,existing_mml_parent_object_group,命中 mmlstandardloader seed/catalog 的现有 object_path 分组；加入 sub_field 后可显示在当前参数树,YES_EXISTING_JSON_PARENT_GROUP,medium,SF,小区服务参数管理（总体）,FAP 载波基本配置,Device.Services.FAPService.{i}.,,json_seed_and_catalog_existing_group,omcgo/internal/config/parammodel/mmlstandardloader/seeds/cmcc_tdlte_v23.json; omcgo/datamodels/mml-catalog/cmcc-tdlte-v2.3.json,SH,RAN协议栈参数,{i},Device.Services.FAPService.{i}.CellConfig.{i}.NR.RAN.QOS.{i}.,READ_WRITE,STRING
Device.Services.FAPService.{i}.CellConfig.{i}.NR.RAN.QOS.{i}.PdcpSnSizeUl,yes,existing_mml_parent_object_group,命中 mmlstandardloader seed/catalog 的现有 object_path 分组；加入 sub_field 后可显示在当前参数树,YES_EXISTING_JSON_PARENT_GROUP,medium,SF,小区服务参数管理（总体）,FAP 载波基本配置,Device.Services.FAPService.{i}.,,json_seed_and_catalog_existing_group,omcgo/internal/config/parammodel/mmlstandardloader/seeds/cmcc_tdlte_v23.json; omcgo/datamodels/mml-catalog/cmcc-tdlte-v2.3.json,SH,RAN协议栈参数,{i},Device.Services.FAPService.{i}.CellConfig.{i}.NR.RAN.QOS.{i}.,READ_WRITE,STRING
Device.Services.FAPService.{i}.CellConfig.{i}.NR.RAN.QOS.{i}.PrimaryPath,yes,existing_mml_parent_object_group,命中 mmlstandardloader seed/catalog 的现有 object_path 分组；加入 sub_field 后可显示在当前参数树,YES_EXISTING_JSON_PARENT_GROUP,medium,SF,小区服务参数管理（总体）,FAP 载波基本配置,Device.Services.FAPService.{i}.,,json_seed_and_catalog_existing_group,omcgo/internal/config/parammodel/mmlstandardloader/seeds/cmcc_tdlte_v23.json; omcgo/datamodels/mml-catalog/cmcc-tdlte-v2.3.json,SH,RAN协议栈参数,{i},Device.Services.FAPService.{i}.CellConfig.{i}.NR.RAN.QOS.{i}.,READ_WRITE,STRING
Device.Services.FAPService.{i}.CellConfig.{i}.NR.RAN.QOS.{i}.PrimaryPathDl,yes,existing_mml_parent_object_group,命中 mmlstandardloader seed/catalog 的现有 object_path 分组；加入 sub_field 后可显示在当前参数树,YES_EXISTING_JSON_PARENT_GROUP,medium,SF,小区服务参数管理（总体）,FAP 载波基本配置,Device.Services.FAPService.{i}.,,json_seed_and_catalog_existing_group,omcgo/internal/config/parammodel/mmlstandardloader/seeds/cmcc_tdlte_v23.json; omcgo/datamodels/mml-catalog/cmcc-tdlte-v2.3.json,SH,RAN协议栈参数,{i},Device.Services.FAPService.{i}.CellConfig.{i}.NR.RAN.QOS.{i}.,READ_WRITE,STRING
Device.Services.FAPService.{i}.CellConfig.{i}.NR.RAN.QOS.{i}.Priority,yes,existing_mml_parent_object_group,命中 mmlstandardloader seed/catalog 的现有 object_path 分组；加入 sub_field 后可显示在当前参数树,YES_EXISTING_JSON_PARENT_GROUP,medium,SF,小区服务参数管理（总体）,FAP 载波基本配置,Device.Services.FAPService.{i}.,,json_seed_and_catalog_existing_group,omcgo/internal/config/parammodel/mmlstandardloader/seeds/cmcc_tdlte_v23.json; omcgo/datamodels/mml-catalog/cmcc-tdlte-v2.3.json,SH,RAN协议栈参数,{i},Device.Services.FAPService.{i}.CellConfig.{i}.NR.RAN.QOS.{i}.,READ_WRITE,STRING
Device.Services.FAPService.{i}.CellConfig.{i}.NR.RAN.QOS.{i}.RlcMode,yes,existing_mml_parent_object_group,命中 mmlstandardloader seed/catalog 的现有 object_path 分组；加入 sub_field 后可显示在当前参数树,YES_EXISTING_JSON_PARENT_GROUP,medium,SF,小区服务参数管理（总体）,FAP 载波基本配置,Device.Services.FAPService.{i}.,,json_seed_and_catalog_existing_group,omcgo/internal/config/parammodel/mmlstandardloader/seeds/cmcc_tdlte_v23.json; omcgo/datamodels/mml-catalog/cmcc-tdlte-v2.3.json,SH,RAN协议栈参数,{i},Device.Services.FAPService.{i}.CellConfig.{i}.NR.RAN.QOS.{i}.,READ_WRITE,STRING
Device.Services.FAPService.{i}.CellConfig.{i}.NR.RAN.QOS.{i}.RohcProfile0x0001,yes,existing_mml_parent_object_group,命中 mmlstandardloader seed/catalog 的现有 object_path 分组；加入 sub_field 后可显示在当前参数树,YES_EXISTING_JSON_PARENT_GROUP,medium,SF,小区服务参数管理（总体）,FAP 载波基本配置,Device.Services.FAPService.{i}.,,json_seed_and_catalog_existing_group,omcgo/internal/config/parammodel/mmlstandardloader/seeds/cmcc_tdlte_v23.json; omcgo/datamodels/mml-catalog/cmcc-tdlte-v2.3.json,SH,RAN协议栈参数,{i},Device.Services.FAPService.{i}.CellConfig.{i}.NR.RAN.QOS.{i}.,READ_WRITE,STRING
Device.Services.FAPService.{i}.CellConfig.{i}.NR.RAN.QOS.{i}.RohcProfile0x0002,yes,existing_mml_parent_object_group,命中 mmlstandardloader seed/catalog 的现有 object_path 分组；加入 sub_field 后可显示在当前参数树,YES_EXISTING_JSON_PARENT_GROUP,medium,SF,小区服务参数管理（总体）,FAP 载波基本配置,Device.Services.FAPService.{i}.,,json_seed_and_catalog_existing_group,omcgo/internal/config/parammodel/mmlstandardloader/seeds/cmcc_tdlte_v23.json; omcgo/datamodels/mml-catalog/cmcc-tdlte-v2.3.json,SH,RAN协议栈参数,{i},Device.Services.FAPService.{i}.CellConfig.{i}.NR.RAN.QOS.{i}.,READ_WRITE,STRING
Device.Services.FAPService.{i}.CellConfig.{i}.NR.RAN.QOS.{i}.RohcProfile0x0006,yes,existing_mml_parent_object_group,命中 mmlstandardloader seed/catalog 的现有 object_path 分组；加入 sub_field 后可显示在当前参数树,YES_EXISTING_JSON_PARENT_GROUP,medium,SF,小区服务参数管理（总体）,FAP 载波基本配置,Device.Services.FAPService.{i}.,,json_seed_and_catalog_existing_group,omcgo/internal/config/parammodel/mmlstandardloader/seeds/cmcc_tdlte_v23.json; omcgo/datamodels/mml-catalog/cmcc-tdlte-v2.3.json,SH,RAN协议栈参数,{i},Device.Services.FAPService.{i}.CellConfig.{i}.NR.RAN.QOS.{i}.,READ_WRITE,STRING
Device.Services.FAPService.{i}.CellConfig.{i}.NR.RAN.QOS.{i}.ShortDrxCycle,yes,existing_mml_parent_object_group,命中 mmlstandardloader seed/catalog 的现有 object_path 分组；加入 sub_field 后可显示在当前参数树,YES_EXISTING_JSON_PARENT_GROUP,medium,SF,小区服务参数管理（总体）,FAP 载波基本配置,Device.Services.FAPService.{i}.,,json_seed_and_catalog_existing_group,omcgo/internal/config/parammodel/mmlstandardloader/seeds/cmcc_tdlte_v23.json; omcgo/datamodels/mml-catalog/cmcc-tdlte-v2.3.json,SH,RAN协议栈参数,{i},Device.Services.FAPService.{i}.CellConfig.{i}.NR.RAN.QOS.{i}.,READ_WRITE,STRING
Device.Services.FAPService.{i}.CellConfig.{i}.NR.RAN.QOS.{i}.ShortDrxCycleTimer,yes,existing_mml_parent_object_group,命中 mmlstandardloader seed/catalog 的现有 object_path 分组；加入 sub_field 后可显示在当前参数树,YES_EXISTING_JSON_PARENT_GROUP,medium,SF,小区服务参数管理（总体）,FAP 载波基本配置,Device.Services.FAPService.{i}.,,json_seed_and_catalog_existing_group,omcgo/internal/config/parammodel/mmlstandardloader/seeds/cmcc_tdlte_v23.json; omcgo/datamodels/mml-catalog/cmcc-tdlte-v2.3.json,SH,RAN协议栈参数,{i},Device.Services.FAPService.{i}.CellConfig.{i}.NR.RAN.QOS.{i}.,READ_WRITE,STRING
Device.Services.FAPService.{i}.CellConfig.{i}.NR.RAN.QOS.{i}.SnFieldLengthAmDl,yes,existing_mml_parent_object_group,命中 mmlstandardloader seed/catalog 的现有 object_path 分组；加入 sub_field 后可显示在当前参数树,YES_EXISTING_JSON_PARENT_GROUP,medium,SF,小区服务参数管理（总体）,FAP 载波基本配置,Device.Services.FAPService.{i}.,,json_seed_and_catalog_existing_group,omcgo/internal/config/parammodel/mmlstandardloader/seeds/cmcc_tdlte_v23.json; omcgo/datamodels/mml-catalog/cmcc-tdlte-v2.3.json,SH,RAN协议栈参数,{i},Device.Services.FAPService.{i}.CellConfig.{i}.NR.RAN.QOS.{i}.,READ_WRITE,STRING
Device.Services.FAPService.{i}.CellConfig.{i}.NR.RAN.QOS.{i}.SnFieldLengthAmUl,yes,existing_mml_parent_object_group,命中 mmlstandardloader seed/catalog 的现有 object_path 分组；加入 sub_field 后可显示在当前参数树,YES_EXISTING_JSON_PARENT_GROUP,medium,SF,小区服务参数管理（总体）,FAP 载波基本配置,Device.Services.FAPService.{i}.,,json_seed_and_catalog_existing_group,omcgo/internal/config/parammodel/mmlstandardloader/seeds/cmcc_tdlte_v23.json; omcgo/datamodels/mml-catalog/cmcc-tdlte-v2.3.json,SH,RAN协议栈参数,{i},Device.Services.FAPService.{i}.CellConfig.{i}.NR.RAN.QOS.{i}.,READ_WRITE,STRING
Device.Services.FAPService.{i}.CellConfig.{i}.NR.RAN.QOS.{i}.SnFieldLengthUmDl,yes,existing_mml_parent_object_group,命中 mmlstandardloader seed/catalog 的现有 object_path 分组；加入 sub_field 后可显示在当前参数树,YES_EXISTING_JSON_PARENT_GROUP,medium,SF,小区服务参数管理（总体）,FAP 载波基本配置,Device.Services.FAPService.{i}.,,json_seed_and_catalog_existing_group,omcgo/internal/config/parammodel/mmlstandardloader/seeds/cmcc_tdlte_v23.json; omcgo/datamodels/mml-catalog/cmcc-tdlte-v2.3.json,SH,RAN协议栈参数,{i},Device.Services.FAPService.{i}.CellConfig.{i}.NR.RAN.QOS.{i}.,READ_WRITE,STRING
Device.Services.FAPService.{i}.CellConfig.{i}.NR.RAN.QOS.{i}.SnFieldLengthUmUl,yes,existing_mml_parent_object_group,命中 mmlstandardloader seed/catalog 的现有 object_path 分组；加入 sub_field 后可显示在当前参数树,YES_EXISTING_JSON_PARENT_GROUP,medium,SF,小区服务参数管理（总体）,FAP 载波基本配置,Device.Services.FAPService.{i}.,,json_seed_and_catalog_existing_group,omcgo/internal/config/parammodel/mmlstandardloader/seeds/cmcc_tdlte_v23.json; omcgo/datamodels/mml-catalog/cmcc-tdlte-v2.3.json,SH,RAN协议栈参数,{i},Device.Services.FAPService.{i}.CellConfig.{i}.NR.RAN.QOS.{i}.,READ_WRITE,STRING
Device.Services.FAPService.{i}.CellConfig.{i}.NR.RAN.QOS.{i}.StatusReportRequired,yes,existing_mml_parent_object_group,命中 mmlstandardloader seed/catalog 的现有 object_path 分组；加入 sub_field 后可显示在当前参数树,YES_EXISTING_JSON_PARENT_GROUP,medium,SF,小区服务参数管理（总体）,FAP 载波基本配置,Device.Services.FAPService.{i}.,,json_seed_and_catalog_existing_group,omcgo/internal/config/parammodel/mmlstandardloader/seeds/cmcc_tdlte_v23.json; omcgo/datamodels/mml-catalog/cmcc-tdlte-v2.3.json,SH,RAN协议栈参数,{i},Device.Services.FAPService.{i}.CellConfig.{i}.NR.RAN.QOS.{i}.,READ_WRITE,STRING
Device.Services.FAPService.{i}.CellConfig.{i}.NR.RAN.QOS.{i}.TReorderingPdcp,yes,existing_mml_parent_object_group,命中 mmlstandardloader seed/catalog 的现有 object_path 分组；加入 sub_field 后可显示在当前参数树,YES_EXISTING_JSON_PARENT_GROUP,medium,SF,小区服务参数管理（总体）,FAP 载波基本配置,Device.Services.FAPService.{i}.,,json_seed_and_catalog_existing_group,omcgo/internal/config/parammodel/mmlstandardloader/seeds/cmcc_tdlte_v23.json; omcgo/datamodels/mml-catalog/cmcc-tdlte-v2.3.json,SH,RAN协议栈参数,{i},Device.Services.FAPService.{i}.CellConfig.{i}.NR.RAN.QOS.{i}.,READ_WRITE,STRING
Device.Services.FAPService.{i}.CellConfig.{i}.NR.RAN.QOS.{i}.TReorderingUE,yes,existing_mml_parent_object_group,命中 mmlstandardloader seed/catalog 的现有 object_path 分组；加入 sub_field 后可显示在当前参数树,YES_EXISTING_JSON_PARENT_GROUP,medium,SF,小区服务参数管理（总体）,FAP 载波基本配置,Device.Services.FAPService.{i}.,,json_seed_and_catalog_existing_group,omcgo/internal/config/parammodel/mmlstandardloader/seeds/cmcc_tdlte_v23.json; omcgo/datamodels/mml-catalog/cmcc-tdlte-v2.3.json,SH,RAN协议栈参数,{i},Device.Services.FAPService.{i}.CellConfig.{i}.NR.RAN.QOS.{i}.,READ_WRITE,STRING
Device.Services.FAPService.{i}.CellConfig.{i}.NR.RAN.QOS.{i}.Type,yes,existing_mml_parent_object_group,命中 mmlstandardloader seed/catalog 的现有 object_path 分组；加入 sub_field 后可显示在当前参数树,YES_EXISTING_JSON_PARENT_GROUP,medium,SF,小区服务参数管理（总体）,FAP 载波基本配置,Device.Services.FAPService.{i}.,,json_seed_and_catalog_existing_group,omcgo/internal/config/parammodel/mmlstandardloader/seeds/cmcc_tdlte_v23.json; omcgo/datamodels/mml-catalog/cmcc-tdlte-v2.3.json,SH,RAN协议栈参数,{i},Device.Services.FAPService.{i}.CellConfig.{i}.NR.RAN.QOS.{i}.,READ_WRITE,STRING
Device.Services.FAPService.{i}.CellConfig.{i}.NR.RAN.QOS.{i}.UeInactivityTimerConfig,yes,existing_mml_parent_object_group,命中 mmlstandardloader seed/catalog 的现有 object_path 分组；加入 sub_field 后可显示在当前参数树,YES_EXISTING_JSON_PARENT_GROUP,medium,SF,小区服务参数管理（总体）,FAP 载波基本配置,Device.Services.FAPService.{i}.,,json_seed_and_catalog_existing_group,omcgo/internal/config/parammodel/mmlstandardloader/seeds/cmcc_tdlte_v23.json; omcgo/datamodels/mml-catalog/cmcc-tdlte-v2.3.json,SH,RAN协议栈参数,{i},Device.Services.FAPService.{i}.CellConfig.{i}.NR.RAN.QOS.{i}.,READ_WRITE,STRING
Device.Services.FAPService.{i}.CellConfig.{i}.NR.RAN.QOS.{i}.UlConfig,yes,existing_mml_parent_object_group,命中 mmlstandardloader seed/catalog 的现有 object_path 分组；加入 sub_field 后可显示在当前参数树,YES_EXISTING_JSON_PARENT_GROUP,medium,SF,小区服务参数管理（总体）,FAP 载波基本配置,Device.Services.FAPService.{i}.,,json_seed_and_catalog_existing_group,omcgo/internal/config/parammodel/mmlstandardloader/seeds/cmcc_tdlte_v23.json; omcgo/datamodels/mml-catalog/cmcc-tdlte-v2.3.json,SH,RAN协议栈参数,{i},Device.Services.FAPService.{i}.CellConfig.{i}.NR.RAN.QOS.{i}.,READ_WRITE,STRING
Device.Services.FAPService.{i}.CellConfig.{i}.NR.RAN.QOS.{i}.UlDataSplitThreshold,yes,existing_mml_parent_object_group,命中 mmlstandardloader seed/catalog 的现有 object_path 分组；加入 sub_field 后可显示在当前参数树,YES_EXISTING_JSON_PARENT_GROUP,medium,SF,小区服务参数管理（总体）,FAP 载波基本配置,Device.Services.FAPService.{i}.,,json_seed_and_catalog_existing_group,omcgo/internal/config/parammodel/mmlstandardloader/seeds/cmcc_tdlte_v23.json; omcgo/datamodels/mml-catalog/cmcc-tdlte-v2.3.json,SH,RAN协议栈参数,{i},Device.Services.FAPService.{i}.CellConfig.{i}.NR.RAN.QOS.{i}.,READ_WRITE,STRING
Device.Services.FAPService.{i}.CellConfig.LTE.RAN.NeighborList.LTECell.{i},yes,direct_existing_mml_group,同 target_group_code 已有 MML 参数，属于当前参数树分组,YES_SAME_EXISTING_GROUP_CODE,high,SI,邻区参数管理,LTE 同系统邻区,Device.Services.FAPService.{i}.CellConfig.LTE.RAN.NeighborList.LTECell.{i}.,DEVICE_SERVICES_FAPSERVICE_CELLCONFIG_LTE_RAN_NEIGHBORLIST_LTECELL,existing_mml_group_code_from_analysis,omcgo/data/model-library/standard-params-to-mml-tree-analysis-20260703.detail.csv,SI,邻区参数管理,LTECell,Device.Services.FAPService.{i}.CellConfig.LTE.RAN.NeighborList.LTECell.,READ_WRITE,STRING
Device.Services.FAPService.{i}.CellConfig.{i}.NR.RAN.NeighborList.LTECell.{i},yes,existing_mml_parent_object_group,命中 mmlstandardloader seed/catalog 的现有 object_path 分组；加入 sub_field 后可显示在当前参数树,YES_EXISTING_JSON_PARENT_GROUP,medium,SF,小区服务参数管理（总体）,FAP 载波基本配置,Device.Services.FAPService.{i}.,,json_seed_and_catalog_existing_group,omcgo/internal/config/parammodel/mmlstandardloader/seeds/cmcc_tdlte_v23.json; omcgo/datamodels/mml-catalog/cmcc-tdlte-v2.3.json,SI,邻区参数管理,LTECell,Device.Services.FAPService.{i}.CellConfig.{i}.NR.RAN.NeighborList.LTECell.,READ_WRITE,STRING
Device.Services.FAPService.{i}.CellConfig.{i}.NR.RAN.NeighborList.NRCell.{i},yes,existing_mml_parent_object_group,命中 mmlstandardloader seed/catalog 的现有 object_path 分组；加入 sub_field 后可显示在当前参数树,YES_EXISTING_JSON_PARENT_GROUP,medium,SF,小区服务参数管理（总体）,FAP 载波基本配置,Device.Services.FAPService.{i}.,,json_seed_and_catalog_existing_group,omcgo/internal/config/parammodel/mmlstandardloader/seeds/cmcc_tdlte_v23.json; omcgo/datamodels/mml-catalog/cmcc-tdlte-v2.3.json,SI,邻区参数管理,NRCell,Device.Services.FAPService.{i}.CellConfig.{i}.NR.RAN.NeighborList.NRCell.,READ_WRITE,STRING
Device.Services.FAPService.{i}.CellConfig.LTE.RAN.NeighborList.5GCell.{i}.CellId,yes,existing_mml_parent_object_group,命中 mmlstandardloader seed/catalog 的现有 object_path 分组；加入 sub_field 后可显示在当前参数树,YES_EXISTING_JSON_PARENT_GROUP,medium,SF,小区服务参数管理（总体）,FAP 载波基本配置,Device.Services.FAPService.{i}.,,json_seed_and_catalog_existing_group,omcgo/internal/config/parammodel/mmlstandardloader/seeds/cmcc_tdlte_v23.json; omcgo/datamodels/mml-catalog/cmcc-tdlte-v2.3.json,SI,邻区参数管理,{i},Device.Services.FAPService.{i}.CellConfig.LTE.RAN.NeighborList.5GCell.{i}.,READ_WRITE,STRING
Device.Services.FAPService.{i}.CellConfig.LTE.RAN.NeighborList.5GCell.{i}.GnbId,yes,existing_mml_parent_object_group,命中 mmlstandardloader seed/catalog 的现有 object_path 分组；加入 sub_field 后可显示在当前参数树,YES_EXISTING_JSON_PARENT_GROUP,medium,SF,小区服务参数管理（总体）,FAP 载波基本配置,Device.Services.FAPService.{i}.,,json_seed_and_catalog_existing_group,omcgo/internal/config/parammodel/mmlstandardloader/seeds/cmcc_tdlte_v23.json; omcgo/datamodels/mml-catalog/cmcc-tdlte-v2.3.json,SI,邻区参数管理,{i},Device.Services.FAPService.{i}.CellConfig.LTE.RAN.NeighborList.5GCell.{i}.,READ_WRITE,STRING
Device.Services.FAPService.{i}.CellConfig.LTE.RAN.NeighborList.5GCell.{i}.GnbIdLength,yes,existing_mml_parent_object_group,命中 mmlstandardloader seed/catalog 的现有 object_path 分组；加入 sub_field 后可显示在当前参数树,YES_EXISTING_JSON_PARENT_GROUP,medium,SF,小区服务参数管理（总体）,FAP 载波基本配置,Device.Services.FAPService.{i}.,,json_seed_and_catalog_existing_group,omcgo/internal/config/parammodel/mmlstandardloader/seeds/cmcc_tdlte_v23.json; omcgo/datamodels/mml-catalog/cmcc-tdlte-v2.3.json,SI,邻区参数管理,{i},Device.Services.FAPService.{i}.CellConfig.LTE.RAN.NeighborList.5GCell.{i}.,READ_WRITE,STRING
Device.Services.FAPService.{i}.CellConfig.LTE.RAN.NeighborList.5GCell.{i}.PCI,yes,existing_mml_parent_object_group,命中 mmlstandardloader seed/catalog 的现有 object_path 分组；加入 sub_field 后可显示在当前参数树,YES_EXISTING_JSON_PARENT_GROUP,medium,SF,小区服务参数管理（总体）,FAP 载波基本配置,Device.Services.FAPService.{i}.,,json_seed_and_catalog_existing_group,omcgo/internal/config/parammodel/mmlstandardloader/seeds/cmcc_tdlte_v23.json; omcgo/datamodels/mml-catalog/cmcc-tdlte-v2.3.json,SI,邻区参数管理,{i},Device.Services.FAPService.{i}.CellConfig.LTE.RAN.NeighborList.5GCell.{i}.,READ_WRITE,STRING
Device.Services.FAPService.{i}.CellConfig.LTE.RAN.NeighborList.5GCell.{i}.PLMNID,yes,existing_mml_parent_object_group,命中 mmlstandardloader seed/catalog 的现有 object_path 分组；加入 sub_field 后可显示在当前参数树,YES_EXISTING_JSON_PARENT_GROUP,medium,SF,小区服务参数管理（总体）,FAP 载波基本配置,Device.Services.FAPService.{i}.,,json_seed_and_catalog_existing_group,omcgo/internal/config/parammodel/mmlstandardloader/seeds/cmcc_tdlte_v23.json; omcgo/datamodels/mml-catalog/cmcc-tdlte-v2.3.json,SI,邻区参数管理,{i},Device.Services.FAPService.{i}.CellConfig.LTE.RAN.NeighborList.5GCell.{i}.,READ_WRITE,STRING
Device.Services.FAPService.{i}.CellConfig.LTE.RAN.NeighborList.5GCell.{i}.QOFFSET,yes,existing_mml_parent_object_group,命中 mmlstandardloader seed/catalog 的现有 object_path 分组；加入 sub_field 后可显示在当前参数树,YES_EXISTING_JSON_PARENT_GROUP,medium,SF,小区服务参数管理（总体）,FAP 载波基本配置,Device.Services.FAPService.{i}.,,json_seed_and_catalog_existing_group,omcgo/internal/config/parammodel/mmlstandardloader/seeds/cmcc_tdlte_v23.json; omcgo/datamodels/mml-catalog/cmcc-tdlte-v2.3.json,SI,邻区参数管理,{i},Device.Services.FAPService.{i}.CellConfig.LTE.RAN.NeighborList.5GCell.{i}.,READ_WRITE,STRING
Device.Services.FAPService.{i}.CellConfig.LTE.RAN.NeighborList.5GCell.{i}.SSB,yes,existing_mml_parent_object_group,命中 mmlstandardloader seed/catalog 的现有 object_path 分组；加入 sub_field 后可显示在当前参数树,YES_EXISTING_JSON_PARENT_GROUP,medium,SF,小区服务参数管理（总体）,FAP 载波基本配置,Device.Services.FAPService.{i}.,,json_seed_and_catalog_existing_group,omcgo/internal/config/parammodel/mmlstandardloader/seeds/cmcc_tdlte_v23.json; omcgo/datamodels/mml-catalog/cmcc-tdlte-v2.3.json,SI,邻区参数管理,{i},Device.Services.FAPService.{i}.CellConfig.LTE.RAN.NeighborList.5GCell.{i}.,READ_WRITE,STRING
Device.Services.FAPService.{i}.CellConfig.LTE.RAN.NeighborList.5GCell.{i}.TAC,yes,existing_mml_parent_object_group,命中 mmlstandardloader seed/catalog 的现有 object_path 分组；加入 sub_field 后可显示在当前参数树,YES_EXISTING_JSON_PARENT_GROUP,medium,SF,小区服务参数管理（总体）,FAP 载波基本配置,Device.Services.FAPService.{i}.,,json_seed_and_catalog_existing_group,omcgo/internal/config/parammodel/mmlstandardloader/seeds/cmcc_tdlte_v23.json; omcgo/datamodels/mml-catalog/cmcc-tdlte-v2.3.json,SI,邻区参数管理,{i},Device.Services.FAPService.{i}.CellConfig.LTE.RAN.NeighborList.5GCell.{i}.,READ_WRITE,STRING
Device.Services.FAPService.{i}.CellConfig.LTE.RAN.NeighborListInUse.LTECell.{i}.Blacklisted,yes,existing_mml_parent_object_group,命中 mmlstandardloader seed/catalog 的现有 object_path 分组；加入 sub_field 后可显示在当前参数树,YES_EXISTING_JSON_PARENT_GROUP,medium,SF,小区服务参数管理（总体）,FAP 载波基本配置,Device.Services.FAPService.{i}.,,json_seed_and_catalog_existing_group,omcgo/internal/config/parammodel/mmlstandardloader/seeds/cmcc_tdlte_v23.json; omcgo/datamodels/mml-catalog/cmcc-tdlte-v2.3.json,SI,邻区参数管理,{i},Device.Services.FAPService.{i}.CellConfig.LTE.RAN.NeighborListInUse.LTECell.{i}.,READ_WRITE,STRING
Device.Services.FAPService.{i}.CellConfig.LTE.RAN.NeighborListInUse.LTECell.{i}.CID,yes,existing_mml_parent_object_group,命中 mmlstandardloader seed/catalog 的现有 object_path 分组；加入 sub_field 后可显示在当前参数树,YES_EXISTING_JSON_PARENT_GROUP,medium,SF,小区服务参数管理（总体）,FAP 载波基本配置,Device.Services.FAPService.{i}.,,json_seed_and_catalog_existing_group,omcgo/internal/config/parammodel/mmlstandardloader/seeds/cmcc_tdlte_v23.json; omcgo/datamodels/mml-catalog/cmcc-tdlte-v2.3.json,SI,邻区参数管理,{i},Device.Services.FAPService.{i}.CellConfig.LTE.RAN.NeighborListInUse.LTECell.{i}.,READ_WRITE,STRING
Device.Services.FAPService.{i}.CellConfig.LTE.RAN.NeighborListInUse.LTECell.{i}.CIO,yes,existing_mml_parent_object_group,命中 mmlstandardloader seed/catalog 的现有 object_path 分组；加入 sub_field 后可显示在当前参数树,YES_EXISTING_JSON_PARENT_GROUP,medium,SF,小区服务参数管理（总体）,FAP 载波基本配置,Device.Services.FAPService.{i}.,,json_seed_and_catalog_existing_group,omcgo/internal/config/parammodel/mmlstandardloader/seeds/cmcc_tdlte_v23.json; omcgo/datamodels/mml-catalog/cmcc-tdlte-v2.3.json,SI,邻区参数管理,{i},Device.Services.FAPService.{i}.CellConfig.LTE.RAN.NeighborListInUse.LTECell.{i}.,READ_WRITE,STRING
Device.Services.FAPService.{i}.CellConfig.LTE.RAN.NeighborListInUse.LTECell.{i}.EUTRACarrierARFCN,yes,existing_mml_parent_object_group,命中 mmlstandardloader seed/catalog 的现有 object_path 分组；加入 sub_field 后可显示在当前参数树,YES_EXISTING_JSON_PARENT_GROUP,medium,SF,小区服务参数管理（总体）,FAP 载波基本配置,Device.Services.FAPService.{i}.,,json_seed_and_catalog_existing_group,omcgo/internal/config/parammodel/mmlstandardloader/seeds/cmcc_tdlte_v23.json; omcgo/datamodels/mml-catalog/cmcc-tdlte-v2.3.json,SI,邻区参数管理,{i},Device.Services.FAPService.{i}.CellConfig.LTE.RAN.NeighborListInUse.LTECell.{i}.,READ_WRITE,STRING
Device.Services.FAPService.{i}.CellConfig.LTE.RAN.NeighborListInUse.LTECell.{i}.PLMNID,yes,existing_mml_parent_object_group,命中 mmlstandardloader seed/catalog 的现有 object_path 分组；加入 sub_field 后可显示在当前参数树,YES_EXISTING_JSON_PARENT_GROUP,medium,SF,小区服务参数管理（总体）,FAP 载波基本配置,Device.Services.FAPService.{i}.,,json_seed_and_catalog_existing_group,omcgo/internal/config/parammodel/mmlstandardloader/seeds/cmcc_tdlte_v23.json; omcgo/datamodels/mml-catalog/cmcc-tdlte-v2.3.json,SI,邻区参数管理,{i},Device.Services.FAPService.{i}.CellConfig.LTE.RAN.NeighborListInUse.LTECell.{i}.,READ_WRITE,STRING
Device.Services.FAPService.{i}.CellConfig.LTE.RAN.NeighborListInUse.LTECell.{i}.PhyCellID,yes,existing_mml_parent_object_group,命中 mmlstandardloader seed/catalog 的现有 object_path 分组；加入 sub_field 后可显示在当前参数树,YES_EXISTING_JSON_PARENT_GROUP,medium,SF,小区服务参数管理（总体）,FAP 载波基本配置,Device.Services.FAPService.{i}.,,json_seed_and_catalog_existing_group,omcgo/internal/config/parammodel/mmlstandardloader/seeds/cmcc_tdlte_v23.json; omcgo/datamodels/mml-catalog/cmcc-tdlte-v2.3.json,SI,邻区参数管理,{i},Device.Services.FAPService.{i}.CellConfig.LTE.RAN.NeighborListInUse.LTECell.{i}.,READ_WRITE,STRING
Device.Services.FAPService.{i}.CellConfig.LTE.RAN.NeighborListInUse.LTECell.{i}.QOffset,yes,existing_mml_parent_object_group,命中 mmlstandardloader seed/catalog 的现有 object_path 分组；加入 sub_field 后可显示在当前参数树,YES_EXISTING_JSON_PARENT_GROUP,medium,SF,小区服务参数管理（总体）,FAP 载波基本配置,Device.Services.FAPService.{i}.,,json_seed_and_catalog_existing_group,omcgo/internal/config/parammodel/mmlstandardloader/seeds/cmcc_tdlte_v23.json; omcgo/datamodels/mml-catalog/cmcc-tdlte-v2.3.json,SI,邻区参数管理,{i},Device.Services.FAPService.{i}.CellConfig.LTE.RAN.NeighborListInUse.LTECell.{i}.,READ_WRITE,STRING
Device.Services.FAPService.{i}.CellConfig.LTE.RAN.NeighborListInUse.LTECell.{i}.RSTxPower,yes,existing_mml_parent_object_group,命中 mmlstandardloader seed/catalog 的现有 object_path 分组；加入 sub_field 后可显示在当前参数树,YES_EXISTING_JSON_PARENT_GROUP,medium,SF,小区服务参数管理（总体）,FAP 载波基本配置,Device.Services.FAPService.{i}.,,json_seed_and_catalog_existing_group,omcgo/internal/config/parammodel/mmlstandardloader/seeds/cmcc_tdlte_v23.json; omcgo/datamodels/mml-catalog/cmcc-tdlte-v2.3.json,SI,邻区参数管理,{i},Device.Services.FAPService.{i}.CellConfig.LTE.RAN.NeighborListInUse.LTECell.{i}.,READ_WRITE,STRING
Device.Services.FAPService.{i}.CellConfig.LTE.RAN.NeighborListInUse.LTECell.{i}.X_RADISYS_COM_IN_USE_ACCES_MODE,yes,existing_mml_parent_object_group,命中 mmlstandardloader seed/catalog 的现有 object_path 分组；加入 sub_field 后可显示在当前参数树,YES_EXISTING_JSON_PARENT_GROUP,medium,SF,小区服务参数管理（总体）,FAP 载波基本配置,Device.Services.FAPService.{i}.,,json_seed_and_catalog_existing_group,omcgo/internal/config/parammodel/mmlstandardloader/seeds/cmcc_tdlte_v23.json; omcgo/datamodels/mml-catalog/cmcc-tdlte-v2.3.json,SI,邻区参数管理,{i},Device.Services.FAPService.{i}.CellConfig.LTE.RAN.NeighborListInUse.LTECell.{i}.,READ_WRITE,STRING
Device.Services.FAPService.{i}.CellConfig.LTE.RAN.NeighborListInUse.LTECell.{i}.X_RADISYS_COM_IN_USE_CP_DL,yes,existing_mml_parent_object_group,命中 mmlstandardloader seed/catalog 的现有 object_path 分组；加入 sub_field 后可显示在当前参数树,YES_EXISTING_JSON_PARENT_GROUP,medium,SF,小区服务参数管理（总体）,FAP 载波基本配置,Device.Services.FAPService.{i}.,,json_seed_and_catalog_existing_group,omcgo/internal/config/parammodel/mmlstandardloader/seeds/cmcc_tdlte_v23.json; omcgo/datamodels/mml-catalog/cmcc-tdlte-v2.3.json,SI,邻区参数管理,{i},Device.Services.FAPService.{i}.CellConfig.LTE.RAN.NeighborListInUse.LTECell.{i}.,READ_WRITE,STRING
Device.Services.FAPService.{i}.CellConfig.LTE.RAN.NeighborListInUse.LTECell.{i}.X_RADISYS_COM_IN_USE_CP_UL,yes,existing_mml_parent_object_group,命中 mmlstandardloader seed/catalog 的现有 object_path 分组；加入 sub_field 后可显示在当前参数树,YES_EXISTING_JSON_PARENT_GROUP,medium,SF,小区服务参数管理（总体）,FAP 载波基本配置,Device.Services.FAPService.{i}.,,json_seed_and_catalog_existing_group,omcgo/internal/config/parammodel/mmlstandardloader/seeds/cmcc_tdlte_v23.json; omcgo/datamodels/mml-catalog/cmcc-tdlte-v2.3.json,SI,邻区参数管理,{i},Device.Services.FAPService.{i}.CellConfig.LTE.RAN.NeighborListInUse.LTECell.{i}.,READ_WRITE,STRING
Device.Services.FAPService.{i}.CellConfig.LTE.RAN.NeighborListInUse.LTECell.{i}.X_RADISYS_COM_IN_USE_CSGId,yes,existing_mml_parent_object_group,命中 mmlstandardloader seed/catalog 的现有 object_path 分组；加入 sub_field 后可显示在当前参数树,YES_EXISTING_JSON_PARENT_GROUP,medium,SF,小区服务参数管理（总体）,FAP 载波基本配置,Device.Services.FAPService.{i}.,,json_seed_and_catalog_existing_group,omcgo/internal/config/parammodel/mmlstandardloader/seeds/cmcc_tdlte_v23.json; omcgo/datamodels/mml-catalog/cmcc-tdlte-v2.3.json,SI,邻区参数管理,{i},Device.Services.FAPService.{i}.CellConfig.LTE.RAN.NeighborListInUse.LTECell.{i}.,READ_WRITE,STRING
Device.Services.FAPService.{i}.CellConfig.LTE.RAN.NeighborListInUse.LTECell.{i}.X_RADISYS_COM_IN_USE_CSGIndicator,yes,existing_mml_parent_object_group,命中 mmlstandardloader seed/catalog 的现有 object_path 分组；加入 sub_field 后可显示在当前参数树,YES_EXISTING_JSON_PARENT_GROUP,medium,SF,小区服务参数管理（总体）,FAP 载波基本配置,Device.Services.FAPService.{i}.,,json_seed_and_catalog_existing_group,omcgo/internal/config/parammodel/mmlstandardloader/seeds/cmcc_tdlte_v23.json; omcgo/datamodels/mml-catalog/cmcc-tdlte-v2.3.json,SI,邻区参数管理,{i},Device.Services.FAPService.{i}.CellConfig.LTE.RAN.NeighborListInUse.LTECell.{i}.,READ_WRITE,STRING
Device.Services.FAPService.{i}.CellConfig.LTE.RAN.NeighborListInUse.LTECell.{i}.X_RADISYS_COM_IN_USE_DL_BW,yes,existing_mml_parent_object_group,命中 mmlstandardloader seed/catalog 的现有 object_path 分组；加入 sub_field 后可显示在当前参数树,YES_EXISTING_JSON_PARENT_GROUP,medium,SF,小区服务参数管理（总体）,FAP 载波基本配置,Device.Services.FAPService.{i}.,,json_seed_and_catalog_existing_group,omcgo/internal/config/parammodel/mmlstandardloader/seeds/cmcc_tdlte_v23.json; omcgo/datamodels/mml-catalog/cmcc-tdlte-v2.3.json,SI,邻区参数管理,{i},Device.Services.FAPService.{i}.CellConfig.LTE.RAN.NeighborListInUse.LTECell.{i}.,READ_WRITE,STRING
Device.Services.FAPService.{i}.CellConfig.LTE.RAN.NeighborListInUse.LTECell.{i}.X_RADISYS_COM_IN_USE_EUTRAULEarfcn,yes,existing_mml_parent_object_group,命中 mmlstandardloader seed/catalog 的现有 object_path 分组；加入 sub_field 后可显示在当前参数树,YES_EXISTING_JSON_PARENT_GROUP,medium,SF,小区服务参数管理（总体）,FAP 载波基本配置,Device.Services.FAPService.{i}.,,json_seed_and_catalog_existing_group,omcgo/internal/config/parammodel/mmlstandardloader/seeds/cmcc_tdlte_v23.json; omcgo/datamodels/mml-catalog/cmcc-tdlte-v2.3.json,SI,邻区参数管理,{i},Device.Services.FAPService.{i}.CellConfig.LTE.RAN.NeighborListInUse.LTECell.{i}.,READ_WRITE,STRING
Device.Services.FAPService.{i}.CellConfig.LTE.RAN.NeighborListInUse.LTECell.{i}.X_RADISYS_COM_IN_USE_IntraFreqNeighPCI,yes,existing_mml_parent_object_group,命中 mmlstandardloader seed/catalog 的现有 object_path 分组；加入 sub_field 后可显示在当前参数树,YES_EXISTING_JSON_PARENT_GROUP,medium,SF,小区服务参数管理（总体）,FAP 载波基本配置,Device.Services.FAPService.{i}.,,json_seed_and_catalog_existing_group,omcgo/internal/config/parammodel/mmlstandardloader/seeds/cmcc_tdlte_v23.json; omcgo/datamodels/mml-catalog/cmcc-tdlte-v2.3.json,SI,邻区参数管理,{i},Device.Services.FAPService.{i}.CellConfig.LTE.RAN.NeighborListInUse.LTECell.{i}.,READ_WRITE,STRING
Device.Services.FAPService.{i}.CellConfig.LTE.RAN.NeighborListInUse.LTECell.{i}.X_RADISYS_COM_IN_USE_IsBarred,yes,existing_mml_parent_object_group,命中 mmlstandardloader seed/catalog 的现有 object_path 分组；加入 sub_field 后可显示在当前参数树,YES_EXISTING_JSON_PARENT_GROUP,medium,SF,小区服务参数管理（总体）,FAP 载波基本配置,Device.Services.FAPService.{i}.,,json_seed_and_catalog_existing_group,omcgo/internal/config/parammodel/mmlstandardloader/seeds/cmcc_tdlte_v23.json; omcgo/datamodels/mml-catalog/cmcc-tdlte-v2.3.json,SI,邻区参数管理,{i},Device.Services.FAPService.{i}.CellConfig.LTE.RAN.NeighborListInUse.LTECell.{i}.,READ_WRITE,STRING
Device.Services.FAPService.{i}.CellConfig.LTE.RAN.NeighborListInUse.LTECell.{i}.X_RADISYS_COM_IN_USE_LteBand,yes,existing_mml_parent_object_group,命中 mmlstandardloader seed/catalog 的现有 object_path 分组；加入 sub_field 后可显示在当前参数树,YES_EXISTING_JSON_PARENT_GROUP,medium,SF,小区服务参数管理（总体）,FAP 载波基本配置,Device.Services.FAPService.{i}.,,json_seed_and_catalog_existing_group,omcgo/internal/config/parammodel/mmlstandardloader/seeds/cmcc_tdlte_v23.json; omcgo/datamodels/mml-catalog/cmcc-tdlte-v2.3.json,SI,邻区参数管理,{i},Device.Services.FAPService.{i}.CellConfig.LTE.RAN.NeighborListInUse.LTECell.{i}.,READ_WRITE,STRING
Device.Services.FAPService.{i}.CellConfig.LTE.RAN.NeighborListInUse.LTECell.{i}.X_RADISYS_COM_IN_USE_NUM_ANTENNA,yes,existing_mml_parent_object_group,命中 mmlstandardloader seed/catalog 的现有 object_path 分组；加入 sub_field 后可显示在当前参数树,YES_EXISTING_JSON_PARENT_GROUP,medium,SF,小区服务参数管理（总体）,FAP 载波基本配置,Device.Services.FAPService.{i}.,,json_seed_and_catalog_existing_group,omcgo/internal/config/parammodel/mmlstandardloader/seeds/cmcc_tdlte_v23.json; omcgo/datamodels/mml-catalog/cmcc-tdlte-v2.3.json,SI,邻区参数管理,{i},Device.Services.FAPService.{i}.CellConfig.LTE.RAN.NeighborListInUse.LTECell.{i}.,READ_WRITE,STRING
Device.Services.FAPService.{i}.CellConfig.LTE.RAN.NeighborListInUse.LTECell.{i}.X_RADISYS_COM_IN_USE_PrachCfgPresent,yes,existing_mml_parent_object_group,命中 mmlstandardloader seed/catalog 的现有 object_path 分组；加入 sub_field 后可显示在当前参数树,YES_EXISTING_JSON_PARENT_GROUP,medium,SF,小区服务参数管理（总体）,FAP 载波基本配置,Device.Services.FAPService.{i}.,,json_seed_and_catalog_existing_group,omcgo/internal/config/parammodel/mmlstandardloader/seeds/cmcc_tdlte_v23.json; omcgo/datamodels/mml-catalog/cmcc-tdlte-v2.3.json,SI,邻区参数管理,{i},Device.Services.FAPService.{i}.CellConfig.LTE.RAN.NeighborListInUse.LTECell.{i}.,READ_WRITE,STRING
Device.Services.FAPService.{i}.CellConfig.LTE.RAN.NeighborListInUse.LTECell.{i}.X_RADISYS_COM_IN_USE_PrachConfigIndex,yes,existing_mml_parent_object_group,命中 mmlstandardloader seed/catalog 的现有 object_path 分组；加入 sub_field 后可显示在当前参数树,YES_EXISTING_JSON_PARENT_GROUP,medium,SF,小区服务参数管理（总体）,FAP 载波基本配置,Device.Services.FAPService.{i}.,,json_seed_and_catalog_existing_group,omcgo/internal/config/parammodel/mmlstandardloader/seeds/cmcc_tdlte_v23.json; omcgo/datamodels/mml-catalog/cmcc-tdlte-v2.3.json,SI,邻区参数管理,{i},Device.Services.FAPService.{i}.CellConfig.LTE.RAN.NeighborListInUse.LTECell.{i}.,READ_WRITE,STRING
Device.Services.FAPService.{i}.CellConfig.LTE.RAN.NeighborListInUse.LTECell.{i}.X_RADISYS_COM_IN_USE_PrachFrqOffset,yes,existing_mml_parent_object_group,命中 mmlstandardloader seed/catalog 的现有 object_path 分组；加入 sub_field 后可显示在当前参数树,YES_EXISTING_JSON_PARENT_GROUP,medium,SF,小区服务参数管理（总体）,FAP 载波基本配置,Device.Services.FAPService.{i}.,,json_seed_and_catalog_existing_group,omcgo/internal/config/parammodel/mmlstandardloader/seeds/cmcc_tdlte_v23.json; omcgo/datamodels/mml-catalog/cmcc-tdlte-v2.3.json,SI,邻区参数管理,{i},Device.Services.FAPService.{i}.CellConfig.LTE.RAN.NeighborListInUse.LTECell.{i}.,READ_WRITE,STRING
Device.Services.FAPService.{i}.CellConfig.LTE.RAN.NeighborListInUse.LTECell.{i}.X_RADISYS_COM_IN_USE_PrachHighSpeedFlag,yes,existing_mml_parent_object_group,命中 mmlstandardloader seed/catalog 的现有 object_path 分组；加入 sub_field 后可显示在当前参数树,YES_EXISTING_JSON_PARENT_GROUP,medium,SF,小区服务参数管理（总体）,FAP 载波基本配置,Device.Services.FAPService.{i}.,,json_seed_and_catalog_existing_group,omcgo/internal/config/parammodel/mmlstandardloader/seeds/cmcc_tdlte_v23.json; omcgo/datamodels/mml-catalog/cmcc-tdlte-v2.3.json,SI,邻区参数管理,{i},Device.Services.FAPService.{i}.CellConfig.LTE.RAN.NeighborListInUse.LTECell.{i}.,READ_WRITE,STRING
Device.Services.FAPService.{i}.CellConfig.LTE.RAN.NeighborListInUse.LTECell.{i}.X_RADISYS_COM_IN_USE_PrachRootSeqIdx,yes,existing_mml_parent_object_group,命中 mmlstandardloader seed/catalog 的现有 object_path 分组；加入 sub_field 后可显示在当前参数树,YES_EXISTING_JSON_PARENT_GROUP,medium,SF,小区服务参数管理（总体）,FAP 载波基本配置,Device.Services.FAPService.{i}.,,json_seed_and_catalog_existing_group,omcgo/internal/config/parammodel/mmlstandardloader/seeds/cmcc_tdlte_v23.json; omcgo/datamodels/mml-catalog/cmcc-tdlte-v2.3.json,SI,邻区参数管理,{i},Device.Services.FAPService.{i}.CellConfig.LTE.RAN.NeighborListInUse.LTECell.{i}.,READ_WRITE,STRING
Device.Services.FAPService.{i}.CellConfig.LTE.RAN.NeighborListInUse.LTECell.{i}.X_RADISYS_COM_IN_USE_PrachZeroCorrelationZoneConfig,yes,existing_mml_parent_object_group,命中 mmlstandardloader seed/catalog 的现有 object_path 分组；加入 sub_field 后可显示在当前参数树,YES_EXISTING_JSON_PARENT_GROUP,medium,SF,小区服务参数管理（总体）,FAP 载波基本配置,Device.Services.FAPService.{i}.,,json_seed_and_catalog_existing_group,omcgo/internal/config/parammodel/mmlstandardloader/seeds/cmcc_tdlte_v23.json; omcgo/datamodels/mml-catalog/cmcc-tdlte-v2.3.json,SI,邻区参数管理,{i},Device.Services.FAPService.{i}.CellConfig.LTE.RAN.NeighborListInUse.LTECell.{i}.,READ_WRITE,STRING
Device.Services.FAPService.{i}.CellConfig.LTE.RAN.NeighborListInUse.LTECell.{i}.X_RADISYS_COM_IN_USE_RSRP,yes,existing_mml_parent_object_group,命中 mmlstandardloader seed/catalog 的现有 object_path 分组；加入 sub_field 后可显示在当前参数树,YES_EXISTING_JSON_PARENT_GROUP,medium,SF,小区服务参数管理（总体）,FAP 载波基本配置,Device.Services.FAPService.{i}.,,json_seed_and_catalog_existing_group,omcgo/internal/config/parammodel/mmlstandardloader/seeds/cmcc_tdlte_v23.json; omcgo/datamodels/mml-catalog/cmcc-tdlte-v2.3.json,SI,邻区参数管理,{i},Device.Services.FAPService.{i}.CellConfig.LTE.RAN.NeighborListInUse.LTECell.{i}.,READ_WRITE,STRING
Device.Services.FAPService.{i}.CellConfig.LTE.RAN.NeighborListInUse.LTECell.{i}.X_RADISYS_COM_IN_USE_RSSI,yes,existing_mml_parent_object_group,命中 mmlstandardloader seed/catalog 的现有 object_path 分组；加入 sub_field 后可显示在当前参数树,YES_EXISTING_JSON_PARENT_GROUP,medium,SF,小区服务参数管理（总体）,FAP 载波基本配置,Device.Services.FAPService.{i}.,,json_seed_and_catalog_existing_group,omcgo/internal/config/parammodel/mmlstandardloader/seeds/cmcc_tdlte_v23.json; omcgo/datamodels/mml-catalog/cmcc-tdlte-v2.3.json,SI,邻区参数管理,{i},Device.Services.FAPService.{i}.CellConfig.LTE.RAN.NeighborListInUse.LTECell.{i}.,READ_WRITE,STRING
Device.Services.FAPService.{i}.CellConfig.LTE.RAN.NeighborListInUse.LTECell.{i}.X_RADISYS_COM_IN_USE_SPL_SF_CFG,yes,existing_mml_parent_object_group,命中 mmlstandardloader seed/catalog 的现有 object_path 分组；加入 sub_field 后可显示在当前参数树,YES_EXISTING_JSON_PARENT_GROUP,medium,SF,小区服务参数管理（总体）,FAP 载波基本配置,Device.Services.FAPService.{i}.,,json_seed_and_catalog_existing_group,omcgo/internal/config/parammodel/mmlstandardloader/seeds/cmcc_tdlte_v23.json; omcgo/datamodels/mml-catalog/cmcc-tdlte-v2.3.json,SI,邻区参数管理,{i},Device.Services.FAPService.{i}.CellConfig.LTE.RAN.NeighborListInUse.LTECell.{i}.,READ_WRITE,STRING
Device.Services.FAPService.{i}.CellConfig.LTE.RAN.NeighborListInUse.LTECell.{i}.X_RADISYS_COM_IN_USE_TAC,yes,existing_mml_parent_object_group,命中 mmlstandardloader seed/catalog 的现有 object_path 分组；加入 sub_field 后可显示在当前参数树,YES_EXISTING_JSON_PARENT_GROUP,medium,SF,小区服务参数管理（总体）,FAP 载波基本配置,Device.Services.FAPService.{i}.,,json_seed_and_catalog_existing_group,omcgo/internal/config/parammodel/mmlstandardloader/seeds/cmcc_tdlte_v23.json; omcgo/datamodels/mml-catalog/cmcc-tdlte-v2.3.json,SI,邻区参数管理,{i},Device.Services.FAPService.{i}.CellConfig.LTE.RAN.NeighborListInUse.LTECell.{i}.,READ_WRITE,STRING
Device.Services.FAPService.{i}.CellConfig.LTE.RAN.NeighborListInUse.LTECell.{i}.X_RADISYS_COM_IN_USE_ULDL_SUB_FRM_CFG,yes,existing_mml_parent_object_group,命中 mmlstandardloader seed/catalog 的现有 object_path 分组；加入 sub_field 后可显示在当前参数树,YES_EXISTING_JSON_PARENT_GROUP,medium,SF,小区服务参数管理（总体）,FAP 载波基本配置,Device.Services.FAPService.{i}.,,json_seed_and_catalog_existing_group,omcgo/internal/config/parammodel/mmlstandardloader/seeds/cmcc_tdlte_v23.json; omcgo/datamodels/mml-catalog/cmcc-tdlte-v2.3.json,SI,邻区参数管理,{i},Device.Services.FAPService.{i}.CellConfig.LTE.RAN.NeighborListInUse.LTECell.{i}.,READ_WRITE,STRING
Device.Services.FAPService.{i}.CellConfig.LTE.RAN.NeighborListInUse.LTECell.{i}.X_RADISYS_COM_IN_USE_UL_BW,yes,existing_mml_parent_object_group,命中 mmlstandardloader seed/catalog 的现有 object_path 分组；加入 sub_field 后可显示在当前参数树,YES_EXISTING_JSON_PARENT_GROUP,medium,SF,小区服务参数管理（总体）,FAP 载波基本配置,Device.Services.FAPService.{i}.,,json_seed_and_catalog_existing_group,omcgo/internal/config/parammodel/mmlstandardloader/seeds/cmcc_tdlte_v23.json; omcgo/datamodels/mml-catalog/cmcc-tdlte-v2.3.json,SI,邻区参数管理,{i},Device.Services.FAPService.{i}.CellConfig.LTE.RAN.NeighborListInUse.LTECell.{i}.,READ_WRITE,STRING
Device.Services.FAPService.{i}.CellConfig.{i}.LTE.RAN.NeighborList.LTECell.{i}.CID,yes,direct_existing_mml_group,同 target_group_code 已有 MML 参数，属于当前参数树分组,YES_SAME_EXISTING_GROUP_CODE,high,SI,邻区参数管理,LTE 同系统邻区,Device.Services.FAPService.{i}.CellConfig.LTE.RAN.NeighborList.LTECell.{i}.,DEVICE_SERVICES_FAPSERVICE_CELLCONFIG_LTE_RAN_NEIGHBORLIST_LTECELL,existing_mml_group_code_from_analysis,omcgo/data/model-library/standard-params-to-mml-tree-analysis-20260703.detail.csv,SI,邻区参数管理,{i},Device.Services.FAPService.{i}.CellConfig.{i}.LTE.RAN.NeighborList.LTECell.{i}.,READ_WRITE,U_INT
Device.Services.FAPService.{i}.CellConfig.{i}.LTE.RAN.NeighborList.LTECell.{i}.CIO,yes,direct_existing_mml_group,同 target_group_code 已有 MML 参数，属于当前参数树分组,YES_SAME_EXISTING_GROUP_CODE,high,SI,邻区参数管理,LTE 同系统邻区,Device.Services.FAPService.{i}.CellConfig.LTE.RAN.NeighborList.LTECell.{i}.,DEVICE_SERVICES_FAPSERVICE_CELLCONFIG_LTE_RAN_NEIGHBORLIST_LTECELL,existing_mml_group_code_from_analysis,omcgo/data/model-library/standard-params-to-mml-tree-analysis-20260703.detail.csv,SI,邻区参数管理,{i},Device.Services.FAPService.{i}.CellConfig.{i}.LTE.RAN.NeighborList.LTECell.{i}.,READ_WRITE,INT
Device.Services.FAPService.{i}.CellConfig.{i}.LTE.RAN.NeighborList.LTECell.{i}.EUTRACarrierARFCN,yes,direct_existing_mml_group,同 target_group_code 已有 MML 参数，属于当前参数树分组,YES_SAME_EXISTING_GROUP_CODE,high,SI,邻区参数管理,LTE 同系统邻区,Device.Services.FAPService.{i}.CellConfig.LTE.RAN.NeighborList.LTECell.{i}.,DEVICE_SERVICES_FAPSERVICE_CELLCONFIG_LTE_RAN_NEIGHBORLIST_LTECELL,existing_mml_group_code_from_analysis,omcgo/data/model-library/standard-params-to-mml-tree-analysis-20260703.detail.csv,SI,邻区参数管理,{i},Device.Services.FAPService.{i}.CellConfig.{i}.LTE.RAN.NeighborList.LTECell.{i}.,READ_WRITE,U_INT
Device.Services.FAPService.{i}.CellConfig.{i}.LTE.RAN.NeighborList.LTECell.{i}.PLMNID,yes,direct_existing_mml_group,同 target_group_code 已有 MML 参数，属于当前参数树分组,YES_SAME_EXISTING_GROUP_CODE,high,SI,邻区参数管理,LTE 同系统邻区,Device.Services.FAPService.{i}.CellConfig.LTE.RAN.NeighborList.LTECell.{i}.,DEVICE_SERVICES_FAPSERVICE_CELLCONFIG_LTE_RAN_NEIGHBORLIST_LTECELL,existing_mml_group_code_from_analysis,omcgo/data/model-library/standard-params-to-mml-tree-analysis-20260703.detail.csv,SI,邻区参数管理,{i},Device.Services.FAPService.{i}.CellConfig.{i}.LTE.RAN.NeighborList.LTECell.{i}.,READ_WRITE,STRING
Device.Services.FAPService.{i}.CellConfig.{i}.LTE.RAN.NeighborList.LTECell.{i}.PhyCellID,yes,direct_existing_mml_group,同 target_group_code 已有 MML 参数，属于当前参数树分组,YES_SAME_EXISTING_GROUP_CODE,high,SI,邻区参数管理,LTE 同系统邻区,Device.Services.FAPService.{i}.CellConfig.LTE.RAN.NeighborList.LTECell.{i}.,DEVICE_SERVICES_FAPSERVICE_CELLCONFIG_LTE_RAN_NEIGHBORLIST_LTECELL,existing_mml_group_code_from_analysis,omcgo/data/model-library/standard-params-to-mml-tree-analysis-20260703.detail.csv,SI,邻区参数管理,{i},Device.Services.FAPService.{i}.CellConfig.{i}.LTE.RAN.NeighborList.LTECell.{i}.,READ_WRITE,U_INT
Device.Services.FAPService.{i}.CellConfig.{i}.LTE.RAN.NeighborList.LTECell.{i}.QOffset,yes,direct_existing_mml_group,同 target_group_code 已有 MML 参数，属于当前参数树分组,YES_SAME_EXISTING_GROUP_CODE,high,SI,邻区参数管理,LTE 同系统邻区,Device.Services.FAPService.{i}.CellConfig.LTE.RAN.NeighborList.LTECell.{i}.,DEVICE_SERVICES_FAPSERVICE_CELLCONFIG_LTE_RAN_NEIGHBORLIST_LTECELL,existing_mml_group_code_from_analysis,omcgo/data/model-library/standard-params-to-mml-tree-analysis-20260703.detail.csv,SI,邻区参数管理,{i},Device.Services.FAPService.{i}.CellConfig.{i}.LTE.RAN.NeighborList.LTECell.{i}.,READ_WRITE,INT
Device.Services.FAPService.{i}.CellConfig.{i}.LTE.RAN.NeighborList.LTECell.{i}.TAC,yes,direct_existing_mml_group,同 target_group_code 已有 MML 参数，属于当前参数树分组,YES_SAME_EXISTING_GROUP_CODE,high,SI,邻区参数管理,LTE 同系统邻区,Device.Services.FAPService.{i}.CellConfig.LTE.RAN.NeighborList.LTECell.{i}.,DEVICE_SERVICES_FAPSERVICE_CELLCONFIG_LTE_RAN_NEIGHBORLIST_LTECELL,existing_mml_group_code_from_analysis,omcgo/data/model-library/standard-params-to-mml-tree-analysis-20260703.detail.csv,SI,邻区参数管理,{i},Device.Services.FAPService.{i}.CellConfig.{i}.LTE.RAN.NeighborList.LTECell.{i}.,READ_WRITE,U_INT
Device.Services.FAPService.{i}.CellConfig.{i}.NR.RAN.NeighborList.LTECell.{i}.Blacklisted,yes,existing_mml_parent_object_group,命中 mmlstandardloader seed/catalog 的现有 object_path 分组；加入 sub_field 后可显示在当前参数树,YES_EXISTING_JSON_PARENT_GROUP,medium,SF,小区服务参数管理（总体）,FAP 载波基本配置,Device.Services.FAPService.{i}.,,json_seed_and_catalog_existing_group,omcgo/internal/config/parammodel/mmlstandardloader/seeds/cmcc_tdlte_v23.json; omcgo/datamodels/mml-catalog/cmcc-tdlte-v2.3.json,SI,邻区参数管理,{i},Device.Services.FAPService.{i}.CellConfig.{i}.NR.RAN.NeighborList.LTECell.{i}.,READ_WRITE,STRING
Device.Services.FAPService.{i}.CellConfig.{i}.NR.RAN.NeighborList.LTECell.{i}.ECGI,yes,existing_mml_parent_object_group,命中 mmlstandardloader seed/catalog 的现有 object_path 分组；加入 sub_field 后可显示在当前参数树,YES_EXISTING_JSON_PARENT_GROUP,medium,SF,小区服务参数管理（总体）,FAP 载波基本配置,Device.Services.FAPService.{i}.,,json_seed_and_catalog_existing_group,omcgo/internal/config/parammodel/mmlstandardloader/seeds/cmcc_tdlte_v23.json; omcgo/datamodels/mml-catalog/cmcc-tdlte-v2.3.json,SI,邻区参数管理,{i},Device.Services.FAPService.{i}.CellConfig.{i}.NR.RAN.NeighborList.LTECell.{i}.,READ_WRITE,STRING
Device.Services.FAPService.{i}.CellConfig.{i}.NR.RAN.NeighborList.LTECell.{i}.EnbType,yes,existing_mml_parent_object_group,命中 mmlstandardloader seed/catalog 的现有 object_path 分组；加入 sub_field 后可显示在当前参数树,YES_EXISTING_JSON_PARENT_GROUP,medium,SF,小区服务参数管理（总体）,FAP 载波基本配置,Device.Services.FAPService.{i}.,,json_seed_and_catalog_existing_group,omcgo/internal/config/parammodel/mmlstandardloader/seeds/cmcc_tdlte_v23.json; omcgo/datamodels/mml-catalog/cmcc-tdlte-v2.3.json,SI,邻区参数管理,{i},Device.Services.FAPService.{i}.CellConfig.{i}.NR.RAN.NeighborList.LTECell.{i}.,READ_WRITE,STRING
Device.Services.FAPService.{i}.CellConfig.{i}.NR.RAN.NeighborList.LTECell.{i}.NoRemoveEnable,yes,existing_mml_parent_object_group,命中 mmlstandardloader seed/catalog 的现有 object_path 分组；加入 sub_field 后可显示在当前参数树,YES_EXISTING_JSON_PARENT_GROUP,medium,SF,小区服务参数管理（总体）,FAP 载波基本配置,Device.Services.FAPService.{i}.,,json_seed_and_catalog_existing_group,omcgo/internal/config/parammodel/mmlstandardloader/seeds/cmcc_tdlte_v23.json; omcgo/datamodels/mml-catalog/cmcc-tdlte-v2.3.json,SI,邻区参数管理,{i},Device.Services.FAPService.{i}.CellConfig.{i}.NR.RAN.NeighborList.LTECell.{i}.,READ_WRITE,STRING
Device.Services.FAPService.{i}.CellConfig.{i}.NR.RAN.NeighborList.LTECell.{i}.QQualMinOffsetCell,yes,existing_mml_parent_object_group,命中 mmlstandardloader seed/catalog 的现有 object_path 分组；加入 sub_field 后可显示在当前参数树,YES_EXISTING_JSON_PARENT_GROUP,medium,SF,小区服务参数管理（总体）,FAP 载波基本配置,Device.Services.FAPService.{i}.,,json_seed_and_catalog_existing_group,omcgo/internal/config/parammodel/mmlstandardloader/seeds/cmcc_tdlte_v23.json; omcgo/datamodels/mml-catalog/cmcc-tdlte-v2.3.json,SI,邻区参数管理,{i},Device.Services.FAPService.{i}.CellConfig.{i}.NR.RAN.NeighborList.LTECell.{i}.,READ_WRITE,STRING
Device.Services.FAPService.{i}.CellConfig.{i}.NR.RAN.NeighborList.LTECell.{i}.QRxLevMinOffsetCell,yes,existing_mml_parent_object_group,命中 mmlstandardloader seed/catalog 的现有 object_path 分组；加入 sub_field 后可显示在当前参数树,YES_EXISTING_JSON_PARENT_GROUP,medium,SF,小区服务参数管理（总体）,FAP 载波基本配置,Device.Services.FAPService.{i}.,,json_seed_and_catalog_existing_group,omcgo/internal/config/parammodel/mmlstandardloader/seeds/cmcc_tdlte_v23.json; omcgo/datamodels/mml-catalog/cmcc-tdlte-v2.3.json,SI,邻区参数管理,{i},Device.Services.FAPService.{i}.CellConfig.{i}.NR.RAN.NeighborList.LTECell.{i}.,READ_WRITE,STRING
Device.Services.FAPService.{i}.CellConfig.{i}.NR.RAN.NeighborList.NRCell.{i}.Blacklisted,yes,existing_mml_parent_object_group,命中 mmlstandardloader seed/catalog 的现有 object_path 分组；加入 sub_field 后可显示在当前参数树,YES_EXISTING_JSON_PARENT_GROUP,medium,SF,小区服务参数管理（总体）,FAP 载波基本配置,Device.Services.FAPService.{i}.,,json_seed_and_catalog_existing_group,omcgo/internal/config/parammodel/mmlstandardloader/seeds/cmcc_tdlte_v23.json; omcgo/datamodels/mml-catalog/cmcc-tdlte-v2.3.json,SI,邻区参数管理,{i},Device.Services.FAPService.{i}.CellConfig.{i}.NR.RAN.NeighborList.NRCell.{i}.,READ_WRITE,STRING
Device.Services.FAPService.{i}.CellConfig.{i}.NR.RAN.NeighborList.NRCell.{i}.CID,yes,existing_mml_parent_object_group,命中 mmlstandardloader seed/catalog 的现有 object_path 分组；加入 sub_field 后可显示在当前参数树,YES_EXISTING_JSON_PARENT_GROUP,medium,SF,小区服务参数管理（总体）,FAP 载波基本配置,Device.Services.FAPService.{i}.,,json_seed_and_catalog_existing_group,omcgo/internal/config/parammodel/mmlstandardloader/seeds/cmcc_tdlte_v23.json; omcgo/datamodels/mml-catalog/cmcc-tdlte-v2.3.json,SI,邻区参数管理,{i},Device.Services.FAPService.{i}.CellConfig.{i}.NR.RAN.NeighborList.NRCell.{i}.,READ_WRITE,STRING
Device.Services.FAPService.{i}.CellConfig.{i}.NR.RAN.NeighborList.NRCell.{i}.CIO,yes,existing_mml_parent_object_group,命中 mmlstandardloader seed/catalog 的现有 object_path 分组；加入 sub_field 后可显示在当前参数树,YES_EXISTING_JSON_PARENT_GROUP,medium,SF,小区服务参数管理（总体）,FAP 载波基本配置,Device.Services.FAPService.{i}.,,json_seed_and_catalog_existing_group,omcgo/internal/config/parammodel/mmlstandardloader/seeds/cmcc_tdlte_v23.json; omcgo/datamodels/mml-catalog/cmcc-tdlte-v2.3.json,SI,邻区参数管理,{i},Device.Services.FAPService.{i}.CellConfig.{i}.NR.RAN.NeighborList.NRCell.{i}.,READ_WRITE,STRING
Device.Services.FAPService.{i}.CellConfig.{i}.NR.RAN.NeighborList.NRCell.{i}.NRCarrierARFCN,yes,existing_mml_parent_object_group,命中 mmlstandardloader seed/catalog 的现有 object_path 分组；加入 sub_field 后可显示在当前参数树,YES_EXISTING_JSON_PARENT_GROUP,medium,SF,小区服务参数管理（总体）,FAP 载波基本配置,Device.Services.FAPService.{i}.,,json_seed_and_catalog_existing_group,omcgo/internal/config/parammodel/mmlstandardloader/seeds/cmcc_tdlte_v23.json; omcgo/datamodels/mml-catalog/cmcc-tdlte-v2.3.json,SI,邻区参数管理,{i},Device.Services.FAPService.{i}.CellConfig.{i}.NR.RAN.NeighborList.NRCell.{i}.,READ_WRITE,STRING
Device.Services.FAPService.{i}.CellConfig.{i}.NR.RAN.NeighborList.NRCell.{i}.NoRemoveEnable,yes,existing_mml_parent_object_group,命中 mmlstandardloader seed/catalog 的现有 object_path 分组；加入 sub_field 后可显示在当前参数树,YES_EXISTING_JSON_PARENT_GROUP,medium,SF,小区服务参数管理（总体）,FAP 载波基本配置,Device.Services.FAPService.{i}.,,json_seed_and_catalog_existing_group,omcgo/internal/config/parammodel/mmlstandardloader/seeds/cmcc_tdlte_v23.json; omcgo/datamodels/mml-catalog/cmcc-tdlte-v2.3.json,SI,邻区参数管理,{i},Device.Services.FAPService.{i}.CellConfig.{i}.NR.RAN.NeighborList.NRCell.{i}.,READ_WRITE,STRING
Device.Services.FAPService.{i}.CellConfig.{i}.NR.RAN.NeighborList.NRCell.{i}.PLMNID,yes,existing_mml_parent_object_group,命中 mmlstandardloader seed/catalog 的现有 object_path 分组；加入 sub_field 后可显示在当前参数树,YES_EXISTING_JSON_PARENT_GROUP,medium,SF,小区服务参数管理（总体）,FAP 载波基本配置,Device.Services.FAPService.{i}.,,json_seed_and_catalog_existing_group,omcgo/internal/config/parammodel/mmlstandardloader/seeds/cmcc_tdlte_v23.json; omcgo/datamodels/mml-catalog/cmcc-tdlte-v2.3.json,SI,邻区参数管理,{i},Device.Services.FAPService.{i}.CellConfig.{i}.NR.RAN.NeighborList.NRCell.{i}.,READ_WRITE,STRING
Device.Services.FAPService.{i}.CellConfig.{i}.NR.RAN.NeighborList.NRCell.{i}.PhyCellID,yes,existing_mml_parent_object_group,命中 mmlstandardloader seed/catalog 的现有 object_path 分组；加入 sub_field 后可显示在当前参数树,YES_EXISTING_JSON_PARENT_GROUP,medium,SF,小区服务参数管理（总体）,FAP 载波基本配置,Device.Services.FAPService.{i}.,,json_seed_and_catalog_existing_group,omcgo/internal/config/parammodel/mmlstandardloader/seeds/cmcc_tdlte_v23.json; omcgo/datamodels/mml-catalog/cmcc-tdlte-v2.3.json,SI,邻区参数管理,{i},Device.Services.FAPService.{i}.CellConfig.{i}.NR.RAN.NeighborList.NRCell.{i}.,READ_WRITE,STRING
Device.Services.FAPService.{i}.CellConfig.{i}.NR.RAN.NeighborList.NRCell.{i}.QQualMinOffsetCell,yes,existing_mml_parent_object_group,命中 mmlstandardloader seed/catalog 的现有 object_path 分组；加入 sub_field 后可显示在当前参数树,YES_EXISTING_JSON_PARENT_GROUP,medium,SF,小区服务参数管理（总体）,FAP 载波基本配置,Device.Services.FAPService.{i}.,,json_seed_and_catalog_existing_group,omcgo/internal/config/parammodel/mmlstandardloader/seeds/cmcc_tdlte_v23.json; omcgo/datamodels/mml-catalog/cmcc-tdlte-v2.3.json,SI,邻区参数管理,{i},Device.Services.FAPService.{i}.CellConfig.{i}.NR.RAN.NeighborList.NRCell.{i}.,READ_WRITE,STRING
Device.Services.FAPService.{i}.CellConfig.{i}.NR.RAN.NeighborList.NRCell.{i}.QRxLevMinOffsetCell,yes,existing_mml_parent_object_group,命中 mmlstandardloader seed/catalog 的现有 object_path 分组；加入 sub_field 后可显示在当前参数树,YES_EXISTING_JSON_PARENT_GROUP,medium,SF,小区服务参数管理（总体）,FAP 载波基本配置,Device.Services.FAPService.{i}.,,json_seed_and_catalog_existing_group,omcgo/internal/config/parammodel/mmlstandardloader/seeds/cmcc_tdlte_v23.json; omcgo/datamodels/mml-catalog/cmcc-tdlte-v2.3.json,SI,邻区参数管理,{i},Device.Services.FAPService.{i}.CellConfig.{i}.NR.RAN.NeighborList.NRCell.{i}.,READ_WRITE,STRING
Device.Services.FAPService.{i}.CellConfig.{i}.NR.RAN.NeighborList.NRCell.{i}.Qoffset,yes,existing_mml_parent_object_group,命中 mmlstandardloader seed/catalog 的现有 object_path 分组；加入 sub_field 后可显示在当前参数树,YES_EXISTING_JSON_PARENT_GROUP,medium,SF,小区服务参数管理（总体）,FAP 载波基本配置,Device.Services.FAPService.{i}.,,json_seed_and_catalog_existing_group,omcgo/internal/config/parammodel/mmlstandardloader/seeds/cmcc_tdlte_v23.json; omcgo/datamodels/mml-catalog/cmcc-tdlte-v2.3.json,SI,邻区参数管理,{i},Device.Services.FAPService.{i}.CellConfig.{i}.NR.RAN.NeighborList.NRCell.{i}.,READ_WRITE,STRING
Device.Services.FAPService.{i}.CellConfig.{i}.NR.RAN.NeighborList.NRCell.{i}.TAC,yes,existing_mml_parent_object_group,命中 mmlstandardloader seed/catalog 的现有 object_path 分组；加入 sub_field 后可显示在当前参数树,YES_EXISTING_JSON_PARENT_GROUP,medium,SF,小区服务参数管理（总体）,FAP 载波基本配置,Device.Services.FAPService.{i}.,,json_seed_and_catalog_existing_group,omcgo/internal/config/parammodel/mmlstandardloader/seeds/cmcc_tdlte_v23.json; omcgo/datamodels/mml-catalog/cmcc-tdlte-v2.3.json,SI,邻区参数管理,{i},Device.Services.FAPService.{i}.CellConfig.{i}.NR.RAN.NeighborList.NRCell.{i}.,READ_WRITE,STRING
Device.Services.FAPService.{i}.CellConfig.{i}.NR.RAN.NeighborList.NRCell.{i}.gNBIdLength,yes,existing_mml_parent_object_group,命中 mmlstandardloader seed/catalog 的现有 object_path 分组；加入 sub_field 后可显示在当前参数树,YES_EXISTING_JSON_PARENT_GROUP,medium,SF,小区服务参数管理（总体）,FAP 载波基本配置,Device.Services.FAPService.{i}.,,json_seed_and_catalog_existing_group,omcgo/internal/config/parammodel/mmlstandardloader/seeds/cmcc_tdlte_v23.json; omcgo/datamodels/mml-catalog/cmcc-tdlte-v2.3.json,SI,邻区参数管理,{i},Device.Services.FAPService.{i}.CellConfig.{i}.NR.RAN.NeighborList.NRCell.{i}.,READ_WRITE,STRING
Device.Services.FAPService.{i}.CellConfig.{i}.NR.RAN.NeighborList.NRCell.{i}.ssbFrequency,yes,existing_mml_parent_object_group,命中 mmlstandardloader seed/catalog 的现有 object_path 分组；加入 sub_field 后可显示在当前参数树,YES_EXISTING_JSON_PARENT_GROUP,medium,SF,小区服务参数管理（总体）,FAP 载波基本配置,Device.Services.FAPService.{i}.,,json_seed_and_catalog_existing_group,omcgo/internal/config/parammodel/mmlstandardloader/seeds/cmcc_tdlte_v23.json; omcgo/datamodels/mml-catalog/cmcc-tdlte-v2.3.json,SI,邻区参数管理,{i},Device.Services.FAPService.{i}.CellConfig.{i}.NR.RAN.NeighborList.NRCell.{i}.,READ_WRITE,STRING
Device.Services.FAPService.{i}.CellConfig.{i}.NR.RAN.NeighborList.NRCell.{i}.ssbSubcarrierSpacing,yes,existing_mml_parent_object_group,命中 mmlstandardloader seed/catalog 的现有 object_path 分组；加入 sub_field 后可显示在当前参数树,YES_EXISTING_JSON_PARENT_GROUP,medium,SF,小区服务参数管理（总体）,FAP 载波基本配置,Device.Services.FAPService.{i}.,,json_seed_and_catalog_existing_group,omcgo/internal/config/parammodel/mmlstandardloader/seeds/cmcc_tdlte_v23.json; omcgo/datamodels/mml-catalog/cmcc-tdlte-v2.3.json,SI,邻区参数管理,{i},Device.Services.FAPService.{i}.CellConfig.{i}.NR.RAN.NeighborList.NRCell.{i}.,READ_WRITE,STRING
DeviceGSM.Bts.{i}.NeighborListMode,no,not_mml_tree_quicksettings_only,只命中 quicksettings XML，quicksettings 不是 MML 配置参数树数据源,YES_QUICKSETTINGS_XML_GROUP,high,,,BTS 配置,,bsc-bts-config,quicksettings_xml_exact_standardPath,omcgo/data/quicksettings/BSC.xml#bsc-bts-config:BTS 配置(NeighborListMode),SI,邻区参数管理,{i},DeviceGSM.Bts.{i}.,READ_ONLY,STRING
DeviceGSM.Bts.{i}.Si2quaterNeighborListAdd,no,not_mml_tree_param_mapping_object_only,只命中 param-mappings XML object，缺少 mml_command_groups/mml_commands 节点,YES_PARAM_MAPPING_XML_OBJECT,medium-low,,,Bts,DeviceGSM.Bts.,,param_mapping_xml_object_prefix,omcgo/data/param-mappings/BSC.xml,SI,邻区参数管理,{i},DeviceGSM.Bts.{i}.,READ_ONLY,STRING
DeviceGSM.Bts.{i}.Si2quaterNeighborListDel,no,not_mml_tree_param_mapping_object_only,只命中 param-mappings XML object，缺少 mml_command_groups/mml_commands 节点,YES_PARAM_MAPPING_XML_OBJECT,medium-low,,,Bts,DeviceGSM.Bts.,,param_mapping_xml_object_prefix,omcgo/data/param-mappings/BSC.xml,SI,邻区参数管理,{i},DeviceGSM.Bts.{i}.,READ_ONLY,STRING
Device.Services.FAPService.{i}.CellConfig.{i}.NR.RAN.Mobility.ConnMode.NR.A1MeasureCtrl.{i},yes,existing_mml_parent_object_group,命中 mmlstandardloader seed/catalog 的现有 object_path 分组；加入 sub_field 后可显示在当前参数树,YES_EXISTING_JSON_PARENT_GROUP,medium,SF,小区服务参数管理（总体）,FAP 载波基本配置,Device.Services.FAPService.{i}.,,json_seed_and_catalog_existing_group,omcgo/internal/config/parammodel/mmlstandardloader/seeds/cmcc_tdlte_v23.json; omcgo/datamodels/mml-catalog/cmcc-tdlte-v2.3.json,SJ,移动性参数管理,A1MeasureCtrl,Device.Services.FAPService.{i}.CellConfig.{i}.NR.RAN.Mobility.ConnMode.NR.A1MeasureCtrl.,READ_WRITE,STRING
Device.Services.FAPService.{i}.CellConfig.{i}.NR.RAN.Mobility.ConnMode.NR.A2MeasureCtrl.{i},yes,existing_mml_parent_object_group,命中 mmlstandardloader seed/catalog 的现有 object_path 分组；加入 sub_field 后可显示在当前参数树,YES_EXISTING_JSON_PARENT_GROUP,medium,SF,小区服务参数管理（总体）,FAP 载波基本配置,Device.Services.FAPService.{i}.,,json_seed_and_catalog_existing_group,omcgo/internal/config/parammodel/mmlstandardloader/seeds/cmcc_tdlte_v23.json; omcgo/datamodels/mml-catalog/cmcc-tdlte-v2.3.json,SJ,移动性参数管理,A2MeasureCtrl,Device.Services.FAPService.{i}.CellConfig.{i}.NR.RAN.Mobility.ConnMode.NR.A2MeasureCtrl.,READ_WRITE,STRING
Device.Services.FAPService.{i}.CellConfig.{i}.NR.RAN.Mobility.ConnMode.NR.A3MeasureCtrl.{i},yes,existing_mml_parent_object_group,命中 mmlstandardloader seed/catalog 的现有 object_path 分组；加入 sub_field 后可显示在当前参数树,YES_EXISTING_JSON_PARENT_GROUP,medium,SF,小区服务参数管理（总体）,FAP 载波基本配置,Device.Services.FAPService.{i}.,,json_seed_and_catalog_existing_group,omcgo/internal/config/parammodel/mmlstandardloader/seeds/cmcc_tdlte_v23.json; omcgo/datamodels/mml-catalog/cmcc-tdlte-v2.3.json,SJ,移动性参数管理,A3MeasureCtrl,Device.Services.FAPService.{i}.CellConfig.{i}.NR.RAN.Mobility.ConnMode.NR.A3MeasureCtrl.,READ_WRITE,STRING
Device.Services.FAPService.{i}.CellConfig.{i}.NR.RAN.Mobility.ConnMode.NR.A4MeasureCtrl.{i},yes,existing_mml_parent_object_group,命中 mmlstandardloader seed/catalog 的现有 object_path 分组；加入 sub_field 后可显示在当前参数树,YES_EXISTING_JSON_PARENT_GROUP,medium,SF,小区服务参数管理（总体）,FAP 载波基本配置,Device.Services.FAPService.{i}.,,json_seed_and_catalog_existing_group,omcgo/internal/config/parammodel/mmlstandardloader/seeds/cmcc_tdlte_v23.json; omcgo/datamodels/mml-catalog/cmcc-tdlte-v2.3.json,SJ,移动性参数管理,A4MeasureCtrl,Device.Services.FAPService.{i}.CellConfig.{i}.NR.RAN.Mobility.ConnMode.NR.A4MeasureCtrl.,READ_WRITE,STRING
Device.Services.FAPService.{i}.CellConfig.{i}.NR.RAN.Mobility.ConnMode.NR.A5MeasureCtrl.{i},yes,existing_mml_parent_object_group,命中 mmlstandardloader seed/catalog 的现有 object_path 分组；加入 sub_field 后可显示在当前参数树,YES_EXISTING_JSON_PARENT_GROUP,medium,SF,小区服务参数管理（总体）,FAP 载波基本配置,Device.Services.FAPService.{i}.,,json_seed_and_catalog_existing_group,omcgo/internal/config/parammodel/mmlstandardloader/seeds/cmcc_tdlte_v23.json; omcgo/datamodels/mml-catalog/cmcc-tdlte-v2.3.json,SJ,移动性参数管理,A5MeasureCtrl,Device.Services.FAPService.{i}.CellConfig.{i}.NR.RAN.Mobility.ConnMode.NR.A5MeasureCtrl.,READ_WRITE,STRING
Device.Services.FAPService.{i}.CellConfig.{i}.NR.RAN.Mobility.ConnMode.IRAT.B1MeasureCtrl.{i},yes,existing_mml_parent_object_group,命中 mmlstandardloader seed/catalog 的现有 object_path 分组；加入 sub_field 后可显示在当前参数树,YES_EXISTING_JSON_PARENT_GROUP,medium,SF,小区服务参数管理（总体）,FAP 载波基本配置,Device.Services.FAPService.{i}.,,json_seed_and_catalog_existing_group,omcgo/internal/config/parammodel/mmlstandardloader/seeds/cmcc_tdlte_v23.json; omcgo/datamodels/mml-catalog/cmcc-tdlte-v2.3.json,SJ,移动性参数管理,B1MeasureCtrl,Device.Services.FAPService.{i}.CellConfig.{i}.NR.RAN.Mobility.ConnMode.IRAT.B1MeasureCtrl.,READ_WRITE,STRING
Device.Services.FAPService.{i}.CellConfig.{i}.NR.RAN.Mobility.ConnMode.IRAT.B2MeasureCtrl.{i},yes,existing_mml_parent_object_group,命中 mmlstandardloader seed/catalog 的现有 object_path 分组；加入 sub_field 后可显示在当前参数树,YES_EXISTING_JSON_PARENT_GROUP,medium,SF,小区服务参数管理（总体）,FAP 载波基本配置,Device.Services.FAPService.{i}.,,json_seed_and_catalog_existing_group,omcgo/internal/config/parammodel/mmlstandardloader/seeds/cmcc_tdlte_v23.json; omcgo/datamodels/mml-catalog/cmcc-tdlte-v2.3.json,SJ,移动性参数管理,B2MeasureCtrl,Device.Services.FAPService.{i}.CellConfig.{i}.NR.RAN.Mobility.ConnMode.IRAT.B2MeasureCtrl.,READ_WRITE,STRING
Device.Services.FAPService.{i}.CellConfig.LTE.RAN.Mobility.IdleMode.InterFreq.Carrier.{i},yes,direct_existing_mml_group,同 target_group_code 已有 MML 参数，属于当前参数树分组,YES_SAME_EXISTING_GROUP_CODE,high,SJ,移动性参数管理,空闲态异频载波,Device.Services.FAPService.{i}.CellConfig.LTE.RAN.Mobility.IdleMode.InterFreq.Carrier.{i}.,DEVICE_SERVICES_FAPSERVICE_CELLCONFIG_LTE_RAN_MOBILITY_IDLEMODE_INTERFREQ_CARRIER,existing_mml_group_code_from_analysis,omcgo/data/model-library/standard-params-to-mml-tree-analysis-20260703.detail.csv,SJ,移动性参数管理,Carrier,Device.Services.FAPService.{i}.CellConfig.LTE.RAN.Mobility.IdleMode.InterFreq.Carrier.,READ_WRITE,STRING
Device.Services.FAPService.{i}.CellConfig.{i}.NR.RAN.Mobility.ConnMode.EUTRA.Carrier.{i},yes,existing_mml_parent_object_group,命中 mmlstandardloader seed/catalog 的现有 object_path 分组；加入 sub_field 后可显示在当前参数树,YES_EXISTING_JSON_PARENT_GROUP,medium,SF,小区服务参数管理（总体）,FAP 载波基本配置,Device.Services.FAPService.{i}.,,json_seed_and_catalog_existing_group,omcgo/internal/config/parammodel/mmlstandardloader/seeds/cmcc_tdlte_v23.json; omcgo/datamodels/mml-catalog/cmcc-tdlte-v2.3.json,SJ,移动性参数管理,Carrier,Device.Services.FAPService.{i}.CellConfig.{i}.NR.RAN.Mobility.ConnMode.EUTRA.Carrier.,READ_WRITE,STRING
Device.Services.FAPService.{i}.CellConfig.{i}.NR.RAN.Mobility.ConnMode.NR.InterFreq.Carrier.{i},yes,existing_mml_parent_object_group,命中 mmlstandardloader seed/catalog 的现有 object_path 分组；加入 sub_field 后可显示在当前参数树,YES_EXISTING_JSON_PARENT_GROUP,medium,SF,小区服务参数管理（总体）,FAP 载波基本配置,Device.Services.FAPService.{i}.,,json_seed_and_catalog_existing_group,omcgo/internal/config/parammodel/mmlstandardloader/seeds/cmcc_tdlte_v23.json; omcgo/datamodels/mml-catalog/cmcc-tdlte-v2.3.json,SJ,移动性参数管理,Carrier,Device.Services.FAPService.{i}.CellConfig.{i}.NR.RAN.Mobility.ConnMode.NR.InterFreq.Carrier.,READ_WRITE,STRING
Device.Services.FAPService.{i}.CellConfig.{i}.NR.RAN.Mobility.IdleMode.EUTRA.Carrier.{i},yes,existing_mml_parent_object_group,命中 mmlstandardloader seed/catalog 的现有 object_path 分组；加入 sub_field 后可显示在当前参数树,YES_EXISTING_JSON_PARENT_GROUP,medium,SF,小区服务参数管理（总体）,FAP 载波基本配置,Device.Services.FAPService.{i}.,,json_seed_and_catalog_existing_group,omcgo/internal/config/parammodel/mmlstandardloader/seeds/cmcc_tdlte_v23.json; omcgo/datamodels/mml-catalog/cmcc-tdlte-v2.3.json,SJ,移动性参数管理,Carrier,Device.Services.FAPService.{i}.CellConfig.{i}.NR.RAN.Mobility.IdleMode.EUTRA.Carrier.,READ_WRITE,STRING
Device.Services.FAPService.{i}.CellConfig.{i}.NR.RAN.Mobility.IdleMode.InterFreq.Carrier.{i},yes,existing_mml_parent_object_group,命中 mmlstandardloader seed/catalog 的现有 object_path 分组；加入 sub_field 后可显示在当前参数树,YES_EXISTING_JSON_PARENT_GROUP,medium,SF,小区服务参数管理（总体）,FAP 载波基本配置,Device.Services.FAPService.{i}.,,json_seed_and_catalog_existing_group,omcgo/internal/config/parammodel/mmlstandardloader/seeds/cmcc_tdlte_v23.json; omcgo/datamodels/mml-catalog/cmcc-tdlte-v2.3.json,SJ,移动性参数管理,Carrier,Device.Services.FAPService.{i}.CellConfig.{i}.NR.RAN.Mobility.IdleMode.InterFreq.Carrier.,READ_WRITE,STRING
Device.Services.FAPService.{i}.CellConfig.{i}.NR.RAN.Mobility.IdleMode.Common.Qhyst,yes,existing_mml_parent_object_group,命中 mmlstandardloader seed/catalog 的现有 object_path 分组；加入 sub_field 后可显示在当前参数树,YES_EXISTING_JSON_PARENT_GROUP,medium,SF,小区服务参数管理（总体）,FAP 载波基本配置,Device.Services.FAPService.{i}.,,json_seed_and_catalog_existing_group,omcgo/internal/config/parammodel/mmlstandardloader/seeds/cmcc_tdlte_v23.json; omcgo/datamodels/mml-catalog/cmcc-tdlte-v2.3.json,SJ,移动性参数管理,Common,Device.Services.FAPService.{i}.CellConfig.{i}.NR.RAN.Mobility.IdleMode.Common.,READ_WRITE,STRING
Device.Services.FAPService.{i}.CellConfig.{i}.NR.RAN.Mobility.IdleMode.IntraFreq.CellReselectionPriority,yes,existing_mml_parent_object_group,命中 mmlstandardloader seed/catalog 的现有 object_path 分组；加入 sub_field 后可显示在当前参数树,YES_EXISTING_JSON_PARENT_GROUP,medium,SF,小区服务参数管理（总体）,FAP 载波基本配置,Device.Services.FAPService.{i}.,,json_seed_and_catalog_existing_group,omcgo/internal/config/parammodel/mmlstandardloader/seeds/cmcc_tdlte_v23.json; omcgo/datamodels/mml-catalog/cmcc-tdlte-v2.3.json,SJ,移动性参数管理,IntraFreq,Device.Services.FAPService.{i}.CellConfig.{i}.NR.RAN.Mobility.IdleMode.IntraFreq.,READ_WRITE,STRING
Device.Services.FAPService.{i}.CellConfig.{i}.NR.RAN.Mobility.IdleMode.IntraFreq.DeriveSSBIndexFromCell,yes,existing_mml_parent_object_group,命中 mmlstandardloader seed/catalog 的现有 object_path 分组；加入 sub_field 后可显示在当前参数树,YES_EXISTING_JSON_PARENT_GROUP,medium,SF,小区服务参数管理（总体）,FAP 载波基本配置,Device.Services.FAPService.{i}.,,json_seed_and_catalog_existing_group,omcgo/internal/config/parammodel/mmlstandardloader/seeds/cmcc_tdlte_v23.json; omcgo/datamodels/mml-catalog/cmcc-tdlte-v2.3.json,SJ,移动性参数管理,IntraFreq,Device.Services.FAPService.{i}.CellConfig.{i}.NR.RAN.Mobility.IdleMode.IntraFreq.,READ_WRITE,STRING
Device.Services.FAPService.{i}.CellConfig.{i}.NR.RAN.Mobility.IdleMode.IntraFreq.QQualMinSIB1,yes,existing_mml_parent_object_group,命中 mmlstandardloader seed/catalog 的现有 object_path 分组；加入 sub_field 后可显示在当前参数树,YES_EXISTING_JSON_PARENT_GROUP,medium,SF,小区服务参数管理（总体）,FAP 载波基本配置,Device.Services.FAPService.{i}.,,json_seed_and_catalog_existing_group,omcgo/internal/config/parammodel/mmlstandardloader/seeds/cmcc_tdlte_v23.json; omcgo/datamodels/mml-catalog/cmcc-tdlte-v2.3.json,SJ,移动性参数管理,IntraFreq,Device.Services.FAPService.{i}.CellConfig.{i}.NR.RAN.Mobility.IdleMode.IntraFreq.,READ_WRITE,STRING
Device.Services.FAPService.{i}.CellConfig.{i}.NR.RAN.Mobility.IdleMode.IntraFreq.QRxLevMinOffset,yes,existing_mml_parent_object_group,命中 mmlstandardloader seed/catalog 的现有 object_path 分组；加入 sub_field 后可显示在当前参数树,YES_EXISTING_JSON_PARENT_GROUP,medium,SF,小区服务参数管理（总体）,FAP 载波基本配置,Device.Services.FAPService.{i}.,,json_seed_and_catalog_existing_group,omcgo/internal/config/parammodel/mmlstandardloader/seeds/cmcc_tdlte_v23.json; omcgo/datamodels/mml-catalog/cmcc-tdlte-v2.3.json,SJ,移动性参数管理,IntraFreq,Device.Services.FAPService.{i}.CellConfig.{i}.NR.RAN.Mobility.IdleMode.IntraFreq.,READ_WRITE,STRING
Device.Services.FAPService.{i}.CellConfig.{i}.NR.RAN.Mobility.IdleMode.IntraFreq.QRxLevMinSIB1,yes,existing_mml_parent_object_group,命中 mmlstandardloader seed/catalog 的现有 object_path 分组；加入 sub_field 后可显示在当前参数树,YES_EXISTING_JSON_PARENT_GROUP,medium,SF,小区服务参数管理（总体）,FAP 载波基本配置,Device.Services.FAPService.{i}.,,json_seed_and_catalog_existing_group,omcgo/internal/config/parammodel/mmlstandardloader/seeds/cmcc_tdlte_v23.json; omcgo/datamodels/mml-catalog/cmcc-tdlte-v2.3.json,SJ,移动性参数管理,IntraFreq,Device.Services.FAPService.{i}.CellConfig.{i}.NR.RAN.Mobility.IdleMode.IntraFreq.,READ_WRITE,STRING
Device.Services.FAPService.{i}.CellConfig.{i}.NR.RAN.Mobility.IdleMode.IntraFreq.QRxLevMinSIB2,yes,existing_mml_parent_object_group,命中 mmlstandardloader seed/catalog 的现有 object_path 分组；加入 sub_field 后可显示在当前参数树,YES_EXISTING_JSON_PARENT_GROUP,medium,SF,小区服务参数管理（总体）,FAP 载波基本配置,Device.Services.FAPService.{i}.,,json_seed_and_catalog_existing_group,omcgo/internal/config/parammodel/mmlstandardloader/seeds/cmcc_tdlte_v23.json; omcgo/datamodels/mml-catalog/cmcc-tdlte-v2.3.json,SJ,移动性参数管理,IntraFreq,Device.Services.FAPService.{i}.CellConfig.{i}.NR.RAN.Mobility.IdleMode.IntraFreq.,READ_WRITE,STRING
Device.Services.FAPService.{i}.CellConfig.{i}.NR.RAN.Mobility.IdleMode.IntraFreq.Qqualminoffset,yes,existing_mml_parent_object_group,命中 mmlstandardloader seed/catalog 的现有 object_path 分组；加入 sub_field 后可显示在当前参数树,YES_EXISTING_JSON_PARENT_GROUP,medium,SF,小区服务参数管理（总体）,FAP 载波基本配置,Device.Services.FAPService.{i}.,,json_seed_and_catalog_existing_group,omcgo/internal/config/parammodel/mmlstandardloader/seeds/cmcc_tdlte_v23.json; omcgo/datamodels/mml-catalog/cmcc-tdlte-v2.3.json,SJ,移动性参数管理,IntraFreq,Device.Services.FAPService.{i}.CellConfig.{i}.NR.RAN.Mobility.IdleMode.IntraFreq.,READ_WRITE,STRING
Device.Services.FAPService.{i}.CellConfig.{i}.NR.RAN.Mobility.IdleMode.IntraFreq.SIntraSearchP,yes,existing_mml_parent_object_group,命中 mmlstandardloader seed/catalog 的现有 object_path 分组；加入 sub_field 后可显示在当前参数树,YES_EXISTING_JSON_PARENT_GROUP,medium,SF,小区服务参数管理（总体）,FAP 载波基本配置,Device.Services.FAPService.{i}.,,json_seed_and_catalog_existing_group,omcgo/internal/config/parammodel/mmlstandardloader/seeds/cmcc_tdlte_v23.json; omcgo/datamodels/mml-catalog/cmcc-tdlte-v2.3.json,SJ,移动性参数管理,IntraFreq,Device.Services.FAPService.{i}.CellConfig.{i}.NR.RAN.Mobility.IdleMode.IntraFreq.,READ_WRITE,STRING
Device.Services.FAPService.{i}.CellConfig.{i}.NR.RAN.Mobility.IdleMode.IntraFreq.SNonIntraSearchP,yes,existing_mml_parent_object_group,命中 mmlstandardloader seed/catalog 的现有 object_path 分组；加入 sub_field 后可显示在当前参数树,YES_EXISTING_JSON_PARENT_GROUP,medium,SF,小区服务参数管理（总体）,FAP 载波基本配置,Device.Services.FAPService.{i}.,,json_seed_and_catalog_existing_group,omcgo/internal/config/parammodel/mmlstandardloader/seeds/cmcc_tdlte_v23.json; omcgo/datamodels/mml-catalog/cmcc-tdlte-v2.3.json,SJ,移动性参数管理,IntraFreq,Device.Services.FAPService.{i}.CellConfig.{i}.NR.RAN.Mobility.IdleMode.IntraFreq.,READ_WRITE,STRING
Device.Services.FAPService.{i}.CellConfig.{i}.NR.RAN.Mobility.IdleMode.IntraFreq.SNonIntraSearchQ,yes,existing_mml_parent_object_group,命中 mmlstandardloader seed/catalog 的现有 object_path 分组；加入 sub_field 后可显示在当前参数树,YES_EXISTING_JSON_PARENT_GROUP,medium,SF,小区服务参数管理（总体）,FAP 载波基本配置,Device.Services.FAPService.{i}.,,json_seed_and_catalog_existing_group,omcgo/internal/config/parammodel/mmlstandardloader/seeds/cmcc_tdlte_v23.json; omcgo/datamodels/mml-catalog/cmcc-tdlte-v2.3.json,SJ,移动性参数管理,IntraFreq,Device.Services.FAPService.{i}.CellConfig.{i}.NR.RAN.Mobility.IdleMode.IntraFreq.,READ_WRITE,STRING
Device.Services.FAPService.{i}.CellConfig.{i}.NR.RAN.Mobility.IdleMode.IntraFreq.TReselectionNR,yes,existing_mml_parent_object_group,命中 mmlstandardloader seed/catalog 的现有 object_path 分组；加入 sub_field 后可显示在当前参数树,YES_EXISTING_JSON_PARENT_GROUP,medium,SF,小区服务参数管理（总体）,FAP 载波基本配置,Device.Services.FAPService.{i}.,,json_seed_and_catalog_existing_group,omcgo/internal/config/parammodel/mmlstandardloader/seeds/cmcc_tdlte_v23.json; omcgo/datamodels/mml-catalog/cmcc-tdlte-v2.3.json,SJ,移动性参数管理,IntraFreq,Device.Services.FAPService.{i}.CellConfig.{i}.NR.RAN.Mobility.IdleMode.IntraFreq.,READ_WRITE,STRING
Device.Services.FAPService.{i}.CellConfig.{i}.NR.RAN.Mobility.IdleMode.IntraFreq.ThreshServingLowP,yes,existing_mml_parent_object_group,命中 mmlstandardloader seed/catalog 的现有 object_path 分组；加入 sub_field 后可显示在当前参数树,YES_EXISTING_JSON_PARENT_GROUP,medium,SF,小区服务参数管理（总体）,FAP 载波基本配置,Device.Services.FAPService.{i}.,,json_seed_and_catalog_existing_group,omcgo/internal/config/parammodel/mmlstandardloader/seeds/cmcc_tdlte_v23.json; omcgo/datamodels/mml-catalog/cmcc-tdlte-v2.3.json,SJ,移动性参数管理,IntraFreq,Device.Services.FAPService.{i}.CellConfig.{i}.NR.RAN.Mobility.IdleMode.IntraFreq.,READ_WRITE,STRING
Device.Services.FAPService.{i}.CellConfig.{i}.NR.RAN.Mobility.ConnMode.NR.MeasureCtrl.MobilityStrategy,yes,existing_mml_parent_object_group,命中 mmlstandardloader seed/catalog 的现有 object_path 分组；加入 sub_field 后可显示在当前参数树,YES_EXISTING_JSON_PARENT_GROUP,medium,SF,小区服务参数管理（总体）,FAP 载波基本配置,Device.Services.FAPService.{i}.,,json_seed_and_catalog_existing_group,omcgo/internal/config/parammodel/mmlstandardloader/seeds/cmcc_tdlte_v23.json; omcgo/datamodels/mml-catalog/cmcc-tdlte-v2.3.json,SJ,移动性参数管理,MeasureCtrl,Device.Services.FAPService.{i}.CellConfig.{i}.NR.RAN.Mobility.ConnMode.NR.MeasureCtrl.,READ_WRITE,STRING
Device.Services.FAPService.{i}.CellConfig.{i}.NR.RAN.Mobility.ConnMode.NR.PeriodMeasCtrl.{i},yes,existing_mml_parent_object_group,命中 mmlstandardloader seed/catalog 的现有 object_path 分组；加入 sub_field 后可显示在当前参数树,YES_EXISTING_JSON_PARENT_GROUP,medium,SF,小区服务参数管理（总体）,FAP 载波基本配置,Device.Services.FAPService.{i}.,,json_seed_and_catalog_existing_group,omcgo/internal/config/parammodel/mmlstandardloader/seeds/cmcc_tdlte_v23.json; omcgo/datamodels/mml-catalog/cmcc-tdlte-v2.3.json,SJ,移动性参数管理,PeriodMeasCtrl,Device.Services.FAPService.{i}.CellConfig.{i}.NR.RAN.Mobility.ConnMode.NR.PeriodMeasCtrl.,READ_WRITE,STRING
Device.Services.FAPService.{i}.CellConfig.LTE.RAN.Mobility.ConnMode.IRAT.X_COM_UTRANTDD.B2Threshold2UTRATDDRSCP,yes,existing_mml_parent_object_group,命中 mmlstandardloader seed/catalog 的现有 object_path 分组；加入 sub_field 后可显示在当前参数树,YES_EXISTING_JSON_PARENT_GROUP,medium,SJ,移动性参数管理,连接态 IRAT 测量,Device.Services.FAPService.{i}.CellConfig.LTE.RAN.Mobility.ConnMode.IRAT.,,json_seed_and_catalog_existing_group,omcgo/internal/config/parammodel/mmlstandardloader/seeds/cmcc_tdlte_v23.json; omcgo/datamodels/mml-catalog/cmcc-tdlte-v2.3.json,SJ,移动性参数管理,X_COM_UTRANTDD,Device.Services.FAPService.{i}.CellConfig.LTE.RAN.Mobility.ConnMode.IRAT.X_COM_UTRANTDD.,READ_WRITE,STRING
Device.Services.FAPService.{i}.CellConfig.{i}.LTE.RAN.Mobility.IdleMode.InterFreq.Carrier.{i}.CellReselectionPriority,yes,direct_existing_mml_group,同 target_group_code 已有 MML 参数，属于当前参数树分组,YES_SAME_EXISTING_GROUP_CODE,high,SJ,移动性参数管理,空闲态异频载波,Device.Services.FAPService.{i}.CellConfig.LTE.RAN.Mobility.IdleMode.InterFreq.Carrier.{i}.,DEVICE_SERVICES_FAPSERVICE_CELLCONFIG_LTE_RAN_MOBILITY_IDLEMODE_INTERFREQ_CARRIER,existing_mml_group_code_from_analysis,omcgo/data/model-library/standard-params-to-mml-tree-analysis-20260703.detail.csv,SJ,移动性参数管理,{i},Device.Services.FAPService.{i}.CellConfig.{i}.LTE.RAN.Mobility.IdleMode.InterFreq.Carrier.{i}.,READ_WRITE,U_INT
Device.Services.FAPService.{i}.CellConfig.{i}.LTE.RAN.Mobility.IdleMode.InterFreq.Carrier.{i}.EUTRACarrierARFCN,yes,direct_existing_mml_group,同 target_group_code 已有 MML 参数，属于当前参数树分组,YES_SAME_EXISTING_GROUP_CODE,high,SJ,移动性参数管理,空闲态异频载波,Device.Services.FAPService.{i}.CellConfig.LTE.RAN.Mobility.IdleMode.InterFreq.Carrier.{i}.,DEVICE_SERVICES_FAPSERVICE_CELLCONFIG_LTE_RAN_MOBILITY_IDLEMODE_INTERFREQ_CARRIER,existing_mml_group_code_from_analysis,omcgo/data/model-library/standard-params-to-mml-tree-analysis-20260703.detail.csv,SJ,移动性参数管理,{i},Device.Services.FAPService.{i}.CellConfig.{i}.LTE.RAN.Mobility.IdleMode.InterFreq.Carrier.{i}.,READ_WRITE,U_INT
Device.Services.FAPService.{i}.CellConfig.{i}.LTE.RAN.Mobility.IdleMode.InterFreq.Carrier.{i}.PMax,yes,direct_existing_mml_group,同 target_group_code 已有 MML 参数，属于当前参数树分组,YES_SAME_EXISTING_GROUP_CODE,high,SJ,移动性参数管理,空闲态异频载波,Device.Services.FAPService.{i}.CellConfig.LTE.RAN.Mobility.IdleMode.InterFreq.Carrier.{i}.,DEVICE_SERVICES_FAPSERVICE_CELLCONFIG_LTE_RAN_MOBILITY_IDLEMODE_INTERFREQ_CARRIER,existing_mml_group_code_from_analysis,omcgo/data/model-library/standard-params-to-mml-tree-analysis-20260703.detail.csv,SJ,移动性参数管理,{i},Device.Services.FAPService.{i}.CellConfig.{i}.LTE.RAN.Mobility.IdleMode.InterFreq.Carrier.{i}.,READ_WRITE,INT
Device.Services.FAPService.{i}.CellConfig.{i}.LTE.RAN.Mobility.IdleMode.InterFreq.Carrier.{i}.QOffsetFreq,yes,direct_existing_mml_group,同 target_group_code 已有 MML 参数，属于当前参数树分组,YES_SAME_EXISTING_GROUP_CODE,high,SJ,移动性参数管理,空闲态异频载波,Device.Services.FAPService.{i}.CellConfig.LTE.RAN.Mobility.IdleMode.InterFreq.Carrier.{i}.,DEVICE_SERVICES_FAPSERVICE_CELLCONFIG_LTE_RAN_MOBILITY_IDLEMODE_INTERFREQ_CARRIER,existing_mml_group_code_from_analysis,omcgo/data/model-library/standard-params-to-mml-tree-analysis-20260703.detail.csv,SJ,移动性参数管理,{i},Device.Services.FAPService.{i}.CellConfig.{i}.LTE.RAN.Mobility.IdleMode.InterFreq.Carrier.{i}.,READ_WRITE,INT
Device.Services.FAPService.{i}.CellConfig.{i}.LTE.RAN.Mobility.IdleMode.InterFreq.Carrier.{i}.QRxLevMinSIB5,yes,direct_existing_mml_group,同 target_group_code 已有 MML 参数，属于当前参数树分组,YES_SAME_EXISTING_GROUP_CODE,high,SJ,移动性参数管理,空闲态异频载波,Device.Services.FAPService.{i}.CellConfig.LTE.RAN.Mobility.IdleMode.InterFreq.Carrier.{i}.,DEVICE_SERVICES_FAPSERVICE_CELLCONFIG_LTE_RAN_MOBILITY_IDLEMODE_INTERFREQ_CARRIER,existing_mml_group_code_from_analysis,omcgo/data/model-library/standard-params-to-mml-tree-analysis-20260703.detail.csv,SJ,移动性参数管理,{i},Device.Services.FAPService.{i}.CellConfig.{i}.LTE.RAN.Mobility.IdleMode.InterFreq.Carrier.{i}.,READ_WRITE,INT
Device.Services.FAPService.{i}.CellConfig.{i}.LTE.RAN.Mobility.IdleMode.InterFreq.Carrier.{i}.ThreshXHigh,yes,direct_existing_mml_group,同 target_group_code 已有 MML 参数，属于当前参数树分组,YES_SAME_EXISTING_GROUP_CODE,high,SJ,移动性参数管理,空闲态异频载波,Device.Services.FAPService.{i}.CellConfig.LTE.RAN.Mobility.IdleMode.InterFreq.Carrier.{i}.,DEVICE_SERVICES_FAPSERVICE_CELLCONFIG_LTE_RAN_MOBILITY_IDLEMODE_INTERFREQ_CARRIER,existing_mml_group_code_from_analysis,omcgo/data/model-library/standard-params-to-mml-tree-analysis-20260703.detail.csv,SJ,移动性参数管理,{i},Device.Services.FAPService.{i}.CellConfig.{i}.LTE.RAN.Mobility.IdleMode.InterFreq.Carrier.{i}.,READ_WRITE,U_INT
Device.Services.FAPService.{i}.CellConfig.{i}.LTE.RAN.Mobility.IdleMode.InterFreq.Carrier.{i}.ThreshXLow,yes,direct_existing_mml_group,同 target_group_code 已有 MML 参数，属于当前参数树分组,YES_SAME_EXISTING_GROUP_CODE,high,SJ,移动性参数管理,空闲态异频载波,Device.Services.FAPService.{i}.CellConfig.LTE.RAN.Mobility.IdleMode.InterFreq.Carrier.{i}.,DEVICE_SERVICES_FAPSERVICE_CELLCONFIG_LTE_RAN_MOBILITY_IDLEMODE_INTERFREQ_CARRIER,existing_mml_group_code_from_analysis,omcgo/data/model-library/standard-params-to-mml-tree-analysis-20260703.detail.csv,SJ,移动性参数管理,{i},Device.Services.FAPService.{i}.CellConfig.{i}.LTE.RAN.Mobility.IdleMode.InterFreq.Carrier.{i}.,READ_WRITE,U_INT
Device.Services.FAPService.{i}.CellConfig.{i}.NR.RAN.Mobility.ConnMode.EUTRA.Carrier.{i}.AllowedMeasBandwidth,yes,existing_mml_parent_object_group,命中 mmlstandardloader seed/catalog 的现有 object_path 分组；加入 sub_field 后可显示在当前参数树,YES_EXISTING_JSON_PARENT_GROUP,medium,SF,小区服务参数管理（总体）,FAP 载波基本配置,Device.Services.FAPService.{i}.,,json_seed_and_catalog_existing_group,omcgo/internal/config/parammodel/mmlstandardloader/seeds/cmcc_tdlte_v23.json; omcgo/datamodels/mml-catalog/cmcc-tdlte-v2.3.json,SJ,移动性参数管理,{i},Device.Services.FAPService.{i}.CellConfig.{i}.NR.RAN.Mobility.ConnMode.EUTRA.Carrier.{i}.,READ_WRITE,STRING
Device.Services.FAPService.{i}.CellConfig.{i}.NR.RAN.Mobility.ConnMode.EUTRA.Carrier.{i}.PresenceAntennaPort1,yes,existing_mml_parent_object_group,命中 mmlstandardloader seed/catalog 的现有 object_path 分组；加入 sub_field 后可显示在当前参数树,YES_EXISTING_JSON_PARENT_GROUP,medium,SF,小区服务参数管理（总体）,FAP 载波基本配置,Device.Services.FAPService.{i}.,,json_seed_and_catalog_existing_group,omcgo/internal/config/parammodel/mmlstandardloader/seeds/cmcc_tdlte_v23.json; omcgo/datamodels/mml-catalog/cmcc-tdlte-v2.3.json,SJ,移动性参数管理,{i},Device.Services.FAPService.{i}.CellConfig.{i}.NR.RAN.Mobility.ConnMode.EUTRA.Carrier.{i}.,READ_WRITE,STRING
Device.Services.FAPService.{i}.CellConfig.{i}.NR.RAN.Mobility.ConnMode.EUTRA.Carrier.{i}.QQualMin,yes,existing_mml_parent_object_group,命中 mmlstandardloader seed/catalog 的现有 object_path 分组；加入 sub_field 后可显示在当前参数树,YES_EXISTING_JSON_PARENT_GROUP,medium,SF,小区服务参数管理（总体）,FAP 载波基本配置,Device.Services.FAPService.{i}.,,json_seed_and_catalog_existing_group,omcgo/internal/config/parammodel/mmlstandardloader/seeds/cmcc_tdlte_v23.json; omcgo/datamodels/mml-catalog/cmcc-tdlte-v2.3.json,SJ,移动性参数管理,{i},Device.Services.FAPService.{i}.CellConfig.{i}.NR.RAN.Mobility.ConnMode.EUTRA.Carrier.{i}.,READ_WRITE,STRING
Device.Services.FAPService.{i}.CellConfig.{i}.NR.RAN.Mobility.ConnMode.EUTRA.Carrier.{i}.WideBandRsrqMeas,yes,existing_mml_parent_object_group,命中 mmlstandardloader seed/catalog 的现有 object_path 分组；加入 sub_field 后可显示在当前参数树,YES_EXISTING_JSON_PARENT_GROUP,medium,SF,小区服务参数管理（总体）,FAP 载波基本配置,Device.Services.FAPService.{i}.,,json_seed_and_catalog_existing_group,omcgo/internal/config/parammodel/mmlstandardloader/seeds/cmcc_tdlte_v23.json; omcgo/datamodels/mml-catalog/cmcc-tdlte-v2.3.json,SJ,移动性参数管理,{i},Device.Services.FAPService.{i}.CellConfig.{i}.NR.RAN.Mobility.ConnMode.EUTRA.Carrier.{i}.,READ_WRITE,STRING
Device.Services.FAPService.{i}.CellConfig.{i}.NR.RAN.Mobility.ConnMode.IRAT.B1MeasureCtrl.{i}.B1ThresholdEUTRARsrp,yes,existing_mml_parent_object_group,命中 mmlstandardloader seed/catalog 的现有 object_path 分组；加入 sub_field 后可显示在当前参数树,YES_EXISTING_JSON_PARENT_GROUP,medium,SF,小区服务参数管理（总体）,FAP 载波基本配置,Device.Services.FAPService.{i}.,,json_seed_and_catalog_existing_group,omcgo/internal/config/parammodel/mmlstandardloader/seeds/cmcc_tdlte_v23.json; omcgo/datamodels/mml-catalog/cmcc-tdlte-v2.3.json,SJ,移动性参数管理,{i},Device.Services.FAPService.{i}.CellConfig.{i}.NR.RAN.Mobility.ConnMode.IRAT.B1MeasureCtrl.{i}.,READ_WRITE,STRING
Device.Services.FAPService.{i}.CellConfig.{i}.NR.RAN.Mobility.ConnMode.IRAT.B1MeasureCtrl.{i}.B1ThresholdEUTRARsrq,yes,existing_mml_parent_object_group,命中 mmlstandardloader seed/catalog 的现有 object_path 分组；加入 sub_field 后可显示在当前参数树,YES_EXISTING_JSON_PARENT_GROUP,medium,SF,小区服务参数管理（总体）,FAP 载波基本配置,Device.Services.FAPService.{i}.,,json_seed_and_catalog_existing_group,omcgo/internal/config/parammodel/mmlstandardloader/seeds/cmcc_tdlte_v23.json; omcgo/datamodels/mml-catalog/cmcc-tdlte-v2.3.json,SJ,移动性参数管理,{i},Device.Services.FAPService.{i}.CellConfig.{i}.NR.RAN.Mobility.ConnMode.IRAT.B1MeasureCtrl.{i}.,READ_WRITE,STRING
Device.Services.FAPService.{i}.CellConfig.{i}.NR.RAN.Mobility.ConnMode.IRAT.B1MeasureCtrl.{i}.B1ThresholdEUTRASinr,yes,existing_mml_parent_object_group,命中 mmlstandardloader seed/catalog 的现有 object_path 分组；加入 sub_field 后可显示在当前参数树,YES_EXISTING_JSON_PARENT_GROUP,medium,SF,小区服务参数管理（总体）,FAP 载波基本配置,Device.Services.FAPService.{i}.,,json_seed_and_catalog_existing_group,omcgo/internal/config/parammodel/mmlstandardloader/seeds/cmcc_tdlte_v23.json; omcgo/datamodels/mml-catalog/cmcc-tdlte-v2.3.json,SJ,移动性参数管理,{i},Device.Services.FAPService.{i}.CellConfig.{i}.NR.RAN.Mobility.ConnMode.IRAT.B1MeasureCtrl.{i}.,READ_WRITE,STRING
Device.Services.FAPService.{i}.CellConfig.{i}.NR.RAN.Mobility.ConnMode.IRAT.B1MeasureCtrl.{i}.Enable,yes,existing_mml_parent_object_group,命中 mmlstandardloader seed/catalog 的现有 object_path 分组；加入 sub_field 后可显示在当前参数树,YES_EXISTING_JSON_PARENT_GROUP,medium,SF,小区服务参数管理（总体）,FAP 载波基本配置,Device.Services.FAPService.{i}.,,json_seed_and_catalog_existing_group,omcgo/internal/config/parammodel/mmlstandardloader/seeds/cmcc_tdlte_v23.json; omcgo/datamodels/mml-catalog/cmcc-tdlte-v2.3.json,SJ,移动性参数管理,{i},Device.Services.FAPService.{i}.CellConfig.{i}.NR.RAN.Mobility.ConnMode.IRAT.B1MeasureCtrl.{i}.,READ_WRITE,STRING
Device.Services.FAPService.{i}.CellConfig.{i}.NR.RAN.Mobility.ConnMode.IRAT.B1MeasureCtrl.{i}.Hysteresis,yes,existing_mml_parent_object_group,命中 mmlstandardloader seed/catalog 的现有 object_path 分组；加入 sub_field 后可显示在当前参数树,YES_EXISTING_JSON_PARENT_GROUP,medium,SF,小区服务参数管理（总体）,FAP 载波基本配置,Device.Services.FAPService.{i}.,,json_seed_and_catalog_existing_group,omcgo/internal/config/parammodel/mmlstandardloader/seeds/cmcc_tdlte_v23.json; omcgo/datamodels/mml-catalog/cmcc-tdlte-v2.3.json,SJ,移动性参数管理,{i},Device.Services.FAPService.{i}.CellConfig.{i}.NR.RAN.Mobility.ConnMode.IRAT.B1MeasureCtrl.{i}.,READ_WRITE,STRING
Device.Services.FAPService.{i}.CellConfig.{i}.NR.RAN.Mobility.ConnMode.IRAT.B1MeasureCtrl.{i}.MaxReportCells,yes,existing_mml_parent_object_group,命中 mmlstandardloader seed/catalog 的现有 object_path 分组；加入 sub_field 后可显示在当前参数树,YES_EXISTING_JSON_PARENT_GROUP,medium,SF,小区服务参数管理（总体）,FAP 载波基本配置,Device.Services.FAPService.{i}.,,json_seed_and_catalog_existing_group,omcgo/internal/config/parammodel/mmlstandardloader/seeds/cmcc_tdlte_v23.json; omcgo/datamodels/mml-catalog/cmcc-tdlte-v2.3.json,SJ,移动性参数管理,{i},Device.Services.FAPService.{i}.CellConfig.{i}.NR.RAN.Mobility.ConnMode.IRAT.B1MeasureCtrl.{i}.,READ_WRITE,STRING
Device.Services.FAPService.{i}.CellConfig.{i}.NR.RAN.Mobility.ConnMode.IRAT.B1MeasureCtrl.{i}.MeasurePurpose,yes,existing_mml_parent_object_group,命中 mmlstandardloader seed/catalog 的现有 object_path 分组；加入 sub_field 后可显示在当前参数树,YES_EXISTING_JSON_PARENT_GROUP,medium,SF,小区服务参数管理（总体）,FAP 载波基本配置,Device.Services.FAPService.{i}.,,json_seed_and_catalog_existing_group,omcgo/internal/config/parammodel/mmlstandardloader/seeds/cmcc_tdlte_v23.json; omcgo/datamodels/mml-catalog/cmcc-tdlte-v2.3.json,SJ,移动性参数管理,{i},Device.Services.FAPService.{i}.CellConfig.{i}.NR.RAN.Mobility.ConnMode.IRAT.B1MeasureCtrl.{i}.,READ_WRITE,STRING
Device.Services.FAPService.{i}.CellConfig.{i}.NR.RAN.Mobility.ConnMode.IRAT.B1MeasureCtrl.{i}.PLMNID,yes,existing_mml_parent_object_group,命中 mmlstandardloader seed/catalog 的现有 object_path 分组；加入 sub_field 后可显示在当前参数树,YES_EXISTING_JSON_PARENT_GROUP,medium,SF,小区服务参数管理（总体）,FAP 载波基本配置,Device.Services.FAPService.{i}.,,json_seed_and_catalog_existing_group,omcgo/internal/config/parammodel/mmlstandardloader/seeds/cmcc_tdlte_v23.json; omcgo/datamodels/mml-catalog/cmcc-tdlte-v2.3.json,SJ,移动性参数管理,{i},Device.Services.FAPService.{i}.CellConfig.{i}.NR.RAN.Mobility.ConnMode.IRAT.B1MeasureCtrl.{i}.,READ_WRITE,STRING
Device.Services.FAPService.{i}.CellConfig.{i}.NR.RAN.Mobility.ConnMode.IRAT.B1MeasureCtrl.{i}.ReportAmount,yes,existing_mml_parent_object_group,命中 mmlstandardloader seed/catalog 的现有 object_path 分组；加入 sub_field 后可显示在当前参数树,YES_EXISTING_JSON_PARENT_GROUP,medium,SF,小区服务参数管理（总体）,FAP 载波基本配置,Device.Services.FAPService.{i}.,,json_seed_and_catalog_existing_group,omcgo/internal/config/parammodel/mmlstandardloader/seeds/cmcc_tdlte_v23.json; omcgo/datamodels/mml-catalog/cmcc-tdlte-v2.3.json,SJ,移动性参数管理,{i},Device.Services.FAPService.{i}.CellConfig.{i}.NR.RAN.Mobility.ConnMode.IRAT.B1MeasureCtrl.{i}.,READ_WRITE,STRING
Device.Services.FAPService.{i}.CellConfig.{i}.NR.RAN.Mobility.ConnMode.IRAT.B1MeasureCtrl.{i}.ReportInterval,yes,existing_mml_parent_object_group,命中 mmlstandardloader seed/catalog 的现有 object_path 分组；加入 sub_field 后可显示在当前参数树,YES_EXISTING_JSON_PARENT_GROUP,medium,SF,小区服务参数管理（总体）,FAP 载波基本配置,Device.Services.FAPService.{i}.,,json_seed_and_catalog_existing_group,omcgo/internal/config/parammodel/mmlstandardloader/seeds/cmcc_tdlte_v23.json; omcgo/datamodels/mml-catalog/cmcc-tdlte-v2.3.json,SJ,移动性参数管理,{i},Device.Services.FAPService.{i}.CellConfig.{i}.NR.RAN.Mobility.ConnMode.IRAT.B1MeasureCtrl.{i}.,READ_WRITE,STRING
Device.Services.FAPService.{i}.CellConfig.{i}.NR.RAN.Mobility.ConnMode.IRAT.B1MeasureCtrl.{i}.ReportOnLeave,yes,existing_mml_parent_object_group,命中 mmlstandardloader seed/catalog 的现有 object_path 分组；加入 sub_field 后可显示在当前参数树,YES_EXISTING_JSON_PARENT_GROUP,medium,SF,小区服务参数管理（总体）,FAP 载波基本配置,Device.Services.FAPService.{i}.,,json_seed_and_catalog_existing_group,omcgo/internal/config/parammodel/mmlstandardloader/seeds/cmcc_tdlte_v23.json; omcgo/datamodels/mml-catalog/cmcc-tdlte-v2.3.json,SJ,移动性参数管理,{i},Device.Services.FAPService.{i}.CellConfig.{i}.NR.RAN.Mobility.ConnMode.IRAT.B1MeasureCtrl.{i}.,READ_WRITE,STRING
Device.Services.FAPService.{i}.CellConfig.{i}.NR.RAN.Mobility.ConnMode.IRAT.B1MeasureCtrl.{i}.ReportQuantity,yes,existing_mml_parent_object_group,命中 mmlstandardloader seed/catalog 的现有 object_path 分组；加入 sub_field 后可显示在当前参数树,YES_EXISTING_JSON_PARENT_GROUP,medium,SF,小区服务参数管理（总体）,FAP 载波基本配置,Device.Services.FAPService.{i}.,,json_seed_and_catalog_existing_group,omcgo/internal/config/parammodel/mmlstandardloader/seeds/cmcc_tdlte_v23.json; omcgo/datamodels/mml-catalog/cmcc-tdlte-v2.3.json,SJ,移动性参数管理,{i},Device.Services.FAPService.{i}.CellConfig.{i}.NR.RAN.Mobility.ConnMode.IRAT.B1MeasureCtrl.{i}.,READ_WRITE,STRING
Device.Services.FAPService.{i}.CellConfig.{i}.NR.RAN.Mobility.ConnMode.IRAT.B1MeasureCtrl.{i}.ThresholdTriggerType,yes,existing_mml_parent_object_group,命中 mmlstandardloader seed/catalog 的现有 object_path 分组；加入 sub_field 后可显示在当前参数树,YES_EXISTING_JSON_PARENT_GROUP,medium,SF,小区服务参数管理（总体）,FAP 载波基本配置,Device.Services.FAPService.{i}.,,json_seed_and_catalog_existing_group,omcgo/internal/config/parammodel/mmlstandardloader/seeds/cmcc_tdlte_v23.json; omcgo/datamodels/mml-catalog/cmcc-tdlte-v2.3.json,SJ,移动性参数管理,{i},Device.Services.FAPService.{i}.CellConfig.{i}.NR.RAN.Mobility.ConnMode.IRAT.B1MeasureCtrl.{i}.,READ_WRITE,STRING
Device.Services.FAPService.{i}.CellConfig.{i}.NR.RAN.Mobility.ConnMode.IRAT.B1MeasureCtrl.{i}.TimeToTrigger,yes,existing_mml_parent_object_group,命中 mmlstandardloader seed/catalog 的现有 object_path 分组；加入 sub_field 后可显示在当前参数树,YES_EXISTING_JSON_PARENT_GROUP,medium,SF,小区服务参数管理（总体）,FAP 载波基本配置,Device.Services.FAPService.{i}.,,json_seed_and_catalog_existing_group,omcgo/internal/config/parammodel/mmlstandardloader/seeds/cmcc_tdlte_v23.json; omcgo/datamodels/mml-catalog/cmcc-tdlte-v2.3.json,SJ,移动性参数管理,{i},Device.Services.FAPService.{i}.CellConfig.{i}.NR.RAN.Mobility.ConnMode.IRAT.B1MeasureCtrl.{i}.,READ_WRITE,STRING
Device.Services.FAPService.{i}.CellConfig.{i}.NR.RAN.Mobility.ConnMode.IRAT.B2MeasureCtrl.{i}.B2Threshold1RSRP,yes,existing_mml_parent_object_group,命中 mmlstandardloader seed/catalog 的现有 object_path 分组；加入 sub_field 后可显示在当前参数树,YES_EXISTING_JSON_PARENT_GROUP,medium,SF,小区服务参数管理（总体）,FAP 载波基本配置,Device.Services.FAPService.{i}.,,json_seed_and_catalog_existing_group,omcgo/internal/config/parammodel/mmlstandardloader/seeds/cmcc_tdlte_v23.json; omcgo/datamodels/mml-catalog/cmcc-tdlte-v2.3.json,SJ,移动性参数管理,{i},Device.Services.FAPService.{i}.CellConfig.{i}.NR.RAN.Mobility.ConnMode.IRAT.B2MeasureCtrl.{i}.,READ_WRITE,STRING
Device.Services.FAPService.{i}.CellConfig.{i}.NR.RAN.Mobility.ConnMode.IRAT.B2MeasureCtrl.{i}.B2Threshold1RSRQ,yes,existing_mml_parent_object_group,命中 mmlstandardloader seed/catalog 的现有 object_path 分组；加入 sub_field 后可显示在当前参数树,YES_EXISTING_JSON_PARENT_GROUP,medium,SF,小区服务参数管理（总体）,FAP 载波基本配置,Device.Services.FAPService.{i}.,,json_seed_and_catalog_existing_group,omcgo/internal/config/parammodel/mmlstandardloader/seeds/cmcc_tdlte_v23.json; omcgo/datamodels/mml-catalog/cmcc-tdlte-v2.3.json,SJ,移动性参数管理,{i},Device.Services.FAPService.{i}.CellConfig.{i}.NR.RAN.Mobility.ConnMode.IRAT.B2MeasureCtrl.{i}.,READ_WRITE,STRING
Device.Services.FAPService.{i}.CellConfig.{i}.NR.RAN.Mobility.ConnMode.IRAT.B2MeasureCtrl.{i}.B2Threshold1SINR,yes,existing_mml_parent_object_group,命中 mmlstandardloader seed/catalog 的现有 object_path 分组；加入 sub_field 后可显示在当前参数树,YES_EXISTING_JSON_PARENT_GROUP,medium,SF,小区服务参数管理（总体）,FAP 载波基本配置,Device.Services.FAPService.{i}.,,json_seed_and_catalog_existing_group,omcgo/internal/config/parammodel/mmlstandardloader/seeds/cmcc_tdlte_v23.json; omcgo/datamodels/mml-catalog/cmcc-tdlte-v2.3.json,SJ,移动性参数管理,{i},Device.Services.FAPService.{i}.CellConfig.{i}.NR.RAN.Mobility.ConnMode.IRAT.B2MeasureCtrl.{i}.,READ_WRITE,STRING
Device.Services.FAPService.{i}.CellConfig.{i}.NR.RAN.Mobility.ConnMode.IRAT.B2MeasureCtrl.{i}.B2Threshold2EUTRARSRP,yes,existing_mml_parent_object_group,命中 mmlstandardloader seed/catalog 的现有 object_path 分组；加入 sub_field 后可显示在当前参数树,YES_EXISTING_JSON_PARENT_GROUP,medium,SF,小区服务参数管理（总体）,FAP 载波基本配置,Device.Services.FAPService.{i}.,,json_seed_and_catalog_existing_group,omcgo/internal/config/parammodel/mmlstandardloader/seeds/cmcc_tdlte_v23.json; omcgo/datamodels/mml-catalog/cmcc-tdlte-v2.3.json,SJ,移动性参数管理,{i},Device.Services.FAPService.{i}.CellConfig.{i}.NR.RAN.Mobility.ConnMode.IRAT.B2MeasureCtrl.{i}.,READ_WRITE,STRING
Device.Services.FAPService.{i}.CellConfig.{i}.NR.RAN.Mobility.ConnMode.IRAT.B2MeasureCtrl.{i}.B2Threshold2EUTRARSRQ,yes,existing_mml_parent_object_group,命中 mmlstandardloader seed/catalog 的现有 object_path 分组；加入 sub_field 后可显示在当前参数树,YES_EXISTING_JSON_PARENT_GROUP,medium,SF,小区服务参数管理（总体）,FAP 载波基本配置,Device.Services.FAPService.{i}.,,json_seed_and_catalog_existing_group,omcgo/internal/config/parammodel/mmlstandardloader/seeds/cmcc_tdlte_v23.json; omcgo/datamodels/mml-catalog/cmcc-tdlte-v2.3.json,SJ,移动性参数管理,{i},Device.Services.FAPService.{i}.CellConfig.{i}.NR.RAN.Mobility.ConnMode.IRAT.B2MeasureCtrl.{i}.,READ_WRITE,STRING
Device.Services.FAPService.{i}.CellConfig.{i}.NR.RAN.Mobility.ConnMode.IRAT.B2MeasureCtrl.{i}.B2Threshold2EUTRASINR,yes,existing_mml_parent_object_group,命中 mmlstandardloader seed/catalog 的现有 object_path 分组；加入 sub_field 后可显示在当前参数树,YES_EXISTING_JSON_PARENT_GROUP,medium,SF,小区服务参数管理（总体）,FAP 载波基本配置,Device.Services.FAPService.{i}.,,json_seed_and_catalog_existing_group,omcgo/internal/config/parammodel/mmlstandardloader/seeds/cmcc_tdlte_v23.json; omcgo/datamodels/mml-catalog/cmcc-tdlte-v2.3.json,SJ,移动性参数管理,{i},Device.Services.FAPService.{i}.CellConfig.{i}.NR.RAN.Mobility.ConnMode.IRAT.B2MeasureCtrl.{i}.,READ_WRITE,STRING
Device.Services.FAPService.{i}.CellConfig.{i}.NR.RAN.Mobility.ConnMode.IRAT.B2MeasureCtrl.{i}.Enable,yes,existing_mml_parent_object_group,命中 mmlstandardloader seed/catalog 的现有 object_path 分组；加入 sub_field 后可显示在当前参数树,YES_EXISTING_JSON_PARENT_GROUP,medium,SF,小区服务参数管理（总体）,FAP 载波基本配置,Device.Services.FAPService.{i}.,,json_seed_and_catalog_existing_group,omcgo/internal/config/parammodel/mmlstandardloader/seeds/cmcc_tdlte_v23.json; omcgo/datamodels/mml-catalog/cmcc-tdlte-v2.3.json,SJ,移动性参数管理,{i},Device.Services.FAPService.{i}.CellConfig.{i}.NR.RAN.Mobility.ConnMode.IRAT.B2MeasureCtrl.{i}.,READ_WRITE,STRING
Device.Services.FAPService.{i}.CellConfig.{i}.NR.RAN.Mobility.ConnMode.IRAT.B2MeasureCtrl.{i}.Hysteresis,yes,existing_mml_parent_object_group,命中 mmlstandardloader seed/catalog 的现有 object_path 分组；加入 sub_field 后可显示在当前参数树,YES_EXISTING_JSON_PARENT_GROUP,medium,SF,小区服务参数管理（总体）,FAP 载波基本配置,Device.Services.FAPService.{i}.,,json_seed_and_catalog_existing_group,omcgo/internal/config/parammodel/mmlstandardloader/seeds/cmcc_tdlte_v23.json; omcgo/datamodels/mml-catalog/cmcc-tdlte-v2.3.json,SJ,移动性参数管理,{i},Device.Services.FAPService.{i}.CellConfig.{i}.NR.RAN.Mobility.ConnMode.IRAT.B2MeasureCtrl.{i}.,READ_WRITE,STRING
Device.Services.FAPService.{i}.CellConfig.{i}.NR.RAN.Mobility.ConnMode.IRAT.B2MeasureCtrl.{i}.MaxReportCells,yes,existing_mml_parent_object_group,命中 mmlstandardloader seed/catalog 的现有 object_path 分组；加入 sub_field 后可显示在当前参数树,YES_EXISTING_JSON_PARENT_GROUP,medium,SF,小区服务参数管理（总体）,FAP 载波基本配置,Device.Services.FAPService.{i}.,,json_seed_and_catalog_existing_group,omcgo/internal/config/parammodel/mmlstandardloader/seeds/cmcc_tdlte_v23.json; omcgo/datamodels/mml-catalog/cmcc-tdlte-v2.3.json,SJ,移动性参数管理,{i},Device.Services.FAPService.{i}.CellConfig.{i}.NR.RAN.Mobility.ConnMode.IRAT.B2MeasureCtrl.{i}.,READ_WRITE,STRING
Device.Services.FAPService.{i}.CellConfig.{i}.NR.RAN.Mobility.ConnMode.IRAT.B2MeasureCtrl.{i}.MeasurePurpose,yes,existing_mml_parent_object_group,命中 mmlstandardloader seed/catalog 的现有 object_path 分组；加入 sub_field 后可显示在当前参数树,YES_EXISTING_JSON_PARENT_GROUP,medium,SF,小区服务参数管理（总体）,FAP 载波基本配置,Device.Services.FAPService.{i}.,,json_seed_and_catalog_existing_group,omcgo/internal/config/parammodel/mmlstandardloader/seeds/cmcc_tdlte_v23.json; omcgo/datamodels/mml-catalog/cmcc-tdlte-v2.3.json,SJ,移动性参数管理,{i},Device.Services.FAPService.{i}.CellConfig.{i}.NR.RAN.Mobility.ConnMode.IRAT.B2MeasureCtrl.{i}.,READ_WRITE,STRING
Device.Services.FAPService.{i}.CellConfig.{i}.NR.RAN.Mobility.ConnMode.IRAT.B2MeasureCtrl.{i}.PLMNID,yes,existing_mml_parent_object_group,命中 mmlstandardloader seed/catalog 的现有 object_path 分组；加入 sub_field 后可显示在当前参数树,YES_EXISTING_JSON_PARENT_GROUP,medium,SF,小区服务参数管理（总体）,FAP 载波基本配置,Device.Services.FAPService.{i}.,,json_seed_and_catalog_existing_group,omcgo/internal/config/parammodel/mmlstandardloader/seeds/cmcc_tdlte_v23.json; omcgo/datamodels/mml-catalog/cmcc-tdlte-v2.3.json,SJ,移动性参数管理,{i},Device.Services.FAPService.{i}.CellConfig.{i}.NR.RAN.Mobility.ConnMode.IRAT.B2MeasureCtrl.{i}.,READ_WRITE,STRING
Device.Services.FAPService.{i}.CellConfig.{i}.NR.RAN.Mobility.ConnMode.IRAT.B2MeasureCtrl.{i}.ReportAmount,yes,existing_mml_parent_object_group,命中 mmlstandardloader seed/catalog 的现有 object_path 分组；加入 sub_field 后可显示在当前参数树,YES_EXISTING_JSON_PARENT_GROUP,medium,SF,小区服务参数管理（总体）,FAP 载波基本配置,Device.Services.FAPService.{i}.,,json_seed_and_catalog_existing_group,omcgo/internal/config/parammodel/mmlstandardloader/seeds/cmcc_tdlte_v23.json; omcgo/datamodels/mml-catalog/cmcc-tdlte-v2.3.json,SJ,移动性参数管理,{i},Device.Services.FAPService.{i}.CellConfig.{i}.NR.RAN.Mobility.ConnMode.IRAT.B2MeasureCtrl.{i}.,READ_WRITE,STRING
Device.Services.FAPService.{i}.CellConfig.{i}.NR.RAN.Mobility.ConnMode.IRAT.B2MeasureCtrl.{i}.ReportInterval,yes,existing_mml_parent_object_group,命中 mmlstandardloader seed/catalog 的现有 object_path 分组；加入 sub_field 后可显示在当前参数树,YES_EXISTING_JSON_PARENT_GROUP,medium,SF,小区服务参数管理（总体）,FAP 载波基本配置,Device.Services.FAPService.{i}.,,json_seed_and_catalog_existing_group,omcgo/internal/config/parammodel/mmlstandardloader/seeds/cmcc_tdlte_v23.json; omcgo/datamodels/mml-catalog/cmcc-tdlte-v2.3.json,SJ,移动性参数管理,{i},Device.Services.FAPService.{i}.CellConfig.{i}.NR.RAN.Mobility.ConnMode.IRAT.B2MeasureCtrl.{i}.,READ_WRITE,STRING
Device.Services.FAPService.{i}.CellConfig.{i}.NR.RAN.Mobility.ConnMode.IRAT.B2MeasureCtrl.{i}.ReportOnLeave,yes,existing_mml_parent_object_group,命中 mmlstandardloader seed/catalog 的现有 object_path 分组；加入 sub_field 后可显示在当前参数树,YES_EXISTING_JSON_PARENT_GROUP,medium,SF,小区服务参数管理（总体）,FAP 载波基本配置,Device.Services.FAPService.{i}.,,json_seed_and_catalog_existing_group,omcgo/internal/config/parammodel/mmlstandardloader/seeds/cmcc_tdlte_v23.json; omcgo/datamodels/mml-catalog/cmcc-tdlte-v2.3.json,SJ,移动性参数管理,{i},Device.Services.FAPService.{i}.CellConfig.{i}.NR.RAN.Mobility.ConnMode.IRAT.B2MeasureCtrl.{i}.,READ_WRITE,STRING
Device.Services.FAPService.{i}.CellConfig.{i}.NR.RAN.Mobility.ConnMode.IRAT.B2MeasureCtrl.{i}.ReportQuantity,yes,existing_mml_parent_object_group,命中 mmlstandardloader seed/catalog 的现有 object_path 分组；加入 sub_field 后可显示在当前参数树,YES_EXISTING_JSON_PARENT_GROUP,medium,SF,小区服务参数管理（总体）,FAP 载波基本配置,Device.Services.FAPService.{i}.,,json_seed_and_catalog_existing_group,omcgo/internal/config/parammodel/mmlstandardloader/seeds/cmcc_tdlte_v23.json; omcgo/datamodels/mml-catalog/cmcc-tdlte-v2.3.json,SJ,移动性参数管理,{i},Device.Services.FAPService.{i}.CellConfig.{i}.NR.RAN.Mobility.ConnMode.IRAT.B2MeasureCtrl.{i}.,READ_WRITE,STRING
Device.Services.FAPService.{i}.CellConfig.{i}.NR.RAN.Mobility.ConnMode.IRAT.B2MeasureCtrl.{i}.Threshold2TriggerType,yes,existing_mml_parent_object_group,命中 mmlstandardloader seed/catalog 的现有 object_path 分组；加入 sub_field 后可显示在当前参数树,YES_EXISTING_JSON_PARENT_GROUP,medium,SF,小区服务参数管理（总体）,FAP 载波基本配置,Device.Services.FAPService.{i}.,,json_seed_and_catalog_existing_group,omcgo/internal/config/parammodel/mmlstandardloader/seeds/cmcc_tdlte_v23.json; omcgo/datamodels/mml-catalog/cmcc-tdlte-v2.3.json,SJ,移动性参数管理,{i},Device.Services.FAPService.{i}.CellConfig.{i}.NR.RAN.Mobility.ConnMode.IRAT.B2MeasureCtrl.{i}.,READ_WRITE,STRING
Device.Services.FAPService.{i}.CellConfig.{i}.NR.RAN.Mobility.ConnMode.IRAT.B2MeasureCtrl.{i}.ThresholdTriggerType,yes,existing_mml_parent_object_group,命中 mmlstandardloader seed/catalog 的现有 object_path 分组；加入 sub_field 后可显示在当前参数树,YES_EXISTING_JSON_PARENT_GROUP,medium,SF,小区服务参数管理（总体）,FAP 载波基本配置,Device.Services.FAPService.{i}.,,json_seed_and_catalog_existing_group,omcgo/internal/config/parammodel/mmlstandardloader/seeds/cmcc_tdlte_v23.json; omcgo/datamodels/mml-catalog/cmcc-tdlte-v2.3.json,SJ,移动性参数管理,{i},Device.Services.FAPService.{i}.CellConfig.{i}.NR.RAN.Mobility.ConnMode.IRAT.B2MeasureCtrl.{i}.,READ_WRITE,STRING
Device.Services.FAPService.{i}.CellConfig.{i}.NR.RAN.Mobility.ConnMode.IRAT.B2MeasureCtrl.{i}.TimeToTrigger,yes,existing_mml_parent_object_group,命中 mmlstandardloader seed/catalog 的现有 object_path 分组；加入 sub_field 后可显示在当前参数树,YES_EXISTING_JSON_PARENT_GROUP,medium,SF,小区服务参数管理（总体）,FAP 载波基本配置,Device.Services.FAPService.{i}.,,json_seed_and_catalog_existing_group,omcgo/internal/config/parammodel/mmlstandardloader/seeds/cmcc_tdlte_v23.json; omcgo/datamodels/mml-catalog/cmcc-tdlte-v2.3.json,SJ,移动性参数管理,{i},Device.Services.FAPService.{i}.CellConfig.{i}.NR.RAN.Mobility.ConnMode.IRAT.B2MeasureCtrl.{i}.,READ_WRITE,STRING
Device.Services.FAPService.{i}.CellConfig.{i}.NR.RAN.Mobility.ConnMode.NR.A1MeasureCtrl.{i}.A1ThresholdRSRP,yes,existing_mml_parent_object_group,命中 mmlstandardloader seed/catalog 的现有 object_path 分组；加入 sub_field 后可显示在当前参数树,YES_EXISTING_JSON_PARENT_GROUP,medium,SF,小区服务参数管理（总体）,FAP 载波基本配置,Device.Services.FAPService.{i}.,,json_seed_and_catalog_existing_group,omcgo/internal/config/parammodel/mmlstandardloader/seeds/cmcc_tdlte_v23.json; omcgo/datamodels/mml-catalog/cmcc-tdlte-v2.3.json,SJ,移动性参数管理,{i},Device.Services.FAPService.{i}.CellConfig.{i}.NR.RAN.Mobility.ConnMode.NR.A1MeasureCtrl.{i}.,READ_WRITE,STRING
Device.Services.FAPService.{i}.CellConfig.{i}.NR.RAN.Mobility.ConnMode.NR.A1MeasureCtrl.{i}.A1ThresholdRSRQ,yes,existing_mml_parent_object_group,命中 mmlstandardloader seed/catalog 的现有 object_path 分组；加入 sub_field 后可显示在当前参数树,YES_EXISTING_JSON_PARENT_GROUP,medium,SF,小区服务参数管理（总体）,FAP 载波基本配置,Device.Services.FAPService.{i}.,,json_seed_and_catalog_existing_group,omcgo/internal/config/parammodel/mmlstandardloader/seeds/cmcc_tdlte_v23.json; omcgo/datamodels/mml-catalog/cmcc-tdlte-v2.3.json,SJ,移动性参数管理,{i},Device.Services.FAPService.{i}.CellConfig.{i}.NR.RAN.Mobility.ConnMode.NR.A1MeasureCtrl.{i}.,READ_WRITE,STRING
Device.Services.FAPService.{i}.CellConfig.{i}.NR.RAN.Mobility.ConnMode.NR.A1MeasureCtrl.{i}.A1ThresholdSINR,yes,existing_mml_parent_object_group,命中 mmlstandardloader seed/catalog 的现有 object_path 分组；加入 sub_field 后可显示在当前参数树,YES_EXISTING_JSON_PARENT_GROUP,medium,SF,小区服务参数管理（总体）,FAP 载波基本配置,Device.Services.FAPService.{i}.,,json_seed_and_catalog_existing_group,omcgo/internal/config/parammodel/mmlstandardloader/seeds/cmcc_tdlte_v23.json; omcgo/datamodels/mml-catalog/cmcc-tdlte-v2.3.json,SJ,移动性参数管理,{i},Device.Services.FAPService.{i}.CellConfig.{i}.NR.RAN.Mobility.ConnMode.NR.A1MeasureCtrl.{i}.,READ_WRITE,STRING
Device.Services.FAPService.{i}.CellConfig.{i}.NR.RAN.Mobility.ConnMode.NR.A1MeasureCtrl.{i}.Enable,yes,existing_mml_parent_object_group,命中 mmlstandardloader seed/catalog 的现有 object_path 分组；加入 sub_field 后可显示在当前参数树,YES_EXISTING_JSON_PARENT_GROUP,medium,SF,小区服务参数管理（总体）,FAP 载波基本配置,Device.Services.FAPService.{i}.,,json_seed_and_catalog_existing_group,omcgo/internal/config/parammodel/mmlstandardloader/seeds/cmcc_tdlte_v23.json; omcgo/datamodels/mml-catalog/cmcc-tdlte-v2.3.json,SJ,移动性参数管理,{i},Device.Services.FAPService.{i}.CellConfig.{i}.NR.RAN.Mobility.ConnMode.NR.A1MeasureCtrl.{i}.,READ_WRITE,STRING
Device.Services.FAPService.{i}.CellConfig.{i}.NR.RAN.Mobility.ConnMode.NR.A1MeasureCtrl.{i}.Hysteresis,yes,existing_mml_parent_object_group,命中 mmlstandardloader seed/catalog 的现有 object_path 分组；加入 sub_field 后可显示在当前参数树,YES_EXISTING_JSON_PARENT_GROUP,medium,SF,小区服务参数管理（总体）,FAP 载波基本配置,Device.Services.FAPService.{i}.,,json_seed_and_catalog_existing_group,omcgo/internal/config/parammodel/mmlstandardloader/seeds/cmcc_tdlte_v23.json; omcgo/datamodels/mml-catalog/cmcc-tdlte-v2.3.json,SJ,移动性参数管理,{i},Device.Services.FAPService.{i}.CellConfig.{i}.NR.RAN.Mobility.ConnMode.NR.A1MeasureCtrl.{i}.,READ_WRITE,STRING
Device.Services.FAPService.{i}.CellConfig.{i}.NR.RAN.Mobility.ConnMode.NR.A1MeasureCtrl.{i}.IncludeBeamMeasurements,yes,existing_mml_parent_object_group,命中 mmlstandardloader seed/catalog 的现有 object_path 分组；加入 sub_field 后可显示在当前参数树,YES_EXISTING_JSON_PARENT_GROUP,medium,SF,小区服务参数管理（总体）,FAP 载波基本配置,Device.Services.FAPService.{i}.,,json_seed_and_catalog_existing_group,omcgo/internal/config/parammodel/mmlstandardloader/seeds/cmcc_tdlte_v23.json; omcgo/datamodels/mml-catalog/cmcc-tdlte-v2.3.json,SJ,移动性参数管理,{i},Device.Services.FAPService.{i}.CellConfig.{i}.NR.RAN.Mobility.ConnMode.NR.A1MeasureCtrl.{i}.,READ_WRITE,STRING
Device.Services.FAPService.{i}.CellConfig.{i}.NR.RAN.Mobility.ConnMode.NR.A1MeasureCtrl.{i}.MaxNrofRSIndexToReport,yes,existing_mml_parent_object_group,命中 mmlstandardloader seed/catalog 的现有 object_path 分组；加入 sub_field 后可显示在当前参数树,YES_EXISTING_JSON_PARENT_GROUP,medium,SF,小区服务参数管理（总体）,FAP 载波基本配置,Device.Services.FAPService.{i}.,,json_seed_and_catalog_existing_group,omcgo/internal/config/parammodel/mmlstandardloader/seeds/cmcc_tdlte_v23.json; omcgo/datamodels/mml-catalog/cmcc-tdlte-v2.3.json,SJ,移动性参数管理,{i},Device.Services.FAPService.{i}.CellConfig.{i}.NR.RAN.Mobility.ConnMode.NR.A1MeasureCtrl.{i}.,READ_WRITE,STRING
Device.Services.FAPService.{i}.CellConfig.{i}.NR.RAN.Mobility.ConnMode.NR.A1MeasureCtrl.{i}.MaxReportCells,yes,existing_mml_parent_object_group,命中 mmlstandardloader seed/catalog 的现有 object_path 分组；加入 sub_field 后可显示在当前参数树,YES_EXISTING_JSON_PARENT_GROUP,medium,SF,小区服务参数管理（总体）,FAP 载波基本配置,Device.Services.FAPService.{i}.,,json_seed_and_catalog_existing_group,omcgo/internal/config/parammodel/mmlstandardloader/seeds/cmcc_tdlte_v23.json; omcgo/datamodels/mml-catalog/cmcc-tdlte-v2.3.json,SJ,移动性参数管理,{i},Device.Services.FAPService.{i}.CellConfig.{i}.NR.RAN.Mobility.ConnMode.NR.A1MeasureCtrl.{i}.,READ_WRITE,STRING
Device.Services.FAPService.{i}.CellConfig.{i}.NR.RAN.Mobility.ConnMode.NR.A1MeasureCtrl.{i}.MeasurePurpose,yes,existing_mml_parent_object_group,命中 mmlstandardloader seed/catalog 的现有 object_path 分组；加入 sub_field 后可显示在当前参数树,YES_EXISTING_JSON_PARENT_GROUP,medium,SF,小区服务参数管理（总体）,FAP 载波基本配置,Device.Services.FAPService.{i}.,,json_seed_and_catalog_existing_group,omcgo/internal/config/parammodel/mmlstandardloader/seeds/cmcc_tdlte_v23.json; omcgo/datamodels/mml-catalog/cmcc-tdlte-v2.3.json,SJ,移动性参数管理,{i},Device.Services.FAPService.{i}.CellConfig.{i}.NR.RAN.Mobility.ConnMode.NR.A1MeasureCtrl.{i}.,READ_WRITE,STRING
Device.Services.FAPService.{i}.CellConfig.{i}.NR.RAN.Mobility.ConnMode.NR.A1MeasureCtrl.{i}.PLMNID,yes,existing_mml_parent_object_group,命中 mmlstandardloader seed/catalog 的现有 object_path 分组；加入 sub_field 后可显示在当前参数树,YES_EXISTING_JSON_PARENT_GROUP,medium,SF,小区服务参数管理（总体）,FAP 载波基本配置,Device.Services.FAPService.{i}.,,json_seed_and_catalog_existing_group,omcgo/internal/config/parammodel/mmlstandardloader/seeds/cmcc_tdlte_v23.json; omcgo/datamodels/mml-catalog/cmcc-tdlte-v2.3.json,SJ,移动性参数管理,{i},Device.Services.FAPService.{i}.CellConfig.{i}.NR.RAN.Mobility.ConnMode.NR.A1MeasureCtrl.{i}.,READ_WRITE,STRING
Device.Services.FAPService.{i}.CellConfig.{i}.NR.RAN.Mobility.ConnMode.NR.A1MeasureCtrl.{i}.ReportAmount,yes,existing_mml_parent_object_group,命中 mmlstandardloader seed/catalog 的现有 object_path 分组；加入 sub_field 后可显示在当前参数树,YES_EXISTING_JSON_PARENT_GROUP,medium,SF,小区服务参数管理（总体）,FAP 载波基本配置,Device.Services.FAPService.{i}.,,json_seed_and_catalog_existing_group,omcgo/internal/config/parammodel/mmlstandardloader/seeds/cmcc_tdlte_v23.json; omcgo/datamodels/mml-catalog/cmcc-tdlte-v2.3.json,SJ,移动性参数管理,{i},Device.Services.FAPService.{i}.CellConfig.{i}.NR.RAN.Mobility.ConnMode.NR.A1MeasureCtrl.{i}.,READ_WRITE,STRING
Device.Services.FAPService.{i}.CellConfig.{i}.NR.RAN.Mobility.ConnMode.NR.A1MeasureCtrl.{i}.ReportInterval,yes,existing_mml_parent_object_group,命中 mmlstandardloader seed/catalog 的现有 object_path 分组；加入 sub_field 后可显示在当前参数树,YES_EXISTING_JSON_PARENT_GROUP,medium,SF,小区服务参数管理（总体）,FAP 载波基本配置,Device.Services.FAPService.{i}.,,json_seed_and_catalog_existing_group,omcgo/internal/config/parammodel/mmlstandardloader/seeds/cmcc_tdlte_v23.json; omcgo/datamodels/mml-catalog/cmcc-tdlte-v2.3.json,SJ,移动性参数管理,{i},Device.Services.FAPService.{i}.CellConfig.{i}.NR.RAN.Mobility.ConnMode.NR.A1MeasureCtrl.{i}.,READ_WRITE,STRING
Device.Services.FAPService.{i}.CellConfig.{i}.NR.RAN.Mobility.ConnMode.NR.A1MeasureCtrl.{i}.ReportOnLeave,yes,existing_mml_parent_object_group,命中 mmlstandardloader seed/catalog 的现有 object_path 分组；加入 sub_field 后可显示在当前参数树,YES_EXISTING_JSON_PARENT_GROUP,medium,SF,小区服务参数管理（总体）,FAP 载波基本配置,Device.Services.FAPService.{i}.,,json_seed_and_catalog_existing_group,omcgo/internal/config/parammodel/mmlstandardloader/seeds/cmcc_tdlte_v23.json; omcgo/datamodels/mml-catalog/cmcc-tdlte-v2.3.json,SJ,移动性参数管理,{i},Device.Services.FAPService.{i}.CellConfig.{i}.NR.RAN.Mobility.ConnMode.NR.A1MeasureCtrl.{i}.,READ_WRITE,STRING
Device.Services.FAPService.{i}.CellConfig.{i}.NR.RAN.Mobility.ConnMode.NR.A1MeasureCtrl.{i}.ReportQuantityCell,yes,existing_mml_parent_object_group,命中 mmlstandardloader seed/catalog 的现有 object_path 分组；加入 sub_field 后可显示在当前参数树,YES_EXISTING_JSON_PARENT_GROUP,medium,SF,小区服务参数管理（总体）,FAP 载波基本配置,Device.Services.FAPService.{i}.,,json_seed_and_catalog_existing_group,omcgo/internal/config/parammodel/mmlstandardloader/seeds/cmcc_tdlte_v23.json; omcgo/datamodels/mml-catalog/cmcc-tdlte-v2.3.json,SJ,移动性参数管理,{i},Device.Services.FAPService.{i}.CellConfig.{i}.NR.RAN.Mobility.ConnMode.NR.A1MeasureCtrl.{i}.,READ_WRITE,STRING
Device.Services.FAPService.{i}.CellConfig.{i}.NR.RAN.Mobility.ConnMode.NR.A1MeasureCtrl.{i}.RptQuantityRsIndex,yes,existing_mml_parent_object_group,命中 mmlstandardloader seed/catalog 的现有 object_path 分组；加入 sub_field 后可显示在当前参数树,YES_EXISTING_JSON_PARENT_GROUP,medium,SF,小区服务参数管理（总体）,FAP 载波基本配置,Device.Services.FAPService.{i}.,,json_seed_and_catalog_existing_group,omcgo/internal/config/parammodel/mmlstandardloader/seeds/cmcc_tdlte_v23.json; omcgo/datamodels/mml-catalog/cmcc-tdlte-v2.3.json,SJ,移动性参数管理,{i},Device.Services.FAPService.{i}.CellConfig.{i}.NR.RAN.Mobility.ConnMode.NR.A1MeasureCtrl.{i}.,READ_WRITE,STRING
Device.Services.FAPService.{i}.CellConfig.{i}.NR.RAN.Mobility.ConnMode.NR.A1MeasureCtrl.{i}.RsType,yes,existing_mml_parent_object_group,命中 mmlstandardloader seed/catalog 的现有 object_path 分组；加入 sub_field 后可显示在当前参数树,YES_EXISTING_JSON_PARENT_GROUP,medium,SF,小区服务参数管理（总体）,FAP 载波基本配置,Device.Services.FAPService.{i}.,,json_seed_and_catalog_existing_group,omcgo/internal/config/parammodel/mmlstandardloader/seeds/cmcc_tdlte_v23.json; omcgo/datamodels/mml-catalog/cmcc-tdlte-v2.3.json,SJ,移动性参数管理,{i},Device.Services.FAPService.{i}.CellConfig.{i}.NR.RAN.Mobility.ConnMode.NR.A1MeasureCtrl.{i}.,READ_WRITE,STRING
Device.Services.FAPService.{i}.CellConfig.{i}.NR.RAN.Mobility.ConnMode.NR.A1MeasureCtrl.{i}.ThresholdTriggerType,yes,existing_mml_parent_object_group,命中 mmlstandardloader seed/catalog 的现有 object_path 分组；加入 sub_field 后可显示在当前参数树,YES_EXISTING_JSON_PARENT_GROUP,medium,SF,小区服务参数管理（总体）,FAP 载波基本配置,Device.Services.FAPService.{i}.,,json_seed_and_catalog_existing_group,omcgo/internal/config/parammodel/mmlstandardloader/seeds/cmcc_tdlte_v23.json; omcgo/datamodels/mml-catalog/cmcc-tdlte-v2.3.json,SJ,移动性参数管理,{i},Device.Services.FAPService.{i}.CellConfig.{i}.NR.RAN.Mobility.ConnMode.NR.A1MeasureCtrl.{i}.,READ_WRITE,STRING
Device.Services.FAPService.{i}.CellConfig.{i}.NR.RAN.Mobility.ConnMode.NR.A1MeasureCtrl.{i}.TimeToTrigger,yes,existing_mml_parent_object_group,命中 mmlstandardloader seed/catalog 的现有 object_path 分组；加入 sub_field 后可显示在当前参数树,YES_EXISTING_JSON_PARENT_GROUP,medium,SF,小区服务参数管理（总体）,FAP 载波基本配置,Device.Services.FAPService.{i}.,,json_seed_and_catalog_existing_group,omcgo/internal/config/parammodel/mmlstandardloader/seeds/cmcc_tdlte_v23.json; omcgo/datamodels/mml-catalog/cmcc-tdlte-v2.3.json,SJ,移动性参数管理,{i},Device.Services.FAPService.{i}.CellConfig.{i}.NR.RAN.Mobility.ConnMode.NR.A1MeasureCtrl.{i}.,READ_WRITE,STRING
Device.Services.FAPService.{i}.CellConfig.{i}.NR.RAN.Mobility.ConnMode.NR.A2MeasureCtrl.{i}.A2ThresholdRSRP,yes,existing_mml_parent_object_group,命中 mmlstandardloader seed/catalog 的现有 object_path 分组；加入 sub_field 后可显示在当前参数树,YES_EXISTING_JSON_PARENT_GROUP,medium,SF,小区服务参数管理（总体）,FAP 载波基本配置,Device.Services.FAPService.{i}.,,json_seed_and_catalog_existing_group,omcgo/internal/config/parammodel/mmlstandardloader/seeds/cmcc_tdlte_v23.json; omcgo/datamodels/mml-catalog/cmcc-tdlte-v2.3.json,SJ,移动性参数管理,{i},Device.Services.FAPService.{i}.CellConfig.{i}.NR.RAN.Mobility.ConnMode.NR.A2MeasureCtrl.{i}.,READ_WRITE,STRING
Device.Services.FAPService.{i}.CellConfig.{i}.NR.RAN.Mobility.ConnMode.NR.A2MeasureCtrl.{i}.A2ThresholdRSRQ,yes,existing_mml_parent_object_group,命中 mmlstandardloader seed/catalog 的现有 object_path 分组；加入 sub_field 后可显示在当前参数树,YES_EXISTING_JSON_PARENT_GROUP,medium,SF,小区服务参数管理（总体）,FAP 载波基本配置,Device.Services.FAPService.{i}.,,json_seed_and_catalog_existing_group,omcgo/internal/config/parammodel/mmlstandardloader/seeds/cmcc_tdlte_v23.json; omcgo/datamodels/mml-catalog/cmcc-tdlte-v2.3.json,SJ,移动性参数管理,{i},Device.Services.FAPService.{i}.CellConfig.{i}.NR.RAN.Mobility.ConnMode.NR.A2MeasureCtrl.{i}.,READ_WRITE,STRING
Device.Services.FAPService.{i}.CellConfig.{i}.NR.RAN.Mobility.ConnMode.NR.A2MeasureCtrl.{i}.A2ThresholdSINR,yes,existing_mml_parent_object_group,命中 mmlstandardloader seed/catalog 的现有 object_path 分组；加入 sub_field 后可显示在当前参数树,YES_EXISTING_JSON_PARENT_GROUP,medium,SF,小区服务参数管理（总体）,FAP 载波基本配置,Device.Services.FAPService.{i}.,,json_seed_and_catalog_existing_group,omcgo/internal/config/parammodel/mmlstandardloader/seeds/cmcc_tdlte_v23.json; omcgo/datamodels/mml-catalog/cmcc-tdlte-v2.3.json,SJ,移动性参数管理,{i},Device.Services.FAPService.{i}.CellConfig.{i}.NR.RAN.Mobility.ConnMode.NR.A2MeasureCtrl.{i}.,READ_WRITE,STRING
Device.Services.FAPService.{i}.CellConfig.{i}.NR.RAN.Mobility.ConnMode.NR.A2MeasureCtrl.{i}.Enable,yes,existing_mml_parent_object_group,命中 mmlstandardloader seed/catalog 的现有 object_path 分组；加入 sub_field 后可显示在当前参数树,YES_EXISTING_JSON_PARENT_GROUP,medium,SF,小区服务参数管理（总体）,FAP 载波基本配置,Device.Services.FAPService.{i}.,,json_seed_and_catalog_existing_group,omcgo/internal/config/parammodel/mmlstandardloader/seeds/cmcc_tdlte_v23.json; omcgo/datamodels/mml-catalog/cmcc-tdlte-v2.3.json,SJ,移动性参数管理,{i},Device.Services.FAPService.{i}.CellConfig.{i}.NR.RAN.Mobility.ConnMode.NR.A2MeasureCtrl.{i}.,READ_WRITE,STRING
Device.Services.FAPService.{i}.CellConfig.{i}.NR.RAN.Mobility.ConnMode.NR.A2MeasureCtrl.{i}.Hysteresis,yes,existing_mml_parent_object_group,命中 mmlstandardloader seed/catalog 的现有 object_path 分组；加入 sub_field 后可显示在当前参数树,YES_EXISTING_JSON_PARENT_GROUP,medium,SF,小区服务参数管理（总体）,FAP 载波基本配置,Device.Services.FAPService.{i}.,,json_seed_and_catalog_existing_group,omcgo/internal/config/parammodel/mmlstandardloader/seeds/cmcc_tdlte_v23.json; omcgo/datamodels/mml-catalog/cmcc-tdlte-v2.3.json,SJ,移动性参数管理,{i},Device.Services.FAPService.{i}.CellConfig.{i}.NR.RAN.Mobility.ConnMode.NR.A2MeasureCtrl.{i}.,READ_WRITE,STRING
Device.Services.FAPService.{i}.CellConfig.{i}.NR.RAN.Mobility.ConnMode.NR.A2MeasureCtrl.{i}.IncludeBeamMeasurements,yes,existing_mml_parent_object_group,命中 mmlstandardloader seed/catalog 的现有 object_path 分组；加入 sub_field 后可显示在当前参数树,YES_EXISTING_JSON_PARENT_GROUP,medium,SF,小区服务参数管理（总体）,FAP 载波基本配置,Device.Services.FAPService.{i}.,,json_seed_and_catalog_existing_group,omcgo/internal/config/parammodel/mmlstandardloader/seeds/cmcc_tdlte_v23.json; omcgo/datamodels/mml-catalog/cmcc-tdlte-v2.3.json,SJ,移动性参数管理,{i},Device.Services.FAPService.{i}.CellConfig.{i}.NR.RAN.Mobility.ConnMode.NR.A2MeasureCtrl.{i}.,READ_WRITE,STRING
Device.Services.FAPService.{i}.CellConfig.{i}.NR.RAN.Mobility.ConnMode.NR.A2MeasureCtrl.{i}.MaxNrofRSIndexToReport,yes,existing_mml_parent_object_group,命中 mmlstandardloader seed/catalog 的现有 object_path 分组；加入 sub_field 后可显示在当前参数树,YES_EXISTING_JSON_PARENT_GROUP,medium,SF,小区服务参数管理（总体）,FAP 载波基本配置,Device.Services.FAPService.{i}.,,json_seed_and_catalog_existing_group,omcgo/internal/config/parammodel/mmlstandardloader/seeds/cmcc_tdlte_v23.json; omcgo/datamodels/mml-catalog/cmcc-tdlte-v2.3.json,SJ,移动性参数管理,{i},Device.Services.FAPService.{i}.CellConfig.{i}.NR.RAN.Mobility.ConnMode.NR.A2MeasureCtrl.{i}.,READ_WRITE,STRING
Device.Services.FAPService.{i}.CellConfig.{i}.NR.RAN.Mobility.ConnMode.NR.A2MeasureCtrl.{i}.MaxReportCells,yes,existing_mml_parent_object_group,命中 mmlstandardloader seed/catalog 的现有 object_path 分组；加入 sub_field 后可显示在当前参数树,YES_EXISTING_JSON_PARENT_GROUP,medium,SF,小区服务参数管理（总体）,FAP 载波基本配置,Device.Services.FAPService.{i}.,,json_seed_and_catalog_existing_group,omcgo/internal/config/parammodel/mmlstandardloader/seeds/cmcc_tdlte_v23.json; omcgo/datamodels/mml-catalog/cmcc-tdlte-v2.3.json,SJ,移动性参数管理,{i},Device.Services.FAPService.{i}.CellConfig.{i}.NR.RAN.Mobility.ConnMode.NR.A2MeasureCtrl.{i}.,READ_WRITE,STRING
Device.Services.FAPService.{i}.CellConfig.{i}.NR.RAN.Mobility.ConnMode.NR.A2MeasureCtrl.{i}.MeasurePurpose,yes,existing_mml_parent_object_group,命中 mmlstandardloader seed/catalog 的现有 object_path 分组；加入 sub_field 后可显示在当前参数树,YES_EXISTING_JSON_PARENT_GROUP,medium,SF,小区服务参数管理（总体）,FAP 载波基本配置,Device.Services.FAPService.{i}.,,json_seed_and_catalog_existing_group,omcgo/internal/config/parammodel/mmlstandardloader/seeds/cmcc_tdlte_v23.json; omcgo/datamodels/mml-catalog/cmcc-tdlte-v2.3.json,SJ,移动性参数管理,{i},Device.Services.FAPService.{i}.CellConfig.{i}.NR.RAN.Mobility.ConnMode.NR.A2MeasureCtrl.{i}.,READ_WRITE,STRING
Device.Services.FAPService.{i}.CellConfig.{i}.NR.RAN.Mobility.ConnMode.NR.A2MeasureCtrl.{i}.PLMNID,yes,existing_mml_parent_object_group,命中 mmlstandardloader seed/catalog 的现有 object_path 分组；加入 sub_field 后可显示在当前参数树,YES_EXISTING_JSON_PARENT_GROUP,medium,SF,小区服务参数管理（总体）,FAP 载波基本配置,Device.Services.FAPService.{i}.,,json_seed_and_catalog_existing_group,omcgo/internal/config/parammodel/mmlstandardloader/seeds/cmcc_tdlte_v23.json; omcgo/datamodels/mml-catalog/cmcc-tdlte-v2.3.json,SJ,移动性参数管理,{i},Device.Services.FAPService.{i}.CellConfig.{i}.NR.RAN.Mobility.ConnMode.NR.A2MeasureCtrl.{i}.,READ_WRITE,STRING
Device.Services.FAPService.{i}.CellConfig.{i}.NR.RAN.Mobility.ConnMode.NR.A2MeasureCtrl.{i}.ReportAmount,yes,existing_mml_parent_object_group,命中 mmlstandardloader seed/catalog 的现有 object_path 分组；加入 sub_field 后可显示在当前参数树,YES_EXISTING_JSON_PARENT_GROUP,medium,SF,小区服务参数管理（总体）,FAP 载波基本配置,Device.Services.FAPService.{i}.,,json_seed_and_catalog_existing_group,omcgo/internal/config/parammodel/mmlstandardloader/seeds/cmcc_tdlte_v23.json; omcgo/datamodels/mml-catalog/cmcc-tdlte-v2.3.json,SJ,移动性参数管理,{i},Device.Services.FAPService.{i}.CellConfig.{i}.NR.RAN.Mobility.ConnMode.NR.A2MeasureCtrl.{i}.,READ_WRITE,STRING
Device.Services.FAPService.{i}.CellConfig.{i}.NR.RAN.Mobility.ConnMode.NR.A2MeasureCtrl.{i}.ReportInterval,yes,existing_mml_parent_object_group,命中 mmlstandardloader seed/catalog 的现有 object_path 分组；加入 sub_field 后可显示在当前参数树,YES_EXISTING_JSON_PARENT_GROUP,medium,SF,小区服务参数管理（总体）,FAP 载波基本配置,Device.Services.FAPService.{i}.,,json_seed_and_catalog_existing_group,omcgo/internal/config/parammodel/mmlstandardloader/seeds/cmcc_tdlte_v23.json; omcgo/datamodels/mml-catalog/cmcc-tdlte-v2.3.json,SJ,移动性参数管理,{i},Device.Services.FAPService.{i}.CellConfig.{i}.NR.RAN.Mobility.ConnMode.NR.A2MeasureCtrl.{i}.,READ_WRITE,STRING
Device.Services.FAPService.{i}.CellConfig.{i}.NR.RAN.Mobility.ConnMode.NR.A2MeasureCtrl.{i}.ReportOnLeave,yes,existing_mml_parent_object_group,命中 mmlstandardloader seed/catalog 的现有 object_path 分组；加入 sub_field 后可显示在当前参数树,YES_EXISTING_JSON_PARENT_GROUP,medium,SF,小区服务参数管理（总体）,FAP 载波基本配置,Device.Services.FAPService.{i}.,,json_seed_and_catalog_existing_group,omcgo/internal/config/parammodel/mmlstandardloader/seeds/cmcc_tdlte_v23.json; omcgo/datamodels/mml-catalog/cmcc-tdlte-v2.3.json,SJ,移动性参数管理,{i},Device.Services.FAPService.{i}.CellConfig.{i}.NR.RAN.Mobility.ConnMode.NR.A2MeasureCtrl.{i}.,READ_WRITE,STRING
Device.Services.FAPService.{i}.CellConfig.{i}.NR.RAN.Mobility.ConnMode.NR.A2MeasureCtrl.{i}.ReportQuantityCell,yes,existing_mml_parent_object_group,命中 mmlstandardloader seed/catalog 的现有 object_path 分组；加入 sub_field 后可显示在当前参数树,YES_EXISTING_JSON_PARENT_GROUP,medium,SF,小区服务参数管理（总体）,FAP 载波基本配置,Device.Services.FAPService.{i}.,,json_seed_and_catalog_existing_group,omcgo/internal/config/parammodel/mmlstandardloader/seeds/cmcc_tdlte_v23.json; omcgo/datamodels/mml-catalog/cmcc-tdlte-v2.3.json,SJ,移动性参数管理,{i},Device.Services.FAPService.{i}.CellConfig.{i}.NR.RAN.Mobility.ConnMode.NR.A2MeasureCtrl.{i}.,READ_WRITE,STRING
Device.Services.FAPService.{i}.CellConfig.{i}.NR.RAN.Mobility.ConnMode.NR.A2MeasureCtrl.{i}.RptQuantityRsIndex,yes,existing_mml_parent_object_group,命中 mmlstandardloader seed/catalog 的现有 object_path 分组；加入 sub_field 后可显示在当前参数树,YES_EXISTING_JSON_PARENT_GROUP,medium,SF,小区服务参数管理（总体）,FAP 载波基本配置,Device.Services.FAPService.{i}.,,json_seed_and_catalog_existing_group,omcgo/internal/config/parammodel/mmlstandardloader/seeds/cmcc_tdlte_v23.json; omcgo/datamodels/mml-catalog/cmcc-tdlte-v2.3.json,SJ,移动性参数管理,{i},Device.Services.FAPService.{i}.CellConfig.{i}.NR.RAN.Mobility.ConnMode.NR.A2MeasureCtrl.{i}.,READ_WRITE,STRING
Device.Services.FAPService.{i}.CellConfig.{i}.NR.RAN.Mobility.ConnMode.NR.A2MeasureCtrl.{i}.RsType,yes,existing_mml_parent_object_group,命中 mmlstandardloader seed/catalog 的现有 object_path 分组；加入 sub_field 后可显示在当前参数树,YES_EXISTING_JSON_PARENT_GROUP,medium,SF,小区服务参数管理（总体）,FAP 载波基本配置,Device.Services.FAPService.{i}.,,json_seed_and_catalog_existing_group,omcgo/internal/config/parammodel/mmlstandardloader/seeds/cmcc_tdlte_v23.json; omcgo/datamodels/mml-catalog/cmcc-tdlte-v2.3.json,SJ,移动性参数管理,{i},Device.Services.FAPService.{i}.CellConfig.{i}.NR.RAN.Mobility.ConnMode.NR.A2MeasureCtrl.{i}.,READ_WRITE,STRING
Device.Services.FAPService.{i}.CellConfig.{i}.NR.RAN.Mobility.ConnMode.NR.A2MeasureCtrl.{i}.ThresholdTriggerType,yes,existing_mml_parent_object_group,命中 mmlstandardloader seed/catalog 的现有 object_path 分组；加入 sub_field 后可显示在当前参数树,YES_EXISTING_JSON_PARENT_GROUP,medium,SF,小区服务参数管理（总体）,FAP 载波基本配置,Device.Services.FAPService.{i}.,,json_seed_and_catalog_existing_group,omcgo/internal/config/parammodel/mmlstandardloader/seeds/cmcc_tdlte_v23.json; omcgo/datamodels/mml-catalog/cmcc-tdlte-v2.3.json,SJ,移动性参数管理,{i},Device.Services.FAPService.{i}.CellConfig.{i}.NR.RAN.Mobility.ConnMode.NR.A2MeasureCtrl.{i}.,READ_WRITE,STRING
Device.Services.FAPService.{i}.CellConfig.{i}.NR.RAN.Mobility.ConnMode.NR.A2MeasureCtrl.{i}.TimeToTrigger,yes,existing_mml_parent_object_group,命中 mmlstandardloader seed/catalog 的现有 object_path 分组；加入 sub_field 后可显示在当前参数树,YES_EXISTING_JSON_PARENT_GROUP,medium,SF,小区服务参数管理（总体）,FAP 载波基本配置,Device.Services.FAPService.{i}.,,json_seed_and_catalog_existing_group,omcgo/internal/config/parammodel/mmlstandardloader/seeds/cmcc_tdlte_v23.json; omcgo/datamodels/mml-catalog/cmcc-tdlte-v2.3.json,SJ,移动性参数管理,{i},Device.Services.FAPService.{i}.CellConfig.{i}.NR.RAN.Mobility.ConnMode.NR.A2MeasureCtrl.{i}.,READ_WRITE,STRING
Device.Services.FAPService.{i}.CellConfig.{i}.NR.RAN.Mobility.ConnMode.NR.A3MeasureCtrl.{i}.A3OffsetRSRP,yes,existing_mml_parent_object_group,命中 mmlstandardloader seed/catalog 的现有 object_path 分组；加入 sub_field 后可显示在当前参数树,YES_EXISTING_JSON_PARENT_GROUP,medium,SF,小区服务参数管理（总体）,FAP 载波基本配置,Device.Services.FAPService.{i}.,,json_seed_and_catalog_existing_group,omcgo/internal/config/parammodel/mmlstandardloader/seeds/cmcc_tdlte_v23.json; omcgo/datamodels/mml-catalog/cmcc-tdlte-v2.3.json,SJ,移动性参数管理,{i},Device.Services.FAPService.{i}.CellConfig.{i}.NR.RAN.Mobility.ConnMode.NR.A3MeasureCtrl.{i}.,READ_WRITE,STRING
Device.Services.FAPService.{i}.CellConfig.{i}.NR.RAN.Mobility.ConnMode.NR.A3MeasureCtrl.{i}.A3OffsetRSRQ,yes,existing_mml_parent_object_group,命中 mmlstandardloader seed/catalog 的现有 object_path 分组；加入 sub_field 后可显示在当前参数树,YES_EXISTING_JSON_PARENT_GROUP,medium,SF,小区服务参数管理（总体）,FAP 载波基本配置,Device.Services.FAPService.{i}.,,json_seed_and_catalog_existing_group,omcgo/internal/config/parammodel/mmlstandardloader/seeds/cmcc_tdlte_v23.json; omcgo/datamodels/mml-catalog/cmcc-tdlte-v2.3.json,SJ,移动性参数管理,{i},Device.Services.FAPService.{i}.CellConfig.{i}.NR.RAN.Mobility.ConnMode.NR.A3MeasureCtrl.{i}.,READ_WRITE,STRING
Device.Services.FAPService.{i}.CellConfig.{i}.NR.RAN.Mobility.ConnMode.NR.A3MeasureCtrl.{i}.A3OffsetSINR,yes,existing_mml_parent_object_group,命中 mmlstandardloader seed/catalog 的现有 object_path 分组；加入 sub_field 后可显示在当前参数树,YES_EXISTING_JSON_PARENT_GROUP,medium,SF,小区服务参数管理（总体）,FAP 载波基本配置,Device.Services.FAPService.{i}.,,json_seed_and_catalog_existing_group,omcgo/internal/config/parammodel/mmlstandardloader/seeds/cmcc_tdlte_v23.json; omcgo/datamodels/mml-catalog/cmcc-tdlte-v2.3.json,SJ,移动性参数管理,{i},Device.Services.FAPService.{i}.CellConfig.{i}.NR.RAN.Mobility.ConnMode.NR.A3MeasureCtrl.{i}.,READ_WRITE,STRING
Device.Services.FAPService.{i}.CellConfig.{i}.NR.RAN.Mobility.ConnMode.NR.A3MeasureCtrl.{i}.Enable,yes,existing_mml_parent_object_group,命中 mmlstandardloader seed/catalog 的现有 object_path 分组；加入 sub_field 后可显示在当前参数树,YES_EXISTING_JSON_PARENT_GROUP,medium,SF,小区服务参数管理（总体）,FAP 载波基本配置,Device.Services.FAPService.{i}.,,json_seed_and_catalog_existing_group,omcgo/internal/config/parammodel/mmlstandardloader/seeds/cmcc_tdlte_v23.json; omcgo/datamodels/mml-catalog/cmcc-tdlte-v2.3.json,SJ,移动性参数管理,{i},Device.Services.FAPService.{i}.CellConfig.{i}.NR.RAN.Mobility.ConnMode.NR.A3MeasureCtrl.{i}.,READ_WRITE,STRING
Device.Services.FAPService.{i}.CellConfig.{i}.NR.RAN.Mobility.ConnMode.NR.A3MeasureCtrl.{i}.Hysteresis,yes,existing_mml_parent_object_group,命中 mmlstandardloader seed/catalog 的现有 object_path 分组；加入 sub_field 后可显示在当前参数树,YES_EXISTING_JSON_PARENT_GROUP,medium,SF,小区服务参数管理（总体）,FAP 载波基本配置,Device.Services.FAPService.{i}.,,json_seed_and_catalog_existing_group,omcgo/internal/config/parammodel/mmlstandardloader/seeds/cmcc_tdlte_v23.json; omcgo/datamodels/mml-catalog/cmcc-tdlte-v2.3.json,SJ,移动性参数管理,{i},Device.Services.FAPService.{i}.CellConfig.{i}.NR.RAN.Mobility.ConnMode.NR.A3MeasureCtrl.{i}.,READ_WRITE,STRING
Device.Services.FAPService.{i}.CellConfig.{i}.NR.RAN.Mobility.ConnMode.NR.A3MeasureCtrl.{i}.IncludeBeamMeasurements,yes,existing_mml_parent_object_group,命中 mmlstandardloader seed/catalog 的现有 object_path 分组；加入 sub_field 后可显示在当前参数树,YES_EXISTING_JSON_PARENT_GROUP,medium,SF,小区服务参数管理（总体）,FAP 载波基本配置,Device.Services.FAPService.{i}.,,json_seed_and_catalog_existing_group,omcgo/internal/config/parammodel/mmlstandardloader/seeds/cmcc_tdlte_v23.json; omcgo/datamodels/mml-catalog/cmcc-tdlte-v2.3.json,SJ,移动性参数管理,{i},Device.Services.FAPService.{i}.CellConfig.{i}.NR.RAN.Mobility.ConnMode.NR.A3MeasureCtrl.{i}.,READ_WRITE,STRING
Device.Services.FAPService.{i}.CellConfig.{i}.NR.RAN.Mobility.ConnMode.NR.A3MeasureCtrl.{i}.MaxNrofRSIndexToReport,yes,existing_mml_parent_object_group,命中 mmlstandardloader seed/catalog 的现有 object_path 分组；加入 sub_field 后可显示在当前参数树,YES_EXISTING_JSON_PARENT_GROUP,medium,SF,小区服务参数管理（总体）,FAP 载波基本配置,Device.Services.FAPService.{i}.,,json_seed_and_catalog_existing_group,omcgo/internal/config/parammodel/mmlstandardloader/seeds/cmcc_tdlte_v23.json; omcgo/datamodels/mml-catalog/cmcc-tdlte-v2.3.json,SJ,移动性参数管理,{i},Device.Services.FAPService.{i}.CellConfig.{i}.NR.RAN.Mobility.ConnMode.NR.A3MeasureCtrl.{i}.,READ_WRITE,STRING
Device.Services.FAPService.{i}.CellConfig.{i}.NR.RAN.Mobility.ConnMode.NR.A3MeasureCtrl.{i}.MaxReportCells,yes,existing_mml_parent_object_group,命中 mmlstandardloader seed/catalog 的现有 object_path 分组；加入 sub_field 后可显示在当前参数树,YES_EXISTING_JSON_PARENT_GROUP,medium,SF,小区服务参数管理（总体）,FAP 载波基本配置,Device.Services.FAPService.{i}.,,json_seed_and_catalog_existing_group,omcgo/internal/config/parammodel/mmlstandardloader/seeds/cmcc_tdlte_v23.json; omcgo/datamodels/mml-catalog/cmcc-tdlte-v2.3.json,SJ,移动性参数管理,{i},Device.Services.FAPService.{i}.CellConfig.{i}.NR.RAN.Mobility.ConnMode.NR.A3MeasureCtrl.{i}.,READ_WRITE,STRING
Device.Services.FAPService.{i}.CellConfig.{i}.NR.RAN.Mobility.ConnMode.NR.A3MeasureCtrl.{i}.MeasurePurpose,yes,existing_mml_parent_object_group,命中 mmlstandardloader seed/catalog 的现有 object_path 分组；加入 sub_field 后可显示在当前参数树,YES_EXISTING_JSON_PARENT_GROUP,medium,SF,小区服务参数管理（总体）,FAP 载波基本配置,Device.Services.FAPService.{i}.,,json_seed_and_catalog_existing_group,omcgo/internal/config/parammodel/mmlstandardloader/seeds/cmcc_tdlte_v23.json; omcgo/datamodels/mml-catalog/cmcc-tdlte-v2.3.json,SJ,移动性参数管理,{i},Device.Services.FAPService.{i}.CellConfig.{i}.NR.RAN.Mobility.ConnMode.NR.A3MeasureCtrl.{i}.,READ_WRITE,STRING
Device.Services.FAPService.{i}.CellConfig.{i}.NR.RAN.Mobility.ConnMode.NR.A3MeasureCtrl.{i}.PLMNID,yes,existing_mml_parent_object_group,命中 mmlstandardloader seed/catalog 的现有 object_path 分组；加入 sub_field 后可显示在当前参数树,YES_EXISTING_JSON_PARENT_GROUP,medium,SF,小区服务参数管理（总体）,FAP 载波基本配置,Device.Services.FAPService.{i}.,,json_seed_and_catalog_existing_group,omcgo/internal/config/parammodel/mmlstandardloader/seeds/cmcc_tdlte_v23.json; omcgo/datamodels/mml-catalog/cmcc-tdlte-v2.3.json,SJ,移动性参数管理,{i},Device.Services.FAPService.{i}.CellConfig.{i}.NR.RAN.Mobility.ConnMode.NR.A3MeasureCtrl.{i}.,READ_WRITE,STRING
Device.Services.FAPService.{i}.CellConfig.{i}.NR.RAN.Mobility.ConnMode.NR.A3MeasureCtrl.{i}.ReportAmount,yes,existing_mml_parent_object_group,命中 mmlstandardloader seed/catalog 的现有 object_path 分组；加入 sub_field 后可显示在当前参数树,YES_EXISTING_JSON_PARENT_GROUP,medium,SF,小区服务参数管理（总体）,FAP 载波基本配置,Device.Services.FAPService.{i}.,,json_seed_and_catalog_existing_group,omcgo/internal/config/parammodel/mmlstandardloader/seeds/cmcc_tdlte_v23.json; omcgo/datamodels/mml-catalog/cmcc-tdlte-v2.3.json,SJ,移动性参数管理,{i},Device.Services.FAPService.{i}.CellConfig.{i}.NR.RAN.Mobility.ConnMode.NR.A3MeasureCtrl.{i}.,READ_WRITE,STRING
Device.Services.FAPService.{i}.CellConfig.{i}.NR.RAN.Mobility.ConnMode.NR.A3MeasureCtrl.{i}.ReportInterval,yes,existing_mml_parent_object_group,命中 mmlstandardloader seed/catalog 的现有 object_path 分组；加入 sub_field 后可显示在当前参数树,YES_EXISTING_JSON_PARENT_GROUP,medium,SF,小区服务参数管理（总体）,FAP 载波基本配置,Device.Services.FAPService.{i}.,,json_seed_and_catalog_existing_group,omcgo/internal/config/parammodel/mmlstandardloader/seeds/cmcc_tdlte_v23.json; omcgo/datamodels/mml-catalog/cmcc-tdlte-v2.3.json,SJ,移动性参数管理,{i},Device.Services.FAPService.{i}.CellConfig.{i}.NR.RAN.Mobility.ConnMode.NR.A3MeasureCtrl.{i}.,READ_WRITE,STRING
Device.Services.FAPService.{i}.CellConfig.{i}.NR.RAN.Mobility.ConnMode.NR.A3MeasureCtrl.{i}.ReportOnLeave,yes,existing_mml_parent_object_group,命中 mmlstandardloader seed/catalog 的现有 object_path 分组；加入 sub_field 后可显示在当前参数树,YES_EXISTING_JSON_PARENT_GROUP,medium,SF,小区服务参数管理（总体）,FAP 载波基本配置,Device.Services.FAPService.{i}.,,json_seed_and_catalog_existing_group,omcgo/internal/config/parammodel/mmlstandardloader/seeds/cmcc_tdlte_v23.json; omcgo/datamodels/mml-catalog/cmcc-tdlte-v2.3.json,SJ,移动性参数管理,{i},Device.Services.FAPService.{i}.CellConfig.{i}.NR.RAN.Mobility.ConnMode.NR.A3MeasureCtrl.{i}.,READ_WRITE,STRING
Device.Services.FAPService.{i}.CellConfig.{i}.NR.RAN.Mobility.ConnMode.NR.A3MeasureCtrl.{i}.ReportQuantityCell,yes,existing_mml_parent_object_group,命中 mmlstandardloader seed/catalog 的现有 object_path 分组；加入 sub_field 后可显示在当前参数树,YES_EXISTING_JSON_PARENT_GROUP,medium,SF,小区服务参数管理（总体）,FAP 载波基本配置,Device.Services.FAPService.{i}.,,json_seed_and_catalog_existing_group,omcgo/internal/config/parammodel/mmlstandardloader/seeds/cmcc_tdlte_v23.json; omcgo/datamodels/mml-catalog/cmcc-tdlte-v2.3.json,SJ,移动性参数管理,{i},Device.Services.FAPService.{i}.CellConfig.{i}.NR.RAN.Mobility.ConnMode.NR.A3MeasureCtrl.{i}.,READ_WRITE,STRING
Device.Services.FAPService.{i}.CellConfig.{i}.NR.RAN.Mobility.ConnMode.NR.A3MeasureCtrl.{i}.RptQuantityRsIndex,yes,existing_mml_parent_object_group,命中 mmlstandardloader seed/catalog 的现有 object_path 分组；加入 sub_field 后可显示在当前参数树,YES_EXISTING_JSON_PARENT_GROUP,medium,SF,小区服务参数管理（总体）,FAP 载波基本配置,Device.Services.FAPService.{i}.,,json_seed_and_catalog_existing_group,omcgo/internal/config/parammodel/mmlstandardloader/seeds/cmcc_tdlte_v23.json; omcgo/datamodels/mml-catalog/cmcc-tdlte-v2.3.json,SJ,移动性参数管理,{i},Device.Services.FAPService.{i}.CellConfig.{i}.NR.RAN.Mobility.ConnMode.NR.A3MeasureCtrl.{i}.,READ_WRITE,STRING
Device.Services.FAPService.{i}.CellConfig.{i}.NR.RAN.Mobility.ConnMode.NR.A3MeasureCtrl.{i}.RsType,yes,existing_mml_parent_object_group,命中 mmlstandardloader seed/catalog 的现有 object_path 分组；加入 sub_field 后可显示在当前参数树,YES_EXISTING_JSON_PARENT_GROUP,medium,SF,小区服务参数管理（总体）,FAP 载波基本配置,Device.Services.FAPService.{i}.,,json_seed_and_catalog_existing_group,omcgo/internal/config/parammodel/mmlstandardloader/seeds/cmcc_tdlte_v23.json; omcgo/datamodels/mml-catalog/cmcc-tdlte-v2.3.json,SJ,移动性参数管理,{i},Device.Services.FAPService.{i}.CellConfig.{i}.NR.RAN.Mobility.ConnMode.NR.A3MeasureCtrl.{i}.,READ_WRITE,STRING
Device.Services.FAPService.{i}.CellConfig.{i}.NR.RAN.Mobility.ConnMode.NR.A3MeasureCtrl.{i}.ThresholdTriggerType,yes,existing_mml_parent_object_group,命中 mmlstandardloader seed/catalog 的现有 object_path 分组；加入 sub_field 后可显示在当前参数树,YES_EXISTING_JSON_PARENT_GROUP,medium,SF,小区服务参数管理（总体）,FAP 载波基本配置,Device.Services.FAPService.{i}.,,json_seed_and_catalog_existing_group,omcgo/internal/config/parammodel/mmlstandardloader/seeds/cmcc_tdlte_v23.json; omcgo/datamodels/mml-catalog/cmcc-tdlte-v2.3.json,SJ,移动性参数管理,{i},Device.Services.FAPService.{i}.CellConfig.{i}.NR.RAN.Mobility.ConnMode.NR.A3MeasureCtrl.{i}.,READ_WRITE,STRING
Device.Services.FAPService.{i}.CellConfig.{i}.NR.RAN.Mobility.ConnMode.NR.A3MeasureCtrl.{i}.TimeToTrigger,yes,existing_mml_parent_object_group,命中 mmlstandardloader seed/catalog 的现有 object_path 分组；加入 sub_field 后可显示在当前参数树,YES_EXISTING_JSON_PARENT_GROUP,medium,SF,小区服务参数管理（总体）,FAP 载波基本配置,Device.Services.FAPService.{i}.,,json_seed_and_catalog_existing_group,omcgo/internal/config/parammodel/mmlstandardloader/seeds/cmcc_tdlte_v23.json; omcgo/datamodels/mml-catalog/cmcc-tdlte-v2.3.json,SJ,移动性参数管理,{i},Device.Services.FAPService.{i}.CellConfig.{i}.NR.RAN.Mobility.ConnMode.NR.A3MeasureCtrl.{i}.,READ_WRITE,STRING
Device.Services.FAPService.{i}.CellConfig.{i}.NR.RAN.Mobility.ConnMode.NR.A3MeasureCtrl.{i}.UseWhiteCellList,yes,existing_mml_parent_object_group,命中 mmlstandardloader seed/catalog 的现有 object_path 分组；加入 sub_field 后可显示在当前参数树,YES_EXISTING_JSON_PARENT_GROUP,medium,SF,小区服务参数管理（总体）,FAP 载波基本配置,Device.Services.FAPService.{i}.,,json_seed_and_catalog_existing_group,omcgo/internal/config/parammodel/mmlstandardloader/seeds/cmcc_tdlte_v23.json; omcgo/datamodels/mml-catalog/cmcc-tdlte-v2.3.json,SJ,移动性参数管理,{i},Device.Services.FAPService.{i}.CellConfig.{i}.NR.RAN.Mobility.ConnMode.NR.A3MeasureCtrl.{i}.,READ_WRITE,STRING
Device.Services.FAPService.{i}.CellConfig.{i}.NR.RAN.Mobility.ConnMode.NR.A4MeasureCtrl.{i}.A4ThresholdRSRP,yes,existing_mml_parent_object_group,命中 mmlstandardloader seed/catalog 的现有 object_path 分组；加入 sub_field 后可显示在当前参数树,YES_EXISTING_JSON_PARENT_GROUP,medium,SF,小区服务参数管理（总体）,FAP 载波基本配置,Device.Services.FAPService.{i}.,,json_seed_and_catalog_existing_group,omcgo/internal/config/parammodel/mmlstandardloader/seeds/cmcc_tdlte_v23.json; omcgo/datamodels/mml-catalog/cmcc-tdlte-v2.3.json,SJ,移动性参数管理,{i},Device.Services.FAPService.{i}.CellConfig.{i}.NR.RAN.Mobility.ConnMode.NR.A4MeasureCtrl.{i}.,READ_WRITE,STRING
Device.Services.FAPService.{i}.CellConfig.{i}.NR.RAN.Mobility.ConnMode.NR.A4MeasureCtrl.{i}.A4ThresholdRSRQ,yes,existing_mml_parent_object_group,命中 mmlstandardloader seed/catalog 的现有 object_path 分组；加入 sub_field 后可显示在当前参数树,YES_EXISTING_JSON_PARENT_GROUP,medium,SF,小区服务参数管理（总体）,FAP 载波基本配置,Device.Services.FAPService.{i}.,,json_seed_and_catalog_existing_group,omcgo/internal/config/parammodel/mmlstandardloader/seeds/cmcc_tdlte_v23.json; omcgo/datamodels/mml-catalog/cmcc-tdlte-v2.3.json,SJ,移动性参数管理,{i},Device.Services.FAPService.{i}.CellConfig.{i}.NR.RAN.Mobility.ConnMode.NR.A4MeasureCtrl.{i}.,READ_WRITE,STRING
Device.Services.FAPService.{i}.CellConfig.{i}.NR.RAN.Mobility.ConnMode.NR.A4MeasureCtrl.{i}.A4ThresholdSINR,yes,existing_mml_parent_object_group,命中 mmlstandardloader seed/catalog 的现有 object_path 分组；加入 sub_field 后可显示在当前参数树,YES_EXISTING_JSON_PARENT_GROUP,medium,SF,小区服务参数管理（总体）,FAP 载波基本配置,Device.Services.FAPService.{i}.,,json_seed_and_catalog_existing_group,omcgo/internal/config/parammodel/mmlstandardloader/seeds/cmcc_tdlte_v23.json; omcgo/datamodels/mml-catalog/cmcc-tdlte-v2.3.json,SJ,移动性参数管理,{i},Device.Services.FAPService.{i}.CellConfig.{i}.NR.RAN.Mobility.ConnMode.NR.A4MeasureCtrl.{i}.,READ_WRITE,STRING
Device.Services.FAPService.{i}.CellConfig.{i}.NR.RAN.Mobility.ConnMode.NR.A4MeasureCtrl.{i}.Enable,yes,existing_mml_parent_object_group,命中 mmlstandardloader seed/catalog 的现有 object_path 分组；加入 sub_field 后可显示在当前参数树,YES_EXISTING_JSON_PARENT_GROUP,medium,SF,小区服务参数管理（总体）,FAP 载波基本配置,Device.Services.FAPService.{i}.,,json_seed_and_catalog_existing_group,omcgo/internal/config/parammodel/mmlstandardloader/seeds/cmcc_tdlte_v23.json; omcgo/datamodels/mml-catalog/cmcc-tdlte-v2.3.json,SJ,移动性参数管理,{i},Device.Services.FAPService.{i}.CellConfig.{i}.NR.RAN.Mobility.ConnMode.NR.A4MeasureCtrl.{i}.,READ_WRITE,STRING
Device.Services.FAPService.{i}.CellConfig.{i}.NR.RAN.Mobility.ConnMode.NR.A4MeasureCtrl.{i}.Hysteresis,yes,existing_mml_parent_object_group,命中 mmlstandardloader seed/catalog 的现有 object_path 分组；加入 sub_field 后可显示在当前参数树,YES_EXISTING_JSON_PARENT_GROUP,medium,SF,小区服务参数管理（总体）,FAP 载波基本配置,Device.Services.FAPService.{i}.,,json_seed_and_catalog_existing_group,omcgo/internal/config/parammodel/mmlstandardloader/seeds/cmcc_tdlte_v23.json; omcgo/datamodels/mml-catalog/cmcc-tdlte-v2.3.json,SJ,移动性参数管理,{i},Device.Services.FAPService.{i}.CellConfig.{i}.NR.RAN.Mobility.ConnMode.NR.A4MeasureCtrl.{i}.,READ_WRITE,STRING
Device.Services.FAPService.{i}.CellConfig.{i}.NR.RAN.Mobility.ConnMode.NR.A4MeasureCtrl.{i}.IncludeBeamMeasurements,yes,existing_mml_parent_object_group,命中 mmlstandardloader seed/catalog 的现有 object_path 分组；加入 sub_field 后可显示在当前参数树,YES_EXISTING_JSON_PARENT_GROUP,medium,SF,小区服务参数管理（总体）,FAP 载波基本配置,Device.Services.FAPService.{i}.,,json_seed_and_catalog_existing_group,omcgo/internal/config/parammodel/mmlstandardloader/seeds/cmcc_tdlte_v23.json; omcgo/datamodels/mml-catalog/cmcc-tdlte-v2.3.json,SJ,移动性参数管理,{i},Device.Services.FAPService.{i}.CellConfig.{i}.NR.RAN.Mobility.ConnMode.NR.A4MeasureCtrl.{i}.,READ_WRITE,STRING
Device.Services.FAPService.{i}.CellConfig.{i}.NR.RAN.Mobility.ConnMode.NR.A4MeasureCtrl.{i}.MaxNrofRSIndexToReport,yes,existing_mml_parent_object_group,命中 mmlstandardloader seed/catalog 的现有 object_path 分组；加入 sub_field 后可显示在当前参数树,YES_EXISTING_JSON_PARENT_GROUP,medium,SF,小区服务参数管理（总体）,FAP 载波基本配置,Device.Services.FAPService.{i}.,,json_seed_and_catalog_existing_group,omcgo/internal/config/parammodel/mmlstandardloader/seeds/cmcc_tdlte_v23.json; omcgo/datamodels/mml-catalog/cmcc-tdlte-v2.3.json,SJ,移动性参数管理,{i},Device.Services.FAPService.{i}.CellConfig.{i}.NR.RAN.Mobility.ConnMode.NR.A4MeasureCtrl.{i}.,READ_WRITE,STRING
Device.Services.FAPService.{i}.CellConfig.{i}.NR.RAN.Mobility.ConnMode.NR.A4MeasureCtrl.{i}.MaxReportCells,yes,existing_mml_parent_object_group,命中 mmlstandardloader seed/catalog 的现有 object_path 分组；加入 sub_field 后可显示在当前参数树,YES_EXISTING_JSON_PARENT_GROUP,medium,SF,小区服务参数管理（总体）,FAP 载波基本配置,Device.Services.FAPService.{i}.,,json_seed_and_catalog_existing_group,omcgo/internal/config/parammodel/mmlstandardloader/seeds/cmcc_tdlte_v23.json; omcgo/datamodels/mml-catalog/cmcc-tdlte-v2.3.json,SJ,移动性参数管理,{i},Device.Services.FAPService.{i}.CellConfig.{i}.NR.RAN.Mobility.ConnMode.NR.A4MeasureCtrl.{i}.,READ_WRITE,STRING
Device.Services.FAPService.{i}.CellConfig.{i}.NR.RAN.Mobility.ConnMode.NR.A4MeasureCtrl.{i}.MeasurePurpose,yes,existing_mml_parent_object_group,命中 mmlstandardloader seed/catalog 的现有 object_path 分组；加入 sub_field 后可显示在当前参数树,YES_EXISTING_JSON_PARENT_GROUP,medium,SF,小区服务参数管理（总体）,FAP 载波基本配置,Device.Services.FAPService.{i}.,,json_seed_and_catalog_existing_group,omcgo/internal/config/parammodel/mmlstandardloader/seeds/cmcc_tdlte_v23.json; omcgo/datamodels/mml-catalog/cmcc-tdlte-v2.3.json,SJ,移动性参数管理,{i},Device.Services.FAPService.{i}.CellConfig.{i}.NR.RAN.Mobility.ConnMode.NR.A4MeasureCtrl.{i}.,READ_WRITE,STRING
Device.Services.FAPService.{i}.CellConfig.{i}.NR.RAN.Mobility.ConnMode.NR.A4MeasureCtrl.{i}.PLMNID,yes,existing_mml_parent_object_group,命中 mmlstandardloader seed/catalog 的现有 object_path 分组；加入 sub_field 后可显示在当前参数树,YES_EXISTING_JSON_PARENT_GROUP,medium,SF,小区服务参数管理（总体）,FAP 载波基本配置,Device.Services.FAPService.{i}.,,json_seed_and_catalog_existing_group,omcgo/internal/config/parammodel/mmlstandardloader/seeds/cmcc_tdlte_v23.json; omcgo/datamodels/mml-catalog/cmcc-tdlte-v2.3.json,SJ,移动性参数管理,{i},Device.Services.FAPService.{i}.CellConfig.{i}.NR.RAN.Mobility.ConnMode.NR.A4MeasureCtrl.{i}.,READ_WRITE,STRING
Device.Services.FAPService.{i}.CellConfig.{i}.NR.RAN.Mobility.ConnMode.NR.A4MeasureCtrl.{i}.ReportAmount,yes,existing_mml_parent_object_group,命中 mmlstandardloader seed/catalog 的现有 object_path 分组；加入 sub_field 后可显示在当前参数树,YES_EXISTING_JSON_PARENT_GROUP,medium,SF,小区服务参数管理（总体）,FAP 载波基本配置,Device.Services.FAPService.{i}.,,json_seed_and_catalog_existing_group,omcgo/internal/config/parammodel/mmlstandardloader/seeds/cmcc_tdlte_v23.json; omcgo/datamodels/mml-catalog/cmcc-tdlte-v2.3.json,SJ,移动性参数管理,{i},Device.Services.FAPService.{i}.CellConfig.{i}.NR.RAN.Mobility.ConnMode.NR.A4MeasureCtrl.{i}.,READ_WRITE,STRING
Device.Services.FAPService.{i}.CellConfig.{i}.NR.RAN.Mobility.ConnMode.NR.A4MeasureCtrl.{i}.ReportInterval,yes,existing_mml_parent_object_group,命中 mmlstandardloader seed/catalog 的现有 object_path 分组；加入 sub_field 后可显示在当前参数树,YES_EXISTING_JSON_PARENT_GROUP,medium,SF,小区服务参数管理（总体）,FAP 载波基本配置,Device.Services.FAPService.{i}.,,json_seed_and_catalog_existing_group,omcgo/internal/config/parammodel/mmlstandardloader/seeds/cmcc_tdlte_v23.json; omcgo/datamodels/mml-catalog/cmcc-tdlte-v2.3.json,SJ,移动性参数管理,{i},Device.Services.FAPService.{i}.CellConfig.{i}.NR.RAN.Mobility.ConnMode.NR.A4MeasureCtrl.{i}.,READ_WRITE,STRING
Device.Services.FAPService.{i}.CellConfig.{i}.NR.RAN.Mobility.ConnMode.NR.A4MeasureCtrl.{i}.ReportOnLeave,yes,existing_mml_parent_object_group,命中 mmlstandardloader seed/catalog 的现有 object_path 分组；加入 sub_field 后可显示在当前参数树,YES_EXISTING_JSON_PARENT_GROUP,medium,SF,小区服务参数管理（总体）,FAP 载波基本配置,Device.Services.FAPService.{i}.,,json_seed_and_catalog_existing_group,omcgo/internal/config/parammodel/mmlstandardloader/seeds/cmcc_tdlte_v23.json; omcgo/datamodels/mml-catalog/cmcc-tdlte-v2.3.json,SJ,移动性参数管理,{i},Device.Services.FAPService.{i}.CellConfig.{i}.NR.RAN.Mobility.ConnMode.NR.A4MeasureCtrl.{i}.,READ_WRITE,STRING
Device.Services.FAPService.{i}.CellConfig.{i}.NR.RAN.Mobility.ConnMode.NR.A4MeasureCtrl.{i}.ReportQuantityCell,yes,existing_mml_parent_object_group,命中 mmlstandardloader seed/catalog 的现有 object_path 分组；加入 sub_field 后可显示在当前参数树,YES_EXISTING_JSON_PARENT_GROUP,medium,SF,小区服务参数管理（总体）,FAP 载波基本配置,Device.Services.FAPService.{i}.,,json_seed_and_catalog_existing_group,omcgo/internal/config/parammodel/mmlstandardloader/seeds/cmcc_tdlte_v23.json; omcgo/datamodels/mml-catalog/cmcc-tdlte-v2.3.json,SJ,移动性参数管理,{i},Device.Services.FAPService.{i}.CellConfig.{i}.NR.RAN.Mobility.ConnMode.NR.A4MeasureCtrl.{i}.,READ_WRITE,STRING
Device.Services.FAPService.{i}.CellConfig.{i}.NR.RAN.Mobility.ConnMode.NR.A4MeasureCtrl.{i}.RptQuantityRsIndex,yes,existing_mml_parent_object_group,命中 mmlstandardloader seed/catalog 的现有 object_path 分组；加入 sub_field 后可显示在当前参数树,YES_EXISTING_JSON_PARENT_GROUP,medium,SF,小区服务参数管理（总体）,FAP 载波基本配置,Device.Services.FAPService.{i}.,,json_seed_and_catalog_existing_group,omcgo/internal/config/parammodel/mmlstandardloader/seeds/cmcc_tdlte_v23.json; omcgo/datamodels/mml-catalog/cmcc-tdlte-v2.3.json,SJ,移动性参数管理,{i},Device.Services.FAPService.{i}.CellConfig.{i}.NR.RAN.Mobility.ConnMode.NR.A4MeasureCtrl.{i}.,READ_WRITE,STRING
Device.Services.FAPService.{i}.CellConfig.{i}.NR.RAN.Mobility.ConnMode.NR.A4MeasureCtrl.{i}.RsType,yes,existing_mml_parent_object_group,命中 mmlstandardloader seed/catalog 的现有 object_path 分组；加入 sub_field 后可显示在当前参数树,YES_EXISTING_JSON_PARENT_GROUP,medium,SF,小区服务参数管理（总体）,FAP 载波基本配置,Device.Services.FAPService.{i}.,,json_seed_and_catalog_existing_group,omcgo/internal/config/parammodel/mmlstandardloader/seeds/cmcc_tdlte_v23.json; omcgo/datamodels/mml-catalog/cmcc-tdlte-v2.3.json,SJ,移动性参数管理,{i},Device.Services.FAPService.{i}.CellConfig.{i}.NR.RAN.Mobility.ConnMode.NR.A4MeasureCtrl.{i}.,READ_WRITE,STRING
Device.Services.FAPService.{i}.CellConfig.{i}.NR.RAN.Mobility.ConnMode.NR.A4MeasureCtrl.{i}.ThresholdTriggerType,yes,existing_mml_parent_object_group,命中 mmlstandardloader seed/catalog 的现有 object_path 分组；加入 sub_field 后可显示在当前参数树,YES_EXISTING_JSON_PARENT_GROUP,medium,SF,小区服务参数管理（总体）,FAP 载波基本配置,Device.Services.FAPService.{i}.,,json_seed_and_catalog_existing_group,omcgo/internal/config/parammodel/mmlstandardloader/seeds/cmcc_tdlte_v23.json; omcgo/datamodels/mml-catalog/cmcc-tdlte-v2.3.json,SJ,移动性参数管理,{i},Device.Services.FAPService.{i}.CellConfig.{i}.NR.RAN.Mobility.ConnMode.NR.A4MeasureCtrl.{i}.,READ_WRITE,STRING
Device.Services.FAPService.{i}.CellConfig.{i}.NR.RAN.Mobility.ConnMode.NR.A4MeasureCtrl.{i}.TimeToTrigger,yes,existing_mml_parent_object_group,命中 mmlstandardloader seed/catalog 的现有 object_path 分组；加入 sub_field 后可显示在当前参数树,YES_EXISTING_JSON_PARENT_GROUP,medium,SF,小区服务参数管理（总体）,FAP 载波基本配置,Device.Services.FAPService.{i}.,,json_seed_and_catalog_existing_group,omcgo/internal/config/parammodel/mmlstandardloader/seeds/cmcc_tdlte_v23.json; omcgo/datamodels/mml-catalog/cmcc-tdlte-v2.3.json,SJ,移动性参数管理,{i},Device.Services.FAPService.{i}.CellConfig.{i}.NR.RAN.Mobility.ConnMode.NR.A4MeasureCtrl.{i}.,READ_WRITE,STRING
Device.Services.FAPService.{i}.CellConfig.{i}.NR.RAN.Mobility.ConnMode.NR.A4MeasureCtrl.{i}.UseWhiteCellList,yes,existing_mml_parent_object_group,命中 mmlstandardloader seed/catalog 的现有 object_path 分组；加入 sub_field 后可显示在当前参数树,YES_EXISTING_JSON_PARENT_GROUP,medium,SF,小区服务参数管理（总体）,FAP 载波基本配置,Device.Services.FAPService.{i}.,,json_seed_and_catalog_existing_group,omcgo/internal/config/parammodel/mmlstandardloader/seeds/cmcc_tdlte_v23.json; omcgo/datamodels/mml-catalog/cmcc-tdlte-v2.3.json,SJ,移动性参数管理,{i},Device.Services.FAPService.{i}.CellConfig.{i}.NR.RAN.Mobility.ConnMode.NR.A4MeasureCtrl.{i}.,READ_WRITE,STRING
Device.Services.FAPService.{i}.CellConfig.{i}.NR.RAN.Mobility.ConnMode.NR.A5MeasureCtrl.{i}.A5Threshold1RSRP,yes,existing_mml_parent_object_group,命中 mmlstandardloader seed/catalog 的现有 object_path 分组；加入 sub_field 后可显示在当前参数树,YES_EXISTING_JSON_PARENT_GROUP,medium,SF,小区服务参数管理（总体）,FAP 载波基本配置,Device.Services.FAPService.{i}.,,json_seed_and_catalog_existing_group,omcgo/internal/config/parammodel/mmlstandardloader/seeds/cmcc_tdlte_v23.json; omcgo/datamodels/mml-catalog/cmcc-tdlte-v2.3.json,SJ,移动性参数管理,{i},Device.Services.FAPService.{i}.CellConfig.{i}.NR.RAN.Mobility.ConnMode.NR.A5MeasureCtrl.{i}.,READ_WRITE,STRING
Device.Services.FAPService.{i}.CellConfig.{i}.NR.RAN.Mobility.ConnMode.NR.A5MeasureCtrl.{i}.A5Threshold1RSRQ,yes,existing_mml_parent_object_group,命中 mmlstandardloader seed/catalog 的现有 object_path 分组；加入 sub_field 后可显示在当前参数树,YES_EXISTING_JSON_PARENT_GROUP,medium,SF,小区服务参数管理（总体）,FAP 载波基本配置,Device.Services.FAPService.{i}.,,json_seed_and_catalog_existing_group,omcgo/internal/config/parammodel/mmlstandardloader/seeds/cmcc_tdlte_v23.json; omcgo/datamodels/mml-catalog/cmcc-tdlte-v2.3.json,SJ,移动性参数管理,{i},Device.Services.FAPService.{i}.CellConfig.{i}.NR.RAN.Mobility.ConnMode.NR.A5MeasureCtrl.{i}.,READ_WRITE,STRING
Device.Services.FAPService.{i}.CellConfig.{i}.NR.RAN.Mobility.ConnMode.NR.A5MeasureCtrl.{i}.A5Threshold1SINR,yes,existing_mml_parent_object_group,命中 mmlstandardloader seed/catalog 的现有 object_path 分组；加入 sub_field 后可显示在当前参数树,YES_EXISTING_JSON_PARENT_GROUP,medium,SF,小区服务参数管理（总体）,FAP 载波基本配置,Device.Services.FAPService.{i}.,,json_seed_and_catalog_existing_group,omcgo/internal/config/parammodel/mmlstandardloader/seeds/cmcc_tdlte_v23.json; omcgo/datamodels/mml-catalog/cmcc-tdlte-v2.3.json,SJ,移动性参数管理,{i},Device.Services.FAPService.{i}.CellConfig.{i}.NR.RAN.Mobility.ConnMode.NR.A5MeasureCtrl.{i}.,READ_WRITE,STRING
Device.Services.FAPService.{i}.CellConfig.{i}.NR.RAN.Mobility.ConnMode.NR.A5MeasureCtrl.{i}.A5Threshold2RSRP,yes,existing_mml_parent_object_group,命中 mmlstandardloader seed/catalog 的现有 object_path 分组；加入 sub_field 后可显示在当前参数树,YES_EXISTING_JSON_PARENT_GROUP,medium,SF,小区服务参数管理（总体）,FAP 载波基本配置,Device.Services.FAPService.{i}.,,json_seed_and_catalog_existing_group,omcgo/internal/config/parammodel/mmlstandardloader/seeds/cmcc_tdlte_v23.json; omcgo/datamodels/mml-catalog/cmcc-tdlte-v2.3.json,SJ,移动性参数管理,{i},Device.Services.FAPService.{i}.CellConfig.{i}.NR.RAN.Mobility.ConnMode.NR.A5MeasureCtrl.{i}.,READ_WRITE,STRING
Device.Services.FAPService.{i}.CellConfig.{i}.NR.RAN.Mobility.ConnMode.NR.A5MeasureCtrl.{i}.A5Threshold2RSRQ,yes,existing_mml_parent_object_group,命中 mmlstandardloader seed/catalog 的现有 object_path 分组；加入 sub_field 后可显示在当前参数树,YES_EXISTING_JSON_PARENT_GROUP,medium,SF,小区服务参数管理（总体）,FAP 载波基本配置,Device.Services.FAPService.{i}.,,json_seed_and_catalog_existing_group,omcgo/internal/config/parammodel/mmlstandardloader/seeds/cmcc_tdlte_v23.json; omcgo/datamodels/mml-catalog/cmcc-tdlte-v2.3.json,SJ,移动性参数管理,{i},Device.Services.FAPService.{i}.CellConfig.{i}.NR.RAN.Mobility.ConnMode.NR.A5MeasureCtrl.{i}.,READ_WRITE,STRING
Device.Services.FAPService.{i}.CellConfig.{i}.NR.RAN.Mobility.ConnMode.NR.A5MeasureCtrl.{i}.A5Threshold2SINR,yes,existing_mml_parent_object_group,命中 mmlstandardloader seed/catalog 的现有 object_path 分组；加入 sub_field 后可显示在当前参数树,YES_EXISTING_JSON_PARENT_GROUP,medium,SF,小区服务参数管理（总体）,FAP 载波基本配置,Device.Services.FAPService.{i}.,,json_seed_and_catalog_existing_group,omcgo/internal/config/parammodel/mmlstandardloader/seeds/cmcc_tdlte_v23.json; omcgo/datamodels/mml-catalog/cmcc-tdlte-v2.3.json,SJ,移动性参数管理,{i},Device.Services.FAPService.{i}.CellConfig.{i}.NR.RAN.Mobility.ConnMode.NR.A5MeasureCtrl.{i}.,READ_WRITE,STRING
Device.Services.FAPService.{i}.CellConfig.{i}.NR.RAN.Mobility.ConnMode.NR.A5MeasureCtrl.{i}.Enable,yes,existing_mml_parent_object_group,命中 mmlstandardloader seed/catalog 的现有 object_path 分组；加入 sub_field 后可显示在当前参数树,YES_EXISTING_JSON_PARENT_GROUP,medium,SF,小区服务参数管理（总体）,FAP 载波基本配置,Device.Services.FAPService.{i}.,,json_seed_and_catalog_existing_group,omcgo/internal/config/parammodel/mmlstandardloader/seeds/cmcc_tdlte_v23.json; omcgo/datamodels/mml-catalog/cmcc-tdlte-v2.3.json,SJ,移动性参数管理,{i},Device.Services.FAPService.{i}.CellConfig.{i}.NR.RAN.Mobility.ConnMode.NR.A5MeasureCtrl.{i}.,READ_WRITE,STRING
Device.Services.FAPService.{i}.CellConfig.{i}.NR.RAN.Mobility.ConnMode.NR.A5MeasureCtrl.{i}.Hysteresis,yes,existing_mml_parent_object_group,命中 mmlstandardloader seed/catalog 的现有 object_path 分组；加入 sub_field 后可显示在当前参数树,YES_EXISTING_JSON_PARENT_GROUP,medium,SF,小区服务参数管理（总体）,FAP 载波基本配置,Device.Services.FAPService.{i}.,,json_seed_and_catalog_existing_group,omcgo/internal/config/parammodel/mmlstandardloader/seeds/cmcc_tdlte_v23.json; omcgo/datamodels/mml-catalog/cmcc-tdlte-v2.3.json,SJ,移动性参数管理,{i},Device.Services.FAPService.{i}.CellConfig.{i}.NR.RAN.Mobility.ConnMode.NR.A5MeasureCtrl.{i}.,READ_WRITE,STRING
Device.Services.FAPService.{i}.CellConfig.{i}.NR.RAN.Mobility.ConnMode.NR.A5MeasureCtrl.{i}.IncludeBeamMeasurements,yes,existing_mml_parent_object_group,命中 mmlstandardloader seed/catalog 的现有 object_path 分组；加入 sub_field 后可显示在当前参数树,YES_EXISTING_JSON_PARENT_GROUP,medium,SF,小区服务参数管理（总体）,FAP 载波基本配置,Device.Services.FAPService.{i}.,,json_seed_and_catalog_existing_group,omcgo/internal/config/parammodel/mmlstandardloader/seeds/cmcc_tdlte_v23.json; omcgo/datamodels/mml-catalog/cmcc-tdlte-v2.3.json,SJ,移动性参数管理,{i},Device.Services.FAPService.{i}.CellConfig.{i}.NR.RAN.Mobility.ConnMode.NR.A5MeasureCtrl.{i}.,READ_WRITE,STRING
Device.Services.FAPService.{i}.CellConfig.{i}.NR.RAN.Mobility.ConnMode.NR.A5MeasureCtrl.{i}.MaxNrofRSIndexToReport,yes,existing_mml_parent_object_group,命中 mmlstandardloader seed/catalog 的现有 object_path 分组；加入 sub_field 后可显示在当前参数树,YES_EXISTING_JSON_PARENT_GROUP,medium,SF,小区服务参数管理（总体）,FAP 载波基本配置,Device.Services.FAPService.{i}.,,json_seed_and_catalog_existing_group,omcgo/internal/config/parammodel/mmlstandardloader/seeds/cmcc_tdlte_v23.json; omcgo/datamodels/mml-catalog/cmcc-tdlte-v2.3.json,SJ,移动性参数管理,{i},Device.Services.FAPService.{i}.CellConfig.{i}.NR.RAN.Mobility.ConnMode.NR.A5MeasureCtrl.{i}.,READ_WRITE,STRING
Device.Services.FAPService.{i}.CellConfig.{i}.NR.RAN.Mobility.ConnMode.NR.A5MeasureCtrl.{i}.MaxReportCells,yes,existing_mml_parent_object_group,命中 mmlstandardloader seed/catalog 的现有 object_path 分组；加入 sub_field 后可显示在当前参数树,YES_EXISTING_JSON_PARENT_GROUP,medium,SF,小区服务参数管理（总体）,FAP 载波基本配置,Device.Services.FAPService.{i}.,,json_seed_and_catalog_existing_group,omcgo/internal/config/parammodel/mmlstandardloader/seeds/cmcc_tdlte_v23.json; omcgo/datamodels/mml-catalog/cmcc-tdlte-v2.3.json,SJ,移动性参数管理,{i},Device.Services.FAPService.{i}.CellConfig.{i}.NR.RAN.Mobility.ConnMode.NR.A5MeasureCtrl.{i}.,READ_WRITE,STRING
Device.Services.FAPService.{i}.CellConfig.{i}.NR.RAN.Mobility.ConnMode.NR.A5MeasureCtrl.{i}.MeasurePurpose,yes,existing_mml_parent_object_group,命中 mmlstandardloader seed/catalog 的现有 object_path 分组；加入 sub_field 后可显示在当前参数树,YES_EXISTING_JSON_PARENT_GROUP,medium,SF,小区服务参数管理（总体）,FAP 载波基本配置,Device.Services.FAPService.{i}.,,json_seed_and_catalog_existing_group,omcgo/internal/config/parammodel/mmlstandardloader/seeds/cmcc_tdlte_v23.json; omcgo/datamodels/mml-catalog/cmcc-tdlte-v2.3.json,SJ,移动性参数管理,{i},Device.Services.FAPService.{i}.CellConfig.{i}.NR.RAN.Mobility.ConnMode.NR.A5MeasureCtrl.{i}.,READ_WRITE,STRING
Device.Services.FAPService.{i}.CellConfig.{i}.NR.RAN.Mobility.ConnMode.NR.A5MeasureCtrl.{i}.PLMNID,yes,existing_mml_parent_object_group,命中 mmlstandardloader seed/catalog 的现有 object_path 分组；加入 sub_field 后可显示在当前参数树,YES_EXISTING_JSON_PARENT_GROUP,medium,SF,小区服务参数管理（总体）,FAP 载波基本配置,Device.Services.FAPService.{i}.,,json_seed_and_catalog_existing_group,omcgo/internal/config/parammodel/mmlstandardloader/seeds/cmcc_tdlte_v23.json; omcgo/datamodels/mml-catalog/cmcc-tdlte-v2.3.json,SJ,移动性参数管理,{i},Device.Services.FAPService.{i}.CellConfig.{i}.NR.RAN.Mobility.ConnMode.NR.A5MeasureCtrl.{i}.,READ_WRITE,STRING
Device.Services.FAPService.{i}.CellConfig.{i}.NR.RAN.Mobility.ConnMode.NR.A5MeasureCtrl.{i}.ReportAmount,yes,existing_mml_parent_object_group,命中 mmlstandardloader seed/catalog 的现有 object_path 分组；加入 sub_field 后可显示在当前参数树,YES_EXISTING_JSON_PARENT_GROUP,medium,SF,小区服务参数管理（总体）,FAP 载波基本配置,Device.Services.FAPService.{i}.,,json_seed_and_catalog_existing_group,omcgo/internal/config/parammodel/mmlstandardloader/seeds/cmcc_tdlte_v23.json; omcgo/datamodels/mml-catalog/cmcc-tdlte-v2.3.json,SJ,移动性参数管理,{i},Device.Services.FAPService.{i}.CellConfig.{i}.NR.RAN.Mobility.ConnMode.NR.A5MeasureCtrl.{i}.,READ_WRITE,STRING
Device.Services.FAPService.{i}.CellConfig.{i}.NR.RAN.Mobility.ConnMode.NR.A5MeasureCtrl.{i}.ReportInterval,yes,existing_mml_parent_object_group,命中 mmlstandardloader seed/catalog 的现有 object_path 分组；加入 sub_field 后可显示在当前参数树,YES_EXISTING_JSON_PARENT_GROUP,medium,SF,小区服务参数管理（总体）,FAP 载波基本配置,Device.Services.FAPService.{i}.,,json_seed_and_catalog_existing_group,omcgo/internal/config/parammodel/mmlstandardloader/seeds/cmcc_tdlte_v23.json; omcgo/datamodels/mml-catalog/cmcc-tdlte-v2.3.json,SJ,移动性参数管理,{i},Device.Services.FAPService.{i}.CellConfig.{i}.NR.RAN.Mobility.ConnMode.NR.A5MeasureCtrl.{i}.,READ_WRITE,STRING
Device.Services.FAPService.{i}.CellConfig.{i}.NR.RAN.Mobility.ConnMode.NR.A5MeasureCtrl.{i}.ReportOnLeave,yes,existing_mml_parent_object_group,命中 mmlstandardloader seed/catalog 的现有 object_path 分组；加入 sub_field 后可显示在当前参数树,YES_EXISTING_JSON_PARENT_GROUP,medium,SF,小区服务参数管理（总体）,FAP 载波基本配置,Device.Services.FAPService.{i}.,,json_seed_and_catalog_existing_group,omcgo/internal/config/parammodel/mmlstandardloader/seeds/cmcc_tdlte_v23.json; omcgo/datamodels/mml-catalog/cmcc-tdlte-v2.3.json,SJ,移动性参数管理,{i},Device.Services.FAPService.{i}.CellConfig.{i}.NR.RAN.Mobility.ConnMode.NR.A5MeasureCtrl.{i}.,READ_WRITE,STRING
Device.Services.FAPService.{i}.CellConfig.{i}.NR.RAN.Mobility.ConnMode.NR.A5MeasureCtrl.{i}.ReportQuantityCell,yes,existing_mml_parent_object_group,命中 mmlstandardloader seed/catalog 的现有 object_path 分组；加入 sub_field 后可显示在当前参数树,YES_EXISTING_JSON_PARENT_GROUP,medium,SF,小区服务参数管理（总体）,FAP 载波基本配置,Device.Services.FAPService.{i}.,,json_seed_and_catalog_existing_group,omcgo/internal/config/parammodel/mmlstandardloader/seeds/cmcc_tdlte_v23.json; omcgo/datamodels/mml-catalog/cmcc-tdlte-v2.3.json,SJ,移动性参数管理,{i},Device.Services.FAPService.{i}.CellConfig.{i}.NR.RAN.Mobility.ConnMode.NR.A5MeasureCtrl.{i}.,READ_WRITE,STRING
Device.Services.FAPService.{i}.CellConfig.{i}.NR.RAN.Mobility.ConnMode.NR.A5MeasureCtrl.{i}.RptQuantityRsIndex,yes,existing_mml_parent_object_group,命中 mmlstandardloader seed/catalog 的现有 object_path 分组；加入 sub_field 后可显示在当前参数树,YES_EXISTING_JSON_PARENT_GROUP,medium,SF,小区服务参数管理（总体）,FAP 载波基本配置,Device.Services.FAPService.{i}.,,json_seed_and_catalog_existing_group,omcgo/internal/config/parammodel/mmlstandardloader/seeds/cmcc_tdlte_v23.json; omcgo/datamodels/mml-catalog/cmcc-tdlte-v2.3.json,SJ,移动性参数管理,{i},Device.Services.FAPService.{i}.CellConfig.{i}.NR.RAN.Mobility.ConnMode.NR.A5MeasureCtrl.{i}.,READ_WRITE,STRING
Device.Services.FAPService.{i}.CellConfig.{i}.NR.RAN.Mobility.ConnMode.NR.A5MeasureCtrl.{i}.RsType,yes,existing_mml_parent_object_group,命中 mmlstandardloader seed/catalog 的现有 object_path 分组；加入 sub_field 后可显示在当前参数树,YES_EXISTING_JSON_PARENT_GROUP,medium,SF,小区服务参数管理（总体）,FAP 载波基本配置,Device.Services.FAPService.{i}.,,json_seed_and_catalog_existing_group,omcgo/internal/config/parammodel/mmlstandardloader/seeds/cmcc_tdlte_v23.json; omcgo/datamodels/mml-catalog/cmcc-tdlte-v2.3.json,SJ,移动性参数管理,{i},Device.Services.FAPService.{i}.CellConfig.{i}.NR.RAN.Mobility.ConnMode.NR.A5MeasureCtrl.{i}.,READ_WRITE,STRING
Device.Services.FAPService.{i}.CellConfig.{i}.NR.RAN.Mobility.ConnMode.NR.A5MeasureCtrl.{i}.Threshold2TriggerType,yes,existing_mml_parent_object_group,命中 mmlstandardloader seed/catalog 的现有 object_path 分组；加入 sub_field 后可显示在当前参数树,YES_EXISTING_JSON_PARENT_GROUP,medium,SF,小区服务参数管理（总体）,FAP 载波基本配置,Device.Services.FAPService.{i}.,,json_seed_and_catalog_existing_group,omcgo/internal/config/parammodel/mmlstandardloader/seeds/cmcc_tdlte_v23.json; omcgo/datamodels/mml-catalog/cmcc-tdlte-v2.3.json,SJ,移动性参数管理,{i},Device.Services.FAPService.{i}.CellConfig.{i}.NR.RAN.Mobility.ConnMode.NR.A5MeasureCtrl.{i}.,READ_WRITE,STRING
Device.Services.FAPService.{i}.CellConfig.{i}.NR.RAN.Mobility.ConnMode.NR.A5MeasureCtrl.{i}.ThresholdTriggerType,yes,existing_mml_parent_object_group,命中 mmlstandardloader seed/catalog 的现有 object_path 分组；加入 sub_field 后可显示在当前参数树,YES_EXISTING_JSON_PARENT_GROUP,medium,SF,小区服务参数管理（总体）,FAP 载波基本配置,Device.Services.FAPService.{i}.,,json_seed_and_catalog_existing_group,omcgo/internal/config/parammodel/mmlstandardloader/seeds/cmcc_tdlte_v23.json; omcgo/datamodels/mml-catalog/cmcc-tdlte-v2.3.json,SJ,移动性参数管理,{i},Device.Services.FAPService.{i}.CellConfig.{i}.NR.RAN.Mobility.ConnMode.NR.A5MeasureCtrl.{i}.,READ_WRITE,STRING
Device.Services.FAPService.{i}.CellConfig.{i}.NR.RAN.Mobility.ConnMode.NR.A5MeasureCtrl.{i}.TimeToTrigger,yes,existing_mml_parent_object_group,命中 mmlstandardloader seed/catalog 的现有 object_path 分组；加入 sub_field 后可显示在当前参数树,YES_EXISTING_JSON_PARENT_GROUP,medium,SF,小区服务参数管理（总体）,FAP 载波基本配置,Device.Services.FAPService.{i}.,,json_seed_and_catalog_existing_group,omcgo/internal/config/parammodel/mmlstandardloader/seeds/cmcc_tdlte_v23.json; omcgo/datamodels/mml-catalog/cmcc-tdlte-v2.3.json,SJ,移动性参数管理,{i},Device.Services.FAPService.{i}.CellConfig.{i}.NR.RAN.Mobility.ConnMode.NR.A5MeasureCtrl.{i}.,READ_WRITE,STRING
Device.Services.FAPService.{i}.CellConfig.{i}.NR.RAN.Mobility.ConnMode.NR.A5MeasureCtrl.{i}.UseWhiteCellList,yes,existing_mml_parent_object_group,命中 mmlstandardloader seed/catalog 的现有 object_path 分组；加入 sub_field 后可显示在当前参数树,YES_EXISTING_JSON_PARENT_GROUP,medium,SF,小区服务参数管理（总体）,FAP 载波基本配置,Device.Services.FAPService.{i}.,,json_seed_and_catalog_existing_group,omcgo/internal/config/parammodel/mmlstandardloader/seeds/cmcc_tdlte_v23.json; omcgo/datamodels/mml-catalog/cmcc-tdlte-v2.3.json,SJ,移动性参数管理,{i},Device.Services.FAPService.{i}.CellConfig.{i}.NR.RAN.Mobility.ConnMode.NR.A5MeasureCtrl.{i}.,READ_WRITE,STRING
Device.Services.FAPService.{i}.CellConfig.{i}.NR.RAN.Mobility.ConnMode.NR.InterFreq.Carrier.{i}.Bitmap,yes,existing_mml_parent_object_group,命中 mmlstandardloader seed/catalog 的现有 object_path 分组；加入 sub_field 后可显示在当前参数树,YES_EXISTING_JSON_PARENT_GROUP,medium,SF,小区服务参数管理（总体）,FAP 载波基本配置,Device.Services.FAPService.{i}.,,json_seed_and_catalog_existing_group,omcgo/internal/config/parammodel/mmlstandardloader/seeds/cmcc_tdlte_v23.json; omcgo/datamodels/mml-catalog/cmcc-tdlte-v2.3.json,SJ,移动性参数管理,{i},Device.Services.FAPService.{i}.CellConfig.{i}.NR.RAN.Mobility.ConnMode.NR.InterFreq.Carrier.{i}.,READ_WRITE,STRING
Device.Services.FAPService.{i}.CellConfig.{i}.NR.RAN.Mobility.ConnMode.NR.InterFreq.Carrier.{i}.BitmapType,yes,existing_mml_parent_object_group,命中 mmlstandardloader seed/catalog 的现有 object_path 分组；加入 sub_field 后可显示在当前参数树,YES_EXISTING_JSON_PARENT_GROUP,medium,SF,小区服务参数管理（总体）,FAP 载波基本配置,Device.Services.FAPService.{i}.,,json_seed_and_catalog_existing_group,omcgo/internal/config/parammodel/mmlstandardloader/seeds/cmcc_tdlte_v23.json; omcgo/datamodels/mml-catalog/cmcc-tdlte-v2.3.json,SJ,移动性参数管理,{i},Device.Services.FAPService.{i}.CellConfig.{i}.NR.RAN.Mobility.ConnMode.NR.InterFreq.Carrier.{i}.,READ_WRITE,STRING
Device.Services.FAPService.{i}.CellConfig.{i}.NR.RAN.Mobility.ConnMode.NR.InterFreq.Carrier.{i}.DeriveSSBIndexFromCell,yes,existing_mml_parent_object_group,命中 mmlstandardloader seed/catalog 的现有 object_path 分组；加入 sub_field 后可显示在当前参数树,YES_EXISTING_JSON_PARENT_GROUP,medium,SF,小区服务参数管理（总体）,FAP 载波基本配置,Device.Services.FAPService.{i}.,,json_seed_and_catalog_existing_group,omcgo/internal/config/parammodel/mmlstandardloader/seeds/cmcc_tdlte_v23.json; omcgo/datamodels/mml-catalog/cmcc-tdlte-v2.3.json,SJ,移动性参数管理,{i},Device.Services.FAPService.{i}.CellConfig.{i}.NR.RAN.Mobility.ConnMode.NR.InterFreq.Carrier.{i}.,READ_WRITE,STRING
Device.Services.FAPService.{i}.CellConfig.{i}.NR.RAN.Mobility.ConnMode.NR.InterFreq.Carrier.{i}.Enable,yes,existing_mml_parent_object_group,命中 mmlstandardloader seed/catalog 的现有 object_path 分组；加入 sub_field 后可显示在当前参数树,YES_EXISTING_JSON_PARENT_GROUP,medium,SF,小区服务参数管理（总体）,FAP 载波基本配置,Device.Services.FAPService.{i}.,,json_seed_and_catalog_existing_group,omcgo/internal/config/parammodel/mmlstandardloader/seeds/cmcc_tdlte_v23.json; omcgo/datamodels/mml-catalog/cmcc-tdlte-v2.3.json,SJ,移动性参数管理,{i},Device.Services.FAPService.{i}.CellConfig.{i}.NR.RAN.Mobility.ConnMode.NR.InterFreq.Carrier.{i}.,READ_WRITE,STRING
Device.Services.FAPService.{i}.CellConfig.{i}.NR.RAN.Mobility.ConnMode.NR.InterFreq.Carrier.{i}.FreqBandIndicatorNR,yes,existing_mml_parent_object_group,命中 mmlstandardloader seed/catalog 的现有 object_path 分组；加入 sub_field 后可显示在当前参数树,YES_EXISTING_JSON_PARENT_GROUP,medium,SF,小区服务参数管理（总体）,FAP 载波基本配置,Device.Services.FAPService.{i}.,,json_seed_and_catalog_existing_group,omcgo/internal/config/parammodel/mmlstandardloader/seeds/cmcc_tdlte_v23.json; omcgo/datamodels/mml-catalog/cmcc-tdlte-v2.3.json,SJ,移动性参数管理,{i},Device.Services.FAPService.{i}.CellConfig.{i}.NR.RAN.Mobility.ConnMode.NR.InterFreq.Carrier.{i}.,READ_WRITE,STRING
Device.Services.FAPService.{i}.CellConfig.{i}.NR.RAN.Mobility.ConnMode.NR.InterFreq.Carrier.{i}.NrofSSBlocksToAverage,yes,existing_mml_parent_object_group,命中 mmlstandardloader seed/catalog 的现有 object_path 分组；加入 sub_field 后可显示在当前参数树,YES_EXISTING_JSON_PARENT_GROUP,medium,SF,小区服务参数管理（总体）,FAP 载波基本配置,Device.Services.FAPService.{i}.,,json_seed_and_catalog_existing_group,omcgo/internal/config/parammodel/mmlstandardloader/seeds/cmcc_tdlte_v23.json; omcgo/datamodels/mml-catalog/cmcc-tdlte-v2.3.json,SJ,移动性参数管理,{i},Device.Services.FAPService.{i}.CellConfig.{i}.NR.RAN.Mobility.ConnMode.NR.InterFreq.Carrier.{i}.,READ_WRITE,STRING
Device.Services.FAPService.{i}.CellConfig.{i}.NR.RAN.Mobility.ConnMode.NR.InterFreq.Carrier.{i}.OffsetToPointA,yes,existing_mml_parent_object_group,命中 mmlstandardloader seed/catalog 的现有 object_path 分组；加入 sub_field 后可显示在当前参数树,YES_EXISTING_JSON_PARENT_GROUP,medium,SF,小区服务参数管理（总体）,FAP 载波基本配置,Device.Services.FAPService.{i}.,,json_seed_and_catalog_existing_group,omcgo/internal/config/parammodel/mmlstandardloader/seeds/cmcc_tdlte_v23.json; omcgo/datamodels/mml-catalog/cmcc-tdlte-v2.3.json,SJ,移动性参数管理,{i},Device.Services.FAPService.{i}.CellConfig.{i}.NR.RAN.Mobility.ConnMode.NR.InterFreq.Carrier.{i}.,READ_WRITE,STRING
Device.Services.FAPService.{i}.CellConfig.{i}.NR.RAN.Mobility.ConnMode.NR.InterFreq.Carrier.{i}.RsrpOffsetCsiRs,yes,existing_mml_parent_object_group,命中 mmlstandardloader seed/catalog 的现有 object_path 分组；加入 sub_field 后可显示在当前参数树,YES_EXISTING_JSON_PARENT_GROUP,medium,SF,小区服务参数管理（总体）,FAP 载波基本配置,Device.Services.FAPService.{i}.,,json_seed_and_catalog_existing_group,omcgo/internal/config/parammodel/mmlstandardloader/seeds/cmcc_tdlte_v23.json; omcgo/datamodels/mml-catalog/cmcc-tdlte-v2.3.json,SJ,移动性参数管理,{i},Device.Services.FAPService.{i}.CellConfig.{i}.NR.RAN.Mobility.ConnMode.NR.InterFreq.Carrier.{i}.,READ_WRITE,STRING
Device.Services.FAPService.{i}.CellConfig.{i}.NR.RAN.Mobility.ConnMode.NR.InterFreq.Carrier.{i}.RsrpOffsetSSB,yes,existing_mml_parent_object_group,命中 mmlstandardloader seed/catalog 的现有 object_path 分组；加入 sub_field 后可显示在当前参数树,YES_EXISTING_JSON_PARENT_GROUP,medium,SF,小区服务参数管理（总体）,FAP 载波基本配置,Device.Services.FAPService.{i}.,,json_seed_and_catalog_existing_group,omcgo/internal/config/parammodel/mmlstandardloader/seeds/cmcc_tdlte_v23.json; omcgo/datamodels/mml-catalog/cmcc-tdlte-v2.3.json,SJ,移动性参数管理,{i},Device.Services.FAPService.{i}.CellConfig.{i}.NR.RAN.Mobility.ConnMode.NR.InterFreq.Carrier.{i}.,READ_WRITE,STRING
Device.Services.FAPService.{i}.CellConfig.{i}.NR.RAN.Mobility.ConnMode.NR.InterFreq.Carrier.{i}.RsrqOffsetCsiRs,yes,existing_mml_parent_object_group,命中 mmlstandardloader seed/catalog 的现有 object_path 分组；加入 sub_field 后可显示在当前参数树,YES_EXISTING_JSON_PARENT_GROUP,medium,SF,小区服务参数管理（总体）,FAP 载波基本配置,Device.Services.FAPService.{i}.,,json_seed_and_catalog_existing_group,omcgo/internal/config/parammodel/mmlstandardloader/seeds/cmcc_tdlte_v23.json; omcgo/datamodels/mml-catalog/cmcc-tdlte-v2.3.json,SJ,移动性参数管理,{i},Device.Services.FAPService.{i}.CellConfig.{i}.NR.RAN.Mobility.ConnMode.NR.InterFreq.Carrier.{i}.,READ_WRITE,STRING
Device.Services.FAPService.{i}.CellConfig.{i}.NR.RAN.Mobility.ConnMode.NR.InterFreq.Carrier.{i}.RsrqOffsetSSB,yes,existing_mml_parent_object_group,命中 mmlstandardloader seed/catalog 的现有 object_path 分组；加入 sub_field 后可显示在当前参数树,YES_EXISTING_JSON_PARENT_GROUP,medium,SF,小区服务参数管理（总体）,FAP 载波基本配置,Device.Services.FAPService.{i}.,,json_seed_and_catalog_existing_group,omcgo/internal/config/parammodel/mmlstandardloader/seeds/cmcc_tdlte_v23.json; omcgo/datamodels/mml-catalog/cmcc-tdlte-v2.3.json,SJ,移动性参数管理,{i},Device.Services.FAPService.{i}.CellConfig.{i}.NR.RAN.Mobility.ConnMode.NR.InterFreq.Carrier.{i}.,READ_WRITE,STRING
Device.Services.FAPService.{i}.CellConfig.{i}.NR.RAN.Mobility.ConnMode.NR.InterFreq.Carrier.{i}.SSBFrequency,yes,existing_mml_parent_object_group,命中 mmlstandardloader seed/catalog 的现有 object_path 分组；加入 sub_field 后可显示在当前参数树,YES_EXISTING_JSON_PARENT_GROUP,medium,SF,小区服务参数管理（总体）,FAP 载波基本配置,Device.Services.FAPService.{i}.,,json_seed_and_catalog_existing_group,omcgo/internal/config/parammodel/mmlstandardloader/seeds/cmcc_tdlte_v23.json; omcgo/datamodels/mml-catalog/cmcc-tdlte-v2.3.json,SJ,移动性参数管理,{i},Device.Services.FAPService.{i}.CellConfig.{i}.NR.RAN.Mobility.ConnMode.NR.InterFreq.Carrier.{i}.,READ_WRITE,STRING
Device.Services.FAPService.{i}.CellConfig.{i}.NR.RAN.Mobility.ConnMode.NR.InterFreq.Carrier.{i}.SSBlocksConsolidationRsrp,yes,existing_mml_parent_object_group,命中 mmlstandardloader seed/catalog 的现有 object_path 分组；加入 sub_field 后可显示在当前参数树,YES_EXISTING_JSON_PARENT_GROUP,medium,SF,小区服务参数管理（总体）,FAP 载波基本配置,Device.Services.FAPService.{i}.,,json_seed_and_catalog_existing_group,omcgo/internal/config/parammodel/mmlstandardloader/seeds/cmcc_tdlte_v23.json; omcgo/datamodels/mml-catalog/cmcc-tdlte-v2.3.json,SJ,移动性参数管理,{i},Device.Services.FAPService.{i}.CellConfig.{i}.NR.RAN.Mobility.ConnMode.NR.InterFreq.Carrier.{i}.,READ_WRITE,STRING
Device.Services.FAPService.{i}.CellConfig.{i}.NR.RAN.Mobility.ConnMode.NR.InterFreq.Carrier.{i}.SSBlocksConsolidationRsrq,yes,existing_mml_parent_object_group,命中 mmlstandardloader seed/catalog 的现有 object_path 分组；加入 sub_field 后可显示在当前参数树,YES_EXISTING_JSON_PARENT_GROUP,medium,SF,小区服务参数管理（总体）,FAP 载波基本配置,Device.Services.FAPService.{i}.,,json_seed_and_catalog_existing_group,omcgo/internal/config/parammodel/mmlstandardloader/seeds/cmcc_tdlte_v23.json; omcgo/datamodels/mml-catalog/cmcc-tdlte-v2.3.json,SJ,移动性参数管理,{i},Device.Services.FAPService.{i}.CellConfig.{i}.NR.RAN.Mobility.ConnMode.NR.InterFreq.Carrier.{i}.,READ_WRITE,STRING
Device.Services.FAPService.{i}.CellConfig.{i}.NR.RAN.Mobility.ConnMode.NR.InterFreq.Carrier.{i}.SSBlocksConsolidationSinr,yes,existing_mml_parent_object_group,命中 mmlstandardloader seed/catalog 的现有 object_path 分组；加入 sub_field 后可显示在当前参数树,YES_EXISTING_JSON_PARENT_GROUP,medium,SF,小区服务参数管理（总体）,FAP 载波基本配置,Device.Services.FAPService.{i}.,,json_seed_and_catalog_existing_group,omcgo/internal/config/parammodel/mmlstandardloader/seeds/cmcc_tdlte_v23.json; omcgo/datamodels/mml-catalog/cmcc-tdlte-v2.3.json,SJ,移动性参数管理,{i},Device.Services.FAPService.{i}.CellConfig.{i}.NR.RAN.Mobility.ConnMode.NR.InterFreq.Carrier.{i}.,READ_WRITE,STRING
Device.Services.FAPService.{i}.CellConfig.{i}.NR.RAN.Mobility.ConnMode.NR.InterFreq.Carrier.{i}.SinrOffsetCsiRs,yes,existing_mml_parent_object_group,命中 mmlstandardloader seed/catalog 的现有 object_path 分组；加入 sub_field 后可显示在当前参数树,YES_EXISTING_JSON_PARENT_GROUP,medium,SF,小区服务参数管理（总体）,FAP 载波基本配置,Device.Services.FAPService.{i}.,,json_seed_and_catalog_existing_group,omcgo/internal/config/parammodel/mmlstandardloader/seeds/cmcc_tdlte_v23.json; omcgo/datamodels/mml-catalog/cmcc-tdlte-v2.3.json,SJ,移动性参数管理,{i},Device.Services.FAPService.{i}.CellConfig.{i}.NR.RAN.Mobility.ConnMode.NR.InterFreq.Carrier.{i}.,READ_WRITE,STRING
Device.Services.FAPService.{i}.CellConfig.{i}.NR.RAN.Mobility.ConnMode.NR.InterFreq.Carrier.{i}.SinrOffsetSSB,yes,existing_mml_parent_object_group,命中 mmlstandardloader seed/catalog 的现有 object_path 分组；加入 sub_field 后可显示在当前参数树,YES_EXISTING_JSON_PARENT_GROUP,medium,SF,小区服务参数管理（总体）,FAP 载波基本配置,Device.Services.FAPService.{i}.,,json_seed_and_catalog_existing_group,omcgo/internal/config/parammodel/mmlstandardloader/seeds/cmcc_tdlte_v23.json; omcgo/datamodels/mml-catalog/cmcc-tdlte-v2.3.json,SJ,移动性参数管理,{i},Device.Services.FAPService.{i}.CellConfig.{i}.NR.RAN.Mobility.ConnMode.NR.InterFreq.Carrier.{i}.,READ_WRITE,STRING
Device.Services.FAPService.{i}.CellConfig.{i}.NR.RAN.Mobility.ConnMode.NR.InterFreq.Carrier.{i}.SmtcDuration,yes,existing_mml_parent_object_group,命中 mmlstandardloader seed/catalog 的现有 object_path 分组；加入 sub_field 后可显示在当前参数树,YES_EXISTING_JSON_PARENT_GROUP,medium,SF,小区服务参数管理（总体）,FAP 载波基本配置,Device.Services.FAPService.{i}.,,json_seed_and_catalog_existing_group,omcgo/internal/config/parammodel/mmlstandardloader/seeds/cmcc_tdlte_v23.json; omcgo/datamodels/mml-catalog/cmcc-tdlte-v2.3.json,SJ,移动性参数管理,{i},Device.Services.FAPService.{i}.CellConfig.{i}.NR.RAN.Mobility.ConnMode.NR.InterFreq.Carrier.{i}.,READ_WRITE,STRING
Device.Services.FAPService.{i}.CellConfig.{i}.NR.RAN.Mobility.ConnMode.NR.InterFreq.Carrier.{i}.SmtcOffset,yes,existing_mml_parent_object_group,命中 mmlstandardloader seed/catalog 的现有 object_path 分组；加入 sub_field 后可显示在当前参数树,YES_EXISTING_JSON_PARENT_GROUP,medium,SF,小区服务参数管理（总体）,FAP 载波基本配置,Device.Services.FAPService.{i}.,,json_seed_and_catalog_existing_group,omcgo/internal/config/parammodel/mmlstandardloader/seeds/cmcc_tdlte_v23.json; omcgo/datamodels/mml-catalog/cmcc-tdlte-v2.3.json,SJ,移动性参数管理,{i},Device.Services.FAPService.{i}.CellConfig.{i}.NR.RAN.Mobility.ConnMode.NR.InterFreq.Carrier.{i}.,READ_WRITE,STRING
Device.Services.FAPService.{i}.CellConfig.{i}.NR.RAN.Mobility.ConnMode.NR.InterFreq.Carrier.{i}.SmtcPeriodicity,yes,existing_mml_parent_object_group,命中 mmlstandardloader seed/catalog 的现有 object_path 分组；加入 sub_field 后可显示在当前参数树,YES_EXISTING_JSON_PARENT_GROUP,medium,SF,小区服务参数管理（总体）,FAP 载波基本配置,Device.Services.FAPService.{i}.,,json_seed_and_catalog_existing_group,omcgo/internal/config/parammodel/mmlstandardloader/seeds/cmcc_tdlte_v23.json; omcgo/datamodels/mml-catalog/cmcc-tdlte-v2.3.json,SJ,移动性参数管理,{i},Device.Services.FAPService.{i}.CellConfig.{i}.NR.RAN.Mobility.ConnMode.NR.InterFreq.Carrier.{i}.,READ_WRITE,STRING
Device.Services.FAPService.{i}.CellConfig.{i}.NR.RAN.Mobility.ConnMode.NR.InterFreq.Carrier.{i}.SsbSubcarrierOffset,yes,existing_mml_parent_object_group,命中 mmlstandardloader seed/catalog 的现有 object_path 分组；加入 sub_field 后可显示在当前参数树,YES_EXISTING_JSON_PARENT_GROUP,medium,SF,小区服务参数管理（总体）,FAP 载波基本配置,Device.Services.FAPService.{i}.,,json_seed_and_catalog_existing_group,omcgo/internal/config/parammodel/mmlstandardloader/seeds/cmcc_tdlte_v23.json; omcgo/datamodels/mml-catalog/cmcc-tdlte-v2.3.json,SJ,移动性参数管理,{i},Device.Services.FAPService.{i}.CellConfig.{i}.NR.RAN.Mobility.ConnMode.NR.InterFreq.Carrier.{i}.,READ_WRITE,STRING
Device.Services.FAPService.{i}.CellConfig.{i}.NR.RAN.Mobility.ConnMode.NR.InterFreq.Carrier.{i}.SubcarrierSpacing,yes,existing_mml_parent_object_group,命中 mmlstandardloader seed/catalog 的现有 object_path 分组；加入 sub_field 后可显示在当前参数树,YES_EXISTING_JSON_PARENT_GROUP,medium,SF,小区服务参数管理（总体）,FAP 载波基本配置,Device.Services.FAPService.{i}.,,json_seed_and_catalog_existing_group,omcgo/internal/config/parammodel/mmlstandardloader/seeds/cmcc_tdlte_v23.json; omcgo/datamodels/mml-catalog/cmcc-tdlte-v2.3.json,SJ,移动性参数管理,{i},Device.Services.FAPService.{i}.CellConfig.{i}.NR.RAN.Mobility.ConnMode.NR.InterFreq.Carrier.{i}.,READ_WRITE,STRING
Device.Services.FAPService.{i}.CellConfig.{i}.NR.RAN.Mobility.ConnMode.NR.PeriodMeasCtrl.{i}.MaxReportCells,yes,existing_mml_parent_object_group,命中 mmlstandardloader seed/catalog 的现有 object_path 分组；加入 sub_field 后可显示在当前参数树,YES_EXISTING_JSON_PARENT_GROUP,medium,SF,小区服务参数管理（总体）,FAP 载波基本配置,Device.Services.FAPService.{i}.,,json_seed_and_catalog_existing_group,omcgo/internal/config/parammodel/mmlstandardloader/seeds/cmcc_tdlte_v23.json; omcgo/datamodels/mml-catalog/cmcc-tdlte-v2.3.json,SJ,移动性参数管理,{i},Device.Services.FAPService.{i}.CellConfig.{i}.NR.RAN.Mobility.ConnMode.NR.PeriodMeasCtrl.{i}.,READ_WRITE,STRING
Device.Services.FAPService.{i}.CellConfig.{i}.NR.RAN.Mobility.ConnMode.NR.PeriodMeasCtrl.{i}.MeasurePurpose,yes,existing_mml_parent_object_group,命中 mmlstandardloader seed/catalog 的现有 object_path 分组；加入 sub_field 后可显示在当前参数树,YES_EXISTING_JSON_PARENT_GROUP,medium,SF,小区服务参数管理（总体）,FAP 载波基本配置,Device.Services.FAPService.{i}.,,json_seed_and_catalog_existing_group,omcgo/internal/config/parammodel/mmlstandardloader/seeds/cmcc_tdlte_v23.json; omcgo/datamodels/mml-catalog/cmcc-tdlte-v2.3.json,SJ,移动性参数管理,{i},Device.Services.FAPService.{i}.CellConfig.{i}.NR.RAN.Mobility.ConnMode.NR.PeriodMeasCtrl.{i}.,READ_WRITE,STRING
Device.Services.FAPService.{i}.CellConfig.{i}.NR.RAN.Mobility.ConnMode.NR.PeriodMeasCtrl.{i}.ReportAmount,yes,existing_mml_parent_object_group,命中 mmlstandardloader seed/catalog 的现有 object_path 分组；加入 sub_field 后可显示在当前参数树,YES_EXISTING_JSON_PARENT_GROUP,medium,SF,小区服务参数管理（总体）,FAP 载波基本配置,Device.Services.FAPService.{i}.,,json_seed_and_catalog_existing_group,omcgo/internal/config/parammodel/mmlstandardloader/seeds/cmcc_tdlte_v23.json; omcgo/datamodels/mml-catalog/cmcc-tdlte-v2.3.json,SJ,移动性参数管理,{i},Device.Services.FAPService.{i}.CellConfig.{i}.NR.RAN.Mobility.ConnMode.NR.PeriodMeasCtrl.{i}.,READ_WRITE,STRING
Device.Services.FAPService.{i}.CellConfig.{i}.NR.RAN.Mobility.ConnMode.NR.PeriodMeasCtrl.{i}.ReportInterval,yes,existing_mml_parent_object_group,命中 mmlstandardloader seed/catalog 的现有 object_path 分组；加入 sub_field 后可显示在当前参数树,YES_EXISTING_JSON_PARENT_GROUP,medium,SF,小区服务参数管理（总体）,FAP 载波基本配置,Device.Services.FAPService.{i}.,,json_seed_and_catalog_existing_group,omcgo/internal/config/parammodel/mmlstandardloader/seeds/cmcc_tdlte_v23.json; omcgo/datamodels/mml-catalog/cmcc-tdlte-v2.3.json,SJ,移动性参数管理,{i},Device.Services.FAPService.{i}.CellConfig.{i}.NR.RAN.Mobility.ConnMode.NR.PeriodMeasCtrl.{i}.,READ_WRITE,STRING
Device.Services.FAPService.{i}.CellConfig.{i}.NR.RAN.Mobility.ConnMode.NR.PeriodMeasCtrl.{i}.ReportQuantity,yes,existing_mml_parent_object_group,命中 mmlstandardloader seed/catalog 的现有 object_path 分组；加入 sub_field 后可显示在当前参数树,YES_EXISTING_JSON_PARENT_GROUP,medium,SF,小区服务参数管理（总体）,FAP 载波基本配置,Device.Services.FAPService.{i}.,,json_seed_and_catalog_existing_group,omcgo/internal/config/parammodel/mmlstandardloader/seeds/cmcc_tdlte_v23.json; omcgo/datamodels/mml-catalog/cmcc-tdlte-v2.3.json,SJ,移动性参数管理,{i},Device.Services.FAPService.{i}.CellConfig.{i}.NR.RAN.Mobility.ConnMode.NR.PeriodMeasCtrl.{i}.,READ_WRITE,STRING
Device.Services.FAPService.{i}.CellConfig.{i}.NR.RAN.Mobility.IdleMode.EUTRA.Carrier.{i}.AllowedMeasBandwidth,yes,existing_mml_parent_object_group,命中 mmlstandardloader seed/catalog 的现有 object_path 分组；加入 sub_field 后可显示在当前参数树,YES_EXISTING_JSON_PARENT_GROUP,medium,SF,小区服务参数管理（总体）,FAP 载波基本配置,Device.Services.FAPService.{i}.,,json_seed_and_catalog_existing_group,omcgo/internal/config/parammodel/mmlstandardloader/seeds/cmcc_tdlte_v23.json; omcgo/datamodels/mml-catalog/cmcc-tdlte-v2.3.json,SJ,移动性参数管理,{i},Device.Services.FAPService.{i}.CellConfig.{i}.NR.RAN.Mobility.IdleMode.EUTRA.Carrier.{i}.,READ_WRITE,STRING
Device.Services.FAPService.{i}.CellConfig.{i}.NR.RAN.Mobility.IdleMode.EUTRA.Carrier.{i}.BlackPhysCellIdRange,yes,existing_mml_parent_object_group,命中 mmlstandardloader seed/catalog 的现有 object_path 分组；加入 sub_field 后可显示在当前参数树,YES_EXISTING_JSON_PARENT_GROUP,medium,SF,小区服务参数管理（总体）,FAP 载波基本配置,Device.Services.FAPService.{i}.,,json_seed_and_catalog_existing_group,omcgo/internal/config/parammodel/mmlstandardloader/seeds/cmcc_tdlte_v23.json; omcgo/datamodels/mml-catalog/cmcc-tdlte-v2.3.json,SJ,移动性参数管理,{i},Device.Services.FAPService.{i}.CellConfig.{i}.NR.RAN.Mobility.IdleMode.EUTRA.Carrier.{i}.,READ_WRITE,STRING
Device.Services.FAPService.{i}.CellConfig.{i}.NR.RAN.Mobility.IdleMode.EUTRA.Carrier.{i}.BlackPhysCellIdStart,yes,existing_mml_parent_object_group,命中 mmlstandardloader seed/catalog 的现有 object_path 分组；加入 sub_field 后可显示在当前参数树,YES_EXISTING_JSON_PARENT_GROUP,medium,SF,小区服务参数管理（总体）,FAP 载波基本配置,Device.Services.FAPService.{i}.,,json_seed_and_catalog_existing_group,omcgo/internal/config/parammodel/mmlstandardloader/seeds/cmcc_tdlte_v23.json; omcgo/datamodels/mml-catalog/cmcc-tdlte-v2.3.json,SJ,移动性参数管理,{i},Device.Services.FAPService.{i}.CellConfig.{i}.NR.RAN.Mobility.IdleMode.EUTRA.Carrier.{i}.,READ_WRITE,STRING
Device.Services.FAPService.{i}.CellConfig.{i}.NR.RAN.Mobility.IdleMode.EUTRA.Carrier.{i}.CellReselectionPriority,yes,existing_mml_parent_object_group,命中 mmlstandardloader seed/catalog 的现有 object_path 分组；加入 sub_field 后可显示在当前参数树,YES_EXISTING_JSON_PARENT_GROUP,medium,SF,小区服务参数管理（总体）,FAP 载波基本配置,Device.Services.FAPService.{i}.,,json_seed_and_catalog_existing_group,omcgo/internal/config/parammodel/mmlstandardloader/seeds/cmcc_tdlte_v23.json; omcgo/datamodels/mml-catalog/cmcc-tdlte-v2.3.json,SJ,移动性参数管理,{i},Device.Services.FAPService.{i}.CellConfig.{i}.NR.RAN.Mobility.IdleMode.EUTRA.Carrier.{i}.,READ_WRITE,STRING
Device.Services.FAPService.{i}.CellConfig.{i}.NR.RAN.Mobility.IdleMode.EUTRA.Carrier.{i}.EUTRACarrierARFCN,yes,existing_mml_parent_object_group,命中 mmlstandardloader seed/catalog 的现有 object_path 分组；加入 sub_field 后可显示在当前参数树,YES_EXISTING_JSON_PARENT_GROUP,medium,SF,小区服务参数管理（总体）,FAP 载波基本配置,Device.Services.FAPService.{i}.,,json_seed_and_catalog_existing_group,omcgo/internal/config/parammodel/mmlstandardloader/seeds/cmcc_tdlte_v23.json; omcgo/datamodels/mml-catalog/cmcc-tdlte-v2.3.json,SJ,移动性参数管理,{i},Device.Services.FAPService.{i}.CellConfig.{i}.NR.RAN.Mobility.IdleMode.EUTRA.Carrier.{i}.,READ_WRITE,STRING
Device.Services.FAPService.{i}.CellConfig.{i}.NR.RAN.Mobility.IdleMode.EUTRA.Carrier.{i}.PMaxEUTRA,yes,existing_mml_parent_object_group,命中 mmlstandardloader seed/catalog 的现有 object_path 分组；加入 sub_field 后可显示在当前参数树,YES_EXISTING_JSON_PARENT_GROUP,medium,SF,小区服务参数管理（总体）,FAP 载波基本配置,Device.Services.FAPService.{i}.,,json_seed_and_catalog_existing_group,omcgo/internal/config/parammodel/mmlstandardloader/seeds/cmcc_tdlte_v23.json; omcgo/datamodels/mml-catalog/cmcc-tdlte-v2.3.json,SJ,移动性参数管理,{i},Device.Services.FAPService.{i}.CellConfig.{i}.NR.RAN.Mobility.IdleMode.EUTRA.Carrier.{i}.,READ_WRITE,STRING
Device.Services.FAPService.{i}.CellConfig.{i}.NR.RAN.Mobility.IdleMode.EUTRA.Carrier.{i}.PresenceAntennaPort1,yes,existing_mml_parent_object_group,命中 mmlstandardloader seed/catalog 的现有 object_path 分组；加入 sub_field 后可显示在当前参数树,YES_EXISTING_JSON_PARENT_GROUP,medium,SF,小区服务参数管理（总体）,FAP 载波基本配置,Device.Services.FAPService.{i}.,,json_seed_and_catalog_existing_group,omcgo/internal/config/parammodel/mmlstandardloader/seeds/cmcc_tdlte_v23.json; omcgo/datamodels/mml-catalog/cmcc-tdlte-v2.3.json,SJ,移动性参数管理,{i},Device.Services.FAPService.{i}.CellConfig.{i}.NR.RAN.Mobility.IdleMode.EUTRA.Carrier.{i}.,READ_WRITE,STRING
Device.Services.FAPService.{i}.CellConfig.{i}.NR.RAN.Mobility.IdleMode.EUTRA.Carrier.{i}.QQualMin,yes,existing_mml_parent_object_group,命中 mmlstandardloader seed/catalog 的现有 object_path 分组；加入 sub_field 后可显示在当前参数树,YES_EXISTING_JSON_PARENT_GROUP,medium,SF,小区服务参数管理（总体）,FAP 载波基本配置,Device.Services.FAPService.{i}.,,json_seed_and_catalog_existing_group,omcgo/internal/config/parammodel/mmlstandardloader/seeds/cmcc_tdlte_v23.json; omcgo/datamodels/mml-catalog/cmcc-tdlte-v2.3.json,SJ,移动性参数管理,{i},Device.Services.FAPService.{i}.CellConfig.{i}.NR.RAN.Mobility.IdleMode.EUTRA.Carrier.{i}.,READ_WRITE,STRING
Device.Services.FAPService.{i}.CellConfig.{i}.NR.RAN.Mobility.IdleMode.EUTRA.Carrier.{i}.QRxLevMin,yes,existing_mml_parent_object_group,命中 mmlstandardloader seed/catalog 的现有 object_path 分组；加入 sub_field 后可显示在当前参数树,YES_EXISTING_JSON_PARENT_GROUP,medium,SF,小区服务参数管理（总体）,FAP 载波基本配置,Device.Services.FAPService.{i}.,,json_seed_and_catalog_existing_group,omcgo/internal/config/parammodel/mmlstandardloader/seeds/cmcc_tdlte_v23.json; omcgo/datamodels/mml-catalog/cmcc-tdlte-v2.3.json,SJ,移动性参数管理,{i},Device.Services.FAPService.{i}.CellConfig.{i}.NR.RAN.Mobility.IdleMode.EUTRA.Carrier.{i}.,READ_WRITE,STRING
Device.Services.FAPService.{i}.CellConfig.{i}.NR.RAN.Mobility.IdleMode.EUTRA.Carrier.{i}.TReselectionEUTRA,yes,existing_mml_parent_object_group,命中 mmlstandardloader seed/catalog 的现有 object_path 分组；加入 sub_field 后可显示在当前参数树,YES_EXISTING_JSON_PARENT_GROUP,medium,SF,小区服务参数管理（总体）,FAP 载波基本配置,Device.Services.FAPService.{i}.,,json_seed_and_catalog_existing_group,omcgo/internal/config/parammodel/mmlstandardloader/seeds/cmcc_tdlte_v23.json; omcgo/datamodels/mml-catalog/cmcc-tdlte-v2.3.json,SJ,移动性参数管理,{i},Device.Services.FAPService.{i}.CellConfig.{i}.NR.RAN.Mobility.IdleMode.EUTRA.Carrier.{i}.,READ_WRITE,STRING
Device.Services.FAPService.{i}.CellConfig.{i}.NR.RAN.Mobility.IdleMode.EUTRA.Carrier.{i}.ThreshXHigh,yes,existing_mml_parent_object_group,命中 mmlstandardloader seed/catalog 的现有 object_path 分组；加入 sub_field 后可显示在当前参数树,YES_EXISTING_JSON_PARENT_GROUP,medium,SF,小区服务参数管理（总体）,FAP 载波基本配置,Device.Services.FAPService.{i}.,,json_seed_and_catalog_existing_group,omcgo/internal/config/parammodel/mmlstandardloader/seeds/cmcc_tdlte_v23.json; omcgo/datamodels/mml-catalog/cmcc-tdlte-v2.3.json,SJ,移动性参数管理,{i},Device.Services.FAPService.{i}.CellConfig.{i}.NR.RAN.Mobility.IdleMode.EUTRA.Carrier.{i}.,READ_WRITE,STRING
Device.Services.FAPService.{i}.CellConfig.{i}.NR.RAN.Mobility.IdleMode.EUTRA.Carrier.{i}.ThreshXHighQ,yes,existing_mml_parent_object_group,命中 mmlstandardloader seed/catalog 的现有 object_path 分组；加入 sub_field 后可显示在当前参数树,YES_EXISTING_JSON_PARENT_GROUP,medium,SF,小区服务参数管理（总体）,FAP 载波基本配置,Device.Services.FAPService.{i}.,,json_seed_and_catalog_existing_group,omcgo/internal/config/parammodel/mmlstandardloader/seeds/cmcc_tdlte_v23.json; omcgo/datamodels/mml-catalog/cmcc-tdlte-v2.3.json,SJ,移动性参数管理,{i},Device.Services.FAPService.{i}.CellConfig.{i}.NR.RAN.Mobility.IdleMode.EUTRA.Carrier.{i}.,READ_WRITE,STRING
Device.Services.FAPService.{i}.CellConfig.{i}.NR.RAN.Mobility.IdleMode.EUTRA.Carrier.{i}.ThreshXLow,yes,existing_mml_parent_object_group,命中 mmlstandardloader seed/catalog 的现有 object_path 分组；加入 sub_field 后可显示在当前参数树,YES_EXISTING_JSON_PARENT_GROUP,medium,SF,小区服务参数管理（总体）,FAP 载波基本配置,Device.Services.FAPService.{i}.,,json_seed_and_catalog_existing_group,omcgo/internal/config/parammodel/mmlstandardloader/seeds/cmcc_tdlte_v23.json; omcgo/datamodels/mml-catalog/cmcc-tdlte-v2.3.json,SJ,移动性参数管理,{i},Device.Services.FAPService.{i}.CellConfig.{i}.NR.RAN.Mobility.IdleMode.EUTRA.Carrier.{i}.,READ_WRITE,STRING
Device.Services.FAPService.{i}.CellConfig.{i}.NR.RAN.Mobility.IdleMode.InterFreq.Carrier.{i}.AbsThreshSSBlocksConsolidation,yes,existing_mml_parent_object_group,命中 mmlstandardloader seed/catalog 的现有 object_path 分组；加入 sub_field 后可显示在当前参数树,YES_EXISTING_JSON_PARENT_GROUP,medium,SF,小区服务参数管理（总体）,FAP 载波基本配置,Device.Services.FAPService.{i}.,,json_seed_and_catalog_existing_group,omcgo/internal/config/parammodel/mmlstandardloader/seeds/cmcc_tdlte_v23.json; omcgo/datamodels/mml-catalog/cmcc-tdlte-v2.3.json,SJ,移动性参数管理,{i},Device.Services.FAPService.{i}.CellConfig.{i}.NR.RAN.Mobility.IdleMode.InterFreq.Carrier.{i}.,READ_WRITE,STRING
Device.Services.FAPService.{i}.CellConfig.{i}.NR.RAN.Mobility.IdleMode.InterFreq.Carrier.{i}.BlackPhysCellIdRange,yes,existing_mml_parent_object_group,命中 mmlstandardloader seed/catalog 的现有 object_path 分组；加入 sub_field 后可显示在当前参数树,YES_EXISTING_JSON_PARENT_GROUP,medium,SF,小区服务参数管理（总体）,FAP 载波基本配置,Device.Services.FAPService.{i}.,,json_seed_and_catalog_existing_group,omcgo/internal/config/parammodel/mmlstandardloader/seeds/cmcc_tdlte_v23.json; omcgo/datamodels/mml-catalog/cmcc-tdlte-v2.3.json,SJ,移动性参数管理,{i},Device.Services.FAPService.{i}.CellConfig.{i}.NR.RAN.Mobility.IdleMode.InterFreq.Carrier.{i}.,READ_WRITE,STRING
Device.Services.FAPService.{i}.CellConfig.{i}.NR.RAN.Mobility.IdleMode.InterFreq.Carrier.{i}.BlackPhysCellIdStart,yes,existing_mml_parent_object_group,命中 mmlstandardloader seed/catalog 的现有 object_path 分组；加入 sub_field 后可显示在当前参数树,YES_EXISTING_JSON_PARENT_GROUP,medium,SF,小区服务参数管理（总体）,FAP 载波基本配置,Device.Services.FAPService.{i}.,,json_seed_and_catalog_existing_group,omcgo/internal/config/parammodel/mmlstandardloader/seeds/cmcc_tdlte_v23.json; omcgo/datamodels/mml-catalog/cmcc-tdlte-v2.3.json,SJ,移动性参数管理,{i},Device.Services.FAPService.{i}.CellConfig.{i}.NR.RAN.Mobility.IdleMode.InterFreq.Carrier.{i}.,READ_WRITE,STRING
Device.Services.FAPService.{i}.CellConfig.{i}.NR.RAN.Mobility.IdleMode.InterFreq.Carrier.{i}.CellReselectionPriority,yes,existing_mml_parent_object_group,命中 mmlstandardloader seed/catalog 的现有 object_path 分组；加入 sub_field 后可显示在当前参数树,YES_EXISTING_JSON_PARENT_GROUP,medium,SF,小区服务参数管理（总体）,FAP 载波基本配置,Device.Services.FAPService.{i}.,,json_seed_and_catalog_existing_group,omcgo/internal/config/parammodel/mmlstandardloader/seeds/cmcc_tdlte_v23.json; omcgo/datamodels/mml-catalog/cmcc-tdlte-v2.3.json,SJ,移动性参数管理,{i},Device.Services.FAPService.{i}.CellConfig.{i}.NR.RAN.Mobility.IdleMode.InterFreq.Carrier.{i}.,READ_WRITE,STRING
Device.Services.FAPService.{i}.CellConfig.{i}.NR.RAN.Mobility.IdleMode.InterFreq.Carrier.{i}.CellReselectionSubPriority,yes,existing_mml_parent_object_group,命中 mmlstandardloader seed/catalog 的现有 object_path 分组；加入 sub_field 后可显示在当前参数树,YES_EXISTING_JSON_PARENT_GROUP,medium,SF,小区服务参数管理（总体）,FAP 载波基本配置,Device.Services.FAPService.{i}.,,json_seed_and_catalog_existing_group,omcgo/internal/config/parammodel/mmlstandardloader/seeds/cmcc_tdlte_v23.json; omcgo/datamodels/mml-catalog/cmcc-tdlte-v2.3.json,SJ,移动性参数管理,{i},Device.Services.FAPService.{i}.CellConfig.{i}.NR.RAN.Mobility.IdleMode.InterFreq.Carrier.{i}.,READ_WRITE,STRING
Device.Services.FAPService.{i}.CellConfig.{i}.NR.RAN.Mobility.IdleMode.InterFreq.Carrier.{i}.DeriveSSBIndexFromCell,yes,existing_mml_parent_object_group,命中 mmlstandardloader seed/catalog 的现有 object_path 分组；加入 sub_field 后可显示在当前参数树,YES_EXISTING_JSON_PARENT_GROUP,medium,SF,小区服务参数管理（总体）,FAP 载波基本配置,Device.Services.FAPService.{i}.,,json_seed_and_catalog_existing_group,omcgo/internal/config/parammodel/mmlstandardloader/seeds/cmcc_tdlte_v23.json; omcgo/datamodels/mml-catalog/cmcc-tdlte-v2.3.json,SJ,移动性参数管理,{i},Device.Services.FAPService.{i}.CellConfig.{i}.NR.RAN.Mobility.IdleMode.InterFreq.Carrier.{i}.,READ_WRITE,STRING
Device.Services.FAPService.{i}.CellConfig.{i}.NR.RAN.Mobility.IdleMode.InterFreq.Carrier.{i}.DlCarrierFreq,yes,existing_mml_parent_object_group,命中 mmlstandardloader seed/catalog 的现有 object_path 分组；加入 sub_field 后可显示在当前参数树,YES_EXISTING_JSON_PARENT_GROUP,medium,SF,小区服务参数管理（总体）,FAP 载波基本配置,Device.Services.FAPService.{i}.,,json_seed_and_catalog_existing_group,omcgo/internal/config/parammodel/mmlstandardloader/seeds/cmcc_tdlte_v23.json; omcgo/datamodels/mml-catalog/cmcc-tdlte-v2.3.json,SJ,移动性参数管理,{i},Device.Services.FAPService.{i}.CellConfig.{i}.NR.RAN.Mobility.IdleMode.InterFreq.Carrier.{i}.,READ_WRITE,STRING
Device.Services.FAPService.{i}.CellConfig.{i}.NR.RAN.Mobility.IdleMode.InterFreq.Carrier.{i}.NrofSSBlocksToAverage,yes,existing_mml_parent_object_group,命中 mmlstandardloader seed/catalog 的现有 object_path 分组；加入 sub_field 后可显示在当前参数树,YES_EXISTING_JSON_PARENT_GROUP,medium,SF,小区服务参数管理（总体）,FAP 载波基本配置,Device.Services.FAPService.{i}.,,json_seed_and_catalog_existing_group,omcgo/internal/config/parammodel/mmlstandardloader/seeds/cmcc_tdlte_v23.json; omcgo/datamodels/mml-catalog/cmcc-tdlte-v2.3.json,SJ,移动性参数管理,{i},Device.Services.FAPService.{i}.CellConfig.{i}.NR.RAN.Mobility.IdleMode.InterFreq.Carrier.{i}.,READ_WRITE,STRING
Device.Services.FAPService.{i}.CellConfig.{i}.NR.RAN.Mobility.IdleMode.InterFreq.Carrier.{i}.Pmax,yes,existing_mml_parent_object_group,命中 mmlstandardloader seed/catalog 的现有 object_path 分组；加入 sub_field 后可显示在当前参数树,YES_EXISTING_JSON_PARENT_GROUP,medium,SF,小区服务参数管理（总体）,FAP 载波基本配置,Device.Services.FAPService.{i}.,,json_seed_and_catalog_existing_group,omcgo/internal/config/parammodel/mmlstandardloader/seeds/cmcc_tdlte_v23.json; omcgo/datamodels/mml-catalog/cmcc-tdlte-v2.3.json,SJ,移动性参数管理,{i},Device.Services.FAPService.{i}.CellConfig.{i}.NR.RAN.Mobility.IdleMode.InterFreq.Carrier.{i}.,READ_WRITE,STRING
Device.Services.FAPService.{i}.CellConfig.{i}.NR.RAN.Mobility.IdleMode.InterFreq.Carrier.{i}.QOffsetFreq,yes,existing_mml_parent_object_group,命中 mmlstandardloader seed/catalog 的现有 object_path 分组；加入 sub_field 后可显示在当前参数树,YES_EXISTING_JSON_PARENT_GROUP,medium,SF,小区服务参数管理（总体）,FAP 载波基本配置,Device.Services.FAPService.{i}.,,json_seed_and_catalog_existing_group,omcgo/internal/config/parammodel/mmlstandardloader/seeds/cmcc_tdlte_v23.json; omcgo/datamodels/mml-catalog/cmcc-tdlte-v2.3.json,SJ,移动性参数管理,{i},Device.Services.FAPService.{i}.CellConfig.{i}.NR.RAN.Mobility.IdleMode.InterFreq.Carrier.{i}.,READ_WRITE,STRING
Device.Services.FAPService.{i}.CellConfig.{i}.NR.RAN.Mobility.IdleMode.InterFreq.Carrier.{i}.QQualMin,yes,existing_mml_parent_object_group,命中 mmlstandardloader seed/catalog 的现有 object_path 分组；加入 sub_field 后可显示在当前参数树,YES_EXISTING_JSON_PARENT_GROUP,medium,SF,小区服务参数管理（总体）,FAP 载波基本配置,Device.Services.FAPService.{i}.,,json_seed_and_catalog_existing_group,omcgo/internal/config/parammodel/mmlstandardloader/seeds/cmcc_tdlte_v23.json; omcgo/datamodels/mml-catalog/cmcc-tdlte-v2.3.json,SJ,移动性参数管理,{i},Device.Services.FAPService.{i}.CellConfig.{i}.NR.RAN.Mobility.IdleMode.InterFreq.Carrier.{i}.,READ_WRITE,STRING
Device.Services.FAPService.{i}.CellConfig.{i}.NR.RAN.Mobility.IdleMode.InterFreq.Carrier.{i}.QRxLevMin,yes,existing_mml_parent_object_group,命中 mmlstandardloader seed/catalog 的现有 object_path 分组；加入 sub_field 后可显示在当前参数树,YES_EXISTING_JSON_PARENT_GROUP,medium,SF,小区服务参数管理（总体）,FAP 载波基本配置,Device.Services.FAPService.{i}.,,json_seed_and_catalog_existing_group,omcgo/internal/config/parammodel/mmlstandardloader/seeds/cmcc_tdlte_v23.json; omcgo/datamodels/mml-catalog/cmcc-tdlte-v2.3.json,SJ,移动性参数管理,{i},Device.Services.FAPService.{i}.CellConfig.{i}.NR.RAN.Mobility.IdleMode.InterFreq.Carrier.{i}.,READ_WRITE,STRING
Device.Services.FAPService.{i}.CellConfig.{i}.NR.RAN.Mobility.IdleMode.InterFreq.Carrier.{i}.SsbSubcarrierSpacing,yes,existing_mml_parent_object_group,命中 mmlstandardloader seed/catalog 的现有 object_path 分组；加入 sub_field 后可显示在当前参数树,YES_EXISTING_JSON_PARENT_GROUP,medium,SF,小区服务参数管理（总体）,FAP 载波基本配置,Device.Services.FAPService.{i}.,,json_seed_and_catalog_existing_group,omcgo/internal/config/parammodel/mmlstandardloader/seeds/cmcc_tdlte_v23.json; omcgo/datamodels/mml-catalog/cmcc-tdlte-v2.3.json,SJ,移动性参数管理,{i},Device.Services.FAPService.{i}.CellConfig.{i}.NR.RAN.Mobility.IdleMode.InterFreq.Carrier.{i}.,READ_WRITE,STRING
Device.Services.FAPService.{i}.CellConfig.{i}.NR.RAN.Mobility.IdleMode.InterFreq.Carrier.{i}.TReselectionNR,yes,existing_mml_parent_object_group,命中 mmlstandardloader seed/catalog 的现有 object_path 分组；加入 sub_field 后可显示在当前参数树,YES_EXISTING_JSON_PARENT_GROUP,medium,SF,小区服务参数管理（总体）,FAP 载波基本配置,Device.Services.FAPService.{i}.,,json_seed_and_catalog_existing_group,omcgo/internal/config/parammodel/mmlstandardloader/seeds/cmcc_tdlte_v23.json; omcgo/datamodels/mml-catalog/cmcc-tdlte-v2.3.json,SJ,移动性参数管理,{i},Device.Services.FAPService.{i}.CellConfig.{i}.NR.RAN.Mobility.IdleMode.InterFreq.Carrier.{i}.,READ_WRITE,STRING
Device.Services.FAPService.{i}.CellConfig.{i}.NR.RAN.Mobility.IdleMode.InterFreq.Carrier.{i}.ThreshXHighP,yes,existing_mml_parent_object_group,命中 mmlstandardloader seed/catalog 的现有 object_path 分组；加入 sub_field 后可显示在当前参数树,YES_EXISTING_JSON_PARENT_GROUP,medium,SF,小区服务参数管理（总体）,FAP 载波基本配置,Device.Services.FAPService.{i}.,,json_seed_and_catalog_existing_group,omcgo/internal/config/parammodel/mmlstandardloader/seeds/cmcc_tdlte_v23.json; omcgo/datamodels/mml-catalog/cmcc-tdlte-v2.3.json,SJ,移动性参数管理,{i},Device.Services.FAPService.{i}.CellConfig.{i}.NR.RAN.Mobility.IdleMode.InterFreq.Carrier.{i}.,READ_WRITE,STRING
Device.Services.FAPService.{i}.CellConfig.{i}.NR.RAN.Mobility.IdleMode.InterFreq.Carrier.{i}.ThreshXHighQ,yes,existing_mml_parent_object_group,命中 mmlstandardloader seed/catalog 的现有 object_path 分组；加入 sub_field 后可显示在当前参数树,YES_EXISTING_JSON_PARENT_GROUP,medium,SF,小区服务参数管理（总体）,FAP 载波基本配置,Device.Services.FAPService.{i}.,,json_seed_and_catalog_existing_group,omcgo/internal/config/parammodel/mmlstandardloader/seeds/cmcc_tdlte_v23.json; omcgo/datamodels/mml-catalog/cmcc-tdlte-v2.3.json,SJ,移动性参数管理,{i},Device.Services.FAPService.{i}.CellConfig.{i}.NR.RAN.Mobility.IdleMode.InterFreq.Carrier.{i}.,READ_WRITE,STRING
Device.Services.FAPService.{i}.CellConfig.{i}.NR.RAN.Mobility.IdleMode.InterFreq.Carrier.{i}.ThreshXLowP,yes,existing_mml_parent_object_group,命中 mmlstandardloader seed/catalog 的现有 object_path 分组；加入 sub_field 后可显示在当前参数树,YES_EXISTING_JSON_PARENT_GROUP,medium,SF,小区服务参数管理（总体）,FAP 载波基本配置,Device.Services.FAPService.{i}.,,json_seed_and_catalog_existing_group,omcgo/internal/config/parammodel/mmlstandardloader/seeds/cmcc_tdlte_v23.json; omcgo/datamodels/mml-catalog/cmcc-tdlte-v2.3.json,SJ,移动性参数管理,{i},Device.Services.FAPService.{i}.CellConfig.{i}.NR.RAN.Mobility.IdleMode.InterFreq.Carrier.{i}.,READ_WRITE,STRING
Device.Services.FAPService.{i}.CellConfig.{i}.NR.RAN.Mobility.IdleMode.InterFreq.Carrier.{i}.ThreshXLowQ,yes,existing_mml_parent_object_group,命中 mmlstandardloader seed/catalog 的现有 object_path 分组；加入 sub_field 后可显示在当前参数树,YES_EXISTING_JSON_PARENT_GROUP,medium,SF,小区服务参数管理（总体）,FAP 载波基本配置,Device.Services.FAPService.{i}.,,json_seed_and_catalog_existing_group,omcgo/internal/config/parammodel/mmlstandardloader/seeds/cmcc_tdlte_v23.json; omcgo/datamodels/mml-catalog/cmcc-tdlte-v2.3.json,SJ,移动性参数管理,{i},Device.Services.FAPService.{i}.CellConfig.{i}.NR.RAN.Mobility.IdleMode.InterFreq.Carrier.{i}.,READ_WRITE,STRING
Device.Services.FAPService.{i}.CellConfig.{i}.NR.RAN.Mobility.IdleMode.InterFreq.Carrier.{i}.ThresholdRSRQ,yes,existing_mml_parent_object_group,命中 mmlstandardloader seed/catalog 的现有 object_path 分组；加入 sub_field 后可显示在当前参数树,YES_EXISTING_JSON_PARENT_GROUP,medium,SF,小区服务参数管理（总体）,FAP 载波基本配置,Device.Services.FAPService.{i}.,,json_seed_and_catalog_existing_group,omcgo/internal/config/parammodel/mmlstandardloader/seeds/cmcc_tdlte_v23.json; omcgo/datamodels/mml-catalog/cmcc-tdlte-v2.3.json,SJ,移动性参数管理,{i},Device.Services.FAPService.{i}.CellConfig.{i}.NR.RAN.Mobility.IdleMode.InterFreq.Carrier.{i}.,READ_WRITE,STRING
Device.Services.FAPService.{i}.CellConfig.{i}.NR.RAN.Mobility.IdleMode.InterFreq.Carrier.{i}.ThresholdSINR,yes,existing_mml_parent_object_group,命中 mmlstandardloader seed/catalog 的现有 object_path 分组；加入 sub_field 后可显示在当前参数树,YES_EXISTING_JSON_PARENT_GROUP,medium,SF,小区服务参数管理（总体）,FAP 载波基本配置,Device.Services.FAPService.{i}.,,json_seed_and_catalog_existing_group,omcgo/internal/config/parammodel/mmlstandardloader/seeds/cmcc_tdlte_v23.json; omcgo/datamodels/mml-catalog/cmcc-tdlte-v2.3.json,SJ,移动性参数管理,{i},Device.Services.FAPService.{i}.CellConfig.{i}.NR.RAN.Mobility.IdleMode.InterFreq.Carrier.{i}.,READ_WRITE,STRING
Device.Services.FAPService.{i}.FAPControl.NR.SelfConfig.SONConfigParam.ANR.A3RSRPOffset,yes,existing_mml_parent_object_group,命中 mmlstandardloader seed/catalog 的现有 object_path 分组；加入 sub_field 后可显示在当前参数树,YES_EXISTING_JSON_PARENT_GROUP,medium,SF,小区服务参数管理（总体）,FAP 载波基本配置,Device.Services.FAPService.{i}.,,json_seed_and_catalog_existing_group,omcgo/internal/config/parammodel/mmlstandardloader/seeds/cmcc_tdlte_v23.json; omcgo/datamodels/mml-catalog/cmcc-tdlte-v2.3.json,SK,SON参数管理,ANR,Device.Services.FAPService.{i}.FAPControl.NR.SelfConfig.SONConfigParam.ANR.,READ_WRITE,STRING
Device.Services.FAPService.{i}.FAPControl.NR.SelfConfig.SONConfigParam.ANR.AutoAdjustEnable,yes,existing_mml_parent_object_group,命中 mmlstandardloader seed/catalog 的现有 object_path 分组；加入 sub_field 后可显示在当前参数树,YES_EXISTING_JSON_PARENT_GROUP,medium,SF,小区服务参数管理（总体）,FAP 载波基本配置,Device.Services.FAPService.{i}.,,json_seed_and_catalog_existing_group,omcgo/internal/config/parammodel/mmlstandardloader/seeds/cmcc_tdlte_v23.json; omcgo/datamodels/mml-catalog/cmcc-tdlte-v2.3.json,SK,SON参数管理,ANR,Device.Services.FAPService.{i}.FAPControl.NR.SelfConfig.SONConfigParam.ANR.,READ_WRITE,STRING
Device.Services.FAPService.{i}.FAPControl.NR.SelfConfig.SONConfigParam.ANR.AutoRemoveEnable,yes,existing_mml_parent_object_group,命中 mmlstandardloader seed/catalog 的现有 object_path 分组；加入 sub_field 后可显示在当前参数树,YES_EXISTING_JSON_PARENT_GROUP,medium,SF,小区服务参数管理（总体）,FAP 载波基本配置,Device.Services.FAPService.{i}.,,json_seed_and_catalog_existing_group,omcgo/internal/config/parammodel/mmlstandardloader/seeds/cmcc_tdlte_v23.json; omcgo/datamodels/mml-catalog/cmcc-tdlte-v2.3.json,SK,SON参数管理,ANR,Device.Services.FAPService.{i}.FAPControl.NR.SelfConfig.SONConfigParam.ANR.,READ_WRITE,STRING
Device.Services.FAPService.{i}.FAPControl.NR.SelfConfig.SONConfigParam.ANR.AutoRemoveMaxCell,yes,existing_mml_parent_object_group,命中 mmlstandardloader seed/catalog 的现有 object_path 分组；加入 sub_field 后可显示在当前参数树,YES_EXISTING_JSON_PARENT_GROUP,medium,SF,小区服务参数管理（总体）,FAP 载波基本配置,Device.Services.FAPService.{i}.,,json_seed_and_catalog_existing_group,omcgo/internal/config/parammodel/mmlstandardloader/seeds/cmcc_tdlte_v23.json; omcgo/datamodels/mml-catalog/cmcc-tdlte-v2.3.json,SK,SON参数管理,ANR,Device.Services.FAPService.{i}.FAPControl.NR.SelfConfig.SONConfigParam.ANR.,READ_WRITE,STRING
Device.Services.FAPService.{i}.FAPControl.NR.SelfConfig.SONConfigParam.ANR.AutoRemovePeriod,yes,existing_mml_parent_object_group,命中 mmlstandardloader seed/catalog 的现有 object_path 分组；加入 sub_field 后可显示在当前参数树,YES_EXISTING_JSON_PARENT_GROUP,medium,SF,小区服务参数管理（总体）,FAP 载波基本配置,Device.Services.FAPService.{i}.,,json_seed_and_catalog_existing_group,omcgo/internal/config/parammodel/mmlstandardloader/seeds/cmcc_tdlte_v23.json; omcgo/datamodels/mml-catalog/cmcc-tdlte-v2.3.json,SK,SON参数管理,ANR,Device.Services.FAPService.{i}.FAPControl.NR.SelfConfig.SONConfigParam.ANR.,READ_WRITE,STRING
Device.Services.FAPService.{i}.FAPControl.NR.SelfConfig.SONConfigParam.ANR.BiNRCellEnable,yes,existing_mml_parent_object_group,命中 mmlstandardloader seed/catalog 的现有 object_path 分组；加入 sub_field 后可显示在当前参数树,YES_EXISTING_JSON_PARENT_GROUP,medium,SF,小区服务参数管理（总体）,FAP 载波基本配置,Device.Services.FAPService.{i}.,,json_seed_and_catalog_existing_group,omcgo/internal/config/parammodel/mmlstandardloader/seeds/cmcc_tdlte_v23.json; omcgo/datamodels/mml-catalog/cmcc-tdlte-v2.3.json,SK,SON参数管理,ANR,Device.Services.FAPService.{i}.FAPControl.NR.SelfConfig.SONConfigParam.ANR.,READ_WRITE,STRING
Device.Services.FAPService.{i}.FAPControl.NR.SelfConfig.SONConfigParam.ANR.EUTRANEnable,yes,existing_mml_parent_object_group,命中 mmlstandardloader seed/catalog 的现有 object_path 分组；加入 sub_field 后可显示在当前参数树,YES_EXISTING_JSON_PARENT_GROUP,medium,SF,小区服务参数管理（总体）,FAP 载波基本配置,Device.Services.FAPService.{i}.,,json_seed_and_catalog_existing_group,omcgo/internal/config/parammodel/mmlstandardloader/seeds/cmcc_tdlte_v23.json; omcgo/datamodels/mml-catalog/cmcc-tdlte-v2.3.json,SK,SON参数管理,ANR,Device.Services.FAPService.{i}.FAPControl.NR.SelfConfig.SONConfigParam.ANR.,READ_WRITE,STRING
Device.Services.FAPService.{i}.FAPControl.NR.SelfConfig.SONConfigParam.ANR.Enable,yes,existing_mml_parent_object_group,命中 mmlstandardloader seed/catalog 的现有 object_path 分组；加入 sub_field 后可显示在当前参数树,YES_EXISTING_JSON_PARENT_GROUP,medium,SF,小区服务参数管理（总体）,FAP 载波基本配置,Device.Services.FAPService.{i}.,,json_seed_and_catalog_existing_group,omcgo/internal/config/parammodel/mmlstandardloader/seeds/cmcc_tdlte_v23.json; omcgo/datamodels/mml-catalog/cmcc-tdlte-v2.3.json,SK,SON参数管理,ANR,Device.Services.FAPService.{i}.FAPControl.NR.SelfConfig.SONConfigParam.ANR.,READ_WRITE,STRING
Device.Services.FAPService.{i}.FAPControl.NR.SelfConfig.SONConfigParam.ANR.InterFeqEnable,yes,existing_mml_parent_object_group,命中 mmlstandardloader seed/catalog 的现有 object_path 分组；加入 sub_field 后可显示在当前参数树,YES_EXISTING_JSON_PARENT_GROUP,medium,SF,小区服务参数管理（总体）,FAP 载波基本配置,Device.Services.FAPService.{i}.,,json_seed_and_catalog_existing_group,omcgo/internal/config/parammodel/mmlstandardloader/seeds/cmcc_tdlte_v23.json; omcgo/datamodels/mml-catalog/cmcc-tdlte-v2.3.json,SK,SON参数管理,ANR,Device.Services.FAPService.{i}.FAPControl.NR.SelfConfig.SONConfigParam.ANR.,READ_WRITE,STRING
Device.Services.FAPService.{i}.FAPControl.NR.SelfConfig.SONConfigParam.ANR.KPIPeriod,yes,existing_mml_parent_object_group,命中 mmlstandardloader seed/catalog 的现有 object_path 分组；加入 sub_field 后可显示在当前参数树,YES_EXISTING_JSON_PARENT_GROUP,medium,SF,小区服务参数管理（总体）,FAP 载波基本配置,Device.Services.FAPService.{i}.,,json_seed_and_catalog_existing_group,omcgo/internal/config/parammodel/mmlstandardloader/seeds/cmcc_tdlte_v23.json; omcgo/datamodels/mml-catalog/cmcc-tdlte-v2.3.json,SK,SON参数管理,ANR,Device.Services.FAPService.{i}.FAPControl.NR.SelfConfig.SONConfigParam.ANR.,READ_WRITE,STRING
Device.Services.FAPService.{i}.FAPControl.NR.SelfConfig.SONConfigParam.ANR.MRTriggerType,yes,existing_mml_parent_object_group,命中 mmlstandardloader seed/catalog 的现有 object_path 分组；加入 sub_field 后可显示在当前参数树,YES_EXISTING_JSON_PARENT_GROUP,medium,SF,小区服务参数管理（总体）,FAP 载波基本配置,Device.Services.FAPService.{i}.,,json_seed_and_catalog_existing_group,omcgo/internal/config/parammodel/mmlstandardloader/seeds/cmcc_tdlte_v23.json; omcgo/datamodels/mml-catalog/cmcc-tdlte-v2.3.json,SK,SON参数管理,ANR,Device.Services.FAPService.{i}.FAPControl.NR.SelfConfig.SONConfigParam.ANR.,READ_WRITE,STRING
Device.Services.FAPService.{i}.FAPControl.NR.SelfConfig.SONConfigParam.ANR.MaxHoSuccess,yes,existing_mml_parent_object_group,命中 mmlstandardloader seed/catalog 的现有 object_path 分组；加入 sub_field 后可显示在当前参数树,YES_EXISTING_JSON_PARENT_GROUP,medium,SF,小区服务参数管理（总体）,FAP 载波基本配置,Device.Services.FAPService.{i}.,,json_seed_and_catalog_existing_group,omcgo/internal/config/parammodel/mmlstandardloader/seeds/cmcc_tdlte_v23.json; omcgo/datamodels/mml-catalog/cmcc-tdlte-v2.3.json,SK,SON参数管理,ANR,Device.Services.FAPService.{i}.FAPControl.NR.SelfConfig.SONConfigParam.ANR.,READ_WRITE,STRING
Device.Services.FAPService.{i}.FAPControl.NR.SelfConfig.SONConfigParam.ANR.MaxHoTimes,yes,existing_mml_parent_object_group,命中 mmlstandardloader seed/catalog 的现有 object_path 分组；加入 sub_field 后可显示在当前参数树,YES_EXISTING_JSON_PARENT_GROUP,medium,SF,小区服务参数管理（总体）,FAP 载波基本配置,Device.Services.FAPService.{i}.,,json_seed_and_catalog_existing_group,omcgo/internal/config/parammodel/mmlstandardloader/seeds/cmcc_tdlte_v23.json; omcgo/datamodels/mml-catalog/cmcc-tdlte-v2.3.json,SK,SON参数管理,ANR,Device.Services.FAPService.{i}.FAPControl.NR.SelfConfig.SONConfigParam.ANR.,READ_WRITE,STRING
Device.Services.FAPService.{i}.FAPControl.NR.SelfConfig.SONConfigParam.ANR.RSRPReferenceEnable,yes,existing_mml_parent_object_group,命中 mmlstandardloader seed/catalog 的现有 object_path 分组；加入 sub_field 后可显示在当前参数树,YES_EXISTING_JSON_PARENT_GROUP,medium,SF,小区服务参数管理（总体）,FAP 载波基本配置,Device.Services.FAPService.{i}.,,json_seed_and_catalog_existing_group,omcgo/internal/config/parammodel/mmlstandardloader/seeds/cmcc_tdlte_v23.json; omcgo/datamodels/mml-catalog/cmcc-tdlte-v2.3.json,SK,SON参数管理,ANR,Device.Services.FAPService.{i}.FAPControl.NR.SelfConfig.SONConfigParam.ANR.,READ_WRITE,STRING
Device.Services.FAPService.{i}.FAPControl.NR.SelfConfig.SONConfigParam.ANR.RSRPThreshold,yes,existing_mml_parent_object_group,命中 mmlstandardloader seed/catalog 的现有 object_path 分组；加入 sub_field 后可显示在当前参数树,YES_EXISTING_JSON_PARENT_GROUP,medium,SF,小区服务参数管理（总体）,FAP 载波基本配置,Device.Services.FAPService.{i}.,,json_seed_and_catalog_existing_group,omcgo/internal/config/parammodel/mmlstandardloader/seeds/cmcc_tdlte_v23.json; omcgo/datamodels/mml-catalog/cmcc-tdlte-v2.3.json,SK,SON参数管理,ANR,Device.Services.FAPService.{i}.FAPControl.NR.SelfConfig.SONConfigParam.ANR.,READ_WRITE,STRING
Device.FAP.Ipsec.{i},no,not_mml_tree_param_mapping_object_only,只命中 param-mappings XML object，缺少 mml_command_groups/mml_commands 节点,YES_PARAM_MAPPING_XML_OBJECT,medium-low,,,Ipsec,Device.FAP.Ipsec.,,param_mapping_xml_object_prefix,omcgo/data/param-mappings/BLQ.xml,SM,IPsec参数管理,Ipsec,Device.FAP.Ipsec.,READ_WRITE,STRING
Device.Services.FAPService.Ipsec.IPSEC_ENABLE,no,not_mml_tree_quicksettings_only,只命中 quicksettings XML，quicksettings 不是 MML 配置参数树数据源,YES_QUICKSETTINGS_XML_GROUP,high,,,IPSec 配置,,device-ipsec-control,quicksettings_xml_exact_standardPath,omcgo/data/quicksettings/BLQ.xml#device-ipsec-control:IPSec 配置(IPSEC_ENABLE),SM,IPsec参数管理,Ipsec,Device.Services.FAPService.Ipsec.,READ_WRITE,BOOLEAN
Device.FAP.Ipsec.{i}.DPDACTION,no,not_mml_tree_param_mapping_object_only,只命中 param-mappings XML object，缺少 mml_command_groups/mml_commands 节点,YES_PARAM_MAPPING_XML_OBJECT,medium-low,,,Ipsec,Device.FAP.Ipsec.,,param_mapping_xml_object_prefix,omcgo/data/param-mappings/BLQ.xml,SM,IPsec参数管理,{i},Device.FAP.Ipsec.{i}.,READ_WRITE,INT
Device.FAP.Ipsec.{i}.DPDDELAY,no,not_mml_tree_param_mapping_object_only,只命中 param-mappings XML object，缺少 mml_command_groups/mml_commands 节点,YES_PARAM_MAPPING_XML_OBJECT,medium-low,,,Ipsec,Device.FAP.Ipsec.,,param_mapping_xml_object_prefix,omcgo/data/param-mappings/BLQ.xml,SM,IPsec参数管理,{i},Device.FAP.Ipsec.{i}.,READ_WRITE,STRING
Device.FAP.Ipsec.{i}.ESP_AUTHENTICATION,no,not_mml_tree_param_mapping_object_only,只命中 param-mappings XML object，缺少 mml_command_groups/mml_commands 节点,YES_PARAM_MAPPING_XML_OBJECT,medium-low,,,Ipsec,Device.FAP.Ipsec.,,param_mapping_xml_object_prefix,omcgo/data/param-mappings/BLQ.xml,SM,IPsec参数管理,{i},Device.FAP.Ipsec.{i}.,READ_WRITE,INT
Device.FAP.Ipsec.{i}.ESP_DH_GROUP,no,not_mml_tree_param_mapping_object_only,只命中 param-mappings XML object，缺少 mml_command_groups/mml_commands 节点,YES_PARAM_MAPPING_XML_OBJECT,medium-low,,,Ipsec,Device.FAP.Ipsec.,,param_mapping_xml_object_prefix,omcgo/data/param-mappings/BLQ.xml,SM,IPsec参数管理,{i},Device.FAP.Ipsec.{i}.,READ_WRITE,INT
Device.FAP.Ipsec.{i}.ESP_ENCRYPTION,no,not_mml_tree_param_mapping_object_only,只命中 param-mappings XML object，缺少 mml_command_groups/mml_commands 节点,YES_PARAM_MAPPING_XML_OBJECT,medium-low,,,Ipsec,Device.FAP.Ipsec.,,param_mapping_xml_object_prefix,omcgo/data/param-mappings/BLQ.xml,SM,IPsec参数管理,{i},Device.FAP.Ipsec.{i}.,READ_WRITE,INT
Device.FAP.Ipsec.{i}.FRAGMENTATION,no,not_mml_tree_param_mapping_object_only,只命中 param-mappings XML object，缺少 mml_command_groups/mml_commands 节点,YES_PARAM_MAPPING_XML_OBJECT,medium-low,,,Ipsec,Device.FAP.Ipsec.,,param_mapping_xml_object_prefix,omcgo/data/param-mappings/BLQ.xml,SM,IPsec参数管理,{i},Device.FAP.Ipsec.{i}.,READ_WRITE,INT
Device.FAP.Ipsec.{i}.IKELIFETIME,no,not_mml_tree_param_mapping_object_only,只命中 param-mappings XML object，缺少 mml_command_groups/mml_commands 节点,YES_PARAM_MAPPING_XML_OBJECT,medium-low,,,Ipsec,Device.FAP.Ipsec.,,param_mapping_xml_object_prefix,omcgo/data/param-mappings/BLQ.xml,SM,IPsec参数管理,{i},Device.FAP.Ipsec.{i}.,READ_WRITE,STRING
Device.FAP.Ipsec.{i}.IKE_AUTHENTICATION,no,not_mml_tree_param_mapping_object_only,只命中 param-mappings XML object，缺少 mml_command_groups/mml_commands 节点,YES_PARAM_MAPPING_XML_OBJECT,medium-low,,,Ipsec,Device.FAP.Ipsec.,,param_mapping_xml_object_prefix,omcgo/data/param-mappings/BLQ.xml,SM,IPsec参数管理,{i},Device.FAP.Ipsec.{i}.,READ_WRITE,INT
Device.FAP.Ipsec.{i}.IKE_DH_GROUP,no,not_mml_tree_param_mapping_object_only,只命中 param-mappings XML object，缺少 mml_command_groups/mml_commands 节点,YES_PARAM_MAPPING_XML_OBJECT,medium-low,,,Ipsec,Device.FAP.Ipsec.,,param_mapping_xml_object_prefix,omcgo/data/param-mappings/BLQ.xml,SM,IPsec参数管理,{i},Device.FAP.Ipsec.{i}.,READ_WRITE,INT
Device.FAP.Ipsec.{i}.IKE_ENCRYPTION,no,not_mml_tree_param_mapping_object_only,只命中 param-mappings XML object，缺少 mml_command_groups/mml_commands 节点,YES_PARAM_MAPPING_XML_OBJECT,medium-low,,,Ipsec,Device.FAP.Ipsec.,,param_mapping_xml_object_prefix,omcgo/data/param-mappings/BLQ.xml,SM,IPsec参数管理,{i},Device.FAP.Ipsec.{i}.,READ_WRITE,INT
Device.FAP.Ipsec.{i}.KEYLIFE,no,not_mml_tree_param_mapping_object_only,只命中 param-mappings XML object，缺少 mml_command_groups/mml_commands 节点,YES_PARAM_MAPPING_XML_OBJECT,medium-low,,,Ipsec,Device.FAP.Ipsec.,,param_mapping_xml_object_prefix,omcgo/data/param-mappings/BLQ.xml,SM,IPsec参数管理,{i},Device.FAP.Ipsec.{i}.,READ_WRITE,STRING
Device.FAP.Ipsec.{i}.LEFTSOURCEIP,no,not_mml_tree_param_mapping_object_only,只命中 param-mappings XML object，缺少 mml_command_groups/mml_commands 节点,YES_PARAM_MAPPING_XML_OBJECT,medium-low,,,Ipsec,Device.FAP.Ipsec.,,param_mapping_xml_object_prefix,omcgo/data/param-mappings/BLQ.xml,SM,IPsec参数管理,{i},Device.FAP.Ipsec.{i}.,READ_WRITE,STRING
Device.FAP.Ipsec.{i}.LEFTSUBNET,no,not_mml_tree_param_mapping_object_only,只命中 param-mappings XML object，缺少 mml_command_groups/mml_commands 节点,YES_PARAM_MAPPING_XML_OBJECT,medium-low,,,Ipsec,Device.FAP.Ipsec.,,param_mapping_xml_object_prefix,omcgo/data/param-mappings/BLQ.xml,SM,IPsec参数管理,{i},Device.FAP.Ipsec.{i}.,READ_WRITE,STRING
Device.FAP.Ipsec.{i}.LEFT_AUTH,no,not_mml_tree_param_mapping_object_only,只命中 param-mappings XML object，缺少 mml_command_groups/mml_commands 节点,YES_PARAM_MAPPING_XML_OBJECT,medium-low,,,Ipsec,Device.FAP.Ipsec.,,param_mapping_xml_object_prefix,omcgo/data/param-mappings/BLQ.xml,SM,IPsec参数管理,{i},Device.FAP.Ipsec.{i}.,READ_WRITE,INT
Device.FAP.Ipsec.{i}.LEFT_CERT,no,not_mml_tree_param_mapping_object_only,只命中 param-mappings XML object，缺少 mml_command_groups/mml_commands 节点,YES_PARAM_MAPPING_XML_OBJECT,medium-low,,,Ipsec,Device.FAP.Ipsec.,,param_mapping_xml_object_prefix,omcgo/data/param-mappings/BLQ.xml,SM,IPsec参数管理,{i},Device.FAP.Ipsec.{i}.,READ_WRITE,STRING
Device.FAP.Ipsec.{i}.LEFT_IDENTIFIER,no,not_mml_tree_param_mapping_object_only,只命中 param-mappings XML object，缺少 mml_command_groups/mml_commands 节点,YES_PARAM_MAPPING_XML_OBJECT,medium-low,,,Ipsec,Device.FAP.Ipsec.,,param_mapping_xml_object_prefix,omcgo/data/param-mappings/BLQ.xml,SM,IPsec参数管理,{i},Device.FAP.Ipsec.{i}.,READ_WRITE,STRING
Device.FAP.Ipsec.{i}.LEFT_INTERFACE,no,not_mml_tree_param_mapping_object_only,只命中 param-mappings XML object，缺少 mml_command_groups/mml_commands 节点,YES_PARAM_MAPPING_XML_OBJECT,medium-low,,,Ipsec,Device.FAP.Ipsec.,,param_mapping_xml_object_prefix,omcgo/data/param-mappings/BLQ.xml,SM,IPsec参数管理,{i},Device.FAP.Ipsec.{i}.,READ_WRITE,STRING
Device.FAP.Ipsec.{i}.LEFT_SUBNET,no,not_mml_tree_param_mapping_object_only,只命中 param-mappings XML object，缺少 mml_command_groups/mml_commands 节点,YES_PARAM_MAPPING_XML_OBJECT,medium-low,,,Ipsec,Device.FAP.Ipsec.,,param_mapping_xml_object_prefix,omcgo/data/param-mappings/BLQ.xml,SM,IPsec参数管理,{i},Device.FAP.Ipsec.{i}.,READ_WRITE,STRING
Device.FAP.Ipsec.{i}.REKEYMARGIN,no,not_mml_tree_param_mapping_object_only,只命中 param-mappings XML object，缺少 mml_command_groups/mml_commands 节点,YES_PARAM_MAPPING_XML_OBJECT,medium-low,,,Ipsec,Device.FAP.Ipsec.,,param_mapping_xml_object_prefix,omcgo/data/param-mappings/BLQ.xml,SM,IPsec参数管理,{i},Device.FAP.Ipsec.{i}.,READ_WRITE,STRING
Device.FAP.Ipsec.{i}.RIGHT_AUTH,no,not_mml_tree_param_mapping_object_only,只命中 param-mappings XML object，缺少 mml_command_groups/mml_commands 节点,YES_PARAM_MAPPING_XML_OBJECT,medium-low,,,Ipsec,Device.FAP.Ipsec.,,param_mapping_xml_object_prefix,omcgo/data/param-mappings/BLQ.xml,SM,IPsec参数管理,{i},Device.FAP.Ipsec.{i}.,READ_WRITE,INT
Device.FAP.Ipsec.{i}.RIGHT_IDENTIFIER,no,not_mml_tree_param_mapping_object_only,只命中 param-mappings XML object，缺少 mml_command_groups/mml_commands 节点,YES_PARAM_MAPPING_XML_OBJECT,medium-low,,,Ipsec,Device.FAP.Ipsec.,,param_mapping_xml_object_prefix,omcgo/data/param-mappings/BLQ.xml,SM,IPsec参数管理,{i},Device.FAP.Ipsec.{i}.,READ_WRITE,STRING
Device.FAP.Ipsec.{i}.RIGHT_SUBNET,no,not_mml_tree_param_mapping_object_only,只命中 param-mappings XML object，缺少 mml_command_groups/mml_commands 节点,YES_PARAM_MAPPING_XML_OBJECT,medium-low,,,Ipsec,Device.FAP.Ipsec.,,param_mapping_xml_object_prefix,omcgo/data/param-mappings/BLQ.xml,SM,IPsec参数管理,{i},Device.FAP.Ipsec.{i}.,READ_WRITE,STRING
Device.FAP.Ipsec.{i}.SECRET_KEY,no,not_mml_tree_param_mapping_object_only,只命中 param-mappings XML object，缺少 mml_command_groups/mml_commands 节点,YES_PARAM_MAPPING_XML_OBJECT,medium-low,,,Ipsec,Device.FAP.Ipsec.,,param_mapping_xml_object_prefix,omcgo/data/param-mappings/BLQ.xml,SM,IPsec参数管理,{i},Device.FAP.Ipsec.{i}.,READ_WRITE,STRING
Device.FAP.Ipsec.{i}.STATUS,no,not_mml_tree_param_mapping_object_only,只命中 param-mappings XML object，缺少 mml_command_groups/mml_commands 节点,YES_PARAM_MAPPING_XML_OBJECT,medium-low,,,Ipsec,Device.FAP.Ipsec.,,param_mapping_xml_object_prefix,omcgo/data/param-mappings/BLQ.xml,SM,IPsec参数管理,{i},Device.FAP.Ipsec.{i}.,READ_WRITE,STRING
Device.FAP.Ipsec.{i}.TUNNEL_CONFIG_LEFTIP,no,not_mml_tree_param_mapping_object_only,只命中 param-mappings XML object，缺少 mml_command_groups/mml_commands 节点,YES_PARAM_MAPPING_XML_OBJECT,medium-low,,,Ipsec,Device.FAP.Ipsec.,,param_mapping_xml_object_prefix,omcgo/data/param-mappings/BLQ.xml,SM,IPsec参数管理,{i},Device.FAP.Ipsec.{i}.,READ_WRITE,STRING
Device.FAP.Ipsec.{i}.TUNNEL_ENABLE,no,not_mml_tree_param_mapping_object_only,只命中 param-mappings XML object，缺少 mml_command_groups/mml_commands 节点,YES_PARAM_MAPPING_XML_OBJECT,medium-low,,,Ipsec,Device.FAP.Ipsec.,,param_mapping_xml_object_prefix,omcgo/data/param-mappings/BLQ.xml,SM,IPsec参数管理,{i},Device.FAP.Ipsec.{i}.,READ_WRITE,BOOLEAN
Device.FAP.Ipsec.{i}.TUNNEL_FRAGMENTATION,no,not_mml_tree_param_mapping_object_only,只命中 param-mappings XML object，缺少 mml_command_groups/mml_commands 节点,YES_PARAM_MAPPING_XML_OBJECT,medium-low,,,Ipsec,Device.FAP.Ipsec.,,param_mapping_xml_object_prefix,omcgo/data/param-mappings/BLQ.xml,SM,IPsec参数管理,{i},Device.FAP.Ipsec.{i}.,READ_WRITE,STRING
Device.FAP.Ipsec.{i}.TUNNEL_GATEWAY,no,not_mml_tree_param_mapping_object_only,只命中 param-mappings XML object，缺少 mml_command_groups/mml_commands 节点,YES_PARAM_MAPPING_XML_OBJECT,medium-low,,,Ipsec,Device.FAP.Ipsec.,,param_mapping_xml_object_prefix,omcgo/data/param-mappings/BLQ.xml,SM,IPsec参数管理,{i},Device.FAP.Ipsec.{i}.,READ_WRITE,STRING
Device.FAP.Ipsec.{i}.TUNNEL_LEFT_AUTH,no,not_mml_tree_param_mapping_object_only,只命中 param-mappings XML object，缺少 mml_command_groups/mml_commands 节点,YES_PARAM_MAPPING_XML_OBJECT,medium-low,,,Ipsec,Device.FAP.Ipsec.,,param_mapping_xml_object_prefix,omcgo/data/param-mappings/BLQ.xml,SM,IPsec参数管理,{i},Device.FAP.Ipsec.{i}.,READ_WRITE,STRING
Device.FAP.Ipsec.{i}.TUNNEL_LEFT_CERT,no,not_mml_tree_param_mapping_object_only,只命中 param-mappings XML object，缺少 mml_command_groups/mml_commands 节点,YES_PARAM_MAPPING_XML_OBJECT,medium-low,,,Ipsec,Device.FAP.Ipsec.,,param_mapping_xml_object_prefix,omcgo/data/param-mappings/BLQ.xml,SM,IPsec参数管理,{i},Device.FAP.Ipsec.{i}.,READ_WRITE,STRING
Device.FAP.Ipsec.{i}.TUNNEL_NAME,no,not_mml_tree_param_mapping_object_only,只命中 param-mappings XML object，缺少 mml_command_groups/mml_commands 节点,YES_PARAM_MAPPING_XML_OBJECT,medium-low,,,Ipsec,Device.FAP.Ipsec.,,param_mapping_xml_object_prefix,omcgo/data/param-mappings/BLQ.xml,SM,IPsec参数管理,{i},Device.FAP.Ipsec.{i}.,READ_WRITE,STRING
Device.FAP.Ipsec.{i}.TUNNEL_RIGHT_AUTH,no,not_mml_tree_param_mapping_object_only,只命中 param-mappings XML object，缺少 mml_command_groups/mml_commands 节点,YES_PARAM_MAPPING_XML_OBJECT,medium-low,,,Ipsec,Device.FAP.Ipsec.,,param_mapping_xml_object_prefix,omcgo/data/param-mappings/BLQ.xml,SM,IPsec参数管理,{i},Device.FAP.Ipsec.{i}.,READ_WRITE,STRING
Device.FAP.Ipsec.{i}.TUNNEL_SECRET_KEY,no,not_mml_tree_param_mapping_object_only,只命中 param-mappings XML object，缺少 mml_command_groups/mml_commands 节点,YES_PARAM_MAPPING_XML_OBJECT,medium-low,,,Ipsec,Device.FAP.Ipsec.,,param_mapping_xml_object_prefix,omcgo/data/param-mappings/BLQ.xml,SM,IPsec参数管理,{i},Device.FAP.Ipsec.{i}.,READ_WRITE,STRING
Device.FAP.Ipsec.{i}.USED_SOURCE_IP,no,not_mml_tree_param_mapping_object_only,只命中 param-mappings XML object，缺少 mml_command_groups/mml_commands 节点,YES_PARAM_MAPPING_XML_OBJECT,medium-low,,,Ipsec,Device.FAP.Ipsec.,,param_mapping_xml_object_prefix,omcgo/data/param-mappings/BLQ.xml,SM,IPsec参数管理,{i},Device.FAP.Ipsec.{i}.,READ_WRITE,STRING
