command_code,standard_path,delete_reason
LST FAP_SERVICE,Device.Services.FAPService.{i}.AmfsStatus,不在当前 TD-LTE SF 小区服务 catalog 白名单，属于旧扩展/私有/跨分组路径绑定
LST FAP_SERVICE,Device.Services.FAPService.{i}.EnableX2,不在当前 TD-LTE SF 小区服务 catalog 白名单，属于旧扩展/私有/跨分组路径绑定
LST FAP_SERVICE,Device.Services.FAPService.{i}.AccessMgmt.LTE.HNBName,不在当前 TD-LTE SF 小区服务 catalog 白名单，属于旧扩展/私有/跨分组路径绑定
LST FAP_SERVICE,Device.Services.FAPService.{i}.AccessMgmt.LTE.MaxUEsServed,不在当前 TD-LTE SF 小区服务 catalog 白名单，属于旧扩展/私有/跨分组路径绑定
LST FAP_SERVICE,Device.Services.FAPService.{i}.CellConfig.{i}.NR.CN.TA.{i},不在当前 TD-LTE SF 小区服务 catalog 白名单，属于旧扩展/私有/跨分组路径绑定
LST FAP_SERVICE,Device.Services.FAPService.{i}.CellConfig.{i}.NR.CN.TA.{i}.NrcellIdentity,不在当前 TD-LTE SF 小区服务 catalog 白名单，属于旧扩展/私有/跨分组路径绑定
LST FAP_SERVICE,Device.Services.FAPService.{i}.CellConfig.{i}.NR.CN.TA.{i}.PLMNList.{i},不在当前 TD-LTE SF 小区服务 catalog 白名单，属于旧扩展/私有/跨分组路径绑定
LST FAP_SERVICE,Device.Services.FAPService.{i}.CellConfig.{i}.NR.CN.TA.{i}.PLMNList.{i}.IsPrimaryPlmn,不在当前 TD-LTE SF 小区服务 catalog 白名单，属于旧扩展/私有/跨分组路径绑定
LST FAP_SERVICE,Device.Services.FAPService.{i}.CellConfig.{i}.NR.CN.TA.{i}.PLMNList.{i}.PLMNID,不在当前 TD-LTE SF 小区服务 catalog 白名单，属于旧扩展/私有/跨分组路径绑定
LST FAP_SERVICE,Device.Services.FAPService.{i}.CellConfig.{i}.NR.CN.TA.{i}.PLMNList.{i}.SliceList.{i},不在当前 TD-LTE SF 小区服务 catalog 白名单，属于旧扩展/私有/跨分组路径绑定
LST FAP_SERVICE,Device.Services.FAPService.{i}.CellConfig.{i}.NR.CN.TA.{i}.PLMNList.{i}.SliceList.{i}.NguIpIndex,不在当前 TD-LTE SF 小区服务 catalog 白名单，属于旧扩展/私有/跨分组路径绑定
LST FAP_SERVICE,Device.Services.FAPService.{i}.CellConfig.{i}.NR.CN.TA.{i}.PLMNList.{i}.SliceList.{i}.SNSSAI,不在当前 TD-LTE SF 小区服务 catalog 白名单，属于旧扩展/私有/跨分组路径绑定
LST FAP_SERVICE,Device.Services.FAPService.{i}.CellConfig.{i}.NR.CN.TA.{i}.Ranac,不在当前 TD-LTE SF 小区服务 catalog 白名单，属于旧扩展/私有/跨分组路径绑定
LST FAP_SERVICE,Device.Services.FAPService.{i}.CellConfig.{i}.NR.Duf1uLog.Duf1uLogLevel,不在当前 TD-LTE SF 小区服务 catalog 白名单，属于旧扩展/私有/跨分组路径绑定
LST FAP_SERVICE,Device.Services.FAPService.{i}.CellConfig.{i}.NR.MacSchedulerInfo.MacLogLevel,不在当前 TD-LTE SF 小区服务 catalog 白名单，属于旧扩展/私有/跨分组路径绑定
LST FAP_SERVICE,Device.Services.FAPService.{i}.CellConfig.{i}.NR.MacSchedulerInfo.SchLogLevel,不在当前 TD-LTE SF 小区服务 catalog 白名单，属于旧扩展/私有/跨分组路径绑定
LST FAP_SERVICE,Device.Services.FAPService.{i}.CellConfig.{i}.NR.RAN.EnergySaveParam.EnergySavingDelayTime,不在当前 TD-LTE SF 小区服务 catalog 白名单，属于旧扩展/私有/跨分组路径绑定
LST FAP_SERVICE,Device.Services.FAPService.{i}.CellConfig.{i}.NR.RAN.EnergySaveParam.EnergySavingTime,不在当前 TD-LTE SF 小区服务 catalog 白名单，属于旧扩展/私有/跨分组路径绑定
LST FAP_SERVICE,Device.Services.FAPService.{i}.CellConfig.{i}.NR.RAN.EnergySaveParam.EnergySavingType,不在当前 TD-LTE SF 小区服务 catalog 白名单，属于旧扩展/私有/跨分组路径绑定
LST FAP_SERVICE,Device.Services.FAPService.{i}.CellConfig.{i}.NR.RAN.EnergySaveParam.PrbLowThreshold,不在当前 TD-LTE SF 小区服务 catalog 白名单，属于旧扩展/私有/跨分组路径绑定
LST FAP_SERVICE,Device.Services.FAPService.{i}.CellConfig.{i}.NR.RAN.EnergySaveParam.PrbReportPeriod,不在当前 TD-LTE SF 小区服务 catalog 白名单，属于旧扩展/私有/跨分组路径绑定
LST FAP_SERVICE,Device.Services.FAPService.{i}.CellConfig.{i}.NR.RAN.EnergySaveParam.RRCLowThreshold,不在当前 TD-LTE SF 小区服务 catalog 白名单，属于旧扩展/私有/跨分组路径绑定
LST FAP_SERVICE,Device.Services.FAPService.{i}.CellConfig.{i}.NR.RAN.Mobility.ConnMode.EUTRA.Carrier.{i},不在当前 TD-LTE SF 小区服务 catalog 白名单，属于旧扩展/私有/跨分组路径绑定
LST FAP_SERVICE,Device.Services.FAPService.{i}.CellConfig.{i}.NR.RAN.Mobility.ConnMode.EUTRA.Carrier.{i}.AllowedMeasBandwidth,不在当前 TD-LTE SF 小区服务 catalog 白名单，属于旧扩展/私有/跨分组路径绑定
LST FAP_SERVICE,Device.Services.FAPService.{i}.CellConfig.{i}.NR.RAN.Mobility.ConnMode.EUTRA.Carrier.{i}.PresenceAntennaPort1,不在当前 TD-LTE SF 小区服务 catalog 白名单，属于旧扩展/私有/跨分组路径绑定
LST FAP_SERVICE,Device.Services.FAPService.{i}.CellConfig.{i}.NR.RAN.Mobility.ConnMode.EUTRA.Carrier.{i}.QQualMin,不在当前 TD-LTE SF 小区服务 catalog 白名单，属于旧扩展/私有/跨分组路径绑定
LST FAP_SERVICE,Device.Services.FAPService.{i}.CellConfig.{i}.NR.RAN.Mobility.ConnMode.EUTRA.Carrier.{i}.WideBandRsrqMeas,不在当前 TD-LTE SF 小区服务 catalog 白名单，属于旧扩展/私有/跨分组路径绑定
LST FAP_SERVICE,Device.Services.FAPService.{i}.CellConfig.{i}.NR.RAN.Mobility.ConnMode.IRAT.B1MeasureCtrl.{i},不在当前 TD-LTE SF 小区服务 catalog 白名单，属于旧扩展/私有/跨分组路径绑定
LST FAP_SERVICE,Device.Services.FAPService.{i}.CellConfig.{i}.NR.RAN.Mobility.ConnMode.IRAT.B1MeasureCtrl.{i}.B1ThresholdEUTRARsrp,不在当前 TD-LTE SF 小区服务 catalog 白名单，属于旧扩展/私有/跨分组路径绑定
LST FAP_SERVICE,Device.Services.FAPService.{i}.CellConfig.{i}.NR.RAN.Mobility.ConnMode.IRAT.B1MeasureCtrl.{i}.B1ThresholdEUTRARsrq,不在当前 TD-LTE SF 小区服务 catalog 白名单，属于旧扩展/私有/跨分组路径绑定
LST FAP_SERVICE,Device.Services.FAPService.{i}.CellConfig.{i}.NR.RAN.Mobility.ConnMode.IRAT.B1MeasureCtrl.{i}.B1ThresholdEUTRASinr,不在当前 TD-LTE SF 小区服务 catalog 白名单，属于旧扩展/私有/跨分组路径绑定
LST FAP_SERVICE,Device.Services.FAPService.{i}.CellConfig.{i}.NR.RAN.Mobility.ConnMode.IRAT.B1MeasureCtrl.{i}.Enable,不在当前 TD-LTE SF 小区服务 catalog 白名单，属于旧扩展/私有/跨分组路径绑定
LST FAP_SERVICE,Device.Services.FAPService.{i}.CellConfig.{i}.NR.RAN.Mobility.ConnMode.IRAT.B1MeasureCtrl.{i}.Hysteresis,不在当前 TD-LTE SF 小区服务 catalog 白名单，属于旧扩展/私有/跨分组路径绑定
LST FAP_SERVICE,Device.Services.FAPService.{i}.CellConfig.{i}.NR.RAN.Mobility.ConnMode.IRAT.B1MeasureCtrl.{i}.MaxReportCells,不在当前 TD-LTE SF 小区服务 catalog 白名单，属于旧扩展/私有/跨分组路径绑定
LST FAP_SERVICE,Device.Services.FAPService.{i}.CellConfig.{i}.NR.RAN.Mobility.ConnMode.IRAT.B1MeasureCtrl.{i}.MeasurePurpose,不在当前 TD-LTE SF 小区服务 catalog 白名单，属于旧扩展/私有/跨分组路径绑定
LST FAP_SERVICE,Device.Services.FAPService.{i}.CellConfig.{i}.NR.RAN.Mobility.ConnMode.IRAT.B1MeasureCtrl.{i}.PLMNID,不在当前 TD-LTE SF 小区服务 catalog 白名单，属于旧扩展/私有/跨分组路径绑定
LST FAP_SERVICE,Device.Services.FAPService.{i}.CellConfig.{i}.NR.RAN.Mobility.ConnMode.IRAT.B1MeasureCtrl.{i}.ReportAmount,不在当前 TD-LTE SF 小区服务 catalog 白名单，属于旧扩展/私有/跨分组路径绑定
LST FAP_SERVICE,Device.Services.FAPService.{i}.CellConfig.{i}.NR.RAN.Mobility.ConnMode.IRAT.B1MeasureCtrl.{i}.ReportInterval,不在当前 TD-LTE SF 小区服务 catalog 白名单，属于旧扩展/私有/跨分组路径绑定
LST FAP_SERVICE,Device.Services.FAPService.{i}.CellConfig.{i}.NR.RAN.Mobility.ConnMode.IRAT.B1MeasureCtrl.{i}.ReportOnLeave,不在当前 TD-LTE SF 小区服务 catalog 白名单，属于旧扩展/私有/跨分组路径绑定
LST FAP_SERVICE,Device.Services.FAPService.{i}.CellConfig.{i}.NR.RAN.Mobility.ConnMode.IRAT.B1MeasureCtrl.{i}.ReportQuantity,不在当前 TD-LTE SF 小区服务 catalog 白名单，属于旧扩展/私有/跨分组路径绑定
LST FAP_SERVICE,Device.Services.FAPService.{i}.CellConfig.{i}.NR.RAN.Mobility.ConnMode.IRAT.B1MeasureCtrl.{i}.ThresholdTriggerType,不在当前 TD-LTE SF 小区服务 catalog 白名单，属于旧扩展/私有/跨分组路径绑定
LST FAP_SERVICE,Device.Services.FAPService.{i}.CellConfig.{i}.NR.RAN.Mobility.ConnMode.IRAT.B1MeasureCtrl.{i}.TimeToTrigger,不在当前 TD-LTE SF 小区服务 catalog 白名单，属于旧扩展/私有/跨分组路径绑定
LST FAP_SERVICE,Device.Services.FAPService.{i}.CellConfig.{i}.NR.RAN.Mobility.ConnMode.IRAT.B2MeasureCtrl.{i},不在当前 TD-LTE SF 小区服务 catalog 白名单，属于旧扩展/私有/跨分组路径绑定
LST FAP_SERVICE,Device.Services.FAPService.{i}.CellConfig.{i}.NR.RAN.Mobility.ConnMode.IRAT.B2MeasureCtrl.{i}.B2Threshold1RSRP,不在当前 TD-LTE SF 小区服务 catalog 白名单，属于旧扩展/私有/跨分组路径绑定
LST FAP_SERVICE,Device.Services.FAPService.{i}.CellConfig.{i}.NR.RAN.Mobility.ConnMode.IRAT.B2MeasureCtrl.{i}.B2Threshold1RSRQ,不在当前 TD-LTE SF 小区服务 catalog 白名单，属于旧扩展/私有/跨分组路径绑定
LST FAP_SERVICE,Device.Services.FAPService.{i}.CellConfig.{i}.NR.RAN.Mobility.ConnMode.IRAT.B2MeasureCtrl.{i}.B2Threshold1SINR,不在当前 TD-LTE SF 小区服务 catalog 白名单，属于旧扩展/私有/跨分组路径绑定
LST FAP_SERVICE,Device.Services.FAPService.{i}.CellConfig.{i}.NR.RAN.Mobility.ConnMode.IRAT.B2MeasureCtrl.{i}.B2Threshold2EUTRARSRP,不在当前 TD-LTE SF 小区服务 catalog 白名单，属于旧扩展/私有/跨分组路径绑定
LST FAP_SERVICE,Device.Services.FAPService.{i}.CellConfig.{i}.NR.RAN.Mobility.ConnMode.IRAT.B2MeasureCtrl.{i}.B2Threshold2EUTRARSRQ,不在当前 TD-LTE SF 小区服务 catalog 白名单，属于旧扩展/私有/跨分组路径绑定
LST FAP_SERVICE,Device.Services.FAPService.{i}.CellConfig.{i}.NR.RAN.Mobility.ConnMode.IRAT.B2MeasureCtrl.{i}.B2Threshold2EUTRASINR,不在当前 TD-LTE SF 小区服务 catalog 白名单，属于旧扩展/私有/跨分组路径绑定
LST FAP_SERVICE,Device.Services.FAPService.{i}.CellConfig.{i}.NR.RAN.Mobility.ConnMode.IRAT.B2MeasureCtrl.{i}.Enable,不在当前 TD-LTE SF 小区服务 catalog 白名单，属于旧扩展/私有/跨分组路径绑定
LST FAP_SERVICE,Device.Services.FAPService.{i}.CellConfig.{i}.NR.RAN.Mobility.ConnMode.IRAT.B2MeasureCtrl.{i}.Hysteresis,不在当前 TD-LTE SF 小区服务 catalog 白名单，属于旧扩展/私有/跨分组路径绑定
LST FAP_SERVICE,Device.Services.FAPService.{i}.CellConfig.{i}.NR.RAN.Mobility.ConnMode.IRAT.B2MeasureCtrl.{i}.MaxReportCells,不在当前 TD-LTE SF 小区服务 catalog 白名单，属于旧扩展/私有/跨分组路径绑定
LST FAP_SERVICE,Device.Services.FAPService.{i}.CellConfig.{i}.NR.RAN.Mobility.ConnMode.IRAT.B2MeasureCtrl.{i}.MeasurePurpose,不在当前 TD-LTE SF 小区服务 catalog 白名单，属于旧扩展/私有/跨分组路径绑定
LST FAP_SERVICE,Device.Services.FAPService.{i}.CellConfig.{i}.NR.RAN.Mobility.ConnMode.IRAT.B2MeasureCtrl.{i}.PLMNID,不在当前 TD-LTE SF 小区服务 catalog 白名单，属于旧扩展/私有/跨分组路径绑定
LST FAP_SERVICE,Device.Services.FAPService.{i}.CellConfig.{i}.NR.RAN.Mobility.ConnMode.IRAT.B2MeasureCtrl.{i}.ReportAmount,不在当前 TD-LTE SF 小区服务 catalog 白名单，属于旧扩展/私有/跨分组路径绑定
LST FAP_SERVICE,Device.Services.FAPService.{i}.CellConfig.{i}.NR.RAN.Mobility.ConnMode.IRAT.B2MeasureCtrl.{i}.ReportInterval,不在当前 TD-LTE SF 小区服务 catalog 白名单，属于旧扩展/私有/跨分组路径绑定
LST FAP_SERVICE,Device.Services.FAPService.{i}.CellConfig.{i}.NR.RAN.Mobility.ConnMode.IRAT.B2MeasureCtrl.{i}.ReportOnLeave,不在当前 TD-LTE SF 小区服务 catalog 白名单，属于旧扩展/私有/跨分组路径绑定
LST FAP_SERVICE,Device.Services.FAPService.{i}.CellConfig.{i}.NR.RAN.Mobility.ConnMode.IRAT.B2MeasureCtrl.{i}.ReportQuantity,不在当前 TD-LTE SF 小区服务 catalog 白名单，属于旧扩展/私有/跨分组路径绑定
LST FAP_SERVICE,Device.Services.FAPService.{i}.CellConfig.{i}.NR.RAN.Mobility.ConnMode.IRAT.B2MeasureCtrl.{i}.Threshold2TriggerType,不在当前 TD-LTE SF 小区服务 catalog 白名单，属于旧扩展/私有/跨分组路径绑定
LST FAP_SERVICE,Device.Services.FAPService.{i}.CellConfig.{i}.NR.RAN.Mobility.ConnMode.IRAT.B2MeasureCtrl.{i}.ThresholdTriggerType,不在当前 TD-LTE SF 小区服务 catalog 白名单，属于旧扩展/私有/跨分组路径绑定
LST FAP_SERVICE,Device.Services.FAPService.{i}.CellConfig.{i}.NR.RAN.Mobility.ConnMode.IRAT.B2MeasureCtrl.{i}.TimeToTrigger,不在当前 TD-LTE SF 小区服务 catalog 白名单，属于旧扩展/私有/跨分组路径绑定
LST FAP_SERVICE,Device.Services.FAPService.{i}.CellConfig.{i}.NR.RAN.Mobility.ConnMode.NR.A1MeasureCtrl.{i},不在当前 TD-LTE SF 小区服务 catalog 白名单，属于旧扩展/私有/跨分组路径绑定
LST FAP_SERVICE,Device.Services.FAPService.{i}.CellConfig.{i}.NR.RAN.Mobility.ConnMode.NR.A1MeasureCtrl.{i}.A1ThresholdRSRP,不在当前 TD-LTE SF 小区服务 catalog 白名单，属于旧扩展/私有/跨分组路径绑定
LST FAP_SERVICE,Device.Services.FAPService.{i}.CellConfig.{i}.NR.RAN.Mobility.ConnMode.NR.A1MeasureCtrl.{i}.A1ThresholdRSRQ,不在当前 TD-LTE SF 小区服务 catalog 白名单，属于旧扩展/私有/跨分组路径绑定
LST FAP_SERVICE,Device.Services.FAPService.{i}.CellConfig.{i}.NR.RAN.Mobility.ConnMode.NR.A1MeasureCtrl.{i}.A1ThresholdSINR,不在当前 TD-LTE SF 小区服务 catalog 白名单，属于旧扩展/私有/跨分组路径绑定
LST FAP_SERVICE,Device.Services.FAPService.{i}.CellConfig.{i}.NR.RAN.Mobility.ConnMode.NR.A1MeasureCtrl.{i}.Enable,不在当前 TD-LTE SF 小区服务 catalog 白名单，属于旧扩展/私有/跨分组路径绑定
LST FAP_SERVICE,Device.Services.FAPService.{i}.CellConfig.{i}.NR.RAN.Mobility.ConnMode.NR.A1MeasureCtrl.{i}.Hysteresis,不在当前 TD-LTE SF 小区服务 catalog 白名单，属于旧扩展/私有/跨分组路径绑定
LST FAP_SERVICE,Device.Services.FAPService.{i}.CellConfig.{i}.NR.RAN.Mobility.ConnMode.NR.A1MeasureCtrl.{i}.IncludeBeamMeasurements,不在当前 TD-LTE SF 小区服务 catalog 白名单，属于旧扩展/私有/跨分组路径绑定
LST FAP_SERVICE,Device.Services.FAPService.{i}.CellConfig.{i}.NR.RAN.Mobility.ConnMode.NR.A1MeasureCtrl.{i}.MaxNrofRSIndexToReport,不在当前 TD-LTE SF 小区服务 catalog 白名单，属于旧扩展/私有/跨分组路径绑定
LST FAP_SERVICE,Device.Services.FAPService.{i}.CellConfig.{i}.NR.RAN.Mobility.ConnMode.NR.A1MeasureCtrl.{i}.MaxReportCells,不在当前 TD-LTE SF 小区服务 catalog 白名单，属于旧扩展/私有/跨分组路径绑定
LST FAP_SERVICE,Device.Services.FAPService.{i}.CellConfig.{i}.NR.RAN.Mobility.ConnMode.NR.A1MeasureCtrl.{i}.MeasurePurpose,不在当前 TD-LTE SF 小区服务 catalog 白名单，属于旧扩展/私有/跨分组路径绑定
LST FAP_SERVICE,Device.Services.FAPService.{i}.CellConfig.{i}.NR.RAN.Mobility.ConnMode.NR.A1MeasureCtrl.{i}.PLMNID,不在当前 TD-LTE SF 小区服务 catalog 白名单，属于旧扩展/私有/跨分组路径绑定
LST FAP_SERVICE,Device.Services.FAPService.{i}.CellConfig.{i}.NR.RAN.Mobility.ConnMode.NR.A1MeasureCtrl.{i}.ReportAmount,不在当前 TD-LTE SF 小区服务 catalog 白名单，属于旧扩展/私有/跨分组路径绑定
LST FAP_SERVICE,Device.Services.FAPService.{i}.CellConfig.{i}.NR.RAN.Mobility.ConnMode.NR.A1MeasureCtrl.{i}.ReportInterval,不在当前 TD-LTE SF 小区服务 catalog 白名单，属于旧扩展/私有/跨分组路径绑定
LST FAP_SERVICE,Device.Services.FAPService.{i}.CellConfig.{i}.NR.RAN.Mobility.ConnMode.NR.A1MeasureCtrl.{i}.ReportOnLeave,不在当前 TD-LTE SF 小区服务 catalog 白名单，属于旧扩展/私有/跨分组路径绑定
LST FAP_SERVICE,Device.Services.FAPService.{i}.CellConfig.{i}.NR.RAN.Mobility.ConnMode.NR.A1MeasureCtrl.{i}.ReportQuantityCell,不在当前 TD-LTE SF 小区服务 catalog 白名单，属于旧扩展/私有/跨分组路径绑定
LST FAP_SERVICE,Device.Services.FAPService.{i}.CellConfig.{i}.NR.RAN.Mobility.ConnMode.NR.A1MeasureCtrl.{i}.RptQuantityRsIndex,不在当前 TD-LTE SF 小区服务 catalog 白名单，属于旧扩展/私有/跨分组路径绑定
LST FAP_SERVICE,Device.Services.FAPService.{i}.CellConfig.{i}.NR.RAN.Mobility.ConnMode.NR.A1MeasureCtrl.{i}.RsType,不在当前 TD-LTE SF 小区服务 catalog 白名单，属于旧扩展/私有/跨分组路径绑定
LST FAP_SERVICE,Device.Services.FAPService.{i}.CellConfig.{i}.NR.RAN.Mobility.ConnMode.NR.A1MeasureCtrl.{i}.ThresholdTriggerType,不在当前 TD-LTE SF 小区服务 catalog 白名单，属于旧扩展/私有/跨分组路径绑定
LST FAP_SERVICE,Device.Services.FAPService.{i}.CellConfig.{i}.NR.RAN.Mobility.ConnMode.NR.A1MeasureCtrl.{i}.TimeToTrigger,不在当前 TD-LTE SF 小区服务 catalog 白名单，属于旧扩展/私有/跨分组路径绑定
LST FAP_SERVICE,Device.Services.FAPService.{i}.CellConfig.{i}.NR.RAN.Mobility.ConnMode.NR.A2MeasureCtrl.{i},不在当前 TD-LTE SF 小区服务 catalog 白名单，属于旧扩展/私有/跨分组路径绑定
LST FAP_SERVICE,Device.Services.FAPService.{i}.CellConfig.{i}.NR.RAN.Mobility.ConnMode.NR.A2MeasureCtrl.{i}.A2ThresholdRSRP,不在当前 TD-LTE SF 小区服务 catalog 白名单，属于旧扩展/私有/跨分组路径绑定
LST FAP_SERVICE,Device.Services.FAPService.{i}.CellConfig.{i}.NR.RAN.Mobility.ConnMode.NR.A2MeasureCtrl.{i}.A2ThresholdRSRQ,不在当前 TD-LTE SF 小区服务 catalog 白名单，属于旧扩展/私有/跨分组路径绑定
LST FAP_SERVICE,Device.Services.FAPService.{i}.CellConfig.{i}.NR.RAN.Mobility.ConnMode.NR.A2MeasureCtrl.{i}.A2ThresholdSINR,不在当前 TD-LTE SF 小区服务 catalog 白名单，属于旧扩展/私有/跨分组路径绑定
LST FAP_SERVICE,Device.Services.FAPService.{i}.CellConfig.{i}.NR.RAN.Mobility.ConnMode.NR.A2MeasureCtrl.{i}.Enable,不在当前 TD-LTE SF 小区服务 catalog 白名单，属于旧扩展/私有/跨分组路径绑定
LST FAP_SERVICE,Device.Services.FAPService.{i}.CellConfig.{i}.NR.RAN.Mobility.ConnMode.NR.A2MeasureCtrl.{i}.Hysteresis,不在当前 TD-LTE SF 小区服务 catalog 白名单，属于旧扩展/私有/跨分组路径绑定
LST FAP_SERVICE,Device.Services.FAPService.{i}.CellConfig.{i}.NR.RAN.Mobility.ConnMode.NR.A2MeasureCtrl.{i}.IncludeBeamMeasurements,不在当前 TD-LTE SF 小区服务 catalog 白名单，属于旧扩展/私有/跨分组路径绑定
LST FAP_SERVICE,Device.Services.FAPService.{i}.CellConfig.{i}.NR.RAN.Mobility.ConnMode.NR.A2MeasureCtrl.{i}.MaxNrofRSIndexToReport,不在当前 TD-LTE SF 小区服务 catalog 白名单，属于旧扩展/私有/跨分组路径绑定
LST FAP_SERVICE,Device.Services.FAPService.{i}.CellConfig.{i}.NR.RAN.Mobility.ConnMode.NR.A2MeasureCtrl.{i}.MaxReportCells,不在当前 TD-LTE SF 小区服务 catalog 白名单，属于旧扩展/私有/跨分组路径绑定
LST FAP_SERVICE,Device.Services.FAPService.{i}.CellConfig.{i}.NR.RAN.Mobility.ConnMode.NR.A2MeasureCtrl.{i}.MeasurePurpose,不在当前 TD-LTE SF 小区服务 catalog 白名单，属于旧扩展/私有/跨分组路径绑定
LST FAP_SERVICE,Device.Services.FAPService.{i}.CellConfig.{i}.NR.RAN.Mobility.ConnMode.NR.A2MeasureCtrl.{i}.PLMNID,不在当前 TD-LTE SF 小区服务 catalog 白名单，属于旧扩展/私有/跨分组路径绑定
LST FAP_SERVICE,Device.Services.FAPService.{i}.CellConfig.{i}.NR.RAN.Mobility.ConnMode.NR.A2MeasureCtrl.{i}.ReportAmount,不在当前 TD-LTE SF 小区服务 catalog 白名单，属于旧扩展/私有/跨分组路径绑定
LST FAP_SERVICE,Device.Services.FAPService.{i}.CellConfig.{i}.NR.RAN.Mobility.ConnMode.NR.A2MeasureCtrl.{i}.ReportInterval,不在当前 TD-LTE SF 小区服务 catalog 白名单，属于旧扩展/私有/跨分组路径绑定
LST FAP_SERVICE,Device.Services.FAPService.{i}.CellConfig.{i}.NR.RAN.Mobility.ConnMode.NR.A2MeasureCtrl.{i}.ReportOnLeave,不在当前 TD-LTE SF 小区服务 catalog 白名单，属于旧扩展/私有/跨分组路径绑定
LST FAP_SERVICE,Device.Services.FAPService.{i}.CellConfig.{i}.NR.RAN.Mobility.ConnMode.NR.A2MeasureCtrl.{i}.ReportQuantityCell,不在当前 TD-LTE SF 小区服务 catalog 白名单，属于旧扩展/私有/跨分组路径绑定
LST FAP_SERVICE,Device.Services.FAPService.{i}.CellConfig.{i}.NR.RAN.Mobility.ConnMode.NR.A2MeasureCtrl.{i}.RptQuantityRsIndex,不在当前 TD-LTE SF 小区服务 catalog 白名单，属于旧扩展/私有/跨分组路径绑定
LST FAP_SERVICE,Device.Services.FAPService.{i}.CellConfig.{i}.NR.RAN.Mobility.ConnMode.NR.A2MeasureCtrl.{i}.RsType,不在当前 TD-LTE SF 小区服务 catalog 白名单，属于旧扩展/私有/跨分组路径绑定
LST FAP_SERVICE,Device.Services.FAPService.{i}.CellConfig.{i}.NR.RAN.Mobility.ConnMode.NR.A2MeasureCtrl.{i}.ThresholdTriggerType,不在当前 TD-LTE SF 小区服务 catalog 白名单，属于旧扩展/私有/跨分组路径绑定
LST FAP_SERVICE,Device.Services.FAPService.{i}.CellConfig.{i}.NR.RAN.Mobility.ConnMode.NR.A2MeasureCtrl.{i}.TimeToTrigger,不在当前 TD-LTE SF 小区服务 catalog 白名单，属于旧扩展/私有/跨分组路径绑定
LST FAP_SERVICE,Device.Services.FAPService.{i}.CellConfig.{i}.NR.RAN.Mobility.ConnMode.NR.A3MeasureCtrl.{i},不在当前 TD-LTE SF 小区服务 catalog 白名单，属于旧扩展/私有/跨分组路径绑定
LST FAP_SERVICE,Device.Services.FAPService.{i}.CellConfig.{i}.NR.RAN.Mobility.ConnMode.NR.A3MeasureCtrl.{i}.A3OffsetRSRP,不在当前 TD-LTE SF 小区服务 catalog 白名单，属于旧扩展/私有/跨分组路径绑定
LST FAP_SERVICE,Device.Services.FAPService.{i}.CellConfig.{i}.NR.RAN.Mobility.ConnMode.NR.A3MeasureCtrl.{i}.A3OffsetRSRQ,不在当前 TD-LTE SF 小区服务 catalog 白名单，属于旧扩展/私有/跨分组路径绑定
LST FAP_SERVICE,Device.Services.FAPService.{i}.CellConfig.{i}.NR.RAN.Mobility.ConnMode.NR.A3MeasureCtrl.{i}.A3OffsetSINR,不在当前 TD-LTE SF 小区服务 catalog 白名单，属于旧扩展/私有/跨分组路径绑定
LST FAP_SERVICE,Device.Services.FAPService.{i}.CellConfig.{i}.NR.RAN.Mobility.ConnMode.NR.A3MeasureCtrl.{i}.Enable,不在当前 TD-LTE SF 小区服务 catalog 白名单，属于旧扩展/私有/跨分组路径绑定
LST FAP_SERVICE,Device.Services.FAPService.{i}.CellConfig.{i}.NR.RAN.Mobility.ConnMode.NR.A3MeasureCtrl.{i}.Hysteresis,不在当前 TD-LTE SF 小区服务 catalog 白名单，属于旧扩展/私有/跨分组路径绑定
LST FAP_SERVICE,Device.Services.FAPService.{i}.CellConfig.{i}.NR.RAN.Mobility.ConnMode.NR.A3MeasureCtrl.{i}.IncludeBeamMeasurements,不在当前 TD-LTE SF 小区服务 catalog 白名单，属于旧扩展/私有/跨分组路径绑定
LST FAP_SERVICE,Device.Services.FAPService.{i}.CellConfig.{i}.NR.RAN.Mobility.ConnMode.NR.A3MeasureCtrl.{i}.MaxNrofRSIndexToReport,不在当前 TD-LTE SF 小区服务 catalog 白名单，属于旧扩展/私有/跨分组路径绑定
LST FAP_SERVICE,Device.Services.FAPService.{i}.CellConfig.{i}.NR.RAN.Mobility.ConnMode.NR.A3MeasureCtrl.{i}.MaxReportCells,不在当前 TD-LTE SF 小区服务 catalog 白名单，属于旧扩展/私有/跨分组路径绑定
LST FAP_SERVICE,Device.Services.FAPService.{i}.CellConfig.{i}.NR.RAN.Mobility.ConnMode.NR.A3MeasureCtrl.{i}.MeasurePurpose,不在当前 TD-LTE SF 小区服务 catalog 白名单，属于旧扩展/私有/跨分组路径绑定
LST FAP_SERVICE,Device.Services.FAPService.{i}.CellConfig.{i}.NR.RAN.Mobility.ConnMode.NR.A3MeasureCtrl.{i}.PLMNID,不在当前 TD-LTE SF 小区服务 catalog 白名单，属于旧扩展/私有/跨分组路径绑定
LST FAP_SERVICE,Device.Services.FAPService.{i}.CellConfig.{i}.NR.RAN.Mobility.ConnMode.NR.A3MeasureCtrl.{i}.ReportAmount,不在当前 TD-LTE SF 小区服务 catalog 白名单，属于旧扩展/私有/跨分组路径绑定
LST FAP_SERVICE,Device.Services.FAPService.{i}.CellConfig.{i}.NR.RAN.Mobility.ConnMode.NR.A3MeasureCtrl.{i}.ReportInterval,不在当前 TD-LTE SF 小区服务 catalog 白名单，属于旧扩展/私有/跨分组路径绑定
LST FAP_SERVICE,Device.Services.FAPService.{i}.CellConfig.{i}.NR.RAN.Mobility.ConnMode.NR.A3MeasureCtrl.{i}.ReportOnLeave,不在当前 TD-LTE SF 小区服务 catalog 白名单，属于旧扩展/私有/跨分组路径绑定
LST FAP_SERVICE,Device.Services.FAPService.{i}.CellConfig.{i}.NR.RAN.Mobility.ConnMode.NR.A3MeasureCtrl.{i}.ReportQuantityCell,不在当前 TD-LTE SF 小区服务 catalog 白名单，属于旧扩展/私有/跨分组路径绑定
LST FAP_SERVICE,Device.Services.FAPService.{i}.CellConfig.{i}.NR.RAN.Mobility.ConnMode.NR.A3MeasureCtrl.{i}.RptQuantityRsIndex,不在当前 TD-LTE SF 小区服务 catalog 白名单，属于旧扩展/私有/跨分组路径绑定
LST FAP_SERVICE,Device.Services.FAPService.{i}.CellConfig.{i}.NR.RAN.Mobility.ConnMode.NR.A3MeasureCtrl.{i}.RsType,不在当前 TD-LTE SF 小区服务 catalog 白名单，属于旧扩展/私有/跨分组路径绑定
LST FAP_SERVICE,Device.Services.FAPService.{i}.CellConfig.{i}.NR.RAN.Mobility.ConnMode.NR.A3MeasureCtrl.{i}.ThresholdTriggerType,不在当前 TD-LTE SF 小区服务 catalog 白名单，属于旧扩展/私有/跨分组路径绑定
LST FAP_SERVICE,Device.Services.FAPService.{i}.CellConfig.{i}.NR.RAN.Mobility.ConnMode.NR.A3MeasureCtrl.{i}.TimeToTrigger,不在当前 TD-LTE SF 小区服务 catalog 白名单，属于旧扩展/私有/跨分组路径绑定
LST FAP_SERVICE,Device.Services.FAPService.{i}.CellConfig.{i}.NR.RAN.Mobility.ConnMode.NR.A3MeasureCtrl.{i}.UseWhiteCellList,不在当前 TD-LTE SF 小区服务 catalog 白名单，属于旧扩展/私有/跨分组路径绑定
LST FAP_SERVICE,Device.Services.FAPService.{i}.CellConfig.{i}.NR.RAN.Mobility.ConnMode.NR.A4MeasureCtrl.{i},不在当前 TD-LTE SF 小区服务 catalog 白名单，属于旧扩展/私有/跨分组路径绑定
LST FAP_SERVICE,Device.Services.FAPService.{i}.CellConfig.{i}.NR.RAN.Mobility.ConnMode.NR.A4MeasureCtrl.{i}.A4ThresholdRSRP,不在当前 TD-LTE SF 小区服务 catalog 白名单，属于旧扩展/私有/跨分组路径绑定
LST FAP_SERVICE,Device.Services.FAPService.{i}.CellConfig.{i}.NR.RAN.Mobility.ConnMode.NR.A4MeasureCtrl.{i}.A4ThresholdRSRQ,不在当前 TD-LTE SF 小区服务 catalog 白名单，属于旧扩展/私有/跨分组路径绑定
LST FAP_SERVICE,Device.Services.FAPService.{i}.CellConfig.{i}.NR.RAN.Mobility.ConnMode.NR.A4MeasureCtrl.{i}.A4ThresholdSINR,不在当前 TD-LTE SF 小区服务 catalog 白名单，属于旧扩展/私有/跨分组路径绑定
LST FAP_SERVICE,Device.Services.FAPService.{i}.CellConfig.{i}.NR.RAN.Mobility.ConnMode.NR.A4MeasureCtrl.{i}.Enable,不在当前 TD-LTE SF 小区服务 catalog 白名单，属于旧扩展/私有/跨分组路径绑定
LST FAP_SERVICE,Device.Services.FAPService.{i}.CellConfig.{i}.NR.RAN.Mobility.ConnMode.NR.A4MeasureCtrl.{i}.Hysteresis,不在当前 TD-LTE SF 小区服务 catalog 白名单，属于旧扩展/私有/跨分组路径绑定
LST FAP_SERVICE,Device.Services.FAPService.{i}.CellConfig.{i}.NR.RAN.Mobility.ConnMode.NR.A4MeasureCtrl.{i}.IncludeBeamMeasurements,不在当前 TD-LTE SF 小区服务 catalog 白名单，属于旧扩展/私有/跨分组路径绑定
LST FAP_SERVICE,Device.Services.FAPService.{i}.CellConfig.{i}.NR.RAN.Mobility.ConnMode.NR.A4MeasureCtrl.{i}.MaxNrofRSIndexToReport,不在当前 TD-LTE SF 小区服务 catalog 白名单，属于旧扩展/私有/跨分组路径绑定
LST FAP_SERVICE,Device.Services.FAPService.{i}.CellConfig.{i}.NR.RAN.Mobility.ConnMode.NR.A4MeasureCtrl.{i}.MaxReportCells,不在当前 TD-LTE SF 小区服务 catalog 白名单，属于旧扩展/私有/跨分组路径绑定
LST FAP_SERVICE,Device.Services.FAPService.{i}.CellConfig.{i}.NR.RAN.Mobility.ConnMode.NR.A4MeasureCtrl.{i}.MeasurePurpose,不在当前 TD-LTE SF 小区服务 catalog 白名单，属于旧扩展/私有/跨分组路径绑定
LST FAP_SERVICE,Device.Services.FAPService.{i}.CellConfig.{i}.NR.RAN.Mobility.ConnMode.NR.A4MeasureCtrl.{i}.PLMNID,不在当前 TD-LTE SF 小区服务 catalog 白名单，属于旧扩展/私有/跨分组路径绑定
LST FAP_SERVICE,Device.Services.FAPService.{i}.CellConfig.{i}.NR.RAN.Mobility.ConnMode.NR.A4MeasureCtrl.{i}.ReportAmount,不在当前 TD-LTE SF 小区服务 catalog 白名单，属于旧扩展/私有/跨分组路径绑定
LST FAP_SERVICE,Device.Services.FAPService.{i}.CellConfig.{i}.NR.RAN.Mobility.ConnMode.NR.A4MeasureCtrl.{i}.ReportInterval,不在当前 TD-LTE SF 小区服务 catalog 白名单，属于旧扩展/私有/跨分组路径绑定
LST FAP_SERVICE,Device.Services.FAPService.{i}.CellConfig.{i}.NR.RAN.Mobility.ConnMode.NR.A4MeasureCtrl.{i}.ReportOnLeave,不在当前 TD-LTE SF 小区服务 catalog 白名单，属于旧扩展/私有/跨分组路径绑定
LST FAP_SERVICE,Device.Services.FAPService.{i}.CellConfig.{i}.NR.RAN.Mobility.ConnMode.NR.A4MeasureCtrl.{i}.ReportQuantityCell,不在当前 TD-LTE SF 小区服务 catalog 白名单，属于旧扩展/私有/跨分组路径绑定
LST FAP_SERVICE,Device.Services.FAPService.{i}.CellConfig.{i}.NR.RAN.Mobility.ConnMode.NR.A4MeasureCtrl.{i}.RptQuantityRsIndex,不在当前 TD-LTE SF 小区服务 catalog 白名单，属于旧扩展/私有/跨分组路径绑定
LST FAP_SERVICE,Device.Services.FAPService.{i}.CellConfig.{i}.NR.RAN.Mobility.ConnMode.NR.A4MeasureCtrl.{i}.RsType,不在当前 TD-LTE SF 小区服务 catalog 白名单，属于旧扩展/私有/跨分组路径绑定
LST FAP_SERVICE,Device.Services.FAPService.{i}.CellConfig.{i}.NR.RAN.Mobility.ConnMode.NR.A4MeasureCtrl.{i}.ThresholdTriggerType,不在当前 TD-LTE SF 小区服务 catalog 白名单，属于旧扩展/私有/跨分组路径绑定
LST FAP_SERVICE,Device.Services.FAPService.{i}.CellConfig.{i}.NR.RAN.Mobility.ConnMode.NR.A4MeasureCtrl.{i}.TimeToTrigger,不在当前 TD-LTE SF 小区服务 catalog 白名单，属于旧扩展/私有/跨分组路径绑定
LST FAP_SERVICE,Device.Services.FAPService.{i}.CellConfig.{i}.NR.RAN.Mobility.ConnMode.NR.A4MeasureCtrl.{i}.UseWhiteCellList,不在当前 TD-LTE SF 小区服务 catalog 白名单，属于旧扩展/私有/跨分组路径绑定
LST FAP_SERVICE,Device.Services.FAPService.{i}.CellConfig.{i}.NR.RAN.Mobility.ConnMode.NR.A5MeasureCtrl.{i},不在当前 TD-LTE SF 小区服务 catalog 白名单，属于旧扩展/私有/跨分组路径绑定
LST FAP_SERVICE,Device.Services.FAPService.{i}.CellConfig.{i}.NR.RAN.Mobility.ConnMode.NR.A5MeasureCtrl.{i}.A5Threshold1RSRP,不在当前 TD-LTE SF 小区服务 catalog 白名单，属于旧扩展/私有/跨分组路径绑定
LST FAP_SERVICE,Device.Services.FAPService.{i}.CellConfig.{i}.NR.RAN.Mobility.ConnMode.NR.A5MeasureCtrl.{i}.A5Threshold1RSRQ,不在当前 TD-LTE SF 小区服务 catalog 白名单，属于旧扩展/私有/跨分组路径绑定
LST FAP_SERVICE,Device.Services.FAPService.{i}.CellConfig.{i}.NR.RAN.Mobility.ConnMode.NR.A5MeasureCtrl.{i}.A5Threshold1SINR,不在当前 TD-LTE SF 小区服务 catalog 白名单，属于旧扩展/私有/跨分组路径绑定
LST FAP_SERVICE,Device.Services.FAPService.{i}.CellConfig.{i}.NR.RAN.Mobility.ConnMode.NR.A5MeasureCtrl.{i}.A5Threshold2RSRP,不在当前 TD-LTE SF 小区服务 catalog 白名单，属于旧扩展/私有/跨分组路径绑定
LST FAP_SERVICE,Device.Services.FAPService.{i}.CellConfig.{i}.NR.RAN.Mobility.ConnMode.NR.A5MeasureCtrl.{i}.A5Threshold2RSRQ,不在当前 TD-LTE SF 小区服务 catalog 白名单，属于旧扩展/私有/跨分组路径绑定
LST FAP_SERVICE,Device.Services.FAPService.{i}.CellConfig.{i}.NR.RAN.Mobility.ConnMode.NR.A5MeasureCtrl.{i}.A5Threshold2SINR,不在当前 TD-LTE SF 小区服务 catalog 白名单，属于旧扩展/私有/跨分组路径绑定
LST FAP_SERVICE,Device.Services.FAPService.{i}.CellConfig.{i}.NR.RAN.Mobility.ConnMode.NR.A5MeasureCtrl.{i}.Enable,不在当前 TD-LTE SF 小区服务 catalog 白名单，属于旧扩展/私有/跨分组路径绑定
LST FAP_SERVICE,Device.Services.FAPService.{i}.CellConfig.{i}.NR.RAN.Mobility.ConnMode.NR.A5MeasureCtrl.{i}.Hysteresis,不在当前 TD-LTE SF 小区服务 catalog 白名单，属于旧扩展/私有/跨分组路径绑定
LST FAP_SERVICE,Device.Services.FAPService.{i}.CellConfig.{i}.NR.RAN.Mobility.ConnMode.NR.A5MeasureCtrl.{i}.IncludeBeamMeasurements,不在当前 TD-LTE SF 小区服务 catalog 白名单，属于旧扩展/私有/跨分组路径绑定
LST FAP_SERVICE,Device.Services.FAPService.{i}.CellConfig.{i}.NR.RAN.Mobility.ConnMode.NR.A5MeasureCtrl.{i}.MaxNrofRSIndexToReport,不在当前 TD-LTE SF 小区服务 catalog 白名单，属于旧扩展/私有/跨分组路径绑定
LST FAP_SERVICE,Device.Services.FAPService.{i}.CellConfig.{i}.NR.RAN.Mobility.ConnMode.NR.A5MeasureCtrl.{i}.MaxReportCells,不在当前 TD-LTE SF 小区服务 catalog 白名单，属于旧扩展/私有/跨分组路径绑定
LST FAP_SERVICE,Device.Services.FAPService.{i}.CellConfig.{i}.NR.RAN.Mobility.ConnMode.NR.A5MeasureCtrl.{i}.MeasurePurpose,不在当前 TD-LTE SF 小区服务 catalog 白名单，属于旧扩展/私有/跨分组路径绑定
LST FAP_SERVICE,Device.Services.FAPService.{i}.CellConfig.{i}.NR.RAN.Mobility.ConnMode.NR.A5MeasureCtrl.{i}.PLMNID,不在当前 TD-LTE SF 小区服务 catalog 白名单，属于旧扩展/私有/跨分组路径绑定
LST FAP_SERVICE,Device.Services.FAPService.{i}.CellConfig.{i}.NR.RAN.Mobility.ConnMode.NR.A5MeasureCtrl.{i}.ReportAmount,不在当前 TD-LTE SF 小区服务 catalog 白名单，属于旧扩展/私有/跨分组路径绑定
LST FAP_SERVICE,Device.Services.FAPService.{i}.CellConfig.{i}.NR.RAN.Mobility.ConnMode.NR.A5MeasureCtrl.{i}.ReportInterval,不在当前 TD-LTE SF 小区服务 catalog 白名单，属于旧扩展/私有/跨分组路径绑定
LST FAP_SERVICE,Device.Services.FAPService.{i}.CellConfig.{i}.NR.RAN.Mobility.ConnMode.NR.A5MeasureCtrl.{i}.ReportOnLeave,不在当前 TD-LTE SF 小区服务 catalog 白名单，属于旧扩展/私有/跨分组路径绑定
LST FAP_SERVICE,Device.Services.FAPService.{i}.CellConfig.{i}.NR.RAN.Mobility.ConnMode.NR.A5MeasureCtrl.{i}.ReportQuantityCell,不在当前 TD-LTE SF 小区服务 catalog 白名单，属于旧扩展/私有/跨分组路径绑定
LST FAP_SERVICE,Device.Services.FAPService.{i}.CellConfig.{i}.NR.RAN.Mobility.ConnMode.NR.A5MeasureCtrl.{i}.RptQuantityRsIndex,不在当前 TD-LTE SF 小区服务 catalog 白名单，属于旧扩展/私有/跨分组路径绑定
LST FAP_SERVICE,Device.Services.FAPService.{i}.CellConfig.{i}.NR.RAN.Mobility.ConnMode.NR.A5MeasureCtrl.{i}.RsType,不在当前 TD-LTE SF 小区服务 catalog 白名单，属于旧扩展/私有/跨分组路径绑定
LST FAP_SERVICE,Device.Services.FAPService.{i}.CellConfig.{i}.NR.RAN.Mobility.ConnMode.NR.A5MeasureCtrl.{i}.Threshold2TriggerType,不在当前 TD-LTE SF 小区服务 catalog 白名单，属于旧扩展/私有/跨分组路径绑定
LST FAP_SERVICE,Device.Services.FAPService.{i}.CellConfig.{i}.NR.RAN.Mobility.ConnMode.NR.A5MeasureCtrl.{i}.ThresholdTriggerType,不在当前 TD-LTE SF 小区服务 catalog 白名单，属于旧扩展/私有/跨分组路径绑定
LST FAP_SERVICE,Device.Services.FAPService.{i}.CellConfig.{i}.NR.RAN.Mobility.ConnMode.NR.A5MeasureCtrl.{i}.TimeToTrigger,不在当前 TD-LTE SF 小区服务 catalog 白名单，属于旧扩展/私有/跨分组路径绑定
LST FAP_SERVICE,Device.Services.FAPService.{i}.CellConfig.{i}.NR.RAN.Mobility.ConnMode.NR.A5MeasureCtrl.{i}.UseWhiteCellList,不在当前 TD-LTE SF 小区服务 catalog 白名单，属于旧扩展/私有/跨分组路径绑定
LST FAP_SERVICE,Device.Services.FAPService.{i}.CellConfig.{i}.NR.RAN.Mobility.ConnMode.NR.InterFreq.Carrier.{i},不在当前 TD-LTE SF 小区服务 catalog 白名单，属于旧扩展/私有/跨分组路径绑定
LST FAP_SERVICE,Device.Services.FAPService.{i}.CellConfig.{i}.NR.RAN.Mobility.ConnMode.NR.InterFreq.Carrier.{i}.Bitmap,不在当前 TD-LTE SF 小区服务 catalog 白名单，属于旧扩展/私有/跨分组路径绑定
LST FAP_SERVICE,Device.Services.FAPService.{i}.CellConfig.{i}.NR.RAN.Mobility.ConnMode.NR.InterFreq.Carrier.{i}.BitmapType,不在当前 TD-LTE SF 小区服务 catalog 白名单，属于旧扩展/私有/跨分组路径绑定
LST FAP_SERVICE,Device.Services.FAPService.{i}.CellConfig.{i}.NR.RAN.Mobility.ConnMode.NR.InterFreq.Carrier.{i}.DeriveSSBIndexFromCell,不在当前 TD-LTE SF 小区服务 catalog 白名单，属于旧扩展/私有/跨分组路径绑定
LST FAP_SERVICE,Device.Services.FAPService.{i}.CellConfig.{i}.NR.RAN.Mobility.ConnMode.NR.InterFreq.Carrier.{i}.Enable,不在当前 TD-LTE SF 小区服务 catalog 白名单，属于旧扩展/私有/跨分组路径绑定
LST FAP_SERVICE,Device.Services.FAPService.{i}.CellConfig.{i}.NR.RAN.Mobility.ConnMode.NR.InterFreq.Carrier.{i}.FreqBandIndicatorNR,不在当前 TD-LTE SF 小区服务 catalog 白名单，属于旧扩展/私有/跨分组路径绑定
LST FAP_SERVICE,Device.Services.FAPService.{i}.CellConfig.{i}.NR.RAN.Mobility.ConnMode.NR.InterFreq.Carrier.{i}.NrofSSBlocksToAverage,不在当前 TD-LTE SF 小区服务 catalog 白名单，属于旧扩展/私有/跨分组路径绑定
LST FAP_SERVICE,Device.Services.FAPService.{i}.CellConfig.{i}.NR.RAN.Mobility.ConnMode.NR.InterFreq.Carrier.{i}.OffsetToPointA,不在当前 TD-LTE SF 小区服务 catalog 白名单，属于旧扩展/私有/跨分组路径绑定
LST FAP_SERVICE,Device.Services.FAPService.{i}.CellConfig.{i}.NR.RAN.Mobility.ConnMode.NR.InterFreq.Carrier.{i}.RsrpOffsetCsiRs,不在当前 TD-LTE SF 小区服务 catalog 白名单，属于旧扩展/私有/跨分组路径绑定
LST FAP_SERVICE,Device.Services.FAPService.{i}.CellConfig.{i}.NR.RAN.Mobility.ConnMode.NR.InterFreq.Carrier.{i}.RsrpOffsetSSB,不在当前 TD-LTE SF 小区服务 catalog 白名单，属于旧扩展/私有/跨分组路径绑定
LST FAP_SERVICE,Device.Services.FAPService.{i}.CellConfig.{i}.NR.RAN.Mobility.ConnMode.NR.InterFreq.Carrier.{i}.RsrqOffsetCsiRs,不在当前 TD-LTE SF 小区服务 catalog 白名单，属于旧扩展/私有/跨分组路径绑定
LST FAP_SERVICE,Device.Services.FAPService.{i}.CellConfig.{i}.NR.RAN.Mobility.ConnMode.NR.InterFreq.Carrier.{i}.RsrqOffsetSSB,不在当前 TD-LTE SF 小区服务 catalog 白名单，属于旧扩展/私有/跨分组路径绑定
LST FAP_SERVICE,Device.Services.FAPService.{i}.CellConfig.{i}.NR.RAN.Mobility.ConnMode.NR.InterFreq.Carrier.{i}.SinrOffsetCsiRs,不在当前 TD-LTE SF 小区服务 catalog 白名单，属于旧扩展/私有/跨分组路径绑定
LST FAP_SERVICE,Device.Services.FAPService.{i}.CellConfig.{i}.NR.RAN.Mobility.ConnMode.NR.InterFreq.Carrier.{i}.SinrOffsetSSB,不在当前 TD-LTE SF 小区服务 catalog 白名单，属于旧扩展/私有/跨分组路径绑定
LST FAP_SERVICE,Device.Services.FAPService.{i}.CellConfig.{i}.NR.RAN.Mobility.ConnMode.NR.InterFreq.Carrier.{i}.SmtcDuration,不在当前 TD-LTE SF 小区服务 catalog 白名单，属于旧扩展/私有/跨分组路径绑定
LST FAP_SERVICE,Device.Services.FAPService.{i}.CellConfig.{i}.NR.RAN.Mobility.ConnMode.NR.InterFreq.Carrier.{i}.SmtcOffset,不在当前 TD-LTE SF 小区服务 catalog 白名单，属于旧扩展/私有/跨分组路径绑定
LST FAP_SERVICE,Device.Services.FAPService.{i}.CellConfig.{i}.NR.RAN.Mobility.ConnMode.NR.InterFreq.Carrier.{i}.SmtcPeriodicity,不在当前 TD-LTE SF 小区服务 catalog 白名单，属于旧扩展/私有/跨分组路径绑定
LST FAP_SERVICE,Device.Services.FAPService.{i}.CellConfig.{i}.NR.RAN.Mobility.ConnMode.NR.InterFreq.Carrier.{i}.SSBFrequency,不在当前 TD-LTE SF 小区服务 catalog 白名单，属于旧扩展/私有/跨分组路径绑定
LST FAP_SERVICE,Device.Services.FAPService.{i}.CellConfig.{i}.NR.RAN.Mobility.ConnMode.NR.InterFreq.Carrier.{i}.SSBlocksConsolidationRsrp,不在当前 TD-LTE SF 小区服务 catalog 白名单，属于旧扩展/私有/跨分组路径绑定
LST FAP_SERVICE,Device.Services.FAPService.{i}.CellConfig.{i}.NR.RAN.Mobility.ConnMode.NR.InterFreq.Carrier.{i}.SSBlocksConsolidationRsrq,不在当前 TD-LTE SF 小区服务 catalog 白名单，属于旧扩展/私有/跨分组路径绑定
LST FAP_SERVICE,Device.Services.FAPService.{i}.CellConfig.{i}.NR.RAN.Mobility.ConnMode.NR.InterFreq.Carrier.{i}.SSBlocksConsolidationSinr,不在当前 TD-LTE SF 小区服务 catalog 白名单，属于旧扩展/私有/跨分组路径绑定
LST FAP_SERVICE,Device.Services.FAPService.{i}.CellConfig.{i}.NR.RAN.Mobility.ConnMode.NR.InterFreq.Carrier.{i}.SsbSubcarrierOffset,不在当前 TD-LTE SF 小区服务 catalog 白名单，属于旧扩展/私有/跨分组路径绑定
LST FAP_SERVICE,Device.Services.FAPService.{i}.CellConfig.{i}.NR.RAN.Mobility.ConnMode.NR.InterFreq.Carrier.{i}.SubcarrierSpacing,不在当前 TD-LTE SF 小区服务 catalog 白名单，属于旧扩展/私有/跨分组路径绑定
LST FAP_SERVICE,Device.Services.FAPService.{i}.CellConfig.{i}.NR.RAN.Mobility.ConnMode.NR.MeasureCtrl.MobilityStrategy,不在当前 TD-LTE SF 小区服务 catalog 白名单，属于旧扩展/私有/跨分组路径绑定
LST FAP_SERVICE,Device.Services.FAPService.{i}.CellConfig.{i}.NR.RAN.Mobility.ConnMode.NR.PeriodMeasCtrl.{i},不在当前 TD-LTE SF 小区服务 catalog 白名单，属于旧扩展/私有/跨分组路径绑定
LST FAP_SERVICE,Device.Services.FAPService.{i}.CellConfig.{i}.NR.RAN.Mobility.ConnMode.NR.PeriodMeasCtrl.{i}.MaxReportCells,不在当前 TD-LTE SF 小区服务 catalog 白名单，属于旧扩展/私有/跨分组路径绑定
LST FAP_SERVICE,Device.Services.FAPService.{i}.CellConfig.{i}.NR.RAN.Mobility.ConnMode.NR.PeriodMeasCtrl.{i}.MeasurePurpose,不在当前 TD-LTE SF 小区服务 catalog 白名单，属于旧扩展/私有/跨分组路径绑定
LST FAP_SERVICE,Device.Services.FAPService.{i}.CellConfig.{i}.NR.RAN.Mobility.ConnMode.NR.PeriodMeasCtrl.{i}.ReportAmount,不在当前 TD-LTE SF 小区服务 catalog 白名单，属于旧扩展/私有/跨分组路径绑定
LST FAP_SERVICE,Device.Services.FAPService.{i}.CellConfig.{i}.NR.RAN.Mobility.ConnMode.NR.PeriodMeasCtrl.{i}.ReportInterval,不在当前 TD-LTE SF 小区服务 catalog 白名单，属于旧扩展/私有/跨分组路径绑定
LST FAP_SERVICE,Device.Services.FAPService.{i}.CellConfig.{i}.NR.RAN.Mobility.ConnMode.NR.PeriodMeasCtrl.{i}.ReportQuantity,不在当前 TD-LTE SF 小区服务 catalog 白名单，属于旧扩展/私有/跨分组路径绑定
LST FAP_SERVICE,Device.Services.FAPService.{i}.CellConfig.{i}.NR.RAN.Mobility.IdleMode.Common.Qhyst,不在当前 TD-LTE SF 小区服务 catalog 白名单，属于旧扩展/私有/跨分组路径绑定
LST FAP_SERVICE,Device.Services.FAPService.{i}.CellConfig.{i}.NR.RAN.Mobility.IdleMode.EUTRA.Carrier.{i},不在当前 TD-LTE SF 小区服务 catalog 白名单，属于旧扩展/私有/跨分组路径绑定
LST FAP_SERVICE,Device.Services.FAPService.{i}.CellConfig.{i}.NR.RAN.Mobility.IdleMode.EUTRA.Carrier.{i}.AllowedMeasBandwidth,不在当前 TD-LTE SF 小区服务 catalog 白名单，属于旧扩展/私有/跨分组路径绑定
LST FAP_SERVICE,Device.Services.FAPService.{i}.CellConfig.{i}.NR.RAN.Mobility.IdleMode.EUTRA.Carrier.{i}.BlackPhysCellIdRange,不在当前 TD-LTE SF 小区服务 catalog 白名单，属于旧扩展/私有/跨分组路径绑定
LST FAP_SERVICE,Device.Services.FAPService.{i}.CellConfig.{i}.NR.RAN.Mobility.IdleMode.EUTRA.Carrier.{i}.BlackPhysCellIdStart,不在当前 TD-LTE SF 小区服务 catalog 白名单，属于旧扩展/私有/跨分组路径绑定
LST FAP_SERVICE,Device.Services.FAPService.{i}.CellConfig.{i}.NR.RAN.Mobility.IdleMode.EUTRA.Carrier.{i}.CellReselectionPriority,不在当前 TD-LTE SF 小区服务 catalog 白名单，属于旧扩展/私有/跨分组路径绑定
LST FAP_SERVICE,Device.Services.FAPService.{i}.CellConfig.{i}.NR.RAN.Mobility.IdleMode.EUTRA.Carrier.{i}.EUTRACarrierARFCN,不在当前 TD-LTE SF 小区服务 catalog 白名单，属于旧扩展/私有/跨分组路径绑定
LST FAP_SERVICE,Device.Services.FAPService.{i}.CellConfig.{i}.NR.RAN.Mobility.IdleMode.EUTRA.Carrier.{i}.PMaxEUTRA,不在当前 TD-LTE SF 小区服务 catalog 白名单，属于旧扩展/私有/跨分组路径绑定
LST FAP_SERVICE,Device.Services.FAPService.{i}.CellConfig.{i}.NR.RAN.Mobility.IdleMode.EUTRA.Carrier.{i}.PresenceAntennaPort1,不在当前 TD-LTE SF 小区服务 catalog 白名单，属于旧扩展/私有/跨分组路径绑定
LST FAP_SERVICE,Device.Services.FAPService.{i}.CellConfig.{i}.NR.RAN.Mobility.IdleMode.EUTRA.Carrier.{i}.QQualMin,不在当前 TD-LTE SF 小区服务 catalog 白名单，属于旧扩展/私有/跨分组路径绑定
LST FAP_SERVICE,Device.Services.FAPService.{i}.CellConfig.{i}.NR.RAN.Mobility.IdleMode.EUTRA.Carrier.{i}.QRxLevMin,不在当前 TD-LTE SF 小区服务 catalog 白名单，属于旧扩展/私有/跨分组路径绑定
LST FAP_SERVICE,Device.Services.FAPService.{i}.CellConfig.{i}.NR.RAN.Mobility.IdleMode.EUTRA.Carrier.{i}.ThreshXHigh,不在当前 TD-LTE SF 小区服务 catalog 白名单，属于旧扩展/私有/跨分组路径绑定
LST FAP_SERVICE,Device.Services.FAPService.{i}.CellConfig.{i}.NR.RAN.Mobility.IdleMode.EUTRA.Carrier.{i}.ThreshXHighQ,不在当前 TD-LTE SF 小区服务 catalog 白名单，属于旧扩展/私有/跨分组路径绑定
LST FAP_SERVICE,Device.Services.FAPService.{i}.CellConfig.{i}.NR.RAN.Mobility.IdleMode.EUTRA.Carrier.{i}.ThreshXLow,不在当前 TD-LTE SF 小区服务 catalog 白名单，属于旧扩展/私有/跨分组路径绑定
LST FAP_SERVICE,Device.Services.FAPService.{i}.CellConfig.{i}.NR.RAN.Mobility.IdleMode.EUTRA.Carrier.{i}.TReselectionEUTRA,不在当前 TD-LTE SF 小区服务 catalog 白名单，属于旧扩展/私有/跨分组路径绑定
LST FAP_SERVICE,Device.Services.FAPService.{i}.CellConfig.{i}.NR.RAN.Mobility.IdleMode.InterFreq.Carrier.{i},不在当前 TD-LTE SF 小区服务 catalog 白名单，属于旧扩展/私有/跨分组路径绑定
LST FAP_SERVICE,Device.Services.FAPService.{i}.CellConfig.{i}.NR.RAN.Mobility.IdleMode.InterFreq.Carrier.{i}.AbsThreshSSBlocksConsolidation,不在当前 TD-LTE SF 小区服务 catalog 白名单，属于旧扩展/私有/跨分组路径绑定
LST FAP_SERVICE,Device.Services.FAPService.{i}.CellConfig.{i}.NR.RAN.Mobility.IdleMode.InterFreq.Carrier.{i}.BlackPhysCellIdRange,不在当前 TD-LTE SF 小区服务 catalog 白名单，属于旧扩展/私有/跨分组路径绑定
LST FAP_SERVICE,Device.Services.FAPService.{i}.CellConfig.{i}.NR.RAN.Mobility.IdleMode.InterFreq.Carrier.{i}.BlackPhysCellIdStart,不在当前 TD-LTE SF 小区服务 catalog 白名单，属于旧扩展/私有/跨分组路径绑定
LST FAP_SERVICE,Device.Services.FAPService.{i}.CellConfig.{i}.NR.RAN.Mobility.IdleMode.InterFreq.Carrier.{i}.CellReselectionPriority,不在当前 TD-LTE SF 小区服务 catalog 白名单，属于旧扩展/私有/跨分组路径绑定
LST FAP_SERVICE,Device.Services.FAPService.{i}.CellConfig.{i}.NR.RAN.Mobility.IdleMode.InterFreq.Carrier.{i}.CellReselectionSubPriority,不在当前 TD-LTE SF 小区服务 catalog 白名单，属于旧扩展/私有/跨分组路径绑定
LST FAP_SERVICE,Device.Services.FAPService.{i}.CellConfig.{i}.NR.RAN.Mobility.IdleMode.InterFreq.Carrier.{i}.DeriveSSBIndexFromCell,不在当前 TD-LTE SF 小区服务 catalog 白名单，属于旧扩展/私有/跨分组路径绑定
LST FAP_SERVICE,Device.Services.FAPService.{i}.CellConfig.{i}.NR.RAN.Mobility.IdleMode.InterFreq.Carrier.{i}.DlCarrierFreq,不在当前 TD-LTE SF 小区服务 catalog 白名单，属于旧扩展/私有/跨分组路径绑定
LST FAP_SERVICE,Device.Services.FAPService.{i}.CellConfig.{i}.NR.RAN.Mobility.IdleMode.InterFreq.Carrier.{i}.NrofSSBlocksToAverage,不在当前 TD-LTE SF 小区服务 catalog 白名单，属于旧扩展/私有/跨分组路径绑定
LST FAP_SERVICE,Device.Services.FAPService.{i}.CellConfig.{i}.NR.RAN.Mobility.IdleMode.InterFreq.Carrier.{i}.Pmax,不在当前 TD-LTE SF 小区服务 catalog 白名单，属于旧扩展/私有/跨分组路径绑定
LST FAP_SERVICE,Device.Services.FAPService.{i}.CellConfig.{i}.NR.RAN.Mobility.IdleMode.InterFreq.Carrier.{i}.QOffsetFreq,不在当前 TD-LTE SF 小区服务 catalog 白名单，属于旧扩展/私有/跨分组路径绑定
LST FAP_SERVICE,Device.Services.FAPService.{i}.CellConfig.{i}.NR.RAN.Mobility.IdleMode.InterFreq.Carrier.{i}.QQualMin,不在当前 TD-LTE SF 小区服务 catalog 白名单，属于旧扩展/私有/跨分组路径绑定
LST FAP_SERVICE,Device.Services.FAPService.{i}.CellConfig.{i}.NR.RAN.Mobility.IdleMode.InterFreq.Carrier.{i}.QRxLevMin,不在当前 TD-LTE SF 小区服务 catalog 白名单，属于旧扩展/私有/跨分组路径绑定
LST FAP_SERVICE,Device.Services.FAPService.{i}.CellConfig.{i}.NR.RAN.Mobility.IdleMode.InterFreq.Carrier.{i}.SsbSubcarrierSpacing,不在当前 TD-LTE SF 小区服务 catalog 白名单，属于旧扩展/私有/跨分组路径绑定
LST FAP_SERVICE,Device.Services.FAPService.{i}.CellConfig.{i}.NR.RAN.Mobility.IdleMode.InterFreq.Carrier.{i}.ThresholdRSRQ,不在当前 TD-LTE SF 小区服务 catalog 白名单，属于旧扩展/私有/跨分组路径绑定
LST FAP_SERVICE,Device.Services.FAPService.{i}.CellConfig.{i}.NR.RAN.Mobility.IdleMode.InterFreq.Carrier.{i}.ThresholdSINR,不在当前 TD-LTE SF 小区服务 catalog 白名单，属于旧扩展/私有/跨分组路径绑定
LST FAP_SERVICE,Device.Services.FAPService.{i}.CellConfig.{i}.NR.RAN.Mobility.IdleMode.InterFreq.Carrier.{i}.ThreshXHighP,不在当前 TD-LTE SF 小区服务 catalog 白名单，属于旧扩展/私有/跨分组路径绑定
LST FAP_SERVICE,Device.Services.FAPService.{i}.CellConfig.{i}.NR.RAN.Mobility.IdleMode.InterFreq.Carrier.{i}.ThreshXHighQ,不在当前 TD-LTE SF 小区服务 catalog 白名单，属于旧扩展/私有/跨分组路径绑定
LST FAP_SERVICE,Device.Services.FAPService.{i}.CellConfig.{i}.NR.RAN.Mobility.IdleMode.InterFreq.Carrier.{i}.ThreshXLowP,不在当前 TD-LTE SF 小区服务 catalog 白名单，属于旧扩展/私有/跨分组路径绑定
LST FAP_SERVICE,Device.Services.FAPService.{i}.CellConfig.{i}.NR.RAN.Mobility.IdleMode.InterFreq.Carrier.{i}.ThreshXLowQ,不在当前 TD-LTE SF 小区服务 catalog 白名单，属于旧扩展/私有/跨分组路径绑定
LST FAP_SERVICE,Device.Services.FAPService.{i}.CellConfig.{i}.NR.RAN.Mobility.IdleMode.InterFreq.Carrier.{i}.TReselectionNR,不在当前 TD-LTE SF 小区服务 catalog 白名单，属于旧扩展/私有/跨分组路径绑定
LST FAP_SERVICE,Device.Services.FAPService.{i}.CellConfig.{i}.NR.RAN.Mobility.IdleMode.IntraFreq.CellReselectionPriority,不在当前 TD-LTE SF 小区服务 catalog 白名单，属于旧扩展/私有/跨分组路径绑定
LST FAP_SERVICE,Device.Services.FAPService.{i}.CellConfig.{i}.NR.RAN.Mobility.IdleMode.IntraFreq.DeriveSSBIndexFromCell,不在当前 TD-LTE SF 小区服务 catalog 白名单，属于旧扩展/私有/跨分组路径绑定
LST FAP_SERVICE,Device.Services.FAPService.{i}.CellConfig.{i}.NR.RAN.Mobility.IdleMode.IntraFreq.Qqualminoffset,不在当前 TD-LTE SF 小区服务 catalog 白名单，属于旧扩展/私有/跨分组路径绑定
LST FAP_SERVICE,Device.Services.FAPService.{i}.CellConfig.{i}.NR.RAN.Mobility.IdleMode.IntraFreq.QQualMinSIB1,不在当前 TD-LTE SF 小区服务 catalog 白名单，属于旧扩展/私有/跨分组路径绑定
LST FAP_SERVICE,Device.Services.FAPService.{i}.CellConfig.{i}.NR.RAN.Mobility.IdleMode.IntraFreq.QRxLevMinOffset,不在当前 TD-LTE SF 小区服务 catalog 白名单，属于旧扩展/私有/跨分组路径绑定
LST FAP_SERVICE,Device.Services.FAPService.{i}.CellConfig.{i}.NR.RAN.Mobility.IdleMode.IntraFreq.QRxLevMinSIB1,不在当前 TD-LTE SF 小区服务 catalog 白名单，属于旧扩展/私有/跨分组路径绑定
LST FAP_SERVICE,Device.Services.FAPService.{i}.CellConfig.{i}.NR.RAN.Mobility.IdleMode.IntraFreq.QRxLevMinSIB2,不在当前 TD-LTE SF 小区服务 catalog 白名单，属于旧扩展/私有/跨分组路径绑定
LST FAP_SERVICE,Device.Services.FAPService.{i}.CellConfig.{i}.NR.RAN.Mobility.IdleMode.IntraFreq.SIntraSearchP,不在当前 TD-LTE SF 小区服务 catalog 白名单，属于旧扩展/私有/跨分组路径绑定
LST FAP_SERVICE,Device.Services.FAPService.{i}.CellConfig.{i}.NR.RAN.Mobility.IdleMode.IntraFreq.SNonIntraSearchP,不在当前 TD-LTE SF 小区服务 catalog 白名单，属于旧扩展/私有/跨分组路径绑定
LST FAP_SERVICE,Device.Services.FAPService.{i}.CellConfig.{i}.NR.RAN.Mobility.IdleMode.IntraFreq.SNonIntraSearchQ,不在当前 TD-LTE SF 小区服务 catalog 白名单，属于旧扩展/私有/跨分组路径绑定
LST FAP_SERVICE,Device.Services.FAPService.{i}.CellConfig.{i}.NR.RAN.Mobility.IdleMode.IntraFreq.ThreshServingLowP,不在当前 TD-LTE SF 小区服务 catalog 白名单，属于旧扩展/私有/跨分组路径绑定
LST FAP_SERVICE,Device.Services.FAPService.{i}.CellConfig.{i}.NR.RAN.Mobility.IdleMode.IntraFreq.TReselectionNR,不在当前 TD-LTE SF 小区服务 catalog 白名单，属于旧扩展/私有/跨分组路径绑定
LST FAP_SERVICE,Device.Services.FAPService.{i}.CellConfig.{i}.NR.RAN.NeighborList.LTECell.{i},不在当前 TD-LTE SF 小区服务 catalog 白名单，属于旧扩展/私有/跨分组路径绑定
LST FAP_SERVICE,Device.Services.FAPService.{i}.CellConfig.{i}.NR.RAN.NeighborList.LTECell.{i}.Blacklisted,不在当前 TD-LTE SF 小区服务 catalog 白名单，属于旧扩展/私有/跨分组路径绑定
LST FAP_SERVICE,Device.Services.FAPService.{i}.CellConfig.{i}.NR.RAN.NeighborList.LTECell.{i}.ECGI,不在当前 TD-LTE SF 小区服务 catalog 白名单，属于旧扩展/私有/跨分组路径绑定
LST FAP_SERVICE,Device.Services.FAPService.{i}.CellConfig.{i}.NR.RAN.NeighborList.LTECell.{i}.EnbType,不在当前 TD-LTE SF 小区服务 catalog 白名单，属于旧扩展/私有/跨分组路径绑定
LST FAP_SERVICE,Device.Services.FAPService.{i}.CellConfig.{i}.NR.RAN.NeighborList.LTECell.{i}.NoRemoveEnable,不在当前 TD-LTE SF 小区服务 catalog 白名单，属于旧扩展/私有/跨分组路径绑定
LST FAP_SERVICE,Device.Services.FAPService.{i}.CellConfig.{i}.NR.RAN.NeighborList.LTECell.{i}.QQualMinOffsetCell,不在当前 TD-LTE SF 小区服务 catalog 白名单，属于旧扩展/私有/跨分组路径绑定
LST FAP_SERVICE,Device.Services.FAPService.{i}.CellConfig.{i}.NR.RAN.NeighborList.LTECell.{i}.QRxLevMinOffsetCell,不在当前 TD-LTE SF 小区服务 catalog 白名单，属于旧扩展/私有/跨分组路径绑定
LST FAP_SERVICE,Device.Services.FAPService.{i}.CellConfig.{i}.NR.RAN.NeighborList.NRCell.{i},不在当前 TD-LTE SF 小区服务 catalog 白名单，属于旧扩展/私有/跨分组路径绑定
LST FAP_SERVICE,Device.Services.FAPService.{i}.CellConfig.{i}.NR.RAN.NeighborList.NRCell.{i}.Blacklisted,不在当前 TD-LTE SF 小区服务 catalog 白名单，属于旧扩展/私有/跨分组路径绑定
LST FAP_SERVICE,Device.Services.FAPService.{i}.CellConfig.{i}.NR.RAN.NeighborList.NRCell.{i}.CID,不在当前 TD-LTE SF 小区服务 catalog 白名单，属于旧扩展/私有/跨分组路径绑定
LST FAP_SERVICE,Device.Services.FAPService.{i}.CellConfig.{i}.NR.RAN.NeighborList.NRCell.{i}.CIO,不在当前 TD-LTE SF 小区服务 catalog 白名单，属于旧扩展/私有/跨分组路径绑定
LST FAP_SERVICE,Device.Services.FAPService.{i}.CellConfig.{i}.NR.RAN.NeighborList.NRCell.{i}.gNBIdLength,不在当前 TD-LTE SF 小区服务 catalog 白名单，属于旧扩展/私有/跨分组路径绑定
LST FAP_SERVICE,Device.Services.FAPService.{i}.CellConfig.{i}.NR.RAN.NeighborList.NRCell.{i}.NoRemoveEnable,不在当前 TD-LTE SF 小区服务 catalog 白名单，属于旧扩展/私有/跨分组路径绑定
LST FAP_SERVICE,Device.Services.FAPService.{i}.CellConfig.{i}.NR.RAN.NeighborList.NRCell.{i}.NRCarrierARFCN,不在当前 TD-LTE SF 小区服务 catalog 白名单，属于旧扩展/私有/跨分组路径绑定
LST FAP_SERVICE,Device.Services.FAPService.{i}.CellConfig.{i}.NR.RAN.NeighborList.NRCell.{i}.PhyCellID,不在当前 TD-LTE SF 小区服务 catalog 白名单，属于旧扩展/私有/跨分组路径绑定
LST FAP_SERVICE,Device.Services.FAPService.{i}.CellConfig.{i}.NR.RAN.NeighborList.NRCell.{i}.PLMNID,不在当前 TD-LTE SF 小区服务 catalog 白名单，属于旧扩展/私有/跨分组路径绑定
LST FAP_SERVICE,Device.Services.FAPService.{i}.CellConfig.{i}.NR.RAN.NeighborList.NRCell.{i}.Qoffset,不在当前 TD-LTE SF 小区服务 catalog 白名单，属于旧扩展/私有/跨分组路径绑定
LST FAP_SERVICE,Device.Services.FAPService.{i}.CellConfig.{i}.NR.RAN.NeighborList.NRCell.{i}.QQualMinOffsetCell,不在当前 TD-LTE SF 小区服务 catalog 白名单，属于旧扩展/私有/跨分组路径绑定
LST FAP_SERVICE,Device.Services.FAPService.{i}.CellConfig.{i}.NR.RAN.NeighborList.NRCell.{i}.QRxLevMinOffsetCell,不在当前 TD-LTE SF 小区服务 catalog 白名单，属于旧扩展/私有/跨分组路径绑定
LST FAP_SERVICE,Device.Services.FAPService.{i}.CellConfig.{i}.NR.RAN.NeighborList.NRCell.{i}.ssbFrequency,不在当前 TD-LTE SF 小区服务 catalog 白名单，属于旧扩展/私有/跨分组路径绑定
LST FAP_SERVICE,Device.Services.FAPService.{i}.CellConfig.{i}.NR.RAN.NeighborList.NRCell.{i}.ssbSubcarrierSpacing,不在当前 TD-LTE SF 小区服务 catalog 白名单，属于旧扩展/私有/跨分组路径绑定
LST FAP_SERVICE,Device.Services.FAPService.{i}.CellConfig.{i}.NR.RAN.NeighborList.NRCell.{i}.TAC,不在当前 TD-LTE SF 小区服务 catalog 白名单，属于旧扩展/私有/跨分组路径绑定
LST FAP_SERVICE,Device.Services.FAPService.{i}.CellConfig.{i}.NR.RAN.PHY.Antenna.NumOfRxAntenna,不在当前 TD-LTE SF 小区服务 catalog 白名单，属于旧扩展/私有/跨分组路径绑定
LST FAP_SERVICE,Device.Services.FAPService.{i}.CellConfig.{i}.NR.RAN.PHY.Antenna.NumOfTxAntenna,不在当前 TD-LTE SF 小区服务 catalog 白名单，属于旧扩展/私有/跨分组路径绑定
LST FAP_SERVICE,Device.Services.FAPService.{i}.CellConfig.{i}.NR.RAN.PHY.BWP.BWPDL.{i},不在当前 TD-LTE SF 小区服务 catalog 白名单，属于旧扩展/私有/跨分组路径绑定
LST FAP_SERVICE,Device.Services.FAPService.{i}.CellConfig.{i}.NR.RAN.PHY.BWP.BWPDL.{i}.Bandwidth,不在当前 TD-LTE SF 小区服务 catalog 白名单，属于旧扩展/私有/跨分组路径绑定
LST FAP_SERVICE,Device.Services.FAPService.{i}.CellConfig.{i}.NR.RAN.PHY.BWP.BWPDL.{i}.CyclicPrefix,不在当前 TD-LTE SF 小区服务 catalog 白名单，属于旧扩展/私有/跨分组路径绑定
LST FAP_SERVICE,Device.Services.FAPService.{i}.CellConfig.{i}.NR.RAN.PHY.BWP.BWPDL.{i}.DlBWPId,不在当前 TD-LTE SF 小区服务 catalog 白名单，属于旧扩展/私有/跨分组路径绑定
LST FAP_SERVICE,Device.Services.FAPService.{i}.CellConfig.{i}.NR.RAN.PHY.BWP.BWPDL.{i}.InitDlMcs,不在当前 TD-LTE SF 小区服务 catalog 白名单，属于旧扩展/私有/跨分组路径绑定
LST FAP_SERVICE,Device.Services.FAPService.{i}.CellConfig.{i}.NR.RAN.PHY.BWP.BWPDL.{i}.MaxDlUeToBeScheduledInSlot,不在当前 TD-LTE SF 小区服务 catalog 白名单，属于旧扩展/私有/跨分组路径绑定
LST FAP_SERVICE,Device.Services.FAPService.{i}.CellConfig.{i}.NR.RAN.PHY.BWP.BWPDL.{i}.PDCCH.CommonControlResourceSet.CceRegMappingType.InterleaverSize,不在当前 TD-LTE SF 小区服务 catalog 白名单，属于旧扩展/私有/跨分组路径绑定
LST FAP_SERVICE,Device.Services.FAPService.{i}.CellConfig.{i}.NR.RAN.PHY.BWP.BWPDL.{i}.PDCCH.CommonControlResourceSet.CceRegMappingType.RegBundleSize,不在当前 TD-LTE SF 小区服务 catalog 白名单，属于旧扩展/私有/跨分组路径绑定
LST FAP_SERVICE,Device.Services.FAPService.{i}.CellConfig.{i}.NR.RAN.PHY.BWP.BWPDL.{i}.PDCCH.CommonControlResourceSet.CceRegMappingType.RegType,不在当前 TD-LTE SF 小区服务 catalog 白名单，属于旧扩展/私有/跨分组路径绑定
LST FAP_SERVICE,Device.Services.FAPService.{i}.CellConfig.{i}.NR.RAN.PHY.BWP.BWPDL.{i}.PDCCH.CommonControlResourceSet.CceRegMappingType.ShiftIndex,不在当前 TD-LTE SF 小区服务 catalog 白名单，属于旧扩展/私有/跨分组路径绑定
LST FAP_SERVICE,Device.Services.FAPService.{i}.CellConfig.{i}.NR.RAN.PHY.BWP.BWPDL.{i}.PDCCH.CommonControlResourceSet.ControlResourceSetId,不在当前 TD-LTE SF 小区服务 catalog 白名单，属于旧扩展/私有/跨分组路径绑定
LST FAP_SERVICE,Device.Services.FAPService.{i}.CellConfig.{i}.NR.RAN.PHY.BWP.BWPDL.{i}.PDCCH.CommonControlResourceSet.Duration,不在当前 TD-LTE SF 小区服务 catalog 白名单，属于旧扩展/私有/跨分组路径绑定
LST FAP_SERVICE,Device.Services.FAPService.{i}.CellConfig.{i}.NR.RAN.PHY.BWP.BWPDL.{i}.PDCCH.CommonControlResourceSet.FrequencyDomainResources,不在当前 TD-LTE SF 小区服务 catalog 白名单，属于旧扩展/私有/跨分组路径绑定
LST FAP_SERVICE,Device.Services.FAPService.{i}.CellConfig.{i}.NR.RAN.PHY.BWP.BWPDL.{i}.PDCCH.CommonControlResourceSet.PrecoderGranularity,不在当前 TD-LTE SF 小区服务 catalog 白名单，属于旧扩展/私有/跨分组路径绑定
LST FAP_SERVICE,Device.Services.FAPService.{i}.CellConfig.{i}.NR.RAN.PHY.BWP.BWPDL.{i}.PDCCH.CommonSearchSpaceList.{i},不在当前 TD-LTE SF 小区服务 catalog 白名单，属于旧扩展/私有/跨分组路径绑定
LST FAP_SERVICE,Device.Services.FAPService.{i}.CellConfig.{i}.NR.RAN.PHY.BWP.BWPDL.{i}.PDCCH.CommonSearchSpaceList.{i}.ControlResourceSetId,不在当前 TD-LTE SF 小区服务 catalog 白名单，属于旧扩展/私有/跨分组路径绑定
LST FAP_SERVICE,Device.Services.FAPService.{i}.CellConfig.{i}.NR.RAN.PHY.BWP.BWPDL.{i}.PDCCH.CommonSearchSpaceList.{i}.DciFormat00And10En,不在当前 TD-LTE SF 小区服务 catalog 白名单，属于旧扩展/私有/跨分组路径绑定
LST FAP_SERVICE,Device.Services.FAPService.{i}.CellConfig.{i}.NR.RAN.PHY.BWP.BWPDL.{i}.PDCCH.CommonSearchSpaceList.{i}.Duration,不在当前 TD-LTE SF 小区服务 catalog 白名单，属于旧扩展/私有/跨分组路径绑定
LST FAP_SERVICE,Device.Services.FAPService.{i}.CellConfig.{i}.NR.RAN.PHY.BWP.BWPDL.{i}.PDCCH.CommonSearchSpaceList.{i}.MonitoringSlotOffset,不在当前 TD-LTE SF 小区服务 catalog 白名单，属于旧扩展/私有/跨分组路径绑定
LST FAP_SERVICE,Device.Services.FAPService.{i}.CellConfig.{i}.NR.RAN.PHY.BWP.BWPDL.{i}.PDCCH.CommonSearchSpaceList.{i}.MonitoringSlotPeriodicity,不在当前 TD-LTE SF 小区服务 catalog 白名单，属于旧扩展/私有/跨分组路径绑定
LST FAP_SERVICE,Device.Services.FAPService.{i}.CellConfig.{i}.NR.RAN.PHY.BWP.BWPDL.{i}.PDCCH.CommonSearchSpaceList.{i}.MonitoringSymbolsWithinSlot,不在当前 TD-LTE SF 小区服务 catalog 白名单，属于旧扩展/私有/跨分组路径绑定
LST FAP_SERVICE,Device.Services.FAPService.{i}.CellConfig.{i}.NR.RAN.PHY.BWP.BWPDL.{i}.PDCCH.CommonSearchSpaceList.{i}.nrofCandidates.AggregationLevel1,不在当前 TD-LTE SF 小区服务 catalog 白名单，属于旧扩展/私有/跨分组路径绑定
LST FAP_SERVICE,Device.Services.FAPService.{i}.CellConfig.{i}.NR.RAN.PHY.BWP.BWPDL.{i}.PDCCH.CommonSearchSpaceList.{i}.nrofCandidates.AggregationLevel16,不在当前 TD-LTE SF 小区服务 catalog 白名单，属于旧扩展/私有/跨分组路径绑定
LST FAP_SERVICE,Device.Services.FAPService.{i}.CellConfig.{i}.NR.RAN.PHY.BWP.BWPDL.{i}.PDCCH.CommonSearchSpaceList.{i}.nrofCandidates.AggregationLevel2,不在当前 TD-LTE SF 小区服务 catalog 白名单，属于旧扩展/私有/跨分组路径绑定
LST FAP_SERVICE,Device.Services.FAPService.{i}.CellConfig.{i}.NR.RAN.PHY.BWP.BWPDL.{i}.PDCCH.CommonSearchSpaceList.{i}.nrofCandidates.AggregationLevel4,不在当前 TD-LTE SF 小区服务 catalog 白名单，属于旧扩展/私有/跨分组路径绑定
LST FAP_SERVICE,Device.Services.FAPService.{i}.CellConfig.{i}.NR.RAN.PHY.BWP.BWPDL.{i}.PDCCH.CommonSearchSpaceList.{i}.nrofCandidates.AggregationLevel8,不在当前 TD-LTE SF 小区服务 catalog 白名单，属于旧扩展/私有/跨分组路径绑定
LST FAP_SERVICE,Device.Services.FAPService.{i}.CellConfig.{i}.NR.RAN.PHY.BWP.BWPDL.{i}.PDCCH.CommonSearchSpaceList.{i}.SearchSpaceId,不在当前 TD-LTE SF 小区服务 catalog 白名单，属于旧扩展/私有/跨分组路径绑定
LST FAP_SERVICE,Device.Services.FAPService.{i}.CellConfig.{i}.NR.RAN.PHY.BWP.BWPDL.{i}.PDCCH.CommonSearchSpaceList.{i}.SearchSpaceType,不在当前 TD-LTE SF 小区服务 catalog 白名单，属于旧扩展/私有/跨分组路径绑定
LST FAP_SERVICE,Device.Services.FAPService.{i}.CellConfig.{i}.NR.RAN.PHY.BWP.BWPDL.{i}.PDCCH.DedicatedCtlResourceSet.{i},不在当前 TD-LTE SF 小区服务 catalog 白名单，属于旧扩展/私有/跨分组路径绑定
LST FAP_SERVICE,Device.Services.FAPService.{i}.CellConfig.{i}.NR.RAN.PHY.BWP.BWPDL.{i}.PDCCH.DedicatedCtlResourceSet.{i}.DedicateCceRegbundleType,不在当前 TD-LTE SF 小区服务 catalog 白名单，属于旧扩展/私有/跨分组路径绑定
LST FAP_SERVICE,Device.Services.FAPService.{i}.CellConfig.{i}.NR.RAN.PHY.BWP.BWPDL.{i}.PDCCH.DedicatedCtlResourceSet.{i}.DedicateCceRegInterleaverSize,不在当前 TD-LTE SF 小区服务 catalog 白名单，属于旧扩展/私有/跨分组路径绑定
LST FAP_SERVICE,Device.Services.FAPService.{i}.CellConfig.{i}.NR.RAN.PHY.BWP.BWPDL.{i}.PDCCH.DedicatedCtlResourceSet.{i}.DedicateCceRegMappingType,不在当前 TD-LTE SF 小区服务 catalog 白名单，属于旧扩展/私有/跨分组路径绑定
LST FAP_SERVICE,Device.Services.FAPService.{i}.CellConfig.{i}.NR.RAN.PHY.BWP.BWPDL.{i}.PDCCH.DedicatedCtlResourceSet.{i}.DedicateCceRegShiftIndex,不在当前 TD-LTE SF 小区服务 catalog 白名单，属于旧扩展/私有/跨分组路径绑定
LST FAP_SERVICE,Device.Services.FAPService.{i}.CellConfig.{i}.NR.RAN.PHY.BWP.BWPDL.{i}.PDCCH.DedicatedCtlResourceSet.{i}.DedicatedResourceSetId,不在当前 TD-LTE SF 小区服务 catalog 白名单，属于旧扩展/私有/跨分组路径绑定
LST FAP_SERVICE,Device.Services.FAPService.{i}.CellConfig.{i}.NR.RAN.PHY.BWP.BWPDL.{i}.PDCCH.DedicatedCtlResourceSet.{i}.DedicateDuration,不在当前 TD-LTE SF 小区服务 catalog 白名单，属于旧扩展/私有/跨分组路径绑定
LST FAP_SERVICE,Device.Services.FAPService.{i}.CellConfig.{i}.NR.RAN.PHY.BWP.BWPDL.{i}.PDCCH.DedicatedCtlResourceSet.{i}.DedicateFrequencyDomainResources,不在当前 TD-LTE SF 小区服务 catalog 白名单，属于旧扩展/私有/跨分组路径绑定
LST FAP_SERVICE,Device.Services.FAPService.{i}.CellConfig.{i}.NR.RAN.PHY.BWP.BWPDL.{i}.PDCCH.DedicatedCtlResourceSet.{i}.DedicatePrecoderGranularity,不在当前 TD-LTE SF 小区服务 catalog 白名单，属于旧扩展/私有/跨分组路径绑定
LST FAP_SERVICE,Device.Services.FAPService.{i}.CellConfig.{i}.NR.RAN.PHY.BWP.BWPDL.{i}.PDCCH.PDCCHConfigCommon.ControlResourceSetZero,不在当前 TD-LTE SF 小区服务 catalog 白名单，属于旧扩展/私有/跨分组路径绑定
LST FAP_SERVICE,Device.Services.FAPService.{i}.CellConfig.{i}.NR.RAN.PHY.BWP.BWPDL.{i}.PDCCH.PDCCHConfigCommon.PagingSearchSpace,不在当前 TD-LTE SF 小区服务 catalog 白名单，属于旧扩展/私有/跨分组路径绑定
LST FAP_SERVICE,Device.Services.FAPService.{i}.CellConfig.{i}.NR.RAN.PHY.BWP.BWPDL.{i}.PDCCH.PDCCHConfigCommon.RaSearchSpace,不在当前 TD-LTE SF 小区服务 catalog 白名单，属于旧扩展/私有/跨分组路径绑定
LST FAP_SERVICE,Device.Services.FAPService.{i}.CellConfig.{i}.NR.RAN.PHY.BWP.BWPDL.{i}.PDCCH.PDCCHConfigCommon.SearchSpaceOtherSystemInformation,不在当前 TD-LTE SF 小区服务 catalog 白名单，属于旧扩展/私有/跨分组路径绑定
LST FAP_SERVICE,Device.Services.FAPService.{i}.CellConfig.{i}.NR.RAN.PHY.BWP.BWPDL.{i}.PDCCH.PDCCHConfigCommon.SearchSpaceSIB1,不在当前 TD-LTE SF 小区服务 catalog 白名单，属于旧扩展/私有/跨分组路径绑定
LST FAP_SERVICE,Device.Services.FAPService.{i}.CellConfig.{i}.NR.RAN.PHY.BWP.BWPDL.{i}.PDCCH.PDCCHConfigCommon.SearchSpaceZero,不在当前 TD-LTE SF 小区服务 catalog 白名单，属于旧扩展/私有/跨分组路径绑定
LST FAP_SERVICE,Device.Services.FAPService.{i}.CellConfig.{i}.NR.RAN.PHY.BWP.BWPDL.{i}.PDSCH.PDSCHDedicatedTimeDomainResourceAllocationList.{i},不在当前 TD-LTE SF 小区服务 catalog 白名单，属于旧扩展/私有/跨分组路径绑定
LST FAP_SERVICE,Device.Services.FAPService.{i}.CellConfig.{i}.NR.RAN.PHY.BWP.BWPDL.{i}.PDSCH.PDSCHDedicatedTimeDomainResourceAllocationList.{i}.StartSymbolAndLength,不在当前 TD-LTE SF 小区服务 catalog 白名单，属于旧扩展/私有/跨分组路径绑定
LST FAP_SERVICE,Device.Services.FAPService.{i}.CellConfig.{i}.NR.RAN.PHY.BWP.BWPDL.{i}.PDSCH.PDSCHTimeDomainResourceAllocationList.{i},不在当前 TD-LTE SF 小区服务 catalog 白名单，属于旧扩展/私有/跨分组路径绑定
LST FAP_SERVICE,Device.Services.FAPService.{i}.CellConfig.{i}.NR.RAN.PHY.BWP.BWPDL.{i}.PDSCH.PDSCHTimeDomainResourceAllocationList.{i}.StartSymbolAndLength,不在当前 TD-LTE SF 小区服务 catalog 白名单，属于旧扩展/私有/跨分组路径绑定
LST FAP_SERVICE,Device.Services.FAPService.{i}.CellConfig.{i}.NR.RAN.PHY.BWP.BWPDL.{i}.PDschConfig.DmrsAdditionalPosition,不在当前 TD-LTE SF 小区服务 catalog 白名单，属于旧扩展/私有/跨分组路径绑定
LST FAP_SERVICE,Device.Services.FAPService.{i}.CellConfig.{i}.NR.RAN.PHY.BWP.BWPDL.{i}.PDschConfig.MaxMimoLayer,不在当前 TD-LTE SF 小区服务 catalog 白名单，属于旧扩展/私有/跨分组路径绑定
LST FAP_SERVICE,Device.Services.FAPService.{i}.CellConfig.{i}.NR.RAN.PHY.BWP.BWPDL.{i}.PDschConfig.McsTable,不在当前 TD-LTE SF 小区服务 catalog 白名单，属于旧扩展/私有/跨分组路径绑定
LST FAP_SERVICE,Device.Services.FAPService.{i}.CellConfig.{i}.NR.RAN.PHY.BWP.BWPDL.{i}.PMaxULPower,不在当前 TD-LTE SF 小区服务 catalog 白名单，属于旧扩展/私有/跨分组路径绑定
LST FAP_SERVICE,Device.Services.FAPService.{i}.CellConfig.{i}.NR.RAN.PHY.BWP.BWPDL.{i}.StartPrbPosition,不在当前 TD-LTE SF 小区服务 catalog 白名单，属于旧扩展/私有/跨分组路径绑定
LST FAP_SERVICE,Device.Services.FAPService.{i}.CellConfig.{i}.NR.RAN.PHY.BWP.BWPDL.{i}.SubcarrierSpacing,不在当前 TD-LTE SF 小区服务 catalog 白名单，属于旧扩展/私有/跨分组路径绑定
LST FAP_SERVICE,Device.Services.FAPService.{i}.CellConfig.{i}.NR.RAN.PHY.FrequencyInfoDLSIB.MultiFrequencyBandListNRSIB.{i}.FreqBandIndicatorNR,不在当前 TD-LTE SF 小区服务 catalog 白名单，属于旧扩展/私有/跨分组路径绑定
LST FAP_SERVICE,Device.Services.FAPService.{i}.CellConfig.{i}.NR.RAN.PHY.FrequencyInfoDLSIB.OffsetToPointA,不在当前 TD-LTE SF 小区服务 catalog 白名单，属于旧扩展/私有/跨分组路径绑定
LST FAP_SERVICE,Device.Services.FAPService.{i}.CellConfig.{i}.NR.RAN.PHY.FrequencyInfoDLSIB.ScsSpecificCarrierList.{i}.SCSSpecificCarrier.CarrierBandwidth,不在当前 TD-LTE SF 小区服务 catalog 白名单，属于旧扩展/私有/跨分组路径绑定
LST FAP_SERVICE,Device.Services.FAPService.{i}.CellConfig.{i}.NR.RAN.PHY.FrequencyInfoDLSIB.ScsSpecificCarrierList.{i}.SCSSpecificCarrier.SubcarrierSpacing,不在当前 TD-LTE SF 小区服务 catalog 白名单，属于旧扩展/私有/跨分组路径绑定
LST FAP_SERVICE,Device.Services.FAPService.{i}.CellConfig.{i}.NR.RAN.PHY.FrequencyInfoULSIB.ScsSpecificCarrierList.{i}.SCSSpecificCarrier.CarrierBandwidth,不在当前 TD-LTE SF 小区服务 catalog 白名单，属于旧扩展/私有/跨分组路径绑定
LST FAP_SERVICE,Device.Services.FAPService.{i}.CellConfig.{i}.NR.RAN.PHY.FrequencyInfoULSIB.ScsSpecificCarrierList.{i}.SCSSpecificCarrier.SubcarrierSpacing,不在当前 TD-LTE SF 小区服务 catalog 白名单，属于旧扩展/私有/跨分组路径绑定
LST FAP_SERVICE,Device.Services.FAPService.{i}.CellConfig.{i}.NR.RAN.PHY.SSB.SsbSubcarrierOffset,不在当前 TD-LTE SF 小区服务 catalog 白名单，属于旧扩展/私有/跨分组路径绑定
LST FAP_SERVICE,Device.Services.FAPService.{i}.CellConfig.{i}.NR.RAN.PHY.TddULDLConfigurationCommon.pattern1.DlULTransmissionPeriodicity,不在当前 TD-LTE SF 小区服务 catalog 白名单，属于旧扩展/私有/跨分组路径绑定
LST FAP_SERVICE,Device.Services.FAPService.{i}.CellConfig.{i}.NR.RAN.PHY.TddULDLConfigurationCommon.pattern1.NrofDownlinkSlots,不在当前 TD-LTE SF 小区服务 catalog 白名单，属于旧扩展/私有/跨分组路径绑定
LST FAP_SERVICE,Device.Services.FAPService.{i}.CellConfig.{i}.NR.RAN.PHY.TddULDLConfigurationCommon.pattern1.NrofDownlinkSymbols,不在当前 TD-LTE SF 小区服务 catalog 白名单，属于旧扩展/私有/跨分组路径绑定
LST FAP_SERVICE,Device.Services.FAPService.{i}.CellConfig.{i}.NR.RAN.PHY.TddULDLConfigurationCommon.pattern1.NrofUplinkSlots,不在当前 TD-LTE SF 小区服务 catalog 白名单，属于旧扩展/私有/跨分组路径绑定
LST FAP_SERVICE,Device.Services.FAPService.{i}.CellConfig.{i}.NR.RAN.PHY.TddULDLConfigurationCommon.pattern1.NrofUplinkSymbols,不在当前 TD-LTE SF 小区服务 catalog 白名单，属于旧扩展/私有/跨分组路径绑定
LST FAP_SERVICE,Device.Services.FAPService.{i}.CellConfig.{i}.NR.RAN.PHY.TddULDLConfigurationCommon.pattern2.DlULTransmissionPeriodicity,不在当前 TD-LTE SF 小区服务 catalog 白名单，属于旧扩展/私有/跨分组路径绑定
LST FAP_SERVICE,Device.Services.FAPService.{i}.CellConfig.{i}.NR.RAN.PHY.TddULDLConfigurationCommon.pattern2.NrofDownlinkSlots,不在当前 TD-LTE SF 小区服务 catalog 白名单，属于旧扩展/私有/跨分组路径绑定
LST FAP_SERVICE,Device.Services.FAPService.{i}.CellConfig.{i}.NR.RAN.PHY.TddULDLConfigurationCommon.pattern2.NrofDownlinkSymbols,不在当前 TD-LTE SF 小区服务 catalog 白名单，属于旧扩展/私有/跨分组路径绑定
LST FAP_SERVICE,Device.Services.FAPService.{i}.CellConfig.{i}.NR.RAN.PHY.TddULDLConfigurationCommon.pattern2.NrofUplinkSlots,不在当前 TD-LTE SF 小区服务 catalog 白名单，属于旧扩展/私有/跨分组路径绑定
LST FAP_SERVICE,Device.Services.FAPService.{i}.CellConfig.{i}.NR.RAN.PHY.TddULDLConfigurationCommon.pattern2.NrofUplinkSymbols,不在当前 TD-LTE SF 小区服务 catalog 白名单，属于旧扩展/私有/跨分组路径绑定
LST FAP_SERVICE,Device.Services.FAPService.{i}.CellConfig.{i}.NR.RAN.PowerMaxLimit,不在当前 TD-LTE SF 小区服务 catalog 白名单，属于旧扩展/私有/跨分组路径绑定
LST FAP_SERVICE,Device.Services.FAPService.{i}.CellConfig.{i}.NR.RAN.PowerMinLimit,不在当前 TD-LTE SF 小区服务 catalog 白名单，属于旧扩展/私有/跨分组路径绑定
LST FAP_SERVICE,Device.Services.FAPService.{i}.CellConfig.{i}.NR.RAN.PowerModify,不在当前 TD-LTE SF 小区服务 catalog 白名单，属于旧扩展/私有/跨分组路径绑定
LST FAP_SERVICE,Device.Services.FAPService.{i}.CellConfig.{i}.NR.RAN.QOS.{i},不在当前 TD-LTE SF 小区服务 catalog 白名单，属于旧扩展/私有/跨分组路径绑定
LST FAP_SERVICE,Device.Services.FAPService.{i}.CellConfig.{i}.NR.RAN.QOS.{i}.5QI,不在当前 TD-LTE SF 小区服务 catalog 白名单，属于旧扩展/私有/跨分组路径绑定
LST FAP_SERVICE,Device.Services.FAPService.{i}.CellConfig.{i}.NR.RAN.QOS.{i}.AllowedIntegrityAlgo,不在当前 TD-LTE SF 小区服务 catalog 白名单，属于旧扩展/私有/跨分组路径绑定
LST FAP_SERVICE,Device.Services.FAPService.{i}.CellConfig.{i}.NR.RAN.QOS.{i}.DiscardTimer,不在当前 TD-LTE SF 小区服务 catalog 白名单，属于旧扩展/私有/跨分组路径绑定
LST FAP_SERVICE,Device.Services.FAPService.{i}.CellConfig.{i}.NR.RAN.QOS.{i}.DlDataSplitThreshold,不在当前 TD-LTE SF 小区服务 catalog 白名单，属于旧扩展/私有/跨分组路径绑定
LST FAP_SERVICE,Device.Services.FAPService.{i}.CellConfig.{i}.NR.RAN.QOS.{i}.DrbInactivityTimerConfig,不在当前 TD-LTE SF 小区服务 catalog 白名单，属于旧扩展/私有/跨分组路径绑定
LST FAP_SERVICE,Device.Services.FAPService.{i}.CellConfig.{i}.NR.RAN.QOS.{i}.Dscp,不在当前 TD-LTE SF 小区服务 catalog 白名单，属于旧扩展/私有/跨分组路径绑定
LST FAP_SERVICE,Device.Services.FAPService.{i}.CellConfig.{i}.NR.RAN.QOS.{i}.Enable,不在当前 TD-LTE SF 小区服务 catalog 白名单，属于旧扩展/私有/跨分组路径绑定
LST FAP_SERVICE,Device.Services.FAPService.{i}.CellConfig.{i}.NR.RAN.QOS.{i}.EnableRohc,不在当前 TD-LTE SF 小区服务 catalog 白名单，属于旧扩展/私有/跨分组路径绑定
LST FAP_SERVICE,Device.Services.FAPService.{i}.CellConfig.{i}.NR.RAN.QOS.{i}.IsDefault,不在当前 TD-LTE SF 小区服务 catalog 白名单，属于旧扩展/私有/跨分组路径绑定
LST FAP_SERVICE,Device.Services.FAPService.{i}.CellConfig.{i}.NR.RAN.QOS.{i}.LongDrxCycle,不在当前 TD-LTE SF 小区服务 catalog 白名单，属于旧扩展/私有/跨分组路径绑定
LST FAP_SERVICE,Device.Services.FAPService.{i}.CellConfig.{i}.NR.RAN.QOS.{i}.MappingDrbIndex,不在当前 TD-LTE SF 小区服务 catalog 白名单，属于旧扩展/私有/跨分组路径绑定
LST FAP_SERVICE,Device.Services.FAPService.{i}.CellConfig.{i}.NR.RAN.QOS.{i}.MinBr,不在当前 TD-LTE SF 小区服务 catalog 白名单，属于旧扩展/私有/跨分组路径绑定
LST FAP_SERVICE,Device.Services.FAPService.{i}.CellConfig.{i}.NR.RAN.QOS.{i}.PdcpDuplicationActivated,不在当前 TD-LTE SF 小区服务 catalog 白名单，属于旧扩展/私有/跨分组路径绑定
LST FAP_SERVICE,Device.Services.FAPService.{i}.CellConfig.{i}.NR.RAN.QOS.{i}.PdcpSnSizeDl,不在当前 TD-LTE SF 小区服务 catalog 白名单，属于旧扩展/私有/跨分组路径绑定
LST FAP_SERVICE,Device.Services.FAPService.{i}.CellConfig.{i}.NR.RAN.QOS.{i}.PdcpSnSizeUl,不在当前 TD-LTE SF 小区服务 catalog 白名单，属于旧扩展/私有/跨分组路径绑定
LST FAP_SERVICE,Device.Services.FAPService.{i}.CellConfig.{i}.NR.RAN.QOS.{i}.PrimaryPath,不在当前 TD-LTE SF 小区服务 catalog 白名单，属于旧扩展/私有/跨分组路径绑定
LST FAP_SERVICE,Device.Services.FAPService.{i}.CellConfig.{i}.NR.RAN.QOS.{i}.PrimaryPathDl,不在当前 TD-LTE SF 小区服务 catalog 白名单，属于旧扩展/私有/跨分组路径绑定
LST FAP_SERVICE,Device.Services.FAPService.{i}.CellConfig.{i}.NR.RAN.QOS.{i}.Priority,不在当前 TD-LTE SF 小区服务 catalog 白名单，属于旧扩展/私有/跨分组路径绑定
LST FAP_SERVICE,Device.Services.FAPService.{i}.CellConfig.{i}.NR.RAN.QOS.{i}.RlcMode,不在当前 TD-LTE SF 小区服务 catalog 白名单，属于旧扩展/私有/跨分组路径绑定
LST FAP_SERVICE,Device.Services.FAPService.{i}.CellConfig.{i}.NR.RAN.QOS.{i}.RohcProfile0x0001,不在当前 TD-LTE SF 小区服务 catalog 白名单，属于旧扩展/私有/跨分组路径绑定
LST FAP_SERVICE,Device.Services.FAPService.{i}.CellConfig.{i}.NR.RAN.QOS.{i}.RohcProfile0x0002,不在当前 TD-LTE SF 小区服务 catalog 白名单，属于旧扩展/私有/跨分组路径绑定
LST FAP_SERVICE,Device.Services.FAPService.{i}.CellConfig.{i}.NR.RAN.QOS.{i}.RohcProfile0x0006,不在当前 TD-LTE SF 小区服务 catalog 白名单，属于旧扩展/私有/跨分组路径绑定
LST FAP_SERVICE,Device.Services.FAPService.{i}.CellConfig.{i}.NR.RAN.QOS.{i}.ShortDrxCycle,不在当前 TD-LTE SF 小区服务 catalog 白名单，属于旧扩展/私有/跨分组路径绑定
LST FAP_SERVICE,Device.Services.FAPService.{i}.CellConfig.{i}.NR.RAN.QOS.{i}.ShortDrxCycleTimer,不在当前 TD-LTE SF 小区服务 catalog 白名单，属于旧扩展/私有/跨分组路径绑定
LST FAP_SERVICE,Device.Services.FAPService.{i}.CellConfig.{i}.NR.RAN.QOS.{i}.SnFieldLengthAmDl,不在当前 TD-LTE SF 小区服务 catalog 白名单，属于旧扩展/私有/跨分组路径绑定
LST FAP_SERVICE,Device.Services.FAPService.{i}.CellConfig.{i}.NR.RAN.QOS.{i}.SnFieldLengthAmUl,不在当前 TD-LTE SF 小区服务 catalog 白名单，属于旧扩展/私有/跨分组路径绑定
LST FAP_SERVICE,Device.Services.FAPService.{i}.CellConfig.{i}.NR.RAN.QOS.{i}.SnFieldLengthUmDl,不在当前 TD-LTE SF 小区服务 catalog 白名单，属于旧扩展/私有/跨分组路径绑定
LST FAP_SERVICE,Device.Services.FAPService.{i}.CellConfig.{i}.NR.RAN.QOS.{i}.SnFieldLengthUmUl,不在当前 TD-LTE SF 小区服务 catalog 白名单，属于旧扩展/私有/跨分组路径绑定
LST FAP_SERVICE,Device.Services.FAPService.{i}.CellConfig.{i}.NR.RAN.QOS.{i}.StatusReportRequired,不在当前 TD-LTE SF 小区服务 catalog 白名单，属于旧扩展/私有/跨分组路径绑定
LST FAP_SERVICE,Device.Services.FAPService.{i}.CellConfig.{i}.NR.RAN.QOS.{i}.TReorderingPdcp,不在当前 TD-LTE SF 小区服务 catalog 白名单，属于旧扩展/私有/跨分组路径绑定
LST FAP_SERVICE,Device.Services.FAPService.{i}.CellConfig.{i}.NR.RAN.QOS.{i}.TReorderingUE,不在当前 TD-LTE SF 小区服务 catalog 白名单，属于旧扩展/私有/跨分组路径绑定
LST FAP_SERVICE,Device.Services.FAPService.{i}.CellConfig.{i}.NR.RAN.QOS.{i}.Type,不在当前 TD-LTE SF 小区服务 catalog 白名单，属于旧扩展/私有/跨分组路径绑定
LST FAP_SERVICE,Device.Services.FAPService.{i}.CellConfig.{i}.NR.RAN.QOS.{i}.UeInactivityTimerConfig,不在当前 TD-LTE SF 小区服务 catalog 白名单，属于旧扩展/私有/跨分组路径绑定
LST FAP_SERVICE,Device.Services.FAPService.{i}.CellConfig.{i}.NR.RAN.QOS.{i}.UlConfig,不在当前 TD-LTE SF 小区服务 catalog 白名单，属于旧扩展/私有/跨分组路径绑定
LST FAP_SERVICE,Device.Services.FAPService.{i}.CellConfig.{i}.NR.RAN.QOS.{i}.UlDataSplitThreshold,不在当前 TD-LTE SF 小区服务 catalog 白名单，属于旧扩展/私有/跨分组路径绑定
LST FAP_SERVICE,Device.Services.FAPService.{i}.CellConfig.{i}.NR.RAN.RF.NRARFCNDL,不在当前 TD-LTE SF 小区服务 catalog 白名单，属于旧扩展/私有/跨分组路径绑定
LST FAP_SERVICE,Device.Services.FAPService.{i}.CellConfig.{i}.NR.RAN.RF.NRARFCNUL,不在当前 TD-LTE SF 小区服务 catalog 白名单，属于旧扩展/私有/跨分组路径绑定
LST FAP_SERVICE,Device.Services.FAPService.{i}.CellConfig.{i}.NR.RAN.RF.PhyCellID,不在当前 TD-LTE SF 小区服务 catalog 白名单，属于旧扩展/私有/跨分组路径绑定
LST FAP_SERVICE,Device.Services.FAPService.{i}.CellConfig.{i}.NR.RAN.RF.SsbFrequency,不在当前 TD-LTE SF 小区服务 catalog 白名单，属于旧扩展/私有/跨分组路径绑定
LST FAP_SERVICE,Device.Services.FAPService.{i}.CellConfig.{i}.NR.RAN.rftxEnable,不在当前 TD-LTE SF 小区服务 catalog 白名单，属于旧扩展/私有/跨分组路径绑定
LST FAP_SERVICE,Device.Services.FAPService.{i}.CellConfig.{i}.NR.RrmLogConfig.OamLogFileCount,不在当前 TD-LTE SF 小区服务 catalog 白名单，属于旧扩展/私有/跨分组路径绑定
LST FAP_SERVICE,Device.Services.FAPService.{i}.CellConfig.{i}.NR.RrmLogConfig.OamLogFileSize,不在当前 TD-LTE SF 小区服务 catalog 白名单，属于旧扩展/私有/跨分组路径绑定
LST FAP_SERVICE,Device.Services.FAPService.{i}.CellConfig.{i}.NR.RrmLogConfig.OamShmSize,不在当前 TD-LTE SF 小区服务 catalog 白名单，属于旧扩展/私有/跨分组路径绑定
LST FAP_SERVICE,Device.Services.FAPService.{i}.CellConfig.{i}.NR.RrmLogConfig.RrmFileCount,不在当前 TD-LTE SF 小区服务 catalog 白名单，属于旧扩展/私有/跨分组路径绑定
LST FAP_SERVICE,Device.Services.FAPService.{i}.CellConfig.{i}.NR.RrmLogConfig.RrmLogFilesize,不在当前 TD-LTE SF 小区服务 catalog 白名单，属于旧扩展/私有/跨分组路径绑定
LST FAP_SERVICE,Device.Services.FAPService.{i}.CellConfig.{i}.NR.RrmLogConfig.RrmLogLevel,不在当前 TD-LTE SF 小区服务 catalog 白名单，属于旧扩展/私有/跨分组路径绑定
LST FAP_SERVICE,Device.Services.FAPService.{i}.CellConfig.{i}.NR.RrmLogConfig.RrmShmSize,不在当前 TD-LTE SF 小区服务 catalog 白名单，属于旧扩展/私有/跨分组路径绑定
LST FAP_SERVICE,Device.Services.FAPService.{i}.CellConfig.{i}.NrSibParams.{i}.Sib2Enable,不在当前 TD-LTE SF 小区服务 catalog 白名单，属于旧扩展/私有/跨分组路径绑定
LST FAP_SERVICE,Device.Services.FAPService.{i}.CellConfig.{i}.NrSibParams.{i}.Sib3Enable,不在当前 TD-LTE SF 小区服务 catalog 白名单，属于旧扩展/私有/跨分组路径绑定
LST FAP_SERVICE,Device.Services.FAPService.{i}.CellConfig.{i}.NrSibParams.{i}.Sib4Enable,不在当前 TD-LTE SF 小区服务 catalog 白名单，属于旧扩展/私有/跨分组路径绑定
LST FAP_SERVICE,Device.Services.FAPService.{i}.CellConfig.{i}.NrSibParams.{i}.Sib5Enable,不在当前 TD-LTE SF 小区服务 catalog 白名单，属于旧扩展/私有/跨分组路径绑定
LST FAP_SERVICE,Device.Services.FAPService.{i}.CellConfig.{i}.NrSibParams.{i}.Sib9DaylightsavingTime,不在当前 TD-LTE SF 小区服务 catalog 白名单，属于旧扩展/私有/跨分组路径绑定
LST FAP_SERVICE,Device.Services.FAPService.{i}.CellConfig.{i}.NrSibParams.{i}.Sib9Enable,不在当前 TD-LTE SF 小区服务 catalog 白名单，属于旧扩展/私有/跨分组路径绑定
LST FAP_SERVICE,Device.Services.FAPService.{i}.CellConfig.{i}.NrSibParams.{i}.Sib9Leapseconds,不在当前 TD-LTE SF 小区服务 catalog 白名单，属于旧扩展/私有/跨分组路径绑定
LST FAP_SERVICE,Device.Services.FAPService.{i}.CellConfig.LTE.MmePoolConfigParam.{i}.MMECode,不在当前 TD-LTE SF 小区服务 catalog 白名单，属于旧扩展/私有/跨分组路径绑定
LST FAP_SERVICE,Device.Services.FAPService.{i}.CellConfig.LTE.MmePoolConfigParam.{i}.MMEGroupID,不在当前 TD-LTE SF 小区服务 catalog 白名单，属于旧扩展/私有/跨分组路径绑定
LST FAP_SERVICE,Device.Services.FAPService.{i}.CellConfig.LTE.MmePoolConfigParam.{i}.MMEIp1,不在当前 TD-LTE SF 小区服务 catalog 白名单，属于旧扩展/私有/跨分组路径绑定
LST FAP_SERVICE,Device.Services.FAPService.{i}.CellConfig.LTE.MmePoolConfigParam.{i}.MMEIp2,不在当前 TD-LTE SF 小区服务 catalog 白名单，属于旧扩展/私有/跨分组路径绑定
LST FAP_SERVICE,Device.Services.FAPService.{i}.CellConfig.LTE.MmePoolConfigParam.{i}.PLMNID,不在当前 TD-LTE SF 小区服务 catalog 白名单，属于旧扩展/私有/跨分组路径绑定
LST FAP_SERVICE,Device.Services.FAPService.{i}.CellConfig.LTE.MocnConfigParam.{i},不在当前 TD-LTE SF 小区服务 catalog 白名单，属于旧扩展/私有/跨分组路径绑定
LST FAP_SERVICE,Device.Services.FAPService.{i}.CellConfig.LTE.MocnConfigParam.{i}.MMEIp,不在当前 TD-LTE SF 小区服务 catalog 白名单，属于旧扩展/私有/跨分组路径绑定
LST FAP_SERVICE,Device.Services.FAPService.{i}.CellConfig.LTE.MocnConfigParam.{i}.MMEStatus,不在当前 TD-LTE SF 小区服务 catalog 白名单，属于旧扩展/私有/跨分组路径绑定
LST FAP_SERVICE,Device.Services.FAPService.{i}.CellConfig.LTE.MocnConfigParam.{i}.PLMNID,不在当前 TD-LTE SF 小区服务 catalog 白名单，属于旧扩展/私有/跨分组路径绑定
LST FAP_SERVICE,Device.Services.FAPService.{i}.CellConfig.LTE.MocnConfigParam.{i}.S1CIfname,不在当前 TD-LTE SF 小区服务 catalog 白名单，属于旧扩展/私有/跨分组路径绑定
LST FAP_SERVICE,Device.Services.FAPService.{i}.CellConfig.LTE.MocnConfigParam.{i}.S1CIp,不在当前 TD-LTE SF 小区服务 catalog 白名单，属于旧扩展/私有/跨分组路径绑定
LST FAP_SERVICE,Device.Services.FAPService.{i}.CellConfig.LTE.MocnConfigParam.{i}.S1UIfname,不在当前 TD-LTE SF 小区服务 catalog 白名单，属于旧扩展/私有/跨分组路径绑定
LST FAP_SERVICE,Device.Services.FAPService.{i}.CellConfig.LTE.MocnConfigParam.{i}.S1UIp,不在当前 TD-LTE SF 小区服务 catalog 白名单，属于旧扩展/私有/跨分组路径绑定
LST FAP_SERVICE,Device.Services.FAPService.{i}.CellConfig.LTE.MultiIpsecConfigParam.{i},不在当前 TD-LTE SF 小区服务 catalog 白名单，属于旧扩展/私有/跨分组路径绑定
LST FAP_SERVICE,Device.Services.FAPService.{i}.CellConfig.LTE.MultiIpsecConfigParam.{i}.DpdAction,不在当前 TD-LTE SF 小区服务 catalog 白名单，属于旧扩展/私有/跨分组路径绑定
LST FAP_SERVICE,Device.Services.FAPService.{i}.CellConfig.LTE.MultiIpsecConfigParam.{i}.DpdDelay,不在当前 TD-LTE SF 小区服务 catalog 白名单，属于旧扩展/私有/跨分组路径绑定
LST FAP_SERVICE,Device.Services.FAPService.{i}.CellConfig.LTE.MultiIpsecConfigParam.{i}.Enable,不在当前 TD-LTE SF 小区服务 catalog 白名单，属于旧扩展/私有/跨分组路径绑定
LST FAP_SERVICE,Device.Services.FAPService.{i}.CellConfig.LTE.MultiIpsecConfigParam.{i}.EspAuthentication,不在当前 TD-LTE SF 小区服务 catalog 白名单，属于旧扩展/私有/跨分组路径绑定
LST FAP_SERVICE,Device.Services.FAPService.{i}.CellConfig.LTE.MultiIpsecConfigParam.{i}.EspDhGroup,不在当前 TD-LTE SF 小区服务 catalog 白名单，属于旧扩展/私有/跨分组路径绑定
LST FAP_SERVICE,Device.Services.FAPService.{i}.CellConfig.LTE.MultiIpsecConfigParam.{i}.EspenCryption,不在当前 TD-LTE SF 小区服务 catalog 白名单，属于旧扩展/私有/跨分组路径绑定
LST FAP_SERVICE,Device.Services.FAPService.{i}.CellConfig.LTE.MultiIpsecConfigParam.{i}.Fragmetation,不在当前 TD-LTE SF 小区服务 catalog 白名单，属于旧扩展/私有/跨分组路径绑定
LST FAP_SERVICE,Device.Services.FAPService.{i}.CellConfig.LTE.MultiIpsecConfigParam.{i}.IkeAuthentication,不在当前 TD-LTE SF 小区服务 catalog 白名单，属于旧扩展/私有/跨分组路径绑定
LST FAP_SERVICE,Device.Services.FAPService.{i}.CellConfig.LTE.MultiIpsecConfigParam.{i}.IkeDhGroup,不在当前 TD-LTE SF 小区服务 catalog 白名单，属于旧扩展/私有/跨分组路径绑定
LST FAP_SERVICE,Device.Services.FAPService.{i}.CellConfig.LTE.MultiIpsecConfigParam.{i}.IkeenCryption,不在当前 TD-LTE SF 小区服务 catalog 白名单，属于旧扩展/私有/跨分组路径绑定
LST FAP_SERVICE,Device.Services.FAPService.{i}.CellConfig.LTE.MultiIpsecConfigParam.{i}.IkeLifeTime,不在当前 TD-LTE SF 小区服务 catalog 白名单，属于旧扩展/私有/跨分组路径绑定
LST FAP_SERVICE,Device.Services.FAPService.{i}.CellConfig.LTE.MultiIpsecConfigParam.{i}.KeyLife,不在当前 TD-LTE SF 小区服务 catalog 白名单，属于旧扩展/私有/跨分组路径绑定
LST FAP_SERVICE,Device.Services.FAPService.{i}.CellConfig.LTE.MultiIpsecConfigParam.{i}.LeftAuth,不在当前 TD-LTE SF 小区服务 catalog 白名单，属于旧扩展/私有/跨分组路径绑定
LST FAP_SERVICE,Device.Services.FAPService.{i}.CellConfig.LTE.MultiIpsecConfigParam.{i}.LeftCert,不在当前 TD-LTE SF 小区服务 catalog 白名单，属于旧扩展/私有/跨分组路径绑定
LST FAP_SERVICE,Device.Services.FAPService.{i}.CellConfig.LTE.MultiIpsecConfigParam.{i}.LeftId,不在当前 TD-LTE SF 小区服务 catalog 白名单，属于旧扩展/私有/跨分组路径绑定
LST FAP_SERVICE,Device.Services.FAPService.{i}.CellConfig.LTE.MultiIpsecConfigParam.{i}.LeftIp,不在当前 TD-LTE SF 小区服务 catalog 白名单，属于旧扩展/私有/跨分组路径绑定
LST FAP_SERVICE,Device.Services.FAPService.{i}.CellConfig.LTE.MultiIpsecConfigParam.{i}.LeftSourceIp,不在当前 TD-LTE SF 小区服务 catalog 白名单，属于旧扩展/私有/跨分组路径绑定
LST FAP_SERVICE,Device.Services.FAPService.{i}.CellConfig.LTE.MultiIpsecConfigParam.{i}.LeftSubnet,不在当前 TD-LTE SF 小区服务 catalog 白名单，属于旧扩展/私有/跨分组路径绑定
LST FAP_SERVICE,Device.Services.FAPService.{i}.CellConfig.LTE.MultiIpsecConfigParam.{i}.ReKeyMargin,不在当前 TD-LTE SF 小区服务 catalog 白名单，属于旧扩展/私有/跨分组路径绑定
LST FAP_SERVICE,Device.Services.FAPService.{i}.CellConfig.LTE.MultiIpsecConfigParam.{i}.Right,不在当前 TD-LTE SF 小区服务 catalog 白名单，属于旧扩展/私有/跨分组路径绑定
LST FAP_SERVICE,Device.Services.FAPService.{i}.CellConfig.LTE.MultiIpsecConfigParam.{i}.RightAuth,不在当前 TD-LTE SF 小区服务 catalog 白名单，属于旧扩展/私有/跨分组路径绑定
LST FAP_SERVICE,Device.Services.FAPService.{i}.CellConfig.LTE.MultiIpsecConfigParam.{i}.RightId,不在当前 TD-LTE SF 小区服务 catalog 白名单，属于旧扩展/私有/跨分组路径绑定
LST FAP_SERVICE,Device.Services.FAPService.{i}.CellConfig.LTE.MultiIpsecConfigParam.{i}.RightSubnet,不在当前 TD-LTE SF 小区服务 catalog 白名单，属于旧扩展/私有/跨分组路径绑定
LST FAP_SERVICE,Device.Services.FAPService.{i}.CellConfig.LTE.MultiIpsecConfigParam.{i}.SecretKey,不在当前 TD-LTE SF 小区服务 catalog 白名单，属于旧扩展/私有/跨分组路径绑定
LST FAP_SERVICE,Device.Services.FAPService.{i}.CellConfig.LTE.MultiIpsecConfigParam.{i}.TunnelName,不在当前 TD-LTE SF 小区服务 catalog 白名单，属于旧扩展/私有/跨分组路径绑定
LST FAP_SERVICE,Device.Services.FAPService.{i}.CellConfig.LTE.RAN.CA.CaEnable,不在当前 TD-LTE SF 小区服务 catalog 白名单，属于旧扩展/私有/跨分组路径绑定
LST FAP_SERVICE,Device.Services.FAPService.{i}.CellConfig.LTE.RAN.CA.PARAMS.CARRIER_MODE,不在当前 TD-LTE SF 小区服务 catalog 白名单，属于旧扩展/私有/跨分组路径绑定
LST FAP_SERVICE,Device.Services.FAPService.{i}.CellConfig.LTE.RAN.CA.PARAMS.NumOfCells,不在当前 TD-LTE SF 小区服务 catalog 白名单，属于旧扩展/私有/跨分组路径绑定
LST FAP_SERVICE,Device.Services.FAPService.{i}.CellConfig.LTE.RAN.NeighborList.5GCell.{i}.CellId,不在当前 TD-LTE SF 小区服务 catalog 白名单，属于旧扩展/私有/跨分组路径绑定
LST FAP_SERVICE,Device.Services.FAPService.{i}.CellConfig.LTE.RAN.NeighborList.5GCell.{i}.GnbId,不在当前 TD-LTE SF 小区服务 catalog 白名单，属于旧扩展/私有/跨分组路径绑定
LST FAP_SERVICE,Device.Services.FAPService.{i}.CellConfig.LTE.RAN.NeighborList.5GCell.{i}.GnbIdLength,不在当前 TD-LTE SF 小区服务 catalog 白名单，属于旧扩展/私有/跨分组路径绑定
LST FAP_SERVICE,Device.Services.FAPService.{i}.CellConfig.LTE.RAN.NeighborList.5GCell.{i}.PCI,不在当前 TD-LTE SF 小区服务 catalog 白名单，属于旧扩展/私有/跨分组路径绑定
LST FAP_SERVICE,Device.Services.FAPService.{i}.CellConfig.LTE.RAN.NeighborList.5GCell.{i}.PLMNID,不在当前 TD-LTE SF 小区服务 catalog 白名单，属于旧扩展/私有/跨分组路径绑定
LST FAP_SERVICE,Device.Services.FAPService.{i}.CellConfig.LTE.RAN.NeighborList.5GCell.{i}.QOFFSET,不在当前 TD-LTE SF 小区服务 catalog 白名单，属于旧扩展/私有/跨分组路径绑定
LST FAP_SERVICE,Device.Services.FAPService.{i}.CellConfig.LTE.RAN.NeighborList.5GCell.{i}.SSB,不在当前 TD-LTE SF 小区服务 catalog 白名单，属于旧扩展/私有/跨分组路径绑定
LST FAP_SERVICE,Device.Services.FAPService.{i}.CellConfig.LTE.RAN.NeighborList.5GCell.{i}.TAC,不在当前 TD-LTE SF 小区服务 catalog 白名单，属于旧扩展/私有/跨分组路径绑定
LST FAP_SERVICE,Device.Services.FAPService.{i}.CellConfig.LTE.RAN.NeighborListInUse.LTECell.{i}.Blacklisted,不在当前 TD-LTE SF 小区服务 catalog 白名单，属于旧扩展/私有/跨分组路径绑定
LST FAP_SERVICE,Device.Services.FAPService.{i}.CellConfig.LTE.RAN.NeighborListInUse.LTECell.{i}.CID,不在当前 TD-LTE SF 小区服务 catalog 白名单，属于旧扩展/私有/跨分组路径绑定
LST FAP_SERVICE,Device.Services.FAPService.{i}.CellConfig.LTE.RAN.NeighborListInUse.LTECell.{i}.CIO,不在当前 TD-LTE SF 小区服务 catalog 白名单，属于旧扩展/私有/跨分组路径绑定
LST FAP_SERVICE,Device.Services.FAPService.{i}.CellConfig.LTE.RAN.NeighborListInUse.LTECell.{i}.EUTRACarrierARFCN,不在当前 TD-LTE SF 小区服务 catalog 白名单，属于旧扩展/私有/跨分组路径绑定
LST FAP_SERVICE,Device.Services.FAPService.{i}.CellConfig.LTE.RAN.NeighborListInUse.LTECell.{i}.PhyCellID,不在当前 TD-LTE SF 小区服务 catalog 白名单，属于旧扩展/私有/跨分组路径绑定
LST FAP_SERVICE,Device.Services.FAPService.{i}.CellConfig.LTE.RAN.NeighborListInUse.LTECell.{i}.PLMNID,不在当前 TD-LTE SF 小区服务 catalog 白名单，属于旧扩展/私有/跨分组路径绑定
LST FAP_SERVICE,Device.Services.FAPService.{i}.CellConfig.LTE.RAN.NeighborListInUse.LTECell.{i}.QOffset,不在当前 TD-LTE SF 小区服务 catalog 白名单，属于旧扩展/私有/跨分组路径绑定
LST FAP_SERVICE,Device.Services.FAPService.{i}.CellConfig.LTE.RAN.NeighborListInUse.LTECell.{i}.RSTxPower,不在当前 TD-LTE SF 小区服务 catalog 白名单，属于旧扩展/私有/跨分组路径绑定
LST FAP_SERVICE,Device.Services.FAPService.{i}.CellConfig.LTE.RAN.NeighborListInUse.LTECell.{i}.X_RADISYS_COM_IN_USE_ACCES_MODE,不在当前 TD-LTE SF 小区服务 catalog 白名单，属于旧扩展/私有/跨分组路径绑定
LST FAP_SERVICE,Device.Services.FAPService.{i}.CellConfig.LTE.RAN.NeighborListInUse.LTECell.{i}.X_RADISYS_COM_IN_USE_CP_DL,不在当前 TD-LTE SF 小区服务 catalog 白名单，属于旧扩展/私有/跨分组路径绑定
LST FAP_SERVICE,Device.Services.FAPService.{i}.CellConfig.LTE.RAN.NeighborListInUse.LTECell.{i}.X_RADISYS_COM_IN_USE_CP_UL,不在当前 TD-LTE SF 小区服务 catalog 白名单，属于旧扩展/私有/跨分组路径绑定
LST FAP_SERVICE,Device.Services.FAPService.{i}.CellConfig.LTE.RAN.NeighborListInUse.LTECell.{i}.X_RADISYS_COM_IN_USE_CSGId,不在当前 TD-LTE SF 小区服务 catalog 白名单，属于旧扩展/私有/跨分组路径绑定
LST FAP_SERVICE,Device.Services.FAPService.{i}.CellConfig.LTE.RAN.NeighborListInUse.LTECell.{i}.X_RADISYS_COM_IN_USE_CSGIndicator,不在当前 TD-LTE SF 小区服务 catalog 白名单，属于旧扩展/私有/跨分组路径绑定
LST FAP_SERVICE,Device.Services.FAPService.{i}.CellConfig.LTE.RAN.NeighborListInUse.LTECell.{i}.X_RADISYS_COM_IN_USE_DL_BW,不在当前 TD-LTE SF 小区服务 catalog 白名单，属于旧扩展/私有/跨分组路径绑定
LST FAP_SERVICE,Device.Services.FAPService.{i}.CellConfig.LTE.RAN.NeighborListInUse.LTECell.{i}.X_RADISYS_COM_IN_USE_EUTRAULEarfcn,不在当前 TD-LTE SF 小区服务 catalog 白名单，属于旧扩展/私有/跨分组路径绑定
LST FAP_SERVICE,Device.Services.FAPService.{i}.CellConfig.LTE.RAN.NeighborListInUse.LTECell.{i}.X_RADISYS_COM_IN_USE_IntraFreqNeighPCI,不在当前 TD-LTE SF 小区服务 catalog 白名单，属于旧扩展/私有/跨分组路径绑定
LST FAP_SERVICE,Device.Services.FAPService.{i}.CellConfig.LTE.RAN.NeighborListInUse.LTECell.{i}.X_RADISYS_COM_IN_USE_IsBarred,不在当前 TD-LTE SF 小区服务 catalog 白名单，属于旧扩展/私有/跨分组路径绑定
LST FAP_SERVICE,Device.Services.FAPService.{i}.CellConfig.LTE.RAN.NeighborListInUse.LTECell.{i}.X_RADISYS_COM_IN_USE_LteBand,不在当前 TD-LTE SF 小区服务 catalog 白名单，属于旧扩展/私有/跨分组路径绑定
LST FAP_SERVICE,Device.Services.FAPService.{i}.CellConfig.LTE.RAN.NeighborListInUse.LTECell.{i}.X_RADISYS_COM_IN_USE_NUM_ANTENNA,不在当前 TD-LTE SF 小区服务 catalog 白名单，属于旧扩展/私有/跨分组路径绑定
LST FAP_SERVICE,Device.Services.FAPService.{i}.CellConfig.LTE.RAN.NeighborListInUse.LTECell.{i}.X_RADISYS_COM_IN_USE_PrachCfgPresent,不在当前 TD-LTE SF 小区服务 catalog 白名单，属于旧扩展/私有/跨分组路径绑定
LST FAP_SERVICE,Device.Services.FAPService.{i}.CellConfig.LTE.RAN.NeighborListInUse.LTECell.{i}.X_RADISYS_COM_IN_USE_PrachConfigIndex,不在当前 TD-LTE SF 小区服务 catalog 白名单，属于旧扩展/私有/跨分组路径绑定
LST FAP_SERVICE,Device.Services.FAPService.{i}.CellConfig.LTE.RAN.NeighborListInUse.LTECell.{i}.X_RADISYS_COM_IN_USE_PrachFrqOffset,不在当前 TD-LTE SF 小区服务 catalog 白名单，属于旧扩展/私有/跨分组路径绑定
LST FAP_SERVICE,Device.Services.FAPService.{i}.CellConfig.LTE.RAN.NeighborListInUse.LTECell.{i}.X_RADISYS_COM_IN_USE_PrachHighSpeedFlag,不在当前 TD-LTE SF 小区服务 catalog 白名单，属于旧扩展/私有/跨分组路径绑定
LST FAP_SERVICE,Device.Services.FAPService.{i}.CellConfig.LTE.RAN.NeighborListInUse.LTECell.{i}.X_RADISYS_COM_IN_USE_PrachRootSeqIdx,不在当前 TD-LTE SF 小区服务 catalog 白名单，属于旧扩展/私有/跨分组路径绑定
LST FAP_SERVICE,Device.Services.FAPService.{i}.CellConfig.LTE.RAN.NeighborListInUse.LTECell.{i}.X_RADISYS_COM_IN_USE_PrachZeroCorrelationZoneConfig,不在当前 TD-LTE SF 小区服务 catalog 白名单，属于旧扩展/私有/跨分组路径绑定
LST FAP_SERVICE,Device.Services.FAPService.{i}.CellConfig.LTE.RAN.NeighborListInUse.LTECell.{i}.X_RADISYS_COM_IN_USE_RSRP,不在当前 TD-LTE SF 小区服务 catalog 白名单，属于旧扩展/私有/跨分组路径绑定
LST FAP_SERVICE,Device.Services.FAPService.{i}.CellConfig.LTE.RAN.NeighborListInUse.LTECell.{i}.X_RADISYS_COM_IN_USE_RSSI,不在当前 TD-LTE SF 小区服务 catalog 白名单，属于旧扩展/私有/跨分组路径绑定
LST FAP_SERVICE,Device.Services.FAPService.{i}.CellConfig.LTE.RAN.NeighborListInUse.LTECell.{i}.X_RADISYS_COM_IN_USE_SPL_SF_CFG,不在当前 TD-LTE SF 小区服务 catalog 白名单，属于旧扩展/私有/跨分组路径绑定
LST FAP_SERVICE,Device.Services.FAPService.{i}.CellConfig.LTE.RAN.NeighborListInUse.LTECell.{i}.X_RADISYS_COM_IN_USE_TAC,不在当前 TD-LTE SF 小区服务 catalog 白名单，属于旧扩展/私有/跨分组路径绑定
LST FAP_SERVICE,Device.Services.FAPService.{i}.CellConfig.LTE.RAN.NeighborListInUse.LTECell.{i}.X_RADISYS_COM_IN_USE_UL_BW,不在当前 TD-LTE SF 小区服务 catalog 白名单，属于旧扩展/私有/跨分组路径绑定
LST FAP_SERVICE,Device.Services.FAPService.{i}.CellConfig.LTE.RAN.NeighborListInUse.LTECell.{i}.X_RADISYS_COM_IN_USE_ULDL_SUB_FRM_CFG,不在当前 TD-LTE SF 小区服务 catalog 白名单，属于旧扩展/私有/跨分组路径绑定
LST FAP_SERVICE,Device.Services.FAPService.{i}.CellConfig.LTE.RAN.PHY.AntennaInfo.AntennaPortsCount,不在当前 TD-LTE SF 小区服务 catalog 白名单，属于旧扩展/私有/跨分组路径绑定
LST FAP_SERVICE,Device.Services.FAPService.{i}.CellConfig.LTE.RAN.PHY.AntennaInfo.Multiplex,不在当前 TD-LTE SF 小区服务 catalog 白名单，属于旧扩展/私有/跨分组路径绑定
LST FAP_SERVICE,Device.Services.FAPService.{i}.CellConfig.LTE.RAN.RF.AdminCellState,不在当前 TD-LTE SF 小区服务 catalog 白名单，属于旧扩展/私有/跨分组路径绑定
LST FAP_SERVICE,Device.Services.FAPService.{i}.CellConfig.LTE.RAN.RF.EnbCellType,不在当前 TD-LTE SF 小区服务 catalog 白名单，属于旧扩展/私有/跨分组路径绑定
LST FAP_SERVICE,Device.Services.FAPService.{i}.CellConfig.LTE.RAN.RF.ForceRadioEnable,不在当前 TD-LTE SF 小区服务 catalog 白名单，属于旧扩展/私有/跨分组路径绑定
LST FAP_SERVICE,Device.Services.FAPService.{i}.CellConfig.LTE.RAN.RF.LteCellWithRuList,不在当前 TD-LTE SF 小区服务 catalog 白名单，属于旧扩展/私有/跨分组路径绑定
LST FAP_SERVICE,Device.Services.FAPService.{i}.CellConfig.LTE.RAN.RF.X_COM_MaxTxPowerExpanded,不在当前 TD-LTE SF 小区服务 catalog 白名单，属于旧扩展/私有/跨分组路径绑定
LST FAP_SERVICE,Device.Services.FAPService.{i}.CellConfig.LTE.RAN.RF.X_COM_RadioEnable,不在当前 TD-LTE SF 小区服务 catalog 白名单，属于旧扩展/私有/跨分组路径绑定
LST FAP_SERVICE,Device.Services.FAPService.{i}.CellConfig.LTE.RAN.RRCTimers.T304,不在当前 TD-LTE SF 小区服务 catalog 白名单，属于旧扩展/私有/跨分组路径绑定
LST FAP_SERVICE,Device.Services.FAPService.{i}.CellConfig.LTE.RAN.RRCTimers.T319,不在当前 TD-LTE SF 小区服务 catalog 白名单，属于旧扩展/私有/跨分组路径绑定
LST FAP_SERVICE,Device.Services.FAPService.{i}.CellConfig.LTE.S1U.{i}.FarIpSubnetworkList,不在当前 TD-LTE SF 小区服务 catalog 白名单，属于旧扩展/私有/跨分组路径绑定
LST FAP_SERVICE,Device.Services.FAPService.{i}.CellConfig.LTE.S1U.{i}.LocIpAddrList,不在当前 TD-LTE SF 小区服务 catalog 白名单，属于旧扩展/私有/跨分组路径绑定
LST FAP_SERVICE,Device.Services.FAPService.{i}.FAPControl.AUTO_START_ENABLE,不在当前 TD-LTE SF 小区服务 catalog 白名单，属于旧扩展/私有/跨分组路径绑定
LST FAP_SERVICE,Device.Services.FAPService.{i}.FAPControl.CONFIG_STATS_FLOW.STATS_FLOW_SWITCH,不在当前 TD-LTE SF 小区服务 catalog 白名单，属于旧扩展/私有/跨分组路径绑定
LST FAP_SERVICE,Device.Services.FAPService.{i}.FAPControl.CONFIG_STATS_FLOW.STATS_FLOW_UPLOAD_ADDRESS,不在当前 TD-LTE SF 小区服务 catalog 白名单，属于旧扩展/私有/跨分组路径绑定
LST FAP_SERVICE,Device.Services.FAPService.{i}.FAPControl.CONFIG_STATS_FLOW.STATS_FLOW_UPLOAD_INTERVAL,不在当前 TD-LTE SF 小区服务 catalog 白名单，属于旧扩展/私有/跨分组路径绑定
LST FAP_SERVICE,Device.Services.FAPService.{i}.FAPControl.EciAutoEnable,不在当前 TD-LTE SF 小区服务 catalog 白名单，属于旧扩展/私有/跨分组路径绑定
LST FAP_SERVICE,Device.Services.FAPService.{i}.FAPControl.EMBEDDED_EPC.L2.Apn.{i}.apnDefault,不在当前 TD-LTE SF 小区服务 catalog 白名单，属于旧扩展/私有/跨分组路径绑定
LST FAP_SERVICE,Device.Services.FAPService.{i}.FAPControl.EMBEDDED_EPC.L2.Apn.{i}.apnName,不在当前 TD-LTE SF 小区服务 catalog 白名单，属于旧扩展/私有/跨分组路径绑定
LST FAP_SERVICE,Device.Services.FAPService.{i}.FAPControl.EMBEDDED_EPC.L2.Apn.{i}.apnType,不在当前 TD-LTE SF 小区服务 catalog 白名单，属于旧扩展/私有/跨分组路径绑定
LST FAP_SERVICE,Device.Services.FAPService.{i}.FAPControl.EMBEDDED_EPC.L2.Apn.{i}.apnVlanId,不在当前 TD-LTE SF 小区服务 catalog 白名单，属于旧扩展/私有/跨分组路径绑定
LST FAP_SERVICE,Device.Services.FAPService.{i}.FAPControl.EMBEDDED_EPC.L2.VxLan.{i}.id,不在当前 TD-LTE SF 小区服务 catalog 白名单，属于旧扩展/私有/跨分组路径绑定
LST FAP_SERVICE,Device.Services.FAPService.{i}.FAPControl.Halob.L2.Apn.{i}.apnDefault,不在当前 TD-LTE SF 小区服务 catalog 白名单，属于旧扩展/私有/跨分组路径绑定
LST FAP_SERVICE,Device.Services.FAPService.{i}.FAPControl.Halob.L2.Apn.{i}.apnName,不在当前 TD-LTE SF 小区服务 catalog 白名单，属于旧扩展/私有/跨分组路径绑定
LST FAP_SERVICE,Device.Services.FAPService.{i}.FAPControl.Halob.L2.Apn.{i}.apnType,不在当前 TD-LTE SF 小区服务 catalog 白名单，属于旧扩展/私有/跨分组路径绑定
LST FAP_SERVICE,Device.Services.FAPService.{i}.FAPControl.Halob.L2.Apn.{i}.apnVlanId,不在当前 TD-LTE SF 小区服务 catalog 白名单，属于旧扩展/私有/跨分组路径绑定
LST FAP_SERVICE,Device.Services.FAPService.{i}.FAPControl.Halob.L2.l2TunnelEnable,不在当前 TD-LTE SF 小区服务 catalog 白名单，属于旧扩展/私有/跨分组路径绑定
LST FAP_SERVICE,Device.Services.FAPService.{i}.FAPControl.Halob.L2.l2TunnelIp,不在当前 TD-LTE SF 小区服务 catalog 白名单，属于旧扩展/私有/跨分组路径绑定
LST FAP_SERVICE,Device.Services.FAPService.{i}.FAPControl.Halob.L2.l2TunnelMode,不在当前 TD-LTE SF 小区服务 catalog 白名单，属于旧扩展/私有/跨分组路径绑定
LST FAP_SERVICE,Device.Services.FAPService.{i}.FAPControl.Halob.L2.VxLan.{i}.apnName,不在当前 TD-LTE SF 小区服务 catalog 白名单，属于旧扩展/私有/跨分组路径绑定
LST FAP_SERVICE,Device.Services.FAPService.{i}.FAPControl.Halob.L2.VxLan.{i}.id,不在当前 TD-LTE SF 小区服务 catalog 白名单，属于旧扩展/私有/跨分组路径绑定
LST FAP_SERVICE,Device.Services.FAPService.{i}.FAPControl.LTE.AdminState,不在当前 TD-LTE SF 小区服务 catalog 白名单，属于旧扩展/私有/跨分组路径绑定
LST FAP_SERVICE,Device.Services.FAPService.{i}.FAPControl.LTE.Gateway.AGPort1,不在当前 TD-LTE SF 小区服务 catalog 白名单，属于旧扩展/私有/跨分组路径绑定
LST FAP_SERVICE,Device.Services.FAPService.{i}.FAPControl.LTE.Gateway.AGPort2,不在当前 TD-LTE SF 小区服务 catalog 白名单，属于旧扩展/私有/跨分组路径绑定
LST FAP_SERVICE,Device.Services.FAPService.{i}.FAPControl.LTE.Gateway.AGPort3,不在当前 TD-LTE SF 小区服务 catalog 白名单，属于旧扩展/私有/跨分组路径绑定
LST FAP_SERVICE,Device.Services.FAPService.{i}.FAPControl.LTE.Gateway.AGServerEnable,不在当前 TD-LTE SF 小区服务 catalog 白名单，属于旧扩展/私有/跨分组路径绑定
LST FAP_SERVICE,Device.Services.FAPService.{i}.FAPControl.LTE.Gateway.AGServerIp1,不在当前 TD-LTE SF 小区服务 catalog 白名单，属于旧扩展/私有/跨分组路径绑定
LST FAP_SERVICE,Device.Services.FAPService.{i}.FAPControl.LTE.Gateway.AGServerIp2,不在当前 TD-LTE SF 小区服务 catalog 白名单，属于旧扩展/私有/跨分组路径绑定
LST FAP_SERVICE,Device.Services.FAPService.{i}.FAPControl.LTE.Gateway.AGServerIp3,不在当前 TD-LTE SF 小区服务 catalog 白名单，属于旧扩展/私有/跨分组路径绑定
LST FAP_SERVICE,Device.Services.FAPService.{i}.FAPControl.LTE.Gateway.ExistPlmnidList,不在当前 TD-LTE SF 小区服务 catalog 白名单，属于旧扩展/私有/跨分组路径绑定
LST FAP_SERVICE,Device.Services.FAPService.{i}.FAPControl.LTE.Gateway.MmePool.Enable,不在当前 TD-LTE SF 小区服务 catalog 白名单，属于旧扩展/私有/跨分组路径绑定
LST FAP_SERVICE,Device.Services.FAPService.{i}.FAPControl.LTE.Gateway.MmePool.MmePool1IpsecAddr,不在当前 TD-LTE SF 小区服务 catalog 白名单，属于旧扩展/私有/跨分组路径绑定
LST FAP_SERVICE,Device.Services.FAPService.{i}.FAPControl.LTE.Gateway.MmePool.MmePool1List,不在当前 TD-LTE SF 小区服务 catalog 白名单，属于旧扩展/私有/跨分组路径绑定
LST FAP_SERVICE,Device.Services.FAPService.{i}.FAPControl.LTE.Gateway.MmePool.MmePool1Status,不在当前 TD-LTE SF 小区服务 catalog 白名单，属于旧扩展/私有/跨分组路径绑定
LST FAP_SERVICE,Device.Services.FAPService.{i}.FAPControl.LTE.Gateway.MmePool.MmePool2IpsecAddr,不在当前 TD-LTE SF 小区服务 catalog 白名单，属于旧扩展/私有/跨分组路径绑定
LST FAP_SERVICE,Device.Services.FAPService.{i}.FAPControl.LTE.Gateway.MmePool.MmePool2List,不在当前 TD-LTE SF 小区服务 catalog 白名单，属于旧扩展/私有/跨分组路径绑定
LST FAP_SERVICE,Device.Services.FAPService.{i}.FAPControl.LTE.Gateway.MmePool.MmePool2Status,不在当前 TD-LTE SF 小区服务 catalog 白名单，属于旧扩展/私有/跨分组路径绑定
LST FAP_SERVICE,Device.Services.FAPService.{i}.FAPControl.LTE.Gateway.MmePool.MmePoolListMapIpsecTunnel,不在当前 TD-LTE SF 小区服务 catalog 白名单，属于旧扩展/私有/跨分组路径绑定
LST FAP_SERVICE,Device.Services.FAPService.{i}.FAPControl.LTE.Gateway.MultiS1ConnectionMode,不在当前 TD-LTE SF 小区服务 catalog 白名单，属于旧扩展/私有/跨分组路径绑定
LST FAP_SERVICE,Device.Services.FAPService.{i}.FAPControl.LTE.Gateway.S1ConnectionMode,不在当前 TD-LTE SF 小区服务 catalog 白名单，属于旧扩展/私有/跨分组路径绑定
LST FAP_SERVICE,Device.Services.FAPService.{i}.FAPControl.LTE.Gateway.S1SigLinkPort,不在当前 TD-LTE SF 小区服务 catalog 白名单，属于旧扩展/私有/跨分组路径绑定
LST FAP_SERVICE,Device.Services.FAPService.{i}.FAPControl.LTE.Gateway.S1SigLinkServerList,不在当前 TD-LTE SF 小区服务 catalog 白名单，属于旧扩展/私有/跨分组路径绑定
LST FAP_SERVICE,Device.Services.FAPService.{i}.FAPControl.LTE.Gateway.SecGWServer1,不在当前 TD-LTE SF 小区服务 catalog 白名单，属于旧扩展/私有/跨分组路径绑定
LST FAP_SERVICE,Device.Services.FAPService.{i}.FAPControl.LTE.Gateway.SecGWServer2,不在当前 TD-LTE SF 小区服务 catalog 白名单，属于旧扩展/私有/跨分组路径绑定
LST FAP_SERVICE,Device.Services.FAPService.{i}.FAPControl.LTE.Gateway.SecGWServer3,不在当前 TD-LTE SF 小区服务 catalog 白名单，属于旧扩展/私有/跨分组路径绑定
LST FAP_SERVICE,Device.Services.FAPService.{i}.FAPControl.LTE.HSS.APN,不在当前 TD-LTE SF 小区服务 catalog 白名单，属于旧扩展/私有/跨分组路径绑定
LST FAP_SERVICE,Device.Services.FAPService.{i}.FAPControl.LTE.HSS.HaloBEnableState,不在当前 TD-LTE SF 小区服务 catalog 白名单，属于旧扩展/私有/跨分组路径绑定
LST FAP_SERVICE,Device.Services.FAPService.{i}.FAPControl.LTE.HSS.HaloBMode,不在当前 TD-LTE SF 小区服务 catalog 白名单，属于旧扩展/私有/跨分组路径绑定
LST FAP_SERVICE,Device.Services.FAPService.{i}.FAPControl.LTE.HSS.IMS,不在当前 TD-LTE SF 小区服务 catalog 白名单，属于旧扩展/私有/跨分组路径绑定
LST FAP_SERVICE,Device.Services.FAPService.{i}.FAPControl.LTE.HSS.IMSI,不在当前 TD-LTE SF 小区服务 catalog 白名单，属于旧扩展/私有/跨分组路径绑定
LST FAP_SERVICE,Device.Services.FAPService.{i}.FAPControl.LTE.HSS.RequestApnEnable,不在当前 TD-LTE SF 小区服务 catalog 白名单，属于旧扩展/私有/跨分组路径绑定
LST FAP_SERVICE,Device.Services.FAPService.{i}.FAPControl.LTE.HSS.RequestX2Related,不在当前 TD-LTE SF 小区服务 catalog 白名单，属于旧扩展/私有/跨分组路径绑定
LST FAP_SERVICE,Device.Services.FAPService.{i}.FAPControl.LTE.HSS.SubInfoList.{i}.APNINFO,不在当前 TD-LTE SF 小区服务 catalog 白名单，属于旧扩展/私有/跨分组路径绑定
LST FAP_SERVICE,Device.Services.FAPService.{i}.FAPControl.LTE.HSS.SubInfoList.{i}.IMSINFO,不在当前 TD-LTE SF 小区服务 catalog 白名单，属于旧扩展/私有/跨分组路径绑定
LST FAP_SERVICE,Device.Services.FAPService.{i}.FAPControl.LTE.HSS.SubInfoList.{i}.SUBINFO,不在当前 TD-LTE SF 小区服务 catalog 白名单，属于旧扩展/私有/跨分组路径绑定
LST FAP_SERVICE,Device.Services.FAPService.{i}.FAPControl.LTE.HSS.X2RelatedParameters,不在当前 TD-LTE SF 小区服务 catalog 白名单，属于旧扩展/私有/跨分组路径绑定
LST FAP_SERVICE,Device.Services.FAPService.{i}.FAPControl.LTE.InUse,不在当前 TD-LTE SF 小区服务 catalog 白名单，属于旧扩展/私有/跨分组路径绑定
LST FAP_SERVICE,Device.Services.FAPService.{i}.FAPControl.LTE.LICENSE.Author,不在当前 TD-LTE SF 小区服务 catalog 白名单，属于旧扩展/私有/跨分组路径绑定
LST FAP_SERVICE,Device.Services.FAPService.{i}.FAPControl.LTE.LICENSE.Capacity.{i},不在当前 TD-LTE SF 小区服务 catalog 白名单，属于旧扩展/私有/跨分组路径绑定
LST FAP_SERVICE,Device.Services.FAPService.{i}.FAPControl.LTE.LICENSE.Capacity.{i}.DelayAvaliable,不在当前 TD-LTE SF 小区服务 catalog 白名单，属于旧扩展/私有/跨分组路径绑定
LST FAP_SERVICE,Device.Services.FAPService.{i}.FAPControl.LTE.LICENSE.Capacity.{i}.DelayControl,不在当前 TD-LTE SF 小区服务 catalog 白名单，属于旧扩展/私有/跨分组路径绑定
LST FAP_SERVICE,Device.Services.FAPService.{i}.FAPControl.LTE.LICENSE.Capacity.{i}.Description,不在当前 TD-LTE SF 小区服务 catalog 白名单，属于旧扩展/私有/跨分组路径绑定
LST FAP_SERVICE,Device.Services.FAPService.{i}.FAPControl.LTE.LICENSE.Capacity.{i}.ID,不在当前 TD-LTE SF 小区服务 catalog 白名单，属于旧扩展/私有/跨分组路径绑定
LST FAP_SERVICE,Device.Services.FAPService.{i}.FAPControl.LTE.LICENSE.Capacity.{i}.RemainingPeriod,不在当前 TD-LTE SF 小区服务 catalog 白名单，属于旧扩展/私有/跨分组路径绑定
LST FAP_SERVICE,Device.Services.FAPService.{i}.FAPControl.LTE.LICENSE.Capacity.{i}.ValidPeriod,不在当前 TD-LTE SF 小区服务 catalog 白名单，属于旧扩展/私有/跨分组路径绑定
LST FAP_SERVICE,Device.Services.FAPService.{i}.FAPControl.LTE.LICENSE.Capacity.{i}.Value,不在当前 TD-LTE SF 小区服务 catalog 白名单，属于旧扩展/私有/跨分组路径绑定
LST FAP_SERVICE,Device.Services.FAPService.{i}.FAPControl.LTE.LICENSE.CapacityListNumberOfEntries,不在当前 TD-LTE SF 小区服务 catalog 白名单，属于旧扩展/私有/跨分组路径绑定
LST FAP_SERVICE,Device.Services.FAPService.{i}.FAPControl.LTE.LICENSE.Code,不在当前 TD-LTE SF 小区服务 catalog 白名单，属于旧扩展/私有/跨分组路径绑定
LST FAP_SERVICE,Device.Services.FAPService.{i}.FAPControl.LTE.LICENSE.GenerateDate,不在当前 TD-LTE SF 小区服务 catalog 白名单，属于旧扩展/私有/跨分组路径绑定
LST FAP_SERVICE,Device.Services.FAPService.{i}.FAPControl.LTE.LICENSE.HaloBCentralizedModeAvailable,不在当前 TD-LTE SF 小区服务 catalog 白名单，属于旧扩展/私有/跨分组路径绑定
LST FAP_SERVICE,Device.Services.FAPService.{i}.FAPControl.LTE.LICENSE.HaloBSingleModeAvailable,不在当前 TD-LTE SF 小区服务 catalog 白名单，属于旧扩展/私有/跨分组路径绑定
LST FAP_SERVICE,Device.Services.FAPService.{i}.FAPControl.LTE.LICENSE.SeqNum,不在当前 TD-LTE SF 小区服务 catalog 白名单，属于旧扩展/私有/跨分组路径绑定
LST FAP_SERVICE,Device.Services.FAPService.{i}.FAPControl.LTE.LICENSE.Version,不在当前 TD-LTE SF 小区服务 catalog 白名单，属于旧扩展/私有/跨分组路径绑定
LST FAP_SERVICE,Device.Services.FAPService.{i}.FAPControl.LTE.OpState,不在当前 TD-LTE SF 小区服务 catalog 白名单，属于旧扩展/私有/跨分组路径绑定
LST FAP_SERVICE,Device.Services.FAPService.{i}.FAPControl.LTE.RFTxStatus,不在当前 TD-LTE SF 小区服务 catalog 白名单，属于旧扩展/私有/跨分组路径绑定
LST FAP_SERVICE,Device.Services.FAPService.{i}.FAPControl.LTE.RUHOControlEnable,不在当前 TD-LTE SF 小区服务 catalog 白名单，属于旧扩展/私有/跨分组路径绑定
LST FAP_SERVICE,Device.Services.FAPService.{i}.FAPControl.LTE.SourcedSignalEnable,不在当前 TD-LTE SF 小区服务 catalog 白名单，属于旧扩展/私有/跨分组路径绑定
LST FAP_SERVICE,Device.Services.FAPService.{i}.FAPControl.NR.AMFPoolConfigParam.{i},不在当前 TD-LTE SF 小区服务 catalog 白名单，属于旧扩展/私有/跨分组路径绑定
LST FAP_SERVICE,Device.Services.FAPService.{i}.FAPControl.NR.AMFPoolConfigParam.{i}.AmfIP1,不在当前 TD-LTE SF 小区服务 catalog 白名单，属于旧扩展/私有/跨分组路径绑定
LST FAP_SERVICE,Device.Services.FAPService.{i}.FAPControl.NR.AMFPoolConfigParam.{i}.NR_AMF_IS_DEFAULT,不在当前 TD-LTE SF 小区服务 catalog 白名单，属于旧扩展/私有/跨分组路径绑定
LST FAP_SERVICE,Device.Services.FAPService.{i}.FAPControl.NR.AMFPoolConfigParam.{i}.PLMNID,不在当前 TD-LTE SF 小区服务 catalog 白名单，属于旧扩展/私有/跨分组路径绑定
LST FAP_SERVICE,Device.Services.FAPService.{i}.FAPControl.NR.DscpList.{i},不在当前 TD-LTE SF 小区服务 catalog 白名单，属于旧扩展/私有/跨分组路径绑定
LST FAP_SERVICE,Device.Services.FAPService.{i}.FAPControl.NR.DscpList.{i}.Dscp,不在当前 TD-LTE SF 小区服务 catalog 白名单，属于旧扩展/私有/跨分组路径绑定
LST FAP_SERVICE,Device.Services.FAPService.{i}.FAPControl.NR.DscpList.{i}.VlanPrio,不在当前 TD-LTE SF 小区服务 catalog 白名单，属于旧扩展/私有/跨分组路径绑定
LST FAP_SERVICE,Device.Services.FAPService.{i}.FAPControl.NR.DumgrProvLog.DumgrFileCount,不在当前 TD-LTE SF 小区服务 catalog 白名单，属于旧扩展/私有/跨分组路径绑定
LST FAP_SERVICE,Device.Services.FAPService.{i}.FAPControl.NR.DumgrProvLog.DumgrLogLevel,不在当前 TD-LTE SF 小区服务 catalog 白名单，属于旧扩展/私有/跨分组路径绑定
LST FAP_SERVICE,Device.Services.FAPService.{i}.FAPControl.NR.DumgrProvLog.DumgrMaxLogFilesize,不在当前 TD-LTE SF 小区服务 catalog 白名单，属于旧扩展/私有/跨分组路径绑定
LST FAP_SERVICE,Device.Services.FAPService.{i}.FAPControl.NR.DumgrProvLog.DumgrShmSize,不在当前 TD-LTE SF 小区服务 catalog 白名单，属于旧扩展/私有/跨分组路径绑定
LST FAP_SERVICE,Device.Services.FAPService.{i}.FAPControl.NR.F1apDscp.Dscp,不在当前 TD-LTE SF 小区服务 catalog 白名单，属于旧扩展/私有/跨分组路径绑定
LST FAP_SERVICE,Device.Services.FAPService.{i}.FAPControl.NR.F1apDscp.VlanPrio,不在当前 TD-LTE SF 小区服务 catalog 白名单，属于旧扩展/私有/跨分组路径绑定
LST FAP_SERVICE,Device.Services.FAPService.{i}.FAPControl.NR.F1apLog.RrcLogLevel,不在当前 TD-LTE SF 小区服务 catalog 白名单，属于旧扩展/私有/跨分组路径绑定
LST FAP_SERVICE,Device.Services.FAPService.{i}.FAPControl.NR.GtpuLog.NguCuf1uLogLevel,不在当前 TD-LTE SF 小区服务 catalog 白名单，属于旧扩展/私有/跨分组路径绑定
LST FAP_SERVICE,Device.Services.FAPService.{i}.FAPControl.NR.LgwFwdCfg.LgwBindName,不在当前 TD-LTE SF 小区服务 catalog 白名单，属于旧扩展/私有/跨分组路径绑定
LST FAP_SERVICE,Device.Services.FAPService.{i}.FAPControl.NR.LgwFwdCfg.LgwEnable,不在当前 TD-LTE SF 小区服务 catalog 白名单，属于旧扩展/私有/跨分组路径绑定
LST FAP_SERVICE,Device.Services.FAPService.{i}.FAPControl.NR.LgwFwdCfg.LgwFwdIpv4Addr,不在当前 TD-LTE SF 小区服务 catalog 白名单，属于旧扩展/私有/跨分组路径绑定
LST FAP_SERVICE,Device.Services.FAPService.{i}.FAPControl.NR.LgwFwdCfg.LgwFwdIpv4Enable,不在当前 TD-LTE SF 小区服务 catalog 白名单，属于旧扩展/私有/跨分组路径绑定
LST FAP_SERVICE,Device.Services.FAPService.{i}.FAPControl.NR.LgwFwdCfg.LgwFwdIpv4Mask,不在当前 TD-LTE SF 小区服务 catalog 白名单，属于旧扩展/私有/跨分组路径绑定
LST FAP_SERVICE,Device.Services.FAPService.{i}.FAPControl.NR.LgwFwdCfg.LgwFwdIpv6Addr,不在当前 TD-LTE SF 小区服务 catalog 白名单，属于旧扩展/私有/跨分组路径绑定
LST FAP_SERVICE,Device.Services.FAPService.{i}.FAPControl.NR.LgwFwdCfg.LgwFwdIpv6Enable,不在当前 TD-LTE SF 小区服务 catalog 白名单，属于旧扩展/私有/跨分组路径绑定
LST FAP_SERVICE,Device.Services.FAPService.{i}.FAPControl.NR.LgwFwdCfg.LgwFwdIpv6PrefixLen,不在当前 TD-LTE SF 小区服务 catalog 白名单，属于旧扩展/私有/跨分组路径绑定
LST FAP_SERVICE,Device.Services.FAPService.{i}.FAPControl.NR.LgwFwdCfg.LgwFwdMode,不在当前 TD-LTE SF 小区服务 catalog 白名单，属于旧扩展/私有/跨分组路径绑定
LST FAP_SERVICE,Device.Services.FAPService.{i}.FAPControl.NR.MultiPlmnEnable,不在当前 TD-LTE SF 小区服务 catalog 白名单，属于旧扩展/私有/跨分组路径绑定
LST FAP_SERVICE,Device.Services.FAPService.{i}.FAPControl.NR.NgapDscp.Dscp,不在当前 TD-LTE SF 小区服务 catalog 白名单，属于旧扩展/私有/跨分组路径绑定
LST FAP_SERVICE,Device.Services.FAPService.{i}.FAPControl.NR.NgapDscp.VlanPrio,不在当前 TD-LTE SF 小区服务 catalog 白名单，属于旧扩展/私有/跨分组路径绑定
LST FAP_SERVICE,Device.Services.FAPService.{i}.FAPControl.NR.OamDscp.Dscp,不在当前 TD-LTE SF 小区服务 catalog 白名单，属于旧扩展/私有/跨分组路径绑定
LST FAP_SERVICE,Device.Services.FAPService.{i}.FAPControl.NR.OamDscp.VlanPrio,不在当前 TD-LTE SF 小区服务 catalog 白名单，属于旧扩展/私有/跨分组路径绑定
LST FAP_SERVICE,Device.Services.FAPService.{i}.FAPControl.NR.PdcpLog.PdcpLogLevel,不在当前 TD-LTE SF 小区服务 catalog 白名单，属于旧扩展/私有/跨分组路径绑定
LST FAP_SERVICE,Device.Services.FAPService.{i}.FAPControl.NR.RAN.Common.AdminState,不在当前 TD-LTE SF 小区服务 catalog 白名单，属于旧扩展/私有/跨分组路径绑定
LST FAP_SERVICE,Device.Services.FAPService.{i}.FAPControl.NR.RAN.Common.gNBId,不在当前 TD-LTE SF 小区服务 catalog 白名单，属于旧扩展/私有/跨分组路径绑定
LST FAP_SERVICE,Device.Services.FAPService.{i}.FAPControl.NR.RAN.Common.gNBIdLength,不在当前 TD-LTE SF 小区服务 catalog 白名单，属于旧扩展/私有/跨分组路径绑定
LST FAP_SERVICE,Device.Services.FAPService.{i}.FAPControl.NR.RlcLog.RlclLogLevel,不在当前 TD-LTE SF 小区服务 catalog 白名单，属于旧扩展/私有/跨分组路径绑定
LST FAP_SERVICE,Device.Services.FAPService.{i}.FAPControl.NR.RlcLog.RlcLogLevel,不在当前 TD-LTE SF 小区服务 catalog 白名单，属于旧扩展/私有/跨分组路径绑定
LST FAP_SERVICE,Device.Services.FAPService.{i}.FAPControl.NR.RrcProv.RrcMaxLogFileCount,不在当前 TD-LTE SF 小区服务 catalog 白名单，属于旧扩展/私有/跨分组路径绑定
LST FAP_SERVICE,Device.Services.FAPService.{i}.FAPControl.NR.RrcProv.RrcMaxLogFileSize,不在当前 TD-LTE SF 小区服务 catalog 白名单，属于旧扩展/私有/跨分组路径绑定
LST FAP_SERVICE,Device.Services.FAPService.{i}.FAPControl.NR.RrcProv.RrcSharedMemSize,不在当前 TD-LTE SF 小区服务 catalog 白名单，属于旧扩展/私有/跨分组路径绑定
LST FAP_SERVICE,Device.Services.FAPService.{i}.FAPControl.NR.SelfConfig.SONConfigParam.ANR.A3RSRPOffset,不在当前 TD-LTE SF 小区服务 catalog 白名单，属于旧扩展/私有/跨分组路径绑定
LST FAP_SERVICE,Device.Services.FAPService.{i}.FAPControl.NR.SelfConfig.SONConfigParam.ANR.AutoAdjustEnable,不在当前 TD-LTE SF 小区服务 catalog 白名单，属于旧扩展/私有/跨分组路径绑定
LST FAP_SERVICE,Device.Services.FAPService.{i}.FAPControl.NR.SelfConfig.SONConfigParam.ANR.AutoRemoveEnable,不在当前 TD-LTE SF 小区服务 catalog 白名单，属于旧扩展/私有/跨分组路径绑定
LST FAP_SERVICE,Device.Services.FAPService.{i}.FAPControl.NR.SelfConfig.SONConfigParam.ANR.AutoRemoveMaxCell,不在当前 TD-LTE SF 小区服务 catalog 白名单，属于旧扩展/私有/跨分组路径绑定
LST FAP_SERVICE,Device.Services.FAPService.{i}.FAPControl.NR.SelfConfig.SONConfigParam.ANR.AutoRemovePeriod,不在当前 TD-LTE SF 小区服务 catalog 白名单，属于旧扩展/私有/跨分组路径绑定
LST FAP_SERVICE,Device.Services.FAPService.{i}.FAPControl.NR.SelfConfig.SONConfigParam.ANR.BiNRCellEnable,不在当前 TD-LTE SF 小区服务 catalog 白名单，属于旧扩展/私有/跨分组路径绑定
LST FAP_SERVICE,Device.Services.FAPService.{i}.FAPControl.NR.SelfConfig.SONConfigParam.ANR.Enable,不在当前 TD-LTE SF 小区服务 catalog 白名单，属于旧扩展/私有/跨分组路径绑定
LST FAP_SERVICE,Device.Services.FAPService.{i}.FAPControl.NR.SelfConfig.SONConfigParam.ANR.EUTRANEnable,不在当前 TD-LTE SF 小区服务 catalog 白名单，属于旧扩展/私有/跨分组路径绑定
LST FAP_SERVICE,Device.Services.FAPService.{i}.FAPControl.NR.SelfConfig.SONConfigParam.ANR.InterFeqEnable,不在当前 TD-LTE SF 小区服务 catalog 白名单，属于旧扩展/私有/跨分组路径绑定
LST FAP_SERVICE,Device.Services.FAPService.{i}.FAPControl.NR.SelfConfig.SONConfigParam.ANR.KPIPeriod,不在当前 TD-LTE SF 小区服务 catalog 白名单，属于旧扩展/私有/跨分组路径绑定
LST FAP_SERVICE,Device.Services.FAPService.{i}.FAPControl.NR.SelfConfig.SONConfigParam.ANR.MaxHoSuccess,不在当前 TD-LTE SF 小区服务 catalog 白名单，属于旧扩展/私有/跨分组路径绑定
LST FAP_SERVICE,Device.Services.FAPService.{i}.FAPControl.NR.SelfConfig.SONConfigParam.ANR.MaxHoTimes,不在当前 TD-LTE SF 小区服务 catalog 白名单，属于旧扩展/私有/跨分组路径绑定
LST FAP_SERVICE,Device.Services.FAPService.{i}.FAPControl.NR.SelfConfig.SONConfigParam.ANR.MRTriggerType,不在当前 TD-LTE SF 小区服务 catalog 白名单，属于旧扩展/私有/跨分组路径绑定
LST FAP_SERVICE,Device.Services.FAPService.{i}.FAPControl.NR.SelfConfig.SONConfigParam.ANR.RSRPReferenceEnable,不在当前 TD-LTE SF 小区服务 catalog 白名单，属于旧扩展/私有/跨分组路径绑定
LST FAP_SERVICE,Device.Services.FAPService.{i}.FAPControl.NR.SelfConfig.SONConfigParam.ANR.RSRPThreshold,不在当前 TD-LTE SF 小区服务 catalog 白名单，属于旧扩展/私有/跨分组路径绑定
LST FAP_SERVICE,Device.Services.FAPService.{i}.FAPControl.NR.X2apDscp.Dscp,不在当前 TD-LTE SF 小区服务 catalog 白名单，属于旧扩展/私有/跨分组路径绑定
LST FAP_SERVICE,Device.Services.FAPService.{i}.FAPControl.NR.X2apDscp.VlanPrio,不在当前 TD-LTE SF 小区服务 catalog 白名单，属于旧扩展/私有/跨分组路径绑定
LST FAP_SERVICE,Device.Services.FAPService.{i}.FAPControl.NR.XnapDscp.Dscp,不在当前 TD-LTE SF 小区服务 catalog 白名单，属于旧扩展/私有/跨分组路径绑定
LST FAP_SERVICE,Device.Services.FAPService.{i}.FAPControl.NR.XnapDscp.VlanPrio,不在当前 TD-LTE SF 小区服务 catalog 白名单，属于旧扩展/私有/跨分组路径绑定
LST FAP_SERVICE,Device.Services.FAPService.{i}.FAPControl.NR.XnBlackList.{i},不在当前 TD-LTE SF 小区服务 catalog 白名单，属于旧扩展/私有/跨分组路径绑定
LST FAP_SERVICE,Device.Services.FAPService.{i}.FAPControl.NR.XnBlackList.{i}.RemoteAddress,不在当前 TD-LTE SF 小区服务 catalog 白名单，属于旧扩展/私有/跨分组路径绑定
LST FAP_SERVICE,Device.Services.FAPService.{i}.FAPControl.NR.XnIpAddrMapInfo.{i},不在当前 TD-LTE SF 小区服务 catalog 白名单，属于旧扩展/私有/跨分组路径绑定
LST FAP_SERVICE,Device.Services.FAPService.{i}.FAPControl.NR.XnIpAddrMapInfo.{i}.PLMNID,不在当前 TD-LTE SF 小区服务 catalog 白名单，属于旧扩展/私有/跨分组路径绑定
LST FAP_SERVICE,Device.Services.FAPService.{i}.FAPControl.NR.XnIpAddrMapInfo.{i}.RemoteAddress,不在当前 TD-LTE SF 小区服务 catalog 白名单，属于旧扩展/私有/跨分组路径绑定
LST FAP_SERVICE,Device.Services.FAPService.{i}.FAPControl.NR.XnIpAddrMapInfo.{i}.XnHoEnable,不在当前 TD-LTE SF 小区服务 catalog 白名单，属于旧扩展/私有/跨分组路径绑定
LST FAP_SERVICE,Device.Services.FAPService.{i}.FAPControl.NR.XnIpAddrMapInfo.{i}.XnLinkEnable,不在当前 TD-LTE SF 小区服务 catalog 白名单，属于旧扩展/私有/跨分组路径绑定
LST FAP_SERVICE,Device.Services.FAPService.{i}.FAPControl.NR.XnIpAddrMapInfo.{i}.XnStatus,不在当前 TD-LTE SF 小区服务 catalog 白名单，属于旧扩展/私有/跨分组路径绑定
LST FAP_SERVICE,Device.Services.FAPService.{i}.FAPControl.PLLSyncState,不在当前 TD-LTE SF 小区服务 catalog 白名单，属于旧扩展/私有/跨分组路径绑定
LST FAP_SERVICE,Device.Services.FAPService.{i}.FAPControl.Qos.QosSstInfo.{i},不在当前 TD-LTE SF 小区服务 catalog 白名单，属于旧扩展/私有/跨分组路径绑定
LST FAP_SERVICE,Device.Services.FAPService.{i}.FAPControl.Qos.QosSstInfo.{i}.MaxResourceReserved,不在当前 TD-LTE SF 小区服务 catalog 白名单，属于旧扩展/私有/跨分组路径绑定
LST FAP_SERVICE,Device.Services.FAPService.{i}.FAPControl.Qos.QosSstInfo.{i}.MinResourceReserved,不在当前 TD-LTE SF 小区服务 catalog 白名单，属于旧扩展/私有/跨分组路径绑定
LST FAP_SERVICE,Device.Services.FAPService.{i}.FAPControl.Qos.QosSstInfo.{i}.Sst,不在当前 TD-LTE SF 小区服务 catalog 白名单，属于旧扩展/私有/跨分组路径绑定
LST FAP_SERVICE,Device.Services.FAPService.{i}.FAPControl.Qos.QosSstInfo.{i}.SstResourceType,不在当前 TD-LTE SF 小区服务 catalog 白名单，属于旧扩展/私有/跨分组路径绑定
LST FAP_SERVICE,Device.Services.FAPService.{i}.FAPControl.X2IpAddrMapInfo.{i}.EnbId,不在当前 TD-LTE SF 小区服务 catalog 白名单，属于旧扩展/私有/跨分组路径绑定
LST FAP_SERVICE,Device.Services.FAPService.{i}.FAPControl.X2IpAddrMapInfo.{i}.EnbType,不在当前 TD-LTE SF 小区服务 catalog 白名单，属于旧扩展/私有/跨分组路径绑定
LST FAP_SERVICE,Device.Services.FAPService.{i}.FAPControl.X2IpAddrMapInfo.{i}.PLMNID,不在当前 TD-LTE SF 小区服务 catalog 白名单，属于旧扩展/私有/跨分组路径绑定
LST FAP_SERVICE,Device.Services.FAPService.{i}.FAPControl.X2IpAddrMapInfo.{i}.SubnetMask,不在当前 TD-LTE SF 小区服务 catalog 白名单，属于旧扩展/私有/跨分组路径绑定
LST FAP_SERVICE,Device.Services.FAPService.{i}.FAPControl.X2IpAddrMapInfo.{i}.WanIpAddress,不在当前 TD-LTE SF 小区服务 catalog 白名单，属于旧扩展/私有/跨分组路径绑定
LST FAP_SERVICE,Device.Services.FAPService.{i}.Transport.SCTP.Assoc.{i}.LocalPort,不在当前 TD-LTE SF 小区服务 catalog 白名单，属于旧扩展/私有/跨分组路径绑定
LST FAP_SERVICE,Device.Services.FAPService.{i}.Transport.SCTP.Assoc.{i}.PrimaryPeerAddress,不在当前 TD-LTE SF 小区服务 catalog 白名单，属于旧扩展/私有/跨分组路径绑定
LST FAP_SERVICE,Device.Services.FAPService.{i}.Transport.SCTP.Assoc.{i}.RemotePort,不在当前 TD-LTE SF 小区服务 catalog 白名单，属于旧扩展/私有/跨分组路径绑定
LST FAP_SERVICE,Device.Services.FAPService.{i}.Transport.SCTP.Assoc.{i}.SCTPAssocLocalAddr,不在当前 TD-LTE SF 小区服务 catalog 白名单，属于旧扩展/私有/跨分组路径绑定
LST FAP_SERVICE,Device.Services.FAPService.{i}.Transport.SCTP.Enable,不在当前 TD-LTE SF 小区服务 catalog 白名单，属于旧扩展/私有/跨分组路径绑定
LST FAP_SERVICE,Device.Services.FAPService.{i}.Transport.SCTP.HBInterval,不在当前 TD-LTE SF 小区服务 catalog 白名单，属于旧扩展/私有/跨分组路径绑定
LST FAP_SERVICE,Device.Services.FAPService.{i}.Transport.SCTP.MaxAssociationRetransmits,不在当前 TD-LTE SF 小区服务 catalog 白名单，属于旧扩展/私有/跨分组路径绑定
LST FAP_SERVICE,Device.Services.FAPService.{i}.Transport.SCTP.MaxInitRetransmits,不在当前 TD-LTE SF 小区服务 catalog 白名单，属于旧扩展/私有/跨分组路径绑定
LST FAP_SERVICE,Device.Services.FAPService.{i}.Transport.SCTP.MaxPathRetransmits,不在当前 TD-LTE SF 小区服务 catalog 白名单，属于旧扩展/私有/跨分组路径绑定
LST FAP_SERVICE,Device.Services.FAPService.{i}.Transport.SCTP.RTOInitial,不在当前 TD-LTE SF 小区服务 catalog 白名单，属于旧扩展/私有/跨分组路径绑定
LST FAP_SERVICE,Device.Services.FAPService.{i}.Transport.SCTP.RTOMax,不在当前 TD-LTE SF 小区服务 catalog 白名单，属于旧扩展/私有/跨分组路径绑定
LST FAP_SERVICE,Device.Services.FAPService.{i}.Transport.SCTP.RTOMin,不在当前 TD-LTE SF 小区服务 catalog 白名单，属于旧扩展/私有/跨分组路径绑定
LST FAP_SERVICE,Device.Services.FAPService.{i}.Transport.SCTP.ValCookieLife,不在当前 TD-LTE SF 小区服务 catalog 白名单，属于旧扩展/私有/跨分组路径绑定
LST FAP_SERVICE,Device.Services.FAPService.{i}.X_COM.LTE.ANR.AnrA3Offset,不在当前 TD-LTE SF 小区服务 catalog 白名单，属于旧扩展/私有/跨分组路径绑定
LST FAP_SERVICE,Device.Services.FAPService.{i}.X_COM.LTE.ANR.AnrReportCfgVal,不在当前 TD-LTE SF 小区服务 catalog 白名单，属于旧扩展/私有/跨分组路径绑定
LST FAP_SERVICE,Device.Services.FAPService.{i}.X_COM.LTE.ANR.InterAnrA5Threshold1RSRP,不在当前 TD-LTE SF 小区服务 catalog 白名单，属于旧扩展/私有/跨分组路径绑定
LST FAP_SERVICE,Device.Services.FAPService.{i}.X_COM.LTE.ANR.InterAnrA5Threshold2RSRP,不在当前 TD-LTE SF 小区服务 catalog 白名单，属于旧扩展/私有/跨分组路径绑定
LST FAP_SERVICE,Device.Services.FAPService.{i}.X_COM.LTE.EUTRA_NEIGHBOR.AllowedMeasBW,不在当前 TD-LTE SF 小区服务 catalog 白名单，属于旧扩展/私有/跨分组路径绑定
LST FAP_SERVICE,Device.Services.FAPService.{i}.X_COM.LTE.GrpPwrCtrl.PhyIctaadjsamp,不在当前 TD-LTE SF 小区服务 catalog 白名单，属于旧扩展/私有/跨分组路径绑定
LST FAP_SERVICE,Device.Services.FAPService.{i}.X_COM.LTE.GrpPwrCtrl.PhyPpssncgpsadjsamp,不在当前 TD-LTE SF 小区服务 catalog 白名单，属于旧扩展/私有/跨分组路径绑定
LST FAP_SERVICE,Device.Services.FAPService.{i}.X_COM.LTE.HOVA3Offset,不在当前 TD-LTE SF 小区服务 catalog 白名单，属于旧扩展/私有/跨分组路径绑定
LST FAP_SERVICE,Device.Services.FAPService.{i}.X_COM.LTE.HOVInterA5Threshold1RSRP,不在当前 TD-LTE SF 小区服务 catalog 白名单，属于旧扩展/私有/跨分组路径绑定
LST FAP_SERVICE,Device.Services.FAPService.{i}.X_COM.LTE.HOVInterA5Threshold2RSRP,不在当前 TD-LTE SF 小区服务 catalog 白名单，属于旧扩展/私有/跨分组路径绑定
LST FAP_SERVICE,Device.Services.FAPService.{i}.X_COM.LTE.IRAT.B2threshold1RsrpGeran,不在当前 TD-LTE SF 小区服务 catalog 白名单，属于旧扩展/私有/跨分组路径绑定
LST FAP_SERVICE,Device.Services.FAPService.{i}.X_COM.LTE.IRAT.B2threshold1RsrpHO,不在当前 TD-LTE SF 小区服务 catalog 白名单，属于旧扩展/私有/跨分组路径绑定
LST FAP_SERVICE,Device.Services.FAPService.{i}.X_COM.LTE.IRAT.B2Threshold2Geran,不在当前 TD-LTE SF 小区服务 catalog 白名单，属于旧扩展/私有/跨分组路径绑定
LST FAP_SERVICE,Device.Services.FAPService.{i}.X_COM.LTE.IRAT.TargetUlSinr,不在当前 TD-LTE SF 小区服务 catalog 白名单，属于旧扩展/私有/跨分组路径绑定
LST FAP_SERVICE,Device.Services.FAPService.{i}.X_COM.LTE.SchedulerConfig.DLSchedulerType,不在当前 TD-LTE SF 小区服务 catalog 白名单，属于旧扩展/私有/跨分组路径绑定
LST FAP_SERVICE,Device.Services.FAPService.{i}.X_COM.LTE.SchedulerConfig.ULSchedulerType,不在当前 TD-LTE SF 小区服务 catalog 白名单，属于旧扩展/私有/跨分组路径绑定
LST FAP_SERVICE,Device.Services.FAPService.Ipsec.IPSEC_ENABLE,不在当前 TD-LTE SF 小区服务 catalog 白名单，属于旧扩展/私有/跨分组路径绑定
MOD FAP_SERVICE,Device.Services.FAPService.{i}.EnableX2,不在当前 TD-LTE SF 小区服务 catalog 白名单，属于旧扩展/私有/跨分组路径绑定
MOD FAP_SERVICE,Device.Services.FAPService.{i}.AccessMgmt.LTE.HNBName,不在当前 TD-LTE SF 小区服务 catalog 白名单，属于旧扩展/私有/跨分组路径绑定
MOD FAP_SERVICE,Device.Services.FAPService.{i}.AccessMgmt.LTE.MaxUEsServed,不在当前 TD-LTE SF 小区服务 catalog 白名单，属于旧扩展/私有/跨分组路径绑定
MOD FAP_SERVICE,Device.Services.FAPService.{i}.CellConfig.{i}.NR.CN.TA.{i},不在当前 TD-LTE SF 小区服务 catalog 白名单，属于旧扩展/私有/跨分组路径绑定
MOD FAP_SERVICE,Device.Services.FAPService.{i}.CellConfig.{i}.NR.CN.TA.{i}.NrcellIdentity,不在当前 TD-LTE SF 小区服务 catalog 白名单，属于旧扩展/私有/跨分组路径绑定
MOD FAP_SERVICE,Device.Services.FAPService.{i}.CellConfig.{i}.NR.CN.TA.{i}.PLMNList.{i},不在当前 TD-LTE SF 小区服务 catalog 白名单，属于旧扩展/私有/跨分组路径绑定
MOD FAP_SERVICE,Device.Services.FAPService.{i}.CellConfig.{i}.NR.CN.TA.{i}.PLMNList.{i}.IsPrimaryPlmn,不在当前 TD-LTE SF 小区服务 catalog 白名单，属于旧扩展/私有/跨分组路径绑定
MOD FAP_SERVICE,Device.Services.FAPService.{i}.CellConfig.{i}.NR.CN.TA.{i}.PLMNList.{i}.PLMNID,不在当前 TD-LTE SF 小区服务 catalog 白名单，属于旧扩展/私有/跨分组路径绑定
MOD FAP_SERVICE,Device.Services.FAPService.{i}.CellConfig.{i}.NR.CN.TA.{i}.PLMNList.{i}.SliceList.{i},不在当前 TD-LTE SF 小区服务 catalog 白名单，属于旧扩展/私有/跨分组路径绑定
MOD FAP_SERVICE,Device.Services.FAPService.{i}.CellConfig.{i}.NR.CN.TA.{i}.PLMNList.{i}.SliceList.{i}.NguIpIndex,不在当前 TD-LTE SF 小区服务 catalog 白名单，属于旧扩展/私有/跨分组路径绑定
MOD FAP_SERVICE,Device.Services.FAPService.{i}.CellConfig.{i}.NR.CN.TA.{i}.PLMNList.{i}.SliceList.{i}.SNSSAI,不在当前 TD-LTE SF 小区服务 catalog 白名单，属于旧扩展/私有/跨分组路径绑定
MOD FAP_SERVICE,Device.Services.FAPService.{i}.CellConfig.{i}.NR.CN.TA.{i}.Ranac,不在当前 TD-LTE SF 小区服务 catalog 白名单，属于旧扩展/私有/跨分组路径绑定
MOD FAP_SERVICE,Device.Services.FAPService.{i}.CellConfig.{i}.NR.Duf1uLog.Duf1uLogLevel,不在当前 TD-LTE SF 小区服务 catalog 白名单，属于旧扩展/私有/跨分组路径绑定
MOD FAP_SERVICE,Device.Services.FAPService.{i}.CellConfig.{i}.NR.MacSchedulerInfo.MacLogLevel,不在当前 TD-LTE SF 小区服务 catalog 白名单，属于旧扩展/私有/跨分组路径绑定
MOD FAP_SERVICE,Device.Services.FAPService.{i}.CellConfig.{i}.NR.MacSchedulerInfo.SchLogLevel,不在当前 TD-LTE SF 小区服务 catalog 白名单，属于旧扩展/私有/跨分组路径绑定
MOD FAP_SERVICE,Device.Services.FAPService.{i}.CellConfig.{i}.NR.RAN.EnergySaveParam.EnergySavingDelayTime,不在当前 TD-LTE SF 小区服务 catalog 白名单，属于旧扩展/私有/跨分组路径绑定
MOD FAP_SERVICE,Device.Services.FAPService.{i}.CellConfig.{i}.NR.RAN.EnergySaveParam.EnergySavingTime,不在当前 TD-LTE SF 小区服务 catalog 白名单，属于旧扩展/私有/跨分组路径绑定
MOD FAP_SERVICE,Device.Services.FAPService.{i}.CellConfig.{i}.NR.RAN.EnergySaveParam.EnergySavingType,不在当前 TD-LTE SF 小区服务 catalog 白名单，属于旧扩展/私有/跨分组路径绑定
MOD FAP_SERVICE,Device.Services.FAPService.{i}.CellConfig.{i}.NR.RAN.EnergySaveParam.PrbLowThreshold,不在当前 TD-LTE SF 小区服务 catalog 白名单，属于旧扩展/私有/跨分组路径绑定
MOD FAP_SERVICE,Device.Services.FAPService.{i}.CellConfig.{i}.NR.RAN.EnergySaveParam.PrbReportPeriod,不在当前 TD-LTE SF 小区服务 catalog 白名单，属于旧扩展/私有/跨分组路径绑定
MOD FAP_SERVICE,Device.Services.FAPService.{i}.CellConfig.{i}.NR.RAN.EnergySaveParam.RRCLowThreshold,不在当前 TD-LTE SF 小区服务 catalog 白名单，属于旧扩展/私有/跨分组路径绑定
MOD FAP_SERVICE,Device.Services.FAPService.{i}.CellConfig.{i}.NR.RAN.Mobility.ConnMode.EUTRA.Carrier.{i},不在当前 TD-LTE SF 小区服务 catalog 白名单，属于旧扩展/私有/跨分组路径绑定
MOD FAP_SERVICE,Device.Services.FAPService.{i}.CellConfig.{i}.NR.RAN.Mobility.ConnMode.EUTRA.Carrier.{i}.AllowedMeasBandwidth,不在当前 TD-LTE SF 小区服务 catalog 白名单，属于旧扩展/私有/跨分组路径绑定
MOD FAP_SERVICE,Device.Services.FAPService.{i}.CellConfig.{i}.NR.RAN.Mobility.ConnMode.EUTRA.Carrier.{i}.PresenceAntennaPort1,不在当前 TD-LTE SF 小区服务 catalog 白名单，属于旧扩展/私有/跨分组路径绑定
MOD FAP_SERVICE,Device.Services.FAPService.{i}.CellConfig.{i}.NR.RAN.Mobility.ConnMode.EUTRA.Carrier.{i}.QQualMin,不在当前 TD-LTE SF 小区服务 catalog 白名单，属于旧扩展/私有/跨分组路径绑定
MOD FAP_SERVICE,Device.Services.FAPService.{i}.CellConfig.{i}.NR.RAN.Mobility.ConnMode.EUTRA.Carrier.{i}.WideBandRsrqMeas,不在当前 TD-LTE SF 小区服务 catalog 白名单，属于旧扩展/私有/跨分组路径绑定
MOD FAP_SERVICE,Device.Services.FAPService.{i}.CellConfig.{i}.NR.RAN.Mobility.ConnMode.IRAT.B1MeasureCtrl.{i},不在当前 TD-LTE SF 小区服务 catalog 白名单，属于旧扩展/私有/跨分组路径绑定
MOD FAP_SERVICE,Device.Services.FAPService.{i}.CellConfig.{i}.NR.RAN.Mobility.ConnMode.IRAT.B1MeasureCtrl.{i}.B1ThresholdEUTRARsrp,不在当前 TD-LTE SF 小区服务 catalog 白名单，属于旧扩展/私有/跨分组路径绑定
MOD FAP_SERVICE,Device.Services.FAPService.{i}.CellConfig.{i}.NR.RAN.Mobility.ConnMode.IRAT.B1MeasureCtrl.{i}.B1ThresholdEUTRARsrq,不在当前 TD-LTE SF 小区服务 catalog 白名单，属于旧扩展/私有/跨分组路径绑定
MOD FAP_SERVICE,Device.Services.FAPService.{i}.CellConfig.{i}.NR.RAN.Mobility.ConnMode.IRAT.B1MeasureCtrl.{i}.B1ThresholdEUTRASinr,不在当前 TD-LTE SF 小区服务 catalog 白名单，属于旧扩展/私有/跨分组路径绑定
MOD FAP_SERVICE,Device.Services.FAPService.{i}.CellConfig.{i}.NR.RAN.Mobility.ConnMode.IRAT.B1MeasureCtrl.{i}.Enable,不在当前 TD-LTE SF 小区服务 catalog 白名单，属于旧扩展/私有/跨分组路径绑定
MOD FAP_SERVICE,Device.Services.FAPService.{i}.CellConfig.{i}.NR.RAN.Mobility.ConnMode.IRAT.B1MeasureCtrl.{i}.Hysteresis,不在当前 TD-LTE SF 小区服务 catalog 白名单，属于旧扩展/私有/跨分组路径绑定
MOD FAP_SERVICE,Device.Services.FAPService.{i}.CellConfig.{i}.NR.RAN.Mobility.ConnMode.IRAT.B1MeasureCtrl.{i}.MaxReportCells,不在当前 TD-LTE SF 小区服务 catalog 白名单，属于旧扩展/私有/跨分组路径绑定
MOD FAP_SERVICE,Device.Services.FAPService.{i}.CellConfig.{i}.NR.RAN.Mobility.ConnMode.IRAT.B1MeasureCtrl.{i}.MeasurePurpose,不在当前 TD-LTE SF 小区服务 catalog 白名单，属于旧扩展/私有/跨分组路径绑定
MOD FAP_SERVICE,Device.Services.FAPService.{i}.CellConfig.{i}.NR.RAN.Mobility.ConnMode.IRAT.B1MeasureCtrl.{i}.PLMNID,不在当前 TD-LTE SF 小区服务 catalog 白名单，属于旧扩展/私有/跨分组路径绑定
MOD FAP_SERVICE,Device.Services.FAPService.{i}.CellConfig.{i}.NR.RAN.Mobility.ConnMode.IRAT.B1MeasureCtrl.{i}.ReportAmount,不在当前 TD-LTE SF 小区服务 catalog 白名单，属于旧扩展/私有/跨分组路径绑定
MOD FAP_SERVICE,Device.Services.FAPService.{i}.CellConfig.{i}.NR.RAN.Mobility.ConnMode.IRAT.B1MeasureCtrl.{i}.ReportInterval,不在当前 TD-LTE SF 小区服务 catalog 白名单，属于旧扩展/私有/跨分组路径绑定
MOD FAP_SERVICE,Device.Services.FAPService.{i}.CellConfig.{i}.NR.RAN.Mobility.ConnMode.IRAT.B1MeasureCtrl.{i}.ReportOnLeave,不在当前 TD-LTE SF 小区服务 catalog 白名单，属于旧扩展/私有/跨分组路径绑定
MOD FAP_SERVICE,Device.Services.FAPService.{i}.CellConfig.{i}.NR.RAN.Mobility.ConnMode.IRAT.B1MeasureCtrl.{i}.ReportQuantity,不在当前 TD-LTE SF 小区服务 catalog 白名单，属于旧扩展/私有/跨分组路径绑定
MOD FAP_SERVICE,Device.Services.FAPService.{i}.CellConfig.{i}.NR.RAN.Mobility.ConnMode.IRAT.B1MeasureCtrl.{i}.ThresholdTriggerType,不在当前 TD-LTE SF 小区服务 catalog 白名单，属于旧扩展/私有/跨分组路径绑定
MOD FAP_SERVICE,Device.Services.FAPService.{i}.CellConfig.{i}.NR.RAN.Mobility.ConnMode.IRAT.B1MeasureCtrl.{i}.TimeToTrigger,不在当前 TD-LTE SF 小区服务 catalog 白名单，属于旧扩展/私有/跨分组路径绑定
MOD FAP_SERVICE,Device.Services.FAPService.{i}.CellConfig.{i}.NR.RAN.Mobility.ConnMode.IRAT.B2MeasureCtrl.{i},不在当前 TD-LTE SF 小区服务 catalog 白名单，属于旧扩展/私有/跨分组路径绑定
MOD FAP_SERVICE,Device.Services.FAPService.{i}.CellConfig.{i}.NR.RAN.Mobility.ConnMode.IRAT.B2MeasureCtrl.{i}.B2Threshold1RSRP,不在当前 TD-LTE SF 小区服务 catalog 白名单，属于旧扩展/私有/跨分组路径绑定
MOD FAP_SERVICE,Device.Services.FAPService.{i}.CellConfig.{i}.NR.RAN.Mobility.ConnMode.IRAT.B2MeasureCtrl.{i}.B2Threshold1RSRQ,不在当前 TD-LTE SF 小区服务 catalog 白名单，属于旧扩展/私有/跨分组路径绑定
MOD FAP_SERVICE,Device.Services.FAPService.{i}.CellConfig.{i}.NR.RAN.Mobility.ConnMode.IRAT.B2MeasureCtrl.{i}.B2Threshold1SINR,不在当前 TD-LTE SF 小区服务 catalog 白名单，属于旧扩展/私有/跨分组路径绑定
MOD FAP_SERVICE,Device.Services.FAPService.{i}.CellConfig.{i}.NR.RAN.Mobility.ConnMode.IRAT.B2MeasureCtrl.{i}.B2Threshold2EUTRARSRP,不在当前 TD-LTE SF 小区服务 catalog 白名单，属于旧扩展/私有/跨分组路径绑定
MOD FAP_SERVICE,Device.Services.FAPService.{i}.CellConfig.{i}.NR.RAN.Mobility.ConnMode.IRAT.B2MeasureCtrl.{i}.B2Threshold2EUTRARSRQ,不在当前 TD-LTE SF 小区服务 catalog 白名单，属于旧扩展/私有/跨分组路径绑定
MOD FAP_SERVICE,Device.Services.FAPService.{i}.CellConfig.{i}.NR.RAN.Mobility.ConnMode.IRAT.B2MeasureCtrl.{i}.B2Threshold2EUTRASINR,不在当前 TD-LTE SF 小区服务 catalog 白名单，属于旧扩展/私有/跨分组路径绑定
MOD FAP_SERVICE,Device.Services.FAPService.{i}.CellConfig.{i}.NR.RAN.Mobility.ConnMode.IRAT.B2MeasureCtrl.{i}.Enable,不在当前 TD-LTE SF 小区服务 catalog 白名单，属于旧扩展/私有/跨分组路径绑定
MOD FAP_SERVICE,Device.Services.FAPService.{i}.CellConfig.{i}.NR.RAN.Mobility.ConnMode.IRAT.B2MeasureCtrl.{i}.Hysteresis,不在当前 TD-LTE SF 小区服务 catalog 白名单，属于旧扩展/私有/跨分组路径绑定
MOD FAP_SERVICE,Device.Services.FAPService.{i}.CellConfig.{i}.NR.RAN.Mobility.ConnMode.IRAT.B2MeasureCtrl.{i}.MaxReportCells,不在当前 TD-LTE SF 小区服务 catalog 白名单，属于旧扩展/私有/跨分组路径绑定
MOD FAP_SERVICE,Device.Services.FAPService.{i}.CellConfig.{i}.NR.RAN.Mobility.ConnMode.IRAT.B2MeasureCtrl.{i}.MeasurePurpose,不在当前 TD-LTE SF 小区服务 catalog 白名单，属于旧扩展/私有/跨分组路径绑定
MOD FAP_SERVICE,Device.Services.FAPService.{i}.CellConfig.{i}.NR.RAN.Mobility.ConnMode.IRAT.B2MeasureCtrl.{i}.PLMNID,不在当前 TD-LTE SF 小区服务 catalog 白名单，属于旧扩展/私有/跨分组路径绑定
MOD FAP_SERVICE,Device.Services.FAPService.{i}.CellConfig.{i}.NR.RAN.Mobility.ConnMode.IRAT.B2MeasureCtrl.{i}.ReportAmount,不在当前 TD-LTE SF 小区服务 catalog 白名单，属于旧扩展/私有/跨分组路径绑定
MOD FAP_SERVICE,Device.Services.FAPService.{i}.CellConfig.{i}.NR.RAN.Mobility.ConnMode.IRAT.B2MeasureCtrl.{i}.ReportInterval,不在当前 TD-LTE SF 小区服务 catalog 白名单，属于旧扩展/私有/跨分组路径绑定
MOD FAP_SERVICE,Device.Services.FAPService.{i}.CellConfig.{i}.NR.RAN.Mobility.ConnMode.IRAT.B2MeasureCtrl.{i}.ReportOnLeave,不在当前 TD-LTE SF 小区服务 catalog 白名单，属于旧扩展/私有/跨分组路径绑定
MOD FAP_SERVICE,Device.Services.FAPService.{i}.CellConfig.{i}.NR.RAN.Mobility.ConnMode.IRAT.B2MeasureCtrl.{i}.ReportQuantity,不在当前 TD-LTE SF 小区服务 catalog 白名单，属于旧扩展/私有/跨分组路径绑定
MOD FAP_SERVICE,Device.Services.FAPService.{i}.CellConfig.{i}.NR.RAN.Mobility.ConnMode.IRAT.B2MeasureCtrl.{i}.Threshold2TriggerType,不在当前 TD-LTE SF 小区服务 catalog 白名单，属于旧扩展/私有/跨分组路径绑定
MOD FAP_SERVICE,Device.Services.FAPService.{i}.CellConfig.{i}.NR.RAN.Mobility.ConnMode.IRAT.B2MeasureCtrl.{i}.ThresholdTriggerType,不在当前 TD-LTE SF 小区服务 catalog 白名单，属于旧扩展/私有/跨分组路径绑定
MOD FAP_SERVICE,Device.Services.FAPService.{i}.CellConfig.{i}.NR.RAN.Mobility.ConnMode.IRAT.B2MeasureCtrl.{i}.TimeToTrigger,不在当前 TD-LTE SF 小区服务 catalog 白名单，属于旧扩展/私有/跨分组路径绑定
MOD FAP_SERVICE,Device.Services.FAPService.{i}.CellConfig.{i}.NR.RAN.Mobility.ConnMode.NR.A1MeasureCtrl.{i},不在当前 TD-LTE SF 小区服务 catalog 白名单，属于旧扩展/私有/跨分组路径绑定
MOD FAP_SERVICE,Device.Services.FAPService.{i}.CellConfig.{i}.NR.RAN.Mobility.ConnMode.NR.A1MeasureCtrl.{i}.A1ThresholdRSRP,不在当前 TD-LTE SF 小区服务 catalog 白名单，属于旧扩展/私有/跨分组路径绑定
MOD FAP_SERVICE,Device.Services.FAPService.{i}.CellConfig.{i}.NR.RAN.Mobility.ConnMode.NR.A1MeasureCtrl.{i}.A1ThresholdRSRQ,不在当前 TD-LTE SF 小区服务 catalog 白名单，属于旧扩展/私有/跨分组路径绑定
MOD FAP_SERVICE,Device.Services.FAPService.{i}.CellConfig.{i}.NR.RAN.Mobility.ConnMode.NR.A1MeasureCtrl.{i}.A1ThresholdSINR,不在当前 TD-LTE SF 小区服务 catalog 白名单，属于旧扩展/私有/跨分组路径绑定
MOD FAP_SERVICE,Device.Services.FAPService.{i}.CellConfig.{i}.NR.RAN.Mobility.ConnMode.NR.A1MeasureCtrl.{i}.Enable,不在当前 TD-LTE SF 小区服务 catalog 白名单，属于旧扩展/私有/跨分组路径绑定
MOD FAP_SERVICE,Device.Services.FAPService.{i}.CellConfig.{i}.NR.RAN.Mobility.ConnMode.NR.A1MeasureCtrl.{i}.Hysteresis,不在当前 TD-LTE SF 小区服务 catalog 白名单，属于旧扩展/私有/跨分组路径绑定
MOD FAP_SERVICE,Device.Services.FAPService.{i}.CellConfig.{i}.NR.RAN.Mobility.ConnMode.NR.A1MeasureCtrl.{i}.IncludeBeamMeasurements,不在当前 TD-LTE SF 小区服务 catalog 白名单，属于旧扩展/私有/跨分组路径绑定
MOD FAP_SERVICE,Device.Services.FAPService.{i}.CellConfig.{i}.NR.RAN.Mobility.ConnMode.NR.A1MeasureCtrl.{i}.MaxNrofRSIndexToReport,不在当前 TD-LTE SF 小区服务 catalog 白名单，属于旧扩展/私有/跨分组路径绑定
MOD FAP_SERVICE,Device.Services.FAPService.{i}.CellConfig.{i}.NR.RAN.Mobility.ConnMode.NR.A1MeasureCtrl.{i}.MaxReportCells,不在当前 TD-LTE SF 小区服务 catalog 白名单，属于旧扩展/私有/跨分组路径绑定
MOD FAP_SERVICE,Device.Services.FAPService.{i}.CellConfig.{i}.NR.RAN.Mobility.ConnMode.NR.A1MeasureCtrl.{i}.MeasurePurpose,不在当前 TD-LTE SF 小区服务 catalog 白名单，属于旧扩展/私有/跨分组路径绑定
MOD FAP_SERVICE,Device.Services.FAPService.{i}.CellConfig.{i}.NR.RAN.Mobility.ConnMode.NR.A1MeasureCtrl.{i}.PLMNID,不在当前 TD-LTE SF 小区服务 catalog 白名单，属于旧扩展/私有/跨分组路径绑定
MOD FAP_SERVICE,Device.Services.FAPService.{i}.CellConfig.{i}.NR.RAN.Mobility.ConnMode.NR.A1MeasureCtrl.{i}.ReportAmount,不在当前 TD-LTE SF 小区服务 catalog 白名单，属于旧扩展/私有/跨分组路径绑定
MOD FAP_SERVICE,Device.Services.FAPService.{i}.CellConfig.{i}.NR.RAN.Mobility.ConnMode.NR.A1MeasureCtrl.{i}.ReportInterval,不在当前 TD-LTE SF 小区服务 catalog 白名单，属于旧扩展/私有/跨分组路径绑定
MOD FAP_SERVICE,Device.Services.FAPService.{i}.CellConfig.{i}.NR.RAN.Mobility.ConnMode.NR.A1MeasureCtrl.{i}.ReportOnLeave,不在当前 TD-LTE SF 小区服务 catalog 白名单，属于旧扩展/私有/跨分组路径绑定
MOD FAP_SERVICE,Device.Services.FAPService.{i}.CellConfig.{i}.NR.RAN.Mobility.ConnMode.NR.A1MeasureCtrl.{i}.ReportQuantityCell,不在当前 TD-LTE SF 小区服务 catalog 白名单，属于旧扩展/私有/跨分组路径绑定
MOD FAP_SERVICE,Device.Services.FAPService.{i}.CellConfig.{i}.NR.RAN.Mobility.ConnMode.NR.A1MeasureCtrl.{i}.RptQuantityRsIndex,不在当前 TD-LTE SF 小区服务 catalog 白名单，属于旧扩展/私有/跨分组路径绑定
MOD FAP_SERVICE,Device.Services.FAPService.{i}.CellConfig.{i}.NR.RAN.Mobility.ConnMode.NR.A1MeasureCtrl.{i}.RsType,不在当前 TD-LTE SF 小区服务 catalog 白名单，属于旧扩展/私有/跨分组路径绑定
MOD FAP_SERVICE,Device.Services.FAPService.{i}.CellConfig.{i}.NR.RAN.Mobility.ConnMode.NR.A1MeasureCtrl.{i}.ThresholdTriggerType,不在当前 TD-LTE SF 小区服务 catalog 白名单，属于旧扩展/私有/跨分组路径绑定
MOD FAP_SERVICE,Device.Services.FAPService.{i}.CellConfig.{i}.NR.RAN.Mobility.ConnMode.NR.A1MeasureCtrl.{i}.TimeToTrigger,不在当前 TD-LTE SF 小区服务 catalog 白名单，属于旧扩展/私有/跨分组路径绑定
MOD FAP_SERVICE,Device.Services.FAPService.{i}.CellConfig.{i}.NR.RAN.Mobility.ConnMode.NR.A2MeasureCtrl.{i},不在当前 TD-LTE SF 小区服务 catalog 白名单，属于旧扩展/私有/跨分组路径绑定
MOD FAP_SERVICE,Device.Services.FAPService.{i}.CellConfig.{i}.NR.RAN.Mobility.ConnMode.NR.A2MeasureCtrl.{i}.A2ThresholdRSRP,不在当前 TD-LTE SF 小区服务 catalog 白名单，属于旧扩展/私有/跨分组路径绑定
MOD FAP_SERVICE,Device.Services.FAPService.{i}.CellConfig.{i}.NR.RAN.Mobility.ConnMode.NR.A2MeasureCtrl.{i}.A2ThresholdRSRQ,不在当前 TD-LTE SF 小区服务 catalog 白名单，属于旧扩展/私有/跨分组路径绑定
MOD FAP_SERVICE,Device.Services.FAPService.{i}.CellConfig.{i}.NR.RAN.Mobility.ConnMode.NR.A2MeasureCtrl.{i}.A2ThresholdSINR,不在当前 TD-LTE SF 小区服务 catalog 白名单，属于旧扩展/私有/跨分组路径绑定
MOD FAP_SERVICE,Device.Services.FAPService.{i}.CellConfig.{i}.NR.RAN.Mobility.ConnMode.NR.A2MeasureCtrl.{i}.Enable,不在当前 TD-LTE SF 小区服务 catalog 白名单，属于旧扩展/私有/跨分组路径绑定
MOD FAP_SERVICE,Device.Services.FAPService.{i}.CellConfig.{i}.NR.RAN.Mobility.ConnMode.NR.A2MeasureCtrl.{i}.Hysteresis,不在当前 TD-LTE SF 小区服务 catalog 白名单，属于旧扩展/私有/跨分组路径绑定
MOD FAP_SERVICE,Device.Services.FAPService.{i}.CellConfig.{i}.NR.RAN.Mobility.ConnMode.NR.A2MeasureCtrl.{i}.IncludeBeamMeasurements,不在当前 TD-LTE SF 小区服务 catalog 白名单，属于旧扩展/私有/跨分组路径绑定
MOD FAP_SERVICE,Device.Services.FAPService.{i}.CellConfig.{i}.NR.RAN.Mobility.ConnMode.NR.A2MeasureCtrl.{i}.MaxNrofRSIndexToReport,不在当前 TD-LTE SF 小区服务 catalog 白名单，属于旧扩展/私有/跨分组路径绑定
MOD FAP_SERVICE,Device.Services.FAPService.{i}.CellConfig.{i}.NR.RAN.Mobility.ConnMode.NR.A2MeasureCtrl.{i}.MaxReportCells,不在当前 TD-LTE SF 小区服务 catalog 白名单，属于旧扩展/私有/跨分组路径绑定
MOD FAP_SERVICE,Device.Services.FAPService.{i}.CellConfig.{i}.NR.RAN.Mobility.ConnMode.NR.A2MeasureCtrl.{i}.MeasurePurpose,不在当前 TD-LTE SF 小区服务 catalog 白名单，属于旧扩展/私有/跨分组路径绑定
MOD FAP_SERVICE,Device.Services.FAPService.{i}.CellConfig.{i}.NR.RAN.Mobility.ConnMode.NR.A2MeasureCtrl.{i}.PLMNID,不在当前 TD-LTE SF 小区服务 catalog 白名单，属于旧扩展/私有/跨分组路径绑定
MOD FAP_SERVICE,Device.Services.FAPService.{i}.CellConfig.{i}.NR.RAN.Mobility.ConnMode.NR.A2MeasureCtrl.{i}.ReportAmount,不在当前 TD-LTE SF 小区服务 catalog 白名单，属于旧扩展/私有/跨分组路径绑定
MOD FAP_SERVICE,Device.Services.FAPService.{i}.CellConfig.{i}.NR.RAN.Mobility.ConnMode.NR.A2MeasureCtrl.{i}.ReportInterval,不在当前 TD-LTE SF 小区服务 catalog 白名单，属于旧扩展/私有/跨分组路径绑定
MOD FAP_SERVICE,Device.Services.FAPService.{i}.CellConfig.{i}.NR.RAN.Mobility.ConnMode.NR.A2MeasureCtrl.{i}.ReportOnLeave,不在当前 TD-LTE SF 小区服务 catalog 白名单，属于旧扩展/私有/跨分组路径绑定
MOD FAP_SERVICE,Device.Services.FAPService.{i}.CellConfig.{i}.NR.RAN.Mobility.ConnMode.NR.A2MeasureCtrl.{i}.ReportQuantityCell,不在当前 TD-LTE SF 小区服务 catalog 白名单，属于旧扩展/私有/跨分组路径绑定
MOD FAP_SERVICE,Device.Services.FAPService.{i}.CellConfig.{i}.NR.RAN.Mobility.ConnMode.NR.A2MeasureCtrl.{i}.RptQuantityRsIndex,不在当前 TD-LTE SF 小区服务 catalog 白名单，属于旧扩展/私有/跨分组路径绑定
MOD FAP_SERVICE,Device.Services.FAPService.{i}.CellConfig.{i}.NR.RAN.Mobility.ConnMode.NR.A2MeasureCtrl.{i}.RsType,不在当前 TD-LTE SF 小区服务 catalog 白名单，属于旧扩展/私有/跨分组路径绑定
MOD FAP_SERVICE,Device.Services.FAPService.{i}.CellConfig.{i}.NR.RAN.Mobility.ConnMode.NR.A2MeasureCtrl.{i}.ThresholdTriggerType,不在当前 TD-LTE SF 小区服务 catalog 白名单，属于旧扩展/私有/跨分组路径绑定
MOD FAP_SERVICE,Device.Services.FAPService.{i}.CellConfig.{i}.NR.RAN.Mobility.ConnMode.NR.A2MeasureCtrl.{i}.TimeToTrigger,不在当前 TD-LTE SF 小区服务 catalog 白名单，属于旧扩展/私有/跨分组路径绑定
MOD FAP_SERVICE,Device.Services.FAPService.{i}.CellConfig.{i}.NR.RAN.Mobility.ConnMode.NR.A3MeasureCtrl.{i},不在当前 TD-LTE SF 小区服务 catalog 白名单，属于旧扩展/私有/跨分组路径绑定
MOD FAP_SERVICE,Device.Services.FAPService.{i}.CellConfig.{i}.NR.RAN.Mobility.ConnMode.NR.A3MeasureCtrl.{i}.A3OffsetRSRP,不在当前 TD-LTE SF 小区服务 catalog 白名单，属于旧扩展/私有/跨分组路径绑定
MOD FAP_SERVICE,Device.Services.FAPService.{i}.CellConfig.{i}.NR.RAN.Mobility.ConnMode.NR.A3MeasureCtrl.{i}.A3OffsetRSRQ,不在当前 TD-LTE SF 小区服务 catalog 白名单，属于旧扩展/私有/跨分组路径绑定
MOD FAP_SERVICE,Device.Services.FAPService.{i}.CellConfig.{i}.NR.RAN.Mobility.ConnMode.NR.A3MeasureCtrl.{i}.A3OffsetSINR,不在当前 TD-LTE SF 小区服务 catalog 白名单，属于旧扩展/私有/跨分组路径绑定
MOD FAP_SERVICE,Device.Services.FAPService.{i}.CellConfig.{i}.NR.RAN.Mobility.ConnMode.NR.A3MeasureCtrl.{i}.Enable,不在当前 TD-LTE SF 小区服务 catalog 白名单，属于旧扩展/私有/跨分组路径绑定
MOD FAP_SERVICE,Device.Services.FAPService.{i}.CellConfig.{i}.NR.RAN.Mobility.ConnMode.NR.A3MeasureCtrl.{i}.Hysteresis,不在当前 TD-LTE SF 小区服务 catalog 白名单，属于旧扩展/私有/跨分组路径绑定
MOD FAP_SERVICE,Device.Services.FAPService.{i}.CellConfig.{i}.NR.RAN.Mobility.ConnMode.NR.A3MeasureCtrl.{i}.IncludeBeamMeasurements,不在当前 TD-LTE SF 小区服务 catalog 白名单，属于旧扩展/私有/跨分组路径绑定
MOD FAP_SERVICE,Device.Services.FAPService.{i}.CellConfig.{i}.NR.RAN.Mobility.ConnMode.NR.A3MeasureCtrl.{i}.MaxNrofRSIndexToReport,不在当前 TD-LTE SF 小区服务 catalog 白名单，属于旧扩展/私有/跨分组路径绑定
MOD FAP_SERVICE,Device.Services.FAPService.{i}.CellConfig.{i}.NR.RAN.Mobility.ConnMode.NR.A3MeasureCtrl.{i}.MaxReportCells,不在当前 TD-LTE SF 小区服务 catalog 白名单，属于旧扩展/私有/跨分组路径绑定
MOD FAP_SERVICE,Device.Services.FAPService.{i}.CellConfig.{i}.NR.RAN.Mobility.ConnMode.NR.A3MeasureCtrl.{i}.MeasurePurpose,不在当前 TD-LTE SF 小区服务 catalog 白名单，属于旧扩展/私有/跨分组路径绑定
MOD FAP_SERVICE,Device.Services.FAPService.{i}.CellConfig.{i}.NR.RAN.Mobility.ConnMode.NR.A3MeasureCtrl.{i}.PLMNID,不在当前 TD-LTE SF 小区服务 catalog 白名单，属于旧扩展/私有/跨分组路径绑定
MOD FAP_SERVICE,Device.Services.FAPService.{i}.CellConfig.{i}.NR.RAN.Mobility.ConnMode.NR.A3MeasureCtrl.{i}.ReportAmount,不在当前 TD-LTE SF 小区服务 catalog 白名单，属于旧扩展/私有/跨分组路径绑定
MOD FAP_SERVICE,Device.Services.FAPService.{i}.CellConfig.{i}.NR.RAN.Mobility.ConnMode.NR.A3MeasureCtrl.{i}.ReportInterval,不在当前 TD-LTE SF 小区服务 catalog 白名单，属于旧扩展/私有/跨分组路径绑定
MOD FAP_SERVICE,Device.Services.FAPService.{i}.CellConfig.{i}.NR.RAN.Mobility.ConnMode.NR.A3MeasureCtrl.{i}.ReportOnLeave,不在当前 TD-LTE SF 小区服务 catalog 白名单，属于旧扩展/私有/跨分组路径绑定
MOD FAP_SERVICE,Device.Services.FAPService.{i}.CellConfig.{i}.NR.RAN.Mobility.ConnMode.NR.A3MeasureCtrl.{i}.ReportQuantityCell,不在当前 TD-LTE SF 小区服务 catalog 白名单，属于旧扩展/私有/跨分组路径绑定
MOD FAP_SERVICE,Device.Services.FAPService.{i}.CellConfig.{i}.NR.RAN.Mobility.ConnMode.NR.A3MeasureCtrl.{i}.RptQuantityRsIndex,不在当前 TD-LTE SF 小区服务 catalog 白名单，属于旧扩展/私有/跨分组路径绑定
MOD FAP_SERVICE,Device.Services.FAPService.{i}.CellConfig.{i}.NR.RAN.Mobility.ConnMode.NR.A3MeasureCtrl.{i}.RsType,不在当前 TD-LTE SF 小区服务 catalog 白名单，属于旧扩展/私有/跨分组路径绑定
MOD FAP_SERVICE,Device.Services.FAPService.{i}.CellConfig.{i}.NR.RAN.Mobility.ConnMode.NR.A3MeasureCtrl.{i}.ThresholdTriggerType,不在当前 TD-LTE SF 小区服务 catalog 白名单，属于旧扩展/私有/跨分组路径绑定
MOD FAP_SERVICE,Device.Services.FAPService.{i}.CellConfig.{i}.NR.RAN.Mobility.ConnMode.NR.A3MeasureCtrl.{i}.TimeToTrigger,不在当前 TD-LTE SF 小区服务 catalog 白名单，属于旧扩展/私有/跨分组路径绑定
MOD FAP_SERVICE,Device.Services.FAPService.{i}.CellConfig.{i}.NR.RAN.Mobility.ConnMode.NR.A3MeasureCtrl.{i}.UseWhiteCellList,不在当前 TD-LTE SF 小区服务 catalog 白名单，属于旧扩展/私有/跨分组路径绑定
MOD FAP_SERVICE,Device.Services.FAPService.{i}.CellConfig.{i}.NR.RAN.Mobility.ConnMode.NR.A4MeasureCtrl.{i},不在当前 TD-LTE SF 小区服务 catalog 白名单，属于旧扩展/私有/跨分组路径绑定
MOD FAP_SERVICE,Device.Services.FAPService.{i}.CellConfig.{i}.NR.RAN.Mobility.ConnMode.NR.A4MeasureCtrl.{i}.A4ThresholdRSRP,不在当前 TD-LTE SF 小区服务 catalog 白名单，属于旧扩展/私有/跨分组路径绑定
MOD FAP_SERVICE,Device.Services.FAPService.{i}.CellConfig.{i}.NR.RAN.Mobility.ConnMode.NR.A4MeasureCtrl.{i}.A4ThresholdRSRQ,不在当前 TD-LTE SF 小区服务 catalog 白名单，属于旧扩展/私有/跨分组路径绑定
MOD FAP_SERVICE,Device.Services.FAPService.{i}.CellConfig.{i}.NR.RAN.Mobility.ConnMode.NR.A4MeasureCtrl.{i}.A4ThresholdSINR,不在当前 TD-LTE SF 小区服务 catalog 白名单，属于旧扩展/私有/跨分组路径绑定
MOD FAP_SERVICE,Device.Services.FAPService.{i}.CellConfig.{i}.NR.RAN.Mobility.ConnMode.NR.A4MeasureCtrl.{i}.Enable,不在当前 TD-LTE SF 小区服务 catalog 白名单，属于旧扩展/私有/跨分组路径绑定
MOD FAP_SERVICE,Device.Services.FAPService.{i}.CellConfig.{i}.NR.RAN.Mobility.ConnMode.NR.A4MeasureCtrl.{i}.Hysteresis,不在当前 TD-LTE SF 小区服务 catalog 白名单，属于旧扩展/私有/跨分组路径绑定
MOD FAP_SERVICE,Device.Services.FAPService.{i}.CellConfig.{i}.NR.RAN.Mobility.ConnMode.NR.A4MeasureCtrl.{i}.IncludeBeamMeasurements,不在当前 TD-LTE SF 小区服务 catalog 白名单，属于旧扩展/私有/跨分组路径绑定
MOD FAP_SERVICE,Device.Services.FAPService.{i}.CellConfig.{i}.NR.RAN.Mobility.ConnMode.NR.A4MeasureCtrl.{i}.MaxNrofRSIndexToReport,不在当前 TD-LTE SF 小区服务 catalog 白名单，属于旧扩展/私有/跨分组路径绑定
MOD FAP_SERVICE,Device.Services.FAPService.{i}.CellConfig.{i}.NR.RAN.Mobility.ConnMode.NR.A4MeasureCtrl.{i}.MaxReportCells,不在当前 TD-LTE SF 小区服务 catalog 白名单，属于旧扩展/私有/跨分组路径绑定
MOD FAP_SERVICE,Device.Services.FAPService.{i}.CellConfig.{i}.NR.RAN.Mobility.ConnMode.NR.A4MeasureCtrl.{i}.MeasurePurpose,不在当前 TD-LTE SF 小区服务 catalog 白名单，属于旧扩展/私有/跨分组路径绑定
MOD FAP_SERVICE,Device.Services.FAPService.{i}.CellConfig.{i}.NR.RAN.Mobility.ConnMode.NR.A4MeasureCtrl.{i}.PLMNID,不在当前 TD-LTE SF 小区服务 catalog 白名单，属于旧扩展/私有/跨分组路径绑定
MOD FAP_SERVICE,Device.Services.FAPService.{i}.CellConfig.{i}.NR.RAN.Mobility.ConnMode.NR.A4MeasureCtrl.{i}.ReportAmount,不在当前 TD-LTE SF 小区服务 catalog 白名单，属于旧扩展/私有/跨分组路径绑定
MOD FAP_SERVICE,Device.Services.FAPService.{i}.CellConfig.{i}.NR.RAN.Mobility.ConnMode.NR.A4MeasureCtrl.{i}.ReportInterval,不在当前 TD-LTE SF 小区服务 catalog 白名单，属于旧扩展/私有/跨分组路径绑定
MOD FAP_SERVICE,Device.Services.FAPService.{i}.CellConfig.{i}.NR.RAN.Mobility.ConnMode.NR.A4MeasureCtrl.{i}.ReportOnLeave,不在当前 TD-LTE SF 小区服务 catalog 白名单，属于旧扩展/私有/跨分组路径绑定
MOD FAP_SERVICE,Device.Services.FAPService.{i}.CellConfig.{i}.NR.RAN.Mobility.ConnMode.NR.A4MeasureCtrl.{i}.ReportQuantityCell,不在当前 TD-LTE SF 小区服务 catalog 白名单，属于旧扩展/私有/跨分组路径绑定
MOD FAP_SERVICE,Device.Services.FAPService.{i}.CellConfig.{i}.NR.RAN.Mobility.ConnMode.NR.A4MeasureCtrl.{i}.RptQuantityRsIndex,不在当前 TD-LTE SF 小区服务 catalog 白名单，属于旧扩展/私有/跨分组路径绑定
MOD FAP_SERVICE,Device.Services.FAPService.{i}.CellConfig.{i}.NR.RAN.Mobility.ConnMode.NR.A4MeasureCtrl.{i}.RsType,不在当前 TD-LTE SF 小区服务 catalog 白名单，属于旧扩展/私有/跨分组路径绑定
MOD FAP_SERVICE,Device.Services.FAPService.{i}.CellConfig.{i}.NR.RAN.Mobility.ConnMode.NR.A4MeasureCtrl.{i}.ThresholdTriggerType,不在当前 TD-LTE SF 小区服务 catalog 白名单，属于旧扩展/私有/跨分组路径绑定
MOD FAP_SERVICE,Device.Services.FAPService.{i}.CellConfig.{i}.NR.RAN.Mobility.ConnMode.NR.A4MeasureCtrl.{i}.TimeToTrigger,不在当前 TD-LTE SF 小区服务 catalog 白名单，属于旧扩展/私有/跨分组路径绑定
MOD FAP_SERVICE,Device.Services.FAPService.{i}.CellConfig.{i}.NR.RAN.Mobility.ConnMode.NR.A4MeasureCtrl.{i}.UseWhiteCellList,不在当前 TD-LTE SF 小区服务 catalog 白名单，属于旧扩展/私有/跨分组路径绑定
MOD FAP_SERVICE,Device.Services.FAPService.{i}.CellConfig.{i}.NR.RAN.Mobility.ConnMode.NR.A5MeasureCtrl.{i},不在当前 TD-LTE SF 小区服务 catalog 白名单，属于旧扩展/私有/跨分组路径绑定
MOD FAP_SERVICE,Device.Services.FAPService.{i}.CellConfig.{i}.NR.RAN.Mobility.ConnMode.NR.A5MeasureCtrl.{i}.A5Threshold1RSRP,不在当前 TD-LTE SF 小区服务 catalog 白名单，属于旧扩展/私有/跨分组路径绑定
MOD FAP_SERVICE,Device.Services.FAPService.{i}.CellConfig.{i}.NR.RAN.Mobility.ConnMode.NR.A5MeasureCtrl.{i}.A5Threshold1RSRQ,不在当前 TD-LTE SF 小区服务 catalog 白名单，属于旧扩展/私有/跨分组路径绑定
MOD FAP_SERVICE,Device.Services.FAPService.{i}.CellConfig.{i}.NR.RAN.Mobility.ConnMode.NR.A5MeasureCtrl.{i}.A5Threshold1SINR,不在当前 TD-LTE SF 小区服务 catalog 白名单，属于旧扩展/私有/跨分组路径绑定
MOD FAP_SERVICE,Device.Services.FAPService.{i}.CellConfig.{i}.NR.RAN.Mobility.ConnMode.NR.A5MeasureCtrl.{i}.A5Threshold2RSRP,不在当前 TD-LTE SF 小区服务 catalog 白名单，属于旧扩展/私有/跨分组路径绑定
MOD FAP_SERVICE,Device.Services.FAPService.{i}.CellConfig.{i}.NR.RAN.Mobility.ConnMode.NR.A5MeasureCtrl.{i}.A5Threshold2RSRQ,不在当前 TD-LTE SF 小区服务 catalog 白名单，属于旧扩展/私有/跨分组路径绑定
MOD FAP_SERVICE,Device.Services.FAPService.{i}.CellConfig.{i}.NR.RAN.Mobility.ConnMode.NR.A5MeasureCtrl.{i}.A5Threshold2SINR,不在当前 TD-LTE SF 小区服务 catalog 白名单，属于旧扩展/私有/跨分组路径绑定
MOD FAP_SERVICE,Device.Services.FAPService.{i}.CellConfig.{i}.NR.RAN.Mobility.ConnMode.NR.A5MeasureCtrl.{i}.Enable,不在当前 TD-LTE SF 小区服务 catalog 白名单，属于旧扩展/私有/跨分组路径绑定
MOD FAP_SERVICE,Device.Services.FAPService.{i}.CellConfig.{i}.NR.RAN.Mobility.ConnMode.NR.A5MeasureCtrl.{i}.Hysteresis,不在当前 TD-LTE SF 小区服务 catalog 白名单，属于旧扩展/私有/跨分组路径绑定
MOD FAP_SERVICE,Device.Services.FAPService.{i}.CellConfig.{i}.NR.RAN.Mobility.ConnMode.NR.A5MeasureCtrl.{i}.IncludeBeamMeasurements,不在当前 TD-LTE SF 小区服务 catalog 白名单，属于旧扩展/私有/跨分组路径绑定
MOD FAP_SERVICE,Device.Services.FAPService.{i}.CellConfig.{i}.NR.RAN.Mobility.ConnMode.NR.A5MeasureCtrl.{i}.MaxNrofRSIndexToReport,不在当前 TD-LTE SF 小区服务 catalog 白名单，属于旧扩展/私有/跨分组路径绑定
MOD FAP_SERVICE,Device.Services.FAPService.{i}.CellConfig.{i}.NR.RAN.Mobility.ConnMode.NR.A5MeasureCtrl.{i}.MaxReportCells,不在当前 TD-LTE SF 小区服务 catalog 白名单，属于旧扩展/私有/跨分组路径绑定
MOD FAP_SERVICE,Device.Services.FAPService.{i}.CellConfig.{i}.NR.RAN.Mobility.ConnMode.NR.A5MeasureCtrl.{i}.MeasurePurpose,不在当前 TD-LTE SF 小区服务 catalog 白名单，属于旧扩展/私有/跨分组路径绑定
MOD FAP_SERVICE,Device.Services.FAPService.{i}.CellConfig.{i}.NR.RAN.Mobility.ConnMode.NR.A5MeasureCtrl.{i}.PLMNID,不在当前 TD-LTE SF 小区服务 catalog 白名单，属于旧扩展/私有/跨分组路径绑定
MOD FAP_SERVICE,Device.Services.FAPService.{i}.CellConfig.{i}.NR.RAN.Mobility.ConnMode.NR.A5MeasureCtrl.{i}.ReportAmount,不在当前 TD-LTE SF 小区服务 catalog 白名单，属于旧扩展/私有/跨分组路径绑定
MOD FAP_SERVICE,Device.Services.FAPService.{i}.CellConfig.{i}.NR.RAN.Mobility.ConnMode.NR.A5MeasureCtrl.{i}.ReportInterval,不在当前 TD-LTE SF 小区服务 catalog 白名单，属于旧扩展/私有/跨分组路径绑定
MOD FAP_SERVICE,Device.Services.FAPService.{i}.CellConfig.{i}.NR.RAN.Mobility.ConnMode.NR.A5MeasureCtrl.{i}.ReportOnLeave,不在当前 TD-LTE SF 小区服务 catalog 白名单，属于旧扩展/私有/跨分组路径绑定
MOD FAP_SERVICE,Device.Services.FAPService.{i}.CellConfig.{i}.NR.RAN.Mobility.ConnMode.NR.A5MeasureCtrl.{i}.ReportQuantityCell,不在当前 TD-LTE SF 小区服务 catalog 白名单，属于旧扩展/私有/跨分组路径绑定
MOD FAP_SERVICE,Device.Services.FAPService.{i}.CellConfig.{i}.NR.RAN.Mobility.ConnMode.NR.A5MeasureCtrl.{i}.RptQuantityRsIndex,不在当前 TD-LTE SF 小区服务 catalog 白名单，属于旧扩展/私有/跨分组路径绑定
MOD FAP_SERVICE,Device.Services.FAPService.{i}.CellConfig.{i}.NR.RAN.Mobility.ConnMode.NR.A5MeasureCtrl.{i}.RsType,不在当前 TD-LTE SF 小区服务 catalog 白名单，属于旧扩展/私有/跨分组路径绑定
MOD FAP_SERVICE,Device.Services.FAPService.{i}.CellConfig.{i}.NR.RAN.Mobility.ConnMode.NR.A5MeasureCtrl.{i}.Threshold2TriggerType,不在当前 TD-LTE SF 小区服务 catalog 白名单，属于旧扩展/私有/跨分组路径绑定
MOD FAP_SERVICE,Device.Services.FAPService.{i}.CellConfig.{i}.NR.RAN.Mobility.ConnMode.NR.A5MeasureCtrl.{i}.ThresholdTriggerType,不在当前 TD-LTE SF 小区服务 catalog 白名单，属于旧扩展/私有/跨分组路径绑定
MOD FAP_SERVICE,Device.Services.FAPService.{i}.CellConfig.{i}.NR.RAN.Mobility.ConnMode.NR.A5MeasureCtrl.{i}.TimeToTrigger,不在当前 TD-LTE SF 小区服务 catalog 白名单，属于旧扩展/私有/跨分组路径绑定
MOD FAP_SERVICE,Device.Services.FAPService.{i}.CellConfig.{i}.NR.RAN.Mobility.ConnMode.NR.A5MeasureCtrl.{i}.UseWhiteCellList,不在当前 TD-LTE SF 小区服务 catalog 白名单，属于旧扩展/私有/跨分组路径绑定
MOD FAP_SERVICE,Device.Services.FAPService.{i}.CellConfig.{i}.NR.RAN.Mobility.ConnMode.NR.InterFreq.Carrier.{i},不在当前 TD-LTE SF 小区服务 catalog 白名单，属于旧扩展/私有/跨分组路径绑定
MOD FAP_SERVICE,Device.Services.FAPService.{i}.CellConfig.{i}.NR.RAN.Mobility.ConnMode.NR.InterFreq.Carrier.{i}.Bitmap,不在当前 TD-LTE SF 小区服务 catalog 白名单，属于旧扩展/私有/跨分组路径绑定
MOD FAP_SERVICE,Device.Services.FAPService.{i}.CellConfig.{i}.NR.RAN.Mobility.ConnMode.NR.InterFreq.Carrier.{i}.BitmapType,不在当前 TD-LTE SF 小区服务 catalog 白名单，属于旧扩展/私有/跨分组路径绑定
MOD FAP_SERVICE,Device.Services.FAPService.{i}.CellConfig.{i}.NR.RAN.Mobility.ConnMode.NR.InterFreq.Carrier.{i}.DeriveSSBIndexFromCell,不在当前 TD-LTE SF 小区服务 catalog 白名单，属于旧扩展/私有/跨分组路径绑定
MOD FAP_SERVICE,Device.Services.FAPService.{i}.CellConfig.{i}.NR.RAN.Mobility.ConnMode.NR.InterFreq.Carrier.{i}.Enable,不在当前 TD-LTE SF 小区服务 catalog 白名单，属于旧扩展/私有/跨分组路径绑定
MOD FAP_SERVICE,Device.Services.FAPService.{i}.CellConfig.{i}.NR.RAN.Mobility.ConnMode.NR.InterFreq.Carrier.{i}.FreqBandIndicatorNR,不在当前 TD-LTE SF 小区服务 catalog 白名单，属于旧扩展/私有/跨分组路径绑定
MOD FAP_SERVICE,Device.Services.FAPService.{i}.CellConfig.{i}.NR.RAN.Mobility.ConnMode.NR.InterFreq.Carrier.{i}.NrofSSBlocksToAverage,不在当前 TD-LTE SF 小区服务 catalog 白名单，属于旧扩展/私有/跨分组路径绑定
MOD FAP_SERVICE,Device.Services.FAPService.{i}.CellConfig.{i}.NR.RAN.Mobility.ConnMode.NR.InterFreq.Carrier.{i}.OffsetToPointA,不在当前 TD-LTE SF 小区服务 catalog 白名单，属于旧扩展/私有/跨分组路径绑定
MOD FAP_SERVICE,Device.Services.FAPService.{i}.CellConfig.{i}.NR.RAN.Mobility.ConnMode.NR.InterFreq.Carrier.{i}.RsrpOffsetCsiRs,不在当前 TD-LTE SF 小区服务 catalog 白名单，属于旧扩展/私有/跨分组路径绑定
MOD FAP_SERVICE,Device.Services.FAPService.{i}.CellConfig.{i}.NR.RAN.Mobility.ConnMode.NR.InterFreq.Carrier.{i}.RsrpOffsetSSB,不在当前 TD-LTE SF 小区服务 catalog 白名单，属于旧扩展/私有/跨分组路径绑定
MOD FAP_SERVICE,Device.Services.FAPService.{i}.CellConfig.{i}.NR.RAN.Mobility.ConnMode.NR.InterFreq.Carrier.{i}.RsrqOffsetCsiRs,不在当前 TD-LTE SF 小区服务 catalog 白名单，属于旧扩展/私有/跨分组路径绑定
MOD FAP_SERVICE,Device.Services.FAPService.{i}.CellConfig.{i}.NR.RAN.Mobility.ConnMode.NR.InterFreq.Carrier.{i}.RsrqOffsetSSB,不在当前 TD-LTE SF 小区服务 catalog 白名单，属于旧扩展/私有/跨分组路径绑定
MOD FAP_SERVICE,Device.Services.FAPService.{i}.CellConfig.{i}.NR.RAN.Mobility.ConnMode.NR.InterFreq.Carrier.{i}.SinrOffsetCsiRs,不在当前 TD-LTE SF 小区服务 catalog 白名单，属于旧扩展/私有/跨分组路径绑定
MOD FAP_SERVICE,Device.Services.FAPService.{i}.CellConfig.{i}.NR.RAN.Mobility.ConnMode.NR.InterFreq.Carrier.{i}.SinrOffsetSSB,不在当前 TD-LTE SF 小区服务 catalog 白名单，属于旧扩展/私有/跨分组路径绑定
MOD FAP_SERVICE,Device.Services.FAPService.{i}.CellConfig.{i}.NR.RAN.Mobility.ConnMode.NR.InterFreq.Carrier.{i}.SmtcDuration,不在当前 TD-LTE SF 小区服务 catalog 白名单，属于旧扩展/私有/跨分组路径绑定
MOD FAP_SERVICE,Device.Services.FAPService.{i}.CellConfig.{i}.NR.RAN.Mobility.ConnMode.NR.InterFreq.Carrier.{i}.SmtcOffset,不在当前 TD-LTE SF 小区服务 catalog 白名单，属于旧扩展/私有/跨分组路径绑定
MOD FAP_SERVICE,Device.Services.FAPService.{i}.CellConfig.{i}.NR.RAN.Mobility.ConnMode.NR.InterFreq.Carrier.{i}.SmtcPeriodicity,不在当前 TD-LTE SF 小区服务 catalog 白名单，属于旧扩展/私有/跨分组路径绑定
MOD FAP_SERVICE,Device.Services.FAPService.{i}.CellConfig.{i}.NR.RAN.Mobility.ConnMode.NR.InterFreq.Carrier.{i}.SSBFrequency,不在当前 TD-LTE SF 小区服务 catalog 白名单，属于旧扩展/私有/跨分组路径绑定
MOD FAP_SERVICE,Device.Services.FAPService.{i}.CellConfig.{i}.NR.RAN.Mobility.ConnMode.NR.InterFreq.Carrier.{i}.SSBlocksConsolidationRsrp,不在当前 TD-LTE SF 小区服务 catalog 白名单，属于旧扩展/私有/跨分组路径绑定
MOD FAP_SERVICE,Device.Services.FAPService.{i}.CellConfig.{i}.NR.RAN.Mobility.ConnMode.NR.InterFreq.Carrier.{i}.SSBlocksConsolidationRsrq,不在当前 TD-LTE SF 小区服务 catalog 白名单，属于旧扩展/私有/跨分组路径绑定
MOD FAP_SERVICE,Device.Services.FAPService.{i}.CellConfig.{i}.NR.RAN.Mobility.ConnMode.NR.InterFreq.Carrier.{i}.SSBlocksConsolidationSinr,不在当前 TD-LTE SF 小区服务 catalog 白名单，属于旧扩展/私有/跨分组路径绑定
MOD FAP_SERVICE,Device.Services.FAPService.{i}.CellConfig.{i}.NR.RAN.Mobility.ConnMode.NR.InterFreq.Carrier.{i}.SsbSubcarrierOffset,不在当前 TD-LTE SF 小区服务 catalog 白名单，属于旧扩展/私有/跨分组路径绑定
MOD FAP_SERVICE,Device.Services.FAPService.{i}.CellConfig.{i}.NR.RAN.Mobility.ConnMode.NR.InterFreq.Carrier.{i}.SubcarrierSpacing,不在当前 TD-LTE SF 小区服务 catalog 白名单，属于旧扩展/私有/跨分组路径绑定
MOD FAP_SERVICE,Device.Services.FAPService.{i}.CellConfig.{i}.NR.RAN.Mobility.ConnMode.NR.MeasureCtrl.MobilityStrategy,不在当前 TD-LTE SF 小区服务 catalog 白名单，属于旧扩展/私有/跨分组路径绑定
MOD FAP_SERVICE,Device.Services.FAPService.{i}.CellConfig.{i}.NR.RAN.Mobility.ConnMode.NR.PeriodMeasCtrl.{i},不在当前 TD-LTE SF 小区服务 catalog 白名单，属于旧扩展/私有/跨分组路径绑定
MOD FAP_SERVICE,Device.Services.FAPService.{i}.CellConfig.{i}.NR.RAN.Mobility.ConnMode.NR.PeriodMeasCtrl.{i}.MaxReportCells,不在当前 TD-LTE SF 小区服务 catalog 白名单，属于旧扩展/私有/跨分组路径绑定
MOD FAP_SERVICE,Device.Services.FAPService.{i}.CellConfig.{i}.NR.RAN.Mobility.ConnMode.NR.PeriodMeasCtrl.{i}.MeasurePurpose,不在当前 TD-LTE SF 小区服务 catalog 白名单，属于旧扩展/私有/跨分组路径绑定
MOD FAP_SERVICE,Device.Services.FAPService.{i}.CellConfig.{i}.NR.RAN.Mobility.ConnMode.NR.PeriodMeasCtrl.{i}.ReportAmount,不在当前 TD-LTE SF 小区服务 catalog 白名单，属于旧扩展/私有/跨分组路径绑定
MOD FAP_SERVICE,Device.Services.FAPService.{i}.CellConfig.{i}.NR.RAN.Mobility.ConnMode.NR.PeriodMeasCtrl.{i}.ReportInterval,不在当前 TD-LTE SF 小区服务 catalog 白名单，属于旧扩展/私有/跨分组路径绑定
MOD FAP_SERVICE,Device.Services.FAPService.{i}.CellConfig.{i}.NR.RAN.Mobility.ConnMode.NR.PeriodMeasCtrl.{i}.ReportQuantity,不在当前 TD-LTE SF 小区服务 catalog 白名单，属于旧扩展/私有/跨分组路径绑定
MOD FAP_SERVICE,Device.Services.FAPService.{i}.CellConfig.{i}.NR.RAN.Mobility.IdleMode.Common.Qhyst,不在当前 TD-LTE SF 小区服务 catalog 白名单，属于旧扩展/私有/跨分组路径绑定
MOD FAP_SERVICE,Device.Services.FAPService.{i}.CellConfig.{i}.NR.RAN.Mobility.IdleMode.EUTRA.Carrier.{i},不在当前 TD-LTE SF 小区服务 catalog 白名单，属于旧扩展/私有/跨分组路径绑定
MOD FAP_SERVICE,Device.Services.FAPService.{i}.CellConfig.{i}.NR.RAN.Mobility.IdleMode.EUTRA.Carrier.{i}.AllowedMeasBandwidth,不在当前 TD-LTE SF 小区服务 catalog 白名单，属于旧扩展/私有/跨分组路径绑定
MOD FAP_SERVICE,Device.Services.FAPService.{i}.CellConfig.{i}.NR.RAN.Mobility.IdleMode.EUTRA.Carrier.{i}.BlackPhysCellIdRange,不在当前 TD-LTE SF 小区服务 catalog 白名单，属于旧扩展/私有/跨分组路径绑定
MOD FAP_SERVICE,Device.Services.FAPService.{i}.CellConfig.{i}.NR.RAN.Mobility.IdleMode.EUTRA.Carrier.{i}.BlackPhysCellIdStart,不在当前 TD-LTE SF 小区服务 catalog 白名单，属于旧扩展/私有/跨分组路径绑定
MOD FAP_SERVICE,Device.Services.FAPService.{i}.CellConfig.{i}.NR.RAN.Mobility.IdleMode.EUTRA.Carrier.{i}.CellReselectionPriority,不在当前 TD-LTE SF 小区服务 catalog 白名单，属于旧扩展/私有/跨分组路径绑定
MOD FAP_SERVICE,Device.Services.FAPService.{i}.CellConfig.{i}.NR.RAN.Mobility.IdleMode.EUTRA.Carrier.{i}.EUTRACarrierARFCN,不在当前 TD-LTE SF 小区服务 catalog 白名单，属于旧扩展/私有/跨分组路径绑定
MOD FAP_SERVICE,Device.Services.FAPService.{i}.CellConfig.{i}.NR.RAN.Mobility.IdleMode.EUTRA.Carrier.{i}.PMaxEUTRA,不在当前 TD-LTE SF 小区服务 catalog 白名单，属于旧扩展/私有/跨分组路径绑定
MOD FAP_SERVICE,Device.Services.FAPService.{i}.CellConfig.{i}.NR.RAN.Mobility.IdleMode.EUTRA.Carrier.{i}.PresenceAntennaPort1,不在当前 TD-LTE SF 小区服务 catalog 白名单，属于旧扩展/私有/跨分组路径绑定
MOD FAP_SERVICE,Device.Services.FAPService.{i}.CellConfig.{i}.NR.RAN.Mobility.IdleMode.EUTRA.Carrier.{i}.QQualMin,不在当前 TD-LTE SF 小区服务 catalog 白名单，属于旧扩展/私有/跨分组路径绑定
MOD FAP_SERVICE,Device.Services.FAPService.{i}.CellConfig.{i}.NR.RAN.Mobility.IdleMode.EUTRA.Carrier.{i}.QRxLevMin,不在当前 TD-LTE SF 小区服务 catalog 白名单，属于旧扩展/私有/跨分组路径绑定
MOD FAP_SERVICE,Device.Services.FAPService.{i}.CellConfig.{i}.NR.RAN.Mobility.IdleMode.EUTRA.Carrier.{i}.ThreshXHigh,不在当前 TD-LTE SF 小区服务 catalog 白名单，属于旧扩展/私有/跨分组路径绑定
MOD FAP_SERVICE,Device.Services.FAPService.{i}.CellConfig.{i}.NR.RAN.Mobility.IdleMode.EUTRA.Carrier.{i}.ThreshXHighQ,不在当前 TD-LTE SF 小区服务 catalog 白名单，属于旧扩展/私有/跨分组路径绑定
MOD FAP_SERVICE,Device.Services.FAPService.{i}.CellConfig.{i}.NR.RAN.Mobility.IdleMode.EUTRA.Carrier.{i}.ThreshXLow,不在当前 TD-LTE SF 小区服务 catalog 白名单，属于旧扩展/私有/跨分组路径绑定
MOD FAP_SERVICE,Device.Services.FAPService.{i}.CellConfig.{i}.NR.RAN.Mobility.IdleMode.EUTRA.Carrier.{i}.TReselectionEUTRA,不在当前 TD-LTE SF 小区服务 catalog 白名单，属于旧扩展/私有/跨分组路径绑定
MOD FAP_SERVICE,Device.Services.FAPService.{i}.CellConfig.{i}.NR.RAN.Mobility.IdleMode.InterFreq.Carrier.{i},不在当前 TD-LTE SF 小区服务 catalog 白名单，属于旧扩展/私有/跨分组路径绑定
MOD FAP_SERVICE,Device.Services.FAPService.{i}.CellConfig.{i}.NR.RAN.Mobility.IdleMode.InterFreq.Carrier.{i}.AbsThreshSSBlocksConsolidation,不在当前 TD-LTE SF 小区服务 catalog 白名单，属于旧扩展/私有/跨分组路径绑定
MOD FAP_SERVICE,Device.Services.FAPService.{i}.CellConfig.{i}.NR.RAN.Mobility.IdleMode.InterFreq.Carrier.{i}.BlackPhysCellIdRange,不在当前 TD-LTE SF 小区服务 catalog 白名单，属于旧扩展/私有/跨分组路径绑定
MOD FAP_SERVICE,Device.Services.FAPService.{i}.CellConfig.{i}.NR.RAN.Mobility.IdleMode.InterFreq.Carrier.{i}.BlackPhysCellIdStart,不在当前 TD-LTE SF 小区服务 catalog 白名单，属于旧扩展/私有/跨分组路径绑定
MOD FAP_SERVICE,Device.Services.FAPService.{i}.CellConfig.{i}.NR.RAN.Mobility.IdleMode.InterFreq.Carrier.{i}.CellReselectionPriority,不在当前 TD-LTE SF 小区服务 catalog 白名单，属于旧扩展/私有/跨分组路径绑定
MOD FAP_SERVICE,Device.Services.FAPService.{i}.CellConfig.{i}.NR.RAN.Mobility.IdleMode.InterFreq.Carrier.{i}.CellReselectionSubPriority,不在当前 TD-LTE SF 小区服务 catalog 白名单，属于旧扩展/私有/跨分组路径绑定
MOD FAP_SERVICE,Device.Services.FAPService.{i}.CellConfig.{i}.NR.RAN.Mobility.IdleMode.InterFreq.Carrier.{i}.DeriveSSBIndexFromCell,不在当前 TD-LTE SF 小区服务 catalog 白名单，属于旧扩展/私有/跨分组路径绑定
MOD FAP_SERVICE,Device.Services.FAPService.{i}.CellConfig.{i}.NR.RAN.Mobility.IdleMode.InterFreq.Carrier.{i}.DlCarrierFreq,不在当前 TD-LTE SF 小区服务 catalog 白名单，属于旧扩展/私有/跨分组路径绑定
MOD FAP_SERVICE,Device.Services.FAPService.{i}.CellConfig.{i}.NR.RAN.Mobility.IdleMode.InterFreq.Carrier.{i}.NrofSSBlocksToAverage,不在当前 TD-LTE SF 小区服务 catalog 白名单，属于旧扩展/私有/跨分组路径绑定
MOD FAP_SERVICE,Device.Services.FAPService.{i}.CellConfig.{i}.NR.RAN.Mobility.IdleMode.InterFreq.Carrier.{i}.Pmax,不在当前 TD-LTE SF 小区服务 catalog 白名单，属于旧扩展/私有/跨分组路径绑定
MOD FAP_SERVICE,Device.Services.FAPService.{i}.CellConfig.{i}.NR.RAN.Mobility.IdleMode.InterFreq.Carrier.{i}.QOffsetFreq,不在当前 TD-LTE SF 小区服务 catalog 白名单，属于旧扩展/私有/跨分组路径绑定
MOD FAP_SERVICE,Device.Services.FAPService.{i}.CellConfig.{i}.NR.RAN.Mobility.IdleMode.InterFreq.Carrier.{i}.QQualMin,不在当前 TD-LTE SF 小区服务 catalog 白名单，属于旧扩展/私有/跨分组路径绑定
MOD FAP_SERVICE,Device.Services.FAPService.{i}.CellConfig.{i}.NR.RAN.Mobility.IdleMode.InterFreq.Carrier.{i}.QRxLevMin,不在当前 TD-LTE SF 小区服务 catalog 白名单，属于旧扩展/私有/跨分组路径绑定
MOD FAP_SERVICE,Device.Services.FAPService.{i}.CellConfig.{i}.NR.RAN.Mobility.IdleMode.InterFreq.Carrier.{i}.SsbSubcarrierSpacing,不在当前 TD-LTE SF 小区服务 catalog 白名单，属于旧扩展/私有/跨分组路径绑定
MOD FAP_SERVICE,Device.Services.FAPService.{i}.CellConfig.{i}.NR.RAN.Mobility.IdleMode.InterFreq.Carrier.{i}.ThresholdRSRQ,不在当前 TD-LTE SF 小区服务 catalog 白名单，属于旧扩展/私有/跨分组路径绑定
MOD FAP_SERVICE,Device.Services.FAPService.{i}.CellConfig.{i}.NR.RAN.Mobility.IdleMode.InterFreq.Carrier.{i}.ThresholdSINR,不在当前 TD-LTE SF 小区服务 catalog 白名单，属于旧扩展/私有/跨分组路径绑定
MOD FAP_SERVICE,Device.Services.FAPService.{i}.CellConfig.{i}.NR.RAN.Mobility.IdleMode.InterFreq.Carrier.{i}.ThreshXHighP,不在当前 TD-LTE SF 小区服务 catalog 白名单，属于旧扩展/私有/跨分组路径绑定
MOD FAP_SERVICE,Device.Services.FAPService.{i}.CellConfig.{i}.NR.RAN.Mobility.IdleMode.InterFreq.Carrier.{i}.ThreshXHighQ,不在当前 TD-LTE SF 小区服务 catalog 白名单，属于旧扩展/私有/跨分组路径绑定
MOD FAP_SERVICE,Device.Services.FAPService.{i}.CellConfig.{i}.NR.RAN.Mobility.IdleMode.InterFreq.Carrier.{i}.ThreshXLowP,不在当前 TD-LTE SF 小区服务 catalog 白名单，属于旧扩展/私有/跨分组路径绑定
MOD FAP_SERVICE,Device.Services.FAPService.{i}.CellConfig.{i}.NR.RAN.Mobility.IdleMode.InterFreq.Carrier.{i}.ThreshXLowQ,不在当前 TD-LTE SF 小区服务 catalog 白名单，属于旧扩展/私有/跨分组路径绑定
MOD FAP_SERVICE,Device.Services.FAPService.{i}.CellConfig.{i}.NR.RAN.Mobility.IdleMode.InterFreq.Carrier.{i}.TReselectionNR,不在当前 TD-LTE SF 小区服务 catalog 白名单，属于旧扩展/私有/跨分组路径绑定
MOD FAP_SERVICE,Device.Services.FAPService.{i}.CellConfig.{i}.NR.RAN.Mobility.IdleMode.IntraFreq.CellReselectionPriority,不在当前 TD-LTE SF 小区服务 catalog 白名单，属于旧扩展/私有/跨分组路径绑定
MOD FAP_SERVICE,Device.Services.FAPService.{i}.CellConfig.{i}.NR.RAN.Mobility.IdleMode.IntraFreq.DeriveSSBIndexFromCell,不在当前 TD-LTE SF 小区服务 catalog 白名单，属于旧扩展/私有/跨分组路径绑定
MOD FAP_SERVICE,Device.Services.FAPService.{i}.CellConfig.{i}.NR.RAN.Mobility.IdleMode.IntraFreq.Qqualminoffset,不在当前 TD-LTE SF 小区服务 catalog 白名单，属于旧扩展/私有/跨分组路径绑定
MOD FAP_SERVICE,Device.Services.FAPService.{i}.CellConfig.{i}.NR.RAN.Mobility.IdleMode.IntraFreq.QQualMinSIB1,不在当前 TD-LTE SF 小区服务 catalog 白名单，属于旧扩展/私有/跨分组路径绑定
MOD FAP_SERVICE,Device.Services.FAPService.{i}.CellConfig.{i}.NR.RAN.Mobility.IdleMode.IntraFreq.QRxLevMinOffset,不在当前 TD-LTE SF 小区服务 catalog 白名单，属于旧扩展/私有/跨分组路径绑定
MOD FAP_SERVICE,Device.Services.FAPService.{i}.CellConfig.{i}.NR.RAN.Mobility.IdleMode.IntraFreq.QRxLevMinSIB1,不在当前 TD-LTE SF 小区服务 catalog 白名单，属于旧扩展/私有/跨分组路径绑定
MOD FAP_SERVICE,Device.Services.FAPService.{i}.CellConfig.{i}.NR.RAN.Mobility.IdleMode.IntraFreq.QRxLevMinSIB2,不在当前 TD-LTE SF 小区服务 catalog 白名单，属于旧扩展/私有/跨分组路径绑定
MOD FAP_SERVICE,Device.Services.FAPService.{i}.CellConfig.{i}.NR.RAN.Mobility.IdleMode.IntraFreq.SIntraSearchP,不在当前 TD-LTE SF 小区服务 catalog 白名单，属于旧扩展/私有/跨分组路径绑定
MOD FAP_SERVICE,Device.Services.FAPService.{i}.CellConfig.{i}.NR.RAN.Mobility.IdleMode.IntraFreq.SNonIntraSearchP,不在当前 TD-LTE SF 小区服务 catalog 白名单，属于旧扩展/私有/跨分组路径绑定
MOD FAP_SERVICE,Device.Services.FAPService.{i}.CellConfig.{i}.NR.RAN.Mobility.IdleMode.IntraFreq.SNonIntraSearchQ,不在当前 TD-LTE SF 小区服务 catalog 白名单，属于旧扩展/私有/跨分组路径绑定
MOD FAP_SERVICE,Device.Services.FAPService.{i}.CellConfig.{i}.NR.RAN.Mobility.IdleMode.IntraFreq.ThreshServingLowP,不在当前 TD-LTE SF 小区服务 catalog 白名单，属于旧扩展/私有/跨分组路径绑定
MOD FAP_SERVICE,Device.Services.FAPService.{i}.CellConfig.{i}.NR.RAN.Mobility.IdleMode.IntraFreq.TReselectionNR,不在当前 TD-LTE SF 小区服务 catalog 白名单，属于旧扩展/私有/跨分组路径绑定
MOD FAP_SERVICE,Device.Services.FAPService.{i}.CellConfig.{i}.NR.RAN.NeighborList.LTECell.{i},不在当前 TD-LTE SF 小区服务 catalog 白名单，属于旧扩展/私有/跨分组路径绑定
MOD FAP_SERVICE,Device.Services.FAPService.{i}.CellConfig.{i}.NR.RAN.NeighborList.LTECell.{i}.Blacklisted,不在当前 TD-LTE SF 小区服务 catalog 白名单，属于旧扩展/私有/跨分组路径绑定
MOD FAP_SERVICE,Device.Services.FAPService.{i}.CellConfig.{i}.NR.RAN.NeighborList.LTECell.{i}.ECGI,不在当前 TD-LTE SF 小区服务 catalog 白名单，属于旧扩展/私有/跨分组路径绑定
MOD FAP_SERVICE,Device.Services.FAPService.{i}.CellConfig.{i}.NR.RAN.NeighborList.LTECell.{i}.EnbType,不在当前 TD-LTE SF 小区服务 catalog 白名单，属于旧扩展/私有/跨分组路径绑定
MOD FAP_SERVICE,Device.Services.FAPService.{i}.CellConfig.{i}.NR.RAN.NeighborList.LTECell.{i}.NoRemoveEnable,不在当前 TD-LTE SF 小区服务 catalog 白名单，属于旧扩展/私有/跨分组路径绑定
MOD FAP_SERVICE,Device.Services.FAPService.{i}.CellConfig.{i}.NR.RAN.NeighborList.LTECell.{i}.QQualMinOffsetCell,不在当前 TD-LTE SF 小区服务 catalog 白名单，属于旧扩展/私有/跨分组路径绑定
MOD FAP_SERVICE,Device.Services.FAPService.{i}.CellConfig.{i}.NR.RAN.NeighborList.LTECell.{i}.QRxLevMinOffsetCell,不在当前 TD-LTE SF 小区服务 catalog 白名单，属于旧扩展/私有/跨分组路径绑定
MOD FAP_SERVICE,Device.Services.FAPService.{i}.CellConfig.{i}.NR.RAN.NeighborList.NRCell.{i},不在当前 TD-LTE SF 小区服务 catalog 白名单，属于旧扩展/私有/跨分组路径绑定
MOD FAP_SERVICE,Device.Services.FAPService.{i}.CellConfig.{i}.NR.RAN.NeighborList.NRCell.{i}.Blacklisted,不在当前 TD-LTE SF 小区服务 catalog 白名单，属于旧扩展/私有/跨分组路径绑定
MOD FAP_SERVICE,Device.Services.FAPService.{i}.CellConfig.{i}.NR.RAN.NeighborList.NRCell.{i}.CID,不在当前 TD-LTE SF 小区服务 catalog 白名单，属于旧扩展/私有/跨分组路径绑定
MOD FAP_SERVICE,Device.Services.FAPService.{i}.CellConfig.{i}.NR.RAN.NeighborList.NRCell.{i}.CIO,不在当前 TD-LTE SF 小区服务 catalog 白名单，属于旧扩展/私有/跨分组路径绑定
MOD FAP_SERVICE,Device.Services.FAPService.{i}.CellConfig.{i}.NR.RAN.NeighborList.NRCell.{i}.gNBIdLength,不在当前 TD-LTE SF 小区服务 catalog 白名单，属于旧扩展/私有/跨分组路径绑定
MOD FAP_SERVICE,Device.Services.FAPService.{i}.CellConfig.{i}.NR.RAN.NeighborList.NRCell.{i}.NoRemoveEnable,不在当前 TD-LTE SF 小区服务 catalog 白名单，属于旧扩展/私有/跨分组路径绑定
MOD FAP_SERVICE,Device.Services.FAPService.{i}.CellConfig.{i}.NR.RAN.NeighborList.NRCell.{i}.NRCarrierARFCN,不在当前 TD-LTE SF 小区服务 catalog 白名单，属于旧扩展/私有/跨分组路径绑定
MOD FAP_SERVICE,Device.Services.FAPService.{i}.CellConfig.{i}.NR.RAN.NeighborList.NRCell.{i}.PhyCellID,不在当前 TD-LTE SF 小区服务 catalog 白名单，属于旧扩展/私有/跨分组路径绑定
MOD FAP_SERVICE,Device.Services.FAPService.{i}.CellConfig.{i}.NR.RAN.NeighborList.NRCell.{i}.PLMNID,不在当前 TD-LTE SF 小区服务 catalog 白名单，属于旧扩展/私有/跨分组路径绑定
MOD FAP_SERVICE,Device.Services.FAPService.{i}.CellConfig.{i}.NR.RAN.NeighborList.NRCell.{i}.Qoffset,不在当前 TD-LTE SF 小区服务 catalog 白名单，属于旧扩展/私有/跨分组路径绑定
MOD FAP_SERVICE,Device.Services.FAPService.{i}.CellConfig.{i}.NR.RAN.NeighborList.NRCell.{i}.QQualMinOffsetCell,不在当前 TD-LTE SF 小区服务 catalog 白名单，属于旧扩展/私有/跨分组路径绑定
MOD FAP_SERVICE,Device.Services.FAPService.{i}.CellConfig.{i}.NR.RAN.NeighborList.NRCell.{i}.QRxLevMinOffsetCell,不在当前 TD-LTE SF 小区服务 catalog 白名单，属于旧扩展/私有/跨分组路径绑定
MOD FAP_SERVICE,Device.Services.FAPService.{i}.CellConfig.{i}.NR.RAN.NeighborList.NRCell.{i}.ssbFrequency,不在当前 TD-LTE SF 小区服务 catalog 白名单，属于旧扩展/私有/跨分组路径绑定
MOD FAP_SERVICE,Device.Services.FAPService.{i}.CellConfig.{i}.NR.RAN.NeighborList.NRCell.{i}.ssbSubcarrierSpacing,不在当前 TD-LTE SF 小区服务 catalog 白名单，属于旧扩展/私有/跨分组路径绑定
MOD FAP_SERVICE,Device.Services.FAPService.{i}.CellConfig.{i}.NR.RAN.NeighborList.NRCell.{i}.TAC,不在当前 TD-LTE SF 小区服务 catalog 白名单，属于旧扩展/私有/跨分组路径绑定
MOD FAP_SERVICE,Device.Services.FAPService.{i}.CellConfig.{i}.NR.RAN.PHY.Antenna.NumOfRxAntenna,不在当前 TD-LTE SF 小区服务 catalog 白名单，属于旧扩展/私有/跨分组路径绑定
MOD FAP_SERVICE,Device.Services.FAPService.{i}.CellConfig.{i}.NR.RAN.PHY.Antenna.NumOfTxAntenna,不在当前 TD-LTE SF 小区服务 catalog 白名单，属于旧扩展/私有/跨分组路径绑定
MOD FAP_SERVICE,Device.Services.FAPService.{i}.CellConfig.{i}.NR.RAN.PHY.BWP.BWPDL.{i},不在当前 TD-LTE SF 小区服务 catalog 白名单，属于旧扩展/私有/跨分组路径绑定
MOD FAP_SERVICE,Device.Services.FAPService.{i}.CellConfig.{i}.NR.RAN.PHY.BWP.BWPDL.{i}.Bandwidth,不在当前 TD-LTE SF 小区服务 catalog 白名单，属于旧扩展/私有/跨分组路径绑定
MOD FAP_SERVICE,Device.Services.FAPService.{i}.CellConfig.{i}.NR.RAN.PHY.BWP.BWPDL.{i}.CyclicPrefix,不在当前 TD-LTE SF 小区服务 catalog 白名单，属于旧扩展/私有/跨分组路径绑定
MOD FAP_SERVICE,Device.Services.FAPService.{i}.CellConfig.{i}.NR.RAN.PHY.BWP.BWPDL.{i}.DlBWPId,不在当前 TD-LTE SF 小区服务 catalog 白名单，属于旧扩展/私有/跨分组路径绑定
MOD FAP_SERVICE,Device.Services.FAPService.{i}.CellConfig.{i}.NR.RAN.PHY.BWP.BWPDL.{i}.InitDlMcs,不在当前 TD-LTE SF 小区服务 catalog 白名单，属于旧扩展/私有/跨分组路径绑定
MOD FAP_SERVICE,Device.Services.FAPService.{i}.CellConfig.{i}.NR.RAN.PHY.BWP.BWPDL.{i}.MaxDlUeToBeScheduledInSlot,不在当前 TD-LTE SF 小区服务 catalog 白名单，属于旧扩展/私有/跨分组路径绑定
MOD FAP_SERVICE,Device.Services.FAPService.{i}.CellConfig.{i}.NR.RAN.PHY.BWP.BWPDL.{i}.PDCCH.CommonControlResourceSet.CceRegMappingType.InterleaverSize,不在当前 TD-LTE SF 小区服务 catalog 白名单，属于旧扩展/私有/跨分组路径绑定
MOD FAP_SERVICE,Device.Services.FAPService.{i}.CellConfig.{i}.NR.RAN.PHY.BWP.BWPDL.{i}.PDCCH.CommonControlResourceSet.CceRegMappingType.RegBundleSize,不在当前 TD-LTE SF 小区服务 catalog 白名单，属于旧扩展/私有/跨分组路径绑定
MOD FAP_SERVICE,Device.Services.FAPService.{i}.CellConfig.{i}.NR.RAN.PHY.BWP.BWPDL.{i}.PDCCH.CommonControlResourceSet.CceRegMappingType.RegType,不在当前 TD-LTE SF 小区服务 catalog 白名单，属于旧扩展/私有/跨分组路径绑定
MOD FAP_SERVICE,Device.Services.FAPService.{i}.CellConfig.{i}.NR.RAN.PHY.BWP.BWPDL.{i}.PDCCH.CommonControlResourceSet.CceRegMappingType.ShiftIndex,不在当前 TD-LTE SF 小区服务 catalog 白名单，属于旧扩展/私有/跨分组路径绑定
MOD FAP_SERVICE,Device.Services.FAPService.{i}.CellConfig.{i}.NR.RAN.PHY.BWP.BWPDL.{i}.PDCCH.CommonControlResourceSet.ControlResourceSetId,不在当前 TD-LTE SF 小区服务 catalog 白名单，属于旧扩展/私有/跨分组路径绑定
MOD FAP_SERVICE,Device.Services.FAPService.{i}.CellConfig.{i}.NR.RAN.PHY.BWP.BWPDL.{i}.PDCCH.CommonControlResourceSet.Duration,不在当前 TD-LTE SF 小区服务 catalog 白名单，属于旧扩展/私有/跨分组路径绑定
MOD FAP_SERVICE,Device.Services.FAPService.{i}.CellConfig.{i}.NR.RAN.PHY.BWP.BWPDL.{i}.PDCCH.CommonControlResourceSet.FrequencyDomainResources,不在当前 TD-LTE SF 小区服务 catalog 白名单，属于旧扩展/私有/跨分组路径绑定
MOD FAP_SERVICE,Device.Services.FAPService.{i}.CellConfig.{i}.NR.RAN.PHY.BWP.BWPDL.{i}.PDCCH.CommonControlResourceSet.PrecoderGranularity,不在当前 TD-LTE SF 小区服务 catalog 白名单，属于旧扩展/私有/跨分组路径绑定
MOD FAP_SERVICE,Device.Services.FAPService.{i}.CellConfig.{i}.NR.RAN.PHY.BWP.BWPDL.{i}.PDCCH.CommonSearchSpaceList.{i},不在当前 TD-LTE SF 小区服务 catalog 白名单，属于旧扩展/私有/跨分组路径绑定
MOD FAP_SERVICE,Device.Services.FAPService.{i}.CellConfig.{i}.NR.RAN.PHY.BWP.BWPDL.{i}.PDCCH.CommonSearchSpaceList.{i}.ControlResourceSetId,不在当前 TD-LTE SF 小区服务 catalog 白名单，属于旧扩展/私有/跨分组路径绑定
MOD FAP_SERVICE,Device.Services.FAPService.{i}.CellConfig.{i}.NR.RAN.PHY.BWP.BWPDL.{i}.PDCCH.CommonSearchSpaceList.{i}.DciFormat00And10En,不在当前 TD-LTE SF 小区服务 catalog 白名单，属于旧扩展/私有/跨分组路径绑定
MOD FAP_SERVICE,Device.Services.FAPService.{i}.CellConfig.{i}.NR.RAN.PHY.BWP.BWPDL.{i}.PDCCH.CommonSearchSpaceList.{i}.Duration,不在当前 TD-LTE SF 小区服务 catalog 白名单，属于旧扩展/私有/跨分组路径绑定
MOD FAP_SERVICE,Device.Services.FAPService.{i}.CellConfig.{i}.NR.RAN.PHY.BWP.BWPDL.{i}.PDCCH.CommonSearchSpaceList.{i}.MonitoringSlotOffset,不在当前 TD-LTE SF 小区服务 catalog 白名单，属于旧扩展/私有/跨分组路径绑定
MOD FAP_SERVICE,Device.Services.FAPService.{i}.CellConfig.{i}.NR.RAN.PHY.BWP.BWPDL.{i}.PDCCH.CommonSearchSpaceList.{i}.MonitoringSlotPeriodicity,不在当前 TD-LTE SF 小区服务 catalog 白名单，属于旧扩展/私有/跨分组路径绑定
MOD FAP_SERVICE,Device.Services.FAPService.{i}.CellConfig.{i}.NR.RAN.PHY.BWP.BWPDL.{i}.PDCCH.CommonSearchSpaceList.{i}.MonitoringSymbolsWithinSlot,不在当前 TD-LTE SF 小区服务 catalog 白名单，属于旧扩展/私有/跨分组路径绑定
MOD FAP_SERVICE,Device.Services.FAPService.{i}.CellConfig.{i}.NR.RAN.PHY.BWP.BWPDL.{i}.PDCCH.CommonSearchSpaceList.{i}.nrofCandidates.AggregationLevel1,不在当前 TD-LTE SF 小区服务 catalog 白名单，属于旧扩展/私有/跨分组路径绑定
MOD FAP_SERVICE,Device.Services.FAPService.{i}.CellConfig.{i}.NR.RAN.PHY.BWP.BWPDL.{i}.PDCCH.CommonSearchSpaceList.{i}.nrofCandidates.AggregationLevel16,不在当前 TD-LTE SF 小区服务 catalog 白名单，属于旧扩展/私有/跨分组路径绑定
MOD FAP_SERVICE,Device.Services.FAPService.{i}.CellConfig.{i}.NR.RAN.PHY.BWP.BWPDL.{i}.PDCCH.CommonSearchSpaceList.{i}.nrofCandidates.AggregationLevel2,不在当前 TD-LTE SF 小区服务 catalog 白名单，属于旧扩展/私有/跨分组路径绑定
MOD FAP_SERVICE,Device.Services.FAPService.{i}.CellConfig.{i}.NR.RAN.PHY.BWP.BWPDL.{i}.PDCCH.CommonSearchSpaceList.{i}.nrofCandidates.AggregationLevel4,不在当前 TD-LTE SF 小区服务 catalog 白名单，属于旧扩展/私有/跨分组路径绑定
MOD FAP_SERVICE,Device.Services.FAPService.{i}.CellConfig.{i}.NR.RAN.PHY.BWP.BWPDL.{i}.PDCCH.CommonSearchSpaceList.{i}.nrofCandidates.AggregationLevel8,不在当前 TD-LTE SF 小区服务 catalog 白名单，属于旧扩展/私有/跨分组路径绑定
MOD FAP_SERVICE,Device.Services.FAPService.{i}.CellConfig.{i}.NR.RAN.PHY.BWP.BWPDL.{i}.PDCCH.CommonSearchSpaceList.{i}.SearchSpaceId,不在当前 TD-LTE SF 小区服务 catalog 白名单，属于旧扩展/私有/跨分组路径绑定
MOD FAP_SERVICE,Device.Services.FAPService.{i}.CellConfig.{i}.NR.RAN.PHY.BWP.BWPDL.{i}.PDCCH.CommonSearchSpaceList.{i}.SearchSpaceType,不在当前 TD-LTE SF 小区服务 catalog 白名单，属于旧扩展/私有/跨分组路径绑定
MOD FAP_SERVICE,Device.Services.FAPService.{i}.CellConfig.{i}.NR.RAN.PHY.BWP.BWPDL.{i}.PDCCH.DedicatedCtlResourceSet.{i},不在当前 TD-LTE SF 小区服务 catalog 白名单，属于旧扩展/私有/跨分组路径绑定
MOD FAP_SERVICE,Device.Services.FAPService.{i}.CellConfig.{i}.NR.RAN.PHY.BWP.BWPDL.{i}.PDCCH.DedicatedCtlResourceSet.{i}.DedicateCceRegbundleType,不在当前 TD-LTE SF 小区服务 catalog 白名单，属于旧扩展/私有/跨分组路径绑定
MOD FAP_SERVICE,Device.Services.FAPService.{i}.CellConfig.{i}.NR.RAN.PHY.BWP.BWPDL.{i}.PDCCH.DedicatedCtlResourceSet.{i}.DedicateCceRegInterleaverSize,不在当前 TD-LTE SF 小区服务 catalog 白名单，属于旧扩展/私有/跨分组路径绑定
MOD FAP_SERVICE,Device.Services.FAPService.{i}.CellConfig.{i}.NR.RAN.PHY.BWP.BWPDL.{i}.PDCCH.DedicatedCtlResourceSet.{i}.DedicateCceRegMappingType,不在当前 TD-LTE SF 小区服务 catalog 白名单，属于旧扩展/私有/跨分组路径绑定
MOD FAP_SERVICE,Device.Services.FAPService.{i}.CellConfig.{i}.NR.RAN.PHY.BWP.BWPDL.{i}.PDCCH.DedicatedCtlResourceSet.{i}.DedicateCceRegShiftIndex,不在当前 TD-LTE SF 小区服务 catalog 白名单，属于旧扩展/私有/跨分组路径绑定
MOD FAP_SERVICE,Device.Services.FAPService.{i}.CellConfig.{i}.NR.RAN.PHY.BWP.BWPDL.{i}.PDCCH.DedicatedCtlResourceSet.{i}.DedicatedResourceSetId,不在当前 TD-LTE SF 小区服务 catalog 白名单，属于旧扩展/私有/跨分组路径绑定
MOD FAP_SERVICE,Device.Services.FAPService.{i}.CellConfig.{i}.NR.RAN.PHY.BWP.BWPDL.{i}.PDCCH.DedicatedCtlResourceSet.{i}.DedicateDuration,不在当前 TD-LTE SF 小区服务 catalog 白名单，属于旧扩展/私有/跨分组路径绑定
MOD FAP_SERVICE,Device.Services.FAPService.{i}.CellConfig.{i}.NR.RAN.PHY.BWP.BWPDL.{i}.PDCCH.DedicatedCtlResourceSet.{i}.DedicateFrequencyDomainResources,不在当前 TD-LTE SF 小区服务 catalog 白名单，属于旧扩展/私有/跨分组路径绑定
MOD FAP_SERVICE,Device.Services.FAPService.{i}.CellConfig.{i}.NR.RAN.PHY.BWP.BWPDL.{i}.PDCCH.DedicatedCtlResourceSet.{i}.DedicatePrecoderGranularity,不在当前 TD-LTE SF 小区服务 catalog 白名单，属于旧扩展/私有/跨分组路径绑定
MOD FAP_SERVICE,Device.Services.FAPService.{i}.CellConfig.{i}.NR.RAN.PHY.BWP.BWPDL.{i}.PDCCH.PDCCHConfigCommon.ControlResourceSetZero,不在当前 TD-LTE SF 小区服务 catalog 白名单，属于旧扩展/私有/跨分组路径绑定
MOD FAP_SERVICE,Device.Services.FAPService.{i}.CellConfig.{i}.NR.RAN.PHY.BWP.BWPDL.{i}.PDCCH.PDCCHConfigCommon.PagingSearchSpace,不在当前 TD-LTE SF 小区服务 catalog 白名单，属于旧扩展/私有/跨分组路径绑定
MOD FAP_SERVICE,Device.Services.FAPService.{i}.CellConfig.{i}.NR.RAN.PHY.BWP.BWPDL.{i}.PDCCH.PDCCHConfigCommon.RaSearchSpace,不在当前 TD-LTE SF 小区服务 catalog 白名单，属于旧扩展/私有/跨分组路径绑定
MOD FAP_SERVICE,Device.Services.FAPService.{i}.CellConfig.{i}.NR.RAN.PHY.BWP.BWPDL.{i}.PDCCH.PDCCHConfigCommon.SearchSpaceOtherSystemInformation,不在当前 TD-LTE SF 小区服务 catalog 白名单，属于旧扩展/私有/跨分组路径绑定
MOD FAP_SERVICE,Device.Services.FAPService.{i}.CellConfig.{i}.NR.RAN.PHY.BWP.BWPDL.{i}.PDCCH.PDCCHConfigCommon.SearchSpaceSIB1,不在当前 TD-LTE SF 小区服务 catalog 白名单，属于旧扩展/私有/跨分组路径绑定
MOD FAP_SERVICE,Device.Services.FAPService.{i}.CellConfig.{i}.NR.RAN.PHY.BWP.BWPDL.{i}.PDCCH.PDCCHConfigCommon.SearchSpaceZero,不在当前 TD-LTE SF 小区服务 catalog 白名单，属于旧扩展/私有/跨分组路径绑定
MOD FAP_SERVICE,Device.Services.FAPService.{i}.CellConfig.{i}.NR.RAN.PHY.BWP.BWPDL.{i}.PDSCH.PDSCHDedicatedTimeDomainResourceAllocationList.{i},不在当前 TD-LTE SF 小区服务 catalog 白名单，属于旧扩展/私有/跨分组路径绑定
MOD FAP_SERVICE,Device.Services.FAPService.{i}.CellConfig.{i}.NR.RAN.PHY.BWP.BWPDL.{i}.PDSCH.PDSCHDedicatedTimeDomainResourceAllocationList.{i}.StartSymbolAndLength,不在当前 TD-LTE SF 小区服务 catalog 白名单，属于旧扩展/私有/跨分组路径绑定
MOD FAP_SERVICE,Device.Services.FAPService.{i}.CellConfig.{i}.NR.RAN.PHY.BWP.BWPDL.{i}.PDSCH.PDSCHTimeDomainResourceAllocationList.{i},不在当前 TD-LTE SF 小区服务 catalog 白名单，属于旧扩展/私有/跨分组路径绑定
MOD FAP_SERVICE,Device.Services.FAPService.{i}.CellConfig.{i}.NR.RAN.PHY.BWP.BWPDL.{i}.PDSCH.PDSCHTimeDomainResourceAllocationList.{i}.StartSymbolAndLength,不在当前 TD-LTE SF 小区服务 catalog 白名单，属于旧扩展/私有/跨分组路径绑定
MOD FAP_SERVICE,Device.Services.FAPService.{i}.CellConfig.{i}.NR.RAN.PHY.BWP.BWPDL.{i}.PDschConfig.DmrsAdditionalPosition,不在当前 TD-LTE SF 小区服务 catalog 白名单，属于旧扩展/私有/跨分组路径绑定
MOD FAP_SERVICE,Device.Services.FAPService.{i}.CellConfig.{i}.NR.RAN.PHY.BWP.BWPDL.{i}.PDschConfig.MaxMimoLayer,不在当前 TD-LTE SF 小区服务 catalog 白名单，属于旧扩展/私有/跨分组路径绑定
MOD FAP_SERVICE,Device.Services.FAPService.{i}.CellConfig.{i}.NR.RAN.PHY.BWP.BWPDL.{i}.PDschConfig.McsTable,不在当前 TD-LTE SF 小区服务 catalog 白名单，属于旧扩展/私有/跨分组路径绑定
MOD FAP_SERVICE,Device.Services.FAPService.{i}.CellConfig.{i}.NR.RAN.PHY.BWP.BWPDL.{i}.PMaxULPower,不在当前 TD-LTE SF 小区服务 catalog 白名单，属于旧扩展/私有/跨分组路径绑定
MOD FAP_SERVICE,Device.Services.FAPService.{i}.CellConfig.{i}.NR.RAN.PHY.BWP.BWPDL.{i}.StartPrbPosition,不在当前 TD-LTE SF 小区服务 catalog 白名单，属于旧扩展/私有/跨分组路径绑定
MOD FAP_SERVICE,Device.Services.FAPService.{i}.CellConfig.{i}.NR.RAN.PHY.BWP.BWPDL.{i}.SubcarrierSpacing,不在当前 TD-LTE SF 小区服务 catalog 白名单，属于旧扩展/私有/跨分组路径绑定
MOD FAP_SERVICE,Device.Services.FAPService.{i}.CellConfig.{i}.NR.RAN.PHY.FrequencyInfoDLSIB.MultiFrequencyBandListNRSIB.{i}.FreqBandIndicatorNR,不在当前 TD-LTE SF 小区服务 catalog 白名单，属于旧扩展/私有/跨分组路径绑定
MOD FAP_SERVICE,Device.Services.FAPService.{i}.CellConfig.{i}.NR.RAN.PHY.FrequencyInfoDLSIB.OffsetToPointA,不在当前 TD-LTE SF 小区服务 catalog 白名单，属于旧扩展/私有/跨分组路径绑定
MOD FAP_SERVICE,Device.Services.FAPService.{i}.CellConfig.{i}.NR.RAN.PHY.FrequencyInfoDLSIB.ScsSpecificCarrierList.{i}.SCSSpecificCarrier.CarrierBandwidth,不在当前 TD-LTE SF 小区服务 catalog 白名单，属于旧扩展/私有/跨分组路径绑定
MOD FAP_SERVICE,Device.Services.FAPService.{i}.CellConfig.{i}.NR.RAN.PHY.FrequencyInfoDLSIB.ScsSpecificCarrierList.{i}.SCSSpecificCarrier.SubcarrierSpacing,不在当前 TD-LTE SF 小区服务 catalog 白名单，属于旧扩展/私有/跨分组路径绑定
MOD FAP_SERVICE,Device.Services.FAPService.{i}.CellConfig.{i}.NR.RAN.PHY.FrequencyInfoULSIB.ScsSpecificCarrierList.{i}.SCSSpecificCarrier.CarrierBandwidth,不在当前 TD-LTE SF 小区服务 catalog 白名单，属于旧扩展/私有/跨分组路径绑定
MOD FAP_SERVICE,Device.Services.FAPService.{i}.CellConfig.{i}.NR.RAN.PHY.FrequencyInfoULSIB.ScsSpecificCarrierList.{i}.SCSSpecificCarrier.SubcarrierSpacing,不在当前 TD-LTE SF 小区服务 catalog 白名单，属于旧扩展/私有/跨分组路径绑定
MOD FAP_SERVICE,Device.Services.FAPService.{i}.CellConfig.{i}.NR.RAN.PHY.SSB.SsbSubcarrierOffset,不在当前 TD-LTE SF 小区服务 catalog 白名单，属于旧扩展/私有/跨分组路径绑定
MOD FAP_SERVICE,Device.Services.FAPService.{i}.CellConfig.{i}.NR.RAN.PHY.TddULDLConfigurationCommon.pattern1.DlULTransmissionPeriodicity,不在当前 TD-LTE SF 小区服务 catalog 白名单，属于旧扩展/私有/跨分组路径绑定
MOD FAP_SERVICE,Device.Services.FAPService.{i}.CellConfig.{i}.NR.RAN.PHY.TddULDLConfigurationCommon.pattern1.NrofDownlinkSlots,不在当前 TD-LTE SF 小区服务 catalog 白名单，属于旧扩展/私有/跨分组路径绑定
MOD FAP_SERVICE,Device.Services.FAPService.{i}.CellConfig.{i}.NR.RAN.PHY.TddULDLConfigurationCommon.pattern1.NrofDownlinkSymbols,不在当前 TD-LTE SF 小区服务 catalog 白名单，属于旧扩展/私有/跨分组路径绑定
MOD FAP_SERVICE,Device.Services.FAPService.{i}.CellConfig.{i}.NR.RAN.PHY.TddULDLConfigurationCommon.pattern1.NrofUplinkSlots,不在当前 TD-LTE SF 小区服务 catalog 白名单，属于旧扩展/私有/跨分组路径绑定
MOD FAP_SERVICE,Device.Services.FAPService.{i}.CellConfig.{i}.NR.RAN.PHY.TddULDLConfigurationCommon.pattern1.NrofUplinkSymbols,不在当前 TD-LTE SF 小区服务 catalog 白名单，属于旧扩展/私有/跨分组路径绑定
MOD FAP_SERVICE,Device.Services.FAPService.{i}.CellConfig.{i}.NR.RAN.PHY.TddULDLConfigurationCommon.pattern2.DlULTransmissionPeriodicity,不在当前 TD-LTE SF 小区服务 catalog 白名单，属于旧扩展/私有/跨分组路径绑定
MOD FAP_SERVICE,Device.Services.FAPService.{i}.CellConfig.{i}.NR.RAN.PHY.TddULDLConfigurationCommon.pattern2.NrofDownlinkSlots,不在当前 TD-LTE SF 小区服务 catalog 白名单，属于旧扩展/私有/跨分组路径绑定
MOD FAP_SERVICE,Device.Services.FAPService.{i}.CellConfig.{i}.NR.RAN.PHY.TddULDLConfigurationCommon.pattern2.NrofDownlinkSymbols,不在当前 TD-LTE SF 小区服务 catalog 白名单，属于旧扩展/私有/跨分组路径绑定
MOD FAP_SERVICE,Device.Services.FAPService.{i}.CellConfig.{i}.NR.RAN.PHY.TddULDLConfigurationCommon.pattern2.NrofUplinkSlots,不在当前 TD-LTE SF 小区服务 catalog 白名单，属于旧扩展/私有/跨分组路径绑定
MOD FAP_SERVICE,Device.Services.FAPService.{i}.CellConfig.{i}.NR.RAN.PHY.TddULDLConfigurationCommon.pattern2.NrofUplinkSymbols,不在当前 TD-LTE SF 小区服务 catalog 白名单，属于旧扩展/私有/跨分组路径绑定
MOD FAP_SERVICE,Device.Services.FAPService.{i}.CellConfig.{i}.NR.RAN.PowerMaxLimit,不在当前 TD-LTE SF 小区服务 catalog 白名单，属于旧扩展/私有/跨分组路径绑定
MOD FAP_SERVICE,Device.Services.FAPService.{i}.CellConfig.{i}.NR.RAN.PowerMinLimit,不在当前 TD-LTE SF 小区服务 catalog 白名单，属于旧扩展/私有/跨分组路径绑定
MOD FAP_SERVICE,Device.Services.FAPService.{i}.CellConfig.{i}.NR.RAN.PowerModify,不在当前 TD-LTE SF 小区服务 catalog 白名单，属于旧扩展/私有/跨分组路径绑定
MOD FAP_SERVICE,Device.Services.FAPService.{i}.CellConfig.{i}.NR.RAN.QOS.{i},不在当前 TD-LTE SF 小区服务 catalog 白名单，属于旧扩展/私有/跨分组路径绑定
MOD FAP_SERVICE,Device.Services.FAPService.{i}.CellConfig.{i}.NR.RAN.QOS.{i}.5QI,不在当前 TD-LTE SF 小区服务 catalog 白名单，属于旧扩展/私有/跨分组路径绑定
MOD FAP_SERVICE,Device.Services.FAPService.{i}.CellConfig.{i}.NR.RAN.QOS.{i}.AllowedIntegrityAlgo,不在当前 TD-LTE SF 小区服务 catalog 白名单，属于旧扩展/私有/跨分组路径绑定
MOD FAP_SERVICE,Device.Services.FAPService.{i}.CellConfig.{i}.NR.RAN.QOS.{i}.DiscardTimer,不在当前 TD-LTE SF 小区服务 catalog 白名单，属于旧扩展/私有/跨分组路径绑定
MOD FAP_SERVICE,Device.Services.FAPService.{i}.CellConfig.{i}.NR.RAN.QOS.{i}.DlDataSplitThreshold,不在当前 TD-LTE SF 小区服务 catalog 白名单，属于旧扩展/私有/跨分组路径绑定
MOD FAP_SERVICE,Device.Services.FAPService.{i}.CellConfig.{i}.NR.RAN.QOS.{i}.DrbInactivityTimerConfig,不在当前 TD-LTE SF 小区服务 catalog 白名单，属于旧扩展/私有/跨分组路径绑定
MOD FAP_SERVICE,Device.Services.FAPService.{i}.CellConfig.{i}.NR.RAN.QOS.{i}.Dscp,不在当前 TD-LTE SF 小区服务 catalog 白名单，属于旧扩展/私有/跨分组路径绑定
MOD FAP_SERVICE,Device.Services.FAPService.{i}.CellConfig.{i}.NR.RAN.QOS.{i}.Enable,不在当前 TD-LTE SF 小区服务 catalog 白名单，属于旧扩展/私有/跨分组路径绑定
MOD FAP_SERVICE,Device.Services.FAPService.{i}.CellConfig.{i}.NR.RAN.QOS.{i}.EnableRohc,不在当前 TD-LTE SF 小区服务 catalog 白名单，属于旧扩展/私有/跨分组路径绑定
MOD FAP_SERVICE,Device.Services.FAPService.{i}.CellConfig.{i}.NR.RAN.QOS.{i}.IsDefault,不在当前 TD-LTE SF 小区服务 catalog 白名单，属于旧扩展/私有/跨分组路径绑定
MOD FAP_SERVICE,Device.Services.FAPService.{i}.CellConfig.{i}.NR.RAN.QOS.{i}.LongDrxCycle,不在当前 TD-LTE SF 小区服务 catalog 白名单，属于旧扩展/私有/跨分组路径绑定
MOD FAP_SERVICE,Device.Services.FAPService.{i}.CellConfig.{i}.NR.RAN.QOS.{i}.MappingDrbIndex,不在当前 TD-LTE SF 小区服务 catalog 白名单，属于旧扩展/私有/跨分组路径绑定
MOD FAP_SERVICE,Device.Services.FAPService.{i}.CellConfig.{i}.NR.RAN.QOS.{i}.MinBr,不在当前 TD-LTE SF 小区服务 catalog 白名单，属于旧扩展/私有/跨分组路径绑定
MOD FAP_SERVICE,Device.Services.FAPService.{i}.CellConfig.{i}.NR.RAN.QOS.{i}.PdcpDuplicationActivated,不在当前 TD-LTE SF 小区服务 catalog 白名单，属于旧扩展/私有/跨分组路径绑定
MOD FAP_SERVICE,Device.Services.FAPService.{i}.CellConfig.{i}.NR.RAN.QOS.{i}.PdcpSnSizeDl,不在当前 TD-LTE SF 小区服务 catalog 白名单，属于旧扩展/私有/跨分组路径绑定
MOD FAP_SERVICE,Device.Services.FAPService.{i}.CellConfig.{i}.NR.RAN.QOS.{i}.PdcpSnSizeUl,不在当前 TD-LTE SF 小区服务 catalog 白名单，属于旧扩展/私有/跨分组路径绑定
MOD FAP_SERVICE,Device.Services.FAPService.{i}.CellConfig.{i}.NR.RAN.QOS.{i}.PrimaryPath,不在当前 TD-LTE SF 小区服务 catalog 白名单，属于旧扩展/私有/跨分组路径绑定
MOD FAP_SERVICE,Device.Services.FAPService.{i}.CellConfig.{i}.NR.RAN.QOS.{i}.PrimaryPathDl,不在当前 TD-LTE SF 小区服务 catalog 白名单，属于旧扩展/私有/跨分组路径绑定
MOD FAP_SERVICE,Device.Services.FAPService.{i}.CellConfig.{i}.NR.RAN.QOS.{i}.Priority,不在当前 TD-LTE SF 小区服务 catalog 白名单，属于旧扩展/私有/跨分组路径绑定
MOD FAP_SERVICE,Device.Services.FAPService.{i}.CellConfig.{i}.NR.RAN.QOS.{i}.RlcMode,不在当前 TD-LTE SF 小区服务 catalog 白名单，属于旧扩展/私有/跨分组路径绑定
MOD FAP_SERVICE,Device.Services.FAPService.{i}.CellConfig.{i}.NR.RAN.QOS.{i}.RohcProfile0x0001,不在当前 TD-LTE SF 小区服务 catalog 白名单，属于旧扩展/私有/跨分组路径绑定
MOD FAP_SERVICE,Device.Services.FAPService.{i}.CellConfig.{i}.NR.RAN.QOS.{i}.RohcProfile0x0002,不在当前 TD-LTE SF 小区服务 catalog 白名单，属于旧扩展/私有/跨分组路径绑定
MOD FAP_SERVICE,Device.Services.FAPService.{i}.CellConfig.{i}.NR.RAN.QOS.{i}.RohcProfile0x0006,不在当前 TD-LTE SF 小区服务 catalog 白名单，属于旧扩展/私有/跨分组路径绑定
MOD FAP_SERVICE,Device.Services.FAPService.{i}.CellConfig.{i}.NR.RAN.QOS.{i}.ShortDrxCycle,不在当前 TD-LTE SF 小区服务 catalog 白名单，属于旧扩展/私有/跨分组路径绑定
MOD FAP_SERVICE,Device.Services.FAPService.{i}.CellConfig.{i}.NR.RAN.QOS.{i}.ShortDrxCycleTimer,不在当前 TD-LTE SF 小区服务 catalog 白名单，属于旧扩展/私有/跨分组路径绑定
MOD FAP_SERVICE,Device.Services.FAPService.{i}.CellConfig.{i}.NR.RAN.QOS.{i}.SnFieldLengthAmDl,不在当前 TD-LTE SF 小区服务 catalog 白名单，属于旧扩展/私有/跨分组路径绑定
MOD FAP_SERVICE,Device.Services.FAPService.{i}.CellConfig.{i}.NR.RAN.QOS.{i}.SnFieldLengthAmUl,不在当前 TD-LTE SF 小区服务 catalog 白名单，属于旧扩展/私有/跨分组路径绑定
MOD FAP_SERVICE,Device.Services.FAPService.{i}.CellConfig.{i}.NR.RAN.QOS.{i}.SnFieldLengthUmDl,不在当前 TD-LTE SF 小区服务 catalog 白名单，属于旧扩展/私有/跨分组路径绑定
MOD FAP_SERVICE,Device.Services.FAPService.{i}.CellConfig.{i}.NR.RAN.QOS.{i}.SnFieldLengthUmUl,不在当前 TD-LTE SF 小区服务 catalog 白名单，属于旧扩展/私有/跨分组路径绑定
MOD FAP_SERVICE,Device.Services.FAPService.{i}.CellConfig.{i}.NR.RAN.QOS.{i}.StatusReportRequired,不在当前 TD-LTE SF 小区服务 catalog 白名单，属于旧扩展/私有/跨分组路径绑定
MOD FAP_SERVICE,Device.Services.FAPService.{i}.CellConfig.{i}.NR.RAN.QOS.{i}.TReorderingPdcp,不在当前 TD-LTE SF 小区服务 catalog 白名单，属于旧扩展/私有/跨分组路径绑定
MOD FAP_SERVICE,Device.Services.FAPService.{i}.CellConfig.{i}.NR.RAN.QOS.{i}.TReorderingUE,不在当前 TD-LTE SF 小区服务 catalog 白名单，属于旧扩展/私有/跨分组路径绑定
MOD FAP_SERVICE,Device.Services.FAPService.{i}.CellConfig.{i}.NR.RAN.QOS.{i}.Type,不在当前 TD-LTE SF 小区服务 catalog 白名单，属于旧扩展/私有/跨分组路径绑定
MOD FAP_SERVICE,Device.Services.FAPService.{i}.CellConfig.{i}.NR.RAN.QOS.{i}.UeInactivityTimerConfig,不在当前 TD-LTE SF 小区服务 catalog 白名单，属于旧扩展/私有/跨分组路径绑定
MOD FAP_SERVICE,Device.Services.FAPService.{i}.CellConfig.{i}.NR.RAN.QOS.{i}.UlConfig,不在当前 TD-LTE SF 小区服务 catalog 白名单，属于旧扩展/私有/跨分组路径绑定
MOD FAP_SERVICE,Device.Services.FAPService.{i}.CellConfig.{i}.NR.RAN.QOS.{i}.UlDataSplitThreshold,不在当前 TD-LTE SF 小区服务 catalog 白名单，属于旧扩展/私有/跨分组路径绑定
MOD FAP_SERVICE,Device.Services.FAPService.{i}.CellConfig.{i}.NR.RAN.RF.NRARFCNDL,不在当前 TD-LTE SF 小区服务 catalog 白名单，属于旧扩展/私有/跨分组路径绑定
MOD FAP_SERVICE,Device.Services.FAPService.{i}.CellConfig.{i}.NR.RAN.RF.NRARFCNUL,不在当前 TD-LTE SF 小区服务 catalog 白名单，属于旧扩展/私有/跨分组路径绑定
MOD FAP_SERVICE,Device.Services.FAPService.{i}.CellConfig.{i}.NR.RAN.RF.PhyCellID,不在当前 TD-LTE SF 小区服务 catalog 白名单，属于旧扩展/私有/跨分组路径绑定
MOD FAP_SERVICE,Device.Services.FAPService.{i}.CellConfig.{i}.NR.RAN.RF.SsbFrequency,不在当前 TD-LTE SF 小区服务 catalog 白名单，属于旧扩展/私有/跨分组路径绑定
MOD FAP_SERVICE,Device.Services.FAPService.{i}.CellConfig.{i}.NR.RAN.rftxEnable,不在当前 TD-LTE SF 小区服务 catalog 白名单，属于旧扩展/私有/跨分组路径绑定
MOD FAP_SERVICE,Device.Services.FAPService.{i}.CellConfig.{i}.NR.RrmLogConfig.OamLogFileCount,不在当前 TD-LTE SF 小区服务 catalog 白名单，属于旧扩展/私有/跨分组路径绑定
MOD FAP_SERVICE,Device.Services.FAPService.{i}.CellConfig.{i}.NR.RrmLogConfig.OamLogFileSize,不在当前 TD-LTE SF 小区服务 catalog 白名单，属于旧扩展/私有/跨分组路径绑定
MOD FAP_SERVICE,Device.Services.FAPService.{i}.CellConfig.{i}.NR.RrmLogConfig.OamShmSize,不在当前 TD-LTE SF 小区服务 catalog 白名单，属于旧扩展/私有/跨分组路径绑定
MOD FAP_SERVICE,Device.Services.FAPService.{i}.CellConfig.{i}.NR.RrmLogConfig.RrmFileCount,不在当前 TD-LTE SF 小区服务 catalog 白名单，属于旧扩展/私有/跨分组路径绑定
MOD FAP_SERVICE,Device.Services.FAPService.{i}.CellConfig.{i}.NR.RrmLogConfig.RrmLogFilesize,不在当前 TD-LTE SF 小区服务 catalog 白名单，属于旧扩展/私有/跨分组路径绑定
MOD FAP_SERVICE,Device.Services.FAPService.{i}.CellConfig.{i}.NR.RrmLogConfig.RrmLogLevel,不在当前 TD-LTE SF 小区服务 catalog 白名单，属于旧扩展/私有/跨分组路径绑定
MOD FAP_SERVICE,Device.Services.FAPService.{i}.CellConfig.{i}.NR.RrmLogConfig.RrmShmSize,不在当前 TD-LTE SF 小区服务 catalog 白名单，属于旧扩展/私有/跨分组路径绑定
MOD FAP_SERVICE,Device.Services.FAPService.{i}.CellConfig.{i}.NrSibParams.{i}.Sib2Enable,不在当前 TD-LTE SF 小区服务 catalog 白名单，属于旧扩展/私有/跨分组路径绑定
MOD FAP_SERVICE,Device.Services.FAPService.{i}.CellConfig.{i}.NrSibParams.{i}.Sib3Enable,不在当前 TD-LTE SF 小区服务 catalog 白名单，属于旧扩展/私有/跨分组路径绑定
MOD FAP_SERVICE,Device.Services.FAPService.{i}.CellConfig.{i}.NrSibParams.{i}.Sib4Enable,不在当前 TD-LTE SF 小区服务 catalog 白名单，属于旧扩展/私有/跨分组路径绑定
MOD FAP_SERVICE,Device.Services.FAPService.{i}.CellConfig.{i}.NrSibParams.{i}.Sib5Enable,不在当前 TD-LTE SF 小区服务 catalog 白名单，属于旧扩展/私有/跨分组路径绑定
MOD FAP_SERVICE,Device.Services.FAPService.{i}.CellConfig.{i}.NrSibParams.{i}.Sib9DaylightsavingTime,不在当前 TD-LTE SF 小区服务 catalog 白名单，属于旧扩展/私有/跨分组路径绑定
MOD FAP_SERVICE,Device.Services.FAPService.{i}.CellConfig.{i}.NrSibParams.{i}.Sib9Enable,不在当前 TD-LTE SF 小区服务 catalog 白名单，属于旧扩展/私有/跨分组路径绑定
MOD FAP_SERVICE,Device.Services.FAPService.{i}.CellConfig.{i}.NrSibParams.{i}.Sib9Leapseconds,不在当前 TD-LTE SF 小区服务 catalog 白名单，属于旧扩展/私有/跨分组路径绑定
MOD FAP_SERVICE,Device.Services.FAPService.{i}.CellConfig.LTE.MmePoolConfigParam.{i}.MMECode,不在当前 TD-LTE SF 小区服务 catalog 白名单，属于旧扩展/私有/跨分组路径绑定
MOD FAP_SERVICE,Device.Services.FAPService.{i}.CellConfig.LTE.MmePoolConfigParam.{i}.MMEGroupID,不在当前 TD-LTE SF 小区服务 catalog 白名单，属于旧扩展/私有/跨分组路径绑定
MOD FAP_SERVICE,Device.Services.FAPService.{i}.CellConfig.LTE.MmePoolConfigParam.{i}.MMEIp1,不在当前 TD-LTE SF 小区服务 catalog 白名单，属于旧扩展/私有/跨分组路径绑定
MOD FAP_SERVICE,Device.Services.FAPService.{i}.CellConfig.LTE.MmePoolConfigParam.{i}.MMEIp2,不在当前 TD-LTE SF 小区服务 catalog 白名单，属于旧扩展/私有/跨分组路径绑定
MOD FAP_SERVICE,Device.Services.FAPService.{i}.CellConfig.LTE.MmePoolConfigParam.{i}.PLMNID,不在当前 TD-LTE SF 小区服务 catalog 白名单，属于旧扩展/私有/跨分组路径绑定
MOD FAP_SERVICE,Device.Services.FAPService.{i}.CellConfig.LTE.MocnConfigParam.{i},不在当前 TD-LTE SF 小区服务 catalog 白名单，属于旧扩展/私有/跨分组路径绑定
MOD FAP_SERVICE,Device.Services.FAPService.{i}.CellConfig.LTE.MocnConfigParam.{i}.MMEIp,不在当前 TD-LTE SF 小区服务 catalog 白名单，属于旧扩展/私有/跨分组路径绑定
MOD FAP_SERVICE,Device.Services.FAPService.{i}.CellConfig.LTE.MocnConfigParam.{i}.MMEStatus,不在当前 TD-LTE SF 小区服务 catalog 白名单，属于旧扩展/私有/跨分组路径绑定
MOD FAP_SERVICE,Device.Services.FAPService.{i}.CellConfig.LTE.MocnConfigParam.{i}.PLMNID,不在当前 TD-LTE SF 小区服务 catalog 白名单，属于旧扩展/私有/跨分组路径绑定
MOD FAP_SERVICE,Device.Services.FAPService.{i}.CellConfig.LTE.MocnConfigParam.{i}.S1CIfname,不在当前 TD-LTE SF 小区服务 catalog 白名单，属于旧扩展/私有/跨分组路径绑定
MOD FAP_SERVICE,Device.Services.FAPService.{i}.CellConfig.LTE.MocnConfigParam.{i}.S1CIp,不在当前 TD-LTE SF 小区服务 catalog 白名单，属于旧扩展/私有/跨分组路径绑定
MOD FAP_SERVICE,Device.Services.FAPService.{i}.CellConfig.LTE.MocnConfigParam.{i}.S1UIfname,不在当前 TD-LTE SF 小区服务 catalog 白名单，属于旧扩展/私有/跨分组路径绑定
MOD FAP_SERVICE,Device.Services.FAPService.{i}.CellConfig.LTE.MocnConfigParam.{i}.S1UIp,不在当前 TD-LTE SF 小区服务 catalog 白名单，属于旧扩展/私有/跨分组路径绑定
MOD FAP_SERVICE,Device.Services.FAPService.{i}.CellConfig.LTE.MultiIpsecConfigParam.{i},不在当前 TD-LTE SF 小区服务 catalog 白名单，属于旧扩展/私有/跨分组路径绑定
MOD FAP_SERVICE,Device.Services.FAPService.{i}.CellConfig.LTE.MultiIpsecConfigParam.{i}.DpdAction,不在当前 TD-LTE SF 小区服务 catalog 白名单，属于旧扩展/私有/跨分组路径绑定
MOD FAP_SERVICE,Device.Services.FAPService.{i}.CellConfig.LTE.MultiIpsecConfigParam.{i}.DpdDelay,不在当前 TD-LTE SF 小区服务 catalog 白名单，属于旧扩展/私有/跨分组路径绑定
MOD FAP_SERVICE,Device.Services.FAPService.{i}.CellConfig.LTE.MultiIpsecConfigParam.{i}.Enable,不在当前 TD-LTE SF 小区服务 catalog 白名单，属于旧扩展/私有/跨分组路径绑定
MOD FAP_SERVICE,Device.Services.FAPService.{i}.CellConfig.LTE.MultiIpsecConfigParam.{i}.EspAuthentication,不在当前 TD-LTE SF 小区服务 catalog 白名单，属于旧扩展/私有/跨分组路径绑定
MOD FAP_SERVICE,Device.Services.FAPService.{i}.CellConfig.LTE.MultiIpsecConfigParam.{i}.EspDhGroup,不在当前 TD-LTE SF 小区服务 catalog 白名单，属于旧扩展/私有/跨分组路径绑定
MOD FAP_SERVICE,Device.Services.FAPService.{i}.CellConfig.LTE.MultiIpsecConfigParam.{i}.EspenCryption,不在当前 TD-LTE SF 小区服务 catalog 白名单，属于旧扩展/私有/跨分组路径绑定
MOD FAP_SERVICE,Device.Services.FAPService.{i}.CellConfig.LTE.MultiIpsecConfigParam.{i}.Fragmetation,不在当前 TD-LTE SF 小区服务 catalog 白名单，属于旧扩展/私有/跨分组路径绑定
MOD FAP_SERVICE,Device.Services.FAPService.{i}.CellConfig.LTE.MultiIpsecConfigParam.{i}.IkeAuthentication,不在当前 TD-LTE SF 小区服务 catalog 白名单，属于旧扩展/私有/跨分组路径绑定
MOD FAP_SERVICE,Device.Services.FAPService.{i}.CellConfig.LTE.MultiIpsecConfigParam.{i}.IkeDhGroup,不在当前 TD-LTE SF 小区服务 catalog 白名单，属于旧扩展/私有/跨分组路径绑定
MOD FAP_SERVICE,Device.Services.FAPService.{i}.CellConfig.LTE.MultiIpsecConfigParam.{i}.IkeenCryption,不在当前 TD-LTE SF 小区服务 catalog 白名单，属于旧扩展/私有/跨分组路径绑定
MOD FAP_SERVICE,Device.Services.FAPService.{i}.CellConfig.LTE.MultiIpsecConfigParam.{i}.IkeLifeTime,不在当前 TD-LTE SF 小区服务 catalog 白名单，属于旧扩展/私有/跨分组路径绑定
MOD FAP_SERVICE,Device.Services.FAPService.{i}.CellConfig.LTE.MultiIpsecConfigParam.{i}.KeyLife,不在当前 TD-LTE SF 小区服务 catalog 白名单，属于旧扩展/私有/跨分组路径绑定
MOD FAP_SERVICE,Device.Services.FAPService.{i}.CellConfig.LTE.MultiIpsecConfigParam.{i}.LeftAuth,不在当前 TD-LTE SF 小区服务 catalog 白名单，属于旧扩展/私有/跨分组路径绑定
MOD FAP_SERVICE,Device.Services.FAPService.{i}.CellConfig.LTE.MultiIpsecConfigParam.{i}.LeftCert,不在当前 TD-LTE SF 小区服务 catalog 白名单，属于旧扩展/私有/跨分组路径绑定
MOD FAP_SERVICE,Device.Services.FAPService.{i}.CellConfig.LTE.MultiIpsecConfigParam.{i}.LeftId,不在当前 TD-LTE SF 小区服务 catalog 白名单，属于旧扩展/私有/跨分组路径绑定
MOD FAP_SERVICE,Device.Services.FAPService.{i}.CellConfig.LTE.MultiIpsecConfigParam.{i}.LeftIp,不在当前 TD-LTE SF 小区服务 catalog 白名单，属于旧扩展/私有/跨分组路径绑定
MOD FAP_SERVICE,Device.Services.FAPService.{i}.CellConfig.LTE.MultiIpsecConfigParam.{i}.LeftSourceIp,不在当前 TD-LTE SF 小区服务 catalog 白名单，属于旧扩展/私有/跨分组路径绑定
MOD FAP_SERVICE,Device.Services.FAPService.{i}.CellConfig.LTE.MultiIpsecConfigParam.{i}.LeftSubnet,不在当前 TD-LTE SF 小区服务 catalog 白名单，属于旧扩展/私有/跨分组路径绑定
MOD FAP_SERVICE,Device.Services.FAPService.{i}.CellConfig.LTE.MultiIpsecConfigParam.{i}.ReKeyMargin,不在当前 TD-LTE SF 小区服务 catalog 白名单，属于旧扩展/私有/跨分组路径绑定
MOD FAP_SERVICE,Device.Services.FAPService.{i}.CellConfig.LTE.MultiIpsecConfigParam.{i}.Right,不在当前 TD-LTE SF 小区服务 catalog 白名单，属于旧扩展/私有/跨分组路径绑定
MOD FAP_SERVICE,Device.Services.FAPService.{i}.CellConfig.LTE.MultiIpsecConfigParam.{i}.RightAuth,不在当前 TD-LTE SF 小区服务 catalog 白名单，属于旧扩展/私有/跨分组路径绑定
MOD FAP_SERVICE,Device.Services.FAPService.{i}.CellConfig.LTE.MultiIpsecConfigParam.{i}.RightId,不在当前 TD-LTE SF 小区服务 catalog 白名单，属于旧扩展/私有/跨分组路径绑定
MOD FAP_SERVICE,Device.Services.FAPService.{i}.CellConfig.LTE.MultiIpsecConfigParam.{i}.RightSubnet,不在当前 TD-LTE SF 小区服务 catalog 白名单，属于旧扩展/私有/跨分组路径绑定
MOD FAP_SERVICE,Device.Services.FAPService.{i}.CellConfig.LTE.MultiIpsecConfigParam.{i}.SecretKey,不在当前 TD-LTE SF 小区服务 catalog 白名单，属于旧扩展/私有/跨分组路径绑定
MOD FAP_SERVICE,Device.Services.FAPService.{i}.CellConfig.LTE.MultiIpsecConfigParam.{i}.TunnelName,不在当前 TD-LTE SF 小区服务 catalog 白名单，属于旧扩展/私有/跨分组路径绑定
MOD FAP_SERVICE,Device.Services.FAPService.{i}.CellConfig.LTE.RAN.CA.CaEnable,不在当前 TD-LTE SF 小区服务 catalog 白名单，属于旧扩展/私有/跨分组路径绑定
MOD FAP_SERVICE,Device.Services.FAPService.{i}.CellConfig.LTE.RAN.CA.PARAMS.CARRIER_MODE,不在当前 TD-LTE SF 小区服务 catalog 白名单，属于旧扩展/私有/跨分组路径绑定
MOD FAP_SERVICE,Device.Services.FAPService.{i}.CellConfig.LTE.RAN.CA.PARAMS.NumOfCells,不在当前 TD-LTE SF 小区服务 catalog 白名单，属于旧扩展/私有/跨分组路径绑定
MOD FAP_SERVICE,Device.Services.FAPService.{i}.CellConfig.LTE.RAN.NeighborList.5GCell.{i}.CellId,不在当前 TD-LTE SF 小区服务 catalog 白名单，属于旧扩展/私有/跨分组路径绑定
MOD FAP_SERVICE,Device.Services.FAPService.{i}.CellConfig.LTE.RAN.NeighborList.5GCell.{i}.GnbId,不在当前 TD-LTE SF 小区服务 catalog 白名单，属于旧扩展/私有/跨分组路径绑定
MOD FAP_SERVICE,Device.Services.FAPService.{i}.CellConfig.LTE.RAN.NeighborList.5GCell.{i}.GnbIdLength,不在当前 TD-LTE SF 小区服务 catalog 白名单，属于旧扩展/私有/跨分组路径绑定
MOD FAP_SERVICE,Device.Services.FAPService.{i}.CellConfig.LTE.RAN.NeighborList.5GCell.{i}.PCI,不在当前 TD-LTE SF 小区服务 catalog 白名单，属于旧扩展/私有/跨分组路径绑定
MOD FAP_SERVICE,Device.Services.FAPService.{i}.CellConfig.LTE.RAN.NeighborList.5GCell.{i}.PLMNID,不在当前 TD-LTE SF 小区服务 catalog 白名单，属于旧扩展/私有/跨分组路径绑定
MOD FAP_SERVICE,Device.Services.FAPService.{i}.CellConfig.LTE.RAN.NeighborList.5GCell.{i}.QOFFSET,不在当前 TD-LTE SF 小区服务 catalog 白名单，属于旧扩展/私有/跨分组路径绑定
MOD FAP_SERVICE,Device.Services.FAPService.{i}.CellConfig.LTE.RAN.NeighborList.5GCell.{i}.SSB,不在当前 TD-LTE SF 小区服务 catalog 白名单，属于旧扩展/私有/跨分组路径绑定
MOD FAP_SERVICE,Device.Services.FAPService.{i}.CellConfig.LTE.RAN.NeighborList.5GCell.{i}.TAC,不在当前 TD-LTE SF 小区服务 catalog 白名单，属于旧扩展/私有/跨分组路径绑定
MOD FAP_SERVICE,Device.Services.FAPService.{i}.CellConfig.LTE.RAN.NeighborListInUse.LTECell.{i}.Blacklisted,不在当前 TD-LTE SF 小区服务 catalog 白名单，属于旧扩展/私有/跨分组路径绑定
MOD FAP_SERVICE,Device.Services.FAPService.{i}.CellConfig.LTE.RAN.NeighborListInUse.LTECell.{i}.CID,不在当前 TD-LTE SF 小区服务 catalog 白名单，属于旧扩展/私有/跨分组路径绑定
MOD FAP_SERVICE,Device.Services.FAPService.{i}.CellConfig.LTE.RAN.NeighborListInUse.LTECell.{i}.CIO,不在当前 TD-LTE SF 小区服务 catalog 白名单，属于旧扩展/私有/跨分组路径绑定
MOD FAP_SERVICE,Device.Services.FAPService.{i}.CellConfig.LTE.RAN.NeighborListInUse.LTECell.{i}.EUTRACarrierARFCN,不在当前 TD-LTE SF 小区服务 catalog 白名单，属于旧扩展/私有/跨分组路径绑定
MOD FAP_SERVICE,Device.Services.FAPService.{i}.CellConfig.LTE.RAN.NeighborListInUse.LTECell.{i}.PhyCellID,不在当前 TD-LTE SF 小区服务 catalog 白名单，属于旧扩展/私有/跨分组路径绑定
MOD FAP_SERVICE,Device.Services.FAPService.{i}.CellConfig.LTE.RAN.NeighborListInUse.LTECell.{i}.PLMNID,不在当前 TD-LTE SF 小区服务 catalog 白名单，属于旧扩展/私有/跨分组路径绑定
MOD FAP_SERVICE,Device.Services.FAPService.{i}.CellConfig.LTE.RAN.NeighborListInUse.LTECell.{i}.QOffset,不在当前 TD-LTE SF 小区服务 catalog 白名单，属于旧扩展/私有/跨分组路径绑定
MOD FAP_SERVICE,Device.Services.FAPService.{i}.CellConfig.LTE.RAN.NeighborListInUse.LTECell.{i}.RSTxPower,不在当前 TD-LTE SF 小区服务 catalog 白名单，属于旧扩展/私有/跨分组路径绑定
MOD FAP_SERVICE,Device.Services.FAPService.{i}.CellConfig.LTE.RAN.NeighborListInUse.LTECell.{i}.X_RADISYS_COM_IN_USE_ACCES_MODE,不在当前 TD-LTE SF 小区服务 catalog 白名单，属于旧扩展/私有/跨分组路径绑定
MOD FAP_SERVICE,Device.Services.FAPService.{i}.CellConfig.LTE.RAN.NeighborListInUse.LTECell.{i}.X_RADISYS_COM_IN_USE_CP_DL,不在当前 TD-LTE SF 小区服务 catalog 白名单，属于旧扩展/私有/跨分组路径绑定
MOD FAP_SERVICE,Device.Services.FAPService.{i}.CellConfig.LTE.RAN.NeighborListInUse.LTECell.{i}.X_RADISYS_COM_IN_USE_CP_UL,不在当前 TD-LTE SF 小区服务 catalog 白名单，属于旧扩展/私有/跨分组路径绑定
MOD FAP_SERVICE,Device.Services.FAPService.{i}.CellConfig.LTE.RAN.NeighborListInUse.LTECell.{i}.X_RADISYS_COM_IN_USE_CSGId,不在当前 TD-LTE SF 小区服务 catalog 白名单，属于旧扩展/私有/跨分组路径绑定
MOD FAP_SERVICE,Device.Services.FAPService.{i}.CellConfig.LTE.RAN.NeighborListInUse.LTECell.{i}.X_RADISYS_COM_IN_USE_CSGIndicator,不在当前 TD-LTE SF 小区服务 catalog 白名单，属于旧扩展/私有/跨分组路径绑定
MOD FAP_SERVICE,Device.Services.FAPService.{i}.CellConfig.LTE.RAN.NeighborListInUse.LTECell.{i}.X_RADISYS_COM_IN_USE_DL_BW,不在当前 TD-LTE SF 小区服务 catalog 白名单，属于旧扩展/私有/跨分组路径绑定
MOD FAP_SERVICE,Device.Services.FAPService.{i}.CellConfig.LTE.RAN.NeighborListInUse.LTECell.{i}.X_RADISYS_COM_IN_USE_EUTRAULEarfcn,不在当前 TD-LTE SF 小区服务 catalog 白名单，属于旧扩展/私有/跨分组路径绑定
MOD FAP_SERVICE,Device.Services.FAPService.{i}.CellConfig.LTE.RAN.NeighborListInUse.LTECell.{i}.X_RADISYS_COM_IN_USE_IntraFreqNeighPCI,不在当前 TD-LTE SF 小区服务 catalog 白名单，属于旧扩展/私有/跨分组路径绑定
MOD FAP_SERVICE,Device.Services.FAPService.{i}.CellConfig.LTE.RAN.NeighborListInUse.LTECell.{i}.X_RADISYS_COM_IN_USE_IsBarred,不在当前 TD-LTE SF 小区服务 catalog 白名单，属于旧扩展/私有/跨分组路径绑定
MOD FAP_SERVICE,Device.Services.FAPService.{i}.CellConfig.LTE.RAN.NeighborListInUse.LTECell.{i}.X_RADISYS_COM_IN_USE_LteBand,不在当前 TD-LTE SF 小区服务 catalog 白名单，属于旧扩展/私有/跨分组路径绑定
MOD FAP_SERVICE,Device.Services.FAPService.{i}.CellConfig.LTE.RAN.NeighborListInUse.LTECell.{i}.X_RADISYS_COM_IN_USE_NUM_ANTENNA,不在当前 TD-LTE SF 小区服务 catalog 白名单，属于旧扩展/私有/跨分组路径绑定
MOD FAP_SERVICE,Device.Services.FAPService.{i}.CellConfig.LTE.RAN.NeighborListInUse.LTECell.{i}.X_RADISYS_COM_IN_USE_PrachCfgPresent,不在当前 TD-LTE SF 小区服务 catalog 白名单，属于旧扩展/私有/跨分组路径绑定
MOD FAP_SERVICE,Device.Services.FAPService.{i}.CellConfig.LTE.RAN.NeighborListInUse.LTECell.{i}.X_RADISYS_COM_IN_USE_PrachConfigIndex,不在当前 TD-LTE SF 小区服务 catalog 白名单，属于旧扩展/私有/跨分组路径绑定
MOD FAP_SERVICE,Device.Services.FAPService.{i}.CellConfig.LTE.RAN.NeighborListInUse.LTECell.{i}.X_RADISYS_COM_IN_USE_PrachFrqOffset,不在当前 TD-LTE SF 小区服务 catalog 白名单，属于旧扩展/私有/跨分组路径绑定
MOD FAP_SERVICE,Device.Services.FAPService.{i}.CellConfig.LTE.RAN.NeighborListInUse.LTECell.{i}.X_RADISYS_COM_IN_USE_PrachHighSpeedFlag,不在当前 TD-LTE SF 小区服务 catalog 白名单，属于旧扩展/私有/跨分组路径绑定
MOD FAP_SERVICE,Device.Services.FAPService.{i}.CellConfig.LTE.RAN.NeighborListInUse.LTECell.{i}.X_RADISYS_COM_IN_USE_PrachRootSeqIdx,不在当前 TD-LTE SF 小区服务 catalog 白名单，属于旧扩展/私有/跨分组路径绑定
MOD FAP_SERVICE,Device.Services.FAPService.{i}.CellConfig.LTE.RAN.NeighborListInUse.LTECell.{i}.X_RADISYS_COM_IN_USE_PrachZeroCorrelationZoneConfig,不在当前 TD-LTE SF 小区服务 catalog 白名单，属于旧扩展/私有/跨分组路径绑定
MOD FAP_SERVICE,Device.Services.FAPService.{i}.CellConfig.LTE.RAN.NeighborListInUse.LTECell.{i}.X_RADISYS_COM_IN_USE_RSRP,不在当前 TD-LTE SF 小区服务 catalog 白名单，属于旧扩展/私有/跨分组路径绑定
MOD FAP_SERVICE,Device.Services.FAPService.{i}.CellConfig.LTE.RAN.NeighborListInUse.LTECell.{i}.X_RADISYS_COM_IN_USE_RSSI,不在当前 TD-LTE SF 小区服务 catalog 白名单，属于旧扩展/私有/跨分组路径绑定
MOD FAP_SERVICE,Device.Services.FAPService.{i}.CellConfig.LTE.RAN.NeighborListInUse.LTECell.{i}.X_RADISYS_COM_IN_USE_SPL_SF_CFG,不在当前 TD-LTE SF 小区服务 catalog 白名单，属于旧扩展/私有/跨分组路径绑定
MOD FAP_SERVICE,Device.Services.FAPService.{i}.CellConfig.LTE.RAN.NeighborListInUse.LTECell.{i}.X_RADISYS_COM_IN_USE_TAC,不在当前 TD-LTE SF 小区服务 catalog 白名单，属于旧扩展/私有/跨分组路径绑定
MOD FAP_SERVICE,Device.Services.FAPService.{i}.CellConfig.LTE.RAN.NeighborListInUse.LTECell.{i}.X_RADISYS_COM_IN_USE_UL_BW,不在当前 TD-LTE SF 小区服务 catalog 白名单，属于旧扩展/私有/跨分组路径绑定
MOD FAP_SERVICE,Device.Services.FAPService.{i}.CellConfig.LTE.RAN.NeighborListInUse.LTECell.{i}.X_RADISYS_COM_IN_USE_ULDL_SUB_FRM_CFG,不在当前 TD-LTE SF 小区服务 catalog 白名单，属于旧扩展/私有/跨分组路径绑定
MOD FAP_SERVICE,Device.Services.FAPService.{i}.CellConfig.LTE.RAN.PHY.AntennaInfo.AntennaPortsCount,不在当前 TD-LTE SF 小区服务 catalog 白名单，属于旧扩展/私有/跨分组路径绑定
MOD FAP_SERVICE,Device.Services.FAPService.{i}.CellConfig.LTE.RAN.PHY.AntennaInfo.Multiplex,不在当前 TD-LTE SF 小区服务 catalog 白名单，属于旧扩展/私有/跨分组路径绑定
MOD FAP_SERVICE,Device.Services.FAPService.{i}.CellConfig.LTE.RAN.RF.AdminCellState,不在当前 TD-LTE SF 小区服务 catalog 白名单，属于旧扩展/私有/跨分组路径绑定
MOD FAP_SERVICE,Device.Services.FAPService.{i}.CellConfig.LTE.RAN.RF.EnbCellType,不在当前 TD-LTE SF 小区服务 catalog 白名单，属于旧扩展/私有/跨分组路径绑定
MOD FAP_SERVICE,Device.Services.FAPService.{i}.CellConfig.LTE.RAN.RF.ForceRadioEnable,不在当前 TD-LTE SF 小区服务 catalog 白名单，属于旧扩展/私有/跨分组路径绑定
MOD FAP_SERVICE,Device.Services.FAPService.{i}.CellConfig.LTE.RAN.RF.LteCellWithRuList,不在当前 TD-LTE SF 小区服务 catalog 白名单，属于旧扩展/私有/跨分组路径绑定
MOD FAP_SERVICE,Device.Services.FAPService.{i}.CellConfig.LTE.RAN.RF.X_COM_MaxTxPowerExpanded,不在当前 TD-LTE SF 小区服务 catalog 白名单，属于旧扩展/私有/跨分组路径绑定
MOD FAP_SERVICE,Device.Services.FAPService.{i}.CellConfig.LTE.RAN.RF.X_COM_RadioEnable,不在当前 TD-LTE SF 小区服务 catalog 白名单，属于旧扩展/私有/跨分组路径绑定
MOD FAP_SERVICE,Device.Services.FAPService.{i}.CellConfig.LTE.RAN.RRCTimers.T304,不在当前 TD-LTE SF 小区服务 catalog 白名单，属于旧扩展/私有/跨分组路径绑定
MOD FAP_SERVICE,Device.Services.FAPService.{i}.CellConfig.LTE.RAN.RRCTimers.T319,不在当前 TD-LTE SF 小区服务 catalog 白名单，属于旧扩展/私有/跨分组路径绑定
MOD FAP_SERVICE,Device.Services.FAPService.{i}.CellConfig.LTE.S1U.{i}.FarIpSubnetworkList,不在当前 TD-LTE SF 小区服务 catalog 白名单，属于旧扩展/私有/跨分组路径绑定
MOD FAP_SERVICE,Device.Services.FAPService.{i}.CellConfig.LTE.S1U.{i}.LocIpAddrList,不在当前 TD-LTE SF 小区服务 catalog 白名单，属于旧扩展/私有/跨分组路径绑定
MOD FAP_SERVICE,Device.Services.FAPService.{i}.FAPControl.AUTO_START_ENABLE,不在当前 TD-LTE SF 小区服务 catalog 白名单，属于旧扩展/私有/跨分组路径绑定
MOD FAP_SERVICE,Device.Services.FAPService.{i}.FAPControl.CONFIG_STATS_FLOW.STATS_FLOW_SWITCH,不在当前 TD-LTE SF 小区服务 catalog 白名单，属于旧扩展/私有/跨分组路径绑定
MOD FAP_SERVICE,Device.Services.FAPService.{i}.FAPControl.CONFIG_STATS_FLOW.STATS_FLOW_UPLOAD_ADDRESS,不在当前 TD-LTE SF 小区服务 catalog 白名单，属于旧扩展/私有/跨分组路径绑定
MOD FAP_SERVICE,Device.Services.FAPService.{i}.FAPControl.CONFIG_STATS_FLOW.STATS_FLOW_UPLOAD_INTERVAL,不在当前 TD-LTE SF 小区服务 catalog 白名单，属于旧扩展/私有/跨分组路径绑定
MOD FAP_SERVICE,Device.Services.FAPService.{i}.FAPControl.EciAutoEnable,不在当前 TD-LTE SF 小区服务 catalog 白名单，属于旧扩展/私有/跨分组路径绑定
MOD FAP_SERVICE,Device.Services.FAPService.{i}.FAPControl.EMBEDDED_EPC.L2.Apn.{i}.apnDefault,不在当前 TD-LTE SF 小区服务 catalog 白名单，属于旧扩展/私有/跨分组路径绑定
MOD FAP_SERVICE,Device.Services.FAPService.{i}.FAPControl.EMBEDDED_EPC.L2.Apn.{i}.apnName,不在当前 TD-LTE SF 小区服务 catalog 白名单，属于旧扩展/私有/跨分组路径绑定
MOD FAP_SERVICE,Device.Services.FAPService.{i}.FAPControl.EMBEDDED_EPC.L2.Apn.{i}.apnType,不在当前 TD-LTE SF 小区服务 catalog 白名单，属于旧扩展/私有/跨分组路径绑定
MOD FAP_SERVICE,Device.Services.FAPService.{i}.FAPControl.EMBEDDED_EPC.L2.Apn.{i}.apnVlanId,不在当前 TD-LTE SF 小区服务 catalog 白名单，属于旧扩展/私有/跨分组路径绑定
MOD FAP_SERVICE,Device.Services.FAPService.{i}.FAPControl.EMBEDDED_EPC.L2.VxLan.{i}.id,不在当前 TD-LTE SF 小区服务 catalog 白名单，属于旧扩展/私有/跨分组路径绑定
MOD FAP_SERVICE,Device.Services.FAPService.{i}.FAPControl.Halob.L2.Apn.{i}.apnDefault,不在当前 TD-LTE SF 小区服务 catalog 白名单，属于旧扩展/私有/跨分组路径绑定
MOD FAP_SERVICE,Device.Services.FAPService.{i}.FAPControl.Halob.L2.Apn.{i}.apnName,不在当前 TD-LTE SF 小区服务 catalog 白名单，属于旧扩展/私有/跨分组路径绑定
MOD FAP_SERVICE,Device.Services.FAPService.{i}.FAPControl.Halob.L2.Apn.{i}.apnType,不在当前 TD-LTE SF 小区服务 catalog 白名单，属于旧扩展/私有/跨分组路径绑定
MOD FAP_SERVICE,Device.Services.FAPService.{i}.FAPControl.Halob.L2.Apn.{i}.apnVlanId,不在当前 TD-LTE SF 小区服务 catalog 白名单，属于旧扩展/私有/跨分组路径绑定
MOD FAP_SERVICE,Device.Services.FAPService.{i}.FAPControl.Halob.L2.l2TunnelEnable,不在当前 TD-LTE SF 小区服务 catalog 白名单，属于旧扩展/私有/跨分组路径绑定
MOD FAP_SERVICE,Device.Services.FAPService.{i}.FAPControl.Halob.L2.l2TunnelIp,不在当前 TD-LTE SF 小区服务 catalog 白名单，属于旧扩展/私有/跨分组路径绑定
MOD FAP_SERVICE,Device.Services.FAPService.{i}.FAPControl.Halob.L2.l2TunnelMode,不在当前 TD-LTE SF 小区服务 catalog 白名单，属于旧扩展/私有/跨分组路径绑定
MOD FAP_SERVICE,Device.Services.FAPService.{i}.FAPControl.Halob.L2.VxLan.{i}.apnName,不在当前 TD-LTE SF 小区服务 catalog 白名单，属于旧扩展/私有/跨分组路径绑定
MOD FAP_SERVICE,Device.Services.FAPService.{i}.FAPControl.Halob.L2.VxLan.{i}.id,不在当前 TD-LTE SF 小区服务 catalog 白名单，属于旧扩展/私有/跨分组路径绑定
MOD FAP_SERVICE,Device.Services.FAPService.{i}.FAPControl.LTE.AdminState,不在当前 TD-LTE SF 小区服务 catalog 白名单，属于旧扩展/私有/跨分组路径绑定
MOD FAP_SERVICE,Device.Services.FAPService.{i}.FAPControl.LTE.Gateway.AGPort1,不在当前 TD-LTE SF 小区服务 catalog 白名单，属于旧扩展/私有/跨分组路径绑定
MOD FAP_SERVICE,Device.Services.FAPService.{i}.FAPControl.LTE.Gateway.AGPort2,不在当前 TD-LTE SF 小区服务 catalog 白名单，属于旧扩展/私有/跨分组路径绑定
MOD FAP_SERVICE,Device.Services.FAPService.{i}.FAPControl.LTE.Gateway.AGPort3,不在当前 TD-LTE SF 小区服务 catalog 白名单，属于旧扩展/私有/跨分组路径绑定
MOD FAP_SERVICE,Device.Services.FAPService.{i}.FAPControl.LTE.Gateway.AGServerEnable,不在当前 TD-LTE SF 小区服务 catalog 白名单，属于旧扩展/私有/跨分组路径绑定
MOD FAP_SERVICE,Device.Services.FAPService.{i}.FAPControl.LTE.Gateway.AGServerIp1,不在当前 TD-LTE SF 小区服务 catalog 白名单，属于旧扩展/私有/跨分组路径绑定
MOD FAP_SERVICE,Device.Services.FAPService.{i}.FAPControl.LTE.Gateway.AGServerIp2,不在当前 TD-LTE SF 小区服务 catalog 白名单，属于旧扩展/私有/跨分组路径绑定
MOD FAP_SERVICE,Device.Services.FAPService.{i}.FAPControl.LTE.Gateway.AGServerIp3,不在当前 TD-LTE SF 小区服务 catalog 白名单，属于旧扩展/私有/跨分组路径绑定
MOD FAP_SERVICE,Device.Services.FAPService.{i}.FAPControl.LTE.Gateway.ExistPlmnidList,不在当前 TD-LTE SF 小区服务 catalog 白名单，属于旧扩展/私有/跨分组路径绑定
MOD FAP_SERVICE,Device.Services.FAPService.{i}.FAPControl.LTE.Gateway.MmePool.Enable,不在当前 TD-LTE SF 小区服务 catalog 白名单，属于旧扩展/私有/跨分组路径绑定
MOD FAP_SERVICE,Device.Services.FAPService.{i}.FAPControl.LTE.Gateway.MmePool.MmePool1IpsecAddr,不在当前 TD-LTE SF 小区服务 catalog 白名单，属于旧扩展/私有/跨分组路径绑定
MOD FAP_SERVICE,Device.Services.FAPService.{i}.FAPControl.LTE.Gateway.MmePool.MmePool1List,不在当前 TD-LTE SF 小区服务 catalog 白名单，属于旧扩展/私有/跨分组路径绑定
MOD FAP_SERVICE,Device.Services.FAPService.{i}.FAPControl.LTE.Gateway.MmePool.MmePool1Status,不在当前 TD-LTE SF 小区服务 catalog 白名单，属于旧扩展/私有/跨分组路径绑定
MOD FAP_SERVICE,Device.Services.FAPService.{i}.FAPControl.LTE.Gateway.MmePool.MmePool2IpsecAddr,不在当前 TD-LTE SF 小区服务 catalog 白名单，属于旧扩展/私有/跨分组路径绑定
MOD FAP_SERVICE,Device.Services.FAPService.{i}.FAPControl.LTE.Gateway.MmePool.MmePool2List,不在当前 TD-LTE SF 小区服务 catalog 白名单，属于旧扩展/私有/跨分组路径绑定
MOD FAP_SERVICE,Device.Services.FAPService.{i}.FAPControl.LTE.Gateway.MmePool.MmePool2Status,不在当前 TD-LTE SF 小区服务 catalog 白名单，属于旧扩展/私有/跨分组路径绑定
MOD FAP_SERVICE,Device.Services.FAPService.{i}.FAPControl.LTE.Gateway.MmePool.MmePoolListMapIpsecTunnel,不在当前 TD-LTE SF 小区服务 catalog 白名单，属于旧扩展/私有/跨分组路径绑定
MOD FAP_SERVICE,Device.Services.FAPService.{i}.FAPControl.LTE.Gateway.MultiS1ConnectionMode,不在当前 TD-LTE SF 小区服务 catalog 白名单，属于旧扩展/私有/跨分组路径绑定
MOD FAP_SERVICE,Device.Services.FAPService.{i}.FAPControl.LTE.Gateway.S1ConnectionMode,不在当前 TD-LTE SF 小区服务 catalog 白名单，属于旧扩展/私有/跨分组路径绑定
MOD FAP_SERVICE,Device.Services.FAPService.{i}.FAPControl.LTE.Gateway.S1SigLinkPort,不在当前 TD-LTE SF 小区服务 catalog 白名单，属于旧扩展/私有/跨分组路径绑定
MOD FAP_SERVICE,Device.Services.FAPService.{i}.FAPControl.LTE.Gateway.S1SigLinkServerList,不在当前 TD-LTE SF 小区服务 catalog 白名单，属于旧扩展/私有/跨分组路径绑定
MOD FAP_SERVICE,Device.Services.FAPService.{i}.FAPControl.LTE.Gateway.SecGWServer1,不在当前 TD-LTE SF 小区服务 catalog 白名单，属于旧扩展/私有/跨分组路径绑定
MOD FAP_SERVICE,Device.Services.FAPService.{i}.FAPControl.LTE.Gateway.SecGWServer2,不在当前 TD-LTE SF 小区服务 catalog 白名单，属于旧扩展/私有/跨分组路径绑定
MOD FAP_SERVICE,Device.Services.FAPService.{i}.FAPControl.LTE.Gateway.SecGWServer3,不在当前 TD-LTE SF 小区服务 catalog 白名单，属于旧扩展/私有/跨分组路径绑定
MOD FAP_SERVICE,Device.Services.FAPService.{i}.FAPControl.LTE.HSS.APN,不在当前 TD-LTE SF 小区服务 catalog 白名单，属于旧扩展/私有/跨分组路径绑定
MOD FAP_SERVICE,Device.Services.FAPService.{i}.FAPControl.LTE.HSS.HaloBEnableState,不在当前 TD-LTE SF 小区服务 catalog 白名单，属于旧扩展/私有/跨分组路径绑定
MOD FAP_SERVICE,Device.Services.FAPService.{i}.FAPControl.LTE.HSS.HaloBMode,不在当前 TD-LTE SF 小区服务 catalog 白名单，属于旧扩展/私有/跨分组路径绑定
MOD FAP_SERVICE,Device.Services.FAPService.{i}.FAPControl.LTE.HSS.IMS,不在当前 TD-LTE SF 小区服务 catalog 白名单，属于旧扩展/私有/跨分组路径绑定
MOD FAP_SERVICE,Device.Services.FAPService.{i}.FAPControl.LTE.HSS.IMSI,不在当前 TD-LTE SF 小区服务 catalog 白名单，属于旧扩展/私有/跨分组路径绑定
MOD FAP_SERVICE,Device.Services.FAPService.{i}.FAPControl.LTE.HSS.RequestApnEnable,不在当前 TD-LTE SF 小区服务 catalog 白名单，属于旧扩展/私有/跨分组路径绑定
MOD FAP_SERVICE,Device.Services.FAPService.{i}.FAPControl.LTE.HSS.RequestX2Related,不在当前 TD-LTE SF 小区服务 catalog 白名单，属于旧扩展/私有/跨分组路径绑定
MOD FAP_SERVICE,Device.Services.FAPService.{i}.FAPControl.LTE.HSS.SubInfoList.{i}.APNINFO,不在当前 TD-LTE SF 小区服务 catalog 白名单，属于旧扩展/私有/跨分组路径绑定
MOD FAP_SERVICE,Device.Services.FAPService.{i}.FAPControl.LTE.HSS.SubInfoList.{i}.IMSINFO,不在当前 TD-LTE SF 小区服务 catalog 白名单，属于旧扩展/私有/跨分组路径绑定
MOD FAP_SERVICE,Device.Services.FAPService.{i}.FAPControl.LTE.HSS.SubInfoList.{i}.SUBINFO,不在当前 TD-LTE SF 小区服务 catalog 白名单，属于旧扩展/私有/跨分组路径绑定
MOD FAP_SERVICE,Device.Services.FAPService.{i}.FAPControl.LTE.HSS.X2RelatedParameters,不在当前 TD-LTE SF 小区服务 catalog 白名单，属于旧扩展/私有/跨分组路径绑定
MOD FAP_SERVICE,Device.Services.FAPService.{i}.FAPControl.LTE.InUse,不在当前 TD-LTE SF 小区服务 catalog 白名单，属于旧扩展/私有/跨分组路径绑定
MOD FAP_SERVICE,Device.Services.FAPService.{i}.FAPControl.LTE.LICENSE.Author,不在当前 TD-LTE SF 小区服务 catalog 白名单，属于旧扩展/私有/跨分组路径绑定
MOD FAP_SERVICE,Device.Services.FAPService.{i}.FAPControl.LTE.LICENSE.Capacity.{i},不在当前 TD-LTE SF 小区服务 catalog 白名单，属于旧扩展/私有/跨分组路径绑定
MOD FAP_SERVICE,Device.Services.FAPService.{i}.FAPControl.LTE.LICENSE.Capacity.{i}.DelayAvaliable,不在当前 TD-LTE SF 小区服务 catalog 白名单，属于旧扩展/私有/跨分组路径绑定
MOD FAP_SERVICE,Device.Services.FAPService.{i}.FAPControl.LTE.LICENSE.Capacity.{i}.DelayControl,不在当前 TD-LTE SF 小区服务 catalog 白名单，属于旧扩展/私有/跨分组路径绑定
MOD FAP_SERVICE,Device.Services.FAPService.{i}.FAPControl.LTE.LICENSE.Capacity.{i}.Description,不在当前 TD-LTE SF 小区服务 catalog 白名单，属于旧扩展/私有/跨分组路径绑定
MOD FAP_SERVICE,Device.Services.FAPService.{i}.FAPControl.LTE.LICENSE.Capacity.{i}.ID,不在当前 TD-LTE SF 小区服务 catalog 白名单，属于旧扩展/私有/跨分组路径绑定
MOD FAP_SERVICE,Device.Services.FAPService.{i}.FAPControl.LTE.LICENSE.Capacity.{i}.RemainingPeriod,不在当前 TD-LTE SF 小区服务 catalog 白名单，属于旧扩展/私有/跨分组路径绑定
MOD FAP_SERVICE,Device.Services.FAPService.{i}.FAPControl.LTE.LICENSE.Capacity.{i}.ValidPeriod,不在当前 TD-LTE SF 小区服务 catalog 白名单，属于旧扩展/私有/跨分组路径绑定
MOD FAP_SERVICE,Device.Services.FAPService.{i}.FAPControl.LTE.LICENSE.Capacity.{i}.Value,不在当前 TD-LTE SF 小区服务 catalog 白名单，属于旧扩展/私有/跨分组路径绑定
MOD FAP_SERVICE,Device.Services.FAPService.{i}.FAPControl.LTE.LICENSE.CapacityListNumberOfEntries,不在当前 TD-LTE SF 小区服务 catalog 白名单，属于旧扩展/私有/跨分组路径绑定
MOD FAP_SERVICE,Device.Services.FAPService.{i}.FAPControl.LTE.LICENSE.Code,不在当前 TD-LTE SF 小区服务 catalog 白名单，属于旧扩展/私有/跨分组路径绑定
MOD FAP_SERVICE,Device.Services.FAPService.{i}.FAPControl.LTE.LICENSE.GenerateDate,不在当前 TD-LTE SF 小区服务 catalog 白名单，属于旧扩展/私有/跨分组路径绑定
MOD FAP_SERVICE,Device.Services.FAPService.{i}.FAPControl.LTE.LICENSE.HaloBCentralizedModeAvailable,不在当前 TD-LTE SF 小区服务 catalog 白名单，属于旧扩展/私有/跨分组路径绑定
MOD FAP_SERVICE,Device.Services.FAPService.{i}.FAPControl.LTE.LICENSE.HaloBSingleModeAvailable,不在当前 TD-LTE SF 小区服务 catalog 白名单，属于旧扩展/私有/跨分组路径绑定
MOD FAP_SERVICE,Device.Services.FAPService.{i}.FAPControl.LTE.LICENSE.SeqNum,不在当前 TD-LTE SF 小区服务 catalog 白名单，属于旧扩展/私有/跨分组路径绑定
MOD FAP_SERVICE,Device.Services.FAPService.{i}.FAPControl.LTE.LICENSE.Version,不在当前 TD-LTE SF 小区服务 catalog 白名单，属于旧扩展/私有/跨分组路径绑定
MOD FAP_SERVICE,Device.Services.FAPService.{i}.FAPControl.LTE.OpState,不在当前 TD-LTE SF 小区服务 catalog 白名单，属于旧扩展/私有/跨分组路径绑定
MOD FAP_SERVICE,Device.Services.FAPService.{i}.FAPControl.LTE.RFTxStatus,不在当前 TD-LTE SF 小区服务 catalog 白名单，属于旧扩展/私有/跨分组路径绑定
MOD FAP_SERVICE,Device.Services.FAPService.{i}.FAPControl.LTE.RUHOControlEnable,不在当前 TD-LTE SF 小区服务 catalog 白名单，属于旧扩展/私有/跨分组路径绑定
MOD FAP_SERVICE,Device.Services.FAPService.{i}.FAPControl.LTE.SourcedSignalEnable,不在当前 TD-LTE SF 小区服务 catalog 白名单，属于旧扩展/私有/跨分组路径绑定
MOD FAP_SERVICE,Device.Services.FAPService.{i}.FAPControl.NR.AMFPoolConfigParam.{i},不在当前 TD-LTE SF 小区服务 catalog 白名单，属于旧扩展/私有/跨分组路径绑定
MOD FAP_SERVICE,Device.Services.FAPService.{i}.FAPControl.NR.AMFPoolConfigParam.{i}.AmfIP1,不在当前 TD-LTE SF 小区服务 catalog 白名单，属于旧扩展/私有/跨分组路径绑定
MOD FAP_SERVICE,Device.Services.FAPService.{i}.FAPControl.NR.AMFPoolConfigParam.{i}.NR_AMF_IS_DEFAULT,不在当前 TD-LTE SF 小区服务 catalog 白名单，属于旧扩展/私有/跨分组路径绑定
MOD FAP_SERVICE,Device.Services.FAPService.{i}.FAPControl.NR.AMFPoolConfigParam.{i}.PLMNID,不在当前 TD-LTE SF 小区服务 catalog 白名单，属于旧扩展/私有/跨分组路径绑定
MOD FAP_SERVICE,Device.Services.FAPService.{i}.FAPControl.NR.DscpList.{i},不在当前 TD-LTE SF 小区服务 catalog 白名单，属于旧扩展/私有/跨分组路径绑定
MOD FAP_SERVICE,Device.Services.FAPService.{i}.FAPControl.NR.DscpList.{i}.Dscp,不在当前 TD-LTE SF 小区服务 catalog 白名单，属于旧扩展/私有/跨分组路径绑定
MOD FAP_SERVICE,Device.Services.FAPService.{i}.FAPControl.NR.DscpList.{i}.VlanPrio,不在当前 TD-LTE SF 小区服务 catalog 白名单，属于旧扩展/私有/跨分组路径绑定
MOD FAP_SERVICE,Device.Services.FAPService.{i}.FAPControl.NR.DumgrProvLog.DumgrFileCount,不在当前 TD-LTE SF 小区服务 catalog 白名单，属于旧扩展/私有/跨分组路径绑定
MOD FAP_SERVICE,Device.Services.FAPService.{i}.FAPControl.NR.DumgrProvLog.DumgrLogLevel,不在当前 TD-LTE SF 小区服务 catalog 白名单，属于旧扩展/私有/跨分组路径绑定
MOD FAP_SERVICE,Device.Services.FAPService.{i}.FAPControl.NR.DumgrProvLog.DumgrMaxLogFilesize,不在当前 TD-LTE SF 小区服务 catalog 白名单，属于旧扩展/私有/跨分组路径绑定
MOD FAP_SERVICE,Device.Services.FAPService.{i}.FAPControl.NR.DumgrProvLog.DumgrShmSize,不在当前 TD-LTE SF 小区服务 catalog 白名单，属于旧扩展/私有/跨分组路径绑定
MOD FAP_SERVICE,Device.Services.FAPService.{i}.FAPControl.NR.F1apDscp.Dscp,不在当前 TD-LTE SF 小区服务 catalog 白名单，属于旧扩展/私有/跨分组路径绑定
MOD FAP_SERVICE,Device.Services.FAPService.{i}.FAPControl.NR.F1apDscp.VlanPrio,不在当前 TD-LTE SF 小区服务 catalog 白名单，属于旧扩展/私有/跨分组路径绑定
MOD FAP_SERVICE,Device.Services.FAPService.{i}.FAPControl.NR.F1apLog.RrcLogLevel,不在当前 TD-LTE SF 小区服务 catalog 白名单，属于旧扩展/私有/跨分组路径绑定
MOD FAP_SERVICE,Device.Services.FAPService.{i}.FAPControl.NR.GtpuLog.NguCuf1uLogLevel,不在当前 TD-LTE SF 小区服务 catalog 白名单，属于旧扩展/私有/跨分组路径绑定
MOD FAP_SERVICE,Device.Services.FAPService.{i}.FAPControl.NR.LgwFwdCfg.LgwBindName,不在当前 TD-LTE SF 小区服务 catalog 白名单，属于旧扩展/私有/跨分组路径绑定
MOD FAP_SERVICE,Device.Services.FAPService.{i}.FAPControl.NR.LgwFwdCfg.LgwEnable,不在当前 TD-LTE SF 小区服务 catalog 白名单，属于旧扩展/私有/跨分组路径绑定
MOD FAP_SERVICE,Device.Services.FAPService.{i}.FAPControl.NR.LgwFwdCfg.LgwFwdIpv4Addr,不在当前 TD-LTE SF 小区服务 catalog 白名单，属于旧扩展/私有/跨分组路径绑定
MOD FAP_SERVICE,Device.Services.FAPService.{i}.FAPControl.NR.LgwFwdCfg.LgwFwdIpv4Enable,不在当前 TD-LTE SF 小区服务 catalog 白名单，属于旧扩展/私有/跨分组路径绑定
MOD FAP_SERVICE,Device.Services.FAPService.{i}.FAPControl.NR.LgwFwdCfg.LgwFwdIpv4Mask,不在当前 TD-LTE SF 小区服务 catalog 白名单，属于旧扩展/私有/跨分组路径绑定
MOD FAP_SERVICE,Device.Services.FAPService.{i}.FAPControl.NR.LgwFwdCfg.LgwFwdIpv6Addr,不在当前 TD-LTE SF 小区服务 catalog 白名单，属于旧扩展/私有/跨分组路径绑定
MOD FAP_SERVICE,Device.Services.FAPService.{i}.FAPControl.NR.LgwFwdCfg.LgwFwdIpv6Enable,不在当前 TD-LTE SF 小区服务 catalog 白名单，属于旧扩展/私有/跨分组路径绑定
MOD FAP_SERVICE,Device.Services.FAPService.{i}.FAPControl.NR.LgwFwdCfg.LgwFwdIpv6PrefixLen,不在当前 TD-LTE SF 小区服务 catalog 白名单，属于旧扩展/私有/跨分组路径绑定
MOD FAP_SERVICE,Device.Services.FAPService.{i}.FAPControl.NR.LgwFwdCfg.LgwFwdMode,不在当前 TD-LTE SF 小区服务 catalog 白名单，属于旧扩展/私有/跨分组路径绑定
MOD FAP_SERVICE,Device.Services.FAPService.{i}.FAPControl.NR.MultiPlmnEnable,不在当前 TD-LTE SF 小区服务 catalog 白名单，属于旧扩展/私有/跨分组路径绑定
MOD FAP_SERVICE,Device.Services.FAPService.{i}.FAPControl.NR.NgapDscp.Dscp,不在当前 TD-LTE SF 小区服务 catalog 白名单，属于旧扩展/私有/跨分组路径绑定
MOD FAP_SERVICE,Device.Services.FAPService.{i}.FAPControl.NR.NgapDscp.VlanPrio,不在当前 TD-LTE SF 小区服务 catalog 白名单，属于旧扩展/私有/跨分组路径绑定
MOD FAP_SERVICE,Device.Services.FAPService.{i}.FAPControl.NR.OamDscp.Dscp,不在当前 TD-LTE SF 小区服务 catalog 白名单，属于旧扩展/私有/跨分组路径绑定
MOD FAP_SERVICE,Device.Services.FAPService.{i}.FAPControl.NR.OamDscp.VlanPrio,不在当前 TD-LTE SF 小区服务 catalog 白名单，属于旧扩展/私有/跨分组路径绑定
MOD FAP_SERVICE,Device.Services.FAPService.{i}.FAPControl.NR.PdcpLog.PdcpLogLevel,不在当前 TD-LTE SF 小区服务 catalog 白名单，属于旧扩展/私有/跨分组路径绑定
MOD FAP_SERVICE,Device.Services.FAPService.{i}.FAPControl.NR.RAN.Common.AdminState,不在当前 TD-LTE SF 小区服务 catalog 白名单，属于旧扩展/私有/跨分组路径绑定
MOD FAP_SERVICE,Device.Services.FAPService.{i}.FAPControl.NR.RAN.Common.gNBId,不在当前 TD-LTE SF 小区服务 catalog 白名单，属于旧扩展/私有/跨分组路径绑定
MOD FAP_SERVICE,Device.Services.FAPService.{i}.FAPControl.NR.RAN.Common.gNBIdLength,不在当前 TD-LTE SF 小区服务 catalog 白名单，属于旧扩展/私有/跨分组路径绑定
MOD FAP_SERVICE,Device.Services.FAPService.{i}.FAPControl.NR.RlcLog.RlclLogLevel,不在当前 TD-LTE SF 小区服务 catalog 白名单，属于旧扩展/私有/跨分组路径绑定
MOD FAP_SERVICE,Device.Services.FAPService.{i}.FAPControl.NR.RlcLog.RlcLogLevel,不在当前 TD-LTE SF 小区服务 catalog 白名单，属于旧扩展/私有/跨分组路径绑定
MOD FAP_SERVICE,Device.Services.FAPService.{i}.FAPControl.NR.RrcProv.RrcMaxLogFileCount,不在当前 TD-LTE SF 小区服务 catalog 白名单，属于旧扩展/私有/跨分组路径绑定
MOD FAP_SERVICE,Device.Services.FAPService.{i}.FAPControl.NR.RrcProv.RrcMaxLogFileSize,不在当前 TD-LTE SF 小区服务 catalog 白名单，属于旧扩展/私有/跨分组路径绑定
MOD FAP_SERVICE,Device.Services.FAPService.{i}.FAPControl.NR.RrcProv.RrcSharedMemSize,不在当前 TD-LTE SF 小区服务 catalog 白名单，属于旧扩展/私有/跨分组路径绑定
MOD FAP_SERVICE,Device.Services.FAPService.{i}.FAPControl.NR.SelfConfig.SONConfigParam.ANR.A3RSRPOffset,不在当前 TD-LTE SF 小区服务 catalog 白名单，属于旧扩展/私有/跨分组路径绑定
MOD FAP_SERVICE,Device.Services.FAPService.{i}.FAPControl.NR.SelfConfig.SONConfigParam.ANR.AutoAdjustEnable,不在当前 TD-LTE SF 小区服务 catalog 白名单，属于旧扩展/私有/跨分组路径绑定
MOD FAP_SERVICE,Device.Services.FAPService.{i}.FAPControl.NR.SelfConfig.SONConfigParam.ANR.AutoRemoveEnable,不在当前 TD-LTE SF 小区服务 catalog 白名单，属于旧扩展/私有/跨分组路径绑定
MOD FAP_SERVICE,Device.Services.FAPService.{i}.FAPControl.NR.SelfConfig.SONConfigParam.ANR.AutoRemoveMaxCell,不在当前 TD-LTE SF 小区服务 catalog 白名单，属于旧扩展/私有/跨分组路径绑定
MOD FAP_SERVICE,Device.Services.FAPService.{i}.FAPControl.NR.SelfConfig.SONConfigParam.ANR.AutoRemovePeriod,不在当前 TD-LTE SF 小区服务 catalog 白名单，属于旧扩展/私有/跨分组路径绑定
MOD FAP_SERVICE,Device.Services.FAPService.{i}.FAPControl.NR.SelfConfig.SONConfigParam.ANR.BiNRCellEnable,不在当前 TD-LTE SF 小区服务 catalog 白名单，属于旧扩展/私有/跨分组路径绑定
MOD FAP_SERVICE,Device.Services.FAPService.{i}.FAPControl.NR.SelfConfig.SONConfigParam.ANR.Enable,不在当前 TD-LTE SF 小区服务 catalog 白名单，属于旧扩展/私有/跨分组路径绑定
MOD FAP_SERVICE,Device.Services.FAPService.{i}.FAPControl.NR.SelfConfig.SONConfigParam.ANR.EUTRANEnable,不在当前 TD-LTE SF 小区服务 catalog 白名单，属于旧扩展/私有/跨分组路径绑定
MOD FAP_SERVICE,Device.Services.FAPService.{i}.FAPControl.NR.SelfConfig.SONConfigParam.ANR.InterFeqEnable,不在当前 TD-LTE SF 小区服务 catalog 白名单，属于旧扩展/私有/跨分组路径绑定
MOD FAP_SERVICE,Device.Services.FAPService.{i}.FAPControl.NR.SelfConfig.SONConfigParam.ANR.KPIPeriod,不在当前 TD-LTE SF 小区服务 catalog 白名单，属于旧扩展/私有/跨分组路径绑定
MOD FAP_SERVICE,Device.Services.FAPService.{i}.FAPControl.NR.SelfConfig.SONConfigParam.ANR.MaxHoSuccess,不在当前 TD-LTE SF 小区服务 catalog 白名单，属于旧扩展/私有/跨分组路径绑定
MOD FAP_SERVICE,Device.Services.FAPService.{i}.FAPControl.NR.SelfConfig.SONConfigParam.ANR.MaxHoTimes,不在当前 TD-LTE SF 小区服务 catalog 白名单，属于旧扩展/私有/跨分组路径绑定
MOD FAP_SERVICE,Device.Services.FAPService.{i}.FAPControl.NR.SelfConfig.SONConfigParam.ANR.MRTriggerType,不在当前 TD-LTE SF 小区服务 catalog 白名单，属于旧扩展/私有/跨分组路径绑定
MOD FAP_SERVICE,Device.Services.FAPService.{i}.FAPControl.NR.SelfConfig.SONConfigParam.ANR.RSRPReferenceEnable,不在当前 TD-LTE SF 小区服务 catalog 白名单，属于旧扩展/私有/跨分组路径绑定
MOD FAP_SERVICE,Device.Services.FAPService.{i}.FAPControl.NR.SelfConfig.SONConfigParam.ANR.RSRPThreshold,不在当前 TD-LTE SF 小区服务 catalog 白名单，属于旧扩展/私有/跨分组路径绑定
MOD FAP_SERVICE,Device.Services.FAPService.{i}.FAPControl.NR.X2apDscp.Dscp,不在当前 TD-LTE SF 小区服务 catalog 白名单，属于旧扩展/私有/跨分组路径绑定
MOD FAP_SERVICE,Device.Services.FAPService.{i}.FAPControl.NR.X2apDscp.VlanPrio,不在当前 TD-LTE SF 小区服务 catalog 白名单，属于旧扩展/私有/跨分组路径绑定
MOD FAP_SERVICE,Device.Services.FAPService.{i}.FAPControl.NR.XnapDscp.Dscp,不在当前 TD-LTE SF 小区服务 catalog 白名单，属于旧扩展/私有/跨分组路径绑定
MOD FAP_SERVICE,Device.Services.FAPService.{i}.FAPControl.NR.XnapDscp.VlanPrio,不在当前 TD-LTE SF 小区服务 catalog 白名单，属于旧扩展/私有/跨分组路径绑定
MOD FAP_SERVICE,Device.Services.FAPService.{i}.FAPControl.NR.XnBlackList.{i},不在当前 TD-LTE SF 小区服务 catalog 白名单，属于旧扩展/私有/跨分组路径绑定
MOD FAP_SERVICE,Device.Services.FAPService.{i}.FAPControl.NR.XnBlackList.{i}.RemoteAddress,不在当前 TD-LTE SF 小区服务 catalog 白名单，属于旧扩展/私有/跨分组路径绑定
MOD FAP_SERVICE,Device.Services.FAPService.{i}.FAPControl.NR.XnIpAddrMapInfo.{i},不在当前 TD-LTE SF 小区服务 catalog 白名单，属于旧扩展/私有/跨分组路径绑定
MOD FAP_SERVICE,Device.Services.FAPService.{i}.FAPControl.NR.XnIpAddrMapInfo.{i}.PLMNID,不在当前 TD-LTE SF 小区服务 catalog 白名单，属于旧扩展/私有/跨分组路径绑定
MOD FAP_SERVICE,Device.Services.FAPService.{i}.FAPControl.NR.XnIpAddrMapInfo.{i}.RemoteAddress,不在当前 TD-LTE SF 小区服务 catalog 白名单，属于旧扩展/私有/跨分组路径绑定
MOD FAP_SERVICE,Device.Services.FAPService.{i}.FAPControl.NR.XnIpAddrMapInfo.{i}.XnHoEnable,不在当前 TD-LTE SF 小区服务 catalog 白名单，属于旧扩展/私有/跨分组路径绑定
MOD FAP_SERVICE,Device.Services.FAPService.{i}.FAPControl.NR.XnIpAddrMapInfo.{i}.XnLinkEnable,不在当前 TD-LTE SF 小区服务 catalog 白名单，属于旧扩展/私有/跨分组路径绑定
MOD FAP_SERVICE,Device.Services.FAPService.{i}.FAPControl.NR.XnIpAddrMapInfo.{i}.XnStatus,不在当前 TD-LTE SF 小区服务 catalog 白名单，属于旧扩展/私有/跨分组路径绑定
MOD FAP_SERVICE,Device.Services.FAPService.{i}.FAPControl.PLLSyncState,不在当前 TD-LTE SF 小区服务 catalog 白名单，属于旧扩展/私有/跨分组路径绑定
MOD FAP_SERVICE,Device.Services.FAPService.{i}.FAPControl.Qos.QosSstInfo.{i},不在当前 TD-LTE SF 小区服务 catalog 白名单，属于旧扩展/私有/跨分组路径绑定
MOD FAP_SERVICE,Device.Services.FAPService.{i}.FAPControl.Qos.QosSstInfo.{i}.MaxResourceReserved,不在当前 TD-LTE SF 小区服务 catalog 白名单，属于旧扩展/私有/跨分组路径绑定
MOD FAP_SERVICE,Device.Services.FAPService.{i}.FAPControl.Qos.QosSstInfo.{i}.MinResourceReserved,不在当前 TD-LTE SF 小区服务 catalog 白名单，属于旧扩展/私有/跨分组路径绑定
MOD FAP_SERVICE,Device.Services.FAPService.{i}.FAPControl.Qos.QosSstInfo.{i}.Sst,不在当前 TD-LTE SF 小区服务 catalog 白名单，属于旧扩展/私有/跨分组路径绑定
MOD FAP_SERVICE,Device.Services.FAPService.{i}.FAPControl.Qos.QosSstInfo.{i}.SstResourceType,不在当前 TD-LTE SF 小区服务 catalog 白名单，属于旧扩展/私有/跨分组路径绑定
MOD FAP_SERVICE,Device.Services.FAPService.{i}.FAPControl.X2IpAddrMapInfo.{i}.EnbId,不在当前 TD-LTE SF 小区服务 catalog 白名单，属于旧扩展/私有/跨分组路径绑定
MOD FAP_SERVICE,Device.Services.FAPService.{i}.FAPControl.X2IpAddrMapInfo.{i}.EnbType,不在当前 TD-LTE SF 小区服务 catalog 白名单，属于旧扩展/私有/跨分组路径绑定
MOD FAP_SERVICE,Device.Services.FAPService.{i}.FAPControl.X2IpAddrMapInfo.{i}.PLMNID,不在当前 TD-LTE SF 小区服务 catalog 白名单，属于旧扩展/私有/跨分组路径绑定
MOD FAP_SERVICE,Device.Services.FAPService.{i}.FAPControl.X2IpAddrMapInfo.{i}.SubnetMask,不在当前 TD-LTE SF 小区服务 catalog 白名单，属于旧扩展/私有/跨分组路径绑定
MOD FAP_SERVICE,Device.Services.FAPService.{i}.FAPControl.X2IpAddrMapInfo.{i}.WanIpAddress,不在当前 TD-LTE SF 小区服务 catalog 白名单，属于旧扩展/私有/跨分组路径绑定
MOD FAP_SERVICE,Device.Services.FAPService.{i}.Transport.SCTP.Assoc.{i}.LocalPort,不在当前 TD-LTE SF 小区服务 catalog 白名单，属于旧扩展/私有/跨分组路径绑定
MOD FAP_SERVICE,Device.Services.FAPService.{i}.Transport.SCTP.Assoc.{i}.PrimaryPeerAddress,不在当前 TD-LTE SF 小区服务 catalog 白名单，属于旧扩展/私有/跨分组路径绑定
MOD FAP_SERVICE,Device.Services.FAPService.{i}.Transport.SCTP.Assoc.{i}.RemotePort,不在当前 TD-LTE SF 小区服务 catalog 白名单，属于旧扩展/私有/跨分组路径绑定
MOD FAP_SERVICE,Device.Services.FAPService.{i}.Transport.SCTP.Assoc.{i}.SCTPAssocLocalAddr,不在当前 TD-LTE SF 小区服务 catalog 白名单，属于旧扩展/私有/跨分组路径绑定
MOD FAP_SERVICE,Device.Services.FAPService.{i}.Transport.SCTP.Enable,不在当前 TD-LTE SF 小区服务 catalog 白名单，属于旧扩展/私有/跨分组路径绑定
MOD FAP_SERVICE,Device.Services.FAPService.{i}.Transport.SCTP.HBInterval,不在当前 TD-LTE SF 小区服务 catalog 白名单，属于旧扩展/私有/跨分组路径绑定
MOD FAP_SERVICE,Device.Services.FAPService.{i}.Transport.SCTP.MaxAssociationRetransmits,不在当前 TD-LTE SF 小区服务 catalog 白名单，属于旧扩展/私有/跨分组路径绑定
MOD FAP_SERVICE,Device.Services.FAPService.{i}.Transport.SCTP.MaxInitRetransmits,不在当前 TD-LTE SF 小区服务 catalog 白名单，属于旧扩展/私有/跨分组路径绑定
MOD FAP_SERVICE,Device.Services.FAPService.{i}.Transport.SCTP.MaxPathRetransmits,不在当前 TD-LTE SF 小区服务 catalog 白名单，属于旧扩展/私有/跨分组路径绑定
MOD FAP_SERVICE,Device.Services.FAPService.{i}.Transport.SCTP.RTOInitial,不在当前 TD-LTE SF 小区服务 catalog 白名单，属于旧扩展/私有/跨分组路径绑定
MOD FAP_SERVICE,Device.Services.FAPService.{i}.Transport.SCTP.RTOMax,不在当前 TD-LTE SF 小区服务 catalog 白名单，属于旧扩展/私有/跨分组路径绑定
MOD FAP_SERVICE,Device.Services.FAPService.{i}.Transport.SCTP.RTOMin,不在当前 TD-LTE SF 小区服务 catalog 白名单，属于旧扩展/私有/跨分组路径绑定
MOD FAP_SERVICE,Device.Services.FAPService.{i}.Transport.SCTP.ValCookieLife,不在当前 TD-LTE SF 小区服务 catalog 白名单，属于旧扩展/私有/跨分组路径绑定
MOD FAP_SERVICE,Device.Services.FAPService.{i}.X_COM.LTE.ANR.AnrA3Offset,不在当前 TD-LTE SF 小区服务 catalog 白名单，属于旧扩展/私有/跨分组路径绑定
MOD FAP_SERVICE,Device.Services.FAPService.{i}.X_COM.LTE.ANR.AnrReportCfgVal,不在当前 TD-LTE SF 小区服务 catalog 白名单，属于旧扩展/私有/跨分组路径绑定
MOD FAP_SERVICE,Device.Services.FAPService.{i}.X_COM.LTE.ANR.InterAnrA5Threshold1RSRP,不在当前 TD-LTE SF 小区服务 catalog 白名单，属于旧扩展/私有/跨分组路径绑定
MOD FAP_SERVICE,Device.Services.FAPService.{i}.X_COM.LTE.ANR.InterAnrA5Threshold2RSRP,不在当前 TD-LTE SF 小区服务 catalog 白名单，属于旧扩展/私有/跨分组路径绑定
MOD FAP_SERVICE,Device.Services.FAPService.{i}.X_COM.LTE.EUTRA_NEIGHBOR.AllowedMeasBW,不在当前 TD-LTE SF 小区服务 catalog 白名单，属于旧扩展/私有/跨分组路径绑定
MOD FAP_SERVICE,Device.Services.FAPService.{i}.X_COM.LTE.GrpPwrCtrl.PhyIctaadjsamp,不在当前 TD-LTE SF 小区服务 catalog 白名单，属于旧扩展/私有/跨分组路径绑定
MOD FAP_SERVICE,Device.Services.FAPService.{i}.X_COM.LTE.GrpPwrCtrl.PhyPpssncgpsadjsamp,不在当前 TD-LTE SF 小区服务 catalog 白名单，属于旧扩展/私有/跨分组路径绑定
MOD FAP_SERVICE,Device.Services.FAPService.{i}.X_COM.LTE.HOVA3Offset,不在当前 TD-LTE SF 小区服务 catalog 白名单，属于旧扩展/私有/跨分组路径绑定
MOD FAP_SERVICE,Device.Services.FAPService.{i}.X_COM.LTE.HOVInterA5Threshold1RSRP,不在当前 TD-LTE SF 小区服务 catalog 白名单，属于旧扩展/私有/跨分组路径绑定
MOD FAP_SERVICE,Device.Services.FAPService.{i}.X_COM.LTE.HOVInterA5Threshold2RSRP,不在当前 TD-LTE SF 小区服务 catalog 白名单，属于旧扩展/私有/跨分组路径绑定
MOD FAP_SERVICE,Device.Services.FAPService.{i}.X_COM.LTE.IRAT.B2threshold1RsrpGeran,不在当前 TD-LTE SF 小区服务 catalog 白名单，属于旧扩展/私有/跨分组路径绑定
MOD FAP_SERVICE,Device.Services.FAPService.{i}.X_COM.LTE.IRAT.B2threshold1RsrpHO,不在当前 TD-LTE SF 小区服务 catalog 白名单，属于旧扩展/私有/跨分组路径绑定
MOD FAP_SERVICE,Device.Services.FAPService.{i}.X_COM.LTE.IRAT.B2Threshold2Geran,不在当前 TD-LTE SF 小区服务 catalog 白名单，属于旧扩展/私有/跨分组路径绑定
MOD FAP_SERVICE,Device.Services.FAPService.{i}.X_COM.LTE.IRAT.TargetUlSinr,不在当前 TD-LTE SF 小区服务 catalog 白名单，属于旧扩展/私有/跨分组路径绑定
MOD FAP_SERVICE,Device.Services.FAPService.{i}.X_COM.LTE.SchedulerConfig.DLSchedulerType,不在当前 TD-LTE SF 小区服务 catalog 白名单，属于旧扩展/私有/跨分组路径绑定
MOD FAP_SERVICE,Device.Services.FAPService.{i}.X_COM.LTE.SchedulerConfig.ULSchedulerType,不在当前 TD-LTE SF 小区服务 catalog 白名单，属于旧扩展/私有/跨分组路径绑定
MOD FAP_SERVICE,Device.Services.FAPService.Ipsec.IPSEC_ENABLE,不在当前 TD-LTE SF 小区服务 catalog 白名单，属于旧扩展/私有/跨分组路径绑定
