命令代码,命令名称,MML Codex,中文显示名称,英文显示名称,标准路径,参数类型,访问权限,原始分组,分析建议分组,原导入动作,删除原因,调整说明
LST DEVICE_INFO,列出 设备基本信息,1588_STATUS,1588_STATUS,1588 Status,Device.DeviceInfo.1588_Status,STRING,READ_ONLY,设备信息参数管理,时间服务器参数管理,更新,其他分组已有/不在设备信息范围，从设备信息组删除,南向1588/PTP同步字段映射到时间服务器参数管理
LST DEVICE_INFO,列出 设备基本信息,ADD_END_POINT,ADD_END_POINT,Add End Point,Device.DeviceInfo.AddEndPoint,STRING,READ_ONLY,设备信息参数管理,多实例状态变化通知参数,更新,其他分组已有/不在设备信息范围，从设备信息组删除,标准匹配：Device.DeviceInfo.AddEndPoint -> Device.DeviceInfo.AddEndPoint
LST DEVICE_INFO,列出 设备基本信息,AMBR_LIMIT_SWITCH,AMBR_LIMIT_SWITCH,Ambr Limit Switch,Device.DeviceInfo.AmbrLimitSwitch,STRING,READ_WRITE,设备信息参数管理,小区服务参数管理（总体）,更新,其他分组已有/不在设备信息范围，从设备信息组删除,UE状态/接入字段映射到小区服务/接入管理
LST DEVICE_INFO,列出 设备基本信息,AZIMUTH,AZIMUTH,Azimuth,Device.DeviceInfo.AntennaInfo.Azimuth,INT,READ_WRITE,设备信息参数管理,小区服务参数管理（总体）,更新,其他分组已有/不在设备信息范围，从设备信息组删除,天线/射频字段映射到小区服务物理层参数
LST DEVICE_INFO,列出 设备基本信息,AZIMUTH2,AZIMUTH2,Azimuth2,Device.DeviceInfo.AntennaInfo.Azimuth2,INT,READ_WRITE,设备信息参数管理,小区服务参数管理（总体）,更新,其他分组已有/不在设备信息范围，从设备信息组删除,天线/射频字段映射到小区服务物理层参数
LST DEVICE_INFO,列出 设备基本信息,AZIMUTH3,AZIMUTH3,Azimuth3,Device.DeviceInfo.AntennaInfo.Azimuth3,INT,READ_WRITE,设备信息参数管理,小区服务参数管理（总体）,更新,其他分组已有/不在设备信息范围，从设备信息组删除,天线/射频字段映射到小区服务物理层参数
LST DEVICE_INFO,列出 设备基本信息,BEAMWIDTH,BEAMWIDTH,Beamwidth,Device.DeviceInfo.AntennaInfo.Beamwidth,INT,READ_WRITE,设备信息参数管理,小区服务参数管理（总体）,更新,其他分组已有/不在设备信息范围，从设备信息组删除,天线/射频字段映射到小区服务物理层参数
LST DEVICE_INFO,列出 设备基本信息,BEAMWIDTH2,BEAMWIDTH2,Beamwidth2,Device.DeviceInfo.AntennaInfo.Beamwidth2,INT,READ_WRITE,设备信息参数管理,小区服务参数管理（总体）,更新,其他分组已有/不在设备信息范围，从设备信息组删除,天线/射频字段映射到小区服务物理层参数
LST DEVICE_INFO,列出 设备基本信息,BEAMWIDTH3,BEAMWIDTH3,Beamwidth3,Device.DeviceInfo.AntennaInfo.Beamwidth3,INT,READ_WRITE,设备信息参数管理,小区服务参数管理（总体）,更新,其他分组已有/不在设备信息范围，从设备信息组删除,天线/射频字段映射到小区服务物理层参数
LST DEVICE_INFO,列出 设备基本信息,DOWNTILT,DOWNTILT,Downtilt,Device.DeviceInfo.AntennaInfo.Downtilt,INT,READ_WRITE,设备信息参数管理,小区服务参数管理（总体）,更新,其他分组已有/不在设备信息范围，从设备信息组删除,天线/射频字段映射到小区服务物理层参数
LST DEVICE_INFO,列出 设备基本信息,DOWNTILT2,DOWNTILT2,Downtilt2,Device.DeviceInfo.AntennaInfo.Downtilt2,INT,READ_WRITE,设备信息参数管理,小区服务参数管理（总体）,更新,其他分组已有/不在设备信息范围，从设备信息组删除,天线/射频字段映射到小区服务物理层参数
LST DEVICE_INFO,列出 设备基本信息,DOWNTILT3,DOWNTILT3,Downtilt3,Device.DeviceInfo.AntennaInfo.Downtilt3,INT,READ_WRITE,设备信息参数管理,小区服务参数管理（总体）,更新,其他分组已有/不在设备信息范围，从设备信息组删除,天线/射频字段映射到小区服务物理层参数
LST DEVICE_INFO,列出 设备基本信息,GAIN,GAIN,Gain,Device.DeviceInfo.AntennaInfo.Gain,INT,READ_WRITE,设备信息参数管理,小区服务参数管理（总体）,更新,其他分组已有/不在设备信息范围，从设备信息组删除,天线/射频字段映射到小区服务物理层参数
LST DEVICE_INFO,列出 设备基本信息,GAIN2,GAIN2,Gain2,Device.DeviceInfo.AntennaInfo.Gain2,INT,READ_WRITE,设备信息参数管理,小区服务参数管理（总体）,更新,其他分组已有/不在设备信息范围，从设备信息组删除,天线/射频字段映射到小区服务物理层参数
LST DEVICE_INFO,列出 设备基本信息,GAIN3,GAIN3,Gain3,Device.DeviceInfo.AntennaInfo.Gain3,INT,READ_WRITE,设备信息参数管理,小区服务参数管理（总体）,更新,其他分组已有/不在设备信息范围，从设备信息组删除,天线/射频字段映射到小区服务物理层参数
LST DEVICE_INFO,列出 设备基本信息,HEIGHT,HEIGHT,Height,Device.DeviceInfo.AntennaInfo.Height,U_INT,READ_WRITE,设备信息参数管理,小区服务参数管理（总体）,更新,其他分组已有/不在设备信息范围，从设备信息组删除,天线/射频字段映射到小区服务物理层参数
LST DEVICE_INFO,列出 设备基本信息,HEIGHT2,HEIGHT2,Height2,Device.DeviceInfo.AntennaInfo.Height2,U_INT,READ_WRITE,设备信息参数管理,小区服务参数管理（总体）,更新,其他分组已有/不在设备信息范围，从设备信息组删除,天线/射频字段映射到小区服务物理层参数
LST DEVICE_INFO,列出 设备基本信息,HEIGHT3,HEIGHT3,Height3,Device.DeviceInfo.AntennaInfo.Height3,U_INT,READ_WRITE,设备信息参数管理,小区服务参数管理（总体）,更新,其他分组已有/不在设备信息范围，从设备信息组删除,天线/射频字段映射到小区服务物理层参数
LST DEVICE_INFO,列出 设备基本信息,HEIGHT_TYPE,HEIGHT_TYPE,Height Type,Device.DeviceInfo.AntennaInfo.HeightType,STRING,READ_WRITE,设备信息参数管理,小区服务参数管理（总体）,更新,其他分组已有/不在设备信息范围，从设备信息组删除,天线/射频字段映射到小区服务物理层参数
LST DEVICE_INFO,列出 设备基本信息,HEIGHT_TYPE2,HEIGHT_TYPE2,Height Type2,Device.DeviceInfo.AntennaInfo.HeightType2,STRING,READ_ONLY,设备信息参数管理,小区服务参数管理（总体）,更新,其他分组已有/不在设备信息范围，从设备信息组删除,天线/射频字段映射到小区服务物理层参数
LST DEVICE_INFO,列出 设备基本信息,HEIGHT_TYPE3,HEIGHT_TYPE3,Height Type3,Device.DeviceInfo.AntennaInfo.HeightType3,STRING,READ_ONLY,设备信息参数管理,小区服务参数管理（总体）,更新,其他分组已有/不在设备信息范围，从设备信息组删除,天线/射频字段映射到小区服务物理层参数
LST DEVICE_INFO,列出 设备基本信息,BDS_STATUS,BDS_STATUS,BDS Status,Device.DeviceInfo.BDS_Status,STRING,READ_ONLY,设备信息参数管理,GPS信息参数管理,更新,其他分组已有/不在设备信息范围，从设备信息组删除,南向GPS/BDS字段映射到标准GPS信息参数管理
LST DEVICE_INFO,列出 设备基本信息,CURRENT_ARFCN,CURRENT_ARFCN,Current Arfcn,Device.DeviceInfo.BTS.CurrentArfcn,STRING,READ_ONLY,设备信息参数管理,DeviceGSM,更新,其他分组已有/不在设备信息范围，从设备信息组删除,GSM/BTS字段映射到DeviceGSM
LST DEVICE_INFO,列出 设备基本信息,CURRENT_LAC,CURRENT_LAC,Current Lac,Device.DeviceInfo.BTS.CurrentLac,STRING,READ_ONLY,设备信息参数管理,DeviceGSM,更新,其他分组已有/不在设备信息范围，从设备信息组删除,GSM/BTS字段映射到DeviceGSM
LST DEVICE_INFO,列出 设备基本信息,MODEL,MODEL,Model,Device.DeviceInfo.CellConfig.{i}.AntennaInfo.Model,STRING,READ_WRITE,设备信息参数管理,小区服务参数管理（总体）,更新,其他分组已有/不在设备信息范围，从设备信息组删除,天线/射频字段映射到小区服务物理层参数
LST DEVICE_INFO,列出 设备基本信息,CLOUD_KEY,CLOUD_KEY,Cloud Key,Device.DeviceInfo.CloudKey,STRING,READ_ONLY,设备信息参数管理,跳过,跳过,未匹配标准南向分组，按多余项不导入,未匹配标准南向分组，按多余项不导入
LST DEVICE_INFO,列出 设备基本信息,DNS_CONFIG_IPMODE,DNS_CONFIG_IPMODE,DNS CONFIG IPMODE,Device.DeviceInfo.DNS_CONFIG_IPMODE,STRING,READ_WRITE,设备信息参数管理,WAN口配置参数管理,更新,其他分组已有/不在设备信息范围，从设备信息组删除,南向WAN/路由/DNS/接口字段映射到标准WAN口配置参数管理
LST DEVICE_INFO,列出 设备基本信息,DEL_END_PONIT,DEL_END_PONIT,Del End Ponit,Device.DeviceInfo.DelEndPonit,STRING,READ_ONLY,设备信息参数管理,跳过,跳过,对象占位/端点通知字段，不作为配置参数导入,对象占位/端点通知字段，不作为配置参数导入
LST DEVICE_INFO,列出 设备基本信息,ETH1_STATUS_SPEED,ETH1_STATUS_SPEED,ETH1 STATUS SPEED,Device.DeviceInfo.ETH1_STATUS_SPEED,STRING,READ_ONLY,设备信息参数管理,WAN口配置参数管理,更新,其他分组已有/不在设备信息范围，从设备信息组删除,南向WAN/路由/DNS/接口字段映射到标准WAN口配置参数管理
LST DEVICE_INFO,列出 设备基本信息,ALARM_EVENT_95e501d9,ALARM_EVENT,Alarm Event,Device.DeviceInfo.EU.{i}.AlarmEvent,U_INT,READ_ONLY,设备信息参数管理,扩展型皮站-扩展单元（EU）参数管理,更新,其他分组已有/不在设备信息范围，从设备信息组删除,按EU对象层级映射到标准EU参数管理
LST DEVICE_INFO,列出 设备基本信息,DLCRCSUM_ff2beab0,DLCRCSUM,Dlcrcsum,Device.DeviceInfo.EU.{i}.DLCRCSum,STRING,READ_ONLY,设备信息参数管理,扩展型皮站-扩展单元（EU）参数管理,更新,其他分组已有/不在设备信息范围，从设备信息组删除,标准匹配：Device.DeviceInfo.EU.{i}.DLCRCSum -> Device.DeviceInfo.MU.{i}.Slot.{i}.EU.{i}.DLCRCSum
LST DEVICE_INFO,列出 设备基本信息,HARDWARE_VERSION_34469a66,HARDWARE_VERSION,Hardware Version,Device.DeviceInfo.EU.{i}.HardwareVersion,STRING,READ_ONLY,设备信息参数管理,扩展型皮站-扩展单元（EU）参数管理,更新,其他分组已有/不在设备信息范围，从设备信息组删除,标准匹配：Device.DeviceInfo.EU.{i}.HardwareVersion -> Device.DeviceInfo.MU.{i}.Slot.{i}.EU.{i}.HardwareVersion
LST DEVICE_INFO,列出 设备基本信息,HOP_056eeb05,HOP,Hop,Device.DeviceInfo.EU.{i}.Hop,STRING,READ_ONLY,设备信息参数管理,扩展型皮站-扩展单元（EU）参数管理,更新,其他分组已有/不在设备信息范围，从设备信息组删除,按EU对象层级映射到标准EU参数管理
LST DEVICE_INFO,列出 设备基本信息,IP_ADDRESS_12f0793c,IP_ADDRESS,Ip Address,Device.DeviceInfo.EU.{i}.IpAddress,STRING,READ_ONLY,设备信息参数管理,扩展型皮站-扩展单元（EU）参数管理,更新,其他分组已有/不在设备信息范围，从设备信息组删除,按EU对象层级映射到标准EU参数管理
LST DEVICE_INFO,列出 设备基本信息,MAC_51d9acec,MAC,Mac,Device.DeviceInfo.EU.{i}.Mac,STRING,READ_ONLY,设备信息参数管理,扩展型皮站-扩展单元（EU）参数管理,更新,其他分组已有/不在设备信息范围，从设备信息组删除,按EU对象层级映射到标准EU参数管理
LST DEVICE_INFO,列出 设备基本信息,MODEL_NAME_8c5cfcdf,MODEL_NAME,Model Name,Device.DeviceInfo.EU.{i}.ModelName,STRING,READ_ONLY,设备信息参数管理,扩展型皮站-扩展单元（EU）参数管理,更新,其他分组已有/不在设备信息范围，从设备信息组删除,标准匹配：Device.DeviceInfo.EU.{i}.ModelName -> Device.DeviceInfo.MU.{i}.Slot.{i}.EU.{i}.ModelName
LST DEVICE_INFO,列出 设备基本信息,ALARM_EVENT_c0f96de5,ALARM_EVENT,Alarm Event,Device.DeviceInfo.EU.{i}.RU.{i}.AlarmEvent,U_INT,READ_ONLY,设备信息参数管理,扩展型皮站-远端单元（RU）参数管理,更新,其他分组已有/不在设备信息范围，从设备信息组删除,按RU对象层级映射到标准RU参数管理
LST DEVICE_INFO,列出 设备基本信息,DLCRCSUM_09a4fe48,DLCRCSUM,Dlcrcsum,Device.DeviceInfo.EU.{i}.RU.{i}.DLCRCSum,STRING,READ_ONLY,设备信息参数管理,扩展型皮站-远端单元（RU）参数管理,更新,其他分组已有/不在设备信息范围，从设备信息组删除,按RU对象层级映射到标准RU参数管理
LST DEVICE_INFO,列出 设备基本信息,DISTANCE,DISTANCE,Distance,Device.DeviceInfo.EU.{i}.RU.{i}.Distance,STRING,READ_ONLY,设备信息参数管理,扩展型皮站-远端单元（RU）参数管理,更新,其他分组已有/不在设备信息范围，从设备信息组删除,按RU对象层级映射到标准RU参数管理
LST DEVICE_INFO,列出 设备基本信息,HARDWARE_VERSION_a3283ff0,HARDWARE_VERSION,Hardware Version,Device.DeviceInfo.EU.{i}.RU.{i}.HardwareVersion,STRING,READ_ONLY,设备信息参数管理,扩展型皮站-远端单元（RU）参数管理,更新,其他分组已有/不在设备信息范围，从设备信息组删除,标准匹配：Device.DeviceInfo.EU.{i}.RU.{i}.HardwareVersion -> Device.DeviceInfo.MU.{i}.Slot.{i}.EU.{i}.RU.{i}.HardwareVersion
LST DEVICE_INFO,列出 设备基本信息,HOP_07bff108,HOP,Hop,Device.DeviceInfo.EU.{i}.RU.{i}.Hop,U_INT,READ_ONLY,设备信息参数管理,扩展型皮站-远端单元（RU）参数管理,更新,其他分组已有/不在设备信息范围，从设备信息组删除,按RU对象层级映射到标准RU参数管理
LST DEVICE_INFO,列出 设备基本信息,IP_ADDRESS_3fe22a1a,IP_ADDRESS,Ip Address,Device.DeviceInfo.EU.{i}.RU.{i}.IpAddress,STRING,READ_ONLY,设备信息参数管理,扩展型皮站-远端单元（RU）参数管理,更新,其他分组已有/不在设备信息范围，从设备信息组删除,按RU对象层级映射到标准RU参数管理
LST DEVICE_INFO,列出 设备基本信息,ECI,ECI,Eci,Device.DeviceInfo.EU.{i}.RU.{i}.LTECell.{i}.ECI,U_INT,READ_WRITE,设备信息参数管理,扩展型皮站-远端单元（RU）参数管理,更新,其他分组已有/不在设备信息范围，从设备信息组删除,按RU对象层级映射到标准RU参数管理
LST DEVICE_INFO,列出 设备基本信息,MAC_6be0ce12,MAC,Mac,Device.DeviceInfo.EU.{i}.RU.{i}.Mac,STRING,READ_ONLY,设备信息参数管理,扩展型皮站-远端单元（RU）参数管理,更新,其他分组已有/不在设备信息范围，从设备信息组删除,按RU对象层级映射到标准RU参数管理
LST DEVICE_INFO,列出 设备基本信息,MAX_TX_POWER_8f4f5906,MAX_TX_POWER,Max Tx Power,Device.DeviceInfo.EU.{i}.RU.{i}.MaxTxPower,U_INT,READ_WRITE,设备信息参数管理,扩展型皮站-远端单元（RU）参数管理,更新,其他分组已有/不在设备信息范围，从设备信息组删除,按RU对象层级映射到标准RU参数管理
LST DEVICE_INFO,列出 设备基本信息,MODEL_NAME_57aeaf04,MODEL_NAME,Model Name,Device.DeviceInfo.EU.{i}.RU.{i}.ModelName,STRING,READ_ONLY,设备信息参数管理,扩展型皮站-远端单元（RU）参数管理,更新,其他分组已有/不在设备信息范围，从设备信息组删除,标准匹配：Device.DeviceInfo.EU.{i}.RU.{i}.ModelName -> Device.DeviceInfo.MU.{i}.Slot.{i}.EU.{i}.RU.{i}.ModelName
LST DEVICE_INFO,列出 设备基本信息,RFTX_STATUS_540741d0,RFTX_STATUS,Rftx Status,Device.DeviceInfo.EU.{i}.RU.{i}.RFTxStatus,BOOLEAN,READ_WRITE,设备信息参数管理,扩展型皮站-远端单元（RU）参数管理,更新,其他分组已有/不在设备信息范围，从设备信息组删除,标准匹配：Device.DeviceInfo.EU.{i}.RU.{i}.RFTxStatus -> Device.DeviceInfo.MU.{i}.Slot.{i}.EU.{i}.RU.{i}.RFTxStatus
LST DEVICE_INFO,列出 设备基本信息,REBOOT_5d831ef1,REBOOT,Reboot,Device.DeviceInfo.EU.{i}.RU.{i}.Reboot,BOOLEAN,READ_WRITE,设备信息参数管理,扩展型皮站-远端单元（RU）参数管理,更新,其他分组已有/不在设备信息范围，从设备信息组删除,标准匹配：Device.DeviceInfo.EU.{i}.RU.{i}.Reboot -> Device.DeviceInfo.MU.{i}.Slot.{i}.EU.{i}.RU.{i}.Reboot
LST DEVICE_INFO,列出 设备基本信息,ROUTE_INDEX_ae1dc116,ROUTE_INDEX,Route Index,Device.DeviceInfo.EU.{i}.RU.{i}.RouteIndex,STRING,READ_ONLY,设备信息参数管理,扩展型皮站-远端单元（RU）参数管理,更新,其他分组已有/不在设备信息范围，从设备信息组删除,标准匹配：Device.DeviceInfo.EU.{i}.RU.{i}.RouteIndex -> Device.DeviceInfo.MU.{i}.Slot.{i}.EU.{i}.RU.{i}.RouteIndex
LST DEVICE_INFO,列出 设备基本信息,SERIAL_NUMBER_635e0d32,SERIAL_NUMBER,Serial Number,Device.DeviceInfo.EU.{i}.RU.{i}.SerialNumber,STRING,READ_ONLY,设备信息参数管理,扩展型皮站-远端单元（RU）参数管理,更新,其他分组已有/不在设备信息范围，从设备信息组删除,标准匹配：Device.DeviceInfo.EU.{i}.RU.{i}.SerialNumber -> Device.DeviceInfo.MU.{i}.Slot.{i}.EU.{i}.RU.{i}.SerialNumber
LST DEVICE_INFO,列出 设备基本信息,SOFTWARE_VERSION_3490200c,SOFTWARE_VERSION,Software Version,Device.DeviceInfo.EU.{i}.RU.{i}.SoftwareVersion,STRING,READ_ONLY,设备信息参数管理,扩展型皮站-远端单元（RU）参数管理,更新,其他分组已有/不在设备信息范围，从设备信息组删除,标准匹配：Device.DeviceInfo.EU.{i}.RU.{i}.SoftwareVersion -> Device.DeviceInfo.MU.{i}.Slot.{i}.EU.{i}.RU.{i}.SoftwareVersion
LST DEVICE_INFO,列出 设备基本信息,STATUS_7e5b4b75,STATUS,Status,Device.DeviceInfo.EU.{i}.RU.{i}.Status,U_INT,READ_ONLY,设备信息参数管理,扩展型皮站-远端单元（RU）参数管理,更新,其他分组已有/不在设备信息范围，从设备信息组删除,标准匹配：Device.DeviceInfo.EU.{i}.RU.{i}.Status -> Device.DeviceInfo.MU.{i}.Slot.{i}.EU.{i}.RU.{i}.Status
LST DEVICE_INFO,列出 设备基本信息,TYPE_5d673b57,TYPE,Type,Device.DeviceInfo.EU.{i}.RU.{i}.Type,U_INT,READ_ONLY,设备信息参数管理,扩展型皮站-远端单元（RU）参数管理,更新,其他分组已有/不在设备信息范围，从设备信息组删除,按RU对象层级映射到标准RU参数管理
LST DEVICE_INFO,列出 设备基本信息,ULCRCSUM_83267819,ULCRCSUM,Ulcrcsum,Device.DeviceInfo.EU.{i}.RU.{i}.ULCRCSum,STRING,READ_ONLY,设备信息参数管理,扩展型皮站-远端单元（RU）参数管理,更新,其他分组已有/不在设备信息范围，从设备信息组删除,按RU对象层级映射到标准RU参数管理
LST DEVICE_INFO,列出 设备基本信息,UMTSPA,UMTSPA,Umtspa,Device.DeviceInfo.EU.{i}.RU.{i}.UMTSPA,BOOLEAN,READ_WRITE,设备信息参数管理,扩展型皮站-远端单元（RU）参数管理,更新,其他分组已有/不在设备信息范围，从设备信息组删除,按RU对象层级映射到标准RU参数管理
LST DEVICE_INFO,列出 设备基本信息,UMTSTARGET_POWER,UMTSTARGET_POWER,Umtstarget Power,Device.DeviceInfo.EU.{i}.RU.{i}.UMTSTargetPower,U_INT,READ_WRITE,设备信息参数管理,扩展型皮站-远端单元（RU）参数管理,更新,其他分组已有/不在设备信息范围，从设备信息组删除,按RU对象层级映射到标准RU参数管理
LST DEVICE_INFO,列出 设备基本信息,REBOOT_da078823,REBOOT,Reboot,Device.DeviceInfo.EU.{i}.Reboot,BOOLEAN,READ_WRITE,设备信息参数管理,扩展型皮站-扩展单元（EU）参数管理,更新,其他分组已有/不在设备信息范围，从设备信息组删除,标准匹配：Device.DeviceInfo.EU.{i}.Reboot -> Device.DeviceInfo.MU.{i}.Slot.{i}.EU.{i}.Reboot
LST DEVICE_INFO,列出 设备基本信息,ROUTE_INDEX_dc9d7e51,ROUTE_INDEX,Route Index,Device.DeviceInfo.EU.{i}.RouteIndex,STRING,READ_ONLY,设备信息参数管理,扩展型皮站-扩展单元（EU）参数管理,更新,其他分组已有/不在设备信息范围，从设备信息组删除,标准匹配：Device.DeviceInfo.EU.{i}.RouteIndex -> Device.DeviceInfo.MU.{i}.Slot.{i}.EU.{i}.RouteIndex
LST DEVICE_INFO,列出 设备基本信息,SERIAL_NUMBER_dc34b666,SERIAL_NUMBER,Serial Number,Device.DeviceInfo.EU.{i}.SerialNumber,STRING,READ_ONLY,设备信息参数管理,扩展型皮站-扩展单元（EU）参数管理,更新,其他分组已有/不在设备信息范围，从设备信息组删除,标准匹配：Device.DeviceInfo.EU.{i}.SerialNumber -> Device.DeviceInfo.MU.{i}.Slot.{i}.EU.{i}.SerialNumber
LST DEVICE_INFO,列出 设备基本信息,SOFTWARE_VERSION_d90ddec2,SOFTWARE_VERSION,Software Version,Device.DeviceInfo.EU.{i}.SoftwareVersion,STRING,READ_ONLY,设备信息参数管理,扩展型皮站-扩展单元（EU）参数管理,更新,其他分组已有/不在设备信息范围，从设备信息组删除,标准匹配：Device.DeviceInfo.EU.{i}.SoftwareVersion -> Device.DeviceInfo.MU.{i}.Slot.{i}.EU.{i}.SoftwareVersion
LST DEVICE_INFO,列出 设备基本信息,STATUS_0e4840e2,STATUS,Status,Device.DeviceInfo.EU.{i}.Status,U_INT,READ_ONLY,设备信息参数管理,扩展型皮站-扩展单元（EU）参数管理,更新,其他分组已有/不在设备信息范围，从设备信息组删除,标准匹配：Device.DeviceInfo.EU.{i}.Status -> Device.DeviceInfo.MU.{i}.Slot.{i}.EU.{i}.Status
LST DEVICE_INFO,列出 设备基本信息,TYPE_16939167,TYPE,Type,Device.DeviceInfo.EU.{i}.Type,U_INT,READ_ONLY,设备信息参数管理,扩展型皮站-扩展单元（EU）参数管理,更新,其他分组已有/不在设备信息范围，从设备信息组删除,按EU对象层级映射到标准EU参数管理
LST DEVICE_INFO,列出 设备基本信息,ULCRCSUM_27e34eae,ULCRCSUM,Ulcrcsum,Device.DeviceInfo.EU.{i}.ULCRCSum,STRING,READ_ONLY,设备信息参数管理,扩展型皮站-扩展单元（EU）参数管理,更新,其他分组已有/不在设备信息范围，从设备信息组删除,标准匹配：Device.DeviceInfo.EU.{i}.ULCRCSum -> Device.DeviceInfo.MU.{i}.Slot.{i}.EU.{i}.ULCRCSum
LST DEVICE_INFO,列出 设备基本信息,ELECTRONIC_DOWNTILT,ELECTRONIC_DOWNTILT,Electronic Downtilt,Device.DeviceInfo.ElectronicDowntilt,BOOLEAN,READ_ONLY,设备信息参数管理,小区服务参数管理（总体）,更新,其他分组已有/不在设备信息范围，从设备信息组删除,天线/射频字段映射到小区服务物理层参数
LST DEVICE_INFO,列出 设备基本信息,ENABLE256QAM,ENABLE256QAM,Enable256QAM,Device.DeviceInfo.Enable256QAM,U_INT,READ_WRITE,设备信息参数管理,跳过,跳过,未匹配标准南向分组，按多余项不导入,未匹配标准南向分组，按多余项不导入
LST DEVICE_INFO,列出 设备基本信息,ENABLE_18ddd8a9,ENABLE,Enable,Device.DeviceInfo.FAPService.UeAccess.Enable,STRING,READ_WRITE,设备信息参数管理,Device.Services.FAPService,更新,其他分组已有/不在设备信息范围，从设备信息组删除,FAPService对象映射到Device.Services.FAPService
LST DEVICE_INFO,列出 设备基本信息,HORIZONTAL_ACCURACY,HORIZONTAL_ACCURACY,Horizontal Accuracy,Device.DeviceInfo.GPS.horizontalAccuracy,U_INT,READ_WRITE,设备信息参数管理,GPS信息参数管理,更新,其他分组已有/不在设备信息范围，从设备信息组删除,南向GPS/BDS字段映射到标准GPS信息参数管理
LST DEVICE_INFO,列出 设备基本信息,VERTICAL_ACCURACY,VERTICAL_ACCURACY,Vertical Accuracy,Device.DeviceInfo.GPS.verticalAccuracy,U_INT,READ_WRITE,设备信息参数管理,GPS信息参数管理,更新,其他分组已有/不在设备信息范围，从设备信息组删除,南向GPS/BDS字段映射到标准GPS信息参数管理
LST DEVICE_INFO,列出 设备基本信息,GPS_SATELLITE_LEVEL,GPS_SATELLITE_LEVEL,GPS Satellite level,Device.DeviceInfo.GPS_Satellite_level,INT,READ_ONLY,设备信息参数管理,GPS信息参数管理,更新,其他分组已有/不在设备信息范围，从设备信息组删除,南向GPS/BDS字段映射到标准GPS信息参数管理
LST DEVICE_INFO,列出 设备基本信息,GPS_STATUS,GPS_STATUS,GPS Status,Device.DeviceInfo.GPS_Status,STRING,READ_ONLY,设备信息参数管理,GPS信息参数管理,更新,其他分组已有/不在设备信息范围，从设备信息组删除,南向GPS/BDS字段映射到标准GPS信息参数管理
LST DEVICE_INFO,列出 设备基本信息,BTS_RF_POWER,BTS_RF_POWER,Bts Rf Power,Device.DeviceInfo.GSM.BtsRfPower,U_INT,READ_ONLY,设备信息参数管理,DeviceGSM,更新,其他分组已有/不在设备信息范围，从设备信息组删除,GSM/BTS字段映射到DeviceGSM
LST DEVICE_INFO,列出 设备基本信息,HOST_CONFIG_DNS1,HOST_CONFIG_DNS1,HOST CONFIG DNS1,Device.DeviceInfo.HOST_CONFIG_DNS1,STRING,READ_WRITE,设备信息参数管理,WAN口配置参数管理,更新,其他分组已有/不在设备信息范围，从设备信息组删除,南向WAN/路由/DNS/接口字段映射到标准WAN口配置参数管理
LST DEVICE_INFO,列出 设备基本信息,HOST_CONFIG_DNS2,HOST_CONFIG_DNS2,HOST CONFIG DNS2,Device.DeviceInfo.HOST_CONFIG_DNS2,STRING,READ_WRITE,设备信息参数管理,WAN口配置参数管理,更新,其他分组已有/不在设备信息范围，从设备信息组删除,南向WAN/路由/DNS/接口字段映射到标准WAN口配置参数管理
LST DEVICE_INFO,列出 设备基本信息,KERNAL_VERSION,KERNAL_VERSION,KERNAL Version,Device.DeviceInfo.KERNAL_Version,STRING,READ_ONLY,设备信息参数管理,软件版本参数管理,更新,其他分组已有/不在设备信息范围，从设备信息组删除,南向版本/回退字段映射到软件版本参数管理
LST DEVICE_INFO,列出 设备基本信息,LAN_CONFIG_IPADDR,LAN_CONFIG_IPADDR,LAN CONFIG IPADDR,Device.DeviceInfo.LAN_CONFIG_IPADDR,STRING,READ_WRITE,设备信息参数管理,WAN口配置参数管理,更新,其他分组已有/不在设备信息范围，从设备信息组删除,南向WAN/路由/DNS/接口字段映射到标准WAN口配置参数管理
LST DEVICE_INFO,列出 设备基本信息,LAN_CONFIG_NETMASK,LAN_CONFIG_NETMASK,LAN CONFIG NETMASK,Device.DeviceInfo.LAN_CONFIG_NETMASK,STRING,READ_WRITE,设备信息参数管理,WAN口配置参数管理,更新,其他分组已有/不在设备信息范围，从设备信息组删除,南向WAN/路由/DNS/接口字段映射到标准WAN口配置参数管理
LST DEVICE_INFO,列出 设备基本信息,LTE_LGW_TRANSFER_MODE,LTE_LGW_TRANSFER_MODE,LTE LGW TRANSFER Mode,Device.DeviceInfo.LTE_LGW_TRANSFER_Mode,INT,READ_WRITE,设备信息参数管理,跳过,跳过,未匹配标准南向分组，按多余项不导入,未匹配标准南向分组，按多余项不导入
LST DEVICE_INFO,列出 设备基本信息,LTE_S1C_IFNAME,LTE_S1C_IFNAME,LTE S1C IFNAME,Device.DeviceInfo.LTE_S1C_IFNAME,STRING,READ_WRITE,设备信息参数管理,WAN口配置参数管理,更新,其他分组已有/不在设备信息范围，从设备信息组删除,南向WAN/路由/DNS/接口字段映射到标准WAN口配置参数管理
LST DEVICE_INFO,列出 设备基本信息,LTE_S1U_IFNAME,LTE_S1U_IFNAME,LTE S1U IFNAME,Device.DeviceInfo.LTE_S1U_IFNAME,STRING,READ_WRITE,设备信息参数管理,WAN口配置参数管理,更新,其他分组已有/不在设备信息范围，从设备信息组删除,南向WAN/路由/DNS/接口字段映射到标准WAN口配置参数管理
LST DEVICE_INFO,列出 设备基本信息,LTE_TR069_IFNAME,LTE_TR069_IFNAME,LTE TR069 IFNAME,Device.DeviceInfo.LTE_TR069_IFNAME,STRING,READ_WRITE,设备信息参数管理,WAN口配置参数管理,更新,其他分组已有/不在设备信息范围，从设备信息组删除,南向WAN/路由/DNS/接口字段映射到标准WAN口配置参数管理
LST DEVICE_INFO,列出 设备基本信息,MME_STATUS,MME_STATUS,MME Status,Device.DeviceInfo.MME_Status,STRING,READ_ONLY,设备信息参数管理,RAN协议栈参数,更新,其他分组已有/不在设备信息范围，从设备信息组删除,MME链路状态映射到RAN协议栈参数
LST DEVICE_INFO,列出 设备基本信息,NET_IFCONFIG_INTERFACE,NET_IFCONFIG_INTERFACE,NET IFCONFIG INTERFACE,Device.DeviceInfo.NET_IFCONFIG_INTERFACE,STRING,READ_WRITE,设备信息参数管理,WAN口配置参数管理,更新,其他分组已有/不在设备信息范围，从设备信息组删除,南向WAN/路由/DNS/接口字段映射到标准WAN口配置参数管理
LST DEVICE_INFO,列出 设备基本信息,POWER_SPECTRAL_DENSITY,POWER_SPECTRAL_DENSITY,Power Spectral Density,Device.DeviceInfo.PowerSpectralDensity,STRING,READ_WRITE,设备信息参数管理,小区服务参数管理（总体）,更新,其他分组已有/不在设备信息范围，从设备信息组删除,天线/射频字段映射到小区服务物理层参数
LST DEVICE_INFO,列出 设备基本信息,POWER_SPECTRAL_DENSITY1,POWER_SPECTRAL_DENSITY1,Power Spectral Density1,Device.DeviceInfo.PowerSpectralDensity1,STRING,READ_WRITE,设备信息参数管理,小区服务参数管理（总体）,更新,其他分组已有/不在设备信息范围，从设备信息组删除,天线/射频字段映射到小区服务物理层参数
LST DEVICE_INFO,列出 设备基本信息,POWER_SPECTRAL_DENSITY2,POWER_SPECTRAL_DENSITY2,Power Spectral Density2,Device.DeviceInfo.PowerSpectralDensity2,STRING,READ_WRITE,设备信息参数管理,小区服务参数管理（总体）,更新,其他分组已有/不在设备信息范围，从设备信息组删除,天线/射频字段映射到小区服务物理层参数
LST DEVICE_INFO,列出 设备基本信息,POWER_SPECTRAL_DENSITY3,POWER_SPECTRAL_DENSITY3,Power Spectral Density3,Device.DeviceInfo.PowerSpectralDensity3,STRING,READ_WRITE,设备信息参数管理,小区服务参数管理（总体）,更新,其他分组已有/不在设备信息范围，从设备信息组删除,天线/射频字段映射到小区服务物理层参数
LST DEVICE_INFO,列出 设备基本信息,REM_STATUS,REM_STATUS,REM Status,Device.DeviceInfo.REM_Status,STRING,READ_ONLY,设备信息参数管理,跳过,跳过,未匹配标准南向分组，按多余项不导入,未匹配标准南向分组，按多余项不导入
LST DEVICE_INFO,列出 设备基本信息,ROLLBACK_CONTROL,ROLLBACK_CONTROL,ROLLBACK CONTROL,Device.DeviceInfo.ROLLBACK_CONTROL,BOOLEAN,READ_WRITE,设备信息参数管理,软件版本参数管理,更新,其他分组已有/不在设备信息范围，从设备信息组删除,南向版本/回退字段映射到软件版本参数管理
LST DEVICE_INFO,列出 设备基本信息,ROLLBACK_ENABLE,ROLLBACK_ENABLE,ROLLBACK ENABLE,Device.DeviceInfo.ROLLBACK_ENABLE,BOOLEAN,READ_ONLY,设备信息参数管理,软件版本参数管理,更新,其他分组已有/不在设备信息范围，从设备信息组删除,南向版本/回退字段映射到软件版本参数管理
LST DEVICE_INFO,列出 设备基本信息,ROUTE_CONFIG10_GW,ROUTE_CONFIG10_GW,ROUTE CONFIG10 GW,Device.DeviceInfo.ROUTE_CONFIG10_GW,STRING,READ_WRITE,设备信息参数管理,WAN口配置参数管理,更新,其他分组已有/不在设备信息范围，从设备信息组删除,南向WAN/路由/DNS/接口字段映射到标准WAN口配置参数管理
LST DEVICE_INFO,列出 设备基本信息,ROUTE_CONFIG10_NETADDR,ROUTE_CONFIG10_NETADDR,ROUTE CONFIG10 NETADDR,Device.DeviceInfo.ROUTE_CONFIG10_NETADDR,STRING,READ_WRITE,设备信息参数管理,WAN口配置参数管理,更新,其他分组已有/不在设备信息范围，从设备信息组删除,南向WAN/路由/DNS/接口字段映射到标准WAN口配置参数管理
LST DEVICE_INFO,列出 设备基本信息,ROUTE_CONFIG10_NETMASK,ROUTE_CONFIG10_NETMASK,ROUTE CONFIG10 NETMASK,Device.DeviceInfo.ROUTE_CONFIG10_NETMASK,STRING,READ_WRITE,设备信息参数管理,WAN口配置参数管理,更新,其他分组已有/不在设备信息范围，从设备信息组删除,南向WAN/路由/DNS/接口字段映射到标准WAN口配置参数管理
LST DEVICE_INFO,列出 设备基本信息,ROUTE_CONFIG10_ONBOOTENB,ROUTE_CONFIG10_ONBOOTENB,ROUTE CONFIG10 ONBOOTENB,Device.DeviceInfo.ROUTE_CONFIG10_ONBOOTENB,STRING,READ_WRITE,设备信息参数管理,WAN口配置参数管理,更新,其他分组已有/不在设备信息范围，从设备信息组删除,南向WAN/路由/DNS/接口字段映射到标准WAN口配置参数管理
LST DEVICE_INFO,列出 设备基本信息,ROUTE_CONFIG10_V6_GW,ROUTE_CONFIG10_V6_GW,ROUTE CONFIG10 V6 GW,Device.DeviceInfo.ROUTE_CONFIG10_V6_GW,STRING,READ_WRITE,设备信息参数管理,WAN口配置参数管理,更新,其他分组已有/不在设备信息范围，从设备信息组删除,南向WAN/路由/DNS/接口字段映射到标准WAN口配置参数管理
LST DEVICE_INFO,列出 设备基本信息,ROUTE_CONFIG10_V6_NETADDR,ROUTE_CONFIG10_V6_NETADDR,ROUTE CONFIG10 V6 NETADDR,Device.DeviceInfo.ROUTE_CONFIG10_V6_NETADDR,STRING,READ_WRITE,设备信息参数管理,WAN口配置参数管理,更新,其他分组已有/不在设备信息范围，从设备信息组删除,南向WAN/路由/DNS/接口字段映射到标准WAN口配置参数管理
LST DEVICE_INFO,列出 设备基本信息,ROUTE_CONFIG10_V6_ONBOOT,ROUTE_CONFIG10_V6_ONBOOT,ROUTE CONFIG10 V6 ONBOOT,Device.DeviceInfo.ROUTE_CONFIG10_V6_ONBOOT,STRING,READ_WRITE,设备信息参数管理,WAN口配置参数管理,更新,其他分组已有/不在设备信息范围，从设备信息组删除,南向WAN/路由/DNS/接口字段映射到标准WAN口配置参数管理
LST DEVICE_INFO,列出 设备基本信息,ROUTE_CONFIG10_V6_PREFIX,ROUTE_CONFIG10_V6_PREFIX,ROUTE CONFIG10 V6 PREFIX,Device.DeviceInfo.ROUTE_CONFIG10_V6_PREFIX,STRING,READ_WRITE,设备信息参数管理,WAN口配置参数管理,更新,其他分组已有/不在设备信息范围，从设备信息组删除,南向WAN/路由/DNS/接口字段映射到标准WAN口配置参数管理
LST DEVICE_INFO,列出 设备基本信息,ROUTE_CONFIG11_GW,ROUTE_CONFIG11_GW,ROUTE CONFIG11 GW,Device.DeviceInfo.ROUTE_CONFIG11_GW,STRING,READ_WRITE,设备信息参数管理,WAN口配置参数管理,更新,其他分组已有/不在设备信息范围，从设备信息组删除,南向WAN/路由/DNS/接口字段映射到标准WAN口配置参数管理
LST DEVICE_INFO,列出 设备基本信息,ROUTE_CONFIG11_NETADDR,ROUTE_CONFIG11_NETADDR,ROUTE CONFIG11 NETADDR,Device.DeviceInfo.ROUTE_CONFIG11_NETADDR,STRING,READ_WRITE,设备信息参数管理,WAN口配置参数管理,更新,其他分组已有/不在设备信息范围，从设备信息组删除,南向WAN/路由/DNS/接口字段映射到标准WAN口配置参数管理
LST DEVICE_INFO,列出 设备基本信息,ROUTE_CONFIG11_NETMASK,ROUTE_CONFIG11_NETMASK,ROUTE CONFIG11 NETMASK,Device.DeviceInfo.ROUTE_CONFIG11_NETMASK,STRING,READ_WRITE,设备信息参数管理,WAN口配置参数管理,更新,其他分组已有/不在设备信息范围，从设备信息组删除,南向WAN/路由/DNS/接口字段映射到标准WAN口配置参数管理
LST DEVICE_INFO,列出 设备基本信息,ROUTE_CONFIG11_ONBOOTENB,ROUTE_CONFIG11_ONBOOTENB,ROUTE CONFIG11 ONBOOTENB,Device.DeviceInfo.ROUTE_CONFIG11_ONBOOTENB,STRING,READ_WRITE,设备信息参数管理,WAN口配置参数管理,更新,其他分组已有/不在设备信息范围，从设备信息组删除,南向WAN/路由/DNS/接口字段映射到标准WAN口配置参数管理
LST DEVICE_INFO,列出 设备基本信息,ROUTE_CONFIG11_V6_GW,ROUTE_CONFIG11_V6_GW,ROUTE CONFIG11 V6 GW,Device.DeviceInfo.ROUTE_CONFIG11_V6_GW,STRING,READ_WRITE,设备信息参数管理,WAN口配置参数管理,更新,其他分组已有/不在设备信息范围，从设备信息组删除,南向WAN/路由/DNS/接口字段映射到标准WAN口配置参数管理
LST DEVICE_INFO,列出 设备基本信息,ROUTE_CONFIG11_V6_NETADDR,ROUTE_CONFIG11_V6_NETADDR,ROUTE CONFIG11 V6 NETADDR,Device.DeviceInfo.ROUTE_CONFIG11_V6_NETADDR,STRING,READ_WRITE,设备信息参数管理,WAN口配置参数管理,更新,其他分组已有/不在设备信息范围，从设备信息组删除,南向WAN/路由/DNS/接口字段映射到标准WAN口配置参数管理
LST DEVICE_INFO,列出 设备基本信息,ROUTE_CONFIG11_V6_ONBOOT,ROUTE_CONFIG11_V6_ONBOOT,ROUTE CONFIG11 V6 ONBOOT,Device.DeviceInfo.ROUTE_CONFIG11_V6_ONBOOT,STRING,READ_WRITE,设备信息参数管理,WAN口配置参数管理,更新,其他分组已有/不在设备信息范围，从设备信息组删除,南向WAN/路由/DNS/接口字段映射到标准WAN口配置参数管理
LST DEVICE_INFO,列出 设备基本信息,ROUTE_CONFIG11_V6_PREFIX,ROUTE_CONFIG11_V6_PREFIX,ROUTE CONFIG11 V6 PREFIX,Device.DeviceInfo.ROUTE_CONFIG11_V6_PREFIX,STRING,READ_WRITE,设备信息参数管理,WAN口配置参数管理,更新,其他分组已有/不在设备信息范围，从设备信息组删除,南向WAN/路由/DNS/接口字段映射到标准WAN口配置参数管理
LST DEVICE_INFO,列出 设备基本信息,ROUTE_CONFIG12_GW,ROUTE_CONFIG12_GW,ROUTE CONFIG12 GW,Device.DeviceInfo.ROUTE_CONFIG12_GW,STRING,READ_WRITE,设备信息参数管理,WAN口配置参数管理,更新,其他分组已有/不在设备信息范围，从设备信息组删除,南向WAN/路由/DNS/接口字段映射到标准WAN口配置参数管理
LST DEVICE_INFO,列出 设备基本信息,ROUTE_CONFIG12_NETADDR,ROUTE_CONFIG12_NETADDR,ROUTE CONFIG12 NETADDR,Device.DeviceInfo.ROUTE_CONFIG12_NETADDR,STRING,READ_WRITE,设备信息参数管理,WAN口配置参数管理,更新,其他分组已有/不在设备信息范围，从设备信息组删除,南向WAN/路由/DNS/接口字段映射到标准WAN口配置参数管理
LST DEVICE_INFO,列出 设备基本信息,ROUTE_CONFIG12_NETMASK,ROUTE_CONFIG12_NETMASK,ROUTE CONFIG12 NETMASK,Device.DeviceInfo.ROUTE_CONFIG12_NETMASK,STRING,READ_WRITE,设备信息参数管理,WAN口配置参数管理,更新,其他分组已有/不在设备信息范围，从设备信息组删除,南向WAN/路由/DNS/接口字段映射到标准WAN口配置参数管理
LST DEVICE_INFO,列出 设备基本信息,ROUTE_CONFIG12_ONBOOTENB,ROUTE_CONFIG12_ONBOOTENB,ROUTE CONFIG12 ONBOOTENB,Device.DeviceInfo.ROUTE_CONFIG12_ONBOOTENB,STRING,READ_WRITE,设备信息参数管理,WAN口配置参数管理,更新,其他分组已有/不在设备信息范围，从设备信息组删除,南向WAN/路由/DNS/接口字段映射到标准WAN口配置参数管理
LST DEVICE_INFO,列出 设备基本信息,ROUTE_CONFIG12_V6_GW,ROUTE_CONFIG12_V6_GW,ROUTE CONFIG12 V6 GW,Device.DeviceInfo.ROUTE_CONFIG12_V6_GW,STRING,READ_WRITE,设备信息参数管理,WAN口配置参数管理,更新,其他分组已有/不在设备信息范围，从设备信息组删除,南向WAN/路由/DNS/接口字段映射到标准WAN口配置参数管理
LST DEVICE_INFO,列出 设备基本信息,ROUTE_CONFIG12_V6_NETADDR,ROUTE_CONFIG12_V6_NETADDR,ROUTE CONFIG12 V6 NETADDR,Device.DeviceInfo.ROUTE_CONFIG12_V6_NETADDR,STRING,READ_WRITE,设备信息参数管理,WAN口配置参数管理,更新,其他分组已有/不在设备信息范围，从设备信息组删除,南向WAN/路由/DNS/接口字段映射到标准WAN口配置参数管理
LST DEVICE_INFO,列出 设备基本信息,ROUTE_CONFIG12_V6_ONBOOT,ROUTE_CONFIG12_V6_ONBOOT,ROUTE CONFIG12 V6 ONBOOT,Device.DeviceInfo.ROUTE_CONFIG12_V6_ONBOOT,STRING,READ_WRITE,设备信息参数管理,WAN口配置参数管理,更新,其他分组已有/不在设备信息范围，从设备信息组删除,南向WAN/路由/DNS/接口字段映射到标准WAN口配置参数管理
LST DEVICE_INFO,列出 设备基本信息,ROUTE_CONFIG12_V6_PREFIX,ROUTE_CONFIG12_V6_PREFIX,ROUTE CONFIG12 V6 PREFIX,Device.DeviceInfo.ROUTE_CONFIG12_V6_PREFIX,STRING,READ_WRITE,设备信息参数管理,WAN口配置参数管理,更新,其他分组已有/不在设备信息范围，从设备信息组删除,南向WAN/路由/DNS/接口字段映射到标准WAN口配置参数管理
LST DEVICE_INFO,列出 设备基本信息,ROUTE_CONFIG1_GW,ROUTE_CONFIG1_GW,ROUTE CONFIG1 GW,Device.DeviceInfo.ROUTE_CONFIG1_GW,STRING,READ_WRITE,设备信息参数管理,WAN口配置参数管理,更新,其他分组已有/不在设备信息范围，从设备信息组删除,南向WAN/路由/DNS/接口字段映射到标准WAN口配置参数管理
LST DEVICE_INFO,列出 设备基本信息,ROUTE_CONFIG1_NETADDR,ROUTE_CONFIG1_NETADDR,ROUTE CONFIG1 NETADDR,Device.DeviceInfo.ROUTE_CONFIG1_NETADDR,STRING,READ_WRITE,设备信息参数管理,WAN口配置参数管理,更新,其他分组已有/不在设备信息范围，从设备信息组删除,南向WAN/路由/DNS/接口字段映射到标准WAN口配置参数管理
LST DEVICE_INFO,列出 设备基本信息,ROUTE_CONFIG1_NETMASK,ROUTE_CONFIG1_NETMASK,ROUTE CONFIG1 NETMASK,Device.DeviceInfo.ROUTE_CONFIG1_NETMASK,STRING,READ_WRITE,设备信息参数管理,WAN口配置参数管理,更新,其他分组已有/不在设备信息范围，从设备信息组删除,南向WAN/路由/DNS/接口字段映射到标准WAN口配置参数管理
LST DEVICE_INFO,列出 设备基本信息,ROUTE_CONFIG1_ONBOOTENB,ROUTE_CONFIG1_ONBOOTENB,ROUTE CONFIG1 ONBOOTENB,Device.DeviceInfo.ROUTE_CONFIG1_ONBOOTENB,STRING,READ_WRITE,设备信息参数管理,WAN口配置参数管理,更新,其他分组已有/不在设备信息范围，从设备信息组删除,南向WAN/路由/DNS/接口字段映射到标准WAN口配置参数管理
LST DEVICE_INFO,列出 设备基本信息,ROUTE_CONFIG1_V6_GW,ROUTE_CONFIG1_V6_GW,ROUTE CONFIG1 V6 GW,Device.DeviceInfo.ROUTE_CONFIG1_V6_GW,STRING,READ_WRITE,设备信息参数管理,WAN口配置参数管理,更新,其他分组已有/不在设备信息范围，从设备信息组删除,南向WAN/路由/DNS/接口字段映射到标准WAN口配置参数管理
LST DEVICE_INFO,列出 设备基本信息,ROUTE_CONFIG1_V6_NETADDR,ROUTE_CONFIG1_V6_NETADDR,ROUTE CONFIG1 V6 NETADDR,Device.DeviceInfo.ROUTE_CONFIG1_V6_NETADDR,STRING,READ_WRITE,设备信息参数管理,WAN口配置参数管理,更新,其他分组已有/不在设备信息范围，从设备信息组删除,南向WAN/路由/DNS/接口字段映射到标准WAN口配置参数管理
LST DEVICE_INFO,列出 设备基本信息,ROUTE_CONFIG1_V6_ONBOOT,ROUTE_CONFIG1_V6_ONBOOT,ROUTE CONFIG1 V6 ONBOOT,Device.DeviceInfo.ROUTE_CONFIG1_V6_ONBOOT,STRING,READ_WRITE,设备信息参数管理,WAN口配置参数管理,更新,其他分组已有/不在设备信息范围，从设备信息组删除,南向WAN/路由/DNS/接口字段映射到标准WAN口配置参数管理
LST DEVICE_INFO,列出 设备基本信息,ROUTE_CONFIG1_V6_PREFIX,ROUTE_CONFIG1_V6_PREFIX,ROUTE CONFIG1 V6 PREFIX,Device.DeviceInfo.ROUTE_CONFIG1_V6_PREFIX,STRING,READ_WRITE,设备信息参数管理,WAN口配置参数管理,更新,其他分组已有/不在设备信息范围，从设备信息组删除,南向WAN/路由/DNS/接口字段映射到标准WAN口配置参数管理
LST DEVICE_INFO,列出 设备基本信息,ROUTE_CONFIG2_GW,ROUTE_CONFIG2_GW,ROUTE CONFIG2 GW,Device.DeviceInfo.ROUTE_CONFIG2_GW,STRING,READ_WRITE,设备信息参数管理,WAN口配置参数管理,更新,其他分组已有/不在设备信息范围，从设备信息组删除,南向WAN/路由/DNS/接口字段映射到标准WAN口配置参数管理
LST DEVICE_INFO,列出 设备基本信息,ROUTE_CONFIG2_NETADDR,ROUTE_CONFIG2_NETADDR,ROUTE CONFIG2 NETADDR,Device.DeviceInfo.ROUTE_CONFIG2_NETADDR,STRING,READ_WRITE,设备信息参数管理,WAN口配置参数管理,更新,其他分组已有/不在设备信息范围，从设备信息组删除,南向WAN/路由/DNS/接口字段映射到标准WAN口配置参数管理
LST DEVICE_INFO,列出 设备基本信息,ROUTE_CONFIG2_NETMASK,ROUTE_CONFIG2_NETMASK,ROUTE CONFIG2 NETMASK,Device.DeviceInfo.ROUTE_CONFIG2_NETMASK,STRING,READ_WRITE,设备信息参数管理,WAN口配置参数管理,更新,其他分组已有/不在设备信息范围，从设备信息组删除,南向WAN/路由/DNS/接口字段映射到标准WAN口配置参数管理
LST DEVICE_INFO,列出 设备基本信息,ROUTE_CONFIG2_ONBOOTENB,ROUTE_CONFIG2_ONBOOTENB,ROUTE CONFIG2 ONBOOTENB,Device.DeviceInfo.ROUTE_CONFIG2_ONBOOTENB,STRING,READ_WRITE,设备信息参数管理,WAN口配置参数管理,更新,其他分组已有/不在设备信息范围，从设备信息组删除,南向WAN/路由/DNS/接口字段映射到标准WAN口配置参数管理
LST DEVICE_INFO,列出 设备基本信息,ROUTE_CONFIG2_V6_GW,ROUTE_CONFIG2_V6_GW,ROUTE CONFIG2 V6 GW,Device.DeviceInfo.ROUTE_CONFIG2_V6_GW,STRING,READ_WRITE,设备信息参数管理,WAN口配置参数管理,更新,其他分组已有/不在设备信息范围，从设备信息组删除,南向WAN/路由/DNS/接口字段映射到标准WAN口配置参数管理
LST DEVICE_INFO,列出 设备基本信息,ROUTE_CONFIG2_V6_NETADDR,ROUTE_CONFIG2_V6_NETADDR,ROUTE CONFIG2 V6 NETADDR,Device.DeviceInfo.ROUTE_CONFIG2_V6_NETADDR,STRING,READ_WRITE,设备信息参数管理,WAN口配置参数管理,更新,其他分组已有/不在设备信息范围，从设备信息组删除,南向WAN/路由/DNS/接口字段映射到标准WAN口配置参数管理
LST DEVICE_INFO,列出 设备基本信息,ROUTE_CONFIG2_V6_ONBOOT,ROUTE_CONFIG2_V6_ONBOOT,ROUTE CONFIG2 V6 ONBOOT,Device.DeviceInfo.ROUTE_CONFIG2_V6_ONBOOT,STRING,READ_WRITE,设备信息参数管理,WAN口配置参数管理,更新,其他分组已有/不在设备信息范围，从设备信息组删除,南向WAN/路由/DNS/接口字段映射到标准WAN口配置参数管理
LST DEVICE_INFO,列出 设备基本信息,ROUTE_CONFIG2_V6_PREFIX,ROUTE_CONFIG2_V6_PREFIX,ROUTE CONFIG2 V6 PREFIX,Device.DeviceInfo.ROUTE_CONFIG2_V6_PREFIX,STRING,READ_WRITE,设备信息参数管理,WAN口配置参数管理,更新,其他分组已有/不在设备信息范围，从设备信息组删除,南向WAN/路由/DNS/接口字段映射到标准WAN口配置参数管理
LST DEVICE_INFO,列出 设备基本信息,ROUTE_CONFIG3_GW,ROUTE_CONFIG3_GW,ROUTE CONFIG3 GW,Device.DeviceInfo.ROUTE_CONFIG3_GW,STRING,READ_WRITE,设备信息参数管理,WAN口配置参数管理,更新,其他分组已有/不在设备信息范围，从设备信息组删除,南向WAN/路由/DNS/接口字段映射到标准WAN口配置参数管理
LST DEVICE_INFO,列出 设备基本信息,ROUTE_CONFIG3_NETADDR,ROUTE_CONFIG3_NETADDR,ROUTE CONFIG3 NETADDR,Device.DeviceInfo.ROUTE_CONFIG3_NETADDR,STRING,READ_WRITE,设备信息参数管理,WAN口配置参数管理,更新,其他分组已有/不在设备信息范围，从设备信息组删除,南向WAN/路由/DNS/接口字段映射到标准WAN口配置参数管理
LST DEVICE_INFO,列出 设备基本信息,ROUTE_CONFIG3_NETMASK,ROUTE_CONFIG3_NETMASK,ROUTE CONFIG3 NETMASK,Device.DeviceInfo.ROUTE_CONFIG3_NETMASK,STRING,READ_WRITE,设备信息参数管理,WAN口配置参数管理,更新,其他分组已有/不在设备信息范围，从设备信息组删除,南向WAN/路由/DNS/接口字段映射到标准WAN口配置参数管理
LST DEVICE_INFO,列出 设备基本信息,ROUTE_CONFIG3_ONBOOTENB,ROUTE_CONFIG3_ONBOOTENB,ROUTE CONFIG3 ONBOOTENB,Device.DeviceInfo.ROUTE_CONFIG3_ONBOOTENB,STRING,READ_WRITE,设备信息参数管理,WAN口配置参数管理,更新,其他分组已有/不在设备信息范围，从设备信息组删除,南向WAN/路由/DNS/接口字段映射到标准WAN口配置参数管理
LST DEVICE_INFO,列出 设备基本信息,ROUTE_CONFIG3_V6_GW,ROUTE_CONFIG3_V6_GW,ROUTE CONFIG3 V6 GW,Device.DeviceInfo.ROUTE_CONFIG3_V6_GW,STRING,READ_WRITE,设备信息参数管理,WAN口配置参数管理,更新,其他分组已有/不在设备信息范围，从设备信息组删除,南向WAN/路由/DNS/接口字段映射到标准WAN口配置参数管理
LST DEVICE_INFO,列出 设备基本信息,ROUTE_CONFIG3_V6_NETADDR,ROUTE_CONFIG3_V6_NETADDR,ROUTE CONFIG3 V6 NETADDR,Device.DeviceInfo.ROUTE_CONFIG3_V6_NETADDR,STRING,READ_WRITE,设备信息参数管理,WAN口配置参数管理,更新,其他分组已有/不在设备信息范围，从设备信息组删除,南向WAN/路由/DNS/接口字段映射到标准WAN口配置参数管理
LST DEVICE_INFO,列出 设备基本信息,ROUTE_CONFIG3_V6_ONBOOT,ROUTE_CONFIG3_V6_ONBOOT,ROUTE CONFIG3 V6 ONBOOT,Device.DeviceInfo.ROUTE_CONFIG3_V6_ONBOOT,STRING,READ_WRITE,设备信息参数管理,WAN口配置参数管理,更新,其他分组已有/不在设备信息范围，从设备信息组删除,南向WAN/路由/DNS/接口字段映射到标准WAN口配置参数管理
LST DEVICE_INFO,列出 设备基本信息,ROUTE_CONFIG3_V6_PREFIX,ROUTE_CONFIG3_V6_PREFIX,ROUTE CONFIG3 V6 PREFIX,Device.DeviceInfo.ROUTE_CONFIG3_V6_PREFIX,STRING,READ_WRITE,设备信息参数管理,WAN口配置参数管理,更新,其他分组已有/不在设备信息范围，从设备信息组删除,南向WAN/路由/DNS/接口字段映射到标准WAN口配置参数管理
LST DEVICE_INFO,列出 设备基本信息,ROUTE_CONFIG4_GW,ROUTE_CONFIG4_GW,ROUTE CONFIG4 GW,Device.DeviceInfo.ROUTE_CONFIG4_GW,STRING,READ_WRITE,设备信息参数管理,WAN口配置参数管理,更新,其他分组已有/不在设备信息范围，从设备信息组删除,南向WAN/路由/DNS/接口字段映射到标准WAN口配置参数管理
LST DEVICE_INFO,列出 设备基本信息,ROUTE_CONFIG4_NETADDR,ROUTE_CONFIG4_NETADDR,ROUTE CONFIG4 NETADDR,Device.DeviceInfo.ROUTE_CONFIG4_NETADDR,STRING,READ_WRITE,设备信息参数管理,WAN口配置参数管理,更新,其他分组已有/不在设备信息范围，从设备信息组删除,南向WAN/路由/DNS/接口字段映射到标准WAN口配置参数管理
LST DEVICE_INFO,列出 设备基本信息,ROUTE_CONFIG4_NETMASK,ROUTE_CONFIG4_NETMASK,ROUTE CONFIG4 NETMASK,Device.DeviceInfo.ROUTE_CONFIG4_NETMASK,STRING,READ_WRITE,设备信息参数管理,WAN口配置参数管理,更新,其他分组已有/不在设备信息范围，从设备信息组删除,南向WAN/路由/DNS/接口字段映射到标准WAN口配置参数管理
LST DEVICE_INFO,列出 设备基本信息,ROUTE_CONFIG4_ONBOOTENB,ROUTE_CONFIG4_ONBOOTENB,ROUTE CONFIG4 ONBOOTENB,Device.DeviceInfo.ROUTE_CONFIG4_ONBOOTENB,STRING,READ_WRITE,设备信息参数管理,WAN口配置参数管理,更新,其他分组已有/不在设备信息范围，从设备信息组删除,南向WAN/路由/DNS/接口字段映射到标准WAN口配置参数管理
LST DEVICE_INFO,列出 设备基本信息,ROUTE_CONFIG4_V6_GW,ROUTE_CONFIG4_V6_GW,ROUTE CONFIG4 V6 GW,Device.DeviceInfo.ROUTE_CONFIG4_V6_GW,STRING,READ_WRITE,设备信息参数管理,WAN口配置参数管理,更新,其他分组已有/不在设备信息范围，从设备信息组删除,南向WAN/路由/DNS/接口字段映射到标准WAN口配置参数管理
LST DEVICE_INFO,列出 设备基本信息,ROUTE_CONFIG4_V6_NETADDR,ROUTE_CONFIG4_V6_NETADDR,ROUTE CONFIG4 V6 NETADDR,Device.DeviceInfo.ROUTE_CONFIG4_V6_NETADDR,STRING,READ_WRITE,设备信息参数管理,WAN口配置参数管理,更新,其他分组已有/不在设备信息范围，从设备信息组删除,南向WAN/路由/DNS/接口字段映射到标准WAN口配置参数管理
LST DEVICE_INFO,列出 设备基本信息,ROUTE_CONFIG4_V6_ONBOOT,ROUTE_CONFIG4_V6_ONBOOT,ROUTE CONFIG4 V6 ONBOOT,Device.DeviceInfo.ROUTE_CONFIG4_V6_ONBOOT,STRING,READ_WRITE,设备信息参数管理,WAN口配置参数管理,更新,其他分组已有/不在设备信息范围，从设备信息组删除,南向WAN/路由/DNS/接口字段映射到标准WAN口配置参数管理
LST DEVICE_INFO,列出 设备基本信息,ROUTE_CONFIG4_V6_PREFIX,ROUTE_CONFIG4_V6_PREFIX,ROUTE CONFIG4 V6 PREFIX,Device.DeviceInfo.ROUTE_CONFIG4_V6_PREFIX,STRING,READ_WRITE,设备信息参数管理,WAN口配置参数管理,更新,其他分组已有/不在设备信息范围，从设备信息组删除,南向WAN/路由/DNS/接口字段映射到标准WAN口配置参数管理
LST DEVICE_INFO,列出 设备基本信息,ROUTE_CONFIG5_GW,ROUTE_CONFIG5_GW,ROUTE CONFIG5 GW,Device.DeviceInfo.ROUTE_CONFIG5_GW,STRING,READ_WRITE,设备信息参数管理,WAN口配置参数管理,更新,其他分组已有/不在设备信息范围，从设备信息组删除,南向WAN/路由/DNS/接口字段映射到标准WAN口配置参数管理
LST DEVICE_INFO,列出 设备基本信息,ROUTE_CONFIG5_NETADDR,ROUTE_CONFIG5_NETADDR,ROUTE CONFIG5 NETADDR,Device.DeviceInfo.ROUTE_CONFIG5_NETADDR,STRING,READ_WRITE,设备信息参数管理,WAN口配置参数管理,更新,其他分组已有/不在设备信息范围，从设备信息组删除,南向WAN/路由/DNS/接口字段映射到标准WAN口配置参数管理
LST DEVICE_INFO,列出 设备基本信息,ROUTE_CONFIG5_NETMASK,ROUTE_CONFIG5_NETMASK,ROUTE CONFIG5 NETMASK,Device.DeviceInfo.ROUTE_CONFIG5_NETMASK,STRING,READ_WRITE,设备信息参数管理,WAN口配置参数管理,更新,其他分组已有/不在设备信息范围，从设备信息组删除,南向WAN/路由/DNS/接口字段映射到标准WAN口配置参数管理
LST DEVICE_INFO,列出 设备基本信息,ROUTE_CONFIG5_ONBOOTENB,ROUTE_CONFIG5_ONBOOTENB,ROUTE CONFIG5 ONBOOTENB,Device.DeviceInfo.ROUTE_CONFIG5_ONBOOTENB,STRING,READ_WRITE,设备信息参数管理,WAN口配置参数管理,更新,其他分组已有/不在设备信息范围，从设备信息组删除,南向WAN/路由/DNS/接口字段映射到标准WAN口配置参数管理
LST DEVICE_INFO,列出 设备基本信息,ROUTE_CONFIG5_V6_GW,ROUTE_CONFIG5_V6_GW,ROUTE CONFIG5 V6 GW,Device.DeviceInfo.ROUTE_CONFIG5_V6_GW,STRING,READ_WRITE,设备信息参数管理,WAN口配置参数管理,更新,其他分组已有/不在设备信息范围，从设备信息组删除,南向WAN/路由/DNS/接口字段映射到标准WAN口配置参数管理
LST DEVICE_INFO,列出 设备基本信息,ROUTE_CONFIG5_V6_NETADDR,ROUTE_CONFIG5_V6_NETADDR,ROUTE CONFIG5 V6 NETADDR,Device.DeviceInfo.ROUTE_CONFIG5_V6_NETADDR,STRING,READ_WRITE,设备信息参数管理,WAN口配置参数管理,更新,其他分组已有/不在设备信息范围，从设备信息组删除,南向WAN/路由/DNS/接口字段映射到标准WAN口配置参数管理
LST DEVICE_INFO,列出 设备基本信息,ROUTE_CONFIG5_V6_ONBOOT,ROUTE_CONFIG5_V6_ONBOOT,ROUTE CONFIG5 V6 ONBOOT,Device.DeviceInfo.ROUTE_CONFIG5_V6_ONBOOT,STRING,READ_WRITE,设备信息参数管理,WAN口配置参数管理,更新,其他分组已有/不在设备信息范围，从设备信息组删除,南向WAN/路由/DNS/接口字段映射到标准WAN口配置参数管理
LST DEVICE_INFO,列出 设备基本信息,ROUTE_CONFIG5_V6_PREFIX,ROUTE_CONFIG5_V6_PREFIX,ROUTE CONFIG5 V6 PREFIX,Device.DeviceInfo.ROUTE_CONFIG5_V6_PREFIX,STRING,READ_WRITE,设备信息参数管理,WAN口配置参数管理,更新,其他分组已有/不在设备信息范围，从设备信息组删除,南向WAN/路由/DNS/接口字段映射到标准WAN口配置参数管理
LST DEVICE_INFO,列出 设备基本信息,ROUTE_CONFIG6_GW,ROUTE_CONFIG6_GW,ROUTE CONFIG6 GW,Device.DeviceInfo.ROUTE_CONFIG6_GW,STRING,READ_WRITE,设备信息参数管理,WAN口配置参数管理,更新,其他分组已有/不在设备信息范围，从设备信息组删除,南向WAN/路由/DNS/接口字段映射到标准WAN口配置参数管理
LST DEVICE_INFO,列出 设备基本信息,ROUTE_CONFIG6_NETADDR,ROUTE_CONFIG6_NETADDR,ROUTE CONFIG6 NETADDR,Device.DeviceInfo.ROUTE_CONFIG6_NETADDR,STRING,READ_WRITE,设备信息参数管理,WAN口配置参数管理,更新,其他分组已有/不在设备信息范围，从设备信息组删除,南向WAN/路由/DNS/接口字段映射到标准WAN口配置参数管理
LST DEVICE_INFO,列出 设备基本信息,ROUTE_CONFIG6_NETMASK,ROUTE_CONFIG6_NETMASK,ROUTE CONFIG6 NETMASK,Device.DeviceInfo.ROUTE_CONFIG6_NETMASK,STRING,READ_WRITE,设备信息参数管理,WAN口配置参数管理,更新,其他分组已有/不在设备信息范围，从设备信息组删除,南向WAN/路由/DNS/接口字段映射到标准WAN口配置参数管理
LST DEVICE_INFO,列出 设备基本信息,ROUTE_CONFIG6_ONBOOTENB,ROUTE_CONFIG6_ONBOOTENB,ROUTE CONFIG6 ONBOOTENB,Device.DeviceInfo.ROUTE_CONFIG6_ONBOOTENB,STRING,READ_WRITE,设备信息参数管理,WAN口配置参数管理,更新,其他分组已有/不在设备信息范围，从设备信息组删除,南向WAN/路由/DNS/接口字段映射到标准WAN口配置参数管理
LST DEVICE_INFO,列出 设备基本信息,ROUTE_CONFIG6_V6_GW,ROUTE_CONFIG6_V6_GW,ROUTE CONFIG6 V6 GW,Device.DeviceInfo.ROUTE_CONFIG6_V6_GW,STRING,READ_WRITE,设备信息参数管理,WAN口配置参数管理,更新,其他分组已有/不在设备信息范围，从设备信息组删除,南向WAN/路由/DNS/接口字段映射到标准WAN口配置参数管理
LST DEVICE_INFO,列出 设备基本信息,ROUTE_CONFIG6_V6_NETADDR,ROUTE_CONFIG6_V6_NETADDR,ROUTE CONFIG6 V6 NETADDR,Device.DeviceInfo.ROUTE_CONFIG6_V6_NETADDR,STRING,READ_WRITE,设备信息参数管理,WAN口配置参数管理,更新,其他分组已有/不在设备信息范围，从设备信息组删除,南向WAN/路由/DNS/接口字段映射到标准WAN口配置参数管理
LST DEVICE_INFO,列出 设备基本信息,ROUTE_CONFIG6_V6_ONBOOT,ROUTE_CONFIG6_V6_ONBOOT,ROUTE CONFIG6 V6 ONBOOT,Device.DeviceInfo.ROUTE_CONFIG6_V6_ONBOOT,STRING,READ_WRITE,设备信息参数管理,WAN口配置参数管理,更新,其他分组已有/不在设备信息范围，从设备信息组删除,南向WAN/路由/DNS/接口字段映射到标准WAN口配置参数管理
LST DEVICE_INFO,列出 设备基本信息,ROUTE_CONFIG6_V6_PREFIX,ROUTE_CONFIG6_V6_PREFIX,ROUTE CONFIG6 V6 PREFIX,Device.DeviceInfo.ROUTE_CONFIG6_V6_PREFIX,STRING,READ_WRITE,设备信息参数管理,WAN口配置参数管理,更新,其他分组已有/不在设备信息范围，从设备信息组删除,南向WAN/路由/DNS/接口字段映射到标准WAN口配置参数管理
LST DEVICE_INFO,列出 设备基本信息,ROUTE_CONFIG7_GW,ROUTE_CONFIG7_GW,ROUTE CONFIG7 GW,Device.DeviceInfo.ROUTE_CONFIG7_GW,STRING,READ_WRITE,设备信息参数管理,WAN口配置参数管理,更新,其他分组已有/不在设备信息范围，从设备信息组删除,南向WAN/路由/DNS/接口字段映射到标准WAN口配置参数管理
LST DEVICE_INFO,列出 设备基本信息,ROUTE_CONFIG7_NETADDR,ROUTE_CONFIG7_NETADDR,ROUTE CONFIG7 NETADDR,Device.DeviceInfo.ROUTE_CONFIG7_NETADDR,STRING,READ_WRITE,设备信息参数管理,WAN口配置参数管理,更新,其他分组已有/不在设备信息范围，从设备信息组删除,南向WAN/路由/DNS/接口字段映射到标准WAN口配置参数管理
LST DEVICE_INFO,列出 设备基本信息,ROUTE_CONFIG7_NETMASK,ROUTE_CONFIG7_NETMASK,ROUTE CONFIG7 NETMASK,Device.DeviceInfo.ROUTE_CONFIG7_NETMASK,STRING,READ_WRITE,设备信息参数管理,WAN口配置参数管理,更新,其他分组已有/不在设备信息范围，从设备信息组删除,南向WAN/路由/DNS/接口字段映射到标准WAN口配置参数管理
LST DEVICE_INFO,列出 设备基本信息,ROUTE_CONFIG7_ONBOOTENB,ROUTE_CONFIG7_ONBOOTENB,ROUTE CONFIG7 ONBOOTENB,Device.DeviceInfo.ROUTE_CONFIG7_ONBOOTENB,STRING,READ_WRITE,设备信息参数管理,WAN口配置参数管理,更新,其他分组已有/不在设备信息范围，从设备信息组删除,南向WAN/路由/DNS/接口字段映射到标准WAN口配置参数管理
LST DEVICE_INFO,列出 设备基本信息,ROUTE_CONFIG7_V6_GW,ROUTE_CONFIG7_V6_GW,ROUTE CONFIG7 V6 GW,Device.DeviceInfo.ROUTE_CONFIG7_V6_GW,STRING,READ_WRITE,设备信息参数管理,WAN口配置参数管理,更新,其他分组已有/不在设备信息范围，从设备信息组删除,南向WAN/路由/DNS/接口字段映射到标准WAN口配置参数管理
LST DEVICE_INFO,列出 设备基本信息,ROUTE_CONFIG7_V6_NETADDR,ROUTE_CONFIG7_V6_NETADDR,ROUTE CONFIG7 V6 NETADDR,Device.DeviceInfo.ROUTE_CONFIG7_V6_NETADDR,STRING,READ_WRITE,设备信息参数管理,WAN口配置参数管理,更新,其他分组已有/不在设备信息范围，从设备信息组删除,南向WAN/路由/DNS/接口字段映射到标准WAN口配置参数管理
LST DEVICE_INFO,列出 设备基本信息,ROUTE_CONFIG7_V6_ONBOOT,ROUTE_CONFIG7_V6_ONBOOT,ROUTE CONFIG7 V6 ONBOOT,Device.DeviceInfo.ROUTE_CONFIG7_V6_ONBOOT,STRING,READ_WRITE,设备信息参数管理,WAN口配置参数管理,更新,其他分组已有/不在设备信息范围，从设备信息组删除,南向WAN/路由/DNS/接口字段映射到标准WAN口配置参数管理
LST DEVICE_INFO,列出 设备基本信息,ROUTE_CONFIG7_V6_PREFIX,ROUTE_CONFIG7_V6_PREFIX,ROUTE CONFIG7 V6 PREFIX,Device.DeviceInfo.ROUTE_CONFIG7_V6_PREFIX,STRING,READ_WRITE,设备信息参数管理,WAN口配置参数管理,更新,其他分组已有/不在设备信息范围，从设备信息组删除,南向WAN/路由/DNS/接口字段映射到标准WAN口配置参数管理
LST DEVICE_INFO,列出 设备基本信息,ROUTE_CONFIG8_GW,ROUTE_CONFIG8_GW,ROUTE CONFIG8 GW,Device.DeviceInfo.ROUTE_CONFIG8_GW,STRING,READ_WRITE,设备信息参数管理,WAN口配置参数管理,更新,其他分组已有/不在设备信息范围，从设备信息组删除,南向WAN/路由/DNS/接口字段映射到标准WAN口配置参数管理
LST DEVICE_INFO,列出 设备基本信息,ROUTE_CONFIG8_NETADDR,ROUTE_CONFIG8_NETADDR,ROUTE CONFIG8 NETADDR,Device.DeviceInfo.ROUTE_CONFIG8_NETADDR,STRING,READ_WRITE,设备信息参数管理,WAN口配置参数管理,更新,其他分组已有/不在设备信息范围，从设备信息组删除,南向WAN/路由/DNS/接口字段映射到标准WAN口配置参数管理
LST DEVICE_INFO,列出 设备基本信息,ROUTE_CONFIG8_NETMASK,ROUTE_CONFIG8_NETMASK,ROUTE CONFIG8 NETMASK,Device.DeviceInfo.ROUTE_CONFIG8_NETMASK,STRING,READ_WRITE,设备信息参数管理,WAN口配置参数管理,更新,其他分组已有/不在设备信息范围，从设备信息组删除,南向WAN/路由/DNS/接口字段映射到标准WAN口配置参数管理
LST DEVICE_INFO,列出 设备基本信息,ROUTE_CONFIG8_ONBOOTENB,ROUTE_CONFIG8_ONBOOTENB,ROUTE CONFIG8 ONBOOTENB,Device.DeviceInfo.ROUTE_CONFIG8_ONBOOTENB,STRING,READ_WRITE,设备信息参数管理,WAN口配置参数管理,更新,其他分组已有/不在设备信息范围，从设备信息组删除,南向WAN/路由/DNS/接口字段映射到标准WAN口配置参数管理
LST DEVICE_INFO,列出 设备基本信息,ROUTE_CONFIG8_V6_GW,ROUTE_CONFIG8_V6_GW,ROUTE CONFIG8 V6 GW,Device.DeviceInfo.ROUTE_CONFIG8_V6_GW,STRING,READ_WRITE,设备信息参数管理,WAN口配置参数管理,更新,其他分组已有/不在设备信息范围，从设备信息组删除,南向WAN/路由/DNS/接口字段映射到标准WAN口配置参数管理
LST DEVICE_INFO,列出 设备基本信息,ROUTE_CONFIG8_V6_NETADDR,ROUTE_CONFIG8_V6_NETADDR,ROUTE CONFIG8 V6 NETADDR,Device.DeviceInfo.ROUTE_CONFIG8_V6_NETADDR,STRING,READ_WRITE,设备信息参数管理,WAN口配置参数管理,更新,其他分组已有/不在设备信息范围，从设备信息组删除,南向WAN/路由/DNS/接口字段映射到标准WAN口配置参数管理
LST DEVICE_INFO,列出 设备基本信息,ROUTE_CONFIG8_V6_ONBOOT,ROUTE_CONFIG8_V6_ONBOOT,ROUTE CONFIG8 V6 ONBOOT,Device.DeviceInfo.ROUTE_CONFIG8_V6_ONBOOT,STRING,READ_WRITE,设备信息参数管理,WAN口配置参数管理,更新,其他分组已有/不在设备信息范围，从设备信息组删除,南向WAN/路由/DNS/接口字段映射到标准WAN口配置参数管理
LST DEVICE_INFO,列出 设备基本信息,ROUTE_CONFIG8_V6_PREFIX,ROUTE_CONFIG8_V6_PREFIX,ROUTE CONFIG8 V6 PREFIX,Device.DeviceInfo.ROUTE_CONFIG8_V6_PREFIX,STRING,READ_WRITE,设备信息参数管理,WAN口配置参数管理,更新,其他分组已有/不在设备信息范围，从设备信息组删除,南向WAN/路由/DNS/接口字段映射到标准WAN口配置参数管理
LST DEVICE_INFO,列出 设备基本信息,ROUTE_CONFIG9_GW,ROUTE_CONFIG9_GW,ROUTE CONFIG9 GW,Device.DeviceInfo.ROUTE_CONFIG9_GW,STRING,READ_WRITE,设备信息参数管理,WAN口配置参数管理,更新,其他分组已有/不在设备信息范围，从设备信息组删除,南向WAN/路由/DNS/接口字段映射到标准WAN口配置参数管理
LST DEVICE_INFO,列出 设备基本信息,ROUTE_CONFIG9_NETADDR,ROUTE_CONFIG9_NETADDR,ROUTE CONFIG9 NETADDR,Device.DeviceInfo.ROUTE_CONFIG9_NETADDR,STRING,READ_WRITE,设备信息参数管理,WAN口配置参数管理,更新,其他分组已有/不在设备信息范围，从设备信息组删除,南向WAN/路由/DNS/接口字段映射到标准WAN口配置参数管理
LST DEVICE_INFO,列出 设备基本信息,ROUTE_CONFIG9_NETMASK,ROUTE_CONFIG9_NETMASK,ROUTE CONFIG9 NETMASK,Device.DeviceInfo.ROUTE_CONFIG9_NETMASK,STRING,READ_WRITE,设备信息参数管理,WAN口配置参数管理,更新,其他分组已有/不在设备信息范围，从设备信息组删除,南向WAN/路由/DNS/接口字段映射到标准WAN口配置参数管理
LST DEVICE_INFO,列出 设备基本信息,ROUTE_CONFIG9_ONBOOTENB,ROUTE_CONFIG9_ONBOOTENB,ROUTE CONFIG9 ONBOOTENB,Device.DeviceInfo.ROUTE_CONFIG9_ONBOOTENB,STRING,READ_WRITE,设备信息参数管理,WAN口配置参数管理,更新,其他分组已有/不在设备信息范围，从设备信息组删除,南向WAN/路由/DNS/接口字段映射到标准WAN口配置参数管理
LST DEVICE_INFO,列出 设备基本信息,ROUTE_CONFIG9_V6_GW,ROUTE_CONFIG9_V6_GW,ROUTE CONFIG9 V6 GW,Device.DeviceInfo.ROUTE_CONFIG9_V6_GW,STRING,READ_WRITE,设备信息参数管理,WAN口配置参数管理,更新,其他分组已有/不在设备信息范围，从设备信息组删除,南向WAN/路由/DNS/接口字段映射到标准WAN口配置参数管理
LST DEVICE_INFO,列出 设备基本信息,ROUTE_CONFIG9_V6_NETADDR,ROUTE_CONFIG9_V6_NETADDR,ROUTE CONFIG9 V6 NETADDR,Device.DeviceInfo.ROUTE_CONFIG9_V6_NETADDR,STRING,READ_WRITE,设备信息参数管理,WAN口配置参数管理,更新,其他分组已有/不在设备信息范围，从设备信息组删除,南向WAN/路由/DNS/接口字段映射到标准WAN口配置参数管理
LST DEVICE_INFO,列出 设备基本信息,ROUTE_CONFIG9_V6_ONBOOT,ROUTE_CONFIG9_V6_ONBOOT,ROUTE CONFIG9 V6 ONBOOT,Device.DeviceInfo.ROUTE_CONFIG9_V6_ONBOOT,STRING,READ_WRITE,设备信息参数管理,WAN口配置参数管理,更新,其他分组已有/不在设备信息范围，从设备信息组删除,南向WAN/路由/DNS/接口字段映射到标准WAN口配置参数管理
LST DEVICE_INFO,列出 设备基本信息,ROUTE_CONFIG9_V6_PREFIX,ROUTE_CONFIG9_V6_PREFIX,ROUTE CONFIG9 V6 PREFIX,Device.DeviceInfo.ROUTE_CONFIG9_V6_PREFIX,STRING,READ_WRITE,设备信息参数管理,WAN口配置参数管理,更新,其他分组已有/不在设备信息范围，从设备信息组删除,南向WAN/路由/DNS/接口字段映射到标准WAN口配置参数管理
LST DEVICE_INFO,列出 设备基本信息,HARDWARE_VERSION_1792e695,HARDWARE_VERSION,Hardware Version,Device.DeviceInfo.RU.{i}.HardwareVersion,STRING,READ_ONLY,设备信息参数管理,扩展型皮站-远端单元（RU）参数管理,更新,其他分组已有/不在设备信息范围，从设备信息组删除,标准匹配：Device.DeviceInfo.RU.{i}.HardwareVersion -> Device.DeviceInfo.MU.{i}.Slot.{i}.EU.{i}.RU.{i}.HardwareVersion
LST DEVICE_INFO,列出 设备基本信息,IP_ADDRESS_ec540a20,IP_ADDRESS,Ip Address,Device.DeviceInfo.RU.{i}.IpAddress,STRING,READ_ONLY,设备信息参数管理,扩展型皮站-远端单元（RU）参数管理,更新,其他分组已有/不在设备信息范围，从设备信息组删除,按RU对象层级映射到标准RU参数管理
LST DEVICE_INFO,列出 设备基本信息,MAX_TX_POWER_3945b02e,MAX_TX_POWER,Max Tx Power,Device.DeviceInfo.RU.{i}.MaxTxPower,INT,READ_WRITE,设备信息参数管理,扩展型皮站-远端单元（RU）参数管理,更新,其他分组已有/不在设备信息范围，从设备信息组删除,按RU对象层级映射到标准RU参数管理
LST DEVICE_INFO,列出 设备基本信息,MODEL_NAME_5b937c21,MODEL_NAME,Model Name,Device.DeviceInfo.RU.{i}.ModelName,STRING,READ_ONLY,设备信息参数管理,扩展型皮站-远端单元（RU）参数管理,更新,其他分组已有/不在设备信息范围，从设备信息组删除,标准匹配：Device.DeviceInfo.RU.{i}.ModelName -> Device.DeviceInfo.MU.{i}.Slot.{i}.EU.{i}.RU.{i}.ModelName
LST DEVICE_INFO,列出 设备基本信息,RFTX_STATUS_1dab1760,RFTX_STATUS,Rftx Status,Device.DeviceInfo.RU.{i}.RFTxStatus,BOOLEAN,READ_WRITE,设备信息参数管理,扩展型皮站-远端单元（RU）参数管理,更新,其他分组已有/不在设备信息范围，从设备信息组删除,标准匹配：Device.DeviceInfo.RU.{i}.RFTxStatus -> Device.DeviceInfo.MU.{i}.Slot.{i}.EU.{i}.RU.{i}.RFTxStatus
LST DEVICE_INFO,列出 设备基本信息,RUWITH_CELL_RELATION,RUWITH_CELL_RELATION,Ruwith Cell Relation,Device.DeviceInfo.RU.{i}.RUWithCellRelation,STRING,READ_WRITE,设备信息参数管理,扩展型皮站-远端单元（RU）参数管理,更新,其他分组已有/不在设备信息范围，从设备信息组删除,按RU对象层级映射到标准RU参数管理
LST DEVICE_INFO,列出 设备基本信息,REBOOT_888b2084,REBOOT,Reboot,Device.DeviceInfo.RU.{i}.Reboot,BOOLEAN,READ_WRITE,设备信息参数管理,扩展型皮站-远端单元（RU）参数管理,更新,其他分组已有/不在设备信息范围，从设备信息组删除,标准匹配：Device.DeviceInfo.RU.{i}.Reboot -> Device.DeviceInfo.MU.{i}.Slot.{i}.EU.{i}.RU.{i}.Reboot
LST DEVICE_INFO,列出 设备基本信息,ROUTE_INDEX_d2308329,ROUTE_INDEX,Route Index,Device.DeviceInfo.RU.{i}.RouteIndex,STRING,READ_ONLY,设备信息参数管理,扩展型皮站-远端单元（RU）参数管理,更新,其他分组已有/不在设备信息范围，从设备信息组删除,标准匹配：Device.DeviceInfo.RU.{i}.RouteIndex -> Device.DeviceInfo.MU.{i}.Slot.{i}.EU.{i}.RU.{i}.RouteIndex
LST DEVICE_INFO,列出 设备基本信息,SERIAL_NUMBER_ef8f33b6,SERIAL_NUMBER,Serial Number,Device.DeviceInfo.RU.{i}.SerialNumber,STRING,READ_ONLY,设备信息参数管理,扩展型皮站-远端单元（RU）参数管理,更新,其他分组已有/不在设备信息范围，从设备信息组删除,标准匹配：Device.DeviceInfo.RU.{i}.SerialNumber -> Device.DeviceInfo.MU.{i}.Slot.{i}.EU.{i}.RU.{i}.SerialNumber
LST DEVICE_INFO,列出 设备基本信息,SOFTWARE_VERSION_7bcba73b,SOFTWARE_VERSION,Software Version,Device.DeviceInfo.RU.{i}.SoftwareVersion,STRING,READ_ONLY,设备信息参数管理,扩展型皮站-远端单元（RU）参数管理,更新,其他分组已有/不在设备信息范围，从设备信息组删除,标准匹配：Device.DeviceInfo.RU.{i}.SoftwareVersion -> Device.DeviceInfo.MU.{i}.Slot.{i}.EU.{i}.RU.{i}.SoftwareVersion
LST DEVICE_INFO,列出 设备基本信息,SW_UPGRADE_FAIL_CAUSE,SW_UPGRADE_FAIL_CAUSE,Sw Upgrade Fail Cause,Device.DeviceInfo.RU.{i}.SwUpgradeFailCause,STRING,READ_ONLY,设备信息参数管理,扩展型皮站-远端单元（RU）参数管理,更新,其他分组已有/不在设备信息范围，从设备信息组删除,按RU对象层级映射到标准RU参数管理
LST DEVICE_INFO,列出 设备基本信息,SW_UPGRADE_STAGE,SW_UPGRADE_STAGE,Sw Upgrade Stage,Device.DeviceInfo.RU.{i}.SwUpgradeStage,STRING,READ_ONLY,设备信息参数管理,扩展型皮站-远端单元（RU）参数管理,更新,其他分组已有/不在设备信息范围，从设备信息组删除,按RU对象层级映射到标准RU参数管理
LST DEVICE_INFO,列出 设备基本信息,SW_UPGRADE_STATUS,SW_UPGRADE_STATUS,Sw Upgrade Status,Device.DeviceInfo.RU.{i}.SwUpgradeStatus,STRING,READ_ONLY,设备信息参数管理,扩展型皮站-远端单元（RU）参数管理,更新,其他分组已有/不在设备信息范围，从设备信息组删除,按RU对象层级映射到标准RU参数管理
LST DEVICE_INFO,列出 设备基本信息,CPI_LATITUDE,CPI_LATITUDE,Cpi Latitude,Device.DeviceInfo.SAS.CPI.cpiLatitude,INT,READ_WRITE,设备信息参数管理,跳过,跳过,SAS/CBRS/频谱字段未出现在两份中国移动标准南向规范，按多余项不导入,SAS/CBRS/频谱字段未出现在两份中国移动标准南向规范，按多余项不导入
LST DEVICE_INFO,列出 设备基本信息,CPI_LONGITUDE,CPI_LONGITUDE,Cpi Longitude,Device.DeviceInfo.SAS.CPI.cpiLongitude,INT,READ_WRITE,设备信息参数管理,跳过,跳过,SAS/CBRS/频谱字段未出现在两份中国移动标准南向规范，按多余项不导入,SAS/CBRS/频谱字段未出现在两份中国移动标准南向规范，按多余项不导入
LST DEVICE_INFO,列出 设备基本信息,CALL_SIGN,CALL_SIGN,Call Sign,Device.DeviceInfo.SAS.CallSign,STRING,READ_WRITE,设备信息参数管理,跳过,跳过,SAS/CBRS/频谱字段未出现在两份中国移动标准南向规范，按多余项不导入,SAS/CBRS/频谱字段未出现在两份中国移动标准南向规范，按多余项不导入
LST DEVICE_INFO,列出 设备基本信息,CHANNEL_REUSE,CHANNEL_REUSE,Channel Reuse,Device.DeviceInfo.SAS.ChannelReuse,BOOLEAN,READ_WRITE,设备信息参数管理,跳过,跳过,SAS/CBRS/频谱字段未出现在两份中国移动标准南向规范，按多余项不导入,SAS/CBRS/频谱字段未出现在两份中国移动标准南向规范，按多余项不导入
LST DEVICE_INFO,列出 设备基本信息,CPI_ID,CPI_ID,Cpi Id,Device.DeviceInfo.SAS.CpiId,STRING,READ_WRITE,设备信息参数管理,跳过,跳过,SAS/CBRS/频谱字段未出现在两份中国移动标准南向规范，按多余项不导入,SAS/CBRS/频谱字段未出现在两份中国移动标准南向规范，按多余项不导入
LST DEVICE_INFO,列出 设备基本信息,CPI_INSTALL_CERTIFICATION_TIME,CPI_INSTALL_CERTIFICATION_TIME,Cpi Install Certification Time,Device.DeviceInfo.SAS.CpiInstallCertificationTime,STRING,READ_WRITE,设备信息参数管理,跳过,跳过,SAS/CBRS/频谱字段未出现在两份中国移动标准南向规范，按多余项不导入,SAS/CBRS/频谱字段未出现在两份中国移动标准南向规范，按多余项不导入
LST DEVICE_INFO,列出 设备基本信息,CPI_INSTALL_CERTIFICATION_TIME2,CPI_INSTALL_CERTIFICATION_TIME2,Cpi Install Certification Time2,Device.DeviceInfo.SAS.CpiInstallCertificationTime2,STRING,READ_WRITE,设备信息参数管理,跳过,跳过,SAS/CBRS/频谱字段未出现在两份中国移动标准南向规范，按多余项不导入,SAS/CBRS/频谱字段未出现在两份中国移动标准南向规范，按多余项不导入
LST DEVICE_INFO,列出 设备基本信息,CPI_INSTALL_CERTIFICATION_TIME3,CPI_INSTALL_CERTIFICATION_TIME3,Cpi Install Certification Time3,Device.DeviceInfo.SAS.CpiInstallCertificationTime3,STRING,READ_WRITE,设备信息参数管理,跳过,跳过,SAS/CBRS/频谱字段未出现在两份中国移动标准南向规范，按多余项不导入,SAS/CBRS/频谱字段未出现在两份中国移动标准南向规范，按多余项不导入
LST DEVICE_INFO,列出 设备基本信息,CPI_NAME,CPI_NAME,Cpi Name,Device.DeviceInfo.SAS.CpiName,STRING,READ_WRITE,设备信息参数管理,跳过,跳过,SAS/CBRS/频谱字段未出现在两份中国移动标准南向规范，按多余项不导入,SAS/CBRS/频谱字段未出现在两份中国移动标准南向规范，按多余项不导入
LST DEVICE_INFO,列出 设备基本信息,CPI_SIGNATURE_DATA,CPI_SIGNATURE_DATA,Cpi Signature Data,Device.DeviceInfo.SAS.CpiSignatureData,STRING,READ_WRITE,设备信息参数管理,跳过,跳过,SAS/CBRS/频谱字段未出现在两份中国移动标准南向规范，按多余项不导入,SAS/CBRS/频谱字段未出现在两份中国移动标准南向规范，按多余项不导入
LST DEVICE_INFO,列出 设备基本信息,CPI_SIGNATURE_DATA2,CPI_SIGNATURE_DATA2,Cpi Signature Data2,Device.DeviceInfo.SAS.CpiSignatureData2,STRING,READ_WRITE,设备信息参数管理,跳过,跳过,SAS/CBRS/频谱字段未出现在两份中国移动标准南向规范，按多余项不导入,SAS/CBRS/频谱字段未出现在两份中国移动标准南向规范，按多余项不导入
LST DEVICE_INFO,列出 设备基本信息,CPI_SIGNATURE_DATA3,CPI_SIGNATURE_DATA3,Cpi Signature Data3,Device.DeviceInfo.SAS.CpiSignatureData3,STRING,READ_WRITE,设备信息参数管理,跳过,跳过,SAS/CBRS/频谱字段未出现在两份中国移动标准南向规范，按多余项不导入,SAS/CBRS/频谱字段未出现在两份中国移动标准南向规范，按多余项不导入
LST DEVICE_INFO,列出 设备基本信息,EIRP_CAPABILITY,EIRP_CAPABILITY,Eirp Capability,Device.DeviceInfo.SAS.EirpCapability,INT,READ_WRITE,设备信息参数管理,跳过,跳过,SAS/CBRS/频谱字段未出现在两份中国移动标准南向规范，按多余项不导入,SAS/CBRS/频谱字段未出现在两份中国移动标准南向规范，按多余项不导入
LST DEVICE_INFO,列出 设备基本信息,LOCKED_LATITUDE,LOCKED_LATITUDE,Locked Latitude,Device.DeviceInfo.SAS.FAP.GPS.LockedLatitude,INT,READ_WRITE,设备信息参数管理,GPS信息参数管理,更新,其他分组已有/不在设备信息范围，从设备信息组删除,南向GPS/BDS字段映射到标准GPS信息参数管理
LST DEVICE_INFO,列出 设备基本信息,LOCKED_LATITUDE2,LOCKED_LATITUDE2,Locked Latitude2,Device.DeviceInfo.SAS.FAP.GPS.LockedLatitude2,INT,READ_WRITE,设备信息参数管理,GPS信息参数管理,更新,其他分组已有/不在设备信息范围，从设备信息组删除,南向GPS/BDS字段映射到标准GPS信息参数管理
LST DEVICE_INFO,列出 设备基本信息,LOCKED_LATITUDE3,LOCKED_LATITUDE3,Locked Latitude3,Device.DeviceInfo.SAS.FAP.GPS.LockedLatitude3,INT,READ_WRITE,设备信息参数管理,GPS信息参数管理,更新,其他分组已有/不在设备信息范围，从设备信息组删除,南向GPS/BDS字段映射到标准GPS信息参数管理
LST DEVICE_INFO,列出 设备基本信息,LOCKED_LONGITUDE,LOCKED_LONGITUDE,Locked Longitude,Device.DeviceInfo.SAS.FAP.GPS.LockedLongitude,INT,READ_WRITE,设备信息参数管理,GPS信息参数管理,更新,其他分组已有/不在设备信息范围，从设备信息组删除,南向GPS/BDS字段映射到标准GPS信息参数管理
LST DEVICE_INFO,列出 设备基本信息,LOCKED_LONGITUDE2,LOCKED_LONGITUDE2,Locked Longitude2,Device.DeviceInfo.SAS.FAP.GPS.LockedLongitude2,INT,READ_WRITE,设备信息参数管理,GPS信息参数管理,更新,其他分组已有/不在设备信息范围，从设备信息组删除,南向GPS/BDS字段映射到标准GPS信息参数管理
LST DEVICE_INFO,列出 设备基本信息,LOCKED_LONGITUDE3,LOCKED_LONGITUDE3,Locked Longitude3,Device.DeviceInfo.SAS.FAP.GPS.LockedLongitude3,INT,READ_WRITE,设备信息参数管理,GPS信息参数管理,更新,其他分组已有/不在设备信息范围，从设备信息组删除,南向GPS/BDS字段映射到标准GPS信息参数管理
LST DEVICE_INFO,列出 设备基本信息,FCC_ID,FCC_ID,Fcc Id,Device.DeviceInfo.SAS.FccId,STRING,READ_WRITE,设备信息参数管理,跳过,跳过,SAS/CBRS/频谱字段未出现在两份中国移动标准南向规范，按多余项不导入,SAS/CBRS/频谱字段未出现在两份中国移动标准南向规范，按多余项不导入
LST DEVICE_INFO,列出 设备基本信息,FREQUENCY_CONTIGUOUS,FREQUENCY_CONTIGUOUS,Frequency Contiguous,Device.DeviceInfo.SAS.FrequencyContiguous,STRING,READ_ONLY,设备信息参数管理,跳过,跳过,SAS/CBRS/频谱字段未出现在两份中国移动标准南向规范，按多余项不导入,SAS/CBRS/频谱字段未出现在两份中国移动标准南向规范，按多余项不导入
LST DEVICE_INFO,列出 设备基本信息,FREQUENCY_SELECTION_LOGIC,FREQUENCY_SELECTION_LOGIC,Frequency Selection Logic,Device.DeviceInfo.SAS.FrequencySelectionLogic,STRING,READ_WRITE,设备信息参数管理,跳过,跳过,SAS/CBRS/频谱字段未出现在两份中国移动标准南向规范，按多余项不导入,SAS/CBRS/频谱字段未出现在两份中国移动标准南向规范，按多余项不导入
LST DEVICE_INFO,列出 设备基本信息,LEGACY_MODE,LEGACY_MODE,Legacy Mode,Device.DeviceInfo.SAS.LegacyMode,STRING,READ_WRITE,设备信息参数管理,跳过,跳过,SAS/CBRS/频谱字段未出现在两份中国移动标准南向规范，按多余项不导入,SAS/CBRS/频谱字段未出现在两份中国移动标准南向规范，按多余项不导入
LST DEVICE_INFO,列出 设备基本信息,MAX_EIRP,MAX_EIRP,Max Eirp,Device.DeviceInfo.SAS.MaxEIRP,INT,READ_WRITE,设备信息参数管理,跳过,跳过,SAS/CBRS/频谱字段未出现在两份中国移动标准南向规范，按多余项不导入,SAS/CBRS/频谱字段未出现在两份中国移动标准南向规范，按多余项不导入
LST DEVICE_INFO,列出 设备基本信息,PREFERRED_BANDWIDTH,PREFERRED_BANDWIDTH,Preferred Bandwidth,Device.DeviceInfo.SAS.PreferredBandwidth,STRING,READ_WRITE,设备信息参数管理,跳过,跳过,SAS/CBRS/频谱字段未出现在两份中国移动标准南向规范，按多余项不导入,SAS/CBRS/频谱字段未出现在两份中国移动标准南向规范，按多余项不导入
LST DEVICE_INFO,列出 设备基本信息,PREFERRED_FREQUENCY,PREFERRED_FREQUENCY,Preferred Frequency,Device.DeviceInfo.SAS.PreferredFrequency,STRING,READ_WRITE,设备信息参数管理,跳过,跳过,SAS/CBRS/频谱字段未出现在两份中国移动标准南向规范，按多余项不导入,SAS/CBRS/频谱字段未出现在两份中国移动标准南向规范，按多余项不导入
LST DEVICE_INFO,列出 设备基本信息,PREFERRED_POWER,PREFERRED_POWER,Preferred Power,Device.DeviceInfo.SAS.PreferredPower,STRING,READ_WRITE,设备信息参数管理,跳过,跳过,SAS/CBRS/频谱字段未出现在两份中国移动标准南向规范，按多余项不导入,SAS/CBRS/频谱字段未出现在两份中国移动标准南向规范，按多余项不导入
LST DEVICE_INFO,列出 设备基本信息,RADIO_ENABLE,RADIO_ENABLE,Radio Enable,Device.DeviceInfo.SAS.RadioEnable,STRING,READ_WRITE,设备信息参数管理,跳过,跳过,SAS/CBRS/频谱字段未出现在两份中国移动标准南向规范，按多余项不导入,SAS/CBRS/频谱字段未出现在两份中国移动标准南向规范，按多余项不导入
LST DEVICE_INFO,列出 设备基本信息,RADIO_ENABLE1,RADIO_ENABLE1,Radio Enable1,Device.DeviceInfo.SAS.RadioEnable1,STRING,READ_WRITE,设备信息参数管理,跳过,跳过,SAS/CBRS/频谱字段未出现在两份中国移动标准南向规范，按多余项不导入,SAS/CBRS/频谱字段未出现在两份中国移动标准南向规范，按多余项不导入
LST DEVICE_INFO,列出 设备基本信息,RADIO_ENABLE2,RADIO_ENABLE2,Radio Enable2,Device.DeviceInfo.SAS.RadioEnable2,STRING,READ_WRITE,设备信息参数管理,跳过,跳过,SAS/CBRS/频谱字段未出现在两份中国移动标准南向规范，按多余项不导入,SAS/CBRS/频谱字段未出现在两份中国移动标准南向规范，按多余项不导入
LST DEVICE_INFO,列出 设备基本信息,RADIO_ENABLE3,RADIO_ENABLE3,Radio Enable3,Device.DeviceInfo.SAS.RadioEnable3,STRING,READ_WRITE,设备信息参数管理,跳过,跳过,SAS/CBRS/频谱字段未出现在两份中国移动标准南向规范，按多余项不导入,SAS/CBRS/频谱字段未出现在两份中国移动标准南向规范，按多余项不导入
LST DEVICE_INFO,列出 设备基本信息,REGISTRATION_TYPE,REGISTRATION_TYPE,Registration Type,Device.DeviceInfo.SAS.RegistrationType,STRING,READ_WRITE,设备信息参数管理,跳过,跳过,SAS/CBRS/频谱字段未出现在两份中国移动标准南向规范，按多余项不导入,SAS/CBRS/频谱字段未出现在两份中国移动标准南向规范，按多余项不导入
LST DEVICE_INFO,列出 设备基本信息,SERVER_URL,SERVER_URL,Server Url,Device.DeviceInfo.SAS.ServerUrl,STRING,READ_WRITE,设备信息参数管理,跳过,跳过,SAS/CBRS/频谱字段未出现在两份中国移动标准南向规范，按多余项不导入,SAS/CBRS/频谱字段未出现在两份中国移动标准南向规范，按多余项不导入
LST DEVICE_INFO,列出 设备基本信息,STATUS_04a13f7a,STATUS,Status,Device.DeviceInfo.SAS.Status,STRING,READ_WRITE,设备信息参数管理,跳过,跳过,SAS/CBRS/频谱字段未出现在两份中国移动标准南向规范，按多余项不导入,SAS/CBRS/频谱字段未出现在两份中国移动标准南向规范，按多余项不导入
LST DEVICE_INFO,列出 设备基本信息,STATUS2,STATUS2,Status2,Device.DeviceInfo.SAS.Status2,STRING,READ_WRITE,设备信息参数管理,跳过,跳过,SAS/CBRS/频谱字段未出现在两份中国移动标准南向规范，按多余项不导入,SAS/CBRS/频谱字段未出现在两份中国移动标准南向规范，按多余项不导入
LST DEVICE_INFO,列出 设备基本信息,STATUS3,STATUS3,Status3,Device.DeviceInfo.SAS.Status3,STRING,READ_WRITE,设备信息参数管理,跳过,跳过,SAS/CBRS/频谱字段未出现在两份中国移动标准南向规范，按多余项不导入,SAS/CBRS/频谱字段未出现在两份中国移动标准南向规范，按多余项不导入
LST DEVICE_INFO,列出 设备基本信息,USER_ID,USER_ID,User Id,Device.DeviceInfo.SAS.UserId,STRING,READ_WRITE,设备信息参数管理,跳过,跳过,SAS/CBRS/频谱字段未出现在两份中国移动标准南向规范，按多余项不导入,SAS/CBRS/频谱字段未出现在两份中国移动标准南向规范，按多余项不导入
LST DEVICE_INFO,列出 设备基本信息,ENABLE_MODE,ENABLE_MODE,Enable Mode,Device.DeviceInfo.SAS.enableMode,BOOLEAN,READ_WRITE,设备信息参数管理,跳过,跳过,SAS/CBRS/频谱字段未出现在两份中国移动标准南向规范，按多余项不导入,SAS/CBRS/频谱字段未出现在两份中国移动标准南向规范，按多余项不导入
LST DEVICE_INFO,列出 设备基本信息,GROUP_ID,GROUP_ID,Group Id,Device.DeviceInfo.SAS.groupId,STRING,READ_WRITE,设备信息参数管理,跳过,跳过,SAS/CBRS/频谱字段未出现在两份中国移动标准南向规范，按多余项不导入,SAS/CBRS/频谱字段未出现在两份中国移动标准南向规范，按多余项不导入
LST DEVICE_INFO,列出 设备基本信息,GROUP_TYPE,GROUP_TYPE,Group Type,Device.DeviceInfo.SAS.groupType,STRING,READ_WRITE,设备信息参数管理,跳过,跳过,SAS/CBRS/频谱字段未出现在两份中国移动标准南向规范，按多余项不导入,SAS/CBRS/频谱字段未出现在两份中国移动标准南向规范，按多余项不导入
LST DEVICE_INFO,列出 设备基本信息,REQ_HIGH_FREQUENCY,REQ_HIGH_FREQUENCY,Req High Frequency,Device.DeviceInfo.SAS.reqHighFrequency,U_INT,READ_WRITE,设备信息参数管理,跳过,跳过,SAS/CBRS/频谱字段未出现在两份中国移动标准南向规范，按多余项不导入,SAS/CBRS/频谱字段未出现在两份中国移动标准南向规范，按多余项不导入
LST DEVICE_INFO,列出 设备基本信息,REQ_LOW_FREQUENCY,REQ_LOW_FREQUENCY,Req Low Frequency,Device.DeviceInfo.SAS.reqLowFrequency,U_INT,READ_WRITE,设备信息参数管理,跳过,跳过,SAS/CBRS/频谱字段未出现在两份中国移动标准南向规范，按多余项不导入,SAS/CBRS/频谱字段未出现在两份中国移动标准南向规范，按多余项不导入
LST DEVICE_INFO,列出 设备基本信息,SERVING_UNIT1_IPSEC_ADDRESS,SERVING_UNIT1_IPSEC_ADDRESS,SERVING UNIT1 IPSEC Address,Device.DeviceInfo.SERVING_UNIT1_IPSEC_Address,STRING,READ_ONLY,设备信息参数管理,WAN口配置参数管理,更新,其他分组已有/不在设备信息范围，从设备信息组删除,南向WAN/路由/DNS/接口字段映射到标准WAN口配置参数管理
LST DEVICE_INFO,列出 设备基本信息,STATIC_DNS_ENABLE,STATIC_DNS_ENABLE,STATIC DNS ENABLE,Device.DeviceInfo.STATIC_DNS_ENABLE,STRING,READ_WRITE,设备信息参数管理,跳过,跳过,未匹配标准南向分组，按多余项不导入,未匹配标准南向分组，按多余项不导入
LST DEVICE_INFO,列出 设备基本信息,ENABLE_b5ddebfe,ENABLE,Enable,Device.DeviceInfo.SignallingTrace.Enable,BOOLEAN,READ_WRITE,设备信息参数管理,软采参数管理,更新,其他分组已有/不在设备信息范围，从设备信息组删除,SignallingTrace映射到软采/信令采集参数管理
LST DEVICE_INFO,列出 设备基本信息,IP,IP,Ip,Device.DeviceInfo.SignallingTrace.IP,STRING,READ_WRITE,设备信息参数管理,软采参数管理,更新,其他分组已有/不在设备信息范围，从设备信息组删除,SignallingTrace映射到软采/信令采集参数管理
LST DEVICE_INFO,列出 设备基本信息,PERIOD,PERIOD,Period,Device.DeviceInfo.SignallingTrace.Period,INT,READ_WRITE,设备信息参数管理,软采参数管理,更新,其他分组已有/不在设备信息范围，从设备信息组删除,SignallingTrace映射到软采/信令采集参数管理
LST DEVICE_INFO,列出 设备基本信息,PORT,PORT,Port,Device.DeviceInfo.SignallingTrace.Port,STRING,READ_WRITE,设备信息参数管理,软采参数管理,更新,其他分组已有/不在设备信息范围，从设备信息组删除,SignallingTrace映射到软采/信令采集参数管理
LST DEVICE_INFO,列出 设备基本信息,TRACE_ID,TRACE_ID,Trace Id,Device.DeviceInfo.SignallingTrace.TraceID,INT,READ_WRITE,设备信息参数管理,软采参数管理,更新,其他分组已有/不在设备信息范围，从设备信息组删除,SignallingTrace映射到软采/信令采集参数管理
LST DEVICE_INFO,列出 设备基本信息,TRACE_TYPE,TRACE_TYPE,Trace Type,Device.DeviceInfo.SignallingTrace.TraceType,STRING,READ_WRITE,设备信息参数管理,软采参数管理,更新,其他分组已有/不在设备信息范围，从设备信息组删除,SignallingTrace映射到软采/信令采集参数管理
LST DEVICE_INFO,列出 设备基本信息,SLAVE_INTERFACE,SLAVE_INTERFACE,Slave Interface,Device.DeviceInfo.SlaveInterface,STRING,READ_WRITE,设备信息参数管理,跳过,跳过,未匹配标准南向分组，按多余项不导入,未匹配标准南向分组，按多余项不导入
LST DEVICE_INFO,列出 设备基本信息,SLAVE_INTERFACE_IP,SLAVE_INTERFACE_IP,Slave Interface IP,Device.DeviceInfo.SlaveInterfaceIP,STRING,READ_WRITE,设备信息参数管理,跳过,跳过,未匹配标准南向分组，按多余项不导入,未匹配标准南向分组，按多余项不导入
LST DEVICE_INFO,列出 设备基本信息,SOFTWARE_VERSION_OLD,SOFTWARE_VERSION_OLD,Software Version OLD,Device.DeviceInfo.SoftwareVersion_OLD,STRING,READ_ONLY,设备信息参数管理,软件版本参数管理,更新,其他分组已有/不在设备信息范围，从设备信息组删除,南向版本/回退字段映射到软件版本参数管理
LST DEVICE_INFO,列出 设备基本信息,SUPPORTED_POWER_RANGE,SUPPORTED_POWER_RANGE,Supported Power Range,Device.DeviceInfo.SupportedPowerRange,STRING,READ_WRITE,设备信息参数管理,小区服务参数管理（总体）,更新,其他分组已有/不在设备信息范围，从设备信息组删除,天线/射频字段映射到小区服务物理层参数
LST DEVICE_INFO,列出 设备基本信息,UE_COUNT,UE_COUNT,UE Count,Device.DeviceInfo.UE_Count,INT,READ_ONLY,设备信息参数管理,小区服务参数管理（总体）,更新,其他分组已有/不在设备信息范围，从设备信息组删除,UE状态/接入字段映射到小区服务/接入管理
LST DEVICE_INFO,列出 设备基本信息,UE_SPEED_STATISTICS,UE_SPEED_STATISTICS,UE SPEED STATISTICS,Device.DeviceInfo.UE_SPEED_STATISTICS,STRING,READ_ONLY,设备信息参数管理,小区服务参数管理（总体）,更新,其他分组已有/不在设备信息范围，从设备信息组删除,UE状态/接入字段映射到小区服务/接入管理
LST DEVICE_INFO,列出 设备基本信息,U_BOOT_VERSION,U_BOOT_VERSION,U BOOT Version,Device.DeviceInfo.U_BOOT_Version,STRING,READ_ONLY,设备信息参数管理,软件版本参数管理,更新,其他分组已有/不在设备信息范围，从设备信息组删除,南向版本/回退字段映射到软件版本参数管理
LST DEVICE_INFO,列出 设备基本信息,UE_AMBR_DL,UE_AMBR_DL,Ue Ambr Dl,Device.DeviceInfo.UeAmbrDl,STRING,READ_WRITE,设备信息参数管理,小区服务参数管理（总体）,更新,其他分组已有/不在设备信息范围，从设备信息组删除,UE状态/接入字段映射到小区服务/接入管理
LST DEVICE_INFO,列出 设备基本信息,UE_AMBR_UL,UE_AMBR_UL,Ue Ambr Ul,Device.DeviceInfo.UeAmbrUl,STRING,READ_WRITE,设备信息参数管理,小区服务参数管理（总体）,更新,其他分组已有/不在设备信息范围，从设备信息组删除,UE状态/接入字段映射到小区服务/接入管理
LST DEVICE_INFO,列出 设备基本信息,ENABLE_d2159ee3,ENABLE,Enable,Device.DeviceInfo.UeInfoUpload.Enable,BOOLEAN,READ_WRITE,设备信息参数管理,小区服务参数管理（总体）,更新,其他分组已有/不在设备信息范围，从设备信息组删除,UE状态/接入字段映射到小区服务/接入管理
LST DEVICE_INFO,列出 设备基本信息,URL,URL,Url,Device.DeviceInfo.UeInfoUpload.Url,STRING,READ_WRITE,设备信息参数管理,小区服务参数管理（总体）,更新,其他分组已有/不在设备信息范围，从设备信息组删除,UE状态/接入字段映射到小区服务/接入管理
LST DEVICE_INFO,列出 设备基本信息,WAN_CONFIG10_DEFAULTGW,WAN_CONFIG10_DEFAULTGW,WAN CONFIG10 DEFAULTGW,Device.DeviceInfo.WAN_CONFIG10_DEFAULTGW,STRING,READ_WRITE,设备信息参数管理,WAN口配置参数管理,更新,其他分组已有/不在设备信息范围，从设备信息组删除,南向WAN/路由/DNS/接口字段映射到标准WAN口配置参数管理
LST DEVICE_INFO,列出 设备基本信息,WAN_CONFIG10_ENABLE,WAN_CONFIG10_ENABLE,WAN CONFIG10 ENABLE,Device.DeviceInfo.WAN_CONFIG10_ENABLE,STRING,READ_WRITE,设备信息参数管理,WAN口配置参数管理,更新,其他分组已有/不在设备信息范围，从设备信息组删除,南向WAN/路由/DNS/接口字段映射到标准WAN口配置参数管理
LST DEVICE_INFO,列出 设备基本信息,WAN_CONFIG10_IPADDR,WAN_CONFIG10_IPADDR,WAN CONFIG10 IPADDR,Device.DeviceInfo.WAN_CONFIG10_IPADDR,STRING,READ_WRITE,设备信息参数管理,WAN口配置参数管理,更新,其他分组已有/不在设备信息范围，从设备信息组删除,南向WAN/路由/DNS/接口字段映射到标准WAN口配置参数管理
LST DEVICE_INFO,列出 设备基本信息,WAN_CONFIG10_IPMODE,WAN_CONFIG10_IPMODE,WAN CONFIG10 IPMODE,Device.DeviceInfo.WAN_CONFIG10_IPMODE,STRING,READ_WRITE,设备信息参数管理,WAN口配置参数管理,更新,其他分组已有/不在设备信息范围，从设备信息组删除,南向WAN/路由/DNS/接口字段映射到标准WAN口配置参数管理
LST DEVICE_INFO,列出 设备基本信息,WAN_CONFIG10_NETMASK,WAN_CONFIG10_NETMASK,WAN CONFIG10 NETMASK,Device.DeviceInfo.WAN_CONFIG10_NETMASK,STRING,READ_WRITE,设备信息参数管理,WAN口配置参数管理,更新,其他分组已有/不在设备信息范围，从设备信息组删除,南向WAN/路由/DNS/接口字段映射到标准WAN口配置参数管理
LST DEVICE_INFO,列出 设备基本信息,WAN_CONFIG10_OPTION60,WAN_CONFIG10_OPTION60,WAN CONFIG10 OPTION60,Device.DeviceInfo.WAN_CONFIG10_OPTION60,STRING,READ_WRITE,设备信息参数管理,WAN口配置参数管理,更新,其他分组已有/不在设备信息范围，从设备信息组删除,南向WAN/路由/DNS/接口字段映射到标准WAN口配置参数管理
LST DEVICE_INFO,列出 设备基本信息,WAN_CONFIG10_V6_GW,WAN_CONFIG10_V6_GW,WAN CONFIG10 V6 GW,Device.DeviceInfo.WAN_CONFIG10_V6_GW,STRING,READ_WRITE,设备信息参数管理,WAN口配置参数管理,更新,其他分组已有/不在设备信息范围，从设备信息组删除,南向WAN/路由/DNS/接口字段映射到标准WAN口配置参数管理
LST DEVICE_INFO,列出 设备基本信息,WAN_CONFIG10_V6_IPADDR,WAN_CONFIG10_V6_IPADDR,WAN CONFIG10 V6 IPADDR,Device.DeviceInfo.WAN_CONFIG10_V6_IPADDR,STRING,READ_WRITE,设备信息参数管理,WAN口配置参数管理,更新,其他分组已有/不在设备信息范围，从设备信息组删除,南向WAN/路由/DNS/接口字段映射到标准WAN口配置参数管理
LST DEVICE_INFO,列出 设备基本信息,WAN_CONFIG10_V6_PREFIX,WAN_CONFIG10_V6_PREFIX,WAN CONFIG10 V6 PREFIX,Device.DeviceInfo.WAN_CONFIG10_V6_PREFIX,STRING,READ_WRITE,设备信息参数管理,WAN口配置参数管理,更新,其他分组已有/不在设备信息范围，从设备信息组删除,南向WAN/路由/DNS/接口字段映射到标准WAN口配置参数管理
LST DEVICE_INFO,列出 设备基本信息,WAN_CONFIG10_VLAN,WAN_CONFIG10_VLAN,WAN CONFIG10 VLAN,Device.DeviceInfo.WAN_CONFIG10_VLAN,STRING,READ_WRITE,设备信息参数管理,WAN口配置参数管理,更新,其他分组已有/不在设备信息范围，从设备信息组删除,南向WAN/路由/DNS/接口字段映射到标准WAN口配置参数管理
LST DEVICE_INFO,列出 设备基本信息,WAN_CONFIG11_DEFAULTGW,WAN_CONFIG11_DEFAULTGW,WAN CONFIG11 DEFAULTGW,Device.DeviceInfo.WAN_CONFIG11_DEFAULTGW,STRING,READ_WRITE,设备信息参数管理,WAN口配置参数管理,更新,其他分组已有/不在设备信息范围，从设备信息组删除,南向WAN/路由/DNS/接口字段映射到标准WAN口配置参数管理
LST DEVICE_INFO,列出 设备基本信息,WAN_CONFIG11_ENABLE,WAN_CONFIG11_ENABLE,WAN CONFIG11 ENABLE,Device.DeviceInfo.WAN_CONFIG11_ENABLE,STRING,READ_WRITE,设备信息参数管理,WAN口配置参数管理,更新,其他分组已有/不在设备信息范围，从设备信息组删除,南向WAN/路由/DNS/接口字段映射到标准WAN口配置参数管理
LST DEVICE_INFO,列出 设备基本信息,WAN_CONFIG11_IPADDR,WAN_CONFIG11_IPADDR,WAN CONFIG11 IPADDR,Device.DeviceInfo.WAN_CONFIG11_IPADDR,STRING,READ_WRITE,设备信息参数管理,WAN口配置参数管理,更新,其他分组已有/不在设备信息范围，从设备信息组删除,南向WAN/路由/DNS/接口字段映射到标准WAN口配置参数管理
LST DEVICE_INFO,列出 设备基本信息,WAN_CONFIG11_IPMODE,WAN_CONFIG11_IPMODE,WAN CONFIG11 IPMODE,Device.DeviceInfo.WAN_CONFIG11_IPMODE,STRING,READ_WRITE,设备信息参数管理,WAN口配置参数管理,更新,其他分组已有/不在设备信息范围，从设备信息组删除,南向WAN/路由/DNS/接口字段映射到标准WAN口配置参数管理
LST DEVICE_INFO,列出 设备基本信息,WAN_CONFIG11_NETMASK,WAN_CONFIG11_NETMASK,WAN CONFIG11 NETMASK,Device.DeviceInfo.WAN_CONFIG11_NETMASK,STRING,READ_WRITE,设备信息参数管理,WAN口配置参数管理,更新,其他分组已有/不在设备信息范围，从设备信息组删除,南向WAN/路由/DNS/接口字段映射到标准WAN口配置参数管理
LST DEVICE_INFO,列出 设备基本信息,WAN_CONFIG11_OPTION60,WAN_CONFIG11_OPTION60,WAN CONFIG11 OPTION60,Device.DeviceInfo.WAN_CONFIG11_OPTION60,STRING,READ_WRITE,设备信息参数管理,WAN口配置参数管理,更新,其他分组已有/不在设备信息范围，从设备信息组删除,南向WAN/路由/DNS/接口字段映射到标准WAN口配置参数管理
LST DEVICE_INFO,列出 设备基本信息,WAN_CONFIG11_V6_GW,WAN_CONFIG11_V6_GW,WAN CONFIG11 V6 GW,Device.DeviceInfo.WAN_CONFIG11_V6_GW,STRING,READ_WRITE,设备信息参数管理,WAN口配置参数管理,更新,其他分组已有/不在设备信息范围，从设备信息组删除,南向WAN/路由/DNS/接口字段映射到标准WAN口配置参数管理
LST DEVICE_INFO,列出 设备基本信息,WAN_CONFIG11_V6_IPADDR,WAN_CONFIG11_V6_IPADDR,WAN CONFIG11 V6 IPADDR,Device.DeviceInfo.WAN_CONFIG11_V6_IPADDR,STRING,READ_WRITE,设备信息参数管理,WAN口配置参数管理,更新,其他分组已有/不在设备信息范围，从设备信息组删除,南向WAN/路由/DNS/接口字段映射到标准WAN口配置参数管理
LST DEVICE_INFO,列出 设备基本信息,WAN_CONFIG11_V6_PREFIX,WAN_CONFIG11_V6_PREFIX,WAN CONFIG11 V6 PREFIX,Device.DeviceInfo.WAN_CONFIG11_V6_PREFIX,STRING,READ_WRITE,设备信息参数管理,WAN口配置参数管理,更新,其他分组已有/不在设备信息范围，从设备信息组删除,南向WAN/路由/DNS/接口字段映射到标准WAN口配置参数管理
LST DEVICE_INFO,列出 设备基本信息,WAN_CONFIG11_VLAN,WAN_CONFIG11_VLAN,WAN CONFIG11 VLAN,Device.DeviceInfo.WAN_CONFIG11_VLAN,STRING,READ_WRITE,设备信息参数管理,WAN口配置参数管理,更新,其他分组已有/不在设备信息范围，从设备信息组删除,南向WAN/路由/DNS/接口字段映射到标准WAN口配置参数管理
LST DEVICE_INFO,列出 设备基本信息,WAN_CONFIG12_DEFAULTGW,WAN_CONFIG12_DEFAULTGW,WAN CONFIG12 DEFAULTGW,Device.DeviceInfo.WAN_CONFIG12_DEFAULTGW,STRING,READ_WRITE,设备信息参数管理,WAN口配置参数管理,更新,其他分组已有/不在设备信息范围，从设备信息组删除,南向WAN/路由/DNS/接口字段映射到标准WAN口配置参数管理
LST DEVICE_INFO,列出 设备基本信息,WAN_CONFIG12_ENABLE,WAN_CONFIG12_ENABLE,WAN CONFIG12 ENABLE,Device.DeviceInfo.WAN_CONFIG12_ENABLE,STRING,READ_WRITE,设备信息参数管理,WAN口配置参数管理,更新,其他分组已有/不在设备信息范围，从设备信息组删除,南向WAN/路由/DNS/接口字段映射到标准WAN口配置参数管理
LST DEVICE_INFO,列出 设备基本信息,WAN_CONFIG12_IPADDR,WAN_CONFIG12_IPADDR,WAN CONFIG12 IPADDR,Device.DeviceInfo.WAN_CONFIG12_IPADDR,STRING,READ_WRITE,设备信息参数管理,WAN口配置参数管理,更新,其他分组已有/不在设备信息范围，从设备信息组删除,南向WAN/路由/DNS/接口字段映射到标准WAN口配置参数管理
LST DEVICE_INFO,列出 设备基本信息,WAN_CONFIG12_IPMODE,WAN_CONFIG12_IPMODE,WAN CONFIG12 IPMODE,Device.DeviceInfo.WAN_CONFIG12_IPMODE,STRING,READ_WRITE,设备信息参数管理,WAN口配置参数管理,更新,其他分组已有/不在设备信息范围，从设备信息组删除,南向WAN/路由/DNS/接口字段映射到标准WAN口配置参数管理
LST DEVICE_INFO,列出 设备基本信息,WAN_CONFIG12_NETMASK,WAN_CONFIG12_NETMASK,WAN CONFIG12 NETMASK,Device.DeviceInfo.WAN_CONFIG12_NETMASK,STRING,READ_WRITE,设备信息参数管理,WAN口配置参数管理,更新,其他分组已有/不在设备信息范围，从设备信息组删除,南向WAN/路由/DNS/接口字段映射到标准WAN口配置参数管理
LST DEVICE_INFO,列出 设备基本信息,WAN_CONFIG12_OPTION60,WAN_CONFIG12_OPTION60,WAN CONFIG12 OPTION60,Device.DeviceInfo.WAN_CONFIG12_OPTION60,STRING,READ_WRITE,设备信息参数管理,WAN口配置参数管理,更新,其他分组已有/不在设备信息范围，从设备信息组删除,南向WAN/路由/DNS/接口字段映射到标准WAN口配置参数管理
LST DEVICE_INFO,列出 设备基本信息,WAN_CONFIG12_V6_GW,WAN_CONFIG12_V6_GW,WAN CONFIG12 V6 GW,Device.DeviceInfo.WAN_CONFIG12_V6_GW,STRING,READ_WRITE,设备信息参数管理,WAN口配置参数管理,更新,其他分组已有/不在设备信息范围，从设备信息组删除,南向WAN/路由/DNS/接口字段映射到标准WAN口配置参数管理
LST DEVICE_INFO,列出 设备基本信息,WAN_CONFIG12_V6_IPADDR,WAN_CONFIG12_V6_IPADDR,WAN CONFIG12 V6 IPADDR,Device.DeviceInfo.WAN_CONFIG12_V6_IPADDR,STRING,READ_WRITE,设备信息参数管理,WAN口配置参数管理,更新,其他分组已有/不在设备信息范围，从设备信息组删除,南向WAN/路由/DNS/接口字段映射到标准WAN口配置参数管理
LST DEVICE_INFO,列出 设备基本信息,WAN_CONFIG12_V6_PREFIX,WAN_CONFIG12_V6_PREFIX,WAN CONFIG12 V6 PREFIX,Device.DeviceInfo.WAN_CONFIG12_V6_PREFIX,STRING,READ_WRITE,设备信息参数管理,WAN口配置参数管理,更新,其他分组已有/不在设备信息范围，从设备信息组删除,南向WAN/路由/DNS/接口字段映射到标准WAN口配置参数管理
LST DEVICE_INFO,列出 设备基本信息,WAN_CONFIG12_VLAN,WAN_CONFIG12_VLAN,WAN CONFIG12 VLAN,Device.DeviceInfo.WAN_CONFIG12_VLAN,STRING,READ_WRITE,设备信息参数管理,WAN口配置参数管理,更新,其他分组已有/不在设备信息范围，从设备信息组删除,南向WAN/路由/DNS/接口字段映射到标准WAN口配置参数管理
LST DEVICE_INFO,列出 设备基本信息,WAN_CONFIG1_CONNECT_TYPE,WAN_CONFIG1_CONNECT_TYPE,WAN CONFIG1 CONNECT TYPE,Device.DeviceInfo.WAN_CONFIG1_CONNECT_TYPE,STRING,READ_WRITE,设备信息参数管理,WAN口配置参数管理,更新,其他分组已有/不在设备信息范围，从设备信息组删除,南向WAN/路由/DNS/接口字段映射到标准WAN口配置参数管理
LST DEVICE_INFO,列出 设备基本信息,WAN_CONFIG1_DEFAULTGW,WAN_CONFIG1_DEFAULTGW,WAN CONFIG1 DEFAULTGW,Device.DeviceInfo.WAN_CONFIG1_DEFAULTGW,STRING,READ_WRITE,设备信息参数管理,WAN口配置参数管理,更新,其他分组已有/不在设备信息范围，从设备信息组删除,南向WAN/路由/DNS/接口字段映射到标准WAN口配置参数管理
LST DEVICE_INFO,列出 设备基本信息,WAN_CONFIG1_IPADDR,WAN_CONFIG1_IPADDR,WAN CONFIG1 IPADDR,Device.DeviceInfo.WAN_CONFIG1_IPADDR,STRING,READ_WRITE,设备信息参数管理,WAN口配置参数管理,更新,其他分组已有/不在设备信息范围，从设备信息组删除,南向WAN/路由/DNS/接口字段映射到标准WAN口配置参数管理
LST DEVICE_INFO,列出 设备基本信息,WAN_CONFIG1_IPMODE,WAN_CONFIG1_IPMODE,WAN CONFIG1 IPMODE,Device.DeviceInfo.WAN_CONFIG1_IPMODE,STRING,READ_WRITE,设备信息参数管理,WAN口配置参数管理,更新,其他分组已有/不在设备信息范围，从设备信息组删除,南向WAN/路由/DNS/接口字段映射到标准WAN口配置参数管理
LST DEVICE_INFO,列出 设备基本信息,WAN_CONFIG1_NETMASK,WAN_CONFIG1_NETMASK,WAN CONFIG1 NETMASK,Device.DeviceInfo.WAN_CONFIG1_NETMASK,STRING,READ_WRITE,设备信息参数管理,WAN口配置参数管理,更新,其他分组已有/不在设备信息范围，从设备信息组删除,南向WAN/路由/DNS/接口字段映射到标准WAN口配置参数管理
LST DEVICE_INFO,列出 设备基本信息,WAN_CONFIG1_OPTION60,WAN_CONFIG1_OPTION60,WAN CONFIG1 OPTION60,Device.DeviceInfo.WAN_CONFIG1_OPTION60,STRING,READ_WRITE,设备信息参数管理,WAN口配置参数管理,更新,其他分组已有/不在设备信息范围，从设备信息组删除,南向WAN/路由/DNS/接口字段映射到标准WAN口配置参数管理
LST DEVICE_INFO,列出 设备基本信息,WAN_CONFIG1_V6_GW,WAN_CONFIG1_V6_GW,WAN CONFIG1 V6 GW,Device.DeviceInfo.WAN_CONFIG1_V6_GW,STRING,READ_WRITE,设备信息参数管理,WAN口配置参数管理,更新,其他分组已有/不在设备信息范围，从设备信息组删除,南向WAN/路由/DNS/接口字段映射到标准WAN口配置参数管理
LST DEVICE_INFO,列出 设备基本信息,WAN_CONFIG1_V6_IPADDR,WAN_CONFIG1_V6_IPADDR,WAN CONFIG1 V6 IPADDR,Device.DeviceInfo.WAN_CONFIG1_V6_IPADDR,STRING,READ_WRITE,设备信息参数管理,WAN口配置参数管理,更新,其他分组已有/不在设备信息范围，从设备信息组删除,南向WAN/路由/DNS/接口字段映射到标准WAN口配置参数管理
LST DEVICE_INFO,列出 设备基本信息,WAN_CONFIG1_V6_PREFIX,WAN_CONFIG1_V6_PREFIX,WAN CONFIG1 V6 PREFIX,Device.DeviceInfo.WAN_CONFIG1_V6_PREFIX,STRING,READ_WRITE,设备信息参数管理,WAN口配置参数管理,更新,其他分组已有/不在设备信息范围，从设备信息组删除,南向WAN/路由/DNS/接口字段映射到标准WAN口配置参数管理
LST DEVICE_INFO,列出 设备基本信息,WAN_CONFIG1_VLAN,WAN_CONFIG1_VLAN,WAN CONFIG1 VLAN,Device.DeviceInfo.WAN_CONFIG1_VLAN,STRING,READ_WRITE,设备信息参数管理,WAN口配置参数管理,更新,其他分组已有/不在设备信息范围，从设备信息组删除,南向WAN/路由/DNS/接口字段映射到标准WAN口配置参数管理
LST DEVICE_INFO,列出 设备基本信息,WAN_CONFIG2_DEFAULTGW,WAN_CONFIG2_DEFAULTGW,WAN CONFIG2 DEFAULTGW,Device.DeviceInfo.WAN_CONFIG2_DEFAULTGW,STRING,READ_WRITE,设备信息参数管理,WAN口配置参数管理,更新,其他分组已有/不在设备信息范围，从设备信息组删除,南向WAN/路由/DNS/接口字段映射到标准WAN口配置参数管理
LST DEVICE_INFO,列出 设备基本信息,WAN_CONFIG2_ENABLE,WAN_CONFIG2_ENABLE,WAN CONFIG2 ENABLE,Device.DeviceInfo.WAN_CONFIG2_ENABLE,STRING,READ_WRITE,设备信息参数管理,WAN口配置参数管理,更新,其他分组已有/不在设备信息范围，从设备信息组删除,南向WAN/路由/DNS/接口字段映射到标准WAN口配置参数管理
LST DEVICE_INFO,列出 设备基本信息,WAN_CONFIG2_IPADDR,WAN_CONFIG2_IPADDR,WAN CONFIG2 IPADDR,Device.DeviceInfo.WAN_CONFIG2_IPADDR,STRING,READ_WRITE,设备信息参数管理,WAN口配置参数管理,更新,其他分组已有/不在设备信息范围，从设备信息组删除,南向WAN/路由/DNS/接口字段映射到标准WAN口配置参数管理
LST DEVICE_INFO,列出 设备基本信息,WAN_CONFIG2_IPMODE,WAN_CONFIG2_IPMODE,WAN CONFIG2 IPMODE,Device.DeviceInfo.WAN_CONFIG2_IPMODE,STRING,READ_WRITE,设备信息参数管理,WAN口配置参数管理,更新,其他分组已有/不在设备信息范围，从设备信息组删除,南向WAN/路由/DNS/接口字段映射到标准WAN口配置参数管理
LST DEVICE_INFO,列出 设备基本信息,WAN_CONFIG2_NETMASK,WAN_CONFIG2_NETMASK,WAN CONFIG2 NETMASK,Device.DeviceInfo.WAN_CONFIG2_NETMASK,STRING,READ_WRITE,设备信息参数管理,WAN口配置参数管理,更新,其他分组已有/不在设备信息范围，从设备信息组删除,南向WAN/路由/DNS/接口字段映射到标准WAN口配置参数管理
LST DEVICE_INFO,列出 设备基本信息,WAN_CONFIG2_OPTION60,WAN_CONFIG2_OPTION60,WAN CONFIG2 OPTION60,Device.DeviceInfo.WAN_CONFIG2_OPTION60,STRING,READ_WRITE,设备信息参数管理,WAN口配置参数管理,更新,其他分组已有/不在设备信息范围，从设备信息组删除,南向WAN/路由/DNS/接口字段映射到标准WAN口配置参数管理
LST DEVICE_INFO,列出 设备基本信息,WAN_CONFIG2_V6_GW,WAN_CONFIG2_V6_GW,WAN CONFIG2 V6 GW,Device.DeviceInfo.WAN_CONFIG2_V6_GW,STRING,READ_WRITE,设备信息参数管理,WAN口配置参数管理,更新,其他分组已有/不在设备信息范围，从设备信息组删除,南向WAN/路由/DNS/接口字段映射到标准WAN口配置参数管理
LST DEVICE_INFO,列出 设备基本信息,WAN_CONFIG2_V6_IPADDR,WAN_CONFIG2_V6_IPADDR,WAN CONFIG2 V6 IPADDR,Device.DeviceInfo.WAN_CONFIG2_V6_IPADDR,STRING,READ_WRITE,设备信息参数管理,WAN口配置参数管理,更新,其他分组已有/不在设备信息范围，从设备信息组删除,南向WAN/路由/DNS/接口字段映射到标准WAN口配置参数管理
LST DEVICE_INFO,列出 设备基本信息,WAN_CONFIG2_V6_PREFIX,WAN_CONFIG2_V6_PREFIX,WAN CONFIG2 V6 PREFIX,Device.DeviceInfo.WAN_CONFIG2_V6_PREFIX,STRING,READ_WRITE,设备信息参数管理,WAN口配置参数管理,更新,其他分组已有/不在设备信息范围，从设备信息组删除,南向WAN/路由/DNS/接口字段映射到标准WAN口配置参数管理
LST DEVICE_INFO,列出 设备基本信息,WAN_CONFIG2_VLAN,WAN_CONFIG2_VLAN,WAN CONFIG2 VLAN,Device.DeviceInfo.WAN_CONFIG2_VLAN,STRING,READ_WRITE,设备信息参数管理,WAN口配置参数管理,更新,其他分组已有/不在设备信息范围，从设备信息组删除,南向WAN/路由/DNS/接口字段映射到标准WAN口配置参数管理
LST DEVICE_INFO,列出 设备基本信息,WAN_CONFIG3_DEFAULTGW,WAN_CONFIG3_DEFAULTGW,WAN CONFIG3 DEFAULTGW,Device.DeviceInfo.WAN_CONFIG3_DEFAULTGW,STRING,READ_WRITE,设备信息参数管理,WAN口配置参数管理,更新,其他分组已有/不在设备信息范围，从设备信息组删除,南向WAN/路由/DNS/接口字段映射到标准WAN口配置参数管理
LST DEVICE_INFO,列出 设备基本信息,WAN_CONFIG3_ENABLE,WAN_CONFIG3_ENABLE,WAN CONFIG3 ENABLE,Device.DeviceInfo.WAN_CONFIG3_ENABLE,STRING,READ_WRITE,设备信息参数管理,WAN口配置参数管理,更新,其他分组已有/不在设备信息范围，从设备信息组删除,南向WAN/路由/DNS/接口字段映射到标准WAN口配置参数管理
LST DEVICE_INFO,列出 设备基本信息,WAN_CONFIG3_IPADDR,WAN_CONFIG3_IPADDR,WAN CONFIG3 IPADDR,Device.DeviceInfo.WAN_CONFIG3_IPADDR,STRING,READ_WRITE,设备信息参数管理,WAN口配置参数管理,更新,其他分组已有/不在设备信息范围，从设备信息组删除,南向WAN/路由/DNS/接口字段映射到标准WAN口配置参数管理
LST DEVICE_INFO,列出 设备基本信息,WAN_CONFIG3_IPMODE,WAN_CONFIG3_IPMODE,WAN CONFIG3 IPMODE,Device.DeviceInfo.WAN_CONFIG3_IPMODE,STRING,READ_WRITE,设备信息参数管理,WAN口配置参数管理,更新,其他分组已有/不在设备信息范围，从设备信息组删除,南向WAN/路由/DNS/接口字段映射到标准WAN口配置参数管理
LST DEVICE_INFO,列出 设备基本信息,WAN_CONFIG3_NETMASK,WAN_CONFIG3_NETMASK,WAN CONFIG3 NETMASK,Device.DeviceInfo.WAN_CONFIG3_NETMASK,STRING,READ_WRITE,设备信息参数管理,WAN口配置参数管理,更新,其他分组已有/不在设备信息范围，从设备信息组删除,南向WAN/路由/DNS/接口字段映射到标准WAN口配置参数管理
LST DEVICE_INFO,列出 设备基本信息,WAN_CONFIG3_OPTION60,WAN_CONFIG3_OPTION60,WAN CONFIG3 OPTION60,Device.DeviceInfo.WAN_CONFIG3_OPTION60,STRING,READ_WRITE,设备信息参数管理,WAN口配置参数管理,更新,其他分组已有/不在设备信息范围，从设备信息组删除,南向WAN/路由/DNS/接口字段映射到标准WAN口配置参数管理
LST DEVICE_INFO,列出 设备基本信息,WAN_CONFIG3_V6_GW,WAN_CONFIG3_V6_GW,WAN CONFIG3 V6 GW,Device.DeviceInfo.WAN_CONFIG3_V6_GW,STRING,READ_WRITE,设备信息参数管理,WAN口配置参数管理,更新,其他分组已有/不在设备信息范围，从设备信息组删除,南向WAN/路由/DNS/接口字段映射到标准WAN口配置参数管理
LST DEVICE_INFO,列出 设备基本信息,WAN_CONFIG3_V6_IPADDR,WAN_CONFIG3_V6_IPADDR,WAN CONFIG3 V6 IPADDR,Device.DeviceInfo.WAN_CONFIG3_V6_IPADDR,STRING,READ_WRITE,设备信息参数管理,WAN口配置参数管理,更新,其他分组已有/不在设备信息范围，从设备信息组删除,南向WAN/路由/DNS/接口字段映射到标准WAN口配置参数管理
LST DEVICE_INFO,列出 设备基本信息,WAN_CONFIG3_V6_PREFIX,WAN_CONFIG3_V6_PREFIX,WAN CONFIG3 V6 PREFIX,Device.DeviceInfo.WAN_CONFIG3_V6_PREFIX,STRING,READ_WRITE,设备信息参数管理,WAN口配置参数管理,更新,其他分组已有/不在设备信息范围，从设备信息组删除,南向WAN/路由/DNS/接口字段映射到标准WAN口配置参数管理
LST DEVICE_INFO,列出 设备基本信息,WAN_CONFIG3_VLAN,WAN_CONFIG3_VLAN,WAN CONFIG3 VLAN,Device.DeviceInfo.WAN_CONFIG3_VLAN,STRING,READ_WRITE,设备信息参数管理,WAN口配置参数管理,更新,其他分组已有/不在设备信息范围，从设备信息组删除,南向WAN/路由/DNS/接口字段映射到标准WAN口配置参数管理
LST DEVICE_INFO,列出 设备基本信息,WAN_CONFIG4_DEFAULTGW,WAN_CONFIG4_DEFAULTGW,WAN CONFIG4 DEFAULTGW,Device.DeviceInfo.WAN_CONFIG4_DEFAULTGW,STRING,READ_WRITE,设备信息参数管理,WAN口配置参数管理,更新,其他分组已有/不在设备信息范围，从设备信息组删除,南向WAN/路由/DNS/接口字段映射到标准WAN口配置参数管理
LST DEVICE_INFO,列出 设备基本信息,WAN_CONFIG4_ENABLE,WAN_CONFIG4_ENABLE,WAN CONFIG4 ENABLE,Device.DeviceInfo.WAN_CONFIG4_ENABLE,STRING,READ_WRITE,设备信息参数管理,WAN口配置参数管理,更新,其他分组已有/不在设备信息范围，从设备信息组删除,南向WAN/路由/DNS/接口字段映射到标准WAN口配置参数管理
LST DEVICE_INFO,列出 设备基本信息,WAN_CONFIG4_IPADDR,WAN_CONFIG4_IPADDR,WAN CONFIG4 IPADDR,Device.DeviceInfo.WAN_CONFIG4_IPADDR,STRING,READ_WRITE,设备信息参数管理,WAN口配置参数管理,更新,其他分组已有/不在设备信息范围，从设备信息组删除,南向WAN/路由/DNS/接口字段映射到标准WAN口配置参数管理
LST DEVICE_INFO,列出 设备基本信息,WAN_CONFIG4_IPMODE,WAN_CONFIG4_IPMODE,WAN CONFIG4 IPMODE,Device.DeviceInfo.WAN_CONFIG4_IPMODE,STRING,READ_WRITE,设备信息参数管理,WAN口配置参数管理,更新,其他分组已有/不在设备信息范围，从设备信息组删除,南向WAN/路由/DNS/接口字段映射到标准WAN口配置参数管理
LST DEVICE_INFO,列出 设备基本信息,WAN_CONFIG4_NETMASK,WAN_CONFIG4_NETMASK,WAN CONFIG4 NETMASK,Device.DeviceInfo.WAN_CONFIG4_NETMASK,STRING,READ_WRITE,设备信息参数管理,WAN口配置参数管理,更新,其他分组已有/不在设备信息范围，从设备信息组删除,南向WAN/路由/DNS/接口字段映射到标准WAN口配置参数管理
LST DEVICE_INFO,列出 设备基本信息,WAN_CONFIG4_OPTION60,WAN_CONFIG4_OPTION60,WAN CONFIG4 OPTION60,Device.DeviceInfo.WAN_CONFIG4_OPTION60,STRING,READ_WRITE,设备信息参数管理,WAN口配置参数管理,更新,其他分组已有/不在设备信息范围，从设备信息组删除,南向WAN/路由/DNS/接口字段映射到标准WAN口配置参数管理
LST DEVICE_INFO,列出 设备基本信息,WAN_CONFIG4_V6_GW,WAN_CONFIG4_V6_GW,WAN CONFIG4 V6 GW,Device.DeviceInfo.WAN_CONFIG4_V6_GW,STRING,READ_WRITE,设备信息参数管理,WAN口配置参数管理,更新,其他分组已有/不在设备信息范围，从设备信息组删除,南向WAN/路由/DNS/接口字段映射到标准WAN口配置参数管理
LST DEVICE_INFO,列出 设备基本信息,WAN_CONFIG4_V6_IPADDR,WAN_CONFIG4_V6_IPADDR,WAN CONFIG4 V6 IPADDR,Device.DeviceInfo.WAN_CONFIG4_V6_IPADDR,STRING,READ_WRITE,设备信息参数管理,WAN口配置参数管理,更新,其他分组已有/不在设备信息范围，从设备信息组删除,南向WAN/路由/DNS/接口字段映射到标准WAN口配置参数管理
LST DEVICE_INFO,列出 设备基本信息,WAN_CONFIG4_V6_PREFIX,WAN_CONFIG4_V6_PREFIX,WAN CONFIG4 V6 PREFIX,Device.DeviceInfo.WAN_CONFIG4_V6_PREFIX,STRING,READ_WRITE,设备信息参数管理,WAN口配置参数管理,更新,其他分组已有/不在设备信息范围，从设备信息组删除,南向WAN/路由/DNS/接口字段映射到标准WAN口配置参数管理
LST DEVICE_INFO,列出 设备基本信息,WAN_CONFIG4_VLAN,WAN_CONFIG4_VLAN,WAN CONFIG4 VLAN,Device.DeviceInfo.WAN_CONFIG4_VLAN,STRING,READ_WRITE,设备信息参数管理,WAN口配置参数管理,更新,其他分组已有/不在设备信息范围，从设备信息组删除,南向WAN/路由/DNS/接口字段映射到标准WAN口配置参数管理
LST DEVICE_INFO,列出 设备基本信息,WAN_CONFIG5_DEFAULTGW,WAN_CONFIG5_DEFAULTGW,WAN CONFIG5 DEFAULTGW,Device.DeviceInfo.WAN_CONFIG5_DEFAULTGW,STRING,READ_WRITE,设备信息参数管理,WAN口配置参数管理,更新,其他分组已有/不在设备信息范围，从设备信息组删除,南向WAN/路由/DNS/接口字段映射到标准WAN口配置参数管理
LST DEVICE_INFO,列出 设备基本信息,WAN_CONFIG5_ENABLE,WAN_CONFIG5_ENABLE,WAN CONFIG5 ENABLE,Device.DeviceInfo.WAN_CONFIG5_ENABLE,STRING,READ_WRITE,设备信息参数管理,WAN口配置参数管理,更新,其他分组已有/不在设备信息范围，从设备信息组删除,南向WAN/路由/DNS/接口字段映射到标准WAN口配置参数管理
LST DEVICE_INFO,列出 设备基本信息,WAN_CONFIG5_IPADDR,WAN_CONFIG5_IPADDR,WAN CONFIG5 IPADDR,Device.DeviceInfo.WAN_CONFIG5_IPADDR,STRING,READ_WRITE,设备信息参数管理,WAN口配置参数管理,更新,其他分组已有/不在设备信息范围，从设备信息组删除,南向WAN/路由/DNS/接口字段映射到标准WAN口配置参数管理
LST DEVICE_INFO,列出 设备基本信息,WAN_CONFIG5_IPMODE,WAN_CONFIG5_IPMODE,WAN CONFIG5 IPMODE,Device.DeviceInfo.WAN_CONFIG5_IPMODE,STRING,READ_WRITE,设备信息参数管理,WAN口配置参数管理,更新,其他分组已有/不在设备信息范围，从设备信息组删除,南向WAN/路由/DNS/接口字段映射到标准WAN口配置参数管理
LST DEVICE_INFO,列出 设备基本信息,WAN_CONFIG5_NETMASK,WAN_CONFIG5_NETMASK,WAN CONFIG5 NETMASK,Device.DeviceInfo.WAN_CONFIG5_NETMASK,STRING,READ_WRITE,设备信息参数管理,WAN口配置参数管理,更新,其他分组已有/不在设备信息范围，从设备信息组删除,南向WAN/路由/DNS/接口字段映射到标准WAN口配置参数管理
LST DEVICE_INFO,列出 设备基本信息,WAN_CONFIG5_OPTION60,WAN_CONFIG5_OPTION60,WAN CONFIG5 OPTION60,Device.DeviceInfo.WAN_CONFIG5_OPTION60,STRING,READ_WRITE,设备信息参数管理,WAN口配置参数管理,更新,其他分组已有/不在设备信息范围，从设备信息组删除,南向WAN/路由/DNS/接口字段映射到标准WAN口配置参数管理
LST DEVICE_INFO,列出 设备基本信息,WAN_CONFIG5_V6_GW,WAN_CONFIG5_V6_GW,WAN CONFIG5 V6 GW,Device.DeviceInfo.WAN_CONFIG5_V6_GW,STRING,READ_WRITE,设备信息参数管理,WAN口配置参数管理,更新,其他分组已有/不在设备信息范围，从设备信息组删除,南向WAN/路由/DNS/接口字段映射到标准WAN口配置参数管理
LST DEVICE_INFO,列出 设备基本信息,WAN_CONFIG5_V6_IPADDR,WAN_CONFIG5_V6_IPADDR,WAN CONFIG5 V6 IPADDR,Device.DeviceInfo.WAN_CONFIG5_V6_IPADDR,STRING,READ_WRITE,设备信息参数管理,WAN口配置参数管理,更新,其他分组已有/不在设备信息范围，从设备信息组删除,南向WAN/路由/DNS/接口字段映射到标准WAN口配置参数管理
LST DEVICE_INFO,列出 设备基本信息,WAN_CONFIG5_V6_PREFIX,WAN_CONFIG5_V6_PREFIX,WAN CONFIG5 V6 PREFIX,Device.DeviceInfo.WAN_CONFIG5_V6_PREFIX,STRING,READ_WRITE,设备信息参数管理,WAN口配置参数管理,更新,其他分组已有/不在设备信息范围，从设备信息组删除,南向WAN/路由/DNS/接口字段映射到标准WAN口配置参数管理
LST DEVICE_INFO,列出 设备基本信息,WAN_CONFIG5_VLAN,WAN_CONFIG5_VLAN,WAN CONFIG5 VLAN,Device.DeviceInfo.WAN_CONFIG5_VLAN,STRING,READ_WRITE,设备信息参数管理,WAN口配置参数管理,更新,其他分组已有/不在设备信息范围，从设备信息组删除,南向WAN/路由/DNS/接口字段映射到标准WAN口配置参数管理
LST DEVICE_INFO,列出 设备基本信息,WAN_CONFIG6_DEFAULTGW,WAN_CONFIG6_DEFAULTGW,WAN CONFIG6 DEFAULTGW,Device.DeviceInfo.WAN_CONFIG6_DEFAULTGW,STRING,READ_WRITE,设备信息参数管理,WAN口配置参数管理,更新,其他分组已有/不在设备信息范围，从设备信息组删除,南向WAN/路由/DNS/接口字段映射到标准WAN口配置参数管理
LST DEVICE_INFO,列出 设备基本信息,WAN_CONFIG6_ENABLE,WAN_CONFIG6_ENABLE,WAN CONFIG6 ENABLE,Device.DeviceInfo.WAN_CONFIG6_ENABLE,STRING,READ_WRITE,设备信息参数管理,WAN口配置参数管理,更新,其他分组已有/不在设备信息范围，从设备信息组删除,南向WAN/路由/DNS/接口字段映射到标准WAN口配置参数管理
LST DEVICE_INFO,列出 设备基本信息,WAN_CONFIG6_IPADDR,WAN_CONFIG6_IPADDR,WAN CONFIG6 IPADDR,Device.DeviceInfo.WAN_CONFIG6_IPADDR,STRING,READ_WRITE,设备信息参数管理,WAN口配置参数管理,更新,其他分组已有/不在设备信息范围，从设备信息组删除,南向WAN/路由/DNS/接口字段映射到标准WAN口配置参数管理
LST DEVICE_INFO,列出 设备基本信息,WAN_CONFIG6_IPMODE,WAN_CONFIG6_IPMODE,WAN CONFIG6 IPMODE,Device.DeviceInfo.WAN_CONFIG6_IPMODE,STRING,READ_WRITE,设备信息参数管理,WAN口配置参数管理,更新,其他分组已有/不在设备信息范围，从设备信息组删除,南向WAN/路由/DNS/接口字段映射到标准WAN口配置参数管理
LST DEVICE_INFO,列出 设备基本信息,WAN_CONFIG6_NETMASK,WAN_CONFIG6_NETMASK,WAN CONFIG6 NETMASK,Device.DeviceInfo.WAN_CONFIG6_NETMASK,STRING,READ_WRITE,设备信息参数管理,WAN口配置参数管理,更新,其他分组已有/不在设备信息范围，从设备信息组删除,南向WAN/路由/DNS/接口字段映射到标准WAN口配置参数管理
LST DEVICE_INFO,列出 设备基本信息,WAN_CONFIG6_OPTION60,WAN_CONFIG6_OPTION60,WAN CONFIG6 OPTION60,Device.DeviceInfo.WAN_CONFIG6_OPTION60,STRING,READ_WRITE,设备信息参数管理,WAN口配置参数管理,更新,其他分组已有/不在设备信息范围，从设备信息组删除,南向WAN/路由/DNS/接口字段映射到标准WAN口配置参数管理
LST DEVICE_INFO,列出 设备基本信息,WAN_CONFIG6_V6_GW,WAN_CONFIG6_V6_GW,WAN CONFIG6 V6 GW,Device.DeviceInfo.WAN_CONFIG6_V6_GW,STRING,READ_WRITE,设备信息参数管理,WAN口配置参数管理,更新,其他分组已有/不在设备信息范围，从设备信息组删除,南向WAN/路由/DNS/接口字段映射到标准WAN口配置参数管理
LST DEVICE_INFO,列出 设备基本信息,WAN_CONFIG6_V6_IPADDR,WAN_CONFIG6_V6_IPADDR,WAN CONFIG6 V6 IPADDR,Device.DeviceInfo.WAN_CONFIG6_V6_IPADDR,STRING,READ_WRITE,设备信息参数管理,WAN口配置参数管理,更新,其他分组已有/不在设备信息范围，从设备信息组删除,南向WAN/路由/DNS/接口字段映射到标准WAN口配置参数管理
LST DEVICE_INFO,列出 设备基本信息,WAN_CONFIG6_V6_PREFIX,WAN_CONFIG6_V6_PREFIX,WAN CONFIG6 V6 PREFIX,Device.DeviceInfo.WAN_CONFIG6_V6_PREFIX,STRING,READ_WRITE,设备信息参数管理,WAN口配置参数管理,更新,其他分组已有/不在设备信息范围，从设备信息组删除,南向WAN/路由/DNS/接口字段映射到标准WAN口配置参数管理
LST DEVICE_INFO,列出 设备基本信息,WAN_CONFIG6_VLAN,WAN_CONFIG6_VLAN,WAN CONFIG6 VLAN,Device.DeviceInfo.WAN_CONFIG6_VLAN,STRING,READ_WRITE,设备信息参数管理,WAN口配置参数管理,更新,其他分组已有/不在设备信息范围，从设备信息组删除,南向WAN/路由/DNS/接口字段映射到标准WAN口配置参数管理
LST DEVICE_INFO,列出 设备基本信息,WAN_CONFIG7_DEFAULTGW,WAN_CONFIG7_DEFAULTGW,WAN CONFIG7 DEFAULTGW,Device.DeviceInfo.WAN_CONFIG7_DEFAULTGW,STRING,READ_WRITE,设备信息参数管理,WAN口配置参数管理,更新,其他分组已有/不在设备信息范围，从设备信息组删除,南向WAN/路由/DNS/接口字段映射到标准WAN口配置参数管理
LST DEVICE_INFO,列出 设备基本信息,WAN_CONFIG7_ENABLE,WAN_CONFIG7_ENABLE,WAN CONFIG7 ENABLE,Device.DeviceInfo.WAN_CONFIG7_ENABLE,STRING,READ_WRITE,设备信息参数管理,WAN口配置参数管理,更新,其他分组已有/不在设备信息范围，从设备信息组删除,南向WAN/路由/DNS/接口字段映射到标准WAN口配置参数管理
LST DEVICE_INFO,列出 设备基本信息,WAN_CONFIG7_IPADDR,WAN_CONFIG7_IPADDR,WAN CONFIG7 IPADDR,Device.DeviceInfo.WAN_CONFIG7_IPADDR,STRING,READ_WRITE,设备信息参数管理,WAN口配置参数管理,更新,其他分组已有/不在设备信息范围，从设备信息组删除,南向WAN/路由/DNS/接口字段映射到标准WAN口配置参数管理
LST DEVICE_INFO,列出 设备基本信息,WAN_CONFIG7_IPMODE,WAN_CONFIG7_IPMODE,WAN CONFIG7 IPMODE,Device.DeviceInfo.WAN_CONFIG7_IPMODE,STRING,READ_WRITE,设备信息参数管理,WAN口配置参数管理,更新,其他分组已有/不在设备信息范围，从设备信息组删除,南向WAN/路由/DNS/接口字段映射到标准WAN口配置参数管理
LST DEVICE_INFO,列出 设备基本信息,WAN_CONFIG7_NETMASK,WAN_CONFIG7_NETMASK,WAN CONFIG7 NETMASK,Device.DeviceInfo.WAN_CONFIG7_NETMASK,STRING,READ_WRITE,设备信息参数管理,WAN口配置参数管理,更新,其他分组已有/不在设备信息范围，从设备信息组删除,南向WAN/路由/DNS/接口字段映射到标准WAN口配置参数管理
LST DEVICE_INFO,列出 设备基本信息,WAN_CONFIG7_OPTION60,WAN_CONFIG7_OPTION60,WAN CONFIG7 OPTION60,Device.DeviceInfo.WAN_CONFIG7_OPTION60,STRING,READ_WRITE,设备信息参数管理,WAN口配置参数管理,更新,其他分组已有/不在设备信息范围，从设备信息组删除,南向WAN/路由/DNS/接口字段映射到标准WAN口配置参数管理
LST DEVICE_INFO,列出 设备基本信息,WAN_CONFIG7_V6_GW,WAN_CONFIG7_V6_GW,WAN CONFIG7 V6 GW,Device.DeviceInfo.WAN_CONFIG7_V6_GW,STRING,READ_WRITE,设备信息参数管理,WAN口配置参数管理,更新,其他分组已有/不在设备信息范围，从设备信息组删除,南向WAN/路由/DNS/接口字段映射到标准WAN口配置参数管理
LST DEVICE_INFO,列出 设备基本信息,WAN_CONFIG7_V6_IPADDR,WAN_CONFIG7_V6_IPADDR,WAN CONFIG7 V6 IPADDR,Device.DeviceInfo.WAN_CONFIG7_V6_IPADDR,STRING,READ_WRITE,设备信息参数管理,WAN口配置参数管理,更新,其他分组已有/不在设备信息范围，从设备信息组删除,南向WAN/路由/DNS/接口字段映射到标准WAN口配置参数管理
LST DEVICE_INFO,列出 设备基本信息,WAN_CONFIG7_V6_PREFIX,WAN_CONFIG7_V6_PREFIX,WAN CONFIG7 V6 PREFIX,Device.DeviceInfo.WAN_CONFIG7_V6_PREFIX,STRING,READ_WRITE,设备信息参数管理,WAN口配置参数管理,更新,其他分组已有/不在设备信息范围，从设备信息组删除,南向WAN/路由/DNS/接口字段映射到标准WAN口配置参数管理
LST DEVICE_INFO,列出 设备基本信息,WAN_CONFIG7_VLAN,WAN_CONFIG7_VLAN,WAN CONFIG7 VLAN,Device.DeviceInfo.WAN_CONFIG7_VLAN,STRING,READ_WRITE,设备信息参数管理,WAN口配置参数管理,更新,其他分组已有/不在设备信息范围，从设备信息组删除,南向WAN/路由/DNS/接口字段映射到标准WAN口配置参数管理
LST DEVICE_INFO,列出 设备基本信息,WAN_CONFIG8_DEFAULTGW,WAN_CONFIG8_DEFAULTGW,WAN CONFIG8 DEFAULTGW,Device.DeviceInfo.WAN_CONFIG8_DEFAULTGW,STRING,READ_WRITE,设备信息参数管理,WAN口配置参数管理,更新,其他分组已有/不在设备信息范围，从设备信息组删除,南向WAN/路由/DNS/接口字段映射到标准WAN口配置参数管理
LST DEVICE_INFO,列出 设备基本信息,WAN_CONFIG8_ENABLE,WAN_CONFIG8_ENABLE,WAN CONFIG8 ENABLE,Device.DeviceInfo.WAN_CONFIG8_ENABLE,STRING,READ_WRITE,设备信息参数管理,WAN口配置参数管理,更新,其他分组已有/不在设备信息范围，从设备信息组删除,南向WAN/路由/DNS/接口字段映射到标准WAN口配置参数管理
LST DEVICE_INFO,列出 设备基本信息,WAN_CONFIG8_IPADDR,WAN_CONFIG8_IPADDR,WAN CONFIG8 IPADDR,Device.DeviceInfo.WAN_CONFIG8_IPADDR,STRING,READ_WRITE,设备信息参数管理,WAN口配置参数管理,更新,其他分组已有/不在设备信息范围，从设备信息组删除,南向WAN/路由/DNS/接口字段映射到标准WAN口配置参数管理
LST DEVICE_INFO,列出 设备基本信息,WAN_CONFIG8_IPMODE,WAN_CONFIG8_IPMODE,WAN CONFIG8 IPMODE,Device.DeviceInfo.WAN_CONFIG8_IPMODE,STRING,READ_WRITE,设备信息参数管理,WAN口配置参数管理,更新,其他分组已有/不在设备信息范围，从设备信息组删除,南向WAN/路由/DNS/接口字段映射到标准WAN口配置参数管理
LST DEVICE_INFO,列出 设备基本信息,WAN_CONFIG8_NETMASK,WAN_CONFIG8_NETMASK,WAN CONFIG8 NETMASK,Device.DeviceInfo.WAN_CONFIG8_NETMASK,STRING,READ_WRITE,设备信息参数管理,WAN口配置参数管理,更新,其他分组已有/不在设备信息范围，从设备信息组删除,南向WAN/路由/DNS/接口字段映射到标准WAN口配置参数管理
LST DEVICE_INFO,列出 设备基本信息,WAN_CONFIG8_OPTION60,WAN_CONFIG8_OPTION60,WAN CONFIG8 OPTION60,Device.DeviceInfo.WAN_CONFIG8_OPTION60,STRING,READ_WRITE,设备信息参数管理,WAN口配置参数管理,更新,其他分组已有/不在设备信息范围，从设备信息组删除,南向WAN/路由/DNS/接口字段映射到标准WAN口配置参数管理
LST DEVICE_INFO,列出 设备基本信息,WAN_CONFIG8_V6_GW,WAN_CONFIG8_V6_GW,WAN CONFIG8 V6 GW,Device.DeviceInfo.WAN_CONFIG8_V6_GW,STRING,READ_WRITE,设备信息参数管理,WAN口配置参数管理,更新,其他分组已有/不在设备信息范围，从设备信息组删除,南向WAN/路由/DNS/接口字段映射到标准WAN口配置参数管理
LST DEVICE_INFO,列出 设备基本信息,WAN_CONFIG8_V6_IPADDR,WAN_CONFIG8_V6_IPADDR,WAN CONFIG8 V6 IPADDR,Device.DeviceInfo.WAN_CONFIG8_V6_IPADDR,STRING,READ_WRITE,设备信息参数管理,WAN口配置参数管理,更新,其他分组已有/不在设备信息范围，从设备信息组删除,南向WAN/路由/DNS/接口字段映射到标准WAN口配置参数管理
LST DEVICE_INFO,列出 设备基本信息,WAN_CONFIG8_V6_PREFIX,WAN_CONFIG8_V6_PREFIX,WAN CONFIG8 V6 PREFIX,Device.DeviceInfo.WAN_CONFIG8_V6_PREFIX,STRING,READ_WRITE,设备信息参数管理,WAN口配置参数管理,更新,其他分组已有/不在设备信息范围，从设备信息组删除,南向WAN/路由/DNS/接口字段映射到标准WAN口配置参数管理
LST DEVICE_INFO,列出 设备基本信息,WAN_CONFIG8_VLAN,WAN_CONFIG8_VLAN,WAN CONFIG8 VLAN,Device.DeviceInfo.WAN_CONFIG8_VLAN,STRING,READ_WRITE,设备信息参数管理,WAN口配置参数管理,更新,其他分组已有/不在设备信息范围，从设备信息组删除,南向WAN/路由/DNS/接口字段映射到标准WAN口配置参数管理
LST DEVICE_INFO,列出 设备基本信息,WAN_CONFIG9_DEFAULTGW,WAN_CONFIG9_DEFAULTGW,WAN CONFIG9 DEFAULTGW,Device.DeviceInfo.WAN_CONFIG9_DEFAULTGW,STRING,READ_WRITE,设备信息参数管理,WAN口配置参数管理,更新,其他分组已有/不在设备信息范围，从设备信息组删除,南向WAN/路由/DNS/接口字段映射到标准WAN口配置参数管理
LST DEVICE_INFO,列出 设备基本信息,WAN_CONFIG9_ENABLE,WAN_CONFIG9_ENABLE,WAN CONFIG9 ENABLE,Device.DeviceInfo.WAN_CONFIG9_ENABLE,STRING,READ_WRITE,设备信息参数管理,WAN口配置参数管理,更新,其他分组已有/不在设备信息范围，从设备信息组删除,南向WAN/路由/DNS/接口字段映射到标准WAN口配置参数管理
LST DEVICE_INFO,列出 设备基本信息,WAN_CONFIG9_IPADDR,WAN_CONFIG9_IPADDR,WAN CONFIG9 IPADDR,Device.DeviceInfo.WAN_CONFIG9_IPADDR,STRING,READ_WRITE,设备信息参数管理,WAN口配置参数管理,更新,其他分组已有/不在设备信息范围，从设备信息组删除,南向WAN/路由/DNS/接口字段映射到标准WAN口配置参数管理
LST DEVICE_INFO,列出 设备基本信息,WAN_CONFIG9_IPMODE,WAN_CONFIG9_IPMODE,WAN CONFIG9 IPMODE,Device.DeviceInfo.WAN_CONFIG9_IPMODE,STRING,READ_WRITE,设备信息参数管理,WAN口配置参数管理,更新,其他分组已有/不在设备信息范围，从设备信息组删除,南向WAN/路由/DNS/接口字段映射到标准WAN口配置参数管理
LST DEVICE_INFO,列出 设备基本信息,WAN_CONFIG9_NETMASK,WAN_CONFIG9_NETMASK,WAN CONFIG9 NETMASK,Device.DeviceInfo.WAN_CONFIG9_NETMASK,STRING,READ_WRITE,设备信息参数管理,WAN口配置参数管理,更新,其他分组已有/不在设备信息范围，从设备信息组删除,南向WAN/路由/DNS/接口字段映射到标准WAN口配置参数管理
LST DEVICE_INFO,列出 设备基本信息,WAN_CONFIG9_OPTION60,WAN_CONFIG9_OPTION60,WAN CONFIG9 OPTION60,Device.DeviceInfo.WAN_CONFIG9_OPTION60,STRING,READ_WRITE,设备信息参数管理,WAN口配置参数管理,更新,其他分组已有/不在设备信息范围，从设备信息组删除,南向WAN/路由/DNS/接口字段映射到标准WAN口配置参数管理
LST DEVICE_INFO,列出 设备基本信息,WAN_CONFIG9_V6_GW,WAN_CONFIG9_V6_GW,WAN CONFIG9 V6 GW,Device.DeviceInfo.WAN_CONFIG9_V6_GW,STRING,READ_WRITE,设备信息参数管理,WAN口配置参数管理,更新,其他分组已有/不在设备信息范围，从设备信息组删除,南向WAN/路由/DNS/接口字段映射到标准WAN口配置参数管理
LST DEVICE_INFO,列出 设备基本信息,WAN_CONFIG9_V6_IPADDR,WAN_CONFIG9_V6_IPADDR,WAN CONFIG9 V6 IPADDR,Device.DeviceInfo.WAN_CONFIG9_V6_IPADDR,STRING,READ_WRITE,设备信息参数管理,WAN口配置参数管理,更新,其他分组已有/不在设备信息范围，从设备信息组删除,南向WAN/路由/DNS/接口字段映射到标准WAN口配置参数管理
LST DEVICE_INFO,列出 设备基本信息,WAN_CONFIG9_V6_PREFIX,WAN_CONFIG9_V6_PREFIX,WAN CONFIG9 V6 PREFIX,Device.DeviceInfo.WAN_CONFIG9_V6_PREFIX,STRING,READ_WRITE,设备信息参数管理,WAN口配置参数管理,更新,其他分组已有/不在设备信息范围，从设备信息组删除,南向WAN/路由/DNS/接口字段映射到标准WAN口配置参数管理
LST DEVICE_INFO,列出 设备基本信息,WAN_CONFIG9_VLAN,WAN_CONFIG9_VLAN,WAN CONFIG9 VLAN,Device.DeviceInfo.WAN_CONFIG9_VLAN,STRING,READ_WRITE,设备信息参数管理,WAN口配置参数管理,更新,其他分组已有/不在设备信息范围，从设备信息组删除,南向WAN/路由/DNS/接口字段映射到标准WAN口配置参数管理
LST DEVICE_INFO,列出 设备基本信息,WAN_LINK_SPEED,WAN_LINK_SPEED,Wan Link Speed,Device.DeviceInfo.WanLinkSpeed,STRING,READ_WRITE,设备信息参数管理,WAN口配置参数管理,更新,其他分组已有/不在设备信息范围，从设备信息组删除,南向WAN/路由/DNS/接口字段映射到标准WAN口配置参数管理
LST DEVICE_INFO,列出 设备基本信息,X_COM_AP_LTETURBO_ENABLE,X_COM_AP_LTETURBO_ENABLE,X COM Ap Lteturbo Enable,Device.DeviceInfo.X_COM_ApLteturboEnable,STRING,READ_ONLY,设备信息参数管理,跳过,跳过,未匹配标准南向分组，按多余项不导入,未匹配标准南向分组，按多余项不导入
LST DEVICE_INFO,列出 设备基本信息,X_COM_LTE_LBO_FIRST_STATIC_IP_ADDRESS,X_COM_LTE_LBO_FIRST_STATIC_IP_ADDRESS,X COM LTE LBO First Static Ip Address,Device.DeviceInfo.X_COM_LTE_LBO_First_Static_Ip_Address,STRING,READ_WRITE,设备信息参数管理,跳过,跳过,未匹配标准南向分组，按多余项不导入,未匹配标准南向分组，按多余项不导入
LST DEVICE_INFO,列出 设备基本信息,X_COM_LTE_LBO_IMSI_IP_LIST,X_COM_LTE_LBO_IMSI_IP_LIST,X COM LTE LBO IMSI IP List,Device.DeviceInfo.X_COM_LTE_LBO_IMSI_IP_List,STRING,READ_WRITE,设备信息参数管理,跳过,跳过,未匹配标准南向分组，按多余项不导入,未匹配标准南向分组，按多余项不导入
LST DEVICE_INFO,列出 设备基本信息,X_COM_LTE_LBO_IFNAME,X_COM_LTE_LBO_IFNAME,X COM LTE LBO Ifname,Device.DeviceInfo.X_COM_LTE_LBO_Ifname,STRING,READ_WRITE,设备信息参数管理,跳过,跳过,未匹配标准南向分组，按多余项不导入,未匹配标准南向分组，按多余项不导入
LST DEVICE_INFO,列出 设备基本信息,X_COM_LTE_LBO_LAST_STATIC_IP_ADDRESS,X_COM_LTE_LBO_LAST_STATIC_IP_ADDRESS,X COM LTE LBO Last Static Ip Address,Device.DeviceInfo.X_COM_LTE_LBO_Last_Static_Ip_Address,STRING,READ_WRITE,设备信息参数管理,跳过,跳过,未匹配标准南向分组，按多余项不导入,未匹配标准南向分组，按多余项不导入
LST DEVICE_INFO,列出 设备基本信息,X_COM_LTE_LBO_NET_MASK,X_COM_LTE_LBO_NET_MASK,X COM LTE LBO NET Mask,Device.DeviceInfo.X_COM_LTE_LBO_NET_Mask,STRING,READ_WRITE,设备信息参数管理,跳过,跳过,未匹配标准南向分组，按多余项不导入,未匹配标准南向分组，按多余项不导入
LST DEVICE_INFO,列出 设备基本信息,X_COM_LTE_LBO_START_UE_ADDR,X_COM_LTE_LBO_START_UE_ADDR,X COM LTE LBO START UE Addr,Device.DeviceInfo.X_COM_LTE_LBO_START_UE_Addr,STRING,READ_WRITE,设备信息参数管理,小区服务参数管理（总体）,更新,其他分组已有/不在设备信息范围，从设备信息组删除,UE状态/接入字段映射到小区服务/接入管理
LST DEVICE_INFO,列出 设备基本信息,X_COM_LTE_LBO_STATIC_IP_ADDR_SWITCH,X_COM_LTE_LBO_STATIC_IP_ADDR_SWITCH,X COM LTE LBO Static Ip Addr Switch,Device.DeviceInfo.X_COM_LTE_LBO_Static_Ip_Addr_Switch,STRING,READ_WRITE,设备信息参数管理,跳过,跳过,未匹配标准南向分组，按多余项不导入,未匹配标准南向分组，按多余项不导入
LST DEVICE_INFO,列出 设备基本信息,X_COM_LTE_LBO_SWITCH,X_COM_LTE_LBO_SWITCH,X COM LTE LBO Switch,Device.DeviceInfo.X_COM_LTE_LBO_Switch,STRING,READ_WRITE,设备信息参数管理,跳过,跳过,未匹配标准南向分组，按多余项不导入,未匹配标准南向分组，按多余项不导入
LST DEVICE_INFO,列出 设备基本信息,X_COM_LTE_LGW_FIRST_STATIC_IP_ADDRESS,X_COM_LTE_LGW_FIRST_STATIC_IP_ADDRESS,X COM LTE LGW First Static Ip Address,Device.DeviceInfo.X_COM_LTE_LGW_First_Static_Ip_Address,STRING,READ_WRITE,设备信息参数管理,跳过,跳过,未匹配标准南向分组，按多余项不导入,未匹配标准南向分组，按多余项不导入
LST DEVICE_INFO,列出 设备基本信息,X_COM_LTE_LGW_IMSI_IP_LIST,X_COM_LTE_LGW_IMSI_IP_LIST,X COM LTE LGW IMSI IP List,Device.DeviceInfo.X_COM_LTE_LGW_IMSI_IP_List,STRING,READ_WRITE,设备信息参数管理,跳过,跳过,未匹配标准南向分组，按多余项不导入,未匹配标准南向分组，按多余项不导入
LST DEVICE_INFO,列出 设备基本信息,X_COM_LTE_LGW_IFNAME,X_COM_LTE_LGW_IFNAME,X COM LTE LGW Ifname,Device.DeviceInfo.X_COM_LTE_LGW_Ifname,STRING,READ_WRITE,设备信息参数管理,跳过,跳过,未匹配标准南向分组，按多余项不导入,未匹配标准南向分组，按多余项不导入
LST DEVICE_INFO,列出 设备基本信息,X_COM_LTE_LGW_LAST_STATIC_IP_ADDRESS,X_COM_LTE_LGW_LAST_STATIC_IP_ADDRESS,X COM LTE LGW Last Static Ip Address,Device.DeviceInfo.X_COM_LTE_LGW_Last_Static_Ip_Address,STRING,READ_WRITE,设备信息参数管理,跳过,跳过,未匹配标准南向分组，按多余项不导入,未匹配标准南向分组，按多余项不导入
LST DEVICE_INFO,列出 设备基本信息,X_COM_LTE_LGW_NET_MASK,X_COM_LTE_LGW_NET_MASK,X COM LTE LGW NET Mask,Device.DeviceInfo.X_COM_LTE_LGW_NET_Mask,STRING,READ_WRITE,设备信息参数管理,跳过,跳过,未匹配标准南向分组，按多余项不导入,未匹配标准南向分组，按多余项不导入
LST DEVICE_INFO,列出 设备基本信息,X_COM_LTE_LGW_START_UE_ADDR,X_COM_LTE_LGW_START_UE_ADDR,X COM LTE LGW START UE Addr,Device.DeviceInfo.X_COM_LTE_LGW_START_UE_Addr,STRING,READ_WRITE,设备信息参数管理,小区服务参数管理（总体）,更新,其他分组已有/不在设备信息范围，从设备信息组删除,UE状态/接入字段映射到小区服务/接入管理
LST DEVICE_INFO,列出 设备基本信息,X_COM_LTE_LGW_STATIC_IP_ADDR_SWITCH,X_COM_LTE_LGW_STATIC_IP_ADDR_SWITCH,X COM LTE LGW Static Ip Addr Switch,Device.DeviceInfo.X_COM_LTE_LGW_Static_Ip_Addr_Switch,STRING,READ_WRITE,设备信息参数管理,跳过,跳过,未匹配标准南向分组，按多余项不导入,未匹配标准南向分组，按多余项不导入
LST DEVICE_INFO,列出 设备基本信息,X_COM_LTE_LGW_SWITCH,X_COM_LTE_LGW_SWITCH,X COM LTE LGW Switch,Device.DeviceInfo.X_COM_LTE_LGW_Switch,BOOLEAN,READ_WRITE,设备信息参数管理,跳过,跳过,未匹配标准南向分组，按多余项不导入,未匹配标准南向分组，按多余项不导入
LST DEVICE_INFO,列出 设备基本信息,X_COM_LTE_WAN_CHECK_ENABLE,X_COM_LTE_WAN_CHECK_ENABLE,X COM LTE WAN CHECK ENABLE,Device.DeviceInfo.X_COM_LTE_WAN_CHECK_ENABLE,STRING,READ_WRITE,设备信息参数管理,跳过,跳过,未匹配标准南向分组，按多余项不导入,未匹配标准南向分组，按多余项不导入
LST DEVICE_INFO,列出 设备基本信息,X_COM_LTE_WAN_CHECK_TIMER_LEN,X_COM_LTE_WAN_CHECK_TIMER_LEN,X COM LTE WAN CHECK TIMER LEN,Device.DeviceInfo.X_COM_LTE_WAN_CHECK_TIMER_LEN,STRING,READ_WRITE,设备信息参数管理,跳过,跳过,未匹配标准南向分组，按多余项不导入,未匹配标准南向分组，按多余项不导入
LST DEVICE_INFO,列出 设备基本信息,X_COM_LMT_ENABLE,X_COM_LMT_ENABLE,X COM Lmt Enable,Device.DeviceInfo.X_COM_LmtEnable,STRING,READ_WRITE,设备信息参数管理,跳过,跳过,未匹配标准南向分组，按多余项不导入,未匹配标准南向分组，按多余项不导入
LST DEVICE_INFO,列出 设备基本信息,X_COM_MME_STATUS,X_COM_MME_STATUS,X COM MME Status,Device.DeviceInfo.X_COM_MME_Status,STRING,READ_ONLY,设备信息参数管理,RAN协议栈参数,更新,其他分组已有/不在设备信息范围，从设备信息组删除,MME链路状态映射到RAN协议栈参数
LST DEVICE_INFO,列出 设备基本信息,X_COM_OMC_ETH_CONFIG_MTU,X_COM_OMC_ETH_CONFIG_MTU,X COM OMC ETH CONFIG MTU,Device.DeviceInfo.X_COM_OMC_ETH_CONFIG_MTU,INT,READ_WRITE,设备信息参数管理,WAN口配置参数管理,更新,其他分组已有/不在设备信息范围，从设备信息组删除,南向WAN/路由/DNS/接口字段映射到标准WAN口配置参数管理
LST DEVICE_INFO,列出 设备基本信息,X_COM_PTP1588DOMAIN_NUM,X_COM_PTP1588DOMAIN_NUM,X COM PTP1588Domain Num,Device.DeviceInfo.X_COM_PTP1588DomainNum,STRING,READ_WRITE,设备信息参数管理,时间服务器参数管理,更新,其他分组已有/不在设备信息范围，从设备信息组删除,南向1588/PTP同步字段映射到时间服务器参数管理
LST DEVICE_INFO,列出 设备基本信息,X_COM_PTP1588INTERFACE,X_COM_PTP1588INTERFACE,X COM PTP1588Interface,Device.DeviceInfo.X_COM_PTP1588Interface,STRING,READ_WRITE,设备信息参数管理,时间服务器参数管理,更新,其他分组已有/不在设备信息范围，从设备信息组删除,南向1588/PTP同步字段映射到时间服务器参数管理
LST DEVICE_INFO,列出 设备基本信息,X_COM_PTP1588PROFILE,X_COM_PTP1588PROFILE,X COM PTP1588Profile,Device.DeviceInfo.X_COM_PTP1588Profile,STRING,READ_WRITE,设备信息参数管理,时间服务器参数管理,更新,其他分组已有/不在设备信息范围，从设备信息组删除,南向1588/PTP同步字段映射到时间服务器参数管理
LST DEVICE_INFO,列出 设备基本信息,X_COM_PTP1588TRANS_PORT,X_COM_PTP1588TRANS_PORT,X COM PTP1588TRANS PORT,Device.DeviceInfo.X_COM_PTP1588TRANS_PORT,STRING,READ_WRITE,设备信息参数管理,时间服务器参数管理,更新,其他分组已有/不在设备信息范围，从设备信息组删除,南向1588/PTP同步字段映射到时间服务器参数管理
LST DEVICE_INFO,列出 设备基本信息,X_COM_PTP1588TRIGGER,X_COM_PTP1588TRIGGER,X COM PTP1588Trigger,Device.DeviceInfo.X_COM_PTP1588Trigger,STRING,READ_WRITE,设备信息参数管理,时间服务器参数管理,更新,其他分组已有/不在设备信息范围，从设备信息组删除,南向1588/PTP同步字段映射到时间服务器参数管理
LST DEVICE_INFO,列出 设备基本信息,X_COM_PTP1588UNICAST_ADDR,X_COM_PTP1588UNICAST_ADDR,X COM PTP1588Unicast Addr,Device.DeviceInfo.X_COM_PTP1588UnicastAddr,STRING,READ_WRITE,设备信息参数管理,时间服务器参数管理,更新,其他分组已有/不在设备信息范围，从设备信息组删除,南向1588/PTP同步字段映射到时间服务器参数管理
LST DEVICE_INFO,列出 设备基本信息,X_COM_PTP1588SYNCS_MODE,X_COM_PTP1588SYNCS_MODE,X COM PTP1588syncs Mode,Device.DeviceInfo.X_COM_PTP1588syncsMode,STRING,READ_WRITE,设备信息参数管理,时间服务器参数管理,更新,其他分组已有/不在设备信息范围，从设备信息组删除,南向1588/PTP同步字段映射到时间服务器参数管理
LST DEVICE_INFO,列出 设备基本信息,X_COM_SCTP_CONFIG_MTU,X_COM_SCTP_CONFIG_MTU,X COM SCTP CONFIG MTU,Device.DeviceInfo.X_COM_SCTP_CONFIG_MTU,INT,READ_WRITE,设备信息参数管理,WAN口配置参数管理,更新,其他分组已有/不在设备信息范围，从设备信息组删除,南向WAN/路由/DNS/接口字段映射到标准WAN口配置参数管理
LST DEVICE_INFO,列出 设备基本信息,X_COM_TOGGLE_SWITCH,X_COM_TOGGLE_SWITCH,X COM Toggle Switch,Device.DeviceInfo.X_COM_Toggle_Switch,STRING,READ_WRITE,设备信息参数管理,跳过,跳过,未匹配标准南向分组，按多余项不导入,未匹配标准南向分组，按多余项不导入
LST DEVICE_INFO,列出 设备基本信息,CBSD_CATEGORY,CBSD_CATEGORY,cbsd Category,Device.DeviceInfo.cbsdCategory,STRING,READ_WRITE,设备信息参数管理,跳过,跳过,SAS/CBRS/频谱字段未出现在两份中国移动标准南向规范，按多余项不导入,SAS/CBRS/频谱字段未出现在两份中国移动标准南向规范，按多余项不导入
LST DEVICE_INFO,列出 设备基本信息,CELL_MODE_IDX,CELL_MODE_IDX,cell Mode Idx,Device.DeviceInfo.cellModeIdx,INT,READ_ONLY,设备信息参数管理,跳过,跳过,未匹配标准南向分组，按多余项不导入,未匹配标准南向分组，按多余项不导入
LST DEVICE_INFO,列出 设备基本信息,HIGH_FREQUENCY,HIGH_FREQUENCY,high Frequency,Device.DeviceInfo.highFrequency,STRING,READ_WRITE,设备信息参数管理,跳过,跳过,SAS/CBRS/频谱字段未出现在两份中国移动标准南向规范，按多余项不导入,SAS/CBRS/频谱字段未出现在两份中国移动标准南向规范，按多余项不导入
LST DEVICE_INFO,列出 设备基本信息,I_FORCED_SYNC_CONTROL_SWITCH,I_FORCED_SYNC_CONTROL_SWITCH,i Forced Sync Control Switch,Device.DeviceInfo.iForcedSyncControlSwitch,U_INT,READ_WRITE,设备信息参数管理,时间服务器参数管理,更新,其他分组已有/不在设备信息范围，从设备信息组删除,南向1588/PTP同步字段映射到时间服务器参数管理
LST DEVICE_INFO,列出 设备基本信息,INDOOR_DEPLOYMENT,INDOOR_DEPLOYMENT,indoor Deployment,Device.DeviceInfo.indoorDeployment,INT,READ_WRITE,设备信息参数管理,跳过,跳过,未匹配标准南向分组，按多余项不导入,未匹配标准南向分组，按多余项不导入
LST DEVICE_INFO,列出 设备基本信息,LOW_FREQUENCY,LOW_FREQUENCY,low Frequency,Device.DeviceInfo.lowFrequency,STRING,READ_WRITE,设备信息参数管理,跳过,跳过,SAS/CBRS/频谱字段未出现在两份中国移动标准南向规范，按多余项不导入,SAS/CBRS/频谱字段未出现在两份中国移动标准南向规范，按多余项不导入
LST DEVICE_INFO,列出 设备基本信息,SUPPORTED_N48N78SHARED_RF,SUPPORTED_N48N78SHARED_RF,supported N48N78Shared Rf,Device.DeviceInfo.supportedN48N78SharedRf,STRING,READ_ONLY,设备信息参数管理,跳过,跳过,未匹配标准南向分组，按多余项不导入,未匹配标准南向分组，按多余项不导入
LST DEVICE_INFO,列出 设备基本信息,UE_COUNT_6cdfa97c,UE_COUNT,Ue Count,Device.DeviceInfo.{i}.UE_Count,INT,READ_ONLY,设备信息参数管理,小区服务参数管理（总体）,更新,其他分组已有/不在设备信息范围，从设备信息组删除,UE状态/接入字段映射到小区服务/接入管理
MOD DEVICE_INFO,修改 设备基本信息,AMBR_LIMIT_SWITCH,AMBR_LIMIT_SWITCH,Ambr Limit Switch,Device.DeviceInfo.AmbrLimitSwitch,STRING,READ_WRITE,设备信息参数管理,小区服务参数管理（总体）,更新,其他分组已有/不在设备信息范围，从设备信息组删除,UE状态/接入字段映射到小区服务/接入管理
MOD DEVICE_INFO,修改 设备基本信息,AZIMUTH,AZIMUTH,Azimuth,Device.DeviceInfo.AntennaInfo.Azimuth,INT,READ_WRITE,设备信息参数管理,小区服务参数管理（总体）,更新,其他分组已有/不在设备信息范围，从设备信息组删除,天线/射频字段映射到小区服务物理层参数
MOD DEVICE_INFO,修改 设备基本信息,AZIMUTH2,AZIMUTH2,Azimuth2,Device.DeviceInfo.AntennaInfo.Azimuth2,INT,READ_WRITE,设备信息参数管理,小区服务参数管理（总体）,更新,其他分组已有/不在设备信息范围，从设备信息组删除,天线/射频字段映射到小区服务物理层参数
MOD DEVICE_INFO,修改 设备基本信息,AZIMUTH3,AZIMUTH3,Azimuth3,Device.DeviceInfo.AntennaInfo.Azimuth3,INT,READ_WRITE,设备信息参数管理,小区服务参数管理（总体）,更新,其他分组已有/不在设备信息范围，从设备信息组删除,天线/射频字段映射到小区服务物理层参数
MOD DEVICE_INFO,修改 设备基本信息,BEAMWIDTH,BEAMWIDTH,Beamwidth,Device.DeviceInfo.AntennaInfo.Beamwidth,INT,READ_WRITE,设备信息参数管理,小区服务参数管理（总体）,更新,其他分组已有/不在设备信息范围，从设备信息组删除,天线/射频字段映射到小区服务物理层参数
MOD DEVICE_INFO,修改 设备基本信息,BEAMWIDTH2,BEAMWIDTH2,Beamwidth2,Device.DeviceInfo.AntennaInfo.Beamwidth2,INT,READ_WRITE,设备信息参数管理,小区服务参数管理（总体）,更新,其他分组已有/不在设备信息范围，从设备信息组删除,天线/射频字段映射到小区服务物理层参数
MOD DEVICE_INFO,修改 设备基本信息,BEAMWIDTH3,BEAMWIDTH3,Beamwidth3,Device.DeviceInfo.AntennaInfo.Beamwidth3,INT,READ_WRITE,设备信息参数管理,小区服务参数管理（总体）,更新,其他分组已有/不在设备信息范围，从设备信息组删除,天线/射频字段映射到小区服务物理层参数
MOD DEVICE_INFO,修改 设备基本信息,DOWNTILT,DOWNTILT,Downtilt,Device.DeviceInfo.AntennaInfo.Downtilt,INT,READ_WRITE,设备信息参数管理,小区服务参数管理（总体）,更新,其他分组已有/不在设备信息范围，从设备信息组删除,天线/射频字段映射到小区服务物理层参数
MOD DEVICE_INFO,修改 设备基本信息,DOWNTILT2,DOWNTILT2,Downtilt2,Device.DeviceInfo.AntennaInfo.Downtilt2,INT,READ_WRITE,设备信息参数管理,小区服务参数管理（总体）,更新,其他分组已有/不在设备信息范围，从设备信息组删除,天线/射频字段映射到小区服务物理层参数
MOD DEVICE_INFO,修改 设备基本信息,DOWNTILT3,DOWNTILT3,Downtilt3,Device.DeviceInfo.AntennaInfo.Downtilt3,INT,READ_WRITE,设备信息参数管理,小区服务参数管理（总体）,更新,其他分组已有/不在设备信息范围，从设备信息组删除,天线/射频字段映射到小区服务物理层参数
MOD DEVICE_INFO,修改 设备基本信息,GAIN,GAIN,Gain,Device.DeviceInfo.AntennaInfo.Gain,INT,READ_WRITE,设备信息参数管理,小区服务参数管理（总体）,更新,其他分组已有/不在设备信息范围，从设备信息组删除,天线/射频字段映射到小区服务物理层参数
MOD DEVICE_INFO,修改 设备基本信息,GAIN2,GAIN2,Gain2,Device.DeviceInfo.AntennaInfo.Gain2,INT,READ_WRITE,设备信息参数管理,小区服务参数管理（总体）,更新,其他分组已有/不在设备信息范围，从设备信息组删除,天线/射频字段映射到小区服务物理层参数
MOD DEVICE_INFO,修改 设备基本信息,GAIN3,GAIN3,Gain3,Device.DeviceInfo.AntennaInfo.Gain3,INT,READ_WRITE,设备信息参数管理,小区服务参数管理（总体）,更新,其他分组已有/不在设备信息范围，从设备信息组删除,天线/射频字段映射到小区服务物理层参数
MOD DEVICE_INFO,修改 设备基本信息,HEIGHT,HEIGHT,Height,Device.DeviceInfo.AntennaInfo.Height,U_INT,READ_WRITE,设备信息参数管理,小区服务参数管理（总体）,更新,其他分组已有/不在设备信息范围，从设备信息组删除,天线/射频字段映射到小区服务物理层参数
MOD DEVICE_INFO,修改 设备基本信息,HEIGHT2,HEIGHT2,Height2,Device.DeviceInfo.AntennaInfo.Height2,U_INT,READ_WRITE,设备信息参数管理,小区服务参数管理（总体）,更新,其他分组已有/不在设备信息范围，从设备信息组删除,天线/射频字段映射到小区服务物理层参数
MOD DEVICE_INFO,修改 设备基本信息,HEIGHT3,HEIGHT3,Height3,Device.DeviceInfo.AntennaInfo.Height3,U_INT,READ_WRITE,设备信息参数管理,小区服务参数管理（总体）,更新,其他分组已有/不在设备信息范围，从设备信息组删除,天线/射频字段映射到小区服务物理层参数
MOD DEVICE_INFO,修改 设备基本信息,HEIGHT_TYPE,HEIGHT_TYPE,Height Type,Device.DeviceInfo.AntennaInfo.HeightType,STRING,READ_WRITE,设备信息参数管理,小区服务参数管理（总体）,更新,其他分组已有/不在设备信息范围，从设备信息组删除,天线/射频字段映射到小区服务物理层参数
MOD DEVICE_INFO,修改 设备基本信息,HEIGHT_TYPE2,HEIGHT_TYPE2,Height Type2,Device.DeviceInfo.AntennaInfo.HeightType2,STRING,READ_ONLY,设备信息参数管理,小区服务参数管理（总体）,更新,其他分组已有/不在设备信息范围，从设备信息组删除,天线/射频字段映射到小区服务物理层参数
MOD DEVICE_INFO,修改 设备基本信息,HEIGHT_TYPE3,HEIGHT_TYPE3,Height Type3,Device.DeviceInfo.AntennaInfo.HeightType3,STRING,READ_ONLY,设备信息参数管理,小区服务参数管理（总体）,更新,其他分组已有/不在设备信息范围，从设备信息组删除,天线/射频字段映射到小区服务物理层参数
MOD DEVICE_INFO,修改 设备基本信息,CURRENT_ARFCN,CURRENT_ARFCN,Current Arfcn,Device.DeviceInfo.BTS.CurrentArfcn,STRING,READ_ONLY,设备信息参数管理,DeviceGSM,更新,其他分组已有/不在设备信息范围，从设备信息组删除,GSM/BTS字段映射到DeviceGSM
MOD DEVICE_INFO,修改 设备基本信息,CURRENT_LAC,CURRENT_LAC,Current Lac,Device.DeviceInfo.BTS.CurrentLac,STRING,READ_ONLY,设备信息参数管理,DeviceGSM,更新,其他分组已有/不在设备信息范围，从设备信息组删除,GSM/BTS字段映射到DeviceGSM
MOD DEVICE_INFO,修改 设备基本信息,MODEL,MODEL,Model,Device.DeviceInfo.CellConfig.{i}.AntennaInfo.Model,STRING,READ_WRITE,设备信息参数管理,小区服务参数管理（总体）,更新,其他分组已有/不在设备信息范围，从设备信息组删除,天线/射频字段映射到小区服务物理层参数
MOD DEVICE_INFO,修改 设备基本信息,DNS_CONFIG_IPMODE,DNS_CONFIG_IPMODE,DNS CONFIG IPMODE,Device.DeviceInfo.DNS_CONFIG_IPMODE,STRING,READ_WRITE,设备信息参数管理,WAN口配置参数管理,更新,其他分组已有/不在设备信息范围，从设备信息组删除,南向WAN/路由/DNS/接口字段映射到标准WAN口配置参数管理
MOD DEVICE_INFO,修改 设备基本信息,ALARM_EVENT_95e501d9,ALARM_EVENT,Alarm Event,Device.DeviceInfo.EU.{i}.AlarmEvent,U_INT,READ_ONLY,设备信息参数管理,扩展型皮站-扩展单元（EU）参数管理,更新,其他分组已有/不在设备信息范围，从设备信息组删除,按EU对象层级映射到标准EU参数管理
MOD DEVICE_INFO,修改 设备基本信息,DLCRCSUM_ff2beab0,DLCRCSUM,Dlcrcsum,Device.DeviceInfo.EU.{i}.DLCRCSum,STRING,READ_ONLY,设备信息参数管理,扩展型皮站-扩展单元（EU）参数管理,更新,其他分组已有/不在设备信息范围，从设备信息组删除,标准匹配：Device.DeviceInfo.EU.{i}.DLCRCSum -> Device.DeviceInfo.MU.{i}.Slot.{i}.EU.{i}.DLCRCSum
MOD DEVICE_INFO,修改 设备基本信息,HARDWARE_VERSION_34469a66,HARDWARE_VERSION,Hardware Version,Device.DeviceInfo.EU.{i}.HardwareVersion,STRING,READ_ONLY,设备信息参数管理,扩展型皮站-扩展单元（EU）参数管理,更新,其他分组已有/不在设备信息范围，从设备信息组删除,标准匹配：Device.DeviceInfo.EU.{i}.HardwareVersion -> Device.DeviceInfo.MU.{i}.Slot.{i}.EU.{i}.HardwareVersion
MOD DEVICE_INFO,修改 设备基本信息,HOP_056eeb05,HOP,Hop,Device.DeviceInfo.EU.{i}.Hop,STRING,READ_ONLY,设备信息参数管理,扩展型皮站-扩展单元（EU）参数管理,更新,其他分组已有/不在设备信息范围，从设备信息组删除,按EU对象层级映射到标准EU参数管理
MOD DEVICE_INFO,修改 设备基本信息,IP_ADDRESS_12f0793c,IP_ADDRESS,Ip Address,Device.DeviceInfo.EU.{i}.IpAddress,STRING,READ_ONLY,设备信息参数管理,扩展型皮站-扩展单元（EU）参数管理,更新,其他分组已有/不在设备信息范围，从设备信息组删除,按EU对象层级映射到标准EU参数管理
MOD DEVICE_INFO,修改 设备基本信息,MAC_51d9acec,MAC,Mac,Device.DeviceInfo.EU.{i}.Mac,STRING,READ_ONLY,设备信息参数管理,扩展型皮站-扩展单元（EU）参数管理,更新,其他分组已有/不在设备信息范围，从设备信息组删除,按EU对象层级映射到标准EU参数管理
MOD DEVICE_INFO,修改 设备基本信息,MODEL_NAME_8c5cfcdf,MODEL_NAME,Model Name,Device.DeviceInfo.EU.{i}.ModelName,STRING,READ_ONLY,设备信息参数管理,扩展型皮站-扩展单元（EU）参数管理,更新,其他分组已有/不在设备信息范围，从设备信息组删除,标准匹配：Device.DeviceInfo.EU.{i}.ModelName -> Device.DeviceInfo.MU.{i}.Slot.{i}.EU.{i}.ModelName
MOD DEVICE_INFO,修改 设备基本信息,ALARM_EVENT_c0f96de5,ALARM_EVENT,Alarm Event,Device.DeviceInfo.EU.{i}.RU.{i}.AlarmEvent,U_INT,READ_ONLY,设备信息参数管理,扩展型皮站-远端单元（RU）参数管理,更新,其他分组已有/不在设备信息范围，从设备信息组删除,按RU对象层级映射到标准RU参数管理
MOD DEVICE_INFO,修改 设备基本信息,DLCRCSUM_09a4fe48,DLCRCSUM,Dlcrcsum,Device.DeviceInfo.EU.{i}.RU.{i}.DLCRCSum,STRING,READ_ONLY,设备信息参数管理,扩展型皮站-远端单元（RU）参数管理,更新,其他分组已有/不在设备信息范围，从设备信息组删除,按RU对象层级映射到标准RU参数管理
MOD DEVICE_INFO,修改 设备基本信息,DISTANCE,DISTANCE,Distance,Device.DeviceInfo.EU.{i}.RU.{i}.Distance,STRING,READ_ONLY,设备信息参数管理,扩展型皮站-远端单元（RU）参数管理,更新,其他分组已有/不在设备信息范围，从设备信息组删除,按RU对象层级映射到标准RU参数管理
MOD DEVICE_INFO,修改 设备基本信息,HARDWARE_VERSION_a3283ff0,HARDWARE_VERSION,Hardware Version,Device.DeviceInfo.EU.{i}.RU.{i}.HardwareVersion,STRING,READ_ONLY,设备信息参数管理,扩展型皮站-远端单元（RU）参数管理,更新,其他分组已有/不在设备信息范围，从设备信息组删除,标准匹配：Device.DeviceInfo.EU.{i}.RU.{i}.HardwareVersion -> Device.DeviceInfo.MU.{i}.Slot.{i}.EU.{i}.RU.{i}.HardwareVersion
MOD DEVICE_INFO,修改 设备基本信息,HOP_07bff108,HOP,Hop,Device.DeviceInfo.EU.{i}.RU.{i}.Hop,U_INT,READ_ONLY,设备信息参数管理,扩展型皮站-远端单元（RU）参数管理,更新,其他分组已有/不在设备信息范围，从设备信息组删除,按RU对象层级映射到标准RU参数管理
MOD DEVICE_INFO,修改 设备基本信息,IP_ADDRESS_3fe22a1a,IP_ADDRESS,Ip Address,Device.DeviceInfo.EU.{i}.RU.{i}.IpAddress,STRING,READ_ONLY,设备信息参数管理,扩展型皮站-远端单元（RU）参数管理,更新,其他分组已有/不在设备信息范围，从设备信息组删除,按RU对象层级映射到标准RU参数管理
MOD DEVICE_INFO,修改 设备基本信息,ECI,ECI,Eci,Device.DeviceInfo.EU.{i}.RU.{i}.LTECell.{i}.ECI,U_INT,READ_WRITE,设备信息参数管理,扩展型皮站-远端单元（RU）参数管理,更新,其他分组已有/不在设备信息范围，从设备信息组删除,按RU对象层级映射到标准RU参数管理
MOD DEVICE_INFO,修改 设备基本信息,MAC_6be0ce12,MAC,Mac,Device.DeviceInfo.EU.{i}.RU.{i}.Mac,STRING,READ_ONLY,设备信息参数管理,扩展型皮站-远端单元（RU）参数管理,更新,其他分组已有/不在设备信息范围，从设备信息组删除,按RU对象层级映射到标准RU参数管理
MOD DEVICE_INFO,修改 设备基本信息,MAX_TX_POWER_8f4f5906,MAX_TX_POWER,Max Tx Power,Device.DeviceInfo.EU.{i}.RU.{i}.MaxTxPower,U_INT,READ_WRITE,设备信息参数管理,扩展型皮站-远端单元（RU）参数管理,更新,其他分组已有/不在设备信息范围，从设备信息组删除,按RU对象层级映射到标准RU参数管理
MOD DEVICE_INFO,修改 设备基本信息,MODEL_NAME_57aeaf04,MODEL_NAME,Model Name,Device.DeviceInfo.EU.{i}.RU.{i}.ModelName,STRING,READ_ONLY,设备信息参数管理,扩展型皮站-远端单元（RU）参数管理,更新,其他分组已有/不在设备信息范围，从设备信息组删除,标准匹配：Device.DeviceInfo.EU.{i}.RU.{i}.ModelName -> Device.DeviceInfo.MU.{i}.Slot.{i}.EU.{i}.RU.{i}.ModelName
MOD DEVICE_INFO,修改 设备基本信息,RFTX_STATUS_540741d0,RFTX_STATUS,Rftx Status,Device.DeviceInfo.EU.{i}.RU.{i}.RFTxStatus,BOOLEAN,READ_WRITE,设备信息参数管理,扩展型皮站-远端单元（RU）参数管理,更新,其他分组已有/不在设备信息范围，从设备信息组删除,标准匹配：Device.DeviceInfo.EU.{i}.RU.{i}.RFTxStatus -> Device.DeviceInfo.MU.{i}.Slot.{i}.EU.{i}.RU.{i}.RFTxStatus
MOD DEVICE_INFO,修改 设备基本信息,REBOOT_5d831ef1,REBOOT,Reboot,Device.DeviceInfo.EU.{i}.RU.{i}.Reboot,BOOLEAN,READ_WRITE,设备信息参数管理,扩展型皮站-远端单元（RU）参数管理,更新,其他分组已有/不在设备信息范围，从设备信息组删除,标准匹配：Device.DeviceInfo.EU.{i}.RU.{i}.Reboot -> Device.DeviceInfo.MU.{i}.Slot.{i}.EU.{i}.RU.{i}.Reboot
MOD DEVICE_INFO,修改 设备基本信息,ROUTE_INDEX_ae1dc116,ROUTE_INDEX,Route Index,Device.DeviceInfo.EU.{i}.RU.{i}.RouteIndex,STRING,READ_ONLY,设备信息参数管理,扩展型皮站-远端单元（RU）参数管理,更新,其他分组已有/不在设备信息范围，从设备信息组删除,标准匹配：Device.DeviceInfo.EU.{i}.RU.{i}.RouteIndex -> Device.DeviceInfo.MU.{i}.Slot.{i}.EU.{i}.RU.{i}.RouteIndex
MOD DEVICE_INFO,修改 设备基本信息,SERIAL_NUMBER_635e0d32,SERIAL_NUMBER,Serial Number,Device.DeviceInfo.EU.{i}.RU.{i}.SerialNumber,STRING,READ_ONLY,设备信息参数管理,扩展型皮站-远端单元（RU）参数管理,更新,其他分组已有/不在设备信息范围，从设备信息组删除,标准匹配：Device.DeviceInfo.EU.{i}.RU.{i}.SerialNumber -> Device.DeviceInfo.MU.{i}.Slot.{i}.EU.{i}.RU.{i}.SerialNumber
MOD DEVICE_INFO,修改 设备基本信息,SOFTWARE_VERSION_3490200c,SOFTWARE_VERSION,Software Version,Device.DeviceInfo.EU.{i}.RU.{i}.SoftwareVersion,STRING,READ_ONLY,设备信息参数管理,扩展型皮站-远端单元（RU）参数管理,更新,其他分组已有/不在设备信息范围，从设备信息组删除,标准匹配：Device.DeviceInfo.EU.{i}.RU.{i}.SoftwareVersion -> Device.DeviceInfo.MU.{i}.Slot.{i}.EU.{i}.RU.{i}.SoftwareVersion
MOD DEVICE_INFO,修改 设备基本信息,STATUS_7e5b4b75,STATUS,Status,Device.DeviceInfo.EU.{i}.RU.{i}.Status,U_INT,READ_ONLY,设备信息参数管理,扩展型皮站-远端单元（RU）参数管理,更新,其他分组已有/不在设备信息范围，从设备信息组删除,标准匹配：Device.DeviceInfo.EU.{i}.RU.{i}.Status -> Device.DeviceInfo.MU.{i}.Slot.{i}.EU.{i}.RU.{i}.Status
MOD DEVICE_INFO,修改 设备基本信息,TYPE_5d673b57,TYPE,Type,Device.DeviceInfo.EU.{i}.RU.{i}.Type,U_INT,READ_ONLY,设备信息参数管理,扩展型皮站-远端单元（RU）参数管理,更新,其他分组已有/不在设备信息范围，从设备信息组删除,按RU对象层级映射到标准RU参数管理
MOD DEVICE_INFO,修改 设备基本信息,ULCRCSUM_83267819,ULCRCSUM,Ulcrcsum,Device.DeviceInfo.EU.{i}.RU.{i}.ULCRCSum,STRING,READ_ONLY,设备信息参数管理,扩展型皮站-远端单元（RU）参数管理,更新,其他分组已有/不在设备信息范围，从设备信息组删除,按RU对象层级映射到标准RU参数管理
MOD DEVICE_INFO,修改 设备基本信息,UMTSPA,UMTSPA,Umtspa,Device.DeviceInfo.EU.{i}.RU.{i}.UMTSPA,BOOLEAN,READ_WRITE,设备信息参数管理,扩展型皮站-远端单元（RU）参数管理,更新,其他分组已有/不在设备信息范围，从设备信息组删除,按RU对象层级映射到标准RU参数管理
MOD DEVICE_INFO,修改 设备基本信息,UMTSTARGET_POWER,UMTSTARGET_POWER,Umtstarget Power,Device.DeviceInfo.EU.{i}.RU.{i}.UMTSTargetPower,U_INT,READ_WRITE,设备信息参数管理,扩展型皮站-远端单元（RU）参数管理,更新,其他分组已有/不在设备信息范围，从设备信息组删除,按RU对象层级映射到标准RU参数管理
MOD DEVICE_INFO,修改 设备基本信息,REBOOT_da078823,REBOOT,Reboot,Device.DeviceInfo.EU.{i}.Reboot,BOOLEAN,READ_WRITE,设备信息参数管理,扩展型皮站-扩展单元（EU）参数管理,更新,其他分组已有/不在设备信息范围，从设备信息组删除,标准匹配：Device.DeviceInfo.EU.{i}.Reboot -> Device.DeviceInfo.MU.{i}.Slot.{i}.EU.{i}.Reboot
MOD DEVICE_INFO,修改 设备基本信息,ROUTE_INDEX_dc9d7e51,ROUTE_INDEX,Route Index,Device.DeviceInfo.EU.{i}.RouteIndex,STRING,READ_ONLY,设备信息参数管理,扩展型皮站-扩展单元（EU）参数管理,更新,其他分组已有/不在设备信息范围，从设备信息组删除,标准匹配：Device.DeviceInfo.EU.{i}.RouteIndex -> Device.DeviceInfo.MU.{i}.Slot.{i}.EU.{i}.RouteIndex
MOD DEVICE_INFO,修改 设备基本信息,SERIAL_NUMBER_dc34b666,SERIAL_NUMBER,Serial Number,Device.DeviceInfo.EU.{i}.SerialNumber,STRING,READ_ONLY,设备信息参数管理,扩展型皮站-扩展单元（EU）参数管理,更新,其他分组已有/不在设备信息范围，从设备信息组删除,标准匹配：Device.DeviceInfo.EU.{i}.SerialNumber -> Device.DeviceInfo.MU.{i}.Slot.{i}.EU.{i}.SerialNumber
MOD DEVICE_INFO,修改 设备基本信息,SOFTWARE_VERSION_d90ddec2,SOFTWARE_VERSION,Software Version,Device.DeviceInfo.EU.{i}.SoftwareVersion,STRING,READ_ONLY,设备信息参数管理,扩展型皮站-扩展单元（EU）参数管理,更新,其他分组已有/不在设备信息范围，从设备信息组删除,标准匹配：Device.DeviceInfo.EU.{i}.SoftwareVersion -> Device.DeviceInfo.MU.{i}.Slot.{i}.EU.{i}.SoftwareVersion
MOD DEVICE_INFO,修改 设备基本信息,STATUS_0e4840e2,STATUS,Status,Device.DeviceInfo.EU.{i}.Status,U_INT,READ_ONLY,设备信息参数管理,扩展型皮站-扩展单元（EU）参数管理,更新,其他分组已有/不在设备信息范围，从设备信息组删除,标准匹配：Device.DeviceInfo.EU.{i}.Status -> Device.DeviceInfo.MU.{i}.Slot.{i}.EU.{i}.Status
MOD DEVICE_INFO,修改 设备基本信息,TYPE_16939167,TYPE,Type,Device.DeviceInfo.EU.{i}.Type,U_INT,READ_ONLY,设备信息参数管理,扩展型皮站-扩展单元（EU）参数管理,更新,其他分组已有/不在设备信息范围，从设备信息组删除,按EU对象层级映射到标准EU参数管理
MOD DEVICE_INFO,修改 设备基本信息,ULCRCSUM_27e34eae,ULCRCSUM,Ulcrcsum,Device.DeviceInfo.EU.{i}.ULCRCSum,STRING,READ_ONLY,设备信息参数管理,扩展型皮站-扩展单元（EU）参数管理,更新,其他分组已有/不在设备信息范围，从设备信息组删除,标准匹配：Device.DeviceInfo.EU.{i}.ULCRCSum -> Device.DeviceInfo.MU.{i}.Slot.{i}.EU.{i}.ULCRCSum
MOD DEVICE_INFO,修改 设备基本信息,ENABLE256QAM,ENABLE256QAM,Enable256QAM,Device.DeviceInfo.Enable256QAM,U_INT,READ_WRITE,设备信息参数管理,跳过,跳过,未匹配标准南向分组，按多余项不导入,未匹配标准南向分组，按多余项不导入
MOD DEVICE_INFO,修改 设备基本信息,ENABLE_18ddd8a9,ENABLE,Enable,Device.DeviceInfo.FAPService.UeAccess.Enable,STRING,READ_WRITE,设备信息参数管理,Device.Services.FAPService,更新,其他分组已有/不在设备信息范围，从设备信息组删除,FAPService对象映射到Device.Services.FAPService
MOD DEVICE_INFO,修改 设备基本信息,HORIZONTAL_ACCURACY,HORIZONTAL_ACCURACY,Horizontal Accuracy,Device.DeviceInfo.GPS.horizontalAccuracy,U_INT,READ_WRITE,设备信息参数管理,GPS信息参数管理,更新,其他分组已有/不在设备信息范围，从设备信息组删除,南向GPS/BDS字段映射到标准GPS信息参数管理
MOD DEVICE_INFO,修改 设备基本信息,VERTICAL_ACCURACY,VERTICAL_ACCURACY,Vertical Accuracy,Device.DeviceInfo.GPS.verticalAccuracy,U_INT,READ_WRITE,设备信息参数管理,GPS信息参数管理,更新,其他分组已有/不在设备信息范围，从设备信息组删除,南向GPS/BDS字段映射到标准GPS信息参数管理
MOD DEVICE_INFO,修改 设备基本信息,BTS_RF_POWER,BTS_RF_POWER,Bts Rf Power,Device.DeviceInfo.GSM.BtsRfPower,U_INT,READ_ONLY,设备信息参数管理,DeviceGSM,更新,其他分组已有/不在设备信息范围，从设备信息组删除,GSM/BTS字段映射到DeviceGSM
MOD DEVICE_INFO,修改 设备基本信息,HOST_CONFIG_DNS1,HOST_CONFIG_DNS1,HOST CONFIG DNS1,Device.DeviceInfo.HOST_CONFIG_DNS1,STRING,READ_WRITE,设备信息参数管理,WAN口配置参数管理,更新,其他分组已有/不在设备信息范围，从设备信息组删除,南向WAN/路由/DNS/接口字段映射到标准WAN口配置参数管理
MOD DEVICE_INFO,修改 设备基本信息,HOST_CONFIG_DNS2,HOST_CONFIG_DNS2,HOST CONFIG DNS2,Device.DeviceInfo.HOST_CONFIG_DNS2,STRING,READ_WRITE,设备信息参数管理,WAN口配置参数管理,更新,其他分组已有/不在设备信息范围，从设备信息组删除,南向WAN/路由/DNS/接口字段映射到标准WAN口配置参数管理
MOD DEVICE_INFO,修改 设备基本信息,LAN_CONFIG_IPADDR,LAN_CONFIG_IPADDR,LAN CONFIG IPADDR,Device.DeviceInfo.LAN_CONFIG_IPADDR,STRING,READ_WRITE,设备信息参数管理,WAN口配置参数管理,更新,其他分组已有/不在设备信息范围，从设备信息组删除,南向WAN/路由/DNS/接口字段映射到标准WAN口配置参数管理
MOD DEVICE_INFO,修改 设备基本信息,LAN_CONFIG_NETMASK,LAN_CONFIG_NETMASK,LAN CONFIG NETMASK,Device.DeviceInfo.LAN_CONFIG_NETMASK,STRING,READ_WRITE,设备信息参数管理,WAN口配置参数管理,更新,其他分组已有/不在设备信息范围，从设备信息组删除,南向WAN/路由/DNS/接口字段映射到标准WAN口配置参数管理
MOD DEVICE_INFO,修改 设备基本信息,LTE_LGW_TRANSFER_MODE,LTE_LGW_TRANSFER_MODE,LTE LGW TRANSFER Mode,Device.DeviceInfo.LTE_LGW_TRANSFER_Mode,INT,READ_WRITE,设备信息参数管理,跳过,跳过,未匹配标准南向分组，按多余项不导入,未匹配标准南向分组，按多余项不导入
MOD DEVICE_INFO,修改 设备基本信息,LTE_S1C_IFNAME,LTE_S1C_IFNAME,LTE S1C IFNAME,Device.DeviceInfo.LTE_S1C_IFNAME,STRING,READ_WRITE,设备信息参数管理,WAN口配置参数管理,更新,其他分组已有/不在设备信息范围，从设备信息组删除,南向WAN/路由/DNS/接口字段映射到标准WAN口配置参数管理
MOD DEVICE_INFO,修改 设备基本信息,LTE_S1U_IFNAME,LTE_S1U_IFNAME,LTE S1U IFNAME,Device.DeviceInfo.LTE_S1U_IFNAME,STRING,READ_WRITE,设备信息参数管理,WAN口配置参数管理,更新,其他分组已有/不在设备信息范围，从设备信息组删除,南向WAN/路由/DNS/接口字段映射到标准WAN口配置参数管理
MOD DEVICE_INFO,修改 设备基本信息,LTE_TR069_IFNAME,LTE_TR069_IFNAME,LTE TR069 IFNAME,Device.DeviceInfo.LTE_TR069_IFNAME,STRING,READ_WRITE,设备信息参数管理,WAN口配置参数管理,更新,其他分组已有/不在设备信息范围，从设备信息组删除,南向WAN/路由/DNS/接口字段映射到标准WAN口配置参数管理
MOD DEVICE_INFO,修改 设备基本信息,NET_IFCONFIG_INTERFACE,NET_IFCONFIG_INTERFACE,NET IFCONFIG INTERFACE,Device.DeviceInfo.NET_IFCONFIG_INTERFACE,STRING,READ_WRITE,设备信息参数管理,WAN口配置参数管理,更新,其他分组已有/不在设备信息范围，从设备信息组删除,南向WAN/路由/DNS/接口字段映射到标准WAN口配置参数管理
MOD DEVICE_INFO,修改 设备基本信息,POWER_SPECTRAL_DENSITY,POWER_SPECTRAL_DENSITY,Power Spectral Density,Device.DeviceInfo.PowerSpectralDensity,STRING,READ_WRITE,设备信息参数管理,小区服务参数管理（总体）,更新,其他分组已有/不在设备信息范围，从设备信息组删除,天线/射频字段映射到小区服务物理层参数
MOD DEVICE_INFO,修改 设备基本信息,POWER_SPECTRAL_DENSITY1,POWER_SPECTRAL_DENSITY1,Power Spectral Density1,Device.DeviceInfo.PowerSpectralDensity1,STRING,READ_WRITE,设备信息参数管理,小区服务参数管理（总体）,更新,其他分组已有/不在设备信息范围，从设备信息组删除,天线/射频字段映射到小区服务物理层参数
MOD DEVICE_INFO,修改 设备基本信息,POWER_SPECTRAL_DENSITY2,POWER_SPECTRAL_DENSITY2,Power Spectral Density2,Device.DeviceInfo.PowerSpectralDensity2,STRING,READ_WRITE,设备信息参数管理,小区服务参数管理（总体）,更新,其他分组已有/不在设备信息范围，从设备信息组删除,天线/射频字段映射到小区服务物理层参数
MOD DEVICE_INFO,修改 设备基本信息,POWER_SPECTRAL_DENSITY3,POWER_SPECTRAL_DENSITY3,Power Spectral Density3,Device.DeviceInfo.PowerSpectralDensity3,STRING,READ_WRITE,设备信息参数管理,小区服务参数管理（总体）,更新,其他分组已有/不在设备信息范围，从设备信息组删除,天线/射频字段映射到小区服务物理层参数
MOD DEVICE_INFO,修改 设备基本信息,ROLLBACK_CONTROL,ROLLBACK_CONTROL,ROLLBACK CONTROL,Device.DeviceInfo.ROLLBACK_CONTROL,BOOLEAN,READ_WRITE,设备信息参数管理,软件版本参数管理,更新,其他分组已有/不在设备信息范围，从设备信息组删除,南向版本/回退字段映射到软件版本参数管理
MOD DEVICE_INFO,修改 设备基本信息,ROUTE_CONFIG10_GW,ROUTE_CONFIG10_GW,ROUTE CONFIG10 GW,Device.DeviceInfo.ROUTE_CONFIG10_GW,STRING,READ_WRITE,设备信息参数管理,WAN口配置参数管理,更新,其他分组已有/不在设备信息范围，从设备信息组删除,南向WAN/路由/DNS/接口字段映射到标准WAN口配置参数管理
MOD DEVICE_INFO,修改 设备基本信息,ROUTE_CONFIG10_NETADDR,ROUTE_CONFIG10_NETADDR,ROUTE CONFIG10 NETADDR,Device.DeviceInfo.ROUTE_CONFIG10_NETADDR,STRING,READ_WRITE,设备信息参数管理,WAN口配置参数管理,更新,其他分组已有/不在设备信息范围，从设备信息组删除,南向WAN/路由/DNS/接口字段映射到标准WAN口配置参数管理
MOD DEVICE_INFO,修改 设备基本信息,ROUTE_CONFIG10_NETMASK,ROUTE_CONFIG10_NETMASK,ROUTE CONFIG10 NETMASK,Device.DeviceInfo.ROUTE_CONFIG10_NETMASK,STRING,READ_WRITE,设备信息参数管理,WAN口配置参数管理,更新,其他分组已有/不在设备信息范围，从设备信息组删除,南向WAN/路由/DNS/接口字段映射到标准WAN口配置参数管理
MOD DEVICE_INFO,修改 设备基本信息,ROUTE_CONFIG10_ONBOOTENB,ROUTE_CONFIG10_ONBOOTENB,ROUTE CONFIG10 ONBOOTENB,Device.DeviceInfo.ROUTE_CONFIG10_ONBOOTENB,STRING,READ_WRITE,设备信息参数管理,WAN口配置参数管理,更新,其他分组已有/不在设备信息范围，从设备信息组删除,南向WAN/路由/DNS/接口字段映射到标准WAN口配置参数管理
MOD DEVICE_INFO,修改 设备基本信息,ROUTE_CONFIG10_V6_GW,ROUTE_CONFIG10_V6_GW,ROUTE CONFIG10 V6 GW,Device.DeviceInfo.ROUTE_CONFIG10_V6_GW,STRING,READ_WRITE,设备信息参数管理,WAN口配置参数管理,更新,其他分组已有/不在设备信息范围，从设备信息组删除,南向WAN/路由/DNS/接口字段映射到标准WAN口配置参数管理
MOD DEVICE_INFO,修改 设备基本信息,ROUTE_CONFIG10_V6_NETADDR,ROUTE_CONFIG10_V6_NETADDR,ROUTE CONFIG10 V6 NETADDR,Device.DeviceInfo.ROUTE_CONFIG10_V6_NETADDR,STRING,READ_WRITE,设备信息参数管理,WAN口配置参数管理,更新,其他分组已有/不在设备信息范围，从设备信息组删除,南向WAN/路由/DNS/接口字段映射到标准WAN口配置参数管理
MOD DEVICE_INFO,修改 设备基本信息,ROUTE_CONFIG10_V6_ONBOOT,ROUTE_CONFIG10_V6_ONBOOT,ROUTE CONFIG10 V6 ONBOOT,Device.DeviceInfo.ROUTE_CONFIG10_V6_ONBOOT,STRING,READ_WRITE,设备信息参数管理,WAN口配置参数管理,更新,其他分组已有/不在设备信息范围，从设备信息组删除,南向WAN/路由/DNS/接口字段映射到标准WAN口配置参数管理
MOD DEVICE_INFO,修改 设备基本信息,ROUTE_CONFIG10_V6_PREFIX,ROUTE_CONFIG10_V6_PREFIX,ROUTE CONFIG10 V6 PREFIX,Device.DeviceInfo.ROUTE_CONFIG10_V6_PREFIX,STRING,READ_WRITE,设备信息参数管理,WAN口配置参数管理,更新,其他分组已有/不在设备信息范围，从设备信息组删除,南向WAN/路由/DNS/接口字段映射到标准WAN口配置参数管理
MOD DEVICE_INFO,修改 设备基本信息,ROUTE_CONFIG11_GW,ROUTE_CONFIG11_GW,ROUTE CONFIG11 GW,Device.DeviceInfo.ROUTE_CONFIG11_GW,STRING,READ_WRITE,设备信息参数管理,WAN口配置参数管理,更新,其他分组已有/不在设备信息范围，从设备信息组删除,南向WAN/路由/DNS/接口字段映射到标准WAN口配置参数管理
MOD DEVICE_INFO,修改 设备基本信息,ROUTE_CONFIG11_NETADDR,ROUTE_CONFIG11_NETADDR,ROUTE CONFIG11 NETADDR,Device.DeviceInfo.ROUTE_CONFIG11_NETADDR,STRING,READ_WRITE,设备信息参数管理,WAN口配置参数管理,更新,其他分组已有/不在设备信息范围，从设备信息组删除,南向WAN/路由/DNS/接口字段映射到标准WAN口配置参数管理
MOD DEVICE_INFO,修改 设备基本信息,ROUTE_CONFIG11_NETMASK,ROUTE_CONFIG11_NETMASK,ROUTE CONFIG11 NETMASK,Device.DeviceInfo.ROUTE_CONFIG11_NETMASK,STRING,READ_WRITE,设备信息参数管理,WAN口配置参数管理,更新,其他分组已有/不在设备信息范围，从设备信息组删除,南向WAN/路由/DNS/接口字段映射到标准WAN口配置参数管理
MOD DEVICE_INFO,修改 设备基本信息,ROUTE_CONFIG11_ONBOOTENB,ROUTE_CONFIG11_ONBOOTENB,ROUTE CONFIG11 ONBOOTENB,Device.DeviceInfo.ROUTE_CONFIG11_ONBOOTENB,STRING,READ_WRITE,设备信息参数管理,WAN口配置参数管理,更新,其他分组已有/不在设备信息范围，从设备信息组删除,南向WAN/路由/DNS/接口字段映射到标准WAN口配置参数管理
MOD DEVICE_INFO,修改 设备基本信息,ROUTE_CONFIG11_V6_GW,ROUTE_CONFIG11_V6_GW,ROUTE CONFIG11 V6 GW,Device.DeviceInfo.ROUTE_CONFIG11_V6_GW,STRING,READ_WRITE,设备信息参数管理,WAN口配置参数管理,更新,其他分组已有/不在设备信息范围，从设备信息组删除,南向WAN/路由/DNS/接口字段映射到标准WAN口配置参数管理
MOD DEVICE_INFO,修改 设备基本信息,ROUTE_CONFIG11_V6_NETADDR,ROUTE_CONFIG11_V6_NETADDR,ROUTE CONFIG11 V6 NETADDR,Device.DeviceInfo.ROUTE_CONFIG11_V6_NETADDR,STRING,READ_WRITE,设备信息参数管理,WAN口配置参数管理,更新,其他分组已有/不在设备信息范围，从设备信息组删除,南向WAN/路由/DNS/接口字段映射到标准WAN口配置参数管理
MOD DEVICE_INFO,修改 设备基本信息,ROUTE_CONFIG11_V6_ONBOOT,ROUTE_CONFIG11_V6_ONBOOT,ROUTE CONFIG11 V6 ONBOOT,Device.DeviceInfo.ROUTE_CONFIG11_V6_ONBOOT,STRING,READ_WRITE,设备信息参数管理,WAN口配置参数管理,更新,其他分组已有/不在设备信息范围，从设备信息组删除,南向WAN/路由/DNS/接口字段映射到标准WAN口配置参数管理
MOD DEVICE_INFO,修改 设备基本信息,ROUTE_CONFIG11_V6_PREFIX,ROUTE_CONFIG11_V6_PREFIX,ROUTE CONFIG11 V6 PREFIX,Device.DeviceInfo.ROUTE_CONFIG11_V6_PREFIX,STRING,READ_WRITE,设备信息参数管理,WAN口配置参数管理,更新,其他分组已有/不在设备信息范围，从设备信息组删除,南向WAN/路由/DNS/接口字段映射到标准WAN口配置参数管理
MOD DEVICE_INFO,修改 设备基本信息,ROUTE_CONFIG12_GW,ROUTE_CONFIG12_GW,ROUTE CONFIG12 GW,Device.DeviceInfo.ROUTE_CONFIG12_GW,STRING,READ_WRITE,设备信息参数管理,WAN口配置参数管理,更新,其他分组已有/不在设备信息范围，从设备信息组删除,南向WAN/路由/DNS/接口字段映射到标准WAN口配置参数管理
MOD DEVICE_INFO,修改 设备基本信息,ROUTE_CONFIG12_NETADDR,ROUTE_CONFIG12_NETADDR,ROUTE CONFIG12 NETADDR,Device.DeviceInfo.ROUTE_CONFIG12_NETADDR,STRING,READ_WRITE,设备信息参数管理,WAN口配置参数管理,更新,其他分组已有/不在设备信息范围，从设备信息组删除,南向WAN/路由/DNS/接口字段映射到标准WAN口配置参数管理
MOD DEVICE_INFO,修改 设备基本信息,ROUTE_CONFIG12_NETMASK,ROUTE_CONFIG12_NETMASK,ROUTE CONFIG12 NETMASK,Device.DeviceInfo.ROUTE_CONFIG12_NETMASK,STRING,READ_WRITE,设备信息参数管理,WAN口配置参数管理,更新,其他分组已有/不在设备信息范围，从设备信息组删除,南向WAN/路由/DNS/接口字段映射到标准WAN口配置参数管理
MOD DEVICE_INFO,修改 设备基本信息,ROUTE_CONFIG12_ONBOOTENB,ROUTE_CONFIG12_ONBOOTENB,ROUTE CONFIG12 ONBOOTENB,Device.DeviceInfo.ROUTE_CONFIG12_ONBOOTENB,STRING,READ_WRITE,设备信息参数管理,WAN口配置参数管理,更新,其他分组已有/不在设备信息范围，从设备信息组删除,南向WAN/路由/DNS/接口字段映射到标准WAN口配置参数管理
MOD DEVICE_INFO,修改 设备基本信息,ROUTE_CONFIG12_V6_GW,ROUTE_CONFIG12_V6_GW,ROUTE CONFIG12 V6 GW,Device.DeviceInfo.ROUTE_CONFIG12_V6_GW,STRING,READ_WRITE,设备信息参数管理,WAN口配置参数管理,更新,其他分组已有/不在设备信息范围，从设备信息组删除,南向WAN/路由/DNS/接口字段映射到标准WAN口配置参数管理
MOD DEVICE_INFO,修改 设备基本信息,ROUTE_CONFIG12_V6_NETADDR,ROUTE_CONFIG12_V6_NETADDR,ROUTE CONFIG12 V6 NETADDR,Device.DeviceInfo.ROUTE_CONFIG12_V6_NETADDR,STRING,READ_WRITE,设备信息参数管理,WAN口配置参数管理,更新,其他分组已有/不在设备信息范围，从设备信息组删除,南向WAN/路由/DNS/接口字段映射到标准WAN口配置参数管理
MOD DEVICE_INFO,修改 设备基本信息,ROUTE_CONFIG12_V6_ONBOOT,ROUTE_CONFIG12_V6_ONBOOT,ROUTE CONFIG12 V6 ONBOOT,Device.DeviceInfo.ROUTE_CONFIG12_V6_ONBOOT,STRING,READ_WRITE,设备信息参数管理,WAN口配置参数管理,更新,其他分组已有/不在设备信息范围，从设备信息组删除,南向WAN/路由/DNS/接口字段映射到标准WAN口配置参数管理
MOD DEVICE_INFO,修改 设备基本信息,ROUTE_CONFIG12_V6_PREFIX,ROUTE_CONFIG12_V6_PREFIX,ROUTE CONFIG12 V6 PREFIX,Device.DeviceInfo.ROUTE_CONFIG12_V6_PREFIX,STRING,READ_WRITE,设备信息参数管理,WAN口配置参数管理,更新,其他分组已有/不在设备信息范围，从设备信息组删除,南向WAN/路由/DNS/接口字段映射到标准WAN口配置参数管理
MOD DEVICE_INFO,修改 设备基本信息,ROUTE_CONFIG1_GW,ROUTE_CONFIG1_GW,ROUTE CONFIG1 GW,Device.DeviceInfo.ROUTE_CONFIG1_GW,STRING,READ_WRITE,设备信息参数管理,WAN口配置参数管理,更新,其他分组已有/不在设备信息范围，从设备信息组删除,南向WAN/路由/DNS/接口字段映射到标准WAN口配置参数管理
MOD DEVICE_INFO,修改 设备基本信息,ROUTE_CONFIG1_NETADDR,ROUTE_CONFIG1_NETADDR,ROUTE CONFIG1 NETADDR,Device.DeviceInfo.ROUTE_CONFIG1_NETADDR,STRING,READ_WRITE,设备信息参数管理,WAN口配置参数管理,更新,其他分组已有/不在设备信息范围，从设备信息组删除,南向WAN/路由/DNS/接口字段映射到标准WAN口配置参数管理
MOD DEVICE_INFO,修改 设备基本信息,ROUTE_CONFIG1_NETMASK,ROUTE_CONFIG1_NETMASK,ROUTE CONFIG1 NETMASK,Device.DeviceInfo.ROUTE_CONFIG1_NETMASK,STRING,READ_WRITE,设备信息参数管理,WAN口配置参数管理,更新,其他分组已有/不在设备信息范围，从设备信息组删除,南向WAN/路由/DNS/接口字段映射到标准WAN口配置参数管理
MOD DEVICE_INFO,修改 设备基本信息,ROUTE_CONFIG1_ONBOOTENB,ROUTE_CONFIG1_ONBOOTENB,ROUTE CONFIG1 ONBOOTENB,Device.DeviceInfo.ROUTE_CONFIG1_ONBOOTENB,STRING,READ_WRITE,设备信息参数管理,WAN口配置参数管理,更新,其他分组已有/不在设备信息范围，从设备信息组删除,南向WAN/路由/DNS/接口字段映射到标准WAN口配置参数管理
MOD DEVICE_INFO,修改 设备基本信息,ROUTE_CONFIG1_V6_GW,ROUTE_CONFIG1_V6_GW,ROUTE CONFIG1 V6 GW,Device.DeviceInfo.ROUTE_CONFIG1_V6_GW,STRING,READ_WRITE,设备信息参数管理,WAN口配置参数管理,更新,其他分组已有/不在设备信息范围，从设备信息组删除,南向WAN/路由/DNS/接口字段映射到标准WAN口配置参数管理
MOD DEVICE_INFO,修改 设备基本信息,ROUTE_CONFIG1_V6_NETADDR,ROUTE_CONFIG1_V6_NETADDR,ROUTE CONFIG1 V6 NETADDR,Device.DeviceInfo.ROUTE_CONFIG1_V6_NETADDR,STRING,READ_WRITE,设备信息参数管理,WAN口配置参数管理,更新,其他分组已有/不在设备信息范围，从设备信息组删除,南向WAN/路由/DNS/接口字段映射到标准WAN口配置参数管理
MOD DEVICE_INFO,修改 设备基本信息,ROUTE_CONFIG1_V6_ONBOOT,ROUTE_CONFIG1_V6_ONBOOT,ROUTE CONFIG1 V6 ONBOOT,Device.DeviceInfo.ROUTE_CONFIG1_V6_ONBOOT,STRING,READ_WRITE,设备信息参数管理,WAN口配置参数管理,更新,其他分组已有/不在设备信息范围，从设备信息组删除,南向WAN/路由/DNS/接口字段映射到标准WAN口配置参数管理
MOD DEVICE_INFO,修改 设备基本信息,ROUTE_CONFIG1_V6_PREFIX,ROUTE_CONFIG1_V6_PREFIX,ROUTE CONFIG1 V6 PREFIX,Device.DeviceInfo.ROUTE_CONFIG1_V6_PREFIX,STRING,READ_WRITE,设备信息参数管理,WAN口配置参数管理,更新,其他分组已有/不在设备信息范围，从设备信息组删除,南向WAN/路由/DNS/接口字段映射到标准WAN口配置参数管理
MOD DEVICE_INFO,修改 设备基本信息,ROUTE_CONFIG2_GW,ROUTE_CONFIG2_GW,ROUTE CONFIG2 GW,Device.DeviceInfo.ROUTE_CONFIG2_GW,STRING,READ_WRITE,设备信息参数管理,WAN口配置参数管理,更新,其他分组已有/不在设备信息范围，从设备信息组删除,南向WAN/路由/DNS/接口字段映射到标准WAN口配置参数管理
MOD DEVICE_INFO,修改 设备基本信息,ROUTE_CONFIG2_NETADDR,ROUTE_CONFIG2_NETADDR,ROUTE CONFIG2 NETADDR,Device.DeviceInfo.ROUTE_CONFIG2_NETADDR,STRING,READ_WRITE,设备信息参数管理,WAN口配置参数管理,更新,其他分组已有/不在设备信息范围，从设备信息组删除,南向WAN/路由/DNS/接口字段映射到标准WAN口配置参数管理
MOD DEVICE_INFO,修改 设备基本信息,ROUTE_CONFIG2_NETMASK,ROUTE_CONFIG2_NETMASK,ROUTE CONFIG2 NETMASK,Device.DeviceInfo.ROUTE_CONFIG2_NETMASK,STRING,READ_WRITE,设备信息参数管理,WAN口配置参数管理,更新,其他分组已有/不在设备信息范围，从设备信息组删除,南向WAN/路由/DNS/接口字段映射到标准WAN口配置参数管理
MOD DEVICE_INFO,修改 设备基本信息,ROUTE_CONFIG2_ONBOOTENB,ROUTE_CONFIG2_ONBOOTENB,ROUTE CONFIG2 ONBOOTENB,Device.DeviceInfo.ROUTE_CONFIG2_ONBOOTENB,STRING,READ_WRITE,设备信息参数管理,WAN口配置参数管理,更新,其他分组已有/不在设备信息范围，从设备信息组删除,南向WAN/路由/DNS/接口字段映射到标准WAN口配置参数管理
MOD DEVICE_INFO,修改 设备基本信息,ROUTE_CONFIG2_V6_GW,ROUTE_CONFIG2_V6_GW,ROUTE CONFIG2 V6 GW,Device.DeviceInfo.ROUTE_CONFIG2_V6_GW,STRING,READ_WRITE,设备信息参数管理,WAN口配置参数管理,更新,其他分组已有/不在设备信息范围，从设备信息组删除,南向WAN/路由/DNS/接口字段映射到标准WAN口配置参数管理
MOD DEVICE_INFO,修改 设备基本信息,ROUTE_CONFIG2_V6_NETADDR,ROUTE_CONFIG2_V6_NETADDR,ROUTE CONFIG2 V6 NETADDR,Device.DeviceInfo.ROUTE_CONFIG2_V6_NETADDR,STRING,READ_WRITE,设备信息参数管理,WAN口配置参数管理,更新,其他分组已有/不在设备信息范围，从设备信息组删除,南向WAN/路由/DNS/接口字段映射到标准WAN口配置参数管理
MOD DEVICE_INFO,修改 设备基本信息,ROUTE_CONFIG2_V6_ONBOOT,ROUTE_CONFIG2_V6_ONBOOT,ROUTE CONFIG2 V6 ONBOOT,Device.DeviceInfo.ROUTE_CONFIG2_V6_ONBOOT,STRING,READ_WRITE,设备信息参数管理,WAN口配置参数管理,更新,其他分组已有/不在设备信息范围，从设备信息组删除,南向WAN/路由/DNS/接口字段映射到标准WAN口配置参数管理
MOD DEVICE_INFO,修改 设备基本信息,ROUTE_CONFIG2_V6_PREFIX,ROUTE_CONFIG2_V6_PREFIX,ROUTE CONFIG2 V6 PREFIX,Device.DeviceInfo.ROUTE_CONFIG2_V6_PREFIX,STRING,READ_WRITE,设备信息参数管理,WAN口配置参数管理,更新,其他分组已有/不在设备信息范围，从设备信息组删除,南向WAN/路由/DNS/接口字段映射到标准WAN口配置参数管理
MOD DEVICE_INFO,修改 设备基本信息,ROUTE_CONFIG3_GW,ROUTE_CONFIG3_GW,ROUTE CONFIG3 GW,Device.DeviceInfo.ROUTE_CONFIG3_GW,STRING,READ_WRITE,设备信息参数管理,WAN口配置参数管理,更新,其他分组已有/不在设备信息范围，从设备信息组删除,南向WAN/路由/DNS/接口字段映射到标准WAN口配置参数管理
MOD DEVICE_INFO,修改 设备基本信息,ROUTE_CONFIG3_NETADDR,ROUTE_CONFIG3_NETADDR,ROUTE CONFIG3 NETADDR,Device.DeviceInfo.ROUTE_CONFIG3_NETADDR,STRING,READ_WRITE,设备信息参数管理,WAN口配置参数管理,更新,其他分组已有/不在设备信息范围，从设备信息组删除,南向WAN/路由/DNS/接口字段映射到标准WAN口配置参数管理
MOD DEVICE_INFO,修改 设备基本信息,ROUTE_CONFIG3_NETMASK,ROUTE_CONFIG3_NETMASK,ROUTE CONFIG3 NETMASK,Device.DeviceInfo.ROUTE_CONFIG3_NETMASK,STRING,READ_WRITE,设备信息参数管理,WAN口配置参数管理,更新,其他分组已有/不在设备信息范围，从设备信息组删除,南向WAN/路由/DNS/接口字段映射到标准WAN口配置参数管理
MOD DEVICE_INFO,修改 设备基本信息,ROUTE_CONFIG3_ONBOOTENB,ROUTE_CONFIG3_ONBOOTENB,ROUTE CONFIG3 ONBOOTENB,Device.DeviceInfo.ROUTE_CONFIG3_ONBOOTENB,STRING,READ_WRITE,设备信息参数管理,WAN口配置参数管理,更新,其他分组已有/不在设备信息范围，从设备信息组删除,南向WAN/路由/DNS/接口字段映射到标准WAN口配置参数管理
MOD DEVICE_INFO,修改 设备基本信息,ROUTE_CONFIG3_V6_GW,ROUTE_CONFIG3_V6_GW,ROUTE CONFIG3 V6 GW,Device.DeviceInfo.ROUTE_CONFIG3_V6_GW,STRING,READ_WRITE,设备信息参数管理,WAN口配置参数管理,更新,其他分组已有/不在设备信息范围，从设备信息组删除,南向WAN/路由/DNS/接口字段映射到标准WAN口配置参数管理
MOD DEVICE_INFO,修改 设备基本信息,ROUTE_CONFIG3_V6_NETADDR,ROUTE_CONFIG3_V6_NETADDR,ROUTE CONFIG3 V6 NETADDR,Device.DeviceInfo.ROUTE_CONFIG3_V6_NETADDR,STRING,READ_WRITE,设备信息参数管理,WAN口配置参数管理,更新,其他分组已有/不在设备信息范围，从设备信息组删除,南向WAN/路由/DNS/接口字段映射到标准WAN口配置参数管理
MOD DEVICE_INFO,修改 设备基本信息,ROUTE_CONFIG3_V6_ONBOOT,ROUTE_CONFIG3_V6_ONBOOT,ROUTE CONFIG3 V6 ONBOOT,Device.DeviceInfo.ROUTE_CONFIG3_V6_ONBOOT,STRING,READ_WRITE,设备信息参数管理,WAN口配置参数管理,更新,其他分组已有/不在设备信息范围，从设备信息组删除,南向WAN/路由/DNS/接口字段映射到标准WAN口配置参数管理
MOD DEVICE_INFO,修改 设备基本信息,ROUTE_CONFIG3_V6_PREFIX,ROUTE_CONFIG3_V6_PREFIX,ROUTE CONFIG3 V6 PREFIX,Device.DeviceInfo.ROUTE_CONFIG3_V6_PREFIX,STRING,READ_WRITE,设备信息参数管理,WAN口配置参数管理,更新,其他分组已有/不在设备信息范围，从设备信息组删除,南向WAN/路由/DNS/接口字段映射到标准WAN口配置参数管理
MOD DEVICE_INFO,修改 设备基本信息,ROUTE_CONFIG4_GW,ROUTE_CONFIG4_GW,ROUTE CONFIG4 GW,Device.DeviceInfo.ROUTE_CONFIG4_GW,STRING,READ_WRITE,设备信息参数管理,WAN口配置参数管理,更新,其他分组已有/不在设备信息范围，从设备信息组删除,南向WAN/路由/DNS/接口字段映射到标准WAN口配置参数管理
MOD DEVICE_INFO,修改 设备基本信息,ROUTE_CONFIG4_NETADDR,ROUTE_CONFIG4_NETADDR,ROUTE CONFIG4 NETADDR,Device.DeviceInfo.ROUTE_CONFIG4_NETADDR,STRING,READ_WRITE,设备信息参数管理,WAN口配置参数管理,更新,其他分组已有/不在设备信息范围，从设备信息组删除,南向WAN/路由/DNS/接口字段映射到标准WAN口配置参数管理
MOD DEVICE_INFO,修改 设备基本信息,ROUTE_CONFIG4_NETMASK,ROUTE_CONFIG4_NETMASK,ROUTE CONFIG4 NETMASK,Device.DeviceInfo.ROUTE_CONFIG4_NETMASK,STRING,READ_WRITE,设备信息参数管理,WAN口配置参数管理,更新,其他分组已有/不在设备信息范围，从设备信息组删除,南向WAN/路由/DNS/接口字段映射到标准WAN口配置参数管理
MOD DEVICE_INFO,修改 设备基本信息,ROUTE_CONFIG4_ONBOOTENB,ROUTE_CONFIG4_ONBOOTENB,ROUTE CONFIG4 ONBOOTENB,Device.DeviceInfo.ROUTE_CONFIG4_ONBOOTENB,STRING,READ_WRITE,设备信息参数管理,WAN口配置参数管理,更新,其他分组已有/不在设备信息范围，从设备信息组删除,南向WAN/路由/DNS/接口字段映射到标准WAN口配置参数管理
MOD DEVICE_INFO,修改 设备基本信息,ROUTE_CONFIG4_V6_GW,ROUTE_CONFIG4_V6_GW,ROUTE CONFIG4 V6 GW,Device.DeviceInfo.ROUTE_CONFIG4_V6_GW,STRING,READ_WRITE,设备信息参数管理,WAN口配置参数管理,更新,其他分组已有/不在设备信息范围，从设备信息组删除,南向WAN/路由/DNS/接口字段映射到标准WAN口配置参数管理
MOD DEVICE_INFO,修改 设备基本信息,ROUTE_CONFIG4_V6_NETADDR,ROUTE_CONFIG4_V6_NETADDR,ROUTE CONFIG4 V6 NETADDR,Device.DeviceInfo.ROUTE_CONFIG4_V6_NETADDR,STRING,READ_WRITE,设备信息参数管理,WAN口配置参数管理,更新,其他分组已有/不在设备信息范围，从设备信息组删除,南向WAN/路由/DNS/接口字段映射到标准WAN口配置参数管理
MOD DEVICE_INFO,修改 设备基本信息,ROUTE_CONFIG4_V6_ONBOOT,ROUTE_CONFIG4_V6_ONBOOT,ROUTE CONFIG4 V6 ONBOOT,Device.DeviceInfo.ROUTE_CONFIG4_V6_ONBOOT,STRING,READ_WRITE,设备信息参数管理,WAN口配置参数管理,更新,其他分组已有/不在设备信息范围，从设备信息组删除,南向WAN/路由/DNS/接口字段映射到标准WAN口配置参数管理
MOD DEVICE_INFO,修改 设备基本信息,ROUTE_CONFIG4_V6_PREFIX,ROUTE_CONFIG4_V6_PREFIX,ROUTE CONFIG4 V6 PREFIX,Device.DeviceInfo.ROUTE_CONFIG4_V6_PREFIX,STRING,READ_WRITE,设备信息参数管理,WAN口配置参数管理,更新,其他分组已有/不在设备信息范围，从设备信息组删除,南向WAN/路由/DNS/接口字段映射到标准WAN口配置参数管理
MOD DEVICE_INFO,修改 设备基本信息,ROUTE_CONFIG5_GW,ROUTE_CONFIG5_GW,ROUTE CONFIG5 GW,Device.DeviceInfo.ROUTE_CONFIG5_GW,STRING,READ_WRITE,设备信息参数管理,WAN口配置参数管理,更新,其他分组已有/不在设备信息范围，从设备信息组删除,南向WAN/路由/DNS/接口字段映射到标准WAN口配置参数管理
MOD DEVICE_INFO,修改 设备基本信息,ROUTE_CONFIG5_NETADDR,ROUTE_CONFIG5_NETADDR,ROUTE CONFIG5 NETADDR,Device.DeviceInfo.ROUTE_CONFIG5_NETADDR,STRING,READ_WRITE,设备信息参数管理,WAN口配置参数管理,更新,其他分组已有/不在设备信息范围，从设备信息组删除,南向WAN/路由/DNS/接口字段映射到标准WAN口配置参数管理
MOD DEVICE_INFO,修改 设备基本信息,ROUTE_CONFIG5_NETMASK,ROUTE_CONFIG5_NETMASK,ROUTE CONFIG5 NETMASK,Device.DeviceInfo.ROUTE_CONFIG5_NETMASK,STRING,READ_WRITE,设备信息参数管理,WAN口配置参数管理,更新,其他分组已有/不在设备信息范围，从设备信息组删除,南向WAN/路由/DNS/接口字段映射到标准WAN口配置参数管理
MOD DEVICE_INFO,修改 设备基本信息,ROUTE_CONFIG5_ONBOOTENB,ROUTE_CONFIG5_ONBOOTENB,ROUTE CONFIG5 ONBOOTENB,Device.DeviceInfo.ROUTE_CONFIG5_ONBOOTENB,STRING,READ_WRITE,设备信息参数管理,WAN口配置参数管理,更新,其他分组已有/不在设备信息范围，从设备信息组删除,南向WAN/路由/DNS/接口字段映射到标准WAN口配置参数管理
MOD DEVICE_INFO,修改 设备基本信息,ROUTE_CONFIG5_V6_GW,ROUTE_CONFIG5_V6_GW,ROUTE CONFIG5 V6 GW,Device.DeviceInfo.ROUTE_CONFIG5_V6_GW,STRING,READ_WRITE,设备信息参数管理,WAN口配置参数管理,更新,其他分组已有/不在设备信息范围，从设备信息组删除,南向WAN/路由/DNS/接口字段映射到标准WAN口配置参数管理
MOD DEVICE_INFO,修改 设备基本信息,ROUTE_CONFIG5_V6_NETADDR,ROUTE_CONFIG5_V6_NETADDR,ROUTE CONFIG5 V6 NETADDR,Device.DeviceInfo.ROUTE_CONFIG5_V6_NETADDR,STRING,READ_WRITE,设备信息参数管理,WAN口配置参数管理,更新,其他分组已有/不在设备信息范围，从设备信息组删除,南向WAN/路由/DNS/接口字段映射到标准WAN口配置参数管理
MOD DEVICE_INFO,修改 设备基本信息,ROUTE_CONFIG5_V6_ONBOOT,ROUTE_CONFIG5_V6_ONBOOT,ROUTE CONFIG5 V6 ONBOOT,Device.DeviceInfo.ROUTE_CONFIG5_V6_ONBOOT,STRING,READ_WRITE,设备信息参数管理,WAN口配置参数管理,更新,其他分组已有/不在设备信息范围，从设备信息组删除,南向WAN/路由/DNS/接口字段映射到标准WAN口配置参数管理
MOD DEVICE_INFO,修改 设备基本信息,ROUTE_CONFIG5_V6_PREFIX,ROUTE_CONFIG5_V6_PREFIX,ROUTE CONFIG5 V6 PREFIX,Device.DeviceInfo.ROUTE_CONFIG5_V6_PREFIX,STRING,READ_WRITE,设备信息参数管理,WAN口配置参数管理,更新,其他分组已有/不在设备信息范围，从设备信息组删除,南向WAN/路由/DNS/接口字段映射到标准WAN口配置参数管理
MOD DEVICE_INFO,修改 设备基本信息,ROUTE_CONFIG6_GW,ROUTE_CONFIG6_GW,ROUTE CONFIG6 GW,Device.DeviceInfo.ROUTE_CONFIG6_GW,STRING,READ_WRITE,设备信息参数管理,WAN口配置参数管理,更新,其他分组已有/不在设备信息范围，从设备信息组删除,南向WAN/路由/DNS/接口字段映射到标准WAN口配置参数管理
MOD DEVICE_INFO,修改 设备基本信息,ROUTE_CONFIG6_NETADDR,ROUTE_CONFIG6_NETADDR,ROUTE CONFIG6 NETADDR,Device.DeviceInfo.ROUTE_CONFIG6_NETADDR,STRING,READ_WRITE,设备信息参数管理,WAN口配置参数管理,更新,其他分组已有/不在设备信息范围，从设备信息组删除,南向WAN/路由/DNS/接口字段映射到标准WAN口配置参数管理
MOD DEVICE_INFO,修改 设备基本信息,ROUTE_CONFIG6_NETMASK,ROUTE_CONFIG6_NETMASK,ROUTE CONFIG6 NETMASK,Device.DeviceInfo.ROUTE_CONFIG6_NETMASK,STRING,READ_WRITE,设备信息参数管理,WAN口配置参数管理,更新,其他分组已有/不在设备信息范围，从设备信息组删除,南向WAN/路由/DNS/接口字段映射到标准WAN口配置参数管理
MOD DEVICE_INFO,修改 设备基本信息,ROUTE_CONFIG6_ONBOOTENB,ROUTE_CONFIG6_ONBOOTENB,ROUTE CONFIG6 ONBOOTENB,Device.DeviceInfo.ROUTE_CONFIG6_ONBOOTENB,STRING,READ_WRITE,设备信息参数管理,WAN口配置参数管理,更新,其他分组已有/不在设备信息范围，从设备信息组删除,南向WAN/路由/DNS/接口字段映射到标准WAN口配置参数管理
MOD DEVICE_INFO,修改 设备基本信息,ROUTE_CONFIG6_V6_GW,ROUTE_CONFIG6_V6_GW,ROUTE CONFIG6 V6 GW,Device.DeviceInfo.ROUTE_CONFIG6_V6_GW,STRING,READ_WRITE,设备信息参数管理,WAN口配置参数管理,更新,其他分组已有/不在设备信息范围，从设备信息组删除,南向WAN/路由/DNS/接口字段映射到标准WAN口配置参数管理
MOD DEVICE_INFO,修改 设备基本信息,ROUTE_CONFIG6_V6_NETADDR,ROUTE_CONFIG6_V6_NETADDR,ROUTE CONFIG6 V6 NETADDR,Device.DeviceInfo.ROUTE_CONFIG6_V6_NETADDR,STRING,READ_WRITE,设备信息参数管理,WAN口配置参数管理,更新,其他分组已有/不在设备信息范围，从设备信息组删除,南向WAN/路由/DNS/接口字段映射到标准WAN口配置参数管理
MOD DEVICE_INFO,修改 设备基本信息,ROUTE_CONFIG6_V6_ONBOOT,ROUTE_CONFIG6_V6_ONBOOT,ROUTE CONFIG6 V6 ONBOOT,Device.DeviceInfo.ROUTE_CONFIG6_V6_ONBOOT,STRING,READ_WRITE,设备信息参数管理,WAN口配置参数管理,更新,其他分组已有/不在设备信息范围，从设备信息组删除,南向WAN/路由/DNS/接口字段映射到标准WAN口配置参数管理
MOD DEVICE_INFO,修改 设备基本信息,ROUTE_CONFIG6_V6_PREFIX,ROUTE_CONFIG6_V6_PREFIX,ROUTE CONFIG6 V6 PREFIX,Device.DeviceInfo.ROUTE_CONFIG6_V6_PREFIX,STRING,READ_WRITE,设备信息参数管理,WAN口配置参数管理,更新,其他分组已有/不在设备信息范围，从设备信息组删除,南向WAN/路由/DNS/接口字段映射到标准WAN口配置参数管理
MOD DEVICE_INFO,修改 设备基本信息,ROUTE_CONFIG7_GW,ROUTE_CONFIG7_GW,ROUTE CONFIG7 GW,Device.DeviceInfo.ROUTE_CONFIG7_GW,STRING,READ_WRITE,设备信息参数管理,WAN口配置参数管理,更新,其他分组已有/不在设备信息范围，从设备信息组删除,南向WAN/路由/DNS/接口字段映射到标准WAN口配置参数管理
MOD DEVICE_INFO,修改 设备基本信息,ROUTE_CONFIG7_NETADDR,ROUTE_CONFIG7_NETADDR,ROUTE CONFIG7 NETADDR,Device.DeviceInfo.ROUTE_CONFIG7_NETADDR,STRING,READ_WRITE,设备信息参数管理,WAN口配置参数管理,更新,其他分组已有/不在设备信息范围，从设备信息组删除,南向WAN/路由/DNS/接口字段映射到标准WAN口配置参数管理
MOD DEVICE_INFO,修改 设备基本信息,ROUTE_CONFIG7_NETMASK,ROUTE_CONFIG7_NETMASK,ROUTE CONFIG7 NETMASK,Device.DeviceInfo.ROUTE_CONFIG7_NETMASK,STRING,READ_WRITE,设备信息参数管理,WAN口配置参数管理,更新,其他分组已有/不在设备信息范围，从设备信息组删除,南向WAN/路由/DNS/接口字段映射到标准WAN口配置参数管理
MOD DEVICE_INFO,修改 设备基本信息,ROUTE_CONFIG7_ONBOOTENB,ROUTE_CONFIG7_ONBOOTENB,ROUTE CONFIG7 ONBOOTENB,Device.DeviceInfo.ROUTE_CONFIG7_ONBOOTENB,STRING,READ_WRITE,设备信息参数管理,WAN口配置参数管理,更新,其他分组已有/不在设备信息范围，从设备信息组删除,南向WAN/路由/DNS/接口字段映射到标准WAN口配置参数管理
MOD DEVICE_INFO,修改 设备基本信息,ROUTE_CONFIG7_V6_GW,ROUTE_CONFIG7_V6_GW,ROUTE CONFIG7 V6 GW,Device.DeviceInfo.ROUTE_CONFIG7_V6_GW,STRING,READ_WRITE,设备信息参数管理,WAN口配置参数管理,更新,其他分组已有/不在设备信息范围，从设备信息组删除,南向WAN/路由/DNS/接口字段映射到标准WAN口配置参数管理
MOD DEVICE_INFO,修改 设备基本信息,ROUTE_CONFIG7_V6_NETADDR,ROUTE_CONFIG7_V6_NETADDR,ROUTE CONFIG7 V6 NETADDR,Device.DeviceInfo.ROUTE_CONFIG7_V6_NETADDR,STRING,READ_WRITE,设备信息参数管理,WAN口配置参数管理,更新,其他分组已有/不在设备信息范围，从设备信息组删除,南向WAN/路由/DNS/接口字段映射到标准WAN口配置参数管理
MOD DEVICE_INFO,修改 设备基本信息,ROUTE_CONFIG7_V6_ONBOOT,ROUTE_CONFIG7_V6_ONBOOT,ROUTE CONFIG7 V6 ONBOOT,Device.DeviceInfo.ROUTE_CONFIG7_V6_ONBOOT,STRING,READ_WRITE,设备信息参数管理,WAN口配置参数管理,更新,其他分组已有/不在设备信息范围，从设备信息组删除,南向WAN/路由/DNS/接口字段映射到标准WAN口配置参数管理
MOD DEVICE_INFO,修改 设备基本信息,ROUTE_CONFIG7_V6_PREFIX,ROUTE_CONFIG7_V6_PREFIX,ROUTE CONFIG7 V6 PREFIX,Device.DeviceInfo.ROUTE_CONFIG7_V6_PREFIX,STRING,READ_WRITE,设备信息参数管理,WAN口配置参数管理,更新,其他分组已有/不在设备信息范围，从设备信息组删除,南向WAN/路由/DNS/接口字段映射到标准WAN口配置参数管理
MOD DEVICE_INFO,修改 设备基本信息,ROUTE_CONFIG8_GW,ROUTE_CONFIG8_GW,ROUTE CONFIG8 GW,Device.DeviceInfo.ROUTE_CONFIG8_GW,STRING,READ_WRITE,设备信息参数管理,WAN口配置参数管理,更新,其他分组已有/不在设备信息范围，从设备信息组删除,南向WAN/路由/DNS/接口字段映射到标准WAN口配置参数管理
MOD DEVICE_INFO,修改 设备基本信息,ROUTE_CONFIG8_NETADDR,ROUTE_CONFIG8_NETADDR,ROUTE CONFIG8 NETADDR,Device.DeviceInfo.ROUTE_CONFIG8_NETADDR,STRING,READ_WRITE,设备信息参数管理,WAN口配置参数管理,更新,其他分组已有/不在设备信息范围，从设备信息组删除,南向WAN/路由/DNS/接口字段映射到标准WAN口配置参数管理
MOD DEVICE_INFO,修改 设备基本信息,ROUTE_CONFIG8_NETMASK,ROUTE_CONFIG8_NETMASK,ROUTE CONFIG8 NETMASK,Device.DeviceInfo.ROUTE_CONFIG8_NETMASK,STRING,READ_WRITE,设备信息参数管理,WAN口配置参数管理,更新,其他分组已有/不在设备信息范围，从设备信息组删除,南向WAN/路由/DNS/接口字段映射到标准WAN口配置参数管理
MOD DEVICE_INFO,修改 设备基本信息,ROUTE_CONFIG8_ONBOOTENB,ROUTE_CONFIG8_ONBOOTENB,ROUTE CONFIG8 ONBOOTENB,Device.DeviceInfo.ROUTE_CONFIG8_ONBOOTENB,STRING,READ_WRITE,设备信息参数管理,WAN口配置参数管理,更新,其他分组已有/不在设备信息范围，从设备信息组删除,南向WAN/路由/DNS/接口字段映射到标准WAN口配置参数管理
MOD DEVICE_INFO,修改 设备基本信息,ROUTE_CONFIG8_V6_GW,ROUTE_CONFIG8_V6_GW,ROUTE CONFIG8 V6 GW,Device.DeviceInfo.ROUTE_CONFIG8_V6_GW,STRING,READ_WRITE,设备信息参数管理,WAN口配置参数管理,更新,其他分组已有/不在设备信息范围，从设备信息组删除,南向WAN/路由/DNS/接口字段映射到标准WAN口配置参数管理
MOD DEVICE_INFO,修改 设备基本信息,ROUTE_CONFIG8_V6_NETADDR,ROUTE_CONFIG8_V6_NETADDR,ROUTE CONFIG8 V6 NETADDR,Device.DeviceInfo.ROUTE_CONFIG8_V6_NETADDR,STRING,READ_WRITE,设备信息参数管理,WAN口配置参数管理,更新,其他分组已有/不在设备信息范围，从设备信息组删除,南向WAN/路由/DNS/接口字段映射到标准WAN口配置参数管理
MOD DEVICE_INFO,修改 设备基本信息,ROUTE_CONFIG8_V6_ONBOOT,ROUTE_CONFIG8_V6_ONBOOT,ROUTE CONFIG8 V6 ONBOOT,Device.DeviceInfo.ROUTE_CONFIG8_V6_ONBOOT,STRING,READ_WRITE,设备信息参数管理,WAN口配置参数管理,更新,其他分组已有/不在设备信息范围，从设备信息组删除,南向WAN/路由/DNS/接口字段映射到标准WAN口配置参数管理
MOD DEVICE_INFO,修改 设备基本信息,ROUTE_CONFIG8_V6_PREFIX,ROUTE_CONFIG8_V6_PREFIX,ROUTE CONFIG8 V6 PREFIX,Device.DeviceInfo.ROUTE_CONFIG8_V6_PREFIX,STRING,READ_WRITE,设备信息参数管理,WAN口配置参数管理,更新,其他分组已有/不在设备信息范围，从设备信息组删除,南向WAN/路由/DNS/接口字段映射到标准WAN口配置参数管理
MOD DEVICE_INFO,修改 设备基本信息,ROUTE_CONFIG9_GW,ROUTE_CONFIG9_GW,ROUTE CONFIG9 GW,Device.DeviceInfo.ROUTE_CONFIG9_GW,STRING,READ_WRITE,设备信息参数管理,WAN口配置参数管理,更新,其他分组已有/不在设备信息范围，从设备信息组删除,南向WAN/路由/DNS/接口字段映射到标准WAN口配置参数管理
MOD DEVICE_INFO,修改 设备基本信息,ROUTE_CONFIG9_NETADDR,ROUTE_CONFIG9_NETADDR,ROUTE CONFIG9 NETADDR,Device.DeviceInfo.ROUTE_CONFIG9_NETADDR,STRING,READ_WRITE,设备信息参数管理,WAN口配置参数管理,更新,其他分组已有/不在设备信息范围，从设备信息组删除,南向WAN/路由/DNS/接口字段映射到标准WAN口配置参数管理
MOD DEVICE_INFO,修改 设备基本信息,ROUTE_CONFIG9_NETMASK,ROUTE_CONFIG9_NETMASK,ROUTE CONFIG9 NETMASK,Device.DeviceInfo.ROUTE_CONFIG9_NETMASK,STRING,READ_WRITE,设备信息参数管理,WAN口配置参数管理,更新,其他分组已有/不在设备信息范围，从设备信息组删除,南向WAN/路由/DNS/接口字段映射到标准WAN口配置参数管理
MOD DEVICE_INFO,修改 设备基本信息,ROUTE_CONFIG9_ONBOOTENB,ROUTE_CONFIG9_ONBOOTENB,ROUTE CONFIG9 ONBOOTENB,Device.DeviceInfo.ROUTE_CONFIG9_ONBOOTENB,STRING,READ_WRITE,设备信息参数管理,WAN口配置参数管理,更新,其他分组已有/不在设备信息范围，从设备信息组删除,南向WAN/路由/DNS/接口字段映射到标准WAN口配置参数管理
MOD DEVICE_INFO,修改 设备基本信息,ROUTE_CONFIG9_V6_GW,ROUTE_CONFIG9_V6_GW,ROUTE CONFIG9 V6 GW,Device.DeviceInfo.ROUTE_CONFIG9_V6_GW,STRING,READ_WRITE,设备信息参数管理,WAN口配置参数管理,更新,其他分组已有/不在设备信息范围，从设备信息组删除,南向WAN/路由/DNS/接口字段映射到标准WAN口配置参数管理
MOD DEVICE_INFO,修改 设备基本信息,ROUTE_CONFIG9_V6_NETADDR,ROUTE_CONFIG9_V6_NETADDR,ROUTE CONFIG9 V6 NETADDR,Device.DeviceInfo.ROUTE_CONFIG9_V6_NETADDR,STRING,READ_WRITE,设备信息参数管理,WAN口配置参数管理,更新,其他分组已有/不在设备信息范围，从设备信息组删除,南向WAN/路由/DNS/接口字段映射到标准WAN口配置参数管理
MOD DEVICE_INFO,修改 设备基本信息,ROUTE_CONFIG9_V6_ONBOOT,ROUTE_CONFIG9_V6_ONBOOT,ROUTE CONFIG9 V6 ONBOOT,Device.DeviceInfo.ROUTE_CONFIG9_V6_ONBOOT,STRING,READ_WRITE,设备信息参数管理,WAN口配置参数管理,更新,其他分组已有/不在设备信息范围，从设备信息组删除,南向WAN/路由/DNS/接口字段映射到标准WAN口配置参数管理
MOD DEVICE_INFO,修改 设备基本信息,ROUTE_CONFIG9_V6_PREFIX,ROUTE_CONFIG9_V6_PREFIX,ROUTE CONFIG9 V6 PREFIX,Device.DeviceInfo.ROUTE_CONFIG9_V6_PREFIX,STRING,READ_WRITE,设备信息参数管理,WAN口配置参数管理,更新,其他分组已有/不在设备信息范围，从设备信息组删除,南向WAN/路由/DNS/接口字段映射到标准WAN口配置参数管理
MOD DEVICE_INFO,修改 设备基本信息,HARDWARE_VERSION_1792e695,HARDWARE_VERSION,Hardware Version,Device.DeviceInfo.RU.{i}.HardwareVersion,STRING,READ_ONLY,设备信息参数管理,扩展型皮站-远端单元（RU）参数管理,更新,其他分组已有/不在设备信息范围，从设备信息组删除,标准匹配：Device.DeviceInfo.RU.{i}.HardwareVersion -> Device.DeviceInfo.MU.{i}.Slot.{i}.EU.{i}.RU.{i}.HardwareVersion
MOD DEVICE_INFO,修改 设备基本信息,IP_ADDRESS_ec540a20,IP_ADDRESS,Ip Address,Device.DeviceInfo.RU.{i}.IpAddress,STRING,READ_ONLY,设备信息参数管理,扩展型皮站-远端单元（RU）参数管理,更新,其他分组已有/不在设备信息范围，从设备信息组删除,按RU对象层级映射到标准RU参数管理
MOD DEVICE_INFO,修改 设备基本信息,MAX_TX_POWER_3945b02e,MAX_TX_POWER,Max Tx Power,Device.DeviceInfo.RU.{i}.MaxTxPower,INT,READ_WRITE,设备信息参数管理,扩展型皮站-远端单元（RU）参数管理,更新,其他分组已有/不在设备信息范围，从设备信息组删除,按RU对象层级映射到标准RU参数管理
MOD DEVICE_INFO,修改 设备基本信息,MODEL_NAME_5b937c21,MODEL_NAME,Model Name,Device.DeviceInfo.RU.{i}.ModelName,STRING,READ_ONLY,设备信息参数管理,扩展型皮站-远端单元（RU）参数管理,更新,其他分组已有/不在设备信息范围，从设备信息组删除,标准匹配：Device.DeviceInfo.RU.{i}.ModelName -> Device.DeviceInfo.MU.{i}.Slot.{i}.EU.{i}.RU.{i}.ModelName
MOD DEVICE_INFO,修改 设备基本信息,RFTX_STATUS_1dab1760,RFTX_STATUS,Rftx Status,Device.DeviceInfo.RU.{i}.RFTxStatus,BOOLEAN,READ_WRITE,设备信息参数管理,扩展型皮站-远端单元（RU）参数管理,更新,其他分组已有/不在设备信息范围，从设备信息组删除,标准匹配：Device.DeviceInfo.RU.{i}.RFTxStatus -> Device.DeviceInfo.MU.{i}.Slot.{i}.EU.{i}.RU.{i}.RFTxStatus
MOD DEVICE_INFO,修改 设备基本信息,RUWITH_CELL_RELATION,RUWITH_CELL_RELATION,Ruwith Cell Relation,Device.DeviceInfo.RU.{i}.RUWithCellRelation,STRING,READ_WRITE,设备信息参数管理,扩展型皮站-远端单元（RU）参数管理,更新,其他分组已有/不在设备信息范围，从设备信息组删除,按RU对象层级映射到标准RU参数管理
MOD DEVICE_INFO,修改 设备基本信息,REBOOT_888b2084,REBOOT,Reboot,Device.DeviceInfo.RU.{i}.Reboot,BOOLEAN,READ_WRITE,设备信息参数管理,扩展型皮站-远端单元（RU）参数管理,更新,其他分组已有/不在设备信息范围，从设备信息组删除,标准匹配：Device.DeviceInfo.RU.{i}.Reboot -> Device.DeviceInfo.MU.{i}.Slot.{i}.EU.{i}.RU.{i}.Reboot
MOD DEVICE_INFO,修改 设备基本信息,ROUTE_INDEX_d2308329,ROUTE_INDEX,Route Index,Device.DeviceInfo.RU.{i}.RouteIndex,STRING,READ_ONLY,设备信息参数管理,扩展型皮站-远端单元（RU）参数管理,更新,其他分组已有/不在设备信息范围，从设备信息组删除,标准匹配：Device.DeviceInfo.RU.{i}.RouteIndex -> Device.DeviceInfo.MU.{i}.Slot.{i}.EU.{i}.RU.{i}.RouteIndex
MOD DEVICE_INFO,修改 设备基本信息,SERIAL_NUMBER_ef8f33b6,SERIAL_NUMBER,Serial Number,Device.DeviceInfo.RU.{i}.SerialNumber,STRING,READ_ONLY,设备信息参数管理,扩展型皮站-远端单元（RU）参数管理,更新,其他分组已有/不在设备信息范围，从设备信息组删除,标准匹配：Device.DeviceInfo.RU.{i}.SerialNumber -> Device.DeviceInfo.MU.{i}.Slot.{i}.EU.{i}.RU.{i}.SerialNumber
MOD DEVICE_INFO,修改 设备基本信息,SOFTWARE_VERSION_7bcba73b,SOFTWARE_VERSION,Software Version,Device.DeviceInfo.RU.{i}.SoftwareVersion,STRING,READ_ONLY,设备信息参数管理,扩展型皮站-远端单元（RU）参数管理,更新,其他分组已有/不在设备信息范围，从设备信息组删除,标准匹配：Device.DeviceInfo.RU.{i}.SoftwareVersion -> Device.DeviceInfo.MU.{i}.Slot.{i}.EU.{i}.RU.{i}.SoftwareVersion
MOD DEVICE_INFO,修改 设备基本信息,SW_UPGRADE_FAIL_CAUSE,SW_UPGRADE_FAIL_CAUSE,Sw Upgrade Fail Cause,Device.DeviceInfo.RU.{i}.SwUpgradeFailCause,STRING,READ_ONLY,设备信息参数管理,扩展型皮站-远端单元（RU）参数管理,更新,其他分组已有/不在设备信息范围，从设备信息组删除,按RU对象层级映射到标准RU参数管理
MOD DEVICE_INFO,修改 设备基本信息,SW_UPGRADE_STAGE,SW_UPGRADE_STAGE,Sw Upgrade Stage,Device.DeviceInfo.RU.{i}.SwUpgradeStage,STRING,READ_ONLY,设备信息参数管理,扩展型皮站-远端单元（RU）参数管理,更新,其他分组已有/不在设备信息范围，从设备信息组删除,按RU对象层级映射到标准RU参数管理
MOD DEVICE_INFO,修改 设备基本信息,SW_UPGRADE_STATUS,SW_UPGRADE_STATUS,Sw Upgrade Status,Device.DeviceInfo.RU.{i}.SwUpgradeStatus,STRING,READ_ONLY,设备信息参数管理,扩展型皮站-远端单元（RU）参数管理,更新,其他分组已有/不在设备信息范围，从设备信息组删除,按RU对象层级映射到标准RU参数管理
MOD DEVICE_INFO,修改 设备基本信息,CPI_LATITUDE,CPI_LATITUDE,Cpi Latitude,Device.DeviceInfo.SAS.CPI.cpiLatitude,INT,READ_WRITE,设备信息参数管理,跳过,跳过,SAS/CBRS/频谱字段未出现在两份中国移动标准南向规范，按多余项不导入,SAS/CBRS/频谱字段未出现在两份中国移动标准南向规范，按多余项不导入
MOD DEVICE_INFO,修改 设备基本信息,CPI_LONGITUDE,CPI_LONGITUDE,Cpi Longitude,Device.DeviceInfo.SAS.CPI.cpiLongitude,INT,READ_WRITE,设备信息参数管理,跳过,跳过,SAS/CBRS/频谱字段未出现在两份中国移动标准南向规范，按多余项不导入,SAS/CBRS/频谱字段未出现在两份中国移动标准南向规范，按多余项不导入
MOD DEVICE_INFO,修改 设备基本信息,CALL_SIGN,CALL_SIGN,Call Sign,Device.DeviceInfo.SAS.CallSign,STRING,READ_WRITE,设备信息参数管理,跳过,跳过,SAS/CBRS/频谱字段未出现在两份中国移动标准南向规范，按多余项不导入,SAS/CBRS/频谱字段未出现在两份中国移动标准南向规范，按多余项不导入
MOD DEVICE_INFO,修改 设备基本信息,CHANNEL_REUSE,CHANNEL_REUSE,Channel Reuse,Device.DeviceInfo.SAS.ChannelReuse,BOOLEAN,READ_WRITE,设备信息参数管理,跳过,跳过,SAS/CBRS/频谱字段未出现在两份中国移动标准南向规范，按多余项不导入,SAS/CBRS/频谱字段未出现在两份中国移动标准南向规范，按多余项不导入
MOD DEVICE_INFO,修改 设备基本信息,CPI_ID,CPI_ID,Cpi Id,Device.DeviceInfo.SAS.CpiId,STRING,READ_WRITE,设备信息参数管理,跳过,跳过,SAS/CBRS/频谱字段未出现在两份中国移动标准南向规范，按多余项不导入,SAS/CBRS/频谱字段未出现在两份中国移动标准南向规范，按多余项不导入
MOD DEVICE_INFO,修改 设备基本信息,CPI_INSTALL_CERTIFICATION_TIME,CPI_INSTALL_CERTIFICATION_TIME,Cpi Install Certification Time,Device.DeviceInfo.SAS.CpiInstallCertificationTime,STRING,READ_WRITE,设备信息参数管理,跳过,跳过,SAS/CBRS/频谱字段未出现在两份中国移动标准南向规范，按多余项不导入,SAS/CBRS/频谱字段未出现在两份中国移动标准南向规范，按多余项不导入
MOD DEVICE_INFO,修改 设备基本信息,CPI_INSTALL_CERTIFICATION_TIME2,CPI_INSTALL_CERTIFICATION_TIME2,Cpi Install Certification Time2,Device.DeviceInfo.SAS.CpiInstallCertificationTime2,STRING,READ_WRITE,设备信息参数管理,跳过,跳过,SAS/CBRS/频谱字段未出现在两份中国移动标准南向规范，按多余项不导入,SAS/CBRS/频谱字段未出现在两份中国移动标准南向规范，按多余项不导入
MOD DEVICE_INFO,修改 设备基本信息,CPI_INSTALL_CERTIFICATION_TIME3,CPI_INSTALL_CERTIFICATION_TIME3,Cpi Install Certification Time3,Device.DeviceInfo.SAS.CpiInstallCertificationTime3,STRING,READ_WRITE,设备信息参数管理,跳过,跳过,SAS/CBRS/频谱字段未出现在两份中国移动标准南向规范，按多余项不导入,SAS/CBRS/频谱字段未出现在两份中国移动标准南向规范，按多余项不导入
MOD DEVICE_INFO,修改 设备基本信息,CPI_NAME,CPI_NAME,Cpi Name,Device.DeviceInfo.SAS.CpiName,STRING,READ_WRITE,设备信息参数管理,跳过,跳过,SAS/CBRS/频谱字段未出现在两份中国移动标准南向规范，按多余项不导入,SAS/CBRS/频谱字段未出现在两份中国移动标准南向规范，按多余项不导入
MOD DEVICE_INFO,修改 设备基本信息,CPI_SIGNATURE_DATA,CPI_SIGNATURE_DATA,Cpi Signature Data,Device.DeviceInfo.SAS.CpiSignatureData,STRING,READ_WRITE,设备信息参数管理,跳过,跳过,SAS/CBRS/频谱字段未出现在两份中国移动标准南向规范，按多余项不导入,SAS/CBRS/频谱字段未出现在两份中国移动标准南向规范，按多余项不导入
MOD DEVICE_INFO,修改 设备基本信息,CPI_SIGNATURE_DATA2,CPI_SIGNATURE_DATA2,Cpi Signature Data2,Device.DeviceInfo.SAS.CpiSignatureData2,STRING,READ_WRITE,设备信息参数管理,跳过,跳过,SAS/CBRS/频谱字段未出现在两份中国移动标准南向规范，按多余项不导入,SAS/CBRS/频谱字段未出现在两份中国移动标准南向规范，按多余项不导入
MOD DEVICE_INFO,修改 设备基本信息,CPI_SIGNATURE_DATA3,CPI_SIGNATURE_DATA3,Cpi Signature Data3,Device.DeviceInfo.SAS.CpiSignatureData3,STRING,READ_WRITE,设备信息参数管理,跳过,跳过,SAS/CBRS/频谱字段未出现在两份中国移动标准南向规范，按多余项不导入,SAS/CBRS/频谱字段未出现在两份中国移动标准南向规范，按多余项不导入
MOD DEVICE_INFO,修改 设备基本信息,EIRP_CAPABILITY,EIRP_CAPABILITY,Eirp Capability,Device.DeviceInfo.SAS.EirpCapability,INT,READ_WRITE,设备信息参数管理,跳过,跳过,SAS/CBRS/频谱字段未出现在两份中国移动标准南向规范，按多余项不导入,SAS/CBRS/频谱字段未出现在两份中国移动标准南向规范，按多余项不导入
MOD DEVICE_INFO,修改 设备基本信息,LOCKED_LATITUDE,LOCKED_LATITUDE,Locked Latitude,Device.DeviceInfo.SAS.FAP.GPS.LockedLatitude,INT,READ_WRITE,设备信息参数管理,GPS信息参数管理,更新,其他分组已有/不在设备信息范围，从设备信息组删除,南向GPS/BDS字段映射到标准GPS信息参数管理
MOD DEVICE_INFO,修改 设备基本信息,LOCKED_LATITUDE2,LOCKED_LATITUDE2,Locked Latitude2,Device.DeviceInfo.SAS.FAP.GPS.LockedLatitude2,INT,READ_WRITE,设备信息参数管理,GPS信息参数管理,更新,其他分组已有/不在设备信息范围，从设备信息组删除,南向GPS/BDS字段映射到标准GPS信息参数管理
MOD DEVICE_INFO,修改 设备基本信息,LOCKED_LATITUDE3,LOCKED_LATITUDE3,Locked Latitude3,Device.DeviceInfo.SAS.FAP.GPS.LockedLatitude3,INT,READ_WRITE,设备信息参数管理,GPS信息参数管理,更新,其他分组已有/不在设备信息范围，从设备信息组删除,南向GPS/BDS字段映射到标准GPS信息参数管理
MOD DEVICE_INFO,修改 设备基本信息,LOCKED_LONGITUDE,LOCKED_LONGITUDE,Locked Longitude,Device.DeviceInfo.SAS.FAP.GPS.LockedLongitude,INT,READ_WRITE,设备信息参数管理,GPS信息参数管理,更新,其他分组已有/不在设备信息范围，从设备信息组删除,南向GPS/BDS字段映射到标准GPS信息参数管理
MOD DEVICE_INFO,修改 设备基本信息,LOCKED_LONGITUDE2,LOCKED_LONGITUDE2,Locked Longitude2,Device.DeviceInfo.SAS.FAP.GPS.LockedLongitude2,INT,READ_WRITE,设备信息参数管理,GPS信息参数管理,更新,其他分组已有/不在设备信息范围，从设备信息组删除,南向GPS/BDS字段映射到标准GPS信息参数管理
MOD DEVICE_INFO,修改 设备基本信息,LOCKED_LONGITUDE3,LOCKED_LONGITUDE3,Locked Longitude3,Device.DeviceInfo.SAS.FAP.GPS.LockedLongitude3,INT,READ_WRITE,设备信息参数管理,GPS信息参数管理,更新,其他分组已有/不在设备信息范围，从设备信息组删除,南向GPS/BDS字段映射到标准GPS信息参数管理
MOD DEVICE_INFO,修改 设备基本信息,FCC_ID,FCC_ID,Fcc Id,Device.DeviceInfo.SAS.FccId,STRING,READ_WRITE,设备信息参数管理,跳过,跳过,SAS/CBRS/频谱字段未出现在两份中国移动标准南向规范，按多余项不导入,SAS/CBRS/频谱字段未出现在两份中国移动标准南向规范，按多余项不导入
MOD DEVICE_INFO,修改 设备基本信息,FREQUENCY_CONTIGUOUS,FREQUENCY_CONTIGUOUS,Frequency Contiguous,Device.DeviceInfo.SAS.FrequencyContiguous,STRING,READ_ONLY,设备信息参数管理,跳过,跳过,SAS/CBRS/频谱字段未出现在两份中国移动标准南向规范，按多余项不导入,SAS/CBRS/频谱字段未出现在两份中国移动标准南向规范，按多余项不导入
MOD DEVICE_INFO,修改 设备基本信息,FREQUENCY_SELECTION_LOGIC,FREQUENCY_SELECTION_LOGIC,Frequency Selection Logic,Device.DeviceInfo.SAS.FrequencySelectionLogic,STRING,READ_WRITE,设备信息参数管理,跳过,跳过,SAS/CBRS/频谱字段未出现在两份中国移动标准南向规范，按多余项不导入,SAS/CBRS/频谱字段未出现在两份中国移动标准南向规范，按多余项不导入
MOD DEVICE_INFO,修改 设备基本信息,LEGACY_MODE,LEGACY_MODE,Legacy Mode,Device.DeviceInfo.SAS.LegacyMode,STRING,READ_WRITE,设备信息参数管理,跳过,跳过,SAS/CBRS/频谱字段未出现在两份中国移动标准南向规范，按多余项不导入,SAS/CBRS/频谱字段未出现在两份中国移动标准南向规范，按多余项不导入
MOD DEVICE_INFO,修改 设备基本信息,MAX_EIRP,MAX_EIRP,Max Eirp,Device.DeviceInfo.SAS.MaxEIRP,INT,READ_WRITE,设备信息参数管理,跳过,跳过,SAS/CBRS/频谱字段未出现在两份中国移动标准南向规范，按多余项不导入,SAS/CBRS/频谱字段未出现在两份中国移动标准南向规范，按多余项不导入
MOD DEVICE_INFO,修改 设备基本信息,PREFERRED_BANDWIDTH,PREFERRED_BANDWIDTH,Preferred Bandwidth,Device.DeviceInfo.SAS.PreferredBandwidth,STRING,READ_WRITE,设备信息参数管理,跳过,跳过,SAS/CBRS/频谱字段未出现在两份中国移动标准南向规范，按多余项不导入,SAS/CBRS/频谱字段未出现在两份中国移动标准南向规范，按多余项不导入
MOD DEVICE_INFO,修改 设备基本信息,PREFERRED_FREQUENCY,PREFERRED_FREQUENCY,Preferred Frequency,Device.DeviceInfo.SAS.PreferredFrequency,STRING,READ_WRITE,设备信息参数管理,跳过,跳过,SAS/CBRS/频谱字段未出现在两份中国移动标准南向规范，按多余项不导入,SAS/CBRS/频谱字段未出现在两份中国移动标准南向规范，按多余项不导入
MOD DEVICE_INFO,修改 设备基本信息,PREFERRED_POWER,PREFERRED_POWER,Preferred Power,Device.DeviceInfo.SAS.PreferredPower,STRING,READ_WRITE,设备信息参数管理,跳过,跳过,SAS/CBRS/频谱字段未出现在两份中国移动标准南向规范，按多余项不导入,SAS/CBRS/频谱字段未出现在两份中国移动标准南向规范，按多余项不导入
MOD DEVICE_INFO,修改 设备基本信息,RADIO_ENABLE,RADIO_ENABLE,Radio Enable,Device.DeviceInfo.SAS.RadioEnable,STRING,READ_WRITE,设备信息参数管理,跳过,跳过,SAS/CBRS/频谱字段未出现在两份中国移动标准南向规范，按多余项不导入,SAS/CBRS/频谱字段未出现在两份中国移动标准南向规范，按多余项不导入
MOD DEVICE_INFO,修改 设备基本信息,RADIO_ENABLE1,RADIO_ENABLE1,Radio Enable1,Device.DeviceInfo.SAS.RadioEnable1,STRING,READ_WRITE,设备信息参数管理,跳过,跳过,SAS/CBRS/频谱字段未出现在两份中国移动标准南向规范，按多余项不导入,SAS/CBRS/频谱字段未出现在两份中国移动标准南向规范，按多余项不导入
MOD DEVICE_INFO,修改 设备基本信息,RADIO_ENABLE2,RADIO_ENABLE2,Radio Enable2,Device.DeviceInfo.SAS.RadioEnable2,STRING,READ_WRITE,设备信息参数管理,跳过,跳过,SAS/CBRS/频谱字段未出现在两份中国移动标准南向规范，按多余项不导入,SAS/CBRS/频谱字段未出现在两份中国移动标准南向规范，按多余项不导入
MOD DEVICE_INFO,修改 设备基本信息,RADIO_ENABLE3,RADIO_ENABLE3,Radio Enable3,Device.DeviceInfo.SAS.RadioEnable3,STRING,READ_WRITE,设备信息参数管理,跳过,跳过,SAS/CBRS/频谱字段未出现在两份中国移动标准南向规范，按多余项不导入,SAS/CBRS/频谱字段未出现在两份中国移动标准南向规范，按多余项不导入
MOD DEVICE_INFO,修改 设备基本信息,REGISTRATION_TYPE,REGISTRATION_TYPE,Registration Type,Device.DeviceInfo.SAS.RegistrationType,STRING,READ_WRITE,设备信息参数管理,跳过,跳过,SAS/CBRS/频谱字段未出现在两份中国移动标准南向规范，按多余项不导入,SAS/CBRS/频谱字段未出现在两份中国移动标准南向规范，按多余项不导入
MOD DEVICE_INFO,修改 设备基本信息,SERVER_URL,SERVER_URL,Server Url,Device.DeviceInfo.SAS.ServerUrl,STRING,READ_WRITE,设备信息参数管理,跳过,跳过,SAS/CBRS/频谱字段未出现在两份中国移动标准南向规范，按多余项不导入,SAS/CBRS/频谱字段未出现在两份中国移动标准南向规范，按多余项不导入
MOD DEVICE_INFO,修改 设备基本信息,STATUS_04a13f7a,STATUS,Status,Device.DeviceInfo.SAS.Status,STRING,READ_WRITE,设备信息参数管理,跳过,跳过,SAS/CBRS/频谱字段未出现在两份中国移动标准南向规范，按多余项不导入,SAS/CBRS/频谱字段未出现在两份中国移动标准南向规范，按多余项不导入
MOD DEVICE_INFO,修改 设备基本信息,STATUS2,STATUS2,Status2,Device.DeviceInfo.SAS.Status2,STRING,READ_WRITE,设备信息参数管理,跳过,跳过,SAS/CBRS/频谱字段未出现在两份中国移动标准南向规范，按多余项不导入,SAS/CBRS/频谱字段未出现在两份中国移动标准南向规范，按多余项不导入
MOD DEVICE_INFO,修改 设备基本信息,STATUS3,STATUS3,Status3,Device.DeviceInfo.SAS.Status3,STRING,READ_WRITE,设备信息参数管理,跳过,跳过,SAS/CBRS/频谱字段未出现在两份中国移动标准南向规范，按多余项不导入,SAS/CBRS/频谱字段未出现在两份中国移动标准南向规范，按多余项不导入
MOD DEVICE_INFO,修改 设备基本信息,USER_ID,USER_ID,User Id,Device.DeviceInfo.SAS.UserId,STRING,READ_WRITE,设备信息参数管理,跳过,跳过,SAS/CBRS/频谱字段未出现在两份中国移动标准南向规范，按多余项不导入,SAS/CBRS/频谱字段未出现在两份中国移动标准南向规范，按多余项不导入
MOD DEVICE_INFO,修改 设备基本信息,ENABLE_MODE,ENABLE_MODE,Enable Mode,Device.DeviceInfo.SAS.enableMode,BOOLEAN,READ_WRITE,设备信息参数管理,跳过,跳过,SAS/CBRS/频谱字段未出现在两份中国移动标准南向规范，按多余项不导入,SAS/CBRS/频谱字段未出现在两份中国移动标准南向规范，按多余项不导入
MOD DEVICE_INFO,修改 设备基本信息,GROUP_ID,GROUP_ID,Group Id,Device.DeviceInfo.SAS.groupId,STRING,READ_WRITE,设备信息参数管理,跳过,跳过,SAS/CBRS/频谱字段未出现在两份中国移动标准南向规范，按多余项不导入,SAS/CBRS/频谱字段未出现在两份中国移动标准南向规范，按多余项不导入
MOD DEVICE_INFO,修改 设备基本信息,GROUP_TYPE,GROUP_TYPE,Group Type,Device.DeviceInfo.SAS.groupType,STRING,READ_WRITE,设备信息参数管理,跳过,跳过,SAS/CBRS/频谱字段未出现在两份中国移动标准南向规范，按多余项不导入,SAS/CBRS/频谱字段未出现在两份中国移动标准南向规范，按多余项不导入
MOD DEVICE_INFO,修改 设备基本信息,REQ_HIGH_FREQUENCY,REQ_HIGH_FREQUENCY,Req High Frequency,Device.DeviceInfo.SAS.reqHighFrequency,U_INT,READ_WRITE,设备信息参数管理,跳过,跳过,SAS/CBRS/频谱字段未出现在两份中国移动标准南向规范，按多余项不导入,SAS/CBRS/频谱字段未出现在两份中国移动标准南向规范，按多余项不导入
MOD DEVICE_INFO,修改 设备基本信息,REQ_LOW_FREQUENCY,REQ_LOW_FREQUENCY,Req Low Frequency,Device.DeviceInfo.SAS.reqLowFrequency,U_INT,READ_WRITE,设备信息参数管理,跳过,跳过,SAS/CBRS/频谱字段未出现在两份中国移动标准南向规范，按多余项不导入,SAS/CBRS/频谱字段未出现在两份中国移动标准南向规范，按多余项不导入
MOD DEVICE_INFO,修改 设备基本信息,STATIC_DNS_ENABLE,STATIC_DNS_ENABLE,STATIC DNS ENABLE,Device.DeviceInfo.STATIC_DNS_ENABLE,STRING,READ_WRITE,设备信息参数管理,跳过,跳过,未匹配标准南向分组，按多余项不导入,未匹配标准南向分组，按多余项不导入
MOD DEVICE_INFO,修改 设备基本信息,ENABLE_b5ddebfe,ENABLE,Enable,Device.DeviceInfo.SignallingTrace.Enable,BOOLEAN,READ_WRITE,设备信息参数管理,软采参数管理,更新,其他分组已有/不在设备信息范围，从设备信息组删除,SignallingTrace映射到软采/信令采集参数管理
MOD DEVICE_INFO,修改 设备基本信息,IP,IP,Ip,Device.DeviceInfo.SignallingTrace.IP,STRING,READ_WRITE,设备信息参数管理,软采参数管理,更新,其他分组已有/不在设备信息范围，从设备信息组删除,SignallingTrace映射到软采/信令采集参数管理
MOD DEVICE_INFO,修改 设备基本信息,PERIOD,PERIOD,Period,Device.DeviceInfo.SignallingTrace.Period,INT,READ_WRITE,设备信息参数管理,软采参数管理,更新,其他分组已有/不在设备信息范围，从设备信息组删除,SignallingTrace映射到软采/信令采集参数管理
MOD DEVICE_INFO,修改 设备基本信息,PORT,PORT,Port,Device.DeviceInfo.SignallingTrace.Port,STRING,READ_WRITE,设备信息参数管理,软采参数管理,更新,其他分组已有/不在设备信息范围，从设备信息组删除,SignallingTrace映射到软采/信令采集参数管理
MOD DEVICE_INFO,修改 设备基本信息,TRACE_ID,TRACE_ID,Trace Id,Device.DeviceInfo.SignallingTrace.TraceID,INT,READ_WRITE,设备信息参数管理,软采参数管理,更新,其他分组已有/不在设备信息范围，从设备信息组删除,SignallingTrace映射到软采/信令采集参数管理
MOD DEVICE_INFO,修改 设备基本信息,TRACE_TYPE,TRACE_TYPE,Trace Type,Device.DeviceInfo.SignallingTrace.TraceType,STRING,READ_WRITE,设备信息参数管理,软采参数管理,更新,其他分组已有/不在设备信息范围，从设备信息组删除,SignallingTrace映射到软采/信令采集参数管理
MOD DEVICE_INFO,修改 设备基本信息,SLAVE_INTERFACE,SLAVE_INTERFACE,Slave Interface,Device.DeviceInfo.SlaveInterface,STRING,READ_WRITE,设备信息参数管理,跳过,跳过,未匹配标准南向分组，按多余项不导入,未匹配标准南向分组，按多余项不导入
MOD DEVICE_INFO,修改 设备基本信息,SLAVE_INTERFACE_IP,SLAVE_INTERFACE_IP,Slave Interface IP,Device.DeviceInfo.SlaveInterfaceIP,STRING,READ_WRITE,设备信息参数管理,跳过,跳过,未匹配标准南向分组，按多余项不导入,未匹配标准南向分组，按多余项不导入
MOD DEVICE_INFO,修改 设备基本信息,SUPPORTED_POWER_RANGE,SUPPORTED_POWER_RANGE,Supported Power Range,Device.DeviceInfo.SupportedPowerRange,STRING,READ_WRITE,设备信息参数管理,小区服务参数管理（总体）,更新,其他分组已有/不在设备信息范围，从设备信息组删除,天线/射频字段映射到小区服务物理层参数
MOD DEVICE_INFO,修改 设备基本信息,UE_AMBR_DL,UE_AMBR_DL,Ue Ambr Dl,Device.DeviceInfo.UeAmbrDl,STRING,READ_WRITE,设备信息参数管理,小区服务参数管理（总体）,更新,其他分组已有/不在设备信息范围，从设备信息组删除,UE状态/接入字段映射到小区服务/接入管理
MOD DEVICE_INFO,修改 设备基本信息,UE_AMBR_UL,UE_AMBR_UL,Ue Ambr Ul,Device.DeviceInfo.UeAmbrUl,STRING,READ_WRITE,设备信息参数管理,小区服务参数管理（总体）,更新,其他分组已有/不在设备信息范围，从设备信息组删除,UE状态/接入字段映射到小区服务/接入管理
MOD DEVICE_INFO,修改 设备基本信息,ENABLE_d2159ee3,ENABLE,Enable,Device.DeviceInfo.UeInfoUpload.Enable,BOOLEAN,READ_WRITE,设备信息参数管理,小区服务参数管理（总体）,更新,其他分组已有/不在设备信息范围，从设备信息组删除,UE状态/接入字段映射到小区服务/接入管理
MOD DEVICE_INFO,修改 设备基本信息,URL,URL,Url,Device.DeviceInfo.UeInfoUpload.Url,STRING,READ_WRITE,设备信息参数管理,小区服务参数管理（总体）,更新,其他分组已有/不在设备信息范围，从设备信息组删除,UE状态/接入字段映射到小区服务/接入管理
MOD DEVICE_INFO,修改 设备基本信息,WAN_CONFIG10_DEFAULTGW,WAN_CONFIG10_DEFAULTGW,WAN CONFIG10 DEFAULTGW,Device.DeviceInfo.WAN_CONFIG10_DEFAULTGW,STRING,READ_WRITE,设备信息参数管理,WAN口配置参数管理,更新,其他分组已有/不在设备信息范围，从设备信息组删除,南向WAN/路由/DNS/接口字段映射到标准WAN口配置参数管理
MOD DEVICE_INFO,修改 设备基本信息,WAN_CONFIG10_ENABLE,WAN_CONFIG10_ENABLE,WAN CONFIG10 ENABLE,Device.DeviceInfo.WAN_CONFIG10_ENABLE,STRING,READ_WRITE,设备信息参数管理,WAN口配置参数管理,更新,其他分组已有/不在设备信息范围，从设备信息组删除,南向WAN/路由/DNS/接口字段映射到标准WAN口配置参数管理
MOD DEVICE_INFO,修改 设备基本信息,WAN_CONFIG10_IPADDR,WAN_CONFIG10_IPADDR,WAN CONFIG10 IPADDR,Device.DeviceInfo.WAN_CONFIG10_IPADDR,STRING,READ_WRITE,设备信息参数管理,WAN口配置参数管理,更新,其他分组已有/不在设备信息范围，从设备信息组删除,南向WAN/路由/DNS/接口字段映射到标准WAN口配置参数管理
MOD DEVICE_INFO,修改 设备基本信息,WAN_CONFIG10_IPMODE,WAN_CONFIG10_IPMODE,WAN CONFIG10 IPMODE,Device.DeviceInfo.WAN_CONFIG10_IPMODE,STRING,READ_WRITE,设备信息参数管理,WAN口配置参数管理,更新,其他分组已有/不在设备信息范围，从设备信息组删除,南向WAN/路由/DNS/接口字段映射到标准WAN口配置参数管理
MOD DEVICE_INFO,修改 设备基本信息,WAN_CONFIG10_NETMASK,WAN_CONFIG10_NETMASK,WAN CONFIG10 NETMASK,Device.DeviceInfo.WAN_CONFIG10_NETMASK,STRING,READ_WRITE,设备信息参数管理,WAN口配置参数管理,更新,其他分组已有/不在设备信息范围，从设备信息组删除,南向WAN/路由/DNS/接口字段映射到标准WAN口配置参数管理
MOD DEVICE_INFO,修改 设备基本信息,WAN_CONFIG10_OPTION60,WAN_CONFIG10_OPTION60,WAN CONFIG10 OPTION60,Device.DeviceInfo.WAN_CONFIG10_OPTION60,STRING,READ_WRITE,设备信息参数管理,WAN口配置参数管理,更新,其他分组已有/不在设备信息范围，从设备信息组删除,南向WAN/路由/DNS/接口字段映射到标准WAN口配置参数管理
MOD DEVICE_INFO,修改 设备基本信息,WAN_CONFIG10_V6_GW,WAN_CONFIG10_V6_GW,WAN CONFIG10 V6 GW,Device.DeviceInfo.WAN_CONFIG10_V6_GW,STRING,READ_WRITE,设备信息参数管理,WAN口配置参数管理,更新,其他分组已有/不在设备信息范围，从设备信息组删除,南向WAN/路由/DNS/接口字段映射到标准WAN口配置参数管理
MOD DEVICE_INFO,修改 设备基本信息,WAN_CONFIG10_V6_IPADDR,WAN_CONFIG10_V6_IPADDR,WAN CONFIG10 V6 IPADDR,Device.DeviceInfo.WAN_CONFIG10_V6_IPADDR,STRING,READ_WRITE,设备信息参数管理,WAN口配置参数管理,更新,其他分组已有/不在设备信息范围，从设备信息组删除,南向WAN/路由/DNS/接口字段映射到标准WAN口配置参数管理
MOD DEVICE_INFO,修改 设备基本信息,WAN_CONFIG10_V6_PREFIX,WAN_CONFIG10_V6_PREFIX,WAN CONFIG10 V6 PREFIX,Device.DeviceInfo.WAN_CONFIG10_V6_PREFIX,STRING,READ_WRITE,设备信息参数管理,WAN口配置参数管理,更新,其他分组已有/不在设备信息范围，从设备信息组删除,南向WAN/路由/DNS/接口字段映射到标准WAN口配置参数管理
MOD DEVICE_INFO,修改 设备基本信息,WAN_CONFIG10_VLAN,WAN_CONFIG10_VLAN,WAN CONFIG10 VLAN,Device.DeviceInfo.WAN_CONFIG10_VLAN,STRING,READ_WRITE,设备信息参数管理,WAN口配置参数管理,更新,其他分组已有/不在设备信息范围，从设备信息组删除,南向WAN/路由/DNS/接口字段映射到标准WAN口配置参数管理
MOD DEVICE_INFO,修改 设备基本信息,WAN_CONFIG11_DEFAULTGW,WAN_CONFIG11_DEFAULTGW,WAN CONFIG11 DEFAULTGW,Device.DeviceInfo.WAN_CONFIG11_DEFAULTGW,STRING,READ_WRITE,设备信息参数管理,WAN口配置参数管理,更新,其他分组已有/不在设备信息范围，从设备信息组删除,南向WAN/路由/DNS/接口字段映射到标准WAN口配置参数管理
MOD DEVICE_INFO,修改 设备基本信息,WAN_CONFIG11_ENABLE,WAN_CONFIG11_ENABLE,WAN CONFIG11 ENABLE,Device.DeviceInfo.WAN_CONFIG11_ENABLE,STRING,READ_WRITE,设备信息参数管理,WAN口配置参数管理,更新,其他分组已有/不在设备信息范围，从设备信息组删除,南向WAN/路由/DNS/接口字段映射到标准WAN口配置参数管理
MOD DEVICE_INFO,修改 设备基本信息,WAN_CONFIG11_IPADDR,WAN_CONFIG11_IPADDR,WAN CONFIG11 IPADDR,Device.DeviceInfo.WAN_CONFIG11_IPADDR,STRING,READ_WRITE,设备信息参数管理,WAN口配置参数管理,更新,其他分组已有/不在设备信息范围，从设备信息组删除,南向WAN/路由/DNS/接口字段映射到标准WAN口配置参数管理
MOD DEVICE_INFO,修改 设备基本信息,WAN_CONFIG11_IPMODE,WAN_CONFIG11_IPMODE,WAN CONFIG11 IPMODE,Device.DeviceInfo.WAN_CONFIG11_IPMODE,STRING,READ_WRITE,设备信息参数管理,WAN口配置参数管理,更新,其他分组已有/不在设备信息范围，从设备信息组删除,南向WAN/路由/DNS/接口字段映射到标准WAN口配置参数管理
MOD DEVICE_INFO,修改 设备基本信息,WAN_CONFIG11_NETMASK,WAN_CONFIG11_NETMASK,WAN CONFIG11 NETMASK,Device.DeviceInfo.WAN_CONFIG11_NETMASK,STRING,READ_WRITE,设备信息参数管理,WAN口配置参数管理,更新,其他分组已有/不在设备信息范围，从设备信息组删除,南向WAN/路由/DNS/接口字段映射到标准WAN口配置参数管理
MOD DEVICE_INFO,修改 设备基本信息,WAN_CONFIG11_OPTION60,WAN_CONFIG11_OPTION60,WAN CONFIG11 OPTION60,Device.DeviceInfo.WAN_CONFIG11_OPTION60,STRING,READ_WRITE,设备信息参数管理,WAN口配置参数管理,更新,其他分组已有/不在设备信息范围，从设备信息组删除,南向WAN/路由/DNS/接口字段映射到标准WAN口配置参数管理
MOD DEVICE_INFO,修改 设备基本信息,WAN_CONFIG11_V6_GW,WAN_CONFIG11_V6_GW,WAN CONFIG11 V6 GW,Device.DeviceInfo.WAN_CONFIG11_V6_GW,STRING,READ_WRITE,设备信息参数管理,WAN口配置参数管理,更新,其他分组已有/不在设备信息范围，从设备信息组删除,南向WAN/路由/DNS/接口字段映射到标准WAN口配置参数管理
MOD DEVICE_INFO,修改 设备基本信息,WAN_CONFIG11_V6_IPADDR,WAN_CONFIG11_V6_IPADDR,WAN CONFIG11 V6 IPADDR,Device.DeviceInfo.WAN_CONFIG11_V6_IPADDR,STRING,READ_WRITE,设备信息参数管理,WAN口配置参数管理,更新,其他分组已有/不在设备信息范围，从设备信息组删除,南向WAN/路由/DNS/接口字段映射到标准WAN口配置参数管理
MOD DEVICE_INFO,修改 设备基本信息,WAN_CONFIG11_V6_PREFIX,WAN_CONFIG11_V6_PREFIX,WAN CONFIG11 V6 PREFIX,Device.DeviceInfo.WAN_CONFIG11_V6_PREFIX,STRING,READ_WRITE,设备信息参数管理,WAN口配置参数管理,更新,其他分组已有/不在设备信息范围，从设备信息组删除,南向WAN/路由/DNS/接口字段映射到标准WAN口配置参数管理
MOD DEVICE_INFO,修改 设备基本信息,WAN_CONFIG11_VLAN,WAN_CONFIG11_VLAN,WAN CONFIG11 VLAN,Device.DeviceInfo.WAN_CONFIG11_VLAN,STRING,READ_WRITE,设备信息参数管理,WAN口配置参数管理,更新,其他分组已有/不在设备信息范围，从设备信息组删除,南向WAN/路由/DNS/接口字段映射到标准WAN口配置参数管理
MOD DEVICE_INFO,修改 设备基本信息,WAN_CONFIG12_DEFAULTGW,WAN_CONFIG12_DEFAULTGW,WAN CONFIG12 DEFAULTGW,Device.DeviceInfo.WAN_CONFIG12_DEFAULTGW,STRING,READ_WRITE,设备信息参数管理,WAN口配置参数管理,更新,其他分组已有/不在设备信息范围，从设备信息组删除,南向WAN/路由/DNS/接口字段映射到标准WAN口配置参数管理
MOD DEVICE_INFO,修改 设备基本信息,WAN_CONFIG12_ENABLE,WAN_CONFIG12_ENABLE,WAN CONFIG12 ENABLE,Device.DeviceInfo.WAN_CONFIG12_ENABLE,STRING,READ_WRITE,设备信息参数管理,WAN口配置参数管理,更新,其他分组已有/不在设备信息范围，从设备信息组删除,南向WAN/路由/DNS/接口字段映射到标准WAN口配置参数管理
MOD DEVICE_INFO,修改 设备基本信息,WAN_CONFIG12_IPADDR,WAN_CONFIG12_IPADDR,WAN CONFIG12 IPADDR,Device.DeviceInfo.WAN_CONFIG12_IPADDR,STRING,READ_WRITE,设备信息参数管理,WAN口配置参数管理,更新,其他分组已有/不在设备信息范围，从设备信息组删除,南向WAN/路由/DNS/接口字段映射到标准WAN口配置参数管理
MOD DEVICE_INFO,修改 设备基本信息,WAN_CONFIG12_IPMODE,WAN_CONFIG12_IPMODE,WAN CONFIG12 IPMODE,Device.DeviceInfo.WAN_CONFIG12_IPMODE,STRING,READ_WRITE,设备信息参数管理,WAN口配置参数管理,更新,其他分组已有/不在设备信息范围，从设备信息组删除,南向WAN/路由/DNS/接口字段映射到标准WAN口配置参数管理
MOD DEVICE_INFO,修改 设备基本信息,WAN_CONFIG12_NETMASK,WAN_CONFIG12_NETMASK,WAN CONFIG12 NETMASK,Device.DeviceInfo.WAN_CONFIG12_NETMASK,STRING,READ_WRITE,设备信息参数管理,WAN口配置参数管理,更新,其他分组已有/不在设备信息范围，从设备信息组删除,南向WAN/路由/DNS/接口字段映射到标准WAN口配置参数管理
MOD DEVICE_INFO,修改 设备基本信息,WAN_CONFIG12_OPTION60,WAN_CONFIG12_OPTION60,WAN CONFIG12 OPTION60,Device.DeviceInfo.WAN_CONFIG12_OPTION60,STRING,READ_WRITE,设备信息参数管理,WAN口配置参数管理,更新,其他分组已有/不在设备信息范围，从设备信息组删除,南向WAN/路由/DNS/接口字段映射到标准WAN口配置参数管理
MOD DEVICE_INFO,修改 设备基本信息,WAN_CONFIG12_V6_GW,WAN_CONFIG12_V6_GW,WAN CONFIG12 V6 GW,Device.DeviceInfo.WAN_CONFIG12_V6_GW,STRING,READ_WRITE,设备信息参数管理,WAN口配置参数管理,更新,其他分组已有/不在设备信息范围，从设备信息组删除,南向WAN/路由/DNS/接口字段映射到标准WAN口配置参数管理
MOD DEVICE_INFO,修改 设备基本信息,WAN_CONFIG12_V6_IPADDR,WAN_CONFIG12_V6_IPADDR,WAN CONFIG12 V6 IPADDR,Device.DeviceInfo.WAN_CONFIG12_V6_IPADDR,STRING,READ_WRITE,设备信息参数管理,WAN口配置参数管理,更新,其他分组已有/不在设备信息范围，从设备信息组删除,南向WAN/路由/DNS/接口字段映射到标准WAN口配置参数管理
MOD DEVICE_INFO,修改 设备基本信息,WAN_CONFIG12_V6_PREFIX,WAN_CONFIG12_V6_PREFIX,WAN CONFIG12 V6 PREFIX,Device.DeviceInfo.WAN_CONFIG12_V6_PREFIX,STRING,READ_WRITE,设备信息参数管理,WAN口配置参数管理,更新,其他分组已有/不在设备信息范围，从设备信息组删除,南向WAN/路由/DNS/接口字段映射到标准WAN口配置参数管理
MOD DEVICE_INFO,修改 设备基本信息,WAN_CONFIG12_VLAN,WAN_CONFIG12_VLAN,WAN CONFIG12 VLAN,Device.DeviceInfo.WAN_CONFIG12_VLAN,STRING,READ_WRITE,设备信息参数管理,WAN口配置参数管理,更新,其他分组已有/不在设备信息范围，从设备信息组删除,南向WAN/路由/DNS/接口字段映射到标准WAN口配置参数管理
MOD DEVICE_INFO,修改 设备基本信息,WAN_CONFIG1_CONNECT_TYPE,WAN_CONFIG1_CONNECT_TYPE,WAN CONFIG1 CONNECT TYPE,Device.DeviceInfo.WAN_CONFIG1_CONNECT_TYPE,STRING,READ_WRITE,设备信息参数管理,WAN口配置参数管理,更新,其他分组已有/不在设备信息范围，从设备信息组删除,南向WAN/路由/DNS/接口字段映射到标准WAN口配置参数管理
MOD DEVICE_INFO,修改 设备基本信息,WAN_CONFIG1_DEFAULTGW,WAN_CONFIG1_DEFAULTGW,WAN CONFIG1 DEFAULTGW,Device.DeviceInfo.WAN_CONFIG1_DEFAULTGW,STRING,READ_WRITE,设备信息参数管理,WAN口配置参数管理,更新,其他分组已有/不在设备信息范围，从设备信息组删除,南向WAN/路由/DNS/接口字段映射到标准WAN口配置参数管理
MOD DEVICE_INFO,修改 设备基本信息,WAN_CONFIG1_IPADDR,WAN_CONFIG1_IPADDR,WAN CONFIG1 IPADDR,Device.DeviceInfo.WAN_CONFIG1_IPADDR,STRING,READ_WRITE,设备信息参数管理,WAN口配置参数管理,更新,其他分组已有/不在设备信息范围，从设备信息组删除,南向WAN/路由/DNS/接口字段映射到标准WAN口配置参数管理
MOD DEVICE_INFO,修改 设备基本信息,WAN_CONFIG1_IPMODE,WAN_CONFIG1_IPMODE,WAN CONFIG1 IPMODE,Device.DeviceInfo.WAN_CONFIG1_IPMODE,STRING,READ_WRITE,设备信息参数管理,WAN口配置参数管理,更新,其他分组已有/不在设备信息范围，从设备信息组删除,南向WAN/路由/DNS/接口字段映射到标准WAN口配置参数管理
MOD DEVICE_INFO,修改 设备基本信息,WAN_CONFIG1_NETMASK,WAN_CONFIG1_NETMASK,WAN CONFIG1 NETMASK,Device.DeviceInfo.WAN_CONFIG1_NETMASK,STRING,READ_WRITE,设备信息参数管理,WAN口配置参数管理,更新,其他分组已有/不在设备信息范围，从设备信息组删除,南向WAN/路由/DNS/接口字段映射到标准WAN口配置参数管理
MOD DEVICE_INFO,修改 设备基本信息,WAN_CONFIG1_OPTION60,WAN_CONFIG1_OPTION60,WAN CONFIG1 OPTION60,Device.DeviceInfo.WAN_CONFIG1_OPTION60,STRING,READ_WRITE,设备信息参数管理,WAN口配置参数管理,更新,其他分组已有/不在设备信息范围，从设备信息组删除,南向WAN/路由/DNS/接口字段映射到标准WAN口配置参数管理
MOD DEVICE_INFO,修改 设备基本信息,WAN_CONFIG1_V6_GW,WAN_CONFIG1_V6_GW,WAN CONFIG1 V6 GW,Device.DeviceInfo.WAN_CONFIG1_V6_GW,STRING,READ_WRITE,设备信息参数管理,WAN口配置参数管理,更新,其他分组已有/不在设备信息范围，从设备信息组删除,南向WAN/路由/DNS/接口字段映射到标准WAN口配置参数管理
MOD DEVICE_INFO,修改 设备基本信息,WAN_CONFIG1_V6_IPADDR,WAN_CONFIG1_V6_IPADDR,WAN CONFIG1 V6 IPADDR,Device.DeviceInfo.WAN_CONFIG1_V6_IPADDR,STRING,READ_WRITE,设备信息参数管理,WAN口配置参数管理,更新,其他分组已有/不在设备信息范围，从设备信息组删除,南向WAN/路由/DNS/接口字段映射到标准WAN口配置参数管理
MOD DEVICE_INFO,修改 设备基本信息,WAN_CONFIG1_V6_PREFIX,WAN_CONFIG1_V6_PREFIX,WAN CONFIG1 V6 PREFIX,Device.DeviceInfo.WAN_CONFIG1_V6_PREFIX,STRING,READ_WRITE,设备信息参数管理,WAN口配置参数管理,更新,其他分组已有/不在设备信息范围，从设备信息组删除,南向WAN/路由/DNS/接口字段映射到标准WAN口配置参数管理
MOD DEVICE_INFO,修改 设备基本信息,WAN_CONFIG1_VLAN,WAN_CONFIG1_VLAN,WAN CONFIG1 VLAN,Device.DeviceInfo.WAN_CONFIG1_VLAN,STRING,READ_WRITE,设备信息参数管理,WAN口配置参数管理,更新,其他分组已有/不在设备信息范围，从设备信息组删除,南向WAN/路由/DNS/接口字段映射到标准WAN口配置参数管理
MOD DEVICE_INFO,修改 设备基本信息,WAN_CONFIG2_DEFAULTGW,WAN_CONFIG2_DEFAULTGW,WAN CONFIG2 DEFAULTGW,Device.DeviceInfo.WAN_CONFIG2_DEFAULTGW,STRING,READ_WRITE,设备信息参数管理,WAN口配置参数管理,更新,其他分组已有/不在设备信息范围，从设备信息组删除,南向WAN/路由/DNS/接口字段映射到标准WAN口配置参数管理
MOD DEVICE_INFO,修改 设备基本信息,WAN_CONFIG2_ENABLE,WAN_CONFIG2_ENABLE,WAN CONFIG2 ENABLE,Device.DeviceInfo.WAN_CONFIG2_ENABLE,STRING,READ_WRITE,设备信息参数管理,WAN口配置参数管理,更新,其他分组已有/不在设备信息范围，从设备信息组删除,南向WAN/路由/DNS/接口字段映射到标准WAN口配置参数管理
MOD DEVICE_INFO,修改 设备基本信息,WAN_CONFIG2_IPADDR,WAN_CONFIG2_IPADDR,WAN CONFIG2 IPADDR,Device.DeviceInfo.WAN_CONFIG2_IPADDR,STRING,READ_WRITE,设备信息参数管理,WAN口配置参数管理,更新,其他分组已有/不在设备信息范围，从设备信息组删除,南向WAN/路由/DNS/接口字段映射到标准WAN口配置参数管理
MOD DEVICE_INFO,修改 设备基本信息,WAN_CONFIG2_IPMODE,WAN_CONFIG2_IPMODE,WAN CONFIG2 IPMODE,Device.DeviceInfo.WAN_CONFIG2_IPMODE,STRING,READ_WRITE,设备信息参数管理,WAN口配置参数管理,更新,其他分组已有/不在设备信息范围，从设备信息组删除,南向WAN/路由/DNS/接口字段映射到标准WAN口配置参数管理
MOD DEVICE_INFO,修改 设备基本信息,WAN_CONFIG2_NETMASK,WAN_CONFIG2_NETMASK,WAN CONFIG2 NETMASK,Device.DeviceInfo.WAN_CONFIG2_NETMASK,STRING,READ_WRITE,设备信息参数管理,WAN口配置参数管理,更新,其他分组已有/不在设备信息范围，从设备信息组删除,南向WAN/路由/DNS/接口字段映射到标准WAN口配置参数管理
MOD DEVICE_INFO,修改 设备基本信息,WAN_CONFIG2_OPTION60,WAN_CONFIG2_OPTION60,WAN CONFIG2 OPTION60,Device.DeviceInfo.WAN_CONFIG2_OPTION60,STRING,READ_WRITE,设备信息参数管理,WAN口配置参数管理,更新,其他分组已有/不在设备信息范围，从设备信息组删除,南向WAN/路由/DNS/接口字段映射到标准WAN口配置参数管理
MOD DEVICE_INFO,修改 设备基本信息,WAN_CONFIG2_V6_GW,WAN_CONFIG2_V6_GW,WAN CONFIG2 V6 GW,Device.DeviceInfo.WAN_CONFIG2_V6_GW,STRING,READ_WRITE,设备信息参数管理,WAN口配置参数管理,更新,其他分组已有/不在设备信息范围，从设备信息组删除,南向WAN/路由/DNS/接口字段映射到标准WAN口配置参数管理
MOD DEVICE_INFO,修改 设备基本信息,WAN_CONFIG2_V6_IPADDR,WAN_CONFIG2_V6_IPADDR,WAN CONFIG2 V6 IPADDR,Device.DeviceInfo.WAN_CONFIG2_V6_IPADDR,STRING,READ_WRITE,设备信息参数管理,WAN口配置参数管理,更新,其他分组已有/不在设备信息范围，从设备信息组删除,南向WAN/路由/DNS/接口字段映射到标准WAN口配置参数管理
MOD DEVICE_INFO,修改 设备基本信息,WAN_CONFIG2_V6_PREFIX,WAN_CONFIG2_V6_PREFIX,WAN CONFIG2 V6 PREFIX,Device.DeviceInfo.WAN_CONFIG2_V6_PREFIX,STRING,READ_WRITE,设备信息参数管理,WAN口配置参数管理,更新,其他分组已有/不在设备信息范围，从设备信息组删除,南向WAN/路由/DNS/接口字段映射到标准WAN口配置参数管理
MOD DEVICE_INFO,修改 设备基本信息,WAN_CONFIG2_VLAN,WAN_CONFIG2_VLAN,WAN CONFIG2 VLAN,Device.DeviceInfo.WAN_CONFIG2_VLAN,STRING,READ_WRITE,设备信息参数管理,WAN口配置参数管理,更新,其他分组已有/不在设备信息范围，从设备信息组删除,南向WAN/路由/DNS/接口字段映射到标准WAN口配置参数管理
MOD DEVICE_INFO,修改 设备基本信息,WAN_CONFIG3_DEFAULTGW,WAN_CONFIG3_DEFAULTGW,WAN CONFIG3 DEFAULTGW,Device.DeviceInfo.WAN_CONFIG3_DEFAULTGW,STRING,READ_WRITE,设备信息参数管理,WAN口配置参数管理,更新,其他分组已有/不在设备信息范围，从设备信息组删除,南向WAN/路由/DNS/接口字段映射到标准WAN口配置参数管理
MOD DEVICE_INFO,修改 设备基本信息,WAN_CONFIG3_ENABLE,WAN_CONFIG3_ENABLE,WAN CONFIG3 ENABLE,Device.DeviceInfo.WAN_CONFIG3_ENABLE,STRING,READ_WRITE,设备信息参数管理,WAN口配置参数管理,更新,其他分组已有/不在设备信息范围，从设备信息组删除,南向WAN/路由/DNS/接口字段映射到标准WAN口配置参数管理
MOD DEVICE_INFO,修改 设备基本信息,WAN_CONFIG3_IPADDR,WAN_CONFIG3_IPADDR,WAN CONFIG3 IPADDR,Device.DeviceInfo.WAN_CONFIG3_IPADDR,STRING,READ_WRITE,设备信息参数管理,WAN口配置参数管理,更新,其他分组已有/不在设备信息范围，从设备信息组删除,南向WAN/路由/DNS/接口字段映射到标准WAN口配置参数管理
MOD DEVICE_INFO,修改 设备基本信息,WAN_CONFIG3_IPMODE,WAN_CONFIG3_IPMODE,WAN CONFIG3 IPMODE,Device.DeviceInfo.WAN_CONFIG3_IPMODE,STRING,READ_WRITE,设备信息参数管理,WAN口配置参数管理,更新,其他分组已有/不在设备信息范围，从设备信息组删除,南向WAN/路由/DNS/接口字段映射到标准WAN口配置参数管理
MOD DEVICE_INFO,修改 设备基本信息,WAN_CONFIG3_NETMASK,WAN_CONFIG3_NETMASK,WAN CONFIG3 NETMASK,Device.DeviceInfo.WAN_CONFIG3_NETMASK,STRING,READ_WRITE,设备信息参数管理,WAN口配置参数管理,更新,其他分组已有/不在设备信息范围，从设备信息组删除,南向WAN/路由/DNS/接口字段映射到标准WAN口配置参数管理
MOD DEVICE_INFO,修改 设备基本信息,WAN_CONFIG3_OPTION60,WAN_CONFIG3_OPTION60,WAN CONFIG3 OPTION60,Device.DeviceInfo.WAN_CONFIG3_OPTION60,STRING,READ_WRITE,设备信息参数管理,WAN口配置参数管理,更新,其他分组已有/不在设备信息范围，从设备信息组删除,南向WAN/路由/DNS/接口字段映射到标准WAN口配置参数管理
MOD DEVICE_INFO,修改 设备基本信息,WAN_CONFIG3_V6_GW,WAN_CONFIG3_V6_GW,WAN CONFIG3 V6 GW,Device.DeviceInfo.WAN_CONFIG3_V6_GW,STRING,READ_WRITE,设备信息参数管理,WAN口配置参数管理,更新,其他分组已有/不在设备信息范围，从设备信息组删除,南向WAN/路由/DNS/接口字段映射到标准WAN口配置参数管理
MOD DEVICE_INFO,修改 设备基本信息,WAN_CONFIG3_V6_IPADDR,WAN_CONFIG3_V6_IPADDR,WAN CONFIG3 V6 IPADDR,Device.DeviceInfo.WAN_CONFIG3_V6_IPADDR,STRING,READ_WRITE,设备信息参数管理,WAN口配置参数管理,更新,其他分组已有/不在设备信息范围，从设备信息组删除,南向WAN/路由/DNS/接口字段映射到标准WAN口配置参数管理
MOD DEVICE_INFO,修改 设备基本信息,WAN_CONFIG3_V6_PREFIX,WAN_CONFIG3_V6_PREFIX,WAN CONFIG3 V6 PREFIX,Device.DeviceInfo.WAN_CONFIG3_V6_PREFIX,STRING,READ_WRITE,设备信息参数管理,WAN口配置参数管理,更新,其他分组已有/不在设备信息范围，从设备信息组删除,南向WAN/路由/DNS/接口字段映射到标准WAN口配置参数管理
MOD DEVICE_INFO,修改 设备基本信息,WAN_CONFIG3_VLAN,WAN_CONFIG3_VLAN,WAN CONFIG3 VLAN,Device.DeviceInfo.WAN_CONFIG3_VLAN,STRING,READ_WRITE,设备信息参数管理,WAN口配置参数管理,更新,其他分组已有/不在设备信息范围，从设备信息组删除,南向WAN/路由/DNS/接口字段映射到标准WAN口配置参数管理
MOD DEVICE_INFO,修改 设备基本信息,WAN_CONFIG4_DEFAULTGW,WAN_CONFIG4_DEFAULTGW,WAN CONFIG4 DEFAULTGW,Device.DeviceInfo.WAN_CONFIG4_DEFAULTGW,STRING,READ_WRITE,设备信息参数管理,WAN口配置参数管理,更新,其他分组已有/不在设备信息范围，从设备信息组删除,南向WAN/路由/DNS/接口字段映射到标准WAN口配置参数管理
MOD DEVICE_INFO,修改 设备基本信息,WAN_CONFIG4_ENABLE,WAN_CONFIG4_ENABLE,WAN CONFIG4 ENABLE,Device.DeviceInfo.WAN_CONFIG4_ENABLE,STRING,READ_WRITE,设备信息参数管理,WAN口配置参数管理,更新,其他分组已有/不在设备信息范围，从设备信息组删除,南向WAN/路由/DNS/接口字段映射到标准WAN口配置参数管理
MOD DEVICE_INFO,修改 设备基本信息,WAN_CONFIG4_IPADDR,WAN_CONFIG4_IPADDR,WAN CONFIG4 IPADDR,Device.DeviceInfo.WAN_CONFIG4_IPADDR,STRING,READ_WRITE,设备信息参数管理,WAN口配置参数管理,更新,其他分组已有/不在设备信息范围，从设备信息组删除,南向WAN/路由/DNS/接口字段映射到标准WAN口配置参数管理
MOD DEVICE_INFO,修改 设备基本信息,WAN_CONFIG4_IPMODE,WAN_CONFIG4_IPMODE,WAN CONFIG4 IPMODE,Device.DeviceInfo.WAN_CONFIG4_IPMODE,STRING,READ_WRITE,设备信息参数管理,WAN口配置参数管理,更新,其他分组已有/不在设备信息范围，从设备信息组删除,南向WAN/路由/DNS/接口字段映射到标准WAN口配置参数管理
MOD DEVICE_INFO,修改 设备基本信息,WAN_CONFIG4_NETMASK,WAN_CONFIG4_NETMASK,WAN CONFIG4 NETMASK,Device.DeviceInfo.WAN_CONFIG4_NETMASK,STRING,READ_WRITE,设备信息参数管理,WAN口配置参数管理,更新,其他分组已有/不在设备信息范围，从设备信息组删除,南向WAN/路由/DNS/接口字段映射到标准WAN口配置参数管理
MOD DEVICE_INFO,修改 设备基本信息,WAN_CONFIG4_OPTION60,WAN_CONFIG4_OPTION60,WAN CONFIG4 OPTION60,Device.DeviceInfo.WAN_CONFIG4_OPTION60,STRING,READ_WRITE,设备信息参数管理,WAN口配置参数管理,更新,其他分组已有/不在设备信息范围，从设备信息组删除,南向WAN/路由/DNS/接口字段映射到标准WAN口配置参数管理
MOD DEVICE_INFO,修改 设备基本信息,WAN_CONFIG4_V6_GW,WAN_CONFIG4_V6_GW,WAN CONFIG4 V6 GW,Device.DeviceInfo.WAN_CONFIG4_V6_GW,STRING,READ_WRITE,设备信息参数管理,WAN口配置参数管理,更新,其他分组已有/不在设备信息范围，从设备信息组删除,南向WAN/路由/DNS/接口字段映射到标准WAN口配置参数管理
MOD DEVICE_INFO,修改 设备基本信息,WAN_CONFIG4_V6_IPADDR,WAN_CONFIG4_V6_IPADDR,WAN CONFIG4 V6 IPADDR,Device.DeviceInfo.WAN_CONFIG4_V6_IPADDR,STRING,READ_WRITE,设备信息参数管理,WAN口配置参数管理,更新,其他分组已有/不在设备信息范围，从设备信息组删除,南向WAN/路由/DNS/接口字段映射到标准WAN口配置参数管理
MOD DEVICE_INFO,修改 设备基本信息,WAN_CONFIG4_V6_PREFIX,WAN_CONFIG4_V6_PREFIX,WAN CONFIG4 V6 PREFIX,Device.DeviceInfo.WAN_CONFIG4_V6_PREFIX,STRING,READ_WRITE,设备信息参数管理,WAN口配置参数管理,更新,其他分组已有/不在设备信息范围，从设备信息组删除,南向WAN/路由/DNS/接口字段映射到标准WAN口配置参数管理
MOD DEVICE_INFO,修改 设备基本信息,WAN_CONFIG4_VLAN,WAN_CONFIG4_VLAN,WAN CONFIG4 VLAN,Device.DeviceInfo.WAN_CONFIG4_VLAN,STRING,READ_WRITE,设备信息参数管理,WAN口配置参数管理,更新,其他分组已有/不在设备信息范围，从设备信息组删除,南向WAN/路由/DNS/接口字段映射到标准WAN口配置参数管理
MOD DEVICE_INFO,修改 设备基本信息,WAN_CONFIG5_DEFAULTGW,WAN_CONFIG5_DEFAULTGW,WAN CONFIG5 DEFAULTGW,Device.DeviceInfo.WAN_CONFIG5_DEFAULTGW,STRING,READ_WRITE,设备信息参数管理,WAN口配置参数管理,更新,其他分组已有/不在设备信息范围，从设备信息组删除,南向WAN/路由/DNS/接口字段映射到标准WAN口配置参数管理
MOD DEVICE_INFO,修改 设备基本信息,WAN_CONFIG5_ENABLE,WAN_CONFIG5_ENABLE,WAN CONFIG5 ENABLE,Device.DeviceInfo.WAN_CONFIG5_ENABLE,STRING,READ_WRITE,设备信息参数管理,WAN口配置参数管理,更新,其他分组已有/不在设备信息范围，从设备信息组删除,南向WAN/路由/DNS/接口字段映射到标准WAN口配置参数管理
MOD DEVICE_INFO,修改 设备基本信息,WAN_CONFIG5_IPADDR,WAN_CONFIG5_IPADDR,WAN CONFIG5 IPADDR,Device.DeviceInfo.WAN_CONFIG5_IPADDR,STRING,READ_WRITE,设备信息参数管理,WAN口配置参数管理,更新,其他分组已有/不在设备信息范围，从设备信息组删除,南向WAN/路由/DNS/接口字段映射到标准WAN口配置参数管理
MOD DEVICE_INFO,修改 设备基本信息,WAN_CONFIG5_IPMODE,WAN_CONFIG5_IPMODE,WAN CONFIG5 IPMODE,Device.DeviceInfo.WAN_CONFIG5_IPMODE,STRING,READ_WRITE,设备信息参数管理,WAN口配置参数管理,更新,其他分组已有/不在设备信息范围，从设备信息组删除,南向WAN/路由/DNS/接口字段映射到标准WAN口配置参数管理
MOD DEVICE_INFO,修改 设备基本信息,WAN_CONFIG5_NETMASK,WAN_CONFIG5_NETMASK,WAN CONFIG5 NETMASK,Device.DeviceInfo.WAN_CONFIG5_NETMASK,STRING,READ_WRITE,设备信息参数管理,WAN口配置参数管理,更新,其他分组已有/不在设备信息范围，从设备信息组删除,南向WAN/路由/DNS/接口字段映射到标准WAN口配置参数管理
MOD DEVICE_INFO,修改 设备基本信息,WAN_CONFIG5_OPTION60,WAN_CONFIG5_OPTION60,WAN CONFIG5 OPTION60,Device.DeviceInfo.WAN_CONFIG5_OPTION60,STRING,READ_WRITE,设备信息参数管理,WAN口配置参数管理,更新,其他分组已有/不在设备信息范围，从设备信息组删除,南向WAN/路由/DNS/接口字段映射到标准WAN口配置参数管理
MOD DEVICE_INFO,修改 设备基本信息,WAN_CONFIG5_V6_GW,WAN_CONFIG5_V6_GW,WAN CONFIG5 V6 GW,Device.DeviceInfo.WAN_CONFIG5_V6_GW,STRING,READ_WRITE,设备信息参数管理,WAN口配置参数管理,更新,其他分组已有/不在设备信息范围，从设备信息组删除,南向WAN/路由/DNS/接口字段映射到标准WAN口配置参数管理
MOD DEVICE_INFO,修改 设备基本信息,WAN_CONFIG5_V6_IPADDR,WAN_CONFIG5_V6_IPADDR,WAN CONFIG5 V6 IPADDR,Device.DeviceInfo.WAN_CONFIG5_V6_IPADDR,STRING,READ_WRITE,设备信息参数管理,WAN口配置参数管理,更新,其他分组已有/不在设备信息范围，从设备信息组删除,南向WAN/路由/DNS/接口字段映射到标准WAN口配置参数管理
MOD DEVICE_INFO,修改 设备基本信息,WAN_CONFIG5_V6_PREFIX,WAN_CONFIG5_V6_PREFIX,WAN CONFIG5 V6 PREFIX,Device.DeviceInfo.WAN_CONFIG5_V6_PREFIX,STRING,READ_WRITE,设备信息参数管理,WAN口配置参数管理,更新,其他分组已有/不在设备信息范围，从设备信息组删除,南向WAN/路由/DNS/接口字段映射到标准WAN口配置参数管理
MOD DEVICE_INFO,修改 设备基本信息,WAN_CONFIG5_VLAN,WAN_CONFIG5_VLAN,WAN CONFIG5 VLAN,Device.DeviceInfo.WAN_CONFIG5_VLAN,STRING,READ_WRITE,设备信息参数管理,WAN口配置参数管理,更新,其他分组已有/不在设备信息范围，从设备信息组删除,南向WAN/路由/DNS/接口字段映射到标准WAN口配置参数管理
MOD DEVICE_INFO,修改 设备基本信息,WAN_CONFIG6_DEFAULTGW,WAN_CONFIG6_DEFAULTGW,WAN CONFIG6 DEFAULTGW,Device.DeviceInfo.WAN_CONFIG6_DEFAULTGW,STRING,READ_WRITE,设备信息参数管理,WAN口配置参数管理,更新,其他分组已有/不在设备信息范围，从设备信息组删除,南向WAN/路由/DNS/接口字段映射到标准WAN口配置参数管理
MOD DEVICE_INFO,修改 设备基本信息,WAN_CONFIG6_ENABLE,WAN_CONFIG6_ENABLE,WAN CONFIG6 ENABLE,Device.DeviceInfo.WAN_CONFIG6_ENABLE,STRING,READ_WRITE,设备信息参数管理,WAN口配置参数管理,更新,其他分组已有/不在设备信息范围，从设备信息组删除,南向WAN/路由/DNS/接口字段映射到标准WAN口配置参数管理
MOD DEVICE_INFO,修改 设备基本信息,WAN_CONFIG6_IPADDR,WAN_CONFIG6_IPADDR,WAN CONFIG6 IPADDR,Device.DeviceInfo.WAN_CONFIG6_IPADDR,STRING,READ_WRITE,设备信息参数管理,WAN口配置参数管理,更新,其他分组已有/不在设备信息范围，从设备信息组删除,南向WAN/路由/DNS/接口字段映射到标准WAN口配置参数管理
MOD DEVICE_INFO,修改 设备基本信息,WAN_CONFIG6_IPMODE,WAN_CONFIG6_IPMODE,WAN CONFIG6 IPMODE,Device.DeviceInfo.WAN_CONFIG6_IPMODE,STRING,READ_WRITE,设备信息参数管理,WAN口配置参数管理,更新,其他分组已有/不在设备信息范围，从设备信息组删除,南向WAN/路由/DNS/接口字段映射到标准WAN口配置参数管理
MOD DEVICE_INFO,修改 设备基本信息,WAN_CONFIG6_NETMASK,WAN_CONFIG6_NETMASK,WAN CONFIG6 NETMASK,Device.DeviceInfo.WAN_CONFIG6_NETMASK,STRING,READ_WRITE,设备信息参数管理,WAN口配置参数管理,更新,其他分组已有/不在设备信息范围，从设备信息组删除,南向WAN/路由/DNS/接口字段映射到标准WAN口配置参数管理
MOD DEVICE_INFO,修改 设备基本信息,WAN_CONFIG6_OPTION60,WAN_CONFIG6_OPTION60,WAN CONFIG6 OPTION60,Device.DeviceInfo.WAN_CONFIG6_OPTION60,STRING,READ_WRITE,设备信息参数管理,WAN口配置参数管理,更新,其他分组已有/不在设备信息范围，从设备信息组删除,南向WAN/路由/DNS/接口字段映射到标准WAN口配置参数管理
MOD DEVICE_INFO,修改 设备基本信息,WAN_CONFIG6_V6_GW,WAN_CONFIG6_V6_GW,WAN CONFIG6 V6 GW,Device.DeviceInfo.WAN_CONFIG6_V6_GW,STRING,READ_WRITE,设备信息参数管理,WAN口配置参数管理,更新,其他分组已有/不在设备信息范围，从设备信息组删除,南向WAN/路由/DNS/接口字段映射到标准WAN口配置参数管理
MOD DEVICE_INFO,修改 设备基本信息,WAN_CONFIG6_V6_IPADDR,WAN_CONFIG6_V6_IPADDR,WAN CONFIG6 V6 IPADDR,Device.DeviceInfo.WAN_CONFIG6_V6_IPADDR,STRING,READ_WRITE,设备信息参数管理,WAN口配置参数管理,更新,其他分组已有/不在设备信息范围，从设备信息组删除,南向WAN/路由/DNS/接口字段映射到标准WAN口配置参数管理
MOD DEVICE_INFO,修改 设备基本信息,WAN_CONFIG6_V6_PREFIX,WAN_CONFIG6_V6_PREFIX,WAN CONFIG6 V6 PREFIX,Device.DeviceInfo.WAN_CONFIG6_V6_PREFIX,STRING,READ_WRITE,设备信息参数管理,WAN口配置参数管理,更新,其他分组已有/不在设备信息范围，从设备信息组删除,南向WAN/路由/DNS/接口字段映射到标准WAN口配置参数管理
MOD DEVICE_INFO,修改 设备基本信息,WAN_CONFIG6_VLAN,WAN_CONFIG6_VLAN,WAN CONFIG6 VLAN,Device.DeviceInfo.WAN_CONFIG6_VLAN,STRING,READ_WRITE,设备信息参数管理,WAN口配置参数管理,更新,其他分组已有/不在设备信息范围，从设备信息组删除,南向WAN/路由/DNS/接口字段映射到标准WAN口配置参数管理
MOD DEVICE_INFO,修改 设备基本信息,WAN_CONFIG7_DEFAULTGW,WAN_CONFIG7_DEFAULTGW,WAN CONFIG7 DEFAULTGW,Device.DeviceInfo.WAN_CONFIG7_DEFAULTGW,STRING,READ_WRITE,设备信息参数管理,WAN口配置参数管理,更新,其他分组已有/不在设备信息范围，从设备信息组删除,南向WAN/路由/DNS/接口字段映射到标准WAN口配置参数管理
MOD DEVICE_INFO,修改 设备基本信息,WAN_CONFIG7_ENABLE,WAN_CONFIG7_ENABLE,WAN CONFIG7 ENABLE,Device.DeviceInfo.WAN_CONFIG7_ENABLE,STRING,READ_WRITE,设备信息参数管理,WAN口配置参数管理,更新,其他分组已有/不在设备信息范围，从设备信息组删除,南向WAN/路由/DNS/接口字段映射到标准WAN口配置参数管理
MOD DEVICE_INFO,修改 设备基本信息,WAN_CONFIG7_IPADDR,WAN_CONFIG7_IPADDR,WAN CONFIG7 IPADDR,Device.DeviceInfo.WAN_CONFIG7_IPADDR,STRING,READ_WRITE,设备信息参数管理,WAN口配置参数管理,更新,其他分组已有/不在设备信息范围，从设备信息组删除,南向WAN/路由/DNS/接口字段映射到标准WAN口配置参数管理
MOD DEVICE_INFO,修改 设备基本信息,WAN_CONFIG7_IPMODE,WAN_CONFIG7_IPMODE,WAN CONFIG7 IPMODE,Device.DeviceInfo.WAN_CONFIG7_IPMODE,STRING,READ_WRITE,设备信息参数管理,WAN口配置参数管理,更新,其他分组已有/不在设备信息范围，从设备信息组删除,南向WAN/路由/DNS/接口字段映射到标准WAN口配置参数管理
MOD DEVICE_INFO,修改 设备基本信息,WAN_CONFIG7_NETMASK,WAN_CONFIG7_NETMASK,WAN CONFIG7 NETMASK,Device.DeviceInfo.WAN_CONFIG7_NETMASK,STRING,READ_WRITE,设备信息参数管理,WAN口配置参数管理,更新,其他分组已有/不在设备信息范围，从设备信息组删除,南向WAN/路由/DNS/接口字段映射到标准WAN口配置参数管理
MOD DEVICE_INFO,修改 设备基本信息,WAN_CONFIG7_OPTION60,WAN_CONFIG7_OPTION60,WAN CONFIG7 OPTION60,Device.DeviceInfo.WAN_CONFIG7_OPTION60,STRING,READ_WRITE,设备信息参数管理,WAN口配置参数管理,更新,其他分组已有/不在设备信息范围，从设备信息组删除,南向WAN/路由/DNS/接口字段映射到标准WAN口配置参数管理
MOD DEVICE_INFO,修改 设备基本信息,WAN_CONFIG7_V6_GW,WAN_CONFIG7_V6_GW,WAN CONFIG7 V6 GW,Device.DeviceInfo.WAN_CONFIG7_V6_GW,STRING,READ_WRITE,设备信息参数管理,WAN口配置参数管理,更新,其他分组已有/不在设备信息范围，从设备信息组删除,南向WAN/路由/DNS/接口字段映射到标准WAN口配置参数管理
MOD DEVICE_INFO,修改 设备基本信息,WAN_CONFIG7_V6_IPADDR,WAN_CONFIG7_V6_IPADDR,WAN CONFIG7 V6 IPADDR,Device.DeviceInfo.WAN_CONFIG7_V6_IPADDR,STRING,READ_WRITE,设备信息参数管理,WAN口配置参数管理,更新,其他分组已有/不在设备信息范围，从设备信息组删除,南向WAN/路由/DNS/接口字段映射到标准WAN口配置参数管理
MOD DEVICE_INFO,修改 设备基本信息,WAN_CONFIG7_V6_PREFIX,WAN_CONFIG7_V6_PREFIX,WAN CONFIG7 V6 PREFIX,Device.DeviceInfo.WAN_CONFIG7_V6_PREFIX,STRING,READ_WRITE,设备信息参数管理,WAN口配置参数管理,更新,其他分组已有/不在设备信息范围，从设备信息组删除,南向WAN/路由/DNS/接口字段映射到标准WAN口配置参数管理
MOD DEVICE_INFO,修改 设备基本信息,WAN_CONFIG7_VLAN,WAN_CONFIG7_VLAN,WAN CONFIG7 VLAN,Device.DeviceInfo.WAN_CONFIG7_VLAN,STRING,READ_WRITE,设备信息参数管理,WAN口配置参数管理,更新,其他分组已有/不在设备信息范围，从设备信息组删除,南向WAN/路由/DNS/接口字段映射到标准WAN口配置参数管理
MOD DEVICE_INFO,修改 设备基本信息,WAN_CONFIG8_DEFAULTGW,WAN_CONFIG8_DEFAULTGW,WAN CONFIG8 DEFAULTGW,Device.DeviceInfo.WAN_CONFIG8_DEFAULTGW,STRING,READ_WRITE,设备信息参数管理,WAN口配置参数管理,更新,其他分组已有/不在设备信息范围，从设备信息组删除,南向WAN/路由/DNS/接口字段映射到标准WAN口配置参数管理
MOD DEVICE_INFO,修改 设备基本信息,WAN_CONFIG8_ENABLE,WAN_CONFIG8_ENABLE,WAN CONFIG8 ENABLE,Device.DeviceInfo.WAN_CONFIG8_ENABLE,STRING,READ_WRITE,设备信息参数管理,WAN口配置参数管理,更新,其他分组已有/不在设备信息范围，从设备信息组删除,南向WAN/路由/DNS/接口字段映射到标准WAN口配置参数管理
MOD DEVICE_INFO,修改 设备基本信息,WAN_CONFIG8_IPADDR,WAN_CONFIG8_IPADDR,WAN CONFIG8 IPADDR,Device.DeviceInfo.WAN_CONFIG8_IPADDR,STRING,READ_WRITE,设备信息参数管理,WAN口配置参数管理,更新,其他分组已有/不在设备信息范围，从设备信息组删除,南向WAN/路由/DNS/接口字段映射到标准WAN口配置参数管理
MOD DEVICE_INFO,修改 设备基本信息,WAN_CONFIG8_IPMODE,WAN_CONFIG8_IPMODE,WAN CONFIG8 IPMODE,Device.DeviceInfo.WAN_CONFIG8_IPMODE,STRING,READ_WRITE,设备信息参数管理,WAN口配置参数管理,更新,其他分组已有/不在设备信息范围，从设备信息组删除,南向WAN/路由/DNS/接口字段映射到标准WAN口配置参数管理
MOD DEVICE_INFO,修改 设备基本信息,WAN_CONFIG8_NETMASK,WAN_CONFIG8_NETMASK,WAN CONFIG8 NETMASK,Device.DeviceInfo.WAN_CONFIG8_NETMASK,STRING,READ_WRITE,设备信息参数管理,WAN口配置参数管理,更新,其他分组已有/不在设备信息范围，从设备信息组删除,南向WAN/路由/DNS/接口字段映射到标准WAN口配置参数管理
MOD DEVICE_INFO,修改 设备基本信息,WAN_CONFIG8_OPTION60,WAN_CONFIG8_OPTION60,WAN CONFIG8 OPTION60,Device.DeviceInfo.WAN_CONFIG8_OPTION60,STRING,READ_WRITE,设备信息参数管理,WAN口配置参数管理,更新,其他分组已有/不在设备信息范围，从设备信息组删除,南向WAN/路由/DNS/接口字段映射到标准WAN口配置参数管理
MOD DEVICE_INFO,修改 设备基本信息,WAN_CONFIG8_V6_GW,WAN_CONFIG8_V6_GW,WAN CONFIG8 V6 GW,Device.DeviceInfo.WAN_CONFIG8_V6_GW,STRING,READ_WRITE,设备信息参数管理,WAN口配置参数管理,更新,其他分组已有/不在设备信息范围，从设备信息组删除,南向WAN/路由/DNS/接口字段映射到标准WAN口配置参数管理
MOD DEVICE_INFO,修改 设备基本信息,WAN_CONFIG8_V6_IPADDR,WAN_CONFIG8_V6_IPADDR,WAN CONFIG8 V6 IPADDR,Device.DeviceInfo.WAN_CONFIG8_V6_IPADDR,STRING,READ_WRITE,设备信息参数管理,WAN口配置参数管理,更新,其他分组已有/不在设备信息范围，从设备信息组删除,南向WAN/路由/DNS/接口字段映射到标准WAN口配置参数管理
MOD DEVICE_INFO,修改 设备基本信息,WAN_CONFIG8_V6_PREFIX,WAN_CONFIG8_V6_PREFIX,WAN CONFIG8 V6 PREFIX,Device.DeviceInfo.WAN_CONFIG8_V6_PREFIX,STRING,READ_WRITE,设备信息参数管理,WAN口配置参数管理,更新,其他分组已有/不在设备信息范围，从设备信息组删除,南向WAN/路由/DNS/接口字段映射到标准WAN口配置参数管理
MOD DEVICE_INFO,修改 设备基本信息,WAN_CONFIG8_VLAN,WAN_CONFIG8_VLAN,WAN CONFIG8 VLAN,Device.DeviceInfo.WAN_CONFIG8_VLAN,STRING,READ_WRITE,设备信息参数管理,WAN口配置参数管理,更新,其他分组已有/不在设备信息范围，从设备信息组删除,南向WAN/路由/DNS/接口字段映射到标准WAN口配置参数管理
MOD DEVICE_INFO,修改 设备基本信息,WAN_CONFIG9_DEFAULTGW,WAN_CONFIG9_DEFAULTGW,WAN CONFIG9 DEFAULTGW,Device.DeviceInfo.WAN_CONFIG9_DEFAULTGW,STRING,READ_WRITE,设备信息参数管理,WAN口配置参数管理,更新,其他分组已有/不在设备信息范围，从设备信息组删除,南向WAN/路由/DNS/接口字段映射到标准WAN口配置参数管理
MOD DEVICE_INFO,修改 设备基本信息,WAN_CONFIG9_ENABLE,WAN_CONFIG9_ENABLE,WAN CONFIG9 ENABLE,Device.DeviceInfo.WAN_CONFIG9_ENABLE,STRING,READ_WRITE,设备信息参数管理,WAN口配置参数管理,更新,其他分组已有/不在设备信息范围，从设备信息组删除,南向WAN/路由/DNS/接口字段映射到标准WAN口配置参数管理
MOD DEVICE_INFO,修改 设备基本信息,WAN_CONFIG9_IPADDR,WAN_CONFIG9_IPADDR,WAN CONFIG9 IPADDR,Device.DeviceInfo.WAN_CONFIG9_IPADDR,STRING,READ_WRITE,设备信息参数管理,WAN口配置参数管理,更新,其他分组已有/不在设备信息范围，从设备信息组删除,南向WAN/路由/DNS/接口字段映射到标准WAN口配置参数管理
MOD DEVICE_INFO,修改 设备基本信息,WAN_CONFIG9_IPMODE,WAN_CONFIG9_IPMODE,WAN CONFIG9 IPMODE,Device.DeviceInfo.WAN_CONFIG9_IPMODE,STRING,READ_WRITE,设备信息参数管理,WAN口配置参数管理,更新,其他分组已有/不在设备信息范围，从设备信息组删除,南向WAN/路由/DNS/接口字段映射到标准WAN口配置参数管理
MOD DEVICE_INFO,修改 设备基本信息,WAN_CONFIG9_NETMASK,WAN_CONFIG9_NETMASK,WAN CONFIG9 NETMASK,Device.DeviceInfo.WAN_CONFIG9_NETMASK,STRING,READ_WRITE,设备信息参数管理,WAN口配置参数管理,更新,其他分组已有/不在设备信息范围，从设备信息组删除,南向WAN/路由/DNS/接口字段映射到标准WAN口配置参数管理
MOD DEVICE_INFO,修改 设备基本信息,WAN_CONFIG9_OPTION60,WAN_CONFIG9_OPTION60,WAN CONFIG9 OPTION60,Device.DeviceInfo.WAN_CONFIG9_OPTION60,STRING,READ_WRITE,设备信息参数管理,WAN口配置参数管理,更新,其他分组已有/不在设备信息范围，从设备信息组删除,南向WAN/路由/DNS/接口字段映射到标准WAN口配置参数管理
MOD DEVICE_INFO,修改 设备基本信息,WAN_CONFIG9_V6_GW,WAN_CONFIG9_V6_GW,WAN CONFIG9 V6 GW,Device.DeviceInfo.WAN_CONFIG9_V6_GW,STRING,READ_WRITE,设备信息参数管理,WAN口配置参数管理,更新,其他分组已有/不在设备信息范围，从设备信息组删除,南向WAN/路由/DNS/接口字段映射到标准WAN口配置参数管理
MOD DEVICE_INFO,修改 设备基本信息,WAN_CONFIG9_V6_IPADDR,WAN_CONFIG9_V6_IPADDR,WAN CONFIG9 V6 IPADDR,Device.DeviceInfo.WAN_CONFIG9_V6_IPADDR,STRING,READ_WRITE,设备信息参数管理,WAN口配置参数管理,更新,其他分组已有/不在设备信息范围，从设备信息组删除,南向WAN/路由/DNS/接口字段映射到标准WAN口配置参数管理
MOD DEVICE_INFO,修改 设备基本信息,WAN_CONFIG9_V6_PREFIX,WAN_CONFIG9_V6_PREFIX,WAN CONFIG9 V6 PREFIX,Device.DeviceInfo.WAN_CONFIG9_V6_PREFIX,STRING,READ_WRITE,设备信息参数管理,WAN口配置参数管理,更新,其他分组已有/不在设备信息范围，从设备信息组删除,南向WAN/路由/DNS/接口字段映射到标准WAN口配置参数管理
MOD DEVICE_INFO,修改 设备基本信息,WAN_CONFIG9_VLAN,WAN_CONFIG9_VLAN,WAN CONFIG9 VLAN,Device.DeviceInfo.WAN_CONFIG9_VLAN,STRING,READ_WRITE,设备信息参数管理,WAN口配置参数管理,更新,其他分组已有/不在设备信息范围，从设备信息组删除,南向WAN/路由/DNS/接口字段映射到标准WAN口配置参数管理
MOD DEVICE_INFO,修改 设备基本信息,WAN_LINK_SPEED,WAN_LINK_SPEED,Wan Link Speed,Device.DeviceInfo.WanLinkSpeed,STRING,READ_WRITE,设备信息参数管理,WAN口配置参数管理,更新,其他分组已有/不在设备信息范围，从设备信息组删除,南向WAN/路由/DNS/接口字段映射到标准WAN口配置参数管理
MOD DEVICE_INFO,修改 设备基本信息,X_COM_LTE_LBO_FIRST_STATIC_IP_ADDRESS,X_COM_LTE_LBO_FIRST_STATIC_IP_ADDRESS,X COM LTE LBO First Static Ip Address,Device.DeviceInfo.X_COM_LTE_LBO_First_Static_Ip_Address,STRING,READ_WRITE,设备信息参数管理,跳过,跳过,未匹配标准南向分组，按多余项不导入,未匹配标准南向分组，按多余项不导入
MOD DEVICE_INFO,修改 设备基本信息,X_COM_LTE_LBO_IMSI_IP_LIST,X_COM_LTE_LBO_IMSI_IP_LIST,X COM LTE LBO IMSI IP List,Device.DeviceInfo.X_COM_LTE_LBO_IMSI_IP_List,STRING,READ_WRITE,设备信息参数管理,跳过,跳过,未匹配标准南向分组，按多余项不导入,未匹配标准南向分组，按多余项不导入
MOD DEVICE_INFO,修改 设备基本信息,X_COM_LTE_LBO_IFNAME,X_COM_LTE_LBO_IFNAME,X COM LTE LBO Ifname,Device.DeviceInfo.X_COM_LTE_LBO_Ifname,STRING,READ_WRITE,设备信息参数管理,跳过,跳过,未匹配标准南向分组，按多余项不导入,未匹配标准南向分组，按多余项不导入
MOD DEVICE_INFO,修改 设备基本信息,X_COM_LTE_LBO_LAST_STATIC_IP_ADDRESS,X_COM_LTE_LBO_LAST_STATIC_IP_ADDRESS,X COM LTE LBO Last Static Ip Address,Device.DeviceInfo.X_COM_LTE_LBO_Last_Static_Ip_Address,STRING,READ_WRITE,设备信息参数管理,跳过,跳过,未匹配标准南向分组，按多余项不导入,未匹配标准南向分组，按多余项不导入
MOD DEVICE_INFO,修改 设备基本信息,X_COM_LTE_LBO_NET_MASK,X_COM_LTE_LBO_NET_MASK,X COM LTE LBO NET Mask,Device.DeviceInfo.X_COM_LTE_LBO_NET_Mask,STRING,READ_WRITE,设备信息参数管理,跳过,跳过,未匹配标准南向分组，按多余项不导入,未匹配标准南向分组，按多余项不导入
MOD DEVICE_INFO,修改 设备基本信息,X_COM_LTE_LBO_START_UE_ADDR,X_COM_LTE_LBO_START_UE_ADDR,X COM LTE LBO START UE Addr,Device.DeviceInfo.X_COM_LTE_LBO_START_UE_Addr,STRING,READ_WRITE,设备信息参数管理,小区服务参数管理（总体）,更新,其他分组已有/不在设备信息范围，从设备信息组删除,UE状态/接入字段映射到小区服务/接入管理
MOD DEVICE_INFO,修改 设备基本信息,X_COM_LTE_LBO_STATIC_IP_ADDR_SWITCH,X_COM_LTE_LBO_STATIC_IP_ADDR_SWITCH,X COM LTE LBO Static Ip Addr Switch,Device.DeviceInfo.X_COM_LTE_LBO_Static_Ip_Addr_Switch,STRING,READ_WRITE,设备信息参数管理,跳过,跳过,未匹配标准南向分组，按多余项不导入,未匹配标准南向分组，按多余项不导入
MOD DEVICE_INFO,修改 设备基本信息,X_COM_LTE_LBO_SWITCH,X_COM_LTE_LBO_SWITCH,X COM LTE LBO Switch,Device.DeviceInfo.X_COM_LTE_LBO_Switch,STRING,READ_WRITE,设备信息参数管理,跳过,跳过,未匹配标准南向分组，按多余项不导入,未匹配标准南向分组，按多余项不导入
MOD DEVICE_INFO,修改 设备基本信息,X_COM_LTE_LGW_FIRST_STATIC_IP_ADDRESS,X_COM_LTE_LGW_FIRST_STATIC_IP_ADDRESS,X COM LTE LGW First Static Ip Address,Device.DeviceInfo.X_COM_LTE_LGW_First_Static_Ip_Address,STRING,READ_WRITE,设备信息参数管理,跳过,跳过,未匹配标准南向分组，按多余项不导入,未匹配标准南向分组，按多余项不导入
MOD DEVICE_INFO,修改 设备基本信息,X_COM_LTE_LGW_IMSI_IP_LIST,X_COM_LTE_LGW_IMSI_IP_LIST,X COM LTE LGW IMSI IP List,Device.DeviceInfo.X_COM_LTE_LGW_IMSI_IP_List,STRING,READ_WRITE,设备信息参数管理,跳过,跳过,未匹配标准南向分组，按多余项不导入,未匹配标准南向分组，按多余项不导入
MOD DEVICE_INFO,修改 设备基本信息,X_COM_LTE_LGW_IFNAME,X_COM_LTE_LGW_IFNAME,X COM LTE LGW Ifname,Device.DeviceInfo.X_COM_LTE_LGW_Ifname,STRING,READ_WRITE,设备信息参数管理,跳过,跳过,未匹配标准南向分组，按多余项不导入,未匹配标准南向分组，按多余项不导入
MOD DEVICE_INFO,修改 设备基本信息,X_COM_LTE_LGW_LAST_STATIC_IP_ADDRESS,X_COM_LTE_LGW_LAST_STATIC_IP_ADDRESS,X COM LTE LGW Last Static Ip Address,Device.DeviceInfo.X_COM_LTE_LGW_Last_Static_Ip_Address,STRING,READ_WRITE,设备信息参数管理,跳过,跳过,未匹配标准南向分组，按多余项不导入,未匹配标准南向分组，按多余项不导入
MOD DEVICE_INFO,修改 设备基本信息,X_COM_LTE_LGW_NET_MASK,X_COM_LTE_LGW_NET_MASK,X COM LTE LGW NET Mask,Device.DeviceInfo.X_COM_LTE_LGW_NET_Mask,STRING,READ_WRITE,设备信息参数管理,跳过,跳过,未匹配标准南向分组，按多余项不导入,未匹配标准南向分组，按多余项不导入
MOD DEVICE_INFO,修改 设备基本信息,X_COM_LTE_LGW_START_UE_ADDR,X_COM_LTE_LGW_START_UE_ADDR,X COM LTE LGW START UE Addr,Device.DeviceInfo.X_COM_LTE_LGW_START_UE_Addr,STRING,READ_WRITE,设备信息参数管理,小区服务参数管理（总体）,更新,其他分组已有/不在设备信息范围，从设备信息组删除,UE状态/接入字段映射到小区服务/接入管理
MOD DEVICE_INFO,修改 设备基本信息,X_COM_LTE_LGW_STATIC_IP_ADDR_SWITCH,X_COM_LTE_LGW_STATIC_IP_ADDR_SWITCH,X COM LTE LGW Static Ip Addr Switch,Device.DeviceInfo.X_COM_LTE_LGW_Static_Ip_Addr_Switch,STRING,READ_WRITE,设备信息参数管理,跳过,跳过,未匹配标准南向分组，按多余项不导入,未匹配标准南向分组，按多余项不导入
MOD DEVICE_INFO,修改 设备基本信息,X_COM_LTE_LGW_SWITCH,X_COM_LTE_LGW_SWITCH,X COM LTE LGW Switch,Device.DeviceInfo.X_COM_LTE_LGW_Switch,BOOLEAN,READ_WRITE,设备信息参数管理,跳过,跳过,未匹配标准南向分组，按多余项不导入,未匹配标准南向分组，按多余项不导入
MOD DEVICE_INFO,修改 设备基本信息,X_COM_LTE_WAN_CHECK_ENABLE,X_COM_LTE_WAN_CHECK_ENABLE,X COM LTE WAN CHECK ENABLE,Device.DeviceInfo.X_COM_LTE_WAN_CHECK_ENABLE,STRING,READ_WRITE,设备信息参数管理,跳过,跳过,未匹配标准南向分组，按多余项不导入,未匹配标准南向分组，按多余项不导入
MOD DEVICE_INFO,修改 设备基本信息,X_COM_LTE_WAN_CHECK_TIMER_LEN,X_COM_LTE_WAN_CHECK_TIMER_LEN,X COM LTE WAN CHECK TIMER LEN,Device.DeviceInfo.X_COM_LTE_WAN_CHECK_TIMER_LEN,STRING,READ_WRITE,设备信息参数管理,跳过,跳过,未匹配标准南向分组，按多余项不导入,未匹配标准南向分组，按多余项不导入
MOD DEVICE_INFO,修改 设备基本信息,X_COM_LMT_ENABLE,X_COM_LMT_ENABLE,X COM Lmt Enable,Device.DeviceInfo.X_COM_LmtEnable,STRING,READ_WRITE,设备信息参数管理,跳过,跳过,未匹配标准南向分组，按多余项不导入,未匹配标准南向分组，按多余项不导入
MOD DEVICE_INFO,修改 设备基本信息,X_COM_OMC_ETH_CONFIG_MTU,X_COM_OMC_ETH_CONFIG_MTU,X COM OMC ETH CONFIG MTU,Device.DeviceInfo.X_COM_OMC_ETH_CONFIG_MTU,INT,READ_WRITE,设备信息参数管理,WAN口配置参数管理,更新,其他分组已有/不在设备信息范围，从设备信息组删除,南向WAN/路由/DNS/接口字段映射到标准WAN口配置参数管理
MOD DEVICE_INFO,修改 设备基本信息,X_COM_PTP1588DOMAIN_NUM,X_COM_PTP1588DOMAIN_NUM,X COM PTP1588Domain Num,Device.DeviceInfo.X_COM_PTP1588DomainNum,STRING,READ_WRITE,设备信息参数管理,时间服务器参数管理,更新,其他分组已有/不在设备信息范围，从设备信息组删除,南向1588/PTP同步字段映射到时间服务器参数管理
MOD DEVICE_INFO,修改 设备基本信息,X_COM_PTP1588INTERFACE,X_COM_PTP1588INTERFACE,X COM PTP1588Interface,Device.DeviceInfo.X_COM_PTP1588Interface,STRING,READ_WRITE,设备信息参数管理,时间服务器参数管理,更新,其他分组已有/不在设备信息范围，从设备信息组删除,南向1588/PTP同步字段映射到时间服务器参数管理
MOD DEVICE_INFO,修改 设备基本信息,X_COM_PTP1588PROFILE,X_COM_PTP1588PROFILE,X COM PTP1588Profile,Device.DeviceInfo.X_COM_PTP1588Profile,STRING,READ_WRITE,设备信息参数管理,时间服务器参数管理,更新,其他分组已有/不在设备信息范围，从设备信息组删除,南向1588/PTP同步字段映射到时间服务器参数管理
MOD DEVICE_INFO,修改 设备基本信息,X_COM_PTP1588TRANS_PORT,X_COM_PTP1588TRANS_PORT,X COM PTP1588TRANS PORT,Device.DeviceInfo.X_COM_PTP1588TRANS_PORT,STRING,READ_WRITE,设备信息参数管理,时间服务器参数管理,更新,其他分组已有/不在设备信息范围，从设备信息组删除,南向1588/PTP同步字段映射到时间服务器参数管理
MOD DEVICE_INFO,修改 设备基本信息,X_COM_PTP1588TRIGGER,X_COM_PTP1588TRIGGER,X COM PTP1588Trigger,Device.DeviceInfo.X_COM_PTP1588Trigger,STRING,READ_WRITE,设备信息参数管理,时间服务器参数管理,更新,其他分组已有/不在设备信息范围，从设备信息组删除,南向1588/PTP同步字段映射到时间服务器参数管理
MOD DEVICE_INFO,修改 设备基本信息,X_COM_PTP1588UNICAST_ADDR,X_COM_PTP1588UNICAST_ADDR,X COM PTP1588Unicast Addr,Device.DeviceInfo.X_COM_PTP1588UnicastAddr,STRING,READ_WRITE,设备信息参数管理,时间服务器参数管理,更新,其他分组已有/不在设备信息范围，从设备信息组删除,南向1588/PTP同步字段映射到时间服务器参数管理
MOD DEVICE_INFO,修改 设备基本信息,X_COM_PTP1588SYNCS_MODE,X_COM_PTP1588SYNCS_MODE,X COM PTP1588syncs Mode,Device.DeviceInfo.X_COM_PTP1588syncsMode,STRING,READ_WRITE,设备信息参数管理,时间服务器参数管理,更新,其他分组已有/不在设备信息范围，从设备信息组删除,南向1588/PTP同步字段映射到时间服务器参数管理
MOD DEVICE_INFO,修改 设备基本信息,X_COM_SCTP_CONFIG_MTU,X_COM_SCTP_CONFIG_MTU,X COM SCTP CONFIG MTU,Device.DeviceInfo.X_COM_SCTP_CONFIG_MTU,INT,READ_WRITE,设备信息参数管理,WAN口配置参数管理,更新,其他分组已有/不在设备信息范围，从设备信息组删除,南向WAN/路由/DNS/接口字段映射到标准WAN口配置参数管理
MOD DEVICE_INFO,修改 设备基本信息,X_COM_TOGGLE_SWITCH,X_COM_TOGGLE_SWITCH,X COM Toggle Switch,Device.DeviceInfo.X_COM_Toggle_Switch,STRING,READ_WRITE,设备信息参数管理,跳过,跳过,未匹配标准南向分组，按多余项不导入,未匹配标准南向分组，按多余项不导入
MOD DEVICE_INFO,修改 设备基本信息,CBSD_CATEGORY,CBSD_CATEGORY,cbsd Category,Device.DeviceInfo.cbsdCategory,STRING,READ_WRITE,设备信息参数管理,跳过,跳过,SAS/CBRS/频谱字段未出现在两份中国移动标准南向规范，按多余项不导入,SAS/CBRS/频谱字段未出现在两份中国移动标准南向规范，按多余项不导入
MOD DEVICE_INFO,修改 设备基本信息,HIGH_FREQUENCY,HIGH_FREQUENCY,high Frequency,Device.DeviceInfo.highFrequency,STRING,READ_WRITE,设备信息参数管理,跳过,跳过,SAS/CBRS/频谱字段未出现在两份中国移动标准南向规范，按多余项不导入,SAS/CBRS/频谱字段未出现在两份中国移动标准南向规范，按多余项不导入
MOD DEVICE_INFO,修改 设备基本信息,I_FORCED_SYNC_CONTROL_SWITCH,I_FORCED_SYNC_CONTROL_SWITCH,i Forced Sync Control Switch,Device.DeviceInfo.iForcedSyncControlSwitch,U_INT,READ_WRITE,设备信息参数管理,时间服务器参数管理,更新,其他分组已有/不在设备信息范围，从设备信息组删除,南向1588/PTP同步字段映射到时间服务器参数管理
MOD DEVICE_INFO,修改 设备基本信息,INDOOR_DEPLOYMENT,INDOOR_DEPLOYMENT,indoor Deployment,Device.DeviceInfo.indoorDeployment,INT,READ_WRITE,设备信息参数管理,跳过,跳过,未匹配标准南向分组，按多余项不导入,未匹配标准南向分组，按多余项不导入
MOD DEVICE_INFO,修改 设备基本信息,LOW_FREQUENCY,LOW_FREQUENCY,low Frequency,Device.DeviceInfo.lowFrequency,STRING,READ_WRITE,设备信息参数管理,跳过,跳过,SAS/CBRS/频谱字段未出现在两份中国移动标准南向规范，按多余项不导入,SAS/CBRS/频谱字段未出现在两份中国移动标准南向规范，按多余项不导入
MOD DEVICE_INFO,修改 设备基本信息,UE_COUNT,UE_COUNT,Ue Count,Device.DeviceInfo.{i}.UE_Count,INT,READ_ONLY,设备信息参数管理,小区服务参数管理（总体）,更新,其他分组已有/不在设备信息范围，从设备信息组删除,UE状态/接入字段映射到小区服务/接入管理
